:020000041004E6
:1000000000000120A96A0510C96A0510CB6A051015
:1000100000000000000000000000000000000000E0
:10002000000000000000000000000000CD6A051084
:100030000000000000000000CF6A0510D16A051022
:100040002B5A04107F7604100F7904108F7D041052
:10005000000000000000000000000000877F041086
:10006000D96A0510478004107B8004108781041032
:10007000BF8B0410F56A051000000000276B051007
:10008000356B0510139304100F6B05100000000072
:10009000076B0510000000001F6B0510FF6A0510BC
:1000A000C3930410176B0510239A04107B9A041055
:1000B00067A2041000000000000000000000000023
:1000C0004C090020D62100000600010200001E009D
:1000D000F7000000FFFFFFFF6400021008020000AD
:1000E000F70001000001010202020200000100030A
:1000F000000400004572726F7220696E20424C4508
:100100005F535441434B5F496E697428292030780E
:10011000253032780D0A000020204661696C2020CD
:10012000203A206163695F68616C5F7365745F7416
:10013000785F706F7765725F6C6576656C20636F52
:100140006D6D616E642C20726573756C743A20302D
:1001500078253032580A0000202053756363657398
:10016000733A206163695F68616C5F7365745F7483
:10017000785F706F7765725F6C6576656C20636F12
:100180006D6D616E640A000020204661696C20205C
:10019000203A206163695F676174745F7372765F90
:1001A00070726F66696C655F696E697420636F6DEC
:1001B0006D616E642C20726573756C743A203078B2
:1001C000253032580A0000002020537563636573A0
:1001D000733A206163695F676174745F7372765FFD
:1001E00070726F66696C655F696E697420636F6DAC
:1001F0006D616E640A00000020204661696C202059
:10020000203A206163695F6761705F696E6974207D
:10021000636F6D6D616E642C20726573756C743ADA
:10022000203078253032580A000000002020537515
:1002300063636573733A206163695F6761705F69C7
:100240006E697420636F6D6D616E640A000000005A
:1002500020205374617469632052616E646F6D2055
:10026000426C7565746F6F74682041646472657365
:10027000733A20253032783A253032783A253032B8
:10028000783A253032783A253032783A253032784B
:100290000A00000020204661696C2020203A204797
:1002A00061705F70726F66696C655F7365745F64BF
:1002B00065765F6E616D65202D20446576696365A6
:1002C000204E616D652C20726573756C743A203018
:1002D00078253032580A0000202053756363657317
:1002E000733A204761705F70726F66696C655F7307
:1002F00065745F6465765F6E616D65202D20446571
:1003000076696365204E616D650A000020204661B4
:10031000696C2020203A204761705F70726F6669B7
:100320006C655F7365745F617070656172616E6347
:1003300065202D20417070656172616E63652C20AF
:10034000726573756C743A203078253032580A0023
:100350002020537563636573733A204761705F7043
:10036000726F66696C655F7365745F6170706561FB
:1003700072616E6365202D20417070656172616EDF
:1003800063650A0020204661696C2020203A2061C4
:1003900063695F6761705F7365745F696F5F6361F5
:1003A000706162696C69747920636F6D6D616E64F0
:1003B0002C20726573756C743A2030782530325871
:1003C0000A0000002020537563636573733A20614F
:1003D00063695F6761705F7365745F696F5F6361B5
:1003E000706162696C69747920636F6D6D616E64B0
:1003F0000A00000020204661696C2020203A20611C
:1004000063695F6761705F7365745F73656375725D
:100410006974795F726571756972656D656E747303
:1004200020636F6D6D616E642C20726573756C74E2
:100430003A203078253032580A00000020205375C9
:1004400063636573733A206163695F6761705F73AB
:1004500065745F73656375726974795F72657175D0
:100460006972656D656E747320636F6D6D616E6426
:100470000A00000020204661696C2020203A20619B
:1004800063695F6761705F636F6E666967757265E8
:100490005F66696C7465725F6163636570745F61E8
:1004A0006E645F7265736F6C76696E675F6C69739B
:1004B0007420636F6D6D616E642C20726573756C52
:1004C000743A203078253032580A000020205375C5
:1004D00063636573733A206163695F6761705F632B
:1004E0006F6E6669677572655F66696C7465725F69
:1004F0006163636570745F616E645F7265736F6C76
:1005000076696E675F6C69737420636F6D6D616E81
:10051000640A0000536572766963657320616E64D6
:10052000204368617261637465726973746963738F
:10053000206372656174696F6E0A0000456E642005
:100540006F6620536572766963657320616E6420FF
:10055000436861726163746572697374696373205F
:100560006372656174696F6E0A0000002020466145
:10057000696C2020203A206163695F68616C5F7359
:1005800065745F726164696F5F61637469766974D1
:10059000795F6D61736B20636F6D6D616E642C208C
:1005A000726573756C743A2030782532580A0000F1
:1005B0002020537563636573733A206163695F68D4
:1005C000616C5F7365745F726164696F5F616374AE
:1005D00069766974795F6D61736B20636F6D6D61AE
:1005E0006E640A0D000000003E3E3D3D2048434938
:1005F0005F444953434F4E4E454354494F4E5F432A
:100600004F4D504C4554455F4556545F434F44450C
:100610000A00000020202020202D20436F6E6E65F0
:100620006374696F6E2048616E646C653A202020A7
:100630003078253032580A20202020202D20526585
:1006400061736F6E3A202020203078253032580AAE
:10065000000000003E3E3D3D204843495F4C455F61
:10066000434F4E4E454354494F4E5F5550444154BD
:10067000455F434F4D504C4554455F535542455699
:10068000545F434F44450A0020202020202D204362
:100690006F6E6E656374696F6E20496E74657276F5
:1006A000616C3A20202025642E25303264206D7341
:1006B0000A20202020202D20436F6E6E6563746910
:1006C0006F6E206C6174656E63793A20202020255E
:1006D000640A20202020202D2053757065727669D1
:1006E00073696F6E2054696D656F75743A202020B0
:1006F0002564206D730A00003E3E3D3D2041434984
:100700005F4741505F50524F435F434F4D504C4500
:1007100054455F56534556545F434F44450A0000C5
:100720003E3E3D3D204143495F4741505F4B455967
:1007300050524553535F4E4F5449464943415449E3
:100740004F4E5F56534556545F434F44450A000091
:100750003E3E3D3D204143495F4741505F5041533C
:10076000534B45595F5245515F56534556545F436D
:100770004F44450A000000003D3D3E3E2061636954
:100780005F6761705F706173736B65795F726573CA
:1007900070203A204661696C2C20726561736F6E1F
:1007A0003A203078253032580A0000003D3D3E3E68
:1007B000206163695F6761705F706173736B6579F6
:1007C0005F72657370203A20537563636573730AB3
:1007D000000000003E3E3D3D204143495F474150FF
:1007E0005F4E554D455249435F434F4D504152492D
:1007F000534F4E5F56414C55455F56534556545FD7
:10080000434F44450A0000003D3D3E3E2061636980
:100810005F6761705F6E756D657269635F636F6D51
:1008200070617269736F6E5F76616C75655F636F1F
:100830006E6669726D5F7965736E6F203A204661EE
:10084000696C2C20726561736F6E3A2030782530A8
:1008500032580A003D3D3E3E206163695F6761702A
:100860005F6E756D657269635F636F6D70617269EC
:10087000736F6E5F76616C75655F636F6E666972CC
:100880006D5F7965736E6F203A205375636365738E
:10089000730A00003E3E3D3D204143495F474150C1
:1008A0005F50414952494E475F434F4D504C45546C
:1008B000455F56534556545F434F44450A00000078
:1008C00020202020202D2050616972696E67204B06
:1008D0004F0A20202020202D205374617475733A14
:1008E000203078253032580A20202020202D205218
:1008F0006561736F6E3A203078253032580A0000F7
:100900003E3E3D3D204143495F474154545F535271
:10091000565F524541445F56534556545F434F44DA
:10092000450A00003D3D3E3E20636F6E6E65637478
:10093000696F6E5F636F6D706C6574655F6576651A
:100940006E74204661696C2C205374617475733A1F
:10095000203078253032580A000000003E3E3D3DF0
:10096000206863695F6C655F636F6E6E6563746951
:100970006F6E5F636F6D706C6574655F6576656ED5
:1009800074202D20436F6E6E656374696F6E2068EE
:10099000616E646C653A203078253034580A000066
:1009A00020202020202D20436F6E6E656374696FB8
:1009B0006E2065737461626C697368656420776921
:1009C000746820403A253032783A253032783A251A
:1009D0003032783A253032783A253032783A25303C
:1009E00032780A0020202020202D20436F6E6E6573
:1009F0006374696F6E20496E74657276616C3A201B
:100A0000202025642E25303264206D730A2020209A
:100A100020202D20436F6E6E656374696F6E206CAD
:100A20006174656E63793A2020202025640A2020B5
:100A30002020202D205375706572766973696F6E62
:100A40002054696D656F75743A202564206D730AB2
:100A5000000000006163695F6761705F7465726DBB
:100A6000696E617465206661696C7572653A2072A1
:100A70006561736F6E3D3078253032580A00000092
:100A80003D3D3E3E206163695F6761705F746572E2
:100A90006D696E617465203A205375636365737385
:100AA0000A0000006163695F676174745F636C745E
:100AB0005F65786368616E67655F636F6E666967BF
:100AC000206661696C7572653A20726561736F6E3C
:100AD0003D3078253032580A000000003D3D3E3E52
:100AE000206163695F676174745F636C745F6578CC
:100AF0006368616E67655F636F6E666967203A2041
:100B0000537563636573730A000000003D3D3E3E0C
:100B1000206163695F6761705F7365745F616476AC
:100B20006572746973696E675F636F6E6669677516
:100B3000726174696F6E202D206661696C2C207261
:100B40006573756C743A203078253032580A00008D
:100B50003D3D3E3E20537563636573733A20616388
:100B6000695F6761705F7365745F616476657274F5
:100B70006973696E675F636F6E66696775726174CA
:100B8000696F6E0A000000003D3D3E3E20616369D2
:100B90005F6761705F7365745F61647665727469C5
:100BA00073696E675F64617461204661696C656436
:100BB0002C20726573756C743A2030782530325869
:100BC0000A0000003D3D3E3E20537563636573732C
:100BD0003A206163695F6761705F7365745F616428
:100BE000766572746973696E675F646174610A0027
:100BF0003D3D3E3E206163695F6761705F73657470
:100C00005F6164766572746973696E675F656E6152
:100C1000626C65204661696C65642C207265737531
:100C20006C743A203078253032580A003D3D3E3E03
:100C300020537563636573733A206163695F67610D
:100C4000705F7365745F6164766572746973696EF1
:100C5000675F656E61626C650A00000044697361DC
:100C6000626C65206164766572746973696E672071
:100C70002D206661696C2C20726573756C743A2046
:100C80003078253032580A003D3D3E3E204469739D
:100C900061626C65206164766572746973696E6700
:100CA000202D20537563636573730A006163695F68
:100CB0006C326361705F636F6E6E656374696F6ED3
:100CC0005F706172616D657465725F757064617487
:100CD000655F726571202D206661696C2C207265DC
:100CE00073756C743A203078253032580A00000051
:100CF0003D3D3E3E206163695F6C326361705F63BE
:100D00006F6E6E656374696F6E5F706172616D6541
:100D10007465725F7570646174655F726571202DB2
:100D200020537563636573730A0000005065726930
:100D30007068207365637572697479207265717566
:100D400065737420636D64206661696C7572653AC1
:100D5000203078253032580A000000005065726952
:100D60007068207365637572697479207265717536
:100D700065737420636D6420737563636573730AB0
:100D8000000000003D3D3E3E206163695F67617089
:100D90005F636C6561725F73656375726974795FB7
:100DA0006462202D204661696C2C20726573756C1D
:100DB000743A203078253032580A00003D3D3E3EDE
:100DC000206163695F6761705F636C6561725F7307
:100DD000656375726974795F6462202D2053756351
:100DE000636573730A000000000000000200000049
:100DF000300000200000000008000000C0010020BA
:100E000000000000010000005E040020010000005E
:100E10000100000040090020000000000100000067
:100E20004109002000000000020000005C040020D6
:100E30000000FFFF0000000004000000300E04105E
:100E4000000000000200000032000020000000004E
:100E50000100000026BD0410010000000100000098
:100E60004209002020000000FB349B5F80000080CE
:100E700000100000052A0000100000000100000022
:100E800008030020340E04100A000000FB349B5FAE
:100E90008000008000100000292B000010000000DE
:100EA0000000000000000000400E041002000000DE
:100EB000FB349B5F80000080001000002A2B0000A4
:100EC0001000000000000000000000000000000012
:100ED00002000000FB349B5F8000008000100000D7
:100EE0003A2B00001000000000000000000000008D
:100EF0004C0E041096C298D84539A1F4A033EB2DBE
:100F0000817D0377F240A463E5E6BCF847422CE11B
:100F1000F2D1176BF551BF376840B6CBCE5E316B5F
:100F20005733CE2B169E0F7C4AEBE78E9B7F1AFE23
:100F3000E242E34F00F00B1000080000AA0200009C
:100F400000F80B10F80701000000000096C298D8C6
:100F50004539A1F4A033EB2D817D0377F240A463E2
:100F6000E5E6BCF847422CE1F2D1176BF551BF37EB
:100F70006840B6CBCE5E316B5733CE2B169E0F7CBE
:100F80004AEBE78E9B7F1AFEE242E34F2D2D20476E
:100F9000415454203A204C454420434F4E46494743
:100FA00055524154494F4E205245434549564544B8
:100FB0000A00000020204661696C2020203A206150
:100FC00063695F676174745F636F6E6669726D5F9A
:100FD000696E6469636174696F6E20636F6D6D61C2
:100FE0006E642C20726573756C743A2030782578A5
:100FF000200A00002020537563636573733A2061F3
:1010000063695F676174745F636F6E6669726D5F59
:10101000696E6469636174696F6E20636F6D6D6181
:101020006E640A0020204661696C2020203A20610D
:1010300063695F676174745F7372765F6164645F34
:101040007365727669636520636F6D6D616E643A76
:101050002053657269616C506F72745F736572764C
:1010600065722C206572726F7220636F64653A201E
:1010700030782578200A000020205375636365735B
:10108000733A206163695F676174745F7372765F3E
:101090006164645F7365727669636520636F6D6D0B
:1010A000616E643A2053657269616C506F72745F4F
:1010B000736572766572200A000000002020466188
:1010C000696C207265676973746572696E67205315
:1010D000657269616C506F72745F73657276657268
:1010E0002068616E646C6572730A00001010000065
:1010F000669A0C200008969EE2119EB1E1F273D927
:1011000080000000010000005003002000000000EB
:101110000C100000669A0C200008969EE2119EB109
:10112000E2F273D98000000000000000000000001F
:1011300000000000669A0C200008969EE2119EB105
:10114000E0F273D980000000010000000000000000
:101150000000000002000000EC1004102020466196
:10116000696C2020203A206163695F676174745F55
:101170007372765F6E6F7469667920545820636F5E
:101180006D6D616E642C206572726F7220636F6486
:10119000653A2030782532580A0000002020537527
:1011A00063636573733A206163695F676174745F39
:1011B0007372765F6E6F7469667920545820636F1E
:1011C0006D6D616E640A0000010000000100000006
:1011D000460900202D2D2053455249414C20504FA7
:1011E0005254204150504C49434154494F4E205392
:1011F0004552564552203A204E4F544946494341A4
:1012000054494F4E20454E41424C45440A0000008F
:101210002D2D2053455249414C20504F52542041CE
:1012200050504C49434154494F4E20534552564526
:1012300052203A204E4F54494649434154494F4E5B
:101240002044495341424C45440A0000686A6C748A
:101250007A4C00007072696E74665F733A20256E76
:1012600020646973616C6C6F776564007072696E7D
:1012700074663A2062616420256E20617267756D24
:10128000656E74007072696E74665F733A20626195
:101290006420257320617267756D656E74000000AF
:1012A000000000006E616E004E414E00696E6600E7
:1012B000494E460030002E00FB349B5F80000080CA
:1012C00000100000292B000010000000FB349B5F81
:1012D0008000008000100000052A000010000000BF
:1012E00002000000030000000300000006000000F0
:1012F00003000000030000003C000000700000003C
:1013000070000000D003000070000000C301000066
:10131000516C0510CFA80410F7AA0410D3AD041027
:10132000EFAC0410F5230410E5BC05107F25041074
:10133000872504108F250410972504109F2504107D
:10134000E57105104F2504103F25041057250410A2
:10135000CFB404100FA70410B1240410B924041052
:10136000A124041005BA0510A924041003000000EC
:10137000B5C9051029000000F5C905103F0000009F
:10138000DBC90510D170051039BF051095BD0510DA
:1013900039C105104BC305104BC3051061C40510BE
:1013A00039C105103BC605103BC605103BC60510EC
:1013B0003DC005104FBD051013BD051061C40510DB
:1013C000052404100D24041041CA051049CA051053
:1013D00045CA0510252404102D24041035240410BA
:1013E0003D240410ADC905104D24041055240410EB
:1013F0005D24041045240410CFC90510D7C9051079
:1014000009CA0510B1C90510D3C905104DCA051088
:101410008FCA051079A70510000000009DCA0510AD
:101420004DA6051029B9051081CF0510F1AD0510A5
:1014300025CF0510F9CF0510C7CA0510F0B595B036
:10144000062104A800F0D4FD062069460873002098
:10145000C881934C08A82100342200F0D1FD08A8CF
:1014600000F004FE010005D02000343000F034FE0E
:1014700000F0EFFE1821002000F0F0FE002805D05B
:1014800001002000583000F027FE03E020009830D3
:1014900000F022FE07A9891C012000F0E3FE0028CD
:1014A00005D001002000C83000F016FE04E08420C2
:1014B0004000201800F010FE0121002000F006FF7F
:1014C000002806D001009C204000201800F004FEF7
:1014D00004E0B6204000201800F0FEFD06A80090B1
:1014E00006AB9B1C07AA0021012000F0F7FE04AA0E
:1014F00003A9802000F07AFF04A8017802914178C6
:10150000019181780091C37802794179C820400027
:10151000201800F0E1FD00BF62A21221002000F0BF
:1015200012FF002806D00100EA204000201800F039
:10153000D3FD04E086208000201800F0CDFD03AA32
:10154000921C0221002000F004FF002806D00100B8
:1015500093208000201800F0BFFD04E0A42080004C
:10156000201800F0B9FD012501209E49087001F006
:101570001EF8002806D00100B1208000201800F0DD
:10158000ABFD04E0C1208000201800F0A5FD002084
:101590000090944948700820C870102008718D7020
:1015A000009E914DA85DA9194978092922D0FF29EB
:1015B0003CD13021AA1991700099D170022111718A
:1015C0008D2151718B2191710099D1710099117206
:1015D0000099517204A94A79AB199A720A79DA72A0
:1015E000CA781A738A785A734A789A730978AA194A
:1015F000D1731BE0311869180A78582A16D14A1E8F
:101600001378582B12D16B461B7C1B096F463F7C0D
:101610003F073F0F092B01DD373300E030331370F4
:10162000092F01DD373700E030370F703618761C90
:10163000B6B21E2EB6DB00200290102001900820CA
:101640000090002301220021012000F0B4FF0028B7
:1016500006D00100CD208000201800F03DFD04E000
:10166000DF208000201800F037FD5E4880780028D9
:101670000FD0012000F0EAFF002806D00100ED2085
:101680008000201800F028FD03E05848201800F0E2
:1016900023FD00BF08A000F01FFD15B0F0BD000045
:1016A000C000041053657269616C20506F72742021
:1016B00053657276657200003D3D3E3E20456E6486
:1016C00020424C455F496E69742066756E6374698B
:1016D0006F6E0A0080B50121012020E080B5012055
:1016E00000F0C4FF00F0C5FF012000F0C0FF01BD05
:1016F00080B501F08BF801BD80B5002102200EE01D
:1017000080B502F0A6F901BD80B5FFF7F5FF01BD78
:1017100080B502F0D1F9FFF7EFFF0121042002F0BC
:1017200093FA01BD80B502F0F1FA01BD80B5FFF773
:10173000D1FF01BDF8B52E4A0021012002F077FA51
:101740002C4A0021022002F072FA2B4A00210420C8
:1017500002F06DFA02F0DEFA02F066FB0021C943E6
:10176000884201D100F075FDFFF768FE00261D4C90
:10177000A6732248A08122A7380000F0ADFC214DBD
:10178000280000F0A9FC02F0A4FB2800283000F09B
:10179000A3FC380000F0A0FC062002F0EDFB0100E5
:1017A00004D02800583000F097FC03E028009C305B
:1017B00000F092FC012000F0CDFA134A00218020B5
:1017C00002F035FA114A00218020400002F02FFA81
:1017D0000F48A0610F492000103001F0BFF9282008
:1017E0002654F1BD28080020940100200C040000BC
:1017F000DD160410F116041001170410FFFF00009D
:101800000A00000014050410EB1E0410051F04104C
:10181000D91E041060EA0000F8B584B005002878ED
:10182000042802D0822802D0B3E1EF1C00E02F1D73
:101830006978B94EB94C052908D0102900D199E131
:101840003E2932D0FF2900D1F4E09FE1287969795F
:101850000906090C0843B189884210D1CE48B081ED
:101860000020B073200000F037FC29796879000669
:10187000000C0143AA7920002C3000F02DFC00F070
:1018800020FBC6480121017029796A791206120CE1
:101890001143418002F011FB012000F05BFAC049C6
:1018A0003000103001F05AF973E1E978012900D1D4
:1018B0009EE0032906D00A2900D18AE00C2900D134
:1018C00083E0B5E020006C3000F006FCE879297A6E
:1018D0000906090C084302F057FB0022B14B02F045
:1018E0006DFB002280235B0302F02AFCE879297A51
:1018F00021D80906090C0843EE79297A0906090C52
:101900000E4302F041FB0022A64B02F057FB009071
:101910000191300002F038FB0022A24B02F04EFB96
:1019200002F036FC02F040FB02000B000098019927
:1019300002F0BAFC1EE00906090C0843EE79297A88
:101940000906090C0E4302F01FFB0022954B02F022
:1019500035FB02F01DFC02F027FB009001913000E6
:1019600002F012FB0022904B02F028FB009A019B30
:1019700002F037FC00228D4B02F020FB02F008FC45
:10198000EA7A297B0906090C0A436B7AA97A0906C7
:10199000090C0B43E9792E7A3606360C31430A25B9
:1019A0005543009506001D00080002F0EDFA0022E4
:1019B0007C4B02F003FB02F0EBFB01002B0032003A
:1019C0002000A03000F088FBE3E0012002F04CF999
:1019D000DFE0E87F6D1CE97F6D1E0906090C0843F6
:1019E0006A7FA97F0906090C0A43EB7E297F0BE079
:1019F000E87C297D0906090C08436A7CA97C090654
:101A0000090C0A43EB7B297C0906090C0B43697915
:101A1000AC792406240C2143039002920193280000
:101A2000093000902B7AEA79287900F013F9B0E0B8
:101A30005FA0ACE0387879780906090C0843001FEC
:101A400014D0BF49401A4FD0401E17D0401F0AD0B3
:101A5000801E25D0401E0ED0C91F401A0AD0233147
:101A6000401A5DD07FE0882040003BE0300010301D
:101A700001F097F88DE09C20400033E0B420400056
:101A8000201800F029FBAF49B08900F0A6FD00281E
:101A900003D00100C820400020E0E220400021E007
:101AA000F6204000201800F017FB381D02F082FCE1
:101AB000010000BF45A000F00FFB381D02F07AFCCA
:101AC000010000BF48A000F007FB0121B08900F031
:101AD00088FD002804D0010088208000201856E0EE
:101AE0009B208000201813E0AB208000201800F01D
:101AF000F3FA3979002906D07A79B62080002018C7
:101B000000F0EAFA03E000BF3DA000F0E5FA8EA085
:101B100000F0E2FA3DE000BF28080020E8050410CC
:101B2000C6208000201800F0D7FAB979F8790006AD
:101B3000000C014338A000F0CFFABA79F87900061A
:101B4000000C0243397978790006000C0143B8781B
:101B5000FB781B061B0C18430023019300930823FA
:101B600000F060FD15E0397878780006000C01433C
:101B70002DA00CE0E87804280BDABFF34F8F7348F0
:101B800073490860BFF34F8F00BFFDE72CA000F042
:101B9000A3FA05B0F0BD0000FFFF00000C09002013
:101BA00060EA00000000F43F0000F4BF000059406C
:101BB0004843495F4C455F4D4554415F4556543A53
:101BC000203078253032580A0000000020202020E4
:101BD000202D206E756D657269635F76616C756529
:101BE000203D2025640A000020202020202D2048B0
:101BF00065785F76616C7565203D2025780A000068
:101C000020202020202D2050616972696E672053AA
:101C10007563636573730A0048616E646C65203098
:101C200078253034580A00004843495F56454E44F1
:101C30004F525F4556543A203078253034580A00C8
:101C40004843495F4556454E543A20307825303256
:101C5000580A0000F8B588B0B44C0026020005D040
:101C60000100A64800F038FAA67367E00F9F0E9DAA
:101C700068468181A24800F02FFA2878029068789F
:101C80000190A8780090EB782A796979A84800F04B
:101C900023FA380002F078F906AA03C206A80CC895
:101CA0000020A44902F08AF96A4603C2684603C8C4
:101CB00002F06EFA050002F077F904AA03C2684642
:101CC00003C8002280235B0302F03AFA06D8684674
:101CD00003C804AA0CCA02F0E7FA0AE006A803C87F
:101CE0009C4B02F06BF902000B0004A803C802F041
:101CF00078FA0022A64B02F061F902F049FA0200DC
:101D00001198109B0A21414300912900A64800F038
:101D1000E3F9A07B012801D1032000E00220A07399
:101D200068468089A081A1480670694689894180FA
:101D300002F0C3F82000103000F033FF09B0F0BD0E
:101D4000FD03000007B201000A0000000400FA05CC
:101D50000CED00E0F1B58EB080200B90A027954CE3
:101D60000020724D0EAA1278052A4AD801A39B5C66
:101D70009F4400BF0A06188E2E6E04264AE0C82033
:101D8000C0000B90FA273F01052643E00026002201
:101D90000021002002F019FB010000D187E0822021
:101DA00019E0C827BF000B970026FA214900282216
:101DB000AA5C002A11D028270B97E85589B2009118
:101DC000B3B23A000B9989B2A88900F038FC002818
:101DD00070D001009620800062E001202822A854E3
:101DE000ECE71321A88900F0DEFB002802D00100F7
:101DF000200056E020002C3000F06EF900F066F86C
:101E00005DE00EA80078012804D9801EBFD0801E96
:101E1000D4D054E006210CA800F0EAF800200A9083
:101E200009900120089000200790012006900020D2
:101E300005900490039002900720019000970B9B5F
:101E400013220221002002F0C4FA002805D001006C
:101E50002000B83000F040F904E0AE732000FC3000
:101E600000F03AF9544B1E220321002002F0E6FA5A
:101E7000002806D001009A204000201800F02CF91C
:101E800004E0B8204000201800F026F90CAA012137
:101E9000012002F09AFA002806D00100CE2040006E
:101EA000201800F019F90AE0EC20400004E0AE73BD
:101EB0008D2000E0A7208000201800F00DF90FB061
:101EC000F0BD80B5012001F0CFFE01BD80B501203D
:101ED00001F0D4FE01BD000080B500BF3AA000F0C3
:101EE000FBF800218020FFF71AFC80B50220FFF7E5
:101EF00031FF00202E49887301BD00002409041021
:101F00005C09041080B5002202210848808900F095
:101F100060FB0100294802D000F0DEF802E030301A
:101F200000F0DAF8FFF7D6FB01BD0000280800201A
:101F3000A00904100000F43F10B51D4CA07B002840
:101F400007D10120FFF706FF1D492000103000F0E7
:101F500005FE10BD0000F4BF80B51548807B022847
:101F60000ED000F042FB174A002804D001001000F8
:101F700000F0B2F801BD1000383000F0ADF801BD3E
:101F800015A000F0A9F8002180204000FFF7C7FB52
:101F9000000059400648807B022800D0704780B579
:101FA0000420FFF7D7FE01BDE40904100C0900204E
:101FB00028080020540A0410940100202C0D04105D
:101FC00060EA0000840D04104164765F43616E6333
:101FD000656C5F5265710A002A2A50455249504883
:101FE00020534543555249545920524551200A0027
:101FF000002200BF094202D0491E4254FCD1704762
:1020000070B4103A03D378C9103A78C0FBD25307A2
:1020100001D318C918C001D508C908C0D20704D314
:102020000B880380891C801C002A01D50B78037063
:1020300070BC70478B0701D18307E1D0124205D0F5
:102040000B78491C0370401C521EF9D170470100E7
:1020500020000900010026000F00010029000500F2
:1020600001002F001000010049001000B0B5054626
:10207000C07A1224802829D8298C172926D31448FD
:10208000821D914222D8298A17291FD381421DD847
:10209000A87E00281AD002F0D5F9002808D0E87EE2
:1020A000002813D0802811D8287F401E0E280DD874
:1020B00008483422294602F0C7F902F031FA002814
:1020C00003D402F0A5FC002400E087242046B0BD24
:1020D000FA030000C00700200EB4C0B5020003A838
:1020E00001900020009001AB0121044878440C309D
:1020F00002F0F8FC029906B0084700BFD19B01002E
:1021000081B0314901E081B030490A6802430A6078
:10211000096808400090009801B070477CB503F052
:1021200085FC00F05DF800F081F80820FFF7E8FF7B
:102130000420FFF7E5FF00F09BFA00BF46A000680F
:102140000090234C206A0125ED430126304008D140
:102150002068304320602068284020600120FFF77D
:10216000D2FFC020C0050090684603F071FC6846AD
:102170000021002206C0206A304008D120680643B2
:1021800026602068054025600120FFF7BCFF11484C
:1021900000681028FBD36846A02149000180002177
:1021A0008170019100F095FA0B480C49016003F031
:1021B0000FFE002801D000F04CF8002003F078FE5C
:1021C00003F007FFFCE70000500040486000404873
:1021D0004000404810180060EC0800200000304823
:1021E00080B588B0182102A8FFF702FF68460021D9
:1021F000002206C00320029080204002039010209D
:10220000059002A803F04AFF002801D000F021F851
:1022100000200090202001900021684604F066F81C
:10222000002801D000F015F809B000BD80B586B0D7
:1022300018216846FFF7DCFE02200090C0020590DE
:10224000684604F0EFF8002801D000F002F807B06B
:1022500000BD72B6FEE700000000000080B504F08B
:1022600083F980BDF8B506000F0000203880154CBA
:10227000200000F0BEF9010023D1200000F0BDF9DC
:102280000400114DF00705D52100280000F0B9F930
:10229000010016D1280000F0B8F93880210028008C
:1022A000243000F0AEF901000BD1210028004830A5
:1022B00000F0A7F9010004D1210028006C3000F0E3
:1022C000A0F9F2BD24030020640E041080B502289A
:1022D00001D9122080BD04F06BF980BDFEB50C0061
:1022E000089F0025158002990D803D800521014041
:1022F00027D0394E300000F07CF9010022D1684629
:102300000470364C200000F080F90199088020000C
:10231000243000F07AF902990880300000F06DF95D
:102320003D8069460978022906D1010020006C3001
:1023300000F067F9010005D12AA20821002000F071
:1023400002F80020FEBD70B504000D001600234801
:1023500004E070B504000D001600214800F055F9A6
:1023600033002A002100401C80B200F001F870BD4B
:10237000F3B581B017001D000024184E694608808F
:1023800024206043301800F040F9002804D0401C9D
:1023900069460988884202D0641C072CF0D3072CB8
:1023A0000BD068460389242044433419206A81886D
:1023B000DA19914201DB002801D11220FEBD29006B
:1023C0003A008068C018FFF735FE206A0178890757
:1023D00000D547800020FEBDE0020020E40100207F
:1023E0000802002053544D333257423080B504F078
:1023F00039F980BD80B504F0ABF901BD80B504F0BA
:10240000CDF901BD80B504F0F1F902BD80B504F04D
:1024100015FA02BD80B504F03FFA02BD80B504F0A4
:102420003DFA02BD80B504F055FA02BD80B504F056
:1024300083FA02BD80B504F09BFA02BD80B504F0BA
:10244000B3FA02BD80B504F0EFFA02BD80B504F026
:1024500031FB02BD80B504F05DFB02BD80B504F028
:1024600077FB02BD80B504F08FFB02BD80B504F0A0
:10247000C5FB02BD80B504F0C3FB01BD80B504F00F
:10248000DDFB01BD80B504F019FC02BD1CB56C4636
:10249000247D01946C46247C009404F065FC13BDFB
:1024A00080B504F011FD01BD80B504F029FD01BD2A
:1024B00080B504F041FD01BD80B504F093FD01BD80
:1024C00080B504F01DFE02BD80B504F065FE02BDBE
:1024D00018B587B010AC247806940FAC2478059416
:1024E0000EAC247804940DAC247803940CAC2478BE
:1024F00002940BAC247801940AAC2478009404F084
:1025000083FE08B010BD80B504F0ACFE01BD80B5FF
:1025100004F0C2FE01BD80B504F0DCFE01BD80B553
:1025200004F022FF01BD80B504F03EFF02BD80B57E
:1025300004F056FF02BD80B504F080FF01BD80B5F8
:1025400004F09CFF01BD80B505F07AF801BD80B5AF
:1025500005F091F801BD80B505F092F801BD80B598
:1025600005F054F902BD80B505F0A6F902BD80B5AD
:1025700005F0CEF901BD80B505F018FA01BD80B5B2
:1025800005F078FA01BD80B505F086FA01BD80B589
:1025900005F0AAFA01BD80B505F0CAFA01BD80B503
:1025A00005F082FB01BD80B505F094FB02BD80B54E
:1025B00005F094FB02BD1FB508AC247802946C466C
:1025C000247F01946C46247E009405F08FFB04B0B8
:1025D00010BD80B505F0CEFB02BD80B505F0D8FB7F
:1025E00002BD80B505F0E0FB02BD80B505F0E4FB5F
:1025F00002BD80B505F0E5FB02BD80B505F0E5FB49
:1026000002BD80B505F0E5FB02BD80B505F0E5FB38
:1026100002BD1CB5059C01946C46248A009405F00B
:10262000E0FB16BD1CB5059C01946C46248A009401
:1026300005F0E6FB16BD80B505F0EBFB02BD1CB551
:102640006C46248A009405F0E8FB16BDE0B501A9AC
:10265000087001220846114605F0ECFB002800D066
:102660008CBD01A8007805F003FC8CBD7047704755
:10267000704780B5002005F017FC80BD010005D42F
:102680000121C006C00E81405F4801607047C168EB
:102690000322914302220A43C260704701E0000016
:1026A00000BFC16803229143C16070470161704758
:1026B000816ABE4A0A408262704700697047816A37
:1026C000802292050A438262704780687047C06822
:1026D0007047F1B50127B648C06B3843B449C863A9
:1026E0000846806B384388631720FFF7C7FF142024
:1026F000FFF7C4FF00984068002800D00120AD4CCF
:1027000020700025000603D100988078002813D09F
:10271000A948C1683940FBD017210160C16839431D
:10272000C1604560C1683940FCD02000103000F025
:10273000A1FAE069206209E0C82040032062E0615C
:10274000AD48A061AD482061AD4860610098406827
:10275000002802D1A020C0050DE000030A2105F0E9
:10276000F7FB6060A74E300000F0E8F901006068F8
:10277000884202D3300000F0E1F9606025730098D0
:102780000088A14E3060A16900F0F5FA00208C218C
:10279000605400213200083203C28548006830616D
:1027A00000203200183203C230216054974AA169D8
:1027B000606805F0E9FBA060207821008C31087486
:1027C00020008C30856020008C30077321008C3114
:1027D0004D7321008C31CD81200061300570457032
:1027E0008570A565E5658A48A064656500F0ADF96A
:1027F0006268002312184B412000403000F0E8FAD4
:10280000012000F063FAF1BD00E100E0F8B58CB002
:10281000002069460870674F38009930019028E021
:10282000401C1CE0046905738168002900D08847BA
:102830002000F7D169469420385800F04DFB9421D0
:1028400078506846007801280DD1EFF3108172B6F8
:1028500001980078421C019B5B789A42E0D1019A72
:10286000107081F3108801984078049940180199FC
:10287000487001984078019909780A1A02D280209C
:10288000400012180026002A29D0049294203C58B7
:1028900003940294002502E0260024696D1C002C9C
:1028A0000FD0207B0028F7D000F04FF902000B007A
:1028B00003CC083C801A99410029EDDB01DC062895
:1028C000EAD328000025002802D03561039400E0F7
:1028D000029503989421785002980028A9E7387B44
:1028E000002847D066480068012420405BD03E7332
:1028F0006448C178002904D18178002901D086700C
:1029000026E0387800281CD002A800F0B3F904991A
:10291000B86E80B200F02FFAEFF3108572B6302057
:102920003C54039878610498B8610298386105981E
:10293000F86100F03BFB85F31088002000F0C6F939
:1029400006E0EFF3108472B600F030FB84F31088D9
:10295000012000F075FB3800403000F022F900F053
:10296000F4F87A68002312184B413800403000F028
:102970002FFA18E03878002815D000F0E6F83A6F02
:102980007B6FFA2464030025A4185D418D420AD8A8
:1029900001D3844207D23800403000F002F93800F9
:1029A000403000F0F9F90DB0F0BD0000FFFFFFBFAF
:1029B000101800606004002004100060F8B50400E6
:1029C0004C480668EFF3108572B600F045FA4A4F9E
:1029D0003B00803303CB083B03C4083C5E4AF969E3
:1029E0009868801B05F0D0FA020085F3108803CCAC
:1029F0000023801A9941F4BDC2F528008D5B0000C8
:102A0000ECEB6501FFEFFFFFC80400202603000088
:102A1000992D0410F8B50B0000D00123364E350077
:102A200058352B73110000D00121297200246C72DB
:102A3000EC720121A972EFF3108772B600F0FEF874
:102A400003C5083D02460B462800283003C8121A69
:102A50008B418548A34201D8824204D3AC7287F3EC
:102A600010880120F2BD002000F0EAFA040087F38C
:102A70001088012000F07EFA2000F2BD0000000066
:102A800010100060F904002070B50320C04378499D
:102A90000A6802400A600A6810400860204801681D
:102AA000654A0A400260144C2000583000254572E7
:102AB0004581EFF3108672B600F047F8A26DE36D22
:102AC000121A8B418C20205C0021121A8B4186F354
:102AD0001088002B04DC01DB012A01D2012070BD2B
:102AE000002B04DC01DB0F2A01D2022070BD002084
:102AF00070BD00001400006060040020EFF310803F
:102B000072B65A4909685A4A091D5160116803236F
:102B1000994302230B43136080F310887047000031
:102B2000281800607047A848010061310022612325
:102B3000C05C002800D00A708A70704780B5064AD1
:102B4000A149C96905F020FA02BD80B500F084F9F9
:102B50009E4803C804BD000035060000F8B5040017
:102B60000D00FFF7F2FF06000F00290D28030A22CF
:102B7000002305F02AFA8019794102000B00200099
:102B800000F026F90400012000F0F4F9E0B2F2BDF3
:102B900010B500F01DF90400012000F0EBF9E0B2DF
:102BA00010BDF8B5AA4C21680E00002300250A00CC
:102BB00001E035003669002E07D08642F9D1376929
:102BC0008E4201D13A0000E02F616D462B700373F5
:102BD0002068904215D06946100000F07DF9206011
:102BE0006846007800280DD0EFF3108072B6617946
:102BF0004A1CA3799A4200D0491C617180F3108865
:102C0000F1BD2260F1BD18B50020009000989148F8
:102C10000168094A0A400260AC490A78531C4C78A2
:102C2000A34200D0521C0A700121C2690A43C2614A
:102C3000C0690140009111BDFFFFFFBF10B5040046
:102C400000F00AF9614803C80A00844200D2521C0D
:102C50001100200010BD9E48816801220A43826055
:102C6000002101607047000066FEFFFF1018006041
:102C70000C00006070B50400964D2800FFF725FD9C
:102C800006002800FFF721FD8642F6D1002EF4D081
:102C9000B74932124A43F3B24B431912511810315B
:102CA0004911E16026602800FFF711FD06002800A9
:102CB000FFF70DFD8642F6D1002EF4D0B011B849D1
:102CC000484380300012A060666070BDF8B5070010
:102CD000B44D687A7D214843C90005F025F9461CAA
:102CE000F6B2394CB04AA1691B2005F04DF92870A5
:102CF000687800F02AF83D216054E878801900F0E7
:102D000024F8382160542879801900F01EF8392100
:102D10006054687900F019F83A216054A87900F0FD
:102D200014F83B216054002F06D0E878801900F099
:102D300004F81B303C216054F1BD68214143090A6D
:102D4000DB225043000C0818704700B502001E48F3
:102D500040690021002305F077F90322002305F0E4
:102D600073F98022D204002312184B41D20E58016D
:102D70000243100000BD80B58B4A05F005F9AB4950
:102D8000884201DD080002E0102800DA102000056A
:102D9000000EA749086001BD10B5A64C207B002895
:102DA00006D12078002801D0FFF755FF01202073BD
:102DB000FFF7CBFE00226430514102000B002000DF
:102DC000403000F005F810BD60040020E004002051
:102DD000FEB500256C462570017B002901D001203D
:102DE000FEBD0CC0083801210173194C26680196FC
:102DF000070001E035003669002E08D00CCE083EF1
:102E000003CF083F8B42F5D301D88242F2D338007A
:102E10000661002D01D1019000E0286101998142F5
:102E200013D1694600F058F8206068460078002801
:102E30000BD0EFF3108072B661794A1CA3799A42E5
:102E400000D0491C617180F3108868460078FEBD8F
:102E5000F404002030180060F8B584B0EFF3108659
:102E600072B6744C206F616F02AA03C27248FFF7FA
:102E700024FC030027008037BB60704D02A803C804
:102E8000009001912A00E169A06F181A05F07CF802
:102E90000021009A019B801859410CCF083F9942AC
:102EA0000FD801D390420CD2009001912A00E16921
:102EB0000020C04305F068F80021009A019B8018AB
:102EC000594103C786F3108805B0F0BDF90400200E
:102ED0000810006000100060F1B584B00F000446D7
:102EE0000020387000E02469002C3ED0207B0028B0
:102EF000F9D0EFF31080009072B6FFF7ADFF4D4DA3
:102F000003CC083C2A0080320CCA801A994102AADC
:102F100003C202A803C800291DDB01DC01281AD363
:102F2000214AAB6902A803C8190005F02DF8050075
:102F3000202D00D82025AF4E3000FFF7BEFB4019F2
:102F40000830F0623000FFF7BAFB306B8021C90512
:102F50000143316301E001203870009880F310884C
:102F60003878002801D0049800E0200005B0F0BDBA
:102F7000F6BC080010B5A0490C009834002808D011
:102F8000207800280BD108004030FFF705FF012012
:102F900004E008004030FFF704FE0020207010BD60
:102FA00053070000C50000202603000070B522482A
:102FB000FFF783FB1F4C25008035A8601F4E3200B1
:102FC000216AA36FC01A04F0DFFF226F636F002134
:102FD00080185941206761672078002813D1A868BC
:102FE000A16F401AA16888420DD23200216A0020E8
:102FF000C04304F0C9FF0200206F616F0023121864
:103000004B4122676367206F616F03C5083DA86865
:10301000A067226F0B46606800218018594122008A
:10302000283203C2E069206270BD0000FF0F00007B
:1030300008180060600400200018006035060000D9
:10304000F0B585B000216A4611706B4C25006035E3
:10305000A978002900D1B6E0EFF31081049172B68F
:10306000012801D1FFF7F8FE20002830C0C8A26D6A
:10307000E36DC82080020021801979418B4210D372
:1030800001D882420DD3B9225200002392197B410C
:103090002800203003C88B4201D802D3824200D3DB
:1030A0008EE02800203003C800220A305141A26D72
:1030B000E36D00264C3AB34199427DD801D390424A
:1030C0007AD23C20265C6020205C2979012905D138
:1030D000002801D0382006E0392004E0002801D083
:1030E0003A2000E03B20205C0190A26D28002030B7
:1030F00003C8101A0390414AA169039804F044FFE1
:103100000290A86AC027FF05A9687118C831039A00
:10311000914202991AD23A4A1278891A019A8E1A61
:103120008019344948623800FFF7B8FA3800FFF7D1
:10313000B7FA3048806A8021C90501432D48816271
:10314000FFF7BDFA01982E49097811E03D22A25CF3
:10315000891A019A8E1A81193800FFF7A7FA2548B3
:10316000FFF7A6FA3800FFF792FA01983D21615C5B
:103170004018A96A029A891822008C3251603218CC
:10318000411D8A420CD23800FFF788FA3800FFF759
:1031900087FA1848FFF78CFA01206946087005E0A5
:1031A000184AE16904F0F0FE8C2160540020A870F8
:1031B00001206870E87003E0AE7001206946087075
:1031C000049880F310886846007805B0F0BD80B59B
:1031D000FFF719FDFEF798FA01BD81B000200090BD
:1031E00000980948016801220A43026000680090C3
:1031F00001B0704700180060600400202603000042
:10320000C50000203506000074000060016800223F
:1032100002814281828182730B78FF2B05D0FE2BC5
:1032200009D103895B1C03810AE04268511A091F16
:10323000818100207047002B0DD143895B1C4381A5
:103240004A88D21C032313435B1CC9184A1D4368D8
:103250009A42E1D3EDE703207047F3B5079C089944
:10326000250005D06D466C80FE242C706C4600E075
:10327000446885684668AE4217D22678FF2E14D07F
:10328000067B002E04D0002606732678002E0ED171
:1032900046686488E41C032727437F1CF4194460B4
:1032A000AC4202D22678FF2EEFD10420F6BDFE2ECE
:1032B00001D00320F6BD6E463679FF2E04D0667825
:1032C0006F463F79BE42E3D14068001D10606088C0
:1032D0001880002901D0607808700020F6BD7FB505
:1032E00015001C00099E002232800B9A01926A464A
:1032F000128D009202AB03AAFFF7AFFF010013D1BA
:10330000694609898D4201D306200DE0089A481BC1
:10331000904200DA0200200003994919FEF78AFE64
:10332000684600893080002004B070BDFEB5BB4DFA
:103330000D40491B6B4619700024070016000AE077
:103340000422311901A8FEF775FE019A39190020EF
:1033500004F094FE241DAC42F2DB0020C043019037
:1033600068460278711901A8FEF764FE019A79197E
:10337000002004F083FEF7BD70B544688668B4424F
:1033800002D22678FF2E01D1042070BD007B0028D8
:1033900001D1FE2E01D0052070BD6588A94201D360
:1033A000062070BD10001A00231D591804F0DCFE21
:1033B000002801D00020C04370BD7CB5079C0025CB
:1033C000069E3580250005D06D466C80FE242C704D
:1033D0006C4600E0446845688668B54202D22678AB
:1033E000FF2E01D1042076BD007B002801D1FE2EE6
:1033F00001D0052076BD6088814201D3062076BDCC
:10340000401A984200DA030010001A002B1D5918C8
:10341000FEF710FE608806990880002076BDF8B59A
:1034200084B007000E001500B44C254203D104F00F
:103430009BFE002820D001A80C21FEF7D9FDCD4825
:103440003818C00A0290681E0443641C6003000E12
:103450000390694601A804F097FE00240AE060107A
:10346000800F00190321884332583919002004F0D5
:1034700005FE241DAC42F2D305B0F0BD0121017060
:103480000021418081807047F1B588B00C001500A3
:103490001E0000200090FF2229002000FEF7AAFD58
:1034A000FE206946087507946846458206960E9D7B
:1034B000009C05AE19E06846008A6988401A401EE3
:1034C00003240443641CA4B268886946098A0A1A62
:1034D000521E03211143491C89B28F4242DB012055
:1034E0000022B94228706A8040D06846408A071B93
:1034F0003F1FBFB22878002826D0701C0390A888F0
:10350000029004A8019000970798001D031900225B
:10351000FF210898FFF7E3FE6946098AA9800100A8
:103520000ED16846008A7080042205A90798001908
:10353000FEF780FD7088C01C032101436418C1E7B9
:1035400006990C8009B0F0BDA888019004A80090ED
:103550003B000798021969880898FFF72EFF0100C1
:10356000A9D0EFE700212970C01968806846408A19
:10357000069908800020E5E7F8B5AE4CA544AE49B1
:10358000020014235A438F187989002901D10020A1
:1035900040E004A900F013F9059D02A8FFF76EFFB3
:1035A0008026360102A8009001AB320008A904A8C9
:1035B000FFF76AFF0400042C06D0002C2AD16846CD
:1035C0008088B042EED103E068468088002808D0A9
:1035D0006846828808A92800FFF721FFAD19002C52
:1035E000E0D008A80C21FEF703FD6248281840032C
:1035F000000E09900698401E711E0143491C481B8D
:103600004003000E0A90694608A804F0BDFD38008A
:10361000FFF7FCFD89498D44F0BD0000FCFF000070
:10362000F8B5844CA54400216A469171002200231C
:10363000814906000BE0B0680C245C43005D142453
:10364000604308184089002800D001225B1C3079B3
:103650008342F0DB002A25D080221201FF2108A836
:1036600004F0DAFD0025802424010DE002A8FFF714
:1036700005FF02A8009001ABE21B92B208A8C11995
:1036800004A8FFF701FF6D1C307985420CDAB068A1
:103690000C226A43011D8F5804A9805C00F08FF84A
:1036A0000028E3D000201BE0220008A93068FFF7C3
:1036B000B6FE614C370069468D7900260CE0B8688B
:1036C0000C217143405C142148432018FFF79EFDF4
:1036D000010000D00500761C38798642EFDB280017
:1036E00056498D44F0BD96498A79824201D1022023
:1036F0007047897C8142FAD000207047FF070000A4
:10370000F8B54C4CA54404000E0080221201FF21A4
:1037100008A804F081FD0025684604718024240176
:103720001CE00C276F43B068C05D6A461279904276
:1037300013D004A900F043F8B068C019476802A884
:10374000FFF79CFE02A8009001AB9B1CE21B92B20B
:1037500008A8C11904A8FFF797FE6D1C30798542AF
:10376000DFDB220008A93068FFF759FE002033494B
:103770008D44F0BD0000FCEF10B5002470480C2112
:10378000614341188A792C4814235343C0180368B5
:10379000002B10D1012A0EDC0A6802608B88D21837
:1037A000426009890182FFF731FD010004D1641CE8
:1037B000012CE3DD01E0012010BD002010BD10B59B
:1037C0000200022A01DB012010BD1B4B14246243BE
:1037D0009A1813684B6052688A6001220A73087055
:1037E0000020487310BD7FB56A4C057814267543D8
:1037F0006419A47B002C01D00A2008E003940294F1
:10380000099C01946C46248C0094FFF768FD04B079
:1038100070BD7CB55F4C0578142675436419A47B94
:10382000002C01D00A2076BD0194069C0094FFF77D
:10383000C4FD76BDE0F7FFFF8808002024080000E3
:10384000FAB583B017000325791E03260E43761CB4
:103850000CE00C78FF2C18D0FE2C01D0002C6BD182
:103860004A88D21C2A43521C8918416082684168E8
:103870004B1D9342EDD38B49007814225043081816
:103880004089002856D1022057E00290501A864BFA
:10389000984201D2521A00E01A46824C92B2B0B25B
:1038A0006B461B8DC018001D82423BDB6846007BC7
:1038B000019100210091FE216A461170694648700D
:1038C0006846008D30184880009A0199002004F065
:1038D000D5FB049AB1B20198001DFFF727FD0B9AA2
:1038E0006846018D0198B6B28019001DFFF71EFDD4
:1038F00020000830029909781422514340180188A9
:10390000491C0180029800781421484320188189BD
:103910006A46128DBA18521E1543491B491F8181F0
:1039200000200AE0029800781421484320184089BA
:103930000028A8D00B2000E0032005B0F0BD000057
:10394000340F041010B504006168A06881421ED2D3
:103950000878FF281BD0FE2817D1FF22D243002071
:1039600004F08CFB4F4801000831227814235A439D
:1039700089180A88521E0A8021781422514340185F
:103980004189491C4181002010BD052010BD042043
:1039900010BD00008808002078B585B0040000261E
:1039A00000966946FFF79FFE3E4D02281ED1142067
:1039B00044432C19256802A80C21FEF719FB3B484B
:1039C00028184003000E03906068401E38490143E8
:1039D000491C481B4003000E049001A902A804F0F2
:1039E000D3FB2000FFF712FC00201AE0012817D1BA
:1039F00000992000FFF784FE04000FD10AE0009830
:103A000080680C217143405C142148432818FFF75B
:103A1000FDFB761C009800798642F0DB200000E078
:103A2000012006B070BD1CB504000020009069465E
:103A30002000FFF758FE022803D12000FFF79CFD6D
:103A400016BD012803D10098FFF7EAFD16BD01203D
:103A500016BD38B5174800214356DAB2114C14256B
:103A6000554364196589002D03D0A589248AA54290
:103A700007D3521CD2B2022A00D100229A42EDD1C1
:103A800006E0531C5CB2022C00D10023190001E0B7
:103A90000022D2430170100602D4D0B2FFF7C3FF58
:103AA000002032BD88080020FFFF00000000FCEF6E
:103AB000FF07000044090020F0B581B025490C68DB
:103AC0000025657404F0B2FB234E3068C06804F032
:103AD000EBFD002801D0042723E03068C06804F023
:103AE000CDFD002801D001271BE03068C06804F03C
:103AF000C9FD002801D0022713E03068C06804F037
:103B0000DBFD052700280CD13068C06804F0D8FD23
:103B1000002806D13068C06804F0A0FD00282F46B8
:103B20000BD00120B8400D4909680A6802430A60B9
:103B3000002005F02DF8FDF7F9FD607C012807D184
:103B4000217B0F200840A268090905F031F865744F
:103B500001B0F0BD2C090020300900201C09002014
:103B6000BCB5584CA16900910840A06135E0521CD9
:103B7000D300E51803000B402F681F40F7D02A68D8
:103B8000104001406868084002D10020C0436860CE
:103B90006868084000F09AF801006A6801208840CF
:103BA00082436A606162EFF3108172B6626A01203B
:103BB0009040C2432069104020610220C300E318F6
:103BC000083B1D6815401D60401EF7D181F3108829
:103BD0003D48616A8900405880472369E26960690D
:103BE000256AA16903400B4003D0154001D1002292
:103BF000BEE70020C0436062206A104014D102F08A
:103C0000EEF9EFF3108572B62169E06962690A4046
:103C1000A169114004D1216A014001D102F0E0F90B
:103C200085F3108804F0C5FF0098A061B3BD38B5D6
:103C30001400EFF3108572B600F048F880002249B6
:103C40000C5085F3108831BD10B5EFF3108272B6B9
:103C50001C4B1C6904431C61C90059180B681843AC
:103C6000086082F3108810BDEFF3108172B6154A18
:103C7000D3691843D06181F310887047F8B5114DAE
:103C8000696A00910022D243914201D1002701E0EC
:103C900001278F402E6A2862040003E021003800CB
:103CA00004F088FFE8692040F8D000986862EFF3DC
:103CB000108072B6E969A143E96180F310882E6231
:103CC000F1BD00006C030020940500200021020CCF
:103CD000120401D110210004020E120601D1083194
:103CE0000002020F120701D1091D00011F22511A03
:103CF00002A2000F105C081AC0B27047040302024F
:103D000001010101000000000000000080B504F086
:103D100057FF80BD10B5FFF72FFD424C211D00203D
:103D2000FFF74DFD210014310120FFF748FD201D54
:103D3000206010BD3EB53B4D022802D12C0014344A
:103D400000E02C1D2C6001936B461B8B00930B0035
:103D500001002000FFF774FD002805D0022801D1E2
:103D6000002000E00120C0433EBDF8B584B00E0045
:103D700019002C4C022E03D125001435012301E03B
:103D8000251D00230700256028466D466A810391A2
:103D90000A9D022F08D102A900912B00039A6946BF
:103DA0004989FFF736FD0FE0002F03D1010018000D
:103DB000FFF705FD02A801900095039B6846428924
:103DC00031002068FFF70FFD010001D1002005E060
:103DD000042801D1022000E00120C04305B0F0BD5D
:103DE00010B5140023000A0001000E480068FFF718
:103DF000C3FA002804D001D5200010BD0220C04322
:103E000010BD80B5022807D10649086814318842E0
:103E100007D0FFF797FD01BD032802D10020FFF76F
:103E2000BBFD01BDB00800200120FFE71549086077
:103E3000002070470020EFF3108172B6114A13681A
:103E4000012B02D00120C04301E00323136081F362
:103E5000108870470020EFF3108172B6094A13688A
:103E6000032B02D00120C04301E00123136081F342
:103E70001088704780B50A00034904F0F3FE02BDC4
:103E8000000000004C0300204C0F041010B501008E
:103E900034A43548354A0978002902D0012903D0D5
:103EA00010BD0121117102E0002111713C30FEF7BB
:103EB00013F92000FEF710F910BD2C490278002AF2
:103EC00002D0012A02D07047408800E02848C8800C
:103ED000704710B5254C2648E08005F092F9002087
:103EE0002071244A00210820FFF7A1FE10BD0129FE
:103EF00000D0704738B5007800241C4D297814296B
:103F000006D229784A1C2A702A000832505401E04F
:103F1000002129700A2802D0287814280DD32A7885
:103F20002900083128001C30FEF76AF828786870EC
:103F30002C7000210820FFF787FE31BD70471CB5AB
:103F40000A4C20001C3000906078694608710020FF
:103F500005F083F9E2886946002005F080F9FDF755
:103F6000B9FB13BD200A0D00D4110410580800201D
:103F7000FFFF00003F3F041002490968C88100208C
:103F80007047C0462C090020010042221201D21EB7
:103F9000004207D002D4521E0018FCD5C10A4005C9
:103FA00012058918704700000100EED54042F44622
:103FB000FFF7EBFF0122D20711436047F0B50E0077
:103FC0005E400125ED072E40B446AE0ADF184C18BE
:103FD000F44208D2F7420ED2640D01D07F0D12D107
:103FE00000206146F0BD05D1F74201D87F0D05D113
:103FF0000020C143F0BDFBD1640DF9D00020C143C6
:10400000490549088FE0E419C902DB0229432B4323
:10401000DB0A460DC00231438E4630B487B295B2FA
:104020007D432E0CADB2140C7C43A419260C240441
:1040300025439CB27C43A419190C7943270CC91958
:10404000A4B20F043C43090C000C97B247432E0C5A
:10405000BE193543ADB2170C4743360CBF19A6B293
:10406000BF193E043543240C3E0C36199FB247431A
:10407000BF19BCB23E0C89191F0C47437F183E0480
:104080003443390C704680B297B247432E0CBE19A8
:104090003543ADB2170C4743360CBF19A6B2BF1952
:1040A0003E043543240C3E0C36199FB24743BF19DA
:1040B000BCB23E0C89191F0C47437F183E043443A1
:1040C000390C77463F0C90B278432E0C80190604C9
:1040D000ADB22E43050CA0B22D18120C7A43501924
:1040E000020C80B2240CA4189AB27A431219140458
:1040F0002043120C89181B0C7B43C91830BCEF0AF3
:10410000394203D1B61940414941641E6F12BF0DB7
:10411000E41B0BDBFF19BC4211DA2405002742081F
:10412000AE417841614166463143F0BD641C05D122
:10413000401C6141CF0201D34908F4E750E75DE735
:1041400030B4012464054D00EC420BD85D00EC4214
:1041500008D80C001C4364000443144304D28B426F
:1041600000D1824230BC7047FCD09942FAD19042D3
:10417000F8E783008500070007008300850005003D
:104180000700030003000F00050082008100050006
:10419000F4464A1805D200F00FF801D58017400800
:1041A000604700F009F80121C907884200D90800DA
:1041B000404260474A1812D2400DC902084301210B
:1041C000C9070843520D40210901521A521C06D456
:1041D00052421F3201D4D0407047C01770470020B0
:1041E0007047F0B40125ED070F005F404FD48B42BC
:1041F00000D1824205D98446100062468C461900DF
:104200006346DF184C18640D7F0D3AD0661C7605A6
:1042100037D0E61B352E34DCDB022B43DB0A0C0DDA
:10422000C9022943C912202E0DDB1700203E06D0FB
:104230001F00F741F3405F400026012A7741C01874
:1042400071410DD217E01700F741F2405740F3419A
:104250005A40B340F3405A400026801859410AD3CF
:10426000A21C52050FD0C207012F7241170040084F
:10427000CB0718434908641C24054208AF4170412C
:104280006141F0BC7047641C21050020F9E76B40D8
:1042900010E06B40ABE7F742F3D1E943F1E724428A
:1042A000EFD100200021ECE7F0B40125ED070F006D
:1042B0005F40EED40C00871A9C4105D2C01BA1417F
:1042C000D219634169406B40AE0ADF184C18F442C2
:1042D000E1D2640D7F0DE2D0E61B362ED1DCDB028D
:1042E0002B43DB0AA4460C0DC9022943C90A012E3F
:1042F00028DC04D1D6075208DF073A435B08EF0AEF
:1043000076429041994114D039423BD1B61940418F
:104310004941761C394204D1761C00184941394282
:10432000FAD0B9436746B74208D9A41B24052143F4
:10433000A7E70042EAD13642E8D1A2E7E40AE10762
:1043400000209EE7202E0BDD203E1F00F340F741AA
:104350005F40012A002257417E42984191410BE083
:104360001700F741F2405740F3415A40B340F34041
:104370005A407E42904199410A0303D2641EB61905
:10438000404149410027641E24054208AE4178415E
:104390006141F0BC70470300FFFFFFFFFFFFFFFF1D
:1043A000FFFFFFFFFFFF010000000000FFFF010013
:1043B0000000FFFFC3788278417800781B021A431F
:1043C0000902120408431043704780B504F072FFDD
:1043D00080BDF0B593B01F4615460E4612901C9C4A
:1043E00008461146224604F069FF002824D122988D
:1043F0000D901FAB0DCB11901E980F901D980E9035
:104400001B980C901A9919981097189F0892099365
:104410000D9A0A920097019002910C9803900494CF
:104420000E9805900F9806901198079012983146B3
:104430002A46109B04F055FF13B0F0BD80B504F080
:1044400062FF80BD0020704780B504F063FF01BDAE
:1044500080B50B0011001A00FDF7CCFD01BD80B541
:1044600003F082FE02BD7FB504000D001600684611
:1044700004F0B6FF68460178217041782970807891
:1044800030707FBD80B5FFF7F5FC02BD80B504F04C
:10449000E9FB02BD80B504F0E7FF01BD80B505F082
:1044A00025F802BD80B505F043F802BD80B505F0E2
:1044B00073F902BD80B505F0C7F901BD80B505F0FF
:1044C000CBF901BD80B505F0D9F902BD80B505F085
:1044D000D7F902BD80B505F0D5F901BD80B501F071
:1044E00019FC02BD80B5FEF730FB04BD80B5FEF7B8
:1044F0004FFB02BD80B5FEF754FB01BD80B5FEF752
:1045000089FAC0B202BD80B5FEF7BEFAC0B202BDE4
:1045100080B5FEF753FA04BD80B5FEF7EFFA01BD92
:10452000F0B59BB0EC4C7F20C643FDF773FFEB4D1D
:10453000012802D0E87A002810D027463446783483
:10454000FDF768FFE97A6143784338184418FDF7AE
:1045500061FFE3494843E97A414364186234FDF757
:1045600059FF01280ED13046783029894143304621
:104570005C30AA7A42435018314660312A7B4A4364
:10458000801800E000200490E889149005F0B6F946
:10459000012801D005F0B4F905F0B4F9012815940B
:1045A00009D134465034FDF735FF6043E97A414381
:1045B00008390A9101E000200A90CA4C05F0A0F9E0
:1045C0000128204616D005F099F90128204611D07F
:1045D0002920285C002820460CD12520285C0028B2
:1045E000204607D12620285C002801D0204601E083
:1045F00030463C30139020462030169005F080F96C
:10460000012815D005F07AF9012811D02920285C5D
:1046100000280DD12520285C002809D12620285CFF
:10462000002802D02046203001E030465430169059
:1046300005F066F91190A87E0190E87F1090FDF7D3
:10464000E9FE1290E87F029005F05EF90990E87F9C
:104650000390FDF70BFF002705F058F901283846B5
:104660001A96199760D1E87F1127874003242743C2
:10467000022181404E1E264305F042F9012817D140
:1046800017960F94687F0A2800D30A201A9C2434B6
:104690004443C03C002605F03BF90128189620D180
:1046A000FDF7B8FE012805D01A9B18466C3004E0CF
:1046B000002031E01A9B18466030D3496431AA7F4C
:1046C0004A43101829461D467835C97F2A468A4034
:1046D0008618FDF79FFE012803D1C948C07A4543DB
:1046E0007619A519FFF7AEFE064605F011F9044646
:1046F0003440FDF78FFE204001281898179E09D1FD
:10470000BF49C87E401E0F9A1043897FE0224A436A
:10471000D143081A2818BA4DB919BA4A511A0818BB
:104720001A301A9EB84C199F0890FDF773FE0128A5
:10473000394609D105F0EEF80128394604D1222086
:10474000285C31462C3141430F9105F0E1F80128F6
:10475000384620D120465830A97E4143304660304B
:10476000EA7A424354180025FFF76CFE012810D165
:10477000FDF750FE01280CD130467030A04B197F58
:10478000414330467430DA7E42435018E4389D7E0F
:10479000454360199A4D0E9005F0BEF80128384641
:1047A00036D1FDF737FE012803D02C463546743547
:1047B00005E0304678302C46ED7A45430C3D232702
:1047C000E05D00260028304605D0FDF723FEE05DC1
:1047D00040420321884340192425615D1A9A7C32A6
:1047E0004A43871805F092F801280DD105F088F8A2
:1047F000012809D105F08CF8012805D18048465DD3
:10480000002E01D01A9E6836B8197D4D1A9E199F48
:104810000D90FDF7FFFD0128394609D105F07EF81E
:104820000128394604D130465C30E97A41431439D5
:104830000C91FDF7EFFD0128394608D105F070F81D
:104840000128394603D130466430E97A41430B915F
:1048500026201890285C069025201790285C05904B
:104860003E462927E85D079005F04AF8044605F022
:104870004FF8E04234461AD01898285C2821695C29
:104880001A9E344678344C43F43C444305F03EF8D9
:1048900000280AD01798295C2720285C6C364643EC
:1048A000594880190C30484300E000200419E85DA5
:1048B000002819D0FDF7AEFD0028049B15D02A2052
:1048C000285C514970314143E85D1A9A50434018C1
:1048D0003838199009E0C0467CFBFFFFC007002074
:1048E0006CFDFFFFDCFEFFFF049B159818181A9B58
:1048F00019465C31149A514340180A99401813998B
:10490000401816994018194678310A46109EB24050
:104910008018119A012A07D13B4A683A019E7243D6
:104920001018132212018018099F069A059EB218CA
:10493000129E012E02D1029EB1404018199E079985
:104940005118012F05D11A463032039FBA40101872
:104950007038089A80180F9A80180E9A80180D9A4D
:1049600080180C9A80180B9A8018002904D01A46D7
:1049700048324A4310180C38001984192820285C42
:10498000199018982F5C2A20285C18902720285C02
:10499000169017982E5CFDF73DFD012805D12B20C0
:1049A000285C1A9938314143641804F0BBFF012890
:1049B00001D1164824181998189A16994E43B1181F
:1049C0004743B818C84208D01A9B1A4658324A437F
:1049D0004433434398180419183C094D686820185B
:1049E0000321C943EA8DD21C0A40AB8DDB1C0B406E
:1049F0009A182B8EDB1C0B40D118401A1BB0F0BD4F
:104A0000C00700206CFDFFFFDCFEFFFF14F6FFFF78
:104A1000F0B595B00120810414912E480160BFF3D8
:104A20004F8FBFF36F8F03F0F7FDFFF76CFD002092
:104A30001290C04303F0DEFD04F060FF139004F019
:104A400061FF119004F05CFF109004F05DFF0F9087
:104A5000FDF70CFD04F05AFF0E9004F05BFF0D9083
:104A600004F056FF0C90FFF7EDFC0B9004F054FFA0
:104A7000044604F053FF0546FDF7CCFC064604F05F
:104A80004FFF074604F04EFFC0B2F9B208910990FB
:104A9000F0B2E9B2E2B20B9BDBB20C9CE4B20D9D2A
:104AA000EDB20E9EF6B2129F009701960295039406
:104AB00004930592069107901398C0B21199C9B258
:104AC0000F9AD3B2109A04F02FFF03481499016093
:104AD00015B0F0BD80E100E000E100E00100202021
:104AE00008437047FDB5B2B03A98049102A93B2241
:104AF000885400200D9024A8401C2F900DE00498AD
:104B0000329A90470490002801D100F0B7FE0D982A
:104B1000401C0D903398401C339033980178002945
:104B200010D02529EBD100200790089009900A9019
:104B30000B900C9000210224012014900820129068
:104B4000339D05E00D9800F09BFE08001499014389
:104B50006D1C28782028F8D023280BD02B2804D0CF
:104B60002D2804D0302808D00AE02143F0E70800BF
:104B70000421ECE708000821E9E708001021E6E736
:104B80002A280FD1349802681068121D349B1A60CD
:104B90000F90002804D542420F92080004210143DF
:104BA0006D1C12E000200F90644A09E00F9B9342B5
:104BB00005DA9E00F3185B00181830380F906D1C52
:104BC00028780300303B0A2BF0D328782E2803D016
:104BD0000020C0430E9027E06D1C28782A2808D1B9
:104BE000349800680268001D349B18600E926D1C9A
:104BF0001AE02D2802D12D226D1C00E00022002099
:104C00000E900CE0002A09D10E9B4C4EB34205DAFF
:104C10009E00F3185B00181830380E906D1C287831
:104C20000300303B0A2BEDD302A801872E78310018
:104C300040487844FF30401E04F0EAFE002801D0CE
:104C40006D1C00E0002602A83A214654405C68280A
:104C500004D1287868280BD1622005E06C2807D1A0
:104C600028786C2804D1712002A93A2288546D1C3E
:104C700015A80690287869460870681C3390684625
:104C800002781000253833D01C3800D1CCE1001F49
:104C9000022800D8C8E1133801D100F019FD093805
:104CA00000D1C1E1801E01D100F0AFFD401E01D155
:104CB00000F05CFD401E022800D8B5E1001F01D1C4
:104CC00000F054FD401F00D108E1401E01D100F06A
:104CD000FFFC401E00D1F0E0C01E0ED0801E01D1AE
:104CE00000F0F6FCC01E01D100F0F2FC00F098FDCF
:104CF00014980790252015A97CE134980068046871
:104D0000001D349908600594002C00D0C1E002A871
:104D10003B21405C002800D1B5E00024E443064874
:104D20007844143004F07EFE201A01D000F0A6FD75
:104D300000F083FD18C5FFFF4CC5FFFFCBCCCC0CAA
:104D400001236A4602A9280000F054FE002801D081
:104D500000F094FD641EF3D13295079D15AC002D33
:104D60000FD0329E21780498B0470490002801D1DA
:104D700000F084FD0D98401C0D90641C6D1EF1D157
:104D800032963020694608700A9C002C0DDD329D59
:104D900001236A4602A9280000F02CFE002801D059
:104DA00000F06CFD641EF3D13295059C089D002D2A
:104DB0000FD0329E21780498B0470490002801D18A
:104DC00000F05CFD0D98401C0D90641C6D1EF1D12F
:104DD0003296302769460F700B9C002C0DDD329DFA
:104DE00001236A4602A9280000F004FE002801D031
:104DF00000F044FD641EF3D13295059808994418DB
:104E0000099D002D0FD0329E21780498B047049060
:104E1000002801D100F032FD0D98401C0D90641C5B
:104E20006D1EF1D13296684607700C9C002C0DDD8A
:104E3000329D01236A4602A9280000F0DBFD00280C
:104E400001D000F01BFD641EF3D1329502A8382179
:104E5000405C400700D460E6202069460870019855
:104E6000002800DC59E6019C329D01236A4602A914
:104E7000280000F0BFFD002801D000F0FFFC641EF8
:104E8000F3D1329549E61B4878446830059000F02C
:104E9000D4FC0E9D002D03D5200004F0E7FD09E0B1
:104EA0002A000021200004F0E9FD002801D0001BA9
:104EB00000E02800089000F0C0FC34980068026808
:104EC000001D349908600020C0430021104002AA50
:104ED00003C215A80590782100F093FC02A83B219D
:104EE000415C002908D00024E4434B487844FF305B
:104EF000293017E7ACC3FFFF3A21405C62286AD033
:104F0000682819D06A2845D06C2806D071284FD05F
:104F1000742831D07A2821D06FE034980068016875
:104F2000001D349A106000297AD10024E4433B48E4
:104F30007844FF301738F5E6349800680168001DA2
:104F4000349A1060002905D10024E44333487844A2
:104F5000CA30E7E60D98088000F06FFC34980068CE
:104F60000168001D349A1060002959D10024E443DF
:104F70002A487844A630D5E6349800680168001DB8
:104F8000349A106000294BD10024E443234878442C
:104F90008A30C7E6349800680268001D34990860BA
:104FA000002A13D10024E4431C4878446E30B9E64B
:104FB000349800680268001D34990860002A05D101
:104FC0000024E443154878445230ABE60D98C117ED
:104FD00003C200F032FC349800680168001D349A66
:104FE0001060002905D10024E4430C4878442C309B
:104FF00098E60D98087000F020FC3498006801686D
:10500000001D349A106000290AD10024E4430348AB
:105010007844083086E600BF3CC2FFFF50C2FFFF65
:105020000D98086000F009FC34980068C31D072043
:1050300083433498036003CB349D2B6002AB03C3DE
:105040002023C80F04D007982D2115AB19540DE06B
:1050500002A8008F204204D007982B2115AB1954C9
:1050600004E0C00704D5079815A90B54401C07900D
:1050700015A80799401813901398059024AD02A81D
:10508000C0C8684600782021014368468170807856
:1050900061280BD00E98002801D5062005E005D127
:1050A00068468078672801D114980E9002A803C83A
:1050B00008004B005B150024E443A3420ED1090312
:1050C0000CD003200890613A1A2A03D21949794476
:1050D00062310FE0184979445E310BE0A3420ED1F2
:1050E00000030CD103200890613A1A2A1DD31349FA
:1050F0007944483103221398FCF79CFF9DE301AAF1
:1051000002A803C804F0C5FC02AA03C2684680785E
:1051100061281CD1059830210170811C05916946D8
:10512000097861290ED178210DE0054979441031C3
:10513000E0E700BF70C1FFFF70C1FFFF74C1FFFF58
:105140006CC1FFFF582141700798801C079002A88E
:1051500003C82246530802400B4004D1002A02D162
:105160000024002652E168468078612800D099E04A
:105170000E98002801D5212000E0401C13901398C0
:10518000401C2E90300039000022002304F096FCD1
:1051900002A830C802D28020000645400198001FB6
:1051A000019024A90A7024A8461C2E98002832DDFC
:1051B0002E9F20002900002280235B03FEF7C0FF02
:1051C00029D81C2204F093FC04000D00FEF7E0FF38
:1051D0002E90FF1F002F09DDFEF7E6FE02000B00F8
:1051E00020002900FFF760F804000D00F01D0721E2
:1051F0002E9A002A0ADD491E08D4401E13071B0FF1
:1052000003701211F5E7401E00220270491EFAD504
:10521000C61D002FCDDC24A82F99711A24AA551C75
:10522000139A0C00914200DD1400002C33D48C4200
:1052300005DA411C095D082901DB0F2100E000218E
:10524000220024AB9B1801E0641E5B1E521E1E78D8
:105250008E42F9D00F2904D1411C895C491C401CA5
:105260008154002A04D524AD641C0198001D0190CE
:10527000611E10D46A186846007813783033DEB2A5
:105280003A2E01DBC318C6331370491E521E002983
:10529000F3D5694608700E98002800D4B5E0601E6A
:1052A0000E90B2E07F007F08019866494843664946
:1052B00002F03AFE019007200199401A002805DD0E
:1052C00002003000390000F06FFB0AE0424200208B
:1052D0005E4900F069FB02000B003000390004F069
:1052E0003EFC6A469278662A02D1019A0A3200E0B0
:1052F00006220E9B9A18142A00DD142224AB3024B7
:105300001C705C1C02E030A803C8139A002A3CDD24
:1053100030AB03C3139230A803C8FEF74BFF2E90A7
:1053200006460834042530000A2102F011FE0F0061
:1053300030000A2102F00CFE06003037601E0770B4
:1053400030000A2102F004FE0F0030000A2102F0B2
:10535000FFFD0600A41E303727706D1EE3D1083410
:105360001398083813900028CDDD2E98FEF70CFE18
:1053700002000B0030A803C8FEF796FF0022344B52
:10538000FEF71CFE30AA03C2C5E72F98201A24A9F5
:105390004D1C04E0401E0199491E01916D1C2978A5
:1053A0003029F7D069468978662902D10199491CCC
:1053B00006E069468978652901D1149900E0002149
:1053C0000E9A5418A04200DA441E002C1DD48442C8
:1053D00004DA285D342801DD392100E03021220083
:1053E000681E831801E0641E5B1E521E1E788E42EA
:1053F000F9D0392902D1A95C491CA954002A04D545
:105400000500641C0198401C0190019E139568469C
:1054100000786946487004F003FC406A00786946E9
:1054200008700E9D20B2002804DC149C04487844C7
:105430000E3013906846807866280BD1761C23E0E6
:1054400074BEFFFF97750000A08601000000F03FCA
:1054500084D7974168468078672846D130B20321C7
:10546000C943884247DBA84245DA761C02A8008F70
:105470001299C0B2084203D120B2A84200DC050054
:1054800030B22D1A00D5002537B2002F00DDBAE06A
:105490000898411C08913021059A1154002D05DC13
:1054A00002A8008F1299C0B2084206D00898411C89
:1054B000089169460978059A11547842854200DAC4
:1054C0006E4236B270420B90AD1920B2854200DABE
:1054D0002C0024B20994220013990598089BC01847
:1054E000FCF7A8FD281B0C90DAE06846407861289C
:1054F00018D170201BE020B2A84206DA02A9098F59
:10550000129AC9B2114200D105006D1E00D50025C6
:1055100068464078672802D16520694607E0452043
:10552000694604E068464078412801D1502048701F
:105530000898411C089113990978059A11541398F9
:10554000411C002D05DC02A8008F129AC0B2104247
:1055500019D00898421C08926A461278059B1A5482
:10556000002D10DD641E20B2854200DA2C0022B22C
:105570000598089BC018FCF75DFD24B20898001937
:105580000890281B0B90059808994018694649789F
:10559000017031B2002903D42B214170871C03E034
:1055A0002D224270871C4E42002412AD300008E0CC
:1055B0000A2102F0B9FC30AA03C229703098641C99
:1055C0006D1C00B20028F3DC012C08DC6846407832
:1055D00020210143652902D1302038707F1C002C26
:1055E00009D1302038707F1C07E0641E12A8005DCE
:1055F000303038707F1C002CF7DC05980899401873
:10560000381A09904CE020B231B288421DDA22B239
:1056100013990598089BC018FCF70CFD24B2089854
:1056200000190890391B0B91002D05DC02A9098F88
:10563000129AC9B2114206D069460978059A1154E6
:105640000998401C09900C952AE032B213990598EC
:10565000089BC018FCF7EEFC0898C0190890A41B22
:10566000002D05DC02A9098F129AC9B2114205D09A
:10567000411C089169460978059A115420B2854267
:1056800000DA2C0022B21398C1190598089BC018A3
:10569000FCF7D0FC24B2089800190890281B0B9046
:1056A00002A83821405C14210140102900D0C4E038
:1056B0000798089940180B994018099940180C99B7
:1056C00040180F99884200DBB7E0081A0A90B4E04E
:1056D00002AA3A20105C622808D068280ED06A28F6
:1056E00014D06C281DD0712810D01AE034980168AD
:1056F0000868091D349B1960C0B218E0349801682D
:105700000868091D349B196080B210E03498006865
:10571000C31D072083433498036003CB349C23606C
:1057200006E0349801680868091D349B196000215F
:1057300002AB03C3108F1299C0B208425BD002A81B
:1057400003C8002901D1002855D0684600782021DF
:10575000014378294FD1079815A930220A54401CDB
:10576000421C07926A4612780A5444E002AA3A2080
:10577000105C622808D068280ED06A2814D06C28E3
:105780001DD0712810D01AE0349801680868091DEE
:10579000349B196040B218E0349801680868091D0C
:1057A000349B196000B210E034980068C31D0720D4
:1057B00083433498036003CB349D2B6006E0349818
:1057C00001680868091D349B1960C11702AB03C347
:1057D000002902DA07982D2109E0108F204202D01B
:1057E00007982B2103E0C00705D50798202115AAAB
:1057F0001154401C079015A8079940180590684659
:10580000017802A800F03EF817E014980790349849
:1058100000680168001D349A106015A801700CE042
:1058200014980790252015A908706846007800286C
:1058300003D007946846007848700F980799401A7B
:105840000A99401A0899401A0B99401A0999401A66
:105850000C99401A019002A83821405C400701D5FC
:10586000FFF77BFA2020694608700198002801DCC8
:10587000FFF773FA019C329DFFF762FA0020C043E4
:1058800035B0F0BDF2B586B0040025696F2901D1AD
:10589000082707E00846FFF721F9782801D00A27F2
:1058A00000E010273C2603CC083C04AA03C26A4649
:1058B000127E642A03D06A46127E692A09D1002921
:1058C00007DA04A803C800220023121A8B4104A897
:1058D0000CC004A803C800290DD100280BD1206BEF
:1058E000002808D1082F3DD13820205C000739D589
:1058F0003B26302035E00294009504A830C8761E7F
:105900000196200029003A00FB1702F05EFB3032BE
:10591000D0B23A280DDA00988255200029003A00CA
:10592000FB1702F052FB04000D0007D1002C05D13B
:105930000AE06846007E8218AF32ECE70298C06841
:10594000009989198842DAD3029C009D082F09D159
:105950003820205C000705D5A85D302802D0761ECF
:105960003020A8553C20801BA061A919E160216B63
:10597000884206DA081A2062208F1C4901402187DC
:1059800010E000290ED53821615C14220A40102A4B
:1059900008D1616B6269891A226A891A081A00287B
:1059A00000DD206207B0F0BDF8B50026104F0400FE
:1059B0000D00009214E0C00707D532003B00200024
:1059C0002900FEF7FBFA04000D000098401000903B
:1059D0003000390032003B00FEF7F0FA06000F00FD
:1059E00000980028E7D120002900F4BDEFFF000057
:1059F00000002440F8B50024002B11D007000E0051
:105A000014001D002178B068B847B060002809D0A4
:105A1000F06A401CF0620020641C6D1EF2D104008C
:105A20002000F2BD0020C043F9E7FEE710B50024D6
:105A3000032004F0FBF8002801D0012401E004F069
:105A400026F9200010BD01488068704794030020AB
:105A5000FEB5C84C2169CC4A914214D12168226814
:105A6000256823682468640D382727405B025C0F93
:105A70000F232D0C1D40160AF02232400192090A14
:105A80000B40009305E00825009570210191032447
:105A90001827BE4E00213171002801D004F027F9EB
:105AA0000320C043BA4989680140B94A9160114650
:105AB0008968084011468860B6480068B6490140C8
:105AC000B4480160B5490F20C0430A6B024015433A
:105AD0000D63CA6AF0239A43019B1343CB62CA6ADF
:105AE0001040009A0243CA620868072290430443A8
:105AF0000C6008683822904307430F605523FF204D
:105B0000C043A74A146804401C431460D46804408E
:105B100066252543D560146A044023431362136C41
:105B200003401D241C431464D36B034059241C43BD
:105B3000D463536C034032241C4354640123546ADD
:105B40001C435462974C25687F27BD431F272F4372
:105B5000276065683F27BD4309272F436760776843
:105B6000914D3D409F032F43776077688F4D3D40B7
:105B7000FC27BF032F43776075682D022D0A9027FD
:105B80003F052F437760B768884D3D40B427FF033A
:105B90002F43B760B5682D022D0AC827BF052F43D4
:105BA000B760B56805405A272F43B760B7687E4D88
:105BB0003D40C827BF012F43B760F7687B4D3D408C
:105BC0001F052F43F760F768794D3D40C0277F05DB
:105BD0002F43F7600425376907402F433761F76883
:105BE000384014270743F760F7686F483840A0270C
:105BF000FF000743F7607069054375617069DD0553
:105C00000543756170695D0705437561B0697F255E
:105C1000A843B061674803745E2545740D6B8574B5
:105C2000C3745D250575CD6A457583755225C575A7
:105C3000096801764376122181761168C17603776F
:105C400015214177D1688177C3771A2120254155E5
:105C5000116A212541550121222541552221232563
:105C60004155116C242541550121252541552121FE
:105C700026254155D16B2725415501212825415520
:105C8000232129254155516C2A25415501212B25D8
:105C900041551B212C254155516A2D22815401214A
:105CA0002E22815490212F22815421683022815448
:105CB00001213122815491213222815461683322A1
:105CC000815400220021342401550100103101606B
:105CD000416001000C318160C26000683168306051
:105CE0003548036071699A070A43726181691943F3
:105CF000816127480068264908602648C069184322
:105D00002449C861084680690343084683612048E6
:105D10000068F7BD294908684A681202FF231B0280
:105D20001340C0B21843896801D00C2901D37F20E9
:105D30000EE006225143773901E0891D40081F28F3
:105D4000FBD2FF22A23250431D4A8018800A081855
:105D500040B2704770B50E4CA56926682660FCF706
:105D6000E2FE2E433000FBF7D3FCFCF7DBFE20689D
:105D700070BD0000E81E001010B5124C20682060B5
:105D8000FBF7D0FC206810BDCCECBCFCC0000020B0
:105D90000400006028180060FFFFFFBF4816006085
:105DA0004815006040170060FF00FFFFFFFF00FF85
:105DB000FFFFFFC08407002010140060A4160060DD
:105DC000A04600002C14006080B503F090FD01BDDA
:105DD000F8B5050000260124002D25D028790028DB
:105DE00002D1280003F070FF04F022F8022129718B
:105DF00007002868016821400CD1046004F018F8FD
:105E0000C01B0A498842F4D303260420A8602E71DF
:105E10003000F2BD8068D0214903014328688160C9
:105E20000020A8602C71F3E70120F2BDE903000017
:105E3000F8B50400216808688004800E0D684E687B
:105E4000012739050D4206D00E4204D0A2683A431C
:105E5000A2602268916049080D4207D00E4205D029
:105E6000A26802231343A3602268916024280AD108
:105E70002068F821090140580C49884203D0A068E5
:105E800008210143A160A068002802D0200002F090
:105E9000B7FF7804054007D0064005D02168886028
:105EA0002771200002F0A6FFF1BD00000DD6000012
:105EB00038B584B00020FCF7D9FB002003F0D1FFF7
:105EC000012003F0CEFF022003F0CBFF012003F0FE
:105ED000FBFF00254A4C2570012028216054022038
:105EE000502160540121002003F0FBFF012101201B
:105EF00003F0F7FF0121022003F0F3FF414A0021E4
:105F00001020FDF794FE404A00212020FDF78FFE6F
:105F10003E4A00214020FDF78AFE3D482821694382
:105F200061180861C9616D1C032DF7D3684600BF75
:105F300049A11022FCF764F86946002004F039F802
:105F4000EFF31080012181F3108832490A68202381
:105F500013430B6080F310882F480168FF229143A0
:105F600040220A430260802040002C49086003F070
:105F700049FC002801D0FCF76CF903F05FFA02F04D
:105F80005DFEFBF7D7FB0020FCF771FB002005B09E
:105F900030BD000010B54469207803F0F9FF2021DE
:105FA00060542178491C00BF26A0FCF795F82078A2
:105FB000002803D0022807D003D310BD00211020F1
:105FC00004E00021202001E000214020FDF73CFEFC
:105FD00010BD80B50020C043FDF7C2FD01BD704774
:105FE000704780B506492822504308180021202216
:105FF0008154FA2149000830FCF7B0FD01BD0000D2
:1060000080060020391F0410591F0410951F04102A
:10601000955F04100040004108E400E000E100E06A
:1060200080B5012901D1002008E0202901D10120FB
:1060300004E08020C001814202D10220FFF7D1FF9D
:1060400001BD0000427574746F6E2025642070726B
:1060500065737365640A000000C20100000000005F
:10606000000000000000000081B00B4801688903B7
:10607000FCD5816802220A438260002102E000BF51
:106080000099491C009100990629F8DB81680422D7
:106090000A43826001B0704700004048F8B5040030
:1060A00001D10120F2BD8E4D2078C0062FD5A06809
:1060B0000028A86807D104218843A860A8680221A5
:1060C0008843A86006E002210143A960A868042172
:1060D0000143A960A06804280DD103F0A9FE0600C1
:1060E00028684105C90F12D003F0A2FE801B652865
:1060F000F6D30320F2BD03F09BFE0600286840059E
:1061000005D403F095FE801B6528F7D3F1E72078CE
:10611000C00738D573480168734A0A408021890155
:1061200011430160016880220A4302600168702205
:10613000914330220A43026060688021490288420C
:10614000286801D1014301E0AC4901402960606841
:1061500000280BD003F06CFE06002868800312D4E0
:1061600003F066FE801B6528F7D3C2E703F060FEEC
:10617000060028688103C90F05D003F059FE801B73
:106180006528F6D3B5E70427FF432078400733D5C9
:1061900020690028286820D0384028602868010736
:1061A000C90FFBD12868102188432860A868964948
:1061B0000140802040020843A86028680421014370
:1061C000296003F035FE06002868000714D403F0A8
:1061D0002FFE801B0328F7D38BE73840286003F09D
:1061E00027FE060028680107C90F05D003F020FE2E
:1061F000801B0328F6D37CE72078800746D52868E3
:1062000007402F601020C043296801402960296899
:106210008A06D20FFBD17D497D4A13680B4013607B
:10622000536819405160A968774A0A4080210902E1
:106230001143A960E9686022914320220A43EA6081
:10624000E168102903D128680143296002E0296828
:1062500008402860E06800280BD003F0E9FD060044
:106260002868800612D403F0E3FD801B6528F7D36D
:106270003FE703F0DDFD060028688106C90F05D061
:1062800003F0D6FD801B6528F6D332E7207800079F
:1062900024D5402660694028286801D1304300E0B9
:1062A000B0432860606900280BD003F0C1FD0400F2
:1062B0002868304012D103F0BBFD001B6528F7D3DE
:1062C00017E703F0B5FD040028684106C90F05D0A3
:1062D00003F0AEFD001B6528F6D30AE70020F2BDEF
:1062E0000000404898004048FFC0FFFFFEB5040092
:1062F00051D00091474800683021884300990143FC
:1063000044480160444D2068022814D1A868042143
:106310008843A860A86802218843A86028684005CF
:1063200039D528683D4901402960A868E0218843A3
:1063300061680143A960E020C04301908027FF000D
:10634000206800281CD12868384024D028688003A1
:1063500021D52868F9000143296003F069FD060092
:106360002868400406D403F063FD801B0228F7D997
:106370000320FEBDA8680199014060680843A86039
:10638000206801280FD1FFF76FFE2868074002D16F
:106390002868800301D40120FEBDA868019901404E
:1063A00060680843A86030271A4C0098216839407B
:1063B000884212D02068B84300990143216003F05D
:1063C00037FD009D060020683840A84205D003F044
:1063D0002FFD801B0228F6D9CAE7002002E000BF8B
:1063E0000098401C009000980628F8DB03F001FF9D
:1063F000FFF729FB03F01AFCFEBD0000FFFFFEFFC4
:106400000748006870470000FF7FFEFFFFCFFFFFD7
:10641000280050480410004000004048FFDFFFFF04
:10642000D003002044490278D20705D58A6D0423A1
:106430009A43036913438B650278920705D50A686E
:106440003E4B134042691A430A600278120705D591
:106450000A683B4B134042681A430A600278D2062E
:1064600005D50A68374B1340C2681A430A60806832
:10647000820604D50A68344B134018430860002094
:10648000704701000020314A012908D002290DD0AF
:10649000082917D0102930D0202935D07047116E27
:1064A0000422114022D0042917D07047916880221D
:1064B0005201114002D0914202D0704724487047E7
:1064C0002448704791680907116808D5890332D5B7
:1064D0009268C0210904114004D11F487047490443
:1064E000F6D470478022D203914201D11B487047F5
:1064F000520091421FD11A4870479068802189014B
:1065000008408842E9D10FE09168C02252020A4057
:10651000802109028A4207D049008A4207D0C0215F
:1065200049028A4206D07047802000027047FA2054
:10653000C00170470B48704708004048FFEFFFFF5D
:10654000FFFF3FFFFFDFFFFFFF7FFEFF0000404830
:1065500000127A0000093D000024F4000048E80120
:106560000090D003127A0000F8B50E4605461224BA
:10657000FDF7A8FFB04217D3012D15D80B480068CE
:10658000817900918571477946712846FDF7A2FF10
:106590000024B74202D10098A84205D0FF207F22F4
:1065A00001210B4603F05EFE2046F8BD2C090020B9
:1065B000F0B585B0054604A800270770122401290C
:1065C00001D9204648E00E4624480068009003F0B8
:1065D0004BFE002840D100995C310878C00711D1EA
:1065E000C87830430E46C87003A807210170002DFB
:1065F00012D0022D08D0012D20462DD104A8102143
:10660000017009E00C2027E004A82021017003A9F3
:1066100003F0A8FE00281FD103F0A6FE00281BD11E
:106620000098603003F0A2FE002815D104980121E3
:1066300031740843307003F09DFE01AC204603F036
:10664000A9FE204603F0DEFEF843019004480290C4
:10665000204603F0E7FE384605B0F0BD20090020D3
:10666000FF9F0020F0B58BB015460C4636490B68ED
:106670000646283E062212210B2E10D900281CD0D7
:10668000FF2835D0082817D0182815D080283CD0EE
:10669000812847D0FE284BD006280BD013E0C046F7
:1066A0007E4436797600B744050E050E110E080EAD
:1066B0000E0E0E18022200E0102222701918284631
:1066C000FDF7C2FE002108460BB0F0BD012020708E
:1066D0002C21595C01402970F4E703F0B3FE01A9B5
:1066E0000870012628463246FDF7AEFE2670E9E71F
:1066F00001A803F0AFFE00281DD001A904262846FA
:106700003246FDF7A1FE002117E00620207001A807
:1067100003F0A2FE002812D02278FF212846FDF7C0
:1067200097FECFE706222270084801686631C6E767
:1067300000202070C7E7122100262670C3E72278C8
:1067400001A92031BBE7C04618090020200900201C
:106750001CB51148046803F08CFE882807D00C286B
:1067600005D05D34002808D1022060701CBD0520D2
:1067700002F00EFAFAF7DAFF1CBD002060702078F4
:106780007F210140217001A9862048708020087077
:10679000022003F071FE1CBD20090020BCB5114889
:1067A0000068446D03F0ACF8002802D00E48807EEB
:1067B00000E00120C5B21134002D11D0207800284E
:1067C0000BD020460F380078800706D560786A46DF
:1067D00010700020012102F06DFD14346D1EEBE7F6
:1067E000BCBDC04620090020C0070020B0B5096824
:1067F00083240022002912D0CD690024CC61087ABC
:10680000C00603D4002003F099FE02E0084603F01E
:10681000CFFE012200282946ECD083240AE0D007CD
:1068200008D072B6044800688521425C521E42546A
:1068300062B60024E0B2B0BD2C09002010B50C688F
:10684000207BC00708D000210122204603F0BEFEB5
:10685000207BFE21014021730D4800682C21405C03
:10686000C00703D1204603F0C4FE02E0204603F037
:106870004FFF002801D0832010BD72B60548006884
:106880008421425C521E425462B6002010BDC046B4
:10689000180900202C0900200120704770B50B4C0E
:1068A000012504222046294603F066FF084E306089
:1068B00006222046294603F05FFF316808603068F1
:1068C0000168002088804880087070BDBC070020E7
:1068D0001409002010B50C460879497909020818F6
:1068E00003F05CFF207961790902081803F096FF34
:1068F000207961790902081803F0BEFF03F0E6FF72
:10690000207961790902081803F0E2FF094800685C
:106910002F21405CC0060BD52079617909020A1845
:10692000A379E178022003F0F5FF002800D010BD24
:10693000002010BD2C09002010B5044608794A79C2
:1069400012021218C978062004F018F807480068E7
:106950002F214056002801D4002010BD1620E070E1
:10696000A078BF210140A170842010BD2C09002017
:1069700010B5044608794A7912021218C97807201E
:1069800003F0FCFF0748006834214056002801D47A
:10699000002010BD1720E070A078BF210140A17039
:1069A000842010BD2C090020B0B50D46044608799E
:1069B00000281DD16879A9790902081804F05EF849
:1069C0006879A979090208182A7AE9792B460933E6
:1069D00004F078F86879A9790902081804F08CF8AD
:1069E0006879A97909020818E97904F0A5F82879E5
:1069F0006979AA7912025118EA7904F0ACF80948C9
:106A0000016836200A5C002092060AD53631497AA0
:106A1000C90706D01820E070A078BF210140A170FE
:106A20008420B0BD2C090020FEB50D46044608792F
:106A3000002823D16879A9790902081804F01EF802
:106A40002A7AE9796879AB792E4615362F460F37C1
:106A5000009701961B0218182B46093304F085F89D
:106A60006879A9790902081804F046F86879A979C3
:106A700009020818E97904F05FF828796979AA7998
:106A800012025118EA7904F066F8094801683620C4
:106A90000A5C002092060AD53631897A890706D524
:106AA0001C20E070A078BF210140A1708420FEBDB1
:106AB0002C09002070B50446144E30683625405D20
:106AC00000280ED108794A79120210188A7BCB7BF4
:106AD0001B029A18891D04F06FF83068405D002889
:106AE00011D00B4801684A5D002092060AD5363164
:106AF000497AC90606D51920E070A078BF21014067
:106B0000A170842070BD002070BDC046180900200F
:106B10002C09002010B504460879491DFBF7AAFC92
:106B20000A48016836200A5C0020920604D53631F6
:106B300009228956002900D410BD1A20E070A078DF
:106B4000BF210140A170842010BDC0462C09002047
:106B500010B504460879491DFBF790FC0948016807
:106B600036200A5C002092060AD53631897AC90798
:106B700006D01B20E070A078BF210140A1708420C6
:106B800010BDC0462C090020F8B5184C0125042280
:106B9000174E20462946B047164F3860102220462F
:106BA0002946B047396808600C2220462946B0477C
:106BB00039680968C860104DE98924222046B04729
:106BC000014638680268D06881600021082903D036
:106BD00000235352891CF9E7E989D18000211181F2
:106BE000E989418004F068F8F8BDC046BC07002080
:106BF00079A7041034090020C00700200120704745
:106C000070B50D4D2A684224135D7F261E4016552F
:106C1000002802D004F06CF870BD084604F084F837
:106C20002868015DF7220A4002550E2001F0B0FFEE
:106C3000FAF77CFD70BDC0463809002070B51D4EC6
:106C400032684225535DDB0628D5002816D0A432D1
:106C5000194800683421405C742141430023994263
:106C60001CD01068002807D0C0180489002C03D05D
:106C700017240457002C12D47433F0E74920800005
:106C8000101820242246FDF7DFFB3068415D2143C8
:106C900041550E2001F07CFFFAF748FD70BD0B2135
:106CA0000022012304F052F83068415DCF220A40EF
:106CB000425570BD3809002018090020F8B5054676
:106CC0000120682104F056F8234F3860234EF07AF3
:106CD0001424214604F04EF801463868C162012DA3
:106CE00010D15C3004F050F82225705D342104F09E
:106CF00041F839684863705D4000102104F03AF8AB
:106D000039688864F07A411C154D0122284603F049
:106D100033FD39680862F17A0222284603F02CFD1F
:106D20003D686862F17A0F4A0723284604F030F87C
:106D3000386817210185318C172901D28620F8BDCA
:106D40004185F17A4C43C06A00212246FDF780FB61
:106D500004F033F8F8BDC04628090020C007002021
:106D6000BC0700203DA60510F0B589B0012B00D06E
:106D7000A1E000AB07C30F980E99039129214F4C56
:106D8000615C4A1E9141E27F089204F018F8069077
:106D9000E67A049601271821494C3846A047234635
:106DA000484C216890254959C86340213846984786
:106DB00021684959C96B0860572084003046214634
:106DC0003F4A90473F4909684959C96B486008984C
:106DD000874003F0FFFFF8B20821394A904739494C
:106DE000096808954959C96B0968242200268E5400
:106DF000086224314F700594049844430794069D1B
:106E0000089C0798B0421BD001273846294603F05A
:106E1000B1FF2C4909680959C96B4968891984224D
:106E200088503846294603F0A5FF264909680959C4
:106E3000C96B496889198822885005983618E0E797
:106E400000980128049C09D10E21204603F092FFEE
:106E50001C490968089A8958C96B886001980128FB
:106E600009D10821204603F085FF16490968089AD0
:106E70008958C96BC860029801280FD12421204687
:106E800003F078FF0F4D2968089A8958C96B08618B
:106E90000120112103F06EFF29680866039801287C
:106EA00009D11C21204603F065FF06490968089AAC
:106EB0008958C96B486109B0F0BDC046C0070020C1
:106EC00075AD04102C09002070B50024204603F095
:106ED000B7FF0546094E30683421415C8C420CD224
:106EE000E321695CC90703D0284603F0B7FF306887
:106EF000572189006D18641CEEE770BD1809002049
:106F000070B50024204603F09BFF0546094E30680B
:106F10003421405C84420CD2284604F041F8002819
:106F200002D0284604F03CF8572080002D18641C3D
:106F3000EDE770BD18090020F8B50024204603F0E5
:106F40007FFF05460126264A274610683421405C0B
:106F500084423DD22C20285CFE21014002292BD105
:106F6000284604F08DFA0028304623D1284604F044
:106F7000A2FA002830461DD1284604F09EFA0028C7
:106F8000304617D1E0B2009004F099FA002830465C
:106F900010D1009804F095FA002830460AD128460E
:106FA00004F091FA0028304604D1009804F08DFADC
:106FB000411E88410A4A00E00020411E88413906EE
:106FC000374600D10746572080002D18641CBCE7C7
:106FD000380603D01220012104F07AFAF8BDC04629
:106FE00018090020F0B589B00024204603F028FFDE
:106FF000009001200890404800683421405C8442A1
:1070000078D2572080000594604300990D182C20F9
:10701000285CFE210140022969D10121009C204603
:10702000079104F069FA064600212046019104F018
:1070300063FA411E8841002E0899049100D1049002
:107040002B462846E83003902846E6300290EA3383
:10705000089F06931C78F02626400F252540032D17
:107060001FD0022D0BD0012D2BD1049800282CD03D
:107070001320012104F02CFA069B022525E0039839
:10708000008802990988081A0A2343431B480068AC
:107090000599C9B2A030012204F039FA069B0325F4
:1070A00013E0A00611D5049800280CD00598C0B2B2
:1070B00004F094FA002801D0D02626400898069BB8
:1070C00004E0019802E0D0262640089872B61978AC
:1070D0008C4203D12E431E70002102E007990F401D
:1070E00039464A1E914162B600270842B2D1059C3A
:1070F000641C80E709B0F0BD180900202C090020AD
:10710000F0B589B001920291044601F0F6FAFDF75C
:10711000FAF90320C043C01C03AD28810120288256
:107120006873AA27E05DA8722646AA36B07EE87288
:107130000198049002980390B07C01F0F2FBA874CF
:10714000E05B1449401A411E8841E87328732046C9
:10715000EC3004F05BFAF420002102912150FF276B
:10716000B77404F05BFAA873284604F07FFA20464F
:10717000283004F0A3FD3C34204604F09FFDB77690
:1071800002983074307E800701D504F0A8FD0120FC
:1071900009B0F0BDFCFF0000F8B50446C420FF2193
:1071A0002154A420255A01272F402646C436002FFB
:1071B00004D004F095FD3070FF2822D0A43404F0F0
:1071C0002DFA2076FF2813D00021E8061AD40D46A8
:1071D00004F024FA29466076FF2813D1002F02D04C
:1071E000307804F099FD207E04F09EFD072109E02F
:1071F0000721002F06D030780C4604F08DFD214683
:1072000000E00C210846F8BDB0B588B0129C069489
:10721000119C0594109D04950F9D03950E9D02955C
:107220000D9D01950C9D009504F094FD012C10D14D
:1072300004F0DEFE04F0EAFE0748C17A0748006861
:10724000A030074A052303F0A3FD04F067FF04F014
:1072500071FF08B0B0BDC046C00700202C09002057
:107260004DBA051080B50146C07C401E032812D8D7
:10727000784400794000874401050B01002004F0A8
:107280005AFF80BDB5208872C87E401CC87680BD7C
:10729000084604F08FFF80BDE0B502684068D17CED
:1072A000022909D1D169D37E5B1ED94001230B404D
:1072B0007F21C9435B1800E000230549096800905D
:1072C0004C32DBB208466430E43104F0BFFF8CBDC1
:1072D00038090020FEB5B0C80668BA20307000201A
:1072E0003860E07C02281AD0042837D11C48016895
:1072F00002AD009522463C3223464C330846E4302A
:10730000643104F0D3FFC1203070284605F004F842
:10731000144900F01DFE208905F00AF8FEBD104852
:107320000168E069E27E01920095521ED040802201
:1073300002438123134022463C320846E430643144
:1073400004F084FF2C34102228462146FDF787F8EC
:1073500038600198132801D8B4203070FEBDC046B3
:107360003809002040420F00B0B5002814D00B4D62
:1073700028684221425C082313434354643008497F
:1073800020242246FDF760F828688430054922460B
:10739000FDF75AF804F0FEFFB0BDC04638090020E2
:1073A000FFD105101FD2051070B50546C67D00241B
:1073B000300710D5288904F0FBFF002801D01024E5
:1073C00009E0064800684221425C04231343435409
:1073D00001200643EE75204670BDC04638090020E6
:1073E000B0B504461448026864320025402128469E
:1073F00004F0FEFF002803D003F07AFC122519E008
:10740000E07D60210140602914D0202202406421E7
:10741000635C012119408A1807D19B210840E0755F
:10742000204604F0F7FF054604E08425002901D03A
:107430004006F5D42846B0BD3809002070B5046870
:10744000E67D310708D50579FE200640208904F045
:10745000AFFFE675002800D070BD002D01D03420AC
:1074600000E00420C0430449096842228B5C0340C9
:107470008B5403F03DFC70BD38090020F8B500279F
:107480006B4B6C4A3D4618683421405C854200D302
:10749000CDE01068A4214058002800D1B2E0C41902
:1074A0002089002800D1ADE0A07A0146D139052914
:1074B0005DD3002800D1A5E0FE2800D18AE0A228F3
:1074C00059D0AA2800D181E0B22854D0B42800D1E4
:1074D0008AE0BA287AD0BF2800D189E0F02800D10C
:1074E0008BE0102800D090E00121204604F0C4FF7A
:1074F000002800D196E00026A67204F0D3FF0028F1
:107500004B4B4C4A7ED06420205CC0077AD004F0FC
:10751000D5FF484A464B002874D0E079C02101408D
:1075200040296FD1444800684821405C000769D574
:1075300024894248006880694A2202210B4604F0EF
:10754000C1FF3C4A3A4B00285CD0014604204872F7
:1075500008220A72CE7188718C72FF2048718220D5
:107560000871200AC872022005F008F848E0204699
:1075700005F012F844E0E07D01260007304613D5FF
:107580002046FAF7D4FF002806D0122804D00E2097
:1075900001F0FEFAFAF7CAF8E07D60210140603997
:1075A00048424841224B234AE17C022904D1E17B35
:1075B00010220A4016091F4A002823D0002E21D08D
:1075C0006420205CC00724D04B2023E02046FAF73B
:1075D000BAFF15E064202056002813D5002174223C
:1075E0002046FCF735FF0BE0204605F077F807E072
:1075F0000021204605F083F802E0204605F0B4F8AB
:107600000C4A0B4B74376D1C3DE7204605F0EAF839
:107610000AE05B20C043A0720E2001F0B9FAFAF72D
:1076200085F801E0F120A072014B024AEAE7F8BDBB
:1076300018090020380900202C0900201C0900200E
:1076400010B50446C07D00070DD5204605F0CCF8E6
:10765000002803D0842806D0882805D10E2001F008
:1076600097FAFAF763F810BD0B2100220123204698
:1076700003F06CFB10BD80B503F03AFB80BDFEE764
:10768000FEB5604F604C38680168002900D1B8E051
:1076900005F006F90546008805F00CF90028F2D03F
:1076A00006463868B021405C00280ED00821002230
:1076B0000123304603F04AFB00280ED0FD2800D0FD
:1076C00096E0284605F018F9DDE76868007A052895
:1076D0000CD12846314605F01DF9284605F00CF975
:1076E0000E2001F055FAFAF721F8CCE7B17AF1292A
:1076F00001D000290AD16421725C0121114001D11D
:107700000B28DED1002901D00128DAD1F07D000755
:1077100006D50296019501A8FAF725FFFC28CBD1E2
:107720006420305CC00707D10296019501A805F0DE
:107730001DF9FC28C0D122E06868007A042831D005
:10774000032837D001281AD1B07A002803D0FB28AB
:1077500047D0F128B5D1308905F00AF9024600205A
:107760000146234605F024F9307E810702D5032126
:10777000084330762846314605F040F9D9E72846D7
:10778000314605F087F9FC2803D0862899D0842853
:1077900092D1F07D000794D50296019501A8FAF7E1
:1077A000DEFE89E7B07AB6288BD12846314605F04F
:1077B00013FABEE7B07AB22809D0B42807D0B528AA
:1077C00000D07EE72846314604F0B5FCB1E7F07CF6
:1077D000022800D075E738684021415C032908D1B0
:1077E0006FE7092100220123304603F0AFFAA0E73A
:1077F0003868294605F080FA0F2001F0C9F9F9F739
:1078000095FFFEBD380900203075000070B5056891
:107810006968097AFD240E2946D14668F07DC006C4
:1078200042D5F07C02283FD1307B02283CD1642035
:10783000305CC007B07A01D1A23800E0B23803282A
:1078400032D8012830D0308905F092F80246002461
:10785000164B2046214605F0ABF815480068482134
:10786000405C400620D536896868457A1148006832
:10787000806902214C22032304F024FE002813D047
:1078800001468672042048720A2008720024CC71D6
:10789000052088710D73FF20487182200871300A1D
:1078A000C872022004F06AFE204670BD30750000E8
:1078B0002C0900201C09002080B501460068496899
:1078C0004268127A0D2A0FD00C2A15D18A7A102319
:1078D0001343FF22B22B18D16423CB5CDB07CB7D93
:1078E0000CD19B060CD410E08A7A10231343BB2BD7
:1078F0000AD105F00AFA05E0FC2206E05B0604D492
:1079000005F040FA024600E0FF22104680BDFEE787
:10791000F8B52920C10001241F4D2046A8471F4E5D
:1079200030601F4FF87A7421A8473168A42288502C
:1079300005F08EFA28212046A8473168AC228850ED
:10794000F87AC01CC0B2411C164D2846224602F0EF
:1079500013FF31688862F87AC01CC1B2022228463F
:1079600002F00AFF3168C862084603F00DFA05F01C
:107970007BFA3068422100254554402103224254BD
:10798000094904634163443010212A4605F080FA16
:107990002846FAF7C4FDF8BD75AD0410380900207B
:1079A000C0070020BC07002007100707F8B501201A
:1079B000982103F0DFF92B4E30602B4FF87A397B9A
:1079C00008181424214603F0D5F9326800255563C0
:1079D000D562F97A03462F46B9420AD01D615F701D
:1079E0001F703268D36225467D43451914337F1CCE
:1079F000F2E7002313631C4A127B5218CDB2AA424D
:107A00000AD96543FF27475545192B6169703368CB
:107A10001D63491C2B46F1E79006000E411C134CD8
:107A20000122204602F0A8FE316808620E4DE87A75
:107A3000297B08188006010E0222204602F09CFED7
:107A400034686062E87A297B08188006010E084ACB
:107A50000723204603F09CF905F032FA05F048FAB6
:107A6000F8BDC04624090020C0070020BC07002044
:107A700061700510E0B500200090064B01460246FB
:107A800005F03AFA002804D0072001F081F8F9F750
:107A90004DFE8CBD4D6F051010B505F05BFA00284A
:107AA00001D0022400E00124002005F063FA0D4912
:107AB000098A25314909491C00F04AFA844204D94F
:107AC0000820002103F004FD10BD82B242200021F5
:107AD00005F05EFA002804D0082001F059F8F9F703
:107AE00025FE10BDC0070020F0B585B00F4F3868E7
:107AF000403005F07FFA0446200414D06D46002083
:107B000028703868403004F0CBFE0190068805F0FC
:107B10007AFA0146304605F07BFA0290284605F0D5
:107B200089FA641EE8E705B0F0BDC04624090020CC
:107B3000F0B5D3B000250C950B950A950995412019
:107B400082000DAC20462946FCF782FC25711020EE
:107B50004490169009A80F902046FCF79FFCDC3457
:107B60000194012005F038FB06464EA80C30029027
:107B7000494D002E41D03078032839D04EAF3046E1
:107B8000394605F03BFB387C102831D1708804A9B8
:107B900008804EA880893E49411805291CD33D49DB
:107BA0004118042903D329210902884220D10DAFAD
:107BB000022404AA38462146A84738462146029A9C
:107BC000A847002005AA314605F040FB0598426809
:107BD00001883846A8470BE00DAC022704AA2046CE
:107BE000394605F043FC20463946029A05F03EFC32
:107BF000304605F06FFC0646BBE70198828C002AF0
:107C000006D00DA8202101710146E031FCF74AFCA5
:107C10000DA84EAC04AA2146FCF748FC05AD102681
:107C2000012328462146324605F068FC1B4F39687F
:107C3000833128463246FCF712FC00281AD03868F7
:107C4000833005A91022FCF7FFFB8120400003AD23
:107C5000288000950024124B20462146224605F03C
:107C60004BF98020288000950E4B20462146224665
:107C700005F042F938685C21425CFD23134043540F
:107C80000B2000F085FFF9F751FD53B0F0BDC04661
:107C9000FFD6FFFF00D8FFFF6DD404102409002099
:107CA000FBBC051007BD0510E0B5002100910220C6
:107CB0000422074B05F020F9002801D0812800D1CB
:107CC0008CBD0B2000F064FFF9F730FD8CBDC04681
:107CD000F581051080B505F021FC80BD80B5042834
:107CE00001D9122080BD05F01DFC80BDF0B589B022
:107CF0000546084628431224012836D80E9F072F30
:107D000033D3102F31D80F9810282ED8B8422CD347
:107D10000E461099022928D80191029003930492EB
:107D2000FAF7A4FB012806D1049902291DD8039A69
:107D3000012A07D919E0039A10460499084301D093
:107D4000112412E005AC019820730948E0800298E4
:107D500060712771E270A1706670257005F0F2FB0A
:107D60006073204605F0F8FB0446204609B0F0BDDC
:107D70000707000080B503461220002906D0042919
:107D800004D8032A02D8184605F010FC80BDFEE78F
:107D900080B5044A914201D9122080BD05F074FCDF
:107DA00080BDC0463F420F0080B5012902D805F0D2
:107DB00084FC80BD122080BD80B505F09CFC0020B5
:107DC00080BD80B505F09CFC80BD80B505F038FD18
:107DD00080BD80B505F03EFD80BD80B505F0CAFDD3
:107DE00080BDBFB51C4602AB089D5D801A80099A14
:107DF000039200930123224605F0C6FD04B0B0BDF6
:107E00001CB5059C0194049C009405F002FE002022
:107E10001CBD80B505F005FE80BDBFB501AC089D59
:107E20002581E380A28061802080204605F004FE49
:107E300004B0B0BDB0B504460078002801D00428D5
:107E400001D3122000E000201225002A2A4600D08B
:107E50000246012900D81546002D07D101F054FD36
:107E6000002803D12078FD21014021702846B0BDB3
:107E700070B594B0044605F059FE06466D463E3591
:107E8000684605F05BFE00280BD1002E09D168463C
:107E900040780121014020462A4605F063FE06464F
:107EA000EEE7F0B214B070BD70B51D4D296872B622
:107EB0000A6800260E604B6813434B6062B60028C8
:107EC0000CD028684168CA0708D00122514041609F
:107ED00072B6286801681143016062B62C681034DC
:107EE000206800280DD0204605F046FE8000296855
:107EF000081872B68268866048681043486062B6A7
:107F0000EEE72868041D074D2068002806D02046AB
:107F100005F032FE810069588847F5E770BDC0461C
:107F20003C09002010130410CA0F00D0494203106E
:107F30005A400DD004B500D3404200F009F8009A31
:107F4000D20701D34942124200D5404204BD00008D
:107F5000094214D088420FD30122030C01D100043E
:107F60001204002300185B418B4200D35B1A52417C
:107F7000F8D319001000704701000020704708B5C1
:107F800005F01AFE08BDFEE710B5904216D98AB278
:107F9000030C090C0C46594380B2534344435043ED
:107FA0001B191A041B0C101859418022520300237C
:107FB00012184B41520DD802104310BD4843802285
:107FC00052031218520D104610BD12422DD0994284
:107FD00031D970B500251B4209D00C00002112E0F8
:107FE0001100FFF7B5FF0A000021002370BD094210
:107FF000F6D00024012649186441944200D3A41A03
:108000007641F8D33100012601E0764109D200180B
:1080100064416D41A41A9D41F7D2A4185D41B6197F
:10802000F5D3300022002B0070BD1B42CFD108B524
:1080300005F0C4FD08BD01D19042CAD202000B0078
:10804000002100207047FEE730B4434351435D18E0
:10805000010C0C00130C5C432D1980B2434392B207
:1080600051430024C918644124040B04090C091964
:108070005043C018694130BC7047FEE7F4B50700B3
:108080000E00354C2078012801D10220F2BD0120DC
:10809000207000256560FA20800000F011F80100D2
:1080A0000CD130000099002F02D100F02EF801E031
:1080B00000F03AF8FA20800000F002F82570F2BDD6
:1080C00038B5040001F0B4FE050024488168C907F2
:1080D0000AD40020C0438442F7D001F0A9FE401B1F
:1080E000A042F2D3032032BD0C2182680A400C2A40
:1080F00009D1194A536804681C43546082681143CB
:108100008160012032BD002032BD10B5144A1369D0
:108110000F241C431461134BC0184003C00B906123
:1081200011643320106010BD10B50D4A13690F247F
:108130001C4314610B4BC0184003C00B90610868CE
:1081400010644868506488689064C868D064CC2023
:10815000106010BD00000000D4080020081000408E
:10816000001000400000FCEFA446521E08D3037824
:108170000C78401C491CA342F7D0181B644670477A
:10818000002064467047FEE7FEB50024204D2B78A2
:10819000012B01D10220FEBD01232B706C60FA2758
:1081A000BF000368FF2B0AD11A4801690F220A4356
:1081B0000261222101603800FFF782FF19E00023ED
:1081C000DB430B60466800900191002000E0761CC4
:1081D00000994968009A926889188E4209D2300045
:1081E00000F009F83800FFF76BFF0100EFD00199AC
:1081F0000E602C70FEBD07490A690F2313430B6103
:10820000C0024003C00B8861112008607047000065
:10821000D40800200010004010B504000800110030
:1082200002002000F9F7E6FE200010BDF0B585B091
:10823000944F3968C8604A78E32313401A1D4A7086
:1082400000F036FA05463868C06800F021FA0646A4
:1082500038684469C06800F001FA012228431FD140
:10826000384617460068C06800F01EFA002815D18D
:1082700084480068C06800F001FA00280ED18148E7
:108280000068C06800F0FEF9002807D17D4800684A
:10829000C06800F011FA002800D1DDE03A46794FBD
:1082A000002E07D0002D05D1002C03D0386840786F
:1082B000C0070CD138684078C00700D09FE0002C80
:1082C00000D19CE0E07D01210143E17597E003923C
:1082D00005F076FC20786075E07DF9210140081DED
:1082E000E07500250495606A21698A6804A99047B1
:1082F0000646204605F080FC38684068E061022EA2
:1083000004D10499002901D1049001E0022E1ED16C
:108310002E46257DFCF7F7F8E80735460BD1049982
:10832000204605F089FC00282ED0207D0121014047
:1083300003264E4013E0A069A168E2680818C04314
:10834000049908188018002808DA022607E0002E91
:108350003BD0FCF7D8F8012EE1D000E00326B01E98
:10836000C0B2022836D839681831204605F0A6FC7C
:10837000386800254561042E029507D0032E09D1E7
:10838000204605F0A5FC08E0012623E0204605F084
:10839000B3FC02E00498E0612546284605F0BEFCE7
:1083A00001200190294605F029FD38684069002820
:1083B00003D0A84201D1029D0CE0002D09D0E87D38
:1083C00001210843E8750D4604E000F02BF92E4624
:1083D00000E0019D2069C268002A02D0606A294637
:1083E0009047032E00D10024002E02D005F076FD28
:1083F00004E03868417810220A434270039A002A48
:108400001CD038684569FCF77EF8002D11D0E96969
:10841000284605F011FC002810D0FCF774F83968E4
:10842000002048611831284605F048FC284605F030
:108430004FFC002005F072FC05F050FD38684178D3
:10844000FB220A4042704069002803D100202146E7
:1084500005F0D4FC05B0F0BD0A480068C06800F023
:108460002FF900283A46074F00D019E738684078BE
:108470000121014048424841611E22468A41024092
:108480000EE7C04630090020694A5C2358431018A3
:108490000268684B1340C906802212051140194337
:1084A00001607047624A5C2358431018C269FF2379
:1084B0009A43C9B21143C16170475D4A5C23584376
:1084C0001018026A120C120489B21143016270473B
:1084D00057495C2250430818C16A80220A43C2628D
:1084E000704753495C2250430818C16A8022914367
:1084F000C1627047426801239A43CB07DB0F1343E5
:1085000043607047426808239A43C90003E0426809
:1085100010239A4309011940114341607047426892
:1085200020239A434901F6E74268494B1340090268
:108530008022520005E04268444B134049028022E9
:10854000920011401943416070475CB504B40200C9
:10855000069C00200026012935D1684601781800C4
:10856000084301D106203BE008200E0003D1012B77
:1085700006D1052034E0012E0CD1190005D12FE0E1
:10858000062BEFD0042B2BD1ECE7062B28D0042BA5
:1085900007D125E0062E01D0042E07D11E0002D1FE
:1085A0001DE0012BEFE70E00062E01D0042E03D1B3
:1085B000012BD7D0062901D0042911D1062B0ED0CA
:1085C000042B0DD10BE00B0004D10720012C0DD1A1
:1085D00099260CE0022902D0032908D1F6E70720EA
:1085E000012C01D19B2602E03D2600E03B26911B99
:1085F000081A5EBD1C490A681C4B13401C4A29E03E
:108600001C48016808220A43026070471948016843
:1086100001220A4302607047174801688022914393
:10862000016070471448016880220A430260704765
:10863000DC000020FFFFFFF70F490A687F239A4301
:108640004006400E1043086070470000FFFDFFFF2A
:10865000FFFEFFFF02401A430A607047010099487D
:108660000840704700000000040000604F00020056
:10867000B0FFFDFF18000060C40000208021C90386
:1086800008407047002070478021C90508407047A6
:108690008021890408407047802189010840704783
:1086A0008021C90208407047802149020840704774
:1086B0008021890308407047802189000840704765
:1086C0008021090108407047802109060840704751
:1086D0008021C9040840704740210840704780212C
:1086E00049040840704780B50021FFF70BFF01BD2A
:1086F0004168802291434160704780B50021FFF7B7
:10870000F9FE01BD8068704780B51021F9F770FC53
:1087100001BD80B50121FFF702FF01BD80B5012138
:10872000FFF7F5FE01BD80B50121FFF7EBFE01BDAE
:10873000826881607047416880220A4342607047C6
:10874000C1688022D2050A43C2607047C168802296
:1087500092040A43C2607047C168802212060A432D
:10876000C2607047C1688022D2040A43C260704769
:10877000C168802252040A43C260704741680422E3
:108780000A434260704702680160704780B500216B
:10879000FFF7CAFE01BD704780B50121FFF7C4FE97
:1087A00001BD416840220A434260704780B5012103
:1087B000FFF7A0FE01BD80B51FE0C268120D1205D3
:1087C0000903090B1143C1607047C168802252033D
:1087D0000A43C2607047C168802212040A43C26023
:1087E0007047C1688022D2030A43C260704780B5D7
:1087F00041688022D2000A4342600121FFF79BFEBC
:1088000001BD72480268724B13400902714A0EE1C1
:1088100080B50121FFF738FE01BD6F4A5C23584344
:1088200010180029016803D040220A4302607047F3
:108830004022914301607047000067495C22504329
:1088400008180168654A0A400260016A654A0A40E0
:1088500002627047000062495C22504308180168B8
:10886000802292030A430260016A802292050A4331
:108870000262704700005A495C2250430818406A5F
:108880007047574A5C2358431018C26A120C0A708A
:10889000C26A120E4A70026B8A70026B120ACA70A8
:1088A000006B8002800E087170474D495C22504376
:1088B000081838307047000049495C2250430818B6
:1088C0004030704730DFC90045495C2250430818EA
:1088D000C06A8004800E704741495C2250430958A9
:1088E0000806C00F70473E495C2250430858800478
:1088F000800E70473A4A5C2358431018C269120A26
:108900000A60036A1B0613430B60006A0004000E32
:108910004860704732495C22504308584000400F7D
:1089200070472F495C22504308584001400F704760
:108930002B495C2250430918C86AC006C00EC96A98
:10894000090602D51F2800D12020704710B5040069
:108950005C21234822005C235A438018F9F748FB26
:1089600001212000FFF759FF10BD854A5C235843C1
:108970001018426A4162704710B5814A5C2358431F
:108980001018C26A92B20B784C7824021C4323045C
:108990001343C362026B920D92058B78CC7824024C
:1089A0001C430979090421438902890A114301639F
:1089B00010BD734A5C2358431018826A120E1206C7
:1089C0000902090A1143816270470000D0000020AB
:1089D000FF0000F000FFFF0FDC000020FFFFDFFFC3
:1089E000DC000020FFFFFFDF654A5C2358431018BE
:1089F000826A1202120A0906114381627047604AB4
:108A00005C2358431018C26A5E4B13400902FC22D3
:108A100092010A401A43C2627047594A5C23584384
:108A200010180268574B13400902FC2292010A40B9
:108A30001A430260704710B5514A03005C24634337
:108A4000D218D369DBB20C6824021C43D4614A6893
:108A500012020968090E1143FFF72FFD10BD80B502
:108A6000474902005C235A438918096A8AB2802167
:108A700009021143FFF721FD01BD41495C2250432A
:108A80000818016880229143016070473C4A5C23CA
:108A900058431018826881607047394A5C235843F4
:108AA00010180268384B13400907E022D205BEE7D0
:108AB00038B50A68324B04005C256C431B199C696D
:108AC0009A614968FFF7EEFC31BD80B52C49020080
:108AD0005C235A438918C969CAB280211143FFF740
:108AE000E1FC01BD26495C22504308180168802240
:108AF0000A4302607047224A5C23584310184268B8
:108B0000416070471E4A5C235843101802681F4B8F
:108B100013400906E022D20489E770B505000C0075
:108B20001F26202C02D1FFF7D3FC02E0FFF7D9FC6F
:108B3000264013485C214D434019C16A1F229143CE
:108B40000E43C66270BD0E4A5C235843101802687B
:108B50003F239A438906890E1143016070470849F3
:108B60005C22504308180168802212024A400260C9
:108B70007047042801D19D207047122070470000E3
:108B8000DC000020FFC0FFFFFFFFFF8FFFFFFFF8AB
:108B90001F21014001228A4072B604490968400938
:108BA00080000B5813430B5062B670473C090020FD
:108BB0007047704780B5C043FAF7D2FF01BDFEE7AA
:108BC00010B5094C21684A69002A0CD0C0070AD0A8
:108BD00010690368002B02D0506A984721684878D2
:108BE000012202434A7010BD3009002070B50023F5
:108BF0009B4D05E014688600AC51121D401C5B1CA7
:108C00008B42F7DB70BD964B8000181804E01368A8
:108C10000360121D001D491E0129F8DA00210160C0
:108C2000416070478E4B8000181804E003681360A1
:108C3000001D121D491E0129F8DA704780B5FBF7A7
:108C4000F3F8AE480168802252030A4302600168CB
:108C5000802212030A4302600168802292020A43C2
:108C6000026001BDF8B505000E001400FBF7E2F844
:108C7000002801D0012055E02000AF4CA066002064
:108C800081006A58230008335A50401C0828F7DB3B
:108C90002F000020350081006A58230028335A50E5
:108CA000401C1028F7DB0126280000F09CF9002862
:108CB00007D00320606026602A0020322900380097
:108CC00038E00027676026609C4E3200290000BF14
:108CD0001AA000F015F960680128FCD100F0ABF88B
:108CE00000281AD032002100483100BF13A000F044
:108CF00007F960680228FCD100F09DF800280CD02C
:108D0000210048312000283000F01AF9606803285B
:108D1000FCD100F07CF8002806D127606760FBF7E3
:108D200099F80220C043F2BD2200483221002831C8
:108D30002000083000F096F80020F2BD000100008D
:108D40000000000070B5050000267B4C26606660C0
:108D5000FBF780F8AC490D60B00022189268081843
:108D60000264761C082EF7DB0020C043A26E9047F9
:108D700070BD70B5A44C00266F4D10E0002081003E
:108D80002A00083252586250401C0828F7DB2100A4
:108D900040312000203000F015F90E20686028686E
:108DA000012826D16868002808D0012808D00228A8
:108DB00008D00328E2D00E2807D017E0012002E0F7
:108DC000022000E00320686070BD2E606E60FBF73B
:108DD00041F8B0002900083109582150761C082EAE
:108DE000F7DB21000020AA6E904770BDA020FFF79E
:108DF000A9FF70BD80B5FFF7BCFF05F093F801BD7A
:108E000080B58068FFF79EFF05F08CF801BDE0B5E6
:108E1000082200216846FFF7FFF96A460221B820C0
:108E20008000FFF7FFFE00987849884201D10120B9
:108E30000EBD00200EBDE0B5082200216846FFF7F8
:108E4000EBF96A460221A6208000FFF7EBFE0098AE
:108E50006F49884201D101200EBD00200EBD0000E7
:108E600000043048F8B507000E001500234C2068B8
:108E7000684901408820800108432060206804215F
:108E80000143216066A202210020FFF7AFFE00BF70
:108E900065A202210220FFF7A9FE00BF64A2022101
:108EA0000420FFF7A3FE00BF73A208210620FFF7EE
:108EB000AAFE00BF60A208211C20FFF7A4FE00BF8D
:108EC00065A208213220FFF79EFE3A0008214820C3
:108ED000FFF799FE320008215E20FFF794FE2A007A
:108EE00008217420FFF78FFE6068C103C90FFBD112
:108EF0002068022101432160F1BD000000003048DC
:108F000070B50E001500444C2168424A0A40C02149
:108F1000090111432160020002210220FFF766FED1
:108F200032000821C8204000FFF76DFE2A0008210A
:108F3000852080003BE000001406002038900410DB
:108F400070B506000D00344C206832490140A02065
:108F500080010843206000BF33A202210220FFF7F6
:108F600045FE00BF32A202210420FFF73FFE00BFF2
:108F700041A208210620FFF746FE00BF2EA20821CD
:108F80001C20FFF740FE320008215E20FFF73BFE69
:108F90002A0008217420FFF736FE00BF2EA2082108
:108FA0003220FFF730FE00BF3BA208214820FFF728
:108FB0002AFE6068C103C90FFBD12068022101436A
:108FC000216070BD10B502000C00002A03D00821FA
:108FD0005E20FFF727FE002C04D022000821742019
:108FE000FFF720FE10BD10B500210C4A8B00D458AD
:108FF000C3589C4203D1491C1029F7DB01E0002033
:1090000010BD012010BD00005C0000200DD6000046
:109010006A910000FFC0FFFF00003048F40E04100A
:10902000000100000000000000010000000000003E
:109030000100000000000000FFFFFFFFFFFFFFFF37
:10904000FFFFFFFF00000000000000000000000024
:1090500001000000FFFFFFFF02000000050000000C
:1090600003000000FEFFFFFFF9FFFFFFFBFFFFFF14
:10907000FCFFFFFFFCFFFFFF0300000000000000FB
:1090800000000000000000000000000000000000E0
:1090900000000000000000004B60D2273E3CCE3BA9
:1090A000F6B053CCB0061D65BC86987655BDEBB3C3
:1090B000E7933AAAD835C65AF8B5002576A4070032
:1090C0000E0004E0315C2000F9F706F86D1CA8B230
:1090D000B842F7D3F1BDF0B587B00400002722787D
:1090E00060780006000C024301206C496C4D6D4B0A
:1090F000D21A04D00D3A6ED00C3A44D07EE0A27859
:10910000E3781B061B0C1A4302AEB281A279E37905
:109110001B061B0C1A43F281227A637A1B061B0C76
:109120001A43327222000A320392A279E3791B06B3
:109130001B0C1A43921E4B889A4208D10127A17A30
:10914000002902D0012959D10020307017E0A279FE
:10915000E3791B061B0C1A43521E89888A424DD1A3
:109160000127022030702800F8F7B6FF207A617AD4
:109170000906090C0843307220000A30039002A847
:10918000FAF784FE3AE0E279237A1B061B0C1A43B5
:10919000521E89888A4231D10127607AA17A090654
:1091A000090C084321000B31FFF786FFA079012845
:1091B00024D1E279207A0006000C0243A078E178FD
:1091C0000906090C084300210191009100230421A4
:1091D000F9F728FA12E0A078E1780906090C0843AB
:1091E0000421F9F728FA010004D028002830F8F704
:1091F00073FF03E028006830F8F76EFF380007B00F
:10920000F0BDF8B5284804F08FFE284D88204000B6
:109210002F183800F9F7EDF9040004D021002800D8
:10922000F8F75AFF03E028005430F8F755FF1B4EBB
:109230003800F9F7E2F930802800C830F9F7E5F98D
:1092400070802800EC30F9F7E0F9B080002C03D0F2
:1092500028009830F8F740FFF1BD002070471CB59A
:10926000030010001224002B14D10A68019209791E
:1092700000910A494A88521C92B20421F9F7C9F9AF
:1092800004000B48210002D0F8F726FF02E040302E
:10929000F8F722FF200016BD256300000409002016
:1092A0008C0F0410010C0000D7900410241004103F
:1092B0005C11041080B504F075FE80BD431E022BC6
:1092C00009D300280CD0032809D1012001404942CC
:1092D000122008407047002A01D110467047122022
:1092E00070471FB51C4608460A99039109990291D7
:1092F0000899019107990091069B1146224604F0B6
:1093000089FE04B010BD80B51946104604F0D4FEA5
:1093100080BDFEE78B0707D0521E22D30B78491C75
:109320000370401C8B07F7D1830730D0DB4219D084
:10933000401E121F08D308C943701B0A43801B0C30
:109340000371001D121FF6D2D20707D30B8843709A
:1093500001D08A78C2701B0A8370704701D00B78E5
:1093600043707047121F06D308C903801B0C43804B
:10937000001D121FF8D2D20705D30B88038005D039
:109380008B788370704701D00B780370704770B48E
:10939000103A03D378C978C0103AFBD2530701D3EF
:1093A00018C918C001D508C908C0D20704D30B8852
:1093B0000380801C891C002A01D50B78037070BCC7
:1093C0007047FEE781B01B4800684003800F0090A3
:1093D0000098002801D101200090009801B070474A
:1093E00010B50400FF2020708020C0054168124A9B
:1093F000914201D10621217001680F220909114013
:10940000617001680A40A2704068606009480068A5
:1094100080B2401C8000A060FFF7D4FF002804D079
:10942000FFF7D0FF401C800301E0C020C001E060D6
:1094300010BD0000141000404120030281B02849F3
:109440000A6A012002400CD10A6802430A600A68D5
:1094500082430A600A6A02430A62096A084000906D
:109460000098002001B07047F3B51E490B785B1CD3
:109470000B7001231C4C6F460D78019E36682660E8
:10948000019E76686660019EB668A660019EF668D9
:10949000E66006682661466866618668A661C668F9
:1094A000E66164263E70266B1E4326636E46367860
:1094B000761E3E70666B1E4003D06E463678002ED8
:1094C000F4D16E463678266A1660666A5660A66AD9
:1094D0009660E66AD6600E78B542CDD10020F6BD22
:1094E00040004048430900202800006010B50400F7
:1094F00007D002230022A16804F0F0FD010003D090
:109500000CE06120400110BD0020102222610246C3
:1095100083001B19401C5A610428F9DB606A10287B
:1095200001D0024810BD084610BD00001D0C00000F
:10953000F7B500258AB00E460446002804D0002E58
:1095400006D10C98002803DD612040010DB0F0BD6C
:109550000C98002804DB102804DA2079800601D456
:109560008C48F3E72079410701D4810702D5894867
:10957000401CEBE74021084320712046143008903E
:109580001CE0002081004A199219537817781B02B9
:109590003B4397785BBA1B043F02D2783B431343AB
:1095A0000A195269401C534004AA53500428E9DBAD
:1095B000A26804A8089904F0E3FD009D0C992846D0
:1095C000103000908842DCDB207980061ED4002910
:1095D0001CDD002081004A199219537817781B026C
:1095E0003B4397785BBA1B043F02D2783B4313435B
:1095F0000A195269401C534004AA53500428E9DB5D
:10960000A26804A8089904F0BBFDC0E00020009007
:1096100001900290039069460846A26804F0B0FDEC
:1096200000998722C80F5043019A4900D20F114375
:1096300000910199029A4900D20F114301910299B8
:10964000039A4900D20F1143029103990C9A4900E1
:10965000414028461030039190421AD100208100E9
:109660004A1993195A781F7812023A439F7852BACE
:1096700012043F023A43DB786F461A430B195B69C9
:109680007F58401C7B405A4004AB5A500428E6DB0C
:1096900074E0009A8723D00F5843019B5200DB0FE0
:1096A0001A430092019A029B5200DB0F1A43019267
:1096B000029ACB0F52001A4302924A004240039290
:1096C0000C9A0020531BDA179C46920F62449210AA
:1096D000964616E081004A1993195A781F781202AB
:1096E0003A439F7852BA12043F023A43DB786F46FE
:1096F0001A430B195B697F587B405A4004AB5A50A0
:10970000401C8645E6DC81000A196B4652695B58AD
:1097100067465A4004AB5A507F1A00224B19BC4688
:109720009E460BE073469B18F35CD7001825ED1B93
:10973000AB4004AD6F587B406B50521C9445F1DC3C
:10974000002A09D0D600182204AB961B5D5880224F
:10975000B24055405D5005E004AA53580125ED077D
:109760006B40535004AB6A4605E081000D196D69EA
:10977000565875405D50401C0428F6DBA268184618
:10978000089904F0FDFC2079042108432071002091
:10979000DCE600001D0C0000F8B516460F4604007C
:1097A00009D0002E07D025468035E86D401E1028D0
:1097B00004D31348F8BD61204001F8BD207940066C
:1097C00004D4002211462046FFF7B2FE2079022180
:1097D00008432071002018210CE0C217920F1218C4
:1097E00092089200121983075269DB0ECB1ADA40F5
:1097F0003A54401CEA6D8242EFDC00203260F8BD32
:109800001F0C000081B08020C00218490A68024382
:109810000A600968084000900098154802E0154A5F
:109820000A40026001680902090C0168F7D10122AF
:10983000914301604168C907FCD440680421084095
:1098400000D0012001B070470B490A68D206FCD550
:10985000496801800020704707490A68D206FCD594
:109860004968016000207047000000005000404837
:1098700000006048FF0000FF04006048202070479F
:109880001F20704710B51A490A78030003D013004F
:1098900004D1012202E0012A00D100220A701549F8
:1098A0008B6880229200134020D18B6854002340A3
:1098B000A3421BD08B681A438A600A685307DB0FE8
:1098C000FBD104220F23DB430028886804D0034027
:1098D0000E201843886002E0034013438B608868C1
:1098E000054B03408B6008681040FCD010BD7047EA
:1098F0004509002014005048FFFDFFFF002070477D
:1099000000207047002070470020704700207047FB
:1099100000207047002070470020704700207047EB
:109920000020704700207047F0B58DB00993089271
:109930000E46079004F062FC01243821204601F015
:1099400019FA2D21062242542E49C97A3422815413
:109950002D4F3860302101850CAD0BA90AAA28468D
:10996000FAF781FD0A9800022978090101430B9852
:1099700000030843001D396848851821204601F07E
:10998000F9F9224908600021017504F03DFC1A989C
:109990000690199C059418980490179803901698AF
:1099A000029015980190139D00950798089F0796BF
:1099B00031463A46099BF8F78BFDF8F753FD1B9E9D
:1099C000012C01D1F8F72AFD04F028FC012E01D169
:1099D00004F080FC0C4800682C21405CC0070ED1CC
:1099E000012C06D11498F8F74DFDF8F7C0FDF8F7F3
:1099F000C2FD079839462A46234604F06DFC0DB097
:109A0000F0BDC046C0070020180900203C09002016
:109A1000C9B202788A4203D0401C002AF9D1002042
:109A20007047FEE780B5002801D100BF07A00649B6
:109A30000B68002B03D022220021984701E004F09C
:109A4000ABFC222002BD000010090020636F6E7382
:109A5000747261696E742068616E646C65723A201C
:109A6000626164206D65737361676500431C0178F2
:109A7000401C0942FBD1C01A7047FEE7C9B2521E12
:109A800005D30378401C8B42F9D1401E704700205B
:109A9000704710B5144600F002F8226010BD4A006D
:109AA00053155B1C08D0520D06D003231B02FE3A4F
:109AB000D21A1305C91A70470022704730B4012426
:109AC00064054D00EC420BD85D00EC4208D80C0058
:109AD0001C4364000443144304D2994200D19042D1
:109AE00030BC7047FCD08B42FAD18242F8E7124278
:109AF00017D40023DB435B0D9C464B005B0D06D067
:109B0000634504D09B18634502D21205891870473B
:109B10006246090D11430905002000B500BF00BFD2
:109B200000BD52424B005B0DF1D05B1C5B05EED2D9
:109B30005B0D934102D91205891A70470BD10B03B3
:109B40001B13C90FC907821C002043411343E4D9EA
:109B500012051143E1E7C90FC9070020DDE7F0B4A2
:109B60000E005E400125ED072E40B446AE0ADF1818
:109B70004C18F4423BD2F74241D2640D43D07F0DE2
:109B800038D0E41BC902DB0229432B43CF0ADB0A8E
:109B90000600B61A9F4104D2641EB6197F41B6185A
:109BA0005F416812800D24180018844222DCE80C02
:109BB0000021B6197F41B61A9F4102D2B6185F4103
:109BC0003F1C40414941F4D3241C21DD2405B61932
:109BD0007F41B61A9F4105D33743C6073743002656
:109BE000012F7041614166463143F0BC7047FCD1A2
:109BF000F74205D20020C14349054908F3E704D0E4
:109C00000020C143F1E77F0DFAD000206146ECE768
:109C10002442FAD1401C61410F03F6D30020E2E751
:109C20000148704700000000D4030020F8B506008A
:109C30000024104D2878002819D0FCF7E1FB07001C
:109C4000FA2080002978FEF783F901003800FEF73A
:109C50007FF904F0D2FB002809D1042E07D200229C
:109C600031000020C04304F0BAFBAE6000E00124E4
:109C70002000F2BD9403002081B064490A680243C9
:109C80000A60096808400090009801B0704780B5EC
:109C90000F21002004F0CEFBF0210901002004F088
:109CA000F0FB5B49012004F0ECFB5A49012004F071
:109CB000C1FB8020400058490A6802430A600968D5
:109CC00008400090009801BD00685449884200D0C7
:109CD000704780B580204002FFF7CEFF00220121AF
:109CE0000D2004F07CFB0D2004F07EFB01BD18B5B7
:109CF00087B00400182101A8F8F77AF92068C0217C
:109D0000C905884235D1012401940420059001A899
:109D1000FCF788FB002801D0F8F79BFA4048016A5D
:109D200021400CD10168214301600168A143016019
:109D3000016A21430162006A044000940098F8F728
:109D400097FC00220021122004F049FB122004F0AD
:109D50004BFB00220021192004F041FB192004F0E4
:109D600043FB00220021162004F039FB162004F0EA
:109D70003BFB08B010BD38B586B00400142168461E
:109D8000F8F736F92068274988423DD18020C00085
:109D900025490A6802430A60096808400590059849
:109DA0000820FFF769FF0420FFF766FF01200090FD
:109DB00002240194002502950395049569461B48E9
:109DC00004F092FB00940194029503950494694673
:109DD0009020C00504F088FB0121012004F044FB21
:109DE0000221002004F040FB0121012004F063FB6C
:109DF0000221002004F05FFB00220121082004F072
:109E0000EEFA082004F0F0FA07B030BD50004048E8
:109E1000C930000036C000005400404800003048FF
:109E200040004048004000415800404800001048B1
:109E300001484068704700BF94030020021D13686A
:109E40008B431360026811430160704781B08A49F7
:109E50000A6802430A60096808400090009801B04F
:109E6000704730B585B004000820FFF7EFFF804849
:109E70006100451829880091012101910291022178
:109E80000391A10044186946A06804F02DFB7948AD
:109E90000068C00610D5A0689021C905884203D18A
:109EA00000997648FFF7CAFFA0687549884203D138
:109EB00000998048FFF7C2FF01222988A06804F0BA
:109EC000C1FB002005B030BD80B5694B0022FFE723
:109ED0004100595A80001818806804F0B3FB002034
:109EE00002BD70B586B006000C00300001D1042020
:109EF00000E00820FFF7AAFF20006F4D7100695AAB
:109F000001910121039102210491B1006C1801001B
:109F100006D10020029001A9E06804F0E5FA1FE0F4
:109F200001281DD18020400064490A6802430A606C
:109F3000096808400090009880204002029001A922
:109F4000E06804F0D1FA28000830851900220321C6
:109F50000020285604F043FA0020285604F044FA62
:109F600044480068C00610D5E0689021C9058842C1
:109F700003D101994148FFF761FFE06840498842F9
:109F800003D101994B48FFF759FF002006B070BD7F
:109F900080B5494A4100515A80001018C06804F049
:109FA0004BFB401E8041C00F02BD80B504F050FB4A
:109FB00001BDF0B587B00F0000260024002F02D1AC
:109FC0000124E44350E03E49942242438918009121
:109FD0003C4980000858009908600420FFF736FFCC
:109FE0000820FFF733FF8020C00037490A6802438A
:109FF0000A600968084001900198022002900390CD
:10A00000059001250495069002A99020C00504F052
:10A010006BFA18480068C00603D502991748FFF785
:10A020000DFF0295069602A9154804F05DFA032576
:10A03000ED433900009804F025FB002800D02C00E7
:10A040000021009804F054FB002800D02C000021CF
:10A05000009804F066FB002800D02C00009804F063
:10A0600029FB002800D02C00200007B0F0BD000024
:10A07000A0030020000050485000404820005048F5
:10A0800000001048F8B500240D4E009115009427EB
:10A090000BE0FA239B000122009801190B4800787D
:10A0A0007843301804F0C6FB641CAC42F1D328009E
:10A0B000F2BD000028005048B4030020540040487E
:10A0C00000050020CC03002058004048470900202C
:10A0D00038B54F494F4C504A0120504B1B68002B5C
:10A0E00010D1CB68002B02D14B6B002B0AD09060B3
:10A0F00004F022FEBFF34F8F49486060BFF34F8FDB
:10A1000000BFFDE7474B23602368136120220B68E3
:10A1100013430B600B6840241C430C600B688024C5
:10A120001C430C600B68404C1C400C600B695B07C7
:10A13000FCD58B693024A34313438B618B693B4C63
:10A140001C408C618B6904021C438C61384909688E
:10A15000384B99422BD038490B681E24A343102456
:10A160001C430C600B68184308600868334B0340BD
:10A17000F8204005184308600868930403430B6007
:10A180002F4801682F4B0B40A02189001943016023
:10A1900001680A43026001682B4A0A40C021490154
:10A1A0001143016001688022D2000A43026000234B
:10A1B0005CB2E10018250D40FF22AA40D143C02225
:10A1C000AA40250004D4214CAD08AD00641906E076
:10A1D0001F4D2407240F083CA408A4002C1925684F
:10A1E00029400A4322605B1CD9B22029E0DB62B619
:10A1F00031BD1848016800684005400F890702D545
:10A200001549401E00E01549C140154801607047DE
:10A210000400504808ED00E004000020940040488D
:10A220000400FA0500000410FFFEFFFFFFFBFFFF24
:10A23000F81E0010CCECBCFC0C004048FFFFFFC037
:10A24000940050483FFCFFFFFFC7FFFF00E400E021
:10A250001CED00E0080040480048E8010090D003F1
:10A26000D00300207047FEE7F0B595B0394800688C
:10A2700000900BA800F0F0F8002831D001AF0624C0
:10A280000025354B384621462A4698477879C02123
:10A29000014379710BAE30462030304B39462246AF
:10A2A000984707AC1027204639462A462A4B98473C
:10A2B000304621463A46294B984703AC204639465A
:10A2C0002A46254B98473046103021463A46234BC4
:10A2D0009847304604F048FD002803D1054603E0C6
:10A2E000002501E00E20C5431D4C22682E320026B9
:10A2F00006273046394602F07BF80BA9002801D02A
:10A30000203101E021682E31009860303A46FAF79A
:10A310009BF8226808321021304602F069F80028C4
:10A3200005D0206808300BA91022FAF78DF82268B2
:10A3300018320020102102F05BF8002806D00BA98B
:10A340001031206818301022FAF77EF8E8B215B004
:10A35000F0BDC0462009002091CE041049440410ED
:10A3600018090020122070470020704780B504F0C3
:10A3700007FD80BD064800685C21415C8906890FA5
:10A3800004D05C30C17802220A43C2707047C046D4
:10A3900020090020B0B50446002108252A46FAF716
:10A3A00057F82078DF2101432170607809210143AB
:10A3B0006170A1782943A170114909685C22895C08
:10A3C000890602D50F2108436070FFF799FA01282A
:10A3D00007D16078122101436170A0780721014301
:10A3E000A170FFF795FAC0B2012807D16078E0218B
:10A3F00001436170A07880210143A170B0BDC046C7
:10A400002009002010B53F21054A472906D04318EE
:10A410003F3B1B7814686354491CF6E7002010BDCD
:10A420002C09002010B52F21054A372906D04318E2
:10A430002F3B1B7814686354491CF6E7002010BDBD
:10A440002C090020024800686C21405C7047C0461F
:10A450002009002000207047E0B503462620009028
:10A46000022100200246F9F780FC002800D081205C
:10A470008CBD002070477047F8B5002916D00E46F5
:10A48000054609780024C80720461FD188070FD445
:10A4900048070FD408070FD4C8060FD488060FD476
:10A4A00048060FD408060FD507200FE012243CE021
:10A4B00001200BE0022009E0032007E0042005E072
:10A4C000052003E0062001E00020C043307018485A
:10A4D000006847214056002827D516482818032130
:10A4E00001430D31880883B2134800688069022156
:10A4F000492201F0E7FF002816D00746001D294633
:10A50000324604F041FC0420787207203872E81CBF
:10A51000010AF971B871FF20787182203871022028
:10A52000394602F02BF800E007242046F8BDC0466B
:10A530002C090020FDFF03001C090020BCB50C46BF
:10A5400005464888001F4880084602F05CFD011F50
:10A5500002290CD806281AD005281DD0042811D1AC
:10A560000420A0812846214604F01BFC18E03F2867
:10A5700008D020385F2805D868460570019404F09B
:10A580004AFC0DE02846214604F04CFC0EE028462B
:10A59000214604F04DFC03E02846214604F07EFCF1
:10A5A000002803D06188091D6180BCBD0020BCBDAE
:10A5B000B0B504460188022004F094FD0546002849
:10A5C00002D1204602F098F92846B0BD70B59142FC
:10A5D0000ED215460E460446406804F0A7FD751BD2
:10A5E000606804F02EFE281881B2204604F035FE83
:10A5F00070BDF0B5C3B00446008804F03DFE0028ED
:10A600007CD00546207A0327074028692A460C3269
:10A61000022F039208D100282FD011888426042904
:10A6200054D30121029131E000284AD06688002EDF
:10A6300026D00021019104A8029020463246029BB8
:10A6400004F036FE286940680090204604F039FE88
:10A650000146009804F03AFEA98928693246029B17
:10A6600004F03AFEA8898019A88181B2286904F013
:10A67000F4FD039A0198608002E02C616088A88153
:10A68000108804281BD32869002602960021019116
:10A6900004F02BFE001D81B2AA898A4216D812D17D
:10A6A000296948800120FFF749FF00282DD028693B
:10A6B0008426A04226D10198A881286122E00026A4
:10A6C00018E0002602E00298002813D0A878102194
:10A6D0000143A9704220012102222B4604F016FEFC
:10A6E0002869002806D002F007F9002028610399A4
:10A6F00000200880002E05D1012F03D1204602F052
:10A70000FBF80026304643B0F0BD0198EEE77047F5
:10A71000F0B585B004468778781E0321049108437C
:10A720000930800883B2207A039020880290114873
:10A730000068806902254022294601F0C3FE0028F6
:10A7400014D00646009701940498039A0240301DE5
:10A75000002702993B4604F013FE35712846314626
:10A7600001F00CFF204602F0C7F800E0072738464A
:10A7700005B0F0BD1C09002070B5144605464C43D9
:10A780000068401E032101434E1C00213046224632
:10A79000F9F75EFE30192860304670BDF8B5044602
:10A7A00004F005FE1C480068466B002E32D0374688
:10A7B00036693889A042F8D100257A89E8B20328A1
:10A7C00004D8214604F002FE6D1CF6E7204611462F
:10A7D00004F00CFE7989204604F01EFE002038812A
:10A7E0000D480068426BBA4205D011461269BA4260
:10A7F000FBD1103101E0014634313A690A607989B0
:10A80000042903D1C16A3961C762CEE7016B39619E
:10A810000763CAE7F8BDC0462409002010B502F05E
:10A8200049F8002825D00446008902F0A1F8024624
:10A83000012000210F4B02F0BBF8208904F0F0FD4D
:10A840006420205CC007A07A04D16030C0B25128D7
:10A8500004D307E05030C0B2402803D8022120467C
:10A8600004F0F8FDFE20A0720E20FEF791F9F6F735
:10A870005DFF10BD30750000F8B5044604F00EFE13
:10A8800005461048C07A85421BD20F4E30682946D3
:10A8900004F01CFE14276F433068C06A0025C553BE
:10A8A000C0190069002809D002F026F83068C06A93
:10A8B000C01905613068C06AC0198581204604F05E
:10A8C00027FEF8BDC0070020280900207047704708
:10A8D000F8B50E48006806683078401E30700C49A4
:10A8E000098A25314F097C1C000606D1002528461F
:10A8F000214604F00FFE7580BC1C0120214604F0A7
:10A9000009FEB088001BB080F8BDC04614090020C5
:10A91000C0070020F8B51E4615460F460446C0067F
:10A9200007D4144800682F21405CC0061ED51522AC
:10A9300002E0BF20044005220F4800686107C90EED
:10A94000401800690223214601F0BCFD00280FD009
:10A95000014605728672C7710420887105224A710A
:10A960000871280A4872204601F008FE0020F8BD50
:10A970000720F8BD2C0900201C090020F8B50F465F
:10A980000646104601F096FF00285CD004460546B6
:10A99000002F0BD00020A87208340122062E38D1D7
:10A9A00029891646062F15D0052214E0E87A0121E0
:10A9B0000143E972284604F0BDFD002815D0062E9B
:10A9C00003D1E87AF9210140E972E87D000708D552
:10A9D000042007E004220220002304F0CDFD3246CB
:10A9E00017E00220E97A0143E972A87AAD2805D080
:10A9F000AE2805D0BC2827D1BF2002E0AF2000E060
:10AA0000F020A87208340E20FEF7C2F8F6F78EFE8A
:10AA100000226420285CC0070BD1A87EC10605D5A2
:10AA2000EF210140A97641B2002918D4002A19D19A
:10AA300009E0287EFC210140297603210140481EBF
:10AA400081410A430ED1F8BD062EDBD1F128D9D1C0
:10AA5000298902200022134604F08EFDD2E76F21DF
:10AA60000840A876208801F083FF024601200021DB
:10AA7000014B01F09DFFF8BD30750000F8B50F489F
:10AA8000006805682878411C29700D4F398A2531E6
:10AA90004E09741C002809D10020214604F0A8FDAD
:10AAA000388A25304009401C6880B41C01202146AA
:10AAB00004F09EFDA8880019A880F8BD14090020A4
:10AAC000C0070020F0B589B00493154605910746EC
:10AAD00006AE08AC3046214604F0CAFD22780020BC
:10AAE000009504990191029038460599334604F087
:10AAF000E3FD09B0F0BD7047F8B504460D4E30686F
:10AB0000C56A2969C1622F88002114222846F9F7F5
:10AB10009FFC042068811720E8802C812F803068FA
:10AB2000416B45632961204604F046FE204604F04F
:10AB300047FEF8BD24090020B0B50C4605460020AC
:10AB400004F09AFB002805D0012181800580614234
:10AB500061418170B0BD80B5002A03D0084604F081
:10AB600033FE80BD04F037FE80BDF0B589B004939C
:10AB70001746059106460E9C204604F02DFE0F9DBB
:10AB8000002808D007A806222146F9F75DFC06A890
:10AB90000122027005E007A806AC214604F068FD1A
:10ABA0002278009704980190029507AB30460599EA
:10ABB00004F082FD09B0F0BDF0B589B015460E462F
:10ABC00001F078FE002870D00446807ABC2806D1B7
:10ABD000278908A80021018026462C3656E0274602
:10ABE0003437E17D090709D420462C30082231464C
:10ABF000F9F72AFC3D70280A7870A07A2189029121
:10AC000008A900220A8026462C36BC283DD02546BD
:10AC10002035F1280FD1E07D000736D407AA019234
:10AC20002846314604F0E4FD022201983946F9F73E
:10AC300016FC002821D038463146224604F00EFE8C
:10AC400000281AD0029D284604F018FE207E8007B6
:10AC50000CD0284601F08CFE024601200021154B45
:10AC600001F0A6FE207EFC21014021760220032275
:10AC70000023294604F080FC17E00D4800680830E6
:10AC800008AA2946334604F007FE029F03AD0021BF
:10AC900010222846F9F7DCFB227C28463146F9F7DA
:10ACA000D3FB3846294604F00AFE09B0F0BDC04681
:10ACB0001809002030750000F0B581B005464088C5
:10ACC0008624002810D0AE68002E0DD000246C60C1
:10ACD0002C80274634602846314604F0FFFD243698
:10ACE0007F1C68888742F5D3204601B0F0BD7047CD
:10ACF000B0B50C4D28684224005D9021084200D078
:10AD0000B0BD04F003FE002805D00D20FDF740FF84
:10AD1000F6F70CFDB0BD2868015D80220A4302559C
:10AD2000B0BDC0463809002080B50146064800681D
:10AD30004222825C120704D464304022F9F784FB7B
:10AD400080BD01F027FB80BD38090020F8B51C4606
:10AD500013460D460646052219462B4604F0F2FD21
:10AD60000746882804D030462946224604F004FECF
:10AD70003846F8BD80B50A4601460248FFF7FCFC9C
:10AD800080BDC046BC0700200021016040607047C4
:10AD900010B5122400280ED0002A0CD00B2B0AD894
:10ADA00041700370036A5954491E4B1CFAD3026167
:10ADB00000240475C061204610BD00207047024683
:10ADC00030200129014600D02021012A00D0084668
:10ADD0007047704770B511200421FFF7CBFF164D67
:10ADE000296890268959C96B096848632B20134943
:10ADF000085CC97A0818841C48212046FFF7BAFF6E
:10AE000029688959C96B0A6800219163002C11D007
:10AE1000382214238354C1632A689259D26B126872
:10AE2000926B42642A689259D26B12689063641ED6
:10AE30004830EBE770BDC0462C090020C007002059
:10AE40005721890041430448006890228058C06B14
:10AE5000406840187047C0462C090020F0B589B002
:10AE60000446FA20255AE66CF9F73CFBE321625CC4
:10AE7000FE231340635435210901401875436900CE
:10AE8000421872B6616CCB43D21800D485E00496A8
:10AE90002722D200A218059222462F32089222467B
:10AEA000423206922246E2320792081A002708210F
:10AEB0004AB2002A0CD4CBB22A469A40904202D31E
:10AEC00001269E40BF19821A00D31046491EEFE7A3
:10AED0000799088B4743069A1088C01B1080BDB2A3
:10AEE0000898807C0978012910D11646FDF7C3FC2B
:10AEF000368808998A7C00230093019002932146AA
:10AF0000BC311046324604F071FD10E0FDF7DCFC68
:10AF100025210E1A774308980078381880B204F07B
:10AF200099FD08990870301880B204F093FD089AD2
:10AF30000146059E049F907CFDF705FE7D43606CF5
:10AF4000401B6064608D294604F094FDA26C82422F
:10AF500004D9121A0D2A00D80D22A264606E40197D
:10AF600060664B2080002018616C891AE36E5200E5
:10AF7000D3183468A34200D233600A4604F084FD3B
:10AF800000280AD0079A50780121014351701420FB
:10AF9000FDF7FEFDF6F7CAFB346062B609B0F0BDFE
:10AFA000F0B597B004464B208000201804F0A6FDB1
:10AFB00021462C3100280291079400D185E04320DE
:10AFC00080002518204604F0A2FD03280AD1288B12
:10AFD000410707D500216977042290432883204642
:10AFE00004F09BFD0695204604F0A8FD002800D142
:10AFF000A4E02120C0002518029880780A90012141
:10B0000000262846324604F0A8FD07462846314669
:10B01000324604F0A2FD384300D08FE000212046E4
:10B0200004F0B2FD064647788178029802780991CB
:10B030000846394604F0AEFD002879D00698807B9A
:10B0400004280BD10698007B0999884276D001220A
:10B0500030460A9904F05EFE00286FD1029802780B
:10B060000998394604F076FE002800D1E5E1022176
:10B07000284604F0E9FE00285DD00546618FBF1C1C
:10B0800001203A4604F014FFE863002800D1E8E10B
:10B09000478000213A46334604F01EF9099804F02F
:10B0A0002DFF38216854572080000A994843F249FF
:10B0B000096890228958C96B49680818112109014B
:10B0C0004118284604F026FF35E048780022002881
:10B0D0002BD004922746B437487D0A908D782846B5
:10B0E00004F024FF26467836A06F002801D004F033
:10B0F00043FF3046FFF748FE03CF04F05DFF029E9A
:10B100007178079C608F04F06BFF204604F09EFF6F
:10B11000284604F0B3FF284604F0F0FF002803D0CF
:10B12000012030700A987075049AD0B217B0F0BD43
:10B130000A9804F0E5FF204604F0F4FF2120C00047
:10B140002018039000200490C54311200601069F9B
:10B15000012DE9D0681C0A90388B03210591084025
:10B16000012808D1387FFF2805D0204604F0CFFC05
:10B17000002800D1DFE00996A419A01E08900078ED
:10B18000401E042800D924E1784400794000874417
:10B1900002236C95B30057208000029989784143BF
:10B1A000B548006890228058C06B406840180999E3
:10B1B0004058002800D10CE13821415C0D2900D90C
:10B1C000D9E001228A40AD490A4200D1D3E0E11E14
:10B1D0000A7820211143D0E0079804F098FC0190F0
:10B1E0000A98C6B20122039F3846314604F0B5FCE6
:10B1F0000546002238463146134604F09AFFE71E02
:10B200003978C90600D4E4E00199002900D0E0E0D3
:10B21000002D00D0DDE0002800D0DAE0029DA87803
:10B22000314604F09FFF04F0A7FF01900121079829
:10B2300004F0AAFC03463878EF2101403970A87861
:10B2400006223146019DA8473878C1074FD0C00675
:10B2500000D5BEE0059808990870201FFF210170F5
:10B260000121079804F059FCB3E0079804F04FFC63
:10B27000032800D0ADE0029FB8780A99CEB23146DB
:10B2800004F070FF04F078FF0546B87800273146D7
:10B290003A463B46A847251F28700798394604F0D0
:10B2A0003CFCE01E0078C10721D0400600D58DE0AF
:10B2B0002878FF2800D187E0042088E0079804F070
:10B2C0003DFC002800D184E00021079D284604F0C1
:10B2D0005BFC01460A98C6B203232846324604F0B6
:10B2E00059FF002875D0E01E0078C1073CD10398B3
:10B2F000314605F021F86CE00698807E800768D51D
:10B30000029CA0780A99CEB2314604F02BFF04F0DB
:10B3100033FF002809D00546A078072200233146D4
:10B32000A8470398314605F007F8069A907EFD215C
:10B33000014091764DE0354601262046314604F025
:10B3400023FC022181704170059A02703A7FC2701D
:10B35000388B084338832046314604F0DEFB787B87
:10B3600030432E46787365E040062FD4201F0078C6
:10B37000FF282ED128E0E11E097801220A43E41EAD
:10B380002270002D069A16D0C06B428800250BAEA5
:10B390002946334603F08CFF0123079831462A469D
:10B3A00004F0F8FE002814D02078C1070AD10A98CA
:10B3B000C1B203989DE702209073507B1021014396
:10B3C000517306E0400601D4022000E005200899F0
:10B3D0000870069F388B0007079C22D5204604F092
:10B3E00096FB00281DD100210122039804F0B5FB33
:10B3F000002816D101262046314604F0C5FB07215E
:10B4000081700221417005990170797FC170388B7C
:10B41000042101430820814339832046314604F04A
:10B420007CFB08980078FE210140022901D101200F
:10B430000490099E0C360A9D8AE6069880780428B6
:10B4400000D078E6069800780999884200D175E620
:10B45000002230460A9904F05DFC002800D06DE619
:10B4600069E60548006890214058C06B0068816B10
:10B47000696485635FE6C0462C0900204520000012
:10B4800070B50546FF262836805DC00701D100242F
:10B490000FE0688F002421462246234604F05EFF19
:10B4A000072801D1012404E0A8190178FE220A40EE
:10B4B0000270204670BD00207047002070470020B9
:10B4C0007047002070470020704700207047704789
:10B4D0001F2202400123934072B68900054A126878
:10B4E000511840098000081881681943816062B6CC
:10B4F0007047C0463C090020002901D0022100E02D
:10B50000032180228258CA40012010407047F0B5C4
:10B5100085B0122600285ED01F460D4604464378AB
:10B520008B4258D920780521090381408F4252D897
:10B5300004920293F8F7D6FF02462378206A405D12
:10B54000A8420CD00498002845D0204603912946F3
:10B550000493164603F0BAFF03993246049B332046
:10B5600078430E46010A0818010C08187107D20822
:10B5700051184218581DC0B2C24001956800616A56
:10B5800004920A52F8F7AEFFC00803906278206A6E
:10B5900017463B46C75D97420DD07D00666A755BD6
:10B5A0002678761D0399F1406D1A2DB2049E711A0A
:10B5B00009B28D42EDDDC15C019A8154206AC2540A
:10B5C0000298834206D1049801B2204604F066FF37
:10B5D000064600E00026304605B0F0BDB0B5054691
:10B5E0000024204604F081FF002809D002463820BC
:10B5F0000721115401242846214604F07DFF03E071
:10B6000013200121FFF764FF2046B0BD10B50446AA
:10B61000807D00F089FBFF20A07510BDF8B51148B2
:10B62000006800901048C27A002004460346904209
:10B6300012D2E1B201258D40DEB200990F69B95DE9
:10B640000D420BD0641CE5B2082D00D15B1C082D07
:10B6500000D10024401CEAE7FF2001E02943B9554E
:10B66000C0B2F8BD30090020C0070020F0B5ABB073
:10B670000146C07A0C462091FFF7E2FB074604F032
:10B6800057FF179024682220215C1F263140215447
:10B69000607D0A90A07B2190E07B1D90207C1E9015
:10B6A000607C1F90A07C1A90E07C1590207D189003
:10B6B000A07D0990E07D0890207E1090607E0F9024
:10B6C000A07E1390E07E1290207F1490607F1190F6
:10B6D00020781B9020462230457804F033FF1690E6
:10B6E000422000223A522D203A54EC203A50E420D5
:10B6F0007F2139520795049635402F2019953D54E6
:10B70000209DA87B41217854E87A2E217854882006
:10B710003858026084203858026080203A503846F9
:10B72000EC301C92426001200C9038850F9800028A
:10B73000109940180E9080B20321890241434002C3
:10B74000F86411980002149A8018149080B20003D3
:10B750007966B866159800021A9940181899090474
:10B7600040181590786512980002139940181390AC
:10B77000388704F0EDFE7887FF200F9028303818C6
:10B7800011901D980002219940181E990904401833
:10B790001F9909064018189038462C301D903A46DB
:10B7A000E2321E341A942197169801280B9206D182
:10B7B000287C012803D120201B99084004D1287B34
:10B7C000FE21014002291AD101201070A87B1A9E87
:10B7D0003146FDF7D1F83C46BC342046314604F0F2
:10B7E000E9FE1D98407D0022009218990191029275
:10B7F00021461992134604F0F9F81C9001E01C98B8
:10B800001070384690301E90832040003818002178
:10B81000022216910592F8F71BFE1220FA4C219E87
:10B820003146A0471A203146A04727203146A0477D
:10B83000032012903146A04705203146A04708203A
:10B840003146A047212010903146A047119E307804
:10B85000FE210D9108403070A97CE87A04F0C5FE05
:10B86000AC7C2920C0000690A9200501FEF746F80F
:10B8700001281F97179A14D110891B280DD1042C69
:10B8800007D1D089A84208D11B201E998880088042
:10B890000EE090890699884203D030780421014354
:10B8A00031701B201E9988800880042C00D0069DD2
:10B8B000219C129E1E990D81CD808D811B20488177
:10B8C00048804D820D82D08AC881209FF87A154623
:10B8D00004F08DFEF87A04F08BFEF87A04F089FE0D
:10B8E0002846214604F086FEF87A04F08DFEF87AA8
:10B8F00004F098FE204604F097FE1098C0001F99AF
:10B90000081804F0AFFEBC7C2046FDF732F905466E
:10B9100024A804F0B9FE387B032804D002280AD1F9
:10B920002498401B05E0249D0E21204604F0B8FE1B
:10B93000281A3E380AE02098417B2498401B0029B1
:10B9400001D0903002E0812149004018209D169FCF
:10B950001B9B5906042C06D02A7B0D9E3240022ADE
:10B9600000D10C920C9EDA091092C90F119129682E
:10B970001B91697B002931D008990902099A89181D
:10B98000079A3346560959184C022018249004F09F
:10B99000A3FE05461296304604F0A4FE03211D9A2C
:10B9A00011700A994902219A516340195085D16C4E
:10B9B000179A5268914200D31146219E316580B298
:10B9C000214604F057F80D30B0644000716B401808
:10B9D0000C901B99891C119B209D28E021998F6454
:10B9E0004F851D98059B037068692490042C00D036
:10B9F000234698001F9A1018806DCE6C00280C46C4
:10BA000002D086420BD20BE01846059304F072FE7A
:10BA1000864201D2E66C03E0059804F06BFE064610
:10BA20001B9908310C9626652646109B1297249880
:10BA3000706422A8878022979D4800683622825C25
:10BA4000920606D53630827BD20706D1807A8007EF
:10BA500003D41D463B460E9F3BE0686804680D9B7F
:10BA6000234022AA022B0B460E9E00D01346E4B2BE
:10BA7000697B00291B930CD022A9109A002A16D0AA
:10BA800029684A7BC023134022AA402B0ED01146BE
:10BA90000DE022A9119A002A09D02A68D179C02381
:10BAA0000B4022A9402B02D1911C00E00831AA7A58
:10BAB00024AB9A752A899A821B9A259226913B4635
:10BAC0003746FE2C03D003210C40254600E001251B
:10BAD000411C1E9A1C465362012328461B931840A2
:10BAE0002423D054946210462430401C0622119224
:10BAF0000E46F8F7A9FC24A8847605761299C1753C
:10BB000014994182139901828781219F798FC18184
:10BB1000209D697B4176249604F00CFEE87B00288A
:10BB200003D0A97A788F04F03BFF287B002804D04B
:10BB30000B980178788F04F071FF4B2017901E99B5
:10BB4000486A896A04F096FF687B1E90AC7CAE7BE5
:10BB50003046FCF7EDFE14903046FCF7F7FE304619
:10BB60002146FCF7CFFF30462146FCF796FF3046D2
:10BB70001A99FCF701FF30461899FCF7F6FE30469B
:10BB80001C99FCF7E0FF30461999FCF738FF304666
:10BB90001599FCF70EFF30463946FCF7ACFF1F9DA8
:10BBA000143530462946FCF771FF30461499FCF7EE
:10BBB000B4FFFDF7B1FE002802D13046FCF728FEA5
:10BBC000179887001E98002803D03046FCF755FFD1
:10BBD00002E03046FCF786FF1F98C71928301F90F7
:10BBE000FDF78CFE01281E972F4601D10F980FE01C
:10BBF000FDF78EFE01280F980AD004F04FFF0128B0
:10BC000004D0049804E0C04625D005101698C0431F
:10BC1000C1B23046FCF7E8FE0094219D28461F99EA
:10BC20003246234604F03CFF009400213846324659
:10BC3000234604F035FF2846FCF7D9FD3846FCF7CB
:10BC4000BAFD6C6CA86C1F901E9F384604F086FFEE
:10BC500018483861184838801D9E707DB875F87D89
:10BC60001B990843F875284604F082FFF860317884
:10BC7000032904D0022918D10C99814200D8014629
:10BC8000119A1F9D21987862C06C7860B9602098E5
:10BC9000407B0128134600D00723611BBB7001289D
:10BCA00000D10422384604F0B1FF2BB0F0BDC046ED
:10BCB0002C09002024140410040B000010B5017C92
:10BCC000022909D10124047401688268C3680CC088
:10BCD000A12004F0C7FF00E00024204610BD7047FB
:10BCE00010B500242046FFF7ABF80A490968342252
:10BCF000895C2C30A14207D00278002A06D0572256
:10BD000092008018641CF5E7FF2401E00121017016
:10BD1000E0B210BD1809002080B5FFF791F82C2182
:10BD20000022425480BD010010B50849C97A814201
:10BD30000BD9C108064A12681269535CCC00001B7B
:10BD4000C0B201248440A343535410BDC007002057
:10BD500030090020F0B591B00B9316460D910C9070
:10BD60009F48C17E0A91017F0991817E0891C77F1A
:10BD70000125D8212846FEF7FDFF9A4C2060582166
:10BD80002846FEF7F7FF2168344690220792885034
:10BD900004F0A2FF384604F0B9FF072139400B98A0
:10BDA00004F0C4FF1798059001901C98009019ABFF
:10BDB0000ECB0D9804910D93F6F768FB012E00D081
:10BDC00008950020012C00D00990012C00D00A9089
:10BDD00041208500012C069409D1294620310120FB
:10BDE000FEF7C8FF7F4909688822885033E025267E
:10BDF0007B48815D28462030002901D0014600E0C3
:10BE000044212627764AD25D002A00D00146292403
:10BE1000734A125D002A00D001460C9A012A00D113
:10BE200001460120FEF7A6FF6E4909688822885066
:10BE30000C98012829460FD06948005D0028294642
:10BE40000AD16748C05D0028294605D16448805D55
:10BE5000002800D1C1E0294618980B90169803904D
:10BE60000127614C3846A0475E4E31688C228850CD
:10BE700004213846A04731689422885058210C97F5
:10BE80003846A0473168982288500898C6B21835BD
:10BE900030462946A0470546069C012C05D15C2169
:10BEA0003046FEF767FF024600E000223046294692
:10BEB00004F08CFF10AB0998D8700A9898700D9F09
:10BEC0005F700B9818702046059D2946324604F095
:10BED000D9FF039E3046214604F0D5FF3046214667
:10BEE0002A4604F0D1FF304621462A463B4604F05C
:10BEF000CCFF0097304621462A460B9B04F0C6FF34
:10BF000004F0DCFF012C07D1012D05D104F0D7FF8F
:10BF1000012E01D104F0D4FF0D98012801D104F0C5
:10BF2000D0FF04F0CFFF0498314622462B4604F0A0
:10BF3000CAFF2B4FF87A411C2C4D28460C9AFEF76D
:10BF40001BFC284E3168C0228850F97A022228460C
:10BF5000FEF712FC31683746C4228850204604F0B0
:10BF6000B3FF04F0B2FF04F0B1FF04F0DDFF04F012
:10BF7000FDFF04F0FCFF04F0FBFFF8F7A7FA3168BF
:10BF800000248C7148712046F8F7A4FA05F028F8CF
:10BF90003068006E05F030F83068079D40590C306D
:10BFA00005F02BF80C9E304605F02AF83868415908
:10BFB00040228C540A4A128B82821F200F90E04349
:10BFC0000E9048310EA8052205F01BF8386840593C
:10BFD000F1025422815211B0F0BD2C213CE7C04641
:10BFE000C00700202C09002075AD0410BC070020FC
:10BFF0007047010102010201FF0201FF020202017A
:10C0000002010101010102FF0201FF00FEB53E4CE9
:10C01000206890254059C06B0268322000261654D3
:10C020003A484069010C192901D319200004106015
:10C030000292506004F0EEFF20684059C06B076820
:10C04000FDF75CFC012801D01B2000E0FB203882BA
:10C05000FDF754FC04462920C0000090A9200501EA
:10C06000FDF750FC012C019507D10128284D009CBB
:10C070000CD0284DFDF750FC05E00128009C05D0B0
:10C08000FDF74AFC2546012800D108357D82FDF7E1
:10C0900035FC012801D01B2000E0FB20B882FDF711
:10C0A0002DFC0546FDF72EFC012D07D10128019D31
:10C0B00017490DD0FDF730FC164906E00128019D17
:10C0C000294605D0FDF728FC2146012800D108317A
:10C0D0007C831B203883FD81BC817C813881F9827F
:10C0E00004F0A6FF04F0EEFF029804F0EDFF0A4C06
:10C0F00020683421415CF0B2884203D203F0BEFFD5
:10C10000761CF5E7FEBDC0462C090020C0070020C4
:10C110009042000048080000180900200348006809
:10C120008421034A425000207047C0462C09002059
:10C13000000003037047F0B589B00C460746098933
:10C1400000251522284603F0B3FE002813D006462A
:10C15000002F06D023462C3305211022384603F049
:10C16000A7F8E07D000708D421464C3105AA2046F7
:10C1700004F0B4FF07E0882019E005A802900194BC
:10C1800001A8F6F7C4F911207080706803210172CC
:10C190000521102205AB304603F09EF820463146BB
:10C1A00005F040F8002802D1B620A072284609B058
:10C1B000F0BD000070B588B0044605F04DF80128C8
:10C1C00024D10025012207AB2046294605F060F85E
:10C1D000022206AB2046294605F05AF81A480068A4
:10C1E000079A02AE0096E43001462B4600F02EF886
:10C1F000069810223146F8F732F9002806D00421BB
:10C20000002201232046FEF7A1FD1AE0607B0321F6
:10C210000140012906D10C48006844300021102259
:10C22000F8F716F96420205CC00701D0492000E02F
:10C230005620C043A0720E20FCF7AAFCF5F776FA50
:10C24000002008B070BDC04638090020F0B59DB090
:10C2500002930392019101460CAD20270124124E56
:10C2600028463A462346B0472846203001993A46A8
:10C270002346B047374640200299295408AE102281
:10C280000292304603992346B847412104AF28461D
:10C2900032463B4605F01EF822983946029A23465C
:10C2A000014CA0471DB0F0BDFDD40410F0B59FB007
:10C2B00001930292009101460BAD20270124154EF7
:10C2C00028463A462346B0472846203000993A4649
:10C2D0002346B0473746284640301026019932465B
:10C2E0002346B84707AF3846029932462346094EDF
:10C2F000B047502103AE28463A46334604F0EAFFE1
:10C300000C362498042231462346024CA0471FB025
:10C31000F0BDC046FDD404100178427812025118D5
:10C32000827812048918C078000608187047000047
:10C33000B0B50D460446154800684821405C8006AB
:10C3400023D513480068806902214B22032300F0A3
:10C35000B9F8002819D00146057384720420487288
:10C36000092008720020C87108208871FF204871D8
:10C3700082200871280EC873280C8873280A487315
:10C38000200AC872022000F0F9F8B0BD2C09002084
:10C390001C09002080B5044800686430034920224D
:10C3A000F8F752F880BDC0462C09002048D105108E
:10C3B00070B50D4909683422895C74224A430B49DF
:10C3C0000B68A43300210C46A2420AD01D682D1927
:10C3D000EE7DF60702D02D89854201D17434F3E752
:10C3E0000121084670BDC046180900203809002008
:10C3F00070B503460120002909D0002426462546B1
:10C40000965D9E4204D16D1CEEB28E42F8D370BD93
:10C41000204670BDF8B5044601890025452228460E
:10C4200003F046FD002814D0064641207080706855
:10C430000C2101720F4F3B686433052140223046C6
:10C4400002F04AFF2046314604F0ECFE002802D0FC
:10C45000F8BD8120F8BDE07D20210143E1753968F8
:10C460004222895C090702D524210843E075284649
:10C47000F8BDC0463809002070B594B00E46044699
:10C480004178801C6A4604F042FF0546002E05D024
:10C49000002D03D16846214604F06AFF284614B0F7
:10C4A00070BD0000044800685C21415C30200840F9
:10C4B000411E88417047C0462009002080B504F025
:10C4C00099FF80BDFEB515460C460646080614D4F5
:10C4D00002AA01AF304619463B4604F08FFF002800
:10C4E0001FD0600634D402988178FC220A40827002
:10C4F00001990180718001272BE072B602AA01AF79
:10C50000304619463B4604F079FF00280BD00299CB
:10C510008A78FC2313408B70019A0A80728001276D
:10C5200002E0002703E0002762B6002811D172B6AE
:10C53000A0060AD410480068016808220A43026075
:10C540000020FCF725FBF5F7F1F862B600260AE0BB
:10C550000027029EF570A00060210140B078032200
:10C5600002405018B070002F04D00020FCF710FBE0
:10C57000F5F7DCF83046FEBD1C09002080B540060A
:10C5800005D48878FC220240901C887080BD084643
:10C5900004F071FF80BD0000F0B589B0044608A822
:10C5A0000026068021891522304603F081FC0028F0
:10C5B0002BD00546E07AC00609D42046203002215F
:10C5C000002200F065FCE07A10210143E172A07ABC
:10C5D000D138042876D8C046784400794000874492
:10C5E0000219384E60003C4800682146203108306E
:10C5F00008AA04AE334603F04FF9686806210172B9
:10C6000011206880227C052158E00E200021FEF7D1
:10C610005FFF5FE004AE08210291002230460196E0
:10C6200000F036FC2046203008AF31463A4603F091
:10C63000DFF80B2068806868072606720521022251
:10C6400028463B4602F048FE28463146029A019BA6
:10C6500036E01120688068680821017204A8002172
:10C660001022F7F7F5FEFFF71DFF002802D004A8FF
:10C6700004F028FF0521102204AB284620E003A87F
:10C68000067004AE314604F02DFF0820688068680B
:10C6900009210172686803994172062128460A46F9
:10C6A0000DE01120688068680A2101722046203060
:10C6B00004AE314604F02EFF0521102228463346F1
:10C6C00002F00AFE2046294604F0ACFD002801D104
:10C6D000DD20A07209B0F0BD1809002010B5044695
:10C6E0004C301021002200F0D3FBE07D000702D483
:10C6F000B520A07210BD2046F5F705FF10BD80B52E
:10C70000012911D1427C530705D0C37D1B071DD5DC
:10C7100006231A401AD16422835C01221A400029A0
:10C7200006D0002A19D103E0002900D080BD0022E4
:10C73000817CCB0704D0C37D1B0701D4D12109E044
:10C740008B0706D4490708D5D52103E0D021817293
:10C7500080BDD3218172002A02D004F0E9FE80BDA1
:10C76000FFF71AFF80BD000070B50446807B0321EF
:10C770000140258903290AD1204604F0EEFE002855
:10C7800005D008210122204603F0F6F870BD2846A6
:10C7900000F0EEF8024601200021114B00F008F9EC
:10C7A000E07C032802D1002004F062FF204618300C
:10C7B000002608223146F7F74BFE2046314602F0AC
:10C7C00049FE6420215CEF220A402254F120A0722D
:10C7D000022029463246334602F0CEFE70BDC046E6
:10C7E0003075000070470000F0B593B004462B4D43
:10C7F00028684227C15D30220A40302A15D14921DC
:10C800008E00811905A82022F7F71EFE2868C15D59
:10C81000CF220A40C2556420205CC00707D10DA872
:10C82000009012A90FAA11AB06E0842033E00FA8F4
:10C83000009011A90DAA12AB204604F027FF12A800
:10C84000037811A80078296822462C3204928919AD
:10C8500003910DA9029101900FA8009021463C314F
:10C8600022464C3205A804F027FF4D20800029689D
:10C870000A180121204604F08DFF00280BD1204624
:10C8800064300078C00703D1204605F03BF802E091
:10C89000BB20A072002013B0F0BDC04638090020B4
:10C8A00001460068C2690A60002A00D1496000217F
:10C8B000C1617047F0B501460020002917D00C4A2D
:10C8C00012683423D35C74225A437323DD43094B2B
:10C8D0001B68A4332C467434A24208D01E68751914
:10C8E0007C27ED5B4D402D052546F4D13019F0BD78
:10C8F000180900203809002080B5027A110601D5F8
:10C90000012100E00321520600D50021001F05F09F
:10C9100029F880BDB0B50C466421615C01220A4053
:10C92000A37A4068417A02D19F2B02D8B0BDB02BC8
:10C9300014D3F02B15D9F12B0ED10F290CD125468C
:10C940005D350F210122204603F016F829785E3468
:10C95000204605F01BF8B0BD002AE7D0207E8007F6
:10C96000E4D00122204603F007F8B0BD1F20704735
:10C97000B0B50D4909683422895C002811D00B4AF2
:10C980001268A4320023DCB28C420AD274256543BB
:10C990001468641924894440240501D05B1CF2E723
:10C9A0001946C8B2B0BDC046180900203809002099
:10C9B00010B5002906D0862401291BD1022A19D8D6
:10C9C000002100E0032101280AD0002811D1881895
:10C9D000C1B20948006808300122FEF798FD06E060
:10C9E0008818C1B204480068083002F06FFD0446A0
:10C9F00000E00024204610BD38090020F8B50C46A0
:10CA000005460126304604F0D3FF02281BD807460E
:10CA10006420205CC00616D4284604F0E3FF0028FA
:10CA20001AD001461A480068B122825C002A03D05D
:10CA3000B130BE40B2430270002201232046FEF70F
:10CA400085F9054606E01021002520462A462B469A
:10CA5000FEF77CF92846F8BD20466430277501783A
:10CA600010220A430270E07AEF210140E1720121B5
:10CA70002846224604F0DAFF204604F0E9FF0028A9
:10CA800001D00025E6E7204605F026F8D9E7C046A4
:10CA900038090020F0B585B007464068057AA81F20
:10CAA000042823D80C46887A8626D0281FD1204611
:10CAB0005D3001902089FFF75BFF02460020454B67
:10CAC00002900146FFF774FF062D05D0092D11D005
:10CAD000082D34D0072D3DD1E07D000707D4607CC0
:10CAE000C00704D0062D44D12C342CE084263046D7
:10CAF00005B0F0BD607C8007F9D503AB00269E80B1
:10CB00000396062138460A4605F08AF8002847D0E1
:10CB10007868407A019D287023465E3306213846A6
:10CB20000A4602F0C5FB2878012803D1A8798009BC
:10CB3000032847D3617C20200843607431E0607C87
:10CB40008007D4D53C34052110223846234602F014
:10CB5000AFFB35E0607C4007C9D523464C33052147
:10CB60001022384602F0A4FB607C4021014361742E
:10CB700019E0204622307968497A01707968897A0B
:10CB800041702346243307210822384602F090FBE7
:10CB9000607C8021014361744007800F10D102E066
:10CBA000607C4007A3D40198C079C00705D1002656
:10CBB00020463146FFF7A3FD99E72046FFF7D4FD55
:10CBC000029E94E70821002201232046FEF7BEF8CA
:10CBD00006468CE730750000F0B58BB00D46064672
:10CBE0000024029409891522204603F061F90028E7
:10CBF00020D007462B463C330521102230461E46E6
:10CC000002F056FBE87D000716D40094344603AECC
:10CC100028462146324604F061FA29462C3110227A
:10CC200030462646009CF7F71AFC01A9BC220A7080
:10CC300002900CE0882459E001A80A9002A809900B
:10CC400003A80890079507A8F5F765FC0298002847
:10CC500006D00421012328463A46FEF777F81BE068
:10CC6000112078807868042101722B464C3305210D
:10CC70001022384602F030FB2846394604F0D2FA3A
:10CC8000002809D10198A8721A4800683521405C33
:10CC9000297C814200D928740298002826D1E87D99
:10CCA000000723D407A8002410222146F7F7D0FB61
:10CCB000E87C03280BD0022810D1E86907A9087086
:10CCC000020A4A70020C8A70000EC87006E0094819
:10CCD0000168443107A81022F7F7B6FB29464C310A
:10CCE0002C3507A832462B4604F0A3FF20460BB094
:10CCF000F0BDC046380900200268CA61002A02D18E
:10CD00000A461C32426001607047F0B58BB00E4697
:10CD10000521102507AF2A463B4602F0C9FA00213B
:10CD200003AC029630460191224604F033FD0646DC
:10CD3000384621462A46F7F792FB002E15D10028E7
:10CD400013D16420029C205CC00715D1207C2A1AD4
:10CD500020182C300021F7F77BFBA07E0221014335
:10CD6000A176204604F07DFF0AE00B21002201237A
:10CD70000298FDF7EBFF03E0204604F0C3FD0198A5
:10CD80000BB0F0BDF8B52F4F3B6842241A57002A6C
:10CD900020D40091E4330521402202F089FA396859
:10CDA00008466430E43120252A46F7F758FB06464A
:10CDB0003868643024492A46F7F751FB002E0BD11E
:10CDC000002809D00B210025012300982A46FDF7F1
:10CDD000BDFF07E03A2505E03868015D9022114269
:10CDE00002D038252846F8BDE43004F03DFF1F2866
:10CDF00026D005461228E5D0002DF3D13868015D14
:10CE000010220A430255009CE17DC0220A43E275CC
:10CE1000E4300D4920252A46F7F721FB064641203C
:10CE200080003968081809492A46F7F718FB30438B
:10CE300000250028D6D1E07D04210143E175D1E72A
:10CE40000821C0E738090020FFD105101FD20510C6
:10CE500080B503200821FDF78DFF02490968A8224B
:10CE6000885080BD3809002080B50648C17A064840
:10CE700000680830C91CC9B2044A0723FDF788FFBF
:10CE800080BDC046C007002038090020ADBB05109A
:10CE90007CB50C4605460020C6B2A6420ED2002044
:10CEA00004F008FFA85501A90870000A6946087037
:10CEB000711CA14200D26854B01CEDE77CBD00009B
:10CEC00010B5084C20684030FDF75EFF2068383010
:10CED000FDF75AFF044805493C22F7F7B5FA04F07C
:10CEE000F1FE10BD2409002048070020841304101F
:10CEF00080B504F0F9FE80BDF0B585B004930192D1
:10CF00000291074602203840039001243C4010481B
:10CF1000056834350A9E2D68002D16D0002F0CD0E0
:10CF2000002C03D02889029988420CD1039800284C
:10CF300003D068890199884205D128463146049A70
:10CF40009047002802D11035E5E7002005B0F0BD7C
:10CF50002409002080B504F0EFFE0549098A253137
:10CF60004909884201D8002080BD012080BDC0460B
:10CF7000C007002080B5012801D1014600E003214F
:10CF8000002800D10146084604F0E2FE80BD000002
:10CF9000F8B50446C00625D416460D461448006868
:10CFA0006107C90E401800695F2203232146FFF77D
:10CFB00089FA002818D00146067385720C20487241
:10CFC000162008720027CF7106208871FF20487153
:10CFD00082200871300A4873280AC8722046FFF779
:10CFE000CDFA02E0862700E007273846F8BDC046A4
:10CFF0001C09002000210068002802D01C30491CB8
:10D00000F9E788B2704780B5022102F06EF980BD61
:10D01000074A126834321268002A07D01389834203
:10D0200002D153898B4201D01032F4E71046704789
:10D0300024090020F0B585B004460078002807D107
:10D04000606804F0A3FE6070A568E86800283CD022
:10D050006578284604F0A0FE0E2808D880005C49B8
:10D060000958002903D020468847074607E0A068F2
:10D07000C36800210622284604F0C8FE862761689E
:10D08000002919D0882F03D0842F0CD0072F10D15E
:10D0900050480068403004F0CDFE0920FBF778FDD1
:10D0A000F4F744FB08E04B480068383004F0C2FE57
:10D0B00009E00846FFF720FC862F01D0002F02D19F
:10D0C000A06804F0BEFE05B0F0BD6768384604F005
:10D0D0005DFE064604F060FE7988EA880423029328
:10D0E000002391423ED80E283CD801934200354B94
:10D0F0009A5A354BC340DB0705D180239A439142AE
:10D10000019B03D02EE09142019B2BD3411E0329AA
:10D1100001D307280DD104A903AA029238460F466D
:10D1200004F0ABFE3B8802980088834218D8002B9D
:10D1300016D06668304604F029FE0746358830462A
:10D14000FFF761FF01462846FFF762FF05461E2FE5
:10D150001ED0402038401BD1162F1CD1718827E0EB
:10D160000120029086271E2E89D04020304086D193
:10D17000019305210022284604F092FEE860002871
:10D180001ED0034630460199029A04F03FFE76E72E
:10D190000020E8605CE7384604F0FEFD0E2800D968
:10D1A0006CE740000949095AE888814200D30146EA
:10D1B0000022284604F074FEE860002800D047E70B
:10D1C00088275CE772410410CC4F0000964304109E
:10D1D000480700202409002080B504F07BFE0549A3
:10D1E000884205D0C00004490968496E081880BD0E
:10D1F000002080BDFFFF00002409002080B5102220
:10D200000A740278042A0DD87A441279520097449D
:10D210000A16120202004068031D1422084619462D
:10D22000F7F712F980BD0522D2024068007D01287F
:10D2300009D18A8180BD0520C002C01C04E0052000
:10D24000C002801C00E0501C888180BDF0B585B014
:10D2500006460878042811D815460C46784400790B
:10D2600040008744020D4A697E007B4E30680146CB
:10D270007031C166606804F045FE57E08626E1E043
:10D28000754F386801467031C16663680120764980
:10D290000026324604F04BFE01A90880002800D188
:10D2A000BBE004F04DFE04F05DFE02A90091088091
:10D2B0003868C06E01A902273A46F7F7C5F86648F4
:10D2C0000068C06E801C00993A46F7F7BDF86248C6
:10D2D000006868270421C15361680A7C102A00D0C5
:10D2E0009FE0C06E0C31001D0222F7F7ADF85A48DE
:10D2F0000068C15B891CC15393E0574E30680146FA
:10D300007031C166616809787022815461884A1C55
:10D3100003A90A8071300222F7F796F83068C16ECF
:10D320006068001DC91C04F0EDFDC01C3168682256
:10D3300088526831296084E06068017D102939D104
:10D340004749491C028A8A4234D1434801686831FE
:10D350002960006868211022425201468331C1666B
:10D360006FE060688069002853D03B4F38686830B0
:10D3700028606068017D10294DD1018A374A9142A9
:10D3800049D104213046FFF743FE00285DD03868BC
:10D3900068210225455201467031C166304621465A
:10D3A00004F0EBFD04A908803868C06E2A46F7F740
:10D3B0004BF846E0006A00282BD0274F38686830C9
:10D3C00028606068017D10292ED1018A244A91428B
:10D3D0002AD104213046FFF71BFE002835D03868DB
:10D3E00068210122425201467031C166304604F084
:10D3F000D1FDFF282BD06168096A8B681949C97A69
:10D4000049084A1C042104F0D7FD39687022885469
:10D4100017E0842616E0806907E03868682100225A
:10D420004252683028600DE0006A0178890701D512
:10D43000022100E00421415A80683A686823D152F1
:10D44000D0660026304605B0F0BD0226FAE73868FF
:10D45000702100264654F5E7240900200229000027
:10D46000292B0000C0070020FFFF0000F0B585B0A9
:10D4700003920C4601210902411804910290E03008
:10D480000190200423D004980088102807D110228E
:10D4900002980199F7F706F80020049908801021F6
:10D4A0000D1AA9B2A2B2914200D32546AFB2029999
:10D4B0000818E030039E31463A46F6F7C5FF049956
:10D4C000088828180880641BF6190396D9E705B068
:10D4D000F0BD000080B504F083FD074909686022B3
:10D4E0008A5A401C80B2904203D2496EC00008188C
:10D4F00080BD002080BDC04624090020F0B5002A70
:10D500000BD00024E543002B264600D056190F5DB2
:10D5100087556D1E641CA242F5D1F0BD80B504F0A4
:10D5200073FD80BD10B5044604F08CFD002801D0C9
:10D530000C2010BD0248006840214454002010BD5A
:10D5400038090020034800685F21415C0120084041
:10D550007047C0462009002010B5044604F072FD53
:10D560006178012903D1002805D1024604E0002892
:10D570000FD00C2216E00C220B4909684023CB5C2B
:10D58000032B01D16E22D243032B0BD0002802D0F3
:10D5900008E0054801683031102208462146F6F7B8
:10D5A00053FF0022D0B210BD38090020FEB5154649
:10D5B0000E46FFF77FF9002821D00446807A002824
:10D5C00001D0F1281DD100272046394604F060FD26
:10D5D000012E22D0B04220D8E90701D1B0421CD0A0
:10D5E000284800683221425C032111403230002972
:10D5F00015D0027C90231A4211D03A270DE0022761
:10D600000BE06078A11C04F061FD002804D0A07A32
:10D61000FB2801D1B02700E00C273846FEBD032EC1
:10D620000DD3827B9127032AF7D0042E07D100293E
:10D63000F3D0C1781029F0D3007C40071FD46420B8
:10D64000215CC80715D12346643301A886710122E5
:10D65000427105711D46102211431970019404F0A6
:10D6600055FD07460028D8D02878EF2101402970C1
:10D67000D3E72046314604F04BFD0746CDE7382777
:10D68000CBE7C0463809002010B50C46FFF712F969
:10D6900000280ED0C17C02290DD1C461C17B1022AB
:10D6A0000A43C2730E20FBF773FAF4F73FF8002029
:10D6B00010BD022010BD0C2010BD10B50C46FFF7A8
:10D6C000F9F8002807D0817AC12906D1002C06D0AC
:10D6D000BA21817208E0022010BD0C2010BD0C217F
:10D6E00000220123FDF732FB0E20FBF751FAF4F77D
:10D6F0001DF8002010BD80B504F03FFD80BD000086
:10D70000FEB5044604F03EFD0C25002825D0122667
:10D71000002C23D0207D401E01281FD8207C80288B
:10D720001ED010281AD1A089012188430321C902E3
:10D73000884215D10120FFF74FFD002810D0017855
:10D74000002907D141680A7C102A03D18989A2895E
:10D750008A4202D0FFF7BEFEEFE72E463046FEBDFE
:10D76000002004F01FFD002806D04168C98A002966
:10D7700004D04088401804E0012002E004F028FDB5
:10D78000401C82B2002630463146234604F030FD6C
:10D79000002820D0F743E18A491E029100900194AD
:10D7A0007F1C217E8F4218D2E18A002904D0029A80
:10D7B00011043AD0521E0292351D401C019CE169B1
:10D7C0008B5982B20120002104F012FD00282E4660
:10D7D000E6D187262EE08726C0E7184800685C213E
:10D7E000425C0223134343540A20FBF7D1F9F3F7B9
:10D7F0009DFF606A00260028B0D02020205C002811
:10D80000ACD021462031029100252F46019585425A
:10D8100000990CD2606AC01900F01CF8002808D1E9
:10D820002437029800786D1CF1E7122602E0019E71
:10D8300094E70646009804F01BFD8FE724090020BA
:10D8400080B5034601200249002204F070FB80BD30
:10D85000FFFF0000FEB50E46044604F093FC0028CE
:10D8600066D01225002C64D0207D802813D010288B
:10D870005FD1208A3C4988420DD1206A002858D0C7
:10D8800082883A49C97A4908491C8A4251D380683A
:10D890000021F6F7DDFDA0782421084203D060784E
:10D8A000C01F092845D8304604F04AFB002840D064
:10D8B0000646007800283CD1207E811C304604F0CA
:10D8C00001FD0546002834D1304604F04BFB0546E7
:10D8D00004F036FB0146681C86B202273846324601
:10D8E000234604F085FCB04225D1304604F028FBE5
:10D8F0000146A81C82B20320234604F079FC0028CC
:10D9000029D001970296E069002816D0207E0028D1
:10D9100013D00026374687420FD2E069801902995A
:10D9200004F0EAFC002818D11C36207E7F1CF2E7A8
:10D930000C252846FEBD8725FBE70D4800685C21C5
:10D94000425C019B1A4342540A20FBF721F9F3F78A
:10D95000EDFE0025EDE7872501E00546029E3046F5
:10D9600004F052FDE5E7C046292B0000C007002067
:10D970002409002080B5034601200249022204F058
:10D98000D6FA80BDFFFF0000F0B585B01D461646F3
:10D9900007460491FFF73CFB002820D00446022DE7
:10D9A0000AD3022E32D000210422384604F056FD5C
:10D9B000812801D10C202AE00A98022E11D2029669
:10D9C00003956D1C019006466D1E16D031880836F1
:10D9D0001022204604F070FD0028F5D017E0022048
:10D9E00015E0022E12D102960395019001882022A3
:10D9F000204604F061FD002809D1019800903846C6
:10DA00000499029A039B04F091FD00E0122005B0F6
:10DA1000F0BD1CB5059C0194049C009404F05AFED2
:10DA20001CBDFEB501AA918050801E2010701046CA
:10DA300004F0A4FE06B080BDF0B587B00189049162
:10DA4000C18805918488468807880020069006A929
:10DA5000384605F047F8054600285AD10396029447
:10DA600006988078C00751D10024102220463946FC
:10DA700002F01EFA00284BD007462A48039A911F4D
:10DA800089B2122581423DD2029E062E3AD3801DD4
:10DA9000864237D2B24235D8059A91087C2931D8CE
:10DAA000511C7143049B9A0091422BD80A2B29D315
:10DAB000834227D20194786812210172786806990E
:10DAC0000979417206210825174C38462A46A04795
:10DAD00038462946039AA0470A2138463246254649
:10DAE000A0470C2438462146059AA8470E213846FF
:10DAF000049AA8477C800520394605F009F80028DB
:10DB00000AD081253846FEF7F7FE02E00C2500E03A
:10DB10008825284607B0F0BD0699122005F034F894
:10DB2000019DF6E77B0C00003552051080B5C0075B
:10DB300001D1002080BD05F02FF880BDB0B50446AE
:10DB4000074D2878002803D105F02AF80120287015
:10DB5000204605F02BF8002801D000212970B0BD27
:10DB60004A09002080B5C00701D1002080BD0846C9
:10DB7000114605F02DF880BD72B601684A420A4090
:10DB80005140016003485043C00E03A1085C62B6D7
:10DB90007047C046DF3A650400010206030B071018
:10DBA000040E0C150817111A1F050A0F0D1416196B
:10DBB0001E0913181D121C1B70470000704700003F
:10DBC0001CB50C4C20684078000711D46846F6F765
:10DBD0009FFC2168009A4A6088604B7808241C43A7
:10DBE0004C70101A400B4242424198081040087095
:10DBF0001CBDC0463009002010B50446C07D80071A
:10DC000017D4FFF7DDFFE07D02210143E175E069F4
:10DC1000216A0818074909684A68D1434118831ADC
:10DC20000020832B024600D31A46002900D4104658
:10DC3000206210BD30090020F8B50D460446C07DB5
:10DC4000C0070DD01C4800684178FE263140417065
:10DC5000FAF7D6FCA07DFAF7EFFCE07D3040E075E6
:10DC6000F6F740FC144F39684860227D110701D453
:10DC7000281A05E0C143491911D4281A66280ED381
:10DC80008626002815D49007C10F5007C20F2846DA
:10DC9000F6F734FC002804D0207D000709D5F6F7FC
:10DCA0003BFCFAF7BFFC3868417810220A43427007
:10DCB00000263046F8BDC04630090020826AC36A9B
:10DCC000002A02D0D362C36A00E04B601A6070473A
:10DCD00080B54168002909D0C17DFB220A40C27588
:10DCE00004490968283104F088FF80BD00F004F879
:10DCF00080BDC0463009002080B50169096900294E
:10DD000009D005490968203104F077FF1520FAF79A
:10DD10003FFFF3F70BFD80BD30090020FEB50090FA
:10DD200001A8029000200190334F38688569002DCA
:10DD30003BD0E868AC6A296A814205D3E9693A6850
:10DD40005268D243891830D539682A7DD2071AD053
:10DD50004A681018C043AA691018AA68801812D41B
:10DD60000121284604F059FF064639681831284633
:10DD7000FFF7A4FF022E0AD0012E10D12846FFF78C
:10DD8000BBFF2546D3E718312846FFF797FF284603
:10DD900004F06CFF2846FFF79BFF2546C7E701A963
:10DDA000284604F02AFF2546C1E7009800281AD02B
:10DDB00001A904F022FF16E0E07D02210143E17594
:10DDC000A069E169A2681018401A206201A92046E2
:10DDD000FFF774FFE07DF7210140E17539681831E4
:10DDE000204604F04CFF019C002CE5D13868806986
:10DDF000012104F071FFFEBD30090020F8B500914B
:10DE000004460027344B3D467F1C186806461836EA
:10DE10003668002E50D0F168326A8A4201D2283624
:10DE2000F6E7009886420ED0F07D01210143F1759E
:10DE3000F6F758FB284909684860002C03D0F169BF
:10DE4000081AE92841D830694168002903D0706A6E
:10DE50008847002817D0F1693046FFF7EDFE1E49CC
:10DE60000968002832D018313046FFF727FFF07DCF
:10DE700040070ED47078717D491CCAB2824200D826
:10DE80000846707505E01448016818313046FFF700
:10DE900015FF3046FFF71CFF002C01D100F01EF8E3
:10DEA000092D0D4BAFD305F00DF8A120062100225E
:10DEB000134601F02BFAF8BD002C04D100201C46BB
:10DEC00005F002F8206800214161F8BD4E6130463E
:10DED00004F0FAFFF8BDC0463009002070B5104DBF
:10DEE0002868283000260068002816D0761E2830C2
:10DEF000F9E729688C6A28312046FFF7DFFE002108
:10DF0000204604F08AFE012803D12046FFF7F4FEE4
:10DF100002E0204605F00EF8761C002EE9D170BD17
:10DF200030090020704700001D490A79012A02D1FA
:10DF30000020C0437047920088500879401C087147
:10DF400000207047F8B5040000260020217804293D
:10DF500013D0822920D1251D6178FF291CD1297871
:10DF60006A781206120C1143FC2212020A40C021E8
:10DF700009018A4210D10A4F08E0E51CECE72800AD
:10DF8000890079588847012809D0761C3A79F1B27E
:10DF90009142F4D3002802D12000F3F73DFCF1BDFB
:10DFA000F8080020F8B5044619480068476D002CB1
:10DFB0000DD0387C002823D00020014604F0D6FF85
:10DFC0000546002822D105F02BF8064600E00C2675
:10DFD000204605F043F80546002817D100252046C5
:10DFE00029462A4605F04CF8002C0BD00120787405
:10DFF000002E0BD100252846294605F0A1F805E0A2
:10E00000D32503E000257D7405F0C2F82846F8BD4D
:10E0100020090020F0B58BB015460F460146FA06E0
:10E020001220002A3FD51C4601239A0395423AD874
:10E03000944238D80A93139809901298089011982E
:10E0400006901098079019480068466D00200490CB
:10E050007070317005F0BAF80590384605F0CAF8CE
:10E0600002467078202101437170042A08D81721D4
:10E07000D140C90704D051B20DA3595C0843707058
:10E0800006980090089801900798029009980390CC
:10E09000A8B2A1B2059B05F0C6F800280A9902D1E2
:10E0A0000498B07431740BB0F0BDC0462009002054
:10E0B0002870287030000000B0B50C460546C0B28C
:10E0C00005F012F9002800D0B0BD03490968496D78
:10E0D0008D814C60B0BDC04620090020F0B50028FD
:10E0E00007D0002905D05B079C0F002A04D1012C22
:10E0F00002D061204001F0BD436A102B03D0182BE1
:10E1000001D0202B05D1012C05D005696D1E102DE5
:10E1100001D31A48F0BD102B02D01848801EF0BD64
:10E12000C2600379F9252B400371012C20D0002314
:10E130001C469D002D185B1C6C61042BF9DB002331
:10E1400013E0DC17A40FE418A408A40025182E4639
:10E150001436B4461C1BD65CE40018276D693C1BC2
:10E16000A640354366465B1C356004699C42E8DC8A
:10E170000279D20700D181600020F0BD1F0C0000A1
:10E18000F8B58CB00D0000240023D15C08AE5F42CE
:10E19000F619F1735B1C0F2BF7DD00235942890040
:10E1A000411804AA9E009219CE681670CE68360AED
:10E1B0005670CE68360C9670C968090ED1705B1C1B
:10E1C000032BEBDD6A4608A904A8FBF74DF9684666
:10E1D000A1004018C1780906827812040A434178E8
:10E1E000090211430078084329000C316242920071
:10E1F0008850641C032CEADD0DB0F0BD0148416875
:10E2000001607047BC07002003480068002181605E
:10E21000C1600161016070473C090020F8B5012030
:10E220001C21294A9047294F3860294DA88D401E4E
:10E2300003263043401C8008C01C04242146224A87
:10E24000904739684860E88D401E3043401C800884
:10E25000C01C21461C4DA8472A46396888601C4DC1
:10E26000288E401E3043401C8008C01C2146904729
:10E270003968C86005F060F838684268002111808C
:10E28000518083681980D180AF8D7F1E37437F1CFA
:10E29000BF0897805980D980EF8D7F1E37437F1C40
:10E2A000BF089F80C768398002614361F9802A8E68
:10E2B000521E3243521C9208BA80798087612246EE
:10E2C000F6F7C6F8F8BDC04675AD04101C0900206D
:10E2D000C007002070470000FEB51F460192029162
:10E2E0000546012478212046FCF744FDE121890000
:10E2F0005A228152244E3060012D17D1012006216F
:10E30000FCF738FD014630688163012F0ED10125ED
:10E310000E2728463946FCF72DFD3168C86428468B
:10E320003946FCF727FD014630680165029901294D
:10E330000BD10198012805D11C200121FCF71AFD01
:10E340003168C8621148847E01E00021C162142155
:10E350002046FCF70FFD316848650D4C0421012271
:10E360002046FCF709FA316808620325022220469C
:10E370002946FCF701FA31684862064A0723084635
:10E380002946FCF705FDFEBD20090020C00700203E
:10E39000BC070020ADA3051080B5012004F0D6FF16
:10E3A00001BD000010B5C20018231340FF249C409B
:10E3B000E2438907090E9940030004D419489B08D9
:10E3C0009B00C01806E0184B0007000F08388008B3
:10E3D0008000181803681A401143016010BD80B511
:10E3E000FFF7E0FF01BD0000010005D40121C006D8
:10E3F000C00E81400D480160704710B5401E80215D
:10E400004904884201D3012010BD094C60600321FA
:10E410000020C043FFF7C6FF0020A0600721216055
:10E4200010BD000000E400E01CED00E000E100E0B1
:10E4300010E000E010B502000020CB43284C002A79
:10E4400002D0012A07D00DE02268114321606168E3
:10E450000B40636010BDA2681143A160E1680B40EE
:10E46000E36010BD012010BD02000020CB431C4919
:10E47000002A02D0012A01D001E029E02CE001208D
:10E48000704710B502000020CB43154C002A02D083
:10E49000012A07D00DE062681143616021680B40DA
:10E4A000236010BDE2681143E160A1680B40A360E6
:10E4B00010BD012010BD02000020CB430949002AF5
:10E4C00002D0012A01D001E002E005E001207047FE
:10E4D0000A6813400B6070478A6813408B6070476E
:10E4E0002000504824005048FCB50A0000230321B6
:10E4F0000091010014E0019C344000040DE0019FF4
:10E50000374006043E43AE605668F60307D5EE6812
:10E510009027FF05B942EED134402043E8605B1CF0
:10E520001068D84000D186E0C007F8D55C0000989C
:10E53000A040C54301955068009D0540012D03D0C2
:10E54000009D0540022D11D18868019D0540D068CD
:10E55000A040284388604D68012001269E40B543B5
:10E560005668360930409840284348605068009DFE
:10E570000540032D1CD0C868019D05409068A0404F
:10E580002843C8605068009D0540022D10D1D8086E
:10E5900080000D18286A9F001C263E400F27B740B8
:10E5A000B8431769BC4637006646BE4006432E6234
:10E5B0000868019D05405068009E0640A6402E4315
:10E5C0000E605568C02080022840A8D001209840E5
:10E5D0000404E6430196C4436D030ED5274D2D6810
:10E5E0009026F605B14202D12540054303E0019E85
:10E5F0002E4005043543214E3560204D5668F60205
:10E600000CD56E689027FF05B94202D1264006431B
:10E6100003E0019F374006043E436E605668760271
:10E6200000D471E7AE689027FF05B94200D066E7D5
:10E630002640064367E7F3BD0069084000D001208B
:10E64000C0B27047002A01D0816170478162704773
:10E65000E0B50A040B000A4D9026F605B0422F687B
:10E6600001D11F4000E01740002F06D0B04201D179
:10E670002B6000E02A60F7F7D3FCE0BD0C000040FF
:10E680001C00004080B50A6842604A688260082227
:10E690008A5EC2600A228A5E02610C224261895E41
:10E6A000816180210902C16100210162416200F0A3
:10E6B0008BF802BD38B5040084342178012901D1DA
:10E6C000022032BD012121702421616001680A68A5
:10E6D0000B680125AB430B60690741661143026873
:10E6E000116000F043F8202060600020207032BDEF
:10E6F00070B50400250084352878012801D1022056
:10E7000070BD0120287024206860206806680268B7
:10E7100001239A43026020688268D200D208114324
:10E7200017E070B50400250084352878012801D150
:10E73000022070BD012028702420686020680668CF
:10E74000026801239A43026020688268064B1340E6
:10E7500019438160200000F009F82068066020203D
:10E7600068600020287070BDFFFFFFF1F8B504005D
:10E77000606E002802D10120012517E02068816821
:10E780000901490F00918068410F00BF0CA600BF2E
:10E7900009A7785CC000715CF9F7C6FB050000981A
:10E7A000385CC0000099715CF9F7BEFB210068314C
:10E7B0004D800880F1BD0000010101030701000048
:10E7C000080402040801010138B5040001D1012048
:10E7D00032BD250084356868002803D128702000E8
:10E7E000FBF7C9FA24206860206801680122914380
:10E7F0000160A06A002802D0200000F01DF920006E
:10E8000000F08AF8012811D020684168084A0A40BF
:10E810004260206881682A229143816020680168F3
:10E8200001220A430260200000F06AF932BD0000B4
:10E83000FFB7FFFFF1B584B01F0006465436706B7A
:10E84000202866D10C0050D068460280002A4CD0A7
:10E850000498806880214901884205D104980069A4
:10E86000002801D1E00740D40025F5632120706322
:10E87000FBF7DEFA010068460088308068460088B1
:10E8800070803A000498806880235B01984209D127
:10E8900004980069002805D12500049F0192029187
:10E8A000040004E02000F8E77088401E7080708843
:10E8B00000281CD001980090029B00228021380083
:10E8C00000F08EF9002820D13868002C05D1298865
:10E8D000C905C90D8162AD1C02E021788162641C0A
:10E8E000706B212101402129DED0012012E0380087
:10E8F000029B019900910022402100F071F900284B
:10E9000003D120207063002004E0202070630320E6
:10E9100000E0022005B0F0BDF8B5050000242F6826
:10E920003868A3490140A868084329690143686918
:10E930000843E9690143396078689E490140E86805
:10E9400008437860A9693548874202D00A00296ADD
:10E950001143BA68984B13401943B960F96A0F2202
:10E9600091436A6A0A43FA622DA6874222D1102097
:10E97000F7F787FD002846D0696A4900715AF9F710
:10E98000E7FA6A685100891888423BD31103814233
:10E9900038D3070E06025008002180197941002360
:10E9A000F9F713FB85494118854A91422AD2296813
:10E9B000C86028E08348696A4900715AF9F7C8FAC3
:10E9C000696800914908804EEA6980231B029A42D7
:10E9D0000DD1400040180099F9F7BAFA010010393A
:10E9E000B1420FD206400007400F304308E0401804
:10E9F0000099F9F7ADFA01001039B14202D280B2A4
:10EA0000F86000E001242800683001214180018085
:10EA10000021C16001612000F2BD000000500041F2
:10EA2000010002000400060008000A000C001000AB
:10EA300020004000800000012821415C090706D524
:10EA400001684A68614B1340826B1A434A6028216F
:10EA5000415CC90706D501684A685D4B1340C26A2C
:10EA60001A434A602821415C890706D501684A6833
:10EA7000584B1340026B1A434A602821415C4907F6
:10EA800006D501684A68544B1340426B1A434A60EA
:10EA90002821415CC90606D501688A684F4B13409E
:10EAA000C26B1A438A602821415C890606D5016839
:10EAB0008A68744B1340026C1A438A602821415CB7
:10EAC000490611D501684A686F4B1340426C1A43DE
:10EAD0004A60426C80235B039A4205D14A686B4BC3
:10EAE0001340826C1A434A602821415C090606D50E
:10EAF00001684A68664B1340C06C18434860704711
:10EB0000FEB50600370084370024FC60FBF790F95F
:10EB10000190202530680068000717D55D480090F7
:10EB2000019B00222904300000F05AF800280DD083
:10EB3000EFF31080012181F3108831680A68802387
:10EB40009A430A6080F310887D6026E03068006890
:10EB5000400725D54F480090019B002269043000F2
:10EB600000F03EF800281BD0EFF31080012181F364
:10EB7000108831680A68484B13400B6080F3108896
:10EB8000EFF31080012181F3108831688A68012336
:10EB90009A438A6080F31088BD603C700320FEBDFC
:10EBA0007D60BD60F46634673C700020FEBD0000EF
:10EBB000F369FFCFFFCFFFFFFFF4FF1100FDFFFF61
:10EBC00000FD0F000024F400F0FF0000FF7FFFFFB6
:10EBD000FFFFFDFFFFFFFEFFFFFFFBFFFFEFFFFF5C
:10EBE000FEB580273F0108240025060001916846F4
:10EBF000027002933068C069019901400198814216
:10EC000001D1012000E0002069460978884236D110
:10EC100008980021C9438842ECD0FBF709F9029912
:10EC2000401A0899814201D3002901D10320FEBD79
:10EC3000306800684007DDD501988028DAD0402888
:10EC4000D8D03068C0692040306803D1C0693840EE
:10EC5000D0D009E00462300000F020F830008430A9
:10EC6000C46005700120FEBD30680762300000F00E
:10EC700015F8300084302021C1600570D6E70020EF
:10EC8000FEBD0000FFDFFFFFFFFFEFFFFFFF9FFF65
:10EC9000FFFFF7FFFFFFFF01DFFEFFFF10B5EFF300
:10ECA0001081012282F3108802681368134C1C4003
:10ECB000146081F31088EFF31081012282F3108831
:10ECC000026893680E4C1C40946081F31088C16EFA
:10ECD00001290BD1EFF31081012282F31088026821
:10ECE00013681024A343136081F3108820218C2221
:10ECF00081500021C166416710BD0000DFFEFFFFAB
:10ED0000FEFFFFEFEFF31482EFF30981002080F3A1
:10ED10001488BFF36F8FF0B543464C4655465E46A8
:10ED20006746F8B40F4CEFF30883636006B4BFF393
:10ED30004F8F30BF00BF00BF0A4C646884F308885F
:10ED400082B003BCF8BC9846A146AA46B346BC466E
:10ED5000F0BC04BC80F3098881F31488BFF36F8F83
:10ED60001047000004000020E0B501460023009396
:10ED700002202622F4F7DEFF002800D081208CBD7F
:10ED800080B504F0EDFA80BD10B513788371537827
:10ED90008C1E0472C3710930911CE2B2F5F754FB6A
:10EDA00010BDBCB50C46002813D025882046FEF7C0
:10EDB0002AF901462846FEF72BF9002809D0608879
:10EDC000002806D0A1891F2908D801A80180606801
:10EDD0000AE02046FDF790FD0020BCBD606801AD53
:10EDE0002A4604F0D5FA298840180079C10704D1D1
:10EDF0001B2808D01D2806D009E01E2803D30221B5
:10EE00000843232803D1204604F0D2FABCBD204693
:10EE100004F0B2FBBCBD80B54168007800F002F898
:10EE2000002080BD80B50846FDF766FD80BD00006E
:10EE3000B0B50C4605460888FDF73CFD002825D0F6
:10EE4000002D0FD0012D21D1608841281ED81248F5
:10EE50000068214602F0EEFF0F20F9F799FEF2F765
:10EE600065FC16E06168097A0B2909D1017E03224D
:10EE70000A40012A0AD1FC221140891C017605E0D2
:10EE80008A1FD2B2042A01D804F0DEFB2046FDF727
:10EE900033FD0020B0BDC04638090020F0B587B072
:10EEA0000E4604460F88384600F0F8FA05468548B5
:10EEB000C07A854205D214216943834A1268D26A16
:10EEC0005318049671680E7A0022012C1DD0002C74
:10EED00054D11446854213D2192E0DD80120B040CA
:10EEE0007E49084208D07848006801221E467C4BC3
:10EEF0002946FCF70CFB33469878FD2101409970B8
:10EF00000498FDF7F9FC20465BE00392854254D259
:10EF10000193487A02900621049C2046009100F05B
:10EF2000E4F9001D61888842029C35D1132E27D850
:10EF300001221046B0406549084221D06148C07A9C
:10EF4000A8423AD9144604984068427A037A012BC1
:10EF500039D014205C490968C96A132B51D0122B8F
:10EF60002BD103466B43CB189E78F70776D15A71A5
:10EF700004980088002311461A4613E0104620E04A
:10EF8000304604F08AFB002806D005A805710499D4
:10EF9000059104F084FB07E0019844710022384693
:10EFA0002146134604F07DFB122804D8012181403C
:10EFB000494A114201D1862803D10498FDF79CFCEF
:10EFC000039807B0F0BD01272846394604F0C8FB76
:10EFD0000028F2D1049804883D48006880694221E5
:10EFE00054220323FDF76EFA0028E6D00546061DDD
:10EFF00030462146049A04F0E5FBF8020A30082264
:10F0000051E0684308188078C007D6D113212846FC
:10F0100004F0A6FB0028D0D10821049800F065F97F
:10F0200006462C4800684821405C8007C5D50498F6
:10F03000078827480068806942214E220323FDF794
:10F0400041FA0028B9D0054606738772300A687302
:10F05000380AE8722E1DE002009A24E07307ACD44F
:10F0600068430B18122011461A4604F0CFFB1948CA
:10F0700000684821405CC0079FD004980788144866
:10F080000068806942214F220523FDF71BFA002802
:10F0900093D00546061D30463946049A04F0BEFB5F
:10F0A000E002801C0F22FF21717082213170010A61
:10F0B000697228720020E871AA7142202946FDF782
:10F0C0005DFA7AE7C00700202809002002000C0042
:10F0D0001C0900202C0900200500040040009402B7
:10F0E00030750000B0B50446C00616D40D460D4874
:10F0F00000686107C90E40180069022221461346C4
:10F10000FDF7E0F900280AD00146074848600D8164
:10F110002046FDF733FA0020B0BD8620B0BD0720A1
:10F12000B0BDC0461C0900200DCA0510F0B58DB059
:10F13000914200D383E01346064600290CD00C46CA
:10F140003546002D0BD0A0B2202809D32D68203CD5
:10F150002004F6D1002403E00024354600E0002519
:10F160001F463246002A08D0B8B2202806D31268BB
:10F17000203F3804F6D1002700E0002220040AD006
:10F180000291291D0492A2B205A80393F5F75CF938
:10F190000299039B049A002E019506D00020366840
:10F1A000401C002EFBD1400100E00020002A3DD091
:10F1B000C91A0D18280439D004922021C81B82B224
:10F1C000ABB29A4200D32846029582B20D1BA9B277
:10F1D000914200D30546AAB2A0B205A90818B9B257
:10F1E000049E7118091DF5F72FF92C19EF190397D3
:10F1F000B8B2202803D132680020039000E03246E4
:10F20000A0B220280AD1019C201D05A90492202229
:10F21000F5F71AF9049A246801940024039F002A40
:10F2200007D00298451B2804C6D102E0A0B22028CE
:10F2300005D00198001DA2B205A9F5F705F90DB09A
:10F24000F0BD002806D000210068491C0028FBD131
:10F25000480100E0002080B2704780B50A46037A7A
:10F26000190601D5012100E003215B0600D500212C
:10F27000406804F00BFB80BD70B50B49C97A1422BD
:10F280004A43143209490B6800210D460C461434D8
:10F29000A24206D0DE6A755B85422546F7D1311958
:10F2A0001439084670BDC046C00700202809002058
:10F2B00010B514460A4640681946234604F022FB5E
:10F2C00010BD011F00220A604068704702460068B6
:10F2D0000028FBD11160704710B514460A464068FB
:10F2E0001946234604F047FB10BDE0B5022201ABEE
:10F2F000FFF7DEFF002801D0002004E001A801781C
:10F3000040780002401880B28CBD0000F8B5044679
:10F31000C0062DD415460F460093184800686107B3
:10F32000C90E40180069511E03220A430932910890
:10F330008BB242222146FDF7C5F800281AD00646B6
:10F34000C57287720C3000992A46F5F77DF80027C0
:10F35000777206203072281D010AF171B071FF200A
:10F3600070718220307120463146FDF707F902E0C6
:10F37000862700E007273846F8BDC0461C09002054
:10F38000B0B51446049AC2704170150A05710F2574
:10F390002D020D40A107890C49199B03C918090AC0
:10F3A0008170431D05980021FFF782FFB0BD80B535
:10F3B000FDF780FA002806D06421425C80231343C5
:10F3C0004354002080BD812080BD000010B504465C
:10F3D0000846114604F00AFB80000019C1B2024839
:10F3E000006800F073F810BD2409002070B50C46C9
:10F3F000054604F00FFB074E32684032284621468E
:10F4000004F0FCFB326838322846214604F0F6FB53
:10F4100070BDC0462409002080B504F009FC80BD01
:10F42000F8B50A4D05400A4E30680768002F0CD029
:10F430003C46FF692088A842F8D13068214604F094
:10F4400031FC2046FDF758FAF0E7F8BDFF0F000049
:10F4500038090020BCB56422825CD207827A04D1CC
:10F460006032D2B2512A04D30FE05032D2B2402AD5
:10F470000BD8094A1268B123D35C002B05D0B132F6
:10F48000047D0125A540AB4313706A4611710090BD
:10F490001046F3F750F8BCBD38090020B0B5094953
:10F4A000CA7A09490B68002421468A4206D0DD6ADF
:10F4B0002D5B854203D01434491CF6E71146C8B2CF
:10F4C000B0BDC046C007002028090020F8B5054699
:10F4D0001220002D1BD00C466A788A4217D92B6A5D
:10F4E000195DA14201D10020F8BD17463E46DF5DFF
:10F4F000974201D0A742F9D10020974205D09955F3
:10F50000964202D1284604F0E3FB296A0C55F8BD67
:10F5100070470000B0B50C46054909680D68032125
:10F52000224604F0E9FB2889001B2881B0BDC046B3
:10F530003409002001466420085CC007887A02D1A3
:10F540009F2802D816E0B02814D3F1280AD2CA7C2A
:10F550000020012A05D0022A02D1C97D090700D561
:10F5600001207047F12805D1C97A06200840411EC4
:10F570008841704700207047F8B50446C00608D49B
:10F580000D46194800684721405C800703D40026D7
:10F5900028E0862626E01F461646144800686107C4
:10F5A000C90E40180069472203232146FCF78AFF51
:10F5B000002816D001468572042048720120087286
:10F5C00032460026CE71062088714F730A73FF20E1
:10F5D000487182200871280AC8722046FCF7CEFFC5
:10F5E00000E007263046F8BD2C0900201C09002049
:10F5F000BCB50C4601461C48006805682889EA68C5
:10F600005288131AA34226DAA11A081801A9088001
:10F61000164800688069422103230A46FCF752FF1E
:10F62000002817D004460222C2720920A072204688
:10F630000C3001A9F4F708FF002060720621217246
:10F64000E071A171FF20607182202071422021466B
:10F65000FCF794FFBCBD0320224604F04DFB288933
:10F6600000192881BCBDC046340900201C090020B7
:10F67000B0B50D4604460F4800685C21405C80062A
:10F68000800F05D001202870204604F047FB0EE0D3
:10F6900003F09CFD002805D001202870204604F0CE
:10F6A00047FB04E000202870204604F04BFB0020BC
:10F6B000B0BDC04620090020F0B587B000AC0DC435
:10F6C0003A4A12683423D05C742747430025EC4340
:10F6D000374B1E68A4360C9A06920E9A03920D9A26
:10F6E00005920494AF425FD033685A191289743579
:10F6F000641C002AF6D1844256D25F1938466C3811
:10F70000009A0280384674380522027038460F3855
:10F71000019A027001252940384610380190017085
:10F7200038460E380622234B029916469847FE208B
:10F73000069908402940022800D00D4606913C4613
:10F74000733C257002280598039900D001463D4678
:10F75000723D28463246174B984738461738069967
:10F7600001703846163805993246124B984738468C
:10F770005C3800210822F4F76BFE381F6A3F102125
:10F780003970049901602078294602F09FFC002816
:10F7900005D001980078C00701D0FB2038700E20FA
:10F7A000F9F7F6F9F1F7C2FF07B0F0BD180900202C
:10F7B000380900204944041080B504F0CDFA80BD1A
:10F7C00080B504F069FB80BD80B5002004F066FBC5
:10F7D00003F0DEFC80BD704700210A46062905D0F3
:10F7E000435C002B00D00122491CF7E7D0B27047E0
:10F7F000F0B591B001920091054608A90320088058
:10F8000007AA0024148014480068183003AF3B4650
:10F8100000F042F80DAE102230462146F4F718FEF3
:10F82000082230460099F4F70FFE09AC38463146FD
:10F83000224604F09BFB02AE022230462146F4F73A
:10F8400003FE287802994140019A11707078697816
:10F850004140517011B0F0BD18090020B0B594B00E
:10F8600014466A4604F0A4FB0546002803D1684606
:10F87000214601F07DFD284614B0B0BD10B5044608
:10F8800004F0B8FBFF2805D081200022214604F0B7
:10F89000CDFB10BD022010BDBFB50D786C462570A4
:10F8A000497861701178A1705178E170002103915D
:10F8B0000291019121461A4604F058FBBFBDB0B534
:10F8C0000C46054604F096FBFF2805D0002029468B
:10F8D000224604F0ABFBB0BD0220B0BD10B500293C
:10F8E00013D000220C462346521C2468002CFAD167
:10F8F00072B644681C60416001888918018062B654
:10F90000002004F0BFFBF1F711FF10BD10B588B067
:10F9100068462021F2F76CFB00246846202C04D0B6
:10F920000019F4F7CBFD241DF7E70549F4F7AAFD0C
:10F93000801C01D0002000E03A2008B010BDC04675
:10F94000F1A40510B0B51C461546002907D1018960
:10F950000020062200F0ACFA0146002809D002205F
:10F9600048804868057248684472062003F0D0F861
:10F97000B0BD8820B0BD0000F8B516460C4605465F
:10F980000089FCF7F5FF024601200027164B394697
:10F99000FDF70EF82889FFF743FD002E03D0022162
:10F9A0002846FFF757FD2846183008223946F4F755
:10F9B0004FFD6420295CEF220A402A54E87B2F2166
:10F9C0000140E973102C06D0002E04D06878A91CE1
:10F9D00004F06AFBFB27AF72298902200246234606
:10F9E000FFF7CAFDF8BDC04630750000F0B58BB01A
:10F9F000059317460D4609A9F8F743FF119C109887
:10FA00000690002818D00495129E00250698A8425A
:10FA100010D00498039009A8029008A8019007A8A4
:10FA20000090EBB220463946059A04F0A9FB7055C8
:10FA30006D1CEBE730780AE0039509A802900022DC
:10FA40000192009220463946134604F099FB0BB010
:10FA5000F0BD000006494143090C2422D2434A4329
:10FA6000101881B2242900D92538C0B27047C04689
:10FA7000EB060000FF220E324243100A8908414380
:10FA8000880C401C70470000F8B51E4615460F460E
:10FA9000044600F033F800281AD0EFF3108272B653
:10FAA000154801684869A04217D00092A660A76176
:10FAB000E56118312046FEF701F9204603F03AFAD5
:10FAC000FEF70CFA04F0BCFB009880F3108802E00B
:10FAD000A761E561A6600020F8BDE0694968081AE1
:10FAE000823003D482F310888620F8BD009204F09F
:10FAF000B5FB01480168D9E73009002010B5EFF3E4
:10FB0000108472B604F0BEFB84F3108810BD882107
:10FB10004058018803200840704780B588228058EB
:10FB2000028803239A430280194002880A43028014
:10FB30001620F9F72DF8F1F7F9FD80BD10B5044650
:10FB400004F0BAFB002804D02046FFF7E0FF0328AA
:10FB500001D1002010BD012010BD4B424B410C21B2
:10FB6000594340184179CB070020002B0BD0022AC3
:10FB700005D0012A05D0002A05D1880702E0080730
:10FB800000E04807C00F70478900401884214058A2
:10FB9000801C7047B0B5034600202C2B00D9B6E07E
:10FBA00003245C435A4D2C1964788C4200D0AEE09B
:10FBB000D41E604260412C2B00D9A7E0990001A21D
:10FBC00051588F460FFD04100FFD041079FC0410EE
:10FBD0000FFD04107DFC04107DFC041079FC041062
:10FBE00079FC04100FFD041079FC04100FFD0410C3
:10FBF00079FC041079FC041079FC04107DFC0410DD
:10FC00000DFD04100DFD041079FC041079FC0410A6
:10FC100079FC04108BFC04108BFC04109DFC041078
:10FC2000A3FC0410ADFC04100DFD041091FC0410A5
:10FC300091FC0410B3FC041079FC041079FC04104E
:10FC400097FC0410B9FC041097FC0410C3FC0410CA
:10FC500085FC041085FC041085FC0410C9FC04100C
:10FC6000D3FC0410D9FC0410EBFC0410FBFC0410C2
:10FC700079FC041079FC04100120B0BD601E8441A1
:10FC80002046B0BDF9F74AFE3DE0F9F737FE3AE00D
:10FC9000F9F742FE37E000F001FF1FE0F9F732FE0E
:10FCA00031E0601E8441F9F72DFE22E0F9F72AFECB
:10FCB00014E0F9F72DFE22E0601E844100F0EEFE14
:10FCC00017E000F0EBFE1EE0601E844104F0FAFA3B
:10FCD0000FE004F0F7FA01E0F9F722FE0146401EBA
:10FCE0008141604260410840B0BD601E8441F9F727
:10FCF00017FE411E88412040B0BDF4F7A3FB002849
:10FD000004D0F9F703FE411E8841B0BD0020B0BD0C
:10FD100068D10510F8B5054687780846114600F009
:10FD200021FA064601240D2F01D1012E0FD0112FEB
:10FD300001D0072F0AD1ED78284600F0DFF886427F
:10FD400004D1284604F0C0FA002800D1002420463F
:10FD5000F8BD0000B0B5034600202C2B6BD803245F
:10FD60005C43384D2C1964788C4264D1D11E4842D2
:10FD700048412C2B5ED89A0001A39A589746C0465A
:10FD800037FE041037FE041035FE041037FE041051
:10FD900035FE041035FE041035FE041035FE041047
:10FDA00037FE041035FE041037FE041035FE041033
:10FDB00039FE041035FE04103DFE041035FE04101B
:10FDC00035FE041035FE041039FE041035FE041013
:10FDD00039FE041035FE041039FE041035FE0410FF
:10FDE00035FE041035FE041039FE041035FE0410F3
:10FDF00039FE041039FE041035FE041037FE0410DD
:10FE000035FE041035FE041039FE041039FE0410CE
:10FE100035FE041039FE041039FE041039FE0410BA
:10FE200039FE041039FE041039FE041039FE0410A6
:10FE300035FE04100020B0BD0120B0BD481E814138
:10FE40000846B0BD68D10510B0B50C46054604F0B3
:10FE500047FA022C03D307D0032C08D013E0011972
:10FE6000097A00290FD102E0A98B4A0506D5C17A8B
:10FE7000002901D0032406E0002115E001229202AE
:10FE80001143A98302240949096890228958C96B42
:10FE90000A68916B4023CC544B6C936300224A64F4
:10FEA0000019027A521E02720846B0BD2C090020C9
:10FEB000B0B50D46012801D1044600E00324002816
:10FEC00000D10446501E1F210143213189B2204632
:10FED00004F010FA00280BD08580016881600321AE
:10FEE0000C40621E51425141002C03D0C90102E076
:10FEF0000020B0BD40210173001DB0BD2C2804D8E6
:10FF0000032141430248405C704714207047C046BB
:10FF100068D105100A68002A04D01146526C002AE4
:10FF2000FBD144310022426408607047F8B50446B2
:10FF300004F024FA05460027022F19D0572080002C
:10FF400060430C49096890228958C96B49680818B0
:10FF50000C21794340181121090146183168002904
:10FF600004D02846324604F019FAF7E77F1CE3E78D
:10FF7000F8BDC0462C09002010B50446007AF721D0
:10FF8000014021720A480068006990210022012383
:10FF9000FCF798FA002804D0014644609020FCF752
:10FFA000EDFA044800688521425C521C425410BDA1
:10FFB0001C0900202C090020F8B50A460146074814
:10FFC00000689023C058C06B006802AB019303AB7C
:10FFD00000932030012304F0EFF98FBD2C0900209D
:10FFE00070B50D460446164800682C21405CC007D9
:10FFF000C10E01D1052206E0124800682F22805C64
:020000041005E5
:10000000C0061CD515226F20C04341400E48006831
:100010000069CEB202233146FCF754FA00280ED014
:100020000146047285720020C8710420887105227F
:100030004A710871200A48723046FCF79FFA70BD79
:10004000180900202C0900201C09002010B50446C6
:10005000EA20205C01280DD020462E300178064889
:100060000068A030FFF732FAE62000212152E63482
:100070006180217110BDC0462C090020B0B5572108
:100080008A00424318490B6890215B58DB6B5B6820
:100090009C1880220023A3502E22A0548C22A3500F
:1000A000E322A3544122FF25A554104A6250A385A0
:1000B0000121218519210904A165E16521660C4909
:1000C0006187214690312922D2008A81094A0A4B50
:1000D0004B608A6004F0ACF9204604F0DDF9783416
:1000E0002046FAF751FEB0BD2C0900201B001B0072
:1000F000FFFF000048011B001B0048010020704763
:1001000010B5FAF79DFE04460021FFF73DFD80780B
:10011000FF212A31605449208000215A08220A43D5
:10012000225210BD84214058018801229143018050
:100130007047B0B50C460546002B03D0104604F0BE
:10014000B3F905E00C206043281840798006C00F01
:10015000002805D0022228462146FFF7FEFCB0BD4C
:100160000020B0BD80B504F0B1F9002802D03821DC
:10017000405C80BD142080BD10B5014612390329B2
:1001800001D2002010BD840004F0AAF800680059D4
:1001900010BD0000F0B58BB00193154605918A782B
:1001A000D11FCEB2012300240B2E194600D32146C5
:1001B0000894604CF4400C4002940C2427466F4392
:1001C0002121C9004618F7192E210390405C09909F
:1001D000304629460A92FFF7ACFF07903046294681
:1001E000089AFFF7BAFC089004973F7906952846CD
:1001F00004F080F902464443311908798979079B54
:10020000002B08D0089B04290A9D14D1A84212D1C2
:10021000002B06D118E0089B002B0A9D14D004295E
:1002200037D1029900292FD0059809991446FFF774
:1002300071FD22462BE0099F38461146FFF792FFD9
:1002400006460125042450E00024019803282BD001
:10025000012861D1099F38460699FFF783FF0646BA
:1002600001243846214604F048F9002836D0FF2002
:100270001A30039908180778284604F015F9012563
:1002800000282DD12C462CE0401B411E884100281F
:1002900008D0099F38461146FFF764FF064601253E
:1002A000052422E0002437E0099D28460699FFF73F
:1002B00059FF06460298002809D005982946069A53
:1002C000FFF728FD002827D0054603240CE00A98F4
:1002D000874224D12F460125032406E0254604E069
:1002E0000224B80600D42C46099F3046FFF744FF8D
:1002F000002808D00646384604990F1D0699224664
:10030000059BB0473870E01EC0B240087E2802D876
:100310000398FFF707FF2C4620460BB0F0BD012ED7
:10032000FAD1039804F0F3F80028F5D0012505244C
:100330002E46D9E74104000080B50C224A437D21B6
:1003400049048150801801218171002141711620DA
:10035000F8F71EFCF1F7EAF980BD0000F0B5C7B070
:100360001E4615460F46044609A8F821F1F740FE3F
:10037000204604F0D3F800281AD004460795054615
:100380002C352878032805D10320214604F0ECF809
:10039000002834D0AC780125032220462946069255
:1003A00004F0F7F8002F05D1002803D0002647E01D
:1003B000022645E004940596384600F096F8072694
:1003C00000283DD00446002003902071002F1ED04D
:1003D000182705984743083703200290394603F051
:1003E00089FF206000282BD009A900223B4603F09A
:1003F000C2FA207905432571029A02430AE0492096
:1004000080002018008880061DD41A2618E00020DD
:10041000206002223820069921540598E071039E3D
:1004200066710798002806D022711B480068417F3A
:1004300002220A43427701210498224600F05CF828
:10044000304647B0F0BD35460026002FF8D009A948
:1004500008AA204604F0B0F8002D0ED008A80588A0
:1004600028463F38C021F7F773FD628F09A9019133
:1004700000213F2D08D8084607E0628F8020002128
:1004800009AB04F0C1F8DBE7401CC3B200930220C3
:1004900004F0FCF8D4E7C0462C090020FEB5019119
:1004A000044607460837F4F71DF802900D462678F3
:1004B000207D002804D03846F4F71CF8227800E0AC
:1004C0003246701D029CE108C1400198401A00B2FA
:1004D000401EC117083204F01FF902194D41384679
:1004E0002B46F4F703F8C0B2FEBD80B5414241414E
:1004F0000020FFF7A9FC80BD10B557239B004343A4
:100500000A48006890240059C06B4068C0180C234A
:100510004B43C0181121090141181046FFF7FAFC9E
:100520001620F8F735FBF1F701F910BD2C09002072
:100530000348006890214058C06B00687047C0466F
:100540002C09002080B504F0F9F84E21405C80BDF4
:10055000FEB5154800689021029141585420019041
:10056000085ACF6B124C451CA9B2090A0E2901D9B1
:100570000E494518002F0FD0002620683421415C19
:10058000F0B2884208D2FAF75BFC761CA9B2408F21
:100590008142F2D12846E6E70348006802994058B4
:1005A00001994552A8B2FEBD2C09002002F1FFFFBF
:1005B0001809002070B50D460446401C002625226F
:1005C0003146F3F745FF3046252E0CD20721314046
:1005D000F208AA5CCA40D10703D0C1B261184E70BC
:1005E000401C761CF0E7207070BD002070477047FB
:1005F0007047704780B50346FC3128330A2208460D
:100600001946F3F721FF80BD80B5FAF719FC4121A7
:10061000405C034909684979F8F77FFA80BDC04614
:100620002C0900207047000010B5C26C0146E6316D
:100630008B8A5343028F0A325A43120B93B2084CEF
:10064000A34200D823465B1DE62403530120087112
:100650004A801320F8F79CFAF1F768F810BDC046FD
:10066000B30B00000021182909D07D22520442500A
:10067000421801239371002353710C31F3E7818BEE
:1006800001220A438283704710B50446FDF798FAA9
:100690000248006881682160007810BD30090020A0
:1006A000042805D0012806D1FF20A430074A04E021
:1006B000044A054801E0064A064841438818000AF2
:1006C0007047C046E9260100381A000006120000F3
:1006D000C62000004703000001480068808A704778
:1006E0002C0900204007000F0149085A7047C046F6
:1006F000BCBB0510B0B5042801D00C4C00E00A4C7E
:10070000042802D02920050101E0A9204501F9F7BC
:10071000F5F8012800D02C469634A0B20449F7F72A
:1007200017FC401CB0BDC0462085FFFF90100000A4
:1007300071020000F0B58DB00446954800682C2188
:10074000405CC007C50E6F20C6436E40F3F77AFECB
:100750009049096836228B5C2022134036310028EC
:1007600066D0002B00D110E1887BC00763D0002D3C
:1007700000D11222A08A0C90A77DE07D0890608AAB
:100780000B90208A0990A0890A90206805906068E3
:100790000790A0680690207E0390607E0490E58913
:1007A000A07E02907C4800680069F1B20A23FBF742
:1007B00089FE002800D1E8E00446019707461F376C
:1007C0004572039820730498E07202982072280AF8
:1007D000A07220460D30062505992A466F4B984792
:1007E0002046133006992A466C4B98476B4B20469F
:1007F000193007992A469847212009992154252024
:10080000089A225420462130090A41700A99080AA0
:10081000787039700B99080A787139710C99080A47
:10082000787239720198F871201D29212222A2E0E4
:10083000002B00D1A9E0887A800745D4487AC00708
:1008400000D1A2E008200543E07D0C90608A0B9067
:10085000208A0990A0890A9020680890207E06903E
:10086000607E0790E789A07E05904B48006800698C
:10087000F1B206232A46FBF725FE002800D184E0CA
:100880000446054613354772069820730798E072B0
:1008900005982072380AA07220460D300622089969
:1008A000F3F7D2FD0999080AA07561750A99080A3B
:1008B000687029700B99080A687129710C98607624
:1008C000201D0121132256E0002D01D01C2200E042
:1008D0000D22E07D0A90678A208A0B90A0890C90F7
:1008E0002068079060680990A0680890207E0590B5
:1008F000607E0690E589A07E049027480068006924
:10090000F1B20923FBF7DEFD00283ED00446039731
:1009100007461F374572059820730698E0720498C1
:100920002072280AA07220460D30062507992A4613
:100930001A4B98472046133008992A46174B984778
:10094000164B2046193009992A46984721200B9AC0
:10095000225425200A992154201D21462131120AB2
:100960004A700C9A110A79703A70039A110A7971D7
:100970003A710A211F22042323713E234370E1713F
:10098000A271F0B22146FBF7F9FD0DB0F0BDC046F3
:10099000180900202C0900201C09002049440410DB
:1009A00070B50D4604461A4800682C21405CC0070B
:1009B000C10E01D111220AE0164800683622825C7D
:1009C000920624D53630C07A800720D51F224E20CB
:1009D000C0434140104800684069CEB2032331460D
:1009E000FBF770FD002812D00146847200200873C6
:1009F0004D7208721220C871062088713E2048711D
:100A000004200871200AC8723046FBF7B7FD70BD9C
:100A1000180900202C0900201C090020B0B50D4643
:100A20000446124800683621415C89061CD53630E0
:100A3000C07A000718D50E4800684069A1212C2211
:100A40000223FBF73FFD00280ED001460472857299
:100A50001420C871042088713E224A710871200A4E
:100A60004872A120FBF78AFDB0BDC0462C090020CA
:100A70001C090020F8B50A46014607480068902383
:100A8000C058C06B006802AB019303AB00932030E9
:100A9000012303F05BFE8FBD2C090020002070476E
:100AA000F8B51D4617460E460446F7F72DFE2046BC
:100AB000F7F734FE2046F7F749FE20462146F7F7C0
:100AC00062FE2046F7F76DFE20463946F7F763FED3
:100AD0002046F7F77AFE2046F7F768FE2046F7F73C
:100AE0002AFE2046F7F74AFE069B002E0ED0002174
:100AF000009194202A46F7F728FD01462046F7F793
:100B00005CFE20463146F7F713FEF8BD1248006838
:100B10008C21465800200090962001212A46F7F7A4
:100B200014FD01462046F7F748FE2046F7F714FE6D
:100B30002046F7F71DFE2046F7F714FE2046F7F78C
:100B4000FFFDB11C2046F7F7F3FD2046F7F724FE22
:100B50002046F7F746FEF8BD2C09002010B50446E4
:100B600000213022F3F774FCFF20A07510BD0000B7
:100B7000FEB504464126805DF7F7D3FE0546A05D2D
:100B8000F7F7C8FE009092206B1ED9B22646923627
:100B90007027032505292A46394605D859B28A0007
:100BA00017498958174B9A580191235A029674880D
:100BB0000098401EC1B2052905D840B280001049F6
:100BC0000F5810490D5893400198181800024721FA
:100BD0003E46CF00C0190C49F7F7BAF90190AC4076
:100BE000A0190002C0190849F7F7B2F980B20299BA
:100BF000C988814200D80846019908187B30FEBD9B
:100C0000F8120410E01204107102000010B58161A6
:100C1000C369002B02D0DB435B1800D4C1610178AB
:100C200041750F210A400275C168832900D88321CC
:100C3000C160EFF3108472B602F07CF908480068D6
:100C40004078400701D4FDF749F984F31088EFF3A9
:100C5000108472B603F0F4FA84F31088002010BDFB
:100C600030090020F8B50446C0062DD416460D46BE
:100C7000184800686107C90E401800694322042320
:100C80002146FBF71FFC002820D001460A300671E0
:100C9000057000274F7210220A72CF710A228A71E2
:100CA000FF224A7182220A71320EC271320C8271A5
:100CB000320A42712A0EC2702A0C82702A0A4270CD
:100CC0002046FBF75BFC02E0862700E0072738465A
:100CD000F8BDC0461C090020B0B5012430212046D3
:100CE000FAF748F8074D28600748C07AC01DC008C9
:100CF000401E03210143491C2046FAF73BF82968AE
:100D00000861B0BD30090020C007002010B50124E3
:100D1000844008212046FAF72DF8034909689022FB
:100D200089584C74C86010BD2C090020F8B5002803
:100D300046D00E46012568212846FAF71BF8214FB8
:100D40003968902409598860B540EEB208213046D0
:100D5000FAF710F83968095989684D7248600096A9
:100D600075001126212E0FD008212846FAF702F827
:100D70003968095989688919491F08603868005914
:100D8000806885550836EDE728210098F9F7F2FFCD
:100D900039680959896808600B48022501262946E7
:100DA0003246F9F7E9FC39680959896888640648C8
:100DB00031462A46F9F7E0FC396809598968C86460
:100DC000F8BDC0462C090020BC070020F0B585B056
:100DD00004920F4606464D2403F0B0FC065507600A
:100DE000039001464D31012002914870C0040190EA
:100DF0000025EC27049CF0B285423CD203980068A1
:100E0000C6193046FFF7AAFE304630381B4A02802A
:100E1000304628381A49018031463239002008808E
:100E2000314642390A8031463839019A0A603146E2
:100E30005C39086031466039086031466C390A60B7
:100E4000314670390A6031462639087031462A39F0
:100E5000087031463E3907220A800499002902D0E1
:100E600060659C3E3460472080003F185C340298E7
:100E700006786D1CBFE705B0F0BDC046FFFF00005F
:100E8000FF010000704770477047704710B5012898
:100E900010D101290ED1012A0CD10024204603F0E3
:100EA00099FC44300449897F002903D00460C03094
:100EB000491EF9E710BDC046C007002070477047C3
:100EC00070477047704770477047704770B5134E52
:100ED00030680569002430222146F3F7B9FA10483A
:100EE000C07AC01DC008401E032101434A1C284689
:100EF0002146F3F7ADFA3068056101462831024614
:100F00001832034620338461C26104624362846202
:100F1000C162044800680482047370BD3009002077
:100F2000C00700202C090020B0B50E4800689821A9
:100F30004458462000252554F8F7EEFC01280FD12F
:100F400003F058FC242208498A5C002A2A4600D073
:100F50000268E2642322895C002900D04568256587
:100F6000B0BDC0462C090020C00700207047704764
:100F7000F8B5184E3068002444771E301122164F01
:100F80002146B84730682F30FF2505222946B8474B
:100F9000306834211F22425401463431CA72202263
:100FA0008A704C70403007222146B847306847307D
:100FB00008222946B84730681C3001222146B8472C
:100FC0000648006835214454306856214452563052
:100FD0004480F8BD2C090020514404101809002059
:100FE00080B5044800685C3000210422F3F730FA31
:100FF00080BDC0462C090020704700210171704758
:101000007047002A05D003780B70521E491C401C03
:10101000F7E7704780B50548006890214058C06BDD
:1010200000682030FFF7E9FF80BDC0462C09002092
:1010300010B51B48006890214058C06B0068FF2124
:10104000023181871749CA7A3E23C2542B22895C18
:101050003F22815401201449144CA0470320144915
:10106000A04704201349A04707201349A0470020A8
:101070001249A04702201249A04703F0C3FB03F026
:10108000C7FB03F0CBFB03F0CFFB03F0D3FB03F074
:10109000D7FB03F0E0FB03F0E9FB03F0EDFB10BD31
:1010A0002C090020C0070020CD8A05105D5E0510C8
:1010B000B192051041980510B9840510918705106B
:1010C00091850510002070470021034A8162C262A9
:1010D0001921C9010186704701000100F0B59BB0DC
:1010E0001446069107460FAE00252E2230462946AB
:1010F000F3F7AEF93046103010220699F3F7A4F951
:101100002036F87C03280BD0022810D1F8690FA9EB
:101110000870020A4A70020C8A70000EC87006E05D
:101120003E48016844310FA81022F3F78DF9387D4D
:101130000121059103F0A6FB0290387D294603F0BA
:10114000A1FB01906520385CF07106960FAE304629
:1011500028303946663106220092314B0490984778
:1011600078780699087030462130B91C0390009AAF
:101170002B4B98472948006801994118B4310BAFAF
:101180003846093007220192254B984723480068CA
:1011900002994118B431B81C019A214B9847781C28
:1011A0000699C91D059A1E4B98471D4B384606994E
:1011B000059A98471036102D07D0705D0BA9495D30
:1011C000414007A841556D1CF5E70FA807A9224625
:1011D00002F0CCFE0BAE0025102230462946F3F774
:1011E00037F90627304604993A46F3F72DF9B01D32
:1011F00003993A46F3F728F9102D07D0605D0BA943
:10120000495D414007A841556D1CF5E70FA807A9A6
:10121000224602F0ABFE1BB0F0BDC04638090020EC
:101220004944041070B50D460646062001F070FCD6
:101230000446002803D02846FBF75EFB08E030890F
:10124000FBF796FB02460020024B0146FBF7B0FB82
:10125000204670BD30750000B0B504460B480068EC
:10126000AC2140584578801CA11C0622F3F7F7F802
:1012700001460020002900D0B0BD61788D42FBD12D
:10128000617B012001436173B0BDC0463809002075
:10129000B0B51C461546002804D0FFF7DDFF002836
:1012A00002D113E0002911D1022D05D208480068AF
:1012B000AC214058083006E0022D07D104480068F0
:1012C000AC214058183020600020B0BD1220B0BDC5
:1012D00038090020F0B5B9B01C460E46074601ADEE
:1012E00020202871102038900A900392002000904E
:1012F0002846F3F7D3F8284639463246F3F7D2F8B2
:101300006A4628462146F3F7D1F839B0F0BDFEB55C
:101310001446064601250291012905D17079C021A4
:101320000140402900D1002501F03AFC20463E3022
:10133000019027461E37204601F038FC002815D1C1
:10134000002D0BD060780121014002988142F2D13A
:10135000062201983146F3F782F803E03046394619
:1013600003F096FA0028E6D10020FEBDB320FEBDB2
:10137000F8B50C46054601208873E87808740846DD
:101380002030294644310226194F3246B8472046BC
:101390002230291D3246B84720462430A91D082294
:1013A000B84720462C3029460E3110263246B84721
:1013B00020463C3029461E313246B84720464C3044
:1013C00029462E313246B847A86CE066E86C2067A3
:1013D000687816210140E172E0210140607C0843F9
:1013E0006074A878010702D5FE210840E075F8BDB9
:1013F0004944041080B503F05DFA80BDF8B5009251
:101400004588AC081C80491C8AB2A6188788BE4251
:1014100000D9091B0A199200BE4200D96D1C03268F
:10142000354052191A80A3001B180833009C236012
:1014300092B20588521B174637408488674335406F
:1014400052199208D21995B2C688B54200D9C28005
:10145000A5420AD809B2002907D59978FC220A408A
:10146000511C9970083000990860A54201D90020EC
:10147000F8BD0120F8BD70B58678C578041D2846F2
:10148000214603F02BFA00281AD0142D04D8B008F6
:1014900022682146904770BD3F2D04D80020214688
:1014A00003F032FA70BD412D04D80020214603F02C
:1014B00032FA70BD622D03D80020214603F036FABF
:1014C00070BD0000E0B5034601A9012008806A460E
:1014D00000201080024800681830FEF7DDF98CBD4E
:1014E0001809002080B50A4A12683D23D25C0270B8
:1014F000012A05D0002A08D1084602F023FC02E0A8
:10150000084602F015FC002080BD862080BDC04644
:1015100038090020E0B50B46014601AA01201080E1
:10152000024800680830FEF7B7F98CBD18090020A2
:1015300080B56421415CC90706D1112141560029BB
:1015400002D5817E8A0602D4FBF70EF980BD042203
:101550001143817600F085FB80BDF0B597B004465D
:1015600003AE002150223046F2F772FF5D20205C6E
:1015700001210140717030463E3021465E31062522
:101580002A46F2F761FF207CF070E07D010716D457
:1015900011202056002804D503A8417880220A4350
:1015A000427003AE301D214622310222F2F74CFF79
:1015B000B01D214624310822F2F746FF03E0FE2148
:1015C000084003A9887003A80E3021462C3110264C
:1015D0003246F2F739FF607C81060CD503AF3846FE
:1015E0001E3021463C311022F2F72EFF7878202160
:1015F00001437970607C40060BD503AF38462E302E
:1016000021464C311022F2F71FFF78784021014328
:101610007970A07C052108420AD003AF38464430D7
:10162000214620310222F2F70FFF7878304301E0A3
:1016300003A84078E17A2940014303A84170E16E94
:10164000226F1591169203F07CF9054600280CD004
:10165000A11C01AC06222046F2F7F6FEA57142203D
:10166000052107222346FDF751FE284617B0F0BD9D
:1016700080B52822504304490968AC23C95808188A
:101680000021F2F7E5FE80BD3809002070B51C4648
:1016900005466520285C08702946663106261046F6
:1016A0003246F2F7D1FE68782070A91C04983246C1
:1016B000F2F7CAFE70BD0000F0B5A9B00493029223
:1016C000019105901BAD352106912846F0F790FC5D
:1016D0002846253003900124847365202871294809
:1016E0006880622068700FAF20220092384605990A
:1016F0002346254EB047254A17AB0593244E38465E
:101700000099B047681D1027009701993A46234673
:101710001D4EB0472846153002993A462346B04739
:10172000252004992954284626302E9906273A4622
:101730002346B0472F980399C87128462D30309919
:101740003A462346B0470BAF28460699059A3B46D2
:101750000F4EB04731983946009E324623460A4F15
:10176000B8472C7007AF28460699059A3B46084DA6
:10177000A8473298394632462346034CA04729B041
:10178000F0BDC046746C0000FDD40410EFD105100C
:10179000D5120510F0B595B007920F46064613A86E
:1017A0000021017012A8017009A810220891F2F717
:1017B0004FFEF07C022808D1F06909A90870020ADE
:1017C0004A70020C8A70000EC870012F21D14C485B
:1017D00004684020205C14AD2870707B012101401A
:1017E0006970307D002103F04DF80019B721405C8D
:1017F000A870F07C032827D13046FFF72DFD002884
:1018000022D0002101220DAB3046FFF741FD0D999A
:1018100016E0307B14AC2070707B8007C00F6070C6
:10182000307D012103F02EF8C01CC0B23449096894
:101830000818B422805CA070F07C032804D14431E5
:1018400009A81022F2F700FE6420315C0122114049
:10185000012F06D1002904D135464C3534463C349D
:101860001BE0481E0C4684417B427B41234004D050
:1018700035464C3534463C340BE00846384304D0FA
:101880008620012F2BD1002929D035463C353446FE
:101890004C34012F25D1002923D00EA8009013A984
:1018A00010AA12AB3046FFF7F1FE089E079B1448C2
:1018B000006813A9097812AA127805930EAB049355
:1018C000039210AA0292019114A900914921890062
:1018D000401809AB21462A4603F056F8304615B0A9
:1018E000F0BD3943481E81415340194205D110A82B
:1018F000009012A90EAA13ABD4E78620EFE7C046EA
:1019000038090020F8B50546018900241522204633
:10191000FEF7CEFA00281BD00646112070807068B2
:101920000D2101724D2080000D4909680B18052119
:1019300010223046FDF7D0FC64202F5C284631464B
:10194000FFF770FC002808D1F80703D0432002E01D
:10195000882402E05420C043A8722046F8BDC04647
:1019600038090020B0B50D46044603F059F8014689
:10197000284603F05DF8044800680068C068214606
:10198000FDF7ACFFB0BDC04634090020BFB50D4621
:10199000044601AA0846214603F062F8002801D156
:1019A00003F078F82846214603F079F804B0B0BD7A
:1019B00010B50B490A68B121535CB13200210329EB
:1019C00005D001248C401C4203D0491CF7E70321B9
:1019D00003E0002801D023431370C8B210BDC046F5
:1019E000380900201CB5042107226C462346FDF768
:1019F0005FFC62780A21042A13D86A469278012A89
:101A00000FD86A46D27892070BD407490968342266
:101A10008A5C69460979914202D31129014600D3B3
:101A2000062108461CBDC0463809002080B5127D3D
:101A30001201002900D00832D1B2044A12685318AA
:101A4000B43304210722FDF733FC80BD38090020A0
:101A500070B50546008903F044F8464246411B49EB
:101A600009683C22895C022904D0002401292AD17A
:101A7000002828D108200143A9751548006847218E
:101A8000405C012480071ED52D89124800688069BA
:101A900002214D220323FAF715FD002813D0014639
:101AA0008572042048720B2008720020C87105203E
:101AB00088710E73FF20487182200871280AC8724D
:101AC0000220FAF75BFD204670BDC04638090020B1
:101AD0002C0900201C090020F0B587B0044606A898
:101AE0000025057021890B222846FEF7E1F9002820
:101AF0001DD00590B020A0720395E575E07B2F21E5
:101B00000140E173454E3568207D0121049102F0CA
:101B1000B9FE4019B721475C30683221405C022889
:101B200007D10820384004D10321059F54E08826BE
:101B300064E0207EC00705D106AD284602F0ECFF28
:101B4000287802E0607D06A9087007401820384018
:101B5000E17D0143E175080702D4B425059F07E044
:101B60002046F0F7E0FC01460028059F34D1B2255D
:101B70002046FFF771FB06984107C90FE173C007C4
:101B8000800FA073204602F0E1FF204603F02AF800
:101B90000146002820D1204603F076F8842803D09F
:101BA0000146002801D017E0B2251C480068352105
:101BB000405C06A90B78627B617CA77C00AE83C683
:101BC0000221059F384603F0B3F820463946FFF757
:101BD00029FB0146002814D010480068B122825C1D
:101BE000002A05D0B130237D049D9D40AA43027098
:101BF000012320463A46F9F7A9F80646304607B0D1
:101C0000F0BDE07AF8210140E1723846039E31468A
:101C10002246FFF70BFFA572F0E7C0463809002007
:101C200010B514460A4640681946234603F09EF84C
:101C300010BDF0B585B000931746054601AE30469D
:101C4000083008242246F2F7FFFB30463946224688
:101C5000F2F7FAFB28463146009A02F087F905B000
:101C6000F0BD1F2070470000F0B591B005460F4F42
:101C70003A686432002420212046FAF7B9FB002894
:101C800001D01F240EE001AE402230462946F2F773
:101C9000DBFB38686430064A3146F2F7F7FBC01CBC
:101CA00000D11224204611B0F0BDC0462C090020FE
:101CB0005DA405101CB501AC2046F2F7FBFB2088A3
:101CC0001CBD000080B506480089163080B203F0C4
:101CD0008DF8044800685C210122425480BDC04652
:101CE000C00700202409002070B5114CA07A2421DF
:101CF000F9F740F80F490B6800221D4650351E4683
:101D000048369A64DE641A655D65A47A002C0CD0AE
:101D100002620B685B6D1860012303700546203575
:101D20000B685D652430641EF0E79A6570BDC0469F
:101D3000C0070020240900200448006800680189C9
:101D4000C0684088401A80B27047C04634090020FD
:101D50000D4909680A6872B60621515E002905D549
:101D6000032802D162B600220BE000214300D25EBC
:101D7000002A01DC0A4600E08A18032800D10A463E
:101D800062B690B27047C0463409002080B58189A0
:101D900003F03CF880BD0000811E1E2916D80020EB
:101DA0007944097949008F4418170F1719171B1721
:101DB0001D171F172117231725171717271729175F
:101DC000171717172B172D000120704752281BD00B
:101DD000D22801D10A2070470F2070470220704797
:101DE0000320704704207047052070470620704785
:101DF00007207047082070470B2070470C20704761
:101E00000D2070470E20704709207047BCB5002B8D
:101E10000FD01C466B4699705870012018701A71CB
:101E2000080AD870A189052520462A46FDF754FAEC
:101E30006580BCBD0022CA61426811601C314160EE
:101E4000704710B50446C068002815D04188091DA8
:101E500089B2FDF702FAE168608902F0E7FF002825
:101E600008D1628921890020FDF7B0FAA0880121FC
:101E70008843A0800020E06010BD70B514460D4678
:101E800006468089401C81B23046FDF72EFA288034
:101E9000B089C01C81B23046FDF727FA208070BDA2
:101EA00070B50D4604464689042E00D00626002A49
:101EB00005D0FBF74FF8002802D0032000E00020F7
:101EC00071198AB22189FDF7F3FF002800D08681BD
:101ED00070BD000070B509490A686021535A00219D
:101EE0000225074C8B4206D0566E765B864203D2A3
:101EF0000835491CF6E7214688B270BD2409002048
:101F0000FFFF000010B50A460146007C202804D0DF
:101F1000102805D10C31022403E00C31042400E028
:101F2000102410462246F2F78FFA204610BD80B5E5
:101F300002F092FF002801D0408880BD002080BDC3
:101F400080B502F0C1FF0549884205D0C0000449B0
:101F50000968496E081880BD002080BDFFFF0000A1
:101F60002409002080B5017802220A43022A02D106
:101F700002F0C0FF80BD408880BD10B50C4600F067
:101F800009F8616889698B688A88022100F014F871
:101F900010BD00000749096834310968002904D0E0
:101FA0000A89824203D01031F7E7FF207047087892
:101FB0007047C0462409002010B54843C408A4B2A5
:101FC000944201D9002010BD072210401A5DC24082
:101FD0002020411A0020C043C840104010BD00001E
:101FE00008490A68516E6223D25AD2005218083A40
:101FF000824202D3401AC00801E00020C04380B2F0
:102000007047C0462409002010B50C460146020A5C
:1020100012200E2A11D81A2C0FD80122A240084BE8
:102020001A420AD0084602F079FA002806D0212187
:10203000C9004018214602F062FF10BD022010BD09
:102040002000080470B5104800683421405C7421F9
:1020500041430E480268A43200200346994212D040
:102060001468E518AC7A6426AD5DED0704D16034E0
:10207000E4B2512C04D205E05034E4B2412C01D337
:102080007433EBE7012070BD1809002038090020E7
:10209000B0B50246C37A847A0120F12C04460ED1F1
:1020A0005D07AC0F05D0147C0322102C03D014461E
:1020B00002E0022403E00424002D00D41446DA07D1
:1020C00000D02046002900D02046B0BDF8B50C460F
:1020D0000720C0430C4E05460835182D10D0316836
:1020E000A827C95908180A3006222146F2F7B7F97D
:1020F00000282846F0D13068C059405DC00601D4A0
:102100000020F8BD0120F8BD380900201F207047CD
:10211000F8B50E4604460020FFF74AFC022801D914
:102120003820F8BD207E800701D00C20F8BD218921
:10213000002506222846FDF7BBFE002813D00746DF
:102140000220788078680B2101726946304602F0DF
:10215000E5FE78680099417220463946FFF762F83B
:10216000002802D0F8BD8820F8BD00986075207E58
:102170000121014321762846F8BD80B50320F1F7FF
:1021800040FE80BD10B502F0E5FE0024002806D117
:1021900002F0F8FE002802D102F006FF01242046DA
:1021A00010BD000010B509490A686021535A19048E
:1021B00009D0516E9CB2E400611808390C785B1E9E
:1021C0008442F4D100E00021084610BD240900201B
:1021D000064800686021415A002905D0406EC900B8
:1021E0000818801F008870470020704724090020CD
:1021F000F0B585B0174604901C4D28686024065B36
:10220000024660325288964217D202940393002904
:1022100017D001970846FFF7E3FE441C2868B1B2C7
:10222000A2B291420BD3C900406E40180146083952
:102230000822F2F709F9761EF0E7002712E0019F65
:1022400000E03446406EA1B2C900049A42544018DE
:10225000039A42602868029BC25A521CC252406EC6
:1022600040184780384605B0F0BDC046240900201C
:1022700010B50446FFF786FF00280AD02046FFF776
:102280005FFE01461220002902D00A78002A02D0FF
:1022900010BD0C2010BD084602F02CFE0146204661
:1022A00002F096FE064800685C21425C022313435C
:1022B00043540A20F6F76CFCEFF738FA002010BD03
:1022C00024090020B0B50D460446FFF74BFE6168B7
:1022D000C98A002908D0C04308186188401880B214
:1022E000A84206D30020B0BD0020FFF75BFFA0424C
:1022F000F8D00C20B0BD0000F8B50E460446FFF73C
:1023000041FF002875D01225002C73D0207D802835
:1023100001D010286ED1102808D1218A292212025A
:10232000921C914202D1A169002963D0A178242294
:10233000114203D06278D21F092A5BD8102815D128
:10234000208A2F4A8218052A10D80123934031226F
:1023500013420BD02278012A4CD100294AD12921DD
:102360000902884202D1A069002843D03046FFF715
:10237000E7FD00283ED00746007802283AD1002524
:102380002846314602F066FE002835D02E4601214F
:10239000FFF798FF054600282CD13846FFF7E2FDED
:1023A0000546FFF7CDFD01466D1CAAB20420234669
:1023B000FFF71EFF854221D1207D10280BD1208AF6
:1023C00029210902891C884205D1A0698288806878
:1023D0000021F2F73DF80B4800685C21425C0223C3
:1023E000134343540A20F6F7D3FBEFF79FF9354622
:1023F00000E00C252846F8BD8625FBE78725F9E790
:1024000000D7FFFF2409002010B50446FFF7BAFEED
:1024100000281ED02046FFF793FD01461220002918
:1024200016D00A78022A13D1084602F063FD01464D
:10243000204602F0CDFD084800685C21425C022382
:10244000134343540A20F6F7A3FBEFF76FF900207C
:1024500010BD0C2010BDC0462409002070B586B008
:1024600014460E46054601A810491422EFF7E2FD76
:10247000002E07D101200E4901AA02F003FE0646F4
:10248000002810D02846FFF785FD7168096A8B681F
:102490000849C97A49084A1C0421FFF78DFD2042EA
:1024A00001D0002000E0812006B070BDB8120410F9
:1024B000FFFF0000C007002070B5154604461A480B
:1024C00000685C22805C82078120002A29D4A288CF
:1024D000120626D4481E80B2FFF732FD002810D025
:1024E0004168097829421DD002F0ECFD00280AD08D
:1024F00006462189032202F015FE002805D0C020DF
:1025000070BD122070BD862070BD102D01D0022537
:1025100000E0012520893146FFF72FFD054201D05B
:10252000002070BD0C2070BD24090020F0B58BB0D8
:102530000A9314460D460746FAF76AFD002812D0A2
:102540000646049780880C27410700D583E0022CBB
:1025500001D180077FD402950394109C0A9B012B24
:1025600003D8032503E0122775E09800451CA01C42
:102570001946002904D0028855190830491EF8E789
:10258000F088022B02D3A9B2814264D803998A1E33
:10259000511E8A41A9B2814200D30546A9B23046F4
:1025A0000691FFF77DFC00280ED00746039802280D
:1025B000079701960FD1B9891D22384602F02DFEEA
:1025C0000A9801280FD04EE00820F6F7E1FAEFF75D
:1025D000ADF888273FE0B9890A9801283ED11B222F
:1025E000384602F01AFE2288B889401C81B238466B
:1025F00002F020FE6368B889E91E8AB2C01C81B26D
:102600003846FCF769FE07984580039D022D0CD1E2
:1026100001200499029A02F017FE0028019C0CD0B8
:1026200007460798FAF768F915E0E807019C04D017
:10263000079A107A0821014311720298079902F053
:10264000F5FB0746022D06D1002F04D1A0880221F8
:102650000143A180002738460BB0F0BD2322384645
:1026600002F0DBFD0A98A71C012105950028CAD0BD
:102670000A90079DA8894018089181B2BB1E0224C8
:1026800028462246124EB047A889089E3018801C62
:1026900081B22846099422463B460D4CA047311D85
:1026A000A88940188EB206998A1B39888A4200DBB5
:1026B0000A4609997B5881B294B228462246044DB5
:1026C000A847A11908370A98401E059DCEE7C046C5
:1026D000D9F20410F0B589B01F4603920E460546A4
:1026E000FAF796FC002845D00446C068002841D07F
:1026F00002970F9801900E9800901F48076838378E
:102700003F68002F0FD03888A84204D13846FAF726
:102710007AFCB04201D01C37F2E717480068383025
:10272000394601F0BFFAE068FFF730FB411E02981E
:10273000002813D0C8B21E2807D04022114004D16F
:10274000E3680399029AFFF761FB2046FFF779FBE4
:10275000002F0FD03846FAF7CFF80BE004A8009A04
:1027600082814170012101700199089106940597B9
:10277000FAF760FC09B0F0BD24090020F8B5054661
:1027800081884088FAF744FC002808D0044628785D
:102790001E2806D1A188490639D40C2697E10226C5
:1027A00095E1410606D4CC49CC4A0A60A188890645
:1027B00000D571E1E188821E86261E2A00D995E0A7
:1027C000032752007A4492885200974422008001E5
:1027D0001E008001A3008001A6008001220080016C
:1027E0001E00800198008001310180019400800169
:1027F00080018001AD008001B00080018001800176
:1028000080018001210080019800052701E0E18816
:1028100001277F221040523842424241B8B28842DA
:1028200000D30F460097BFB220463946FFF738FB6A
:1028300000282ED006462A78818902F019FD2878D2
:10284000811E16292CD849007944898849008F4473
:1028500016000D0170000D0177000D0193000D01B0
:10286000A1000D01AA000D01BA000D01C0000D016B
:102870002F000D010D010D01CE000D01E60098485D
:10288000028AB089401C81B2304602F0D3FC03209A
:10289000EBE00820F6F77CF9EEF748FF882616E112
:1028A000202800D1CAE0522802D0D22800D0DDE092
:1028B0002A89B089401C81B2304602F0BBFCEB682B
:1028C0006A89B089C01C81B23046FCF705FD2878C2
:1028D000122800D1B8E0D22800D0C7E000980C3808
:1028E00070802089314602F0D0FCBFE0522802D02F
:1028F000D22800D0EBE0D22808D0032207E02A7AC1
:102900005200571C8F4200D883E7E0E00F226B890A
:102910009F187EE7EA89D71D7BE7EA68127C802A48
:1029200000D089E0152774E7AA89571D71E70227AF
:102930006FE76A892989304602F0D7FC052094E0C8
:102940006A892989304602F0D0FCAA89B089401DE5
:1029500081B2304602F06EFCE889C01DB84200D852
:102960000746F81F82B22B69B089C01D81B230467C
:10297000FCF7B2FC072078E06A892989304602F02A
:10298000B4FCB089401DEB68197C80295ED181B20E
:1029900010225EE02A89B089401C81B2304602F0E4
:1029A00049FC0B2061E02A89B089401C81B2304685
:1029B00002F040FC6A89B089C01C81B2304602F046
:1029C00039FC0D2051E02846314602F0A0FC0F20D2
:1029D0004BE06A892989304602F087FCB089401DA6
:1029E000EB68197C802939D181B2102239E02A891B
:1029F000B089401C81B2304602F01CFC6A89B08963
:102A0000C01C81B2304602F015FC2B69AA89B0893E
:102A1000401D81B23046FCF75FFC172025E02A7A82
:102A2000B089401C81B2304602F022FC19201CE023
:102A3000EA68127C802A4CD00727EAE6284631460D
:102A400002F065FC212010E013200EE081B20C336F
:102A500002223046FCF740FC092006E081B20C332C
:102A600002223046FCF738FC1120A07000987080DC
:102A70002A78B189304602F0FBFB2878410611D450
:102A80001E280FD062892189032002F0DDFB002877
:102A900004D03046F9F730FF842618E0A0882021C2
:102AA0000143A1806089314602F0C0F9002801D0BD
:102AB00081260CE0287800261E2808D16289218909
:102AC0000220FCF783FCA08840218843A080304688
:102AD000F8BD11279DE6C04658040020F571051089
:102AE000C0070020B0B50C460546FCF7C5FB014603
:102AF00020600220002D09D0002907D00879002885
:102B000003D089780620084000D00C20B0BD00001A
:102B1000FEB50C46011F0646022921D86288002511
:102B20002046294602F086FB0227204639463246D7
:102B300002F080FB2582E581257360686061A061F9
:102B40006088001D6080207A38432072204602F0A1
:102B5000EAFB002814D06088001F608081250FE008
:102B6000A0253F280CD020385F2809D801A88680EE
:102B70002221044A515C8171019402F0DEFB05467A
:102B80002846FEBDC007002088710879C871887882
:102B9000062202438A70704780B502F0D1FB80BDE7
:102BA0000148002101707047490900201CB5034607
:102BB000064C20785021009100210A46F1F7D5F803
:102BC0000121217002F0D6FB1CBDC046490900203E
:102BD000E0B5022801D3FF280DD1002200926B46F8
:102BE00018700192581C0622F1F72EFC01990098EA
:102BF00002F0CEFB8CBD12208CBD00228262024608
:102C000028320B68002B04D04B68C36218604A60FE
:102C1000704705C10839C16270477CB50D4604464E
:102C20008069E1690190009120694669002E05D014
:102C3000606A01AA6B462946B04700E00120012DD9
:102C400008D1A169A268E3685118C943009A5118D4
:102C5000C91809D5012801D101207CBD0099E16185
:102C6000022802D10198A06102207CBD4178427DFA
:102C7000521CD3B28B4200D8114641757047B0B593
:102C80000A68002A09D0C369DC431346002B09D027
:102C9000DD692D190ED59B6AF8E700228262086073
:102CA000C16204E0002282624A68C2621060283079
:102CB0004860B0BD9A4207D0D96A8362C162D96ABE
:102CC00008602830D862B0BD03462833D3628262E0
:102CD0000860C162B0BD0000FEB50091002800D1BF
:102CE000EDE005462E46AD6A002D00D1E7E0B06963
:102CF000B1680A18EF69D01B8230714801684C69CD
:102D000065D4F369A64201D0029308E0D843019448
:102D100034464E68029630182646019CF4D4687DED
:102D2000737D83425FD304D1307DC0070BD1002770
:102D300028E0AC4201D101F091FAE87D082101437D
:102D4000E975012728E00298391AF368994206D2FA
:102D5000287DC00705D1EA7D00210F4608E0002745
:102D600009E000202862E87D02220243012719467B
:102D700008201043E8753162F07D02210143F175AE
:102D8000A64204D0AC4207D101F068FA04E00298F0
:102D9000F061304602F038FB287DC00714D1307D49
:102DA000C00711D16878697D491CCAB2824200D837
:102DB000084668754248016818312846FAF77EFFD0
:102DC0002846FAF785FF3546002F8CD18AE7A542C1
:102DD00005D1F068316A814201D301F03FFA0098D1
:102DE00000286CD07EE7307DC00717D1A6422F4661
:102DF00000D0374678787A7D521CD3B2834200D80F
:102E00001046787518313846FAF758FF3846FAF701
:102E10005FFFA64200D02E46354663E702983F1A70
:102E2000833F00D20027306A874200D30746F0680C
:102E300087421ED2D043AA691018AA68801825D4E8
:102E4000A64207D14878400733D401F007FA1C485E
:102E50000168737D70785A1CD3B2834200D8104643
:102E6000707518313046FAF729FF3046FAF730FF0F
:102E700038E73762F07D02210143F175A64212D096
:102E8000AC4200D02EE701F0E9F92BE700203062D8
:102E9000F17D02200843F075A64202D101F0DEF96F
:102EA000F07D082108E00298F061304602F0ACFAAB
:102EB00018E73762F07D0A210143F17512E7FEBD84
:102EC000300900207047000070B5044600280AD081
:102ED000A07802F0B3FA16490D682E46083600288D
:102EE00005D0297B07E0124805682E460836297B65
:102EF00010291BD30020FF2202322A82000109067A
:102F0000090F40182873002C01D0E06901E002F09D
:102F1000A9FA3060287B0F210140E889C840C0072A
:102F200004D00020F5F734FEEEF700FC70BDC0467B
:102F30002C09002010B504468069E169A2681018C8
:102F4000401A2062E07DF5210140881CE0750648AA
:102F5000016818312046FFF792FE204602F08CFAF5
:102F60000021FFF7B9FE10BD30090020F8B5284A4E
:102F7000927E12258A4225D9002800D101461422CA
:102F80004A4324480068436D99184C78A006C60F40
:102F90000020002E02D01027274014D1002E02D18D
:102FA000082634400FD19E5C4C688889214602F087
:102FB0007BFA1949884208D00019817848070BD458
:102FC000D42000E02846C0B2F8BD032E2846FAD827
:102FD000F1001248C840F6E7032E2846F3D8C04651
:102FE0007E4436797600B74401060D010320014086
:102FF00005D10846E7E703200140012906D02B2030
:10300000C043E0E7032001400229F8D10020DAE7BD
:10301000C007002020090020FFFF000000D4D400DA
:10302000BCB50D4D28685F21405C800701D40C249D
:103030000FE06C46204602F04FFA2046F7F796F96B
:103040000446002805D12868663069460622F1F753
:10305000FBF92046BCBDC0462009002010B504463F
:103060000220012102F062FA002800D010BD012CDC
:1030700001D9122010BD204602F066FA10BD0000F2
:1030800070B50346002900D10A4629480068416D01
:10309000012B0CD114235343CA5C012A33D0022ADA
:1030A0003ED1CA1894780420204390703AE014234B
:1030B0005343C9188E1C8978890721D500242146DD
:1030C000FCF704FA1B4800684721405CC00717D092
:1030D0001948006880694622022529462B46F9F7DF
:1030E000F1F900280CD001468571C4710472FF20EB
:1030F000487182200871042048722846F9F73EFA88
:103100000020307070BDC9184A788B7813430222B2
:103110001A438A7000210122084BF8F7F8F970BDB4
:10312000C8188078C9184A7802438A7070BDC046B2
:10313000200900202C0900201C09002020BF0200CB
:10314000B0B502461048006805465A35002908D136
:10315000A97889060024890F14D0697902230B40CD
:1031600010D0002A01D0094B03E07D21C9002B8833
:103170004B43012421462246F8F7C9F96879FD211D
:10318000014069712046B0BD200900203075000063
:103190007CB50D4C25685C20285C8006800F12D021
:1031A0005C35E878022630400DD101A8694602F06E
:1031B000E5F96978014306D1E8783043E870206882
:1031C0000121FCF783F97CBD200900200848006834
:1031D0005C21415CCA0606D4890606D45C30C178FD
:1031E0000120084070470120704703207047C04607
:1031F000200900200146103905290AD80020C046C0
:103200007944097949008F4402080A09080C03200F
:1032100070471D2801D1012070470520704702200A
:10322000704704207047F0B589B01D4616460F461A
:10323000049002200124214602F078F9002850D1A0
:1032400003971220042E4CD80290EFF7E3F8012EDA
:1032500003D8002801D1112043E011980090109864
:1032600001900F990E9805AF3872FD713E71039869
:10327000788004983880384609300622F1F7E4F85F
:103280000099B971019878713879042801D0012822
:1032900004D105A9097A022902D321E003291FD804
:1032A00001280ED102F0A2F905A9C979814217D8E7
:1032B00005A840794007029813D005A802F098F9B4
:1032C0000FE005A8008820280AD3A103884207D868
:1032D00005AA5288202A03D38A4201D89042E1D914
:1032E000029809B0F0BD0000F8B50C46054601F0A3
:1032F00025FA074602F0F4F90D4E304602F00EFAB8
:103300000C4988420AD102F025FAFF280DD0472146
:103310008900414338684018AA21465203213046AB
:103320002A46234602F02CFAF8BD0120F8BDC0461B
:10333000FCFF0000FFFF000003480068002101744B
:10334000C18101737047C0462C09002080B500BFC1
:1033500000BF024A11001820ABBEFBE726000200A6
:10336000B0B50446F6F7D2FA012806D1FF25DC35C0
:1033700002F076FA405DC00706D102F0B1F90348C9
:10338000214602F075FAB0BD0C20B0BDFCFF000074
:10339000002908D0002809D08BB2202B04D3006864
:1033A00020390B04F6D100211180704700207047AE
:1033B000F8B504460588F9F726FE01462846F9F7D0
:1033C00027FE0546204602F095FA1D2803D0232843
:1033D00001D01B280ED16188EA88914205D80329C3
:1033E00003D3232867D1042965D82046F9F784FA46
:1033F0000020F8BD204602F07DFAA9888A066ED525
:10340000012802D0AA78904269D120208143A98066
:103410006A89298903263046FBF7D8FF6188E88846
:103420000091814200D99AE0204602F063FA421EE0
:103430000121CA410023102A00D988E092001F46CA
:1034400001A39A583B469746FF34051003350510F3
:103450000F3505102D3505108D3405105535051027
:1034600055350510553505108D340510FB34051004
:103470004F35051007350510FB3405104F35051085
:103480004F3505104F35051055350510092802D167
:10349000009904295BD3112802D10098062856D33D
:1034A000A089401C81B2204602F029FA3B46002840
:1034B0004DD0014643E01D280DD1A888400612D406
:1034C0006A892989022001F0BFFE00284CD1A88812
:1034D00040210143A980204602F021FAF8BD204690
:1034E00002F08DFAF8BD08354220032102222B4656
:1034F000FBF70CFF002837D177E70B4627E00523C1
:1035000025E0334623E0009B042B1FD91FE00098E1
:1035100006281CD3A089401C81B2204602F0EFF996
:1035200001280BD002281AD1122108E000980228A5
:103530000DD3009B581E800708D108E00421009E8F
:10354000B01EF4F705FD0029334600D00023009893
:10355000984204D1074801682046884702E0204687
:1035600002F060FA842801D18420F8BD0020A87000
:10357000F8BDC04658040020F0B587B00446058861
:10358000F9F741FD01462846F9F742FD0546204678
:10359000FEF7FCFB0646FEF7FFFB0F281AD11E2E96
:1035A00048D04020304045D1052100222846FEF772
:1035B00077FC002845D007460021062230463B46CE
:1035C000FEF724FC6889394601F030FC07460028E4
:1035D00034D12FE0019500251E2E2F4616D0402015
:1035E00006402F4612D1019B9888C00718D15A89EE
:1035F00019890026304601F027FE0746002805D12C
:10360000019A9088012101439180374602A80580E4
:1036100006950595019904910394F9F70BFD0DE0CA
:103620000833422003210222FBF770FE002801D05C
:10363000842703E02046F9F75FF90027384607B0F2
:10364000F0BD8827FAE7000080B5827ADD2A23D111
:103650008A1F042A1ED8D2217A4412795200974434
:10366000180211070A00817C8A0702D5D32110E0D5
:10367000817C49070CD46421415CC90704D1FDF762
:1036800057FF80BDD42104E00121F9F738F880BD4F
:10369000D5218172F8F780FF80BD0020704700209F
:1036A0007047F0B585B01E4604920D460746FBF7FD
:1036B000E3FD00280FD00446039640791226A84265
:1036C0000AD10499022907D8A078800707D40129D4
:1036D00007D0042006E00226304605B0F0BD0C26D7
:1036E000FAE70220002900D108460290821D002638
:1036F000304639460192FCF7DBFB002827D007460D
:10370000406801210172786845720298801C82B27B
:103710000621384601F08EFD08213846049D2A46D0
:1037200001F088FD002D05D00A213846029A039B3E
:10373000FBF7D2FD0198788005203946FFF7E8F9BC
:10374000002806D03846F9F7D7F88126C4E788263E
:10375000C2E7A671A078FB210140A170BCE7000080
:10376000F8B503461424444315480068C56A2D196A
:10377000AC7866078624002E20D5AE79761C8E4262
:1037800001D001291AD1AE1CAF1D002A04D0E9795D
:10379000914201D1002400E012241946FBF796FE65
:1037A00000203870E8713078FB21014031702879B1
:1037B000411CC8B2884200D0012028712046F8BDC3
:1037C00028090020F8B515460E4604465068407A90
:1037D000009006211046FBF788FD07460821284681
:1037E000FBF783FDB91EE1726072009A2272320A01
:1037F000E271A671000AA072CAB2A8890C34801DB9
:1038000081B228462346FBF753FDF8BD90715171F4
:10381000907804210143917070470000F0B585B0A5
:103820001746039104465068407A04900621164DCD
:103830001046A847029008213846A84701900A215F
:103840003846A84706460C213846A8472A4605466A
:103850000E21384690476074290A2174E573310AB5
:10386000A1736673019A110A2173E272029A110A16
:10387000A1726272039A110AE171A2710499217214
:10388000000AA07405B0F0BDEBF20410FEB581246F
:10389000002832D006460291019419480068006859
:1038A0000090501E1F2101434C1CA7B23046FBF76D
:1038B000C8FC054687420CD9601B81B2029800F013
:1038C00019FD0028019C18D001463046FBF7FEFC8C
:1038D00012E0AF4210D20098C06831463A4602F07A
:1038E000B6F80446781E4009691E4909081A81B2D3
:1038F000029801F09DF800E000242046FEBDC0467D
:1039000034090020F0B581B00D460646002A08D0E3
:10391000002E2AD090B2202806D33668203A100410
:10392000F6D1002E21D00022002B20D02020841A96
:10393000A0B299B2884200D31C46A7B290B2301808
:10394000011D28463A460093F0F77EFD009B1B1BA5
:10395000180404D0ED1936680022002EE6D198B282
:10396000002805D07E20C04302E0812000E0002036
:10397000C0B201B0F0BDF0B581B0064650090406F2
:1039800004D0002E2DD03668401EF8E71C465B1E82
:1039900020469841002C1FD0002E1DD01F20024031
:1039A0002020851AA8B2A3B2984200D325460095DC
:1039B000AFB2B018001D3A460D46F0F745FD00982D
:1039C000241AA1B24A1E08469041002904D0E919E0
:1039D00036680022002EE3D1002803D07E20C043A9
:1039E00000E08120C0B201B0F0BD0000084A1268BA
:1039F00034321268002A07D01389834202D15389D6
:103A00008B4203D01032F4E7FF20704750787047A4
:103A100024090020F0B5A1B0042900D0DEE007465B
:103A200002F03AF86E4C6F4E012800D0A0E00BADCA
:103A30006D4914222846EEF7FDFA10A834460026F8
:103A400044223146F0F704FD012021462A4601F0C8
:103A500019FB00280FD004463846FEF79BFA616830
:103A6000096A8B686149C97A49084A1C0421FEF732
:103A7000A3FA10A90874042104973846F9F7C8FA84
:103A800010A9097C012903D18088C005800F06D1C7
:103A900057480168833110A81022F0F7D5FC0120A7
:103AA0000390F9F799FB054610A81230029005968D
:103AB0004B4C002D34D0B7B2632F31D8287804286E
:103AC0000BD0022827D16868017D102921D1008AF6
:103AD000494988421DD103981CE06868017D10297E
:103AE00019D1008AA04216D104982946FEF745FA5A
:103AF000044602980090E2B202213223384601F0D7
:103B0000D1FF0598012801D110A84474761C344CCB
:103B100001E0002005902846F9F7DCFC0546C8E7DF
:103B2000012109AA08AB049F384601F0D1FF002803
:103B30001CD1B0B240002F4940188008133082B227
:103B400008A8017809A810AB01F0F8FF00280DD0F3
:103B5000044606AD09A906222846F0F775FCAC71AB
:103B60004220042107222B46FBF7D0FB1D4E1C4CA4
:103B70000120F9F731FB0546002812D028780428E7
:103B80000BD16868017D102907D1008AA04204D1B9
:103B900000223846294602F003F82846F9F79AFC35
:103BA000E9E710AC104914222046EEF743FA012051
:103BB0003146224601F066FA00280FD00446384606
:103BC000FEF7E8F90949C97A6268126A92680092B8
:103BD00049084B1C0421002201F064FF21B0F0BD14
:103BE00002290000FFFF0000B8120410C0070020E7
:103BF00024090020FEFF0300052A0000F8B50D4649
:103C0000064600921468002C11D02746E4693888D3
:103C1000B042F8D13846F9F7F6F9A842F3D1009846
:103C2000394600F03FF83846F8F766FEEBE7F8BD96
:103C300070B51A4A12681446483400232468002CD0
:103C40000CD06588854207D1A5888D4204D12378A0
:103C500018251D43257001232034EFE7042916D1D0
:103C6000916D0D46002D0BD02C46AE680025002E20
:103C7000F8D0B58885423546F4D1B568A560F1E73E
:103C8000002904D08C88844201D188689065002B7B
:103C900002D003480068804770BDC0462409002058
:103CA0005404002003688B4209D01A46DB698B421A
:103CB000FBD1CB69D361002B07D11C3204E0CA6968
:103CC0000260002A01D1024642600020C8617047AC
:103CD00010B542788A4207D1017D0024002909D01D
:103CE0000830F0F707FC05E04900426A515EFCF736
:103CF000D5FB0446204610BD10B5074B1B681B685A
:103D000072B640001C5AA41A1C524800195A89184D
:103D1000195262B610BDC0463409002080B503496F
:103D2000096866310622F0F78FFB80BD200900206C
:103D300080B50349096860310622F0F785FB80BD34
:103D40002009002080B5034909680622F0F77CFBB2
:103D500080BDC04618090020F0B5A1B0044601F0AE
:103D60009BFE012814D107A8454914252A46EEF7E1
:103D700061F902A843492A46EEF75CF944200F9006
:103D800001210DAA0CAB204601F0A2FE002801D0B3
:103D900021B0F0BD0CA801780DA80FAA10AB01F05E
:103DA00010FF0028F4D10F984428F1D80120364D97
:103DB00002AA294601F066F9002810D006462046DE
:103DC000FEF7E8F810A90A7C3049C97A73681B6AC3
:103DD0009B68009349084B1C042101F063FE2C48AA
:103DE0000168833110A81022F0F739FB00281FD09A
:103DF000012007AA294601F045F90028C8D001F0A2
:103E000061F90028C4D0054604212046F9F700F9DD
:103E1000818880220A43828010A8427C204629465D
:103E200001F0BEFE0B20F4F7B3FEEDF77FFCAFE729
:103E30000120F9F7D1F9064610AD12350027002E02
:103E4000A6D0B8B26328A3D83178042912D17168FA
:103E50000A7D102A0ED1098A0E4A91420AD1022106
:103E600032222B46FEF7A8F802462046314601F0E2
:103E700097FE7F1C3046F9F72DFB0646DFE7C0466C
:103E8000CC120410B8120410FFFF0000C00700207D
:103E9000240900200229000070470000F8B50446FC
:103EA000684600250570F5F72BFD002805D06D4606
:103EB0002046294601F0A8FE2D78F5F721FD0028BF
:103EC00002D02648837E00E0012314267543244F48
:103ED0003868416D4C19A57802222A4002D0A41CF2
:103EE000002525701131DBB2002B0AD00C78002C94
:103EF00004D00C460F3C2478A40726D45B1E143152
:103F0000F2E7002A21D000242146FBF7DFFA15480A
:103F100000684721405CC00717D0134800688069DB
:103F20004622022529462B46F8F7CCFA00280CD069
:103F300001468571C4710472FF20487182200871A6
:103F4000042048722846F8F719FB68460078464373
:103F50003868406D801900214174F8BDC007002009
:103F6000200900202C0900201C090020F0B58FB08A
:103F70000292074607A8019010250C4E2A46B0472A
:103F80000BAC204639462A46B04703AF00260198BD
:103F900021463A46334601F055FE029839462A46F4
:103FA000024B984730460FB0F0BDC046494404105C
:103FB000FEB5144601910646FEF7F2FD274644374A
:103FC0002046FEF7F3FD002811D16078C006F7D532
:103FD00002AD384601992A46FBF70AFC0222284620
:103FE0003146F0F73CFA0028EAD10020FEBD8120DE
:103FF000FEBD0000F8B50446FF250A4884420FD0F4
:104000000026094F38683421415CF0B2884207D25B
:10401000F6F716FF408FA04201D0761CF2E7354636
:10402000E8B2F8BDFFFF000018090020F8B51446FB
:104030000646084600F072FA2E214156002905D4A2
:104040002C300078022803D1122518E0022516E052
:10405000CFB200253846294601F0F8FD38462946FA
:1040600000F034FA01462B30002E01D0057006E036
:1040700001220270103110222046FCF7C2FF2846B0
:10408000F8BD00001F21014001228A4072B6054997
:10409000096840098000081801691143016162B68E
:1040A0007047C0463C090020FEB5019103200290F4
:1040B0000027304A3D4616461068A8240059C0190A
:1040C000801C06220199F0F7CAF9002831D0029825
:1040D0000328324609D110680059C05D8006800F60
:1040E00001D0032000E0E8B2029008376D1C032DD8
:1040F000E1D110684125415DA830022936D80299E6
:10410000CF000068C019801C164606220199F0F7FE
:104110009BF9306800591021C1550298C2B20020A5
:104120000121154BF8F744FC3068415D491C4155AD
:10413000FEBD30680059C35DCF2119401031032204
:104140001A40531C032A02D0DC2421401943C155D4
:10415000032A00D1134609A0C05C7D21CB00434354
:10416000EAB200200121F8F723FCFEBD0121017213
:10417000FEBDC04638090020B80B000003050A1434
:10418000F0B589B0154608AA00261670002D0693D2
:104190001A4600D12A46070C474011980790002D77
:1041A00004D10023069801281C4638D810980590A1
:1041B000794051400C46022E07D8A0B201F056FDBE
:1041C00011214143CC19761CF5E72046784086B290
:1041D0003046FBF73FFC242815D8C108059A525CED
:1041E000C900411AC9B2CA40D1070CD008A9087049
:1041F000079A511C127800239A420DD0CE5C864259
:104200000BD05B1CF8E7079908784643330CC818B5
:10421000407808A9087000E02523002D0ED10F99E1
:104220000E9808ADBAB200900192079802900395DB
:10423000A2B2DBB2069801F03BFD287809B0F0BDD0
:1042400080B5054800684069002800D080BD002086
:104250000146F9F7D3FD80BD3009002080B501F09B
:1042600028FD074800684169002242614278EE2338
:1042700013404370C87D01220243CA7580BDC04609
:10428000300900200B4909680A4618321368002BD0
:1042900004D01A4628328342F8D107E028310A6850
:1042A000002A05D0114628318242F8D101207047FA
:1042B00000207047300900208421405801880120E7
:1042C00008407047002070472C2805D8032141433F
:1042D00002484018807870471420704768D1051054
:1042E0000348006890214058C06B00683430704724
:1042F0002C090020F0B585B01E4A1268146872B609
:104300000622A55EEA172F4697431B4A0391891898
:104310004E09711C049100220328029001D110461D
:104320000EE04100635E012B09DB0498191A484234
:10433000019009B2C81301990840DF1900E0049800
:10434000E368995E36B2B1420FDD39B2B1420CDD9D
:10435000281AE08002984000215A049A891A2152B2
:104360001846039901F0ACFC024662B6104605B04F
:10437000F0BDC04634090020FFFF1F00572189000F
:1043800041430548006890228058C06B406840183F
:104390002121C900401870472C09002080B51368FE
:1043A0008B4204D01A465B6C8B42FBD144324B6C7F
:1043B000136001F0A9FC80BDF0B587B00F4601463F
:1043C000007900260C9C00282FD0039008680491E7
:1043D0004968059206AD009301953A46059B01F0A8
:1043E000C5FC002821D0029005940D9A049C2368F6
:1043F00006A90978CD005B19DB7913700398401E7C
:104400000390C0B2814223460BD01D68CEB2F600A5
:10441000AF19BA68FC68AA517C60491CCAB28242D2
:10442000F3D103981871029E059C267007B0F0BD69
:10443000F8B5112109010A464C3200904243511847
:104440001448026890241259D26B52680225002D3C
:1044500012D006683659F66B7668002777505618E2
:10446000B31E1F70331FFF271F80083E7D235B0490
:1044700033600C316D1EEAE75721890000984143F3
:1044800050182521C900FF224254492189000022E9
:104490004250F8BD2C090020F42100224250F43093
:1044A000012109044160704710B5002306A11A4696
:1044B000042B03D08C5C531C8442F8D1042A01D312
:1044C000002010BD012010BD0100161F57229200D0
:1044D0004243074800689023C058C06B406880186A
:1044E0000C224A4380181121090140587047C046E8
:1044F0002C09002041424841704710B50C244C4320
:10450000FFF73CFF001941790120084010BD8821C8
:1045100040580088C005C00F7047000010B5014624
:1045200000200D4A914215D00C4A12683423D25C07
:10453000521C0B4B1B6890241B59DB6B5B68521E93
:1045400008D05724A4001C195B8F8B422346F6D158
:104550000448201810BDC046FFFF000018090020C5
:104560002C090020A4FEFFFF10B50C4601F062FCF0
:10457000C108C9B201290AD8072210406118832254
:104580005200895CC140C80701D0012010BD002045
:1045900010BD70B514460D460646FFF7AEFF002865
:1045A00007D030462946FBF7DDFD011B4842484154
:1045B00070BD002070BD0000F8B50090002313808E
:1045C00010480E2B1DD007251E462E401F06FF0E3D
:1045D000009CE719832464003C5DF440E4070DD09F
:1045E000068835400124AC40F508EDB24F5D274305
:1045F0004F551588B54200D835461580801C5B1C88
:10460000DFE7F8BDB0BC0510FEB50546C00633D4E3
:1046100017461C4800683622825C002492062CD57E
:104620003630407A000728D5019102931648006879
:104630006907C90E40180069252204232946009302
:10464000F7F740FF00281AD00646477201983072EB
:10465000380AB07230460B3008220299EFF7F4FEA8
:104660000099F1710C20B0713E20707131712846B3
:104670003146F7F783FF00E086242046FEBD07247D
:10468000FBE7C0462C0900201C090020FEB50546AA
:10469000C00638D416461E4800683622825C0024C4
:1046A000920631D53630807B40072DD5019102939B
:1046B000184800686907C90E401800693E22412366
:1046C00029460092F7F7FEFE00281FD007460999F9
:1046D00008987E7238730298F87201983872300A1E
:1046E000B87238460D30F822EFF7AEFE2B20F87185
:1046F000FE20B87100987871042038712846394638
:10470000F7F73CFF00E086242046FEBD0724FBE7C8
:104710002C0900201C090020D2B2203A03D301004A
:104720009140002070475242D04152422032914085
:104730004140D0409040414070470000024800682E
:10474000902140587047C0462C090020F0B589B030
:1047500015460F46044606790068616808AA00936A
:1047600001923A462B4601F001FB00210F9B0E9A65
:104770000028079226D106976779BE4222D202937B
:104780000390049508A90878059686420DD0059FE8
:104790002268FDB2ED0056193346083B0ACB515151
:1047A00073607F1EF9B28142F2D12168C000069A7F
:1047B0000A500818049941600598401C2071012195
:1047C0000398029B089A079C22701870084609B04B
:1047D000F0BD0000C0214143054800689022805888
:1047E0004068982280580068006840187047C046AA
:1047F0002C0900200248006890214058006D704745
:104800002C09002080B50520002101F027FB80BD88
:1048100080B50620002101F021FB80BD80B5082075
:10482000002101F01BFB80BD80B50920002101F0B3
:1048300015FB80BD80B50A20002101F00FFB80BD73
:1048400010B50B200024214601F008FB0C20214666
:1048500001F004FB10BD10B50D200024214601F02D
:10486000FDFA0E20214601F0F9FA10BD80B50F20A7
:10487000002101F0F3FA80BD80B51020002101F085
:10488000EDFA80BD0001002900D00830C0B27047A9
:10489000BCB50A460446C11C01AD10462A4601F0CB
:1048A000E5FA032228462146EFF7D9FD002800D07B
:1048B0008120BCBDBCB50024214620460D46009495
:1048C000C0B2214622462346EFF74FFAC21C691CAC
:1048D0000120002AF2D1E8B2BCBD0000B0B51F2211
:1048E000D443084A234608330AD014192025645DAE
:1048F00084421C46F7D1D018C26908469047B0BD23
:104900000120B0BD6C13041080B508468978C91C1D
:10491000F9F718FB80BD80B50846C9780279120204
:104920005118491D89B2F9F70DFB80BD80B50846C5
:104930008978C27812025118091D89B2F9F702FB71
:1049400080BDB0B594B004464178012529403E3081
:104950006A46FCF7DCFC00280CD169465022204650
:10496000EFF77DFD002808D06946487828403E31A1
:1049700000F095F86078102801D2002002E020466F
:1049800001F092FA14B0B0BDF0B59DB00193009261
:1049900002900CAE102403940125204F304622468D
:1049A0002B46B84730461030009922462B46B84770
:1049B00030462030019922462B463C46B8473046C7
:1049C0003030229903222B46B847332023993154A3
:1049D00030463430249906273A462B46A0473046C5
:1049E00033302599C17130463B3026993A462B46E3
:1049F000A04704AF38460299039A2B46A0474121AD
:104A000008AC30463A462346FCF764FC279821461A
:104A1000039A2B46014CA0471DB0F0BDFDD40410F5
:104A20000021002802D00068491CFAE788B27047CC
:104A300010B50A4A1268126872B64300D05E441874
:104A4000D4520BB2C318012B02DB4342C10B1940F5
:104A5000D0880818D08062B610BDC0463409002046
:104A6000F8B514460D46064601F02AFA671C2046A2
:104A700001F02CFA00280BD1062228463946EFF720
:104A8000EEFC0028F3D12078B042F0D10020F8BD30
:104A9000B320F8BD80B50220EFF7B3F980BDF0B5C3
:104AA00095B00C460546FEF77BF801AE3E36B327BF
:104AB00001A8FEF77BF8002810D1062230462146D7
:104AC000EFF7CDFC01A9497801220A40AA42EFD1B3
:104AD0000028EDD1FFF7DEFF0027E9E7F8B215B0B7
:104AE000F0BDB0B5F7F7E6FE002811D0044600256A
:104AF0002946F7F7C1FC00280BD0A17AF12905D18E
:104B0000A17BCA0702D0890700D50020054600E036
:104B100002252846B0BD00000B49096830228A5C96
:104B20000123134030314A78D207520FD218CB7884
:104B3000DB07DB0ED21889784B080B43D907090F26
:104B4000511801707047C04638090020F0B524495B
:104B50000968027D12010832D2B28B18B5241C5D9F
:104B60000473B6241B5D012B03D1437B02241C4339
:104B700044730B463633032515430C46B434655D48
:104B800001262E40877B3743877304263540C77B39
:104B90002F43C7731643A55D057405251543645D52
:104BA0006425455DED070ED11D782C4007252C406E
:104BB0008474062422438918B422895C5A780A40F6
:104BC0002A404274F0BD5D78254045740624224396
:104BD0008918B422895C1A780A408274F0BDC046F4
:104BE0003809002070B50446007B617BCA0701D0FC
:104BF0008A0704D4E27D120703D5890701D0032573
:104C00001CE0E17B0523194213D01D490D684022A9
:104C1000AD5C43431B4EF3185D5DE574FF2D0ED173
:104C2000E37D1B0707D4012807D10868805C0128B1
:104C300003D1012502E0042500E00225E57464208B
:104C4000205CC00703D11A202056002812D4204629
:104C50000F300078C00704D02046FAF76BFC00281C
:104C60000CD0E17D0020090703D5022D01D10020E1
:104C7000E07670BD024800683130EAE7032070BD7D
:104C800038090020F2BF0410F8B5C17C022910D108
:104C9000C17BEF220A40C273224909684022895C25
:104CA0000026022910D3042905D002290BD0FF26A3
:104CB0000AE000242EE0017B022904D304292BD032
:104CC000022901D0F3E70126174909684722895CC8
:104CD000842449071ED50789144800688069022585
:104CE000482203232946F7F7EDFB002812D001469E
:104CF0008772042048720D720020C87105208871E7
:104D00000E73FF20487182200871380AC872284645
:104D1000F7F734FC2046F8BD6421415C01260E40C3
:104D2000D2E7C046380900202C0900201C090020C9
:104D300010B507244480446821720B490968402457
:104D4000095D4468617201211140426891724168B5
:104D5000CB724168029A0A734168039A4A734068A9
:104D60000499817310BDC04638090020F0B583B0A6
:104D700001910646002A08D0002E34D090B2202897
:104D800006D33668203A1004F6D1002E2BD000222C
:104D9000002B009321D000201D4603462020841ABA
:104DA000A0B2A9B2884200D32C460294A7B20198BF
:104DB000C11890B23018001D3A461C46EFF74FFB61
:104DC00000280FD1E01983B202982D1A280405D0CB
:104DD00036680022002EE1D100E000231846009B37
:104DE0001B1A00E00346184603B0F0BD10B5044698
:104DF0000821F5F7BFFF04490968602200238B52A0
:104E0000486660314C8010BD240900201CB51F2964
:104E100003D801AA1180406805E0406801AC224631
:104E2000FEF7B6FA2188401800791CBDB0B50C46D3
:104E300005464888001D81B22046FAF70EFA28463A
:104E40002146FDF765FE002804D02046F7F754FD03
:104E50008120B0BD0020B0BDFEB5029315460022F2
:104E6000884223D80C4616490F686021795A0029D8
:104E70001CD000920191FDF72DF806462046FDF763
:104E800029F80199491E814200D3014689B2B2B284
:104E90008A420DD8786ED300C45CAC4204D1C018ED
:104EA0004368029CA34205D0761CF0E71046FEBD85
:104EB0000098FEBD03498A4200D10020FEBDC046D5
:104EC00024090020FFFF000010B50446FDF702F89A
:104ED0000649884207D0C200054B1B685B6E9A18D2
:104EE0005288A24200D0084610BDC046FFFF000015
:104EF0002409002080B500F0FBFF408880BD80B50C
:104F0000828B920708D4202281541620F3F740FEAA
:104F1000ECF70CFC002080BD3A2080BD10B50122CA
:104F20000228104600D800208000094B1B6830245E
:104F30001C5D144020183033DA78D207D20E801866
:104F40009A7853081343DA07120F8018087010BDBF
:104F50003809002010B50A48046838342468002C49
:104F600009D02046FCF712FF1E2802D0402108403D
:104F700003D01C34F2E7002010BD012010BDC04654
:104F800024090020E0B501A8022101800090002042
:104F9000044B01460246F7F7AFFF863841424841CD
:104FA0008CBDC046EFBC051070B5084D2868846BF9
:104FB000002C0AD0E669286838302146FEF772FED8
:104FC0002046F7F799FC3446F2E770BD240900202B
:104FD000FEB50D460446FDF7FBF8002834D0AC4280
:104FE00032D80646A0422FD32046FFF76DFF044675
:104FF0001648844228D0AE4200D32E463046FFF7F2
:1050000063FF13490F686026B95B4A1E824217D9B5
:105010000190054602948BB26D1CAAB29A420DD241
:10502000796EA0B2C0000818D20089180822EFF7E4
:105030000BFA07480768B95B641CECE7029C01980F
:10504000C243A2185118B953FEBDC046FFFF00006D
:105050002409002010B504460846FCF73BFF084928
:105060000968496E82B2D2008B5CA34205D0421E11
:1050700000041046F6D1002010BD881810BDC046AF
:1050800024090020F0B585B014460D46F8F7A4F8C1
:1050900006460020002E12D07188A9420FD86F4614
:1050A00030463946F8F7AAF82046394600F04AFF5C
:1050B000002803D03046F8F70DFAE9E7304605B08E
:1050C000F0BD000070B58AB0054605A810A11422F5
:1050D000ECF7B0FF2878FE2101400024022914D10A
:1050E0002846F8F7F7F9054600280ED02878022858
:1050F0000BD06E4628463146F8F780F805A83146B1
:1051000000F020FF0028EBD12C4620460AB070BDED
:10511000FB349B5F8000008000100000022900002B
:1051200010000000F0B585B01546019101460478E5
:10513000002702230E20032C1A463E4612D30BD022
:10514000042C5ED1486801788C07C9078A0F002CAF
:1051500000D54C32411C02E04868411C0278801C9A
:105160000E780778012D03D110461840184648D014
:105170000320032D02D10821114042D0042D02D179
:10518000042111403DD0052D02D140210A4038D0E4
:1051900004A903AA02AB019C204600F0EAFE022803
:1051A00002D1002F0FD12BE0012D00D0FF08052DDB
:1051B0000BD104A80078022805D102A800780228A3
:1051C0001AD1002019E00E201BE00021002F11D081
:1051D00003A802780520BB0701D5042A11D3FB07D9
:1051E00001D0032A0DD3780708460AD5022A0AD22D
:1051F0000F2006E0084604E0052001210F4000D101
:10520000384605B0F0BD2046314600F0E4FEB62831
:1052100001D00020F5E70C20F3E7BCB51446406848
:10522000202904D301AD2A46FEF7B2F82988401898
:105230000471BCBDE0B501AB1A70120A5A700222AB
:10524000FAF74AF88CBD000010B50446084611462E
:10525000FEF7CCFB80000019C1B2034800680022B1
:10526000024BF6F754F910BD2409002030750000F8
:10527000BCB514464068202904D301AD2A46FEF788
:1052800087F8298840180471BCBDF0B589B00E4676
:10529000F7F710FB002825D00546203005A900911E
:1052A000FCF738F974882B466C33271DB9B20422F9
:1052B0003046FAF711F8FAB201AF009831463B4692
:1052C00000F099FE08372046083081B208223046A7
:1052D0003B46FAF701F80C347480E86E401CE8662F
:1052E000002000E0022009B0F0BDB0B514460A4627
:1052F00005468089401C81B22846FFF79BFFA8899C
:10530000C01C81B228462246FFF794FFB0BD10B5FD
:105310000C46C3688989007A4200481C81B2204645
:10532000F9F7DAFF10BD10B50024C46100F0FFFEEC
:10533000842800D08124204610BD00207047000042
:10534000B0B50124204600F013FF0546204600F0CA
:1053500037FF28430AD106480068902140580C3096
:10536000FBF74BFE00F046FF0020B0BD0C20B0BDA7
:105370002C090020C01CC0B2042802D37E20C043E8
:1053800002E0C1000148C840C0B27047B3B7B400E2
:10539000F0B587B00C4605460691059001263046CB
:1053A00000F0E6FE0746304600F00AFF38431DD104
:1053B000E8B2FF2805D10590FF2109060C400694AC
:1053C0000546104800689021405803A9019104A99E
:1053D00000910C30012329462246FFF7B7F9002837
:1053E00006D005A8012100F006FF05E00C2006E02C
:1053F00003A80078002801D0002000E0072007B0B3
:10540000F0BDC0462C0900207CB504460069466901
:10541000002E12D0A069E16901900091606A022516
:1054200001AA6B462946B047002806D0FEF716FFB2
:1054300000202062E07D2843E0757CBD142803D85D
:1054400040B202A1085C70470820704700010103C8
:1054500003030205080808080808080808080807E0
:105460000600000080B5F8F7ABFB02480068406812
:1054700080BDC0463009002001460846C96A496817
:10548000096800290AD0CA7D1207F6D4CA690B6AD6
:10549000D218C3699A1A843AEFD470470148006859
:1054A0008069704730090020B0B50A4A03280FD33D
:1054B00000239DB24C5D022C03D16D186D78012D37
:1054C00005D01B195B1C9CB28442F2D300E01A4643
:1054D00090B2B0BDFFFF0000F0B587B0009003AE02
:1054E0003046FBF7EFFF00273846FCF7E3FB010AE5
:1054F00002AD69703F24044040343846FCF7DAFBC3
:10550000AC70287001AF304629463A4600F0AEFC38
:105510000326009C204639463246EEF795FFE01CF4
:1055200029463246EEF790FF07B0F0BD054A1268F3
:105530003523D35C034201D00C2070473532117003
:105540000020704718090020BCB5044600F0C8F8D8
:10555000002300930121074D20462A4600F04CFE0F
:105560000446054801684F31284600F081F920467D
:10557000BCBDC046FCFF00002C090020F8B5054664
:1055800000260670012400910C7016480068476DD3
:1055900000F0B2FF002801D01348847EE1B2113739
:1055A0003046324600290FD03B78002B09D0022B21
:1055B00000D101203A460F3A137801229B0700D50B
:1055C00016461437491EEDE7012A01D10121297041
:1055D000012802D0F0B2012802D100200099087001
:1055E000D0B2F8BD20090020C0070020012070477C
:1055F000F8B50446FFF7A2F80546354E304600F0F0
:105600008DF83449884214D100F0A4F8FF283CD02A
:1056100047218900414328684118AA200E524C2096
:1056200000220A5438200A54CA630A648A62CA6291
:105630000AE047218900414328684118BA20085CE4
:10564000012801D10C2541E0B92000250D546079D5
:10565000AE2288540E46AE360120F070A0797070EC
:10566000208800020090C867084684300B46B43397
:105670002779042F16D8C0467F443F797F00BF4466
:1056800002060B0D0F00F3210BE007251EE0124F61
:10569000CF67FD21018406E0F22102E0F02100E065
:1056A000F5210184009F217AE279056045601F6041
:1056B0009A73D973217A0170401C0934062221465D
:1056C000EEF7C2FE054800684079B0702846F8BD84
:1056D000FCFF0000FFFF0000DC0500002C0900209B
:1056E0001FB50C4800F01AF80B49884210D16C46DF
:1056F000002121720120C0022080072000020190B9
:10570000204609300622EEF7A3FE2046FFF770FF81
:105710001FBDC046FCFF0000FFFF000070B504463F
:10572000FFF70CF84D21415C094D0022AA2391425C
:105730000BD00668F65AA642164600D02E464725DC
:10574000AD005B19521C3546F1E7A8B270BDC046EA
:10575000FFFF000010B5FEF7F1FF4D21425C002174
:10576000AA238A4208D00468E45A240B05D14724AE
:10577000A4001B19491CF4E7FF21C8B210BD0000AA
:10578000FEB5029314460F460546FEF7D7FF0646C0
:105790003148854201D11F2007E001200221FFF797
:1057A000C5FE002800D0FEBD2C481221A04201D227
:1057B0000846FEBD01912846FFF7B0FF472189004A
:1057C0004143306846182046314600F099FE0028D3
:1057D000E9D1BA20315C3820305C042F12D1002985
:1057E00037D00028019A20D01B4885421DD1F08D6A
:1057F00000281AD0A420305A10210140214310461D
:10580000D1D10CE035463835002910D0032F06D110
:1058100002202870F4860020B08602983063A236F9
:10582000304600F06FFE0020FEBD1046FEBD37463C
:1058300028370028029A05D03968A120029AFBF780
:1058400011FA029A3A6001202870F4850020B08590
:10585000FEBD0198FEBDC046FCFF000072060000C0
:105860000248006890214058406870472C09002089
:10587000F8B50C460546FFF751FF0321C943C91C83
:105880001A4FBD4204D08AB2904201D112262BE0B9
:1058900089B288421ED047218E004643FEF74EFF54
:1058A00000688019AA214552A421415CC90705D08E
:1058B000BA21415C012901D10C2615E08C2101227D
:1058C000425001468C3100224A608D30062221462A
:1058D000EEF7BAFD0026BD4206D1054800684F30FC
:1058E00006222146EEF7B0FD3046F8BDFCFF000071
:1058F0002C09002080B5818900F001F880BD1CB51D
:105900001F2903D801AA1180406805E0406801AC56
:105910002246FDF73DFD2188401800791CBDF0B5F9
:1059200085B0044605888089461C204600F0FAFDB3
:10593000232810D0B1B21B2822D12046F9F7D5FC7C
:105940000146284600F0F4FD00283DD02046F6F739
:10595000D3FF002550E06788B1B22046B9422AD271
:10596000F9F7C3FC0146284600F0E2FD0028EDD11E
:10597000B01C81B22046F9F7B8FC3018061DEBE7E1
:105980002046F9F7B2FC0146284600F0D1FD002878
:1059900024D06E4675802046F7F735FBB0801E2078
:1059A00030703046FCF7EAFE0546002820D120463C
:1059B000F6F7A2FF1CE0F7F726FB02460A2029466D
:1059C000234600F0DBFD12E02046F7F71CFB024601
:1059D0000A202946234600F003FE08E02046F7F798
:1059E00012FB02460A202946234600F02BFE0546FC
:1059F000002D01D07B20C543E8B205B0F0BD1CB539
:105A00000446008801AB1880422002210A46F9F7BB
:105A10007DFC002801D084201CBD2046F6F76CFFD9
:105A200000201CBD10B50488F7F7EDFA01462046AA
:105A300000F03AFE002808D0017818220A430270CC
:105A40000C20F3F7A5F8EBF771FE002010BD70B540
:105A5000002400290AD000260D4609683346203369
:105A60009EB296420ED20029F6D101E02346254689
:105A7000D11A89B200F024F9286000280AD17920CF
:105A8000C44307E0002904D0F9F728FF00242C6064
:105A900000E00024E0B270BD80B5FFF722F841427B
:105AA000484180BDB0B54843C408A4B29C420ED85A
:105AB000049B072528402025691A0025ED43CD4089
:105AC0002A4082408540185DA84310431855B0BD58
:105AD000F8B51C4615460F46F6F7ECFE002816D022
:105AE0000646811C06222846EEF7AEFC7078694611
:105AF0000870002F1FD000281DD0012809D1F1798E
:105B00008A090120022A16D8402903D213E0022074
:105B1000F8BDF179C0200840402808D169463046D8
:105B20002A4600F0D3FD002803D08120F8BD86204E
:105B3000F8BD6846007820700020F8BDF0B585B04B
:105B40001E4617460D46044602AA08462146FEF7A1
:105B500087FF00280BD10498B84206D1BAB20C20B6
:105B60003146EEF73DF9002816D0FEF793FF019677
:105B700002AE3570701C06222146EEF765FC0497D4
:105B80003046019900F0B9FD002805D006462846A8
:105B90002146FEF784FF00E00026304605B0F0BD48
:105BA000BCB514460D46FCF7F5F9696889698B8820
:105BB0008968009103210C4002212246FFF772FF01
:105BC000BCBDB0B598B01C46154601AAFBF79FFBBB
:105BD000002816D101A94A78012010403E3115AAAB
:105BE000FEF73EFF002801D0B3200AE0296817988D
:105BF000884201D9872004E0286081B2204600F065
:105C000088FD18B0B0BD000070B502460B48847E18
:105C10000B480068456D1035002003469C4208D0B3
:105C20002E78002E08D0AE78964204D014355B1C36
:105C3000F4E7234600E001200B7070BDC007002090
:105C40002009002080B5EEF725FC80BD10B50C249E
:105C50004C43FEF793FB0019417910220A4342712D
:105C60001620F2F795FFEBF761FD10BD41000A4ADF
:105C70000A4040080949014088188100084A0A4042
:105C800080080849014088180101074A0A400009B4
:105C90000649014088187047AAAA0100555500001E
:105CA000CCCC070033330000F0F000000F0F0000F1
:105CB000704780B5EEF727FCF2F7A8FC80BD000026
:105CC000F0B5104A891849094A1C94B272B60021ED
:105CD000002C13D003889C4210D8641E41680D46E6
:105CE00006D000260D462D68761CB7B2BC42FAD805
:105CF0002C68446000242C609A1A028062B6084620
:105D0000F0BDC046FFFF1F00F8B50D460646402413
:105D1000FEF7E6FA02462F5D2C463834E86B002881
:105D2000394608D000961646F6F7E6FD3246009E44
:105D30000020E863217A14202070022903D1B08B5F
:105D400008490140B1830848006890214058C06B61
:105D50000068816B69648563D019017A491C0172FE
:105D6000F8BDC046FFFB00002C090020F0B587B04D
:105D7000044608060D9D52D00195FF201546854327
:105D8000012605930C9B1F460096374003977E42E1
:105D90001640F2B252190692254D059F3A462A4006
:105DA0001E469D07ED173D40049003062B409B18AF
:105DB000022030400290481E0590C8B241080026DB
:105DC000C8B2C200A01845680298002801D118483E
:105DD0000540A0580246049FBA43039F002F01D1FB
:105DE000384600E0C0B282180698904201D1AB421A
:105DF00018D0AB4203D804D10698904201D94E1C6A
:105E000001E0481E05900598801BC0B2401CC2B23C
:105E1000510889198242D3D00020019D04E000215D
:105E2000084601E0019D0098297007B0F0BDC0460A
:105E3000FFFFFF0010B50021064B074A0E2905D0D1
:105E40001C88844203D09B1C491CF7E7114688B28A
:105E500010BDC046B0BC0510FFFF0000B0B50C4639
:105E60008500FEF73DFA00684451B0BDF0B589B039
:105E700000920F46054605AE002110223046EEF78F
:105E8000E7FA0324304639462246EEF7DDFA01AF41
:105E9000284631463A46FEF769F8009839462246C8
:105EA000EEF7D2FA09B0F0BDE0B50146002000904F
:105EB00050220346EDF73EFFFFF75CFA8CBD000071
:105EC000014800210170704748090020BCB5034615
:105ED000064D28780C210091012400222146EDF77F
:105EE00044FF2C70FFF746FABCBDC04648090020AD
:105EF000F8B5047802252146294302291ED1FCF772
:105F00006FF80F49096860228B5A401C82B29A428E
:105F100010D2002C08D0022CF7D1D7004E6EF75DBE
:105F20002F43022FF1D106E0D7004E6EF75D002F10
:105F3000EBD100E04E6ED00080190838F8BDC046A5
:105F40002409002080B5027C0B7C9A4206D1202ACD
:105F500007D0102A09D18989808908E00020C04330
:105F600080BD1022EEF77BFA80BDC968C068401A78
:105F700080BDFEB517460E4600240C7014700293C7
:105F80001C70F6F797FC002809D00546807A002897
:105F900007D0F12805D0FB2816D1B02419E08624BB
:105FA00017E001200190307028462146FCF770F878
:105FB000387001280DD102203070E97A4907890F25
:105FC00004D00299087004E00C2402E002980199C0
:105FD00001702046FEBD10B50C46F6F76BFC00289C
:105FE00005D0817AF12902D1007CA04201D2B620ED
:105FF00010BD002010BDF0B595B001931746039178
:106000000025149513951295119511A90DAC0490C6
:106010002246FDF7ABFF0F200290265609A9204625
:1060200000F082FB002E67D409A80299445605A906
:1060300000F07AFB002C6CD411A800241022214619
:10604000EEF706FAFDB2112D21D3201D81B21022E8
:106050000DAB0398F9F72CF90020102807D00DA9F3
:10606000095C11AA135C4B401354401CF5E711ADB9
:106070000DAE049829463246FDF778FF10222846D7
:106080003146EEF7E1F9103F1034A4B2DAE7102DF3
:1060900008D1201D81B210220DAB0398F9F708F941
:1060A00009A814E00DA800211022EEF7D1F9380656
:1060B00008D00DA8431B1033201D81B203982A4637
:1060C000F9F7F6F80DA8401B8021C17305A8019AC5
:1060D0000021102909D00DAB5C5C435C634011AD1D
:1060E0006C5C5C406C54491CF3E711A90498FDF703
:1060F0003DFF002015B0F0BD11A8872101700F2DC4
:1061000092D009A8415D11AA525D4A4042556D1CCA
:10611000F5E711A88721017000200F288CD005A970
:106120000A5C11AB1B5C53400B54401CF5E7B0B547
:1061300005460088FEF7F2F9002815D0044672B62D
:1061400078302946FBF776FE4B208000201862B697
:106150000B2100F0FEFA2C20205C8425032804D1BA
:106160002046F4F77BFE00E002252846B0BD000083
:10617000F8B50090FEF7E2FA01464D200A5C472090
:1061800083005A4300200D4D0646B24212D00F68DC
:10619000BF19AA243C5BAC4203D0BA243C5D012C5D
:1061A00001D0F618F1E70098002804D0AF20385C41
:1061B000411E8841F8BD0120F8BDC046FFFF000028
:1061C000B0B505460024F3F7A1FB012810D1FFF775
:1061D00047FBFF21DC31415CC90709D0002D06D007
:1061E000ED214900401800780124044000E001241A
:1061F0002046B0BD70477047F0B58BB00A93164685
:106200000F4605460743FEF799FA0446002F07D0CC
:106210003046FFF783FAB54988421AD1422615E085
:1062200025464D35002637460A96287886420CD2F8
:106230002068C019BA21415C012901D100F090FA0F
:10624000472080003F18761CEFE70A9E30460BB0CF
:10625000F0BD47218A001146414323685C18BA21EA
:10626000615C012D21D142439F18C220385C012579
:106270002840002920D000280AD08C203858B96F37
:106280003A468C32526805C1786FB96F7967B86742
:106290009420385800260028D8D094370A98040350
:1062A000EEF720F920183860D0E700260129CDD17B
:1062B000204600F055FAC9E7002807D08C2038584E
:1062C000002803D190203858002806D0A420385A3E
:1062D000C10704D0F98DF52901D91226B6E7122697
:1062E00001463140022903D14221795A00293AD08E
:1062F00000070CD57C48AA21795A814201D00A981E
:1063000000E080208028A1D80A9000289ED0109814
:10631000A62178520A9909039422B950002801D085
:10632000BB217D54A82178522046ECF7CDF80646D3
:1063300000288BD13946C231384664303A4654324F
:106340007A67B8673E4678360978C9070DD10021CB
:106350000160B96666480168204665300622EEF79E
:1063600073F8306808E00C2670E78C2179583A46BB
:106370008C32526806C00838842179583A468432F3
:1063800052688160C260204600F000FA002802D006
:1063900000F018FA05E0384674300168326802608F
:1063A0003160384694300A90B020395CBC26B85D24
:1063B00000953B4614332246089300F005FA204628
:1063C00000F030FA112109017C50F8217850B420F6
:1063D0003958F0203950B85D81225200B854FF225C
:1063E0000432BB5C2B43BB54CA087D2A01D37D21F8
:1063F000C9003E46A436F422B9502521F2F7F4FA3A
:10640000EEF770F802460A990868B532002801D004
:10641000101808603946BC313088C00609960A91C8
:1064200004D42046114600F018FA44E03846EC3017
:1064300005900E46069200F013FA039000F018FA49
:106440000490B120385C00F01BFA0790204600F061
:1064500025FA307802900026009694203146079A5B
:106460001346F2F772F80346009520460299039A04
:1064700000F02DFA0A98007803900096962029469D
:10648000079A1346F2F761F80346009601950898BB
:106490000399049A00F056FAEE203D54FC20154969
:1064A0003950ED2007213954022105980170062248
:1064B0000699FAF7ABFB0646002811D00A98007837
:1064C000F5F732FCBD20385CF5F72EFC0998008802
:1064D000C00700D1BAE6C420385CF5F71DFCB5E66C
:1064E000BA3425700026B1E6FCFF0000FFFF000073
:1064F000180900200C14041080B5F3F701FA80BDD0
:106500000020704710B504460020FBF7D3FB044978
:1065100001402088401A424242414A40228010BD38
:10652000FF0F000080B5818900F04BFA80BD0000AC
:10653000BFB5044600F056FA0546002806D10E48BD
:10654000014600F04FFA0546002802D028780228BC
:1065500001D200200DE003A902AA01AB2046FFF7FB
:1065600008FD002804D1287802A909788142F0D2D8
:10657000C02004B0B0BDC046FFFF0000F8B505461E
:10658000C00621D40E46134800684B21405C00240D
:1065900000071AD5174600930F4800686907C90E0F
:1065A00040180069142203232946F5F78BFF0028C1
:1065B0000DD001460098C8604F810E8107484860A1
:1065C0002846F5F7DBFF00E086242046F8BD0724C7
:1065D000FBE7C0462C0900201C090020BBC70510A2
:1065E000F8B50546C00621D40E46134800684A2176
:1065F000405C002440061AD5174600930F480068F7
:106600006907C90E40180069102203232946F5F7CF
:1066100059FF00280DD001460098C8604F810E81B7
:10662000074848602846F5F7A9FF00E08624204681
:10663000F8BD0724FBE7C0462C0900201C090020F8
:10664000BFC80510F8B50546C00621D40E4613484C
:1066500000684A21405C002480061AD51746009342
:106660000F4800686907C90E401800690F2203230C
:106670002946F5F727FF00280DD001460098C8608D
:106680004F810E81074848602846F5F777FF00E004
:1066900086242046F8BD0724FBE7C0462C090020CD
:1066A0001C09002045A10510074A126848321268EB
:1066B000002A07D05388834202D193888B4201D0AD
:1066C0002032F4E7104670472409002070B594B0DA
:1066D00014460E464178801C6A46FAF718FE0546B5
:1066E000002807D10020307069463E31062220463E
:1066F000EDF7AAFE284614B070BDE0B50B46014682
:106700000089009001200C22EDF714FBFEF732FE09
:106710008CBDE0B503460091022001210C22EDF76B
:1067200024FBFEF727FE8CBD10B5027852000A70DC
:10673000491C00220F2A0BD083185B785B008B5416
:106740008456002C02D5012423438B54521CF1E7BC
:1067500010BDEFF3108272B6417582F31088704756
:1067600010B50446EC3000F04FF9BA200021215258
:10677000BA34A07AFF2801D0F5F7CEFAFF20A07234
:10678000207A800701D5F5F7AAFA10BDB0B5044606
:10679000C220205C800701D40020B0BD254684358E
:1067A000284600F04FF9A16F284600F04CF9A06F81
:1067B0000830002100F048F9606FA16F6167A067A1
:1067C0000120B0BD70470000F8B51D4616460F46C3
:1067D0000446F2F7BBF811492046F2F7C6F8104913
:1067E0002046F2F7E6F820463946F2F796F92046B9
:1067F0003146F2F780F920462946F2F747F9069824
:10680000012803D12046F2F76DF9F8BD2046F2F7D2
:1068100034F901212046F2F7F2F8F8BDD6BE898E90
:10682000555555000146AE31CA78FF216831032A1B
:1068300001D0B32301E00B46F333042A00D01946FC
:10684000AE22805C012202408307DB0F9A184007CA
:10685000C00F10184843BB307047862070470000B7
:1068600002480068882140587047C0462C09002023
:10687000024800688C2140587047C0462C0900200F
:10688000801EC0B2032801D3002002E0C1000248EC
:10689000C840C0B27047C04601040600C7210022AC
:1068A00042540146A0318A88032313405A1E934163
:1068B0005A00A023C252887B012202408307DB0FCB
:1068C000D2184007C00F1018401E88777047F8B5DF
:1068D0001E4617460D460446F1F716FF2046F1F70F
:1068E00018FF2046F1F74AFF20462146F1F74BFFFB
:1068F00020463946F1F71CFF20463146F1F75DFF8F
:10690000069F002E02D02046F1F75FFF2046F1F7E8
:10691000EFFE2046F1F71AFF2046F1F768FF204608
:10692000012F09D12946F1F736FF2046F1F73EFF46
:106930002046F1F750FFF8BDF1F753FF2046F1F77D
:1069400025FFF8BDF8B51E4617460D460446F1F77B
:10695000DBFE2046F1F7DDFE2046F1F70FFF204673
:106960002146F1F710FF20463946F1F7E1FE2046B7
:106970003146F1F722FF079F002E02D02046F1F7A3
:1069800024FF2046F1F708FF2046F1F7B1FE20462C
:10699000F1F7DCFE2046F1F724FF2046F1F7DCFE9C
:1069A0002046F1F708FF012F07D120462946F1F7CD
:1069B000F2FE2046F1F7A1FEF8BD2046F1F7F6FE03
:1069C000F8BD1CB51F2903D801AA1180406805E055
:1069D000406801AC2246FCF7DBFC218840180079B6
:1069E0001CBD0000074A126858321268002A07D0FE
:1069F0009388834202D153888B4201D00832F4E756
:106A00001046704724090020B0B50446EFF3108506
:106A100072B6FDF737FC00280FD0204600F016F8BC
:106A2000F7F75CFAFDF70CFC85F310882069016923
:106A3000002904D0606A884701E085F310880020AF
:106A4000E061B0BD704770477047000070B5044604
:106A5000144E3168084628300268002A08D01046D3
:106A60002830A242F8D128312046F7F727F970BD27
:106A70004869A04201D1FDF7F1FBE06A4068006877
:106A8000002803D0FEF7F8FC054600E0A56A31684F
:106A900018312046F7F712F900212846FCF71CF9B7
:106AA00070BDC046300900200148804701480047BA
:106AB000D1A00410596B051002484168027889186A
:106AC0004160704794030020FEE7FEE7704770477F
:106AD00080B5FFF7F1FF01BD1C480168890600D4AD
:106AE000704780B580686946087001216846EDF7F7
:106AF000FEF901BD80B51648EFF79AF901BD80B5E2
:106B0000ECF765FB01BD80B5ECF767FB01BD80B517
:106B1000EFF720F901BD80B5EFF756F901BD80B55B
:106B2000EFF72AF901BD80B501219020C005F3F7E8
:106B30003CFA01BD10B5074C20212000F3F735FACF
:106B40008021C9012000F3F730FA10BD1C4000413C
:106B5000EC080020000010480548014603B46846D0
:106B600080F3098800BF00BF00BF00BF00F002F83B
:106B7000A5EDF5FE00F00DF8002801D000F00CF8AE
:106B800000BF00BF002000BF00BFEBF7C7FA00F056
:106B900017F801207047000010B5074979441831F3
:106BA000064C7C44163404E0081D0A68891888479E
:106BB0000100A142F8D110BD506500008C650000B5
:106BC00080B500F001F801BD07463846FCF7BEFB72
:106BD000FBE7000080B50D49794430310C4A7A4416
:106BE0002E32914203D00B4900BF00BF02BD69465F
:106BF000087001220120F3F745FA012802D1684606
:106C0000007802BD0020C04302BD00BFF493FAEF3C
:106C1000F093FAEF0C04002010B504460A4800680F
:106C20000069902101221346F5F74CFC002804D09E
:106C3000014644609020F5F7A1FC044800688421D7
:106C4000425C521C425410BD1C0900202C0900203B
:106C5000FEB53B4D286810300021062905D004C838
:106C6000528801AB5A52891CF7E772B6286804684B
:106C70000027076062B6E00702D0002000F064F849
:106C8000A00702D5012000F05FF8600702D50220BE
:106C900000F05AF8200702D5032000F055F8E0066E
:106CA00048D5042000F050F844E0780001A90E5ABD
:106CB0000097BF002868C019006901880288B242A5
:106CC0002AD08908891C89004418A17803220A4027
:106CD000012A02D0002A03D11EE0817A083004463E
:106CE000480603D42046FAF7C6FB0AE0E0781328EA
:106CF00007D2800013490A58211D204690470028DA
:106D000005D12868C019006921880180D5E70020D5
:106D1000F1F73EFFEAF70AFD72B62868C01900696C
:106D200041880288914202D100210180418062B6EF
:106D3000009F7F1C032FB8D100F014F8FEBDC046A1
:106D40001C090020C0130410E0B501AAD070012076
:106D5000907010205070042111701046F7F7F2F86F
:106D60008CBD000010B586B01548046802A801A9C2
:106D70006A4600F027F800281FD002A80178E089B1
:106D8000C840C00719D0019A009B03A8082484704A
:106D90001C0EC4721C0C84721C0A44720372C271F1
:106DA0008171FF2141708221017000214171042213
:106DB0000271C1700C21F7F7C5F806B010BDC046CE
:106DC0002C09002070B503460948046872B6207C7F
:106DD00000252574257B0F262E401E70237B1B0962
:106DE0000B70A1681160411E884162B670BDC0463B
:106DF0002C090020F0B587B03148046806A9049139
:106E000000200190087005AE01203070F3F7B2FA4F
:106E10005D200394275C781E3D4685412020384044
:106E200044420290444104983146FEF7A7FB002FEC
:106E300001D101283ED12C4038D105A80078002886
:106E400034D0039C20465D30C07B002834D02834E9
:106E5000029D002D03D02178002000F033F806A811
:106E60000078012802D1002000F02EF8FCF7D8F8B5
:106E7000002804D100200121FCF762F90190002DC7
:106E80000AD02178012000F01DF8002804D00198D4
:106E9000002801D0FCF77CF906A80078012809D168
:106EA0000620F1F775FEEAF741FC03E001200146F8
:106EB000FCF746F907B0F0BD00200121F8E7C04615
:106EC000200900200020704780B500F001F880BD47
:106ED00080B505490968496D497C012902D1FCF753
:106EE000BDF880BD002080BD20090020B0B55E281F
:106EF00006D10C4804685D3400256057002800D492
:106F0000B0BD60780228FBD1557080201070C8B2E7
:106F10001146F3F7B1FA657020787F2101402170A6
:106F2000B0BDC04620090020074909685D228A5C7F
:106F300088231A4204D0723109884140080501D0E3
:106F4000002070470120704720090020B0B504469A
:106F500080880025800501D4284606E062892189C1
:106F6000022000F027F8002800D0B0BD20896189F8
:106F7000042902D1F3F712FCEEE7F8F737FA61893A
:106F80002089F8F749FA00202081094909684B6BEC
:106F9000A34205D01A461B69A342FBD1103201E07F
:106FA0000A463432236913600A6B22610C63B0BD58
:106FB00024090020F8B50446C00608D40D46194837
:106FC00000684921405C800703D4002727E086271A
:106FD00025E01646144800686107C90E401800698C
:106FE000592203232146F5F76DFA002816D00146F1
:106FF000067385720C204872022008720027CF7138
:1070000006208871FF20487182200871300A487379
:10701000280AC8722046F5F7B1FA00E0072738467B
:10702000F8BDC0462C0900201C09002080B581084D
:107030000A4800683430006800280ED042788A423E
:1070400001D01030F7E70121490282880A4382808B
:107050000720F1F79DFDEAF769FB80BD24090020B8
:1070600080B54069014900F003F880BD2D7005101E
:10707000FEB5029105464778006AC45DEDF732FA25
:10708000C00801902046C2B2BA420DD053006E6AC9
:10709000F35A2E78761D0199F140591A09B2012947
:1070A00003DC286A805CEEE73846296AC855C6B218
:1070B00028463146FCF70CFEE0B2B04206D0296A01
:1070C0000F5C0C54029988473C46F5E7FEBD000072
:1070D0007CB504468068418904291AD16068818999
:1070E000491C89B2F8F701F90546172800D8172579
:1070F0001D4E308A854200D30546A3689888C00695
:107100000FD4198902202A4600F030F8002814D044
:107110007CBDC368022000210622FAF777FE862094
:107120007CBDD888A8420ED0083342200321022219
:10713000F8F7ECF80028EBD105E0A068C58081885D
:1071400010220A438280308A01AB587003251D70DB
:10715000000A9870A068C468A18920462A46F8F7FA
:10716000BBF8658000207CBDC0070020F8B5044650
:10717000C00608D40D46194800684921405C400704
:1071800003D4002727E0862725E016461448006828
:107190006107C90E401800695A22032721463B4661
:1071A000F5F790F9002815D00146067385720C207A
:1071B00048720F720027CF7106208871FF20487136
:1071C00082200871300A4873280AC8722046F5F7F1
:1071D000D5F900E007273846F8BDC0462C09002045
:1071E0001C09002080B502480068804780BDC04669
:1071F00054040020F0B595B005460488F5F703FF68
:1072000001462046FFF750FA8626002800D108E202
:1072100004462F882846F5F7F6FE01463846F5F76E
:10722000F7FE08902078FB21014021700C2738469A
:10723000F1F7AEFCEAF77AFA2846FFF773F901286E
:1072400007D16088FFF770FE002860D0204600F06C
:1072500049FA20780022010757D4A379591E112931
:1072600000D9DEE1079249007944898849008F44BA
:10727000C50002010F01990099001F016401750109
:107280007C01B901A600A600B8001100B0001100F1
:107290001100B000C00600D5A7E0A28861880A20CE
:1072A0002B4600F02BFA002800D0B4E1A079112879
:1072B00000D1B2E1637A21690891102800D0D0E1B1
:1072C0000693A889401C81B22846F8F70EF805906D
:1072D000A889C01C81B22846F8F707F80026A289C1
:1072E0006988491F9142049000D0CFE13846069941
:1072F0004843089A10188068618941182846154645
:1073000000F02EFA069B0390C4E1164689E109A914
:107310000FAA0EAB284600F02EFA00282BD02846E4
:10732000F5F7EAFA0EA80078122808D1608804213F
:10733000F5F76EFE8188012292020A438280A079CD
:10734000012804D1089B99880422914399800EA9B1
:1073500009780A2908D0072902D10A2800D175E73F
:10736000217810220A4322700E2800D171E71028DC
:1073700000D16EE76AE709A800780790A3886288C1
:107380000FA8008821460EAC2478009001940C468A
:10739000022011461A46079B00F008FA0028BED0CA
:1073A00006463EE1A28861880A202B4600F044FA96
:1073B000002800D02FE1284600F070FAC8E0A2882B
:1073C00061880A200B2B00D020E12B4600F07CFACC
:1073D0001FE1A2886188022000F0A8FA002800D0EE
:1073E00019E12846F5F788FA17E16089002800D1ED
:1073F00013E1002626720F20A07112E1A889401C1B
:1074000081B22846F7F771FF0646172800D81726DD
:10741000B348008A8642089F00D30646B888C00653
:1074200014D5F888B04211D03B46083342200321DE
:107430000222F7F76BFF002800D0ECE02078102143
:1074400001432170B88804218843B8802078C006A1
:1074500000D5FE88618802203246FFF787FE0028AB
:1074600000D0D8E0FE80B888082101430420814381
:10747000B9802046DCE0A28861880A202B4600F013
:1074800091FA002800D0C6E0284600F0BDFA0BE0D3
:10749000A28861880A202B4600F0CCFA002800D090
:1074A000B9E0284600F0F8FA8C49884253D1B4E09C
:1074B000284600F0FEFA089060890EA90880204650
:1074C0000C30079009A80C3005900FA8401D0690BD
:1074D0000026F7B20FAA2846394600F0F1FA002834
:1074E00000D0A1E00898072805D109A8102101744F
:1074F0000222059803E009A8802101741022069950
:10750000ECF7A2FF0EA80FA90222ECF79DFF09A835
:10751000079900F0F1FA00280DD1A2886188089837
:10752000009001954743B81C83B2022000F014FB81
:10753000002800D082E0761CCBE7A28861880A2070
:107540002B4600F05FFB002865D1284600F08CFB3D
:107550006189884261D2401C208161E0A2886188F3
:107560000A202B4600F09AFB53E0284600F0A1FACF
:10757000064606946088FFF7D7FC089002246888C6
:10758000A3B2834253D2089801280ED1A8890019CA
:1075900081B20FAF284632463B46F7F789FE5E20A0
:1075A00031463A46FFF7A2FC1AE0069FBA8879886E
:1075B00000960195022000F0CFFA00282BD1387FE9
:1075C00010280DD10698008B4249884208D10698B0
:1075D00040880421F5F71CFD81883F4A11408180D5
:1075E000A419CCE7A28861880A202B4600F088FB0A
:1075F000002810D10898C088411E6888401E82B2B9
:1076000091420AD861890818608109E02B4600F090
:10761000A9FB002801D0842603E0204600F062F890
:10762000079E304615B0F0BD0EA800880AE0069807
:1076300000F058F82846F5F75FF9F1E70E98401E7C
:107640000EA90880618982B28A4202D2401C208140
:1076500002E0204600F046F82846F5F74DF90026EE
:10766000DFE76189089AA0894018608180B25F4392
:10767000D11989888842D3D1207A401E984224D9D2
:1076800000266681607A401C6072CAE7F04303906E
:10769000069B089D394659436A5A2846059D9542DE
:1076A0000BD1024641184A8861898A18049DAA4272
:1076B00003D1024603980028D5D026720F20A0716E
:1076C0002078102101432170ABE7012020720F20A8
:1076D000A071A5E72A2B0000FFFB0000FFFF0000C0
:1076E000C007002080B5017808220A4302700C20F0
:1076F000F1F74EFAEAF71AF880BD0000F8B5054632
:10770000C00621D40E46134800684A21405C00247C
:1077100000071AD5174600930F4800686907C90E7D
:10772000401800690E2203232946F4F7CBFE0028F7
:107730000DD001460098C8604F810E81074848600F
:107740002846F4F71BFF00E086242046F8BD0724F6
:10775000FBE7C0462C0900201C0900202D9C0510C9
:1077600080B50B4642888189491D89B2521F92B269
:10777000FAF756FA80BDFEB50E464188052912D1AA
:107780001C4615468189052201AF3B46F7F790FD5F
:1077900078783070B878F97809020818288002984B
:1077A00020700020FEBD8620FEBD0000F8B5044616
:1077B000C00608D40D461E4800684A2140560028DD
:1077C00004D4002700E086273846F8BD1F46164639
:1077D000184800686107C90E401800695D2204233B
:1077E0002146F4F76FFE002820D00146079A06983C
:1077F0000090C8730E738D720C234B7211230B72A1
:1078000038460027CF710A238B714A748873FF2290
:107810004A7182220A710098000A0874300A48737B
:10782000280AC8722046F4F7A9FECDE70727CBE760
:107830002C0900201C090020F8B50546C00621D4FB
:107840000E46134800684921405C002480061AD582
:10785000174600930F4800686907C90E4018006971
:10786000092203232946F4F72DFE00280DD00146F6
:107870000098C8604F810E81074848602846F4F799
:107880007DFE00E086242046F8BD0724FBE7C046C5
:107890002C0900201C090020E59D0510BCB50446FC
:1078A0008089401C81B22046FEF729F86188081AB9
:1078B000A189401881B2022201AD20462B46F7F77C
:1078C000F7FC2888BCBD0000F8B50546C00621D4E9
:1078D0000E46134800684A21405C0024C0071AD0B5
:1078E000174600930F4800686907C90E40180069E1
:1078F0000C2203232946F4F7E5FD00280DD00146AC
:107900000098C8604F810E81074848602846F4F708
:1079100035FE00E086242046F8BD0724FBE7C0467C
:107920002C0900201C090020759E0510F8B504469E
:10793000C00608D40D46194800684A21405CC006BC
:1079400003D4002727E0862725E016461448006860
:107950006107C90E401800695B2203232146F4F732
:10796000B1FD002816D00146067385720C204872BE
:107970000D2008720027CF7106208871FF20487102
:1079800082200871300A4873280AC8722046F4F72A
:10799000F5FD00E007273846F8BDC0462C09002059
:1079A0001C090020F8B50546C00621D40E46134830
:1079B00000684A21405C002480071AD517460093CE
:1079C0000F4800686907C90E401800690D2203239B
:1079D0002946F4F777FD00280DD001460098C860CD
:1079E0004F810E81074848602846F4F7C7FD00E044
:1079F00086242046F8BD0724FBE7C0462C0900205A
:107A00001C090020559D0510BCB504468089401C0A
:107A100081B22046FDF773FF6188081AA1894018DA
:107A2000801C81B2022201AD20462B46F7F740FCB4
:107A30002888BCBDF8B50546C00621D40E461348BB
:107A400000684921405C0024C0061AD517460093FF
:107A50000F4800686907C90E40180069082203230F
:107A60002946F4F72FFD00280DD001460098C86084
:107A70004F810E81074848602846F4F77FFD00E0FB
:107A800086242046F8BD0724FBE7C0462C090020C9
:107A90001C090020059B05101CB5818942885118DE
:107AA000891E89B2022201AC2346F7F701FC208827
:107AB0001CBD80B58189491C89B2FEF782FF80BD5B
:107AC00070B514460E4605468089401C81B2284692
:107AD000FDF715FF02464643B01C6988884208D26C
:107AE000A989081881B228462346F7F7E1FB002050
:107AF00070BD862070BD000070B58AB00C4601468E
:107B000005AD142628463246ECF79EFC6846214611
:107B10003246ECF799FC287C802807D005AC0D494B
:107B20000C222046ECF790FC0020E0816846007CA7
:107B3000802807D06C4607490C222046ECF784FCCD
:107B40000020E08105A869461022ECF788FC0AB005
:107B500070BDC0463FD20510F0B587B00546C006DF
:107B600043D40E46244800684B21405C0024800723
:107B70003CD5049205930C9A204800686907C90E09
:107B8000401800691E490692511803220A43113217
:107B900091088BB25E222946F4F794FC002828D085
:107BA00007460D990698009003910191381D3146C2
:107BB000049A059B00F008F9280704D50398F4F708
:107BC0009BFEF72005400C20787212203872FF20AF
:107BD0007871822038710698C01DB871000AF8715A
:107BE00028463946F4F7CAFC00E08624204607B050
:107BF000F0BD0724FAE7C0462C0900201C0900202C
:107C0000FDFF0300FEB50446C00624D41646134803
:107C100000684922805C002500071DD51F460191A0
:107C200002950F4800686107C90E401800690725D2
:107C3000032321462A46F4F745FC00280CD00146D0
:107C4000C760468101980881064848602046F4F7DD
:107C500095FC029D00E086252846FEBD2C090020EB
:107C60001C0900207D9B0510BCB504468089401C82
:107C700081B22046FDF743FE1121C943012800D1FE
:107C80000E3160884018A189081881B2022201AD26
:107C900020462B46F7F70CFB2888BCBDF8B50546F7
:107CA000C00621D40E46134800684921405C0024D8
:107CB00040061AD5174600930F4800686907C90E99
:107CC000401800690A2203232946F4F7FBFB002829
:107CD0000DD001460098C8604F810E81074848606A
:107CE0002846F4F74BFC00E086242046F8BD072424
:107CF000FBE7C0462C0900201C0900206D9F0510E1
:107D0000F8B50546C00621D40E461348006849213F
:107D10004056002400281AD5174600930F480068E3
:107D20006907C90E401800690B2203232946F4F79E
:107D3000C9FB00280DD001460098C8604F810E8114
:107D4000074848602846F4F719FC00E086242046DE
:107D5000F8BD0724FBE7C0462C0900201C090020C1
:107D6000D99C0510F8B50546C00621D40E46134827
:107D700000684B21405C002440071AD51746009349
:107D80000F4800686907C90E4018006913220323D1
:107D90002946F4F797FB00280DD001460098C860EB
:107DA0004F810E81074848602846F4F7E7FB00E062
:107DB00086242046F8BD0724FBE7C0462C09002096
:107DC0001C090020F19E05107CB51D460446027278
:107DD0008171100A6072080AE071079EB089C018AC
:107DE00081B2022201AB3046F7F762FA0698801E94
:107DF00020730199A172090AE172B1896918891C7D
:107E000089B20D34C2B230462346F7F751FA7CBD31
:107E1000F0B589B017460D460646007874880428E8
:107E200045D0032877D17168086A00287DD00A7D83
:107E3000102A74D1098A494A914270D100970121D0
:107E400007AA08AB284600F08DF800286ED12888D4
:107E5000FAF7A0F807AA117807230B4005931370CF
:107E60007168096A8B683E49C97A49084A1C04212D
:107E7000049003920293FAF79FF8059A0146114085
:107E8000814257D10298009004210498039BFDF78A
:107E900009FE7068006A0078C0073AD02E8828462C
:107EA000F5F7B1F8024608A8008807A94CE0716808
:107EB0008869002839D00A7D102A30D1098A264ADB
:107EC00091422CD10097022106AA08AB284600F067
:107ED00049F800282AD106A8008805907088801EDD
:107EE00081B20220FDF7B6F8002821D00599890754
:107EF000890E406800780840884219D106A8028897
:107F000028883146FDF74CFE706880690078C0070C
:107F100012D100200AE003203870862006E02146B6
:107F20002A463B4600F042F800E0842009B0F0BD4C
:107F3000FD20F1E71320EFE72E882846F5F763F8D8
:107F4000024608A8008806A9009001910220314647
:107F5000234600F057F8E9E702290000292B00002A
:107F6000C0070020F8B51D4614460F460646F9F72F
:107F70000DFF0E21C943D22800D00C31708808189B
:107F800082B20699BA4205D90D20087000202880D7
:107F9000862709E000270F702880B089C01C81B2B5
:107FA00030462346F7F784F93846F8BDFEB5164645
:107FB0000C46054682688188009302AB3046FFF785
:107FC000D1FF002800D0FEBD2878810703D4A988FE
:107FD00002AA118001E002996980C00701D1002046
:107FE000FEBD37883046F5F70EF8024602A8008835
:107FF000A9680090019102203946234600F002F85A
:10800000FEBD0000F0B585B00546C00645D4264843
:1080100000684924005D0024C0073FD0029303920A
:1080200004910A9E214800686907C90E401800693A
:10803000711E03220A43113291088BB2582229463D
:10804000F4F740FA00282CD007460B9801903E74B4
:108050000299B973039B3B73049ABA72300A78741D
:10806000080AF873180A7873100AF8723846123042
:1080700001993246ECF7E8F90C2078720120387249
:108080000A36300AF871BE71FF207871822038718B
:1080900028463946F4F772FA00E08624204605B0F7
:1080A000F0BD0724FAE7C0462C0900201C09002077
:1080B000F0B589B0054604AC284914222046E9F7FA
:1080C000B9FF0120264E31462246FCF7DBFF002493
:1080D000002804D0014628688288120603D4274667
:1080E000384609B0F0BD2A79FE2313408627042BB9
:1080F000F6D0008901220292FAF7B0F98128EED079
:1081000028688188CA0502D500F030F8E7E7029AAE
:1081100014022143818028790228E1D1288901288D
:10812000DED16889B042DBD1EA68107C1028D7D153
:1081300090890C498842D3D101203146FCF7A2FF37
:108140000028CDD003A80480296809890090012067
:108150000027054B3A46F4F7CFFEC1E7B8120410EA
:10816000FFFF00002A2B000007BD0510E0B5C1216C
:10817000490001AA11800189009201200022024BCE
:10818000F4F7BAFE8CBDC046FBBC051070B58AB0D2
:10819000044605AD0DA1142628463246E9F74AFFEC
:1081A00068460FA13246E9F745FF20462946FFF70A
:1081B000A3FC002807D069462046FFF79DFC014636
:1081C0004042484100E001200AB070BDFB349B5F93
:1081D0008000008000100000002800001000000057
:1081E000FB349B5F8000008000100000012800002D
:1081F00010000000B0B58AB004468088000601D4A3
:1082000000254BE00120010209AA1180218900927A
:108210000025244B2A46F4F76FFEA18889073DD438
:1082200000283BD104AD204914222846E9F702FF7B
:1082300001201E492A46FCF725FF002812D00546DA
:10824000FCF740FF00280DD001462089F9F795FE84
:10825000800712D4208900210122FAF7FFF8054691
:1082600081281BD109A8802101802189009001204B
:108270000022104BF4F740FE0FE00D48039001AAD6
:10828000042050806888108003A8029061892089AA
:10829000009202220123FAF749F9054628460AB05E
:1082A000B0BDC046EFBC0510CC120410FFFF0000AB
:1082B0000100FFFFFBBC0510FEB50C460546222061
:1082C00012490290085C00270326114B0195C1B2A8
:1082D0008F4219D21968496B8A19D21E1288AA4294
:1082E0000FD1FF2C02D0895DA1420AD1F8B22546F8
:1082F0001C4600F00FF823462C46019D02980349C6
:10830000085C34367F1CE2E7FEBDC046C007002093
:108310002809002070B5044622201049085CA042BC
:108320001BD90F4D296830200A5C521C0A54342294
:10833000544330314868001983781B0705D5C3784A
:10834000112B02D34B785B1E4B7046890021ECF752
:108350007FF82868406B0019468170BDC007002077
:108360002809002070B514244443144D14480068B3
:108370004821405C000713D52868C06A065B114895
:1083800000688069062202210B46F4F79BF800285A
:1083900006D001460C4848600E810220F4F7EEF842
:1083A0002868C06A011900228A718A78F92313406B
:1083B0008B70005BFF21FFF77FFF70BD2809002055
:1083C0002C0900201C09002043C90510FEB50446F5
:1083D000F2F736FD05462C20285CFE2101400229DB
:1083E00058D102942F46E6373A79D00619D4F024B2
:1083F0000192144001212846F3F77EF80646002139
:108400002846F3F779F8304306D00298F3F7E6F8F8
:10841000002801D120200443019A102626437888A1
:1084200027E0C0261C4800683921405600281CD58A
:10843000688F019019480068806942211446232200
:1084400002252B46F4F73EF8224600280DD00146BF
:10845000019AC27185715720487104200871100A71
:1084600008724220F4F78AF8224616407888398844
:10847000081A0A23434372B638798242029902D11C
:10848000032006433E7162B603480068A030012213
:10849000F3F73DF8FEBDC0462C0900201C09002062
:1084A00080B5044909689022895848310522EBF7C4
:1084B000CBFF80BD2C090020F8B51E4614460D46A2
:1084C0000746FCF703F8FF23062C24D80246C046D3
:1084D0007C4424796400A744030D1E071E1E14006B
:1084E000012D01D1132316E0384629461C4600F021
:1084F00015F804E0002138461C46FDF7A7FB23468B
:1085000009E00120707003203070012D01D112208C
:1085100000E01320B0701846F8BD0000F0B585B03B
:108520000491002A30D0144606465720870035466D
:108530007D433046FBF722FF0390144909689022DF
:108540008958C96B486843190C22049D55435D192D
:1085500011231B01ED58A5420CD1154604994D433A
:1085600003994919019149790291FE2502990D401B
:1085700001994D71049D6A437743C1198918CA183E
:1085800003982146FBF70AFF05B0F0BD2C09002037
:10859000F0B585B01F4614460E460546F2F750FC6E
:1085A00002462846039631461646FBF78FFF611EAA
:1085B000062973D8034630462C30C04679440979E1
:1085C00049008F4403036B296B2E5A00007803285F
:1085D00064D10293F81C044600F063F8002855D0DB
:1085E000387A01907F7A05222046029C2146F8F7CE
:1085F00008FD38020199401882B23046214600F049
:108600006BF802222846039C214600F071F82846A8
:10861000214600F081F841E0B878012831D02A21C4
:1086200030E03146FA310A88318FC08A1C4600F0AA
:1086300083F804A901910880204602942946FFF797
:108640002FFF0120B8700820787003203870F91CC3
:1086500005222046F8F7D5FC08370222019C204667
:108660003946F8F7CEFC22883046029900F034F8FB
:108670002846039900F067F810E0284603991A4647
:108680000AE02321304600F06DF807E02846F7F7AE
:1086900037FD28460399029AFFF740FFFF2005B0F7
:1086A000F0BDB0B5014600791F2811D80020024660
:1086B0000346252A0FD007241440D5084D5DE54018
:1086C000EC0703D05B1CDCB2022C03D0521CF0E799
:1086D0000020B0BD0120B0BDA823C150092149012F
:1086E00042524018817908220A4382717047000083
:1086F000B0B514460D46FBF741FE022C09D80C21FB
:1087000069434018401DE100024ACA400178114304
:108710000170B0BD0204080010B50C46FBF72EFE38
:10872000817F01220A4382770C21614340184179FD
:1087300040220A43427110BD491C514306224A435C
:10874000101880B2704710B50C244C43F2F778FB38
:108750000119FF220E328B5C40241C438C5400F024
:108760000FF810BD10B504462D2021544B20800079
:108770002018FEF749F92D34207DF3F7D5FA10BD06
:1087800088214058018804220A4302807047000073
:10879000F0B591B00B9314460E460746F2F750FB26
:1087A00005460C9738460A963146FBF78FFE06467B
:1087B000601E062800D9D4E02F462C372C46FA3408
:1087C00078440079400087440303CC1ECC2C7C0005
:1087D0003878032800D0C4E00B9F7B893A89F88859
:1087E0002488002100910191029409900146089289
:1087F000079300F009F900280C9C00D1B4E0204652
:10880000F7F77EFCA8E00B98807823210F280A4612
:1088100000D02A22002800D011462846FFF7A2FFE8
:108820009FE00B98801C0890F7F782FE0990228841
:10883000298FF88AFFF780FF07462820012107913A
:108840003154308B718B081840081090B08B059014
:10885000F48B0DA80C99017110A90F910D9600F0E1
:10886000FFF81098308306973904091904910C23F6
:108870000B9F7B7003233B7005990F0407430898F7
:10888000604A84C0049A026058022203F160326197
:108890000799490203C609980068718B0902083ECE
:1088A000884200D30846706110984002B0602846A4
:1088B0003146069A00F0D5F80C980A99FFF743FF65
:1088C0004FE02820305C00280C9C45D00DA8047196
:1088D0000D9600F0D1F8494800683621415C8906C0
:1088E00034D53630407A400730D5F08B0B90B08BC2
:1088F0000990308B08906D8F414800680069802195
:10890000242204242346F3F7DDFD00281ED001466F
:108910000B304D72089F07700795099D4D730B9B97
:10892000037100220A720322CA710A228A713E224E
:108930004A710C71079A120A8A723A0A42702A0A1C
:108940008A731A0A42718020F3F718FE00210C9CEA
:1089500020460A4600F091F820460A993246FFF771
:10896000DDFDFF2011B0F0BDF878002800D146E70A
:108970000999491E082900D3082181420B9900D288
:108980003DE78A8809998A4200D938E70799F18337
:10899000089FB783099B3383738309035B025202E9
:1089A00040028DC63160EA6C0120103E9A4209D126
:1089B000AA6E91420B9F06D1288F0899081A411E72
:1089C000884100E00B9F28217054099810900DA851
:1089D000047110A90F910D9600F042F8BA8928464B
:1089E000314600F03EF8022220460A9D2946FFF754
:1089F0007FFE20462946FFF78FFEB2E72C090020B4
:108A00001C0900200003010070B5044613480068EB
:108A10002D25465D1220A6421CD81925ED01AC4239
:108A200018D88E4216D8A94214D8A14212D394085D
:108A30007C2C0FD8059C049EB4420BD30A2B09D37F
:108A4000AB4207D80698521C4A43424390088342DF
:108A500001D8122070BD002070BDC046180900204A
:108A60007047A423C150092149014252401881791D
:108A700004220A43827170477047B0B515460C4610
:108A8000F2F7DEF9E621435A002D1A4600D02246BD
:108A9000C46C0146E6318D8A6543008F0A30684315
:108AA000000B84B2641D944200D3224694B2A342C8
:108AB0000BD048800A800879012806D0022008716E
:108AC0001320F0F765F8E8F731FEB0BDF0B58BB0D4
:108AD0001C4616460F460546F2F7B2F902460795C0
:108AE0002846069739461746FBF7F0FC3B46052E0D
:108AF00007D13D211846FFF735FEFF2630460BB063
:108B0000F0BD0246014628313D462C352878022822
:108B100026D10878401EFF260B28EFD80F464000CC
:108B200078448088400087440B0097009A00B40086
:108B3000BC00C0001B011F0145015301600163011E
:108B40000A20A070012161700320207007980A4656
:108B50001C46FFF7CDFD204600F0E2FA022042E17C
:108B6000012E05912AD100204870164600271D4687
:108B700018463946F2F7C0FCA178032950D10028E5
:108B800063D1E01C3146303108220292174B9847DE
:108B900020460B3031462E310222144B9847204696
:108BA0000D303146029A114B984715342036042275
:108BB000204631460D4B9847052135E04878FF2681
:108BC0000D289BD8E53740007844808840008744D2
:108BD0000F00100053015C0165018801C701D80135
:108BE0002402EA012902F6010E021B0203100510FD
:108BF000BBE70B20A07001226270032020700220CE
:108C0000059948700024079821461D46FFF770FD1E
:108C1000284600F085FA2846214600F088FA6DE7DC
:108C2000012812D101273946284605AD34CD5170AF
:108C3000177100F08DFA002228462146FFF758FDF3
:108C400028462146FDF702F857E70798069932466D
:108C5000FFF764FC2B464CE70320387013E1A07843
:108C60000B2800D045E704203870022118461D4625
:108C700000F05DFA0124079F38462146FCF7E6FF25
:108C8000002238462146FFF733FD284600F060FAFF
:108C900034E70B20A07001206070032020700520B5
:108CA000A1E006203870012185E102962546A61C28
:108CB0000024204603930492FA49884706900990BD
:108CC0002046F8498847F7490A90204688470446D5
:108CD00017206870032028700894387A0002797A87
:108CE00009044018B97A09064018C01C3060049D78
:108CF0002846333000F034FA706006980006E98D9B
:108D000009020818F97B4018B06009AD681C00F032
:108D100027FAF060200669794018A97909024018FD
:108D2000E97909044018306108AC6078A17809023B
:108D30000818E178090440187061029E082228464C
:108D4000049D2946F8F75DF920350422204629467E
:108D5000F8F757F907203870012107980A46F9E01B
:108D6000082038700426C9E6A07811285BD00728AF
:108D700059D00D2857D0042800D0BAE60920387001
:108D8000E01C11460831164608221F46F8F739F94B
:108D90000B343146243104222046F8F732F92E668E
:108DA000012100220798FFF7A3FC384600F0D0F914
:108DB0000526A3E6A078112843D00D2841D0052828
:108DC00000D096E601210798FCF740FF0A200AE050
:108DD0000620A07001206070032020700221184638
:108DE00000F0C9F90B20387088E60C20387017E1C4
:108DF000A078062800D07CE6049200203870C34892
:108E000000682C21405CC007C10E6F20C043484061
:108E10001D465A8F3979C0B2012900D012E111469E
:108E200000F0BAF912E1B94800682C21405C000159
:108E3000C043802101439020084017465A8F1A21D1
:108E40000CE0B24800682C21405C0001C043802146
:108E500001439020084017465A8F06211D460023E3
:108E600000F0CCF9284600F0FBF9284600F000FAA3
:108E7000079806993A46FCE00320059948700121BD
:108E8000184600F054F90B2638E6A0780B2800D0DD
:108E90002FE604200599487003262FE6A0780328C2
:108EA00000D026E6052005994870E01C11463031B7
:108EB000082517462A46994B984720460B303946D5
:108EC0002E310222954B984720460D3039462A46CE
:108ED000924DA84715342037042220463946A8472A
:108EE00068E0002706978C4D384603930492A84704
:108EF00009903846A8470A903846A84704210191AE
:108F0000A1700D216170032121700890E11C09A856
:108F1000009002960826814B324698470B3408AFE2
:108F200038462146019D2A467C4B9847049C2146A1
:108F3000083100983246029E784B9847774B24348C
:108F4000214638462A46984706200599487001224E
:108F500007980699FFF7CCFB039800F0E1F8CDE500
:108F60006B4800683621415C890604D53630407A6A
:108F7000C00600D58BE000210798FCF767FE0D279F
:108F8000C1E0059FF878002876D00520A070012068
:108F90006070032020702A660021184600F0EBF86C
:108FA00008207870AAE5A078062800D0A1E50A205C
:108FB0000599487000210798FCF748FE9EE5049249
:108FC0000020059D01906870504800682C21405C8D
:108FD000C007C10E6F20C04348405A8F297901292C
:108FE0000393C0B234D1114600F0D6F834E01846ED
:108FF000154600F035F9079806992A46FFF78EFACC
:1090000000200599487079E5204619461C4600F075
:1090100039F90C200599487035E009200599487008
:1090200006266BE506202146A07001244C70032023
:1090300008700B20059948701846214600F09BF8EF
:109040003C705BE50021012300F0D8F8069C07E0A6
:109050000021012300F0D2F8039D069C019939708C
:10906000284600F0FDF8284600F002F9079821464E
:10907000049AFFF753FA41E5204619461C4600F0D2
:1090800001F90C207870204600F0F2F836E51F4810
:1090900000682C21405CC007C00E0296154603D024
:1090A000192202E06BA705100A226F21C94348402C
:1090B000C1B2E88D01905C8F1648006800690423F6
:1090C00007910693F3F7FEF9072700281AD0064602
:1090D0000472200A707230460A3030350822294660
:1090E000EBF7B2F90199080AF074B1740520F07138
:1090F0000D20B0713E20707106983071079831468E
:10910000F3F73CFA029E05984770F7E4180900202F
:109110002C0900201C0900206BA705100310051066
:1091200088214058018880220A43028070478822A3
:109130008058002907D0012903D0018840220A4322
:109140000280202100E0402102880A43028070470B
:10915000882140580188012212020A430280704788
:109160000178427812025118827812048918C07866
:1091700000060818704788228058002907D0012966
:1091800003D0018810220A430280082100E0102148
:1091900002880A4302807047B0B50D460446C006F7
:1091A00006D41448006834214056002804D4B0BDC9
:1091B000BF200440072200E017220F480068610723
:1091C000C90E4018006902232146F3F77BF90028F5
:1091D000EDD0014605720020C8710320887130204F
:1091E000487104200871280A48722046F3F7C6F92E
:1091F000B0BDC0462C0900201C090020F8B51E4651
:1092000015460F460446C00606D4134800682F21B1
:109210004056002804D4F8BDBF200440062200E0D8
:1092200016220E4800686107C90E40180069022323
:109230002146F3F747F90028EDD001460572867202
:10924000C7710420887108224A710871280A48727F
:109250002046F3F793F9F8BD2C0900201C090020E3
:109260008821405801888022914301807047000086
:10927000882140580188024A0A4002807047C0464F
:10928000FFFE000070B5044603260670022528463E
:10929000FBF76AF9002804D006202071112035461A
:1092A00001E006260D20E670A070657070BD00001C
:1092B000F0B5C7B01F46154604460791FBF706F9FF
:1092C00008902046F1F7BCFDFF22062D00D962E18F
:1092D0000646069449208000331834462C346D002D
:1092E0007D44AD886D00AF44060010005601290092
:1092F000560156015E000799012962D1089840790C
:10930000002800D1A8E02C2245E11446B8780E28A8
:1093100001D0082877D1F8780021089A517190710E
:10932000FA1CB878082806D11078000703D41888EA
:10933000202101431980002040216CE0B8780728E3
:1093400000D18BE01F212C2800D194E0092800D007
:10935000BFE004930592FD1C0020402102902A46A4
:10936000334600F01DF908980079C10707D0089C22
:109370002068002208232946FAF7FDFA20798007A1
:10938000089D07D5E879002804D00A20385600281F
:1093900000D5F8E0049B1888202101431980029928
:1093A0000391059AADE003203870089E707900287B
:1093B00005920AD01B2078700798012833D02C2002
:1093C00032E006981446089AD9E009200690787091
:1093D000FD1C00260822284631460492EBF738F897
:1093E0003F21012230462B4600F00CF9B879F721D5
:1093F0000140B971079801286FD120780228059A99
:1094000078D1049877E0387908994871C0214843A9
:10941000803880B27A1D334600F0C2F800210698E9
:10942000FCF714FCADE02B20B8700124204600F0BE
:1094300047F9F870707938717D1D0021182228468F
:10944000EBF706F87079C0214843803880B2224695
:109450002B4600F0D7F89DE009229CE020780328F5
:1094600043D10320314614461D4600F039F92B46FE
:1094700022461A203AE003911888202101431980DE
:10948000089D69793C798C423BD104930592C021B7
:109490004C43803CA0B27A1D0392334600F080F822
:1094A0002879C00707D0E008F8220240286818236E
:1094B0000399FAF760FAEA79FC78A242069800D399
:1094C000224669799142049B17D2491C6971012196
:1094D0005EE003910021089D13E00698B870F878CB
:1094E000089989790140F97054E01F200390089D84
:1094F000697906E00E20B8704DE000200390059ACF
:10950000214614462879C0072CD00291049309AD56
:10951000F8212846E8F76CFD089840791823434362
:1095200008330898006800272946089D3A46FAF74C
:10953000E9F928680321F8F715FA2F60728F287966
:10954000800705D4022009AB0399FBF75DF808E01A
:10955000687909A90090019102200399029BFBF709
:1095600095F8049B18882021014319800B48006856
:10957000417FFD220A404277069807992A46FEF766
:10958000CDFF224607E06879401C687101210698EA
:10959000FCF75CFB059A104647B0F0BD2C09002093
:1095A000FEB5029301920024154D00910E2C26D099
:1095B0002E88864220D3361AB7B28F421CD2260696
:1095C000F10E0726FB083740019AD35CFB40DB070E
:1095D00026400127B740002B06D0029B5A18832350
:1095E0005B00D65C3E4305E0029B5A1883235B0078
:1095F000D65CBE43D6540099AD1C641CD6E7FEBDB4
:10960000B0BC0510FEB50093019202910646E3201E
:10961000C4430027264A002C26D01019E621455ABB
:10962000B5421ED302998D421BD80199002906D05C
:109630003946204B1940162913D0252911D0E8218D
:10964000405C00F061F81A4A00280AD0A81B0721E4
:10965000014001228A40C008009B195C1143144A52
:109660001954A41D7F1CD6E71348841C0027052F1E
:109670001DD02588B54217D30298854214D8A0780A
:1096800000F042F800280FD00C480068007FF84036
:10969000C00709D0A81B0721014001228A40C00849
:1096A000009B195C11431954A41D7F1CDFE7FEBD0C
:1096B000CCBB0510FF7F00004E2004102C090020B9
:1096C00010B500F06BF80446403880B21821EEF770
:1096D0003FFC402C01D3401C00E00020C0B210BD74
:1096E00010B50C46FCF7A6FBC108C9B2012909D880
:1096F0000722104001228240601883214900435C08
:109700009343435410BD000010B50F2811D80146F3
:109710000120C0467944097949008F440B070C0F9A
:109720001215181B1E24272A2D30333AF0F7E6F8BD
:1097300031E0002010BDF0F7E7F82CE0F0F7E2F898
:1097400029E0F0F7E3F826E0F0F7DAF823E0F0F7A5
:10975000DFF820E0F0F7E0F81DE0F0F7DDF8044670
:10976000F0F7D6F813E0F7F799F914E000F066F88F
:1097700011E0F0F7D3F80EE0F0F7D2F80BE0EAF7DB
:1097800061FE08E0F0F7C2F80446EAF75BFE6043CA
:1097900001E0FAF797FD411E884110BDFEB501902A
:1097A000E320C6430024214F2246002E20D0B819C2
:1097B000E621455A91B28D4217D902941446E82108
:1097C000405CFFF7A1FF00280DD001980028224639
:1097D000029C06D0204616490840162805D02528A8
:1097E00003D02A4601E02246029CB61D641CDCE739
:1097F0001048841C0026052E16D0258890B285427C
:109800000FD91746A078FFF77FFF002808D00A4835
:109810000068007FF040C0073A4602D02A4600E0C8
:109820003A46A41D761CE6E790B2FEBDCCBB0510FF
:10983000FF7F00004E2004102C09002000207047FC
:10984000F0B585B01C4616460F460546FAF73EFEB3
:1098500002902846F1F7F4FAFF22062E00D9B2E072
:109860000346C0467E4436797600B744031AAC25D9
:10987000ACAC3F00012F4AD1492080001C18185A77
:10988000C105029E6CD52846314600F0A1F80121A1
:1098900028463246FEF742FE21884C480840FF2207
:1098A0005FE01E460192284600F0A3F800283BD056
:1098B00028463946029A68E0A0780C2800D082E059
:1098C000E01C01920522029E31461C46F7F799FBE7
:1098D000284639463246FEF721FE608F314600F0B9
:1098E00091F82846314600F073F850E0164604A877
:1098F00030210180012F50D149208100585A820522
:1099000047D501212846029AFEF708FE45E0284681
:1099100039461446029E3246FEF700FE284631467E
:1099200000F056F822464EE0E01C05220092029C10
:109930002146F7F766FB31463C312046009AF7F79F
:1099400060FB492081007018715A0A060DD401226B
:1099500052021143018028463946FCF777F916E098
:109960000C228021884320802DE001221202114325
:109970000180708F029C214600F044F82846214661
:1099800000F026F8284639462246FEF7C7FD019A20
:1099900019E059188022104308801020E0700C2034
:1099A000A0700620607003202070211D04A80225ED
:1099B0002A46F7F726FB03A820210180A11D2A468D
:1099C000F7F71FFB3246104605B0F0BDFFFE000062
:1099D00010B50C46F1F734FA0146492080000A5AC6
:1099E000102313430B523C3105222046F7F709FBA5
:1099F00010BD80B5F1F724FA49218900405CC0060A
:109A0000C00F80BD70B50C46054610480068302177
:109A1000405C000719D50E480068806902212122A8
:109A20000323F2F74FFD00280FD00646001D2946FC
:109A3000224600F00FF80820B0710C20707104204D
:109A4000307102203146F2F799FD70BD2C090020DB
:109A50001C09002001710023C370090A41711178AB
:109A60008171517893780372C171D17812798272C1
:109A700041727047FEB50446AE20275C01253D408B
:109A8000BA07D00F28187907C90F4018401EC0B276
:109A9000AE34267CB0420FD1019201200290F8F73B
:109AA00009F9012E0AD0022E0ED1C0B20621EEF71E
:109AB0004FFA12A0405C12E0607C11E0029908406D
:109AC000002D04D10CA108E0B808381A07E001996C
:109AD000002901D407A100E005A1081800786074EE
:109AE0007100C2B2CA40032010402430FEBDC046FF
:109AF00006090000070D00000B0E00001B1E272D9D
:109B000036390000B0B5FFB083B00C4605468B680F
:109B1000CA8889886846801D00F01AF8280702D58F
:109B2000A068F2F7E9FE6846817A8900CA1D827052
:109B3000120AC27005220271044A02800C2242718C
:109B40000B31F4F7FFF97FB003B0B0BD82FF000026
:109B5000B0B51C465B88150AC57082700A0A42704F
:109B60000170591E8A080271A589431D8AB2681CBA
:109B700081B22046F5F79CFBB0BD0000B0B5FFB048
:109B800083B00C4605468B68CA8889886846801D64
:109B900000F01EF8280702D5A068F2F7ADFE68466F
:109BA000C17A039A120251180A4609328270120AC7
:109BB000C27004220271054A02800C2242710D31EA
:109BC00089B2F4F7BFF97FB003B0B0BD82FF0000E7
:109BD00070B51C4605465E88100AE870AA70080A2F
:109BE000687029709889401C81B2184600F00EF800
:109BF000B11E0A0AAA7169712871A089EB1D8AB287
:109C0000801C81B22046F5F753FB70BD1CB51F299F
:109C100003D801AA1180406805E0406801AC2246E3
:109C2000F9F7B6FB2188401800791CBDB0B5FFB02C
:109C300083B00C4605468B68CA8889886846801DB3
:109C400000F01AF8280702D5A068F2F755FE68461A
:109C5000C1890A460C328270120AC2700C2202714B
:109C6000044B03804271103189B2F4F76BF97FB075
:109C700003B0B0BD82FF0000FEB51C46174602913E
:109C80000546588801909889401C81B21846F5F71E
:109C90002CFB0646A089C01C81B22046F5F725FBA7
:109CA0000199491F0A0A6A722972A871320A6A71F7
:109CB0002E713A0AEA70AF70029B1A0A6A702B7012
:109CC000000AE871A0890A358AB2401D81B2204697
:109CD0002B46F5F7EDFAFEBDB0B5FFB083B00C46EC
:109CE00005468B68CA8889886846801D00F01CF884
:109CF000280702D5A068F2F7FFFD684641890A46A9
:109D000008328270120AC27008220271054A02806B
:109D10000C2242710C3189B2F4F714F97FB003B010
:109D2000B0BDC04682FF0000B0B51C465B88150A76
:109D3000C57082700A0A42700170591E01710A0AC8
:109D40004271A589831D8AB2681C81B22046F5F74D
:109D5000AFFAB0BDB0B5FFB083B00C4605468B6816
:109D6000CA8889886846801D00F01EF8280702D539
:109D7000A068F2F7C1FD6846C17A039A1202511831
:109D80000A4609328270120AC2700A220271054A1A
:109D900002800C2242710D3189B2F4F7D3F87FB002
:109DA00003B0B0BD82FF000070B51C4605465E885A
:109DB000100AE870AA70080A687029709889401C17
:109DC00081B21846FFF722FFB11E0A0AAA71697113
:109DD0002871A089EB1D8AB2801C81B22046F5F75C
:109DE00067FA70BDB0B5FFB083B00C4605468B680E
:109DF000CA8889886846801D00F01EF8280702D5A9
:109E0000A068F2F779FD6846C17A039A12025118E8
:109E10000A4609328270120AC27006220271054A8D
:109E200002800C2242710D3189B2F4F78BF87FB0B9
:109E300003B0B0BD82FF000070B51C4605465E88C9
:109E4000100AE870AA70080A687029709889401C86
:109E500081B21846FFF7DAFEB11E0A0AAA716971CB
:109E60002871A089EB1D8AB2801C81B22046F5F7CB
:109E70001FFA70BDB0B5FFB083B00C4605468B68C5
:109E8000CA8889886846801D00F01CF8280702D51A
:109E9000A068F2F731FD684641890A4608328270AF
:109EA000120AC27009220271054A02800C22427114
:109EB0000C3189B2F4F746F87FB003B0B0BDC046AC
:109EC00082FF0000B0B51C465B88150AC570827021
:109ED0000A0A42700170591E01710A0A4271A5896D
:109EE000831D8AB2681C81B22046F5F7E1F9B0BD46
:109EF000B0B5FFB083B00C4605468B68CA88898828
:109F00006846801D00F01CF8280702D5A068F2F70B
:109F1000F3FC684641890A4608328270120AC27010
:109F20001E220271054A02800C2242710C3189B254
:109F3000F4F708F87FB003B0B0BDC04682FF000060
:109F4000B0B51C465B88150AC57082700A0A42705B
:109F50000170591E01710A0A4271A589831D8AB2D6
:109F6000681C81B22046F5F7A3F9B0BDB0B5FFB0CB
:109F700083B00C4605468B68CA8889886846801D70
:109F800000F01CF8280702D5A068F2F7B5FC684677
:109F900041890A4608328270120AC2700722027191
:109FA000054A02800C2242710C3189B2F3F7CAFFD4
:109FB0007FB003B0B0BDC04682FF0000B0B51C4604
:109FC0005B88150AC57082700A0A42700170591EBA
:109FD00001710A0A4271A589831D8AB2681C81B287
:109FE0002046F5F765F9B0BDF8B50446C00628D49B
:109FF0001F4616460D46154800686107C90E4018F1
:10A000000069622203232146F2F75CFA00281AD085
:10A010000146067385720C2048721C2008723A466D
:10A020000027CF71072088718A73FF204871822032
:10A030000871300A4873280AC8722046F2F79EFA5F
:10A0400002E0862700E007273846F8BD1C090020FB
:10A05000F0B5FFB086B00C4605460B89CA888988E2
:10A060006089A689276900900196029703A8801D40
:10A0700000F01CF8280702D52069F2F73DFC03A880
:10A08000C1890A460C328270120AC2701B22027108
:10A09000054A02800C224271103189B2F3F752FF57
:10A0A0007FB006B0F0BDC04682FF000070B5154617
:10A0B0000446059A02720498A0712371A57021705C
:10A0C000160A6672000AE071180A6071280AE070C8
:10A0D000080A6070069881890A34491D89B22346AE
:10A0E000F5F7E6F870BD0000F8B50446C00620D4C8
:10A0F0001F4616460D46114800686107C90E4018F4
:10A100000069122205232146F2F7DCF9002812D05B
:10A1100001460898079A069B48610A82CB818F8185
:10A120004E810D81064848602046F2F727FA00204C
:10A13000F8BD8620F8BD0720F8BDC0461C090020E8
:10A1400051A00510B0B5FFB083B00C4605468B6832
:10A15000CA8889886846801D00F01CF8280702D547
:10A16000A068F2F7C9FB03990A460A326846827072
:10A17000120AC2700E220271054A02800C2242713C
:10A180000E3189B2F3F7DEFE7FB003B0B0BDC0463A
:10A1900082FF0000F8B51C4617460E460546588853
:10A1A00000909889401C81B21846F5F79EF80099F6
:10A1B000C91E0A0AEA71A97128713A0AEA70AF70D9
:10A1C000320A6A702E70000A6871A08908358AB256
:10A1D000C01C81B220462B46F5F76AF8F8BD000096
:10A1E000F8B50446C00625D416460D461448006846
:10A1F0006107C90E40180069602203232146F2F767
:10A2000061F9002818D00146067385720C20487247
:10A21000172008720027CF7106208871FF2048712F
:10A2200082200871300A4873280AC8722046F2F763
:10A23000A5F902E0862700E007273846F8BDC046AA
:10A240001C090020F8B50446C0062ED41F46164649
:10A250000D46184800686107C90E40180069612260
:10A2600004232146F2F72EF9002820D00146069853
:10A2700008748F730E738D720C224A7219220A723F
:10A280002B460025CD710A228A71FF224A71822253
:10A290000A71000A4874380AC873300A4873180AE9
:10A2A000C8722046F2F76AF902E0862500E0072529
:10A2B0002846F8BD1C090020F0B5FFB086B00C465A
:10A2C00005460B7ACA8889886089A6892769009023
:10A2D0000196029703A8801D00F01EF8280702D5FA
:10A2E0002069F2F709FB03A8417B827B1202511817
:10A2F0000A460B328270120AC2701A220271054A93
:10A3000002800C2242710F3189B2F3F71BFE7FB03D
:10A3100006B0F0BD82FF0000B0B515460446059AB0
:10A32000C271049860712371A5702170130A2372A1
:10A33000000AA071280AE070080A607006988189F6
:10A340000934C91C89B22346F4F7B2FFB0BD00003E
:10A35000F8B50446C00620D41F4616460D461148DF
:10A3600000686107C90E40180069112205232146C3
:10A37000F2F7A8F8002812D001460898079A069B21
:10A3800048610A82CB810F734E810D810648486077
:10A390002046F2F7F3F80020F8BD8620F8BD07202C
:10A3A000F8BDC0461C090020B9A2051080B540695F
:10A3B0000149FCF75DFE80BD87C9051004480068AF
:10A3C0005821405E0D2141434031C8117047C046BD
:10A3D0002C090020034909683522895C0840411E88
:10A3E0008841704718090020F8B51F4616460D46EB
:10A3F0000446C0060BD4174800683621415C890624
:10A4000027D53630C07A800723D51F2202E0BF202F
:10A4100004401122104800686107C90E4018006905
:10A4200003232146F2F74EF8002812D001460F20F0
:10A43000C872FF2088720F734E720D721220C8719D
:10A44000062088713E204871042008712046F2F7EA
:10A4500095F8F8BD2C0900201C09002070B588B0C3
:10A460000446002805D06846FF212022E9F7F0FFC6
:10A4700004E0203168462022E9F7E6FF1948006829
:10A480002C21405CC007C50E01D10C220AE0164801
:10A4900000683621415C890622D53630807AC007B3
:10A4A0001ED01B22122045401048006880690A23F4
:10A4B0002946F2F707F8002812D006460472093040
:10A4C00069462022E9F7C0FF0920F0712220B0710F
:10A4D0003E2070710420307128463146F2F74EF864
:10A4E00008B070BD180900202C0900201C090020AC
:10A4F00070B590B0044600280CD10D462048006885
:10A5000064302022E9F7A0FF203568464022294622
:10A51000E9F79AFF1B4800682C21405CC007C50E74
:10A520001FD10B2212204540174800688069122372
:10A530002946F1F7C7FF00281ED0064604720930ED
:10A5400069464022E9F780FF0820F0714220B0718F
:10A550003E2070710420307128463146F2F70EF823
:10A560000AE0074800683621415C890604D5363088
:10A5700009214056002801D410B070BD1A22D1E73D
:10A580002C090020180900201C090020F8B50E46EF
:10A590000546154800683621415C890622D53630CB
:10A5A000C07A40071ED51446104800684069A121B2
:10A5B0002B220323F1F786FF002813D007464672AB
:10A5C00005720A3006222146E9F73EFF1320F87192
:10A5D0000920B8713E20787104203871A1203946D5
:10A5E000F1F7CCFFF8BDC0462C0900201C09002063
:10A5F000054800688421415C84308078814201D81C
:10A6000000207047012070472C0900200548006891
:10A610008521415C85308078814201D800207047D7
:10A62000012070472C09002080B50349C97A814276
:10A6300001D3FDF797FE80BDC007002080B54069BB
:10A640000149FCF715FD80BD29A60510F0B58BB0BA
:10A6500001930092044641208500FAF703FF01466A
:10A660006059B422A25800F06FF80746A420205A7F
:10A67000000725469435002805D4012000F075F820
:10A680002E490140CF192646B4362046FCF706F97C
:10A690002868698A002902D1F179012903D0C11BF8
:10A6A00031D500282FD0B07900282CD0288A000777
:10A6B0001ED509A900228A80099202A801234376A7
:10A6C0003C238376FF238375C2811D4B8382636F96
:10A6D0001C7A04768281C275039109330293069233
:10A6E0000491F6F727F8B07B800701D5F1F7F7FA68
:10A6F0000220FFF76FFE0124012809D16A8A002A8F
:10A7000009D03C2108E00098076001980760022406
:10A7100020460BB0F0BD43210A4800682C23C05CE2
:10A720000001C043A1230343B12018402B7D9A1A96
:10A73000D3B2AA7DFFF758FEEAE7C046FF0F00003C
:10A74000FFFF00001809002070B503460124002611
:10A750008B42254600D335468018984200D33446B4
:10A76000254201D18842F1D370BDE0B501A8E9F7D7
:10A77000A5FE01988CBD0000F0B58FB00546FCF732
:10A7800077F8064600F0E8F807462C46A03408950E
:10A79000C735079500F0ECF8002F36D0059000F093
:10A7A000F3F8049000250E950D953078C0090DA999
:10A7B0000870481C3146083106273A46E9F744FE3E
:10A7C0000C950B9530784006C00F0BA90870481CFB
:10A7D000B11C3A46E9F738FE069630780F27074055
:10A7E000052F01D1E9F78FFEE37B2279029509AEAF
:10A7F00001960898843000900BA8394600F0CEF8F6
:10A8000041087E2909D8014608E0002300281E4699
:10A810005CD100262680012358E001213170089A7E
:10A82000526F13680D9EB34227D152680E9B9A4215
:10A83000069E23D10546FF3D6A1E9541032F1DD17B
:10A84000FF281BD0A0880125800717D50498012870
:10A8500014D1607E012808D160893D4A904204D01D
:10A86000C0B209AA521CFFF791FE01260798067094
:10A870000021089800F0B9F825E0069EA088C007DE
:10A880001FD0052F1DD1304600F0DEF8012818D169
:10A890000A99099800F03EF94142414129400129B5
:10A8A0000FD1049801280CD109AA08983146E7F77E
:10A8B00007FE002849D0E9F726FEFF20207704256F
:10A8C00040E0002626800598434243412188A27F2C
:10A8D000002A17D0002917D1E9F715FE002507989F
:10A8E0000570A07F401EA077A08803210140481E6C
:10A8F0008141480020800121089800F076F8E9F7AE
:10A900000BFE1AE0002912D00025002B15D1607C27
:10A91000012801D00F4900E0462108981430EDF7D6
:10A9200070FF2088401E2080EDF77CFE05E0E9F7EF
:10A93000EAFDE088401EE0800325002E02D020883A
:10A94000401E208028460FB0F0BD0026BBE7C04661
:10A95000FCFF0000EE02000080B504480068C068FB
:10A96000EDF7B2FE411E884180BDC046300900208F
:10A9700080B504480068C068EDF7AEFE411E88410E
:10A9800080BDC0463009002080B5F3F719F90248B0
:10A990000068007880BDC04630090020F0B587B05F
:10A9A000CD1EFF21FD2425421CD1002A1AD00D9E68
:10A9B0000C990C68059406934B6882C8FF2000062A
:10A9C0003C46844312C60393059802900698019072
:10A9D000684268410090C8B25207D30F3A4600F06F
:10A9E000BBF80146084607B0F0BDF8B50D46044671
:10A9F000B120205CFBF744FF06462746B137F87AC2
:10AA00003146EEF77FF8F87A3146EEF746F8F87AF5
:10AA1000EEF768F82046002D09D0FFF72BF8014625
:10AA2000F87AEDF7FAFF2046EDF7C0FE01E0EDF70A
:10AA300064FEEDF7F7FDFBF713FF0246B87D2146F4
:10AA400000F0BAF8F8BD0000F0B587B00446007E0B
:10AA5000617E09020D186A1E082A00D30822A07E12
:10AA60000490E07E0390607D0121284F0191B8475A
:10AA70000646A07DE17D09020818002106912A46BC
:10AA8000B8472B46029505463543214800682D21DD
:10AA9000415C1920C20118460592B8473B4606465C
:10AAA0002E430398000204994718FF22F4323846D7
:10AAB0000699984705463543781C02994843800813
:10AAC00081B20A2900D80A21207F627F1202101861
:10AAD000059A0E4EB04705432320215C1F200840F5
:10AAE00005211022B047284301D006980CE02046EB
:10AAF00022300078C00606D11E202228F5D0215C25
:10AB0000401C0029F9D0019807B0F0BDA5C7051079
:10AB100018090020BFB50C460546F5F709FD32219E
:10AB2000405C002801D0002011E00A480068902114
:10AB30004058C06B0168086A496A03AA0123009360
:10AB40000192FE2295432A462346FBF70FF904B0F3
:10AB5000B0BDC0462C09002070B584B015460A4629
:10AB60000446002B07D00A9882421FD10B986840F8
:10AB700000021BD11BE0099808990123002902D08B
:10AB800006461E4004D1002911D1022108400ED0F2
:10AB90000848006890214158C868096903AE0093CD
:10ABA00001962B46FBF7E2F8002800D1FF2420464F
:10ABB00004B070BD2C090020FEB514464F6F00286C
:10ABC00034D0CB6B42310888851DC0B2029004207E
:10ABD000064620703878C00703D020784021014312
:10ABE0002170012E14D13E4608363078C00703D0BC
:10ABF00020788021014321706570A01C791C0625F6
:10AC00002A46E9F721FC0834711C20462A460AE04E
:10AC10006570A01C791C06221D46E9F715FC083456
:10AC200020462946029AE9F70FFCFEBD0846A430EB
:10AC30000288500712D4032002408B6AC88D851DFC
:10AC4000C0B202900620022AC2D0504250414000B9
:10AC50002070002A13D00193002605E001262670FB
:10AC600000200C2502900190F5F76CFC002804D020
:10AC7000217820200843019BABE7019BAAE702262D
:10AC8000A8E70000FEB50C468021415C49060CD4C3
:10AC90008030218A6288521A93B2458AAB4209D920
:10ACA000207AF7220240227201E0218A257B1020BF
:10ACB000019005E0E069431E9841000101901546AE
:10ACC000002902D1207A800701D4012000E002206F
:10ACD00002900E4800688827C059001DE28951186B
:10ACE0001F260E40A9198AB2A16900F011F860610F
:10ACF0002573064B1868C05930180199029A114300
:10AD000081701868C0593018C570FEBD2C0900202C
:10AD100010B5521E1F2313439AB2531C9AB29A4283
:10AD200001D000220DE053090A460021541864683E
:10AD30004450091D2029F9D1116820305B1E1C04E4
:10AD4000F2D1104610BD0000F0B585B00446412692
:10AD5000805DEDF7E6FD0546A05DEDF7DBFD922396
:10AD60006D1EE9B227469237702603220529039209
:10AD70000496314605D869B28A001A4989581A4D95
:10AD8000AA580294E35A7E88401EC5B2052D07D802
:10AD900040B28000134D2C580494134D2858039052
:10ADA00093405818000215210C012546E83540193A
:10ADB0000E49EDF7CDF801900398864004983018BD
:10ADC000000240190949EDF7C3F880B2F9888142C1
:10ADD00000D808460199081800190299C86605B0FC
:10ADE000F0BDC046F8120410E01204107102000019
:10ADF000F0B599B00646008E401C30862D20305CA0
:10AE0000002808D04120345CE9F77DFB2046F0F7AC
:10AE10008BFF0426B4E2FF2420460E303018089041
:10AE200030462C300B90354680353746AC373046AF
:10AE3000E4300A90F1480068C068EDF74DFC0990D5
:10AE400000280C950D963CD03C46374614363046CB
:10AE5000EDF753FC3046EDF74BFC2878800775D4AE
:10AE600008963846EDF74EFC064628370B980078D2
:10AE7000032800D0A2E00898EDF744FC0546BE4246
:10AE800013D0317803200A460240032A08D18906EC
:10AE900000D40220305C062802D10D98FEF7E8F9B4
:10AEA0000C9A1068402101431160287831780143E1
:10AEB000C80600D588E00C980078C00600D581E06F
:10AEC0008DE0049405973046EDF717FC3046EDF71A
:10AED0000FFC0EAC00202076A0740790E07500F007
:10AEE0009FFC0646C54F3868C068EDF7D9FB05469C
:10AEF000401E8541354365753868C068EDF7EFFB46
:10AF00000746401E394681412174012D2BD1E9F7B6
:10AF1000FAFA0A9DA868002802D0C188491CC1809D
:10AF2000E86800280B9C09D0607DEDF7DCFC400050
:10AF3000E96808189421425A521C425225460EA82C
:10AF4000012484740C9A10680026DCE0E9F7DBFA2F
:10AF500013200B99487000200899487608730870F0
:10AF600004260A9CD5E1A54908680C46C068EDF79F
:10AF7000ABFB0546401E294681410EA80391417452
:10AF80000C9E31784909012206928A430275206895
:10AF9000C068EDF779FB044698480068C068EDF793
:10AFA0007BFB002C78D03078C00600D582E0EDF72E
:10AFB00039FB306810210143316080E0286840216E
:10AFC0000143296001250DE0FAF74CFA0D9A516C06
:10AFD000081A6168401802D4D16E8842F2D2E9F7AB
:10AFE00092FA00250D98F4F792FD02283DD10C98B5
:10AFF00080680068C10615D4400636D50B98407DA0
:10B00000EDF71BFC0C9B986801684022914301609E
:10B0100018680821884318601320EDF7B9FDE6F79A
:10B0200085FB22E0079500200F900E900B9D687D18
:10B03000EDF711FC687D0EA9EDF7FDFC28780328DB
:10B0400003D10B98407DEDF70AFD0C9B98680168D1
:10B0500010229143016018680821014319601320F0
:10B06000EDF796FDE6F762FB079DBE420A9F01D011
:10B07000388A7882002D089806D02168EDF7C1FB48
:10B0800000260C9D3C4644E13C46B8680326002857
:10B090000C9D00D03AE13CE16942694142424241A3
:10B0A0000A4324D00C9A10681021884310600026AF
:10B0B000069622E0E9F727FA0EA8069981740A9D00
:10B0C0000B9C079EA868002802D04188491C41803B
:10B0D000E868002809D0607DEDF705FC4000E968CC
:10B0E00008184A21425A521C42520C9A06E0E9F7CB
:10B0F0000AFA0EA83D2606760C9A0B9C2546116886
:10B1000020200843069C79427941890140239843D5
:10B1100040181060002C05D00EA8047E002C44D1ED
:10B12000002644E0079602930D981430EDF7EAFAF2
:10B1300006460F900178032001400EAC0691617322
:10B140003178890600D40220305CE073F4F7D6FE33
:10B1500020730D9A916E51660123002F09D00C992E
:10B160000968194005D01624E9F7CDF90EA8047630
:10B170001BE00C9989684978C907039A12D0110617
:10B1800010D00699032908D13D241228ECD819467D
:10B1900081401B48014205D1E6E77078002801D0C4
:10B1A0003D24E1E7079C002C2ED06C7004260EA8ED
:10B1B000407D00280A9C0C9D00D09BE00D98806C7F
:10B1C000002875D016A8F5F75FFA012810D1EEF720
:10B1D00099FB012853D10B9880780E2141430948EF
:10B1E000006890228058C06B80684018C07947E0A2
:10B1F000E9F789F90EA80121817459E0300900208E
:10B20000020006002C09002007930D981446EDF764
:10B2100079FA05460EA800218175C17410950E912A
:10B220002006019100D141E10B980078022815D148
:10B23000307829780143C8060BD5FAF713F90D9A2F
:10B24000516C081A116D401803D40D99C96E8842CB
:10B2500004D2E9F758F90EA8012181747478002C02
:10B2600000D123E10C9800680825054000D1A0E03A
:10B27000EEF744FB012800D18AE01C2089E0012080
:10B280000D9F7C6C169DEDF774FC281A7864B96CE0
:10B29000091B0818059A5168814201D9081A5060A3
:10B2A00000210D988164416300F0C6FA0A9C0C9D50
:10B2B0000EA8007D012803D10D99886E486604E030
:10B2C0001220EDF765FCE6F731FAA068002802D0FD
:10B2D0000188491C0180E06800280B9F07D0787D19
:10B2E000EDF701FB4000E1680A5A521C0A52B87897
:10B2F00000F0D0FA0EA8807C01280AD1286810211D
:10B3000088432860A0680326002802D08188491C51
:10B3100081800D9800F0BFFAF01E01281BD82F463F
:10B32000ED68002D19D00B9C607DEDF7C5FA024643
:10B330002946103101232846FAF784FC607D0A9CD7
:10B34000EDF7B3FA0146203508222846F5F759FEF5
:10B350000020F86001E0EDF765F900F061FA099965
:10B3600000290DD100280BD1E9F7B8F87F2804D0C7
:10B370000546FFF723F8281820700D9800F0A2FA70
:10B380000120F8F77FFEE6F7D1F9304619B0F0BD9D
:10B39000FC2020420DD07078001F707002200A99A6
:10B3A00088711320EDF7F4FBE6F7C0F90EA8407B97
:10B3B00006900698032811D10EA8C47B022C0A9F80
:10B3C00018D10F984078022814D10EA80121817558
:10B3D0000C9E306802210143316041E00B9E3078C1
:10B3E00003280A9F16D17878002813D002200E99DE
:10B3F00001434CE00D98F8F75FFF00280C9E1FD02A
:10B400000B9C607DEDF7ABFB002D29D0607D00F03B
:10B410005AFA25E00F9C6578EEF770FA012801D002
:10B420001F200490049828401FD005460D980199CC
:10B430000167FFF7DDF800281AD002200E9029E0FE
:10B440000B980078032808D1272C06D10F98407854
:10B450000B2802D10EA80121C1750EA80121C174CB
:10B46000306880210143316017E001980E9014E0AC
:10B4700020788006C00F2A180D9C618F0798F4F77A
:10B4800017FD2067002801D0079900E002210E91E6
:10B49000880702D5707DEDF762FB0F980078398A36
:10B4A0007982202101400EA88173109D01210D9CFD
:10B4B00020460691F4F768FB22462832A76F002F3A
:10B4C00011D0397A09070ED5F96900290BD08542C8
:10B4D00009D0954207D014460C9A1168029B9943F3
:10B4E0001160224604E00EA9097C00290C9E17D0A9
:10B4F0008542079218D095422AD07869B861397B85
:10B50000019C3C733A8A511839828AB27B889A42EC
:10B5100019D2FA895118C90617D10068B86114E028
:10B52000EDF780F80B9DE0E003210D9C2046F4F739
:10B53000F4FA2046EDF7D7F8A878272808D10EA806
:10B540000121C17504E0FF6904240E9820430E9088
:10B550000D9C204600F0C9F905462046F4F7D7FABD
:10B560000EA98C7D002C20D101281ED101270D9D14
:10B5700028463946F4F708FB044628462146EDF7ED
:10B58000D7F82078800607941FD421462C46887867
:10B5900027280C9E48D002284ED1A06E0721089A79
:10B5A000505030683843306046E0FFF72FF80028ED
:10B5B0001BD0EDF737F80EA8407C00280BD00D9C6F
:10B5C0000C9E07990B9D06980AE02C462846EDF73D
:10B5D000AAF80C9E30E011200D9C0C9E07990B9D43
:10B5E00020852046EDF7A4F873E0002FE1D0012D6F
:10B5F000DFD0012CDDD0EDF715F8884800688821F0
:10B600004058398AFA8951181F220A401018811CA3
:10B610000D9C20460791EDF78BF820463946FFF741
:10B6200031FB67670C9E53E00B9A907D4871D07D8B
:10B63000887100200A990882B0680068010716D452
:10B64000800611D50B98407DEDF7F7F8B0680168DA
:10B650002022914301603068042188433060132028
:10B66000EDF796FAE6F762F8ECF7DCFF21E0002050
:10B67000179016900B9D687DEDF7EDF8687D16A983
:10B68000EDF716FA2878022803D10B98407DEDF7E4
:10B690001CFAECF7C7FFB06801680822914301600B
:10B6A00030680421014331601320EDF771FAE6F7A9
:10B6B0003DF802212046F4F730FAB06801684A07E5
:10B6C00006D50422914301600899487E38434876A4
:10B6D0000B9D01212046EFF70FFF0128079904D1A8
:10B6E0004878002801D0001D48700E98810706D5C3
:10B6F0003178090703D5687D00F0E5F80E98410719
:10B7000006D50D987830F1F7CBF8F4F735FC0E98A4
:10B71000C00728D00F984478EEF7F0F8012801D040
:10B720001F2200E0FF2222400D9C206F42800F99D3
:10B730000B789B0602D40023037302E001230373FA
:10B74000521C4068891C00F0D6F8206F0024C461A8
:10B750000F99097803220A40017A11430172FBF71D
:10B760005BFA0D9804670EA8C07C012845D10F989C
:10B770000178890601D5032100E00221405C0EA971
:10B78000C8732A2801D01C2803D1E88A1521089AF9
:10B79000505200210D98F4F7F7F906460F980078FB
:10B7A00030700F9840787070EEF7B2F80546F5F7F4
:10B7B00075F9EAB2C1B21046EFF701FB0EA9897B19
:10B7C000202901D0022100E003210C9D0F9A51187D
:10B7D000001FC3B252789A4200D30246D2B2B01CC4
:10B7E000E8F732FE6868016801220A430260162009
:10B7F000EDF7CEF9E5F79AFF0B9D0EAC0D982146BB
:10B8000000F090F8A07B202800D085E40F98807885
:10B8100081090D9800F087F87EE4C0462C090020CD
:10B8200080B504480068C068ECF752FF411E8841AB
:10B8300080BDC0463009002070B5044606462C364F
:10B840000546AC35EEF75EF801280BD1B0780E2135
:10B8500041430E48006890228058C06B80684018B1
:10B86000C07900E00120EDF784F909494843000A56
:10B87000103028603278032A07D1626BA36C5B001A
:10B880009A185143090A0818286070BD2C09002035
:10B89000710200007047B0B5054641202C5C20467F
:10B8A000EDF71AF880216958002805D0480705D41B
:10B8B0002046ECF7C2FFB0BD0807F9D52046ECF7EB
:10B8C000CAFFB0BD70471CB504466946EDF712F8D3
:10B8D0000098411E0091002802D10198401E01905D
:10B8E00069462046EDF7A7F81CBD8821405800881E
:10B8F000C0B2C0097047B0B5521E1F2313439AB29D
:10B90000531C9AB29A420CD15209031D00240D59BE
:10B910001D51241D202CFAD100682031521E130421
:10B92000F3D1B0BD70477047F8B50546ECF7EAFEB5
:10B930000446012628463146F4F726F92C21695C95
:10B9400002293AD1844238D028462830844205D092
:10B95000696F2846FFF796F9002621E02F468037C9
:10B960002846FFF7C2FF3978490619D4AF6F002F78
:10B9700016D0002814D11148006888214058398A0F
:10B98000FA8951181F220A401018841C28462146A3
:10B99000ECF7CEFE28463946FFF774F96F67DBE710
:10B9A00001212846EFF7A8FD002E06D16178002975
:10B9B00003D0002801D0081D6070F8BD2C090020BC
:10B9C000044800689021405840683D21C900401853
:10B9D0007047C0462C090020B0B504460025284613
:10B9E000F8F7F8FE0649897F491C491E06D07A22DD
:10B9F000825AC030A242F8D1C038B0BD2846B0BD8E
:10BA0000C007002070B50B4D2868046A002C10D0C8
:10BA1000EFF3108672B6296820312046F2F74EF90E
:10BA200086F31088206901690029EDD0606A884793
:10BA3000EAE770BD3009002080B50349C97A814228
:10BA400001D9FCF7C3FC80BDC007002080B5406968
:10BA50000149FBF70DFB80BD39BA051010B504464E
:10BA600000200121074B2246F0F7A2FF064800689C
:10BA7000A8214058E100425CCF23134020334354B7
:10BA800010BDC046204E000038090020F8B5294EF0
:10BA90003168A8254959C4000A5DD3060ED493061F
:10BAA00046D50919930735D0FC231340521E0324B1
:10BAB0001440E2180A70FFF7D1FFF8BDFFF7CEFF80
:10BAC000306840590019841C6920C64337466937DD
:10BAD000194800683421405C7F1C874228D21548F1
:10BAE0000068A4254059801974366C30062221461E
:10BAF000E8F7B5FC0028EBD10E4800684059815D9D
:10BB0000FB2915D1102181550E20EDF741F8E5F7FD
:10BB10000DFEF8BD35460024082208462146E8F708
:10BB200097FC3068B02144544121425C521E42547B
:10BB3000F8BDC046380900201809002080B5022849
:10BB400002D8FFF7A3FF80BD0449C97AC91C81420E
:10BB500003D9C01EC0B200F003F880BDC0070020AA
:10BB6000FEB505467420029045430F480068A421A5
:10BB700001914058471939890220012400262246A4
:10BB80003346F3F7F9FC38462146F3F763FC38896E
:10BB9000F3F746FC044800680199405840193146C3
:10BBA000029AE8F755FCFEBD3809002080B54069CF
:10BBB0000149FBF75DFA80BD3DBB0510F401FA00B9
:10BBC000960064004B0032001E00140001000000CB
:10BBD000000001000200000001000300000001005D
:10BBE0000400000001000500010001000600020041
:10BBF00001000700020001000800030001000B0023
:10BC0000030001000C00050001000D00060001000A
:10BC10000E000600010011000700010012000700DD
:10BC200001001300080001001400080001001500C5
:10BC300007000100160007000100170007000100BF
:10BC40001800060001001900060001001A00090092
:10BC500000001B00000001001C00090001001D0085
:10BC6000090001001E000A0001001F000A00010077
:10BC700021000B00010022000B00010023000B003B
:10BC8000010024000600010025000F00010027002C
:10BC90000C0001002800050001002B000D00010030
:10BCA0002C000E0001003F000000000040000400D6
:10BCB00012001A00260027001D00020003000500E4
:10BCC00008000B00210022002300190038B50500F0
:10BCD0000C002000FAF77EFFA04200D000252800CB
:10BCE00032BD704780B50120FBF7F2F880BD0988AE
:10BCF0008088084000D086207047098882888A435F
:10BD0000828000207047098882880A438280002050
:10BD10007047B0B505468068428901894220FEF728
:10BD20005FFA0446002810D1A868428901890120E1
:10BD3000F3F74CFBA86881880A0603D5FCF716FACE
:10BD4000A86881880222914381802046B0BD10B549
:10BD500004460078002801D0002010BD6068818969
:10BD6000491C89B2F9F752F80346A0684289018953
:10BD70000220FEF739F9002800D010BDA068C06885
:10BD800081891922F9F749FAA068C0680121418028
:10BD9000842010BDF0B591B0074609AC1020207486
:10BDA00078688189491D89B2F3F79FFAA081786884
:10BDB0000FAE0EAD31462A46F6F75FF83688786842
:10BDC0000697B9684488C868818907220290F9F704
:10BDD00024FAE01F298804910121059180B2039083
:10BDE0000196059887B23C1D06988068C0888442F9
:10BDF0003CD8B0B209AA0499F9F744F9002835D023
:10BE0000054610A80090002208AB0698294600F0CD
:10BE10003DF8862828D0002836D16E8808984368D7
:10BE2000069840688189C91D89B2039F3A46F5F793
:10BE3000F7FE08990988B94216D1002814D107AF36
:10BE40003E70300A78702846F6F78CF80646B870CF
:10BE5000000AF87002988189059A891889B204222B
:10BE60003B46F3F739FA0594761CBAE7012F07D160
:10BE700006200A220199029BF5F7C8FF862003E0FD
:10BE8000029805994180002011B0F0BDFEB51F4613
:10BE90000646089D00242C700078012807D13069DF
:10BEA00000281FD00C363E600020287029E0029246
:10BEB000B068008901913A462B4600F024F800282A
:10BEC00012D084281DD101984388B0684289018925
:10BED000029800900220FEF7B5F9002811D17B20CE
:10BEE000C0430EE00E2005E038680188029A9142B6
:10BEF00003D207202870862003E04168891841603A
:10BF00002046C0B2FEBDF8B51C4600920E4607465C
:10BF1000012208463946F9F705F9207086250028E0
:10BF200008D138463146009AF1F790F9862802D1B7
:10BF30000E2020702846F8BDF0B58FB0014640684D
:10BF400001918968CF680DAD0EAC29462246F5F700
:10BF500094FF28880790F1F73FF902462088029065
:10BF600000252B4600950395002A069550D0508851
:10BF70000790029988424BD8A8B2C01801998968E5
:10BF8000C988884244D81C4608AD05921046294607
:10BF9000F1F734F92E7C0398000606D0009886420B
:10BFA00039D1C0080490069D16E0B98905223846AB
:10BFB000F9F733F9102E01D0022200E00122069D8C
:10BFC000B889401C81B238460392F9F726F9AD1CB6
:10BFD000F0080490841C0096B889401981B2384654
:10BFE000079AF9F727F9B8892818861C08A800F0DD
:10BFF00020F80346B1B20498C2B23846F3F76CF9A0
:10C00000E0B22D180598F1F765FA02462346ABE732
:10C010000398000603D006987880002007E0079870
:10C0200081B204200A223B46F5F7F0FE86200FB0CD
:10C03000F0BD017C802900D00C30704770B586B00F
:10C0400004460078002814D0A589A068C188491F3B
:10C05000A94200D80D46AAB22369C0688189491D4A
:10C0600089B2F3F739F9681DA168C96848800020D2
:10C0700040E060688189491C89B2F3F736F90546CA
:10C08000032205AB2046294600F036F8002808D0E8
:10C090000246A068C36816202946F5F7B7FE862039
:10C0A00028E060688189C91C89B2F3F71EF9064649
:10C0B0006068A1684A89098943885B1F9BB2009622
:10C0C000019302900A202B46FEF70EF8002811D1AA
:10C0D00003AB5D70280A9870DE7017201870300A64
:10C0E0001871A068C06881890522F3F7F5F800206F
:10C0F0006060842006B070BDF0B585B01E46144661
:10C100000F46054601A801810271A9680191FBF75C
:10C11000CFFF862801D112200CE03846F5F710FF3A
:10C120003060002805D0A96809892246F8F7FAFF8F
:10C1300000E0012005B0F0BDF0B597B004464068BE
:10C1400015A914AAF5F799FE0A9460688189491D1A
:10C15000428889B2072A05D1F3F7C7F80FA9888169
:10C16000102004E010220FABF3F7A2F880200FA9F3
:10C1700008740A984078102801D0022100E00421B8
:10C1800007910A9A9168CC68CB8805931278002AA7
:10C1900004940AD06588022D15D3A089401C81B271
:10C1A0002046F8F733FE06460EE015AA158810283B
:10C1B00012D10FA8FBF7EAFF002800D1B8E00895DC
:10C1C000A18911221BE00026A089401981B22046D6
:10C1D000F3F78BF8089018E00BA805810222027192
:10C1E000149A42810B910FA90E91FBF761FF8628EB
:10C1F00002D116A812229DE00895A18909222046A5
:10C20000F9F70BF80125658000260598801E01903E
:10C2100014A8008803900996F6B20695AFB2B81933
:10C220000599884274D8089885B20FAA28460399C0
:10C23000F8F728FF00286BD00446029516A8009056
:10C2400000250BAB0A9821462A46FFF71FFE00285F
:10C250004FD10B98008807990918012F11D1FF2998
:10C2600000D3FF210198814200D301990991CAB2FC
:10C27000049EB089401C81B23046F8F7CEFF0227F9
:10C2800003E0B142049E069F5CD165882046F5F725
:10C2900069FE0890B089C01981B230462A46F8F785
:10C2A000C9FF079809990A1A3C46BF1C0A984078AA
:10C2B00010280AD1B089C01981B23046089D1746AE
:10C2C0002A46F8F7B7FF3A46271D2C46B089C01911
:10C2D00081B20B984368D5B230462A46F2F7FCFF8C
:10C2E0007D19758002200A990870601C0890099ECB
:10C2F00091E78628069A16D084280546049821D10D
:10C300008189891889B2029AF8F794FF842519E087
:10C31000012F06D116A80A22027015A80588049CD0
:10C3200009E000250EE016A80278049C089D02E0B2
:10C3300016A8102202700A984078A9B22346F5F791
:10C3400065FD8625284617B0F0BDF0B58BB00546D3
:10C350008068C468C7882878002824D02E460C3608
:10C36000059668688089401C81B2042204AB20468F
:10C37000F2F79EFF308869787F1E0C2903D187422F
:10C3800053D20499401A80B2874200D30746BAB20A
:10C390007368A089401C81B22046F2F79DFF781C8B
:10C3A000608000204DE068780C28029707D168680B
:10C3B0008189C91C89B2F2F798FF0D2201E00B2296
:10C3C000002004AF03903880A1892046F8F725FFAC
:10C3D00068688189491C89B2F2F787FF0646788030
:10C3E00007A8068101270771A9680791FBF760FE7E
:10C3F000862801D1122715E03046F5F7A1FD002867
:10C4000010D0014606A8009005AB2846039AFFF716
:10C410003DFD002817D0842818D0862811D106A801
:10C42000077807E006A8077004E006A80B27077046
:10C4300004A84688687831463A462346F5F7E6FC74
:10C4400086200BB0F0BD059E029F93E7A089401C9B
:10C4500081B2042204AB2046F2F73EFF8420F0E7CD
:10C46000F0B58DB08168CE68C98806910178002941
:10C47000079009D07788B089C01981B23046F2F7A9
:10C4800034FF079902460CE040780E2801D02122A3
:10C4900000E00F22B1893046F8F7BFFE01221746AF
:10C4A000079948688078801AC0B245080878002843
:10C4B000029666D0079908460C300190EDB2FF3520
:10C4C000E8B200230393A84200D1B3E0BCB20698BF
:10C4D000A04200D8AEE0486881890592891889B2E7
:10C4E00002220CAB0492F2F7E3FE079908780128C8
:10C4F00002D1019808900DE00CA80088F5F720FD06
:10C50000014607988068008908AAF0F79FFE0799FE
:10C51000842865D00698041B48780E2809D1B08974
:10C52000C11908980288944200DB144689B2A2B26D
:10C5300013E0B089C01981B2089A30461688324695
:10C54000F8F778FEA41EB44200D33446A2B2BF1C52
:10C55000029EB089C01981B2089843683046F2F74C
:10C56000BBFE3F197780079948782028059A04D1A7
:10C570000698C01B80B202285CD304980870921CF5
:10C580009CE700210592079C88B2A84292D20491B0
:10C590004900606882895118491C89B202220CAB9B
:10C5A000F2F786FE08A8012606710C990181A168A0
:10C5B0000891FBF77DFD86282AD00CA80088F5F7A6
:10C5C000BFFC002827D00799896809890122F8F75C
:10C5D000A9FD00281ED10499491C029E059AD3E7A3
:10C5E0000CA80388886842890189002000900220F5
:10C5F000FDF728FE03900028059A1BD17780B089AB
:10C60000C01981B292B23046F8F714FE842010E0CF
:10C61000122600E006460CA80188079840780E28EC
:10C6200001D10E2000E020203246029BF5F7EEFB00
:10C630008620039003980DB0F0BDF0B589B0044694
:10C640000078002801D000203BE06068A168C9683C
:10C65000069146888189491C89B2F2F746FE054653
:10C66000F11E6078002752280CD0D2280ED1A06885
:10C670004089042824D10F3E052201270020049080
:10C6800005960EE00591042204970AE00591069EA6
:10C69000B18913223046F8F7C0FD01200490708064
:10C6A000032207AB20462946FFF726FD024608A8CD
:10C6B0000270002A07D060782946069BF5F7A6FB92
:10C6C000862009B0F0BD002F08D06168A0680089FD
:10C6D00000F023F8002801D00022ECE761680798F9
:10C6E00008AAFBF795FB0028EBD0842812D16068DC
:10C6F000A1684A890989059B9BB200950193029024
:10C700000A20049BFDF724FE0028DAD10020606097
:10C710008420D6E708A80278CDE7F0B58DB00D46A5
:10C720004F88F0F7C7F8002805D00446407C400643
:10C7300003D4B12034E0022032E021464C3105A878
:10C740001022E7F781FE083FB9B20C2202AE28465C
:10C750003346F2F7ADFD3078717809020818B178E8
:10C7600009044018F17809064118206F814201D868
:10C77000401C10D10191FAB205A809AE29463346F2
:10C78000F9F739FC02A8001D083608223146E7F700
:10C7900066FE002801D0052002E0019820670020F5
:10C7A0000DB0F0BD904201D8884201D212207047EE
:10C7B00000207047704700207047F0B5FFB08CB084
:10C7C0000C4605468B68CA88898807A8801D00F03A
:10C7D00034F8280702D5A068F0F78EF807A8418939
:10C7E000059101890391C18802910C3004900025C4
:10C7F000049EA8B2059988421CD231188AA80690D6
:10C8000002242246E7F720FEA81C80B2311889AF27
:10C8100038462246E7F718FE281D84B230193B88B7
:10C8200006990A8800900298039900F01CF838884D
:10C830002518DEE77FB00CB0F0BDB0B51C465B88B4
:10C84000150AC57082700A0A42700170591E017182
:10C850000A0A4271A589831D8AB2681C81B22046EA
:10C86000F2F726FDB0BDB0B5FFB083B01C466D46F3
:10C870002B73AA722972A8711B0A6B73120AEA72CF
:10C88000090A6972000AE87128460E308699224624
:10C89000E7F7DAFD20460A30A870000AE8700F209A
:10C8A0002871FF206870822028700C2068710E3477
:10C8B000A1B22846F1F746FB7FB003B0B0BDB0B5DA
:10C8C000FFB085B00C4605468B68CA88898802A8E7
:10C8D000801D00F011F8280702D5A068F0F70CF8C9
:10C8E00002ACA38962892189E0880E340094FFF7A5
:10C8F000BAFF7FB005B0B0BDF8B51C4617460E466E
:10C900000546588800909889401C81B21846F2F775
:10C91000ECFC0099C91E0A0AEA71A97128713A0A49
:10C92000EA70AF70320A6A702E70000A6871A089CE
:10C9300008358AB2C01C81B220462B46F2F7B8FCFB
:10C94000F8BD10B5FFB083B089886C46A01D00F01B
:10C9500014F8217A481DA070000AE07001202071AF
:10C96000FF2060708220207008206071093120460D
:10C97000F1F7E8FA7FB003B010BD017000228270B9
:10C98000090A4170704780B5022807D0012809D0F4
:10C99000002806D10020E5F731FD80BD0020FFF71B
:10C9A000A0F980BD0020FAF725FA80BD002070476D
:10C9B0000020704780B58088FFF70EF8002804D06B
:10C9C000BA21405C411E884180BD002080BD00200E
:10C9D0007047002070470020704780B5FEF7F0FFD9
:10C9E0003821415C002903D0007A411E884180BD76
:10C9F000002080BD80B50179407900024018FEF723
:10CA0000EBFF411E884180BD002070471CB589881E
:10CA10006C46E01C00F00BF80520A070132060703D
:10CA20000420207008212046F1F78CFA1CBD00225A
:10CA300002710122C27041700270090A8170704750
:10CA400000207047002070470020704770B50446F2
:10CA50002830EFF733F905462646C63620463C30E7
:10CA6000EFF72CF9002D02D03178C90704D1002846
:10CA700005D03078800702D52046F9F787FEF9F710
:10CA8000EFFE024670782146FEF796F870BD10B5AD
:10CA900001242146FDF7A9FF204610BDB0B504468C
:10CAA0000546BA35A878EFF73FF9BA2000212152A0
:10CAB000FF24AC70A87AFF2801D0EFF72DF9AC72F3
:10CAC000B0BD70477047F0B58DB002930192074634
:10CAD00042203C5A4B2080003D18786C0390E7F7C9
:10CAE00001FD01462846099100F089F805463846BF
:10CAF00000F092F893204600012D03D1384600F053
:10CB00008CF800E001200A90B819059038464230B0
:10CB1000079038462D3008903846803006900B97A5
:10CB2000FA37049700200C90A1B20B9F38460A9A5E
:10CB300000F0BEF8F96C41437A6C56187E640C998B
:10CB400041180C912418A5B23846294600F0B2F8D5
:10CB50000746002802D10998301AE5D4069A1068D1
:10CB6000802188431060079E3088A84205D9049828
:10CB700000880B99F83100F02DF93480002F089EC1
:10CB80001DD10B98416C039A8D1A294600F023F9A8
:10CB90000746002813D17078294600F02BF9074684
:10CBA00000280CD10B9829460C9A019C234600F0D2
:10CBB00047F90746206802990860002F06D03770B1
:10CBC00000200599087001200DB0F0BD0B9EB06FDC
:10CBD000002801D0C46900E000247836002C0CD075
:10CBE0002546E469287A0007F8D530462946F7F744
:10CBF00059F82846EFF780FEF0E70220E4E780B519
:10CC00008269531A01D4012080BDD2435218416871
:10CC10005018EBF79DF980BD7047F8B505462C20FC
:10CC2000285C0124032841D1288F00283ED02F46BC
:10CC30002C375426B85D800638D52846EBF762FDC0
:10CC400029462831884231D1B85D0006800F2DD1A8
:10CC50002846E3300078800728D42E46F636308800
:10CC6000002823D1B87801242146F7F746FC00902C
:10CC7000B8780021F7F741FC0099084302D1288FCA
:10CC8000441C13E09320400028180078C0070DD002
:10CC9000F88A718D081A81B2022907D3441EA1B205
:10CCA000288F401C82B2914200D30446A0B2F8BD46
:10CCB00010467047FEB50A46044693204300E05CE8
:10CCC000C10725462C3500297FD02746E237F98F4A
:10CCD0008A1A160404D010B2002876D52820FEBD8A
:10CCE000E61842B2002A0FD4410713D4000736D405
:10CCF000A878FFF760FD00285DD0A8780121002208
:10CD00001346EDF7AFFA56E0A878FFF7DAFE307871
:10CD10007F214EE0606CAF6F796840186064B9683D
:10CD20003A68287802280291019227D1687DEBF7B2
:10CD3000F8FD042801D0062800D102208000211827
:10CD4000786988650028029B019903D0984200D336
:10CD5000184620654808616C081860641AE0E96F9D
:10CD6000687DEBF709FE3878012804D1E96FBC34FF
:10CD70002046F3F71FFC3078F7211AE0F3F7D8FBD1
:10CD8000029B019961634068002803D0984200D358
:10CD900018462065F86820873869E16C0A186266D1
:10CDA000A066994203D0E3642046F7F775FB30781C
:10CDB000FB21014031703078FC210140881C30702B
:10CDC0001620EBF7E5FEE4F7B1FCA878FFF7F2FCDC
:10CDD0000020FEBD7047426E511A4166491E01D4C3
:10CDE000002070478021405C800601D508207047F4
:10CDF0003E207047FEB502910546F7F7BFFA074699
:10CE00007D20460400240194022C15D07879C007B7
:10CE10000FD0E1B22846F3F7A5F9FD21084208D06A
:10CE20003868411E0AD4B042314601D80299411AED
:10CE300039600C37641CE7E70198FEBD2220FEBD77
:10CE4000F0B587B00693059105464120285C132173
:10CE50000C01E221695C2E462C3601290DD1EBF73D
:10CE60000AFDF28A777D0023009301900293294600
:10CE7000BC313846F2F7BAFD10E01746EBF724FD57
:10CE8000049404464743F0783F18B8B2F2F7E2FD45
:10CE9000F070381B049C80B2F2F7DCFD01462F19BC
:10CEA000707DEBF750FE3078022811D12846EBF761
:10CEB0007DFC2846EBF73FFC707DEBF713FEE86C3A
:10CEC0003860288E401C2886686C0699086026E029
:10CED000AC6C688D0599F2F7CDFD0019A96C00299D
:10CEE00000D10D30E96C49083E39884201D908204B
:10CEF00016E0A8642C4614342046EBF757FC204675
:10CF0000EBF719FC707DEBF7B8FD2A46443207CAEF
:10CF10003A60401A06990860288E401C2886002036
:10CF200007B0F0BDB0B50D4604464120205CEBF7DC
:10CF3000F8FC022102460A43062A00D00146002DD1
:10CF40000BD020462C300078032807D0022804D1CB
:10CF500088002018806D002800D0B0BD4D208000D2
:10CF6000201801694269511A02688A42F5D0531AA1
:10CF700001D95908511A42689142EED30160B0BDFF
:10CF800070B504462C20205C2646AC3603280DD113
:10CF90004B2080002518284600F018F80146206D27
:10CFA000814202D2284600F011F870602046FDF759
:10CFB000CBFE2046FEF740FC2046FEF76CFC3168B5
:10CFC00014342046EBF71DFC012070BD0146896A30
:10CFD00000290ED0427D4B7D9342F8D38269CB6904
:10CFE000DB43D2184368D218F1D4C0698969081AA2
:10CFF00000E0406883387047B0B504462E20255CB9
:10D000002846FFF75FFD2846F3F778F8002803D19C
:10D010002E34E07CEEF788FE1620EBF7B9FDE4F73E
:10D0200085FBB0BD10B50C46F8F704FFC108C9B2C6
:10D03000012909D80722104001228240601883216B
:10D040004900435C1343435410BD70B401230024D2
:10D0500013E00168001D194202D04D466918491EAF
:10D060000C60091D121F042AFAD20D00960701D583
:10D070000C80AD1C1A4000D02C700268001D002AE4
:10D08000E7D170BC7047F1B4016841184368580893
:10D090000A1800988068DB0701D54B46C0189142FA
:10D0A0002DD00D78491C032403262E4002D10E7882
:10D0B000F61C491C2B090F2B07D10B780F33491C89
:10D0C00003E00F78491C0770401C761EF9D1002B35
:10D0D000E5D00E78491CAD082C40032C01D10C780A
:10D0E000491C24023419654244190025AE1E9E4293
:10D0F000D5D02678641C0670401C6D1CF6E700989D
:10D100000C30F2BC7047000043FFFFFF040000003A
:10D1100030000020600000005C000020EC040000F3
:10D1200060040020000000005FFFFFFF1F010000FF
:10D1300008000000C00000204FFFFFFF13010000A7
:10D140003002000094010020BD1A3CCDA6B89958C9
:10D1500099B740EB7B60FF4A503F10D2E3B3C974EC
:10D16000385FC5A3D4F6493F000C00020800110245
:10D1700000011703010D030101000101001302006A
:10D180000309000309000101000101000406001267
:10D19000020003090114180014180012030007010B
:10D1A0000107010005090105090106030206030044
:10D1B00006050014030009020209010008230010FB
:10D1C00002011002010D24020D09020D10000E04CF
:10D1D000000A04020A05000A05000F0B020F0B00EB
:10D1E0000B04010C0B00082B00031B00031B006C3D
:10D1F000888391AAF5A53860370BDB5A6083BEE6B9
:10D200009D350E480103CCDBFDF4AC1191F4EFB970
:10D21000A5F9E9A7832C5E2CBE97F2D203B0208B30
:10D22000D28915D08E1C742430ED8FC24563765C94
:10D2300015525ABF9A32636DEB2A65499C80DCFB1C
:10D24000349B5F8000008000100000F2C20001C02B
:10D25000100201060A0953506F7274535F58580F39
:10D26000FF3000011203101232041003F4070020F3
:10D27000FF0120150000FFFF03070800FB349B5F40
:10D28000800000800010000002290007B006000C9A
:10D290000E04100207001C43002A1C6101E002B4C6
:10D2A00001002024D20124F301E80D48D20424F225
:10D2B00002F424D2A624120090B0012207092443CC
:10D2C000882B2412010412C88C212FE148D2C948AE
:10D2D000F20218D8C3F52B24122424B1F88218685E
:10D2E000610112020C12E474D2034C6540D258441E
:10D2F000F20201446101214CF10748F00302C81118
:10D300000410000152FF01A11C615C12040812020A
:10D310003E21081146624804352330034000000FC7
:10D32000105371181114F00707410024F40027BDB1
:10D330000410046170E3B61214116C1806040101A4
:10D34000F806002048582108210421616108F007EF
:10D350000E500400203C04002000011377A4540068
:07D36000045905100104014E
:0400000510056B591E
:00000001FF
