:020000041004E6
:100000000000012039530610615606106356061091
:1000100000000000000000000000000000000000E0
:1000200000000000000000000000000065560610FF
:100030000000000000000000675606106956061018
:100040000F120410671804108728041027290410C1
:100050000000000000000000000000004734041011
:100060000F4704105F4B04104F4F04108F530410C0
:10007000935704107156061000000000A556061094
:10008000AB6304107B5606108D560610000000006E
:1000900085560610000000009D5606107D5606107D
:1000A000736404109556061087670410B369041032
:1000B000576D041000000000000000000000000068
:1000C00094310020085B00003C0008080600AA00EC
:1000D000F7000000FFFFFFFF6400021008040204A5
:1000E000F7000808520101020202020000010003A9
:1000F000000400000604000075AB05101D0400009C
:10010000B3AB0510010C0000EFAB0510150C00009F
:1001100019AC0510160C00005FAC05102D0C00008A
:100120009FAC0510480C000001AD0510490C000003
:1001300041AD0510630C00006FAD05107B0C000095
:100140009BAD05107C0C0000FFAD051001100000F8
:1001500059AE051002100000CBAE051003100000D0
:100160001DAF05100910000067AF05100514000051
:10017000B5AF05100120000015B0051002200000E9
:1001800043B005100320000097B0051005200000C3
:10019000DDB00510062000000DB10510072000009D
:1001A0006DB1051008200000A9B10510092000005C
:1001B000DDB105100A20000011B205100B2000006F
:1001C00043B205100C2000008DB205100D20000078
:1001D000C1B205100E2000007BB305100F200000F7
:1001E000A9B3051010200000EDB305101120000088
:1001F0001DB405101220000051B40510132000009A
:1002000083B405101420000017B505101520000058
:1002100049B5051016200000B5B5051017200000DF
:10022000EDB505101820000043B605101920000098
:1002300089B605101A200000D9B605101B20000051
:1002400025B705101C20000077B705101D20000001
:10025000BFB705101E200000F3B705101F200000D7
:100260002BB80510222000006BB8051023200000D9
:10027000C9B805102420000019B905102520000078
:1002800061B90510262000008DB905102720000057
:10029000B9B9051028200000F5B905102920000083
:1002A0002BBA05102A2000005DBA05102B20000093
:1002B00099BA05102C200000E5BA05102D20000089
:1002C00039BB05102E2000006DBB05102F2000004B
:1002D000ABBB0510302000001BBC05103120000016
:1002E00085BC051032200000BDBC05103320000085
:1002F0000FBD05103420000047BD0510352000005B
:1003000081BD051036200000B7BD05103720000064
:1003100041BE05103820000083BE051039200000C2
:10032000BDBE05103A2000004FBF05103B20000065
:1003300097BF05103C200000D5BF05103D200000F0
:1003400009C005103E2000003BC005103F20000002
:1003500087C0051040200000C3C0051041200000E8
:100360000BC1051042200000BDC105104320000054
:1003700007C2051044200000F3C20510452000000C
:100380004DC30510462000007FC305104720000024
:10039000BDC3051048200000F5C30510492000002A
:1003A0002DC405104A2000005FC405104B2000003A
:1003B0009DC405104C200000E3C405104D20000032
:1003C00039C505104E20000083C505104F200000E0
:1003D000BBC50510502000000BC6051051200000C1
:1003E0005BC60510522000009BC60510532000007C
:1003F000D1C60510542000002FC70510552000005D
:1004000089C7051056200000DFC7051057200000DF
:100410003DC80510582000008BC805105920000069
:10042000E3C805105A20000023C905105B20000016
:1004300083C905105C200000DBC905105D200000A9
:1004400041CA0510602000008BCA05106120000021
:10045000F3CA0510622000007FCB05106320000066
:1004600097CC051064200000D9CD05106520000050
:100470005DCE05106620000093CE051067200000B9
:10048000CDCE0510682000001BCF051069200000AC
:100490008DCF05106A20000017D005106B200000DA
:1004A00049D005106C200000ADD005106D20000073
:1004B000EBD005106E20000025D105106F20000044
:1004C00091D1051070200000DFD1051071200000CF
:1004D0002DD20510722000007BD205107320000081
:1004E000F9D205107420000077D3051075200000A4
:1004F000ADD30510762000006FD4051077200000E2
:10050000DFD40510782000001BD5051079200000ED
:100510007BD505107A200000C9D505107B2000008E
:1005200019D605107C20000077D605107D2000002C
:10053000ADD605107E20000017D705107F200000E3
:1005400095D705108220000027D8051083200000D1
:10055000C1D80510842000002BD90510852000008B
:1005600089D90510862000007DDA0510872000005B
:10057000F1DA05108820000057DB051097200000F5
:1005800093DB051098200000D3DB051099200000B4
:1005900011DC05109A20000047DC05109B200000AC
:1005A00079DC05109C200000B7DC051000FC000081
:1005B000EBDC051001FC00002FDD051002FC000043
:1005C000F3DD05100CFC0000C1DE05100DFC000081
:1005D000FDDE05100FFC00007FDF051014FC00009D
:1005E000C5DF051015FC000007E0051016FC000033
:1005F0003DE0051017FC00006FE0051018FC00003E
:10060000D3E005101CFC000011E105102BFC0000DC
:1006100057E105102CFC00009FE1051035FC00009F
:1006200001E2051036FC000043E2051037FC000033
:10063000CBE2051038FC000005E3051060FC00006B
:1006400045E3051000000000000000000500000068
:1006500019F6061000000000000000000000000075
:10066000000000001000000031F60610110000002C
:100670004BF60610000000000000000096C298D85B
:100680004539A1F4A033EB2D817D0377F240A463BB
:10069000E5E6BCF847422CE1F2D1176BF551BF37C4
:1006A0006840B6CBCE5E316B5733CE2B169E0F7C97
:1006B0004AEBE78E9B7F1AFEE242E34F00F00B10FD
:1006C00000080000AA02000000F80B10F807010063
:1006D0000000000096C298D84539A1F4A033EB2D54
:1006E000817D0377F240A463E5E6BCF847422CE144
:1006F000F2D1176BF551BF376840B6CBCE5E316B88
:100700005733CE2B169E0F7C4AEBE78E9B7F1AFE4B
:10071000E242E34FC4E8E9EAEBEDEEEFF0F1F2F389
:10072000F4F5F6F7F8F9FAFBFCFCFDFEFF00010218
:10073000030405060700000019560610255606108A
:10074000E954061071550610795306101F5406100F
:10075000020000000300000003000000060000008B
:1007600003000000030000003C00000070000000D7
:1007700070000000D003000070000000C301000002
:1007800000000000A1F70610CD690610000000006F
:10079000A5F7061075F70610896A0610A1F706106E
:1007A000516A061000000000A5F7061075F7061044
:1007B000AD5706103F1C04100F1E04104119041001
:1007C000371E0410311904109DF406103919041055
:1007D00061FC061079FC061041FB0610D98F06104B
:1007E000259106109D8B0610000000002FFF0610BB
:1007F0006D940610B9960610C7FF061099FC0610F6
:10080000D9FF0610E5FF0610E19E06104DA1061067
:100810002D0007106D99061000000000A9A8061011
:10082000D1A50610B9A706104F0007109DA306100A
:10083000030000004BF906101A0000007FF90610B3
:100840003000000065F90610000000002F060710B8
:1008500085C20610FF0507104706071031C10610B4
:10086000951804109D180410211A0410311A041050
:10087000291A04102BFA06106DFA06108587061047
:10088000000000007BFA06107D8606107DB406107D
:10089000F90407107DA906109D04071071050710C3
:1008A00061000710810707108B070710B1C90610F8
:1008B00029CA0610A7070710ED0607100000000060
:1008C000EF0C0710F5CA0610000000000000000041
:1008D000ADCD0610D50C07104F0D0710910B07106A
:1008E000000000006B0D07102F090710AD0C07105A
:1008F0001B0D0710250A0710000000000000000073
:10090000BB07071000000000BD0E071095D20610AF
:1009100000000000AD000610810D0710000000006F
:10092000ADDC0610E50F071000000000F10F071006
:10093000000000000000000025DD06103DD7061075
:10094000E90F071013100710C90E07100000000070
:1009500079110710C5E1061079100710000000009A
:100960000000000000000000C11107109F110710D7
:10097000A9110710CB11071061100710000000002B
:100980004F1207102D1207103712071059120710B7
:100990006D100710A04901800020704780B500F05D
:1009A00063FA00F02BFB01BDF0B587B00500002015
:1009B0006C4660711224FE2D05D10DA80078002828
:1009C00001D0122026E10C9F684602720E000492AC
:1009D000069339004AD1FE2D4BD0F02D23DA042E98
:1009E00021DC01A8801C009001AB02AAD21C02A944
:1009F000491C280000F072FB002800D0CDE06846BA
:100A0000C0881421014014290DD06846C0882040B8
:100A1000022808D06846C088C00605D5032E02D13A
:100A2000049820280EDBF4E0032E05D100243900C1
:100A3000280000F089FA85E0042E03D06846007A89
:100A40000028F0D06846407A00286DD0032EEDD003
:100A5000042E3CD10DA8007801900097069B6846B3
:100A6000027A0421280000F098F9D3E0012F39D14F
:100A7000FE2D2ED0042E1DDA03A8009001AB01AA92
:100A8000921C02A9491C280000F028FB002837D13D
:100A900068468089800703D46846007A002809D117
:100AA000684680892040122805D1032E02D104987F
:100AB000202806DBADE0032EB8D06846007A002877
:100AC000F8D06846407A00282ED0032EAED00C24F1
:100AD0009FE0012069464872032EF9D1049820282E
:100AE000A4DB96E0042EFCDC01A8801C009002AB85
:100AF0009B1C01AA02A9491C280000F0EFFA00285B
:100B00004BD1684600790028E1D00498FD28E8DA46
:100B1000032E8BD0042E9DD06846807A0028D6D133
:100B20006846007A002874D00024300007D0022ED6
:100B300005D001D3042E8DD000D278E702E0012049
:100B400069464871009703AB9B1C68464279017A5D
:100B5000280000F0B4F90590002803D16846007A17
:100B6000002806D16846C089049941182B4A914251
:100B700015DB0DA8007801900097002300220321C7
:100B8000280000F00AF93900280000F01EFA3900A8
:100B9000280000F0D9F907203CE0422439E06946FA
:100BA0000A7A0699059B181800F0F4FA6846C0897D
:100BB0006946097A4218022E12D0032E10D0012E57
:100BC00027D10DA80078019000970023002203216F
:100BD000280000F0E2F83900280000F0F6F918E0EB
:100BE0000DA8007801900097059B92B20321280080
:100BF00000F0D3F8040008D13900280000F0E5F92E
:100C00003900280000F0D6F903E03900280000F090
:100C10009BF9200007B0F0BD7206000073060000CB
:100C20001CB51A00049B002416E11CB51A00049B95
:100C300000240194012410E11CB500240194022435
:100C40000BE1F1B596B00D00140005A8402100F0AD
:100C5000BDFA16A80078F02814DA02A8009001ABBB
:100C600001AA521C01A9891C16A8007800F036FAC6
:100C7000060001D0422054E068460570002D01D0E6
:100C8000102D01DB12204CE000F018FA69460978BB
:100C9000884201D20C2044E0049469464E7000243E
:100CA00005AF16E000F0D8F9060020D0E0003818B3
:100CB0002978017069784170A9788170E978C170EC
:100CC000EA786968300000F065FA381DE1004650A6
:100CD000641C68460078039084420CDA0498E100B2
:100CE0004518E878FA28DDDB072069464870684631
:100CF0004478002511E06846017805AA16A8007816
:100D000000F06CFA04000BD0F3E7002105A8001DE9
:100D1000EA00805800F077F96D1C03988542F4DBF7
:100D2000200017B0F0BDF8B584B004000F00150026
:100D30001E000BA80078F82804DA00F0A5F903904B
:100D4000002801D107201AE00BA802780C9903981B
:100D500000F020FA039802900BA8007801900AA8EE
:100D60000078009033002A003900200000F050FA8B
:100D7000040003D00121039800F045F9200005B0DC
:100D8000F0BD80B5814201D000F0EAF8012002BD3B
:100D900080B500F038F9012002BD70B51500049A45
:100DA00016000AD1FE2804D11900E8B200F05CFB5D
:100DB00062BD2A0000F080FB62BD012A0BD1FE2833
:100DC00004D11900E8B200F0E7FB62BD1A00290067
:100DD00000F008FC62BD2A0000F054FC62BD80B542
:100DE00002000800D10706D5022100F05CF80128B6
:100DF00001D10C2002BD002002BDF8B5012817D199
:100E000000240F00160000E0641CBC4210DA06202B
:100E1000604335180021287800F045F8012805D0F6
:100E20000121287800F03FF80128EDD10C20F2BD17
:100E30000020F2BDE0B502000B000020019005E0AB
:100E4000E0B502000B00002001900120009003217A
:100E5000FE20FFF7A9FD0EBD01940094FFF7A4FD4D
:100E600016BD1800500150010020FF21504A2823D0
:100E70004343D21811701175401C0328F6DB7047EC
:100E800010B503290DDA0022494B28246143591873
:100E90000B78834201D1881810BD14220B7D834248
:100EA000F9D0002010BD80B5FFF7EAFF002802D07E
:100EB000C068002801D1002002BD012002BDFEB59E
:100EC00006000F0000241C8008A801783000FFF7FE
:100ED000D7FF05000BD108A80178FF20FFF7D0FF4E
:100EE00005001BD02E706C60AC60EC602C826846F4
:100EF000007900280FD1686800280FD1E868002821
:100F000001D000F045FC38001AD000F01BFC00288E
:100F100017D03C0015E0E868002801D10020FEBD94
:100F2000298AC91989B200F03FFC002805D0298A16
:100F3000029A1180298ACC1903E0E86800F028FCA5
:100F400000202C82E860FEBD10B5FFF799FF040079
:100F500005D0E06800F01CFC0020E060208210BD9D
:100F6000002800D1704738B5002500220023104921
:100F700028245443091914245C430C1961688142E4
:100F800006D0A168814207D05B1C012BEFDD0AE08F
:100F900000F0FEFB656031BD080000F0F9FBA560C4
:100FA000FF20207031BD521C022ADFDD31BD000060
:100FB000402F002080B5FFF763FF002804D0C168F0
:100FC00081600021C160018201BD80B5FFF758FF3B
:100FD000002803D0816841600021816001BD0100CB
:100FE00020000900010026000F0001002900050073
:100FF00001002F00100001004900100036480021B8
:1010000041600170704730B50122334B0024002944
:1010100002D001290FD030BDF921614359180831A0
:10102000884203D0641C082CF6D330BD5868A24017
:101030009043586030BDF92161435918FA25ED00FD
:101040004919884203D0641C082CEEDAF3E71878BB
:10105000A2409043187030BD10B500201E494A6868
:1010600001231400C4401C4002D0401C0828F8D3BF
:10107000082801D1002010BD834013434B60F922A2
:1010800050430818083010BD10B5002012490A78E6
:10109000012301248440224202D0401C0828F8DBAE
:1010A000082801D1002010BD834013430B70F922A2
:1010B00050430818FA21C900401810BD0021002033
:1010C000054A5368CB40DB0700D4401C491CCBB217
:1010D000082BF6D3C0B27047BC030020F0B585B032
:1010E000019300920391074600F0A8FB4D21415C5B
:1010F0004722920051438B1800250A990291AC189F
:10110000A34220D006687519AA21695AB94225461A
:10111000F5D13019014662390978039A11700146F8
:1011200078390988029A11800C49401804A900F006
:101130008DFB002809D00120009908700498007ADE
:10114000411E884104E0422005E00020009908701B
:1011500001990870002005B0F0BDC046E4FEFFFF15
:1011600070B4103A03D378C9103A78C0FBD2530751
:1011700001D318C918C001D508C908C0D20704D3C3
:101180000B880380891C801C002A01D50B78037012
:1011900070BC70478B0701D18307E1D0124205D0A4
:1011A0000B78491C0370401C521EF9D17047010096
:1011B00020000900010026000F00010029000500A1
:1011C00001002F001000010049001000002200BFA4
:1011D000094202D0491E4254FCD170477CB51446E6
:1011E0000D4606460120022100F03EFB002800D0FB
:1011F0007CBD01210F22284600F044FB0028F7D1D6
:10120000684646700570019400F0D3FC7CBDFEE793
:10121000F0B591B01C4617460D46109001200221F2
:101220000E9000F021FB002821D117980D90002688
:10123000894A10983146894B98470A950C900F942B
:101240007F24384631462246844DA8470B970746EF
:101250000C9807430F9831462246A84704463C4362
:10126000FB220D983146A84720430F9C01D011B0B6
:10127000F0BD0C96109801F0D7F9002814D0169FF5
:101280007B1C466C316E1090726E5A4350180002EF
:101290002721CD004019724901F0F5F9F16D401A8E
:1012A0003F3803D41220E2E74220E0E7099508978F
:1012B00048360B98314601F03DFA2146044608466F
:1012C000314601F037FA01460C20002CCFD000291E
:1012D0000D9A0A9DCBD010980146B131466C6C2016
:1012E000305A097801F03AFA0446706E0002099902
:1012F00040185B4901F0C7F9C04320183E3001D4C3
:101300004520B4E7189C0F980B9A824208D10D989B
:101310000090019410982946089B01F02DFAA6E749
:101320001098416C74200591095AA9420C9B0D9E9E
:1013300007D246204B4A954299D100290C9B0D9E1D
:1013400095D106941098723007901A46059B1C465A
:101350006F34184674300990039424787C330493D6
:101360006F1C0A92029707980388BAB246209342EC
:101370004AD8099A927808D10F9D0B9B9D4243D27F
:10138000E3B2AB423B460CD93EE00B9DAA423BD3B5
:10139000E5B20F9EB54203D90B9DAE4234D25B1C21
:1013A0000D9E89B29DB28D4202D10F9882422ED0FD
:1013B0000A98002802D0462022461DE0049F3846A5
:1013C00029460F9E324601F02DFA002800D04EE744
:1013D0000D98009006980190384629463246089BA1
:1013E00001F034FA0C90FF2834D0039802780020E2
:1013F0000E990A910D9E029FD1B2E3B28B4203D0A7
:10140000099801881446AEE7059C0C9F13E0059CE3
:101410000A9800280C9F06D0F8B20C224243A0186C
:101420008222FF23835400960698019010980F9A09
:10143000089B01F0A1F9002800D118E70A990029BA
:1014400000D114E7F9B20C224A43A1188222FF23EB
:101450008B540CE707200AE7FF0E000085180410E4
:1014600071020000FFFF0000F8B50C46054600F0D1
:10147000E5F9074601F008FA0D4E304601F022FA70
:101480000C4988420AD101F039FAFF280DD04721D2
:101490008900414338684018AA214652032130464A
:1014A0002A46234600F008F8F8BD0120F8BDC046E2
:1014B000FCFF0000FFFF0000FEB5029314460F463C
:1014C000054600F0BBF906463148854201D11F2090
:1014D00007E00120022100F0C7F9002800D0FEBD7E
:1014E0002C481221A04201D20846FEBD0191284697
:1014F00001F0E8F947218900414330684618204649
:10150000314600F0FCFC0028E9D1BA20315C3820DB
:10151000305C042F12D1002937D00028019A20D046
:101520001B4885421DD1F08D00281AD0A420305AC6
:101530001021014021431046D1D10CE03546383509
:10154000002910D0032F06D102202870F486002035
:10155000B08602983063A236304601F0E5F90020EB
:10156000FEBD1046FEBD374628370028029A05D03A
:101570003968A120029A01F0E7F9029A3A60012045
:101580002870F4850020B085FEBD0198FEBDC046E0
:10159000FCFF000072060000F8B50C46054600F09E
:1015A0004DF9074601F070F90C4E304601F08AF90A
:1015B0000B4988420AD101F0A1F9FF280CD047213C
:1015C0008900414338684018AA21465230462946CE
:1015D000224600F007F8F8BD0120F8BDFCFF00002E
:1015E000FFFF0000F8B514460D46074600F026F947
:1015F00006462248874201D11F2007E00120022130
:1016000000F032F9002800D0F8BD1D48A84201D2F0
:101610001220F8BD384601F055F9472189004143B1
:10162000306846182846314600F069FC0028EBD1A6
:10163000BA20305C002809D04C20022131544A20C5
:1016400035524821002070527464F8BD4C20305C43
:1016500032464C3237463C37002806D03968A12044
:101660000092224601F070F9009A42203552402142
:10167000002070523C6001211170F8BDFCFF000099
:101680007206000080B500F078FA80BD6A4A5160A9
:1016900011600880108100204880486070476649CA
:1016A0000A68904203D14068086070470A00002A27
:1016B00004D051688142F9D140685060704770B5DC
:1016C0005D490A68002825D0002A01D1020021E0E6
:1016D000904202D24260020012E0140000E02C00AE
:1016E0006568002D01D0A842F9D245606060258868
:1016F0006619864204D1466866600688AD19258061
:10170000456804880319AB4204D16B6843602B8899
:10171000E31803800A6070BD10B502000C00108849
:10172000011B8BB20D2B0CD32000083880088000E1
:10173000101808300180002141804160FFF7BFFF91
:10174000200010BD38B500253B490968401E032420
:101750000443641DA4B209E00888A04205DB002D03
:1017600002D02A88904200D20D0049680029F3D1A6
:10177000002D0BD02800FFF792FF21002800FFF773
:10178000CBFF288001206880281D32BD002032BD9B
:10179000002800D1704780B50021831E19800160A8
:1017A000001FFFF78CFF01BDF8B504000E00701E8E
:1017B00003210143491D271F38888BB2984204D367
:1017C00089B23800FFF7A8FF1FE0091A6A461180A6
:1017D000001F800880002518174841680089800094
:1017E0000818854214D26888002811D128886946D3
:1017F000098888420CD32800FFF751FF684601880A
:101800002800FFF789FF3988081838802000F2BDCA
:101810003000FFF797FF05000BD03A88121F92B2F5
:10182000964200DA3200210001F0C8F82000FFF7EC
:10183000AFFF2800F2BD00004031002002480068E0
:10184000902140587047C0468031002010B50C46AA
:1018500001F00BF9002804D02068C06F411E8841B8
:1018600010BD002010BDFEE7054A12683523D35C89
:10187000034201D00C2070473532117000207047B0
:1018800070310020904201D8884201D21220704766
:101890000020704780B501F0F5F802BD80B501F079
:1018A00011F902BD80B501F02FF902BD80B501F03C
:1018B0002DF902BD80B501F02BF902BD80B501F014
:1018C00029F902BD80B501F027F902BD80B501F00C
:1018D00025F902BD80B501F023F902BD80B501F004
:1018E00021F902BD80B501F01FF902BD80B501F0FC
:1018F00073F902BD80B501F08BF902BD80B501F02E
:10190000C1F901BD1CB56C46247D01946C46247C54
:10191000009401F021FA13BD80B501F0CDFA01BDAC
:1019200080B501F00FFB02BD80B501F03FFB02BDA9
:1019300080B501F043FB01BD80B501F05BFB01BD4B
:1019400080B501F073FB01BD80B501F0C5FB01BDA1
:1019500080B501F0C9FB01BD80B501F0CDFB02BD32
:1019600080B501F00AFC01BD80B501F015FC01BD98
:1019700080B501F03FFC01BD80B501F04FFC01BD19
:1019800080B501F0C5FC01BD1CB56C46247C0094FB
:1019900001F0FAFC13BD80B501F03EFD02BD80B53B
:1019A00001F052FD01BD80B501F05EFD01BD80B5C5
:1019B00001F098FD01BD80B501F0A0FD01BD80B52D
:1019C00001F0D0FD02BD1FB5089C0294079C019454
:1019D000069C009401F0D8FD04B010BD1CB5059C18
:1019E0000194049C009401F009FF16BD1CB56C46DF
:1019F000247D01946C46247C009402F017F816BDF7
:101A000080B502F069F802BD80B502F067F802BD4A
:101A100080B502F065F801BD80B502F0E1F802BDC5
:101A200080B502F0DFF802BD80B502F0D7FB02BD41
:101A300080B502F0D9FB02BD80B502F001FD01BD09
:101A400080B502F01DFD02BD80B502F03FFD01BD75
:101A500080B502F073FD02BD80B502F093FD02BDBA
:101A600080B502F0E9FD02BD80B502F007FE01BDC0
:101A700080B502F025FE02BD80B502F049FE01BD31
:101A800080B503F053F802BD80B503F069F802BDDC
:101A900080B503F083F802BD1CB5049C009403F0EC
:101AA000C1F816BD80B503F005F902BD80B503F09D
:101AB00033F902BD80B503F055F902BD80B503F0DE
:101AC000A5F901BD80B503F0FDF902BD80B503F0B5
:101AD0001BFA01BD80B503F03BFA02BD1FB5089C9F
:101AE0000294079C0194069C009403F069FA1FBDC0
:101AF00080B503F07BFB02BD80B503F0DDFB02BDCA
:101B000080B503F0F6FB01BD80B503F003FC02BD18
:101B100080B503F019FC01BD80B503F039FC01BDAF
:101B200080B503F015FD02BD80B503F068FD02BD70
:101B300080B503F0ADFD02BD1FB5099C0394089C60
:101B40000294079C0194069C009403F0EFFD04B0FE
:101B500010BD1CB5059C0194049C009403F01AFE72
:101B600016BD80B503F072FE01BD80B503F094FE92
:101B700001BD80B503F026FF01BD80B503F036FF3F
:101B800002BD80B503F0C4FF02BD80B504F03AF990
:101B900002BD80B504F078F901BD80B504F0C6F946
:101BA00002BD80B504F0C4F902BD80B504F0E4F9CB
:101BB00001BD80B504F05CFA02BD80B504F09AFB6B
:101BC00002BD80B504F0B7FB01BD80B504F0BFFBDA
:101BD00001BD80B504F0E7FB02BD80B504F0E6FB73
:101BE00001BD80B504F016FC01BD80B504F02EFCEB
:101BF00001BD1CB5049C009404F03CFC16BD80B5EE
:101C000004F0FCFC01BD80B504F0BEFD01BD80B553
:101C100004F0C2FD01BD80B504F0E2FD02BD80B557
:101C200004F02AFE02BD80B504F060FE01BD80B55F
:101C300004F068FE01BD80B504F0AEFE01BD80B5C4
:101C400004F0B8FE01BD80B504F078FF02BD80B598
:101C500004F076FF01BD80B504F09CFF01BD80B5A6
:101C600004F0B4FF01BD80B504F0C6FF01BD80B52E
:101C700004F0DAFF01BD80B504F0EEFF01BD80B5D0
:101C800004F0F4FF02BD80B504F0FAFF01BD80B599
:101C900005F012F801BD80B505F046F802BD80B52B
:101CA00005F04AF801BD80B505F056F801BD80B5D4
:101CB00005F066F801BD80B505F076F801BD80B588
:101CC00005F086F802BD80B505F0CAF801BD80B503
:101CD00005F0A2FA01BD1CB56C46247C009405F009
:101CE000A9FA13BD80B505F0CFFA01BD80B505F0A6
:101CF000E1FA01BD80B505F051FB02BD80B505F0EC
:101D00006BFB02BD80B505F083FB02BD80B505F01D
:101D1000A9FB02BD80B505F0EFFB01BD80B505F064
:101D20001FFC01BD80B505F04FFC01BD80B505F07D
:101D300053FC01BD1CB5059C01946C46247C0094A9
:101D400005F098FC13BD80B505F072FD01BD80B5AE
:101D500005F0B4FD01BD80B505F012FE01BD80B5F2
:101D600005F082FE01BD80B505F0C2FE01BD80B563
:101D700005F0DCFE01BD80B505F034FF02BD1CB5E9
:101D80006C46247C009405F087FF13BD80B505F0F8
:101D9000CDFF01BD80B505F0D4FF01BD80B505F0D4
:101DA000E1FF01BD80B505F0F4FF02BD80B506F08E
:101DB0003BF801BD1FB5099C0394089C02946C4636
:101DC000A48B0194069C009406F036F81FBD80B5E4
:101DD00006F077F801BD80B506F07EF802BD80B54B
:101DE00006F090F801BD80B506F0B8F801BD80B5E9
:101DF00006F0C4F802BD80B506F009F902BD80B551
:101E000006F008F901BD80B506F012F901BD80B5F4
:101E100006F05CF901BD80B506F0D2F901BD80B5D0
:101E200006F0DCF901BD80B506F030FA01BD80B5E1
:101E300006F086FA01BD80B506F08AFA01BD80B5CC
:101E400006F014FB01BD80B506F040FB01BD80B576
:101E500006F061FB01BD80B506F07AFB01BD80B5DF
:101E600006F0AAFB01BD80B506F0C8FB02BD80B537
:101E700006F0DEFB01BD80B506F05CFC02BD80B55E
:101E800006F052FD01BD80B506F056FD02BD80B5DD
:101E900006F068FD02BD80B506F066FD01BD80B5A7
:101EA00006F0ACFD02BD80B506F0FCFD01BD80B5BD
:101EB00006F000FE02BD80B506F006FE02BD80B54C
:101EC00006F020FE01BD80B506F092FE01BD80B592
:101ED00006F0D6FE01BD80B506F028FF02BD80B534
:101EE00006F070FF01BD80B506F0B4FF01BD80B5FE
:101EF00006F0ECFF02BD80B507F020F802BD80B50A
:101F000007F03EF802BD80B507F058F802BD80B575
:101F100007F0D6F802BD80B507F0D4F802BD80B551
:101F200007F02AF902BD80B507F080F902BD80B53F
:101F300007F098F902BD18B587B010AC2478069464
:101F40000FAC247805940EAC247804940DAC24785E
:101F500003940CAC247802940BAC247801940AAC62
:101F60002478009407F008FA08B010BD80B507F097
:101F700031FA02BD3EB56C46247F01946D461824AB
:101F80002C57009407F02AFA3EBD80B507F02EFAD0
:101F900002BD10B58CB0199C0B9418AC24780A942F
:101FA00017AC2478099416AC2478089415AC2478DE
:101FB000079414AC2478069413AC2478059412ACDE
:101FC0002478049411AC2488039410AC24880294DF
:101FD0000FAC247801946C46248F009407F014FA17
:101FE0000CB010BD1FB5099C039408AC2478029472
:101FF0006C46A48B01946C46247E009407F02CFA66
:1020000004B010BD80B507F03BFA02BD80B507F003
:102010003BFA02BD10B588B0119C079410AC24782F
:1020200006940FAC247805940EAC247804940DAC7F
:10203000247803940CAC247802946C46A48D01940B
:102040006C46248D009407F023FA08B010BD80B5CB
:1020500007F03AFA02BD80B507F03AFA02BD80B542
:1020600007F03AFA02BD18B587B0109C06940F9C91
:1020700005940EAC247804946C46A48E03946C46AC
:10208000248E02940BAC247801940AAC247800943A
:1020900007F026FA08B010BD10B588B0119C07945F
:1020A000109C06940FAC247805940EAC247804940C
:1020B0000DAC247803940CAC247802946C46A48D67
:1020C00001940AAC2478009407F080FA08B010BD9F
:1020D00080B507F009FB02BD80B507F02FFB02BDFC
:1020E00080B507F02FFB02BD80B507F02FFB02BDC6
:1020F00080B507F02FFB02BD80B507F03BFB02BDAA
:1021000080B507F04DFB02BD80B507F07FFB02BD37
:1021100080B507F083FB02BD80B507F0B5FB02BDBB
:1021200080B507F0B9FB02BD80B507F0C9FB02BD61
:1021300080B507F0D4FB02BD80B507F0DBFB02BD24
:1021400080B507F0DBFB02BD10B588B011AC248868
:10215000079410AC248806946C46A48F05946C46B2
:10216000248F04946C46A48E03946C46248E0294AF
:102170000BAC247801940A9C009407F0CBFB08B0C8
:1021800010BD80B507F0F9FB02BD1CB5059C01949C
:102190006C46247C009407F0F4FB16BD1FB5099C27
:1021A000039408AC24780294079C01946C46247E26
:1021B000009407F000FC04B010BD1CB5059C019410
:1021C0006C46247C009407F043FC16BD80B507F0F4
:1021D00047FC02BD1CB5059C01946C46247C009410
:1021E00007F042FC16BD1CB5049C009407F044FCAB
:1021F00016BD80B507F046FC02BD1CB56C46247CBC
:10220000009407F043FC16BD80B507F045FC02BD05
:1022100080B507F045FC02BD80B507F045FC02BD66
:1022200080B507F05FFC02BD80B507F06AFC02BD17
:1022300080B507F075FC02BD80B507F08DFC02BDCE
:1022400080B507F0AFFC02BD80B507F0AFFC02BD62
:1022500038B58CB01B9C0B941AAC24780A9419AC3A
:102260002478099418AC2478089417AC247807943F
:1022700016AC247806946D4654242C57059414AC5F
:1022800024780494139C039412AC2478029411AC27
:102290002478019410AC2478009407F08BFC0DB0E6
:1022A00030BD38B58EB01F9C0D941EAC24780C94B4
:1022B0001DAC24780B941CAC24780A941BAC2478B5
:1022C00009941AAC2478089419AC2478079418ACB3
:1022D000247806946D465C242C57059416AC24781B
:1022E0000494159C039414AC2478029413AC2478C1
:1022F000019412AC2478009407F07EFC0FB030BD3E
:1023000080B507F02FFD02BD80B507F02FFD02BD9F
:1023100080B507F079FD02BD80B507F083FD02BDF1
:1023200080B507F08CFD02BD80B507F093FD02BDBE
:1023300080B507F093FD02BD80B507F093FD02BDA7
:1023400080B507F097FD02BD1FB5089C02946C464E
:10235000247F0194069C009407F094FD04B010BD06
:1023600080B507F0A1FD02BD1FB5099C0394089C30
:102370000294079C0194069C009407F099FD04B018
:1023800010BD80B507F0A1FD02BD1CB5049C0094F2
:1023900007F09FFD16BD80B507F0A1FD02BD80B519
:1023A00007F0A4FD02BD80B507F0A4FD02BD80B515
:1023B00007F0A4FD02BD1CB56C46247C009407F018
:1023C000A1FD16BD80B507F0A3FD02BD80B507F0E5
:1023D000A3FD02BD80B507F0A3FD02BD80B507F0E7
:1023E000A3FD02BD80B507F0A3FD02BD80B507F0D7
:1023F000B7FD02BD18B585B00CAC247804940BACC5
:10240000247803940AAC2478029409AC24780194CB
:1024100008AC2478009407F0C1FD06B010BD80B56B
:1024200007F044FE02BD80B507F054FE02BD80B542
:1024300007F056FE02BD1CB56C46247C009407F0E4
:1024400065FE16BD80B507F06CFE02BD80B507F0D5
:102450006CFE02BD1CB56C46A48A01946C46247CBB
:10246000009407F066FE16BD80B507F06AFE02BD57
:1024700080B507F06AFE02BD80B507F06AFE02BDB6
:1024800080B507F06FFE02BD1CB56C46248A00942F
:1024900007F06CFE16BD80B507F074FE02BD80B576
:1024A00007F092FE02BD80B507F09DFE02BD80B52B
:1024B00007F09DFE02BD80B507F0A0FE02BD80B50D
:1024C00007F0AEFE02BD80B507F0BCFE02BD80B5D0
:1024D00007F0C0FE02BD80B507F0C7FE02BD80B5A3
:1024E00007F0CEFE02BD80B507F0D6FE02BD80B576
:1024F00007F0E3FE02BD1FB508AC247802946C46D9
:10250000A48B01946C46248B009407F0E1FE04B088
:1025100010BD80B507F0F5FE02BD80B507F0FCFEEA
:1025200002BD80B507F005FF02BD80B507F00FFFC3
:1025300002BD80B507F01CFF02BD80B507F027FF84
:1025400002BD80B507F036FF02BD1CB56C46247C89
:10255000009407F033FF16BD80B507F048FF02BDB9
:1025600080B507F059FF02BD80B507F06AFF02BDD4
:102570001FB56C46248C02946C46A48B01946C4667
:10258000248B009407F073FF04B010BD1CB56C469B
:10259000248A009407F076FF16BD1CB56C46A48A09
:1025A00001946C46248A009407F072FF16BD80B532
:1025B00007F076FF02BD1FB5099C039408AC247890
:1025C00002946C46247F01946C46247E009407F0AC
:1025D0007EFF04B010BD80B507F098FF02BD1FB5A7
:1025E000099C039408AC247802946C46247F0194DF
:1025F0006C46247E009407F0A2FF04B010BD30B5F5
:1026000085B06D4630242C5704940B9C03940AAC7F
:102610002478029409AC2478019408AC24780094BE
:1026200007F0AFFF05B030BDB0B504460025284621
:1026300007F0CAFF0649897F491C491E06D07A2245
:10264000825AC030A242F8D1C038B0BD2846B0BDD1
:10265000C0300020F446002804D4494200F013F8AA
:10266000404260474042002905D45FD000F00BF89B
:10267000404249426047494200F005F849426047FC
:1026800003460B43E6D40022030A8B420BD2030914
:102690008B4219D243088B422ED2411A00D20146F6
:1026A000524110467047FF2209023FD012068B426A
:1026B00005D3121209028B4201D312120902030937
:1026C0008B4219D300E0090AC3098B4201D3CB0125
:1026D000C01A524183098B4201D38B01C01A524167
:1026E00043098B4201D34B01C01A524103098B426B
:1026F00001D30B01C01A5241C3088B4201D3CB0056
:10270000C01A524183088B4201D38B00C01A524138
:1027100043088B4201D34B00C01A5241884200D378
:10272000401A5241CFD201461046704708B507F013
:102730005BFF08BD202801D2002209E0602801D3F8
:10274000032200E00222402800D201221F23184069
:1027500092008958C14001200840704780B50B465F
:10276000400601D5032000E001208018C1B20022FC
:10277000184607F03BFF80BDF0B587B006931646BC
:102780000F46446C25467C35284600F04BF800285F
:1027900044D105970496206E616E069A514308183D
:1027A00000022721C90040181D49FFF76CFF216F67
:1027B0004718FE4307F0C6FF81194620B5312DD5D5
:1027C0003E46234674342188059FB94226D10390A2
:1027D000A078049A90421CD139461F461C46DD342D
:1027E0000D980C9B009301902846069B00F02EF854
:1027F0002070FF280FD00F223846314607F0D0FF57
:1028000000280AD020780C21414378187C3007F04A
:10281000F3FF039802E0072000E0002007B0F0BDBE
:1028200071020000B0B55F23DB43002B0AD0C4184F
:102830006425655B8D4203D16625645D944203D0B7
:102840000C33F2E70020B0BD0C20B0BDFCB5009207
:1028500001910025089F079A2C46602D06D0461945
:10286000B179FF2904D00C35641CF6E7FF2408E099
:1028700072B647513272F3710098B0710198B0800E
:1028800062B6E0B2FCBDFEE71FB50C4800F01AF8D6
:102890000B49884210D16C46002121720120C002F0
:1028A000208007200002019020460930062207F010
:1028B000B6FE204607F0AAFF1FBDC046FCFF000081
:1028C000FFFF000070B50446FEF7B8FF4D21415CE4
:1028D000094D0022AA2391420BD00668F65AA6425F
:1028E000164600D02E464725AD005B19521C3546D2
:1028F000F1E7A8B270BDC046FFFF000010B5FEF7BB
:102900009DFF4D21425C0021AA238A4208D0046821
:10291000E45A240B05D14724A4001B19491CF4E7F1
:10292000FF21C8B210BDFEE710B50446002007F035
:10293000E5FF044901402088401A424242414A4092
:10294000228010BDFF0F0000F8B50446C0062DD44C
:1029500016460D46184800686107C90E4018006900
:1029600034220423214607F0D1FF002820D001465D
:102970000A300671057000274F7210220A72CF715B
:102980000A228A71FF224A7182220A71320EC271B2
:10299000320C8271320A42712A0EC2702A0C827085
:1029A0002A0A4270204608F00DF802E0862700E06F
:1029B00007273846F8BDC046743100208B0707D082
:1029C000521E22D30B78491C0370401C8B07F7D191
:1029D000830730D0DB4219D0401E121F08D308C92C
:1029E00043701B0A43801B0C0371001D121FF6D29B
:1029F000D20707D30B88437001D08A78C2701B0AB4
:102A00008370704701D00B7843707047121F06D354
:102A100008C903801B0C4380001D121FF8D2D20787
:102A200005D30B88038005D08B788370704701D065
:102A30000B780370704770B4103A03D378C978C02C
:102A4000103AFBD2530701D318C918C001D508C9E1
:102A500008C0D20704D30B880380801C891C002A7D
:102A600001D50B78037070BC7047002807D0006D4B
:102A7000002804D0406D0860411E88417047002046
:102A800008607047B0B508688324002100280AD088
:102A9000C5690024C46107F0A2FF0121002828466F
:102AA000F4D083240AE0C80708D072B6044800684E
:102AB0008521425C521E425462B60024E0B2B0BD91
:102AC0008031002010B50C68207BC00708D00021A1
:102AD0000122204607F091FF207BFE210140217357
:102AE000204607F09DFF002801D0832010BD72B65C
:102AF000044800688421425C521E425462B60020A1
:102B000010BDC0468031002001207047032070476F
:102B10000120704701207047012070470120704755
:102B20000120704701207047F0B54278002A30D06C
:102B300001460078022801D90C20F0BD1220022A9B
:102B400004D3142A02D88E78022E00D9F0BD4B7916
:102B5000012B07D124231F4CE55C1123092D16D22C
:102B60001846F0BD002E14D009790229EED34B2966
:102B7000ECD82320174A125C4B2A104600D34B2076
:102B8000022A00D20020884203D21120F0BD002E7C
:102B900001D00020F0BDCE78771E012FD6D809795C
:102BA0000229D3D34B29D1D8522D00D35225083D29
:102BB0006E43B01D80088242D2D82320225C4B2A6B
:102BC000104600D34B20022A00D20020884218462B
:102BD000BCD3DEE7C030002070B50B4C01250422C9
:102BE0002046294607F050FF084E30600622204656
:102BF000294607F049FF3168086030680168002005
:102C000088804880087070BDBC3000206C31002086
:102C1000F8B5184C01250422174E20462946B04726
:102C2000164F3860102220462946B04739680860A0
:102C30000C2220462946B04739680968C860104D03
:102C4000E98924222046B047014638680268D068E6
:102C500081600021082903D000235352891CF9E721
:102C6000E989D18000211181E989418007F01EFFA7
:102C7000F8BDC046BC30002089AA0410883100206D
:102C8000C0300020F0B589B00546C87D012861D16B
:102C90000C462F462C37294680313878022805917A
:102CA00006D1A068C11C06A80A2207F0B4FC1CE0EB
:102CB0006068C11C06AE0A22304607F0ACFCB3883F
:102CC0003188E86CF2883689009201960A4607F04E
:102CD00008FF002809D0B87807F02CFF0598406855
:102CE000016801229143016032E02E46F43606A8C5
:102CF000018800890003F2888A4212D106AA9288CC
:102D00002B8F934211D106AAD28804923288039362
:102D1000049B9A42039B07D1AA6E82421A4604D1B1
:102D200011E006AA928800E01A462A87F1806866B8
:102D3000A86606A8C0887080308001200002059A2D
:102D4000116801431160F98A06A807F005FFB080F9
:102D50000020E07509B0F0BDF0B589B0012B00D0BE
:102D6000A1E000AB07C30F980E99039129214F4CA6
:102D7000615C4A1E9141E27F089207F005FF0690D0
:102D8000E67A049601271821494C3846A047234685
:102D9000484C216890254959C863402138469847D6
:102DA00021684959C96B0860572084003046214684
:102DB0003F4A90473F4909684959C96B486008989C
:102DC000874007F0EBFEF8B20821394A90473949AD
:102DD000096808954959C96B0968242200268E5450
:102DE000086224314F700594049844430794069D6B
:102DF000089C0798B0421BD001273846294607F0A7
:102E000003FF2C4909680959C96B4968891984224B
:102E100088503846294607F0F7FE264909680959BF
:102E2000C96B496889198822885005983618E0E7E7
:102E300000980128049C09D10E21204607F0E4FEE9
:102E40001C490968089A8958C96B8860019801284B
:102E500009D10821204607F0D7FE16490968089ACB
:102E60008958C96BC860029801280FD124212046D7
:102E700007F0CAFE0F4D2968089A8958C96B086186
:102E80000120112107F0C0FE296808660398012877
:102E900009D11C21204607F0B7FE06490968089AA7
:102EA0008958C96B486109B0F0BDC046C0300020E8
:102EB00009AC041080310020FEB502910190204839
:102EC000006800273C4690254159C96B09682422B7
:102ED0008A5C944232D2096ACA5D012A0FD1CE19A6
:102EE000B279C0231340402B09D1C959726800231D
:102EF000029807F093FE002804D1114800680837B3
:102F0000641CE0E70198076840680290304607F0CB
:102F1000A9FE064672B60A4800684059C06B0068B0
:102F20002030E1B207F0C4FE3846029C214607F08B
:102F3000DDFE62B6B4203750B4367460FEBDC046C4
:102F400080310020F8B516460F46044607F0E2FE31
:102F50000546F820225A3846294607F0E6FEA842E0
:102F600001D1464302E0711E4D432E180125012E6A
:102F70001AD009204701204607F0E8FEB04201467A
:102F800000D33146E219002800D131469079C007BC
:102F900009D0423420881288101A80B2022803D344
:102FA000451E8D4200D30D462846F8BDB0B50446F7
:102FB000322507F0F9FE44550020B0BD70B500245D
:102FC000204607F0FBFE0546094E30683421415C7F
:102FD0008C420CD2E321695CC90703D0284607F074
:102FE000FBFE3068572189006D18641CEEE770BD48
:102FF0007031002070B50024204607F0DFFE054642
:10300000094E30683421405C84420CD2284607F0D7
:1030100085FF002802D0284607F080FF5720800057
:103020002D18641CEDE770BD70310020F8B5002448
:10303000204607F0C3FE05460126264A27461068AB
:103040003421405C84423DD22C20285CFE2101408A
:1030500002292BD1284608F0D1F90028304623D187
:103060002846FEF79FFE002830461DD12846FEF771
:103070005AFF0028304617D1E0B20090FEF7ABFEB1
:103080000028304610D10098FEF7B1FE00283046E7
:103090000AD12846FEF760FC0028304604D100988B
:1030A000FEF7E9FE411E88410A4A00E00020411E69
:1030B00088413906374600D10746572080002D1831
:1030C000641CBCE7380603D00320012108F0B2F9E4
:1030D000F8BDC0467031002080B50920014908F0D4
:1030E000BDF980BDE15A061080B508F0BFF9002196
:1030F000082207F094FA80BD70B505462E20285CA2
:1031000008F0B4F90446407918210140082931D16A
:103110002E356088002805D0A98A2288D24351180C
:1031200089B200E00021814201D2012623E0E87C3F
:1031300008F034FC02210143062903D160790821FB
:10314000884316E00126304608F0B4FD002812D06E
:10315000024638200921115420791070607903212A
:10316000014051702878012108F0ACFD61791020F0
:10317000084360710026304670BD10B50C4608F05B
:1031800075F981798A0606D5BF22114022014023B4
:103190001340C918817110BD70B50E46054608F080
:1031A00065F90446304608F0F9FBA1790A0710D505
:1031B0000222104306280CD1F7200140A17160794A
:1031C000C00606D501210922284608F097FD0028EF
:1031D00000D070BD012609222846314608F0A0FD26
:1031E00002462846314608F0BBFDA079EF21014098
:1031F000A17170BDB0B50D4608F038F9044680796C
:1032000080060AD5284608F0D0FB02210143062992
:1032100003D1A0799F210140A171B0BDF0B58BB061
:103220000C46064608F00CFA012869D108F0FEF9B0
:10323000002865D1354641353046E430099008F024
:10324000C9FD08902F78002C0A9403D1384608F065
:1032500067FB441C0794708F0690384608F09EFB6D
:103260000490384608F083FB0590002609988057A3
:10327000029008F0F6F909900127E85B039008F046
:10328000DAF902461F4800683621415C89060A9C2B
:1032900036D53630C07A800632D508980068089056
:1032A0001948006840699100019114318B08A121EF
:1032B0001546042207F02AFB002821D02A4605469D
:1032C000049887400A20029948432A750399698225
:1032D0006E7407992974EC730999A973A8810598EC
:1032E000E872AF7206982881284618300899019A2A
:1032F00007F091F905486860A120294607F062FBB4
:103300000BB0F0BD803100207431002009F80610A8
:10331000F8B504466C20255C26466C36F07800280B
:103320001BD0284608F0AFFA707900281DD0154848
:10333000006890214058076DB179284608F089FB54
:103340007968284608F092FB284608F0A0FB7079BF
:10335000411E284608F0BCFB0AE0284608F08EFA19
:103360003C34204608F0E9F9F8BD284608F08AFB0D
:103370003179284608F0BAFB3C34204608F007FAB9
:10338000F8BDC04680310020F0B58DB000283ED099
:103390001D460E460C46AD346078002802D02178D8
:1033A000814234D20C92723612980B901948006800
:1033B00090214058006D0A90002D2F4603D160796E
:1033C00008F0AEFA471C07F074F9089008F00AFDFF
:1033D00007903089099008F044F931880A9A1268F8
:1033E0000023FEB200AF61C7039304910C980590CF
:1033F00006920898079908180A2141430BB2A120A8
:1034000009990B9A08F0FAFC2078401C20700DB046
:10341000F0BDC04680310020F8B515460C46064682
:10342000002708F00DF901280BD108F0FFF800285B
:1034300007D108F000F93070284608F098FA20709B
:1034400001273846F8BDFEE705480068902140583E
:10345000006D806800214161024A826001737047FB
:10346000803100209D050710F8B5012835D11C4694
:1034700015460E4601200C2107F0C6FB17490968C6
:103480009027C959086524201549085C002818D0E0
:10349000042107F0B9FB11490968C959096D086091
:1034A0000F49012E0DD1012D0BD1012C09D1012085
:1034B000182107F0A9FB09490968C959096D8860F5
:1034C00007492320085C002807D0012107F09CFB56
:1034D00002490968C959096D4860F8BD803100206A
:1034E000C030002080B5FEF76AFA012805D1A1207E
:1034F00008210022134608F0D7FC80BD70B50446B1
:10350000BA20205C01281FD10D4615480068902183
:103510004058066DB068017B012901D107F01EF902
:10352000E06E281801218902401807F00FF90246C1
:10353000B0680B4607F00EF9002806D0A12008213C
:103540000022134608F0B0FC70BD2046B23000786F
:1035500008F099F93034204608F019F970BDC046DA
:103560008031002080B50748006890214058006DE8
:103570008068017B012903D107F0F0F8012080BDAC
:10358000002080BD80310020F0B595B0CD1E6F4287
:103590006F41FF24FD2635421AD1002A18D00E9221
:1035A000089407911A990A680692496814C8D0B21B
:1035B0000B901C9E1B980D900F921006099305917D
:1035C0000C9607D0200CC2B2402A07D3002006E098
:1035D00020460DE1002001460E9E0CE001200E9ECB
:1035E0000B99491E4B424B411840C0210A40403ABA
:1035F00051425141194072077E4E0A94234633408E
:103600000D9C0F9E266063600C9C002C01D08023D3
:103610002370D40F784E326890230493D258926866
:103620005D23D35C002B13D0002811D0002C0DD1CA
:10363000012007990329099A03D11146014000D1BD
:10364000D6E002210A40D11900D1D1E00898CFE09C
:10365000002B4CD000294AD00B940A9B14930F9C4A
:10366000139412A800260670116A03C910AA0096C6
:103670000192224608F052FC691E8D410E990F09F5
:103680002F40012300280E935BD008970B9D5A48CA
:103690000068049940588068016A096810AA127885
:1036A000D2008A1807215156002931460D9C5BD55E
:1036B00012787F21114011AA117028224A43036811
:1036C00040689A182623D25CD20083185B68805821
:1036D000DA0F484F3B4009C412A802700C98083C0E
:1036E000002800D00170002633460E993CE00843C4
:1036F00019D10F980A9908F075FC010613D42821F6
:1037000041433068049A8058806800684018252139
:10371000455C08F08BFC41424141002D00D0012165
:103720000129089864D100970998019006980290A1
:10373000059803900B980F990A9A234608F082FC8B
:1037400056E013A808F0AEFC002F50D008970B9D50
:1037500012A8009011AA20460A990D9C234608F051
:10376000C3FC064600231946207802221043002D90
:1037700010D10127099D2F407C427C412A405742AD
:103780005741079D032D00D03C46002B15D0002C3F
:103790002BD12CE0721E964100290E9900D13146A2
:1037A000012924D12168069A914220D16168059AA5
:1037B0005140104A11421AD11AE0731E9E4100294D
:1037C0000E9B194600D13146012909D112A9097869
:1037D0004A1E9141002C00D10B46002B07D007E078
:1037E000504250410899014201D0FE2000E0FF20E4
:1037F00015B0F0BDFFFFFF0080310020F0B58DB0A7
:1038000006910768039041683806139E129D059340
:10381000079208950FD00C46080CC1B2C0220A408E
:10382000403A50425041FAB2531E5A425A4140293E
:1038300005D3002104E00C460020014602E00121EE
:10384000104011408025089A1570764B22461A4088
:10385000376004967260744A126890269259926892
:103860005D23D35C002B17D0002915D00798C00723
:1038700000D0D3E001200699002900D1CFE00599BE
:1038800009688F4200D0C9E0059949686140654ADE
:10389000114200D0C2E0C2E0002B16D0002814D0A4
:1038A00021460C943C460B97069803281FD10AA882
:1038B00000902046089A049C234608F015FC002836
:1038C0005DD0217802200843A9E0421E90410143C7
:1038D0002FD03846214608F085FB40B200280899D1
:1038E00000D40870009104980190039841E00B46C1
:1038F000116A03C909AA002700970192039422467E
:103900001C4608F00BFB00283ED0474B1868805936
:103910008068006A006809A90978C9004018072171
:103920004156002934D40898057001200022049DD6
:103930004CE0039F03CF083F08F054FB0106089DAD
:1039400013D4394909688959896809682870282277
:10395000424388182521445C08F068FB41424141FC
:10396000002C00D00121012958D100950498019024
:1039700038460699079A059B08F000FC4FE0079827
:1039800000284BD1FE204AE00BA808F08BFB45E055
:1039900000787F220240089802700AA80770282049
:1039A00050431A689259926813685268181826236F
:1039B000C05CC00013185B681058DA0F194D2B401B
:1039C000049D09C502230343D8B2083D079BDB07CA
:1039D0000DD1059B197801290ED19979C0220A4091
:1039E000402A09D11968039A8A420AD00FE00029B7
:1039F00014D5002A13D111E019682A688A4206D129
:103A00006C6859686140074A11404F424F41FD219F
:103A1000069A0A4051425141394300D1FF200DB06E
:103A2000F0BDC046FFFFFF0080310020F0B581B03F
:103A30001546009103218A0542C832400127B80586
:103A40005040CAB27A401218504250411C68A142FC
:103A500003D15A687240120219D0002815D01D48AF
:103A600000689022805880685D22825C002A22D003
:103A7000079A130614D4282353430068C018103043
:103A80000123324607F0CAF80FE0FF211EE0069A34
:103A90000028084601D10220C043920715D415E042
:103AA00001220846314608F0ADFB002803D0022071
:103AB000044321460AE0A8070021C943002808461C
:103AC00000D5F843009A032A00D00146C8B201B0DD
:103AD000F0BDC046803100200120704701207047B2
:103AE000F0B587B028203A4E0590305C2624315D31
:103AF00041432A27F05D09182725725D2523069387
:103B0000F35C53431818C8425FD001201821314A92
:103B10009047314908600021049141600170059887
:103B2000305C315D4143705D069AB25C4243F05DAA
:103B300040008018401803950C210191254A9047B8
:103B400025490968C86022460294059C315DB25C33
:103B50004A43715D069BF35C4B43F15D4900C91814
:103B60008A1801994A431D4B04999847305D3C4699
:103B7000029FF15D4143305D081830252946154A02
:103B800090471549096808610599715CF25D4A43DF
:103B90002746315D52186A430499104B9847039C9D
:103BA000305D069D715D4143F05D08182021094A92
:103BB0009047094909684861315D725D4A43F15D8A
:103BC00051184A010499054B984707B0F0BDC0460B
:103BD000C030002009AC04107C3100201FA6041066
:103BE00001207047F0B595B001910988012008F0D7
:103BF00039FB0790002808D00198018801270CAAFA
:103C0000384608F061FB002809D001988068002838
:103C100000D1E0E2C46908F07CFB2046F7E7079892
:103C20008078FF2803D1079800790007EDD5079821
:103C300008300890019DAB68002205970CA8807899
:103C4000824200D3C7E2012420469040698808429E
:103C5000039215D0A988084217D0D869029000268F
:103C6000DE610CA80078002814D007984079194626
:103C70001D4608F054FB2B46002838460BD0C4E7FD
:103C8000002002933E46034605E000260293384694
:103C9000334600E03846089909680A79521C0A71CF
:103CA0000CA94978012915D1002B3DD0187A0321A0
:103CB00001405C8802290A9304D10CA8008984423F
:103CC00000D886E0184608F024FB0120069000206A
:103CD000049081E01D460CA808F038FB002804D0B1
:103CE000089909680A7982420AD00CA8C07800288D
:103CF0003A4607D0089909680A7990423A4601D1B4
:103D000000220A710B92002D61D02B460CA801896C
:103D10006F888F420DD9184608F027FB2B460CA858
:103D200007896F80264605E00028089E00D107E13C
:103D30001EE10026197A0320084002280AD0002834
:103D40000AD108980068015700290DDB7F21C9437B
:103D500076180AE0212636E008980068C169002933
:103D600003D00157002900DA2126B1062BD4C069FF
:103D7000002800D1F3E14188099140681C4608F011
:103D8000FBFA0690089D2868C069406804902046A8
:103D900008F0FEFA0146049808F0FFFA204608F001
:103DA000B8FA2868C0694068099C2146069A08F05C
:103DB000FAFAE4192868C0694480A1B22868C06989
:103DC00008F0D3FAD7E1059F184608F0A2FA0024BC
:103DD000D2E10020069004970025AEB2A6420B95D2
:103DE00055D2022214AB0A98314608F067FB022C28
:103DF00000D294E014A84078801C0121A04244D84D
:103E000014A80078C20716D1721DA2423DD8089DA1
:103E10002A6801230993D356D769002F01D0002BBC
:103E200040D510273B4353702A6853787F271F40A3
:103E30005770059F07E0089A1268D369002B02D0DB
:103E40005278D20621D582070ED5089D2A6853786C
:103E5000DF06099126D580210B43537029684A78E3
:103E6000EF2313404B70059F010708D5F721084049
:103E700014AB187002220A98314608F028FB14A8E7
:103E800040780B990818851CA7E709910AE0049867
:103E9000002806980990089804D000210991059FF0
:103EA000064610E00B990804059F38D00A9D686803
:103EB0003146224608F077FA0B986880284631464A
:103EC00008F053FA089E3068C16900292CD00A9D79
:103ED00068880B904C88486808F04EFA0690306865
:103EE000C0694668284608F053FA01463046089EE5
:103EF00008F053FA284608F00CFA3068C0694068A8
:103F00002146069A08F04FFA0B9800193168C969E2
:103F1000488081B23068C06908F027FA0DE00A983D
:103F200008F0F7F9089E0BE00F99109A8A4202D226
:103F30000121017130680A99C1610998002817D0E0
:103F40003168C86900280FD014AC214608F0C8FABF
:103F500001460820149A024322703068C069022288
:103F6000234608F0B4FA03E04878082202434A7076
:103F70000CA88678701E0399884200D0EDE00F9956
:103F8000109C8C4210D20CA808F0E0F90024002804
:103F900016D00146089800680079FEF774FB0546C4
:103FA0000CA886786E430DE020460B91FEF76BFB64
:103FB0000546C0B20B994843041B601E844101E0D2
:103FC0002546264600200990089800680179891B3B
:103FD00001712646F0B2411E88412906394600D1BA
:103FE0000146012900D0B8E00695089D286841786F
:103FF0000A0751D4C069002854D004960990438818
:10400000002598B20B95AEB286424FD21C460222D2
:1040100014AD099F384631462B4608F04FFA2878F0
:10402000C00719D10221032213AB384608F046FA23
:10403000FF200006139B834313937A690798008837
:104040000CA908F061FA786114A84078641F0B9DF0
:10405000691DC01E0A9005E014A840780A90A41EAD
:104060000B9DA91C78688AB2314608F09CF97C80C7
:10407000A1B2384608F079F90A98451914A80078D1
:10408000810723D423460007BBD5089800684178F0
:1040900001220A434270B4E7F72211404170002028
:1040A0000B9006E0002409940B9402E0059F089D04
:1040B000049E2868417801220A434270099800282A
:1040C00008D1300619D0002009901FE00B95059FFC
:1040D000089D049E0CA8C1880B9882B28A4211D90F
:1040E0002868437801241C4344700998406808F00C
:1040F0005AF90CA8C188084604E00CA8C188002021
:1041000009900B9882B2079808F014FA2968C869D8
:10411000002808D04288002A05D108F0FAF828685B
:104120000021C16129684878FE2202404A70069D3C
:10413000EDB2FF35E9B20020A94200D10646A942FE
:1041400000D105460F981099814200D342E73446CA
:104150000CA808F0FBF8064636E7019D37E0079FFC
:1041600038885A690CA900241D46234608F0CCF96A
:104170006861B868C561059F0B9B089A1068417813
:1041800031434170002B019D21D116461068C16951
:10419000002916D00CAAD4884988A1420AD94178AE
:1041A00001220A4342703068C069214608F0DDF8F8
:1041B000306800E00C4601214256002A01D40A432F
:1041C00042700CA8C188A2B2079808F0B3F9039A0C
:1041D000521C029B32E5002015B0F0BD80B5087876
:1041E00008F092FA002080BDF0B597B0019100224E
:1041F0002820914B185C2621595C41432A20185CE9
:104200000918D0B2814200D813E103920C21414336
:104210008A480068C068401808900079C10710D02B
:1042200008994979019A127891420AD1800708D5F4
:104230000898018800200AAA049008F045F8002890
:1042400002D0039A521CD3E7089E301D0290701DC5
:1042500007900836019840680028F2D0099030682D
:1042600081690E9A89188161306885690D9CA54223
:10427000049F00D295E0069028462146FEF703FAF7
:104280000746C1B24C43281B069A906102980078F9
:10429000000700D485E0380600D182E011A8022290
:1042A00002700AA8169008981590644800680830B3
:1042B0001490326824200690145C002C059111D0D3
:1042C000022C11D114460AA80589407800900128D3
:1042D0000ED10AA88278A81E5043FEF7D4F92818F8
:1042E000401F0BE0002559E00AA8407800250EE0A9
:1042F0000AA8807845432846FEF7C5F985B20AA882
:10430000C0888542224600D30546059900980024BE
:10431000002843D1906A002840D108980188079866
:1043200000780F9A009208F035FA009908180AA947
:104330008978401AFEF7A7F90599326890622DE056
:1043400031680698085C01280BD10AA8C088CA8C7D
:10435000551CAAB2824200D90425CD843168069842
:10436000085C401E01280BD834480068283108300A
:10437000042206F050F93068816A491C8162316874
:10438000C86A0D9A8018C86211A8058145803168F5
:10439000C96A129108F01AFA641C0599E0B28842C1
:1043A000CED3049D0AA88078E9B281423ED200248F
:1043B000380614D03068C16900291DD00A7B9307E4
:1043C0001AD401231A400B7A022B0AD1002A08D1F1
:1043D000002911D00A7BD2070AD1C969F8E727461C
:1043E0000AE0002A04D0497BFAB2571A00D200270B
:1043F0001C3008F0CFFB04460999089802880798FA
:104400000078234608F0D0FB6D1C0028CAD0002C91
:104410000CD00025E8B2E189814204D9208808F057
:10442000E1FB6D1CF6E7204607F073FF0998401E7C
:1044300012E7002017B0F0BDC03000207C31002012
:1044400070B500250D4E2620305C854215D208F04F
:10445000E1FB00280FD004460120F42106F0D4FB34
:104460006063022060702820305C082106F0CCFBDD
:10447000616BF02288506D1CE5E770BDC0300020F4
:10448000FEB502910446406BF027C65901960025FF
:10449000F422294606F0C3F8606BC651606B083001
:1044A00008F0D4FB606B05700298C600019829469D
:1044B000324606F0B4F8AE4206D008F0CBFB616B92
:1044C000C95948530835F6E70020FEBDF0B585B060
:1044D0000C460646C06FAA21405CFDF7B9FA0546B6
:1044E000001D08F0E9FB002D23D0002821D0049402
:1044F000686B4821475C716D0395EA69561A446CF4
:10450000818E2D3049020C4AB31805D50378002559
:10451000E4186F417618F7E700213C22049D2846F5
:1045200006F07DF80094019728460399324608F07A
:10453000CDFB05B0F0BDC046D4FEFFFFFCB5019039
:104540000F490868002818D0017938234B4300260A
:1045500034250096B3420ED00768B9194C78E207AB
:1045600006D0A20704D57A595278019CA24205D000
:1045700070353836EEE7009900E000210846FCBDB2
:1045800078310020F0B585B0002B12D01F460E46C2
:104590000546114608F086FC04906C6B20462830D6
:1045A00008F0B3FC2D21615C4E43864203D981267D
:1045B0003FE000263DE00397871BFAB2686BF021CD
:1045C00002914158049BDB00C9184968D14000267C
:1045D000F3439340994201D188262AE022462D32A6
:1045E0002A30002902D07F1C4908FAE70078002809
:1045F0000CD0D37E606C03990091F9B242187341DC
:104600000498401CC1B2284608F08EFCF8B2012183
:10461000814072B6686B029A8058049AD200801862
:1046200042680A434260686B0830039908F0B3FCA3
:1046300062B6304605B0F0BDF8B514460646476B85
:104640003846283008F061FC0546F069094A002127
:104650000B4608F0A7FC0906000A46182D20395C15
:10466000281980B2FEF70FF8B98E4143024848433B
:104670008019F8BD71020000E204000070B5002549
:104680000E4E2520305C854217D208F0C3FA002870
:1046900011D004462320C100012006F0B5FA606362
:1046A000042060702720305C102106F0ADFA112143
:1046B0000901626B50506D1CE3E770BDC0300020F3
:1046C000FEB50291044611200701606BC6590196A0
:1046D0002321CA000025294605F0A1FF606BC651C1
:1046E000606B2C3008F0B2FA029806010198294656
:1046F000324605F094FFAE4207D008F0ABFA616B8A
:10470000C959491948801035F5E70020FEBDFEE77C
:10471000F0B5A3B0119312920D4615AC139021463B
:1047200008F05AFCA77A781E022800D9EBE114950C
:104730002846FDF779FF0446AF20205C0007AB3424
:1047400000285CD4F24800683621415C890615AD2A
:10475000002954D53630407B800750D5A8780F907B
:1047600028781090E8890E90687A0790E8790A9086
:10477000287A0B9068790C90A8890D90A8790890F8
:1047800028790990E34800684069A121292206237D
:1047900006F0BCF8002832D0064610350020B07470
:1047A000079870740D983073149931720A9A3274A4
:1047B0000B9AF2730C9AB273089AF272099AB27257
:1047C000000A7073080A70723046133003222946BB
:1047D00005F021FF0E99080AF075B1750F98B076B3
:1047E0001098707637762220F0711420B0713E2038
:1047F000707104203071A120314606F0E3F816985C
:10480000207015ADA8782073284608F07EFBAB79A0
:104810002A791D4655430121202D06D80C2B04D89A
:104820002723BD4DEB5C9A4224D9149B6173184633
:1048300008F024FC002800D165E1466BF188C90628
:10484000890F00D05FE1149035463435304654303E
:104850000D90139F3846294608F0BEFBB878F978CA
:10486000BA78FF240634FA7852060E951DD52246F2
:1048700027321BE015AA5279072A149BD6D815AA0D
:10488000D279072AD2D815AA127A042ACED815AA24
:10489000527A92083E2AC9D815AAD289120BC5D1DC
:1048A000202800D931E10021C0E71E228906890CA9
:1048B000081850430002001933309849FDF7E3FE11
:1048C00010941499496B08611398851C29211424AC
:1048D000934F28462246B847B064412128462246D5
:1048E000B847F064692120222846B847149F796BA5
:1048F0000862892128462246894B98477064A9217D
:1049000010222846864CA047796B4862B92125229F
:104910002846A0472191209085204100786B0F9177
:10492000401820A9052205F076FE87204000796B0B
:104930000A5C1F2313400B54E12127222846A0477D
:1049400030650D9801701098C11C012228460D9207
:10495000A0470E9D2870A878002811D0786B139C72
:10496000214623319830082205F055FE786B2B3410
:1049700078301022214605F04EFE384608F09EFBA6
:10498000B06CF16C88420D9800D2002068701399C9
:104990008878C8784006149E04D5706BC188802240
:1049A0000A43C280756B0E950F982C18B07E214675
:1049B00007F026F82846C430214608F0BBFB706B90
:1049C00011990170706B0169C161706B06210171F1
:1049D000304608F0CAFB0025219520951F951E95AD
:1049E000706B3E21405C08F005FC1390746B1194D1
:1049F000B0342094B77E08F00BFC1E900220069085
:104A000005950920049020A803901EA802900F98F5
:104A10001199081801900095384629462A462B46D8
:104A200008F0FBFB204606F004FF009564200321FC
:104A3000139D2A462B4606F092FD0146204606F0BD
:104A4000F0FE3846294607F0B6F8304608F0DBFCA1
:104A50001190706B816A0F9100690D900E9C204639
:104A6000343008F0D7FC2F4971612F49B1800F21F4
:104A7000B17127462546383739894C02B4600002A7
:104A80001099081833302549FDF7FDFD30613821B4
:104A90002A46695C1397BA784A43511C4143A142A4
:104AA00000D32146F160B66212981199401A0D990F
:104AB00040180F99441805F045FE10994118301D13
:104AC0002A4654320B1B0ED4139B5B782E462F6D57
:104AD000FB182B65149EB6683419BB42F2D21378CA
:104AE0005B1C1370EEE701210902149D6A6BD388E9
:104AF0000B43D3800522214605F052FE686BC18826
:104B000008220A43C28023B0F0BD01218EE6C046D0
:104B10008031002074310020C0300020710200007C
:104B2000D5BF0610E80704100B0E0000BCB50D46FB
:104B30000446098808F0B6F9EA682B7C0095401C09
:104B4000C1B2204608F071FC0546002805D0606B14
:104B50003D214171204608F0A3FC2846BCBDFEE77C
:104B6000F8B51C4616460D4608F008FD002811D081
:104B70000746406B343008F053FD8019012D08D1F1
:104B8000796B40228A5A044B5343001B496C4018EE
:104B9000C018F8BD0020F8BDE204000070B514464E
:104BA0000646084608F0EAFC8625002835D04178FC
:104BB000002E02D102220A400ED1012E06D104227B
:104BC0000A4003D0426BD288D20605D400211C22B1
:104BD000204605F024FD20E0490703D4416B28312D
:104BE000002002E0416B48783431E0708878207012
:104BF000087860704879A070C889E080487A208180
:104C00000869E0608889064A4243226114341C31F5
:104C10000822204605F0FFFC0025284670BDC0464E
:104C2000E2040000F0B587B01E46049105460592E7
:104C3000104606F0C3F8074606A800240480039532
:104C4000281D08F039F80C9D002803D0346003AA11
:104C500007CA1DE04D2080003858134901229202F6
:104C600090423C4601D8114801E04843000A3060B8
:104C7000039F786B806A00020D4A8018FDF703FDE0
:104C8000E16C081A08494843040A3846059A049911
:104C90002C600295019606AC00940923FCF71EFFD8
:104CA000208807B0F0BDC04671020000C4090000B2
:104CB000382D0100F8B51E4600920C46054608F056
:104CC0005DFC00280ED00746294608F0BFFC0546CB
:104CD000012C09D1A86F00994018796B896A89194C
:104CE000401AF8BD0020F8BD7E6BF18B094848439F
:104CF000716A012700293C4600D00C462146FDF789
:104D0000C2FC381A6043A96F009A8918B26A891ADE
:104D10000818F8BDE2040000F8B5009314460E46EA
:104D2000074608F02BFC002811D00546394608F04C
:104D30008DFC696BCB8B0A4A5A438B7E012E08D1BE
:104D40005343009AA21AD218496A511804E000206D
:104D5000F8BD591E51430919806F0818F8BDC046A7
:104D6000E2040000F8B50D46044608F007FC0028F0
:104D700015D00646214608F069FC04467078C10645
:104D80000FD40C2780063CD5E079092839D1A570CD
:104D90000C20E0710220012106F04CFB30E00227DC
:104DA0002FE0E0790C2806D8012181401648014205
:104DB00001D00C2725E0607801210D2206F0B0FF1C
:104DC000E179012917D1002802D04178002914D1B6
:104DD0000027E771054644223046214600F0D8FA04
:104DE0006A20205A162108F047FC607801212A46E3
:104DF00006F0B6FF05E00028C9D0A5700A20E071D2
:104E000000273846F8BDC04601140000F8B5292730
:104E1000284EF05D00284BD0002585420ED207F0C9
:104E2000F9FE002807D004460120782105F0ECFEA9
:104E3000606308206070F05D6D1CEEE7012438218E
:104E4000204605F0E1FE7D21890101801A4D296887
:104E50008860F05D411C1948224605F015FE29685E
:104E600089688862F15D0222144805F00DFE296808
:104E70008B68D862F15D0833114A1846234608F062
:104E800023FC28688068002101632A24305DB0215A
:104E900005F0BAFE315D00290AD02A689268126BCB
:104EA000AC23C2502A6892681063B030491EF2E702
:104EB000F8BDC046C030002078310020BC30002052
:104EC00051820610B0B50446022A01D0202000E02D
:104ED0001020617801436170606B002578222946BB
:104EE00005F09DFB606B083007F0B0FE606B103082
:104EF00007F0ACFE606B18301422294605F08FFBDA
:104F0000606B45672846B0BDF8B50C46064640784C
:104F1000800613D56A25605B01273946009208F0A8
:104F2000E8FB605B022108F0E4FB009AE0790C28C2
:104F300008D8874013200002074203D00B20E071FD
:104F4000A270F8BD3046214608F00AFCF8BDFEE725
:104F5000F8B51646044608F079FB002829D0054626
:104F6000009685202E5C72B6E069134A0027394608
:104F70003B4608F017F80906000A42186879E96B01
:104F8000C14062B6002902D0401C4908FAE7002E51
:104F90000AD0C0B20099401880B231461546FDF7DC
:104FA00072FB2A46054F4743606BC08B78438018DD
:104FB000F8BD0020F8BDC04671020000E204000008
:104FC000F0B58FB01E4607910C90104605F0F6FE26
:104FD000EFF3108272B64221455A436C82F3108877
:104FE000AA19149C21880890C66C8A42069101D99E
:104FF000228011461698099015980A90481B80B295
:105000007043C0180B9005960C9E706BC08B2721C7
:105010000495CD004702301D039307F04DFE714A01
:10502000002826D029460698049A801A059A4243F9
:1050300003981218F069C51B0B98CD30ED19854205
:10504000FCD37078C00660D40A980068000240184B
:1050500064491546FDF717FB2818624A089B0B9D0B
:10506000C14369185CD42188491C2180D96C081877
:10507000F6E74D2080000899081806900998006806
:1050800000022E46401957491546FDF7FCFA0B99C8
:105090004018069909680D906D180F350A98006838
:1050A000000280194F49FDF7EEFAA842029600D897
:1050B00028460B9D40190E900C98406B806A0002A8
:1050C000494940184749FDF7DEFA06460DA8009009
:1050D00004220EAB3046394608F05AFB0D9A0E9961
:1050E0000028069620D091421ED10A98006809999E
:1050F0000968081840080002029E80193949FDF726
:10510000C2FA05900B90089D14E00798406F0002CA
:1051100040183449FDF7B7FA4019324A089B0B9DF5
:10512000461BDD6C314627E0501B0590481B0B9059
:10513000089D029E0798806F000280192949FDF79B
:10514000A2FA0699791AED6C2E1A8E4200D30E46F9
:105150000798406F0002029940182249FDF793FA20
:1051600005994118B14200D80E460B994018864265
:1051700031461C4A00D301466A4300200B46AB422D
:1051800005D927887F1C2780801A5B1BF7E7154B02
:10519000594309180A0A0C994978890606D40A99CC
:1051A0000A6073431818010A099C17E00A9D2968D0
:1051B0008A42099C05D923689A420A4B01D22A6087
:1051C000114673431818020A2068904204D98A4293
:1051D00002D9226029681046884200D221600FB0AF
:1051E000F0BDC04671020000382D0100F0B587B057
:1051F00006930C460546114608F028FA8127002838
:1052000057D00646686B407EA04252D3314680316B
:105210004A7972B670790592821AD4B2F06B03465D
:10522000E340002B02D0521C5B08FAE7D7B2202FD4
:1052300002D362B688273CE0069A002A1AD0087882
:105240000390F06F0290686B0830114607F0A3FEE0
:105250000124BC40706B2043706300200490059AC9
:1052600002AB0BCB07F09EFE069AC319049841418E
:10527000F06B03E00124BC40002319460443F463AF
:1052800062B6002A14D005911C4671780027384672
:1052900008F0DAFB00280CD06878C006C00F009038
:1052A0000698019028462246059B08F0E3FB00E0A3
:1052B0000027384607B0F0BD7CB50E4604460B7C8F
:1052C000CA6840788006C00F00900191204608F01F
:1052D00006FC054600280AD03188204608F0B6F9B9
:1052E000002804D001463D222046FFF70DFE284647
:1052F0007CBDB0B50C46054608F02BFC002804D058
:105300002846214608F02EFCB0BD2846214608F06C
:105310003FFDB0BD10B5044608F01CFE014600205C
:10532000002910D0496B4A78002A0CD074310968E2
:10533000002908D04A78A24202D1CA79002A01D1B4
:10534000AC31F4E7012010BD70B5044608F002FE50
:1053500000281BD00546466B7078022816D174369B
:105360003668002E12D07078A0420DD1F0790C284A
:105370000AD80121814013200002014204D01922E1
:1053800028463146FFF7C0FDAC36E9E770BDFEE7C1
:10539000F0B58FB00446886F694B18400D90656B6F
:1053A000A86A18400E900E466A360F468A37607813
:1053B000C0060A9404920891079518D4012120464A
:1053C00008F0EEFD0C900021204608F0E9FD0B905E
:1053D0002846193029461A3132461B327B1C344686
:1053E0001A34862506958C2505953D4617E0002143
:1053F000204608F0D5FD0C900121204608F0D0FD94
:105400000B9028461A30294619317A1C33461B3333
:1054100035461A358C240694862405943C46247817
:105420000327042C099700D009942C78042C00D071
:105430002746444C24683625655DAD066AD536346A
:10544000247BE40766D0089C059D655B0595069D59
:10545000645B0694079CE48B0194F57834881B7890
:1054600008931278079209780391007802903648E1
:1054700000688069022120220823009205F046FA84
:10548000002847D00646447204983072200AB07251
:1054900030460B300EA9049503252C4C2A46A04714
:1054A00030460E300DA92A46A047304611300CA9CF
:1054B0002A46A047304614300BA92A46A04722208E
:1054C00001993154069A0098325430462230090A24
:1054D000417030462030110A41700599080AF07772
:1054E000B17702987077039830770798F07608982C
:1054F000B0760498707609983076F7751920F071B7
:105500001D20B0713E2070710420307102203146A0
:1055100005F058FA0A994878C0060ED5486B01463E
:1055200074310968002904D0CA79AC31012AF8D154
:1055300003E00178FE220A4002700FB0F0BDC046C1
:10554000FFFF7F00803100207431002017A6041077
:10555000FEB5030912200E2B28D80B7A4C7A2402B0
:10556000E3188C7A24041B1903D0FF2B1ED31B0DC8
:105570001CD10B7B4C7B2402E3188C7B24041B196D
:1055800003D0FF2B12D31B0D10D1CB78072B0DD8D6
:105590004B79012B0AD80C79022C07D81125022C43
:1055A00001D1284602E00B78022B00D9FEBD0195FF
:1055B000002115460091CCB29C421ED202912427B4
:1055C0007C43145D24090E2CF0D80B24E443002CFA
:1055D0000DD02E19318D090BE8D1F65D042E0AD8B5
:1055E0000121B1401626314205D0A41DEFE7243534
:1055F0000299491CDFE70198FEBD0098FEBDFEB58B
:1056000002460120032807D0135C002B0DD0401C5C
:10561000042BF7D93020FEBDD3881E20042B03D3E2
:105620001924E401A34202D9FEBD1E20FEBD157857
:1056300000220C46009217460195FAB2AA4225D2E2
:1056400024235343CA185278002AEDD01F2AEBD8DE
:1056500030260C2A18D802971122D743BA1D0ED033
:10566000E3199F8DFB2FDFD82B255B5D082B0BD813
:10567000002F1746F2D0002B1746EFD1D4E7243481
:10568000029F7F1C019DD8E73046FEBD0098FEBDFD
:10569000FEB515460E460290084607F06FFF8624B9
:1056A00000283FD00746314607F0D0FF06467878FD
:1056B000C1060CD4800604D5F079002801D0032857
:1056C00005D100211C22284604F0A9FF2AE0002071
:1056D0000190E8707178029C204608F0B5F92870B6
:1056E0000620604330188621415A7B6B298188212E
:1056F000415AE9808521425CAA70187F6870A00039
:10570000019C796B0818006AE860786BC08B0649C9
:10571000414329618020315CF06F234607F042FC51
:10572000297668612046FEBDE2040000F0B585B030
:105730001C4615460E46074607F020FF002824D0D9
:105740000D9904910C9903910B9902910A99019179
:10575000394607F07BFF9021415831609030416815
:10576000296081682160C168019A11600169029A0B
:1057700011604169039A11608169049A11600024E3
:105780001C22214604F04BFF00E00224204605B015
:10579000F0BDFEE7F0B585B01E4615460F4604463F
:1057A000104605F00BFB03464220195A1E20B14259
:1057B00048D8049503940A9A19210D0129466431A9
:1057C0008A423FD31C460B9B93423BD32E46E13685
:1057D0002146E16C7143090A8A4233D8994231D398
:1057E0000190002000900499049308F02DF90146DF
:1057F0006D20385C0290E06C4643340A3E6F3846B8
:105800006C3008F0E5FB201A0121029A891A7143D5
:10581000401896300499884201D2019812E0009C09
:105820003B6F6D3739780229019801D3AB4209D318
:105830000398416BC98B044A4A43934201D82046DE
:1058400000E01E2005B0F0BDE2040000F8B52625FA
:105850000F4C605D2526A15D08182927E15DC8422F
:1058600014D001200C2105F0CFF90A490860605DD1
:10587000A15D0818E15D4018382105F0C5F9054A19
:10588000116808601068002181600171F8BDC04690
:10589000C030002078310020F0B591B0012800D050
:1058A0008BE0012900D088E01D461446FBF7C6FFB7
:1058B000002800D181E000680C9000287DD0287875
:1058C00001287AD16878012877D1B0213C4E204652
:1058D0000A91B04732460990AE780B94EF78F021E8
:1058E0000B98079114469047069010210B98A047FB
:1058F0000F9039010B98A0470590062171430B9832
:10590000A04704900B983146A047039003220292CF
:105910007243FB00780001900B9C08967000009089
:1059200000200646A64248D04721890071430C9DBD
:105930006918096D00293DD07F240E9004400D9117
:1059400021010F984118254601984543ED0005981F
:1059500047190098444302984443049805190A9C47
:10596000744330461096099E3419079E46430698A4
:105970008019A067FF2666720D9E7465109C6406F0
:10598000640D0F9E3419846108340D90C4610026A3
:10599000102E06D08F518C196560FF18AD1808368F
:1059A000F6E70899109E7143039841180D9881639A
:1059B0000B9C0E98401C761CB4E711B0F0BDC0469D
:1059C00009AC041080B5FBF739FF4D21415C00683C
:1059D0005030002909D00268526D0023D36713723A
:1059E000472292008018491EF3E780BDF0B585B0CC
:1059F000039316460C4605460027EF223946FBF76F
:105A000041FF0146002819D102962846FCF75AFFAB
:105A10003E4988420FD047218D004543FBF70EFFDA
:105A20000068401904A9FBF711FF002805D004986D
:105A3000417A002905D0422100E00C21084605B03A
:105A4000F0BD856F2E460836304608F0EAFA034668
:105A50000498027A042C0BD11221002AEED0002BDC
:105A6000ECD0029A002AE9D1EA89002A36D1E5E78A
:105A700001932549002A024601D00246503215689A
:105A800000970AB202993B4608F0CFFA854201D24C
:105A90004521D3E701466F220498825C002A0CD08E
:105AA00001466F314B780A7901210091029D294608
:105AB00008F0BBFA0146049800E0029D80300A46D7
:105AC00008F0C8FA0498017A00290BD0032C05D1FC
:105AD000304603992A4608F0C4FA0498801DFCF762
:105AE00023FF0EE0019800283446039E04D021686D
:105AF000A1203246FCF728FF204631462A4608F00E
:105B0000B7FA39469AE7C04681FF0000FFFF000060
:105B1000F0B5ADB0044618A9FBF798FE00210028A7
:105B200000D164E11898007A002800D15FE1264690
:105B30009C363568204608F0A2FA401918990A7A6E
:105B4000012A074600D04F6DFA43821807D40C6D26
:105B5000C01B2146FCF797FD401C6043C719781B0A
:105B600017A916AA08F092FA1798400B4142414132
:105B7000189A107A012800D039E110911546603545
:105B80009C48012115910170022012901072B06999
:105B90004008C0195065174697480068902144583E
:105BA000483410460E30149005262146324604F043
:105BB00032FD38465C302146324604F02CFD384632
:105BC00014300C90214607F0B5FA08F097FA2978BE
:105BD00040010843287008F09BFA6870010AA97018
:105BE000010CE970000E2871159808F09CFA687194
:105BF000010AA97100266E812E81000CE871687877
:105C0000A978EA782B792C96090208181104401813
:105C1000190640180A902B9068791390A8790E9075
:105C2000E8790F902C7B29A9FF2048700D910C700A
:105C300008F080FA28962790269638463C30259022
:105C40002496786D23902296284620300B90219040
:105C500011977F7A2046149905F0D2FE0E98000223
:105C6000139943180F98040423A825A927AA0F976E
:105C7000002F19D0001D091D121D1D460D9B5B1C18
:105C8000274621AC20942AAC1F943C461E901D93BD
:105C90001C911B922BA81A901198199019A8FBF728
:105CA00084FF2846129D42E00D940E93119F3846C2
:105CB00081300990384684300890B86F01211291E4
:105CC00001706A891395287B002400940A99019138
:105CD00002940C99234608F035FA2AA9087000941A
:105CE0007E20C24338462146234608F09EF90546E9
:105CF0000B9C204608F059FA0999089A3F48D06051
:105D0000042020700A200870CD2D00D8CD25082051
:105D10004870119911621398007B9074086D21C22C
:105D20001560D07A129D2843D0720E980D9C0019F0
:105D300013901295AF0029ADB74221D0002E159CCB
:105D400000D002242BA8825928782B490968497968
:105D5000002305930694002E01D0092400E00E24B0
:105D6000049425ACA419039427ACA4190294149CA0
:105D700001940093139B07F050FA6D1C361DDBE76E
:105D8000119EF06FB321405C07F034FA044629A855
:105D90000078214605F044FF0F98002807D029A875
:105DA0004078214605F007FF304608F007FA2A98A8
:105DB000B07229AC129F3D46002D07D02AA8017869
:105DC000207805F0B8FE641C6D1EF5E73046FBF741
:105DD000D7FD21AC23AD0AA6002F07D0327802CD23
:105DE00001CC04F0DDFC761C7F1EF5E71099084617
:105DF0002DB0F0BD9331002080310020A4080410A4
:105E0000070D0000FEB50446007A022836D10D4683
:105E100027466837E06F08F032F979880291666D9D
:105E20001849097800290FD14019F14341180BD4C2
:105E3000801B216D0191FCF726FC401C029909187A
:105E40000291019941438E19711B2046583001255A
:105E50002A4608F0C3F90B4B197801290BD12146CA
:105E6000983100221A70626D101A086048606065EF
:105E70002046FBF7AAFE0298388000E0002528465D
:105E8000FEBDC04693310020F8B50E460446C76FEC
:105E9000480701D4002503E07520205C107001251F
:105EA0003007009206D55119E3880122384608F0E0
:105EB000CDF9AD1CB037F00608D500984019FB7835
:105EC000A27AA16F496808F0CFF9ED1C700601D4E1
:105ED000009905E0387808F0E9F9009948556D1CFB
:105EE00070B2002800D4F8BDE07A002813D0082052
:105EF00048550F464E1928207070B01C21460E31AF
:105F0000052204F088FBF01D21460C31022204F02A
:105F100082FB093500E00F46204608F0D0F9002842
:105F2000E1D079192046FBF78FFDF8BD01207047BD
:105F300070B5002802D1084608F0CAF904460020CE
:105F4000002C18D0A56F4121695CFF2913D02E4683
:105F5000403628468C3008F0D1F972B6617A0022BA
:105F60002846134608F0E8F962B6FF2070703078D2
:105F700008F017FA012070BDF0B587B0C46904902D
:105F80000568A86F0390C0306060284650300690C6
:105F900028466A3005900026334F082E11D0A059AC
:105FA00008F003F9687A0228069801D3A86F001D4B
:105FB000A1594D6200684860A05907611837361D25
:105FC000EBE720680599897881750A218170274956
:105FD0000180C17D012206921143C175F92100277C
:105FE00028463A4608F0E4F921683E308860CF60E0
:105FF000BC20039E315C049F3A691170305C61687B
:1060000088750B20887019480880F068C8606A6D30
:10601000F263327C42438A60C87D069A1043C87599
:106020007969284608F006FA059802888078697A26
:106030007B681B68B46B0091019302941435294668
:10604000069B08F07FF8B969087008F02BFAB96868
:106050000860F86831462431016008F059F8306072
:106060007968486007B0F0BDD4080410080A000041
:10607000F0B599B007464078FCF724FC9C4988426B
:1060800054D047218C004443FBF7D8FB006800192B
:1060900018A9FBF7DBFB0C23002848D01898417A9D
:1060A0001591002943D00E93806F067C81690F9172
:1060B000C16907910146223108911290C8300690BB
:1060C0003878C000109008301390002425461497AB
:1060D000119608351398A8422CD07E68375D0021B0
:1060E0007F223846FBF7CEFB002800D0F3E015985E
:1060F000874200D3F1E03019C1784A0812237C2A84
:1061000015D84278119E964211D9B21A80788242EF
:106110000DDB1898012208F04BF9129989683E3975
:1061200088422C46149FD4D9452300E042231846C8
:1061300019B0F0BD129C72B66A201899085A0D90D9
:10614000E06B0590607C1190208C0C900898007892
:1061500003902546267D647DA87D0B9008220F982C
:10616000079904F058FA3246E87D7F210140E9752D
:1061700062B600260E949442314604D001D90E989E
:1061800000E01598811A0598E83805900291C8B288
:106190000A90FF2004903146039D13911098B0425D
:1061A0000E9C3ED07868875D384621460B9AFBF7F7
:1061B00069FB0C23002800D096E0381BC0B20A9976
:1061C000401801248440139908462040000600D05E
:1061D00089E02C4200D087E00D980C9A904202D0C2
:1061E0001198874213D111988742149F77D315D104
:1061F0001898803008F05EF900280AD004F0A2FA5E
:106200000599081A11980490139907D567E0149F0F
:1062100004E00D980C998842139960D02143083608
:10622000BBE70298001B0E90002109961098884247
:1062300020D07B685A18D4785B5C0E98C318DDB206
:10624000EB000F980668F454F31854685C6003235D
:106250006B434468E6185578B57075709278002ADB
:1062600003D0B61CAA18521E32700222E254083122
:10627000099EDBE71720129C205600231099B1429B
:1062800000D054E7002800D555E7607C1199814281
:1062900000D050E772B60F98E0610398139901435C
:1062A00008980170607C0499C9B2814211D1189894
:1062B00016A9009100221D4617AB214608F004F9EB
:1062C00006980368169A1799C034204608F034F9E6
:1062D0002B4662B62BE7034629E70E9B27E7129869
:1062E000C07D462323E712231298C07D1FE7C046D6
:1062F000FFFF000010B5437A0022002B19D0037A6B
:10630000022B16D1826F13680B701C0A4C701C0C88
:106310008C701B0ECB70407A08715068400A48712F
:106320009068400A8871D06805224243100AC871FB
:106330000122104610BD10B50C46891CFFF7DAFF8C
:10634000002803D0322060700920207010BDF8B5FD
:10635000427A002A26D00546846F406DE06300260D
:1063600066742046314608F021F92746D837FF28C1
:1063700005D003214143E069406840184678A6747F
:106380006A20285A20846946284608F053F8009865
:1063900038607860E86FAA21405C697A0122234660
:1063A00008F016F9F8BD01207047FEE7F0B589B096
:1063B000467A002E2AD00446876FD6203D5C3846A8
:1063C000C03007F09BFF284608F0F6F9002520466C
:1063D0002946FFF7ADFD00280FD002A802218176E3
:1063E000058369468D8004910391029108490791C4
:1063F00006950595009508F0F5F93D75E9B2B142AD
:1064000004D2204608F006FB6D1CF7E709B0F0BD8A
:10641000FFFFFF00B0B5012815D1012913D1012AD2
:1064200011D1012B0FD108F00DFB04460648C57AA7
:1064300001200C2104F0E8FB60600821284604F0EC
:10644000E3FB61688860B0BDC0300020B0B5054690
:1064500008F004FB0446284608F00CFBA17900294B
:1064600005D02288028062884280A2888280817161
:10647000B0BDFEE7F0B595B01F4606920591064601
:1064800080880AADFCF7D0F8002800D1A1E00446CE
:1064900003970795723001902546B13530890AAFD0
:1064A0003880266E700AB880B81D21467C310522DE
:1064B000504B98474F4BB87A0495A978490101434E
:1064C000B97238460B3021465831042200921D46DD
:1064D000984738460F302146813103220292A8475F
:1064E0004F20205CA16CC907C90E0143397607F023
:1064F00005FE4001109901433976FBF7A4FB012802
:106500000BD10498807A002807D0102010990143FD
:106510000AA80176206D616D01E0A06CE16C099123
:1065200008900AAF38461A3008A9491C062204F020
:1065300072F801980088F882049909780329009A72
:1065400000D00A460799223107911A9D7A76E16DAB
:10655000059A891A069A5200891A039B002902D5C6
:106560008919401CFAE70AAA13845082981C908269
:10657000901C00273A4607F031FE666C002E2AD0A8
:106580006E20305C002826D030466E302A210591DE
:10659000A9702B21697002992970B46E0695079D28
:1065A0002C70210A6970210CA97000782871F06D97
:1065B000400A6871306E1049FCF765F8A871706E7A
:1065C0007D21FCF760F8059AE871200EE870069DC1
:1065D00008E001270AE01C20A870232068700298B8
:1065E00028702222E81C0AA904F015F8384615B0D4
:1065F000F0BDC04617A60410E2040000F0B5A3B039
:106600000C46099000270846394608F043FA02462E
:106610002046394605F0A4FB1AAD204608F02AFAB8
:106620000646807900281ED0707900281BD0099971
:106630004878C91C421E08950DAD284603F0EBFFB3
:10664000697E07200840687604280CD80125294671
:1066500081401620014206D00DA8801C079008F04A
:106660002DFA002801D023B0F0BD08F051FA0690B1
:106670000028F8D008F062FAFF281ED00295059095
:10668000069D284676300490AC35687A0D990391C2
:1066900008F07CFA0499039848800598A8712C703A
:1066A000308808803079287270880003069948661F
:1066B000717903290AD0022009E01AAB0920187069
:1066C000A1200A21012205F0EFFBCCE706200129D9
:1066D00000D83846E978014308200843E8700AA842
:1066E00000900DA80CAA0BAB214608F081FA0028F7
:1066F000B9D00898203008900998807809900AA8A5
:10670000008803900B9804900C9805900DA8407E8B
:10671000042802D10DA803214176002018900DAD68
:106720002F7EF906C90F18AE31701990701C2946DA
:106730001A31062203F06FFF0F203840F071099BD9
:1067400018462A3841424141089841700299017027
:106750001AA8847503998182069A0499D166697E84
:10676000C17507981B901A9205981E901898209052
:10677000199821902A2B02D10DA822301C901AA81A
:1067800000F06EFB6FE7FEE780B50820014904F0DA
:1067900065FE80BDADD0061070B50D46044600689C
:1067A000616805F01FFC010616D4282141430B48FF
:1067B000006890228058806800684618304605F0CE
:1067C00035FC002808D0284607F0ADFC01463046CD
:1067D0002A46234608F07EFA70BDC046803100206C
:1067E000F0B583B01468C0C8F0B2A64203D15268B5
:1067F0007A4012023AD0FF25012838D103208005C3
:10680000384001229205904231D11A480068902206
:106810000292805880685D22805C002827D000208A
:106820001A56002A05D503C9019305F0DBFB019B2D
:10683000024610061BD4D0B2282141430D480068FF
:106840000092029A805880680068401810300193C6
:10685000012331463A4604F0E1F90099019A11709A
:10686000002804D002200443E5B200E00546284693
:1068700003B0F0BD80310020F0B585B004060026DD
:10688000002C2DD403920493282545431648006814
:106890009022805880680068019044190291002974
:1068A000274601D027461037384605F0BFFB242184
:1068B000615C002914D0002812D00298002804D06E
:1068C00001984019016A039C04E0039C204607F0EC
:1068D0002AFC014638462246049B08F0FBF90126B3
:1068E000304605B0F0BDC0468031002080B584B090
:1068F00003460068596802AA009203AA05F0F4FB57
:1069000004B080BDB0B50146204C206890254059A8
:10691000806800290DD05D210022425428300121D9
:106920001B4A082306F0D0FE2068405980681949A8
:106930000165001D08F000FA206840598068417A1E
:10694000002907D00268243200231370491E283220
:106950000029F9D10C3008F0EFF92068405980681F
:10696000143008F0E9F92068405980685C21002261
:10697000425401465C3101230B714A8001461431B7
:1069800002460C32C2610162B0BDC04680310020B7
:1069900009D20610A0BB0D0010B50C460268416874
:1069A000104605F01FFB012100222346FFF764FF7C
:1069B00010BDFEE7F0B58BB05F4D2868902280587F
:1069C00080685C23C15C002900D1B2E0039305928A
:1069D000416D0791816D0691017A002923D0FF2135
:1069E000079A8A43029200220724089201684068AD
:1069F000055D7F2004900540282068430F1800267D
:106A000038460799069A334604F008F900284ED113
:106A1000089A521C484D2868059940588068017AA8
:106A200008348A42E1D309A800900AAA00240798F2
:106A30000699234608F084F90028059E71D028683D
:106A4000805981685E200A5CC9690B680AA90D78C3
:106A5000ED005B19DC717F2A374600D37F22364E6A
:106A60003368DB599B68DB691B680D78ED005B19A7
:106A7000DD791543DD7135463268D2599268D269A5
:106A800012680B78DB00D4543268D2599268D2690C
:106A900012680978C900535C80241C43545431683F
:106AA000C95989680A5C521C0A543E4639E0089666
:106AB00009A8009002982843802420430AAA0123B1
:106AC000069908F03DF900281B4D059E29D0079432
:106AD0002868805980685E21415CC069027903683A
:106AE0000AA80478E4001B19089CDC71521AD1B280
:106AF000002900D0511E049BCAB27F2A059E079C24
:106B000000D319462A6892599268D26912680078AF
:106B1000C0001018C2790A432243C27127200A9983
:106B2000395408F06DF92868805980680021039A6B
:106B300081540BB0F0BDC046803100200120704769
:106B4000F0B583B00C46124909689027C959896885
:106B50004D6889680CC802A8012600960190284655
:106B600005F0DCF9002810D0601E8441E0010849DE
:106B70000968C9598968496802AA1278D200891837
:106B8000CA797F2313401818C87103B0F0BDC046FE
:106B90008031002070B50C480268902152589468EA
:106BA000227A002A0ED0002207236468E55C7F2643
:106BB0002E40E65404686458A468257A0833521CB1
:106BC000AA42F2D370BDC0468031002070B5094D95
:106BD00028689026805980685F24015D002905D1CE
:106BE00008F028F9286880598068015D491C015522
:106BF00070BDC0468031002080B50A4800689021F1
:106C0000405880685F21415C002905D002465F3210
:106C1000491E1170090600D080BD2830002108F0FF
:106C200041F980BD8031002010B5026841681046EE
:106C300005F0D8F901060CD428244443002007F0BD
:106C400072FA044909689022895889680968091903
:106C5000086210BD803100200349096890228958DC
:106C6000896860228854704780310020034800689A
:106C70009021405880686021405C7047803100203E
:106C8000B0B507F0DFFEFF2101810A4CE17F07224A
:106C90000A400121914041740C3008F04DF8002564
:106CA000A17FE8B2884203D207F070FF6D1CF7E7BE
:106CB000B0BDC046C0300020F8B501282CD1012954
:106CC0002AD1012A28D11548C07F0090012414211F
:106CD000134A20469047134F39689025495949680F
:106CE0009826895908600D48807FC0210C4A90473A
:106CF0003968495949688959096808600720009925
:106D00000840844008212046054A9047396849597F
:106D1000496889590968C860F8BDC046C03000207C
:106D200009AC04108031002080B507F08BFE007A9A
:106D3000FF38411E884180BDB0B50021072203798C
:106D4000994207D203689C5CEF2525409D54083288
:106D5000491CF4E7B0BDFEE780B508490968362252
:106D60008A5C920603D53631497BC90602D408F005
:106D7000BBF880BD08F002F980BDC046803100201C
:106D800080B50849096836228A5C920603D53631F7
:106D9000497B890602D408F045F980BD08F09AF9CC
:106DA00080BDC0468031002080B508490968362280
:106DB0008A5C920603D53631497B090702D408F074
:106DC000F1F980BD08F03AFA80BDC046803100205C
:106DD0007FB5044607F036FE0646007AFF2812D03B
:106DE0002568646803F0F0FBAF21415CC9070CD152
:106DF000816CA94207D1C16C6140FF20000681432C
:106E0000484248410BE0002009E0F068316903AADC
:106E10000123009301922A46234605F07FF804B02F
:106E200070BD30B501684118446862088A188368EB
:106E3000E40704D54C461B1901E0641C09D19142BA
:106E400003D00C7864B2491C01E00C3030BD0D78E1
:106E5000491C1D705B1C002CEFD4641EF7D5EEE7B7
:106E6000F0B58BB004462020205C27462037002850
:106E70001BD0606840880226062800D27AE1256887
:106E800041026A6E8A4200D874E1E96E00023E381F
:106E9000814200D36EE12069E86579782846FAF7E7
:106EA00035FF002854D0064665E107F0CBFD0246C9
:106EB000007A0126FF2800D15CE1517A002900D038
:106EC00058E1079203F080FB06460546AF35207E69
:106ED0008107C90F29730122104020762660AF2058
:106EE000305CC007089209D1A069B16C814203D11E
:106EF000E069F16C814214D016463BE1A06905902F
:106F0000E06906900798C36801690AA80322009205
:106F100001901846059A069B05F000F8089A00288B
:106F2000EAD0287B00280BD007F0BCFA0021012210
:106F3000326571655136011D0622304603F06BFB48
:106F4000606807F0BBFD002800D1F7E0089E11E162
:106F5000206806906668813031460D31032203F0C7
:106F60005AFB707A0590B27AF37A0796307B0490D8
:106F700006990846AA30E67D0890C6710E461102B1
:106F80000598081819044018049909064018B065B6
:106F90003878002803D020461430079B02E0079B76
:106FA000184610302946813105912946B1310491A6
:106FB00000881A7A72217052AA20FF213154588811
:106FC000410231660620B0660020089BD873500944
:106FD0005872706E401EFBF756FB401E81B233465E
:106FE00072339A888A4200D99880079A107A1F21B2
:106FF0000140117230467C300390111D0522079329
:1070000003F009FBA069E169B064F16430468430A3
:10701000039906F08FF830462146FAF77BFE089870
:10702000007A07990881787806900498467808963F
:10703000007806F0DFF80790304604F0CBFCA96D2D
:10704000304604F0D6FC059A1078517809020818E9
:10705000917809044118304604F0EFFC6C48006850
:107060004179304604F0E7FD00213046059104F0F7
:1070700054FD29467C31304604F0C2FCFF213046E5
:1070800004F040FD304604F086FD3046079904F0D8
:1070900092FD2E4630360898314604F085FD08985A
:1070A00004F0ECFB304604F063FB304604F065FB73
:1070B000304604F097FB3046314604F098FB07F069
:1070C000F1F90146304604F067FB304604F03AFB24
:1070D000304604F06FFB3046089904F090FB3046D0
:1070E00004F098FB304604F04DFB304604F097FB6B
:1070F000304604F0AAFB304604F07CFB304604F036
:107100005FFB069800280ED005980090962001217C
:10711000079A134604F023FA0146304604F081FB37
:10712000304604F086FB79782846FAF7DFFD787858
:10713000002827D02068FAF7F1FD21E06068418837
:107140000226062916D349022268526E8A4211D9B4
:107150003A7825460C35294608F0CCF8002809D0A5
:1071600028680028089E05D02046FAF7CBFD064681
:1071700000281DD02568022E02D1284607F0BEF84F
:107180000BB0F0BD20682349B222825C8275C26DCB
:10719000036EC47D01252543C5754360833B836031
:1071A000C160C16E4908511A052203F0F9FAE7E7F8
:1071B00026686568287A0890E07D06F01BF805903F
:1071C0006888069009A808F0C1F80998F065059844
:1071D00004F05DFDF16D091AE0680918F165297880
:1071E0006978890601D57B2100E00C2109180898EF
:1071F000400908F0B7F8069909023E39884205D2DD
:107200000121079A5172F066256846E62568B4E7C1
:10721000803100208A020000B0B50024044DA97F0F
:10722000E0B2884203D200F02FF8641CF7E7B0BD4B
:10723000C0300020F8B5012823D1012921D1012A2D
:107240001FD1012B1DD1069801281AD100242046F8
:1072500003F0BAF9054644350A4FB87F844210D28C
:107260000126E021304603F0CFFC286006F09DFFA8
:10727000F97E304603F0C8FC29684864C035641CB8
:10728000EBE7F8BDC0300020B0B508F075F8044653
:10729000456C0021E02203F0C2F97821FF20605400
:1072A000DC21605465648221E22902D060540C31F3
:1072B000FAE7B0BDFEB500296DD0044681300190DB
:1072C0002646B136656C307805F094FF074602908B
:1072D000767830353046294604F09BFC30463946F6
:1072E00004F09EFC284604F043FA284604F045FAD0
:1072F000284604F077FA2846294604F078FA06F082
:1073000019FF0146284604F047FA284604F01AFA05
:10731000284604F04FFA284604F034FA284604F0D0
:107320009AFA284604F08BFA2846314604F067FAA8
:10733000284604F05FFA284604F06CFA606CDC2101
:10734000475C866E384604F045FB3846314604F00B
:1073500050FB019A107851780902081891780904B5
:107360004118384604F069FB0B48006841793846FB
:1073700004F061FC0021384604F0CFFB7C34384631
:10738000214604F03DFB3846294604F042FC3846CD
:10739000029904F045FCFEBD80310020B0B5002804
:1073A0000ED0401E01240023E4B20D5DDCB2322D6C
:1073B00008D00C5D1B195B1CDDB26C1CA842F3D815
:1073C0000020B0BD6018811C082310461A4603F047
:1073D00022F90120B0BD0000B0B5054600242046CA
:1073E00003F0F2F811380949897F491C491E0AD077
:1073F00055228258C0307823D25CAA42F6D1007858
:10740000800600D401242046B0BDC046C030002014
:10741000F8B52121415C00291ED08468207901261D
:1074200080220F4F3146B847009060790621FF2532
:107430002A46B847074600980743A079FE223146FE
:10744000074B984706463E43E079022421462A46E8
:10745000034B9847304300D100242046F8BDC04676
:1074600085180410FEB5002931D0054607F066FBEB
:10747000FF2834D0044607F061FBFF282CD00646D5
:1074800007F08AFFFF2824D002966E6C01903046E8
:1074900006F08BFEB4751648002783217760B16033
:1074A000F760306175620E20B07012483080F07D58
:1074B00001210143F175019D284603F07FFCDC2189
:1074C0007454782175544121029A42540DE00027EA
:1074D0000BE0304607F070F9204607F06DF9AF2059
:1074E000295C80220A432A5402273846FEBDC04642
:1074F0001C0904100A0A0000B0B502462120085CED
:10750000002828D01448C47E8B681879A04200D384
:107510002046516C6E240855D46D8C651C785D78BE
:107520002D022C199D782D046419DD782D0664191F
:107530008C66022802D35A79520200E0126ECA65A4
:107540009A79064C54430C66DA797D2353434B6693
:10755000483107F03DFFB0BDC0300020E20400001C
:10756000B0B5C16E0346B133426CD46D002C00D16E
:10757000046EC26D4460114C0461114C04800D24F2
:1075800084705C788475C47D01252543C5750D4CD8
:1075900025464D432D0A2C191B78032B01D04B3463
:1075A00002E0FF231433E4188460C4604062490899
:1075B000511A052203F0F4F8B0BDC0463409041096
:1075C000080A00007102000080B51020014903F094
:1075D00045FF80BDB5DD0610F0B58BB004910446C3
:1075E00087204000215CFF2940D025180195FF2607
:1075F00030460296DE302018039003F0B8F8206E73
:10760000007805AF1A493981BE720121B981297804
:10761000F9720021F97379748006C00F38740499E7
:10762000880025189C26A859001D05902046B430D6
:107630000690302048432418A07D04F0B6F9B874B1
:10764000029801990870A85900680A900398007878
:10765000800701D5FAF707FB204607F0D6FE07F0B2
:107660006DFA05A98873084607F0D8FE0BB0F0BD87
:10767000FFFF0000F0B58FB00A9309920F46FF2478
:10768000DC34015D8A08012319469143159D297058
:1076900000263E737E607E750B90006E009601960C
:1076A00002933946324608F0E1F93868002800D1E3
:1076B000B6E02E70B87C022800D9B1E008960B9D88
:1076C00028192946983106911499059146780EA8F3
:1076D00007F03CFEB87B06214143C8B2396807F089
:1076E00041FE049044080E980D900A988006000E02
:1076F00004F0CDFA2018079739680D9A5118081A26
:107700000D9070354B2080000C900B952F46354620
:10771000002D12D03868001D05F0CEFA002809D0DF
:107720003C68E0690D99401AC117401848400C990F
:10773000884211D33F1D6D1EEAE70B9C002E6FD0CF
:107740002068817EFF2904D0001D05F0B5FA0028CD
:1077500006D0241D761EF1E70D98E061206202E05C
:107760002468002C5CD02F4804994843C0097D212F
:10777000090140180B9027464B3725465435261DE6
:10778000304605F099FA002806D00D98E061206295
:107790000999079E089A2EE00496079EB07C401C2B
:1077A000C0B2FF21089A02F021FF03900A98E87006
:1077B000F07B6871B07C401C2871A17E069800683F
:1077C000001D0122089B08F00FFA0C98039940183D
:1077D0001C301549A1801549089AA260E060226119
:1077E00061610520A071A4620C2204980D9902F039
:1077F000D7FF089A0999059BEB710B982060AA7036
:107800003A703089288003C9E0632164002B05D0D9
:107810000699C869096A6063A16301E06263A263B3
:107820000FB0F0BD71020000040400004C09041008
:10783000F0B58BB005469000281802909C22039268
:10784000805800900C300491897E0191296E091DA9
:10785000062202F0E0FE05AF00203882F873022015
:10786000B881FF24BC721448388187204600A85D87
:10787000F8722846B43006900098001D05900198D3
:1078800004F093F8AC55B87403980299085800684E
:107890000A90DE34285D800701D5FAF7E4F90498F0
:1078A000001D07F0B2FD07F049F905A988730846E5
:1078B00007F0B4FD0BB0F0BDFFFF0000FEB50646BB
:1078C0002D480068902140584468F9F7B7FF0290AE
:1078D0002A48407F75218900002565548522520081
:1078E000A554A21895716718FD72012139732346BA
:1078F0009C33192189021964019399647D72FF21D7
:107900001171FD710A2800D30A20012E00D02846EB
:107910003872204606F049FC2046303006F045FC1F
:10792000029E143606F0BEFD206666669C20205836
:10793000001D2422294602F072FE387A002818D051
:10794000019E7068001D002524220292294602F043
:1079500066FEB068001D2946029A02F060FE70348F
:10796000387A854205D201CC001D06F01EFC6D1C44
:10797000F6E708F073F9FEBD80310020C03000202A
:10798000F8B5012869D145200091C1000125334A8D
:1079900028469047324C21689027C95948602826CC
:1079A000284631462D4A90472168C95949689C228A
:1079B000885028463146294A90470099012940D1EC
:1079C000274C2168C9594968A022885001262825DA
:1079D00030462946214CA04721490968C9594968C0
:1079E000A422885030462946A0471D490968C95934
:1079F0004968886630462946A047194A11681546E5
:107A0000C9594968C8662C213046A0472968C95918
:107A10004968982288500025124E707F0A2800D3AA
:107A20000A20ECB2A04216D901205C2103F0ECF848
:107A30000B490968C9594968A200891808676D1C73
:107A4000EBE707490968CA5952689066C859406807
:107A500098210022425008F01DF9F8BD09AC04102D
:107A600080310020C0300020F8B517460D4604468E
:107A7000406E05210170002A06D108F047F9400147
:107A8000616E0A7802430A70606E22214170022DF5
:107A9000009101D0144E00E0124E012F00D0134E81
:107AA00008F03AF93718022D01D0284600E00420EA
:107AB000009908F03BF93E18A80025189C27E859C2
:107AC000314608F04FF9E8590168891B4A0A827665
:107AD000490CC176E9591231606E0E30162202F05F
:107AE0009AFDF8BD3E0600003E0400003E02000084
:107AF00070B504460F204001205C400710D5264693
:107B0000463601252046294608F044F9E06E3178D2
:107B10000022134608F068F82046294608F07CF950
:107B20000221204608F036F970BD0000F0B593B090
:107B30000E460546284800683621415C890649D52D
:107B40003630807AC00645D5174628690A90287ACB
:107B50001290A88A1090687E0C90A87E0D90287FC5
:107B60000F90E87E0E90287E0B9028781190701E62
:107B700003210143253188081C4683B21748006859
:107B80004069A121012202F0C1FE002822D0214635
:107B900004460A98C0196B1C0935089609900C9880
:107BA00040B20D9A52B20B9E00960E9E01960F9E09
:107BB00002960392049010980590129806900795EB
:107BC000201D119A08F052F905486060A120214655
:107BD00002F0F8FE13B0F0BD8031002074310020B7
:107BE00099830610F8B50C4605460F204001085C45
:107BF000C00708D006F0A2FFFF284AD0A075E07D9C
:107C000001210143E175A87A002801D0002541E057
:107C1000772080002618307940070AD506F08EFFBD
:107C2000FF2833D0214646310870487801220243AC
:107C30004A702746703700250095307885420BD270
:107C400006F07CFFFF2809D002CF8876C87E01228B
:107C50000243CA766D1CF0E7009D1BE02806009DDC
:107C600018D13079C10706D0204607F0CEFB204658
:107C700006F09BFA3079072540070BD530342046B3
:107C800007F0C3FB204606F090FA03E0204607F019
:107C9000BCFB07252846F8BDF0B589B00446029321
:107CA000039105AD0FC5FF26DC3608F009F907463C
:107CB0008019049087204000385C03F07FF8019021
:107CC000194D0E9E022E0FD0200A2840B1088A00BE
:107CD000BA18E423D05020022840DC23D050781872
:107CE0008521490001224254700885007C199C2797
:107CF000E059001D05A908F0EBF80298000A0A49AE
:107D0000084001994A199065583203980004C00947
:107D1000314608F033F9E1590860049A10780421DB
:107D20000143117009B0F0BD00FFFF00B0B504467B
:107D30000025602D04D0601906F0E0FA3035F8E730
:107D4000B0BD70B502280CD30C4605460E88012044
:107D50000004801B2946FAF796FC401C68438019F2
:107D6000208070BD70B5F421465A002E10D0054613
:107D7000F4356988B1420BD14230AA88EC8800887A
:107D8000214602F0D2FFA04202D0864200D968808C
:107D900070BDF8B50446FF202830205C002780071E
:107DA0003FD549208000251820462C30817800914D
:107DB0000078022810D128880126800632D5262096
:107DC000214608F007F9002822D000210F22009850
:107DD00003F094FF002825D10126304603F06AFF06
:107DE00000281FD00246FC3438200F21115420886F
:107DF000D08060889080A0881080E08850802089A2
:107E00001081002090720121009803F05BFF04E0D4
:107E100001211A22204608F0F3F8E878FD210140FC
:107E2000E9703E463046F8BD80B50F20014903F0A9
:107E300015FB80BD63120710FEB5002840D00A9DD7
:107E4000099F089C0128029101D1019302E0087862
:107E500001902288104608F041F911214143C819C8
:107E60002080002169564A1F53B2032B00DB0322F6
:107E700053B2212907DC0C460A3CA6B2F60BA41922
:107E8000A4B2640800E00B2466B2B34200DC2246D0
:107E90000B9C53B2012B00DC0122D2B2019BD31800
:107EA00052008A1A521C784080B25043000C1818B5
:107EB000FAF7E9FBC8B228184078207002980170E0
:107EC000FEBD10B50446084608F02AF90146052211
:107ED000204602F0A0FB10BDB0B5044602F06EFFD4
:107EE0002C21415C002502290AD12121C90040181A
:107EF00008F01BF9002803D0204608F01AF90546BF
:107F00002846B0BDB0B5054608F032F9044628460B
:107F100002F054FF05462C20285C032803D10020E2
:107F2000E0702070B0BD20460C3000210A2202F023
:107F300076FB0948006890214158483120461630A8
:107F4000052202F068FB012020702120C0002818C3
:107F500008F01AF9B0BDC04680310020B0B5064D1A
:107F60002868C93000240A22214602F058FB2868FC
:107F7000C8214454B0BDC04680310020FEB504463F
:107F800002F01CFF01462120C60088192C22895CC2
:107F9000032908D108F0FDF800282FD0204608F06A
:107FA000FDF8054631E008F047F9002500282CD0FF
:107FB000204602F003FF0746204608F0D9F8029059
:107FC00027200197394608F005F802990978012918
:107FD0001BD1002819D00025284603F06BFE00288D
:107FE0000ED0024638200B2111540121204603F007
:107FF00069FE0198801908F023F906E0002504E0E5
:108000000198801908F0C0F801252846FEBD01201E
:108010007047000080B50B20034903F01FFA0C20C5
:10802000024903F01BFA80BD5BF60610255A0610C4
:10803000F0B585B00291F9F7DEFE0490002501202D
:10804000039002F07FFB01902E461F480068342108
:10805000405CF7B287422ED2384602F0AFFE0028CD
:1080600027D00446384608F083F802462C20205CCE
:1080700002280ED10498012807D1104616300C3280
:10808000029908F0E2F8012813D1384608F051F8B7
:1080900009E0049901290CD103280AD101989060C4
:1080A000384608F07BF8411E88412906039D00D11F
:1080B0000546761CC9E7280604D0032008F002F91B
:1080C00008F054F905B0F0BD70310020F0B587B06C
:1080D00000223A4B1446186801798A4265D2382545
:1080E00029465143006840184178C9075BD0416B6D
:1080F0004878022857D10395029274310D68002DFB
:108100004FD005942846AC300690687802F056FEB1
:108110000646687801240D2721463A4608F0D0F932
:1081200000283CD10497687801240E2721463A465E
:1081300008F0C6F9002832D129466A31E8790C28BE
:108140001AD001282AD10191FF2028303018007858
:10815000C007049F23D10124204603F0ABFD002873
:108160001DD002462E36039817540198008850807F
:108170000020507030780EE00E460124204603F0B7
:1081800099FD00280BD00246039817543088508080
:10819000A87810706878012103F094FD059C069979
:1081A000ACE7029A054B521C95E7002C03D0022045
:1081B000012103F03FF907B0F0BDC046783100203F
:1081C00080B50D20034903F049F90E20024903F060
:1081D00045F980BD15B5061029C00610FEB5064646
:1081E00087680479204602F0E9FD0546204608F03C
:1081F00087F9002844D08079042841D17802E96CBD
:1082000081423DD028462C300295923539683D2276
:1082100012016B889B019A18EB889A4200D813468A
:10822000184A4A4311463668007802280BD116488E
:108230001818814207D2019112490093FAF723FAE4
:10824000009B019938602888F0844B208000181822
:10825000091A00D2002168892A8A904200D3104668
:108260008142029B00D8084682B2A92109018A42B4
:1082700000D80846B08401212046324608F054F95F
:10828000FEBDC046E2040000BC0B0000FEB5056860
:108290000679304602F092FD0746304608F030F984
:1082A000002847D08079042844D13C469034A88CDB
:1082B000E18881423ED0E080002130462A463B469C
:1082C00008F032F91C4800683621415C890631D536
:1082D0003630407A40062DD52689A588E088019061
:1082E000208802907F8F154800680069802117223E
:1082F0000424234602F00AFB00281BD00146067422
:108300008573019B0373029A827207720720C871FA
:108310000B2088713E2048710C71300A4874280A7D
:10832000C873180A4873100AC872380A4872802045
:1083300002F048FBFEBDC0468031002074310020B1
:1083400080B50520014903F089F880BDF17506105C
:10835000F0B589B00024204602F030FD00900120E5
:108360000890404800683421405C844278D257200D
:1083700080000594604300990D182C20285CFE2194
:108380000140022969D10121009C2046079108F093
:10839000F7F8064600212046019108F0F1F8411E49
:1083A0008841002E0899049100D104902B4628465C
:1083B000E83003902846E6300290EA33089F06939F
:1083C0001C78F02626400F252540032D1FD0022DB6
:1083D0000BD0012D2BD1049800282CD00420012192
:1083E00003F028F8069B022525E0039800880299EF
:1083F0000988081A0A2343431B4800680599C9B233
:10840000A030012208F0C7F8069B032513E0A00660
:1084100011D5049800280CD00598C0B208F022F9B4
:10842000002801D0D02626400898069B04E0019839
:1084300002E0D0262640089872B619788C4203D103
:108440002E431E70002102E007990F4039464A1E54
:10845000914162B600270842B2D1059C641C80E7B6
:1084600009B0F0BD7031002080310020F8B508F06F
:1084700011F9044614480068066EF9F708FD054630
:10848000F0206060307CA073083600960027BD4263
:1084900015D00120B840A17B01407E26F94030462E
:1084A00004D00098C057012108F000F9E1192022FA
:1084B0007F238B540B770E7608757F1CE7E77F20B0
:1084C000E07300202081F8BD80310020BCB5044657
:1084D000F9F7DDFC054601A8694602F0DAF800204C
:1084E000854215D0C921215421180F220A71009A02
:1084F00002230B730A7201218140227C0A432274F9
:10850000401CEDE70120A840217C814321746D1CB3
:10851000072DF7D9BCBDB0B5054608F0BBF8044639
:10852000284608F0E9F8401EC0B201218140A27B34
:108530000A40C2400BD0284602F040FC4221405A7B
:108540006189884203D060812089401C2081B0BDB0
:10855000FEB505462E27C05D08F09CF804460F20A6
:1085600020560290E85D134909680E6E08F0C4F8C1
:10857000401EC7B2E019007E0190E4202956F01990
:10858000027B029802F099F8E0732120294607F057
:1085900021FD00280DD00120B840A17B0140F94009
:1085A00007D001987E2804D1032007F08BFE07F046
:1085B000DDFEFEBD8031002070B5044608F06AF88B
:1085C0000546204608F098F8401EC6B20120B0408B
:1085D000A97B01402046F1400DD002F0EFFB412184
:1085E000445CA8191421405602F04BF8014620467D
:1085F00003F021FB70BD08F093F870BD70B50D4617
:10860000044601268E4008F045F8817B3140E94060
:1086100005D040191421405602F033F870BD2046B1
:1086200002F0CCFB4121405C03F0C6F970BD0000B4
:10863000F0B587B002930746FF28044605D13C48B1
:1086400000683423C05C471E002400296AD00492CD
:1086500001200690C002039025460597F8B2EEB2BD
:1086600086425FD8304608F015F80746304608F0D5
:1086700043F8401EC2B206989040B97B0140D140F9
:10868000012938D1049E002E10D00298012815D15E
:1086900004997F290ED1BE18307D01907F200121E1
:1086A00008F004F830750199461A07E07F20F87346
:1086B000002603E0384608F041F8064630061AD096
:1086C000B88806994902014015D00399084012D193
:1086D000002003F0EFFA00280DD038210A2242547E
:1086E00038600671B88803990843B880032007F002
:1086F000E9FD07F03BFE6D1C059FAFE7284607F03C
:10870000C9FF0646284607F0F7FF401EC0B2012108
:108710008140B27B0A40C240012A02D12846FFF7BD
:108720004BFF641CF8B2E5B28542E7D907B0F0BD53
:1087300070310020F0B58BB0044607F0ABFF054662
:108740000994204607F0D8FF411ECBB201242246EF
:108750009A40A87B1040D8403ED007930492AE8840
:108760007007089506914DD5288902284AD32B7C9D
:10877000687CA97CEA7C0AAF009001910292039781
:10878000F0B287092846079E31463A4607F0E2FFD5
:10879000B84230D00146A819007E7E282BD0099817
:1087A0000E4602F00BFB3246032E0DD0032F0BD0EA
:1087B000A988CB0512D58B069B0F93420ED142217F
:1087C000415AAB898B4216D20AA90F78408F39469D
:1087D0002B4608F001F810E0002785E02402422330
:1087E000C05AEB881818A8814D4801409007800EA8
:1087F00040182043A8800AA80778FF2F01D1002045
:108800002881AE88300519D501270A2209983946F2
:1088100007F056FEB10511D500280FD1089A10684F
:108820000421435609990091019002923846069915
:108830008840C2B20020394608F00CF80F20089D8D
:108840002C5601270A2209983946059207F038FE6E
:108850000028079E2ED1E1B27F292BD03148006835
:10886000026E905792190423D256831AA34202DC57
:108870001218A2421EDAC3B2AA1918201056591AA9
:108880004EB27E2833D130460106064612D0002073
:1088900003F010FA00280DD03821059A42540999A6
:1088A0000091019002950498C2B273B20020014673
:1088B00007F0D0FFA888C00416D50127384603F07A
:1088C000F9F9002810D03821059A425409990091ED
:1088D000019002950127384606998840C2B20020CF
:1088E0000146034607F0B6FF38460BB0F0BD012E37
:1088F0000ADB202151567F29C9D07F28C7D0081A0A
:10890000C5DBB042C0DBC2E71C2151567F29BAD07B
:108910007F28B8D08142B6DC081AB042B3DDB3E795
:10892000CFFE00008031002080B50A20014902F00E
:1089300095FD80BD6D5D06101CB50A46044601A973
:10894000104607F0D1FF002800D01CBD01A8007818
:1089500007F0A0FEC07B20707F2801D000201CBD46
:108960001F201CBD04207047F8B50468007902F090
:1089700025FA9E21435AA0210546415A8B4200D335
:108980000B46E3809C212846695AA222AA5A9142AA
:1089900000D31146A180A9221201934200D81346A8
:1089A000A3812846EB6C144D5D432B0A0093943051
:1089B00008250C2D1FD0082D01D00C2600E006261E
:1089C000A65B3D273F0103889B01DF19B74200D812
:1089D0003E464B239B00F318009EF61A00D2002659
:1089E0008E420F4600D83746BEB2964200D8164691
:1089F0006653AD1CDDE7F8BD71020000FEB504460C
:108A000002F0DCF9054693204700204607F078FD88
:108A1000E95DC906CA0F43D02C462C3421780229BF
:108A200006D1017A002900D181798171467A05E069
:108A3000417A002900D181798171067A002E00D116
:108A4000C679C6710429029205D10088012805D093
:108A50003846042704E038464F0801E03846062728
:108A600028180190607D394603F0DAF8042E00D012
:108A70007608607D314603F09EF800200090962035
:108A8000012132463B4602F06AFD01461435284674
:108A900002F0C7FE019A1078EF2101401170029A8E
:108AA0001046FEBD80B50620014902F0D7FC80BD0E
:108AB000C978061080B502F077F90249C16100203B
:108AC00080BDC0460200070770B50D4607F018FDCF
:108AD000002814D0044602F067F9064600210E2251
:108AE000204601F09CFD042D01D1284601E0012023
:108AF000A840E071A071F08B6080B08B20800020D6
:108B000070BD0000F0B587B0044602F057F9054685
:108B100093204700EE19204607F0F2FC0446EF5D73
:108B200078062B4648D5304800683621415C8906D6
:108B30003ED53630407A40063AD5903528890190A6
:108B4000A8880290E888039028880490588F0590A0
:108B500026480068006980211722042506932B46C9
:108B600001F0D4FE069B002822D00146019A02742F
:108B7000029B83730398087304988872059808729F
:108B80000720C8710B2088713E2048710D71100AB2
:108B90004874180AC8730398000A48730498000AB6
:108BA000C8720598000A4872802001F00BFF069BEE
:108BB0003078BF2101403170B80612D5E179032029
:108BC0004A0700D501465A8FA3790091590700D56D
:108BD00003468020002107F099FE3078DF21014014
:108BE000317007B0F0BDC0468031002074310020E4
:108BF000F0B58BB0044602F023FD01283CD102F011
:108C000015FD002838D101F09DFD0546A06CA84255
:108C100032D026465436204602F0A8FD31788078BE
:108C2000814229D127462A3788093E780A9003D104
:108C3000304602F075FE401C0890304602F097FE68
:108C400009901D203E5602F00CFD074602F0F3FC91
:108C5000E16C0022089BDBB200970A9F0197029308
:108C600003920492059006910A237343A1200349BD
:108C7000099A03F0C3F8A5640BB0F0BDFF0F000024
:108C8000B0B50446407D257D002827D0A17D89010F
:108C9000014320690170607E012823D1A07D002856
:108CA0000AD1E07D411E284602F012FFA368E26867
:108CB000217E284607F060FE24201B49085C5228CC
:108CC000014600D35221092800D20021284602F093
:108CD000EDFE6168284602F0DFFE1EE0284602F045
:108CE000CDFDB0BD284601F0F0FC0E4801214170D9
:108CF000A07D00280DD0284602F0C9FEA07D411EAF
:108D0000284602F0E5FEA368E268217E284607F0C7
:108D100033FE617D284602F0E9FE206802F037FD4F
:108D2000B0BDC04632000020C0300020F0B589B090
:108D300001920291044602F00AFD01F018FD0320A1
:108D4000C043C01C03AD2881012028826873AA2774
:108D5000E05DA8722646AA36B07EE87201980490BB
:108D600002980390B07C02F020FEA874E05B1449E6
:108D7000401A411E8841E87328732046EC3006F003
:108D800044FBF420002102912150FF27B77405F025
:108D9000D5FEA873284606F041FB2046283007F090
:108DA000FCFD3C34204607F0F8FDB776029830749D
:108DB000307E800701D5F8F756FF012009B0F0BDDD
:108DC000FCFF0000F0B589B0044601F0D0FC03AD13
:108DD0001F4828810020019028820120E873FF208D
:108DE00002900430A881AA20205CA8722646AA36E8
:108DF000B07EE8722046C8300390206D2830049081
:108E0000BD27E05D02F0D1FDA874E05D05F0D4FC63
:108E10000298E055B07C05F0CFFC029FB77405F0D6
:108E20008DFEA873284606F0F9FA2046283007F090
:108E3000B4FD3C34204607F0B0FDB776019830749D
:108E4000307E800701D5F8F70EFF09B0F0BDC046AF
:108E5000FFFF0000B0B5044600250D70006D02F064
:108E600076FC02F0F8FBC72007212154606F856073
:108E7000606FC560606F017A2246C7325278520631
:108E8000D20F0A430272606F2146CA3109300622AE
:108E900001F0C1FB206D3021405C636F083301227B
:108EA0002946F8F7BCFEB320205C29462A4601F08B
:108EB0009DFB7B309821605020469830024901810B
:108EC000204607F07BFDB0BDF9FF0000F8B5044671
:108ED000C420FF212154A420255A01272F402646D3
:108EE000C436002F04D006F057FA3070FF2822D085
:108EF000A43405F023FE2076FF2813D00021E806D5
:108F00001AD40D4605F01AFE29466076FF2813D1C3
:108F1000002F02D0307805F044FA207E05F04CFC9A
:108F2000072109E00721002F06D030780C4605F014
:108F300038FA214600E00C210846F8BDF8B5044691
:108F40000226EC27F8F77AFC0546002E14D0286894
:108F5000C019014630390978A14204D001462F39A1
:108F60000978A14203D103F0A7FE002806D14720CB
:108F700080003F18761EE8E70020F8BD0120F8BD0C
:108F800070B50C460546084607F033FD06462046F8
:108F9000294607F049FD8119B4202058002281425A
:108FA0000AD92346B4339D794520012D05D080345C
:108FB0002468A14201D81960104670BDF0B58DB08B
:108FC000099105460BA905911F20087100200A9000
:108FD000C0430B9005F0AEF8074606902E46A0362B
:108FE00005F060FA0890317F079601200490009008
:108FF00028463A460A9B07F024FD284602F000FC6A
:10900000BD24285D317C2A6D049E009613461433DE
:1090100007F052FD285D059902F0F2FC285DFF2162
:1090200002F070FDB320285C04F0E4F80746285DE8
:109030000590286D03900A99009194203A463B468A
:1090400002F08DFA0346009603980599069A07F0F8
:10905000F8FC285D06902C6D0A9800909620314609
:109060003A463B4602F07BFA03460A980090019686
:10907000143420460699089A07F04CFD286D02F03A
:10908000BFFBEC200C4929520798807CA021685234
:109090002C46EC34094820610220A0706068A06072
:1090A0002846099D294607F075FD072220462946D6
:1090B00001F076FB0DB0F0BD040700004808041075
:1090C00001207047F0B585B0F8F7B8FB02904D303D
:1090D000039000273C46019703980078874245D2C9
:1090E000029800680519BA20285C0C2601283ED099
:1090F00004A92846F8F7AAFB002803D00498007AB0
:10910000002834D12846BA30AA211A4A6A520026C9
:1091100006703820285C002804D0A96AA12000220B
:10912000F9F712FC4C20285C002804D0E96BA12040
:109130000022F9F709FC0498002812D0417A00298E
:109140000CD1856F297E002905D0A968A1200022B5
:10915000F9F7FAFB0498AE60EE602E76012107F075
:109160007BFD4720800024187F1CB5E7019E304618
:1091700005B0F0BDFFFF0000BCB50446F8F75EFB8C
:109180004D21415C00228A424AD247239B0053432F
:109190000568ED18AA23EB5A521CA342F3D1BA205A
:1091A000285C0C2401283CD001A92846F8F74EFB86
:1091B000002803D00198007A002832D12846AA302E
:1091C0002946BA3100240C70174901803820285CE8
:1091D000002804D0A96AA1200022F9F7B5FB4C2091
:1091E000285C002804D0E96BA1200022F9F7ACFB31
:1091F0000198002815D0417A00290DD1856F297E6C
:10920000002905D0A968A1200022F9F79DFB01984B
:109210000021A960E9602976012107F01DFD00E029
:1092200042242046BCBDC046FFFF000070B5044686
:10923000FF262836805D400701D4002510E001F0AC
:10924000B3FD8168608F00252A4607F00DFD0728D1
:1092500001D1012504E0A0190178FB220A40027027
:10926000284670BDF0B589B003930292069107902D
:1092700001F09AFD0446F8F71DFB0590F8F71AFB7C
:109280000546A92006013A4FF8F71CFB012D089767
:10929000009604D101283E460AD0364E03E001284C
:1092A00006D02920C600F8F7FDFA012800D10836BB
:1092B0000496029D039FF8F7FDFA0190F8F7FAFA79
:1092C0000646F8F7FFFA012E07D101283E462F4641
:1092D000069D079B14D0274809E0012800980890B4
:1092E0003E462F46069D079B0AD02920C0000890C5
:1092F000F8F7D8FA012802D1089808300890079B9F
:1093000072B6E682A78265822382FB221B20019926
:109310000129114600D00146059C012C089C00D073
:10932000024630209A42024600D300221B2B0346FD
:1093300000D31346049AAA42024600D31A46EB0809
:10934000292B034600D31346B942014600D31946E0
:109350001B2F024600D30A46B442014600D31146F1
:10936000F208292A00D3084662B609B0F0BDC0460B
:109370009042000048080000B0B588B0129C0694E6
:10938000119C0594109D04950F9D03950E9D0295CB
:109390000D9D01950C9D009507F0F0FC012C10D15E
:1093A000F8F795FC07F038FE0748C17A07480068CF
:1093B000A030074A052304F087F907F0B5FEF8F757
:1093C00012FD08B0B0BDC046C03000208031002082
:1093D000E5F4061080B507F0B3FE80BD1CB5059C12
:1093E0000194049C009407F0D9FE1CBDB0B51C4646
:1093F000154607F011FFFF200430288007F022FFF8
:1094000020700020B0BD0000B0B58AB0044601A8AD
:109410000E9D05848270417004700F990177119937
:10942000C183109901811799C17616998176159992
:1094300041761499C17313998173129981721899A5
:1094400001740449818102931999069107F00EFF76
:109450000AB0B0BDFFFF0000B0B586B06C460C9DF1
:1094600025740B9DE5810A9D257322716180207012
:109470000D9805900293204608F068F806B0B0BD3C
:1094800080B508F02FF980BD80B508F05BF980BD8C
:10949000B0B58AB0044601A8109D05760F9D858160
:1094A0000E9D0581827041700470149901741399A6
:1094B000C173129981731199817202931599069162
:1094C00008F0E4F90AB0B0BD80B508F017FA80BD25
:1094D00080B508F01DFA80BD80B508F02DFA80BD7A
:1094E000F0B5FFB0FFB0B5B0FFADC435FFACBC34D4
:1094F0002F4E6E44366866712E4E6E443668267165
:10950000E3702D4E6E44366826702A23274CE35CA8
:10951000B34201D2092045E0284B6B441B680593F8
:10952000274C6C442468274F6F443F68264B6B449C
:109530001B680490284606AD6F802B800B784D7811
:109540002D02EB18897809045918137855782D02E3
:10955000EB18927812049A1806C004980A217143F5
:10956000002217AD07AE914212D0A35C2B70A31856
:109570005F88AF839F886F849F792F76DF79AF777D
:109580001F7A37705B7A7370B61C24350A32EAE7AB
:109590000599019106A90091FFA9BC3117AA07AB53
:1095A00008F03AFA7FB07FB035B0F0BDC03000208F
:1095B000E0040000E4040000F0040000F8040000EF
:1095C000F4040000EC040000E8040000F0B5FFB073
:1095D000FFB0A5B0FFAC84342A263A4DAD5D3A4FBA
:1095E0006F443F68BD4201D2092066E006903748CB
:1095F000684400680590364D6D442D6835486844D0
:10960000006802900393344E6E4436680494334CE1
:109610006C442468324B6B441B68324868440068D1
:109620000190FFA87C30C3804671029B0371C47017
:109630000770019B8370039B437008784B781B0273
:109640001818897809044018117853781B025918A2
:10965000927812048918049A03C20E21794307AA4A
:1096600022320024A14221D0285B1346223B1880DD
:109670002E197088931F1880B0881080F0881346C8
:10968000083B18803089931E1880B07A13460A3B35
:109690001870F07A131F1870307B1346093B18704E
:1096A000707BD31E187024320E34DBE7FFA97C31A7
:1096B00007AA0698059B08F011FB7FB07FB025B084
:1096C000F0BDC046C0300020B4040000BC0400005F
:1096D000B8040000B0040000AC040000A8040000BE
:1096E000A4040000A0040000B0B5A0B00D460446DC
:1096F000202008F031FB002806D02A200E49085C03
:10970000A04203D2092014E00C2012E0684610A900
:109710002246002A08D06B880B802B8803802D1DE1
:10972000891C801C521EF4E7694610AA204608F0E6
:1097300033FB20B0B0BDC046C030002080B508F07B
:10974000C3FB80BD80B508F0EEFB80BD80B508F09E
:1097500016FC80BD0146064802680C20002A05D090
:109760009268002A02D01088088000207047C04606
:10977000783100200146084802680C20002A0AD0EF
:109780009268002A07D01220002904D0034B994286
:1097900001D81180002070477831002040B50000CA
:1097A00070B5012902D91225284670BD0C4615490D
:1097B000091D00261125052EF6D08A1E1288824228
:1097C00002D0891D761CF5E7087808F007FC012C0B
:1097D00001D10028E8D008F04BFC002801D00C256E
:1097E000E2E70720304001218140F008064A126874
:1097F0001018027F012C01D08A4300E00A4302774F
:109800000025D1E7DE0F04108031002080B53F280D
:1098100001D9112080BDFFF7C3FF80BDF8B5054613
:1098200000240094694608F043FC002803D08428F3
:1098300024D0044622E0124800683021405C000732
:10984000002400281AD5009E0E4800688069022175
:109850001222032301F05AF800280FD00746001DFA
:109860002946324608F050FC0820B8710C20787167
:10987000042038710220394601F0A4F82046F8BDD2
:10988000803100207431002080B501210022134670
:1098900008F04AFC80BD000080B50A2901D91220D9
:1098A00080BD0B4605490968497F890704D4012119
:1098B0000A4608F039FC80BD0C2080BD80310020B4
:1098C00010B51446012906D8224608F0CDFC002820
:1098D00002D1002010BD12207F21217010BD10B5D3
:1098E0000C4601462046F8F7CEFA002801D07F2129
:1098F000217010BD80B508F0D0FC80BDB0B50C461D
:109900000546F8F7D7F8022803D12846214608F083
:10991000D3FCB0BDF0B58FB01D460A920C46074689
:10992000022001263146F7F79FFF002823D11B981C
:1099300004901A9806901998079018981799169AF3
:10994000159B0893149B099305950BAD049BEB8124
:10995000069BAB812881E980AA806C802F800798C4
:10996000688100200096019502900A980899059A4E
:10997000099B08F0BFFC0FB0F0BD80B508F02CFECD
:1099800080BDF0B585B0049315460E460746012408
:1099900002212046F7F768FF00280AD10B980A99A0
:1099A000009101900294384631462A46049B08F003
:1099B000A1FC05B0F0BDF0B587B015460F460446D2
:1099C0000F990E9A0D9E0C98FF2C01D0FF2F16D1E7
:1099D0002740FF2F11D114460F46059606901E46CC
:1099E000F7F774FF012830D10094019728463146DB
:1099F000069A059BFFF7C5FF28E0122026E0049297
:109A00000D460690059301200221F7F72DFF00284F
:109A10001CD10021EF222046F7F734FF002815D192
:109A200000217F223846F7F72DFF00280ED10420B1
:109A30006880288000960498019002952046394657
:109A4000059A069B08F024FE00E00C2007B0F0BD4C
:109A50001CB5059C0194049C009408F0CBFE1CBD31
:109A600080B508F03FFF80BD1CB5059C0194049CA7
:109A7000009408F07FFF1CBD1CB5049C009408F006
:109A8000F9FF1CBD80B509F06FF880BD1CB5049CC2
:109A9000009409F0B1F81CBD80B509F059F980BDFA
:109AA00080B509F089F980BD7CB51C460D46064697
:109AB00001A80280304609F097F90146320A0220D7
:109AC0000E2A0ED8FF290CD00846F8F71DF80028FA
:109AD00001D00C207CBD01AA30462946234609F05E
:109AE0009FF97CBDB0B50C46054609F07DF9FF280D
:109AF00005D000202946224609F0E2F9B0BD022037
:109B0000B0BD10B5044609F06FF9FF2805D08120DB
:109B10000022214609F0D4F910BD022010BD00003A
:109B200010B588B068462021F7F750FB002468463E
:109B3000202C04D0001900F09CFD241DF7E70549F6
:109B400000F087FD801C01D0002000E03A2008B022
:109B500010BDC04661850610F0B591B005460F4FA7
:109B60003A68643200242021204609F0D4F9002804
:109B700001D01F240EE001AE40223046294600F0FD
:109B80004AFD38686430064A314600F066FDC01C64
:109B900000D11224204611B0F0BDC0468031002013
:109BA0005184061080B509F0C8F980BD80B509F070
:109BB000D9F980BD10B58EB01B9C0D9400240C9477
:109BC0000B941A9C0A94199C0994189C0894179C4D
:109BD0000794169C0694159C0594149C0494139C5D
:109BE0000394129C0294119C0194109C009400F028
:109BF00003F80EB010BD0000F0B589B00093164612
:109C00000F460446012002252946F7F72DFE0028BD
:109C100011D101A80470200912240E280AD8F7F7E0
:109C200059FE002801D1F8070ED101A84780B805D8
:109C3000400F02D0204609B0F0BDF80606D4F80760
:109C400010D13807F6D413E01120F4E7132F13D006
:109C500008203A468243152A0AD03846284312285B
:109C600006D0E7E73D4008203A4602405019E1D1CE
:109C7000B80601D5B807DDD1274601AC201D314615
:109C800009F099F908342046009909F094F90298EE
:109C9000202801D23846CEE7039920293A4627D317
:109CA000884225D80E9801A90873400720D00F9844
:109CB00001AC6073F7F7FAFD617B8142EAD8109836
:109CC00001A988730128E5D8129C119901AD284695
:109CD0000F30062200F09FFC6C75032CDAD8149C20
:109CE0001B9D13987F2805D11D480068407903E02B
:109CF0001046A0E700F0C1FC01AEB07500F0C5FC55
:109D00002870F475FD2121401120012993D1169965
:109D1000159A01AB99765A7600298CD003298AD8F6
:109D20001A98199901AAD07611760429B2D8042874
:109D3000B0D801A8012C03D0408810210140A9D13E
:109D4000179801A908770F28A4D8189801A948776F
:109D50000128384600D96EE701A809F035F96AE70D
:109D60008031002080B509F039FA80BDFEB5144677
:109D70000D46064601200221F7F776FD00280BD19B
:109D80001221012E07D81F48807EA84203D3002E3F
:109D900004D0002D02D10846C0B2FEBD01910027BB
:109DA00028463043394607D1002000902946024614
:109DB000034609F055FA0146FBB2AB420846EBD226
:109DC0000297062108465843225C17090E2F16D821
:109DD0005B1CDFB2AF4204D24F43E75D9742F7D13D
:109DE0000DE020184388007900903046294609F09C
:109DF00037FA029F7F1C00210028DDD0CCE70198B4
:109E0000CAE7C046C0300020B0B504460120022198
:109E1000F7F72AFD0546002802D109F0A1FB2070C2
:109E20002846B0BD10B5044601200221F7F71CFDFD
:109E3000002800D010BD2046F8F771F810BD80B59D
:109E400001200221F7F710FD002800D080BDF8F7AF
:109E500062F880BD80B509F089FB80BD80B509F04E
:109E6000D7FB80BD10B50C4611461A46234609F0B3
:109E70001CFC10BD10B50C4611461A46234609F0CD
:109E80003EFC10BDB0B586B001AC0B9D2573E270F1
:109E9000A17020800C9805900A98039002932046A8
:109EA00009F06CFC06B0B0BD80B503F022FC80BDAB
:109EB0001FB5099C0394089C0294079C0194069C7E
:109EC000009409F0B3FC04B010BD80B509F0D2FCD9
:109ED00080BD1CB5049C009409F00AFD1CBD80B532
:109EE00012045118012206F0BFFE80BD80B509F0B2
:109EF000ADFD80BD80B509F0B5FD80BD80B509F030
:109F0000E1FD80BD1CB5049C009409F0ECFD1CBD76
:109F100080B509F047FE80BD80B509F056FE80BDD2
:109F200080B509F06AFE80BD80B509F06EFE80BD87
:109F3000F0B585B01F4616460D46044609F098FE5A
:109F400000280BD103A8C78086804580447000217B
:109F50000170029102A901AA09F0B4FE05B0F0BD9A
:109F6000B0B50C46054601200221F7F77DFC00281C
:109F700000D0B0BD0021EF222046F7F783FC002877
:109F8000F7D10549284609F007FF0028F1D12846F6
:109F9000214609F005FFB0BDFCFF0000F0B58FB011
:109FA0001F4616460D46079009F062FE002879D13B
:109FB000149C0021802220460691F7F763FC0028BC
:109FC00070D13948C07EA04201D207206AE01898BB
:109FD0000590179802901698039015980490002CFD
:109FE0003FD0012C01D1019611E028460094214672
:109FF000F8F749FB0246FF2800D3FF220621049C04
:10A000002046F7F73FFC00280194009C4AD101212B
:10A01000FF2205980092F7F735FC002842D10198FD
:10A02000C0B20190421E01210398F7F72BFC0028D3
:10A0300038D103980199091A0A2048430599F8F77D
:10A0400022FB0104090E00D000980599012901D1D5
:10A05000029006E082B202210298F7F713FC002872
:10A0600020D10DA8C7808680458007994170047073
:10A0700006990C910BAA11700CA909F023FE002C73
:10A0800010D000280ED108A8059901710299C1705D
:10A0900003998170049941700B9901700C990A9190
:10A0A00009F0FEFE0FB0F0BDC0300020F8B5144638
:10A0B0000D460646012702213846F7F7D5FB002852
:10A0C00000D0F8BD0097002230462946234609F00B
:10A0D00035FFF8BDE0B50023009309F02FFF8CBDDC
:10A0E000FEB5029315460E4607460124022120467E
:10A0F000F7F7BAFB002800D0FEBD009701940020BE
:10A1000031462A46029B09F079FFFEBD1CB51C466C
:10A11000002300910193049B1146224609F06EFF33
:10A120001CBD80B509F0BCFF80BD80B509F0D8FF2B
:10A1300080BD1CB5059C0194049C00940AF021F894
:10A140001CBD80B50AF07AF880BD80B50AF0FAF837
:10A1500080BD80B5030A0E2B01D9022080BD0AF014
:10A1600071F980BD80B50AF087F980BD10B5029CF9
:10A1700024042018120251181A0489180AF0A1F9AF
:10A1800010BD0000F0B58BB0012801D9122016E0F7
:10A190001C46164601AD2870681C0622094B9847DC
:10A1A000E81D102731463A46064B98472846173097
:10A1B00021463A46034B984728460AF077FA0BB0F7
:10A1C000F0BDC04617A604101CB5012801D9122005
:10A1D0001CBD6C462070601C062200F01CFA204654
:10A1E0000AF0CCFB1CBD80B50AF044FC80BD10B564
:10A1F00004460AF04DFC2070002010BDBCB50128BB
:10A2000001D91220BCBD14466D462870681C062278
:10A2100000F001FA0020294622460AF043FCBCBDAA
:10A22000BCB5012801D91220BCBD14466D4628706A
:10A23000681C062200F0EFF90120294622460AF0A8
:10A2400031FCBCBD80B5012802D80AF06DFC80BD90
:10A25000122080BD80B5411E0909E02903D80AF00B
:10A2600077FC002080BD122080BD80B503461220FF
:10A27000012B04D8012A02D818460AF091FC80BDAF
:10A2800080B50246030912200E2B04D8032902D8F8
:10A2900010460AF0B3FC80BD70B514460D46064664
:10A2A00001200221F7F7E0FA002800D070BD28460F
:10A2B000314622460AF0CEFC70BD80B50120022155
:10A2C000F7F7D2FA002800D080BD0AF0F7FC80BD75
:10A2D000FEB51C4615460E46074601200221F7F73B
:10A2E000C3FA002800D0FEBD0A980999089A009286
:10A2F00001910290384631462A4623460AF0ECFC8A
:10A30000FEBD80B501200221F7F7AEFA002800D08B
:10A3100080BD0AF05FFD80BD10B50446012002211A
:10A32000F7F7A2FA002800D010BD20460AF073FD0E
:10A3300010BDB0B5044601200221F7F795FA054695
:10A34000002802D10AF087FD20702846B0BD70B504
:10A3500014460D46064601200221F7F785FA00282B
:10A3600000D070BD2846314622460AF079FD70BD06
:10A37000B0B50C46054601200221F7F775FA002812
:10A3800000D0B0BD284621460AF09DFDB0BDF8B50D
:10A390001C4615460E46074601200221F7F764FACF
:10A3A000002800D0F8BD384631462A4623460AF038
:10A3B000A5FDF8BD80B50AF0F9FD80BDF0B585B00A
:10A3C000029317460E460446022001252946F7F758
:10A3D0004BFA002809D10A9903AB9F801C705E805C
:10A3E000009502982A460AF009FE05B0F0BD7FB537
:10A3F0000D460446022001263146F7F735FA0028BB
:10A4000008D101A88672457204720021029101915F
:10A410000AF090FE04B070BDF8B51C4615460E4615
:10A42000074601200221F7F71FFA002800D0F8BDE7
:10A4300000200090384631462A4623460AF0DEFDC9
:10A44000F8BDFEB51D4614460F4606460120022102
:10A45000F7F70AFA002800D0FEBD68460021817295
:10A4600047720672019500940AF064FEFEBD1FB5A6
:10A47000089C0294079C0194069C00940AF05EFFDD
:10A4800004B010BD1CB5049C00940AF0A9FF1CBDCB
:10A490001CB5059C0194049C00940AF0C0FF1CBDEF
:10A4A000F0B585B001920D46064602AF00240C229D
:10A4B0003846214600F0B3F8FC700198B8707D7002
:10A4C0003E7002AA07CA0BF003F805B0F0BDF0B564
:10A4D00085B01F4616460D46019002AC00210C22A5
:10A4E000204600F09CF80C98A0710B9860710A98B7
:10A4F0002071E770A6706570019820700D9A049223
:10A50000039902980AF0E4FF05B0F0BDF0B585B0FC
:10A51000009315460E46074601AC00211022204646
:10A5200000F07DF87D2020730098E070A5706670C3
:10A53000277001AB0FCB0BF011F805B0F0BDF0B5F3
:10A5400085B01F4616460D46009001AC0021102232
:10A55000204600F064F80C98A0710B9860710A987E
:10A5600020717D202073E770A670657000982070C0
:10A570000D9A03920299049B01980AF0EFFF05B02F
:10A58000F0BDF0B585B01F4616460D46009001ACF3
:10A5900000211022204600F042F80C98A0710B9880
:10A5A00060710A9820710E982073E770A67065702C
:10A5B000009820700D9A03920299049B01980AF06A
:10A5C000CDFF05B0F0BD0000C02141430548006843
:10A5D000902280584068982280580068006840188F
:10A5E0007047C046803100207047000080B50BF0F6
:10A5F0002BF800022721C90040180249F8F743F858
:10A6000080BDC04671020000464A5C2358431018C2
:10A61000426A4162704780B5F8F7D0F901BD80B554
:10A620000B0011001A00F6F7D3FD01BD80B50BF049
:10A630002BF802BD7FB504000D00160068460BF034
:10A6400041F868460178217041782970807830702F
:10A650007FBD80B50BF0A8F802BD80B50BF0F6F811
:10A6600002BD80B50BF032FB01BD80B50BF092FB53
:10A6700001BD80B50BF096FB01BD80B50BF0A4FBCE
:10A6800002BD80B50BF0BEFB02BD80B50BF0D4FB64
:10A6900002BD80B50BF0F6FB01BD80B50BF0EEFB03
:10A6A00002BD80B50BF0ECFB02BD80B50BF0F8FBF2
:10A6B00001BD80B50BF0C4FE02BD80B50BF05EFCA1
:10A6C00002BD80B50BF030F802BD10B51649174B2E
:10A6D000CA6E1A60164A14685C6000230B60CB6E69
:10A6E0000724A343CB66012111600021FFF78CFFF3
:10A6F00010BD0E4841680E4A11600B490068C866DB
:10A7000000200860704780B50A490968891C8906DD
:10A71000890E80220A4304490A600749FFF774FF43
:10A7200001BD0000DC000020A415006058310020AD
:10A7300094005048901600602941767180B50BF066
:10A740002EFC01BD80B50CF0FEF904BD80B50CF007
:10A750005FFA04BD80B50CF001FA02BD80B50CF0C3
:10A7600006FA01BD80B50CF01CF9C0B202BD80B57F
:10A770000CF089F9C0B202BD80B50CF06DF804BDD3
:10A7800080B50CF0B9F901BD80B50B00110000D007
:10A790000122190000D001210CF03CF9C0B202BD29
:10A7A00010B58161C369002B02D0DB435B1800D474
:10A7B000C161017841750F210A400275C168832982
:10A7C00000D88321C160EFF3108472B60CF030FD25
:10A7D000084800684078400701D40CF045FD84F338
:10A7E0001088EFF3108472B60CF062FD84F31088C9
:10A7F000002010BD8431002010B50446016880207F
:10A8000001220CF063FDFF20A07110BDF8B50446D5
:10A81000F7F714F80546354E3046F8F753F8344943
:10A82000884214D1F8F76AF8FF283CD04721890004
:10A83000414328684118AA200E524C2000220A5495
:10A8400038200A54CA630A648A62CA620AE047214D
:10A850008900414328684118BA20085C012801D1C9
:10A860000C2541E0B92000250D546079AE228854B2
:10A870000E46AE360120F070A0797070208800027C
:10A880000090C867084684300B46B4332779042FFC
:10A8900016D8C0467F443F797F00BF4402060B0DA7
:10A8A0000F00F3210BE007251EE0124FCF67FD21BB
:10A8B000018406E0F22102E0F02100E0F5210184AC
:10A8C000009F217AE279056045601F609A73D97311
:10A8D000217A0170401C093406222146FFF79BFEB5
:10A8E000054800684079B0702846F8BDFCFF0000BC
:10A8F000FFFF0000DC050000803100201CB501AC2A
:10A900002046FFF7B2FE20881CBD0000FEB51546AC
:10A910000C460646080614D402AA01AF3046194672
:10A920003B460CF005FD00281FD0600634D4029889
:10A930008178FC220A408270019901807180012790
:10A940002BE072B602AA01AF304619463B460CF026
:10A95000EFFC00280BD002998A78FC2313408B70FF
:10A96000019A0A807280012702E0002703E0002795
:10A9700062B6002811D172B6A0060AD41048006849
:10A98000016808220A430260002005F09BFC05F0E4
:10A99000EDFC62B600260AE00027029EF570A000DA
:10A9A00060210140B078032202405018B070002F9F
:10A9B00004D0002005F086FC05F0D8FC3046FEBD32
:10A9C0007431002080B5400605D48878FC2202400E
:10A9D000901C887080BD08460CF0E7FC80BDB0B5C7
:10A9E0000446018802200CF007FD0546002802D12C
:10A9F00020460CF025FD2846B0BD70B591420ED220
:10AA000015460E460446406801F0CDFC751B606893
:10AA100001F0B2FC281881B220460CF01FFD70BD79
:10AA2000F0B585B004468778781E03210491084369
:10AA30000930800883B2207A039020880290114860
:10AA400000688069022531222946FFF75FFF002850
:10AA500014D00646009701940498039A0240301DD2
:10AA6000002702993B460CF008FD35712846314617
:10AA7000FFF7A8FF20460CF0E3FC00E0072738466C
:10AA800005B0F0BD7431002070B5144605464C4346
:10AA90000068401E032101434E1C0021304622461F
:10AAA000FFF7BDFD30192860304670BDF0B581B0AC
:10AAB000054640888624002810D0AE68002E0DD0B0
:10AAC00000246C602C8027463460284631460CF008
:10AAD000EBFC24367F1C68888742F5D3204601B002
:10AAE000F0BD70B504461220002922D0002A20D0E3
:10AAF000FF25F4356E1CB2421BD8914219D8049937
:10AB0000914216D2AB4214D805990A2911D31925BE
:10AB1000ED01A9420DD85B1C53437D229200934264
:10AB200007D8002C04D0E20A5A4392B28A4200D2DB
:10AB3000002070BD10B500F041F9044600210CF072
:10AB4000CBFC8078FF212A31605449208000215AB3
:10AB500008220A43225210BDB0B54588AA0B032A29
:10AB60000DD3084A91420AD80488022C07D36842C0
:10AB700080B22146F7F787FD401C60434519A8B213
:10AB8000B0BDC046FFBF000002463020012901468B
:10AB900000D02021012A00D00846704770B511204E
:10ABA000042100F031F8164D296890268959C96BA7
:10ABB000096848632B201349085CC97A0818841C6B
:10ABC0004821204600F020F829688959C96B0A6895
:10ABD00000219163002C11D0382214238354C163C7
:10ABE0002A689259D26B1268926B42642A68925911
:10ABF000D26B12689063641E4830EBE770BDC046AC
:10AC000080310020C030002080B50A46014602484D
:10AC1000FFF73AFF80BDC046BC300020F0B589B0D8
:10AC20000C46014600680F1DE0CF05433543002068
:10AC30003D4313D008900790069004900390029033
:10AC40000190074D2A40059205A801AA0CF04AFC84
:10AC500001982840210A411A4842484109B0F0BDF4
:10AC6000FFFFFF00B0B50146002000291BD00E4AAF
:10AC700012683423D25C0D4B1B6890241B59DB6B8C
:10AC80005B68002A0FD0B4241C590D68AC4204D173
:10AC9000B8241C594D68AC4204D05724A4001B1999
:10ACA000521EEEE71846B0BD703100208031002002
:10ACB000F0B581B002798A4214D9521E0092D3B203
:10ACC0008B420BD00468CDB2ED006619B768F2680C
:10ACD00067517260491CCAB29A42F3D1009901715E
:10ACE000012000E0002001B0F0BD0000F8B50A46E8
:10ACF0000146074800689023C058C06B006802AB4B
:10AD0000019303AB0093203001230CF0EFFB8FBDC8
:10AD100080310020F621415AF630002903D0491E27
:10AD200001800120704780887047B0B50C46022929
:10AD30000AD3851A28462146F7F7A2FC080402D058
:10AD4000012D00DA0024641AA0B2B0BDFEB504469D
:10AD50008020205C0026400624D501252046294677
:10AD60000CF0BAFB074620460CF003FC022819D170
:10AD7000B878272816D1F91C6E460A223046FFF70C
:10AD80004AFCF08800280CD1423424886D462846BD
:10AD90002146FFF7E1FE024629882046FFF7C5FF5E
:10ADA00005462E463046FEBD0348006890214058B7
:10ADB000C06B00687047C046803100205721890071
:10ADC00041430448006890228058C06B4068401896
:10ADD0007047C04680310020F0B589B00446FA20A3
:10ADE000255AE66CFFF7AEFCE321625CFE231340BC
:10ADF000635435210901401875436900421872B641
:10AE0000616CCB43D21800D485E004962722D2008F
:10AE1000A218059222462F3208922246423206920A
:10AE20002246E2320792081A002708214AB2002A75
:10AE30000CD4CBB22A469A40904202D301269E40BF
:10AE4000BF19821A00D31046491EEFE70799088BF5
:10AE50004743069A1088C01B1080BDB20898807CBA
:10AE60000978012910D1164600F040FD368808996E
:10AE70008A7C00230093019002932146BC31104646
:10AE8000324603F05FF910E000F062FD25210E1A52
:10AE9000774308980078381880B20CF071FB089955
:10AEA0000870301880B20CF06BFB089A0146059EC2
:10AEB000049F907C00F0D5FE7D43606C401B606475
:10AEC000608D29460CF06CFBA26C824204D9121AE8
:10AED0000D2A00D80D22A264606E401960664B20D6
:10AEE00080002018616C891AE36E5200D318346810
:10AEF000A34200D233600A4603F01EFB00280AD0AA
:10AF0000079A5078012101435170052005F0DAF9C4
:10AF100005F02CFA346062B609B0F0BDF0B597B018
:10AF200004464B208000201801F0C6FE21462C313B
:10AF300000280291079400D185E043208000251865
:10AF400020460CF016FB03280AD1288B410707D5B1
:10AF50000021697704229043288320460CF029FBC6
:10AF6000069520460CF036FB002800D1A4E02120F5
:10AF7000C0002518029880780A90012100262846F2
:10AF800032460CF036FB07462846314632460CF076
:10AF900030FB384300D08FE0002120460CF09CFAB3
:10AFA0000646477881780298027809910846394622
:10AFB0000CF036FB002879D00698807B04280BD152
:10AFC0000698007B0999884276D0012230460A997A
:10AFD0000CF0E6FB00286FD10298027809983946F8
:10AFE0000CF0FEFB002800D1E5E1022128460CF020
:10AFF00071FC00285DD00546618FBF1C01203A46D8
:10B000000CF09CFCE863002800D1E8E147800021B7
:10B010003A4633460CF0B8FC09980CF0BFFC3821D6
:10B020006854572080000A994843F24909689022E1
:10B030008958C96B49680818112109014118284627
:10B040000CF0B8FC35E04878002200282BD00492A0
:10B050002746B437487D0A908D7828460CF0B6FC18
:10B0600026467836A06F002801D00CF0D5FC30467B
:10B0700001F0ECFD03CF0CF0EFFC029E7178079C11
:10B08000608F02F0F9FA20460CF0FAFC28460CF02A
:10B090000FFD2846F6F732FE002803D0012030705D
:10B0A0000A987075049AD0B217B0F0BD0A98FFF7ED
:10B0B00041FD20460CF03CFD2120C00020180390EB
:10B0C00000200490C54311200601069F012DE9D000
:10B0D000681C0A90388B032105910840012808D18B
:10B0E000387FFF2805D020460CF043FA002800D115
:10B0F000DFE00996A419A01E08900078401E0428DD
:10B1000000D924E1784400794000874402236C95FB
:10B11000B30057208000029989784143B548006800
:10B1200090228058C06B4068401809994058002808
:10B1300000D10CE13821415C0D2900D9D9E0012270
:10B140008A40AD490A4200D1D3E0E11E0A782021AD
:10B150001143D0E007980CF00CFA01900A98C6B29F
:10B160000122039F384631460CF043FA054600227F
:10B170003846314613460CF0E2FCE71E3978C90622
:10B1800000D4E4E00199002900D0E0E0002D00D0D7
:10B19000DDE0002800D0DAE0029DA87831460CF00E
:10B1A000E7FC0CF0EFFC0190012107980CF094F9FA
:10B1B00003463878EF2101403970A87806223146DD
:10B1C000019DA8473878C1074FD0C00600D5BEE022
:10B1D000059808990870201FFF2101700121079828
:10B1E0000CF0E7F9B3E007980CF0C3F9032800D09E
:10B1F000ADE0029FB8780A99CEB231460CF0B8FCA7
:10B200000CF0C0FC0546B878002731463A463B466C
:10B21000A847251F2870079839460CF0CAF9E01E88
:10B220000078C10721D0400600D58DE02878FF289E
:10B2300000D187E0042088E007980CF0CBF90028C3
:10B2400000D184E00021079D28460CF045F9014615
:10B250000A98C6B20323284632460CF0A1FC002807
:10B2600075D0E01E0078C1073CD1039831460CF040
:10B2700069FD6CE00698807E800768D5029CA07806
:10B280000A99CEB231460CF073FC0CF07BFC00281E
:10B2900009D00546A078072200233146A847039825
:10B2A00031460CF04FFD069A907EFD2101409176CB
:10B2B0004DE035460126204631460CF00DF90221BD
:10B2C00081704170059A02703A7FC270388B0843D2
:10B2D0003883204631460CF06CF9787B30432E469B
:10B2E000787365E040062FD4201F0078FF282ED108
:10B2F00028E0E11E097801220A43E41E2270002D95
:10B30000069A16D0C06B428800250BAE29463346FC
:10B310000CF029FD0123079831462A460CF040FC29
:10B32000002814D02078C1070AD10A98C1B2039826
:10B330009DE702209073507B10210143517306E07A
:10B34000400601D4022000E0052008990870069FFD
:10B35000388B0007079C22D520460CF00AF90028FC
:10B360001DD10021012203980CF043F9002816D1C9
:10B370000126204631460CF0AFF8072181700221EA
:10B38000417005990170797FC170388B04210143A8
:10B39000082081433983204631460CF00AF9089889
:10B3A0000078FE210140022901D101200490099E6C
:10B3B0000C360A9D8AE606988078042800D078E644
:10B3C000069800780999884200D175E60022304637
:10B3D0000A990CF0E5F9002800D06DE669E6054809
:10B3E000006890214058C06B0068816B6964856378
:10B3F0005FE6C046803100204520000070B505465C
:10B40000FF262836805DC00701D100240FE0688F39
:10B41000002421462246234606F086FE072801D155
:10B42000012404E0A8190178FE220A400270204697
:10B4300070BD00001F2202400123934072B68900B4
:10B44000054A12685118400980000818816819439C
:10B45000816062B67047C0468C310020B0B50C46A2
:10B4600085000CF089FC00684451B0BD04490968AE
:10B4700090228958C96BC968C00008187047C04637
:10B4800080310020794A5C23584310180268784BB9
:10B490001340C9068022120511401943016070470C
:10B4A000724A5C2358431018C269FF239A43C9B2F9
:10B4B0001143C16170476D4A5C2358431018026AFA
:10B4C000120C120489B211430162704767495C2271
:10B4D00050430818C16A80220A43C2627047634918
:10B4E0005C2250430818C16A80229143C1627047B0
:10B4F0005E4A5C2358431018026D01239A43CB0720
:10B50000DB0F134303657047426801239A43CB075F
:10B51000DB0F134343607047426808239A43C90016
:10B5200003E0426810239A43090119401143416026
:10B530007047426820239A434901F6E74268574B17
:10B54000134009028022520005E04268524B13402A
:10B5500049028022920011401943416070475CB556
:10B5600004B40200069C00200026012935D168465B
:10B5700001781800084301D106203BE008200E00A6
:10B5800003D1012B06D1052034E0012E0CD1190086
:10B5900005D12FE0062BEFD0042B2BD1ECE7062BA7
:10B5A00028D0042B07D125E0062E01D0042E07D188
:10B5B0001E0002D11DE0012BEFE70E00062E01D088
:10B5C000042E03D1012BD7D0062901D0042911D193
:10B5D000062B0ED0042B0DD10BE00B0004D107205D
:10B5E000012C0DD199260CE0022902D0032908D1A3
:10B5F000F6E70720012C01D19B2602E03D2600E062
:10B600003B26911B081A5EBD2B490A682B4B134041
:10B610002B4A47E02B48016808220A430260704722
:10B620002848016801220A430260704726480068E2
:10B630008100C80F7047244800680006400E70471C
:10B6400021480168C807C00F704720480168802260
:10B650009143016070471D48016880220A430260DF
:10B660007047854800684006400E7047DC000020A7
:10B67000FFFFFFF718430860704714490A687F23EB
:10B680009A434006400E1043086070470F490A680D
:10B69000034B13400004EDE7FFFDFFFFFFFEFFFF3C
:10B6A000FFFF00FF02401A430A6070470100A748ED
:10B6B0000840704700000000040000604F000200D6
:10B6C000B0FFFDFF180000607C000060C400002097
:10B6D0008021C90308407047002070478021C905B8
:10B6E0000840704780218904084070478021890103
:10B6F000084070478021C9020840704780214902F4
:10B7000008407047802189030840704780218900E4
:10B7100008407047802109010840704780210906D0
:10B72000084070478021C904084070474021084004
:10B730007047802149040840704780B50021FFF719
:10B74000EBFE01BD4168802291434160704780B5A6
:10B750000021FFF7D9FE01BD4168802252010A4352
:10B760004260704740680107C80F704780687047A3
:10B7700080B51021F5F72AFD01BD80B50121FFF745
:10B78000D8FE01BD80B50121FFF7CBFE01BD80B51C
:10B790000121FFF7C1FE01BD8268816070474168E9
:10B7A00080220A4342607047C1688022D2050A4362
:10B7B000C2607047C168802292040A43C260704729
:10B7C000C168802212060A43C2607047C1688022A5
:10B7D000D2040A43C2607047C168802252040A43FF
:10B7E000C2607047416804220A43426070470268A1
:10B7F0000160704780B50021FFF7A0FE01BD7047D2
:10B8000080B50121FFF79AFE01BD416840220A433D
:10B810004260704780B50121FFF776FE01BD80B51B
:10B820001FE0C268120D12050903090B1143C16024
:10B830007047C168802252030A43C2607047C168E2
:10B84000802212040A43C2607047C1688022D2037A
:10B850000A43C260704780B541688022D2000A4323
:10B8600042600121FFF771FE01BD7F480268834BF2
:10B8700013400902824A68E1D800002080B5012106
:10B88000FFF700FE01BD80B50021FFF7FBFD01BD04
:10B89000854A5C23584310180029016803D04022D0
:10B8A0000A430260704740229143016070470000E4
:10B8B0007D495C22504308180168834A0A400260AF
:10B8C000016A894A0A400262704700007F495C228F
:10B8D000504308180168802292030A430260016AFB
:10B8E000802292050A4302627047000077495C2279
:10B8F00050430818406A7047744A5C235843101834
:10B90000C26A120C0A70C26A120E4A70026B8A7006
:10B91000026B120ACA70006B8002800E08717047B9
:10B920006A495C2250430818006D8107C80F7047B0
:10B9300066495C225043081838307047000063495C
:10B940005C225043081840307047000030DFC900C7
:10B950005E495C2250430818C06A8004800E70471C
:10B960005A495C22504309580806C00F704757498E
:10B970005C22504308588004800E7047534A5C2371
:10B9800058431018C269120A0A60036A1B0613435F
:10B990000B60006A0004000E486070474B495C224F
:10B9A000504308584000400F704748495C225043BC
:10B9B00008584001400F704744495C225043091821
:10B9C000C86AC006C00EC96A090602D51F2800D180
:10B9D0002020704710B504005C213C4822005C2305
:10B9E0005A438018F5F7F2FB01212000FFF750FFC2
:10B9F00010BDAA4A5C2358431018426A416270473E
:10BA000010B5A64A5C2358431018C26A92B20B784C
:10BA10004C7824021C4323041343C362026B920D2F
:10BA200092058B78CC7824021C43097909042143C0
:10BA30008902890A1143016310BD984A5C23584367
:10BA40001018826A120E12060902090A1143816255
:10BA50007047154A5C2358431018026D904B1340F1
:10BA60000904194301657047D00000208B4A5C230C
:10BA700058431018826D816570470000FF0000F088
:10BA800000FFFF0F80B50021FFF732FD01BD80B53B
:10BA90000121FFF72DFD01BD804A5C23584310189A
:10BAA000426D416570470000DC000020074A5C23BE
:10BAB00058431018026D7B4B13400902FE22D2013D
:10BAC0000A401A4302657047FFFFDFFFDC000020D9
:10BAD000724A5C2358431018026D02239A434900AE
:10BAE0001940114301657047FFFFFFDF6B4A5C237C
:10BAF00058431018026D7C239A4389000B4013436E
:10BB000003657047654A5C2358431018826A120225
:10BB1000120A0906114381627047604A5C23584348
:10BB20001018C26A604B13400902FC2292010A40BD
:10BB30001A43C2627047594A5C235843101802687E
:10BB4000594B13400902FC2292010A401A43026039
:10BB5000704710B5514A03005C246343D218D3697F
:10BB6000DBB20C6824021C43D4614A6812020968E3
:10BB7000090E1143FFF79FFC10BD80B54749020035
:10BB80005C235A438918096A8AB280210902114349
:10BB9000FFF791FC01BD41495C2250430818016840
:10BBA00080229143016070473C4A5C23584310183F
:10BBB000826881607047394A5C23584310180268D4
:10BBC0003A4B13400907E022D205BEE738B50A68B0
:10BBD000324B04005C256C431B199C699A614968CF
:10BBE000FFF75EFC31BD80B52C4902005C235A434F
:10BBF0008918C969CAB280211143FFF751FC01BD00
:10BC000026495C2250430818016880220A430260DA
:10BC10007047224A5C2358431018426841607047BD
:10BC20001E4A5C23584310180268214B1340090632
:10BC3000E022D20489E770B505000C001F26202CF5
:10BC400002D1FFF743FC02E0FFF749FC264013480E
:10BC50005C214D434019C16A1F2291430E43C662C5
:10BC600070BD0E4A5C235843101802683F239A4364
:10BC70008906890E11430160704708495C225043D0
:10BC800008180168802212024A40026070470428A6
:10BC900001D19D207047122070470000DC00002079
:10BCA000FFFF00FFFF80FFFFFFC0FFFFFFFFFF8FD1
:10BCB000FFFFFFF880B54142414100200BF00AFE32
:10BCC00080BD000010B557239B0043430A4800681D
:10BCD00090240059C06B4068C0180C234B43C01817
:10BCE00011210901411810460BF064FE072004F0F1
:10BCF000E9FA04F03BFB10BD8031002070B514461A
:10BD00000D4606460CF042F8002807D0304629467A
:10BD10000BF02EFF011B4842484170BD002070BD52
:10BD200010B557239B0043430C48006890240059EA
:10BD3000C06B4068C0180C234B43C0181121090187
:10BD400040580021002807D0002805D03823C35CC4
:10BD5000934202D0406CF7E7084610BD80310020C6
:10BD6000F0B585B00491002A30D01446064657201D
:10BD7000870035467D4330460CF012F80390144995
:10BD8000096890228958C96B486843190C22049DA0
:10BD900055435D1911231B01ED58A5420CD11546E1
:10BDA00004994D4303994919019149790291FE255E
:10BDB00002990D4001994D71049D6A437743C11961
:10BDC0008918CA18039821460BF0FAFF05B0F0BD98
:10BDD000803100200248006890214058006D704773
:10BDE00080310020044800685821405E0D21414305
:10BDF0004031C8117047C04680310020F0B587B08F
:10BE00000546C00643D41746244800683622825CA3
:10BE1000002492063CD53630C07AC00638D505934A
:10BE20000691119A1E4800686907C90E40180069FA
:10BE300003929100049114318B0803222946FEF7E6
:10BE400065FD002827D006461298029010980090B1
:10BE50000F9A0CAB0BCB0190039830750098708251
:10BE600072743374F1730198B0730598B081B7722E
:10BE700006983081304618300299049AFEF7CBFBC1
:10BE80000848706028463146FEF79CFD00E0862495
:10BE9000204607B0F0BD0724FAE7C04680310020F5
:10BEA00074310020B1F80610F8B50446C0062DD450
:10BEB00015460F460093184800686107C90E4018E0
:10BEC0000069511E03220A43093291088BB23322C2
:10BED0002146FEF71BFD00281AD00646C572877260
:10BEE0000C3000992A46FEF796FB00277772062051
:10BEF0003072281D010AF171B071FF20707182202B
:10BF0000307120463146FEF75DFD02E0862700E0F5
:10BF100007273846F8BDC04674310020F0B587B019
:10BF2000044608060D9D52D00195FF201546854315
:10BF3000012605930C9B1F460096374003977E42CF
:10BF40001640F2B252190692254D059F3A462A40F4
:10BF50001E469D07ED173D40049003062B409B189D
:10BF6000022030400290481E0590C8B241080026C9
:10BF7000C8B2C200A01845680298002801D118482C
:10BF80000540A0580246049FBA43039F002F01D1E9
:10BF9000384600E0C0B282180698904201D1AB4208
:10BFA00018D0AB4203D804D10698904201D94E1C58
:10BFB00001E0481E05900598801BC0B2401CC2B22B
:10BFC000510889198242D3D00020019D04E000214C
:10BFD000084601E0019D0098297007B0F0BDC046F9
:10BFE000FFFFFF00F0B583B00B4602460E4C206801
:10BFF0009025405981684868896802AE01270097FA
:10C000000196FFF78BFF00280BD02068405980680D
:10C01000406802A90978C9004018C1797F2008400A
:10C0200000E0802003B0F0BD80310020026841684C
:10C030008368C068114319430143481E8141084683
:10C040007047000070B584B015460A460446002BC0
:10C0500007D00A9882421FD10B98684000021BD17A
:10C060001BE0099808990123002902D006461E40CA
:10C0700004D1002911D1022108400ED008480068DF
:10C0800090214158C868096903AE009301962B4678
:10C09000FFF744FF002800D1FF24204604B070BD04
:10C0A0008031002010B50F490A68902151588B68E3
:10C0B0005C21595C002900D010BD1C465C349032D4
:10C0C0000121217004685C65FF231B0640689843CA
:10C0D000126892689065084604F0F4F804F046F996
:10C0E00010BDC04680310020F0B589B0089107909E
:10C0F0002148006890210691405880685D21415C8C
:10C100000024002935D0017A002932D0029203930D
:10C110000E990191002604274168CA19121F12685E
:10C120000592C959049149004D0E282169430068C0
:10C13000401801240799089A2346FEF76FFD00284E
:10C140000BD1761C0C480068069940588068017A2B
:10C1500008378E42E0D300240BE002980570FF20E0
:10C160000006049BD90F83430398059A0CC00198DD
:10C170000170204609B0F0BD80310020F0B585B0D7
:10C180001D4650C80B981D4F33463B40046043602A
:10C19000032901D120462DE0E0B20390D00713D14E
:10C1A0002A6800209442024604D16A683A409B1AE9
:10C1B0005A425A41039BFF2B00D02046FD231942CF
:10C1C00018D0002A15D015E00D480068902141587C
:10C1D000C868096904AA01230093019222463346E4
:10C1E000FFF79CFE002804D00398FF28D2D100203E
:10C1F00000E0FF20C0B205B0F0BDC046FFFFFF0069
:10C2000080310020F0B583B00292019106461448B7
:10C2100000689027C0598168087A00281CD0002443
:10C22000072503C9495D7F220A4028215143401850
:10C2300010303146019A029BFEF7F0FC002808D12D
:10C24000641C07490968C95989680A7A0835944203
:10C25000E7D3411E884100E0002003B0F0BDC04696
:10C2600080310020F8B52822154CA25C2623E35C1F
:10C2700053432722A25C2525655D55432A22A25CF3
:10C2800052005419002801D0042200E00222E318D1
:10C290000C48056800260096F0B283420DD90C27A1
:10C2A0004743E868C0190779FC0704D004888C422A
:10C2B00001D13A4202D1761CEEE70098F8BDC046A3
:10C2C000C03000207C310020F8B514460D460646EB
:10C2D000084601F053F907468620002F0AD07978E6
:10C2E0004A07920F07D0304629462246F5F7D0FB81
:10C2F00000212171F8BD0907FCD5304629462246A8
:10C30000F5F716FC7978C90601D40221F1E701217D
:10C31000EFE780B5001F02210BF060FD80BD10B576
:10C320000C460BF06FFD01468620002908D04A78A4
:10C33000530706D4120703D508462146F5F7DCFB60
:10C3400010BD08462146F5F79BFB10BD80B501697D
:10C35000002907D08278C06850430818401EF6F7BD
:10C3600092F900E00020C0B280BD80B50A46406866
:10C3700002210BF065FD80BD002806D00021006879
:10C38000491C0028FBD1480100E0002080B2704722
:10C39000011F00220A6040687047024600680028BA
:10C3A000FBD111607047F0B58DB0914200D383E0AE
:10C3B0001346064600290CD00C463546002D0BD0FE
:10C3C000A0B2202809D32D68203C2004F6D10024F7
:10C3D00003E00024354600E000251F463246002ACF
:10C3E00008D0B8B2202806D31268203F3804F6D10E
:10C3F000002700E0002220040AD00291291D0492A7
:10C40000A2B205A80393FEF706F90299039B049ACA
:10C41000002E019506D000203668401C002EFBD16E
:10C42000400100E00020002A3DD0C91A0D18280460
:10C4300039D004922021C81B82B2ABB29A4200D3F9
:10C440002846029582B20D1BA9B2914200D305463F
:10C45000AAB2A0B205A90818B9B2049E7118091DA4
:10C46000FEF7D9F82C19EF190397B8B2202803D199
:10C4700032680020039000E03246A0B220280AD1A2
:10C48000019C201D05A904922022FEF7C4F8049AFD
:10C49000246801940024039F002A07D00298451BBA
:10C4A0002804C6D102E0A0B2202805D00198001DC2
:10C4B000A2B205A9FEF7AFF80DB0F0BD10B5144655
:10C4C0000A464068194623460BF0F6FC10BD10B52D
:10C4D00014460A464068194623460BF026FD10BD57
:10C4E00070B50C46054600263146B0B20E18698874
:10C4F0008E4208D2B1B2022228462346FFF7DEFF61
:10C500006078811CF1E770BD10B50C79022C07D062
:10C51000012C09D0002C0BD14978F5F7B5FA10BDE4
:10C520004978F5F7C3FA10BD4978F5F7BBFA10BDA5
:10C53000002010BDF0B5C9B01746054680684278A6
:10C54000002A04D1C269002A01D101224270A868E0
:10C550004278012632402B791B0703D4002F0ED0DE
:10C56000B1030DE0002A1ED1027A022A00D188E030
:10C57000002A00D088E0002F00D09CE097E06049BE
:10C580000495002A00D11146C2690025002A13D063
:10C59000526908AB1A70140A5C70140C9C70120E6D
:10C5A000DA7004220AE04169002903D101690029F7
:10C5B00000D184E00C307FE02E462A46806908AB2B
:10C5C00098549C18000A60700220141D02900243C7
:10C5D0009F5498180F2212023A401143090A4170E1
:10C5E00003970696A9B2781AFF220432161B002F71
:10C5F00005D0B04203DD4A1E0B46934103E02A04F6
:10C60000029B00D0032305930795864200DB064674
:10C610003004049D06D008A80319A868C069B2B206
:10C62000FFF74CFF301987B2781E0321014309310F
:10C63000880883B22D88334800688069022132223D
:10C64000FEF764F9002810D0044608A8009701906E
:10C65000201D0699CBB22946059A0BF0A0FC0520B7
:10C66000207102202146FEF7ADF9079DAD19A8B251
:10C670000024039FB8422646B3D1049DA868183011
:10C680001AE08F4204D016E0042F14D38F4212D840
:10C69000C0690021042208ABFFF710FFAA68906967
:10C6A00008999161002802D0401C884202D1A868F4
:10C6B000143001E0A86810300168491C0160A868C6
:10C6C00000244470A868C069002816D04188B94287
:10C6D00004D1FFF71EFEA868C4610EE04068002187
:10C6E0003A46FFF760FEA868C0694188C91B4180CF
:10C6F000A868C0694188FFF738FE49B0F0BDC04660
:10C700000080FFFF74310020F0B587B0059026202F
:10C710001E490490085C0690282003900A5C2A2099
:10C7200002900B5C252001900C5C272000900D5C92
:10C730000027D0B20699CEB24643E8B2E1B24143F7
:10C74000D8B2400040188119F8B281421CD90C219E
:10C7500041430F480068C06840180179C90711D0EB
:10C760004179059EB1420DD10BF030FC0498074988
:10C77000085C069003980A5C02980B5C01980C5CBC
:10C7800000980D5C7F1CD4E707B0F0BDC0300020DE
:10C790007C31002010B50C460BF034FB0146002024
:10C7A00000290AD04A78930708D4530709D41207FE
:10C7B00003D5084621460BF02AFC10BD486B2830F3
:10C7C00001E0486B343000F0A0FB10BDF0B591B033
:10C7D00003464169487801280C9334D10EA80026FD
:10C7E00006710E961A7802200190024318890A9069
:10C7F000186984680127022A039400D0BBE00488EA
:10C80000457903981C300BF00DFC02462846214662
:10C810000BF011FC039908610C994968401A0399BF
:10C8200048610EADA81C0399143103242246FDF77C
:10C83000F2FE6C70039C0C98416901200990002065
:10C840003A4607469AE00E78701E86411A78022012
:10C85000069002430C8918698768022A00D0B2E06A
:10C860000B940488457938461C300BF0DBFB0246FC
:10C87000284621460BF0DFFB38610B98C0B20B90C5
:10C8800000231C46B000089005971C3707970C98AA
:10C8900005890027D8B2A9B20A9108180B998842D5
:10C8A00000D30B98002C0BD00899401881B2204679
:10C8B00026461C46FFF759FD00280C9A16D09DE02D
:10C8C0000899401881B20C98006900880BF0CDFBE4
:10C8D000002800D18CE0064600240698F060346100
:10C8E00074610798314600F056FB0C9AB9B2D068D3
:10C8F00009914318E0B20B99081A0A998842274611
:10C9000000DC0146CCB2B9B230462246FFF7DFFD6B
:10C910003B4601213172E0197080099827182D1BC0
:10C9200000242804B6D10C9B18690279120705D49B
:10C930008078FF2802D0F089401CF0811878FE2210
:10C940000240022A00D014E11C46002030727061BF
:10C95000059A12693261327B0A433273717B491C3A
:10C960007173079B1B68002B40D0197BFD220A4086
:10C970001A731C33F6E73846324609960EAB187028
:10C980000878431E9841E369002B01D0266A1C3EBB
:10C990000B7A0B93002A05D0CB68096900259942D0
:10C9A00005953CD9002E1ED071880B9B591A89B26F
:10C9B0004B424B4100251F42059530D100250729E8
:10C9C00026D3294625E0F86900281FD0E2B23C6A48
:10C9D00020461A38008800230B92904200D150E77D
:10C9E000C3B21C3C4EE70025059518E02346CBE07A
:10C9F00010A8002101700BF051FB0C9A0021079840
:10CA000014460BF073FB23468120BDE08620BBE07B
:10CA100001210A42059502D1012105913546800088
:10CA200004901C34029400240A9F099A002D06D019
:10CA3000002A08D068880890411D05200EE0002AD1
:10CA40000ED005210DE00EA9284626461446FFF714
:10CA500047FD22463446089069880198079003E014
:10CA600002210020089007910A97BFB209918EB267
:10CA7000F0190B99884200D30B98002D08D0049927
:10CA8000401881B22846FFF770FC002818D079E0E2
:10CA9000069414460499401881B20C9800690088E5
:10CAA0000BF0E3FA002868D005460020E860286112
:10CAB00005906861002C02D10EA801210180069C1E
:10CAC000A1B20C98C068069143180B98801BB8421D
:10CAD00000DC0746FCB2284631462246FFF7F7FC49
:10CAE000022028720999611869800EA94A78D21922
:10CAF0004A700A9F3F1B3E0423D10C9909690A79A9
:10CB0000120705D48978FF2902D0E989491CE981F7
:10CB10000C990978FE220A40022A12D10E9901438B
:10CB20000EA80170039A5069002151616861106973
:10CB300011612861287B012101432973687B401C16
:10CB400068730EAB28460899079AFFF7C0FC059852
:10CB5000002803D10298294600F01DFA069804190E
:10CB60000025002E2A4600D060E70C9B1878FE2294
:10CB700002400020022A07D00AE00DA8002101701F
:10CB80000BF08CFA07200C9B1969896800228A80B7
:10CB900011B0F0BD01460068C2690A60002A00D1E8
:10CBA00049600021C161704770B51C4615460E46AC
:10CBB0000BF028F90146862000290AD04A7893070D
:10CBC00008D4120705D5084631462A462346F4F70D
:10CBD0008FFF70BD084631462A462346F4F73CFFD6
:10CBE00070BD000010B50446084800688069022145
:10CBF0000A460B46FDF78AFE002806D00146044887
:10CC000048600C810220FDF7DDFE10BD743100206C
:10CC1000F7F9061026200B49085C25228A5C1018BB
:10CC20002922895C42180848006801798A4206D99D
:10CC30004A1C027138224A4300688018704700205D
:10CC40007047C046C03000207831002000210160CC
:10CC500040607047FEB51548006890210291415828
:10CC600054200190085ACF6B124C451CA9B2090AF6
:10CC70000E2901D90E494518002F0FD00026206833
:10CC80003421415CF0B2884208D2FEF797F8761C56
:10CC9000A9B2408F8142F2D12846E6E703480068F6
:10CCA0000299405801994552A8B2FEBD803100203A
:10CCB00002F1FFFF7031002010B5EFF3108472B65F
:10CCC0000BF02AFA84F3108810BD0000F0B591B083
:10CCD0000C460646704D5543704FBD4202D80F209A
:10CCE000410201E04B2081022846F5F7CCFC0D946F
:10CCF000646B0C942834A178B0702C2272700029D7
:10CD000001D03A2100E0222132463170000A01218F
:10CD10000026BD420B9100D8314689010143D170F4
:10CD2000A089009001960392971C102108910C2273
:10CD300006925B4B384698472079009001961C215B
:10CD4000052538462A460795554B9847544BA079F8
:10CD50000090019621210A9138462A461D4698479F
:10CD60006079009001962621032209923846A8474F
:10CD70002B466069009001962921142538462A46E1
:10CD800005959847207A009001963D21042204924F
:10CD90003846434B9847A069009001964121384698
:10CDA0002A463F4DA847E079009001965521384624
:10CDB000049AA847607A00900196592108223846C3
:10CDC000A8470D9D686B006D009001966921202297
:10CDD0003846334B984720690090019689213846A0
:10CDE000059A2F4B9847E089009001969D2138467F
:10CDF000069A2B4B9847686B406D00900196A921CD
:10CE00003846089A264B98472548294605460F96E6
:10CE10000E96496BEA310EA8079AFDF7FCFB0E98B7
:10CE20000F9900900191B92125223846A847A07A90
:10CE3000401E0E903146B1410F9100900191DE21CC
:10CE40003846099AA8471798019016980090E12152
:10CE500027223846A8470F9628200C99085C0E9088
:10CE6000009001960A98C10038460B9AA847A0780E
:10CE700000280FD00D9D696B039C2046233078312C
:10CE80000822FDF7C8FB2B34696B5831102220466D
:10CE9000FDF7C1FB11B0F0BD71020000FFC47F07B8
:10CEA0008DC80610BCB5427893070CD4530719D42B
:10CEB000120705D501AC22460BF048F9002822D014
:10CEC000FF20C0B2BCBD426B2C20135CF0320020AE
:10CED000C4B29C42F4D21568E4002C5B8C42F0D0C2
:10CEE000401CF5E711221201406B8218C378002024
:10CEF000C4B29C42E4D2156824012C1964888C4287
:10CF0000DFD0401CF4E72078DBE7B0B50446807939
:10CF100065792946F5F7B7FBE179401A217A414353
:10CF2000481C6843C0B2B0BDF0B58BB00646109C3B
:10CF3000608800282DD008AF07903046154604922F
:10CF40003A4605930BF01BF9207A716B8031012270
:10CF50000692009201970291C321014020462A4681
:10CF6000059D2B460BF038F90A90706B80300699BE
:10CF70000091019702902046049A2B460BF0BAF9D3
:10CF800004220AAB2046079D2946FFF7A0FA281D78
:10CF900060800BB0F0BD0022CA61426811601C3194
:10CFA0004160704730B4434351435D18010C0C009D
:10CFB000130C5C432D1980B2434392B251430024B9
:10CFC000C918644124040B04090C09195043C01802
:10CFD000694130BC70470000F0B585B00C4601785F
:10CFE0000491851C10210C220392234F2846B84738
:10CFF000A0811C21052628463246B84720712121F0
:10D00000029128463246B847A07126210322019298
:10D010002846B8473E4660713D21042728463A46D7
:10D02000B0472072552128463A46B047E071592151
:10D0300008222846B0476072892114222846B0474A
:10D0400020619D212846039AB047E081DE212846D1
:10D05000019AB0473346401CA0720298C1000126D5
:10D060002846324698470499222900D80026A670FF
:10D07000207005B0F0BDC046D5BF0610F0B50E4912
:10D080000A68002A15D0117938234B43002425461D
:10D09000AB420CD0116849194E78F70705D07607D6
:10D0A00003D54E6B7689864204D03835F0E72146A9
:10D0B00000E000210846F0BD78310020F0B597B0BF
:10D0C0004178890702D4446B783401E0446B5834CA
:10D0D000002512951195109515480F90064621468A
:10D0E00010310FA807AA01920BF046F9701C0E90A0
:10D0F0000120C6070D960C950B950BA9029103AF65
:10D1000001983A460BF055F90948801C0E900D968F
:10D110000C950B9513AE2046394632460BF02CF990
:10D1200028343046029922460BF043F917B0F0BD7F
:10D130003147494270B50D460446401C0026252261
:10D140003146FDF76CFA3046252E0CD207213140CE
:10D15000F208AA5CCA40D10703D0C1B261184E7070
:10D16000401C761CF0E7207070BDF0B585B0044619
:10D17000807E0490666B304634300BF037F90546FC
:10D180003520335C606B026A314635314F79C9789E
:10D190003046EA300092019702910390C436049819
:10D1A00031461A462B460BF02CF9616B4878002863
:10D1B0000DD000200246CB789A4208D211231B01E1
:10D1C000C95800230B541030521C616BF3E7002147
:10D1D00020460A460BF069F9616B8870606B8178B4
:10D1E00034300BF0C9F9616B886220460BF0DCF932
:10D1F00005B0F0BD801EC0B2032801D3002002E0BC
:10D20000C1000248C840C0B27047C04601040600D1
:10D2100080B501F047F9801C80BDF0B58DB0099252
:10D220000A900120169E3446044002220394002CEA
:10D23000089000D010463240039F00D0074601926C
:10D240003209089810400890F5087007C00F0C903C
:10D25000B00717980B9042D00B9800281FD1139855
:10D2600006901298059000930A9C2046079202911E
:10D27000FEF7B0FB20460999FEF7BBFB204600995C
:10D28000FEF7DBFB20460299FEF7D5FC2046059908
:10D29000FEF743FC20460699FEF7B2FB079A740896
:10D2A0000398002813D00C98002804D10A980792FC
:10D2B000FEF771FC079A0B98002808D10A9807928C
:10D2C000FEF7DCFAFF210A98FEF71CFC079A0C987F
:10D2D000204204D00A981446FEF792FC2246189881
:10D2E0000990159C1498069008200640089880190B
:10D2F00005901543012002900540079500250497ED
:10D30000BD427ED0681E2E4686410C9846400B9842
:10D31000002802D0002E3ED15FE0AF00E059FEF7BA
:10D3200027FAE059FEF729FAE059FEF75BFAE059CF
:10D330000146FEF75CFA0698C159E059FEF72CFA4F
:10D34000E059FEF7FFF9E059FEF734FAE0590A997F
:10D35000FEF755FAE7190998032809D0099801281A
:10D3600001D1002E04D10998022804D1002E02D147
:10D370003868FEF74FFA3868FEF704FA3868002E6E
:10D380001ED0FEF768FA3868FEF759FA39680A982D
:10D39000FEF73FFC049F0798002830D0089800282B
:10D3A00001D0029801E00298401B03990029294608
:10D3B00000D00146C8B280002058FEF721FA1EE0D6
:10D3C000FEF72DFA3868FEF740FA3868FEF7F8F9EC
:10D3D00039680A98FEF7E8FB049F059800280ED0EC
:10D3E00001200899002900D1401B019900292946F4
:10D3F00000D00146C8B280002058FEF7FBF96D1C32
:10D400007EE70DB0F0BD80B5406B0178C0690BF0D0
:10D41000DEF880BD4178012902D10179012901D1CD
:10D42000143000E0183000687047F0B589B0074646
:10D430000E9E708800282ED00C46051FA9B20592BA
:10D440000422049308AB3046FFF738F8758006AD28
:10D45000384621462A460AF092FE786BA030012415
:10D460000094019502903046059A0397049F3B462D
:10D470000AF040FF307A0399496BA031009401957E
:10D480000291C32101403046059A3B460AF0A4FEB2
:10D490000899884201D1002000E0812009B0F0BD48
:10D4A000F0B59BB00446406BC1888A065FD4202249
:10D4B0001143C180606BC188090724D42D490968D4
:10D4C00036228A5C92064FD53631097B89064BD5C8
:10D4D00046792578284800680069802125220223A2
:10D4E000FDF714FA00283FD00146467205721E204F
:10D4F000C871032088713E20487104200871802083
:10D50000FDF760FA30E005463935064640363430DE
:10D510000BF070F80A9011200001626B1118D0789E
:10D520000990020100230BAF9A4206D00868C01888
:10D5300040883880BF1C1033F6E76878089023785D
:10D540002878EA78AF782D7936880BA90090019277
:10D550000297039504960998059006913E200AAA21
:10D560001946089B0BF062F8201D00F0C7FE1BB0A7
:10D57000F0BDC0468031002074310020FEB5044665
:10D5800026480068002844D00027019701798F427F
:10D5900041D2382179430290026855186B78DE0732
:10D5A00002D102987F1CF1E79E070CD458071CD4C7
:10D5B000180730D52846214600F048F800282BD11E
:10D5C00016480068EEE75118496B2C228A5CF0314E
:10D5D000D20008320026334608339A42E1D0086868
:10D5E000805BA0421E46F7D116E05018406B112117
:10D5F00009014118C0780201103200263346103369
:10D600009A42CED0086880194088A0421E46F6D1C2
:10D6100002E0002500E0019D2846FEBD7831002093
:10D6200010B54169826983795B1E4B430179491EBC
:10D630005143CC188278417A002A00D0091DC9B222
:10D64000807A002208F000F8201810BD02464078C9
:10D650008006830F0020002B0CD0526B74321268AE
:10D66000002A07D013466A331B888B4201D0AC32A4
:10D67000F5E7104670470000B0B50D460446104867
:10D6800000682F21405CC00618D50E48006800696C
:10D69000802106220223FDF739F900280ED0014629
:10D6A000047285720020C8710420887105224A71B5
:10D6B0000871200A48728020FDF784F9B0BDC04689
:10D6C000803100207431002010B5122400280ED0C3
:10D6D000002A0CD00B2B0AD841700370036A5954EE
:10D6E000491E4B1CFAD3026100240475C061204618
:10D6F00010BD70B50E460446010A12200E292BD823
:10D70000002E29D0032E27D8F00701D100250EE0E6
:10D7100000202146FEF7A6FD00281ED005468068A1
:10D720001C3000210AF0E2FC28460AF04FFCB0074A
:10D730000FD501202146FEF795FD00280DD00546A6
:10D740008068C069002801D0FEF7E3FD28460AF092
:10D750003DFC68426841400070BD0C2070BD000077
:10D76000406B426F8A4206D01046AC2282588A42F1
:10D77000FAD1AC3000E07430AC228B58036003481F
:10D7800000688068036B8B5001637047783100201C
:10D79000F0B5FFB096B017460F911C689A9D2968A6
:10D7A00000228C4200D146E10695E5430D914919CE
:10D7B00000D540E11290059315A816900020159011
:10D7C000949013A914910C901390EFF31080119082
:10D7D00072B69B48006894AA0392029117A901911E
:10D7E0000D99009118302346192421463A461D46CA
:10D7F0000AF080FFC6B2182E15D891490A6894A97C
:10D80000039113A902911421714317AB5918019187
:10D810000D990091201AC1B2283210463A462B4683
:10D820000AF068FF8019119981F3108800062C46D0
:10D830000C9A129D00D1FEE0284683301190139976
:10D8400000290CD0C8680A69002802D002610A6960
:10D8500000E01492106015A80AF0A3FFEFE7949976
:10D86000002913D04A688868821AAA4201D201228C
:10D87000E1E0096849420D9B091A5A18521EFBD56E
:10D880002218D14202D0401840420D906D490991B2
:10D890000C910B96012000270E941297C00728D0F8
:10D8A00015A821460AF0A9FF8320001B10901198AB
:10D8B0002018C543159E002E17D03268501914D574
:10D8C00073688333204611990AF0C8FF00280AD0F4
:10D8D00003CE109A101840181299083E814200D8C1
:10D8E000014612917F1CF668E5E70F982418002086
:10D8F000D4E70C9A90B2B9B2814200D31746814264
:10D900000E9A16460D9B00D30B9E814200D80A92B8
:10D91000129C002C16D1119BD21815AB1B68002B42
:10D920000CD01C68E54355190C33002DF6D5A31A0D
:10D930000E9A12939B180A930D9B03E00E9A0D9B6F
:10D940009C1A1294814206D812988018C043181865
:10D9500001D40C9716E0099880B2B9B2814204D282
:10D960000A980890079609970AE009D10A9807993A
:10D97000081808998919081A32480C9002D5EFE75F
:10D9800030480C90129800283AD00B9682180E92CC
:10D99000D0431090169840680068002829D00446AB
:10D9A0008168002923D02768F8430E9A101820D5E3
:10D9B00010983818256968680068EED412900E989F
:10D9C000381A0818461E3046F4F75DFEB81B40189A
:10D9D0002060E068002802D00561256900E0169506
:10D9E000286015A821460AF0DCFE1298D5E72069C8
:10D9F000D1E70D98109940180E9C0B9E00D448E773
:10DA00000C9880B20F4A811A481E8141099880B251
:10DA1000821A50425041084000D1079E05990E607D
:10DA2000002801D108990A9106990A9A0A600028EB
:10DA30000C9A00D1099A90B27FB016B0F0BDC046E2
:10DA400084310020FFFF0000B0B50024FF290FD073
:10DA500005460846FDF7B2F9002D03D0012D07D188
:10DA6000032100E002218022805CC84001240440A0
:10DA70002046B0BDF0B58FB0159C618800292CD030
:10DA8000149D0695079121880CAE059608AF039268
:10DA9000324604933B460AF0FFFE207A00A9E0C11B
:10DAA000A32101402046039E3246049D2B460AF0E6
:10DAB00093FB0E90069800900598019002972046DF
:10DAC00032462B460AF016FC04220EAB2046079D78
:10DAD0002946FEF7FCFC281D60800FB0F0BDF0B5B4
:10DAE0008FB00793159E7588002D2DD0149C03943C
:10DAF00031880CAF08AB059306923A4604970AF0BA
:10DB0000CBFE2D1FA9B204220EAB3046FEF7D6FC89
:10DB1000758000940197059C02943046069F3A4612
:10DB2000079D2B460AF0E6FB307A03990091049991
:10DB300001910294A321014030463A462B460AF057
:10DB40004BFB0E99884201D1002000E081200FB0EC
:10DB5000F0BD80B5FDF732F92C21405CC11E484272
:10DB6000484180BDF0B589B00446FDF727F9074666
:10DB700000262046314600F08DFF04464088FFF71E
:10DB8000FDFC002800D1F8E0416BC98B029161884F
:10DB90000690FFF75BFD0546786C0390F86C0490E7
:10DBA000A068EE632E644221795A05918B21695C4D
:10DBB000A488A9718521695C69710821E971E970FE
:10DBC0002E702E71796D29632721C900000240183B
:10DBD0006B49F4F758FD03460598C04302192846DF
:10DBE0008030059002984102002830460AD0B86E75
:10DBF0000818401E0F461C460292F4F744FD029A94
:10DC000023463946049F5743039A9B18EE6768855D
:10DC1000059806700646069C606B426FAA4206D0C5
:10DC20001046AC228258AA42FAD1AC3000E07430DF
:10DC3000DF19F26A02600023F362626B506F002802
:10DC40000191039327D0E169D28B53025C42FF1804
:10DC5000E6198E42FBD3CB18FB1A4A4C54430E46AE
:10DC6000E119721AD4431C1919D403986867069CE9
:10DC7000606B406F059EF062636B5D67404B534382
:10DC80001A0A002805D0436F9B184367AC23C0587D
:10DC9000F7E7049115E06B675567049711E0049668
:10DCA000374959430A0A6A67069C059E0146AC201B
:10DCB0000858002802D0436F9342F7D9AC31F06284
:10DCC0000D6020460AF01AFE204629460AF027FE7B
:10DCD00020460AF04AFE251D2846FEF7EDFF0028E3
:10DCE0000DD022460C322346103307A920460AF0F5
:10DCF0005BFE07980499081AE06120623DE0606BC2
:10DD00000199416020460AF081FE676B30790AF084
:10DD1000EEFE0690B07A0AF0EAFE05903E464036E6
:10DD20003046FDF777FD0398009096200121059A73
:10DD3000069BFDF714FC01463046FDF772FD3846A0
:10DD40002C3012263146FDF76CFD22460C3223465C
:10DD5000103308A920460AF027FE0B4860610B48E3
:10DD6000A080A671F88B4002A060A4620898049974
:10DD7000091A0D222846FCF713FD09B0F0BDC04674
:10DD80007102000000FCFFFF180804100B0E0000D9
:10DD9000F0B58DB00446FDF711F806460121204686
:10DDA00000F078FE05464088FFF7E8FB002800D128
:10DDB000C5E004466988FFF749FC0746C079072893
:10DDC00000D0BCE032463E4680360021F96339641B
:10DDD000F07AB871707978710820F870F87139703C
:10DDE0003971506D3863606BF9670B9131700A922D
:10DDF000926EC08B41025018401EF4F744FC7885A7
:10DE0000204639460AF08BFD20460AF0AEFD201D63
:10DE10000C90FEF751FF2721C900002817D0676B2F
:10DE2000386E00024018484D2946F4F72CFC06468F
:10DE3000B86A0002434940182946F4F724FC034617
:10DE4000E06931180C980A4600F076FB77E0422032
:10DE50000A9A105A0590786F0890506C0790D06C11
:10DE60000690A8880490E8680390676B099720469D
:10DE700002910AF0CBFD30790AF039FE0A90B07AAF
:10DE80000AF035FE05462C373846FDF7C3FC0B9EDD
:10DE90000096962001212A460A9BFDF760FB014669
:10DEA00009984030FDF7BDFC0096942031462A4683
:10DEB0000A9BFDF754FB01463846FDF7B2FC606B48
:10DEC000856A20460AF01CFE0A90099F7E601F4862
:10DED00060611F48A0801120A071280219494018D4
:10DEE000194D2946F4F7CFFB0646E060F88B400257
:10DEF000A0600A980002029FC0192946F4F7C3FBEC
:10DF0000B04200D330462061A46203980002C019D9
:10DF10002946F4F7B8FB0599C943049A8918069A6B
:10DF20004A4307994018841808980002C0192946E6
:10DF3000F4F7A9FB211A07220C98FCF731FC0DB06D
:10DF4000F0BDC046382D0100710200000008041029
:10DF50000B0E0000F0B511490A68002A18D0147998
:10DF600000231D46A54216D0382169431668711852
:10DF70004E78B606B60F09D04E6B74363668002E52
:10DF800004D07778AC368742F8D102E06D1CE9E71F
:10DF900000210846F0BD1946FBE7C0467831002055
:10DFA00010B58A00406B034618339A189268047FB4
:10DFB000012C00D0524259184978C38B4B43034976
:10DFC0005943806A0818801810BDC046E20400005A
:10DFD000FEB50446807E0291002900D0001DC6B225
:10DFE00020461830057A207E0AF081FD314601F086
:10DFF0009DFEE1214E003746AF377843000A01907D
:10E000000298002800D02D1DEDB2A07F0AF06FFD10
:10E01000294601F08BFE4743380A019908188019F8
:10E02000FEBD007C411E884170477FB515460A46FB
:10E03000044603A80290089E019600930120214601
:10E040002B460AF079FD002E02D07321039A625408
:10E0500004B070BD816083328A4200D81146C1602D
:10E06000704702230374C28100228281816070475D
:10E0700001230374C280002282800160704780B552
:10E08000002102F0D1FC803080BD0000B0B50C460C
:10E09000154941430D0A154988420DD301201070DE
:10E0A000144A002128460B46FEF77CFF681A4008F8
:10E0B0004018000A10490CE0002111700C4A284653
:10E0C0000B46FEF76FFF681A4008401800091D2133
:10E0D000C94341432060481900022721C900401864
:10E0E0000149F4F7D0FAB0BD710200001F890100A8
:10E0F000121111114F1BE8B4D4FEFFFF80B5034885
:10E100000068808A0AF0DAFD80BDC04680310020B8
:10E1100010B5012000F007F804460AF0DFFD0028E2
:10E12000F7D0204610BDE0B501A8FCF7A2FA01988F
:10E130008CBD000002480068882140587047C046E6
:10E1400080310020F0B58BB0059317460D4609A924
:10E15000FDF7D2FB119C10980690002818D004956A
:10E16000129E00250698A84210D00498039009A892
:10E17000029008A8019007A80090EBB2204639460B
:10E18000059A0AF0F3FD70556D1CEBE730780AE054
:10E19000039509A802900022019200922046394678
:10E1A00013460AF0E3FD0BB0F0BD10B504460021A4
:10E1B0003022FCF734FAFF20A07510BD10B5846F33
:10E1C000C06FB321405CE1683E390AF02FFE014682
:10E1D000BC20205CFDF796FC10BD00007CB5044619
:10E1E00000260196684606701648814200D901262D
:10E1F000814207D9002A03D000221146164610E0BA
:10E20000114A89184B1E0022834209D201AA6D4689
:10E21000084611462A46FFF739FF2A78019901E09E
:10E220001146104621705301C904C90E5918002A1D
:10E2300001D10A4601E040220A43002E00D10A46DD
:10E2400062707CBDAE5B0F0052A4F0FFA230002ACA
:10E2500000D10388807D0B700F2212021A40000348
:10E260008018000A487070477CB5154604465E1E4B
:10E2700000208029024608D301AB6A4608461946A9
:10E28000FFF704FF0098C20101983F210D4015439C
:10E29000257060701F21090400020840022E00D37F
:10E2A000022671054018000CA0707CBD10B5FCF76B
:10E2B000ECF904460AF0C4FD201840B210BD80B548
:10E2C000C06FAA21405CF3F7C3FB411E884180BDAB
:10E2D0001CB5F4F7F7FA084988420BD047218C00A7
:10E2E0004443F3F7ABFA0068001901A9F3F7AEFA5B
:10E2F00001981CBD00201CBDFFFF0000B0B5044606
:10E30000EFF3108572B609F007FF00280FD0204602
:10E310000AF0A2FD08F0A8FF08F0CAFF85F31088F4
:10E3200020690169002904D0606A884701E085F30B
:10E3300010880020E061B0BDFFB502930392412236
:10E340000446805CFF282BD0267D0123627D964207
:10E35000009301D89A1B01E0B2188A1AA37D2234D7
:10E360000194D2180024D2B2E7B2974218D2A3196E
:10E37000DDB28D4200D35B1ADBB2834201D0641C54
:10E38000F2E702990029019800D00846009BBB40A3
:10E390000178039A002A01D0194300E099430170E3
:10E3A000FFBD80B5FCF70AFD2C210022425480BD40
:10E3B000FEB501920D4606466D20335CF06FB32129
:10E3C000425CB1880A2002920AF074FD37466D372C
:10E3D000BC78002C01D1FB210840C0B2012132469B
:10E3E0000AF0C6FD0146029B032B01D100220AE080
:10E3F0000198002801D0002200E01422002802D059
:10E40000002C00D0FA78002D0CD1002530460C46A7
:10E41000294616460AF0FFFD32462146029B002897
:10E4200000D005784819401CC1B21846FCF7DEF848
:10E43000FEBD0000FEB502910546846FA17CA06878
:10E44000E668019171430F18322039460AF0F0FD59
:10E45000029B4208002B04D0B81AE16B4018C01E82
:10E46000186017466A7A617C204600F09FF80B49D5
:10E470004E43320AFF2809D003234343E069406832
:10E48000C0188078019BC01A401C4243794304485D
:10E490000818000A80189638FEBDC04671020000B8
:10E4A00053070000024800688C2140587047C0465E
:10E4B00080310020034909684969091A48424841E6
:10E4C0007047C04684310020F0B585B003930292B6
:10E4D0000E460746427A497C304600F067F83446DB
:10E4E000C834FF2808D003214143F0694068401830
:10E4F00045788078401C01E00025012000900A98B2
:10E500000190B57404A93846FFF794FF0098401BAA
:10E51000C2B2384631460AF0A2FD6168884200D88E
:10E5200008462060049802994018039908600199F0
:10E53000086005B0F0BD0000F8B51E4615460F4650
:10E540000446FEF7B9FB00281AD0EFF3108272B62A
:10E55000154801684869A04217D00092A660A761DB
:10E56000E561183120460AF09FFD204608F060FE64
:10E5700008F07AFE08F09CFE009880F3108802E014
:10E58000A761E561A6600020F8BDE0694968081A46
:10E59000823003D482F310888620F8BD00920AF0FE
:10E5A0008DFD01480168D9E784310020007D081AFB
:10E5B00000D28018C1B2054B1B7F934200D3134693
:10E5C000994201D30020C043C0B27047C030002040
:10E5D000F0B58BB000907548077F8F4200D30F468F
:10E5E000D86909901D4622350024002A2646089441
:10E5F000039422460593079706953BD12A786878BD
:10E60000FF2444401440002602942246D40705D13A
:10E61000F4B2BC4202D25208761CF7E7F0B208907E
:10E62000002800D1B7E0DA7D7F2414409A7D1219CA
:10E63000501C002217460446401AE5B201228D42C2
:10E64000F8D20397029A002A2246049403D0059830
:10E65000027D9219501AC3B2AB42049D079F00D8A5
:10E660000546D4B28C42059B00D32A460898029CEA
:10E67000C440049E5E751A750AAB1C70B818441E1F
:10E68000E0B28842274600D3671AF5B2D2B2AA4256
:10E6900000D82746FAB28A42069D00D34F1E049640
:10E6A000BA1B501C0190C0B2079C021B00260290AE
:10E6B000A042059800D23246BA1A82750122FFF7AD
:10E6C0003BFE0A9828706E700898201A0690099DE3
:10E6D000F7B20698B84214DDF80029680818089ABD
:10E6E000B218D4B2E20089180822FBF794FF032283
:10E6F00057436968C81954430919FBF78CFF761C06
:10E70000E6E7F0B203244443C100099D079EB742E7
:10E7100012D2286840180026082208913146FBF7DB
:10E720007EFF6868001903223146FBF778FF0899DD
:10E73000E41C08317F1CE9E70298864200D3019E61
:10E740001B4800683621415C8906059C049D1CD548
:10E750003630407B400618D5164800684069A12134
:10E760002E220223FCF7D2F800280ED00146867232
:10E770004572009808722720C871042088713E22D3
:10E780004A710871A120FCF71DF98020E0750398FB
:10E79000C0B20BB0F0BDD97D7F200140491C4AB208
:10E7A000002A00DA0146D9750020F1E7C0300020C8
:10E7B000803100207431002010B50849C97A8142A7
:10E7C0000BD9C108064A12681269535CCC00001BC1
:10E7D000C0B201248440A343535410BDC030002074
:10E7E00084310020F0B58BB00446F3F7F2F9864986
:10E7F000096836228B5C20221A403631002860D00E
:10E80000002A00D1FDE0887BC0075DD0A08A0A9075
:10E81000A67DE07D0690608A0990208A0790A089F5
:10E8200008902068039060680590A0680490207E9E
:10E830000190607E0290E589A77E744800680069B7
:10E84000802111220A23FCF761F8002800D1D8E0CA
:10E850000446009606461F364572019820730298BA
:10E86000E0722772280AA07220460D300625684FF4
:10E8700003992A46B8472046133004992A46B847D8
:10E880002046193005992A46B84721200799215476
:10E890002520069A225420462130090A4170089901
:10E8A000080A707031700999080A707131710A99FB
:10E8B000080A707231720098F071201D29212222FD
:10E8C00095E0002A00D19CE0887A800740D4487AFD
:10E8D000C00700D195E0E57D608A0A90208A089003
:10E8E000A089099020680790207E0590607E0690A0
:10E8F000E789A67E45480068006980210922062331
:10E90000FCF704F800287CD004460495054613352E
:10E910004772059820730698E0722672380AA07232
:10E9200020460D3006220799FBF775FE0899080A64
:10E93000A07561750999080A687029700A99080A12
:10E940006871297104986076201D012113224EE020
:10E95000E07D0890668A208A0990A0890A90206844
:10E96000059060680790A0680690207E0390607E06
:10E970000490E589A77E25480068006980210D2262
:10E980000923FBF7C3FF00283BD004460296064646
:10E990001F364572039820730498E0722772280A84
:10E9A000A07220460D300625194F05992A46B84712
:10E9B0002046133006992A46B84720461930079951
:10E9C0002A46B8472120099A225425200899215423
:10E9D000201D21462131120A4A700A9A110A7170CB
:10E9E0003270029A110A717132710A211F220423B6
:10E9F00023713E234370E171A27180202146FBF711
:10EA0000E1FF0BB0F0BDC046803100207431002022
:10EA100017A60410B0B5856F0AF064FBFF280FD06D
:10EA20000446C000E969096808184168A12000226D
:10EA300008F04CFC0120A04023216A5C02436A5488
:10EA4000B0BD0000044800689021405840689821FB
:10EA5000405800687047C046803100200448006874
:10EA6000902140584068982140580068406870479D
:10EA70008031002006490968902289584968982207
:10EA80008958096849688968C00008187047C046F5
:10EA900080310020572292004243074800689023AB
:10EAA000C058C06B406880180C224A43801811215E
:10EAB000090140587047C04680310020B0B5417A06
:10EAC000827A12025118C27A12048918007B000659
:10EAD0000D1800242046FBF777FD7A300A49897F1C
:10EAE0000A4AA1420AD00388934204D00346223B3B
:10EAF0001B68AB4202D0C030641CF2E78C4201D3E9
:10EB00000020B0BD0120B0BDC0300020FFFF0000DC
:10EB100010B500242046FBF757FD0749897F491CA3
:10EB2000491E06D0B222825CC030FF2AF8D1C0381C
:10EB300010BD204610BDC046C0300020F8B51148B9
:10EB4000006800901048C27A0020044603469042B4
:10EB500012D2E1B201258D40DEB200990F69B95D94
:10EB60000D420BD0641CE5B2082D00D15B1C082DB2
:10EB700000D10024401CEAE7FF2001E02943B955F9
:10EB8000C0B2F8BD84310020C0300020F8B5054681
:10EB9000FBF71AFD0446476C0026C0223146FBF7FE
:10EBA0003EFDAC20FF21215470200D4A2252204608
:10EBB000AC3045726764817121467031094A4A81DF
:10EBC000F143A1657F2181722046FFF7EEFA0648E6
:10EBD0002080064820610920A0706462F8BDC0460C
:10EBE000FF0F0000FFFF00000408000004090410EC
:10EBF000F0B58BB0099308920C460746801C0AA911
:10EC0000012200F077FB002500285FD00646204651
:10EC1000FCF7D4F8BB88002B58D007969121490007
:10EC2000465AB98A891B09B2CA138C185440A2B239
:10EC3000940B4BD1109C03947C8A01943C8C0494DB
:10EC4000044642345D023B7E5B0905932388F31A38
:10EC5000C46C6343406C181802900A980029069609
:10EC6000009402D5624382420BD261434718384672
:10EC70002946F3F708FD81B269437D1A0199081A04
:10EC80000BE0171A38462946F3F7FDFC01990818DE
:10EC9000401C411A89B26943CD1B03990880029830
:10ECA000401908990860059E3046394600F05AFB25
:10ECB000099C206006980499401A80B20099484344
:10ECC0002918304600F04EFB2060079D28460BB007
:10ECD000F0BD0000F0B58DB001AC0DC41548014089
:10ECE0000818401C0C9000240B940A940994089472
:10ECF00008AD0CAE0327284631463A46FBF78BFC9D
:10ED0000079406940594049404AC2846019922467D
:10ED1000029B08F0E7FB039D681C21463A46FBF77F
:10ED20007AFC281D31463A46FBF775FC0120287015
:10ED30000DB0F0BDFFFF3F000021017170470000E2
:10ED4000F0B587B0049317460A4601462B48006881
:10ED5000902680598068C06906AC00970194002510
:10ED6000029103922B4608F0C1FB0C9905910028F3
:10ED70001ED1217800291BD1002420460AF0DAF99F
:10ED80000499002905D0002805D101200AF0D2F904
:10ED900001E000282BD01948006880598068C069BC
:10EDA00006A90097019100230299039A08F09EFB9F
:10EDB00000282C461BD01149096889598968CB69FC
:10EDC0001A79002A12D01B68002407255D57002DF0
:10EDD00008D51D787F262E40282575430E687519A5
:10EDE0002726AC550833641CA242EED1044606988F
:10EDF00005990870204607B0F0BDC046803100205C
:10EE0000B0B50B4C2068902540598068C269016AF2
:10EE1000C1610262086811681279D200FBF7FBFB3E
:10EE2000206840598068C169006A00790871B0BDE6
:10EE300080310020F0B581B0194C206890254059F0
:10EE400080686021415C002921D0017A002919D015
:10EE500000260727009501684068C05D7F220240B8
:10EE60002820504325460C180020FFF75CF920624B
:10EE70002C46009D206840598068017A0837761C2E
:10EE80008E42E8D30AF0A8F9206840598068036DE3
:10EE900028300021012201F07EFB01B0F0BDC04608
:10EEA00080310020F8B505461220002D1BD00C46FD
:10EEB0006A788A4217D92B6A195DA14201D10020D4
:10EEC000F8BD17463E46DF5D974201D0A742F9D113
:10EED0000020974205D09955964202D128460AF063
:10EEE000C9F9296A0C55F8BDF0B585B02149096802
:10EEF00036228A5C92063BD53631897A490637D567
:10EF000001680491847AC17A0191417A0291417B2E
:10EF10000391057B8788601E032101430D3188081A
:10EF200083B2154800684069A1211A22FBF7EEFC64
:10EF300000281DD0064607728473019870730298EA
:10EF400030730398F072B572380A707230460F3021
:10EF500004992246FBF75FFB0F20F0710834B4716F
:10EF60003E20707104203071A1203146FBF72AFD4C
:10EF700005B0F0BD8031002074310020F0B587B0BD
:10EF80002649096836228A5C920645D53631497B86
:10EF9000C90641D501680691847AC17A0491017A43
:10EFA0000591C788417A0191417B0291017B0391D0
:10EFB0008588601E032101431131880883B21848F7
:10EFC00000684069A1212C22FBF7A0FC002823D077
:10EFD0000646477305724474049830740598F073BC
:10EFE000019830730298F0720398B072380AB073C7
:10EFF000280A70723046123006992246FBF70BFB46
:10F000002520F0710B34B4713E20707104203071F2
:10F01000A1203146FBF7D6FC07B0F0BD80310020BF
:10F0200074310020F0B587B02849096836228A5C1F
:10F03000920649D536310B228956002944D5C17B29
:10F040000691C1880491817B059101680391417B00
:10F050000191017C0291468904898788007B009098
:10F060001B480068006980211F220623FBF74EFC25
:10F07000002829D005464673C47247720198287447
:10F080000298E87300982872300AA873200A28733F
:10F09000380AA8722846113006220399FBF7BBFAFA
:10F0A0000499080A687629760698A8760598E8757E
:10F0B0001820E8711420A8713E206871042028717E
:10F0C00080202946FBF77EFC07B0F0BD8031002090
:10F0D00074310020F0B58BB03049096836228A5C63
:10F0E000920658D53631497B890654D5017D069163
:10F0F000C17C0791817C0891417C0991C17B0A9177
:10F10000C1880491817B059101680391417B019144
:10F11000017C0291478905898688007B0090204800
:10F120000068006980212D220723FBF7EFFB0028F0
:10F1300031D004464773C572467201982074029814
:10F14000E07300982072380AA073280A2073300AEE
:10F15000A0722046113006220399FBF75CFA04994D
:10F16000080A607621760698A07707986077089855
:10F1700020770998E0760A98A0760598E075262011
:10F18000E0711820A0713E20607104202071802061
:10F190002146FBF717FC0BB0F0BDC04680310020C4
:10F1A00074310020F0B585B02249096836228A5CA6
:10F1B00092063CD53631897A890638D5C17B0491CF
:10F1C000C688817B039101680291417B0091017C9B
:10F1D00001914789057B1848006800698021192240
:10F1E0000523FBF793FB002821D0044647720098C3
:10F1F00020730198E0722572380AA07220460D3003
:10F2000006220299FBF707FA300A60752675049802
:10F21000A0750398E0740E20E0711020A0713E20CC
:10F2200060710420207180202146FBF7CBFB05B0E4
:10F23000F0BDC0468031002074310020F0B589B0A7
:10F240002A49096836228A5C92064CD53631497BB8
:10F25000090748D5017D0491C17C0591817C069107
:10F26000417C0791C17B0891C788817B039101682C
:10F270000291417B0091017C01914689057B1C48EC
:10F280000068006980212B220623FBF73FFB002842
:10F2900029D004464672009820730198E0722572C6
:10F2A000300AA07220460D3006220299FBF7B3F90E
:10F2B000380A607527750498A076059860760698D8
:10F2C00020760798E0750898A0750398E0742420CC
:10F2D000E0711420A0713E20607104202071802014
:10F2E0002146FBF76FFB09B0F0BDC046803100201E
:10F2F00074310020F8B50D4601780124A303477846
:10F30000380203401F263602064071184B26B00013
:10F31000BF0604D4002B13D11E224A4308E0414308
:10F32000002B01D10A4603E0002A09D0F2038A1813
:10F33000110240180C300449F3F7A5F9286000E0E9
:10F3400000242046F8BDC0467102000010B50446F6
:10F3500009F0A4FF0248006881682160007810BDB0
:10F360008431002080B54007000F024A105A09F08E
:10F370005FFE80BDF4F40610C021414305480068DB
:10F380009022805840689822805800680068401891
:10F39000406C70478031002010B500242046FBF7F8
:10F3A0000DFD0A4909683422895C2C30A14207D03E
:10F3B0000278002A06D0572292008018641CF5E7D4
:10F3C000FF2401E001210170E0B210BD7031002086
:10F3D000F0B51F22024020239E1A0023DC4325465D
:10F3E000F540401E4009C0B2042B0DD0002A27462C
:10F3F00000D02F469842264600D13E46984200D281
:10F40000002640C15B1CEFE7F0BD10B50446807DCF
:10F41000FFF7D2F9FF20A07510BD0000F0B5ABB02A
:10F420000146C07A0C462091FBF7C8FC0746FBF763
:10F43000BBFC179024682220215C1F2631402154F8
:10F44000607D0A90A07B2190E07B1D90207C1E9027
:10F45000607C1F90A07C1A90E07C1590207D189015
:10F46000A07D0990E07D0890207E1090607E0F9036
:10F47000A07E1390E07E1290207F1490607F119008
:10F4800020781B9020462230457800F03FFC1690F3
:10F49000422000223A522D203A54EC203A50E420E7
:10F4A0007F2139520795049635402F2019953D54F8
:10F4B000209DA87B41217854E87A2E217854882019
:10F4C0003858026084203858026080203A5038460C
:10F4D000EC301C92426001200C9038850F9800029D
:10F4E000109940180E9080B20321890241434002D6
:10F4F000F86411980002149A8018149080B20003E6
:10F500007966B866159800021A9940181899090486
:10F5100040181590786512980002139940181390BE
:10F520003887FDF797FB7887FF200F902830381831
:10F5300011901D980002219940181E990904401845
:10F540001F9909064018189038462C301D903A46ED
:10F55000E2321E341A942197169801280B9206D194
:10F56000287C012803D120201B99084004D1287B46
:10F57000FE21014002291AD101201070A87B1A9E99
:10F580003146FCF73DFA3C46BC3420463146FDF797
:10F59000D1FD1D98407D00220092189901910292A0
:10F5A000214619921346FEF7CDFD1C9001E01C98F0
:10F5B0001070384690301E9083204000381800218B
:10F5C000022216910592FBF72AF81220FA4C219E8E
:10F5D0003146A0471A203146A04727203146A04790
:10F5E000032012903146A04705203146A04708204D
:10F5F0003146A047212010903146A047119E307817
:10F60000FE210D9108403070A97CE87AF2F753FC96
:10F61000AC7C2920C0000690A9200501F2F74AF928
:10F6200001281F97179A14D110891B280DD1042C7B
:10F6300007D1D089A84208D11B201E998880088054
:10F640000EE090890699884203D030780421014366
:10F6500031701B201E9988800880042C00D0069DE4
:10F66000219C129E1E990D81CD808D811B20488189
:10F6700048804D820D82D08AC881209FF87A154635
:10F68000F2F766F9F87AF2F7DAFBF87AF2F7A7FB05
:10F690002846214609F01EFEF87AF2F7E0FBF87AD8
:10F6A000F2F7A3FA204609F01FFE1098C0001F9938
:10F6B000081809F037FEBC7C2046FCF7E8FA05463E
:10F6C00024A8FFF743FE387B032804D002280AD180
:10F6D0002498401B05E0249D0E21204600F026FBC7
:10F6E000281A3E380AE02098417B2498401B0029C4
:10F6F00001D0903002E0812149004018209D169FE2
:10F700001B9B5906042C06D02A7B0D9E3240022AF0
:10F7100000D10C920C9EDA091092C90F1191296840
:10F720001B91697B002931D008990902099A89182F
:10F73000079A3346560959184C022018249009F0AC
:10F7400003FE05461296304609F004FE03211D9A79
:10F7500011700A994902219A516340195085D16C60
:10F76000179A5268914200D31146219E316580B2AA
:10F77000214607F015FF0D30B0644000716B401852
:10F780000C901B99891C119B209D28E021998F6466
:10F790004F851D98059B037068692490042C00D048
:10F7A000234698001F9A1018806DCE6C00280C46D6
:10F7B00002D086420BD20BE01846059309F0D2FD29
:10F7C000864201D2E66C03E0059809F0CBFD0646BF
:10F7D0001B9908310C9626652646109B1297249893
:10F7E000706422A8878022979D4800683622825C38
:10F7F000920606D53630827BD20706D1807A800702
:10F8000003D41D463B460E9F3BE0686804680D9B91
:10F81000234022AA022B0B460E9E00D01346E4B2D0
:10F82000697B00291B930CD022A9109A002A16D0BC
:10F8300029684A7BC023134022AA402B0ED01146D0
:10F840000DE022A9119A002A09D02A68D179C02393
:10F850000B4022A9402B02D1911C00E00831AA7A6A
:10F8600024AB9A752A899A821B9A259226913B4647
:10F870003746FE2C03D003210C40254600E001252D
:10F88000411C1E9A1C465362012328461B931840B4
:10F890002423D054946210462430401C0622119236
:10F8A0000E46FAF7B8FE24A8847605761299C1753B
:10F8B00014994182139901828781219F798FC18197
:10F8C000209D697B41762496FEF78CFFE87B00281B
:10F8D00003D0A97A788F09F065FD287B002804D031
:10F8E0000B980178788F09F08DFD4B2017901E99A9
:10F8F000486A896AFBF7FAF9687B1E90AC7CAE7B9C
:10F900003046FCF759F814903046FCF763F830465F
:10F910002146FCF785F930462146FCF74CF9304684
:10F920001A99FCF76DF830461899FCF762F83046E2
:10F930001C99FCF796F930461999FCF7EEF8304619
:10F940001599FCF77AF830463946FCF762F91F9DA5
:10F95000143530462946FCF727F930461499FCF750
:10F960006AF9F1F79FFF002802D13046FBF786FFC6
:10F97000179887001E98002803D03046FCF70BF933
:10F9800002E03046FCF73CF91F98C71928301F9059
:10F99000F1F790FF01281E972F4601D10F980FE035
:10F9A000F2F7FBF801280F980AD0F2F72DF801289A
:10F9B00004D0049804E0C046730607101698C043AC
:10F9C000C1B23046FCF79EF80094219D28461F994D
:10F9D0003246234609F042FD009400213846324663
:10F9E000234609F03BFD2846FBF735FF3846FBF779
:10F9F00016FF6C6CA86C1F901E9F3846FEF7D5FB57
:10FA000018483861184838801D9E707DB875F87D9B
:10FA10001B990843F875284609F07EFDF860317897
:10FA2000032904D0022918D10C99814200D801463B
:10FA3000119A1F9D21987862C06C7860B9602098F7
:10FA4000407B0128134600D00723611BBB700128AF
:10FA500000D104223846FAF7A3FE2BB0F0BDC04611
:10FA6000803100208C080410040B0000FEB50C4609
:10FA700087783F213D4600910D400190C6780020D7
:10FA8000002A014612D00291E081FF2121747F22D9
:10FA9000A282E174514AA2602060E81C6073002DCC
:10FAA00000D186E0F0070AD00A2709E00A99BA09CE
:10FAB000002B3DD0521E022A42D2A721E3E70427A1
:10FAC000029AB00700D5BF1D700707D5500703D4B1
:10FAD0000198C05D800920740120074330070FD5CD
:10FAE00010070CD43E48019BDA5DDB195B781D09D9
:10FAF000E5741B029A1822811040029A6081BF1C93
:10FB0000F0062CD5D00629D4019AD057D2195378B3
:10FB100092784506ED0FA573009D0540E5735509E4
:10FB2000A574D206D20CD21800280DDA2D490CE0AB
:10FB3000089B002B45D00999002947D03321A2E723
:10FB400000293CD0A4219EE78A315143002801DAE4
:10FB5000092000E00520029AC1402160FF1CB00688
:10FB60000CD5900609D40198C119204616301222EE
:10FB7000FAF751FD029A012060751237700603D51D
:10FB80000198C05D20757F1C6068002814D07F2A12
:10FB90000FD8617BC91B0A060FD0CAB2267BB242BE
:10FBA00000D80E46F2B2F9B2019B5918FAF733FDAC
:10FBB00001E0002666602673FEBD0026FBE7BC213F
:10FBC00061E7521E022A03D236215CE723215AE75D
:10FBD000002901D0062156E72F2154E70000FF0F2E
:10FBE000FF0F0000C3F50000F0B585B00293174683
:10FBF0000C460546184800684179032000902E46BF
:10FC00001436204632462B4600F056FF002F09D00E
:10FC100003A91F2008710020C04303902046FBF772
:10FC2000EFFE08E027212046FBF785FF0298002819
:10FC300001D0252100E0FF212046FBF763FF20468D
:10FC4000FBF71CFE30462146FBF7D9FD284621462E
:10FC5000FBF7D5FD05B0F0BD8031002080B50A4826
:10FC6000C07F012181400948006890228058406887
:10FC7000FF22F23281543F22D2008018C9B2044AD6
:10FC80000423FDF721FD80BDC0300020803100201D
:10FC9000E5C80610F8B51A48C07F012529468140FD
:10FCA000CCB2082620463146FAF7AEFF154909685E
:10FCB0009027C95949683D22D200885020463146D4
:10FCC000FAF7A2FF0F4E3168C95949687B229200AA
:10FCD0008850611C0C482A46FAF7D6FE3168C9598B
:10FCE00049684322D2008850022207482146FAF789
:10FCF000CBFE3168C9594968872292008850F8BD07
:10FD0000C030002080310020BC30002080B5F1F7E9
:10FD100095FD4E21405C80BD80B509F0BFFA0248D8
:10FD20000068406880BDC04684310020042805D0AA
:10FD3000012806D1FF20A430074A04E0044A054800
:10FD400001E0064A064841438818000A7047C04649
:10FD5000E9260100381A000006120000C620000043
:10FD60004703000070B5027F437F1B029A1810D032
:10FD700052025442651A0368EE18761E03D4E61840
:10FD800006609B1AF8E7C943CC1802D59B1803609C
:10FD9000FAE770BDF0B585B00346481E42424241C5
:10FDA0009500012905D888001818846E049414342D
:10FDB00004E098201C58201D04901834586E0390BD
:10FDC00000270097942039462A4602932B46FBF7DA
:10FDD000C6FB03460326009620463946039A00F0E8
:10FDE00030FE0298046E0097962001212A462B4689
:10FDF000FBF7B5FB034600970196049D284639465C
:10FE0000224600F087FE2846FBF7E0FC2846FBF779
:10FE100001FD05B0F0BD000010B530224A43104B83
:10FE20008352002901D0042400E0032483189C702D
:10FE3000002901D00C4A00E00A4A1A6189004118E1
:10FE4000DC228C585C608A589A60CD225200DA60BD
:10FE50005862A82009580D221846FAF7A1FC10BDD7
:10FE6000010300007C0904106409041070B5044605
:10FE7000827201810120207120460B3006250F4E31
:10FE800019462A46B0470A9820760998E0820898D1
:10FE90006075079820750698E0740598A07404981A
:10FEA0006074204619300B992A46B047204624300A
:10FEB00020620C9AE2770D99B04770BD17A6041026
:10FEC0000248006890214058406870478031002007
:10FED000F8B500910446FEF71BF9A073010AE1731F
:10FEE000010C2174000E60740125214E2846B04794
:10FEF00007462846B047009AA774390AE17420756E
:10FF00009088A5750021E17540021A49401829031F
:10FF1000884201D8400A00E0082060759088207669
:10FF2000000A60761089A076000AE0765089207772
:10FF3000000A6077104800689021415848312046F7
:10FF40001E300522FAF767FB2846094988470F2526
:10FF500005400B2D03D94006400F2D180C3DFEF730
:10FF6000CDF840012818401D23216054F8BDC0463B
:10FF7000FDA8041000FEFFFF80310020FEB51446EE
:10FF80000F460546FAF7DEFB40190290A90040181B
:10FF900001900426022F304600D038461B21FFF77F
:10FFA000C5FE01A9009147003E3702AB38462946FD
:10FFB0003246FDF7EDFB014602988330002900D060
:10FFC000FEBD0199091AC919CA4323689A18F7D4C2
:10FFD0002160FEBD10B50C4609F0ECFAC108C9B2AB
:10FFE00001290AD807221040611883225200895C37
:10FFF000C140C80701D0012010BD002010BD000085
:020000041005E5
:10000000F0B587B015460446802026580120070227
:100010003E4003D1012901D0002D58D02D48006861
:100020003621415C890643D53630407B40073FD5B9
:100030002046F43001880391218F0691C0880590F5
:10004000608F0490A06E01902348006880690221AF
:100050002A2204230293FAF759FC002828D00146EB
:100060000198030B01930A460B32049848720598D5
:10007000107006984873039810714B740D72232307
:10008000CB710C238B713E234B71029B0B71049B34
:100090001B0A8B72059B1B0A5370069B1B0A8B73F2
:1000A000030A53710198000A88740220FAF78AFC47
:1000B000002E0CD020462E308034007800210A46D5
:1000C00009F08CFA72B62068B843206062B607B0B7
:1000D000F0BDC046803100207431002041000A4A42
:1000E0000A4040080949014088188100084A0A402E
:1000F00080080849014088180101074A0A400009A0
:100100000649014088187047AAAA01005555000009
:10011000CCCC070033330000F0F000000F0F0000DC
:1001200080B500F025F8163080BDC07F0007C00FF5
:100130007047F8B5044607F033FE05460126304601
:10014000FBF7B8FD00280DD00746382002213954AE
:10015000284609F06CFA012120463A46FBF7B2FD29
:10016000002602E0284609F067FA3046F8BD000094
:100170001C2141430348006890228058C06B4069AD
:100180004018704780310020C17F20220A43C27787
:100190007047C07FC006C00F70470000F8B5054625
:1001A000FFF7E6FF04460078002701283FD1FAF761
:1001B000C9FA0646A1781F484143A268B21A5118ED
:1001C00035D5E178002908D0617848436168711A13
:1001D0000818002801DA002700E001272846FAF76E
:1001E000EDFD002F18D0009000273846FBF762FD88
:1001F000002815D0024638200C2111540121284630
:100200000D46FBF75FFD6660E5702120C000009998
:10021000081809F016FA0AE02121C900401803E085
:100220002120C0000099081809F010FA012738466B
:10023000F8BDC04600C0FEFFC07F8006C00F7047FB
:10024000C17FDF220A40C2777047FEB515460E46D1
:10025000009001AFFF2104223846FAF7E0F91F2091
:100260003871002001464A281BD0062202408B0824
:10027000F45CD44003273C40032C06D0002D0DD065
:10028000EB5CD3403B40032B08D107220A400123FB
:100290009340CA0801ACA75C9F43A754801C491C2B
:1002A000E1E701A80522009C2146FAF7BFF90028E2
:1002B00006D001A905222046FAF7ADF90120FEBDBE
:1002C0000020FEBD1F21014001228A4072B6044970
:1002D0000968400980000B5813430B5062B6704701
:1002E0008C31002000B58DB0684666493422F0F7A5
:1002F00037FF684609F0B0F9002801D009F00CFC7E
:100300000DB000BD80B532E080B5012009F008FCD9
:1003100009F009FC012009F004FC01BD80B506F0DC
:10032000C3F901BD80B50021022022E080B509F0AB
:1003300089FE01BD80B509F055FF01BD80B50AF009
:100340000DFA01BD80B5FFF7EDFF01BD80B50AF0E4
:1003500007FAFFF7E7FF012104200AF0C9FA0AF0C3
:1003600081FB01BD80B50AF0EEFB01BD80B5012126
:1003700001200AF0BDFA01BD38B592B0424A002111
:1003800001200AF0A8FA414A002102200AF0A3FA4B
:100390003F4A002104200AF09EFA3E4A002108202C
:1003A0000AF099FA3C4A002110200AF094FA0AF067
:1003B000CFFB0025ED4305F0C9F9A84201D109F0B2
:1003C000ABFBFFF78FFF35493548F1F75FF9F0F7E1
:1003D000E5FA09F0D7FE08A805F09DF9314C6069EF
:1003E00001280BD1684600BF33A10CC90CC0002006
:1003F00060612A00072168460AF062F80120E1687E
:100400008A0001D5052006E04A0001D5062002E059
:100410000A0100D50720244C244DC90004D50898B2
:100420002840A04202D108200DF0BDFF08980540E9
:10043000A54215D1002007900690119805901098BC
:1004400004900F9803900E9802900D9801900C98CC
:1004500000900B9B0A9A09990898C0B20DF0B6FF5C
:1004600013B030BD80B50121082082E701200D497D
:100470004861BFF34F8F0E480E490860BFF34F8F9E
:1004800000BFFDE7C0000410090305101D0305109F
:100490002D030510350305103D0305109C8C00202D
:1004A0007C140000040000200000ECBC0000FFFFF2
:1004B0000400FA050CED00E0040E0401030C00003A
:1004C00010B557239B0043430C4800689024005903
:1004D000C06B4068C0180C234B43C01811210901A0
:1004E00040180068002806D03821415C4430914211
:1004F000F7D1012010BD002010BDC0468031002082
:1005000010B50446F1F7DEF9012809D10E20604349
:100510000449096890228958C96B8968081810BD78
:10052000002010BD80310020F8B51C4615460E464F
:100530001F469037FFF7E4FF002802D0008802280A
:1005400001D0012000E00320A98C0B4A8918C1408A
:100550000A480818C00881B23888884200D3084683
:10056000002E02D0E98C814200D3014679802046DA
:100570000DF092FFF8BDC04688FEFFFFB5FF0700F3
:10058000002901D0022100E0032180228258CA40C4
:10059000012010407047F0B585B0122600285ED0CB
:1005A0001F460D46044643788B4258D920780521D2
:1005B000090381408F4252D804920293FAF7C2F89D
:1005C00002462378206A405DA8420CD00498002897
:1005D00045D020460391294604931646FEF762FC57
:1005E00003993246049B332078430E46010A0818CB
:1005F000010C08187107D20851184218581DC0B2D2
:10060000C24001956800616A04920A52FAF79AF8AA
:10061000C00803906278206A17463B46C75D974240
:100620000DD07D00666A755B2678761D0399F140D2
:100630006D1A2DB2049E711A09B28D42EDDDC15CB6
:10064000019A8154206AC2540298834206D10498C8
:1006500001B220460DF074FF064600E00026304649
:1006600005B0F0BDB0B5054600242046FBF722FBDF
:10067000002809D0024638200721115401242846B9
:100680002146FBF71FFB03E004200121FAF7D2FE0D
:100690002046B0BD24214143034800689022805881
:1006A000C06B006940187047803100207CB57E28FF
:1006B00003DB10480068407908E00446012902D1B4
:1006C00008F0BEFB041960B2F9F7DBFFF9F7DDFFB4
:1006D000044601AD6E4628463146F9F7DAFF00219F
:1006E000685671568C4200DC2146844200DB084685
:1006F00040B27CBD8031002080B5FAF75FFB41211C
:10070000405CFBF752F9042803D840B202A1085C10
:1007100080BD042080BDC046010204040300000027
:1007200080B5FAF74BFB4121405C034909684979E0
:10073000FBF781FA80BDC04680310020B0B5841837
:10074000257D681840B20021FFF7B0FF2075401BDF
:1007500040B2B0BD70B50F240557079C7F2D17D050
:100760004018182140567F2812D07E2810D0411BF7
:1007700000DC002104AE61CE2170022A0CD0012AD7
:1007800012D0002A1AD17219C9B28A4210D31EE0BF
:10079000FF202070032070BDAA1BC9B28A4216DA5E
:1007A000181A884211DA14E0AA1BC9B28A420EDA7A
:1007B000FF2B0AD0C018884207D20AE0C8B2A8426C
:1007C00005D9FF2B01D0984203D8012070BD00202D
:1007D00070BD022070BD0000F8B51C460E460546EF
:1007E0009888C02188439107090E401898801648C0
:1007F00000683621415C890620D536300C214056F0
:1008000000281BD51746114800688069272202215D
:100810000B46FAF77BF8002810D001460572C77224
:1008200086722020C871052088713E2048710420FE
:100830000871280A48720220FAF7C4F8A08804490F
:1008400001400831A180F8BD8031002074310020C2
:10085000F7FE0000FEB5019316460F4604460898C1
:100860000290FAF7ABFA099D012F05D0014621202D
:10087000FFF7B0FB00282BD00A98002F01D01949B0
:1008800000E0174982880A408280781E8741601EF6
:10089000844160002978FC220A401018C019287091
:1008A0000024E743F1F7F3FA39468140A87808407D
:1008B000A870F1F7ECFA019929718740BE43A87836
:1008C0003043A870012102982A46FBF7FBF904E0A7
:1008D000029829460DF05BFE1A242046FEBDC04654
:1008E000FFEFFFFFFFF7FFFF10B50C46010A0E29CF
:1008F00007D802F079FA2070FF38414241414800A0
:1009000010BDFF202070122010BD0000F8B5044675
:10091000C0062CD40F46164800683621415C890673
:1009200025D53630807A000721D51E461546114858
:1009300000686107C90E4018006918220323214688
:10094000F9F7E4FF002812D0014606984D720873AB
:10095000CE720F720C20C871062088713E2048713B
:1009600004200871280A88722046FAF72BF8F8BD8F
:10097000803100207431002070B51C460D460646BB
:1009800008461946F9F7DAFE30462146FBF76EF8BD
:1009900030462946FBF75DF870BD10B5017C022991
:1009A00009D10124047401688268C3680CC0A120C5
:1009B000F1F7CAFF00E00024204610BD7CB50446D4
:1009C0000DF0EDFDC725665D2046F1F7DAF8024629
:1009D000A420215A605D731F022B02D323462833C3
:1009E00001E023463C330094019300230DF0F1FD18
:1009F0007CBD0146AE31CA78FF216831032A01D09F
:100A0000B32301E00B46F333042A00D01946AE228B
:100A1000805C012202408307DB0F9A184007C00F59
:100A200010184843BB307047F8B50A46014600200D
:100A30000090019002907E23DB4308F07DF804B023
:100A400080BDF8B51E4617460D460446FAF790FEDF
:100A50002046FAF792FE2046FAF7C4FE20462146C9
:100A6000FAF7C5FE20463946FAF796FE204631468B
:100A7000FAF7D7FE069F002E02D02046FAF7D9FEDD
:100A80002046FAF75FFE2046FAF794FE2046FAF772
:100A9000E2FE2046012F09D12946FAF7B0FE204692
:100AA000FAF7B8FE2046FAF7CAFEF8BDFAF7CDFE0F
:100AB0002046FAF79FFEF8BDF8B51D4616460F46CC
:100AC0000446FAF787FF11492046FAF792FF1049CA
:100AD0002046FAF7B2FF20463946FBF7ACF820462D
:100AE0003146FBF796F820462946FBF75DF8069855
:100AF000012803D12046FBF783F8F8BD2046FBF719
:100B00004AF801212046FBF708F8F8BDD6BE898EC9
:100B100055555500F8B51E4617460D460446FAF7DA
:100B200027FE2046FAF729FE2046FAF75BFE20460C
:100B30002146FAF75CFE20463946FAF72DFE20469C
:100B40003146FAF76EFE079F002E02D02046FAF7D4
:100B500070FE2046FAF754FE2046FAF7F3FD2046D1
:100B6000FAF728FE2046FAF770FE2046FAF728FE2C
:100B70002046FAF754FE012F07D120462946FAF7FE
:100B80003EFE2046FAF7E3FDF8BD2046FAF742FEA6
:100B9000F8BD0000F0B587B005910646012003902E
:100BA000F9F7ACFE06A90880306D0021009141865E
:100BB0003046403001903446A0343046C030029078
:100BC0003227244D522F0AD006A80DF0DFFD284011
:100BD000316DCA5B1018C9194880BF1CF2E7A07CB0
:100BE0002080F18D3046FFF71FFF0490A07C6569DF
:100BF00001466943059A8F1831460DF0D7FD3F181D
:100C00000498281AC5193046FFF7F3FE3A18052153
:100C100004982B460DF0D6FD009BA3810221029D76
:100C2000E971B385019A1380C8300599411A91651D
:100C3000D065A07B039A02408107C90F5118400775
:100C4000C00F0818401EA0770DF068FE287007B08E
:100C5000F0BDC046FF0F0000002901D00021C16790
:100C60000021017270470000F0B587B0144606916C
:100C70000DF066FE002840D0064605252846314680
:100C8000FFF7A8F900283AD006A801210DF07EFE52
:100C900000286ED130469030018806AA12888A4218
:100CA00004D1C08806A9498881425FD02E363078A9
:100CB000069E0490FAF782F80746FAF775F8029054
:100CC000C08A0390300C0590F0F7FCFD012832D16A
:100CD0000B203946FFF77EF9002812D00498FFF761
:100CE0000FFC002827D08079042824D1A9200001F6
:100CF000059981421FD805901DE0022039E01A2095
:100D000037E000961C4E0836F0F7CCFD012801961E
:100D100000D0194E05998E4200D80596F0F7C2FD15
:100D20000128009E01D0144801900398019988423F
:100D300001D3084603912046FAF7BCFF002817D0DC
:100D400002469A37382015540599D180968002982A
:100D5000808A108003985080388810837888508368
:100D600079803E8001210498FAF7ACFF002000E072
:100D7000072007B0F0BDC04648080000F0B591B0AC
:100D80000B9316460D910C909F48C17E0A91017FEE
:100D90000991817E0891C77F0125D8212846F9F75E
:100DA00033FF9A4C206058212846F9F72DFF21681F
:100DB00034469022079288500DF00CFE38460DF014
:100DC00023FE072139400B980DF02EFE1798059051
:100DD00001901C98009019AB0ECB0D9804910D93C7
:100DE000F0F790FD012E00D008950020012C00D0D6
:100DF0000990012C00D00A9041208500012C069416
:100E000009D1294620310120F9F7FEFE7F49096802
:100E10008822885033E025267B48815D2846203093
:100E2000002901D0014600E044212627764AD25D00
:100E3000002A00D001462924734A125D002A00D0FE
:100E400001460C9A012A00D101460120F9F7DCFE87
:100E50006E490968882288500C98012829460FD0CD
:100E60006948005D002829460AD16748C05D00280E
:100E7000294605D16448805D002800D1C1E029469B
:100E800018980B90169803900127614C3846A0479C
:100E90005E4E31688C22885004213846A047316864
:100EA0009422885058210C973846A04731689822E0
:100EB00088500898C6B2183530462946A0470546DE
:100EC000069C012C05D15C213046F9F79DFE0246B7
:100ED00000E00022304629460DF0F6FD10AB0998DF
:100EE000D8700A9898700D9F5F700B981870204604
:100EF000059D29463246F0F738FE039E30462146CE
:100F0000F0F729FF304621462A46F0F7C0FE30466A
:100F100021462A463B46F0F764FE009730462146BC
:100F20002A460B9BF0F7D7FEF0F71BFE012C07D1EA
:100F3000012D05D1F0F780FD012E01D1F0F794FDD0
:100F40000D98012801D1F0F7B9FDF0F761FD049883
:100F5000314622462B46F0F726FD2B4FF87A411CEE
:100F60002C4D28460C9AF9F78FFD284E3168C02287
:100F70008850F97A02222846F9F786FD316837460B
:100F8000C42288502046F0F7E2FEF0F77CFE0DF018
:100F9000F7FD0DF023FEF0F7ECFDF0F700FD0DF08E
:100FA0003FFEF9F77EFB316800248C7148712046C2
:100FB000F9F77BFB0DF06CFE3068006EF0F743FF35
:100FC0003068079D40590C30FDF7B6FE0C9E304648
:100FD000F0F72DFE3868415940228C540A4A128B92
:100FE00082821F200F90E0430E9048310EA8052208
:100FF0000DF05AFE38684059F1025422815211B066
:10100000F0BD2C213CE7C046C030002080310020DC
:1010100009AC0410BC300020FEB53E4C2068902581
:101020004059C06B02683220002616543A48406985
:10103000010C192901D3192000041060029250609C
:101040000DF03CFE20684059C06B0768F0F732FC99
:10105000012801D01B2000E0FB203882F0F72AFC99
:1010600004462920C0000090A9200501F0F72AFCC1
:10107000012C019507D10128284D009C0CD0284D4A
:10108000F0F710FC05E00128009C05D0F0F70AFC01
:101090002546012800D108357D82F0F70BFC012898
:1010A00001D01B2000E0FB20B882F0F703FC0546CE
:1010B000F0F708FC012D07D10128019D17490DD03B
:1010C000F0F7F0FB164906E00128019D294605D0FE
:1010D000F0F7E8FB2146012800D108317C831B2072
:1010E0003883FD81BC817C813881F9820DF0F4FD6B
:1010F000F0F7DDFE02980DF039FE0A4C206834212D
:10110000415CF0B2884203D206F0D2FC761CF5E7CF
:10111000FEBDC04680310020C0300020904200005B
:101120004808000070310020034800688421034A09
:10113000425000207047C046803100200000030369
:1011400070B50D46010A12240E2917D8022D15D8A4
:101150000DF0F6FB002806D001462C310978022953
:1011600003D10C240AE0022408E00646E336002DF1
:1011700006D03078FC21014031700024204670BD3B
:10118000018F00240029F9D031788907F6D4F9F7C6
:1011900023FE3078022101433170EFE7FEB51127BD
:1011A000002934D00C46019002921E46194800686E
:1011B000006E0090099DF0F76AFE042D27D82A469C
:1011C000A042029D23D33346E811291841407F20D5
:1011D000401A40B271B21227884218DB01980128E8
:1011E00015D8601EC0B201218140009E377C019C51
:1011F000012C09D11C46089B0F4337743554301815
:1012000004710372027301E08F433774002738467C
:10121000FEBDC0468031002070B50C46FB21018028
:101220000748C5891A20C643F0F744FB012800D0BF
:10123000153670190921F1F726FA2070002070BDCB
:10124000C030002080B5FF30FB21F1F71CFAC0B29E
:10125000002806D0092141430348C089F1F713FA59
:1012600000E0002080B280BDC0300020F0B58BB01F
:101270000446008C1225042865D31921C90188422F
:1012800061D8207C01285ED8E07B01285BD8A07B58
:10129000012858D8267830090E2854D860780009DB
:1012A0000E2850D8A07800284DD01F284BD82823CE
:1012B000A449C95C0D27884201D93D4643E02089F5
:1012C000002840D0000B3ED16068017842781202BD
:1012D0005118807800040818FF2834D3000D32D14B
:1012E0000793A07A1121089104282BD80121069197
:1012F00081401620014225D0E07E042822D8A57E18
:10130000002D1FD0072D1DD8607E0590002819D014
:101310000598072816D8E08B002813D0FB2811D891
:10132000207F049000280DD004980C280AD8049837
:101330000599F1F7A8F9002904D1059845430498C7
:10134000854203D9089D28460BB0F0BD304606F013
:1013500059FD0C210591002801D0059DF3E7A078E7
:10136000217F41431F293D46EDD86078FCF7B0FF4F
:10137000422504900028E6D0002600967E20C24335
:1013800002924721049F38463346FCF74EFE0390F5
:10139000009638463146029A3346FCF746FE0399DA
:1013A00009183D31386D029181424BD26078F0F7D7
:1013B0004FFB0028C7D1A07800210DF0E1FC079A6F
:1013C00003900028059DBED0207803990870A0786E
:1013D0004D6B2E46283630716168087817464B7879
:1013E0008A78E17B0595E955218CB181217FB17126
:1013F0002189F181A17F7172A57B7570657E757100
:10140000A57EF5711B02181812048018079630612A
:10141000A07A042800D10320079B9872E27E1A72FA
:10142000227C9A7000252A4604F00EF94B2189008F
:101430000191A17B002907D00199401807990979EA
:10144000414307E045257EE701990818411C0798AC
:1014500080794843059AD1631064079807F0CAF869
:101460007D21C900A2894A43904203D903980DF017
:10147000E7FC67E7FDF762FBFF281FD0039A907631
:10148000506B61784170D07E06990843D0760798FA
:101490008078002834D05827682F14D00026304692
:1014A000F9F72CFA08903046F9F728FA0004089961
:1014B00040180399496BC8513F1DEDE703980DF0A3
:1014C000BFFC07253FE77827802F0FD00026304646
:1014D000F9F714FA08903046F9F710FA0004089961
:1014E00040180399496BC8513F1DEDE76169039CA2
:1014F000606B68301022F9F78EF82046FBF7DEFDAE
:101500000498406D02994018059CA18E490240182C
:101510000A90401809900798FCF782F80002019998
:1015200008180C300849F1F7AEF8A18E09AA00920C
:10153000490204220AABFCF72BF90A9903980DF033
:1015400099FC00E7C030002071020000FEB504469F
:101550000078010912270E291ED8E1780E291BD820
:101560002179012918D8217C002915D01F2913D8E9
:10157000227B1F2A10D8E2890A2A0DD30125AB034A
:101580009A4209D86269002909D01378002B03D048
:10159000521C491E1F2BF6D93E463046FEBD06F0B2
:1015A00031FC002801D00C26F7E76088F1F73CF801
:1015B000002816D0AB30417B0D260029EDD1017BF0
:1015C00022798A420FD102960178207C1126884226
:1015D000E3D827233E4A0193D25C904205D9029E6C
:1015E000DBE74226D9E72526D7E7002290420DD037
:1015F00063699B5C521C8B42F8D9CEE761694A5DF6
:101600004919491E09786D1C8A42C5D98542F5D30E
:101610006088FBF733FD0028BFD1207C01273946C5
:101620000DF0AEFB00900028029EB6D0FDF786FAC2
:10163000FF2847D0009A9076516B0020C860D17E79
:101640003943D176217C81420BD06269125C521EF3
:101650003B469340009A526BD5681D43D560401CB1
:10166000F1E7009A506BC170207B516B4870608825
:10167000516B4881E089516B486120781070556B3F
:101680004020295A134848436969134A4A43824211
:1016900006D21149F0F7F7FF68610098456B696958
:1016A0000E4848430199C90040180D49F0F7EBFF77
:1016B000A861A1680098406B88301022F8F7ABFF52
:1016C00000266AE700980DF0BBFB072665E7C046D9
:1016D000C03000204C1D0000102700000010270023
:1016E0007102000010B50C460146020912200E2AB4
:1016F00000D910BD1F2CFCD80122A240104B1A4269
:10170000F7D0084606F07EFB002812D04178490742
:1017100011D472B6416B4C228A5CD3070DD14C3187
:1017200002231A430A7062B6406B4D2144540020D4
:1017300010BD422010BD0C2010BD62B63A2010BD75
:1017400000004880F0B599B001090E2901D9122096
:1017500095E006F057FB002805D004464078400786
:1017600003D40C208BE0422089E0606BC188C9065D
:1017700072D405463935014640310791002109AA46
:1017800002230746FE78B14209D211263601BE591E
:10179000F65A16801033921C491C676BF2E73430FE
:1017A00006F028FF0890374800683621415C89061A
:1017B00052D53630007BC0064ED50798008802907F
:1017C00028790390A8780490E87805902878069006
:1017D0006878079020780190606BC7787D00681E5C
:1017E000032101431531880883B2274800688069C6
:1017F00002212422F9F78AF800282DD00646019804
:1018000070724420307230460A3008A90322F8F77B
:1018100002FF0299080A3075F1740020B074039831
:1018200070747775049830740598F0730698B073E7
:10183000079870733046163009A92A46F8F7EBFE70
:101840001D20F0710F35B5713E207071042030718C
:1018500002203146F9F7B6F8EFF3108672B6241D70
:101860002046FCF727FE05462046FCF747FD002DE5
:1018700002D03F20F9F70AFF86F31088002019B044
:10188000F0BDC046803100207431002010B50289BF
:101890001221002A22D004467D20400103465F33F6
:1018A0009A421BD8A289052A18D3824216D8207ED4
:1018B0001E2813D8A078002810D01F280ED8A27A8E
:1018C0001120042A19D8012393401622134214D060
:1018D000A27B012A02D8E27B022A01D9084610BD68
:1018E0000BD0207C0128084607D820460DF05CFB71
:1018F000002802D12046FFF7B9FC10BD0349096852
:10190000C822895C017000207047C04680310020E9
:10191000012801D0122100E02E21064A1268C823B6
:10192000D25C824200D10021002800D10146084645
:101930007047C04680310020F0B589B00590F8F7B7
:1019400001FF33490A689021029114465158402200
:101950008A5C012A04D14A6C821A2E4BD21851D4C7
:10196000486440310120039008702146C93106A81F
:101970000A220191F8F74FFE002001460490252825
:1019800022D007230340C408059A145DDC40E20717
:1019900003069B0E06ACE55C8407660F2F46F740F6
:1019A00003242740002A05D0491C002F0AD0B44048
:1019B000A54303E0032F05D0B440254306AAD55420
:1019C000039A0492401CDAE7C8B2022801D212241A
:1019D0001BE00498012817D106A90A220198F8F7FC
:1019E0001AFE0B48056802982E584836C93500245F
:1019F000304629462246FEF728FC30462946F0F7B5
:101A000002FA02E00C2400E00024204609B0F0BDF8
:101A10008031002000C0F9FFF0B599B01F46144690
:101A20000D460646F3F794FD0146002802D008460D
:101A300019B0F0BD304606F0E5F9002803D0416B3F
:101A4000497801295FD11E9A53881221052BEED3C4
:101A500009927D2252019342E9D8099B1B88052BEC
:101A6000E5D39342E3D8AA68E968914200D31146CE
:101A70000F91974B002807D05A1C406BC08B5043E6
:101A8000814200D301460F910C969248814200D2C8
:101A90000F901F980390284608300890281D0B903F
:101AA00000200A940E95069707462E78B7422CD24E
:101AB0000B20C643089D002E21D02868002816D090
:101AC000A219118D002912D00FAB0D9323463C466D
:101AD0001746263725320092019727461C460D9A55
:101AE000029208220B9B0DF0E7FA794B04E0A01953
:101AF000252100224254C2842D1DB61DDBE724346B
:101B00007F1C0E9DD1E70C2191E70120A8700B905E
:101B100068700F98C0187049F0F7B5FDE880012E85
:101B200001D100206871681C079024200890704340
:101B3000002110AA0A9C88420CD063185C7EDD7FCD
:101B4000AC4200D82C465C701470521C24310A9CA4
:101B50000E9DF0E718A80B99417001706879314625
:101B600022460DF02DFB28462146099A0DF063FB15
:101B700007460224584E012F17D1A1B20F98F0F753
:101B800082FD534940183146F0F77DFDE88000049E
:101B9000800C07D028460A99099A0DF04CFB07469D
:101BA000641CE8E70420E88001270A9C601C04907C
:101BB0002046193005900C9E002F5FD10020059A19
:101BC000069B04460D902978884226D25E78002133
:101BD000002E0D4602D0751E5D700B9C1E78002EE7
:101BE00003D0711E197001260D9696796D1C7543F0
:101BF000EEB21778491C7943CFB2B74200D82946D4
:101C0000CDB20C2D0C9E00D30C211546183D297029
:101C100024329B1C401C0E9DD5E7002C0DD0A878CB
:101C2000032801D8401CA8700798007803280A9C54
:101C300007D8401C079A107003E00D9800280A9CF2
:101C40001CD0687922460DF0BBFA28462146099A35
:101C50000DF0F1FA07460028AED1287810A9049AB1
:101C6000002805D013780B702432491C401EF7E77A
:101C700018A802220799F8F7CEFC9DE718A90222BE
:101C80000798F8F7C8FC2878089941430891002084
:101C900010A9089A824205D022180B785370491C6B
:101CA0002430F6E718A902220798F8F7B4FC284672
:101CB0002146099A0DF0BFFA002801D01121B6E69D
:101CC000304629462246039B0DF0D6FA0146AEE681
:101CD000E104000088130000E2040000FEB5019357
:101CE0000E460D7800210292A94212D00B23DB434D
:101CF000002B0BD0D418E78C002F05D02527E75DEB
:101D0000002F01D10027E7849B1DF1E72432491CF5
:101D1000EAE73146029D2A460446F3F719FC0028FB
:101D200000D0FEBD30462946F3F769FC002801D0FB
:101D30001220FEBD204606F065F8002803D0406B57
:101D40004078012806D1204631462A46019B0DF0F5
:101D500093FAFEBD0C20FEBDB0B50024E5430C494E
:101D6000891C042D12D08A1D6D1C098881421146E0
:101D7000F7D1101F007800F031F9002806D005488F
:101D80000068007FE840C00700D001242046B0BDB5
:101D9000AE11041080310020F0B587B01227002862
:101DA0004ED002284CD8019705900691039200204E
:101DB00004900498C6B20598864244D27400069DE9
:101DC000285B404988423AD80398005B884236D85D
:101DD00001F00AF80227FF2832D00290F8F7EEFF50
:101DE00000282DD02C192088FBF7C8FB002827D00D
:101DF000054640780C27C00622D521882846FBF7E7
:101E000025FCC07909285AD006980599002909D0DF
:101E1000002E03D022880388934210D0801C761EA7
:101E2000491EF3E7686B0078C00709D10298FBF7F9
:101E300090FE0499491C04910028BAD000E0019F4B
:101E4000384607B0F0BD039E069D002831D00590AE
:101E50002888FBF793FB044606952988FBF7F6FBD9
:101E60000546308800F0C0FF0746F8F7A7FF492174
:101E700089004018616B4B7802221343032B00D179
:101E80004A706F700121E971626B13780B43137014
:101E90000288920607D4C2780A43C2700320FEF774
:101EA00011FAFEF763FA069DAD1CB61C0598401E9C
:101EB000CBE702200121F9F7BDFA0027C0E70B2785
:101EC000BEE7C046FF0E000070B501090E2901D91A
:101ED000122070BD05F096FF002806D00446456B21
:101EE0006878022803D10C2070BD022070BD7435C3
:101EF0002D68002D0BD02E466A36AC353088012176
:101F0000FBF7F7FB30880221FBF7F3FBF0E7A57E38
:101F1000201DFCF7F3F92846FCF74EFC20460DF097
:101F200095FA002070BD70B50546000A0E2801D94B
:101F3000122422E02846FBF721FB022400281CD0B3
:101F400041780C26CA0617D4890616D52946FBF710
:101F50007DFB0546C079032834460ED168780024FD
:101F60002146FCF797FD01214170687821460DF06C
:101F70008FFA0420E87100E03446204670BDF8B5C1
:101F80000746000A0E2801D9122424E00D463846DF
:101F9000FBF7F4FA00281DD0064640780C24800692
:101FA00019D530463946FBF751FB0746C07903285F
:101FB00011D1787800242146FCF76CFD0321417093
:101FC0000570787821460DF063FA30463946FBF704
:101FD000C7FB00E002242046F8BD000010B50F2822
:101FE00011D801460120C0467944097949008F443F
:101FF0000B070C0F1215181B1E24272A2D30333AFD
:10200000EFF758FC31E0002010BDEFF71CFE2CE08C
:10201000EFF758FC29E0EFF759FC26E0EFF777FFE0
:1020200023E0EFF7BAFD20E0EFF73CFC1DE0EFF70F
:1020300039FC0446EFF7B1FD13E0EFF7E5FC14E0DF
:10204000EFF7DEFC11E0EFF739FC0EE0EFF7D3FE1F
:102050000BE0EFF7BEFD08E0EFF738FC0446EFF7C2
:10206000B8FD604301E0EFF739FC411E884110BD27
:10207000F8B500250D4E30683421475CECB2BC4207
:102080000DD22046F8F79AFE002806D04B21890091
:102090004018FAF711FE002801D16D1CEBE7BC4295
:1020A00001D30020F8BD0120F8BDC04670310020EA
:1020B00070B50C4600F098FE45B2F8F77FFE002D93
:1020C0001ED40646EDB228460DF0F2F9002813D1D1
:1020D00049208000305A80050ED40120F9F7EAFD2E
:1020E00000280FD00246382004211154012128462F
:1020F000F9F7E8FD842070BD3C362660002070BDF5
:10210000022070BD072070BD01710023C370090A51
:10211000417111788171517893780372C171D178CE
:102120001279827241727047F0B5C7B01E461546EB
:102130000F46044609A8F821EFF748F820460CF0AE
:10214000FFFB00281AD00446079505462C35287851
:10215000032805D103202146FDF73CFF002834D099
:10216000AC7801250322204629460692F9F7C6FDE0
:10217000002F05D1002803D0002647E0022645E0C5
:10218000049405963846F9F795FD072600283DD0BA
:102190000446002003902071002F1ED018270598B8
:1021A000474308370320029039460DF08BF9206031
:1021B00000282BD009A900223B4605F0B6FE207965
:1021C00005432571029A02430AE049208000201845
:1021D000008880061DD41A2618E000202060022204
:1021E0003820069921540598E071039E667107987E
:1021F000002806D022711B480068417F02220A4352
:102200004277012104982246F9F75CFD304647B039
:10221000F0BD35460026002FF8D009A908AA2046AF
:102220000DF094F9002D0ED008A8058828463F38F7
:10223000C021F0F728FA628F09A9019100213F2DF2
:1022400008D8084607E0628F8020002109AB0DF016
:10225000A5F9DBE7401CC3B2009302200DF0E0F9C2
:10226000D4E7C0468031002010B5144600F0BCFD14
:1022700040B200280FD4C0B2F9F79EFBFCF716F865
:102280001D21C943884200DC0846142800DB1420C5
:102290002070002010BD022010BD10B50C460CF0BF
:1022A0004FFB002806D04121405C2146F9F724FB72
:1022B000002010BD022010BD10B50C460146020AD8
:1022C00012200E2A11D81A2C0FD80122A240084B36
:1022D0001A420AD008460CF033FB002806D0212110
:1022E000C900401821460DF0E1F910BD022010BDD3
:1022F00020000804F0B593B01A9D0124002D089326
:102300000B9101D0214600E0032100279142214694
:1023100000D33946079206900128204600D8384657
:1023200008430C901898024622408107C90F059275
:10233000891842070392D20F89180D91199E0496AD
:1023400008360E90014608391922D301C8B20A9006
:102350000F93E00736D00C98002800D095E0EFF7F7
:1023600072FC012801D0012000E003200B99122407
:1023700088420F9B00D22CE10220084303280CD195
:10238000099510AD28460DF0A1F92846099D0DF0DC
:10239000A7F90F9B002800D11BE10E98012811D04E
:1023A0000A98F92801D3002400E00124EFF78AFA03
:1023B0004142414121430F9B00D006E10E98022883
:1023C00000D102E1304608380088002D0AD10121F1
:1023D00089031224884200D9FBE0B21F12888A4286
:1023E00000D9F6E01224042800D2F2E0B11F0988D7
:1023F000042900D2EDE0814200D9EAE0301F0188D3
:10240000062900D2E5E0994200D9E2E0B01E00883A
:10241000062800D2DDE0984200D9DAE0814200D9F6
:10242000D7E031888A087C2A00D9D2E072880A2A4B
:1024300000D2CEE09A4200D9CBE0491C4843800844
:10244000824200D8C5E0F088B188814200D9C0E05E
:1024500010367F1C00240D98874200D279E70025B2
:10246000109510AC079820701195601C06220899F1
:10247000F8F7D1F82046EFF7D6FB119910980DF038
:102480003BF9012807D10B24A3E00698012800D9C5
:102490009EE012249DE0FDF713FD0646FF20DC3090
:1024A000305C0C24C00700D093E087204000371830
:1024B000FCF772FF3870FF2800D18AE0ED20400061
:1024C00030180F90CC360D96049CA0890990E089B5
:1024D0000290208901906689A3880C97E78822885A
:1024E000618801200A900090080480183904C918F6
:1024F0003204019BD218029B1B04099E9B19F5F71D
:10250000CBFB0E98400805990840000121188A89E4
:102510000992CA8902920A8901924F898B88CA88D6
:10252000205A498802260096090408181104C9187F
:102530003A04019BD218029B1B04099FDB19EFF799
:102540001EFC0E9806407008059908180399C917D3
:102550000140080121188A890992CA8905920B89CC
:102560004E898F88CA88205A498804240094090417
:1025700008181104C9193204D218059B1B04099CC0
:102580001B19EFF7FCFB0B980F99C8700E98887118
:1025900006980C9A507008700C460A9E96700D9919
:1025A0000D604D6007980870481C06220899F8F7DE
:1025B00032F810A8068161788907C90F81721195D8
:1025C000109502F0B7FD044603E0002900D160E752
:1025D0001124204613B0F0BDF0B58BB004A8022141
:1025E00081760024048302A88480069005900490DC
:1025F00026480990089407940294FF26DC36FDF7DC
:102600005FFC0546805D20210143A955A91972B6DA
:1026100011200001285C012802D10878C0071ED1D2
:10262000019162B6E743EFF709F9054600684D35B9
:10263000AA307F1C29788F420ED247218900461884
:10264000017800242046EFF7ACFA00283046F0D09D
:1026500004A8FCF7C7F800E00C24019A0EE08720DC
:1026600040002F1862B604A80E46FCF7BBF8387875
:10267000FBF797FE2846EFF789FB32461078DF21FB
:102680000140117020460BB0F0BDC046FFFFFF00B7
:10269000F0B589B01C4615460E4606A905AA0DF0F0
:1026A0004DF8002810D00598407A0C22B0420DD980
:1026B0000F9806A90F78791EC8401221C00701D0D3
:1026C000012C05D9084610E042200EE010460CE02F
:1026D00004910392EFF7B7FA012801D0012000E03E
:1026E0000320A842049B02D2184609B0F0BD022084
:1026F0002843032809D107A802900CF0E7FF0298AD
:102700000CF0EEFF049B0028EED0012F40D1109F6B
:1027100038880428E8D379880429E5D38142E3D8AE
:10272000BA88062AE0D31920C1018A42DCD8F88889
:102730000628D9D38842D7D88242D5D83A89930877
:102740007C2B31D87B890A2B2ED38B422CD8511C61
:1027500048438008834227D9F889B989814204987F
:10276000C3D80E990020079007AA0492147008900D
:10277000501C06220291F7F74EFF0498EFF753FA28
:10278000089907980CF0B8FF00280FD00B20ACE791
:10279000EFF798F8014611200029A6D0002FA4D009
:1027A000072F049BA1D8B2E704989EE7EFF78EF8B5
:1027B00001280CD1FDF784FB11210901415C01299D
:1027C00005D1FF21DC3140180078C0070FD10598F2
:1027D0000CF0C5FF0028039887D105980299009155
:1027E000019731462A4623460CF0C0FF7DE7039847
:1027F0007BE70000FEB50C4601090E2901D9122025
:10280000FEBD1E461546F0F75DF83349884213D0E9
:1028100047218F004743EFF711F80068C01902A95C
:10282000EFF714F801460C20002904D06F22029B18
:102830009A5C002A02D0FEBD4220FEBD1220022C6E
:10284000F9D3142CF7D8022DF5D8002EF3D0102E82
:10285000F1D81127022E04D35A7A002A01D0384623
:10286000FEBD002D1ED008990229E4D34B29E2D8E1
:1028700023201A4A125C4B2A104600D34B20022A0E
:10288000EDD30028EBD08842E9D3099A6F33D97091
:1028900013480368084690215958096D4968F7F7AD
:1028A0004DFF029B002100911846019132462346BC
:1028B000FBF7BBFB02990A6D90423846BBD86E31DC
:1028C000CD708C7001200870701E48718871A8014D
:1028D0002043C8710198FEBDFFFF0000C0300020FA
:1028E00080310020FEB50C46010912250E293DD885
:1028F000012C3BD8EFF7E6FF06461D4886422BD059
:10290000472087003D467543EEF798FF0068019029
:10291000401902A9EEF79AFF0C25002826D002984C
:1029200001466E31002C19D00A78002A1ED0774358
:10293000019AD219B323D25C022A17D88B784A792C
:102940000121009100252946FBF76FFB6F210298BA
:10295000415C00290AD104E0422507E049780029BA
:1029600003D06F214454F0F7D3FC00252846FEBD68
:10297000FFFF0000F0B585B00F46010A12240E29B2
:102980001FD81E460492EFF74FFE00280ED00546D2
:102990000346AE33002F0BD0012F12D12427334D25
:1029A000E85D112109280FD20C460AE0422408E014
:1029B00000241C731879F8F761FF30352846F8F7C2
:1029C000BCFE204605B0F0BDDA78032A01D10C2404
:1029D000F7E7039301220292D243049BDB1E93424A
:1029E000EFD3102EEDD80A9A022AEAD301924B2A8D
:1029F000E7D82322AA5C4B2A134600D34B23022A92
:102A000005D3002B03D0019CA3420C46D9D3039CD1
:102A10002670174909689023C958096D00912679D5
:102A2000022A0DD30B9C0498411E3046F9F750F84A
:102A300000984368304601992246FDF79DFFE85D06
:102A40005228024600D3522200240928214600D3EE
:102A500011463046F9F72AF8009801683046F9F730
:102A60001BF8039802990173ABE7C046C030002001
:102A700080310020FEB50D46010A12270E2924D808
:102A8000144602930BF05CFF002815D00646019413
:102A900004462E342078F8F7E9FC407900070DD47D
:102AA000002D0DD0012D10D124252E48415D11207F
:102AB00009290CD2074608E0022706E00C2704E0AB
:102AC00014363046F8F739FE00273846FEBD01219E
:102AD000C943019AD21E8A42F7D3029B022BF4D338
:102AE0004B2BF2D823221F4900928A5C4B2A1146B5
:102AF00000D34B21022A04D3002902D09942074671
:102B0000E3D3F9F767F90746E47C14363046F8F763
:102B100014FE14490098085C02280BD3089A7B68BD
:102B200020460299FDF728FF0198411E2046F8F73C
:102B3000CFFF0C490297495D5229084600D3522025
:102B400000270929394600D301462046F8F7AEFF91
:102B5000029801682046F8F79FFF3046F8F717FE05
:102B6000B3E7C046C0300020F8B50C46010A122574
:102B70000E293DD8174600930BF0E2FE002834D012
:102B800006462E363078F8F771FC827991062ED4FD
:102B9000002C2DD0072C2BD86107890F1DD0022FB8
:102BA00026D34B2F24D823221249895C4B290A466D
:102BB00000D34B22112502291AD3002A18D0BA4279
:102BC00016D3F57C0646F9F705F9436828463946D9
:102BD000009AFDF7D1FE3046B279E8211140214339
:102BE00010220A438271002502E0022500E00C2534
:102BF0002846F8BDC0300020FEB50D46010A122659
:102C00000E2964D8144602930BF09AFE002837D0A0
:102C10000746019404462E34002D33D0012D56D1A1
:102C200038461430F8F79EFD0C2600284FD01225A8
:102C300028463946FDF7CEF900284AD0009520787D
:102C4000F8F714FC0546E07CF8F7A8FE6979090757
:102C50003DD402210843062839D00198002808D025
:102C60003846FA300088398F491C41430198814227
:102C70002DD80298022801D314282CD9009E26E0D2
:102C8000022624E025782846F8F7F0FB0446407930
:102C9000C00615D5012109222846F9F72FF800288A
:102CA0000ED10126092228463146F9F739F80246A5
:102CB00028463146F9F754F8A079EF210140A17177
:102CC0000026268066806079F721014061713046D8
:102CD000FEBD1A26FBE7089F022F009EF7D8002FA3
:102CE000394603D1E07CF8F71BFE411C242217482B
:102CF000845C522C224600D352220023092C07D395
:102D0000002A05D0C9B2083A4A43911D8908CBB2BE
:102D1000112602998B42DAD3002F03D12321405C84
:102D20000228D4D3029828710198688000262E804A
:102D30006879F42101403943082008436871032071
:102D4000FDF7C0FAFDF712FBC1E7C046C030002016
:102D5000F8B50E46010A12240E292AD80BF0F0FD10
:102D600000281BD0074605462E352878F8F77EFB4D
:102D70000146002E14D0012E1BD1E87C0C46F8F73A
:102D800014FE2346A1790C24CA0612D50222104350
:102D900006280ED020200143997109E0022408E0A2
:102DA00038460C46F8F7C9FCA079DF210140A17133
:102DB00000242046F8BD000010B5072404704B2005
:102DC00008702321074C645C4B2C214600D301463C
:102DD0000020022C044600D30C46147014211970F4
:102DE00010BDC046C0300020F8B50446FF250A4893
:102DF00084420FD00026094F38683421415CF0B27C
:102E0000884207D2F7F7DAFF408FA04201D0761C44
:102E1000F2E73546E8B2F8BDFFFF00007031002050
:102E2000F0B585B01D4614460E460BF089FD00280E
:102E300008D00746049505462C352878032803D189
:102E40000C2438E0022436E0039401242046F8F7ED
:102E500031FF002822D001462831029401910C74E0
:102E6000014630310822154B044630461E4698472D
:102E70002146103110220498B047334626462E349E
:102E80000222039821469847002438462146FDF740
:102E900077FB002804D002990A4603E007240AE0E1
:102EA00006220299019B1A70421E90411871A8785F
:102EB0003246F8F707FF204605B0F0BDA9EC051033
:102EC000F8B51446064608460BF03AFD2E21415649
:102ED000002905D42C300078022803D1122518E0EF
:102EE000022516E0CFB20025384629460CF0D0FA6C
:102EF00038462946FBF7CEFD01462B30002E01D087
:102F0000057006E0012202701031102220460BF0FD
:102F1000CBFE2846F8BD70B503460120002909D034
:102F2000002426462546965D9E4204D16D1CEEB2D5
:102F30008E42F8D370BD204670BDB0B50C46054634
:102F4000FAF71CFB002801D00C20B0BD28460BF07E
:102F5000F7FC002804D0E621405A20800020B0BDB4
:102F60000220B0BD70B50C460646FAF707FB0C25EB
:102F7000002801D0284670BD30460BF0E1FC002847
:102F800015D0002C15D00146FA310988C26C4A438D
:102F9000018F491C5143090B89B2A142EAD82E3056
:102FA00000780122214606F019FB0025E2E7022500
:102FB000E0E71225DEE78A7812044B781B029A18A4
:102FC0000978511801607047F0B5CBB00446EEF7B0
:102FD00035FC0546207804A90291EFF773FC0646FC
:102FE000606807027B488642039737D047208700F6
:102FF00004A83946EEF7EAF8394671432A685518AD
:10300000BA21695C0C20012900D1E0E06388D9066F
:1030100006D5394671435118C98D1F2900D9D6E00C
:10302000082101938B43152B06D139467143511862
:10303000C98D002900D0CAE07743D219116D00294B
:10304000039B6FD0496D00292CD0097A002929D023
:103050003321019B0B421FD01220B8E0EFF74EFC4A
:10306000FF2817D047218900414328684518207858
:10307000AA2168528C20002129504C202954382044
:103080002954E9632964A962E96228468C304160C9
:10309000029748E007209AE0B321515CA37E8B425F
:1030A00000D094E0D78D002F039B3BD01046029EAA
:1030B000314680313346AE33B43604AA0092D78508
:1030C000019A8A84039A02963260227B1A70627E89
:1030D0001A71A26812020A60227EFD273A4004217A
:1030E00003260196012A0E4600D0019EE27D032AA6
:1030F00000D01646DE70E27E3A40012A00D00199E7
:103100002E30A27E032A039E00D0114659712396C9
:1031100000880099EEF7F3FE002801D0452056E024
:10312000029803680293207BAE216854207FB82167
:1031300068542846AE30617D4170A17D8170617E0A
:103140000171217EFD231940042203260129114625
:1031500000D03146E77D032F00D03946C170E17EB3
:103160001940012900D03246A17E032900D00A4629
:1031700042712846A230EFF7D7FB607FB92168542F
:10318000607BC2216854A07BC3216854A068000200
:103190008021685060882F468037002179600E4674
:1031A000B9600399E967B884A07B387128468530F7
:1031B0000F3406222146F7F72EFA2846B430B98C90
:1031C0000907029901D50449E967016030464BB00F
:1031D000F0BDC046FFFF0000DC050000F8B50C465E
:1031E0000546EFF76FFB0321C943C91C1A4FBD42C7
:1031F00004D08AB2904201D112262BE089B28842D3
:103200001ED047218E004643EEF718FB0068801958
:10321000AA214552A421415CC90705D0BA21415CCD
:10322000012901D10C2615E08C21012242500146D2
:103230008C3100224A608D3006222146F7F7EBF9E7
:103240000026BD4206D1054800684F3006222146BF
:10325000F7F7E1F93046F8BDFCFF000080310020AF
:10326000F0B58BB00A9316460F4605460743EEF7B6
:10327000E5FA0446002F07D03046EFF723FBB549A7
:1032800088421AD1422615E025464D35002637469C
:103290000A96287886420CD22068C019BA21415C6F
:1032A000012901D10CF08EFB472080003F18761CCD
:1032B000EFE70A9E30460BB0F0BD47218A00114669
:1032C000414323685C18BA21615C012D21D142433E
:1032D0009F18C220385C01252840002920D00028F2
:1032E0000AD08C203858B96F3A468C32526805C1E2
:1032F000786FB96F7967B86794203858002600282E
:10330000D8D094370A980403F7F71CFA20183860CD
:10331000D0E700260129CDD120460CF053FBC9E7A8
:10332000002807D08C203858002803D19020385826
:10333000002806D0A420385AC10704D0F98DF529F9
:1033400001D91226B6E7122601463140022903D1DF
:103350004221795A00293AD000070CD57C48AA218D
:10336000795A814201D00A9800E080208028A1D8B3
:103370000A9000289ED01098A62178520A99090335
:103380009422B950002801D0BB217D54A821785245
:103390002046EEF7ACFD064600288BD13946C231F7
:1033A000384664303A4654327A67B8673E467836D3
:1033B0000978C9070DD100210160B9666648016826
:1033C000204665300622F7F726F9306808E00C261B
:1033D00070E78C2179583A468C32526806C008381A
:1033E000842179583A46843252688160C26020460E
:1033F0000CF0FEFA002802D0EEF731FC05E038466A
:1034000074300168326802603160384694300A9046
:10341000B020395CBC26B85D00953B46143322468B
:103420000893FDF749FB2046FDF7E3FA1121090156
:103430007C50F8217850B4203958F0203950B85DCC
:1034400081225200B854FF220432BB5C2B43BB5490
:10345000CA087D2A01D37D21C9003E46A436F42244
:10346000B9502521F8F74EFBF7F76CF902460A9997
:103470000868B532002801D0101808603946BC3100
:103480003088C00609960A9104D420461146EEF70A
:103490003AFD44E03846EC3005900E460692FAF7C5
:1034A00049FE0390FAF7FEFF0490B120385CF9F76B
:1034B000A1FE079020460CF0B7FA30780290002663
:1034C000009694203146079A1346F8F748F80346C9
:1034D000009520460299039AFDF7B3FA0A980078FE
:1034E0000390009696202946079A1346F8F737F876
:1034F00003460096019508980399049AFDF70AFB84
:10350000EE203D54FC2015493950ED200721395457
:1035100002210598017006220699F7F741F906463F
:10352000002811D00A980078FBF746F9BD20385CD6
:10353000FBF742F909980088C00700D1BAE6C42019
:10354000385CFAF72EFFB5E6BA3425700026B1E6EE
:10355000FCFF0000FFFF0000703100207408041021
:1035600080B5EEF76BF94D21405C80BDF0B587B0BA
:103570000646000A12240E281AD80D46032917D829
:103580003046F9F7FBFF002808D0074600203146F7
:10359000F8F768FE002803D00C2409E0022407E0B5
:1035A00000206A463146F8F78FFE1124002802D029
:1035B000204607B0F0BD684680780028F8D0002487
:1035C00020460CF04BFA00281ED082682421555466
:1035D000C47006803978417181688C62012D02D1F6
:1035E00082680421D18402790821114301710546C2
:1035F000F7F7A8F8054A2346F9F7D4FC0906000AAC
:103600004018A968C862D3E70724D1E77102000017
:10361000F0B587B00D460446010A12200E2925D8C0
:10362000032D23D82046F9F7A9FF00281DD0064610
:103630004078400704D5706BC088C006800F12D058
:1036400001206A462146F8F73FFE01461120002975
:103650000CD169468978002908D001202146F8F765
:1036600001FE002804D00C2000E0022007B0F0BDCD
:10367000012738460CF0F2F9002814D00146806882
:1036800005728A68002010618A68D0608A6850617B
:10369000CF700C8032784A710A79082313430B717A
:1036A00089688861E2E70720E0E7F8B50746000A85
:1036B0000E2801D91220F8BD1C4615460E46384684
:1036C000F9F75CFF002818D001203946F8F7CAFD49
:1036D0000146112000290FD00A7912070CD5CA78AB
:1036E000012A09D18868C06830608868006928604C
:1036F0008868406920600020F8BD0220F8BDFEB552
:103700000746000A0E2801D9122435E01C4615464A
:103710000E4638460CF024FA00282CD0019502946D
:10372000002528463946F8F79DFD112400280AD0C7
:103730000179090707D5356001990D6002990D607F
:1037400004F044FC2C4601203946F8F78BFD002894
:1037500012D0017909070FD58168C9683160816885
:103760000969019A116081684969029A116004F03F
:103770002DFC002400E002242046FEBD70B588B078
:1037800005460088010A12240E2913D8A9780129B8
:1037900010D8E978FF290DD0AA6813785678360238
:1037A000F318927812049A181F4B9A4202D80C24EC
:1037B000002902D0204608B070BDF9F7DFFE0028CE
:1037C00025D00646A878411E8841298801AAF8F725
:1037D0007BFD0028EED101A880780028EAD0298856
:1037E000A878F8F73FFD0028E4D1A8780CF036F966
:1037F00000280ED004463078607128882080E87850
:10380000A070A878E070002805D00024D2E7022438
:10381000D0E70724CEE7A0681C30F9F717FAA068B4
:1038200000248461C6E7C04600093D00F0B585B0BC
:103830000746000A0E2801D9122018E01C4615463A
:103840000E4601203946F8F70DFD00280ED00D98E0
:103850000C990B9A0A9B00930192029103903846AF
:1038600031462A4623460CF0A7F900E0022005B0B5
:10387000F0BD0000F0B589B00446000A0E2801D959
:10388000122730E01F4615460E462046F9F776FE11
:10389000002827D00197002002AA2146F8F714FD3E
:1038A0000C2700281FD102A8807800281BD00020F8
:1038B00000902146F8F7D6FC002814D0816849888A
:1038C000002910D0318009490968496882689268E6
:1038D0008918296081680C3103220198F6F79BFE54
:1038E000009F00E00227384609B0F0BD7C3100207F
:1038F000F0B591B00446000A12260E2804D8032918
:1039000002D81746012A06D935462046F9F76AF942
:10391000284611B0F0BD0391029300202146F8F72C
:10392000A1FC0C250028F0D08178FF2902D0C178B5
:10393000002902D001790907E7D5019000250AAADC
:1039400028462146F8F7C0FC0028DDD10095169BDB
:10395000022503982843022807D1019880688188AE
:1039600000290DD000218180CEE7019882689088DF
:1039700000283546C9D01F46009B1946029D43E0EA
:103980002F4E012F10D1187859780902081899780C
:1039900009044018D978090645182B4F3868017872
:1039A00000290FD040681EE037461E46F6F7CAFED3
:1039B000244A0023F9F7F6FA33463E460906000A80
:1039C000411812E01E46F6F7BDFE3F6801223A702C
:1039D0001C4A0023F9F7E6FA3346194E0906000A95
:1039E0004018281A7860291A0625585D1F465A196A
:1039F00052781202731C13401B18A81C029D0090E1
:103A00002D1A0198826890882E46ADB245190AA8F1
:103A1000C088854201D9072577E704A8039C047074
:103A200095800681438005910AA909910199089121
:103A3000009979180791F8F7C9FE054668E7C0466E
:103A4000FF0E0000710200007C310020B0B50C4672
:103A50000546F7F7A9F9018B2980408B20800020CB
:103A6000B0BD000070B50C4605461226F7F79CF96C
:103A70001B2D23D3FB2D21D8E10829291ED3104962
:103A80008C421BD84483058372B6018AA94200D8B0
:103A90000D4629210581428AA24200D81446C90058
:103AA0004481A92212019442234600D81346C381BF
:103AB0008C4200D80C46848162B60026304670BD28
:103AC00090420000F8B51C4615460E460746F7F72B
:103AD0006BF9018A3980418A3180818A2980C08AC4
:103AE00020800020F8BDF0B58DB01224012831D817
:103AF00016469A422EDC0546304680302AD0142BDA
:103B000028DC1298002825D00F46039004930CF06F
:103B100095F8079000240B940BAA15700C94382587
:103B2000415D0691501C06223946F6F774FD079F49
:103B30007C550B990C9A08AD01950AA80090381D88
:103B40000123059003F0D2FC38372978069D00291F
:103B500003D03D7020460DB0F0BD059C00281FD05D
:103B600009A80CF077F821680AAA1278D2008918FF
:103B7000CA79099B1343CB710671049941710024E2
:103B800084717D21CB0003994B430360002DE0D06D
:103B900009A80178079810300122FCF7FCFCD8E74F
:103BA0000724D6E770B50CF049F80446007A0028DF
:103BB00009D03825665D002060550CF060F8201DA6
:103BC000FBF7BAF86655002070BDB0B5012801D9E1
:103BD0001220B0BD05460CF031F80446012D06D187
:103BE0003820012121540CF063F80020B0BD0CF006
:103BF0008FF8382100206054B0BD10B504460CF099
:103C00001DF8407A2070002010BDF0B587B0012863
:103C100001D9122428E00E4607460CF00FF805469D
:103C20000024059405A8077006943827E95D0291E1
:103C3000401C06223146F6F7EEFCEC550599069A33
:103C400004A8019003AE0096281D01230CF07FF814
:103C500038353078002804D004A800780CF0B3F888
:103C600000E0122402982870204607B0F0BD000042
:103C7000F8B51C4615460E46074601200221EDF711
:103C8000F3FD002800D0F8BD0021EF223846EDF703
:103C9000F9FD0028F7D10A4F3A464032062128465E
:103CA000EDF7F0FD0028EED1062130462A46EDF76B
:103CB000E9FD0028E7D12046394600F06DF8F8BD4F
:103CC000BFFF0000F0B585B015460F4606464078A8
:103CD000EEF7F8FD04462F48844201D1422154E01A
:103CE0000197039602954720860037466743EDF714
:103CF000A5FD0568EF1904A93846EEF7B6FE0C21BC
:103D0000002842D06643A819A422805A33221042C8
:103D100001D0122139E00498027A002A35D1C36F0C
:103D2000002B01D0002606E001466E310022C2724F
:103D3000C7670A800126039D2978AA8857020029AF
:103D400001D03B4615E003931149002400940AB2C8
:103D500021462346FAF769F9874206D2452103989E
:103D6000002812D10498C4670FE02978AA8853026A
:103D700004985A2402530760036541720199086050
:103D8000E9888180029806700021084605B0F0BDE0
:103D900081FF0000FFFF0000084000D012207047A4
:103DA000FEB504460846EEF78DFD06463B488642C2
:103DB00001D142246EE00194472087003C467443C1
:103DC000EDF73CFD0568281902A9EDF73FFD0C242D
:103DD00000285FD00198C00714D1029D287A0024E2
:103DE000002857D02C722846EDF7F7FE6C202E5C89
:103DF000FF2E4FD080352846FAF780FA3046FAF782
:103E0000DBFC47E07743E819A421405A33210842FC
:103E100040D10298017A002400293BD1457A072736
:103E2000FAF78CFEFF2834D006460298002D07D002
:103E3000856FFAF783FEFF2828D0BC21685416E06E
:103E4000806F0830FAF7EDF8002810D0124A029877
:103E50000021009112B20B46FAF7E7F80299096DBA
:103E6000814204D23046FAF7A7FC452412E06C20C8
:103E700002990E540120087208466C30019A92078C
:103E8000D20F4270881DEEF74FFD03E03046FAF77F
:103E900093FC3C462046FEBD81FF0000FFFF000072
:103EA000FEB505468468A66F706802906878400287
:103EB0007060B0680190A8784002B060307C0090DB
:103EC00028793074E8780002401D0521EEF7DBFB0D
:103ED000F768F06020460BF084FF627A03215143BB
:103EE00022688A1882420DD200983074029870605D
:103EF0000198B060F76029781220002901D00021D4
:103F0000E167FEBD287800280BD0304622303246CB
:103F1000BD320023F375FF24047043700123137036
:103F2000C477002002469142EBD0F3695B6800241D
:103F30009C549B189C705C70D21CF4E7F0B585B063
:103F400004931546019100262A4A2B4F03903146CF
:103F5000B8470446029528463146264AB8470546E2
:103F60002543049CEF2220463146B847284301D020
:103F700005B0F0BD2746029C03980AF0E1FC00283A
:103F800013D0014619200091FCF724F800280ED028
:103F90000A9D002D0DD03846FAF79AF9002825D051
:103FA000007A00280AD10C20E2E70220E0E71A207C
:103FB000DEE72046EEF738FB002817D00120F7F7A0
:103FC00079FE002814D00246382008211154957239
:103FD0000198108103981080D78094802E2000993A
:103FE000085C0121F7F76EFE3046C1E74220BFE7CB
:103FF0000720BDE7FF0E000085180410F0B585B05E
:104000001C4603920F460025234A244E0090294661
:10401000B04733460646FF22F432019738460495EE
:1040200029461F469847E8210294214000D01221DA
:10403000039B0E4306430125AA030A2118463C466A
:10404000B847074637430A9E032230460499A047E3
:1040500038431CD1029C172C01D10C2017E00B987F
:10406000002802D0FAF7FAFC08E000980AF068FC91
:1040700000280ED02E21405CFAF7FCFC467104713A
:104080000399418001990180801D0570049805B055
:10409000F0BD0220FBE7C046FF0E000085180410AB
:1040A000FEB51C4615460E4602A9FCF71DFC074648
:1040B000002801D03846FEBD1127002EFAD0EDF7BA
:1040C000E6FEB042F6D302A80078FCF7E3FA301817
:1040D000C07C287001A82146F6F7DBFA0027E9E743
:1040E000F0B585B00E4604A9FCF7FEFB0446002897
:1040F00002D0204605B0F0BD1124002EF9D0EDF716
:10410000C6FEB042F5D304A805782846FCF7C2FAEB
:104110000446761E8088400519D40127B740A07B4D
:104120003840F040012828D10120F7F7C3FD0028CE
:1041300025D038210A224254009501900294FAB207
:10414000012000210B46FCF785FB0446D1E72846F9
:10415000F6F734FE0390012728463946FAF79AFC11
:1041600002460078022101431170B740F8B203996A
:1041700023460BF042FE0024BBE70C24B9E70724DA
:10418000B7E7F0B58BB01E4617460D4604460AA9A0
:10419000FCF7AAFB002801D00BB0F0BD119912204A
:1041A0000029F9D0079110990891FF2132464A4021
:1041B000B242334600D81346089A9342ECD3FF2DFF
:1041C0000BD06940A9422A4600D80A46BA42E3D336
:1041D000E91B089A92198A42DEDC0AA80078069048
:1041E000FCF758FA05900698FCF786FA05990A79C3
:1041F0000692089BCB748E744F740D740A4607990F
:10420000D18009A90097019602930391401EC1B283
:10421000069886091746104632462B46FCF79AFA4E
:104220000246B888400707D5964205D009A801780C
:1042300020463B46FCF7D0FA0020ADE7F0B587B04A
:104240000F4606A9FCF750FB0446002847D1012F72
:1042500001D9122443E006A806783046FCF71AFA82
:104260000446858805963046FCF746FA2246401EED
:10427000C0B201268640A17B3140C1400C240129F7
:104280002DD1D08800282AD0042005400024012FF9
:104290001ED1002D23D191880143918003200492E7
:1042A000FCF710F8FCF762F801270A250598394653
:1042B0002A46FCF705F9049A9188002812D03803A1
:1042C000014391800320FBF7FDFFFCF74FF806E068
:1042D000002D04D090881A490140C03191802046B9
:1042E00007B0F0BD480514D401273846F7F7E2FCC3
:1042F00000281FD038214554059900910190049859
:104300000290F2B2002001460346FCF7A3FA0446ED
:10431000E5E7C8050598E2D43D021646F6F74EFDDE
:10432000B1882943B1804221405AF1884018801D4C
:10433000B081D4E73803049DA9880143A980C1E76F
:1043400033FE0000F0B587B016460D4606A9FCF70F
:10435000CBFA0446002872D11224012D6FD8012E09
:104360006DD8681E854106A804782046FCF792F9AE
:104370000246808801270146B94349199180002EE1
:104380002BD026460024800759D430460592FCF7EE
:10439000B3F9059A431ED8B23D468540917B29402A
:1043A000C14001291ED1908802210143918040051E
:1043B0001AD401270A22304639460492FCF780F8C5
:1043C000002828D03803059A918801439180032062
:1043D000FBF778FFFBF7CAFF31E0022081439180B1
:1043E00000242CE00C242AE035463046394604935C
:1043F000FAF750FB06462846F6F7E0FC014630780F
:10440000FD220240327004988740F8B23246059B84
:104410000BF0F3FC13E001273846F7F74BFC0028BC
:10442000D0D03821049A4254009601900598029009
:10443000EAB2002001460346FCF70CFA0446204687
:1044400007B0F0BDB0B514460D46FEF7CDFC40B246
:1044500000280FD4C0B2FCF753F882790321530728
:1044600000D50A462A70C079420700D50846207058
:104470000020B0BD0220B0BDF8B515460C4601269F
:10448000064004D11121072C19D8002C17D0022185
:10449000084004D11121072D11D8002D0FD0072776
:1044A000002801D03D4600E03D40F6F77DFCC57791
:1044B000002E01D03C4600E03C40847700210846B5
:1044C000F8BDF0B58BB00F46064680B20AF038FA58
:1044D000002824D0054608202946FBF77BFD00284C
:1044E00006D10B202946FBF775FD002800D180E09E
:1044F000380AFB0705D1C1B21124072910D80029B9
:104500000ED0390CBF0705D4CAB21124072A07D828
:10451000002A05D0360C022E05D9112400E0022411
:1045200020460BB0F0BD05930724204008AA049252
:1045300010702140069707AF39702E202D5CF6F7DA
:1045400033FC0699002901D507461F3703902846FA
:10455000F6F734FC069002952846FBF7D1FF3D782C
:1045600005990029049901D003991E310978059114
:104570008170C5702640074600D03E80042001228D
:10458000E907014600D0114602230495AD0700D586
:10459000194603931346FE79B14200D10491059A5E
:1045A000D50700D01846920700D503980397BD7928
:1045B000A84200D10590069F2C37B1421BD1A842DA
:1045C00019D10320710700D5064606994A8F009637
:1045D000690700D505460220002421462B46FCF73A
:1045E00095F9032D53D10398008801284BD004215D
:1045F0004AE01A2494E701200190F7F75BFB0028BA
:104600008ED00546069A9232382006212954108809
:10461000E88109A8029E06710995EDF73CFC3878FF
:10462000032822D1039B9F790420042F0146059C77
:10463000019A0AD06107014607D4012F114600D024
:104640002146C907114600D10221DB790095042BD0
:1046500002D0049A10408208012330460BF020FC5F
:1046600030462146EDF77CF902E000202874059CD5
:1046700004982875EC7400246C74012130462A4695
:10468000F7F720FB4CE70621787DF7F7C9FA032EF0
:1046900000D045E703980088012801D0042100E0FC
:1046A0000621787DF7F787FA3AE70000F0B58FB07A
:1046B00005460BF03DFC002801D00C2059E10027F5
:1046C0000D9728780DA908700E97481C691C0622C2
:1046D000F5F7A1FFA84800689026805980680E9AD7
:1046E0000D990BAC01940CAB0093001D01230693B4
:1046F00002F0FCFE217800290A9638D09E48006816
:104700008059806841680CAA1278D2008918C9794A
:104710007F240C402821614300684018EE1D1022C0
:1047200009903146F5F782FF1735002808D010228E
:1047300009983146F5F76FFF2720FF21099A115498
:10474000099E1036102230462946F5F76FFF0028E3
:1047500009D0102230462946F5F75DFF0020F9F711
:10476000E2FC09990862089483480A9974E00028D9
:1047700016D0814800680A99405881680868497ACB
:1047800000290FD002462432002308931378002B0F
:1047900008D02832089B5B1C08939942F6D101E0AF
:1047A0000720E6E00899CAB22821079103925143F5
:1047B00046180C980990E91D102430462246F5F75A
:1047C0002AFF30461030173529462246F5F723FFD9
:1047D00000252846F9F7A7FC2721FF22334672540B
:1047E0002626099999550121998418620D980E99E8
:1047F0000BF0BEFB0028089802D0802008990843DF
:104800005D4B19680A9C0959896849680CAA127895
:10481000D2008918CA790243CA711868005982689F
:10482000137A002B15D0106809905268D21D3046BB
:10483000079E194613787F241C407443099B1B195B
:104840001D540B4608326D1CA942F2D14A480A9900
:1048500001E021464848039C282204925443006802
:1048600040588068C1690A79002A03947AD00068A8
:1048700000190990273005903C4607970868C159F0
:10488000C0194268002609983346F6F7C7F90A9B13
:104890000028394D53D02868C0588168C86900681D
:1048A000C2190723D256002A2ED4D0B231460BF0BB
:1048B00073FB28680A99405881685E200A5CC969C0
:1048C0000B790968C919CE71991ACAB27F2A2A468A
:1048D0003D4600D37F2112680A9FD2599268D2695F
:1048E00012685219D3790B4380211943D17122499F
:1048F0000968C95989680A5C521E0A54C869006867
:104900003B462F461C4D0AE0C25D7F231340049AAC
:1049100053430968C9182722FF238B540A9B059922
:104920000C70C6552868C0588068C0690068C15DB1
:10493000089A114380220A43C255069807902868B6
:10494000C0588068C1690A790837641C944295D3BD
:104950000799002906D01C46FAF752FA0648006863
:10496000005980680068039941180DA8ECF7D4FF3E
:1049700000200FB0F0BDC04680310020F0B58BB0F4
:1049800004460BF0D5FA002801D00C206EE0002779
:104990000997207809A908700A97481C611C06220B
:1049A000F5F739FE324E30689025405980680A9AF2
:1049B000099907AB019308AC0094001D01230493EF
:1049C0000BF0C5F9207800284FD007A801782A46B7
:1049D0007F2529402820034606914B4331680392E6
:1049E000895889680A68D31824241F5505910B7AC1
:1049F000002B0CD005994C68E41D217829404143D7
:104A0000511826268F5508347F1CBB42F5D10598D6
:104A1000C0690179002926D00027049E0268FFB2F0
:104A2000FB00D2180723D356002B04D513782B4054
:104A3000069CA34204D008327F1C8F42F2D30EE0C2
:104A4000FCB22146F6F734F909480068039940584A
:104A50008068C06901790026A142DFD801E0F00733
:104A600001D1FAF7CDF9002000E002200BB0F0BD33
:104A70008031002010B50BF05BFA002801D00C2427
:104A800003E000242046EDF7D2F8204610BD0000D8
:104A900003480068902140588068407A7047C046BB
:104AA00080310020F0B583B01446064600270197F8
:104AB000087801AA10700297551C491C0622284646
:104AC000F5F7A9FD02990198F7F78CFA014602065D
:104AD0000220002A23D4134A12689023D2589268E5
:104AE0001368002E09D0282048431818016A103096
:104AF000002201ABFAF7EEF80BE028254D435919D7
:104B00002723C95CFF290AD0C800116A0968081860
:104B1000451C062220462946F5F77DFD384603B0A0
:104B2000F0BDC0468031002010B504460BF000FAFD
:104B3000002801D00C2010BD044800689021405886
:104B400080685D214454002010BDC04680310020A3
:104B5000F0B581B0114E31689027C9598A68146D3B
:104B60007D21CD0045432832002110460BF050FA3C
:104B700001463068C0598068056500290BD42A1B9E
:104B80008B18012B05DB283000210122FBF703FDE8
:104B900001E0FAF74FF901B0F0BDC04680310020C6
:104BA000F0B583B015460E4607460BF0C1F9002854
:104BB00001D00C241CE00024019401A80770029489
:104BC000401C06223146F5F726FD02990198F7F7B9
:104BD00009FA01060BD428214143074800689022B6
:104BE00080588068006840182521455400E0022460
:104BF000204603B0F0BDC04680310020F0B581B042
:104C00000C46064601200BF01FFA074602200BF067
:104C10001BFA07434225002F17D00D4F002807D05D
:104C20003046EDF74FFEF91C89B2884203D10CE003
:104C30003846EDF747FE47218D004543ECF7FEFD72
:104C400000684019C62144540025284601B0F0BD33
:104C5000FCFF0000F0B587B015460F460646F2F798
:104C600063F8002801D00C2425E01224012F22D85B
:104C70000F2D20D8F9F7E6FE02900024059405A92F
:104C80000F700694481C0F4606223146F5F7C3FC08
:104C9000FD710599069A03AD019504A8009002984C
:104CA0000C30032302F022FC002800D107242878CE
:104CB000012800D11224204607B0F0BD80B5F2F7DC
:104CC00033F8002801D00C2080BDF9F7BBFE0C3072
:104CD000FAF732F8002080BDF0B589B01C461546C1
:104CE0000F4606460C200590F2F71EF800286ED1FC
:104CF000109917296BD03046300612220592C00E4B
:104D000065D123460E9CA0087C2860D80F9A0A2AF9
:104D10005DD301208003824259D8E820084056D153
:104D200004920022079206923046F0071CD112200E
:104D30000F2F05904BD8019402920391012D46D874
:104D4000284606AD2870681C06221946F5F763FC54
:104D5000EF71069807990BF081F900280399029AE0
:104D6000019C01D00B2031E0019402920391F9F7EC
:104D7000CFFE04460720002C059028D0F9F7DEFE70
:104D8000FF2824D0274676372546AF350590A879E9
:104D9000F9F7FCFEA879ECF7A5FF01983880059893
:104DA000E870039868710498000360660798069994
:104DB000A164E064072006400A207040297801437E
:104DC0002970F9F73FFEA9790172029805900598BC
:104DD00009B0F0BD70B5F1F7A7FF002818D0F9F7BA
:104DE00031FE007AF5F7F0FB0446AF20215C10227B
:104DF0000A4322542046F7F75FFF06462046F9F79C
:104E00007DFA0025002E04D120460BF04FF900E07A
:104E10000C25284670BD10B5010A0E2901D91220B3
:104E200010BDEDF701FC00280ED00446AF20215C38
:104E300020220A4322542046F7F73EFF002805D0DF
:104E40002046F9F75BFA04E0422010BD20460BF043
:104E50002DF9002010BD80B5F9F7F4FD407C80BD30
:104E6000F0B587B015460F46064606A80270F1F762
:104E70005BFF002801D00C2422E01224012F1FD850
:104E80000F2D1DD8F9F7DEFD02900024049404A92B
:104E90000F700594481C0F4606223146F5F7BBFB00
:104EA000FD710499059A06A8019003AD009502983A
:104EB0000C3003230AF04BFF2878002800D142244D
:104EC000204607B0F0BD10B50C460146020A12207C
:104ED0000E2A0FD8032C0DD80846EDF7A5FB0028A5
:104EE00009D0AF21425CF9231340A207520F9A1850
:104EF0004254002010BD422010BD0000F0B589B022
:104F0000039315460E460027264A02903946ECF7D1
:104F1000B9FC04460121802204952846ECF7B2FC36
:104F200005462543344620493046FEF735FF2843E1
:104F300001D009B0F0BD02AE61CE0BF043F90028FC
:104F40001CD0029404466C34A27812233146B2423B
:104F500012D301902E460498B84211D01D46F05D40
:104F600000217F22ECF78EFC0028E2D1F05D7F1C4F
:104F7000A17888422B46EED31846DAE74220D8E7DC
:104F80000298208005AC0498314622460BF023F9A4
:104F900072B60198483010222146F5F73CFB62B604
:104FA0000020C6E7FF0E0000BFFF0000B0B5010AF9
:104FB0000E2901D912251EE009F0C2FC002817D0E5
:104FC00004461A2528462146FBF704F8002812D08B
:104FD0000120F6F76FFE00280CD002463820102181
:104FE00011542E20205C0121F6F76CFE002502E012
:104FF000022500E007252846B0BD0000F0B58DB0C1
:105000000A93144609910890FAF75AFFFF21DC3100
:10501000415CC90700D082E0852149004118029116
:10502000ED21490041180191CC300490129807906D
:10503000FA202040411E8841654265410543012612
:10504000600703943440C00F0094001906900027B5
:105050000620059078430A9A11188C88105A0C90F3
:1050600048880B90ECF7EFFD012801D0304600E0B6
:1050700003200021089A9042304600D30846099A3E
:10508000032A324600D80A4610434BD1E90749D1DA
:105090000B9800040C9941180A061220520E3FD1B9
:1050A000079A012A06D1224A914239D80122920355
:1050B000944235D88A0C33D0042C31D3090CA14248
:1050C0002ED37F1C002506988742C1D3039D0199EA
:1050D0008D71099808700898C8700020049C2060A1
:1050E0006060009900290146029E09D00A9B9988B8
:1050F0005A881B783370120222610902A1610121D2
:105100006A070DD5059D4D430A9B59198A88498820
:105110005B5D7370090261611102E16100E00C20C6
:105120000DB0F0BD002801D11120F9E71220F7E7FA
:10513000FFFF0040F0B58BB00546FAF7C1FE074609
:10514000FF200146DA317918DC303E5C01231E4035
:10515000287A3A46002817D01224012800D0E6E029
:105160000891A97A012900D00221687A814200D2EF
:10517000DDE007922968002919D06A68002A16D054
:10518000D001814216D3D2E00024002E00D1CEE01F
:10519000204615460E460BF042F82846ECF7F6FD81
:1051A0003079800700D4C2E0ECF75DFDBFE0022853
:1051B00000D1BCE0059308980079022104910843CE
:1051C000032809D109A806900AF080FA06980AF087
:1051D00087FA002800D1AAE0002E0CD128460799B2
:1051E000ECF7C9FD0446002800D0A0E0452080006F
:1051F00038180BF01DF84320800038180390A837AA
:1052000003CDC90406910403083DF5F79BFA089AFB
:105210009178C90753D10121039A517102911180EC
:10522000002179640191B964697ABC65002C069B00
:1052300000D12346FB65089A11707D21C9004118F1
:10524000F964396539607960002C079800D12146EE
:1052500079650AF0F3FF374802683748006801991A
:105260007961B961089909793975C90701D04F3059
:105270000246069238461530062411462246F5F7B6
:10528000CAF97869B969F86139620798406E801C7B
:1052900006992246F5F7BFF908990879800702D5E3
:1052A000ECF7DDFC08998878A97A012901D10499E5
:1052B0000843079A02990843089988700FE072B66C
:1052C000697A1170002C1146069A00D12246BC65FD
:1052D000FA65002C079A00D12046786562B6002452
:1052E000002E24D1C879C00718D0002110461646D8
:1052F000FAF750FDB06EB17DAA7A002A059B04D161
:10530000039A1279521E5342534100273A46FAF744
:105310006BFC30463946FAF77FFD3246A87A002802
:1053200002D11046ECF71FFD01200AF078FF20465D
:105330000BB0F0BD7031002080310020F0B589B095
:105340000D46010A0E2901D9122047E01C461646D7
:1053500009F0F6FA002806D007462C300178032918
:1053600003D10C203AE0022038E008948078002431
:105370000F2207902146F6F7C1FC002801D03A2001
:105380002CE00694109A0F9C0E99FA3738880F4635
:10539000009405920192029028463146089A3B46B5
:1053A0000AF062FF002819D104940120F6F782FC6C
:1053B000002812D002463820069C145405985084C8
:1053C0000498108456831583D7830898908301210D
:1053D0000798F6F777FC204600E0072009B0F0BDFB
:1053E000F0B585B014460F4606460A9D0493009317
:1053F0000195002031463A4603942346F5F771FBA8
:105400000446002808D1F5F7CFFC0586C7858685B8
:105410000399418504990185204605B0F0BDF0B59A
:1054200087B00E46010A0E2901D9122042E01D461E
:10543000144609F085FA002839D007460D992B4605
:1054400025460C9CC06C00940591019131462A467A
:105450000693F5F746FB00282CD10495069D03948E
:10546000FF2028303C182078810722D439462C317F
:105470003A46FC3209780229029205D1118D89063B
:105480001AD40121084320700399049A059B029FB6
:105490003B81FA80BE807D803980022101432170EA
:1054A0000320FAF70FFFFAF761FF002002E0022065
:1054B00000E03A2007B0F0BD26203946FAF78AFD11
:1054C0000028049A02D020780399DFE71A20F1E738
:1054D000F0B587B0C7B21223272F01D9184639E09B
:1054E0000D460646010ACCB21120002C32D0042C05
:1054F00030D8300CC0B20490012818462AD8280CA5
:10550000019003922B0A300E029005A8012200920E
:105510004271019A0271C3708570029A42700170E3
:10552000ECF7E0F9039A002814D1FF2000060640AA
:1055300004980004801921024018C01929460AF075
:10554000BFFE002806D104480068417F009A11433D
:105550004177002007B0F0BD80310020F0B589B060
:105560000593174606910646C4B21225ECF7A2F938
:10557000272C0DD80497FF270128384600D0252076
:10558000310ACAB2824203D8300CC3B2072B02D907
:10559000284609B0F0BD310E11200029F9D0039240
:1055A0000429F6D80293069A100C0090100A019074
:1055B00007A800224271009B03710092C270019AF9
:1055C0008270069A42700170ECF78CF9029B0028F9
:1055D000DFD1059800067F210A06904204D03F21C2
:1055E000490688421CD181210598B8431A46CBB29E
:1055F0000343FF20000606401004801903990902A6
:10560000401800190699049A0AF03CFF0028C0D1FE
:105610000C480068417F01220A4342770098B8E7AE
:10562000812109068842B3DB0549884206DB7D21DA
:105630000906884205992846ABD1D5E70599D3E7F5
:10564000010000148031002010B5801EC3B2022B6F
:1056500006D840B2830006A0C05808A4E35801E071
:105660005020032399400818D100401810BDC046AF
:105670002C000000D0020000CE010000020000005B
:105680000600000004000000A446521E08D3037860
:105690000C78401C491CA342F7D0181B6446704785
:1056A000002064467047000081B024480068400331
:1056B000800F00900098002801D1012000900098F0
:1056C00001B0704710B50400FF2020708020C00595
:1056D00041681B4A914201D10621217001680F22C5
:1056E00009091140617001680A40A2704068606059
:1056F0001248006880B2401C8000A060FFF7D4FF11
:10570000002804D0FFF7D0FF401C800301E0C02038
:10571000C001E06010BD10B50A4C21002822EBF753
:105720001FFD0020206010BD074800688007800F23
:10573000022801D10120704700207047141000405A
:105740004120030234000020B01600600120FFE772
:1057500019490860002070470120C04316490968B4
:10576000012900D1002070470020EFF3108172B6AC
:10577000114A1368012B02D00120C04301E003232A
:10578000136081F3108870470020EFF3108172B628
:10579000094A1368032B02D00120C04301E0012312
:1057A000136081F31088704780B50A00034900F048
:1057B0004DF802BD000000005C000020D40604107B
:1057C00070B50023A04D05E014688600AC51121D91
:1057D000401C5B1C8B42F7DB70BD9B4B8000181894
:1057E00004E013680360121D001D491E0129F8DA48
:1057F0000021016041607047934B8000181804E05D
:1058000003681360001D121D491E0129F8DA704754
:1058100080B5FFF79BFFB3480168802252030A431B
:1058200002600168802212030A430260016880223C
:1058300092020A43026001BD80B5FFF78DFF002888
:1058400001D1032002BD012002BD0000F8B5050012
:105850000E001400FFF788FF002801D0012055E05A
:105860002000AF4CA066002081006A582300083356
:105870005A50401C0828F7DB2F000020350081001B
:105880006A58230028335A50401C1028F7DB0126A1
:10589000280000F09CF9002807D0032060602660F3
:1058A0002A0020322900380038E00027676026608F
:1058B0009C4E3200290000BF1AA000F015F9606864
:1058C0000128FCD100F0ABF800281AD032002100EA
:1058D000483100BF13A000F007F960680228FCD12E
:1058E00000F09DF800280CD021004831200028301D
:1058F00000F01AF960680328FCD100F07CF8002859
:1059000006D127606760FFF73FFF0220C043F2BD6A
:1059100022004832210028312000083000F096F89B
:105920000020F2BD000100000000000070B505007D
:1059300000267B4C26606660FFF726FFAC490D60B1
:10594000B0002218926808180264761C082EF7DB53
:105950000020C043A26E904770BD70B5A44C0026D5
:105960006F4D10E0002081002A000832525862502A
:10597000401C0828F7DB210040312000203000F0D7
:1059800015F90E2068602868012826D1686800286B
:1059900008D0012808D0022808D00328E2D00E2819
:1059A00007D017E0012002E0022000E00320686039
:1059B00070BD2E606E60FFF7E7FEB0002900083171
:1059C00009582150761C082EF7DB21000020AA6E12
:1059D000904770BDA020FFF7A9FF70BD80B5FFF70D
:1059E000BCFF0AF0FFFE01BD80B58068FFF79EFF97
:1059F0000AF0F8FE01BDE0B50822002168460AF071
:105A0000F2FE6A460221B8208000FFF7F5FE0098FA
:105A10007849884201D101200EBD00200EBDE0B5BD
:105A20000822002168460AF0DEFE6A460221A6200E
:105A30008000FFF7E1FE00986F49884201D1012004
:105A40000EBD00200EBD000000043048F8B5070070
:105A50000E001500234C2068684901408820800111
:105A600008432060206804210143216066A20221CE
:105A70000020FFF7A5FE00BF65A202210220FFF76C
:105A80009FFE00BF64A202210420FFF799FE00BF21
:105A900073A208210620FFF7A0FE00BF60A2082124
:105AA0001C20FFF79AFE00BF65A208213220FFF7F5
:105AB00094FE3A0008214820FFF78FFE32000821AB
:105AC0005E20FFF78AFE2A0008217420FFF785FE7A
:105AD0006068C103C90FFBD1206802210143216026
:105AE000F1BD00000000304870B50E001500444CB8
:105AF0002168424A0A40C021090111432160020085
:105B000002210220FFF75CFE32000821C82040007D
:105B1000FFF763FE2A000821852080003BE000009B
:105B2000B82F0020205C051070B506000D00344C25
:105B3000206832490140A02080010843206000BF56
:105B400033A202210220FFF73BFE00BF32A2022156
:105B50000420FFF735FE00BF41A208210620FFF711
:105B60003CFE00BF2EA208211C20FFF736FE3200AB
:105B700008215E20FFF731FE2A0008217420FFF77C
:105B80002CFE00BF2EA208213220FFF726FE00BF08
:105B90003BA208214820FFF720FE6068C103C90F1F
:105BA000FBD1206802210143216070BD10B50200C5
:105BB0000C00002A03D008215E20FFF71DFE002CF8
:105BC00004D0220008217420FFF716FE10BD10B586
:105BD00000210C4A8B00D458C3589C4203D1491C65
:105BE0001029F7DB01E0002010BD012010BD0000EE
:105BF000243000200DD600006A910000FFC0FFFF96
:105C0000000030487C060410000100000000000085
:105C10000001000000000000010000000000000082
:105C2000FFFFFFFFFFFFFFFFFFFFFFFF0000000080
:105C3000000000000000000001000000FFFFFFFF67
:105C4000020000000500000003000000FEFFFFFF4F
:105C5000F9FFFFFFFBFFFFFFFCFFFFFFFCFFFFFF64
:105C60000300000000000000000000000000000031
:105C70000000000000000000000000000000000024
:105C80004B60D2273E3CCE3BF6B053CCB0061D65F0
:105C9000BC86987655BDEBB3E7933AAAD835C65A79
:105CA00081B028490A6A012002400CD10A680243E7
:105CB0000A600A6882430A600A6A02430A62096A41
:105CC000084000900098002001B07047F3B51E49CD
:105CD0000B785B1C0B7001231C4C6F460D78019EEA
:105CE00036682660019E76686660019EB668A6608A
:105CF000019EF668E6600668266146686661866809
:105D0000A661C668E66164263E70266B1E43266364
:105D10006E463678761E3E70666B1E4003D06E4629
:105D20003678002EF4D16E463678266A1660666A9A
:105D30005660A66A9660E66AD6600E78B542CDD106
:105D40000020F6BD4000404890310020280000604F
:105D500081B08020C00218490A6802430A600968BD
:105D6000084000900098154802E0154A0A40026079
:105D700001680902090C0168F7D101229143016011
:105D80004168C907FCD440680421084000D00120C4
:105D900001B070470B490A68D206FCD549680180FA
:105DA0000020704707490A68D206FCD5496801609F
:105DB000002070470000000050004048000060488C
:105DC000FF0000FF0400604830B501009B480078E8
:105DD000002802D121A4202301E0994C2123002096
:105DE00000E0401CC2B2A5569A4201DA8D42F8DBAF
:105DF000A94202DAC1B2022901D29A4200D1401E60
:105E0000C0B230BD30B58D490978002903D100BF3B
:105E100012A2202301E08A4A2123012100E0491C2B
:105E2000CCB29C4202DA15578542F8DB9C4200D185
:105E3000491EC8B230BD000080490978002902D14E
:105E400006A1202201E07E492122030001D09042D8
:105E500001D37F207047085670470000C4E9EAEB81
:105E6000ECEEEFF0F1F2F3F3F4F5F6F7F8F9FAFBF4
:105E7000FCFDFDFEFF00020304050506202070471F
:105E80001F2070476D4A1278002A03D01722D24390
:105E9000072302E01622D243062302700B707047DC
:105EA00010B566490A78030003D0130004D101221B
:105EB00002E0012A00D100220A7099498B688022F1
:105EC0009200134020D18B6854002340A3421BD082
:105ED0008B681A438A600A685307DB0FFBD10422E0
:105EE0000F23DB430028886804D003400E201843AA
:105EF000886002E0034013438B608868894B03404D
:105F00008B6008681040FCD010BD704770B513005E
:105F10004000854C0019C003012902D1802189016C
:105F200002E0022901D18149401841004402640F76
:105F30000003000B401C7E4D0926202A01D11F239F
:105F40002E66DA00062313437A4A1360090EC9004D
:105F50000C432C65000BE8640020A86419206864D9
:105F60002E60032074490860392028607348006857
:105F70000428FBD13B20286070BD00007F2801D1A0
:105F8000080070477F2909D0052A07D2091A00BFE7
:105F90006EA39A565143C910401840B2704770B56D
:105FA0000023674C04E0D55C6678B540CD545B1C9B
:105FB0008342F8DB70BD0000F0B585B005000F002E
:105FC00014001E00684600BF62A11422EBF7C8F857
:105FD0000095802D05DA082F03DA802C01DA012ED6
:105FE00001DD12201DE05648057047708470C670B0
:105FF000544801687F2291436206520E0A430260B0
:10600000002E03D000988021014300914E4C694638
:1060100020000AF0F3FB0022290020000AF096FC81
:10602000002005B0F0BD212901DA022801DB122091
:1060300070474348417100207047000092310020B2
:1060400014070410B8B587B03D4D2A79002A4DD108
:106050006A46107068460078282802D20F00032F85
:1060600001D3122043E0002403AA01A9E0B20AF000
:1060700075FC002001A9095C002937D1401C0828C3
:10608000F8DB641C002CEFDD01A800BF36A1142250
:10609000EBF766F828780190E878002803D001989B
:1060A000802101430191284C01A920000AF0A6FBA0
:1060B0000022297820000AF049FC0122A8782978DA
:1060C000014020000AF042FCE878002804D00122B8
:1060D000802120000AF03AFC6A793900684600788D
:1060E000FFF714FF01202871002000E00C2008B009
:1060F000B0BD10B51248017900290FD00C49002419
:106100000C600D4A14604C640C660471C37882788C
:1061100041780078FFF750FF002010BD0C2010BD23
:1061200014005048FFFDFFFF6209000000E0FFFF80
:10613000F0150060141500600814006098160060E7
:1061400060000020D800002000001048070503026E
:10615000010000000000000002000000000000003C
:106160000300000006000000000000000100000025
:10617000000000000000000000000000FEB5C84C58
:106180002169CC4A914214D121682268256823688C
:106190002468640D382727405B025C0F0F232D0C09
:1061A0001D40160AF02232400192090A0B4000936A
:1061B00005E0082500957021019103241827BE4EA3
:1061C00000213171002801D00AF05EFC0320C04399
:1061D000BA4989680140B94A916011468968084006
:1061E00011468860B6480068B6490140B44801606D
:1061F000B5490F20C0430A6B024015430D63CA6ABC
:10620000F0239A43019B1343CB62CA6A1040009A61
:106210000243CA6208680722904304430C6008687E
:106220003822904307430F605523FF20C043A74AFD
:10623000146804401C431460D46804406625254358
:10624000D560146A044023431362136C03401D2479
:106250001C431464D36B034059241C43D463536C14
:10626000034032241C4354640123546A1C43546287
:10627000974C25687F27BD431F272F4327606568FC
:106280003F27BD4309272F4367607768914D3D4005
:106290009F032F43776077688F4D3D40FC27BF03F6
:1062A0002F43776075682D022D0A90273F052F43F5
:1062B0007760B768884D3D40B427FF032F43B76030
:1062C000B5682D022D0AC827BF052F43B760B568F2
:1062D00005405A272F43B760B7687E4D3D40C82719
:1062E000BF012F43B760F7687B4D3D401F052F432B
:1062F000F760F768794D3D40C0277F052F43F76071
:106300000425376907402F433761F7683840142761
:106310000743F760F7686F483840A027FF0007433E
:10632000F7607069054375617069DD050543756146
:1063300070695D0705437561B0697F25A843B06149
:10634000674803745E2545740D6B8574C3745D25C1
:106350000575CD6A457583755225C5750968017641
:106360004376122181761168C17603771521417732
:10637000D1688177C3771A2120254155116A2125DB
:106380004155012122254155222123254155116CDA
:1063900024254155012125254155212126254155F9
:1063A000D16B272541550121282541552321292538
:1063B0004155516C2A25415501212B2541551B2161
:1063C0002C254155516A2D22815401212E228154C0
:1063D00090212F22815421683022815401213122C1
:1063E00081549121322281546168332281540022E8
:1063F0000021342401550100103101604160010089
:106400000C318160C26000683168306035480360DB
:1064100071699A070A43726181691943816127484A
:106420000068264908602648C06918432449C861A5
:106430000846806903430846836120480068F7BD29
:10644000294908684A681202FF231B021340C0B2A0
:106450001843896801D00C2901D37F200EE0062261
:106460005143773901E0891D40081F28FBD2FF22E4
:10647000A23250431D4A8018800A081840B2704763
:1064800070B50E4CA5692668266000F04AFB2E43C5
:106490003000F9F75BFF00F043FB206870BD00009F
:1064A000E81E001010B5124C20682060F9F75AFF62
:1064B000206810BDCCECBCFCC000002004000060D3
:1064C00028180060FFFFFFBF4816006048150060F5
:1064D00040170060FF00FFFFFFFF00FFFFFFFFC04E
:1064E0008430002010140060A4160060A046000054
:1064F0002C14006080B5FFF708FD01BD010005D434
:106500000121C006C00E8140664801607047C16825
:106510000322914302220A43C260704709E0C06827
:106520008007800F022801D10120704700207047AA
:1065300000BFC16803229143C16070470161704789
:1065400000697047816AC04A0A4082627047816A66
:106550004800C00F704700697047816A8022920529
:106560000A438262704780687047C0687047F1B51F
:106570000127B648C06B3843B449C8630846806BEE
:10658000384388631720FFF7B9FF1420FFF7B6FFE1
:1065900000984068002800D00120AD4C20700025F4
:1065A000000603D100988078002813D0A948C1685C
:1065B0003940FBD017210160C1683943C160456093
:1065C000C1683940FCD02000103000F03FFBE0698A
:1065D000206209E0C82040032062E061AD48A0616C
:1065E000AD482061AD48606100984068002802D144
:1065F000A020C0050DE000030A21ECF744F860601C
:10660000A74E300000F098FA01006068884202D37B
:10661000300000F091FA6060257300980088A14E68
:106620003060A16900F093FB00208C2160540021B0
:106630003200083203C28548006830610020320011
:10664000183203C230216054974AA16960680AF089
:1066500069FAA060207821008C31087420008C3009
:10666000856020008C30077321008C314D73210030
:106670008C31CD8120006130057045708570A56535
:10668000E5658A48A064656500F05DFA62680023EC
:1066900012184B412000403000F086FB012000F032
:1066A00001FBF1BD00E100E0F8B58CB000206946C7
:1066B0000870674F38009930019028E0401C1CE0BA
:1066C000046905738168002900D088472000F7D14C
:1066D00069469420385800F0EBFB942178506846C6
:1066E000007801280DD1EFF3108172B6019800787F
:1066F000421C019B5B789A42E0D1019A107081F3B1
:1067000010880198407804994018019948700198C0
:106710004078019909780A1A02D2802040001218A4
:106720000026002A29D0049294203C580394029415
:10673000002502E0260024696D1C002C0FD0207B70
:106740000028F7D000F0FFF902000B0003CC083C52
:10675000801A99410029EDDB01DC0628EAD32800E4
:106760000025002802D03561039400E002950398CB
:106770009421785002980028A9E7387B002847D058
:10678000A2480068012420405BD03E73A048C17835
:10679000002904D18178002901D0867026E038785C
:1067A00000281CD002A800F051FA0499B86E80B2FB
:1067B00000F0CDFAEFF3108572B630203C54039808
:1067C00078610498B861029838610598F86100F022
:1067D000D9FB85F31088002000F064FA06E0EFF39F
:1067E000108472B600F0CEFB84F31088012000F014
:1067F00013FC3800403000F0BAF900F0A4F97A68D0
:10680000002312184B413800403000F0CDFA18E058
:106810003878002815D000F096F93A6F7B6FFA248B
:1068200064030025A4185D418D420AD801D3844237
:1068300007D23800403000F09AF93800403000F0BC
:1068400097FA0DB0F0BD0000FFFFFFBF1018006009
:10685000202E002004100060F8B50400A44806684B
:10686000EFF3108572B600F0E3FAA24F3B008033DD
:1068700003CB083B03C4083CB64AF9699868801BFF
:106880000AF050F9020085F3108803CC0023801A27
:106890009941F4BDC2F528008D5B0000ECEB650169
:1068A000FFEFFFFF882E002026030000716D05100A
:1068B000F8B586B08F4D28008C30407B29008C3194
:1068C000897B88422FD1287B00282CD1032400F01B
:1068D0003AF904AA03C202A800F065FC290061315C
:1068E0006122AA5C002A02D14A78002A01D001283C
:1068F00002D18978002918D0AA6DEB6D04A803C8CD
:106900008C242E5D002736184F41A86E0021801977
:1069100079410024523061418B4227D301D8824211
:1069200024D3022405E0002039E002281ED00128EB
:106930001CD0894B9A68002A30D0107B00282DD0BB
:1069400003CA083A0090019104A803C806000F008A
:10695000A86E002180197941002652307141009EB5
:10696000019F8F4204D801D3864201D2012016E054
:10697000032C12D1106900280FD128004030824228
:106980000BD10120D873002000F0E0FA9148016893
:106990009E4A0A400260032001E00224200007B062
:1069A000F0BDF8B50B0000D00123524E350058352C
:1069B0002B73110000D00121297200246C72EC723B
:1069C0000121A972EFF3108772B600F021F903C517
:1069D000083D02460B462800283003C8121A8B4196
:1069E0009648A34201D8824204D3AC7287F3108840
:1069F0000120F2BD002000F00FFB040087F3108897
:106A0000012000F0A3FA2000F2BD00001010006089
:106A1000B92E0020F8B5374D012905D1002A01D043
:106A2000382106E0392104E0002A01D03A2100E0B3
:106A30003B216C5C00F075F92E008C3671680818EB
:106A40003D21695C0091411A0A1B7D490B68D31AEC
:106A50007C4FBB4201D30120F2BD7B4B5A601A68C8
:106A60000327BA43022717431F608A69674B134005
:106A70008B617060374AE969009820180AF052F873
:106A800030700020F2BD70B50320C0436E490A6823
:106A900002400A600A6810400860204801685B4AAA
:106AA0000A400260134C2000583000254572458191
:106AB000EFF3108672B600F046F8A26DE36D121A7D
:106AC0008B418C20205C0021121A8B4186F31088A8
:106AD000002B04DC01DB012A01D2012070BD002B58
:106AE00004DC01DB0F2A01D2022070BD002070BD42
:106AF00014000060202E0020EFF3108072B6504981
:106B00000968514A091D5160116803239943022302
:106B10000B43136080F31088704700002818006052
:106B200070479F480100613100226123C05C00284A
:106B300000D00A708A70704780B5064A9849C969C2
:106B400009F0F0FF02BD80B500F072F9954803C866
:106B500004BD000035060000AC2E002010B500F08A
:106B600023F90400012000F0F1F9E0B210BDF8B5FE
:106B7000AD4C21680E00002300250A0001E035001D
:106B80003669002E07D08642F9D137698E4201D18D
:106B90003A0000E02F616D462B700373206890422D
:106BA00015D06946100000F083F92060684600782F
:106BB00000280DD0EFF3108072B661794A1CA379DA
:106BC0009A4200D0491C617180F31088F1BD2260A7
:106BD000F1BD00003018006018B50020009000984A
:106BE00092480168094A0A400260AE490A78531C7B
:106BF0004C78A34200D0521C0A700121C2690A439A
:106C0000C261C0690140009111BD0000FFFFFFBFDC
:106C100010B5040000F00CF9624803C80A00844271
:106C200000D2521C1100200010BD9F488168012233
:106C30000A438260002101607047000066FEFFFF8A
:106C400010180060010000800C00006070B50400A6
:106C5000964D2800FFF787FC06002800FFF783FC0D
:106C60008642F6D1002EF4D0B74932124A43F3B22D
:106C70004B431912511810314911E1602660280068
:106C8000FFF773FC06002800FFF76FFC8642F6D181
:106C9000002EF4D0B011B849484380300012A060F3
:106CA000666070BDF8B50700B44D687A7D21484331
:106CB000C900EBF7E5FC461CF6B2394CB04AA169B5
:106CC0001B2009F02FFF2870687800F02AF83D217A
:106CD0006054E878801900F024F83821605428794D
:106CE000801900F01EF839216054687900F019F815
:106CF0003A216054A87900F014F83B216054002F29
:106D000006D0E878801900F004F81B303C2160546C
:106D1000F1BD68214143090ADB225043000C0818E9
:106D2000704700B502001E48406900210023F6F7B5
:106D300039F903220023F6F735F98022D204002323
:106D400012184B41D20E58010243100000BD80B50D
:106D50008B4A09F0E7FEAB49884201DD080002E0FA
:106D6000102800DA10200005000EA749086001BDB8
:106D700010B5A64C207B002806D12078002801D031
:106D8000FFF753FF01202073FFF7DDFE0022643080
:106D9000514102000B002000403000F005F810BD0A
:106DA000202E0020A02E0020FEB500256C46257068
:106DB000017B002901D00120FEBD0CC00838012153
:106DC0000173194C26680196070001E03500366909
:106DD000002E08D00CCE083E03CF083F8B42F5D3DF
:106DE00001D88242F2D338000661002D01D1019012
:106DF00000E028610199814213D1694600F058F8FA
:106E000020606846007800280BD0EFF3108072B63F
:106E100061794A1CA3799A4200D0491C617180F3C0
:106E2000108868460078FEBDB42E0020301800603F
:106E3000F8B584B0EFF3108672B6744C206F616FB2
:106E400002AA03C27248FFF786FB030027008037BF
:106E5000BB60704D02A803C8009001912A00E1694F
:106E6000A06F181A09F05EFE0021009A019B80189D
:106E700059410CCF083F99420FD801D390420CD210
:106E8000009001912A00E1690020C04309F04AFE08
:106E90000021009A019B8018594103C786F310888E
:106EA00005B0F0BDB92E0020081000600010006091
:106EB000F1B584B00F0004460020387000E024696A
:106EC000002C3ED0207B0028F9D0EFF310800090FA
:106ED00072B6FFF7ADFF4D4D03CC083C2A0080325F
:106EE0000CCA801A994102AA03C202A803C8002949
:106EF0001DDB01DC01281AD3214AAB6902A803C8B3
:106F0000190009F00FFE0500202D00D82025C24EE3
:106F10003000FFF720FB40190830F0623000FFF727
:106F20001CFB306B8021C9050143316301E0012066
:106F30003870009880F310883878002801D00498C1
:106F400000E0200005B0F0BDF6BC080010B5B34964
:106F50000C009834002808D0207800280BD10800B5
:106F60004030FFF705FF012004E008004030FFF744
:106F7000FEFD0020207010BD53070000C50000205A
:106F80002603000070B52248FFF7E5FA1F4C2500E4
:106F90008035A8601F4E3200216AA36FC01A09F025
:106FA000C1FD226F636F002180185941206761671E
:106FB0002078002813D1A868A16F401AA1688842E0
:106FC0000DD23200216A0020C04309F0ABFD02005F
:106FD000206F616F002312184B4122676367206F97
:106FE000616F03C5083DA868A067226F0B46606803
:106FF0000021801859412200283203C2E069206232
:1070000070BD0000FF0F000008180060202E002057
:107010000018006035060000F0B585B000216A4612
:1070200011707E4C25006035A978002900D1B6E0AA
:10703000EFF31081049172B6012801D1FFF7F8FE39
:1070400020002830C0C8A26DE36DC8208002002156
:10705000801979418B4210D301D882420DD3B922D5
:107060005200002392197B412800203003C88B4234
:1070700001D802D3824200D38EE02800203003C81A
:1070800000220A305141A26DE36D00264C3AB34113
:1070900099427DD801D390427AD23C20265C602070
:1070A000205C2979012905D1002801D0382006E08B
:1070B000392004E0002801D03A2000E03B20205C89
:1070C0000190A26D2800203003C8101A0390544A82
:1070D000A169039809F026FD0290A86AC027FF0560
:1070E000A9687118C831039A914202991AD24D4A7F
:1070F0001278891A019A8E1A801947494862380015
:10710000FFF70CFA3800FFF713FA4348806A802132
:10711000C905014340488162FFF71FFA01984149C0
:10712000097811E03D22A25C891A019A8E1A811910
:107130003800FFF703FA3848FFF704FA3800FFF782
:10714000E6F901983D21615C4018A96A029A891804
:1071500022008C3251603218411D8A420CD2380014
:10716000FFF7DCF93800FFF7E3F92B48FFF7EAF9FE
:1071700001206946087005E02B4AE16909F0D2FC5C
:107180008C2160540020A87001206870E87003E032
:10719000AE70012069460870049880F31088684634
:1071A000007805B0F0BD38B504001B4D2800FFF78E
:1071B000CEF9002803D0686A2060032032BDC025C4
:1071C000ED052800FFF7ABF9002805D02800FFF7F0
:1071D000B7F92060012032BDE8688007800F0328DE
:1071E00005D12800FFF7ACF92060022032BD002055
:1071F00032BD80B5FFF7F0FCF9F7A4F801BD81B00E
:107200000020009000980948016801220A430260AA
:107210000068009001B0704700180060202E002028
:1072200026030000C5000020350600007400006041
:1072300010B504468069E169A2681018401A2062FE
:10724000E07DF5210140881CE07506480168183191
:10725000204609F088FC204609F0B2FC002109F024
:10726000C7FC10BD8431002070B5104D286828304F
:1072700000260068002816D0761E2830F9E7296815
:107280008C6A2831204601F00FFF0021204609F0CA
:10729000A5FD012803D1204609F0CAFD02E02046E1
:1072A000FFF7C6FF761C002EE9D170BD84310020A7
:1072B00080B5054800684069002800D080BD0020E6
:1072C000014609F0C7FD80BD84310020F8B50446B1
:1072D000C00626D416460D46144800686107C90E3C
:1072E00040180069352203232146F3F70FFB0028DD
:1072F00019D0014685720027477211200872CF719C
:10730000072088718E73FF20487182200871280E33
:107310004873280C0873280AC8722046F3F752FBFA
:1073200002E0862700E007273846F8BD74310020C8
:10733000F8B500924588AC081C80491C8AB2A61892
:107340008788BE4200D9091B0A199200BE4200D9A3
:107350006D1C0326354052191A80A3001B180833F0
:10736000009C236092B20588521B174637408488E0
:107370006743354052199208D21995B2C688B54272
:1073800000D9C280A5420AD809B2002907D5997848
:10739000FC220A40511C9970083000990860A542EF
:1073A00001D90020F8BD0120F8BD70B58678C578F8
:1073B000041D2846214609F0BDFD00281AD0052DE0
:1073C00004D8B00822682146904770BD302D04D8FB
:1073D0000020214609F0C4FD70BD322D04D80020E4
:1073E000214609F0C4FD70BD362D03D8002021468A
:1073F00009F0C8FD70BD0000B0B50446C00616D443
:107400000D460D4800686107C90E40180069022248
:1074100021461346F3F77AFA00280AD001460748B6
:1074200048600D812046F3F7CDFA0020B0BD8620DC
:10743000B0BD0720B0BDC04674310020F7F906107A
:1074400080B5027A110601D5012100E00321520620
:1074500000D50021001F00F0C1FC80BD80B50A46A8
:10746000037A190601D5012100E003215B0600D54E
:107470000021406800F0E4FC80BDB0B51446049AD9
:10748000C2704170150A05710F252D020D40A1072C
:10749000890C49199B03C918090A8170431D059875
:1074A000002100F060FCB0BD10B5002913D000220F
:1074B0000C462346521C2468002CFAD172B644684C
:1074C0001C60416001888918018062B6002009F0C3
:1074D00065FDF8F74BFF10BD890040188421405826
:1074E000801C704780B5F3F7BCF880BDF0B589B05B
:1074F00015460F46044606790068616808AA00939D
:1075000001923A462B46F4F709FD00210F9B0E9A93
:107510000028079226D106976779BE4222D20293AD
:107520000390049508A90878059686420DD0059F1A
:107530002268FDB2ED0056193346083B0ACB515183
:1075400073607F1EF9B28142F2D12168C000069AB1
:107550000A500818049941600598401C20710121C7
:107560000398029B089A079C22701870084609B07D
:10757000F0BD882140580188032008407047000072
:1075800006494143090C2422D2434A43101881B2D0
:10759000242900D92538C0B27047C046EB06000048
:1075A000FF220E324243100A89084143880C401CD6
:1075B000704780B588228058028803239A4302804E
:1075C000194002880A4302800720F8F77BFEF8F78B
:1075D000CDFE80BD10B5044609F0F2FC002804D0B1
:1075E0002046FFF7C6FF032801D1002010BD01206F
:1075F00010BD4B424B410C21594340184179CB07F8
:107600000020002B0BD0022A05D0012A05D0002A29
:1076100005D1880702E0080700E04807C00F70475F
:10762000B0B5034600202C2B00D9B6E003245C4300
:107630005A4D2C1964788C4200D0AEE0D41E6042C2
:1076400060412C2B00D9A7E0990001A251588F4628
:107650009B7705109B770510057705109B77051024
:1076600009770510097705100577051005770510CE
:107670009B770510057705109B770510057705109A
:10768000057705100577051009770510997705101E
:107690009977051005770510057705100577051012
:1076A0001777051017770510297705102F77051024
:1076B00039770510997705101D7705101D7705108E
:1076C0003F7705100577051005770510237705101E
:1076D00045770510237705104F77051011770510B2
:1076E0001177051011770510557705105F77051094
:1076F00065770510777705108777051005770510F2
:10770000057705100120B0BD601E84412046B0BD44
:10771000EAF7D4F83DE0EAF7CDF83AE0EAF7C2F844
:1077200037E0EAF771F91FE0EAF7CCF831E0601EC4
:107730008441EAF7C7F822E0EAF7C4F814E0EAF770
:107740002CFA22E0601E8441EAF75EF917E0EAF7BE
:107750005BF91EE0601E8441EAF7C0F80FE0EAF72B
:10776000BDF801E0EAF747FB0146401E8141604257
:1077700060410840B0BD601E8441EAF73CFB411EF9
:1077800088412040B0BDEAF724FA002804D0EAF787
:107790009DF8411E8841B0BD0020B0BD14150710F2
:1077A000F8B5054687780846114600F0E1F9064627
:1077B00001240D2F01D1012E0FD0112F01D0072F41
:1077C0000AD1ED78284600F0E9F8864204D128462F
:1077D00009F0FCFB002800D100242046F8BD000081
:1077E000B0B5034600202C2B6BD803245C43384DE6
:1077F0002C1964788C4264D1D11E484248412C2B0C
:107800005ED89A0001A39A589746C046C3780510DF
:10781000C3780510C1780510C3780510C17805102C
:10782000C1780510C1780510C1780510C37805101E
:10783000C1780510C3780510C1780510C57805100A
:10784000C1780510C9780510C1780510C1780510F8
:10785000C1780510C5780510C1780510C5780510E8
:10786000C1780510C5780510C1780510C1780510DC
:10787000C1780510C5780510C1780510C5780510C8
:10788000C5780510C1780510C3780510C1780510BA
:10789000C1780510C5780510C5780510C1780510A8
:1078A000C5780510C5780510C5780510C578051090
:1078B000C5780510C5780510C5780510C178051084
:1078C0000020B0BD0120B0BD481E81410846B0BDBA
:1078D00014150710B0B50C46054600F04DFA022C01
:1078E00003D307D0032C08D013E00119097A00292B
:1078F0000FD102E0A98B4A0506D5C17A002901D033
:10790000032406E0002115E0012292021143A9831D
:1079100002240949096890228958C96B0A68916B49
:107920004023CC544B6C936300224A640019027AC2
:10793000521E02720846B0BD80310020B0B50D461F
:10794000012801D1044600E00324002800D10446A8
:10795000501E1F210143213189B2204607F0B2FD9C
:1079600000280BD085800168816003210C40621ED5
:1079700051425141002C03D0C90102E00020B0BDAA
:1079800040210173001DB0BD10B514460A46406881
:107990001946234600F0C9FA10BD00002C2804D86F
:1079A000032141430248405C704714207047C046A1
:1079B000141507100A68002A04D01146526C002AD8
:1079C000FBD144310022426408607047F8B5044698
:1079D00000F0E6F905460027022F19D05720800055
:1079E00060430C49096890228958C96B4968081896
:1079F0000C217943401811210901461831680029EA
:107A000004D02846324600F0DBF9F7E77F1CE3E7B5
:107A1000F8BDC0468031002010B50446007AF72139
:107A2000014021720A480068006990210022012368
:107A3000F2F76CFF002804D0014644609020F2F772
:107A4000C1FF044800688521425C521C425410BDAD
:107A50007431002080310020F8B50A4601460748FD
:107A600000689023C058C06B006802AB019303AB61
:107A700000932030012308F06AF98FBD8031002087
:107A800010B50446EA20205C01280DD020462E3097
:107A9000017806480068A030F7F704FAE6200021D4
:107AA0002152E6346180217110BDC0468031002032
:107AB000B0B557218A00424318490B6890215B58A2
:107AC000DB6B5B689C1880220023A3502E22A054FD
:107AD0008C22A350E322A3544122FF25A554104A2F
:107AE0006250A3850121218519210904A165E16561
:107AF00021660C496187214690312922D2008A8172
:107B0000094A0A4B4B608A6009F06CFA204609F07A
:107B10009DFA78342046F5F799F8B0BD8031002001
:107B20001B001B00FFFF000048011B001B00480159
:107B30008421405801880122914301807047B0B5EB
:107B40000C460546002B03D0104609F087FA05E0E5
:107B50000C206043281840798006C00F002805D00B
:107B6000022228462146FFF744FDB0BD0020B0BDEB
:107B700080B5F6F78FFF002802D03821405C80BD29
:107B8000142080BD10B501461239032901D200200E
:107B900010BD840000F0F0F80068005910BD00002E
:107BA000F0B58BB00193154605918A78D11FCEB2FE
:107BB000012300240B2E194600D321460894604C63
:107BC000F4400C4002940C2427466F432121C90045
:107BD0004618F7192E210390405C0990304629463B
:107BE0000A92FFF7ACFF079030462946089AFFF744
:107BF00000FD089004973F790695284609F040FA61
:107C000002464443311908798979079B002B08D033
:107C1000089B04290A9D14D1A84212D1002B06D139
:107C200018E0089B002B0A9D14D0042937D1029933
:107C300000292FD0059809991446FFF7B1FD224677
:107C40002BE0099F38461146FFF792FF06460125B3
:107C5000042450E00024019803282BD0012861D18E
:107C6000099F38460699FFF783FF064601243846E8
:107C7000214600F08BF8002836D0FF201A300399F7
:107C800008180778284609F0E9F9012500282DD1C0
:107C90002C462CE0401B411E8841002808D0099F3B
:107CA00038461146FFF764FF06460125052422E009
:107CB000002437E0099D28460699FFF759FF06463C
:107CC0000298002809D005982946069AFFF768FD12
:107CD000002827D0054603240CE00A98874224D1C7
:107CE0002F460125032406E0254604E00224B806B9
:107CF00000D42C46099F3046FFF744FF002808D0E7
:107D00000646384604990F1D06992246059BB04742
:107D10003870E01EC0B240087E2802D80398FFF7F2
:107D200007FF2C4620460BB0F0BD012EFAD1039878
:107D300009F0A9F90028F5D0012505242E46D9E738
:107D40004104000080B50C224A437D214904815042
:107D5000801801218171002141710720F8F7B2FAE2
:107D6000F8F704FB80BD10B514460A464068194672
:107D7000234600F0A1F810BD034800689021405848
:107D8000C06B0068343070478031002010B50C247F
:107D90004C4300F005F8001941790120084010BD5E
:107DA0005721890041430548006890228058C06BE4
:107DB000406840182121C9004018704780310020D8
:107DC00080B513688B4204D01A465B6C8B42FBD1A2
:107DD00044324B6C136009F05DF980BDB0B50D46BF
:107DE000044609F089F90146284609F08DF904484E
:107DF00000680068C0682146FFF756FBB0BDC0466A
:107E000088310020F0B50D490A68002A10D0117998
:107E100038234B4300242546AB420BD0166871191A
:107E20004F78FF0702D0765D864204D03835F3E7FD
:107E3000002100E021460846F0BDC0467831002010
:107E4000FEB58124002832D00646029101941948DB
:107E5000006800680090501E1F2101434C1CA7B20F
:107E60003046F4F789FA054687420CD9601B81B287
:107E7000029807F027FB0028019C18D001463046E5
:107E8000F4F78BFA12E0AF4210D20098C068314686
:107E90003A4609F051F90446781E4009691E49091D
:107EA000081A81B2029809F02FF900E00024204658
:107EB000FEBDC04688310020F0B581B00D460646B3
:107EC000002A08D0002E2AD090B2202806D3366887
:107ED000203A1004F6D1002E21D00022002B20D011
:107EE0002020841AA0B299B2884200D31C46A7B2BF
:107EF00090B23018011D28463A460093F2F78BFBEA
:107F0000009B1B1B180404D0ED1936680022002EBC
:107F1000E6D198B2002805D07E20C04302E081203F
:107F200000E00020C0B201B0F0BDF0B581B006465F
:107F30005009040604D0002E2DD03668401EF8E704
:107F40001C465B1E20469841002C1FD0002E1DD0E1
:107F50001F2002402020851AA8B2A3B2984200D365
:107F600025460095AFB2B018001D3A460D46F2F70F
:107F700052FB0098241AA1B24A1E084690410029DB
:107F800004D0E91936680022002EE3D1002803D07E
:107F90007E20C04300E08120C0B201B0F0BDB0B58A
:107FA0001446049AC2704170150A05710F252D02FE
:107FB0000D40A107890C4919DB075B0C5918090A08
:107FC0008170401D0599F2F726FBB0BDB0B504469F
:107FD000007980070AD4A068C169002903D0084647
:107FE000F4F797F9A0680021202208E0A0681C306F
:107FF0000025294600F07AF8A06830222946F2F7D9
:108000000EFB00210C222046F2F709FBB0BD10B593
:108010000446F5F71BFB8521405C616B497E4143BB
:10802000C8B210BD00210068002802D01C30491CD5
:10803000F9E788B27047B0B514460D46FFF7E2FE87
:1080400001460020002909D04A78930707D4120777
:1080500004D5084629462246E9F73CFDB0BD08464E
:1080600029462246E9F7FCFCB0BD10B504460029BC
:1080700004D0491E1F200843253000E0242081B28F
:10808000022007F01FFA002806D000210173848027
:1080900001688160001D10BD002010BDB0B505460F
:1080A000114800688069422133220323F2F72EFC35
:1080B000002818D004460122C2720720A072204670
:1080C0000C302946F2F7A7FA0020607206212172CF
:1080D000E0710520A071FF20607182202071422094
:1080E0002146F2F76FFCB0BD74310020F8B50C46A4
:1080F00005460768002F0ED03E46FF69002C02D0CF
:108100003088A042F6D12846314609F03AF8304688
:10811000F4F7FFF8EEE7F8BD0B4909680A46183294
:108120001368002B04D01A4628328342F8D107E0A6
:1081300028310A68002A05D0114628318242F8D138
:10814000012070470020704784310020B0B50346FD
:1081500040788006840F8120002C0FD05B6B743335
:1081600000241B68002B09D01D466A352D888D42DE
:1081700002D0AC33641CF4E714700020B0BDF8B535
:1081800014460546407882070FD4400723D56F6B0D
:10819000386A09F00CF80646983708222046394616
:1081A000F2F739FA686B98300CE06F6B386D08F0B5
:1081B000FEFF06467837082220463946F2F72BFAAA
:1081C000686B783009F018F8704000906946042216
:1081D0002046F2F720FAF8BDF0B59DB00993089259
:1081E000059100251C951B951A95199518951795BD
:1081F000169515950DA9491C049141680A9140886E
:10820000010A03910B90401E0009C01C24990C9197
:108210002399079122990691C6B22F46E8B2864269
:1082200055D9002110910F910E910D91012816D072
:1082300000281FD10DAC49202070069800900498AA
:10824000019007AB0DCB08F0E2FF0B98E0730398A9
:10825000A07311A810222146F2F7DDF930E00DAC31
:10826000002110222046F2F7DAF90598A0700120CB
:10827000607015E01F2038400A990818011DB8B237
:108280000B9A101A102800DB1020C4B20DA8224649
:10829000F2F7C1F93F19F80602D10A9800680A906E
:1082A0000D981599414011910E98169941401291DF
:1082B0000F981799414013911098189941401491C3
:1082C00011A815AA0C9908F0BCFF6D1CA6E70DAC0F
:1082D000069800900194002107AB0DCB08F0C1FF78
:1082E00019AA20460C9908F0ACFF15991998484036
:1082F0001DB0F0BDF0B591B0069305920026109622
:108300000F960E960D96416807914788012118989F
:108310000490179803901698029038042AD009AC5C
:10832000029800900194089189B20398059A069BDF
:1083300008F097FF0DAD204604992A4608F081FF0A
:108340001F20304007990818001D2946024608F0F2
:1083500097FFB8B21028384600D3102081B2B2B2CD
:108360005618F10602D107990968079108993F1A32
:10837000491CD2E711B0F0BD70B58CB014460E4662
:10838000054604A96A4608F08DFF0FCE049E4640BC
:108390000896059848400990069850400A9007981A
:1083A00058400B9008A92846224608F0C1FF0CB09F
:1083B00070BD70B58CB014460E46054604A96A46D9
:1083C00008F070FF0FCE009E464008960198484086
:1083D0000990029850400A90039858400B9008A9C1
:1083E0002846224608F0A4FF0CB070BD10B520212D
:1083F000415CC46942790023204608F0A1FF80B2A5
:1084000010BDF0B595B00A9206AA0BC200241B98C5
:108410000B901C9E1D981A99059104900346B44236
:108420002FD00993671CF9B2059808F0C0FE0CAD77
:108430000A99002901D00B9A04E00B9A1146614376
:10844000049B5D18009201900295002306AA07CABA
:10845000F5F778FE14A9002C00D0491C0B9A099B53
:1084600008700A9801281846114607D1002905D03E
:108470002A78027080196D1C491EF7E75B1C3C4688
:10848000CDE70023A9208004059941400093019184
:10849000029306AA07CAF5F755FE0B997143049A91
:1084A000505414A8007815B0F0BDF0B587B00D4653
:1084B0000746406B3821415C034638339E784E4373
:1084C0000392002A06970FD03430294608F076FF31
:1084D0000446786B3430294608F089FF0190601E0D
:1084E000C0B20290786B02E0FF21019102914078C6
:1084F0000490F0B20590EFB20598874239D2069EFB
:10850000706B3430394608F059FF401EC4B2766BA8
:10851000F068E040C0072AD00698214608F0A4FF82
:1085200002460498002807D011200001305811019C
:10853000405C049988421AD834363046394616468B
:1085400008F055FF33460399002905D00299A1424E
:1085500002D1019981420AD011210901069A526B78
:1085600051581A0189184968C140C80701D06D1CCB
:10857000C1E7384607B0F0BD10B50C464178012977
:1085800002D10179012901D1143000E018302721EE
:10859000C9000068000240180249EAF774F8604315
:1085A00010BDC0467102000010B50446436B9878B8
:1085B0006833401CC1B20022204608F06AFF636B9A
:1085C000997858330122204608F063FF10BD70B53A
:1085D0000C460546F5F792FD06462846214608F06A
:1085E0007DFF04462846314608F078FF2018C01C5D
:1085F00070BD0000B0B50546F5F712F80446A8793D
:108600006979EAF740F8E979421AA98906484843A6
:10861000297A414351432B782A69012B00D05242D9
:10862000001980184018B0BDE2040000F0B589B010
:108630000D4604462D4800683621415C890653D515
:108640003630007BC0064FD5164613980790400081
:108650000890401E03210143153188081F4683B24C
:1086600023480068006980212422F2F74FF900288E
:108670003AD03B46074614980690129801901198FC
:108680000290109803900F9804900E9805907D72B8
:108690003C7238460A30032231461C46F1F7BBFFD4
:1086A0000199080A3875F9740299080AB87479743E
:1086B00007987875039838740498F8730598B87318
:1086C0007C73384616300699089C2246F1F7A3FFC2
:1086D0001D20F8710F34BC713E2078710420387170
:1086E00080203946F2F76EF909B0F0BD80310020E4
:1086F00074310020F0B587B0029306920A46002438
:10870000E34303930F990591002905D005990B6860
:10871000002B01D09B6803930E990D9B04930C9B37
:10872000009301920068002838D0944236D2037832
:10873000069DAB422ED383694568002D07D1DE43E9
:10874000029FF71928D5009AB618019A22D4142648
:108750006643049FBB51BB199D6086685E60059EA1
:10876000002E07D0002D05D0039EB54202D8059EED
:10877000336003950025DD601D460C350E68002E24
:1087800004D04E681E6133604D6002E028C1083994
:108790001961641C2830C5E7019AFBE7E0B207B015
:1087A000F0BDB0B50268002A18D013680C68E44325
:1087B0001B1909D40B460C331361CA6001600861B0
:1087C000B0BD15682D1910D51346D268002AF8D10E
:1087D0000022CA6042680A61116003E00022CA6098
:1087E000016008610C314160B0BDCA6008460C30C0
:1087F0001061D9600C330B61B0BDFEB50F4601901E
:1088000005680291002D28D02E46A96800291AD0AB
:108810003468E043C01920D470680019C243D219EB
:10882000F568EFD4381A0818471E3846E9F72BFFC9
:108830003819401A30603169002D06D0296131693C
:10884000029F019804E0F568DCE701984160029F0F
:108850000D603146FFF7A5FFD4E7FEBDB0B59B180C
:10886000834201D3824214D90918DC430C19C9434D
:108870008D1805D4002C05D5C443A41802D508E0F2
:10888000002C06D4591802D5D143081801D4002071
:10889000B0BD0120B0BD0000FEB51C461546F4F782
:1088A000D5FE002827D006464078F2F787FAA121A6
:1088B0004900475C3846F3F73BF80146082201942B
:1088C0000D4C2846A0472878697809020818A9782D
:1088D00009044018E97809064018F16A41400291FC
:1088E00002A904222846A0473846F3F728F8014693
:1088F00010220198A047FEBD17A60410406B416FDF
:1089000000290BD0AC228A58002A03D0526F096F7D
:10891000914201D8002100E0012141777047F0B574
:1089200085B00C464878F2F749FAA1214F00C05DA6
:1089300003AE3146F2F7E0FF25464435284631467E
:10894000F4F7F8FB7C20265A6078F2F737FAC05D1E
:108950006D21615CE26A083400AB16C3002329462E
:108960003246F5F7EFFB05B0F0BD70B50446406B3D
:108970005C3000250C2629463246F1F750FE606B2C
:10898000683029463246F1F74AFE606B7430006861
:10899000002805D00178F3220A400270AC30F6E7D7
:1089A000204608F0A9FD70BDF8B51F4600920D469F
:1089B0000646406B846A304600F0A2F82721C900C1
:1089C000000240180F49E9F75EFE3860706B476F90
:1089D0003046394608F0F1FD28608A20385C00F006
:1089E00086F82E68042801D164362E6020020649DC
:1089F00040180449E9F747FE71000818009908601B
:108A0000F8BDC046710200003859020070B5446BD1
:108A1000867E3046F2F7DEFFFF213046F3F772F82C
:108A200025462C352846F2F7A3FE40342046F2F7BF
:108A30009FFE2846F2F7D6FE2046F2F7D3FE2846E0
:108A40002946F2F7D4FE20462146F2F7D0FE08F080
:108A5000CBFD01462846F2F79FFEF4F7D9FB01460D
:108A60002046F2F799FE2846F2F76CFE2046F2F710
:108A700069FE28463146F2F7C2FE20463146F2F73B
:108A8000BEFE2046F2F7D5FE2846F2F7D2FE30466B
:108A90002946F3F7BEF830462146F3F785F820461D
:108AA000F2F7AEFE2846F2F7A5FE2046F2F76AFE80
:108AB0002046F2F785FE2046F2F78EFE2046F2F7BA
:108AC00085FE2046F2F770FE2046F2F7BEFE2846ED
:108AD000F2F758FE2846F2F76DFE2046F2F76AFEDE
:108AE0002846F2F7B8FE2046F2F799FE70BD821EC6
:108AF00051425141042800D1014608467047000008
:108B000070B5456B743500240A4E2D68002D0ED0CB
:108B100069780020F4F798FF014628466C30F5F795
:108B200057FA8019844200D80446AC35EDE7204658
:108B300070BDC046D4FEFFFFF0B591B01746189A3D
:108B400000921A4608900028079119D01646084648
:108B50006D30CD6FB322002F03D107998C6FE78959
:108B60000799AA5C0C928A880692009A168032466F
:108B700000780590086D01900820049009200FE00E
:108B80000846A430002F00D1CF8DC17B0C91008806
:108B900006900120059000200190032004900420FD
:108BA000039008984542454100207F33044600D099
:108BB00017980C99022901D30A9401E014210A9113
:108BC0000899002901D108990A91002B01D0169922
:108BD0000A9101210B9123461094029406460997AD
:108BE000BFB2002F04D1002D02D110B200285FD4F3
:108BF0000B98C0B2002815D01546012803D10220D9
:108C00000B90049802E000200B90039806990C9AB0
:108C1000059B00F04FF9C0B20899079A00F0A8F937
:108C2000431C2A4610B200240D900028204600DC88
:108C3000032099B2CF190546FF35AF420F940E9627
:108C400001D8381A00E0E0431C46164691B20029CC
:108C500000D10A91C1B20A98C2B20C98F1F7C6FCD1
:108C600010990818AF4204D80F9D2F46324623466C
:108C700005E0099F23463F19FF3F32460F9D0E9C9A
:108C80000D99CD301090C813C04312182006284605
:108C9000A4D001981099814204D90298C0B20099D9
:108CA000088000240298401C02900025204695E789
:108CB0001098002800D0CD3811B0F0BD064A0E3211
:108CC0000821491E05D0931E128882421A46F8D305
:108CD00000E00021C8B2704704F5061070B50546E3
:108CE000400868408108014340080843C108014327
:108CF0008801002440302ED119490222284608F06C
:108D000078FC002827D1EEB216487043E84222D002
:108D1000284608F079FC18281DD810483F218906FC
:108D20002940421C2A4000D11046084308F06CFC40
:108D3000022810D3304608F06DFC03280BD328B26C
:108D400009490140A8B2081808F05EFC0C2801D3BC
:108D5000002400E00124204670BDC046FFFFFF0351
:108D6000D6BE898EFFFEFEFE0000FFFFF0B589B083
:108D7000154608AA00261670002D06931A4600D143
:108D80002A46070C474011980790002D04D1002374
:108D9000069801281C4638D8109805907940514013
:108DA0000C46022E07D8A0B2F7F798F911214143DB
:108DB000CC19761CF5E72046784086B23046FEF79F
:108DC000DFFB242815D8C108059A525CC900411A56
:108DD000C9B2CA40D1070CD008A90870079A511C23
:108DE000127800239A420DD0CE5C86420BD05B1CD9
:108DF000F8E7079908784643330CC818407808A963
:108E0000087000E02523002D0ED10F990E9808ADB3
:108E1000BAB200900192079802900395A2B2DBB219
:108E20000698E8F7C7FF287809B0F0BD80B5034A77
:108E30004A43110A08F008FC80BDC04671020000D8
:108E4000044800685621405E0D2141434031C8115D
:108E50007047C0468031002070B50446144E31681A
:108E6000084628300268002A08D010462830A2425E
:108E7000F8D12831204600F017F970BD4869A042AA
:108E800001D100F01BF9E06A40680068002803D0B7
:108E900007F096FE054600E0A56A316818312046C5
:108EA00000F002F90021284607F0A2FE70BDC0467E
:108EB00084310020F0B54524A4004D06ED0F861E38
:108EC000072E0AD8201DC0467E4436797600B74466
:108ED0000A0F03130317191DF0BD8B281BD1002D9A
:108EE00020D0B1202BE01821002D1DD108461CE018
:108EF00088071ED580241DE0002D1FD0C5201EE050
:108F00000320F0BD002B1CD088202DE0002B00D0CA
:108F100008342046F0BD0A38802822D8002B22D001
:108F2000782021E071200AE05820022AD4D808468F
:108F3000F0BD6C34002806D0082005E085202018FC
:108F4000F0BD802010E038204A0802231340890633
:108F5000C90FC91808182043A9010143012048403E
:108F6000F0BD0020F0BD70202118A8010843F0BD1D
:108F700070B50446002801D1062300E00723651ED2
:108F80002046A841E50700D01846A30700D5801D5C
:108F90006307DB0FC018230700D5801CE30600D54C
:108FA000C01CA30600D512306306DB0FC51860B2E3
:108FB00000282ED5002A2CD0002913D0D67A002ED6
:108FC00000D00935701E8641D06FAA21405CE8F7B9
:108FD0003FFD002818D0406B2A21405C002810D0AB
:108FE0003B200FE0106D002600280DD0406D0028BA
:108FF0000AD0417A002907D0007A022804D10A3524
:1090000001E023204519012680204440344300D14B
:109010002546E8B270BD10B5846F00F063F8FF28F4
:1090200004D0C000E1690968081810BD002010BD17
:10903000B0B50C46054600F087F9401982B200250C
:10904000204629462B46F3F7ADFFFF220E322B4672
:10905000F3F7A8FF0901000F40180E30B0BD70B53E
:10906000012A1DD10646C06FB321445CB08840215F
:1090700001438B20002522462B46FFF71BFFC0B281
:1090800001213246FFF774FF0838C1B2032C00D02B
:10909000142520462A46F1F7A9FA02463E3201E09D
:1090A000C8684243104670BD826AC36A002A02D073
:1090B000D362C36A00E04B601A60704780B508F065
:1090C000EFFA074800684169002242614278EE23C6
:1090D00013404370C87D01220243CA7580BDC0465B
:1090E00084310020F8B50C460546427A866F30463A
:1090F000F5F75CFAFF2801D1FF201AE0334622334E
:1091000019785A78DB7F0093337D0127A3423B46D1
:1091100005D96A23EB5A358C5D1B6B426B41874046
:109120000F42E9D01740E7D10099A142E4D0002BCB
:10913000E2D0F8BDF0B581B0044626480068902220
:1091400080588068C0690179002910D000920268B7
:10915000D31D00221D7880276F40FF09BC4202D03A
:109160007F273D4005D00833521C9142F2D10020A8
:109170002DE0D1B2F1F79CFD1648006800994058E7
:109180008068C2691179002911D01268002307256F
:109190005557002D07D515783D4028266E430568A4
:1091A000AD192726AB5508325B1C9942EFD1002040
:1091B000214606F0F1FE0120002C08D1054909687E
:1091C000009A895889685E228B5C5B1E8B5401B0C3
:1091D000F0BDC04680310020FEB5E8F72FFB0190BE
:1091E0004D3002900026C2270298007886423DD278
:1091F00001980068C419A11F0978FF2931D02546BC
:109200004A3DC05DC0070CD1286800210160286874
:1092100041602868401C164909680622F1F7FBF9ED
:1092200006E020463638016840682A6811605060C0
:109230002078800704D5296820463E38EDF7ACFB3E
:1092400020463E38016840682A689160D0602868EE
:1092500008300021EDF7A0FA28684E3C216829600B
:109260002060472080003F18761CBDE7FEBDC04649
:109270007031002010B542788A4207D1017D002468
:10928000002909D00830F1F769FA05E04900426A7F
:10929000515E05F055F90446204610BD1CB50C4C36
:1092A00020684078000711D46846F1F765FA216814
:1092B000009A4A6088604B7808241C434C70101A4E
:1092C000400B424242419808104008701CBDC04605
:1092D0008431002080B50346FC3128330A22084639
:1092E0001946F1F798F980BD10B5C26C0146E63118
:1092F0008B8A5343028F0A325A43120B93B2084CA3
:10930000A34200D823465B1DE624035301200871C5
:109310004A800420F6F7D6FFF7F728F810BDC046BC
:10932000B30B00000021182909D07D2252044250BD
:10933000421801239371002353710C31F3E7818BA1
:1093400001220A438283704701480068808A70477F
:10935000803100204007000F0149085A7047C0467D
:10936000F4F40610B0B5042801D00C4C00E00A4C0F
:10937000042802D02920050101E0A9204501E8F7D1
:1093800099FA012800D02C469634A0B20449E9F796
:109390007AF9401CB0BDC0462085FFFF9010000048
:1093A00071020000B0B50D4604461448006836212D
:1093B000415C890620D53630C07A80071CD510481C
:1093C00000684069A12110220323F1F79FFA0028C9
:1093D00012D001468472002008734D720872122068
:1093E000C871062088713E20487104200871200A47
:1093F000C872A120F1F7E6FAB0BDC0468031002066
:1094000074310020B0B50D4604461248006836217C
:10941000415C89061CD53630C07A000718D50E4845
:1094200000684069A1211D220223F1F76FFA00288C
:109430000ED00146047285721420C8710420887110
:109440003E224A710871200A4872A120F1F7BAFA47
:10945000B0BDC0468031002074310020F8B51D46F3
:1094600017460E460446F2F783F92046F2F78AF9CA
:109470002046F2F79FF920462146F2F7B8F9204638
:10948000F2F7C3F920463946F2F7B9F92046F2F768
:10949000D0F92046F2F7BEF92046F2F780F92046CF
:1094A000F2F7A0F9069B002E0ED000210091942027
:1094B0002A46F2F754F801462046F2F7B2F9204660
:1094C0003146F2F769F9F8BD124800688C21465818
:1094D00000200090962001212A46F2F740F801462C
:1094E0002046F2F79EF92046F2F76AF92046F2F795
:1094F00073F92046F2F76AF92046F2F755F9B11CE4
:109500002046F2F749F92046F2F77AF92046F2F7B9
:109510009CF9F8BD80310020FEB504464126805DEF
:10952000F2F743FA0546A05DF2F738FA0090922070
:109530006B1ED9B2264692367027032505292A4686
:10954000394605D859B28A0017498958174B9A5895
:109550000191235A029674880098401EC1B20529D1
:1095600005D840B2800010490F5810490D5893405B
:1095700001981818000247213E46CF00C0190C4937
:10958000E9F781F80190AC40A0190002C019084920
:10959000E9F779F880B20299C988814200D8084673
:1095A000019908187B30FEBD6807041050070410AD
:1095B0007102000010B50021064B074A0E2905D0A4
:1095C0001C88844203D09B1C491CF7E7114688B2D3
:1095D00010BDC046F8F50610FFFF0000B0B51546F7
:1095E0000C46F1F7EBFBE621435A002D1A4600D05A
:1095F0002246C46C0146E6318D8A6543008F0A30ED
:109600006843000B84B2641D944200D3224694B296
:10961000A3420BD048800A800879012806D0022096
:1096200008710420F6F74EFEF6F7A0FEB0BDC17F2C
:10963000F7220A40C2777047C17F08220A43C277E7
:109640007047C17FEF220A40C2777047C17F102266
:109650000A43C27770470000B0B50546C07A1224AD
:10966000802829D8298C172926D31448821D914295
:1096700022D8298A17291FD381421DD8A87E002805
:109680001AD0E8F7A6FA002808D0E87E002813D000
:10969000802811D8287F401E0E280DD80848342273
:1096A0002946F0F7B8FF08F001F8002803D408F0C5
:1096B00051FA002400E087242046B0BDFA030000E0
:1096C000C0300020784814235943401814380168EA
:1096D000764B21E07448142359434018143801682C
:1096E000202306E0704814235943401814380168B9
:1096F000402399430A43026070476B48142359433F
:109700004018143801688023F3E76748142359434D
:10971000401814380168664B0B401A4302607047CA
:10972000614814235943401814380168614BF3E72A
:109730005D48142359434018143801685E4BEBE729
:109740009120C00589004018001F01681F23D0E741
:10975000C1435A4802680A400260426811404160B1
:10976000704781B0564901E081B056490A6802430A
:109770000A60096808400090009801B07047000036
:1097800070B586B008F044FA00F09EF800F0C1F819
:10979000142101A8E7F71AFD0820FFF7E2FF0420D3
:1097A000FFF7DFFF8024E4009026F6050022210069
:1097B000300007F0CBF801940125029502200390B8
:1097C000049001A9300007F019F800F0ABF9C64C7D
:1097D0002802616901436161616908400090009855
:1097E000C24801680902090A802212060A4302607F
:1097F000E803BF4908608009BE490A6802430A605D
:10980000012108F02FFA0120FFF7ABFF0022012110
:10981000112008F0C2FA112008F0C4FABFA00068B5
:109820000090206A0126F643284008D1206828438A
:1098300020602068304020600120FFF795FFC020A5
:10984000C00500906846FCF799FC6846002100229C
:1098500006C0206A284008D120680543256020689A
:10986000064026600120FFF77FFFA348006810280C
:10987000FBD36846A021490001800021817001913D
:10988000FCF775FE9D489E49016008F0B1FA00287A
:1098900001D000F041F900F04FF8002008F018FB6B
:1098A00008F02DFBFCE7000008007048EFBFFFFF49
:1098B000FFFCFFFFFFF3FFFFFFCFFFFF200050483B
:1098C000500040486000404880B588B0182102A888
:1098D000E7F77CFC68460021002206C003200290C6
:1098E0008020400203901020059002A808F074FB2D
:1098F000002801D000F010F9002000900190102104
:10990000684608F091FC002801D000F005F909B084
:1099100000BD80B586B018216846E7F757FC0220E5
:109920000090C0020590684608F01AFD002801D09A
:1099300000F0F2F807B000BDF0B591B0282107A8FB
:10994000E7F744FC18216846E7F740FC8020C00197
:109950006C490A6802430A60096808400690069844
:109960000820FFF7FEFE0420FFF7FBFE0820009012
:109970000226019602960024039404940420059084
:109980006946614808F026FDB002009001960296F3
:1099900003940494032505959027FF056946380034
:1099A00008F018FDF00100900196029603940494CB
:1099B00005956946380008F00DFD300200900196CB
:1099C00002960394049405956946380008F002FD58
:1099D0004E4801680827FF43C9060ED5816A394001
:1099E0008162C16A3940C162F001FFF7B1FE300205
:1099F000FFF7AEFEB002FFF7ABFE454D0322032199
:109A00002800FFF79DFE102203212800FFF75AFED1
:109A1000F20203212800FFF78BFE00220321280019
:109A2000FFF758FE002203212800FFF75BFE80228B
:109A300003212800FFF761FE002203212800FFF721
:109A400064FE002203212800FFF76AFE02220121A2
:109A50002800FFF775FE002201212800FFF732FEE3
:109A6000320301212800FFF763FE002201212800B4
:109A7000FFF730FE002201212800FFF733FE80228D
:109A800001212800FFF739FE002201212800FFF7FD
:109A90003CFE002201212800FFF742FE07940894B3
:109AA000E020C00009900A9601250B950C940E94B5
:109AB0000F9407201090174C07A9200008F0EDFC28
:109AC00060681021884360606068074067602068B4
:109AD0004021014321606068064366606068054379
:109AE000656011B0F0BD0000400040480CE400E0AB
:109AF00000E100E018000040101800604C31002028
:109B0000000030485800404800001048000050480D
:109B1000000070480070004172B6FEE700000000CF
:109B200070477047704780B5002008F0FBFC80BD8F
:109B30000168002202814281828182730B78FF2BAF
:109B400005D0FE2B09D103895B1C03810AE0426822
:109B5000511A091F818100207047002B0DD14389C4
:109B60005B1C43814A88D21C032313435B1CC91826
:109B70004A1D43689A42E1D3EDE703207047F3B5ED
:109B8000079C0899250005D06D466C80FE242C703A
:109B90006C4600E0446885684668AE4217D2267875
:109BA000FF2E14D0067B002E04D0002606732678E4
:109BB000002E0ED146686488E41C032727437F1CCF
:109BC000F4194460AC4202D22678FF2EEFD1042073
:109BD000F6BDFE2E01D00320F6BD6E463679FF2E6F
:109BE00004D066786F463F79BE42E3D14068001DDD
:109BF000106060881880002901D06078087000200B
:109C0000F6BD7FB515001C00099E002232800B9A1C
:109C100001926A46128D009202AB03AAFFF7AFFFD2
:109C2000010013D1694609898D4201D306200DE058
:109C3000089A481B904200DA020020000399491953
:109C4000E7F7A8FA684600893080002004B070BDAC
:109C50007CB5079C0025069E3580250005D06D4605
:109C60006C80FE242C706C4600E044684568866871
:109C7000B54202D22678FF2E01D1042076BD007BAA
:109C8000002801D1FE2E01D0052076BD60888142DA
:109C900001D3062076BD401A984200DA0300100076
:109CA0001A002B1D5918E7F775FA60880699088085
:109CB000002076BDF8B584B007000E001500B44C46
:109CC000254203D1FBF7E0FC002820D001A80C219D
:109CD000E7F77CFAAF483818C00A0290681E0443C0
:109CE000641C6003000E0390694601A808F072FC32
:109CF00000240AE06010800F0019032188433258C5
:109D00003919002008F0AEFC241DAC42F2D305B096
:109D1000F0BD012101700021418081807047F1B5C3
:109D200088B00C0015001E0000200090FF222900C2
:109D30002000E7F74DFAFE2069460875079468464B
:109D4000458206960E9D009C05AE19E06846008A85
:109D50006988401A401E03240443641CA4B2688826
:109D60006946098A0A1A521E03211143491C89B205
:109D70008F4242DB01200022B94228706A8040D025
:109D80006846408A071B3F1FBFB22878002826D0AC
:109D9000701C0390A888029004A80190009707986F
:109DA000001D03190022FF210898FFF72AFF6946CA
:109DB000098AA98001000ED16846008A70800422B9
:109DC00005A907980019E7F7E5F97088C01C032179
:109DD00001436418C1E706990C8009B0F0BDA8885A
:109DE000019004A800903B00079802196988089820
:109DF000FFF72EFF0100A9D0EFE700212970C0195D
:109E000068806846408A069908800020E5E7F8B532
:109E10007D4CA5447D49020014235A438F1879894B
:109E2000002901D1002040E004A900F0D8F8059DE8
:109E300002A8FFF76EFF8026360102A8009001AB52
:109E4000320008A904A8FFF76AFF0400042C06D01A
:109E5000002C2AD168468088B042EED103E06846E3
:109E60008088002808D06846828808A92800FFF763
:109E700021FFAD19002CE0D008A80C21E7F7A6F9C6
:109E8000444828184003000E09900698401E711E91
:109E90000143491C481B4003000E0A90694608A86C
:109EA00008F098FB3800FFF743FE59498D44F0BD98
:109EB0000000F8B5544CA54400216A469171002277
:109EC0000023524906000BE0B0680C245C43005D9F
:109ED0001424604308184089002800D001225B1C2C
:109EE00030798342F0DB002A25D080221201FF2145
:109EF00008A806F078FC0025802424010DE002A8C3
:109F0000FFF707FF02A8009001ABE21B92B208A87E
:109F1000C11904A8FFF703FF6D1C307985420CDAE4
:109F2000B0680C226A43011D8F5804A9805C00F0C0
:109F300056F80028E3D000201BE0220008A9306872
:109F4000FFF7B8FE314C370069468D7900260CE0EA
:109F5000B8680C217143405C142148432018FFF776
:109F6000E7FD010000D00500761C38798642EFDB62
:109F7000280027498D44F0BD26498A79824201D1C3
:109F800002207047897C8142FAD00020704700008F
:109F9000FF0700000000FCEF10B500241D480C2155
:109FA000614341188A79194814235343C018036840
:109FB000002B10D1012A0EDC0A6802608B88D218AF
:109FC000426009890182FFF7B3FD010004D1641CDE
:109FD000012CE3DD01E0012010BD002010BD10B513
:109FE0000200022A01DB012010BD084B1424624349
:109FF0009A1813684B6052688A6001220A730870CD
:10A000000020487310BD0000E0F7FFFFF43000208F
:10A0100024080000BC0604101CB5040000200090B9
:10A0200069462000FFF7A8FF022803D12000FFF7B0
:10A03000EEFE16BD012803D10098FFF73AFF16BDCA
:10A04000012016BD38B5154800214356DAB2124C2E
:10A050001425554364196589002D03D0A589248AE8
:10A06000A54207D3521CD2B2022A00D100229A4242
:10A07000EDD106E0531C5CB2022C00D10023190084
:10A0800001E00022D2430170100602D4D0B2FFF7E3
:10A09000C3FF002032BD0000F430002091310020C9
:10A0A0004B481422514340181438016801220A43D6
:10A0B0000260704730B50398454C14256943611818
:10A0C0000C39102802D14A600B6030BD0A604B6029
:10A0D00030BD00690840884201D10120704700204E
:10A0E0007047F7B5010A042401253A4E3A4FC719C3
:10A0F000082F06D27278002A0CD1357000261A007B
:10A1000026E0364FC219152AF8D23278002A01D13A
:10A110007570F3E70C22324FB8420ED03637B84292
:10A120000BD07F1CB84208D01C700E265E709C704D
:10A13000DD70187159719A7107E01C700F265E70FE
:10A140009C70DA701D71587199710720FEBD761CE4
:10A15000F3000093C74B009FDB5B002B09D09842B4
:10A16000F5D16846038C01890198D34CE459A04786
:10A17000FEBD14700F2353709470D570157150711B
:10A180009171E2E710B5CD4C042322003A32D34955
:10A190002000283008F0DCFA0423B5200001221842
:10A1A000872189002000183008F0D2FA00202070A2
:10A1B00004216170FF21A1700A21E1700221217147
:10A1C0006071A21D002108F0C9FB0120607510BD5F
:10A1D0000800704830000020FADFFFFFCADFFFFFF1
:10A1E0000D200000F8B5BE4CA544002069468880CB
:10A1F000B24C207D002803D00020207500F041FCE7
:10A20000B84DA81D03908027FF00FF26607D03281E
:10A2100033D10020A0752000183008F0A1FAA18BDE
:10A22000081A6946088068460088287068460088D1
:10A23000000A687000206880AE7104222900E81DC1
:10A24000E6F7A8FF68460088208768460288C0496C
:10A25000012000F083F905220399032000F07EF924
:10A260000121BC48FFF71CFF0321BA48FFF718FF84
:10A2700005206075B84807605DE02000283008F0D0
:10A280006FFA002854D0607D012801D002284FD1F8
:10A2900002AA01A92000283008F046FB002847D177
:10A2A00004206075287900283ED168468088694678
:10A2B000C880029800900120A07500980078207452
:10A2C00000984078607400988078A0740098C078F6
:10A2D000E0742000183008F043FAA18B081A208798
:10A2E00000990870208F000A009948706846C0885D
:10A2F000009988706846C088000A0099C870AE71DD
:10A300006846C688321D0099E81DE6F743FFB2484B
:10A3100001680068228F8E49012000F01FF9721D2C
:10A320000399032000F01AF9002028718A48076079
:10A33000607D052802D108F021FB0490049E607D19
:10A34000052816D18348C06869460880208F09888F
:10A35000401A6946088068460088042805DC08F031
:10A360000DFB801B6528EAD34BE0072060757A4817
:10A3700007612000183008F0F3F900282BD08BAAD1
:10A3800001A92000183008F0BBFA8BAD287801280D
:10A3900056D16F78A8780006000C07430426B04910
:10A3A0008F4201D1F6F762F886208000009005AB5D
:10A3B00068468088821B92B2A9193800FFF791FE87
:10A3C0000122010005A800F07BF82000183008F0F9
:10A3D000D2F9F5F797FF207801280FD100200090DF
:10A3E0000023621C0D212000283008F0F5F9002818
:10A3F00004D12070A21D002108F0B0FA99488544CC
:10A40000F0BD012028710820607553480761A07DC8
:10A41000002812D0207C216B628D8854206B401C58
:10A42000618D627C4254206B801C618DA27C425401
:10A43000206BC01C618DE27C42540120607598E75E
:10A44000812806D16F78A8780006000C07430526FE
:10A45000A5E72000183008F08EF9CFE780B502009C
:10A46000002000900023AF4808F0B6F9F5F7FAFF96
:10A4700001BD0000F40004107CB5069C009408F0B7
:10A48000ABF9002815D069461C200C56402C10D280
:10A4900001250A4E3570B01D08F076FAB21D012371
:10A4A000A3401C00DD1704430D432000290008F0E1
:10A4B00055FAF5F7D7FF73BDF800041054130020C8
:10A4C0000B0000D17047E0B50192002200920023FA
:10A4D00002009548FFF7D0FF07BD0000FC08000010
:10A4E000B8FBFFFF2424002038B501008F4CA07D6D
:10A4F000002812D0207C226B638DD054206B628D9B
:10A500008018627C4270206B628D8018A27C827001
:10A51000206B628D8018E27CC270052914DD0C4D21
:10A5200028780A2808D1491F89B2681D08F042FA24
:10A5300000206871287007E00B2805D12000283022
:10A5400008F0FEF9F5F78EFF0120607531BD0000BF
:10A55000702800200000704818000048F8B5060078
:10A5600015007348142272438418143C2068012299
:10A57000904320601848026800686E4F164A032E08
:10A5800005D11020009013000A00032103E00020F1
:10A5900000900B0031003800FFF78CFD6068000C64
:10A5A00000040543656031003800FFF779FDF1BD17
:10A5B00080B5614807F060FF6048016801220A43E6
:10A5C00002600168012291430160FFF7B5F90020A4
:10A5D0005649088701BD00000C700041F8B5584885
:10A5E0000068524D6F7D9026F6058024A40020401F
:10A5F00020D021003000FFF76CFD01281AD1600047
:10A60000B0624F4801684F4A0A400260042F25DBC0
:10A61000082068754C480068298F081A80B2FFF737
:10A6200063FF4A480068C0214901014016D0FFF786
:10A63000BFFFF1BD21003000FFF74BFD00280DD119
:10A640003F4801680C430460042F01D1052002E05B
:10A65000012F03D103206875F5F704FFF1BD000059
:10A66000030C00004C040000800500D4704780B546
:10A67000FFF7B4FF01BDF2B504002078042825D10E
:10A6800060783E2812D10020314900E0401C0204CD
:10A69000520B8B5A002B22D0E5789D42F6D1201D1B
:10A6A000091D89588847002834D12CE0FF2816D08E
:10A6B0000020284900E0401C0204520B8B5A002B5A
:10A6C0000DD065789D42F6D1E01CE9E782281AD1C9
:10A6D0006178201DFF2916D100231F4A03E061780D
:10A6E000E01CF7E75B1C1904490B555A002D0AD0F2
:10A6F000067847783F063F0C3E43AE42F2D1801CBD
:10A70000121D5158CEE7684601880022D24320002E
:10A71000FFF7D6FEF1BD80B5012004490875F5F7B5
:10A72000A1FE01BD6C1300207C13002054130020F7
:10A730000800704800007048007000413000404838
:10A7400014000040FFFDFFFF0C007048087000413E
:10A750005C0604104C0604106406041070470000E8
:10A76000F0B581B025490C680025657408F0DEF964
:10A77000234E3068C068F0F7C1FF002801D00427DD
:10A7800023E03068C068F0F7A3FF002801D001275C
:10A790001BE03068C068F0F79FFF002801D0022757
:10A7A00013E03068C068F0F7B1FF052700280CD12E
:10A7B0003068C068F0F7AEFF002806D13068C06886
:10A7C000F0F774FF00282F460BD00120B8400D4948
:10A7D00009680A6802430A600020F5F773FDF5F77F
:10A7E000C5FD607C012807D1217B0F200840A268AD
:10A7F000090908F0C9FA657401B0F0BD8031002084
:10A800008431002074310020BCB5414CA169009115
:10A810000840A06135E0521CD300E51803000B404E
:10A820002F681F40F7D02A68104001406868084030
:10A8300002D10020C04368606868084000F06CF8EE
:10A8400001006A680120884082436A606162EFF318
:10A85000108172B6626A01209040C24320691040A4
:10A8600020610220C300E318083B1D6815401D60ED
:10A87000401EF7D181F310882648616A890040584C
:10A8800080472369E2696069256AA16903400B403A
:10A8900003D0154001D10022BEE70020C043606212
:10A8A000206A104014D107F030FBEFF3108572B628
:10A8B0002169E06962690A40A169114004D1216AF5
:10A8C000014001D107F022FB85F3108808F05DFA02
:10A8D0000098A061B3BD38B51400EFF3108572B6CF
:10A8E00000F01AF880000B490C5085F3108831BD38
:10A8F00010B5EFF3108272B6054B1C6904431C615E
:10A90000C90059180B681843086082F3108810BDFD
:10A9100068000020C02E00200021020C120401D18A
:10A9200010210004020E120601D108310002020FAC
:10A93000120701D1091D00011F22511A02A2000FA6
:10A94000105C081AC0B27047040302020101010141
:10A95000000000000000000038B588B0119C129D76
:10A96000069507AD0595109D04950F9D03950E9DC9
:10A9700002950D9D01950C9D009500F004F8079936
:10A98000218009B030BDFFB583B00F9F109E119D8F
:10A99000129808F0FBF9002468468460446001A81E
:10A9A000009002AB9B1C01AA921C02A9C01C08F0DB
:10A9B000F3F901200399087005200499087005999E
:10A9C0000C700220069908700C9804800F206946CC
:10A9D000098901400D9A1170694689880906090F95
:10A9E0000E9A1170694689880840387068468088D8
:10A9F000C00B30702E482860002007B0F0BD38B57D
:10AA00001C0001D1122032BD049BE7F7E4FD0500D4
:10AA100006D1641E27484480240401D1FFF77BFE41
:10AA2000280032BD38B584B01C0001D1122017E0D7
:10AA3000089B0C9D03950BAD2D7802950AAD2D78E2
:10AA4000019509AD2D780095E7F7C9FD050006D100
:10AA5000641E18484480240401D1FFF75CFE2800DE
:10AA600005B030BD1348418802888A4200D1704742
:10AA700080B5521C028092B28A4201D1FFF74BFE90
:10AA800001BD1CB500240194684608F097F901A89F
:10AA900008F0A4F9019880B203F0E9FCEFF310800C
:10AAA00072B604490C804C8080F3108813BD0000FE
:10AAB000FF1F5B0068310020F8B503001000009311
:10AAC0000322114201D1134001D01220F2BD002512
:10AAD0000CE0002603243702AE003619865D3E43A3
:10AAE000641EF8D5009CAF00E6516D1C8C08A54291
:10AAF000EFD30020F2BDF7B504000A00180001945E
:10AB000003210A4201D1214001D01220FEBDEFF302
:10AB10001081009172B600210BE0019B8D005E59FF
:10AB200000238F00FF18C655360A5B1C042BF8DB88
:10AB3000491C93089942F0D30298009981F3108838
:10AB400002700020FEBD80B508F050F980BD000005
:10AB500010B5FFF721FA064C211D0020FFF73FFA40
:10AB6000210014310120FFF73AFA201D206010BDAA
:10AB70001C31002010B514001222E270062B01DCFB
:10AB8000002010BD032909D1027841780906090C7B
:10AB90000A4381781000E7F7D3FAE07004202070B0
:10ABA0000F216170A070012121710621617100F0F7
:10ABB00090FD10B514001222E270062B01DC00207B
:10ABC00010BD022908D1017842781206120C1143F7
:10ABD0000800E7F79DFAE070042020700F216170F3
:10ABE000A070012121711D21617100F072FD10B56D
:10ABF00014001222A271062B01DC002010BD0829CE
:10AC000002D108F009F9A071042020700E216170B2
:10AC1000A0700120E0703DE01CB5140000206A46E1
:10AC200010801220A071092B01DA002016BD002926
:10AC300003D16846E7F75CFAA07168460088E071C6
:10AC4000000A2072042020700E2060700620A07080
:10AC50000120E070152020710C2001F099F910B549
:10AC600014001222A271062B01DC002010BD022963
:10AC700008D1017842781206120C11430800E7F758
:10AC80003BFAA071042020700E216170A070012099
:10AC9000E070162020710C206071072010BD38B5BF
:10ACA000140000226D462A701222A271092B01DCC9
:10ACB000002032BD0500032909D1287869780906EA
:10ACC000090C08436A46A978E7F72EFAA07128789C
:10ACD00069780906090C0843E071000A2072684689
:10ACE00000786072042020700E2060700720A07031
:10ACF0000120E0702D2020710C2060710A2032BDEF
:10AD00001CB5140000206A4610701220A071072B99
:10AD100001DC002016BD002903D16846E7F797F94A
:10AD2000A07168460078E071042020700E206070E9
:10AD30000520A0700120E070482020710C2052E313
:10AD400010B514001222A271062B01DC002010BDE8
:10AD5000012903D10078E7F77EF9A0710420207063
:10AD60000E216170A0700120E070492092E710B5BB
:10AD700014001222A271062B01DC002010BD08294C
:10AD800002D108F059F8A071042020700E216170E2
:10AD9000A0700120E07063207CE738B51400002229
:10ADA0006D462A801222A2710B2B01DA002032BDDF
:10ADB0000500022908D1287869780906090C08439A
:10ADC0006946E7F73DFAA071287869780906090C09
:10ADD0000843E071000A2072684600886072000A29
:10ADE000A072042020700E2060700820A070012046
:10ADF000E0707B2020710C2060710B2032BD38B5D3
:10AE000014001222A271092B01DA002032BD0500C4
:10AE100004290CD1A978E8780006000C01432878B1
:10AE20006A781206120C1043E7F70EFAA071287820
:10AE300069780906090C0843E071000A20720420B1
:10AE400020700E2060700620A0700120E0707C2031
:10AE500020710C2000F08CFC3EB5140000206D46E3
:10AE60006A46686090601220A0710F2B01DA002002
:10AE70003EBD00290BD101A8801C009002AB01AAA5
:10AE800002A9891C01A8401C07F086FFA071684632
:10AE90004079E071684640892072000A6072684615
:10AEA0000079A07268460089E072000A2073684643
:10AEB000C0886073000AA073042020700E206070A8
:10AEC0000C20A0700120E07048E070B590B00D003B
:10AED00014001E0040216846E6F778F91220A071A0
:10AEE000472E01DA002017E0002D03D1684607F055
:10AEF000B3FFA07140226946E01DE7F75FFD042023
:10AF000020700E2060704420A0700120E0700220AC
:10AF1000207110206071472010B070BD3EB5140044
:10AF200068460022002524C01220A0710F2B01DAF0
:10AF300000203EBD002903D1684608F00BF9A0713E
:10AF400008226946E01DE7F739FD042020700E2035
:10AF500060700C20A0700120E07003202071102090
:10AF600060710F203EBD7CB50D0014001E0006214F
:10AF70006846E6F72BF91220A0710D2E01DA0020A9
:10AF800076BD002D03D1684608F0F0F8A0710622C6
:10AF90006946E01DE7F712FD042020700E20607066
:10AFA0000A20A0700120E07009202071102060713B
:10AFB0000D2076BD38B5140000226D462A7012228D
:10AFC000A271092B01DC002032BD0500022908D145
:10AFD000287869780906090C08436946E7F7A8F854
:10AFE000A071287869780906090C0843E071000A05
:10AFF0002072684600786072042020700E20607015
:10B000000720A0700120E0700520207114206071DD
:10B010000A2032BD10B514001222A271062B01DCE9
:10B02000002010BD082902D108F0AAF8A071042060
:10B0300020700E216170A0700120E070207120202E
:10B040002AE61CB5140000206A46508010701220B9
:10B05000A071092B01DC002016BD002905D169462D
:10B0600000A8801CF6F7D8F8A07168464088E07107
:10B07000000A2072684600786072042020700E205A
:10B0800060700720A0700120E07002202071202055
:10B0900060710A2016BD3EB51400684600220025E6
:10B0A00024C01220A0710F2B01DA00203EBD002920
:10B0B00003D1684608F074F8A07108226946E01DC3
:10B0C000E7F77CFC042020700E2060700C20A0703C
:10B0D0000120E07003202071202041E710B514000A
:10B0E0001222A271062B01DC002010BD062902D11C
:10B0F00008F060F8A071042020700E216170A0702B
:10B100000120E070052020712020C5E51FB5140046
:10B110001222A271062B01DC002025E00F2917D195
:10B1200002009178D0780006000C01431078537823
:10B130001B061B0C1843937B0393537B0293D31D75
:10B140000193937900935379127908F037F8A0713D
:10B15000042020700E216170A0700120E070062094
:10B16000207120206071072004B010BD1CB51400B0
:10B1700000206A4610701220A071072B01DC00200D
:10B1800016BD002903D1684608F078F8A07168461A
:10B190000078E071042020700E2060700520A070FF
:10B1A0000120E07007201CE110B514001222A271EA
:10B1B000062B01DC002010BD202904D1411C0078A1
:10B1C000E5F738FEA071042020700E216170A07098
:10B1D0000120E0700820207120205DE510B51400EA
:10B1E0001222A271062B01DC002010BD202904D1FF
:10B1F000411C0078E5F724FEA071042020700E2188
:10B200006170A0700120E07009202071202043E5CA
:10B2100010B514001222A271062B01DC002010BD13
:10B22000012903D1007808F03BF8A07104202070B8
:10B230000E216170A0700120E0700A202071202092
:10B240002AE51CB514001222A271062B01DC002095
:10B2500016BD072910D1C27801790906090C0A43E5
:10B26000417883781B061B0C19438379009343793B
:10B270000078E7F76AF9A071042020700E21617050
:10B28000A0700120E0700B2000F0F6FD10B5140056
:10B290001222A271062B01DC002010BD022904D16C
:10B2A00041780078E7F758F9A071042020700E214A
:10B2B0006170A0700120E0700C2020712020EBE470
:10B2C000F8B58AB014001222E270062B01DC0020CF
:10B2D00051E0192943D10100CA7D087E0006000C07
:10B2E0000243684682844A7D887D0006000C024342
:10B2F000CB7C087D0006000C03434D7C887C000657
:10B30000000C0543CE7B087C0006000C0643487BFE
:10B310008F7B3F063F0C38436F4678848878CF7820
:10B320003F063F0C38436F46388408784F783F0615
:10B330003F0C38436F46BF8C0797069205930495E0
:10B3400003966A46528C02920A7B01928A1D0092F1
:10B350004B790A796946098CE6F7F6FEE07004201D
:10B3600020700F216170A070012020710D2060718C
:10B370002020A07107200BB0F0BD10B514001220E2
:10B38000A071062B01DC002010BD002902D1E6F7D8
:10B39000F8FEA071042020700E216170A0700120C1
:10B3A000E0702171202077E41CB5140000206A466B
:10B3B00010701220A071072B01DC002016BD00299F
:10B3C00003D1684607F07DFFA07168460078E07100
:10B3D000042020700E2060700520A0700120E07015
:10B3E0000F20207120206071082016BD10B51400B8
:10B3F0001220A071062B01DC002010BD002902D113
:10B4000007F066FFA071042020700E216170A0700B
:10B410000120E0701020207120203DE410B51400C0
:10B420001222A271062B01DC002010BD072904D1D5
:10B43000411C007807F050FFA071042020700E21FD
:10B440006170A0700120E07011202071202023E4A1
:10B4500038B514001225A571062B01DC002032BD81
:10B46000072904D1411C007807F04BFFA07104208C
:10B4700020700E216170A0700120E070257100F035
:10B4800040FEF8B584B014001222E270062B01DCF5
:10B4900000203EE00E2930D1027B417B0906090CD9
:10B4A0000A43857AC17A0906090C0D43067A417A66
:10B4B0000906090C0E438379C1790906090C0B436F
:10B4C000017947793F063F0C39436F46F98181780E
:10B4D000C7783F063F0C39436F46B98101784778FA
:10B4E0003F063F0C394308000292019500966946D9
:10B4F000CA898989E7F73CF8E070042020700F21A1
:10B500006170A07001202071132060712020A07153
:10B51000072005B0F0BD10B514001222A271062B51
:10B5200001DC002010BD052902D1E6F798FDA071CD
:10B53000042020700E216170A0700120E0701420A2
:10B5400020712020FFF7A8FBFEB505000E001400B7
:10B550001F0005216846E5F739FE1220A0710E2F65
:10B5600001DA0020FEBD022E08D12878697809068C
:10B57000090C08436946E6F7DFFDA0712878697871
:10B580000906090C0843E071000A20720522694689
:10B5900020000930E7F712FA042020700E206070B6
:10B5A0000B20A0700120E070152020712020607118
:10B5B0000E20FEBD10B514001222E270062B01DC35
:10B5C000002010BD022908D1017842781206120C21
:10B5D00011430800E6F7A0FDE070042020700F2161
:10B5E0006170A07001202071162070E0F8B584B061
:10B5F00014006A46002500260027E0C215601222CA
:10B60000A271172B01DA002019E0202905D16A4622
:10B610000100103107F08AFEA07110226946E01D7A
:10B62000E7F7CCF9042020700E2060701420A07081
:10B630000120E0701720207120206071172005B0D4
:10B64000F0BD3EB5140068460022002524C012203B
:10B65000A0710F2B01DA00203EBD002903D16846FE
:10B6600007F086FEA07108226946E01DE7F7A6F9FB
:10B67000042020700E2060700C20A0700120E0706B
:10B680001820207120206BE410B514001222E27003
:10B69000062B01DC002010BD1C2910D101008A7A84
:10B6A000C87A0006000C024308784B781B061B0C76
:10B6B00018430B000C33891CE6F7AEFDE070042044
:10B6C00020700F216170A07001202071192060711D
:10B6D0002020A071072010BD38B514001222A271DD
:10B6E000092B01DA002032BD0500122908D1287883
:10B6F00069780906090C0843A91CE6F791FDA071B9
:10B70000287869780906090C0843E071000A20725C
:10B71000042020700E2060700620A0700120E070D0
:10B720001A2023E038B514001222A271092B01DA85
:10B73000002032BD0500022907D128786978090662
:10B74000090C0843E6F770FDA071287869780906AE
:10B75000090C0843E071000A2072042020700E20BA
:10B7600060700620A0700120E0701B202071202056
:10B770006071092032BD3EB51400684600220025E4
:10B7800024C01220A0710F2B01DA00203EBD002939
:10B7900003D1684607F0F4FDA07108226946E01D58
:10B7A000E7F70CF9042020700E2060700C20A070C8
:10B7B0000120E0701C2020712020FFF7D1FB10B584
:10B7C00014001222A271062B01DC002010BD0129F9
:10B7D00003D1007807F0D9FDA071042020700E215C
:10B7E0006170A0700120E0701D2020712020FFF703
:10B7F00053FA10B514001222A271062B01DC0020AE
:10B8000010BD032905D182784178007807F0D0FD7A
:10B81000A071042020700E216170A0700120E070E2
:10B820001E2020712020FFF737FA1CB514000020DD
:10B830006A4610801220A071092B01DA002016BD83
:10B84000002903D1684607F0B9FAA071684600885C
:10B85000E071000A2072042020700E206070062023
:10B86000A0700120E0701F2090E338B51400122270
:10B87000A271092B01DA002032BD0500062911D181
:10B880002A7968790006000C0243A978E878000656
:10B89000000C014328786B781B061B0C1843E6F755
:10B8A0007AFDA071287869780906090C0843E071CF
:10B8B000000A2072042020700E2060700620A07004
:10B8C0000120E070222051E71CB5140000206A46D8
:10B8D00010601220A0710B2B01DA002016BD002988
:10B8E00005D1694600A8801CE6F759FDA07168469D
:10B8F0004088E071000A2072684600886072000A81
:10B90000A072042020700E2060700820A07001201A
:10B91000E070232000F00BFE10B514001222A2717B
:10B92000062B01DC002010BD04290DD18178C278DE
:10B930001206120C1143027843781B061B0C1A43A3
:10B940001000E6F730FDA071042020700E21617018
:10B95000A0700120E070242020712020FFF79CF9C6
:10B9600010B514001220E070062B01DC002010BD81
:10B97000002902D1E6F75CFCE070042020700F2162
:10B980006170A070012020712520A0E610B5140080
:10B990001222E270062B01DC002010BD402902D1EA
:10B9A000E6F74AFCE070042020700F216170A0705F
:10B9B0000120207126208AE610B514001222A271FF
:10B9C000062B01DC002010BD272907D10300173307
:10B9D000C21D411C0078E6F75EFDA07104202070B6
:10B9E0000E216170A0700120E070272020712020BE
:10B9F000FFF752F910B514001222A271062B01DCD8
:10BA0000002010BD072904D1411C0078E6F747FD4E
:10BA1000A071042020700E216170A0700120E070E0
:10BA2000282020712020FFF737F910B514001220CC
:10BA3000A071062B01DC002010BD002902D1E6F721
:10BA400032FDA071042020700E216170A0700120D1
:10BA5000E070292020712020FFF71EF91CB514008A
:10BA600000206A4610701220A071072B01DC002014
:10BA700016BD002903D16846E6F719FDA071684696
:10BA80000078E071042020700E2060700520A07006
:10BA90000120E0702A20A4E4FEB505000E00140089
:10BAA0001F0006216846E5F791FB1220A0710D2FBB
:10BAB00001DA0020FEBD072E05D16A46691C2878F0
:10BAC000E6F7F9FCA07106226946E01DE6F776FF6D
:10BAD000042020700E2060700A20A0700120E07009
:10BAE0002B2024E0FEB505000E0014001F000621E7
:10BAF0006846E5F76BFB1220A0710D2F01DA0020DC
:10BB0000FEBD072E05D16A46691C2878E6F7D7FCEA
:10BB1000A07106226946E01DE6F750FF0420207060
:10BB20000E2060700A20A0700120E0702C2020718F
:10BB3000202060710D20FEBD10B514001222A271EC
:10BB4000062B01DC002010BD012903D10078E6F7A7
:10BB5000BAFCA071042020700E216170A070012039
:10BB6000E0702D2020712020FFF796F810B514000A
:10BB70001222A271062B01DC002010BD022908D17F
:10BB8000017842781206120C11430800E6F79FFC78
:10BB9000A071042020700E216170A0700120E0705F
:10BBA0002E2020712020FFF777F81CB5140000200C
:10BBB0006A46506010601220A0710F2B01DA00203D
:10BBC00016BD002907D16B46921C01A901A8801C53
:10BBD000E6F7EDFBA0716846C088E071000A2072AC
:10BBE000684680886072000AA07268464088E072E9
:10BBF000000A2073684600886073000AA07304205E
:10BC000020700E2060700C20A0700120E0702F20AA
:10BC10002071202060710F2016BD38B5140000225D
:10BC20006D462A801222A2710A2B01DC002032BD4F
:10BC3000050002290AD1287869780906090C084309
:10BC40006A4600A9491CE6F717FCA07128786978B4
:10BC50000906090C0843E071000A20726846407822
:10BC6000607268460078A072042020700E20607018
:10BC70000820A0700120E070302020712020607129
:10BC80000B2032BD10B514001222A271062B01DC6C
:10BC9000002010BD032905D1827841780078E6F7AD
:10BCA000EFFBA071042020700E216170A0700120B4
:10BCB000E070312020712020FEF7EEFF38B514002F
:10BCC0001222E270062B01DC002032BD072911D1BF
:10BCD000417982791206120C1143057842781206D6
:10BCE000120C154300910379C27881782800E6F799
:10BCF000CBFBE070042020700F216170A070012048
:10BD00002071322060712020A071072032BD10B553
:10BD100014001222A271062B01DC002010BD0329A1
:10BD200005D1827841780078E6F741FCA0710420C3
:10BD300020700E216170A0700120E070332020710E
:10BD40002020FEF7A9FF10B514001222A271062BC5
:10BD500001DC002010BD042906D1C3788278417827
:10BD60000078E6F738FCA071042020700E21617085
:10BD7000A0700120E070342020712020FEF78CFF9D
:10BD800010B514001222A271062B01DC002010BD98
:10BD9000072904D1411C0078E6F7B2FAA07104200B
:10BDA00020700E216170A0700120E070352020719C
:10BDB0002020FEF771FF30B58DB0140000220CADCD
:10BDC0002A701222A271072B01DC002036E019290B
:10BDD00024D1417882781206120C11430CAA0B92DE
:10BDE000027E0A92C27D0992827D0892427D07926C
:10BDF000027D0692132282560592827C04920200F2
:10BE00000C320392C27A0292827A0192427A0092B2
:10BE1000831DC21C0078E6F71BFAA0710CA80078FD
:10BE2000E071042020700E2060700520A0700120B9
:10BE3000E070362020712020607108200DB030BDE8
:10BE40001CB514001222A271062B01DC002016BDC5
:10BE5000C378091F994207D1011D0091827841786A
:10BE60000078E4F7DDFEA071042020700E216170DF
:10BE7000A0700120E0703720207120206071072021
:10BE800016BD1CB514001222A271062B01DC002085
:10BE900016BDC378091F994207D1011D0091827810
:10BEA00041780078E4F7C1FEA071042020700E21D3
:10BEB0006170A0700120E0703820DDE7F2B5FFB0BE
:10BEC00085B014001221A171062B01DC00203BE09B
:10BED000002200234178592901D3427028E005004F
:10BEE00011E0E818801C6946062656438919067831
:10BEF0000E70467887783F063F0C3E434E80C078F0
:10BF000008711B1D521C69788A42EADB84A80088EC
:10BF1000801E98420CD16A462878E4F76EFFA07123
:10BF2000002805D16A4669782878E6F7EDF9A0710E
:10BF3000042020700E216170A0700120E070392073
:10BF400020712020607107207FB006B0F0BD1CB5C5
:10BF5000140000206A4610801220A071092B01DA1B
:10BF6000002016BD002903D16846E4F713FDA07137
:10BF700068460088E071000A2072042020700E20BC
:10BF800060700620A0700120E0703A20207120200F
:10BF90006071092016BD1CB5140000206A4610709F
:10BFA0001220A071072B01DC002016BD002903D14F
:10BFB0006846E6F7ADF9A07168460078E0710420A4
:10BFC00020700E2060700520A0700120E0703B20E2
:10BFD000FFF707FA10B514001222A271062B01DC3C
:10BFE000002010BD012903D10078E6F795F9A07172
:10BFF000042020700E216170A0700120E0703C20B0
:10C0000020712020FEF748FE10B514001220A07108
:10C01000062B01DC002010BD002902D1E6F780F9D3
:10C02000A071042020700E216170A0700120E070CA
:10C030003D2020712020FEF72FFE38B5140012227B
:10C04000A271062B01DC002032BD072912D14379F1
:10C0500081790906090C0B43C27801790906090C9C
:10C060000A43417885782D062D0C29430078E6F7A0
:10C07000B9F9A071042020700E216170A070012018
:10C08000E0703E203CE010B514001222A271062B95
:10C0900001DC002010BD8278C91E914205D1C31C6D
:10C0A00041780078E4F7C8FDA071042020700E21CB
:10C0B0006170A0700120E0703F2020712020FEF709
:10C0C000EBFD38B514001222A271062B01DC002012
:10C0D00032BD02290CD1050069782878E4F77FFE8B
:10C0E000A071002804D169782878E6F77FF9A0715B
:10C0F000042020700E216170A0700120E0704020AB
:10C10000207120206071072032BDF7B5FFB087B0E5
:10C1100012219171062B01DC00204CE0002200214D
:10C1200000230024012500958578E54001262E4056
:10C1300000D05B1C641C082CF4D3592B29D201932A
:10C1400017E04318DB1C0624544302AD2D191E785A
:10C150002E705E789F783F063F0C3E4302AFBF1CB7
:10C160003E53DC781E793606360C3443AC80491DCC
:10C17000521C019B9A42E4DB87AA1288D21E8A4293
:10C1800007D102AB827841780078E6F7E9F988991F
:10C1900088710420889A10700E21889A51708899AD
:10C1A000887000988899C87041208899087120206B
:10C1B0008899487107207FB00AB0F0BD10B514000F
:10C1C0001222A271062B01DC002010BD06290ED11F
:10C1D000037941790906090C0B438278C178090675
:10C1E000090C0A4341780078E6F7BEF9A0710420F3
:10C1F00020700E216170A0700120E070422020713B
:10C200002020FEF749FDF2B5FFB087B015001221DE
:10C21000E970062B01DC002068E0002200230026E4
:10C220000124477AF740274000D05B1C761C082E7B
:10C23000F7D3222B4FD200900193002037E00099D2
:10C2400089180A310E784B781B061B0C1E4302AB73
:10C250000701DB191E808E78CF783F063F0C3E43E6
:10C260005E800E794F793F063F0C3E439E808E796B
:10C27000CF793F063F0C3E43DE800E7A4F7A3F0671
:10C280003F0C3E431E818E7ACF7A3F063F0C3E43E1
:10C290005E810E7B4F7B3F063F0C3E439E818E7B33
:10C2A000CF7B3F063F0C3E43DE811032401C01999C
:10C2B0008842C4DB009886A909880A3991420AD1CC
:10C2C00002A90191417A0091C31C827841780078DB
:10C2D000E5F75BFFE870042028700F216970A870F3
:10C2E0002C71432068712020A87107207FB008B00E
:10C2F000F0BD1FB514001222E270062B01DC0020F5
:10C3000022E00E2914D1C17A027B1206120C1143CD
:10C31000427A837A1B061B0C1A43437B02930191DA
:10C320000092C31C827841780078E6F7E4F8E07068
:10C33000042020700F216170A07001202071442022
:10C3400060712020A071072004B010BD10B514004A
:10C350001220A071062B01DC002010BD002902D1A3
:10C36000E6F7D7F8A071042020700E216170A0704C
:10C370000120E070452020712020FEF78DFC10B5D3
:10C3800014001222A271062B01DC002010BD02292C
:10C3900008D1017842781206120C11430800E6F722
:10C3A000BCF8A071042020700E216170A0700120E3
:10C3B000E070462020712020FEF76EFC10B51400BE
:10C3C0001222A271062B01DC002010BD082905D124
:10C3D000C279411C0078E6F786F8A071042020702D
:10C3E0000E216170A0700120E07047202071202094
:10C3F000FEF752FC10B514001222A271062B01DCCC
:10C40000002010BD082905D1C279411C0078E6F74B
:10C410008CF8A071042020700E216170A0700120A2
:10C42000E070482020712020FEF736FC10B5140083
:10C430001220A071062B01DC002010BD002902D1C2
:10C44000E6F755F8A071042020700E216170A070ED
:10C450000120E070492020712020FEF71DFC1CB552
:10C46000140000206A4610701220A071072B01DC16
:10C47000002016BD002903D16846E6F752F8A071E6
:10C4800068460078E071042020700E20607005205E
:10C49000A0700120E0704A20FEF7A3FF1CB5140035
:10C4A00000206A4610801220A071082B01DC0020B9
:10C4B00016BD002905D1694600A8401C06F090FF72
:10C4C000A07168464078E0716846007820720420C8
:10C4D00020700E2060700620A0700120E0704B20BC
:10C4E00054E51CB5140000206A4610601220A071AB
:10C4F0000B2B01DA002016BD002905D1694600A8E2
:10C50000801C06F073FFA07100980014E071000A0F
:10C510002072009800B26072000AA072042020709D
:10C520000E2060700820A0700120E0704C20207167
:10C53000202060710B2016BD10B514001222A271CC
:10C54000062B01DC002010BD04290ED18178C278B1
:10C55000120612141143027843781B061B141A4367
:10C5600009B210B206F04EFFA071042020700E2117
:10C570006170A0700120E0704D2020712020FEF736
:10C580008BFB10B514001222A271062B01DC0020D7
:10C5900010BD082905D1C279411C0078E5F79BFF41
:10C5A000A071042020700E216170A0700120E07045
:10C5B0004E2020712020FEF76FFB1FB514001222C1
:10C5C000A271062B01DC00201DE08279C91F914277
:10C5D0000DD1C11D03910292417901910179009120
:10C5E000C378827841780078E5F7E5FFA0710420F0
:10C5F00020700E216170A0700120E0704F2020712A
:10C6000020206071072004B010BD1FB51400122255
:10C61000A271062B01DC00201DE08279C91F914226
:10C620000DD1C11D039102924179019101790091CF
:10C63000C378827841780078E5F7D1FFA0710420B3
:10C6400020700E216170A0700120E07050202071D8
:10C6500020206071072004B010BD1CB51400122208
:10C66000A271062B01DC002016BD0279491F914200
:10C6700009D1411D01910092C378827841780078F8
:10C68000E5F79BFDA071042020700E216170A07061
:10C690000120E0705120FFF7EFFB10B514001222CB
:10C6A000A271062B01DC002010BD022904D14178C3
:10C6B0000078E5F78BFDA071042020700E216170D9
:10C6C000A0700120E070522020712020FEF7E4FAD3
:10C6D0003EB514001222A271092B01DA00203EBDE2
:10C6E0000500881F697988420ED128786978090683
:10C6F000090C0843A91D0191697900912B79EA7809
:10C70000A978E5F767FDA071287869780906090C12
:10C710000843E071000A2072042020700E2060702F
:10C720000620A0700120E070532000F02CFD38B5E9
:10C7300014001222A271092B01DA002032BD05007B
:10C74000481F297988420CD1287869780906090C94
:10C750000843691D00912B79EA78A978E5F743FD34
:10C76000A071287869780906090C0843E071000A6D
:10C770002072042020700E2060700620A07001201E
:10C78000E0705420FEF7F2FF38B514001222A271B7
:10C79000092B01DA002032BD0500081FE978884224
:10C7A0000AD1287869780906090C08432B1DEA7814
:10C7B000A978E5F71EFDA071287869780906090CAB
:10C7C0000843E071000A2072042020700E2060707F
:10C7D0000620A0700120E0705520FEF7C7FF38B595
:10C7E00014001222A271092B01DA002032BD0500CB
:10C7F000072910D1EA7828790006000C024328782E
:10C8000069780906090C0843A97900916B79A97820
:10C81000E5F7F3FCA071287869780906090C08434C
:10C82000E071000A2072042020700E206070062043
:10C83000A0700120E0705620FEF798FF38B5140074
:10C840001222A271092B01DA002032BD0500032952
:10C8500008D1287869780906090C0843A978E5F712
:10C86000D3FCA071287869780906090C0843E071A7
:10C87000000A2072042020700E2060700620A07034
:10C880000120E0705720FEF771FF1CB51400002056
:10C890006A4610601220A0710A2B01DC002016BD30
:10C8A000002908D16B46521C00A9891C00A8C01C95
:10C8B000E5F7AEFCA0716846C078E0716846807804
:10C8C000207268464078607268460078A072042042
:10C8D00020700E2060700820A0700120E0705820A9
:10C8E00025E610B514001222A271062B01DC0020EF
:10C8F00010BD032909D1027841780906090C0A43C1
:10C9000081781000E5F715FEA071042020700E213B
:10C910006170A0700120E070592020712020FEF786
:10C92000BBF938B514001222A271092B01DA0020DC
:10C9300032BD0500062911D12A7968790006000C5C
:10C940000243A978E8780006000C014328786B7848
:10C950001B061B0C1843E5F766FDA0712878697863
:10C960000906090C0843E071000A207204202070B7
:10C970000E2060700620A0700120E0705A20FEF7A3
:10C98000F5FE38B514001222A271092B01DA00203D
:10C9900032BD050005290DD1A978E8780006000C04
:10C9A000014328786A781206120C10432A79E5F7B9
:10C9B00036FDA071287869780906090C0843E071F2
:10C9C000000A2072042020700E2060700620A070E3
:10C9D0000120E0705B20FEF7C9FE38B5140012227A
:10C9E000A271092B01DA002032BD0500082914D1FB
:10C9F0006B79A8790006000C0343EA7828790006D1
:10CA0000000C0243287869780906090C0843E97983
:10CA10000091A978E5F70FFDA071287869780906DB
:10CA2000090C0843E071000A2072042020700E20D7
:10CA300060700620A0700120E0705C20FEF796FE7A
:10CA400010B514001222A271062B01DC002010BDCB
:10CA500006290ED1C27801790906090C0A434178EA
:10CA600083781B061B0C194343790078E5F7DFFC3C
:10CA7000A071042020700E216170A0700120E07070
:10CA80005D2020712020FEF707F91CB5140000205E
:10CA90006A46908010601220A0710C2B01DC0020EF
:10CAA00016BD002907D16B46921C00A9491C01A89C
:10CAB000E5F76BFAA07168468088E071000A207281
:10CAC00068464078607268464088A072000AE0724A
:10CAD000684600782073042020700E2060700A20C1
:10CAE000A0700120E07060202071202060710D2076
:10CAF00016BDFEB505000E0014001F0000206A469A
:10CB000010800290032101A8E4F760FB1220A071BD
:10CB1000122F01DA0020FEBD022E0AD12878697892
:10CB20000906090C084301AB02AA6946E5F729FC8E
:10CB3000A071287869780906090C0843E071000A99
:10CB40002072684600886072000AA07221000B31D2
:10CB5000029806F07FFC032201A920000F30E5F7C0
:10CB60002DFF042020700E2060700F20A070012087
:10CB7000E07061202071202060711220FEBDFAB5A6
:10CB800091498D44040015008521890007A8E4F728
:10CB90001DFB1220A87100230022A07B36281FD382
:10CBA000A37348E0A0180F308CA90A265E438919A8
:10CBB00006780E70467887783F063F0C3E434E80DD
:10CBC000C67807793F063F0C3E438E8046798E71CA
:10CBD0008679CE71C6790E72007A487209325B1C72
:10CBE000A07B8342DEDBFFA84C300088072838DBBF
:10CBF000FFA8483000880F3890421CD1207B617B11
:10CC00000906090C0843A17AE27A1206120C1143B4
:10CC100007AA06928CAA0592A27B04920390029125
:10CC2000607A0190207A0090E379221D611C2078BF
:10CC3000E5F719FAA871FFA84C300088082810DB26
:10CC40002078E871FFA84C300088082809DDA07B17
:10CC500028724200FFA84C30018810000930814240
:10CC600001D2002014E007A928000930E5F7A6FE4C
:10CC7000287A4000C01C042129700E216970C11C53
:10CC8000A9700121E9706221297120216971801D3B
:10CC90004E498D44F0BDFBB54D498D44040015004F
:10CCA0008521890008A8E4F791FA1220A8710023D1
:10CCB0000022A07B27282DD3A37354E0A0180F30A7
:10CCC0008DA90E265E43891906780E7046784E703F
:10CCD0008678C7783F063F0C3E434E8006794779F9
:10CCE0003F063F0C3E438E808679C7793F063F0C56
:10CCF0003E43CE80067A477A3F063F0C3E430E8184
:10CD0000867A8E72C67ACE72067B0E73407B48732B
:10CD10000E325B1CA07B8342D0DBFFA8543000881E
:10CD2000062836DDFFA8503000880F3890421AD10F
:10CD3000607AA17A0906090C084308A907918DA910
:10CD40000691A17B0591617B0491217B0391E17A9E
:10CD500002910190207A0090E379221D611C2078D5
:10CD6000E5F79AF9A871FFA854300088082810DB6D
:10CD70002078E871FFA854300088082809DDA07BDE
:10CD800028724200FFA85430018810000930814207
:10CD900001D2002014E008A928000930E5F70EFEB2
:10CDA000287A4000C01C042129700E216970C11C22
:10CDB000A9700121E9706321297120216971801D09
:10CDC00004498D44F0BD0000BCFBFFFF4C04000093
:10CDD000B8FBFFFF54040000F3B5FFB086B01400A9
:10CDE0001221E170062B01DC002034E000260178DE
:10CDF000862901D3067022E00100002012E00A1803
:10CE0000521C137855782D062D0C2B436D46B70018
:10CE1000ED192B809378D7783F063F0C3B436B800E
:10CE2000001D761C0A789642E9DB86A90988491E0E
:10CE3000814204D169461000E5F74AF9E070042008
:10CE400020700F216170A07001202071642060713A
:10CE50002020A07107207FB008B0F0BD38B51400C5
:10CE60001222A271072B01DC002032BD050001292E
:10CE700003D12878E5F730F9A0712878E071042013
:10CE800020700E2060700520A0700120E0706520E9
:10CE900026E110B514001222E270062B01DC0020FE
:10CEA00010BD022908D1017842781206120C1143F4
:10CEB0000800E5F715F9E070042020700F2161707B
:10CEC000A070012020716620FEF701FC38B5140027
:10CED0001222A271092B01DA002032BD05000329BC
:10CEE00008D1287869780906090C0843A978E5F77C
:10CEF000FBF8A071287869780906090C0843E071ED
:10CF0000000A2072042020700E2060700620A0709D
:10CF10000120E0706720FEF729FC10B588B01400EE
:10CF20001222E270062B01DC00202DE01F291FD108
:10CF3000017A427A1206120C11438279C3791B06D8
:10CF40001B0C1A4303000F330793837B0693437B29
:10CF50000593037B0493C37A0393837A029301912D
:10CF60000092C31C827841780078E5F753F8E070AE
:10CF7000042020700F216170A070012020716820B2
:10CF800060712020A071072008B010BD38B58CB0AA
:10CF900014001222E270062B01DC002039E0242963
:10CFA0002BD1C17A027B1206120C1143427A837A8A
:10CFB0001B061B0C1A438379C5792D062D0C2B43B8
:10CFC000050014350B95C57C0A95857C0995457C33
:10CFD0000895057C0795C57B0695857B0595457B62
:10CFE000049503910292017A01910093C31C827807
:10CFF00041780078E4F7CDFFE070042020700F2125
:10D000006170A07001202071692060712020A071E2
:10D0100007200DB030BD10B514001222E270062BAF
:10D0200001DC002010BD022904D141780078E4F72A
:10D03000E9FFE070042020700F216170A0700120D2
:10D0400020716A20FEF743FB1FB514001222E27024
:10D05000062B01DC002027E01839C27D914217D150
:10D06000427D817D0906090C0A43417883781B06BD
:10D070001B0C1943030018330393C37D02930192E1
:10D08000027D0092031DC2780078E4F7ABFFE070E8
:10D09000042020700F216170A070012020716B208E
:10D0A00060712020A071072004B010BD38B51400B5
:10D0B0001222A271072B01DC002032BD05000129DC
:10D0C00003D12878E4F7A2FFA0712878E07104204A
:10D0D00020700E2060700520A0700120E0706C2090
:10D0E000207120206071082032BD10B5140012227A
:10D0F000E270062B01DC002010BD022908D1017866
:10D1000042781206120C11430800E5F71AFAE07093
:10D11000042020700F216170A070012020716D200B
:10D12000FEF7D5FA3EB514001222A271092B01DADE
:10D1300000203EBD05000D39287B814212D12878A0
:10D1400069780906090C084329000D310291297BF1
:10D1500001912900093100912B1DEA78A978E5F7A2
:10D16000F3F8A071287869780906090C0843E07182
:10D17000000A2072042020700E2060700620A0702B
:10D180000120E0706E2020712020607109203EBDDA
:10D1900038B514001222A271092B01DA002032BD29
:10D1A0000500032908D1287869780906090C084385
:10D1B000A978E5F7D5F8A071287869780906090CEF
:10D1C0000843E071000A2072042020700E20607075
:10D1D0000620A0700120E0706F20FEF7C7FA38B576
:10D1E00014001222A271092B01DA002032BD0500C1
:10D1F000032908D1287869780906090C0843A97819
:10D20000E5F792F8A071287869780906090C0843B7
:10D21000E071000A2072042020700E206070062049
:10D22000A0700120E0707020FEF7A0FA38B514005D
:10D230001222A271092B01DA002032BD0500032958
:10D2400008D1287869780906090C0843A978E5F718
:10D250006FF8A071287869780906090C0843E07115
:10D26000000A2072042020700E2060700620A0703A
:10D270000120E0707120FEF779FA7FB514000022DA
:10D280000292019200921225A571152B01DA00205D
:10D2900030E0060002290AD1307871780906090CBD
:10D2A00008436B4601AA02A9E5F746F8A071307859
:10D2B00071780906090C0843E071000A2072210008
:10D2C0000931029806F0C6F821000D31019806F0E8
:10D2D000C1F821001131009806F0BCF8042020703C
:10D2E0000E206070A5700120E07072202071202057
:10D2F0006071152004B070BD7FB514000022029249
:10D30000019200921225A571152B01DA002030E060
:10D31000060002290AD1307871780906090C084301
:10D320006B4601AA02A9E5F70BF8A0713078717875
:10D330000906090C0843E071000A20722100093136
:10D34000029806F087F821000D31019806F082F866
:10D3500021001131009806F07DF8042020700E2085
:10D360006070A5700120E070732020712020607132
:10D37000152004B070BD10B514001222A271062B46
:10D3800001DC002010BD022904D141780078E4F7C7
:10D39000BBFEA071042020700E216170A0700120DE
:10D3A000E070742020712020FDF776FC30B58BB042
:10D3B000140000220A92099208920792069205929E
:10D3C00004921222A271252B01DA00204DE0050003
:10D3D000022912D1287869780906090C084304A9A2
:10D3E000039105A9029106A9019107A9009108AB33
:10D3F00009AA0AA9E4F7B8FFA07128786978090694
:10D40000090C0843E071000A2072210009310A98D2
:10D4100006F020F821000D31099806F01BF82100D4
:10D420001131089806F016F821001531079806F01A
:10D4300011F821001931069806F00CF821001D3171
:10D44000059806F007F821002131049806F002F84B
:10D45000042020700E2060702220A0700120E07057
:10D46000752020712020607125200BB030BD38B5AB
:10D47000140000226D462A801222A2710B2B01DCBF
:10D48000002032BD050003290BD1287869780906F0
:10D49000090C08436B4600AA521CA978E4F7D2FF96
:10D4A000A071287869780906090C0843E071000A20
:10D4B0002072A878607268464078A072684600784A
:10D4C000E072042020700E2060700920A0700120FE
:10D4D000E07076202071202060710C2032BD10B5E4
:10D4E00014001222E270062B01DC002010BD03297B
:10D4F00009D1027841780906090C0A4381781000A5
:10D50000E4F7A4FFE070042020700F216170A07088
:10D51000012020717720FEF7DAF83EB514001222C0
:10D52000A271092B01DA00203EBD0500082912D1A5
:10D53000A979E8790006000C014328786A78120678
:10D54000120C10430191697900912B79EA78A9783E
:10D55000E4F780FFA071287869780906090C084370
:10D56000E071000A2072042020700E2060700620F6
:10D57000A0700120E070782005E638B51400122272
:10D58000A271092B01DA002032BD0500032908D160
:10D59000287869780906090C0843A978E4F764FF3C
:10D5A000A071287869780906090C0843E071000A1F
:10D5B0002072042020700E2060700620A0700120D0
:10D5C000E0707920FEF7D2F838B514001222A2716B
:10D5D000092B01DA002032BD0500042909D1287881
:10D5E00069780906090C0843EA78A978E4F740FF4E
:10D5F000A071287869780906090C0843E071000ACF
:10D600002072042020700E2060700620A07001207F
:10D61000E0707A20FEF7AAF830B585B01400C21D7C
:10D62000857952191225A571062B01DC002020E016
:10D6300083790839994210D1002151560491C11DB6
:10D64000039102934179019101790091C378827825
:10D6500041780078E4F7D3FFA071042020700E21F8
:10D660006170A0700120E0707B202071202060712B
:10D67000072005B030BD10B514001222A271062B90
:10D6800001DC002010BD022904D141780078E4F7C4
:10D6900026FFA071042020700E216170A07001206F
:10D6A000E0707C2020712020FDF7F6FAF8B5140018
:10D6B0001222A271062B01DC0020F2BD0A291DD125
:10D6C000067A417A0906090C0E438379C179090665
:10D6D000090C0B43027941790906090C0A43817848
:10D6E000C5782D062D0C2943057847783F063F0C59
:10D6F0003D4328000096E4F749FFA0710420207004
:10D700000E216170A0700120E0707D20207120202A
:10D7100060710720F2BDFEB514001222E270062BE4
:10D7200001DC0020FEBD0C2927D1857AC17A0906CB
:10D73000090C0D43067A417A0906090C0E438379D8
:10D74000C1790906090C0B43027941790906090CD4
:10D750000A438178C7783F063F0C39436F463981C9
:10D76000017847783F063F0C394308000195009641
:10D7700069460989E4F711FFE070042020700F2149
:10D780006170A070012020717E2060712020A07146
:10D790000720FEBD30B58FB0140000220EAD2A70F8
:10D7A0001222A271072B01DC00203AE01B2928D1AC
:10D7B000417882781206120C11430EAA0D92827ED5
:10D7C0000C92427E0B92027E0A92C27D0992827D69
:10D7D0000892427D0792027D06921322825605929C
:10D7E000827C049202000C320392C27A0292827A04
:10D7F0000192427A0092831DC21C0078E4F751FD29
:10D80000A0710EA80078E071042020700E206070D6
:10D810000520A0700120E0707F2020712020607121
:10D8200008200FB030BDF7B5FFB085B0122191715F
:10D83000072B01DC002040E0040000260020617876
:10D84000432916D3667022E02118891CF2006B462A
:10D850009B180D781D704D786F467F1CBD548A78DB
:10D860009A70CA78DA700A1D5A60C9784018001D8B
:10D87000761C61788E42E7DB85AA1288921E82426E
:10D8800005D16A462078E3F7DCF98699887120781B
:10D890008699C8710420869908700E208699487070
:10D8A00005208699887001208699C8708220869903
:10D8B000087120208699487108207FB008B0F0BD1B
:10D8C0003EB514001222A271082B01DC00203EBDDF
:10D8D00005000839E879814215D1A978E878000671
:10D8E000000C014328786A781206120C10432A00B3
:10D8F00008320292EA790192AA7900926B792A7928
:10D90000E3F711FAA071287869780906090C084331
:10D91000E071000A2072042020700E206070062042
:10D92000A0700120E07083202DE438B5140012228D
:10D93000A271092B01DA002032BD0500481F2979A8
:10D9400088420ED1A978E8780006000C01432878B7
:10D950006A781206120C10436B1D2A79E4F7EDFD6C
:10D96000A071287869780906090C0843E071000A5B
:10D970002072042020700E2060700620A07001200C
:10D98000E0708420FDF7F2FEF2B5FFB089B015001B
:10D990001221E970062B01DC00206CE0002200233C
:10D9A00000260124C77AF740274000D05B1C761C74
:10D9B000082EF7D3222B53D200900193002037E09A
:10D9C000009989180C310E784B781B061B0C1E43EE
:10D9D00004AB0701DB191E808E78CF783F063F0C21
:10D9E0003E435E800E794F793F063F0C3E439E805A
:10D9F0008E79CF793F063F0C3E43DE800E7A4F7A18
:10DA00003F063F0C3E431E818E7ACF7A3F063F0C85
:10DA10003E435E810E7B4F7B3F063F0C3E439E8123
:10DA20008E7BCF7B3F063F0C3E43DE811032401C95
:10DA300001998842C4DB009888A909880C39914271
:10DA40000ED104A90391C17A0291411D019101797E
:10DA50000091C378827841780078E4F79FFBE87002
:10DA6000042028700F216970A8702C7185206871BE
:10DA70002020A87107207FB00AB0F0BD30B585B076
:10DA800014001222A271072B01DC00202EE00500F9
:10DA90000C291CD16B79A8790006000C0343EA78A5
:10DAA00028790006000C02436978A8780006000C6B
:10DAB0000143E87A0490A87A0390687A0290287A61
:10DAC0000190E87900902878E4F794FCA071287818
:10DAD000E071042020700E2060700520A0700120ED
:10DAE000E0708620207120206071082005B030BDD4
:10DAF000F0B5BFB00E0014001F000020694608708A
:10DB0000F82101A8E3F762FB1220A07180256D00C7
:10DB1000AF4201DA00201CE0002E04D101A96846C2
:10DB200005F0A2FCA07168460078E071F82201A916
:10DB300020000830E4F742FF042020700E206070BF
:10DB4000FD20A0700120E0708720207120206071EE
:10DB500028003FB0F0BD10B514001222E270062B71
:10DB600001DC002010BD032909D1027841780906A3
:10DB7000090C0A4381781000E4F7D2FAE07004201F
:10DB800020700F216170A070012020718820FDF7A6
:10DB90009EFD10B514001222A271062B01DC00209C
:10DBA00010BD032909D1027841780906090C0A43FE
:10DBB00081781000E4F7A4FAA071042020700E21EF
:10DBC0006170A0700120E070972020712020FDF787
:10DBD00063F81CB514001222A271062B01DC002090
:10DBE00016BD0A290AD1417A00910821435607211E
:10DBF0004256411C0078E4F7DEFBA071042020703F
:10DC00000E216170A0700120E0709820FEF734F9B9
:10DC100010B514001222A271062B01DC002010BDE9
:10DC2000072904D1411C0078E4F7D8FBA071042037
:10DC300020700E216170A0700120E0709920207189
:10DC40002020FDF729F810B514001220A071062B32
:10DC500001DC002010BD002902D1E4F7B3FBA07164
:10DC6000042020700E216170A0700120E0709A20C5
:10DC700020712020FDF710F81CB5140000206A4622
:10DC800010701220A071072B01DC002016BD0029A6
:10DC900003D16846E4F79EFBA07168460078E07106
:10DCA000042020700E2060700520A0700120E0701C
:10DCB0009B20FDF796FB10B514001222A271062BD3
:10DCC00001DC002010BD012903D10078E4F77EFBC0
:10DCD000A071042020700E216170A0700120E070FE
:10DCE0009C2020712020FCF7D7FF38B514000025B8
:10DCF000684605801220A071092B01DA002032BD90
:10DD0000002903D1684605F041F8A07168460088F3
:10DD1000E071000A2072042020700E20607006203E
:10DD2000A0700120E0702571FC20FDF721FD30B5C9
:10DD30008BB01400002008AD28606A4610856D463F
:10DD4000E86150621225A571152B50DB002919D10D
:10DD500009A80690801C059007A80490401C039019
:10DD600007A8801C029007A8C01C01900AA8009078
:10DD700008AB08AA521C08A9891C08A8C01CFCF7FB
:10DD8000EBFDA07108A8C01C0078E07108A8801CF9
:10DD90000078207208A8401C0078607208A80078FB
:10DDA000A0726846008DE072000A20736846C07F4A
:10DDB00060736846807FA0736846407FE073684662
:10DDC000007F20746846C08C6074000AA0746846A6
:10DDD000808CE074000A2075042020700E20607092
:10DDE000A5700120E0702071FC20607115200BB03F
:10DDF00030BD30B58BB01400002008AD28606D46F2
:10DE0000E8610A906A4650621220A071172B01DA6D
:10DE1000002053E000291AD109A806900AA805900D
:10DE200007A80490401C039007A8801C029007A834
:10DE3000C01C019009A8801C009008AB08AA521CC5
:10DE400008A9891C08A8C01CFCF79DFDA07108A8A2
:10DE5000C01C0078E07108A8801C0078207208A817
:10DE6000401C0078607208A80078A0726846C08CD8
:10DE7000E072000A20736846C07F60736846807F46
:10DE8000A0736846407FE0736846007F20742100DD
:10DE900011310A9805F0DEFA6846808C6075000A38
:10DEA000A075042020700E2060701420A070012046
:10DEB000E07002202071FC20607117200BB030BD93
:10DEC00010B514001222A271062B01DC002010BD37
:10DED0004378891E994205D1821C1900007805F00B
:10DEE000DEFAA071042020700E216170A070012064
:10DEF000E0700C202071FC20FCF7CEFEF8B5FFB0DE
:10DF000087B007000E0014000020694608708521C4
:10DF1000890001A8E3F75AF91220A07186A80588A4
:10DF2000072D13DB012E05D101AA6946387805F0CB
:10DF3000BAFAA071072D09DD68460078E071024643
:10DF400086A8018810000830814201D2002013E029
:10DF500001A920000830E4F731FDE079801C04219C
:10DF600021700E216170C11CA1700121E1700D2191
:10DF70002171FC216171801D7FB008B0F0BD38B502
:10DF800014001222A271062B01DC002032BD0229EE
:10DF90000CD1050069782878F8F745F8A0710028B9
:10DFA00004D16978287805F082FAA07104202070E5
:10DFB0000E216170A0700120E0700F202071FC2004
:10DFC000FEF7A0F81CB51400002000901220A071EC
:10DFD0000B2B01DA002016BD002903D1684604F09E
:10DFE000FDFEA071E11D009805F034FA04202070B8
:10DFF0000E2060700820A0700120E07014202071B5
:10E00000FC20FEF796FA10B514001222A271062B1E
:10E0100001DC002010BD022904D141780078F8F716
:10E0200011F8A071042020700E216170A0700120F1
:10E03000E07015202071FC20FCF72EFE10B51400B6
:10E040001220A071062B01DC002010BD002902D196
:10E05000F8F74FF8A071042020700E216170A070B5
:10E060000120E07016202071FC20FCF715FEF8B5A9
:10E0700086B014006A460025002660C20027E0C270
:10E0800015601222A2711F2B01DA00201FE0012966
:10E0900005D102AA6946007802F060FCA07108224E
:10E0A0006946E01DE4F78AFC102202A920000F3027
:10E0B000E4F784FC042020700E2060701C20A07007
:10E0C0000120E07017202071FC2060711F2007B034
:10E0D000F0BD10B514001222A271062B01DC002045
:10E0E00010BD022908D1017842781206120C1143A2
:10E0F000080005F0E1F9A071042020700E21617084
:10E10000A0700120E07018202071FC20FCF7C4FDF5
:10E110001CB514001222A271062B01DC002016BDD2
:10E1200006290CD141790191042141560091C3780F
:10E130000221425641780078E3F71CFFA0710420C9
:10E1400020700E216170A0700120E0701C202071F1
:10E15000FC20FDF793FE1CB514001222E270062B82
:10E1600001DC002016BD06290CD1C378017909060F
:10E17000090C0B4341790091827841780078FCF7D3
:10E180003EFCE070042020700F216170A07001201F
:10E1900020712B206071FC20A071072016BD18B5DE
:10E1A00085B014001222E270062B01DC002025E06D
:10E1B0000939027A914215D1C37801790906090C0F
:10E1C0000B43010009310491017A0391C179029155
:10E1D0008179019141790091827841780078FCF74A
:10E1E00021FCE070042020700F216170A0700120DC
:10E1F00020712C206071FC20A071072006B010BD9A
:10E2000038B5050014001220A071062B01DC002097
:10E2100032BD481F2979884207D1280005F054F9FA
:10E220006A1D2979FCF748FCA071042020700E219A
:10E230006170A0700120E07035202071FC20FDF796
:10E2400061FFF8B5FFB087B006000F001400002092
:10E25000694608708521890001A8E2F7B7FF1220FE
:10E26000A07186A80588072D16DB052F08D1300080
:10E2700005F02AF901AB6A463179FCF73CFCA07144
:10E28000072D09DD68460078E071024686A80188FE
:10E2900010000830814201D2002013E001A92000C3
:10E2A0000830E4F78BFBE079801C042121700E21FB
:10E2B0006170C11CA1700121E17036212171FC2126
:10E2C0006171801D7FB008B0F0BD10B5140012223E
:10E2D000A271062B01DC002010BD042906D1C378F1
:10E2E000827841780078F7F767FEA07104202070EB
:10E2F0000E216170A0700120E07037202071FC2099
:10E30000FCF7CAFC10B514001222A271062B01DC26
:10E31000002010BD032909D1027841780906090CB3
:10E320000A4381781000E3F721FEA07104202070D9
:10E330000E216170A0700120E07038202071FC2057
:10E34000FCF7AAFC1CB5140000206A4690801060FF
:10E350001220A0710D2B01DA002016BD002905D175
:10E3600000A9891C01A805F0BAF8A0716846808848
:10E37000E071000A2072684640886072000AA0724C
:10E3800068460088E072000A2073042020700E2086
:10E3900060700A20A0700120E07060202071FC20D5
:10E3A00060710D2016BDE0B5694648710420087003
:10E3B000FF204870032088700120C8700020087179
:10E3C000082206216846FCF77BF807BDF6B5FFB0CA
:10E3D00088B01E00949D959F6C466071A11D879822
:10E3E00005F038F821000A31889805F033F821004B
:10E3F0000E31300005F02EF8210012318E9805F014
:10E4000029F8210016318F9805F024F821001A31DF
:10E41000909805F01FF821001E31919805F01AF828
:10E4200021002231929805F015F8210026319398A9
:10E4300005F010F82A2025542A00390020002B303E
:10E44000E4F7BCFA04202070FF2060702800283018
:10E45000A0700320E070002020710022D2432B35F1
:10E4600029006846FCF72CF87FB00AB0F0BDE0B593
:10E4700069468871000AC87182200870FF204870C0
:10E48000042088700020C87007220A714871002299
:10E49000D243082196E70000F0B585B00446412636
:10E4A000805DEDF782FA0546A05DEDF777FA9223DD
:10E4B0006D1EE9B227469237702603220529039282
:10E4C0000496314605D869B28A001A4989581A4D0E
:10E4D000AA580294E35A7E88401EC5B2052D07D87B
:10E4E00040B28000134D2C580494134D28580390CB
:10E4F00093405818000215210C012546E8354019B3
:10E500000E49E4F7C0F8019003988640049830184B
:10E51000000240190949E4F7B6F880B2F98881424F
:10E5200000D808460199081800190299C86605B074
:10E53000F0BDC046680704105007041071020000C7
:10E54000FEB50191044607460837ECF7FBF8029048
:10E550000D462678207D002804D03846ECF7FEF8DA
:10E56000227800E03246701D029CE108C14001980B
:10E57000401A00B2401EC117083204F0C3FF02194E
:10E580004D4138462B46ECF7E5F8C0B2FEBD10B55C
:10E590000C46F9F705FC214602F07CFD10BDB0B534
:10E5A0000446B320205CEEF725FE0546B334A07A7E
:10E5B0002946EDF735FBA07A2946EDF7FCFAA07A5B
:10E5C000EDF71EFB617BA07AEDF7B5FAEDF743F8A6
:10E5D000B0BDF0B593B01D4607460FA8059010A832
:10E5E000049011A8039012A8029019980E9001901F
:10E5F000189C009438460B9104F096FF0D90EFF7AD
:10E6000099FD0646002D07D011A80178321D20463D
:10E61000E3F7BFFA002189E0301D11A90A78D1077C
:10E620000A90099203D100250C9529460AE0616FF2
:10E63000491C06220C92EBF7EEFF099A606F0078F6
:10E64000C007410E900710D50A980C9D40190891FB
:10E65000616F09310622EBF7DEFF0899099A606FB6
:10E66000007AC0014118AD1D0C95254698350794D8
:10E67000B8341007089111D5207869890A9A06954F
:10E680000C9D515552190F231B020B400003C0185B
:10E69000000A5070099AAD1C0C95069DD00601D455
:10E6A0000C9C11E0F81E032804D800F037F902464C
:10E6B000607200E0227A0A980C9C0019EB7E2968AF
:10E6C000EFF7D2FDE41C099A900617D56968079800
:10E6D000006D406D0C90E3F758FA002809D00A98B5
:10E6E00000190C9958311222EBF795FF1234099A50
:10E6F00004E0DF20099A024011A80270500601D4FC
:10E700000A9909E0287E0C941446EFF7CFFD2246C3
:10E710000C9C0A990855641C50B2002805D50919AB
:10E720000798006D406DE3F74CFA089912987070E5
:10E73000072F01D0072000E008200143317011A805
:10E7400000887F210140F170FE210F400024022F3C
:10E7500001D0214601E00B9989010E9D0D9F10AA61
:10E7600012883F2313405918B170C00509D5A888F5
:10E77000296809189019C01C0FAA14782246EBF7D3
:10E780004AFF6C74384613B0F0BD00000188054A9A
:10E790008918018088B204494143080C484080B27E
:10E7A0007047C04615FCFFFFAB020000096D522206
:10E7B0008A5A030953430007C00E0818408E1818E0
:10E7C00070470000F0B5FFB08CB008909A4250D06E
:10E7D000D043C0184DD40C460CA80D9000270C97C0
:10E7E00016460AA90B910A97EFF3108572B64948AD
:10E7F00000680497039702910EA901910593009375
:10E80000183019273946224607963346F9F772FF22
:10E81000C6B2182E15D83F490A68002103910AA9EB
:10E820000291142171430EAB591801910599009181
:10E83000381AC1B2283210462246079BF9F75AFF10
:10E84000801985F31088000661D0089883300890FD
:10E85000059F0A99002911D0C8680A69002802D0CA
:10E8600002610A6900E00B9210600CA8F9F799FFA9
:10E87000EFE7069206987FB00CB0F0BD26480990ED
:10E88000079E0696F143C819F4D407910CA83546A3
:10E890003146F9F7B2FF0C9F049C2646002F23D087
:10E8A000099880B21C49884208D0A1B2814205D3A0
:10E8B000002E03D03868C043301815D40CCF8333F2
:10E8C00028460899083FF9F7C9FF00280AD003CF66
:10E8D0000818641C083F002E02D0311A843901D474
:10E8E00083300646FF68D9E7099880B2A1B2814219
:10E8F000059F03D2200409940695BBD0002EB9D001
:10E90000F043C019B6D407983018BBD5B2E70798C2
:10E910000690AFE784310020FFFF000010B58AB0F9
:10E92000064800689021415848316C462046EEF771
:10E9300001FC204604F082FE0AB010BD80310020A8
:10E9400010B5014600200D4A914215D00C4A1268BC
:10E950003423D25C521C0B4B1B6890241B59DB6B7D
:10E960005B68521E08D05724A4001C195B8F8B4291
:10E970002346F6D10448201810BDC046FFFF000012
:10E980007031002080310020A4FEFFFFB0B50546A5
:10E9900000881224FB2819D81B2817D368880C4A32
:10E9A000904213D8C008292810D3002400290DD084
:10E9B000ECF7FAF92988028A914200D3114629809E
:10E9C0006988408A814200D3014669802046B0BDF3
:10E9D00090420000B0B5012430212046ECF714F934
:10E9E000074D28600748C07AC01DC008401E03219B
:10E9F0000143491C2046ECF707F929680861B0BDBE
:10EA000084310020C030002010B50124844008214A
:10EA10002046ECF7F9F803490968902289584C74AC
:10EA2000C86010BD80310020F8B5002846D00E46E1
:10EA3000012568212846ECF7E7F8214F3968902432
:10EA400009598860B540EEB208213046ECF7DCF891
:10EA50003968095989684D72486000967500112619
:10EA6000212E0FD008212846ECF7CEF83968095935
:10EA700089688919491F0860386800598068855578
:10EA80000836EDE728210098ECF7BEF839680959F7
:10EA9000896808600B480225012629463246EBF7B3
:10EAA000F3FF3968095989688864064831462A465F
:10EAB000EBF7EAFF396809598968C864F8BDC046B0
:10EAC00080310020BC300020F0B585B004920F46A4
:10EAD00006464D24E2F7B2FE065507600390014654
:10EAE0004D31012002914870C00401900025EC27AF
:10EAF000049CF0B285423CD203980068C6193046A7
:10EB0000EFF753FB304630381B4A02803046283836
:10EB10001A49018031463239002008803146423995
:10EB20000A8031463839019A0A6031465C390860FA
:10EB300031466039086031466C390A6031467039B7
:10EB40000A6031462639087031462A390870314644
:10EB50003E3907220A800499002902D060659C3E54
:10EB60003460472080003F185C34029806786D1CA2
:10EB7000BFE705B0F0BDC046FFFF0000FF01000089
:10EB800070B5134E30680569002430222146EBF73A
:10EB900046FD1048C07AC01DC008401E0321014335
:10EBA0004A1C28462146EBF73AFD306805610146CC
:10EBB000283102461832034620338461C261046260
:10EBC00043628462C162044800680482047370BDB9
:10EBD00084310020C030002080310020B0B50E48C4
:10EBE000006898214458462000252554E2F75AFE33
:10EBF00001280FD1EDF7EEF8242208498A5C002A9B
:10EC00002A4600D00268E2642322895C002900D0F1
:10EC100045682565B0BDC04680310020C030002069
:10EC2000F8B5184E3068002444771E301122164F74
:10EC30002146B84730682F30FF2505222946B847BE
:10EC4000306834211F22425401463431CA722022D6
:10EC50008A704C70403007222146B84730684730F0
:10EC600008222946B84730681C3001222146B8479F
:10EC700006480068352144543068562144525630C5
:10EC80004480F8BD803100201FA6041070310020A0
:10EC900080B5044800685C3000210422EBF7BFFC1B
:10ECA00080BDC04680310020002A05D003780B705B
:10ECB000521E491C401CF7E77047000080B505480C
:10ECC000006890214058C06B00682030F0F734F89D
:10ECD00080BDC0468031002010B51B4800689021DF
:10ECE0004058C06B0068FF21023181871749CA7AFA
:10ECF0003E23C2542B22895C3F22815401201449B7
:10ED0000144CA04703201449A04704201349A047EE
:10ED100007201349A04700201249A04702201249AA
:10ED2000A047E3F784F8E3F7BEF8E2F76CFFE2F7F9
:10ED30000BFEE3F7A4F8E3F762F8E3F76CF8E3F708
:10ED400035F8E2F7EFFF10BD80310020C030002021
:10ED5000956A06105DB4041005720610BD7F06109A
:10ED6000095D06103D6706103D6506100021034A47
:10ED70008162C2621921C901018670470100010048
:10ED8000FEB50D46002400290ED06B1EDAB2022A11
:10ED900022D807210B400621D94001260E40D10080
:10EDA000254ACA40D2B201E00222264623490B6816
:10EDB000002B2FD000960190197938274F4300245B
:10EDC0000294A74225D019680E197178C80701D19D
:10EDD000114203D13834F4E700241BE0002D06D0A3
:10EDE000012D09D130460199E2F742FE17E0304685
:10EDF0000199E2F725FE12E00098002809D030467C
:10EE000001992A46E2F75EFE7178022D04D11022A4
:10EE100003E0029C2046FEBD202211437170029C3B
:10EE20000028F7D17078012101437170301DEFF790
:10EE3000BCF93446EEE7C0460408080078310020EB
:10EE4000B0B5044605780A4800680069902104229C
:10EE50000123EBF75BFD002804D0014605719020EB
:10EE6000EBF7B0FD6078FE2101406170B0BDC04697
:10EE700074310020F0B591B00B910446464800680B
:10EE8000902141584831656B2E46EA3605223046BE
:10EE9000EBF7C1FBA43528463146EEF74BF9606B22
:10EEA0004C230A93C15CFB220A40C25404F0D2FBFB
:10EEB000616B086500263046EBF720FD05463046BD
:10EEC000EBF71CFD0006000A4019616B48650D96C2
:10EED0000C96616B086D496D09910125294602F078
:10EEE00066F90890676B384690300C9002F07CFB16
:10EEF0000F90A27E284800684179069505960E205D
:10EF000004900CA803900FA80290EA37019700968E
:10EF100009980002431C17461046089AEEF77DF93F
:10EF2000606B3221405CEEF765F901463846ECF73C
:10EF300077FE0C98ECF77DFC272538462946ECF740
:10EF4000FAFD204604F0A9FB606B2830EEF768FB61
:10EF5000124961611249A1801021A171E9000002EA
:10EF600040181049E3F78FFBE0602061606B808EF2
:10EF70004002A060A462201D06220B99EBF710FC52
:10EF8000606B482146544664606B0A9BC15C082252
:10EF90000A43C25411B0F0BD80310020D0070410E4
:10EFA0000B0E000071020000F0B591B004464068FD
:10EFB0000178427812025118807800040D1812204E
:10EFC000FF2D72D3290D70D17D20C600A819F9300C
:10EFD0003849E3F758FB074604963046FA30784341
:10EFE0001090218910A822461E322346193300931F
:10EFF0000192029023460F330722284600F05CF866
:10F000002784227E002A04D0012A04D101231A4633
:10F0100004E0012302E001201346024607A887818D
:10F02000E17B0170A17B4170217C8170A17801712D
:10F03000617E4171A17F4172A17A0429059400D1BA
:10F04000032181720B950027104606930390C41884
:10F050000121C80723D007AD2A720698E8716F799D
:10F060006743AF712846164604F03FFB2846F9F780
:10F07000C1FA05998A8904994A430021904232468F
:10F08000E7D90398000606D1069BD8B202280ED312
:10F090005B1E0020D9E7069B5B1C0022D4E7059E7F
:10F0A0003777F2760698B076002011B0F0BD1120C7
:10F0B000FBE7C046E2040000F0B589B00391079079
:10F0C000002874D01C46109805900F9808900E9D4B
:10F0D000501E02900398401E019006930492002057
:10F0E0002870059F386833490E18E2363046324999
:10F0F000E3F7C9FA761A3E6007983146E3F7C3FA98
:10F10000002903D0012020703E6802E0207800280A
:10F110003AD0284CA01C70430799E3F7B4FA0119C0
:10F12000890A05224A43039948430019800A1418A2
:10F13000671E2E78701C2870C1B27818E3F7A3FA06
:10F14000801CFB2800D3FB2008990880801E2E78A5
:10F150007043A04201D2FF2EECD1049FBE42069C18
:10F1600025D9002F0BD0029880193946E3F78BFA86
:10F170000146059C2068E3F786FA2060069C012082
:10F180002070BE42ABD812E02E78019C0B4F701C51
:10F190002870C1B26018E3F776FA08990880384001
:10F1A0002E78FC28D9D3FF2EF1D1FF26D5E709B060
:10F1B000F0BDC046FF030000E2040000FCFF0000B9
:10F1C000FEB516460F46002825D00025009601976B
:10F1D00038462F462C46002814D002900121304694
:10F1E000EEF7F6FEB460002F014600D039468142AA
:10F1F0000A4600D802465519141924360298401EB2
:10F200000F46E8E70098001D0199002912D005601B
:10F210002430491EF9E70024002F0BD0012130468D
:10F22000EEF7D6FE7060B460717841430C19243655
:10F230007F1EF1E7FEBDFEB5154602910446074666
:10F24000083700260196022E11D0386800280AD00F
:10F25000F2B22046029904F05FFA7D21C9002A88A3
:10F260004A43904205D83F1DAD1C761CEBE7019840
:10F27000FEBD0120FEBD0000F0B585B0019314462F
:10F280000D460646F8F7BEFD0028049529D007462E
:10F290000026029403962878864242D22178384686
:10F2A00004F06EFA002815D005466A20295A00207D
:10F2B000ECF7D8FF002802D0A08B00283DD06A359B
:10F2C00029880120ECF7CEFF002806D0608C0028AA
:10F2D00003D132E00398401C03902434761C049D33
:10F2E000D9E72A205749095C2878884223D8022187
:10F2F000FFF746FD0725002820D007460294406B03
:10F30000012444703E70786B00210176EFF716FC03
:10F31000FF2800D182E0B876F87E2043F876049D7D
:10F320000FE02A204749085C0399C9B27A6B127E24
:10F330005118814205D9092500E00C25284605B061
:10F34000F0BD0397029C1E3400262878864217D20F
:10F35000A71F387812250028F0D021780029EDD099
:10F3600004F023FA11250028E8D03870207804F042
:10F370001CFA0028E2D020702434761C049DE4E7B7
:10F38000039E706B047E183014222946EBF743F974
:10F39000706B04760024019F2878844228D2029E54
:10F3A0003178039804F0ECF90546002811D104F0F7
:10F3B00013FA05460194039C2046294604F01CFAE2
:10F3C000606B019C017E491C0176EDF743FC6A21CC
:10F3D000685228466C3024223146EBF71CF96A202B
:10F3E000285A388024360296BF1C641C049DD3E73B
:10F3F000039C606B017E012901D1002141772046E9
:10F4000004F00EFA204604F050FA656BE88B0E49C2
:10F410004143A86A884208D912258FE7384604F08C
:10F4200085FA3846FFF70CFD88E774352D68002D06
:10F4300005D02046294604F087FAAC35F6E70025CA
:10F440007CE7C046C0300020E2040000F8B5044666
:10F45000406B083000252946F8F748FE606B1030F5
:10F460002946F8F743FE09480068616B4A6F002A95
:10F4700007D0AC23D5588668376BD7504D673263B9
:10F48000F3E72046FFF7DCFCF8BDC04678310020EA
:10F4900010B50C244C43F8F783FC00194179102275
:10F4A0000A4342710720F0F70DFFF0F75FFF10BD30
:10F4B00080B5EBF783FC49218900405CC006C00F92
:10F4C00080BD0000F0B585B01E4A1268146872B69F
:10F4D0000622A55EEA172F4697431B4A0391891817
:10F4E0004E09711C049100220328029001D110469C
:10F4F0000EE04100635E012B09DB0498191A4842B3
:10F50000019009B2C81301990840DF1900E004987E
:10F51000E368995E36B2B1420FDD39B2B1420CDD1B
:10F52000281AE08002984000215A049A891A215230
:10F530001846039904F00EFA024662B6104605B06A
:10F54000F0BDC04688310020FFFF1F00F8B50090D5
:10F550000023138010480E2B1DD007251E462E4079
:10F560001F06FF0E009CE719832464003C5DF440F5
:10F57000E4070DD0068835400124AC40F508EDB213
:10F580004F5D27434F551588B54200D83546158045
:10F59000801C5B1CDFE7F8BDF8F50610FEB50546DC
:10F5A000C00633D417461C4800683622825C00240B
:10F5B00092062CD53630407A000728D50191029367
:10F5C000164800686907C90E40180069162204230E
:10F5D00029460093EBF79AF900281AD0064647729D
:10F5E00001983072380AB07230460B300822029906
:10F5F000EBF711F80099F1710C20B0713E20707199
:10F60000317128463146EBF7DDF900E086242046CB
:10F61000FEBD0724FBE7C046803100207431002086
:10F62000FEB50546C00637D416461E480068362289
:10F63000825C0024920630D53630807B40072CD582
:10F6400001910293184800686907C90E40180069C3
:10F650002F2241232946EBF759F900281FD00746EE
:10F66000099908987E7238730298F8720198387276
:10F67000300AB87238460D30F822EAF7CCFF2B205A
:10F68000F871FE20B8713E20787104203871284648
:10F690003946EBF797F900E086242046FEBD0724A3
:10F6A000FBE7C046803100207431002080B5828B9A
:10F6B000920708D4202281540720F0F703FEF0F7C8
:10F6C00055FE002080BD3A2080BD000080B5034972
:10F6D00009684F310622EAF79EFF80BD8031002085
:10F6E00000210A46062905D0435C002B00D00122E8
:10F6F000491CF7E7D0B27047BFB50C460546EBF79B
:10F7000053FB3221405C002801D0002011E00A4860
:10F71000006890214058C06B0168086A496A03AAD2
:10F72000012300930192FE2295432A462346ECF7DB
:10F73000F5FB04B0B0BDC04680310020B0B5144622
:10F740000D46EEF7C5FD002805D0C16FB322895CD8
:10F750002970012100E0002120600846B0BD806FC3
:10F760004121405CFF38411E88417047F0B597B099
:10F770000746407A884200D8D6E016460D460E93DA
:10F78000EFF70AFE0D241190FF2800D1CDE0EFF72E
:10F79000D5F9FF2800D1CBE00F951D990C911C994C
:10F7A0000891BD6F044640201199295428468C3099
:10F7B0000B90EEF7FAFCA2200A942C54A320295CAB
:10F7C0000123194329547C4801687C48006812953C
:10F7D000403500226A600D92AA602E7109931E4086
:10F7E00001D04F30014610976137681D06220792FD
:10F7F000EAF711FF0D98E86028610E9C2C732846EB
:10F800000D300899079AEAF706FFB001E1014018A8
:10F81000401D6421129A50541046643022214170D8
:10F820000C9C2146F0F754FB1198EBF7C7FA0E90A9
:10F830001098C06FB321405C46081190F9F792FD13
:10F84000B1000E9E7218E189814200D30846000281
:10F85000906558320C98808840021199F0F78EFB21
:10F860008821129A50500F986870EEF763FC15903B
:10F87000EEF718FE169030461430149013964F4849
:10F88000006840790E903A787978BE78FC783879BB
:10F890000C907B79B8790890099806900D9D059594
:10F8A0000727049713AF039715AF0297109F0E37E2
:10F8B00001970095080280183204801822068218E9
:10F8C00018020C9940180899090443180A9E3046FA
:10F8D0000E99EDF7A2FC1198EDF78CFC044630462A
:10F8E0002146ECF79DF930462146ECF764F9129871
:10F8F000806B0F99415C3046ECF71DF9139E009523
:10F9000094202946109D22462346EBF728FE014607
:10F910003046EBF786FF1398EBF78BFF687A0228E7
:10F920000AD3A86F001D09E01224E0B217B0F0BDA1
:10F930001198EEF736FDF8E7284650300F9B129AE3
:10F9400017468D37016818460E914843696D0918AE
:10F95000507C90321292984201D3286D41180F9139
:10F9600022210026119C20463246EAF73FFE0D90E8
:10F970000E2120463246EAF739FE08210B9E3170EF
:10F980000A213970129B1D620D490C227A700D9A62
:10F9900010187C300E9A1A6058609860D960062260
:10F9A00030460F99EAF7FCFE002801D10446BCE777
:10F9B0007920C443B9E7C04670310020803100206F
:10F9C000BC08041010B50446EC30EEF797FCBA20E2
:10F9D00000212152BA34A07AFF2801D0EEF7E1FCD1
:10F9E000FF20A072207A800701D5E2F73CF910BD14
:10F9F000B0B50446C220205C800701D40020B0BD11
:10FA0000254684352846E2F732F9A16F2846E2F709
:10FA100012F9A06F08300021E2F7F9F8606FA16FCA
:10FA20006167A0670120B0BDC72100224254014692
:10FA3000A0318A88032313405A1E93415A00A02301
:10FA4000C252887B012202408307DB0FD218400795
:10FA5000C00F1018401E887770470000F0B587B0BF
:10FA6000039027203C49085C25228A5C42432A20D7
:10FA7000085C141828228A5C2623C95C51430818A4
:10FA80000594049004193548006806900020024649
:10FA9000D1B28C425ED90C274F430699CD68EE193E
:10FAA0003179CB07521C002BF2D10290301D01900E
:10FAB0000398002818D00020C3B2059A9A423DD975
:10FAC0005C01069A53691A5DD207401C002AF3D1E3
:10FAD0001819EC19A06000212022EAF7A0FDA06807
:10FAE00001210170042126E00020C4B2049AA24240
:10FAF00024D930236343069A1469E25CD207401C80
:10FB0000002AF2D1E018EC19A06000210691302201
:10FB1000EAF785FDA06801210170A068069941807F
:10FB2000A0684170A0688160A068C160A0681C30B6
:10FB3000EDF78CF80221019C217000E0019CEB198B
:10FB40009A68002A029805D0012211432170FF21F2
:10FB50009970304607B0F0BDC03000207C310020E5
:10FB6000F0B52821124A515C2623D35C4B43272150
:10FB7000515C2524145D4C432A21515C490009192C
:10FB8000CA180C490B6800210C46E6B2B2420CD9E7
:10FB90000C257543DE6877193F79FF0702D0755B46
:10FBA000854201D0641CF0E701210846F0BDC04643
:10FBB000C03000207C310020F0B585B0049316469B
:10FBC0000D460746EDF7DAFC002809D004460C9AEA
:10FBD0000B9B4078410705D4000720D486202AE0FB
:10FBE000022028E02046394615461E46EDF75AF910
:10FBF00011210901626B52580301D01880683060EE
:10FC0000606B4058C018C0682860606B4058C218CC
:10FC100000209060626B5158C918C8600BE00D98C5
:10FC20000A99009101930292039038462946324680
:10FC3000049BE1F781FF05B0F0BD000004480068B7
:10FC40009021405840683D21C90040187047C04687
:10FC50008031002070B50446FFF7F0FF0146427A7C
:10FC600000200346934209D0DD000E687659002E2D
:10FC700001D05B1CF6E723700868401970BDF8B529
:10FC8000FFF7DCFF04461030009000270725207A9C
:10FC900087420CD26068465D00983146EFF702F962
:10FCA000F000216800220A5008357F1CEFE7F8BDFC
:10FCB000FEB5FFF7C3FF04463820205C002826D09D
:10FCC000FF25DC35F0F7FCF8405D052101400129F6
:10FCD0001DD1204638300027019007702046103093
:10FCE00002900726207A87420ED203CC895DCA0093
:10FCF000831800259D71835801220298083CF0F773
:10FD00004AFC08367F1CEDE7012001990870FEBD12
:10FD1000F8B5FFF793FF04463820205C002815D083
:10FD200020463830002700900770254610350726FA
:10FD3000207A874207D26068815D2846EFF7B2F8E3
:10FD400008367F1CF4E7012000990870F8BDF0B573
:10FD500087B00F460146007900260C9C00282FD062
:10FD60000390086804914968059206AD00930195D7
:10FD70003A46059BECF7D2F8002821D00290059472
:10FD80000D9A049C236806A90978CD005B19DB79DC
:10FD900013700398401E0390C0B2814223460BD0DB
:10FDA0001D68CEB2F600AF19BA68FC68AA517C6033
:10FDB000491CCAB28242F3D103981871029E059C75
:10FDC000267007B0F0BDB0B50446FFF737FF054613
:10FDD00010302146EFF766F8E000296800220A504B
:10FDE000B0BDB0B50446856F2A7C2946F9F737F9CE
:10FDF000A9680918607A4843B0BDF0B589B0079387
:10FE0000154606910646E2F742F803460024059699
:10FE10000490A34241D001221746A74037423AD06E
:10FE2000287881070DD407988088800733D5E87932
:10FE30003840E040687909D100282CD07F282AD0AA
:10FE400004E0FD2108402870022200200890079855
:10FE500001190B7EFE261E407E2E01D1002608E0F1
:10FE60000E7F981B464246412020085C834200D109
:10FE7000B61C0698418F089840B25BB20093019679
:10FE80000290601CC3B2002003F088FDE879B843FB
:10FE9000E871059E049B641CBBE709B0F0BD00003F
:10FEA000FEB5029301920E460546EAF787FF044627
:10FEB000074690342846F0F723FB0899042E06D114
:10FEC000002804D0019A002A0CD00A220BE088886E
:10FED0000880012E02D1C0080E3801E080080F38DA
:10FEE000029E0FE00822029E8A5A0A800088022899
:10FEF00001D0012000E003200B4BD218C2400B4878
:10FF00001018C00883B222889A4200D30246002EFD
:10FF100003D093B2C889984200D310466080384617
:10FF2000FEF7BAFAFEBDC04688FEFFFFB5FF070028
:10FF3000F0B581B00D4800689021405880685D217F
:10FF4000475C0025284603F05FFD0446284603F081
:10FF500083FD0646E1F79FFE002F04D0344304439F
:10FF6000601E84412546284601B0F0BD8031002046
:10FF7000B0B584B00B46024606480068902141584F
:10FF8000C868096903AC012500950194EBF7C6FF29
:10FF900004B0B0BD80310020F0B582B000901B48A5
:10FFA00002689020019012589268D6693279002A2E
:10FFB00029D0002407253268505D80260746774007
:10FFC000FF09B94214D07F273840009B98420FD9CF
:10FFD000002757550D4A1268019BD2589268D26982
:10FFE0001268535D471E1F43002900D03743575501
:10FFF00006480068019A80588068C66930790835DB
:020000041006E4
:10000000641C8442D7D302B0F0BDC04680310020CA
:10001000B0B504460020C04362788A4212D9226AF1
:10002000525C8A420ED04800616A0D5AEAF78AFB98
:10003000C00821784A1DD040281A00B20522424348
:10004000D0108840B0BD0000034909683522895CA2
:100050000840411E884170477031002070B50C4641
:10006000054600263046EAF7AFFA7A300D49897F17
:100070000D4AB1420FD00388934209D00346323B68
:100080001B68AB4204D103462E3B1B68A34202D03F
:10009000C030761CEDE78E4201D3002070BD0120F8
:1000A00070BDC046C0300020FFFF0000F0B58DB02D
:1000B0000446AF20205CC106890F274678372646C4
:1000C000AC36002917D0EEF7BDFC0546F0784106A6
:1000D000C90FC20715D0002913D0BF210840F07006
:1000E000A06CE16C03F0D2FC354878800020C1435D
:1000F000A165687261E0800656D4788803F0E2FC5E
:1001000052E0FF222A81020604D4002905D007A864
:100110001A2209E007A8072206E0C00602D407A8B1
:100120003E2201E007A844220273009507A800229E
:100130000275C2748274427442813078FF2807D1FC
:10014000002905D105A902920492019203920DE0C3
:1001500022464832F179039171790491214649315F
:1001600013780293D279256E6B0A019307AB029D37
:100170005D731A74049A9A73039ADA73019ADA8097
:100180000791FF2809D0EAF719FE418F07A881805F
:1001900039880181E1F78BFD06E000980C30E1F72A
:1001A0007EFD07A8E1F787FD2046EFF72EF9707A6C
:1001B000EEF7ECFC707AE1F795FD0DB0F0BDC046AE
:1001C000FFFF000080B5E2F72FFA002801D0406C55
:1001D00080BD002080BDF8B514460D4606460027B8
:1001E000102220463946EAF71AFA002E16D028784F
:1001F0002028394609D3602801D3032100E00221D9
:10020000402800D201211F22104001228240880094
:100210002158114321506D1C761EE6E7F8BD80B5CC
:10022000002802D0FFF744FD80BDFFF771FD80BDBF
:1002300080B50021C422EAF7F2F980BD10B5FF2194
:10024000E031425C910701D5262100E027212523DA
:10025000D40700D01946002A00D119462122D20025
:1002600081548018417010BD70B504461348006871
:100270002D25465D1220A6421CD81925ED01AC4261
:1002800018D88E4216D8A94214D8A14212D3940885
:100290007C2C0FD8059C049EB4420BD30A2B09D3A7
:1002A000AB4207D80698521C4A4342439008834207
:1002B00001D8122070BD002070BDC04670310020F2
:1002C000F0B591B014460F4609900C2603F026FCB9
:1002D000002800D1C3E0EEF731FCFF2800D1BEE0DA
:1002E0000546089705940998000A03905D48006840
:1002F0008C2147588C30C668304614300690EDF794
:1003000054FF2A20355434462A345748A083607855
:1003100001210791084360703046EBF729FA304617
:100320003146EBF764FAB91C3046EBF735FA00209A
:10033000049000900398C0B2811E4F424F410328A1
:1003400000D104270898010C0191000A0290099835
:10035000000E0390962007993A463B46EBF7FFF8CC
:1003600001463046EBF75DFA40493046EBF77DFA3F
:100370003046EBF75EFA3046EBF71CFA3046EBF707
:100380001FFA3046EBF746FA3046EBF733FA3046C1
:10039000EBF7E2F93046EBF742FA3046EBF722FA98
:1003A0003046EBF752FA2846EBF714FB2D4800686D
:1003B00041792846EBF73FFC0998C0B203F0C0FB37
:1003C00001462846EBF7B7FB28463146EBF721FC00
:1003D00028463146EBF7E8FB25492846EBF709FBB1
:1003E00024492846EBF729FB28463946EBF7E3FB7F
:1003F000E1F760FA012801D0252100E0FF2128461D
:10040000EBF780FB0AA8019901760299C17508995A
:1004100081750399417505750799417605990D9187
:10042000314654310E910A96F16C326D0B910C925B
:10043000E1F74DFD1048049A62831049B161F16102
:10044000326270621320B0750D48B082B663EAF76D
:1004500079F901460C220698EAF7A2F906463046D9
:1004600011B0F0BD80310020017F0000FFFF0000CF
:10047000294176715555550080070410FFFFFF0F85
:1004800001020000F0B597B00F9317460E460546DF
:100490000C2403F043FB002800D16FE10B97EEF72B
:1004A0004DFBFF2800D169E10746280E0E95290A69
:1004B0000C91811EC8B201220228079214D849B2B9
:1004C0008900B0A25258B2A35B589A180A92B3A2FC
:1004D0005558B5A252580692B6A251580991C0007B
:1004E000B749C140049106E005200A900025082084
:1004F000099006920495300C02900D96300A0390F4
:10050000B048006888214458883006693046143065
:100510000890EDF74AFE2A20375431462A3102204E
:10052000059008774878079A104307914870069914
:100530004D430C98C0B20190401D48430A990818D9
:10054000099948434019A049401880B29F49E2F7F1
:100550009AF80690099654360A960F99C8B27D28E3
:1005600003D198480068457903E048B2EAF785F876
:100570000546099E3046EBF7FBF830463146EBF76F
:1005800036F930462146EBF707F991493046EBF74B
:100590006CF93046EBF70EF93046EBF73BF9304695
:1005A000EBF72EF93046EBF7D7F83846EBF712FAAF
:1005B00038462946EBF73FFB0E98C0B203F0C0FA6D
:1005C00001463846EBF7B7FA38463146EBF721FBE0
:1005D00038463146EBF7E8FA7E493846EBF709FA38
:1005E0007D493846EBF729FA0498C1B23846EBF753
:1005F00017FB3846EBF704FB10A80299017600259B
:10060000C575039981750D994175077545760B99E7
:10061000139111950A9914911096316D1291E1F789
:1006200056FC3046EBF717F93046EBF7DBF801984C
:10063000252802D80C9F3E4601E025260C9FE1F7B5
:1006400039F9012800D037460E98000C0E90F8B208
:100650000F900D9E0F98A84203D0FF2060556D1C8F
:10066000F8E767700E982070E1F71CF900280CD0AD
:10067000F0B20028059809D020782021014321708C
:100680000A980078A070032000E0059820180D90CB
:10069000FF200B90C6010A967F360F200C90420176
:1006A00014461F3400210F9881424DD03346254611
:1006B0000E98C4B20020072C3DD8A40002A63759DA
:1006C0002C461E46BF46C046E90606100307061024
:1006D0000F070610130706102D0706104107061016
:1006E0000B0706103507061002202C46002825D0DF
:1006F000660016406701174024097C407440401E84
:10070000F4E72C461E460C981AE0F02013E0552022
:1007100011E00A9E304640309C010440D801304030
:100720001E0A464066402C46184609E02C461E46E6
:100730000B9805E0AA202C461E4601E01E462846DE
:100740000D9B5854491CAEE724480021079A518359
:100750001422099B9A75224A9A82069A1206120C52
:100760009A61DA61196258629B63E9F7EBFF01460F
:10077000833106220898EAF713F80446204617B09A
:10078000F0BDC046020000000A0000000A000000A0
:10079000040000002500000025000000000000000B
:1007A000030000000300000001000000080000003A
:1007B0000200000004000000080000000800000023
:1007C000010406008031002069030000710200006E
:1007D000FFFF000029417671555555009807041018
:1007E00001020000704710B504000800110002006B
:1007F0002000E0F7EDFC200010BD0000FCB50A0071
:10080000002303210091010014E0019C3440000406
:100810000DE0019F374006043E43AE605668F60384
:1008200007D5EE689027FF05B942EED1344020434A
:10083000E8605B1C1068D84000D186E0C007F8D59E
:100840005C000098A040C54301955068009D05409C
:10085000012D03D0009D0540022D11D18868019D16
:100860000540D068A040284388604D6801200126DB
:100870009E40B5435668360930409840284348604A
:100880005068009D0540032D1CD0C868019D05409F
:100890009068A0402843C8605068009D0540022D24
:1008A00010D1D80880000D18286A9F001C263E40F1
:1008B0000F27B740B8431769BC4637006646BE40AD
:1008C00006432E620868019D05405068009E064060
:1008D000A6402E430E605568C02080022840A8D054
:1008E000012098400404E6430196C4436D030ED5ED
:1008F000194D2D689026F605B14202D125400543D9
:1009000003E0019E2E4005043543134E3560124D21
:100910005668F6020CD56E689027FF05B94202D1E1
:100920002640064303E0019F374006043E436E60C5
:100930005668760200D471E7AE689027FF05B94289
:1009400000D066E72640064367E7F3BD002A01D0E2
:1009500081617047816270470C000040F0B585B03E
:10096000C500E8B2304BDB7A5B1E834201D2122015
:1009700057E000202D4E1446082805D000230B54C4
:100980002680A41C401CF7E702912748C07A08285B
:10099000039001D3082103910024019403998C4210
:1009A0003ED2C0B2EFB287423AD2049515463846DD
:1009B00003F0D6F800282BD03846E1F79CFA00283F
:1009C0000FD0384603F0DAF80646184886421CD0A5
:1009D000012002990855E1F79AFA002818D02E80D4
:1009E00016E0384603F0E0F800280ED0064680787E
:1009F000FE210140062905D1384603F0FBF8408F5F
:100A00002880B07803F01AF900E008200299085510
:100A10002A46AA1C0448C07A049D6D1C641CBDE7CC
:100A2000019805B0F0BDC046C0300020FFFF0000B7
:100A300080B50F21002003F015F9F02109010020F5
:100A400003F02AF93249012003F026F93149012047
:100A500003F008F901BD00682F49884200D07047B3
:100A600080B5802040022D490A6802430A60096867
:100A7000084000900098002201210D2001F08DF91E
:100A80000D2001F08FF901BD18B587B004001821C1
:100A900001A8E0F79BFB2068C021C905884235D139
:100AA000012401940420059001A801F059FC0028BC
:100AB00001D0F9F731F81A48016A21400CD10168D8
:100AC000214301600168A1430160016A2143016281
:100AD000006A044000940098F9F724F800220021ED
:100AE000122001F05AF9122001F05CF900220021D5
:100AF000192001F052F9192001F054F900220021C7
:100B0000162001F04AF9162001F04CF908B010BD8A
:100B1000C930000036C00000000030485000404896
:100B20004000404810B5904216D98AB2030C090C17
:100B30000C46594380B25343444350431B191A0493
:100B40001B0C1018594180225203002312184B41EC
:100B5000520DD802104310BD484380225203121890
:100B6000520D104610BDB0B50A68002A09D0C369FD
:100B7000DC431346002B09D0DD692D190ED59B6A85
:100B8000F8E7002282620860C16204E0002282620B
:100B90004A68C262106028304860B0BD9A4207D0EF
:100BA000D96A8362C162D96A08602830D862B0BD50
:100BB00003462833D36282620860C162B0BD000080
:100BC00001460846C96A4968096800290AD0CA7DF1
:100BD0001207F6D4CA690B6AD218C3699A1A843A02
:100BE000EFD4704701480068806970478431002065
:100BF000FEB50091002800D1EDE005462E46AD6A15
:100C0000002D00D1E7E0B069B1680A18EF69D01B88
:100C10008230714801684C6965D4F369A64201D0FD
:100C2000029308E0D843019434464E680296301887
:100C30002646019CF4D4687D737D83425FD304D142
:100C4000307DC0070BD1002728E0AC4201D1F8F776
:100C500035FAE87D08210143E975012728E002986B
:100C6000391AF368994206D2287DC00705D1EA7D7A
:100C700000210F4608E0002709E000202862E87DF7
:100C8000022202430127194608201043E875316209
:100C9000F07D02210143F175A64204D0AC4207D198
:100CA000F8F70CFA04E00298F061304603F010F80F
:100CB000287DC00714D1307DC00711D16878697DC7
:100CC000491CCAB2824200D8084668754248016889
:100CD00018312846F8F7E8F9284603F013F83546A6
:100CE000002F8CD18AE7A54205D1F068316A814294
:100CF00001D3F8F7E3F9009800286CD07EE7307D47
:100D0000C00717D1A6422F4600D0374678787A7DA3
:100D1000521CD3B2834200D8104678751831384639
:100D2000F8F7C2F9384602F0EDFFA64200D02E4691
:100D3000354663E702983F1A833F00D20027306AA6
:100D4000874200D30746F06887421ED2D043AA6983
:100D50001018AA68801825D4A64207D14878400701
:100D600033D4F8F7ABF91C480168737D70785A1CCE
:100D7000D3B2834200D81046707518313046F8F768
:100D800093F9304602F0BEFF38E73762F07D02216A
:100D90000143F175A64212D0AC4200D02EE7F8F71D
:100DA0008DF92BE700203062F17D02200843F075B9
:100DB000A64202D1F8F782F9F07D082108E00298F6
:100DC000F061304602F084FF18E73762F07D0A21B7
:100DD0000143F17512E7FEBD843100207CB50D465C
:100DE00004468069E1690190009120694669002EFE
:100DF00005D0606A01AA6B462946B04700E0012091
:100E0000012D08D1A169A268E3685118C943009A6D
:100E10005118C91809D5012801D101207CBD0099BC
:100E2000E161022802D10198A06102207CBD00008E
:100E300080B501690969002909D00549096820318F
:100E400002F074FF0620EFF73DFAEFF78FFA80BD4E
:100E500084310020F8B5009104460027344B3D460C
:100E60007F1C1868064618363668002E50D0F16888
:100E7000326A8A4201D22836F6E7009886420ED0BE
:100E8000F07D01210143F175E9F75CFC284909680F
:100E90004860002C03D0F169081AE92841D830696C
:100EA0004168002903D0706A8847002817D0F1698B
:100EB000304602F04BFF1E490968002832D0183135
:100EC0003046F8F7F1F8F07D40070ED47078717D68
:100ED000491CCAB2824200D80846707505E0144821
:100EE000016818313046F8F7DFF8304602F00AFFA3
:100EF000002C01D1F6F7B8F9092D0D4BAFD3E0F76F
:100F000056FDA120062100221346EAF7CDFFF8BDC9
:100F1000002C04D100201C4602F05AFF206800215A
:100F20004161F8BD4E61304602F052FFF8BDC04647
:100F300084310020B0B51F22D443084A2346083329
:100F40000AD014192025645D84421C46F7D1D018BC
:100F5000C26908469047B0BD0120B0BD30080410FA
:100F600080B508468978C91CF9F785FB80BD80B536
:100F70000846C978027912025118491D89B2F9F759
:100F80007AFB80BD80B508468978C2781202511874
:100F9000091D89B2F9F76FFB80BD00001F210140D8
:100FA00001228A4072B60549096840098000081884
:100FB00001691143016162B67047C0468C3100205F
:100FC0008421405801880120084070472C2805D80A
:100FD000032141430248401880787047142070472D
:100FE00014150710F8B5112109010A464C3200907A
:100FF000424351181448026890241259D26B526827
:101000000225002D12D006683659F66B7668002747
:1010100077505618B31E1F70331FFF271F80083EDE
:101020007D235B0433600C316D1EEAE75721890094
:101030000098414350182521C900FF2242544921FC
:10104000890000224250F8BD80310020F4210022A6
:101050004250F430012109044160704710B500236B
:1010600006A11A46042B03D08C5C531C8442F8D191
:10107000042A01D3002010BD012010BD0100161F5D
:10108000414248417047882140580088C005C00F40
:1010900070470000F8B50D4606464024F6F76CFE92
:1010A00002462F5D2C463834E86B0028394608D0BC
:1010B00000961646F6F7C4F93246009E0020E86313
:1010C000217A14202070022903D1B08B08490140F5
:1010D000B1830848006890214058C06B0068816B5C
:1010E00069648563D019017A491C0172F8BDC04654
:1010F000FFFB0000803100200021002802D00068A2
:10110000491CFAE788B2704710B50A4A126812689B
:1011100072B64300D05E4418D4520BB2C318012BF0
:1011200002DB4342C10B1940D0880818D08062B658
:1011300010BDC0468831002070B5002400290AD0B7
:1011400000260D460968334620339EB296420ED2E1
:101150000029F6D101E023462546D11A89B202F0D2
:10116000F9FB286000280AD17920C44307E0002950
:1011700004D0F6F799F900242C6000E00024E0B2D6
:1011800070BD03688B4209D01A46DB698B42FBD1E4
:10119000CB69D361002B07D11C3204E0CA6902601D
:1011A000002A01D1024642600020C8617047B0B5F4
:1011B00023224A43012113460B405B423F24A406ED
:1011C0001C402A32D3034D041D402C198D041D40B0
:1011D000631914040D0525405B194D0525405B1965
:1011E00094040906214059189207D2170523DB05FC
:1011F0001340C9184840B0BD017842781202511816
:10120000827812048918C07800060818704710B553
:1012100003990A70140ECC70140C8C70120A4A7068
:10122000029A541EA241D2017F241C40A2180A71C6
:10123000491D0022082A03D0835C8B54521CF9E715
:1012400010BD70B514460D46064602F0F7FD0023AA
:10125000304629462246F6F745F9204602F0EEFDD3
:1012600070BDBCB50C46079D01212970691C019118
:1012700006990091FFF7CBFFEC73200AA873BCBD61
:1012800010B50B6804685C4014604B6844685C40AF
:1012900054608B6884685C409460C968C06848404A
:1012A000D06010BDF0B589B014460D4600210891FC
:1012B00007910691059105A901AA00F039F8039A52
:1012C000D00F04994B001818002909D4019B59002C
:1012D000029EF70F5200D219DB0F7600F3180AE0D6
:1012E0000299CB0F5200D218019EF30F4900CB1880
:1012F00076008721714029606B60AA60E860002851
:1013000004D42846214602F0A6FD0FE0D50F400088
:101310004019DD0F52005219CD0F5B005B194900D7
:1013200087254D4025606360A260E06009B0F0BD94
:1013300010B50446002308462146F6F7D3F810BD41
:1013400012422DD0994231D970B500251B4209D0E7
:101350000C00002112E01100E1F795F90A000021CC
:10136000002370BD0942F6D00024012649186441CB
:10137000944200D3A41A7641F8D33100012601E04B
:10138000764109D2001864416D41A41A9D41F7D2FB
:10139000A4185D41B619F5D3300022002B0070BDB2
:1013A0001B42CFD108B502F06DFD08BD01D19042BE
:1013B000CAD202000B0000210020704710B58279CC
:1013C000037914465C438C4201D100200DE0407843
:1013D000002804D008461946E1F755F904E008460C
:1013E0001146E1F750F90146481CC0B210BDF8B5EE
:1013F00004468679057930466843884201D1FF204A
:1014000030E00F466279607800280FD029461646F2
:1014100051433846E1F737F908462946E1F733F9F1
:10142000009038462946E1F72EF90BE0384615467C
:101430001146E1F728F90091384631462E46E1F78A
:1014400022F90846C0B23146E1F71DF9E179884238
:1014500001D2009806E0401A401C217A41434E43D5
:1014600000983018C0B2F8BD10B5406BC068024695
:10147000CA40D2070AD000231A46994207D0044630
:10148000DC40E40700D0521C5B1CF6E7FF22D0B220
:1014900010BD70B51C460546F7F707F801466070A9
:1014A000686B3430FFF78AFF064661781F200840DA
:1014B0006A6B1018EA22805C2070686B3430F7F792
:1014C0005BF8E060686B006A3146FFF770FE6060B1
:1014D000686B406A00028019A06070BD10B50446B8
:1014E0000846F7F737FFFF210E314143080AA108EC
:1014F0004143880C401C10BDF8B50146446B5D208B
:10150000265C25465D352E73606E4F6B797F002912
:1015100019D074370028394601D0AC30014608682C
:1015200002F0B1FC002831D1009400243846006854
:10153000002814D001466D31AC30E2B209788A42FD
:10154000F5D80C46F3E7002813D001780907890F76
:1015500016D0AC21405802F096FC002611E0386805
:1015600002F091FCE1B2761CF2B28A4203D2009CF6
:1015700015E074370FE00020009908672E73F8BD5E
:10158000761C6D21415CF2B28A4202D220672E7332
:1015900009E0AC300746386802F075FC0026206789
:1015A0002E73002808D0F1B24218127AEA72026F44
:1015B000406F4A431018E066F8BDB0B50D460446CA
:1015C0004878E9F7FBFB408D616B4968F5F7E8FF68
:1015D00004468A20285CF7F78AFA042801D02820DC
:1015E00000E08C200019B0BD80B5ECF7A3FD801C95
:1015F00080BD10B51446484000F00CF8A04201D35D
:10160000002010BD012010BD80B54110484000F001
:1016100001F880BD4108084A0A40801A074982083B
:1016200008400A40101801090818054901400548FA
:101630004843000E7047C046555555553333333334
:101640000F0F0F0F0101010104280AD003280ED04B
:10165000022812D12B291CD94F20C043243002224A
:1016600010E04808E62814D904220C480AE00809CA
:101670002C280ED90622084804E0502909D34F200F
:10168000C04303224018D040FE2803D90020C043A5
:1016900000E00020C0B2704730FDFFFF32FEFFFFC8
:1016A00080B5E9F764F8E9F7BBFF80BDF0B599B004
:1016B0005B20C643E0F70EF9DA4DDB49DB4F01282A
:1016C00004D0E87A002801D10C9115E03446543456
:1016D000E0F700F9E97A61433A4640324243D248A2
:1016E00010184418D24D9635E0F7F4F86843CD4D04
:1016F000E97A414360180C90EC89E0F7DBF80128A7
:1017000001D0E0F704FCE0F7DDF80128129408D1DD
:1017100034464C34E0F7DEF86043E97A41430B91FC
:1017200001E000200B90384654301490E0F7EFFBB6
:10173000012815D0E0F7BEF8012811D02920285C37
:1017400000280DD12520285C002809D12620285CFE
:10175000002802D03846543001E03046183014904A
:10176000384674301390E0F7D2FB0128189615D054
:10177000E0F7A0F8012811D02920285C00280DD11D
:101780002520285C002809D12620285C002802D0CA
:101790003846743001E0189830301390E0F7B7FB0A
:1017A0001190A87E0090E87F1090E0F793F80990E0
:1017B000E87F0190E0F747FA0A90E87F0290002660
:1017C000E0F784F80128304617965FD1E87F1121B1
:1017D0008140032739431691022181404C1E3C432E
:1017E000E0F795FB012816D10F9715946C7F0A2C12
:1017F00000D30A24189E7443A43C0027E0F7CDF9D7
:101800000128384621D1E0F765F801280E973046C7
:1018100003D0483002E0002032E03C303346CB4970
:10182000B831AA7F4A4310182E461D465435F17F21
:101830002A468A408718E0F74DF8012801D038463B
:1018400002E0F07A454378190E9F2518E0F7C1F9B8
:101850000646E0F7A2F904463440E0F73BF82040A2
:10186000012809D1B749C87E401E0F9A1043897FCD
:10187000E0224A43D1430F1AE819B24D179E159C36
:1018800016990919B04A511A0818B04F0890E0F794
:1018900084F90128304622D13846AC30A97E414334
:1018A000189E30463C30EA7A424354180025E0F74F
:1018B00090F9012810D1E0F70DF801280CD130463D
:1018C0004C30A04B197F414330465030DA7E4243C2
:1018D0005018E4389D7E454360199A4D179E079035
:1018E000DFF7E0FF0128344636D1DFF7F3FF0128A8
:1018F00003D02E46189D503505E0189854302E46DA
:10190000ED7A45430C3D2327F05D00240028204656
:1019100005D0DFF7DFFFF05D404203218843401927
:101920002425715D189E324658324A438718DFF7E6
:10193000CDFF01280DD1E0F7EAFA012809D1E0F73F
:101940002CF9012805D17F48445D002C01D0344694
:1019500044343C197B4D179EDFF7BCFF012831460C
:1019600009D1DFF7ABFF0128314604D11898383090
:10197000E97A414314390F910694DFF7ABFF012850
:10198000314608D1E0F737FA0128314603D11898DB
:101990004030E97A41430E9126201690285C04904D
:1019A00025201590285C0D902927E85D0590E0F72B
:1019B000AEFA0446E0F7F1F8E0423146189E1AD03C
:1019C0001698285C2821695C344654344C43F43C16
:1019D0004443DFF77BFF00280BD01598295C2720B4
:1019E000285C3246483242435848801860304843A9
:1019F00000E000200119E85D002803911AD0DFF70C
:101A000069FF00280C9B16D02A20285C4F4A1146FB
:101A1000C4314143E85DF8324243501838381790DA
:101A200009E0C046C030002074FCFFFF88FEFFFFC5
:101A300086FDFFFF0C9B314654310846109A9040BA
:101A400032463832129F7A43D2180B9BD218149B1D
:101A5000D218139BD2181018119A012A06D13B4AAA
:101A6000009B5A4310184722920080180A9B099F36
:101A7000049A0D9CA218012F02D1019FB940401871
:101A8000069F05995118012B05D132460C32029B55
:101A90009A4010187038089A079B8018C018C0190F
:101AA0000F9A80180E9A8018002904D032462432EA
:101AB0004A4310180C3803994018179944182820E5
:101AC000285C179016982F5C2A20285C16902720F7
:101AD000285C149015982E5CDFF7FCFE012805D1D8
:101AE0002B20285C189914314143641802F0DEF968
:101AF000012801D1164824181798169A14994E43B4
:101B0000B1184743B818C84208D0189B1A46343257
:101B10004A432033434398180419183C094D686818
:101B200020180321C943EA8DD21C0A40AB8DDB1C6F
:101B30000B409A182B8EDB1C0B40D118401A19B0A1
:101B4000F0BDC046C030002086FDFFFF88FEFFFFCD
:101B500014F6FFFFF0B593B00120810412912A48DA
:101B60000160BFF34F8FBFF36F8FE9F76EFDE8F7AA
:101B7000FEFD0027F843E9F747FDDFF79BFE1190D4
:101B8000DFF7A0FE1090E0F7C2F90F90E0F75BF8E6
:101B90000E90DFF79BFE0D90DFF7FFFF0C90E0F754
:101BA00018F80B90DFF77EFE0A90DFF787FE0446F9
:101BB000DFF790FE0546E0F71EF9064602F076F9DB
:101BC000C0B2F1B208910990E8B2E1B20A9AD2B279
:101BD0000B9BDBB20C9CE4B20D9DEDB2009701951E
:101BE0000297039404930592069107901198C0B24E
:101BF0001099C9B20E9AD3B20F9A02F059F903485C
:101C00001299016013B0F0BD80E100E000E100E056
:101C100010B50024032002F0A5F9002801D001240A
:101C200001E0FEF705FF200010BD01488068704705
:101C3000900000203F488168042291438160016840
:101C40004905FCD58168022291438160704781B0CB
:101C500039490A6802430A60096808400090009800
:101C600001B07047020C80B2354B0129596804D18C
:101C700001435960D96A114303E081435960D96A2D
:101C80009143D962196808431860986A02439A62BE
:101C900070472C49086882B2886A000410430A60C1
:101CA000020C8A627047284801680422914301604F
:101CB00030BF704770B5040000261E4D2068002814
:101CC00007D12868102188432860286804218843A8
:101CD0002860296E0120014002D10126FFF7B7FFDD
:101CE0001A480168890007D48168490004D4016852
:101CF000802212060A430260002E03D0286E0121C2
:101D0000884328660D480168802252000A43026019
:101D1000A8680826304001D0FFF78CFF2068002813
:101D200005D128688006FCD428683040F9D100200D
:101D300070BD00000000404860004048040050486A
:101D4000080050481000504810ED00E028180060CE
:101D500080B5FFF79EFF002801D0F8F785FC01BD94
:101D600010B5C20018231340FF249C40E2438907AA
:101D7000090E9940030004D419489B089B00C01821
:101D800006E0184B0007000F08388008800018187C
:101D900003681A401143016010BD80B5FFF7E0FFF2
:101DA00001BD0000010005D40121C006C00E814024
:101DB0000D480160704710B5401E802149048842DB
:101DC00001D3012010BD094C606003210020C043F5
:101DD000FFF7C6FF0020A0600721216010BD0000B2
:101DE00000E400E01CED00E000E100E010E000E0B5
:101DF000F8B5050000260124002D25D028790028FB
:101E000002D12800FEF727FE00F0B8FD022129715B
:101E100007002868016821400CD1046000F0AEFD85
:101E2000C01B0A498842F4D303260420A8602E71FF
:101E30003000F2BD8068D0214903014328688160E9
:101E40000020A8602C71F3E70120F2BDE903000037
:101E5000F8B50400216808688004800E0D684E689B
:101E6000012739050D4206D00E4204D0A2683A433C
:101E7000A2602268916049080D4207D00E4205D049
:101E8000A26802231343A3602268916024280AD128
:101E90002068F821090140580C49884203D0A06805
:101EA00008210143A160A068002802D02000F3F7B8
:101EB0009BFD7804054007D0064005D02168886066
:101EC00027712000F3F78AFDF1BD00000DD6000058
:101ED00080B50020F7F724FEF3F73AFF002801D081
:101EE000F7F71AFEF3F7DCFEF3F792FCEEF744FA8D
:101EF00002F05EF80020F7F714FE002002BD80B566
:101F00000020C043F8F780FC01BD704730B58FB0AA
:101F1000002000216A460B069B0DD05000BF491CD3
:101F2000CAB20A2AF6DB02F08FF8002834D0032464
:101F30001A48007800282FD119480078042801D0C9
:101F4000072800D10124F4F7B3FC0500F3F774FC73
:101F5000A54200D92500A84200D9280000281BD09E
:101F6000022809D002D303280CD013E0012101205C
:101F700002F023F801210AE00021012002F01DF8FF
:101F8000012104E00021012002F017F800210120C6
:101F900002F025F802F035F80FB030BD64000020E3
:101FA0006913002081B00B4801688903FCD5816862
:101FB00002220A438260002102E000BF0099491C0E
:101FC000009100990629F8DB816804220A438260A7
:101FD00001B0704700004048F8B5040001D101206D
:101FE000F2BD8E4D2078C0062FD5A0680028A868C5
:101FF00007D104218843A860A86802218843A8600B
:1020000006E002210143A960A86804210143A960F8
:10201000A06804280DD100F0B1FC06002868410535
:10202000C90F12D000F0AAFC801B6528F6D303204C
:10203000F2BD00F0A3FC06002868400505D400F0BE
:102040009DFC801B6528F7D3F1E72078C00738D5C1
:1020500073480168734A0A40802189011143016075
:10206000016880220A430260016870229143302295
:102070000A4302606068802149028842286801D1D1
:10208000014301E0AC4901402960606800280BD0A1
:1020900000F074FC06002868800312D400F06EFC87
:1020A000801B6528F7D3C2E700F068FC06002868AB
:1020B0008103C90F05D000F061FC801B6528F6D3B1
:1020C000B5E70427FF432078400733D5206900286F
:1020D000286820D03840286028680107C90FFBD144
:1020E0002868102188432860A8689649014080200C
:1020F00040020843A860286804210143296000F0D9
:102100003DFC06002868000714D400F037FC801B53
:102110000328F7D38BE73840286000F02FFC060037
:1021200028680107C90F05D000F028FC801B032890
:10213000F6D37CE72078800746D5286807402F60D3
:102140001020C04329680140296029688A06D20FFF
:10215000FBD17D497D4A13680B40136053681940D9
:102160005160A968774A0A40802109021143A96099
:10217000E9686022914320220A43EA60E16810295D
:1021800003D128680143296002E0296808402860DB
:10219000E06800280BD000F0F1FB060028688006FC
:1021A00012D400F0EBFB801B6528F7D33FE700F06B
:1021B000E5FB060028688106C90F05D000F0DEFBAC
:1021C000801B6528F6D332E72078000724D5402607
:1021D00060694028286801D1304300E0B04328609E
:1021E000606900280BD000F0C9FB0400286830406B
:1021F00012D100F0C3FB001B6528F7D317E700F0EE
:10220000BDFB040028684106C90F05D000F0B6FBED
:10221000001B6528F6D30AE70020F2BD0000404805
:1022200098004048FFC0FFFFFEB5040051D0009168
:1022300047480068302188430099014344480160C1
:10224000444D2068022814D1A86804218843A8605E
:10225000A86802218843A8602868400539D5286805
:102260003D4901402960A868E02188436168014335
:10227000A960E020C04301908027FF00206800286B
:102280001CD12868384024D02868800321D52868CC
:10229000F9000143296000F071FB06002868400442
:1022A00006D400F06BFB801B0228F7D90320FEBD8B
:1022B000A8680199014060680843A8602068012867
:1022C0000FD1FFF76FFE2868074002D1286880030E
:1022D00001D40120FEBDA86801990140606808434F
:1022E000A86030271A4C009821683940884212D0E3
:1022F0002068B84300990143216000F03FFB009D36
:10230000060020683840A84205D000F037FB801B4B
:102310000228F6D9CAE7002002E000BF0098401C5E
:10232000009000980628F8DB01F02FFFFFF77DFCF6
:1023300001F018FEFEBD0000FFFFFEFF0748006829
:1023400070470000FF7FFEFFFFCFFFFF28005048CF
:102350000410004000004048FFDFFFFF9C00002009
:1023600017490278D20705D58A6D04239A43036979
:1023700013438B650278920705D50A68114B134009
:1023800042691A430A600278120705D50A680E4BA3
:10239000134042681A430A600278D20605D50A68DB
:1023A0000A4B1340C2681A430A608068820604D54B
:1023B0000A68074B1340184308600020704700006C
:1023C00008004048FFEFFFFFFFFF3FFFFFDFFFFF79
:1023D000FF7FFEFFF8B504000800002146E02E0A4A
:1023E0003500754375437543666A2F017F1BBE43F5
:1023F000009F7D433543656231E001258D401540E6
:1024000033D02A006A4353009E18F3434668012ED6
:1024100001D0022E0BD1A6681E4087685743374370
:10242000A7606668AE43C7686F4337436760E66876
:102430001E40076957433743E7604668022E0ED1B6
:1024400046690096FF2DCAD816006E436E43256A72
:102450003701BF1BBD43009F7E432E432662256884
:102460002B4045686A431A432260491C02681300E6
:10247000CB40C2D10020F2BD01000120234A91428D
:102480000AD1234801688022D2010A430260016810
:10249000204A0A40026000207047020001201368B1
:1024A0005B062ED410681C4B0340086818434B6829
:1024B0000343C86818430B690343486918438B6991
:1024C0000343C86918430B6A034313605068134BF6
:1024D0000340886818434B691B0C034353608868AA
:1024E00080231B01984203D250685B000343536072
:1024F000086A80239B01984202D1486A80B2106129
:102500000020D169064B0B40D36170470070004139
:1025100038004048FFBFFFFF4000FFFFFBF0FFFF18
:10252000FFF7FFFFF0B581B026490B6872B61C6853
:1025300000221A605D6825435D6062B600280CD0F9
:1025400008684368DC0708D001246340436072B622
:10255000086803682343036062B60C6820691A4D5B
:10256000002818D0194872B623695E421E40734095
:1025700023616E43F30EC35C9B0062B60E68F318D2
:1025800072B69F689A6073683B43736062B6236952
:10259000002BE8D10C686068002811D00B4E0C4F5E
:1025A00072B6606841420140484060606943C80EAD
:1025B000305C8100795862B6884760680028EFD1A6
:1025C00001B0F0BD8C310020DF3A6504F41407102F
:1025D000B0070410FEB50024204D2B78012B01D14B
:1025E0000220FEBD01232B706C60FA27BF00036838
:1025F000FF2B0AD11A4801690F220A4302612221E6
:102600000160380000F050F819E00023DB430B6054
:10261000466800900191002000E0761C009949680E
:10262000009A926889188E4209D2300000F009F8A9
:10263000380000F039F80100EFD001990E602C70DD
:10264000FEBD07490A690F2313430B61C002400313
:10265000C00B88611120086070470000A0000020B6
:1026600000100040F4B507000E00354C207801281A
:1026700001D10220F2BD0120207000256560FA2002
:10268000800000F011F801000CD130000099002FFB
:1026900002D100F02EF801E000F03AF8FA208000B4
:1026A00000F002F82570F2BD38B5040000F066F9BC
:1026B000050024488168C9070AD40020C043844229
:1026C000F7D000F05BF9401BA042F2D3032032BDEB
:1026D0000C2182680A400C2A09D1194A53680468FF
:1026E0001C435460826811438160012032BD002088
:1026F00032BD10B5144A13690F241C431461134BE7
:10270000C0184003C00B906111643320106010BDED
:1027100010B50D4A13690F241C4314610B4BC018EC
:102720004003C00B90610868106448685064886872
:102730009064C868D064CC20106010BD0000000018
:10274000A000002008100040001000400000FCEF36
:1027500010B500244480048081808260037310BD22
:10276000418802888A4201D3501A02E08088401AC8
:10277000801880B270470021418001807047F2B517
:102780000400207B5D496D462D882D186D1840187A
:102790008543ADB2668830002788B74201D3381A26
:1027A00002E0A688301AC019A8420EDB1000694664
:1027B0000A88A168C918E0F701F960884019A18862
:1027C000DFF75EFF61800020F2BD0120F2BD80B521
:1027D0004388FFF7D4FF02BDF8B584B004000E00B3
:1027E0000025F01869460880207B444B6F463F88DF
:1027F0003F18FF18C1188F43BFB20397411C401EFA
:102800008143C9B20191A08802906388190027888A
:1028100038009F4201D3411A02E0029B591A09185D
:10282000039BC918019BC918029B994227DA0A9F8A
:10283000029202226946A3681818E0F7BFF8320036
:102840000299A3689C4623880198181863461818B3
:10285000E0F7B4F86846028A3900A0682388019F2F
:10286000DB199B19C018E0F7A9F8208803994018D4
:1028700001994018A188DFF703FF218000E00125BE
:10288000280005B0F0BD10B50400227B1B4B881852
:10289000C018D118884380B26288110023889342FF
:1028A00001D35A1A02E0A288521AD218824206DBD9
:1028B0000818A188DFF7E4FE6180002010BD012028
:1028C00010BD70B5037B0D4CC91809191B1999432C
:1028D00045882B000688AE4201D3F41A02E08588B1
:1028E000ED1AAC1989B28C4204DB8068C018106004
:1028F000002070BD012070BD00000000FFFF00003F
:1029000070B505000E00140032000221FFF75FFFD2
:10291000010008D131886B88002B00D1AB882200E0
:102920002800FFF72CFF70BD38B50C001500022100
:10293000FFF7C7FF010002D129680988218032BD55
:102940001CB504006A460221FFF741FF010004D1D3
:10295000684601882000FFF796FF16BD1070030A35
:1029600053701B0A93701B0AD37011710B0A5371B9
:102970001B0A93711B0AD37170470000014840681D
:10298000704700BF90000020C37982791B021A4370
:102990004379120401791B021943C37811438278E9
:1029A0001B021A434378120400781B021A43104397
:1029B00070470000FEB500255A4C01906846018022
:1029C000594F02E0042321706381217860888622B8
:1029D000920090425DDA28006D1C6A46128880B22F
:1029E000904256D201980278401C019000200029A4
:1029F00000D1608063885E1C6680FA546389002978
:102A00000ED10121012ADDD0812A03D0022A01D072
:102A1000052A01D10523D6E7FF2AD3D00021D2E72A
:102A2000012929D161889942CFD139460B78E080BC
:102A3000012B01D1CA7818E0812B02D00022022B91
:102A400002D1CA780B790DE0052B07D1CA780B7932
:102A50001B061B0C1A439204920C06E0FF2B04D1B8
:102A60008A78CB781B061B0C1A4322812189002906
:102A70000BD002202070A8E70229A6D1E188491CCA
:102A8000E180228989B291429FD3207000F003F83F
:102A90009BE70800FEBDFEB5234881780D028A063B
:102AA000920F6B461A7146788A090179C3781D4CDA
:102AB0000778012F32D0022F12D0052F1ED0812F80
:102AC0002CD0FF2F2DD122000C32618801F096FB13
:102AD0000100A180012220000C30F7F7F1FCF7BDC6
:102AE000401D00900802C01883B268460179F020AA
:102AF00000012840801901F0A1FBF7BD401D0090A6
:102B00000802184383049B0CD207D20F6846017950
:102B100035432805000DDFF738FCF7BD6188F7F76E
:102B20009DFCF7BD4C2600208C2A0020F0B585B016
:102B3000944F3968C8604A78E32313401A1D4A70DD
:102B4000E8F7E0FD05463868C068E8F7CBFD0646C3
:102B500038684469C068E8F7A9FD012228431FD1FD
:102B6000384617460068C068E8F7C8FD002815D148
:102B700084480068C068E8F7ABFD00280ED18148A2
:102B80000068C068E8F7A8FD002807D17D48006804
:102B9000C068E8F7BBFD002800D1DDE03A46794F78
:102BA000002E07D0002D05D1002C03D038684078C6
:102BB000C0070CD138684078C00700D09FE0002CD7
:102BC00000D19CE0E07D01210143E17597E0039293
:102BD000F6F764FB20786075E07DF9210140081D5F
:102BE000E07500250495606A21698A6804A9904708
:102BF0000646204601F086FB38684068E061022EF8
:102C000004D10499002901D1049001E0022E1ED1C3
:102C10002E46257DE7F7ABFDE80735460BD1049935
:102C2000204601F093F800282ED0207D012101409C
:102C300003264E4013E0A069A168E2680818C0436B
:102C4000049908188018002808DA022607E0002EE8
:102C50003BD0E7F78CFD012EE1D000E00326B01E4B
:102C6000C0B2022836D8396818312046F6F71CFA67
:102C7000386800254561042E029507D0032E09D13E
:102C8000204601F03FF808E0012623E02046FEF749
:102C9000CFF802E00498E0612546284601F052FB97
:102CA000012001902946FEF7D5F8386840690028D0
:102CB00003D0A84201D1029D0CE0002D09D0E87D8F
:102CC00001210843E8750D4604E0E8F7C4FC2E46F0
:102CD00000E0019D2069C268002A02D0606A29468E
:102CE0009047032E00D10024002E02D0F4F7BCFA46
:102CF00004E03868417810220A434270039A002A9F
:102D00001CD038684569E7F732FD002D11D0E9691C
:102D1000284601F01BF8002810D0E7F728FD396895
:102D20000020486118312846F6F7BEF9284600F021
:102D3000E9FF002001F006FBF4F796FA38684178C5
:102D4000FB220A4042704069002803D1002021463E
:102D5000FEF780F805B0F0BD0A480068C068E8F7E3
:102D6000D9FC00283A46074F00D019E73868407868
:102D70000121014048424841611E22468A410240E9
:102D80000EE7C0468431002070477047014901803A
:102D9000002070479721000010B5102404700648E9
:102DA0000068408D0880147030201880029820211F
:102DB0000180002010BDC0467031002080B501F0B8
:102DC00031FB002800D080BD034909684A7FFE23FB
:102DD00013404B7780BDC0468031002010B50446BB
:102DE00001F054FB2060002010BD000010B5094C1C
:102DF00021684A69002A0CD0C0070AD0106903680C
:102E0000002B02D0506A984721684878012202437B
:102E10004A7010BD8431002010B52F21054A372992
:102E200006D043182F3B1B7814686354491CF6E7FF
:102E3000002010BD8031002010B53721054A3F2900
:102E400006D04318373B1B7814686354491CF6E7D7
:102E5000002010BD80310020F0B589B00446002567
:102E6000089540222946E7F7DAFBA571C0200390B8
:102E700060712571E57080200490A070657020203D
:102E800007902070A94880470646A94880472573C7
:102E9000E5720427A7726572257230400C256843DD
:102EA000E071DEF7A8FF2221E1732821A1736843B6
:102EB0006073204610300621DEF788F9F72060762F
:102EC00008982076E075A775984FB84705010C352E
:102ED0009848804706466E43B84740013043C321B7
:102EE0000143A176B8470646924DA8470746924847
:102EF00080473843704380000690A8470646DEF7B7
:102F00007AFF074637438D4880473843C00006990B
:102F10000843F3210143E176A8470646A84730213C
:102F2000079AA1540899E177A1776177C0013043EE
:102F30007E21014321772034814DA8478001404202
:102F40006070A8470646794DA84747003743A84711
:102F500086003E437B4FB847F821069148433043F3
:102F6000A070B84706460720019046437448804742
:102F7000C5003543DEF7A6FC702141432943049880
:102F80000143E1706D4DA84740000121081A2071EE
:102F9000A84707460320059047436B4880470646ED
:102FA0001C20029046433E43A8470746614DA84770
:102FB0007843E0210791484330436071A847454278
:102FC00061488047684304990843A0715D48804781
:102FD00006465E4DA8472946182204925043B50084
:102FE0000543884706465548804707467743564875
:102FF00080477843079948432843C01CE0715348F1
:1030000080471F2646434B4880474501474FB847F6
:10301000394687012F438847C5013D434A4FB8478A
:10302000684330432072414DA8470646A8474500F3
:103030003543B84706466E434548804760254543BB
:1030400035433B4FB84706463A4880473040C001B9
:1030500028436072DEF7D4FC064607984643B8471B
:1030600007463448804705463D400198454335436F
:103070002F4EB047049948432843A072B0470646F4
:10308000DEF7BEFC05462B488047074630488047A0
:10309000069948432F4005994F43B10039430143F6
:1030A000E1722B4880470526464320488047054665
:1030B000224FB847284345003543DEF7FFFB06990A
:1030C000484328432073214880470546DEF7F6FB36
:1030D00006462E431B488047800130436073DEF76D
:1030E000FDFB054605984543B84786002E43114829
:1030F000804705460398454320350F4FB84768433E
:103100003043A0730948804702260643B847054666
:103110007543084EB047079948432843029908432E
:10312000E073B0472074089809B0F0BDD5180410BA
:10313000091A0410CD180410D31B04100F1F04101B
:10314000B5180410471C04109B1B0410A51804108C
:10315000191A0410B0B50446002508222946E7F7DD
:103160005EFA602020712846B0BD000080B503499A
:1031700009680622E7F74FFA002080BD7031002071
:1031800010B53F21054A472906D043183F3B1B781D
:1031900014686354491CF6E7002010BD80310020FC
:1031A00010B503463F2100242046224601F078F95D
:1031B000204610BD80B501F0D1F980BDF0B589B0D1
:1031C0001D4616460F460490022001242146DEF7D4
:1031D0004BFB002850D103971220042E4CD80290AC
:1031E000DEF778FB012E03D8002801D1112043E03F
:1031F00011980090109801900F990E9805AF3872B1
:10320000FD713E7103987880049838803846093003
:103210000622E7F700FA0099B971019878713879B8
:10322000042801D0012804D105A9097A022902D372
:1032300021E003291FD801280ED1DEF737FB05A9AD
:10324000C979814217D805A840794007029813D060
:1032500005A8E7F7DBFA0FE005A8008820280AD3C5
:10326000A103884207D805AA5288202A03D38A429C
:1032700001D89042E1D9029809B0F0BD80B5074964
:10328000096835228A5C920705D4353101220A701B
:1032900001F07CF980BD0C2080BDC046703100205B
:1032A00010B5044602200121DEF7DEFA002800D026
:1032B00010BD012C01D9122010BD204601F09AF951
:1032C00010BD10B5044601F0AFF92070002010BD0C
:1032D00080B501F0B1F980BDE0B5022801D3FF2827
:1032E0000DD1002200926B4618700192581C0622E4
:1032F000E7F791F90199009801F0B8F98CBD122017
:103300008CBDE0B5022801D3FF280DD10022009228
:103310006B4618700192581C0622E7F77CF9019958
:10332000009801F0DFF98CBD12208CBDF0B58FB094
:103330000292074607A8019010250C4E2A46B04776
:103340000BAC204639462A46B04703AF0026019809
:1033500021463A463346F4F7C5F8029839462A46DC
:10336000024B984730460FB0F0BDC04617A6041078
:1033700010B508210024224601F0F6F9204610BDC0
:1033800080B501F009FA002080BD7FB5044601AD8B
:1033900000260C2228463146E7F741F96E800120CD
:1033A00068702C7001AA07CAF2F792F804B070BDD9
:1033B000F0B585B014460D46064601AF0021102237
:1033C0003846E7F72CF97D2038730120F870BC707F
:1033D0007D703E7001AB0FCBF2F7C0F805B0F0BDC9
:1033E00080B5E7F756F9002080BD0000044A126856
:1033F0005623D35A038056325088088000207047E5
:1034000080310020B0B50C4605210A0212219042FD
:103410001ADC0E4A944217DB82B20D4D29685623FE
:10342000CB5A93420DD056310880D01A0D2141431A
:103430004031C80942B2FF2001210B46DEF717FDDB
:10344000296858200C5200210846B0BD00FBFFFF40
:103450008031002084460870000A4870000A887095
:10346000000AC8706046704770B50E4604460025D5
:10347000F82208462946E7F7D2F8284601F0BAF9BB
:10348000C0214143403189B228462A46334601F0E3
:1034900007F8284601F0AEF92070284670BD80B5C7
:1034A00001F0B8F980BD80B501F07AFA80BD80B531
:1034B00001F0D4FA80BD000002490968C8810020EB
:1034C0007047C04680310020C37882784178007808
:1034D0001B021A4309021204084310437047FEB549
:1034E00014460D46064601AF384601F0DBFA019856
:1034F00080003080788880002880029880002080BA
:103500000020FEBDD2B2203A03D30100914000203A
:1035100070475242D0415242203291404140D04007
:103520009040414070470000F0B587B01E461446F9
:1035300005900C9A002B03D0D06F1746154602E079
:10354000002517461046B322825C01230598069396
:10355000F5F7B0FC002C01D0044602E0202104461F
:103560008C43002E11D06D35A978002904D0E9795B
:103570004B424B41069303E004218C430121069109
:103580002978002901D108218C43C506E0B23146D3
:103590003A46F5F7EDFC039006980028214602D044
:1035A000102021468143ED0F0491C8B231463A46BE
:1035B000F5F7DEFCE1050022002901D4019512E0B7
:1035C0000D998B88C988C91A0B0409D0FE22131AD9
:1035D0008DB2AB4229DA0399511A0122019203E01C
:1035E000019515490C40114602940E9B8AB2554232
:1035F0005541059A921E561EB2412A4000D10398A9
:10360000119D109E0F9F0C18641C1C70002A049BB7
:1036100000D1029B3B803080297006994842484186
:10362000002A00D1019807B0F0BD069A53425341D9
:103630000193049C0390D7E7FFFE000010B50446F9
:103640000120E7F75BF9C0B22178DFF71CF86018BA
:10365000407810BDF8B501263046E7F74FF9074628
:103660003046E7F74BF905460004C4192046F5F744
:1036700035FB0028EFD02807C00FF90B8842EAD1AC
:103680002E406906C90FB142E5D1AA05E3D48842AC
:10369000E1D02806DFD52046F8BDF0B585B0044658
:1036A000807E0490666B30462830F4F79FFE054616
:1036B0002920335C326D314629314F79C978304643
:1036C000CA300092019702910390A43604983146C3
:1036D0001A462B46F4F795FE0021204601F0F2F938
:1036E000204601F00BFA05B0F0BD10B50446417A52
:1036F000807A0022F1F7A8FF4B21890040186178F9
:10370000002902D02179414303E0A27942430146D6
:1037100010466161A06110BD70B503784479002C3A
:1037200020D00C1D00210D46002B0AD0E61E367855
:10373000B14200D8314626687519C9B224345B1EDF
:10374000F2E769439300C3189B680479012C00D009
:103750005B4282185278C0885043084A424350184E
:10376000C01870BD0C1D0021002BEBD02568E61E93
:1037700036786E43711824345B1EF5E7E2040000CE
:1037800010B542789206930F0022002B0BD0436BAA
:1037900074331868002806D003466C331C788C42BA
:1037A00002D04033F5E7104610BDB0B50446DEF751
:1037B00089F8002801D0032000E0012000210A46FA
:1037C000D5B2A84205D90123AB40521C2342F7D001
:1037D00000E00B46D8B2B0BD0648016800200029C1
:1037E00007D089680A6B002A03D0AC201058086300
:1037F0001046704778310020426B526F002A08D083
:103800001046AC23D258002AFAD1AC300022CA505C
:1038100004E0AC2200238B50406B74300160704791
:10382000F8B5456B697F7435002926D000900026D5
:10383000374634462D68002D16D069780020EAF707
:1038400003F9014628466C30EAF7C2FB6F67002E89
:10385000014600D0314681420A4600D8024614197A
:10386000D719AC350E46E5E70098406B7430006818
:10387000002819D00467AC30F9E700242E68002E28
:1038800012D037466D373546AC3571780020EAF7EF
:10389000DBF8014630466C30EAF79AFB3067746714
:1038A000397841430C19E9E7F8BD70B50446406B1F
:1038B000417F743000291CD000252E460068002866
:1038C0000AD001466D310978B14200D30546AC30CB
:1038D000B142F3D30E46F1E7002D26D069780020DF
:1038E000EAF7B2F80146701E2A6F6B6F4243D61892
:1038F00014E000210D4601680846AC300029F9D1DA
:10390000002D12D06D20285C401E296F6A6F414344
:103910008E1869780020EAF797F801466C3528463A
:10392000EAF756FB3018616B886270BDB0B504468B
:10393000406B416F002906D0AC200D582046E9F7B6
:103940000FFF2946F6E7B0BD4A6F406B806A801AC8
:1039500088677047F0B5104A891849094A1C94B223
:1039600072B60021002C13D003889C4210D8641E2C
:1039700041680D4606D000260D462D68761CB7B26C
:10398000BC42FAD82C68446000242C609A1A028049
:1039900062B60846F0BDC046FFFF1F00F8B50C46F2
:1039A0000746174800683621415C890627D536301E
:1039B000407BC00723D01E46154612480068806928
:1039C000022128220323E6F7A1FF002817D0014691
:1039D0000898079A069B4C72C8738A734B730E73D0
:1039E000CD720F722120C871092088713E20487164
:1039F00004200871200A88720220E6F7E3FFF8BD70
:103A00008031002074310020F8B50090DDF716FFFA
:103A100001464D200A5C472083005A4300200D4D8B
:103A20000646B24212D00F68BF19AA243C5BAC42D2
:103A300003D0BA243C5D012C01D0F618F1E70098C0
:103A4000002804D0AF20385C411E8841F8BD012019
:103A5000F8BDC046FFFF0000B0B505460024DDF705
:103A600035FF012810D1ECF72BFAFF21DC31415C46
:103A7000C90709D0002D06D0ED2149004018007873
:103A80000124044000E001242046B0BD7FB50D466E
:103A90000646EAF7D7FF0446C068216903AA032354
:103AA0000093019232462B46E8F738FA002808D0F6
:103AB000E06803A90978C9004018C17910220A43B7
:103AC000C2717FBD10B50446124800683621415CC2
:103AD000890604D536300A214056002800D410BD8E
:103AE0000D480068006980211B220223E6F70EFFC3
:103AF0000028F4D0014604721020C8710320887198
:103B00003E20487104200871200A48728020E6F7A0
:103B100059FF10BD8031002074310020EFF3108177
:103B200072B6064800688269002A01D0002002E0CF
:103B3000826A5042504181F31088704784310020DE
:103B4000002803D00C2803D1262007E0252005E01B
:103B500001D8401E02E0272800D2801EC0B2704764
:103B600007210140C008044A12681269125CCA4069
:103B7000012010407047C04684310020B0B5044693
:103B8000DDF75CFE026803210648491E09D0472381
:103B90009B00D318BC25525DA2421A46F5D1723B58
:103BA0001888B0BDFFFF000010B5EFF3108272B6A9
:103BB0000F490B68194618310968002907D08C7D18
:103BC00084420CD02831F7E7997D81420AD028330E
:103BD0001B68002BF8D182F31088002105E082F3E6
:103BE000108802E082F310881946084610BDC046CE
:103BF00084310020B0B501460020FF2916D00C4AC0
:103C000012683423D25C521C0A4B1B6890241B5947
:103C1000DB6B5B68521E09D05724A4001C19412598
:103C20005B5D8B422346F5D103482018B0BDC046EA
:103C30007031002080310020A4FEFFFF142803D83B
:103C400040B202A1085C70470820704700010103E0
:103C500003030205080808080808080808080807F8
:103C60000600000010B502000020CB43174C002ACC
:103C700002D0012A07D00DE022681143216061685B
:103C80000B40636010BDA2681143A160E1680B4066
:103C9000E36010BD012010BD10B502000020CB4331
:103CA0000A4C002A02D0012A07D00DE062681143B5
:103CB000616021680B40236010BDE2681143E16040
:103CC000A1680B40A36010BD012010BD200050482A
:103CD0007CB5044600694669002E12D0A069E169EE
:103CE00001900091606A022501AA6B462946B047FF
:103CF000002806D0F5F7E2F900202062E07D284395
:103D0000E0757CBD80B54168002909D0C17DFB22EA
:103D10000A40C27504490968283100F007F880BDDF
:103D2000FDF786F880BDC046843100200022826203
:103D3000024628320B68002B04D04B68C36218601F
:103D40004A60704705C10839C1627047F8B50D4631
:103D50000446C07DC0070DD01C4800684178FE268F
:103D600031404170E7F756FCA07DE7F786FCE07D27
:103D70003040E075E6F7E6FC144F39684860227D74
:103D8000110701D4281A05E0C143491911D4281A92
:103D900066280ED38626002815D49007C10F500739
:103DA000C20F2846E6F7DEFC002804D0207D00077D
:103DB00009D5E6F7E5FCE7F74EFC386841781022B4
:103DC0000A43427000263046F8BDC04684310020C8
:103DD00070B5044600280AD0A078FFF72FFF1649D7
:103DE0000D682E460836002805D0297B07E01248CA
:103DF00005682E460836297B10291BD30020FF2298
:103E000002322A8200010906090F40182873002C8B
:103E100001D0E06901E0EBF77FFF3060287B0F21E4
:103E20000140E889C840C00704D00020ECF74AFAF6
:103E3000ECF79CFA70BDC0468031002010B50F2110
:103E40000246072906D0435C147844541370521C70
:103E5000491EF6E710BD8268D20FC3685B009A184E
:103E6000CA604268D20F83685B009A188A60026851
:103E7000D20F43685B009A184A60006840000860EF
:103E800070470000704700280FD0C1790C2909D86D
:103E900001228A401B2109020A4203D00178090746
:103EA000890F02D0AC214058EDE7704700207047E1
:103EB000F0B58DB007AC0EC4074600F029FE012412
:103EC00038212046E6F7A0FE2D2106224254224941
:103ED000C97A34228154214E3060302101850CADE5
:103EE0000BA90AAA2846E6F7A5FB0A98000229783A
:103EF000090101430B9800030843001D3168488500
:103F000018212046E6F780FE15490860002101755A
:103F100000F004FE1A980690199C059418980490D5
:103F20001798039016980290159801901398009096
:103F3000384607AB0ECBDDF7FEFFDDF7DBFC1B9D44
:103F4000012C01D1DDF7D2FC00F0F2FD012D01D1F1
:103F500000F04AFE0DB0F0BDC030002070310020EE
:103F60008C310020F8B506000024104D2878002878
:103F700019D0FEF7E3F90700FA2080002978DEF770
:103F800082FB01003800DEF77EFBFDF714FF0028FE
:103F900009D1042E07D2002231000020C043FDF7D2
:103FA000FCFEAE6000E001242000F2BD9000002085
:103FB0002348002101604160704710B5EFF3108283
:103FC00072B61F4B1C68002904D0012903D120437D
:103FD000040000E084431C6082F3108810BD10B51B
:103FE000EFF3108272B6164B5C68002904D00129E9
:103FF00003D12043040000E084435C6082F3108816
:1040000010BD38B5EFF3108472B60E4D0C48016840
:10401000002904D028688047686880470BE0406822
:10402000002804D0A8688047E868804703E0286932
:1040300080476869804784F3108831BD0000000024
:10404000603100203807041080B500F0CFFD002853
:1040500004D104480068C079002801D0002080BD48
:10406000032080BD8031002038B54F494F4C504A65
:104070000120504B1B68002B10D1CB68002B02D1C4
:104080004B6B002B0AD0906000F0D4FDBFF34F8F34
:1040900049486060BFF34F8F00BFFDE7474B236087
:1040A0002368136120220B6813430B600B684024C4
:1040B0001C430C600B6880241C430C600B68404C54
:1040C0001C400C600B695B07FCD58B693024A34353
:1040D00013438B618B693B4C1C408C618B690402E0
:1040E0001C438C6138490968384B99422BD03849B8
:1040F0000B681E24A34310241C430C600B68184358
:1041000008600868334B0340F820400518430860F6
:104110000868930403430B602F4801682F4B0B4042
:10412000A02189001943016001680A430260016807
:104130002B4A0A40C02149011143016001688022D5
:10414000D2000A43026000235CB2E10018250D4052
:10415000FF22AA40D143C022AA40250004D4214C0A
:10416000AD08AD00641906E01F4D2407240F083C7C
:10417000A408A4002C19256829400A4322605B1C6E
:10418000D9B22029E0DB62B631BD18480168006869
:104190004005400F890702D51549401E00E015492A
:1041A000C1401548016070470400504808ED00E028
:1041B00004000020940040480400FA0500000410A8
:1041C000FFFEFFFFFFFBFFFFF81E0010CCECBCFC66
:1041D0000C004048FFFFFFC0940050483FFCFFFF29
:1041E000FFC7FFFF00E400E01CED00E008004048CE
:1041F0000048E8010090D0039C000020FF211170CE
:1042000001215170437813710023537140780428C1
:1042100008D1BFF34F8F074807490860BFF34F8F9E
:1042200000BFFDE75370517102209070D3700620DB
:10423000704700BF0400FA050CED00E0F8B5064633
:10424000000A00240E2858D81F460D463046EEF7C7
:10425000CBFDFF2851D001210D4000D10221002FBC
:1042600038D005460091FB2F00D3FB2700203146B4
:104270003A46F3F763FB00283ED00646069B47808C
:10428000002421463A46F3F77FFB0721294001200D
:104290008840E9081A4A126851188A7F1042009D26
:1042A00003D01E3182430A7002253482F4813473B4
:1042B00070687061B061307A284310210143317217
:1042C000304600F0CFFC002817D03046F3F7B8F89E
:1042D000022412E0002D0AD1072202400121914060
:1042E000C008074A12681018827F0A4382770220AA
:1042F0003146F3F781F800E007242046F8BDC046B8
:104300008031002010B50446C07D800717D4F4F733
:10431000C5FFE07D02210143E175E069216A0818CB
:10432000074909684A68D1434118831A0020832B42
:10433000024600D31A46002900D41046206210BD60
:1043400084310020FEB5009001A802900020019069
:10435000334F38688569002D3BD0E868AC6A296A1C
:10436000814205D3E9693A685268D243891830D549
:1043700039682A7DD2071AD04A681018C043AA6942
:104380001018AA68801812D401212846FCF726FDCF
:104390000646396818312846F4F786FE022E0AD000
:1043A000012E10D12846FCF743FD2546D3E71831EE
:1043B0002846F4F779FE284600F05EFC2846FFF711
:1043C000A1FC2546C7E701A92846FFF7AFFC254613
:1043D000C1E7009800281AD001A9FFF7A7FC16E052
:1043E000E07D02210143E175A069E169A26810182E
:1043F000401A206201A92046F4F756FEE07DF7211D
:104400000140E175396818312046FCF7ACFB019C8E
:10441000002CE5D1386880690121FCF7E9FBFEBD7D
:104420008431002070B5044616480068982146582B
:10443000354614352846E8F73FFC00280DD04436B1
:10444000B07802280BD1104801780029FCD028460A
:10445000E9F754FF0020207007E00C2070BD2846CB
:10446000E9F74CFF3078207070786070064C607807
:10447000002804D0E6F73DF90020607070BD0020F0
:1044800070BDC04680310020320000200348006823
:10449000982140584421405A7047C046803100203E
:1044A000FEB50093019202910646E320C443002723
:1044B000264A002C26D01019E621455AB5421ED3B3
:1044C00002998D421BD80199002906D03946204B0C
:1044D0001940162913D0252911D0E821405CEDF7A9
:1044E0007DFD1A4A00280AD0A81B0721014001229D
:1044F0008A40C008009B195C1143144A1954A41D3A
:104500007F1CD6E71348841C0027052F1DD0258863
:10451000B54217D30298854214D8A078EDF75EFD16
:1045200000280FD00C480068007FF840C00709D071
:10453000A81B0721014001228A40C008009B195C8A
:1045400011431954A41D7F1CDFE7FEBD14F50610AE
:10455000FF7F0000AE11041080310020B0B504468A
:10456000DDF7B4F9012806D1FF25DC35EBF7A8FC0F
:10457000405DC00706D1DEF787F903482146EEF714
:104580002DFEB0BD0C20B0BDFCFF0000FEB50190BB
:104590001648006840790090DDF750F90646029011
:1045A0004D360025EC243078854212D202980068FE
:1045B00007193846E8F780FB002805D0384642380E
:1045C00000880B49884206D04720800024186D1CC3
:1045D000E9E7009801E03C3F3878E9F767FE1428E6
:1045E00000DB1420019908700020FEBD80310020FE
:1045F000FCFF0000BCB50446DEF746F9002300933B
:104600000121074D20462A46EEF72AFE04460548BA
:1046100001684F312846EEF7E1FD2046BCBDC0469B
:10462000FCFF0000803100200248006890214058C3
:10463000407C704780310020B0B501242046FFF750
:10464000E3F905462046FFF707FA28430AD1064852
:104650000068902140580C30EAF76EFBDDF7FBFA5A
:104660000020B0BD0C20B0BD80310020F0B587B077
:104670000C4605460691059001263046FFF7C4F921
:1046800007463046FFF7E8F938431DD1E8B2FF2866
:1046900005D10590FF2109060C40069405461048F7
:1046A00000689021405803A9019104A900910C30A1
:1046B000012329462246F2F719FF002806D005A853
:1046C0000121DDF7C4FA05E00C2006E003A800781C
:1046D000002801D0002000E0072007B0F0BDC04650
:1046E00080310020F0B587B00C4605460691059054
:1046F00001263046FFF788F907463046FFF7ACF948
:10470000384316D1E9B2FF2915D016480068902128
:10471000405803A9019104A900910C3001232946B6
:104720002246FBF714FB05A800242146DDF78FFA8B
:1047300014E00C2412E00591FF20000604400694CA
:10474000084800689022805803AA019204AA0092A7
:104750000C3001232246FBF7FAFA0024204607B06A
:10476000F0BDC046803100207CB50C4605460020D7
:10477000C6B2A6420ED20020E6F7C0F8A85501A99D
:104780000870000A69460870711CA14200D2685482
:10479000B01CEDE77CBD0000BCB50446DDF796F823
:1047A0000546DDF797F8002D03D0002809D1014612
:1047B00008E000280ED00E480090072080010190EC
:1047C0000CE009490191002802D00020C04304E018
:1047D000064802E00020019003200090694608226C
:1047E0002046E5F718FFBCBDFF030000333300008F
:1047F0008F00302010B500F049FA0446403880B2EE
:104800001821DDF740FF402C01D3401C00E00020C0
:10481000C0B210BDF0B587B014460D4606465E4FD7
:104820003868002E01D1062D17D0062E01D1022D99
:1048300013D0082E01D1102D0FD0182E01D1102D1C
:104840000BD0282E01D1022D07D02A2E01D1022D06
:1048500003D02C2E0AD1012D08D1801921462A46D9
:10486000E5F7D9FE0027384607B0F0BD2E2E07D158
:10487000062D05D1617989090329EED21227F2E7C5
:10488000DDF718F8082D23D1D12E21D101281FD111
:1048900006A800900226414D21463246A847A11C99
:1048A00005AF38463246A847211D04AD284632469A
:1048B0003A4B9847A11D03AC20463246374B9847E8
:1048C00023882A88398800980088DDF730FB0EE0BD
:1048D000302E05D1012D03D12078DDF725F806E033
:1048E000D32E06D1012D04D1207800F01FFA0746FF
:1048F000B9E7FF2E13D1042D11D102AD04222846B1
:104900002146E5F788FE284600F019FA029800F0E3
:1049100017FA0028B2D0029800F014FAA2E739463C
:104920001227FD2E01D1042D9DD0FE2E01D1052D83
:1049300099D02F2E05D1012D03D1207800F003FA54
:10494000D5E7332E0BD1012D09D101AD0122284627
:104950002146E5F760FE2878DDF78DF982E7402EE5
:1049600009D1022D07D16178207800F000FA0028E3
:1049700000D077E777E7502E00D074E7022D00D003
:1049800071E72078001F022804D808682D30022221
:10499000214665E7862766E77031002017A60410D8
:1049A000FEB515460C462C490B680646283E0622E5
:1049B00012210B2E0ED9002819D0FF2831D008283B
:1049C00014D0182812D0802838D0FE283CD00628D1
:1049D0000AD012E07E4436797600B744050E050E03
:1049E000100E080E0E0E0E17022200E0102222708A
:1049F00019182846E5F70FFE00210846FEBD0120E4
:104A000020702C21595C01402970F5E7DDF737F95A
:104A100001A90870012628463246E5F7FCFD2670FC
:104A2000EAE702A800F0B7F9002810D002A904268E
:104A300028463246E5F7EFFD00210AE02846FAF75E
:104A400045FE06202070D7E700202070D5E7122110
:104A500000262670D1E7C04670310020F8B50E461A
:104A600005461224E5F719FEB04217D3012D15D8DB
:104A70000B48006881790091857147794671284615
:104A8000E5F713FE0024B74202D10098A84205D0F2
:104A9000FF207F2201210B46DDF7E9F92046F8BD12
:104AA00080310020001D06490968183104220B6876
:104AB000DB880380801E091F521E012AF7D8704729
:104AC0007431002070B5456B2E462436717028462F
:104AD0002830FCF773FC0446286D2146FCF767FB81
:104AE00071781F220A40A918CA22895C2422A9547D
:104AF000696D09020919E861296270BD80B5416BD1
:104B0000084610301C310C22E5F785FD80BD000001
:104B10000148416801607047BC30002003480068CC
:104B200000218160C1600161016070478C3100200B
:104B3000F8B501201C21294A9047294F3860294D9A
:104B4000A88D401E03263043401C8008C01C04244E
:104B50002146224A904739684860E88D401E30431C
:104B6000401C8008C01C21461C4DA8472A463968B5
:104B700088601C4D288E401E3043401C8008C01C9D
:104B8000214690473968C86000F008F938684268E3
:104B900000211180518083681980D180AF8D7F1EE4
:104BA00037437F1CBF0897805980D980EF8D7F1EC7
:104BB00037437F1CBF089F80C7683980026143610B
:104BC000F9802A8E521E3243521C9208BA80798094
:104BD00087612246E5F723FDF8BDC04609AC041005
:104BE00074310020C0300020704700000348006886
:104BF000016800690843411E884170478C310020DC
:104C0000EFF31482EFF30981002080F31488BFF3DF
:104C10006F8FF0B543464C4655465E466746F8B43E
:104C20000F4CEFF30883636006B4BFF34F8F30BFC0
:104C300000BF00BF0A4C646884F3088882B003BCDC
:104C4000F8BC9846A146AA46B346BC46F0BC04BC94
:104C500080F3098881F31488BFF36F8F1047000039
:104C60000400002010B50024C46100F0A1F88428DD
:104C700000D08124204610BD4178427D521CD3B221
:104C80008B4200D81146417570470000FEB5019077
:104C9000E320C6430024214F2246002E20D0B8191D
:104CA000E621455A91B28D4217D902941446E82163
:104CB000405CEDF793F900280DD0019800282246BA
:104CC000029C06D0204616490840162805D0252803
:104CD00003D02A4601E02246029CB61D641CDCE794
:104CE0001048841C0026052E16D0258890B28542D7
:104CF0000FD91746A078EDF771F9002808D00A48B7
:104D00000068007FF040C0073A4602D02A4600E023
:104D10003A46A41D761CE6E790B2FEBD14F50610D7
:104D2000FF7F0000AE1104108031002010B5444216
:104D30004441DCF783FD4E214454002010BD7047F0
:104D4000002070477047B0B50446DCF7BFFD01286E
:104D500009D1601E062808D8FF25E035EBF7B0F82A
:104D600044550020B0BD1120B0BD1220B0BD10B51B
:104D70000C46E9F7ADFA0146002000290AD04A7A2C
:104D8000002A07D0002C05D0A24203D3886FBD2192
:104D90004454012010BD0020704700000348006803
:104DA00000210174C18101737047C0468031002029
:104DB000B0B505460088F9F7C3FD002815D00446B4
:104DC00072B678302946E8F7E6F84B2080002018C4
:104DD00062B60B2100F00CF82C20205C84250328FF
:104DE00004D12046E5F7F8FF00E002252846B0BDD3
:104DF000EFF3108272B6417582F31088704700009D
:104E0000FEB5050000276F4887606F4CE06CC00559
:104E100004D540221106280000F082FAE06C012639
:104E2000304005D0642269492800443000F078FA07
:104E3000E06C800705D5642265492800A83000F0A1
:104E40006FFAE06C400706D5642262498620400074
:104E5000281800F065FAB820400029180F60E26CAD
:104E6000B003024007D04A68002A04D10E60E16C0A
:104E7000594A0A40E264594909682964216D009D34
:104E8000084005D0242256492800E43000F048FAB2
:104E9000206DC00605D55822524928008C3000F0FC
:104EA0003FFA206DC00508D52068800405D4302263
:104EB0004D4928005C3000F033FA206D400505D5DF
:104EC00030224A4928002C3000F02AFA206D800256
:104ED00005D52C228221C905280000F021FAA06DF9
:104EE000304003D00198424909680160A06C029DDE
:104EF00006400DD020229121C905CE20400028185F
:104F000000F00EFAA0223B492800FC3000F008FA1D
:104F1000A06C400305D5882237492800743000F082
:104F2000FFF9A06CC00302D5344800682867A06C64
:104F3000C00405D5182232492800583000F0F0F995
:104F4000A06C400705D52C229021C905280000F04F
:104F5000E7F9A06C000705D52C222A4928002C303F
:104F600000F0DEF9DE2040002818A16A0160216B04
:104F70004160A16C8160216DC160002022490A68F6
:104F8000503A099913680406A40D0B51401C121DD8
:104F9000C3B2142BF6DB08981C490A6802601C4A4D
:104FA00012684260BA001B4B9B58821893607F1CAA
:104FB000082FF7DB89698162C3490A68C2624968C0
:104FC0000163F7BD040000200800404800200040B5
:104FD0000050004000600040FFBFFFFF0410004091
:104FE000007000410060004100500041004000415D
:104FF000281400600000704800006048000030483D
:1050000000002048000010480000041008ED00E0F7
:1050100000E100E000E400E0FFB581B0B821490004
:105020004018AA4C0025016800290BD00560E06CEF
:105030008021C9010143E164E06C8021C90108407D
:1050400000900098A2488068002800D13AE1002032
:10505000A0490A68503A0B9903069B0DCB58136080
:10506000401C121DC3B2142BF6DB0A999A4A086839
:1050700010604868994B18600023994F98000E18EB
:10508000B6683E505B1C082BF8DB049E886A906172
:105090008D480A6B42608560C96A0160C620400085
:1050A0003718386BA062786B2063B86BA064F86B1C
:1050B0002065A06CC00718D52022CE2040003118F2
:1050C0009120C00500F02CF98020400030180560C8
:1050D00045618562C5630565456685673D60A022BB
:1050E0003100FC317F4800F01BF9A06C400305D56E
:1050F0008822310074317C4800F012F9A06CC003A2
:1051000005D57A48D02149038160316F0160A06CD8
:10511000C00405D5182231005831754800F000F957
:10512000A06C042738400BD09020C005316A016282
:10513000716A4162716941612C22310000F0F0F81E
:10514000A06C00070BD56B48F16C0162316D4162B8
:10515000316C41612C2231002C3100F0E1F8E06C1F
:10516000C00504D540220199100600F0D9F8E06C82
:10517000C00711D50198406C00900198406C012146
:105180008843019948645C4D6422019944312800A8
:1051900000F0C6F800982860E06C019DA8358007F3
:1051A0000DD5286800902868012188432860642272
:1051B0002900524800F0B4F8009850490860E06CAB
:1051C000074010D0686E0090686E012188436866C1
:1051D0004B4D64220198862149004118280000F0B7
:1051E0009FF800982860029D0198006C454908606E
:1051F000206D40041AD528008830C06D009028002A
:105200008830C06D4021884329008831C8653E4EF2
:105210000C222900E431300000F082F81422290029
:10522000F4313A4800F07CF800983060206DC006F8
:1052300005D5582229008C31354800F071F8206DD1
:10524000C00514D52068800411D4E86D0090E86D85
:1052500001218843E8652F4E242229005C3130006B
:1052600000F05EF888202858F06200983060206DC9
:105270000126F64340050FD5E86A0090E86A304001
:10528000E862254F242229002C31380000F048F82C
:10529000A86DF86200983860206D80020BD52F68E9
:1052A000286806402E608226F6052022290030005C
:1052B00000F036F83760A06DC00703D5039800688A
:1052C0001649086005B0F0BD10E000E00800404855
:1052D000040000200000041008ED00E000E100E000
:1052E00000E400E000007048000060480000304822
:1052F00000002048000010480020004000500040FE
:105300000060004004100040007000411070004137
:10531000006000410050004100400041281400603E
:1053200030B5002303E09C000D5905515B1C940827
:10533000A342F8D330BD0000014880470148004730
:1053400069400610C556061081B0A6480168890359
:10535000FCD5816802220A438260002102E000BF7E
:105360000099491C009100990629F8DB8168042204
:105370000A43826001B07047FEB5032000F056F981
:10538000002700200026002596498968090700D5D6
:105390000120954C207093480068C00608D501266E
:1053A00031030120FEF778FC71030120FEF774FC45
:1053B0008C480068400700D50125032000F037F92C
:1053C0008A480121BA2252008150C5218900611802
:1053D0000191B82189006118009188214900631862
:1053E000091F6218211DFFF70BFD029702A8FCF7A9
:1053F00061FC7F487F490161FF21816301680122CF
:10540000914301607C48016804220A430260052040
:1054100000F00CF9FFF7F4FBA5706670F7BD7CB5E2
:10542000764E704C704D687801280AD17448716AC4
:1054300001407162B16A0840B062206810210143E6
:105440002160A878012803D120680421014321604C
:1054500069480168042291430160C5208000281832
:105460000190B820800028180090882040002B1858
:10547000001F2A18291D5D48FFF7CEFD052000F00A
:10548000D6F8042000F0D2F830685E49014031605F
:1054900020688003FCD52878012805D1FFF754FF48
:1054A00020685949014021606878012802D12068AC
:1054B0008006FCD5A878012802D120680007FCD519
:1054C000206EC00703D5514800680F28FBD0504814
:1054D0008068002801D0FCF73BFC3069C005FCD592
:1054E000042000F0A4F873BD3EB5002000F09EF843
:1054F00000203D4C00212180A07046480068012515
:10550000000700D52570C0208001FCF7ABFB002010
:1055100000F08DF83548BA2149004550C521890071
:1055200061180191B8218900611800918821490012
:105530006318091F6218211DFFF762FC2C4C2D48CF
:105540002061FF20A063029502A8FCF7B3FB20684E
:10555000A84320602848016804220A430260022010
:1055600000F064F8FFF74CFB022000F060F837BD54
:105570007CB5214801680422914301601A4CC52082
:10558000800020180190B82080002018009088200A
:1055900040002318001F2218211D1448FFF73CFD6E
:1055A000012000F043F8154D286816490140296094
:1055B0000C4E30688003FCD52078012805D1FFF718
:1055C000C3FE3068104901403160114880680028EE
:1055D00001D0FCF7BDFB2869C005FCD5012000F017
:1055E00026F873BD00004048C0200020A42C0020F5
:1055F00000005048FFFF000010ED00E0040050489C
:10560000FFCFFFFFFFFEFFFFFFDFFFFF101800606F
:10561000040000200800404880B500F009F8FCF7BD
:1056200042FB01BD80B500F00BF801BD704770472B
:1056300002480168022291430160704710E000E0D7
:105640000248016802220A430260704710E000E04D
:105650000248416802788918416070479000002034
:10566000FEE7FEE77047704780B5FFF7F1FF01BD29
:1056700080B51248FCF7ECFB01BD704780B5F1F72F
:10568000B8FD01BD80B5F1F7BAFD01BD80B5F0F7F9
:10569000F7FE01BD80B5F0F72DFF01BD80B5F0F735
:1056A00001FF01BD06480268410D0A4000D1704764
:1056B00080B50160F4F792FF01BD00004C3100207D
:1056C0001C0000400548014603B4684680F3098881
:1056D00000BF00BF00BF00BF00F002F8A5EDF5FE5F
:1056E00000F00DF8002801D000F00CF800BF00BF5A
:1056F000002000BF00BFF4F743F800F017F80120C6
:105700007047000010B5074979441831064C7C44B5
:10571000163404E0081D0A68891888470100A14270
:10572000F8D110BD90BD0000CCBD000080B500F0E8
:1057300001F801BD0746384600F002F8FBE700001B
:1057400080B500BF00BF024A11001820ABBEFBE7C6
:1057500026000200D2B2203A03D30800D040002134
:1057600070472032D141D04048409140D14048401C
:105770007047000010B504460A480068006990218F
:1057800001221346E5F7C2F8002804D00146446020
:105790009020E5F717F9044800688421425C521C08
:1057A000425410BD7431002080310020FEB53B4DC5
:1057B000286810300021062905D004C8528801ABA2
:1057C0005A52891CF7E772B62868046800270760F8
:1057D00062B6E00702D0002000F064F8A00702D50E
:1057E000012000F05FF8600702D5022000F05AF8AF
:1057F000200702D5032000F055F8E00648D5042024
:1058000000F050F844E0780001A90E5A0097BF005C
:105810002868C019006901880288B2422AD0890824
:10582000891C89004418A17803220A40012A02D069
:10583000002A03D11EE0817A08300446480603D4CA
:105840002046F1F7B2FD0AE0E078132807D2800085
:1058500013490A58211D20469047002805D1286881
:10586000C019006921880180D5E70020EAF72AFDE8
:10587000EAF77CFD72B62868C01900694188028881
:10588000914202D100210180418062B6009F7F1CBD
:10589000032FB8D100F014F8FEBDC04674310020CB
:1058A00060080410E0B501AAD070012090701020AB
:1058B0005070042111701046F4F7DDFE8CBD00001D
:1058C00010B586B01548046802A801A96A4600F020
:1058D00027F800281FD002A80178E089C840C00737
:1058E00019D0019A009B03A8082484701C0EC4726E
:1058F0001C0C84721C0A44720372C2718171FF21F4
:105900004170822101700021417104220271C17035
:105910000C21F4F7B0FE06B010BDC0468031002067
:1059200070B503460948046872B6207C00252574CA
:10593000257B0F262E401E70237B1B090B70A16850
:105940001160411E884162B670BDC04680310020A2
:10595000FEB50446E5F732FA05462C20285CFE2108
:105960000140022958D102942F46E6373A79D006F1
:1059700019D4F0240192144001212846EAF700FED0
:10598000064600212846EAF7FBFD304306D0029880
:10599000EAF768FE002801D120200443019A10266E
:1059A0002643788827E0C0261C48006839214056E5
:1059B00000281CD5688F0190194800688069422131
:1059C0001446142202252B46E4F7A0FF22460028A5
:1059D0000DD00146019AC27185715720487104208B
:1059E0000871100A08724220E4F7ECFF22461640C4
:1059F00078883988081A0A23434372B63879824274
:105A0000029902D1032006433E7162B60348006842
:105A1000A0300122EAF7BFFDFEBDC0468031002064
:105A200074310020F8B51E460446012911D1002A20
:105A300048D0062A50D1294801682920B0700B208F
:105A4000707003203070F01CC9310A22E4F7E3FDC6
:105A500042E000212046E9F71DF805462046EAF716
:105A600087FBB178292929D10078012826D1204641
:105A7000EAF77EFB0746F01C3E460C360A220090F1
:105A80003146E4F7D3FD002818D00A2230460099A9
:105A9000E4F7C1FD114801681637C931384632466E
:105AA000EAF7D3FB012809D12046EAF742FB002898
:105AB00004D00320EAF706FCEAF758FC0021204650
:105AC0002A4607E0012520462946E8F7E3FF02467B
:105AD00020462946E6F744F9FF20F8BD8031002032
:105AE000FEB51D4617460C460646E5F767F90190D8
:105AF0003046E5F7BBFC029030462146E8F7CAFF86
:105B0000FF23062F00D9BDE00246C0467F443F79FF
:105B10007F00BF440307B715B7B72100012C2ED172
:105B20001B23AFE0174600930198413004782046CC
:105B3000E5F73BFF02210143062934D11E2042E054
:105B4000A878072846D0112853D000271B2851D108
:105B5000287880064ED57EE0012C17D1019C423476
:105B60001A20A870022068700320287010785178DD
:105B700089010143E97020880299088082E030465B
:105B800021461C46E6F7ECF823467BE09078002897
:105B90007AD01A20E8701120A8700320687028704D
:105BA000907828716EE00298827990060AD5E8789C
:105BB000810907231340CB40DB0703D01F23034099
:105BC000152B6DD32020B87000213046F9F760FC0A
:105BD000009B57E01120019D29460093174600F0D5
:105BE0007FF81220294600F07BF83A46009B1A27DE
:105BF00000E02F79384800683621415C890626D5B7
:105C00003630C07A400622D50198408F0090334844
:105C10000068806901921E2202211D460B46E4F7AE
:105C200075FE019A2B46002811D00146009B437255
:105C300007721720C871042088713E224A710871CA
:105C4000180A88720220E4F7BDFE019A2B46002054
:105C50000299088048801D4630462146E6F780F8C4
:105C6000029A5079EF21014051715188002905D0E5
:105C70000320EAF727FBEAF779FB02E0E721084077
:105C800050712B461846FEBD0120687023202870F5
:105C9000107851781B22EA7089010143A970F1E75D
:105CA000520609D40022BA7079703B70402805D2A0
:105CB0002046E5F7E7FE09E02A2084E72046E5F7DD
:105CC000E6FE7878411E2046E5F702FF3978204647
:105CD000E5F70CFF78E7C0468031002074310020E2
:105CE00010B50C46F3F766FCC108C9B2012909D802
:105CF0000722104001228240601883214900435C42
:105D00009343435410BD0000F8B51E4614460D469B
:105D10000746E8F7BFFEFF23062C24D80246C046FC
:105D20007C4424796400A744030D1E071E1E140042
:105D3000012D01D1132316E0384629461C46E6F70B
:105D40000FF804E0002138461C46F9F7A1FB234672
:105D500009E00120707003203070012D01D1122064
:105D600000E01320B0701846F8BD0000F0B591B007
:105D70000C9316460D460446E5F720F80A90204697
:105D8000EAF788FC012D0B904ED109960126079465
:105D900020463146E8F77EFE057808908778002097
:105DA0000390C443DCF773F805948440A743384656
:105DB00000F000FB034604963540099E0B9880884E
:105DC0008104CF0FFF22002E51D0032E59D0062E72
:105DD00000D056E20692089CA678DCF758F80599A0
:105DE00081408E43F0B200F0E5FA401EC0B20B993C
:105DF0000818007D2479002D00D09AE00C99487194
:105E00000C71CE7023208870042048700320087025
:105E1000002F069A00D134E20B9B9888E04901409C
:105E2000E048081898802CE20746002520462946BD
:105E3000E8F730FE0346FF22002E43D0062E46D060
:105E4000012E00D01DE206920C9EB0782328089304
:105E5000079400D08EE0384601278088D2494A1C3A
:105E6000104200D145E10840CE49401843E1002DE1
:105E700000D0C8E0002F00D044E1CB49491C0843C2
:105E800044E10C9CA0781128069200D1E9E0242876
:105E90000B9F00D0FBE0581E052166560097C4B248
:105EA000304621460A9A089D2B4600F08BFAF0B244
:105EB0007E2800D167E17F28049E00D07AE17F2010
:105EC00068719FE10021204614461A469FE0187829
:105ED000C00700D09FE00692B4480068006E0990A9
:105EE000DC7800200A90C6431D46DBF7D0FF8640D1
:105EF000B443204600F05EFA401EC0B239180C7D53
:105F0000012181402E79BA7B0A40C240012A00D08B
:105F100000E10421795E002900D5FCE0FA7B7F2AAC
:105F200000D1F8E00999085651B20F1AF8178743C3
:105F3000F6E005460EA80DA9E4F7ABFB0C99CE7070
:105F4000252088700520487003200870FE20284016
:105F50007E28069A039B09D00EA80078281A43428F
:105F600043410DA80078854200D19B1C8D714C7176
:105F70000B7186E18E4CA0470990F678A047224627
:105F8000EC43214681400898C07808400899C870C1
:105F90009047089B049484403046A043D97801433D
:105FA000D970202105960998A8423FD03046E84094
:105FB000C00726D006200C990C560097EFB2204659
:105FC00039460A9A00F0FEF9E0B200217E2806D098
:105FD0007F2807D17F20089B58710B9F11E00B9FF2
:105FE000089B0EE00C9A0E4611795279089C62715A
:105FF00040B23A460B9F3B4600F005FA3146059EFB
:1060000023466D1CCFE7012107981446089AE5F74F
:10601000A7FE224635E158780C9908712320C870F4
:10602000112088700320487008709AE0002912D16E
:10603000DC78DBF72CFF08990978FD220A400899E3
:106040000A70049981408C4320460A99089A3B467D
:10605000F9F7D3FE089B002107981A46E5F780FE62
:106060000EE1089D287880070B9F00D4F2E00A9883
:10607000418F20797F220024009201940292022213
:10608000FDF78CFC2878FD2101402970E2E0089C96
:10609000207880070ED50A98418F00207E2200923A
:1060A000019002901A200222FDF778FC2078FD2151
:1060B000014021702120BE4C0A9E3146A04722207B
:1060C0003146A04723203146A047DBF7E0FEB34925
:1060D0000968096E0022049D904206D02B46934029
:1060E0000C7C9C430C74521CF6E7087CB873089D2A
:1060F000B0E0790308430B99888074797E2C35D100
:106100001E26B5E0A7490840A54940180B9988808C
:106110002422B6E0B988A248401E0840B880FF2774
:1061200010A80FA9E4F7B5FA24200C99887005206F
:10613000487003200870FE2020407E28069A0A99A5
:1061400009D010A80078201A414241410FA80078D8
:10615000844200D1891C0C98877144710671C1700A
:106160000B9FB8888F490140B9808AE0F5782026D6
:10617000002D7DD0681E28427AD1DBF7A3FB0028D2
:1061800072D0F02071E000206871049E3046A0407B
:1061900082490968096E0A7C82430A74BA7331E045
:1061A000FF5F00000080FFFFFF3F00008031002004
:1061B0008F1E04100C9A91790991D17812796A7125
:1061C00040B222463B4600F01EF909992346481E7C
:1061D000C0B240087E2816D8484241B238461A4616
:1061E0001C46EAF7ABFA234600280CD00246287179
:1061F00030469840A9790143A97100230798314698
:10620000E2F716FA234634469C40E0B20A9E314635
:106210002A461D463B46F9F7F0FD28463146089AC6
:106220003B4600F0FBF8B87B2040E840089D012881
:1062300010D1B888049909020A460C320240042A97
:1062400008D10843B88042200A99085AF9884018B2
:10625000801DB881012107982A46E5F781FDB8889D
:1062600051490140B9800BE0FE20089B28420BD029
:106270005E7018783843187000210798F9F708F90C
:10628000069A104611B0F0BD284600F093F804902D
:1062900000200990C643DBF7FAFD3146814008989B
:1062A000C07808400899C870DBF7F1FD089B059697
:1062B000314681408D43DE782E43DE700498401EC7
:1062C000C5B23946A9400B9A907B0840E8400128A6
:1062D000099837D104917F2C08D00B9840191821C8
:1062E00040567D2801DC201A00E0002058710B9EEA
:1062F000009660B229460A9A1C4600F063F80C9892
:1063000001790029099814D049B230462A46EAF7A3
:1063100015FA0546002809980BD02571A079049933
:106320000843A071002107980A460B46E2F780F95E
:1063300028462071B0881D490140B1803246E67878
:106340002346099858701878FE21014019701D469F
:106350001446DBF79CFD059981408E43F0B20C900A
:1063600000F028F8401EC0B20A9E31462A46234655
:1063700000F054F82878FD21014029700C9831462E
:106380002A462346F9F739FD7802A1880143A18006
:106390000320E9F797FFE9F7E9FF6DE78031002077
:1063A0000080FFFFFF5F0000FF3F0000FFE70000ED
:1063B000E15C06100021002802D04008491CFAE7E1
:1063C000C8B27047F8B51D4614460E46069F7918A8
:1063D0000A7EC3B29A4215D0183108700320E9F73B
:1063E00071FFE9F7C3FF7F20F8732046012422469E
:1063F000B240E9791143E971E2F7AAF8A002B9883D
:106400000143B980F8BD10B5CC0701D09C182077A6
:10641000890702D599182022885410BDF0B587B09D
:1064200005469888C0072FD014460127AF409079C1
:106430003840E840012827D104915819067D06A864
:1064400005A9E4F726F9FE2030407E2801D100207E
:1064500009E006A80078311A4842484105A90978A0
:106460008E4200D1801C042162560499498F73B278
:10647000009301900292681CC3B200200246FDF70F
:106480008DFAA079B843A07107B0F0BDF8B50C46FD
:106490009421655A038A428A21462E312646903637
:1064A000AA420CD13588AB4209D13589C78AAF429F
:1064B00005D1F588878AAF4201D1002510E03380ED
:1064C000B280C28A3281828AF28082887281428856
:1064D000F281C288B28142897282C08930820125EC
:1064E0000878EAF70DF8002804D08179042905D04E
:1064F000012908D1F088C0080E3810E00088022871
:1065000005D0012004E0F08880080F3807E0032060
:10651000F188084A8918C14007480818C00882B2A3
:106520003188914200D3014671802046F7F7B4FFCD
:106530002846F8BD88FEFFFFB5FF0700F0B585B01F
:106540001F4614460E460546E4F738FC0246284628
:10655000039631461646E8F79DFA611E062973D860
:10656000034630462C30C0467944097949008F44AF
:1065700003036B296B2E5A000078032864D1029321
:10658000F81C044600F063F8002855D0387A0190D2
:106590007F7A05222046029C2146F8F785FB3802C7
:1065A0000199401882B23046214600F06BF8022271
:1065B0002846039C214600F071F82846214600F049
:1065C00081F841E0B878012831D02A2130E0314605
:1065D000FA310A88318FC08A1C4600F083F804A97A
:1065E00001910880204602942946DBF7F0FB012048
:1065F000B8700820787003203870F91C05222046F6
:10660000F8F752FB08370222019C20463946F8F77A
:106610004BFB22883046029900F034F82846039953
:1066200000F067F810E0284603991A460AE0232193
:10663000304600F06DF807E02846E4F77BFA28467C
:106640000399029AE5F78CFBFF2005B0F0BDB0B5C9
:10665000014600791F2811D8002002460346252A4A
:106660000FD007241440D5084D5DE540EC0703D05A
:106670005B1CDCB2022C03D0521CF0E70020B0BD42
:106680000120B0BDA823C150092149014252401840
:10669000817908220A43827170470000B0B5144620
:1066A0000D46F1F77DFB022C09D80C2169434018F7
:1066B000401DE100024ACA40017811430170B0BD9B
:1066C0000204080010B50C46F1F76AFB817F012235
:1066D0000A4382770C2161434018417940220A43E2
:1066E000427110BD491C514306224A43101880B222
:1066F000704710B50C244C43E4F760FB0119FF22EE
:106700000E328B5C40241C438C5400F00FF810BDFB
:1067100010B504462D2021544B2080002018E7F7A7
:10672000EDFD2D34207DE8F747F810BD8821405855
:10673000018804220A43028070470000F0B591B03E
:106740000B9314460E460746E4F738FB05460C97B4
:1067500038460A963146E8F79DF90646601E062837
:1067600000D9D4E02F462C372C46FA3478440079EF
:10677000400087440303CC1ECC2C7C0038780328CF
:1067800000D0C4E00B9F7B893A89F88824880021D7
:106790000091019102940990014608920793F9F73C
:1067A00063FD00280C9C00D1B4E02046E4F7C2F958
:1067B000A8E00B98807823210F280A4600D02A22CF
:1067C000002800D011462846FFF7A2FF9FE00B9853
:1067D000801C0890E4F7E8FA09902288298FF88A4B
:1067E000FFF780FF07462820012107913154308BA5
:1067F000718B081840081090B08B0590F48B0DA891
:106800000C99017110A90F910D96DBF708FB1098F8
:10681000308306973904091904910C230B9F7B7070
:1068200003233B7005990F0407430898604A84C00E
:10683000049A026058022203F1603261079949020A
:1068400003C609980068718B0902083E884200D38C
:106850000846706110984002B06028463146069A9A
:1068600000F0A8F80C980A99FFF743FF4FE02820A2
:10687000305C00280C9C45D00DA804710D96DBF708
:10688000D2FA494800683621415C890634D5363051
:10689000407A400730D5F08B0B90B08B0990308B4D
:1068A00008906D8F414800680069802115220424FA
:1068B0002346E4F72BF800281ED001460B304D721A
:1068C000089F07700795099D4D730B9B037100226C
:1068D0000A720322CA710A228A713E224A710C711D
:1068E000079A120A8A723A0A42702A0A8A731A0AA4
:1068F00042718020E4F766F800210C9C20460A468D
:10690000F2F76CFE20460A993246E5F729FAFF2095
:1069100011B0F0BDF878002800D146E70999491E6A
:10692000082900D3082181420B9900D23DE78A88CB
:1069300009998A4200D938E70799F183089FB783FC
:10694000099B3383738309035B02520240028DC6A5
:106950003160EA6C0120103E9A4209D1AA6E914240
:106960000B9F06D1288F0899081A411E884100E024
:106970000B9F28217054099810900DA8047110A93C
:106980000F910D96DBF74BFABA892846314600F095
:1069900011F8022220460A9D2946FFF77FFE204675
:1069A0002946FFF78FFEB2E78031002074310020C6
:1069B00000030100A423C15009214901425240189B
:1069C000817904220A43827170470000F8B50646B7
:1069D000E4F741FE1C4F3868C068E4F783FE0025E9
:1069E00000282FD0009534462A343046E4F7AFFE15
:1069F000E3F75FFE0546E5F7F5F928186077386894
:106A0000C068E4F78BFE002805D0608B401C6083D3
:106A10003046DBF758FA3868C068E4F783FE012592
:106A200000280FD13868C068E4F764FE002809D157
:106A30002078E4F7B3FF042803D104480068C007B6
:106A400000D1009D2846F8BD84310020B0160060BA
:106A500070B50446E4F7FFFD2A20255C2046E4F7E4
:106A600076FE2A34074E7078012804D12846E3F7D1
:106A70004AFE02207070608B401C608301203070E1
:106A8000032070BD320000200148002101707047D2
:106A900032000020F0B58DB01D4616460F46044664
:106AA000E4F78CF9024609942046089739461746C0
:106AB000E7F7F0FF3A46052E07D13D211046FFF7D4
:106AC00027FEFF2630460DB0F0BD0795034628335C
:106AD0003C462C342178022929D11978491EFF26F9
:106AE0000B29EFD8074649007944898849008F442B
:106AF0000B009A009D00B800C200C60022012601CA
:106B00004E015E016D0170010A20079CA0700121F9
:106B1000617003202070099814460A461D46FFF74D
:106B2000BDFD204600F0BAFA02202870CAE7012E07
:106B3000069029D100205870049300270592104632
:106B40003946E9F71DFD079CA17803294ED100289D
:106B500062D1E01C069E3146303108220392164D68
:106B6000A84720460B3031462E310222A847204646
:106B70000D303146039AA8471534203604222046AA
:106B80003146A847052135E05978FF260D2999D8C7
:106B9000E53749007944898849008F440F00100087
:106BA0003D0145014E017101B101C501D901DD0170
:106BB000E901F80103020F02A9EC0510BCE70B2064
:106BC00007998870154601224A7003200870022038
:106BD0005870002409982146FFF760FD284600F010
:106BE0005DFA2846214600F060FA6BE7012813D1D0
:106BF000012739460598099C049E089D71703771DC
:106C000000F064FA002220462946FFF747FD20469F
:106C10002946F8F73DFC54E709980899069AE5F7E4
:106C20009FF8059A49E703201870FBE007988078E1
:106C30000B2800D041E704201870022110461546A9
:106C400000F033FA0124099F38462146F8F720FC6A
:106C5000002238462146FFF721FD284600F036FA8B
:106C600030E70B20079988700120487003200870D6
:106C70000520187026E706201870012174E1089697
:106C8000079CA61C0025284605920493FE498847C8
:106C900003900B902846FC498847FE490C902846F3
:106CA0008847054617206070032020700A95049AD3
:106CB000107A0002517A09044018917A14460906A4
:106CC0004018C01C30603846333000F007FA70605E
:106CD00003980006F98D09020818E17B4018B0609E
:106CE0000BAC601C00F0FAF9F060280661794018DE
:106CF000A17909024018E1790904401830610AAD10
:106D00006878A97809020818E978090440187061C0
:106D1000089E082220463946F7F7C6FF203704228E
:106D200028463946F7F7C0FF07200499087001216B
:106D300009980A46DEE0082018700426C2E6079883
:106D40008078112856D0072854D00D2852D0042816
:106D5000079D00D0B1E609201870E81C3E46394670
:106D6000083117460822F7F79FFF0B3531462431CB
:106D700004222846F7F798FF266601210022099889
:106D8000FFF78CFC384600F0A1F905269AE6079833
:106D90008078112831D00D282FD0052800D08CE61E
:106DA000012109981C46F8F773FB0A200CE0062025
:106DB000079988700120487003200870022110464E
:106DC0001C4600F096F90B2020707BE60C20187012
:106DD000C0E007988078062800D06EE60020187082
:106DE0001446518F1879012800D0ECE0084600F0D5
:106DF00091F9ECE0518F1A2001E0518F06201446E2
:106E0000002200F0AFF9204600F0D4F9204600F04F
:106E1000D9F909980899E3E0032058700121104638
:106E200000F043F90B264DE6079880780B2800D038
:106E300043E604205870032644E6079CA078032804
:106E4000069F00D039E605205870E01C39463031E5
:106E500008252A46904B984720460B3039462E315C
:106E600002228D4B984720460D3039462A468A4DDE
:106E7000A84715342037042220463946A84772E037
:106E800000250395834C284605920493A0470B9058
:106E90002846A0470C902846A04704210291079C51
:106EA000A1700D216170032121700A90E11C0BA8D3
:106EB000019008960826784B324698470B340AAF63
:106EC00038462146029D2A46734B9847069C214628
:106ED000083101983246089E6F4B98476E4B243418
:106EE000384621462A4698470620049948700122D0
:106EF00009980399FFF7D2FB059800F0CFF8E1E578
:106F0000624800683621415C890604D53630407AF3
:106F1000C00600D584E03446002109981D46F8F7E4
:106F2000B7FA28460D26ABE0D87800281D466CD06D
:106F30000520079988700120487003200870069882
:106F400020660021104600F0D4F808206870B9E5EA
:106F5000092058700626B5E507988078062800D0E5
:106F6000ABE50A20587000210998F8F791FAA9E5D5
:106F700006200799887001254D70032008700B20AA
:106F800058701046294600F0B4F83D709AE5002488
:106F90005C70518F18790128059223D1084600F0C2
:106FA000B9F823E010461C4600F004F90998089946
:106FB000069AE4F7D5FE0020607083E50798114635
:106FC00014461D4624E00020012200F0CBF8089D65
:106FD000204600F0EFF8204600F0F4F80998294622
:106FE0003A460FE00020012200F0BCF80598089D09
:106FF0003C70044600F0DEF8204600F0E3F8099803
:107000002946069AE4F7ACFE5CE50798114614465B
:1070100000F0E2F80C206870204600F0D3F851E54B
:1070200004933446069FF88D0990508F07901848B6
:107030000068006980210A2204230893E3F766FCB4
:10704000072600281BD0054607982872000A687298
:1070500028460A30303708223946E3F7DCFA099926
:10706000080AE874A9740520E8710D20A8713E2073
:1070700068710898287180202946E3F7A3FC0498DA
:10708000467026461EE5C04627E1041080310020E8
:107090007431002027E10410A9EC05108821405824
:1070A000018880220A430280704788228058002984
:1070B00007D0012903D0018840220A430280202101
:1070C00000E0402102880A4302807047882140582E
:1070D0000188012212020A43028070470178427837
:1070E00012025118827812048918C0780006081814
:1070F000704788228058002907D0012903D00188D1
:1071000010220A430280082100E0102102880A436D
:107110000280704710B5044610480068342140567C
:10712000002800D410BD0E480068006980210822A4
:107130000223E3F7EBFB0028F4D0014604720020A1
:10714000C871032088713020487104200871200A1A
:1071500048728020E3F736FC10BDC0468031002025
:107160007431002070B50C460646104800682F2187
:107170004056002800D470BD15460D4800680069CF
:10718000802107220223E3F7C1FB0028F3D0014648
:1071900004728572C6710420887108224A710871D0
:1071A000200A48728020E3F70DFC70BD803100207A
:1071B0007431002088214058018880229143018049
:1071C00070470000882140580188024A0A40028026
:1071D0007047C046FFFE000070B5044603260670E7
:1071E00002252846E8F7F6FE002804D00620207184
:1071F0001120354601E006260D20E670A07065706E
:1072000070BD0000F0B5C7B01F4615460446079193
:10721000E7F740FC08902046E3F7D0FDFF22062D5B
:1072200000D962E1064606944920800033183446AE
:107230002C346D007D44AD886D00AF440600100015
:1072400056012900560156015E000799012962D1B5
:1072500008984079002800D1A8E02C2245E1144686
:10726000B8780E2801D0082877D1F8780021089A3C
:1072700051719071FA1CB878082806D1107800076F
:1072800003D41888202101431980002040216CE09C
:10729000B878072800D18BE01F212C2800D194E07A
:1072A000092800D0BFE004930592FD1C0020402176
:1072B00002902A46334600F01DF908980079C1076C
:1072C00007D0089C2068002208232946F0F72DFEED
:1072D00020798007089D07D5E879002804D00A2086
:1072E0003856002800D5F8E0049B18882021014377
:1072F000198002990391059AADE003203870089E29
:107300007079002805920AD01B2078700798012810
:1073100033D02C2032E006981446089AD9E0092090
:1073200006907870FD1C00260822284631460492FB
:10733000E3F775F93F21012230462B46FDF7B0F8FF
:10734000B879F7210140B971079801286FD12078E9
:107350000228059A78D1049877E03879089948711D
:10736000C0214843803880B27A1D334600F0C2F80D
:1073700000210698F8F78CF8ADE02B20B8700124B6
:107380002046FDF737FAF870707938717D1D0021BD
:1073900018222846E3F743F97079C0214843803822
:1073A00080B222462B46FDF77BF89DE009229CE047
:1073B0002078032843D10320314614461D46FEF7AA
:1073C0008FFC2B4622461A203AE003911888202190
:1073D00001431980089D69793C798C423BD1049323
:1073E0000592C0214C43803CA0B27A1D03923346E3
:1073F00000F080F82879C00707D0E008F8220240A2
:10740000286818230399F0F790FDEA79FC78A242E6
:10741000069800D3224669799142049B17D2491CF1
:10742000697101215EE003910021089D13E0069837
:10743000B870F878089989790140F97054E01F20F4
:107440000390089D697906E00E20B8704DE0002099
:107450000390059A214614462879C0072CD0029142
:10746000049309ADF8212846D9F7B0FE0898407971
:107470001823434308330898006800272946089DCD
:107480003A46F0F719FD28680321F0F7A7FC2F60B2
:10749000728F2879800705D4022009AB0399F8F789
:1074A0007DF808E0687909A900900191022003990C
:1074B000029BF8F7B5F8049B188820210143198036
:1074C0000B480068417FFD220A40427706980799E1
:1074D0002A46E4F745FC224607E06879401C6871BB
:1074E00001210698F7F7D4FF059A104647B0F0BD82
:1074F00080310020FEB5029301920024154D0091C9
:107500000E2C26D02E88864220D3361AB7B28F4250
:107510001CD22606F10E0726FB083740019AD35CE1
:10752000FB40DB0726400127B740002B06D0029B1B
:107530005A1883235B00D65C3E4305E0029B5A1831
:1075400083235B00D65CBE43D6540099AD1C641CFB
:10755000D6E7FEBDF8F50610FEB500910646C01C44
:1075600002AD0227204C29463A46A047701DA91CAF
:107570003A46A047F01D01AC21463A461A4B9847BF
:107580000936A11C30463A46174B984729881222E3
:10759000FB290ED81B290CD302A84088134B984214
:1075A00007D8FF224832521C904201D3002200E04B
:1075B000122201A803880020FB2B13D81B2B11D308
:1075C00001AC6488094DAC420CD8E508292D09D3DB
:1075D000002A07D1009A1181D481938102A84088A2
:1075E00050810120FEBDC046A9EC0510904200006C
:1075F000F0B585B00293174606460491E7F74AFABC
:1076000003903046E3F7DAFBFF22062F00D9DDE0D6
:10761000054604469034C0467F443F797F00BF440E
:107620000309D520D5D544000498002800D18BE06B
:107630001522CBE014460298039D2946FFF78CFFE4
:10764000002800D198E03046E3F7B8FB49218900D3
:10765000425A40231343435230460499F7F718FF28
:1076600092E002988178072900D18FE0152900D097
:10767000ACE00192039F3946FFF76EFF002800D16E
:1076800097E03846294600F0A7F838462946FEF725
:10769000FDFE012800D093E0A388E2882188688F4E
:1076A0002489009400F0CAF88AE001923046E3F79A
:1076B00085FB49218900405A40250540049801284E
:1076C00011D1002D0FD000213046E7F7E3F9039CDC
:1076D000A1888180E188C180304600F0EBF801216B
:1076E000304622466FE00920029948700320087056
:1076F00004980128039F0ED0E3F756FB818A398056
:10770000C08A7880002D06D06089B880A089F88072
:10771000304600F0CFF8029EF11C02252D4C384671
:107720002A46A047B81C711D2A46A047381DF11DE6
:107730002A46A047B81D314609312A46A047049879
:10774000012833D1142032E00192039F38462946A4
:1077500000F042F838462946FEF798FE012807D186
:10776000A388E2882188688F2489009400F066F855
:1077700000213046039A26E03046E3F7DBF9304635
:1077800004992A46E4F7ECFA22461FE00520294630
:107790001546FEF7A5FA039A108B6081508BA081E5
:1077A00030460499E4F7DCFA2A460FE01520B07061
:1077B0000BE03046E3F7BEF9388B6081788BA0810F
:1077C000304604993A46E4F7CBFA019A104605B0E0
:1077D000F0BDC046A9EC051070B504460088A2892A
:1077E000904200D310466082A0882289904200D344
:1077F000104620826688E089864200D30646E682EB
:10780000E5886089854200D30546A5822E20085C64
:10781000E8F776FE00280FD0A9210901C279042AD1
:1078200003D18E4200D80E46E6828079042803D127
:107830008D4200D80D46A58270BD0000F8B50D46FA
:1078400004461A4800683621415C89062CD536303A
:10785000407A400628D51F4616461548006800693C
:107860008021172204230093E3F750F800281BD04F
:107870000146069808748F730E738D720C7207227E
:10788000CA710B228A713E224A71009A0A71000A5B
:107890004874380AC873300A4873280AC872200A24
:1078A00048728020E3F78EF8F8BDC0468031002092
:1078B0007431002080B5E3F781FA49218900425AEA
:1078C00040239A43425280BDF0B587B003931746D8
:1078D0000C460546E3F772FA06462846019421460F
:1078E000E7F7D8F804462846E8F70AFEFF23072FF3
:1078F00000D97DE1049502940921490175183446A7
:107900002C347F007F44BF887F00BF4407001C00E9
:1079100046006E008A0071012700910020780199CD
:10792000012900D0D4E0022800D010E10298007CA8
:10793000032800D15FE1012800D059E1022002991B
:107940000874172354E1039AD07805A98870107938
:10795000C87004981C4600F0A0F948E12E46217832
:10796000019A012A00D08FE00229029A049D00D0DA
:10797000CDE0117C022900D150E1002900D037E18F
:10798000162003998870032048700870D07CC87056
:10799000107D0871012010742AE100930127049DD5
:1079A00028463946F0F7E4F80446062800D00227B6
:1079B00005A88771039AD17881701179C170284622
:1079C000E3F7FCF9064600212846E7F763F802468C
:1079D0002C20305C022800D08DE0FF200630108281
:1079E000062C00D1A7E02A20A6E0039A9078072869
:1079F00000D1B1E02F461128049D00D1C0E0182825
:107A000000D1D3E0172800D0F2E005A900200871CA
:107A1000D07888701079C87028461C4600F09BF911
:107A2000E5E0039880781C4616286BD02A216AE08E
:107A300000939636049F3846029900F01FFA617D44
:107A40003846D9F791FF617D029C3846D9F790FFFF
:107A5000618820883288904202D17288914207D092
:107A60007180308072B6A87940210143A97162B655
:107A700072B6A87920210143A97162B604980199D0
:107A80002246E4F76DF95CE00229029A049D48D190
:107A9000117C052900D1E1E0002900D0A8E0009385
:107AA0001821039B997005215970174603241C70F7
:107AB000017AD970407A1871591D02223046F7F7C1
:107AC000F3F83C74308800283BD028460199BEE08A
:107AD000022838D1029E307C032800D082E01C4668
:107AE000707C05A90871049D2846324600F0E3F930
:107AF000002853D17BE0062C2BD105A9284600F0A5
:107B0000CCF81EE023213046FEF702FE6FE016207F
:107B100003998870032048700870D07CC870107D6D
:107B2000A5E0172003998870032048700870507DE5
:107B3000C870907D9BE02320907400212846F7F7C1
:107B4000A7FC009B54E002220498FEF7A7FD18232F
:107B50004EE00021284694E71E4605A907208870BC
:107B600000204870D0780870029F787CC870049D0F
:107B7000284600F0F8F920783C46032827D02AE070
:107B800005A911208870D078087010794870029E7D
:107B9000707CC87028461C4600F0E5F9284631463E
:107BA00000F06CF92846019932461EE01E46D01CB2
:107BB00005AC05222146F7F777F8029A507C207130
:107BC00028462146144600F076F9002851D0284670
:107BD000214600F053F9284601992246E4F7C0F8FF
:107BE000334605E0049832461C46E4F7B9F82346CC
:107BF000184607B0F0BD1C46029E707C05A90871AE
:107C0000049D2846324600F056F9002842D0284606
:107C1000314600F033F901212846C5E700931821C9
:107C2000039B997005215970174603241C70017A33
:107C3000D970407A1871591D02223046F7F734F88E
:107C40003C743088002800D17BE701212846FEF7EC
:107C500050FDB07910210143B17172E716200399EC
:107C6000C87011208870032048700870907C0871DB
:107C7000BEE7019C012C04D1012102222846FEF717
:107C80000DFD28462146FEF71DFDB8791021014360
:107C9000B971A5E704203074A9E7F0B585B00F46A7
:107CA0000446E3F78BF80546002120460291E6F7EB
:107CB000F1FE0646012001907074B878F074F878EF
:107CC00030759220285AF08103A804710396DAF7E0
:107CD000E2F82C20285C2C35022808D1707C387101
:107CE0002046394600F037F80298307425E02046E7
:107CF000E8F706FC81787175C778B775337D0B405E
:107D0000DBB2002B19D081798B4216D0D90702D073
:107D1000019A114601E00221019A5B0700D5042176
:107D2000F37C1F407B0703D4C079001F42424241CD
:107D3000009601232046F8F7B3F800212046F7F714
:107D4000A7FB2878022804D1002102222046FEF752
:107D5000A5FC05B0F0BDFEB50D460446E8F7D0FB26
:107D6000064628790128029014D10025204629468C
:107D7000E6F790FE0746027DC37C9342019505D14C
:107D8000032B02D3042B019D00D10125F07818406C
:107D9000B37814E0012120460191E6F77BFE074607
:107DA000AB784375EA7882750025934204D1032BA2
:107DB00001D3042B00D10125387D1840FB7C1340F2
:107DC000002D02D08342034607D10021002B0A4632
:107DD0000AD0DA0704D0012203E0002211460DE0A8
:107DE00004229B0700D50222002807D0C10701D03A
:107DF000012100E00421800700D50221B379002091
:107E00009A42034600D013463372F279914200D071
:107E1000084670722046E2F7D1FF0546FA35717ABE
:107E2000002902D1317A002918D0034642332A882A
:107E3000018F1888FEF756FCE884317A00290FD0AC
:107E4000F079009708404007C20F01232046F8F759
:107E500027F8317A2046D9F783FD01E00020E88435
:107E60000298012809D02046019D2946F7F710FB0A
:107E7000022220462946FEF711FCFEBDBCB50D4688
:107E80000446E8F73DFB002807D08179C079042833
:107E900007D128460C30012205E0A81D002201214F
:107EA00001E0A81D0022008868800095002320467C
:107EB000F7F7F6FFBCBDFEB501920C460646E2F7A9
:107EC0007DFF07463046E8F71BFB05462C2002974E
:107ED000395C032913D127780120042F30D8032FD0
:107EE0002ED06278042A2BD8032A29D009235B01DB
:107EF0000298C3186A722F7262881A8000E02F7A83
:107F0000002F02D16A7A002A16D00020032917D147
:107F1000697A002914D0EA79019B00933A4052070C
:107F2000D20F044601233046F7F7BAFF697A30468C
:107F3000D9F716FD204603E021790120002900D061
:107F4000FEBD0446E97903204A0700D50146029A9E
:107F5000528FAB790091590700D50346802000214C
:107F6000E8F7D4FCE6E77CB50E460546E8F7C8FA24
:107F700004462846E2F722FF0546B078072809D1D3
:107F800008202946FDF7ACFE0B202946FDF7A8FE88
:107F90001A2100E07178F078002800D07CBDE679E5
:107FA0000320720700D506466A8FA37900965C0706
:107FB00000D503468020E8F7A9FC7CBDF0B585B06C
:107FC0001C4616460F460546E6F764FD0290284615
:107FD000E2F7F4FEFF22062E00D9B2E00346C046C7
:107FE0007E4436797600B744031AAC25ACAC3F002A
:107FF000012F4AD1492080001C18185AC105029E41
:108000006CD52846314600F0A1F8012128463246B9
:10801000E3F7A6FE21884C480840FF225FE01E4699
:1080200001922846F7F744FA00283BD02846394603
:10803000029A68E0A0780C2800D082E0E01C01924F
:108040000522029E31461C46F6F72EFE284639468A
:108050003246E3F785FE608F314600F089F8284606
:10806000314600F073F850E0164604A83021018034
:10807000012F50D149208100585A820547D501214E
:108080002846029AE3F76CFE45E028463946144636
:10809000029E3246E3F764FE2846314600F056F869
:1080A00022464EE0E01C05220092029C2146F6F793
:1080B000FBFD31463C312046009AF6F7F5FD49209C
:1080C00081007018715A0A060DD401225202114320
:1080D000018028463946F7F7DBF916E00C228021AB
:1080E000884320802DE00122120211430180708F0D
:1080F000029C214600F03CF82846214600F026F874
:10810000284639462246E3F72BFE019A19E0591812
:108110008022104308801020E0700C20A070062000
:10812000607003202070211D04A802252A46F6F75E
:10813000BBFD03A820210180A11D2A46F6F7B4FD4E
:108140003246104605B0F0BDFFFE000010B50C46EB
:10815000E2F734FE0146492080000A5A10231343F7
:108160000B523C3105222046F6F79EFD10BD000063
:1081700070B50C460546104800683021405C000789
:1081800019D50E4800688069022112220323E2F704
:10819000BDFB00280FD00646001D29462246E9F700
:1081A000B3FF0820B0710C207071042030710220E0
:1081B0003146E2F707FC70BD8031002074310020A9
:1081C000FEB50446AE20275C01253D40BA07D00F1E
:1081D00028187907C90F4018401EC0B2AE34267C5B
:1081E000B0420FD1019201200290E2F787FB012EED
:1081F0000AD0022E0ED1C0B20621DAF744FA12A03C
:10820000405C12E0607C11E002990840002D04D12E
:108210000CA108E0B808381A07E00199002901D438
:1082200007A100E005A10818007860747100C2B2CF
:10823000CA40032010402430FEBDC046060900009D
:10824000070D00000B0E00001B1E272D3639000005
:1082500080B54069014900F003F880BDB1F7061010
:10826000FEB5029105464778006AC45DE2F76AFAF6
:10827000C00801902046C2B2BA420DD053006E6AC7
:10828000F35A2E78761D0199F140591A09B2012945
:1082900003DC286A805CEEE73846296AC855C6B216
:1082A00028463146F0F7E6FFE0B2B04206D0296A30
:1082B0000F5C0C54029988473C46F5E7FEBD000070
:1082C000F0B5C3B00C46087969460871CD1D10346D
:1082D00001260027C0B287421FD2A81E21460839B6
:1082E00009780170681EE11F09780170A11F06223C
:1082F0002846E2F790F92278AA716168E81DE2F752
:108300008AF920782918227ACA7136180A360A356D
:1083100014347F1C68460079DCE768460221C1708E
:1083200004490180711C8170F1B2091DF2F7A3F9B3
:1083300043B0F0BD043E000070B50D46044614483D
:1083400000683621415C890621D53630C07A800725
:108350001DD516460F4800684069A121102203234D
:10836000E2F7D4FA002812D001460F20C872FF208D
:1083700088720E734D720C721220C87106208871BB
:108380003E20487104200871A120E2F71BFB70BD5C
:108390008031002074310020F0B5C5B00C4608795A
:1083A00002AF38710E37113401220021274EC0B2BE
:1083B00081423BD238460938019121460939098862
:1083C00001700092FA1FE31F1B781370090A4170B5
:1083D000B81FA11F06252A46B0470520205A7871EC
:1083E0002178397061787970A178B970E178F97085
:1083F00021793971E179F971000AB871384608308C
:10840000214608312A46B047A27BBA730F20215873
:1084100038460F30B047009A0199A07B12181832E5
:1084200019371C34491C02A80079C0E702A80D21A5
:10843000C17005490180511C8170D1B2091DF2F74C
:108440001AF945B0F0BDC046043E000017A604105E
:10845000B0B588B00446002805D06846FF21202228
:10846000E2F7DDF804E0203168462022E2F7D3F895
:10847000144800683621415C890620D53630807A60
:10848000C0071CD010480068806902210C220A2312
:10849000E2F73CFA002812D005460472093069461A
:1084A0002022E2F7B8F80920E8712220A8713E20C6
:1084B00068710420287102202946E2F783FA08B087
:1084C000B0BDC0468031002074310020F0B5C5B089
:1084D0000C46C87902ADE871097929716179697131
:1084E000A179A9710E35103404270021C0B2814250
:1084F00027D2A81F01912146083909780170681F09
:10850000E11F09780170281FA11F09780170E81E7A
:10851000611F09780170A81E211F09780170681E6B
:10852000E61E3278027021682846E2F774F8019955
:1085300030783818871DED1D0C34491C02A8C0790D
:10854000D4E702A82821C17004490180791C8170F8
:10855000F9B2091DF2F78FF845B0F0BD043E0000F6
:10856000B0B590B0044600280CD10D461A480068FA
:1085700064302022E2F74FF8203568464022294631
:10858000E2F749F8144800683621415C890621D594
:1085900036300921405600281CD5104800688069F3
:1085A00002210B221223E2F7B1F9002812D005466E
:1085B0000472093069464022E2F72DF80820E8717C
:1085C0004220A8713E2068710420287102202946AB
:1085D000E2F7F8F910B0B0BD80310020743100200E
:1085E000F8B50E460546154800683621415C8906F7
:1085F00022D53630C07A40071ED514461048006890
:108600004069A1211C220323E2F780F9002813D03E
:108610000746467205720A3006222146E1F7FBFF43
:108620001320F8710920B8713E2078710420387148
:10863000A1203946E2F7C6F9F8BDC04680310020D6
:1086400074310020054800688421415C84308078C2
:10865000814201D8002070470120704780310020FE
:10866000054800688521415C85308078814201D8C9
:10867000002070470120704780310020F0B58BB09A
:1086800001930092044641208500E7F745FB01462F
:108690006059B422A25800F063F80746A420205A7B
:1086A000000725469435002805D40120E5F73BFD59
:1086B00029490140CF192646B4362046F7F7B4F9C8
:1086C0002868698A002902D1F179012903D0C11BE8
:1086D00031D500282FD0B07900282CD0288A000767
:1086E0001ED509A900228A80099202A80123437697
:1086F0003C238376FF238375C281184B8382636F8B
:108700001C7A04768281C275039109330293069222
:108710000491E6F767F8B07B800701D5D9F7A3FA93
:108720000220F7F791FC0124012809D1698A002968
:1087300009D03C2008E000980760019807600224F7
:1087400020460BB0F0BD43202A7D511ACAB2A97D44
:10875000FFF7F2FDF4E7C046FF0F0000FFFF000047
:1087600070B50346012400268B42254600D33546CA
:108770008018984200D33446254201D18842F1D373
:1087800070BD0000F0B58FB00546E5F78BFE0646DC
:1087900000F0E8F807462C46A0340895C735079541
:1087A00000F0ECF8002F36D0059000F0F3F80490BC
:1087B00000250E950D953078C0090DA90870481C4C
:1087C0003146083106273A46E1F725FF0C950B950F
:1087D00030784006C00F0BA90870481CB11C3A46FF
:1087E000E1F719FF069630780F270740052F01D1D2
:1087F000E1F7BDFFE37B2279029509AE0196089867
:10880000843000900BA83946D9F7DDF841087E295D
:1088100009D8014608E0002300281E465CD1002646
:108820002680012358E001213170089A526F1368A5
:108830000D9EB34227D152680E9B9A42069E23D1C9
:108840000546FF3D6A1E9541032F1DD1FF281BD011
:10885000A0880125800717D50498012814D1607ECF
:10886000012808D160893D4A904204D0C0B209AACB
:10887000521CFFF7B5FE01260798067000210898E4
:1088800000F092F825E0069EA088C0071FD0052FB3
:108890001DD1304600F0B6F8012818D10A99099880
:1088A000F6F72AFF41424141294001290FD104989E
:1088B00001280CD109AA08983146D9F70CFB0028E9
:1088C00049D0E1F754FFFF202077042540E000263F
:1088D00026800598434243412188A27F002A17D071
:1088E000002917D1E1F743FF002507980570A07F05
:1088F000401EA077A08803210140481E8141480006
:1089000020800121089800F04FF8E1F739FF1AE0C4
:10891000002912D00025002B15D1607C012801D040
:108920000F4900E0462108981430E2F79EFF2088A6
:10893000401E2080E2F78FFE05E0E1F718FFE08897
:10894000401EE0800325002E02D02088401E20809B
:1089500028460FB0F0BD0026BBE7C046FCFF000074
:10896000EE02000080B504480068C068E2F7D6FE59
:10897000411E884180BDC0468431002080B5044836
:108980000068C068E2F7D2FE411E884180BDC04643
:108990008431002080B5F0F781FC0248006800783F
:1089A00080BDC04684310020F8B50D460446B12094
:1089B000205CE4F71FFC06462746B137F87A3146BB
:1089C000E3F72EF9F87A3146E3F7F5F8F87AE3F7AA
:1089D00017F92046002D09D0FFF7F2FB0146F87A7F
:1089E000E3F7A9F82046E2F715FF01E0E2F7AFFE52
:1089F000E2F731FEE5F79EFB0246B87D214600F026
:108A000067F8F8BDF0B587B00446007E617E0902C4
:108A10000D186A1E082A00D30822A07E0490E07E6A
:108A20000390607D0121284F0191B8470646A07D43
:108A3000E17D09020818002106912A46B8472B4615
:108A4000029505463543214800682D21415C1920D7
:108A5000C20118460592B8473B4606462E43039886
:108A6000000204994718FF22F432384606999847C5
:108A700005463543781C02994843800881B20A298B
:108A800000D80A21207F627F12021018059A0E4E2C
:108A9000B04705432320215C1F20084005211022F8
:108AA000B047284301D006980CE0204622300078D9
:108AB000C00606D11E202228F5D0215C401C0029CA
:108AC000F9D0019807B0F0BD85180410703100206E
:108AD000FEB514464F6F002834D0CB6B4231088866
:108AE000851DC0B202900420064620703878C00769
:108AF00003D02078402101432170012E14D13E463D
:108B000008363078C00703D02078802101432170D7
:108B10006570A01C791C06252A46E1F77CFD083407
:108B2000711C20462A460AE06570A01C791C0622AA
:108B30001D46E1F770FD083420462946029AE1F708
:108B40006AFDFEBD0846A4300288500712D40320F7
:108B500002408B6AC88D851DC0B202900620022A91
:108B6000C2D05042504140002070002A13D00193DF
:108B7000002605E00126267000200C2502900190B9
:108B8000E7F7C4F8002804D0217820200843019B8F
:108B9000ABE7019BAAE70226A8E70000F0B587B083
:108BA0000127002902D0384607B0F0BD064604A9C7
:108BB0008CC1476B3C462D34E7F7AEF80146301DBB
:108BC00000F09AF805463046294600F0A3F82078D0
:108BD0006843796C401803977864E07E01D3401CA9
:108BE000E076776B3C464C3440B2002821D42178A3
:108BF000C80722D1880729D402953E4800689021F1
:108C00000191415848313846EA3005220090154616
:108C1000E1F70CFD002843D036480068019941581F
:108C2000483100982A46E1F7F6FC21782943217063
:108C300037E01F206070069FB5E7608885420AD242
:108C4000EAB2801A60800023059C39E001200143CC
:108C50002170059C27E0880712D400200290480765
:108C600010D5B07EFB22114021703946EA310191C6
:108C7000E2F7C6FE3846A4300199E4F75BFA01E05A
:108C8000012002907868E3F744FB00207860608060
:108C90002078FE2101402170059C069F029B10E078
:108CA0002178059C029DC80701D1002308E038788F
:108CB000401CC2B20023062A1A4600D002463A706F
:108CC000069FC80705D030461C4600F081F82346B1
:108CD000059C002B00D066E70398808E6843400215
:108CE000049A11684018106020603046FAF7D5FCED
:108CF000022758E78031002080B58269531A01D4D9
:108D0000012080BDD243521841685018D9F7BBFCEE
:108D100080BD0000F0B587B002910690406B2C300A
:108D2000039000220398007882423AD200230192F5
:108D30000398407802994843834230D205930698BD
:108D4000406BF0254159D6008A5B891909790027C3
:108D5000C90710D008301146049200F0CFF8049AE9
:108D6000002808D004460698406B08302146F8F7E2
:108D700008FA049A27460698406B405980194168C2
:108D8000490841601046394600F0C2F8002F02D071
:108D90003846E3F7BEFA059B5B1C019AC8E7521CF4
:108DA000C0E706980478094800680069902103220A
:108DB0000223E1F7ABFD002806D001460298886047
:108DC0000C719020E1F7FEFD07B0F0BD743100207A
:108DD000F0B585B00446406B406800280ED10025F0
:108DE0000C212846EFF741F9616B4860606B4E211A
:108DF00006264652606B4068002856D00321017257
:108E0000606B4C21415C8A0723D448074BD503ADE6
:108E100000262E7037480068902141584831681C60
:108E20000522E1F7F8FB606B2830EFF7DFFA616BA2
:108E30004E228A5A1018A871000AE871486808275B
:108E400031463A462B46E3F742FB606B4068478069
:108E50001AE001464C3102AD01222A70497869704E
:108E60002830EFF7C3FA616B4E228A5A1018A870A7
:108E7000000AE87048680021042632462B46E3F7D2
:108E800026FB606B40684680606B2A21415C0029AC
:108E900009D001462A318B7F426C40680090002146
:108EA0002046E4F741F805B0F0BD01A8057012486E
:108EB00000688069422133220323E1F727FD00285F
:108EC000F1D004460122C2720720A07220460C3065
:108ED00001A9E1F7A0FB65722672E5710520A0717A
:108EE000FF2060718220207142202146E1F76AFD57
:108EF000D9E7C04680310020743100200246106856
:108F0000002804D002461C3203888B42F7D17047F8
:108F1000F0B587B0044600292FD00D4600262C4F0F
:108F2000F0B2E989814211D93868806902210A4684
:108F30000B46E1F7EBFC002806D0014625484860C7
:108F40000C810220E1F73EFD761CE9E7287BC00793
:108F50003CD000202146E3F785F972B600280AD0FC
:108F6000697B826853885918518069698268D16029
:108F700029698068816062B628E000206D4621463C
:108F80002A46E3F7A1F9697801431FD16846E3F760
:108F9000DDF9054600202146E3F764F972B60028A2
:108FA00013D081684A78521C4A7081684A78AA4274
:108FB0000BD34A88521C4A8081684A78521B4A70F7
:108FC00080688168039A8918816062B607B0F0BD35
:108FD00074310020F7F90610F0B59BB00446456BDC
:108FE000002905D1687E401CC1B22046FBF76AFD0E
:108FF0004C20295C090700D48BE0616B0A5CF723E5
:1090000013400B54656B2F5C28462830E4F708FBAF
:109010001A90606B2830EFF7EDFA19900220384073
:1090200008902C20285C0790C10028462C3009AA03
:109030000023994207D0676BF026BE59F65A168076
:109040000833921CF5E7089B002B00D044233249DB
:10905000096836228A5C92065BD53631097B49075E
:1090600057D5A98E039141790491C1780591017971
:109070000691417808918678877920780290079840
:109080004400601E03210143193188081D4683B244
:1090900022480068006980212222E1F737FC00287D
:1090A00037D02946054602986872297228460A3048
:1090B0001AA9029701960326194F3246B847284647
:1090C0000D3019A93246B8470399080A2876E97580
:1090D0000020A87504986875079868760598287523
:1090E0000698E8740898A87401986874029828741F
:1090F00028461A3009A92246B8471B20E8711334C4
:10910000AC713E2068710420287180202946E1F767
:1091100059FC1BB0F0BDC0468031002074310020E6
:1091200017A6041070B50446164800683621415C45
:1091300089061FD53630007B00071BD5606B4D219B
:10914000465C2578104800680069802123220223AC
:10915000E1F7DCFB00280DD00146467205721C20A9
:10916000C871032088713E20487104200871802056
:10917000E1F728FCA57E204600F008F82846E5F730
:109180001BFB70BD803100207431002010B50446F7
:10919000406B08300021EEF7A9FF606B40680028A3
:1091A00001D0E3F7B6F82046F5F74AFE10BD0000FF
:1091B000FEB502910646E6F7AFFD0190706B2921DE
:1091C000415CF569012904D101462931C978012999
:1091D00001D13C3000E040302721C9000068000286
:1091E00047180C4C38462146D9F74DFA0646A74297
:1091F00001D2002007E0E8430199081880193146A0
:10920000D9F741FA401CC0B246437119029A116065
:10921000FEBDC04671020000F0B58FB00391054657
:10922000416B4020085A400202900F463937002215
:109230000791084609950697C1788A427FD2112185
:1092400009010C914058019211010B914018468878
:109250000024039884426ED00DA8E3F7F7FC08942D
:10926000029844430494002405940A943878844274
:1092700047D2696B0C9A8A580B9BD2181379DB077B
:1092800003D1D068401CD06031E00125A540089A88
:1092900050430019079A126D8018C96A002921D01D
:1092A0000F46C9693A88B242F8D1FA688242F5D1CC
:1092B0000998C0690021244A0B46E3F773FE0906AA
:1092C000000A40180499081878610998406B2C30FE
:1092D0003946F7F756FF0DA83946E3F75CFE0598C7
:1092E000284305900A9828430A90099D069F686BB9
:1092F0000C9940580B994018416849084160641C1A
:10930000B4E71048006800690D9C902102220323F5
:10931000E1F7FCFA00280BD00146C460868005986E
:10932000C0B208810A98C0B2C8809020E1F74AFB19
:10933000089C641C8DE7686B019A521C7CE70FB097
:10934000F0BDC0467431002071020000FEB51E461B
:109350000192406B5422875C056D08461946EEF772
:1093600084FE0446002815D00095089D6068A91C5D
:10937000324600F039F866800020019AFF2A014643
:1093800000D01146009A5118474128782774E160AF
:10939000207224E002A80026067012480068806946
:1093A000422133220323E1F7B1FA002817D0054602
:1093B0000122C2720720A87228460C3002A9E1F7E8
:1093C0002AF96E7206202872EE710520A871FF201E
:1093D00068718220287142202946E1F7F3FA20467D
:1093E000FEBDC04674310020B0B5521E1F2313438A
:1093F0009AB2531C9AB29A420CD15209031D00240E
:109400000D591D51241D202CFAD100682031521E07
:109410001304F3D1B0BD0000B0B5446BE3F7F3FF24
:1094200008494143080A45003E20205C00F00CF842
:10943000451934342046E3F7EDFF40082818413041
:10944000B0BDC04671020000401EC1B2022904D85E
:1094500040B2800002A10858704700207047C04603
:10946000280000001800000078010000F0B587B067
:109470000F4604465F480068C068E2F73FF90028DD
:1094800004D03F20E2F702F90327AFE0A07E03906B
:10949000606B049000F0B2F8054600F0BBF8064699
:1094A000606B0246683201465831002E134600D0E8
:1094B0000B460693002E00D01146C3889A060597E6
:1094C00006D4049A38322F465B0603D5831C03E08A
:1094D00000220AE0069B5B1C1B78957812786A4391
:1094E000D2B29A1A531E9A413D4680784870606BFA
:1094F000876A002A029711D03046284315D12046AA
:10950000059900F093F800280DD02046E3F77BFF83
:10951000059A1168081A1060022757E0F8F7C0F89A
:109520003F20E2F7B3F8032750E00195E2F793F804
:1095300006980178039D2846E2F7FDFA06984168EF
:109540002846E2F756FA0420E2F7A0F8E069069907
:10955000C9680D182046E3F756FF281A059D2860B4
:10956000C0430090E6F7D8FB0099401806D4F8F7FE
:1095700097F83F20E2F78AF8032726E02D68E6F700
:10958000CBFB2D1ACD204700BD420DD9F8F788F846
:109590003F20E2F77BF8606B069AD1688162606BCE
:1095A00051788170022710E0069881680398E2F7ED
:1095B00044FAD7376F433D0A2046FFF72DFF411984
:1095C0000498B030E2F751F90027019D2E430DD0E9
:1095D000606BC088C00509D5E0690299401800F0A9
:1095E0004BF8606BC188044A0A40C280384607B015
:1095F000F0BDC04684310020FFFE000080B5044865
:109600000068C068E2F76AF8411E884180BDC04624
:109610008431002080B504480068C068E2F77EF815
:10962000411E884180BDC0468431002010B50446EB
:10963000FFF7BEFD0146626B3820135C10463830E0
:1096400080785843D288C0B2520604D4401E884263
:1096500003D8002010BD8142FBD000222046EEF747
:1096600024FF616B8870606B81783430EEF784FF83
:10967000616B8862012010BD70B504460D4D2868ED
:109680004078400715D5EFF709FE286801780029D2
:109690000FD04669B07DE2F781F929688D68E2F75D
:1096A000F6FA0019281AB1694118B161F169081870
:1096B000F06170BD84310020F0B585B0049104469E
:1096C000406B0390FFF7A6FF0746FFF797FF019057
:1096D000606B0146002F01D0583100E068310291E3
:1096E0000146002F01D0693100E059310E78343045
:1096F0003146F7F763FE0546002F28D02046314655
:1097000000F052F8606B0021C161666B70692449FA
:1097100041432720C00008182249D8F7B4FF402150
:10972000039A515A49024018B061606B8079000772
:109730001FD5204600F0C6F8606BC188082291430F
:10974000C180606BC18810220A43C28011E0019879
:1097500000280ED0002D0CD020462946F7F784FEB5
:1097600011210901626B5158000108188168491CD8
:109770008160606B4078002803D02046294600F0C5
:10978000D5F80498002809D1606B029AD1688162EB
:109790005078616B88702046EEF706FF05B0F0BD8B
:1097A0000010270071020000F0B587B00F46044694
:1097B000E3F72EFD054640780690606B343039465D
:1097C000F7F7FCFD00280CD006462878032101405D
:1097D000606B3422825C012A29D1022929D0862794
:1097E0006DE045208600606B81590027002966D115
:1097F000C088400663D528780321014003295ED143
:1098000000950027FF2220463946069BFFF79EFD64
:10981000616B8851606B8159002950D0C188012249
:109820000A43C280606BC1884022914344E0012911
:10983000D5D834303946F7F7DAFD05950546701E60
:10984000C1B22046F7F710FE11210F01616BC95913
:109850000301CA18506801260495AE40059D3042A8
:1098600020D102970393069B002B13D051880095BB
:109870002046049AFFF76AFD00281FD00146606B5E
:109880002C30E3F788FB606B029941580398081865
:10989000406803E02B789B07069BE7D03043039A90
:1098A0008918486028780027800608D5606BC18831
:1098B000CA0704D140221143C18000E0072738467F
:1098C00007B0F0BDF0B599B00446456B284634307A
:1098D000EEF790FE189011200001636B19182A46CC
:1098E00039324035D87807900301002608AFB342DB
:1098F00006D00868801940883880BF1C1036F6E70B
:10990000537821781078D478967812792D8808AF1A
:10991000009001940296039204950798059006978B
:10992000002018AAEEF782FE19B0F0BD10B500298C
:109930000DD00446481EC1B22046F7F795FD11210F
:109940000901626B515800010A5C521C0A5410BD97
:10995000801EC1B2022904D840B240000249085A10
:10996000704728207047C046620E0410F0B587B0DB
:1099700002290AD00446012909D12046194600F0DF
:10998000B3F8414241414800A8E00020A6E003921C
:109990000493606B0590C68BE6F7BEF90146201D67
:1099A000FFF7AAF90690204600F0DAF8656B696EB9
:1099B00000290ED02F465D373A78204600F0D9F8BE
:1099C0002046F7F799FD204600F0CAF8696E002995
:1099D000F2D10598456F0120002D00D17EE0019065
:1099E00070020290069F2E468036E87908380428D7
:1099F0003DD8C04678440079400087440802383298
:109A00000200288D874208D2C01B288519E0E8781B
:109A1000874208D2C01BE87013E00822204629467E
:109A2000DBF772FA0DE03E27204629463A46DBF77F
:109A3000AFFCAF70069F2046294600F0C2F8002810
:109A400049D0204629463A4600F0DEF8002030563C
:109A5000002804D420462946EEF761FF07E01F20C6
:109A6000A8702046294600F0ACF8002833D0F56AEB
:109A7000002DB8D12046EEF778FF029A7A43059977
:109A80004868801848600399086885180D60272089
:109A9000C000616BC96E090208181149D8F7F3FDBF
:109AA000401904990860606B4078022815D1247829
:109AB0000C48006800699021032202231D46E0F74C
:109AC00025FF002805D00146876004719020E0F74B
:109AD00079FF284602E0019800E0022007B0F0BDBF
:109AE0007102000074310020FEB501910546406B03
:109AF00002902720C40000940834E6F70DF90019FD
:109B0000296A401A15494143080A04196E6B374601
:109B10006937316F00290DD0F06EA0420AD23A7831
:109B2000284600F026F82846F7F7E6FC284600F01D
:109B300017F8EEE70299086F00280CD0C86E0002F3
:109B4000009940180549D8F79EFDE9694018019928
:109B500008600120FEBD0020FEBDC046710200006D
:109B600080B5416B08465C3068310C22E0F753FD4C
:109B700080BDF8B515460C460646002300F028F9CE
:109B80002746943700280DD03868401C386070781C
:109B9000800603D5207810210143217030462146EC
:109BA00000F046F90123304621462A4600F010F91C
:109BB000002805D0204600F071F93869401C386152
:109BC000F8BD70B50D4604466A26895B406B0830C7
:109BD000EEF78CFAA95B606B1030EEF787FAA97884
:109BE0003E2904D028466A300088E3F745FD00206E
:109BF000E871204600F05FF9002800D070BD616B6D
:109C000003224A7070BD0000F0B593B0039206467F
:109C1000C8790C2800D9D5E00D4601273946814086
:109C20001B200002014200D1CCE029466A312846BF
:109C30008B30CA7E00780C90824202920F9201D83B
:109C40000C980F901091887D0590E86F0490706BD0
:109C5000C18B49020091807E401EC0B2019000215C
:109C60000D960A970398814200D1ABE009912879BB
:109C70000C9988427AD311A8E2F7E8FF00240498EF
:109C80000199401A0599A1410C9E32462346E3F7FB
:109C900089F90890079109980199411A0098414360
:109CA00006910B942346109AA64246D0286CC10711
:109CB00039D03820285CC00731D00E9311880D9E12
:109CC000706B1030FFF71AF9002824D00746F069AE
:109CD000002631463C4A3346E3F764F90906000A98
:109CE00040180699081878610D98406B1030394675
:109CF000F7F747FA0898001907994E413E74F86043
:109D000011A83946E3F747F90A9F3846A0400B9956
:109D100001430B9100E00A9F109A0C9E0E9B38465F
:109D2000A0400343286C400828642879401E28710D
:109D3000A86B4008A863641CB6E70E9314882348F8
:109D400000680069119E902102220323E0F7DEFDE6
:109D500000280BD00146C66084800B98C0B20881F1
:109D60000E98C0B2C8809020E0F72CFE0998002819
:109D70000D9E0CD00024E0B20F99884207D21098B3
:109D8000C27830462946FFF7F4FE641CF3E7A87951
:109D90000C994018A8716879029940186871E86FA9
:109DA000411CE9670022049B5B1C0493059B534103
:109DB0000593814203D21099887D401C88750999CA
:109DC000491C4FE713B0F0BD710200007431002050
:109DD000FEB506245C430D1985242E5D0024002E5B
:109DE00024D0CD186D79002D20D001926D27C95D4A
:109DF0000091406BC018407E0290701E4719B8B2A7
:109E00003146D8F740FCC1B2029A91420ED370435A
:109E1000C51B009F38463146D8F735FC68433818D3
:109E2000401EC0B20199884200D801242046FEBDE0
:109E3000F8B50546487900282FD00C46087801214E
:109E4000414021703C20205CC0071DD03420205CA4
:109E50000026C0070ED06A20215A686B0830FFF731
:109E60004DF8002806D00746686B08303946F7F7EA
:109E700088F93E466A20205A3146FFF749F8002EFD
:109E800002D03046E2F745FA606B40086063E06B51
:109E90004008E0636079401E6071F8BD8179002957
:109EA00008D0491E8171017802224A40027001796E
:109EB000491C01717047406B7430006800280AD05B
:109EC000C1790839C9B2052903D21B22CA40D1077A
:109ED00003D1AC30F1E7002070470120704700004B
:109EE000F0B581B00D46064644480068C068E1F709
:109EF0001DFC746B002818D0B57E2846E1F74BFE98
:109F00000420E1F7C3FBE1F7A6FB206F8A21405C48
:109F1000EEF7EDFD064628463146E1F74CFE4034AB
:109F2000042E4ED14B2001014CE00095E0F71FFCC0
:109F30005D20255C676E3046394600F065F80028E4
:109F400004D0706B017802220A4302703046394611
:109F50002A46FFF70EFE3878000708D5206FB84272
:109F600005D13046FFF7FCFD3046F7F7C5FA3F2034
:109F7000E1F78CFB756B286F002828D06820295CDE
:109F8000B77E3846E1F7D7FD286FC16A3846E1F75A
:109F900030FD286F016B3846E1F74FFD286F3946D9
:109FA00000F0AEF8206EE16E081A1549884210D80C
:109FB00001210A46E0F7E8FB0028009D0CD00327AA
:109FC0000DE03C212046E1F750FC002712E003277A
:109FD00010E00227009D02E0E1F73DFB002727206B
:109FE000C000E16E090208180649D8F74CFBF16978
:109FF00040182860384601B0F0BDC04684310020CA
:10A000008713000071020000F8B50C4600903B4E2B
:10A010003068C0680D469035E1F780FB002818D005
:10A02000E3F7F6F8074606782046314600F083F855
:10A030000022002805D04020304002D1A279501ED5
:10A040008241F0063B4613D5207808210143217058
:10A050000EE03068C068E1F741FB002803D02869B2
:10A06000401C286102E06869401C686100221346B8
:10A07000E06B01210140002B19D0002912D020787B
:10A08000197889084140C90718D0C0060AD4009839
:10A09000214616461F46FFF7CBFE3B463246286850
:10A0A000401C28602078EF21014021700EE02078CC
:10A0B000002903D1EF21084020701AE0EF21014070
:10A0C0002170E868401CE860002B12D017461E780B
:10A0D0002046314600F02FF8002804D02046FFF734
:10A0E000DDFE3A4608E0A869401CA86170063A46C1
:10A0F00002D46869401C68611046F8BD84310020B4
:10A1000070B50C4605460846E1F77AFD8420285CC8
:10A11000EEF7EDFC064620463146E1F781FD022EC2
:10A1200000D3022668783146D7F79DFE01462046C7
:10A13000E1F781FD70BD4A0606D4C90800784208DF
:10A140004A4001209043704700207047F0B581B02D
:10A1500000910446234D2868C068E1F7E7FA0646F7
:10A160002868C068E1F7DAFA07462868C068E1F7AE
:10A17000B5FA002E07D02046FFF7F2FC2046F7F78D
:10A18000BBF901B0F0BD0546606B466E0099002931
:10A1900003D1016F204600F027F8002D03D0A02046
:10A1A0003158491C3150002FEBD0606B0178890782
:10A1B00009D52046314600F065F8606B0178FD2234
:10A1C0000A400270606B00214160708D3085F0792B
:10A1D0000828D6D10920F071002220463146DBF74D
:10A1E000D7F8CEE784310020F8B50E460546F7F7DC
:10A1F000FBF904463178480004221040B379002B63
:10A2000010D17379002B0DD16B6B5D27DF5D00974B
:10A210005B6E6D27DB5D5B1E009FBB4202D011436E
:10A22000317010303C22B25CD2071BD07279002A08
:10A2300018D0C9070F0F07433420305CC00714D073
:10A240006A20315A686B0830FEF758FE00280CD09F
:10A25000067A41688578A01C2A4600F083F803201E
:10A2600030400AE04030002509E0686B007F01289B
:10A2700001D0012000E00220002507433846657028
:10A280002070F8BDFEB50C460546E2F7C1FF064654
:10A29000037886205A0655D4032213406A6B127F36
:10A2A000012A05D1022B4DD17178002905D14CE04E
:10A2B000012B47D87178002945D06A20205A019196
:10A2C000EDF7D3FE002816D007464068B11C019A6E
:10A2D000FFF78AF80198788030783872686B103010
:10A2E0003946E2F758FE2079401E01218140A06BDB
:10A2F0000843A06329E002A80125057018480068FA
:10A300008069422133220323E0F700FB002818D0A4
:10A310000446C5720720A07220460C3002A92A46C6
:10A32000E0F779F90020607206212172E0710520C2
:10A33000A071FF2060718220207142202146E0F749
:10A3400041FB0720FEBD002B08D02079401E0121D3
:10A350008140206C084320640020FEBD0021ACE752
:10A360007431002010B5521E1F2313439AB2531CA0
:10A370009AB29A4201D000220DE053090A46002108
:10A38000541864684450091D2029F9D111682030FF
:10A390005B1E1C04F2D1104610BD0000F0B587B062
:10A3A00004920026022900D1DAE01F460546012961
:10A3B0001AD128463946FFF797FB002800D1CCE098
:10A3C000686B016F2846F7F7F8F804462720C000AD
:10A3D000696BC96E090208186349D8F754F9E9692D
:10A3E000091908183860BBE0686B0390C08B0290B5
:10A3F000E5F792FC0146281DFEF77EFC6C6B2646B5
:10A400005D3606900590616E00290AD032782846A4
:10A41000FFF7AFFB2846F7F76FF82846FFF7A0FBDA
:10A42000F1E70197686B446F002C5FD02746204608
:10A43000AC300468F87908380428F5D83E466A3606
:10A4400078440079400087440A0302110300EBE7D7
:10A45000388D0699814218D2401A388523E0F87861
:10A460000699814217D2401AF8701CE03188686B57
:10A470000830EDF73BFE3188686B1030EDF736FEA3
:10A48000B9783E292BD0308827E008222846394663
:10A49000DAF73AFD07E03E22BA700B20F871284641
:10A4A0003946DAF775FF28463946059AFFF7ACFBBF
:10A4B00016203056002804D428463946EEF72FFAE5
:10A4C000B2E73188686B0830EDF710FE3188686BB1
:10A4D0001030EDF70BFE30881F21E3F7CDF828464A
:10A4E000394600F045F8049908609DE70399486FE4
:10A4F000002834D00298069A424354024868001952
:10A5000048602846EEF731FA686B076F28463946EF
:10A51000F7F753F806468A20385CEEF7E8FA049A13
:10A52000116809191160042800D16436019A881B4A
:10A5300010602C780D4800680069902103220226E3
:10A540003346E0F7E3F900280AD001460598886011
:10A550000C719020E0F736FA02E0022600E00126B6
:10A56000304607B0F0BDC0467102000074310020D3
:10A57000F8B50E460446406B476F2046E3F7F0F807
:10A58000606B416F00290BD0E569B74218D1486F65
:10A59000002907D04A6F121A4A67AC228958F7E798
:10A5A000002510E0616B4A68CB8B5B029A184A6009
:10A5B0002721C900000240180449D8F764F845195A
:10A5C0002046EEF79BF92846F8BDC0467102000010
:10A5D000FEB50E46044600F097F8656B2F466837C7
:10A5E000002835D0286F00286CD0E1F734F804201B
:10A5F000E1F74CF80296A67E3046E1F7CCFA3978BE
:10A600003046E1F798FA286FC16A3046E1F7F1F970
:10A61000296F2046F6F7D1FF06462720C700606B5A
:10A62000C06E0002C0193749D8F72DF8E1690196CC
:10A63000891B0E1802980660E5F76EFB301A623728
:10A64000B84246D9F7F72CF83F20E1F71FF837E07A
:10A650000296E1F700F8787801902F6F00F060F82B
:10A66000064600F069F8304346D1E0F780F83F2015
:10A67000E1F70CF82046FFF773FA2046F6F73CFFA7
:10A6800020463946FFF7C0FC606B016F00291ED0E1
:10A690002721C900C06E000240181A49D7F7F3FFFE
:10A6A0000090E669296F2046F6F787FF301A009977
:10A6B00040180299086020463946019AFFF759FA76
:10A6C0000220FEBDF6F7ECFF3F20E0F7DFFF03209E
:10A6D000FEBD0C4A5043000A01995143090A490042
:10A6E0004618286F6C300121E3F772FC40083118DE
:10A6F000204600F02DF803E0A17E286FFFF700FD53
:10A700000020FEBD7102000080B504480068C068EA
:10A71000E1F70CF8411E884180BDC046843100201D
:10A7200080B504480068C068E0F7F8FF411E884122
:10A7300080BDC0468431002080B504480068C068F0
:10A74000E0F7CCFF411E884180BDC0468431002027
:10A75000FEB501910246446B25466835A8688A21FA
:10A76000405C0292967EEEF7C2F907463046E1F76A
:10A7700012FA6820215C3046E1F7DDF9A868C16A69
:10A780003046E1F736F930463946E1F714FAA86861
:10A79000016B3046E1F751F9042F02D05F208000B1
:10A7A00001E04B2000010199091852310298406BD9
:10A7B0004030E1F75AF8FEBDFEB50446FFF7A4FFAE
:10A7C000656B002819D05D202E5C6D6EEF6B204606
:10A7D00029463246FFF7CDF9F80761D028466D309B
:10A7E0000078711C814203D028780007800F57D071
:10A7F00098352868401C2860FEBDFFF791FF07468A
:10A80000FFF79AFF3946014345D002902046FFF7F3
:10A81000A7F9286E01906E6E20463146FFF7F4FBD3
:10A82000054620463146FFF7DFFC2046F6F764FE7A
:10A83000606B0078400710D52720C00001990902FD
:10A8400008181849D7F71FFFE1690818FEF714FF29
:10A85000606B0178FB220A400270002D03D0204675
:10A860003146FFF70FFD002F0ED0606B00214160D5
:10A87000F079082806D10920F071002220463146DF
:10A88000DAF786FD708D30850298002803D0A0206D
:10A890003158491C3150606B0178FB220A4002702C
:10A8A000FEBDC0467102000070B5456B296F0029DE
:10A8B00018D00446F6F781FE0646286F6C30012555
:10A8C0002946E3F785FB09497143090A4900400815
:10A8D00041182046FFF73CFF606B017804220A43D1
:10A8E000027000E00025284670BDC04671020000DD
:10A8F000FEB50C468021415C49060CD48030218A8B
:10A900006288521A93B2458AAB4209D9207AF7225B
:10A910000240227201E0218A257B1020019005E08F
:10A92000E069431E9841000101901546002902D1BB
:10A93000207A800701D4012000E0022002900E4816
:10A9400000688827C059001DE28951181F260E4053
:10A95000A9198AB2A169FFF705FD60612573064B4D
:10A960001868C05930180199029A1143817018680B
:10A97000C0593018C570FEBD80310020F0B599B0C7
:10A980000646008E401C30862D20305C002808D002
:10A990004120345CDFF7EBFE2046E3F70DFF042691
:10A9A000B4E2FF2420460E303018089030462C3098
:10A9B0000B90354680353746AC373046E4300A9048
:10A9C000F1480068C068E0F7B1FE099000280C95D6
:10A9D0000D963CD03C46374614363046E0F7B7FE7D
:10A9E0003046E0F7AFFE2878800775D408963846E1
:10A9F000E0F7BCFE064628370B980078032800D005
:10AA0000A2E00898E0F7B2FE0546BE4213D03178C6
:10AA100003200A460240032A08D1890600D40220F6
:10AA2000305C062802D10D98FCF7CCFB0C9A10681C
:10AA3000402101431160287831780143C80600D5D0
:10AA400088E00C980078C00600D581E08DE0049481
:10AA500005973046E0F77BFE3046E0F773FE0EAC1C
:10AA600000202076A0740790E07500F09DFC06465B
:10AA7000C54F3868C068E0F73DFE0546401E854179
:10AA8000354365753868C068E0F753FE0746401ED9
:10AA9000394681412174012D2BD1DFF768FE0A9DD3
:10AAA000A868002802D0C188491CC180E868002835
:10AAB0000B9C09D0607DE0F75AFF4000E968081858
:10AAC0009421425A521C425225460EA801248474F5
:10AAD0000C9A10680026DCE0DFF749FE13200B9982
:10AAE00048700020089948760873087004260A9C6C
:10AAF000D5E1A54908680C46C068E0F70FFE054699
:10AB0000401E294681410EA8039141740C9E317864
:10AB10004909012206928A4302752068C068E0F75D
:10AB2000DDFD044698480068C068E0F7DFFD002CB2
:10AB300078D03078C00600D582E0E0F78CFD306830
:10AB400010210143316080E02868402101432960E1
:10AB500001250DE0E5F7E0F80D9A516C081A6168DF
:10AB6000401802D4D16E8842F2D2DFF700FE0025F1
:10AB70000D98ECF7FEFC02283DD10C988068006827
:10AB8000C10615D4400636D50B98407DE0F790FEFF
:10AB90000C9B986801684022914301601868082165
:10ABA000884318600420E5F78DFBE5F7DFFB22E022
:10ABB000079500200F900E900B9D687DE0F786FEB4
:10ABC000687D0EA9E0F7C5FF2878032803D10B980C
:10ABD000407DE0F7D2FF0C9B9868016810229143FA
:10ABE000016018680821014319600420E5F76AFB39
:10ABF000E5F7BCFB079DBE420A9F01D0388A7882E8
:10AC0000002D089806D02168E0F72FFE00260C9D45
:10AC10003C4644E13C46B868032600280C9D00D021
:10AC20003AE13CE169426941424242410A4324D04F
:10AC30000C9A10681021884310600026069622E0C6
:10AC4000DFF795FD0EA8069981740A9D0B9C079E5F
:10AC5000A868002802D04188491C4180E868002883
:10AC600009D0607DE0F783FE4000E96808184A21BA
:10AC7000425A521C42520C9A06E0DFF778FD0EA8A9
:10AC80003D2606760C9A0B9C254611682020084329
:10AC9000069C79427941890140239843401810600D
:10ACA000002C05D00EA8047E002C44D1002644E0E0
:10ACB000079602930D981430E0F758FD06460F9062
:10ACC0000178032001400EAC06916173317889064A
:10ACD00000D40220305CE073ECF760FE20730D9A24
:10ACE000916E51660123002F09D00C990968194013
:10ACF00005D01624DFF73BFD0EA804761BE00C9967
:10AD000089684978C907039A12D0110610D00699AC
:10AD1000032908D13D241228ECD8194681401B484C
:10AD2000014205D1E6E77078002801D03D24E1E733
:10AD3000079C002C2ED06C7004260EA8407D0028A5
:10AD40000A9C0C9D00D09BE00D98806C002875D06B
:10AD500016A8E4F7FBFA012810D1D6F7B3FD0128B5
:10AD600053D10B9880780E21414309480068902206
:10AD70008058C06B80684018C07947E0DFF7F7FC67
:10AD80000EA80121817459E08431002002000600E0
:10AD90008031002007930D981446E0F7E7FC054644
:10ADA0000EA800218175C17410950E9120060191A5
:10ADB00000D141E10B980078022815D1307829782C
:10ADC0000143C8060BD5E4F7A7FF0D9A516C081A8A
:10ADD000116D401803D40D99C96E884204D2DFF773
:10ADE000C6FC0EA8012181747478002C00D123E1E7
:10ADF0000C9800680825054000D1A0E0D6F75AFD60
:10AE0000012800D18AE01C2089E001200D9F7C6C84
:10AE1000169DE0F73CFF281A7864B96C091B0818E6
:10AE2000059A5168814201D9081A506000210D9895
:10AE30008164416300F0C4FA0A9C0C9D0EA8007D59
:10AE4000012803D10D99886E486604E00320E5F7D8
:10AE500039FAE5F78BFAA068002802D00188491C6E
:10AE60000180E06800280B9F07D0787DE0F77FFD28
:10AE70004000E1680A5A521C0A52B878D6F7E7FF38
:10AE80000EA8807C01280AD12868102188432860F8
:10AE9000A0680326002802D08188491C81800D9873
:10AEA00000F0BCFAF01E01281BD82F46ED68002DDB
:10AEB00019D00B9C607DE0F742FD02462946103117
:10AEC00001232846ECF70EFB607D0A9CE0F730FD7D
:10AED0000146203508222846F3F7E6FE0020F860F8
:10AEE00001E0E0F7B8FB00F05FFA099900290DD105
:10AEF00000280BD1DFF7DDFB7F2804D00546E0F703
:10AF000071FF281820700D98D6F7A5FF0120F6F7DD
:10AF100045F8E5F72BFA304619B0F0BDFC20204289
:10AF20000DD07078001F707002200A99887104207B
:10AF3000E5F7C8F9E5F71AFA0EA8407B06900698DF
:10AF4000032811D10EA8C47B022C0A9F18D10F9898
:10AF50004078022814D10EA8012181750C9E30681A
:10AF600002210143316041E00B9E307803280A9FA3
:10AF700016D17878002813D002200E9901434CE0B6
:10AF80000D98F6F71DF800280C9E1FD00B9C607DD5
:10AF9000E0F773FE002D29D0607D00F056FA25E021
:10AFA0000F9C6578D6F786FC012801D01F200490FD
:10AFB000049828401FD005460D9801990167FDF7B8
:10AFC00041FB00281AD002200E9029E00B9800784F
:10AFD000032808D1272C06D10F9840780B2802D1DE
:10AFE0000EA80121C1750EA80121C174306880210D
:10AFF0000143316017E001980E9014E0207880063C
:10B00000C00F2A180D9C618F0798ECF797FC2067FA
:10B01000002801D0079900E002210E91880702D58F
:10B02000707DE0F72AFE0F980078398A7982202116
:10B0300001400EA88173109D01210D9C20460691B0
:10B04000ECF74AFA22462832A76F002F11D0397A3E
:10B0500009070ED5F96900290BD0854209D0954220
:10B0600007D014460C9A1168029B9943116022463E
:10B0700004E00EA9097C00290C9E17D08542079296
:10B0800018D095422AD07869B861397B019C3C730D
:10B090003A8A511839828AB27B889A4219D2FA893F
:10B0A0005118C90617D10068B86114E0E0F7D3FA67
:10B0B0000B9DDEE003210D9C2046ECF77AFA20463A
:10B0C000E0F73BFBA878272808D10EA80121C1751D
:10B0D00004E0FF6904240E9820430E900D9C204646
:10B0E00000F0C5F905462046ECF743FA0EA98C7D21
:10B0F000002C20D101281ED101270D9D284639465C
:10B10000ECF7EAF9044628462146E0F745FB2078AB
:10B11000800607941FD421462C46887827280C9E49
:10B1200048D002284ED1A06E0721089A50503068AE
:10B130003843306046E0FDF793FA00281BD0E0F773
:10B140008AFA0EA8407C00280BD00D9C0C9E079913
:10B150000B9D06980AE02C462846E0F718FB0C9E4B
:10B1600030E011200D9C0C9E07990B9D20852046F8
:10B17000E0F712FB71E0002FE1D0012DDFD0012CB0
:10B18000DDD0E0F768FA8748006888214058398A9E
:10B19000FA8951181F220A401018811C0D9C204664
:10B1A0000791E0F7F9FA20463946FFF7A1FB6767F8
:10B1B0000C9E51E00B9A907D4871D07D88710020E3
:10B1C0000A990882B0680068010715D4800610D576
:10B1D0000B98407DE0F76CFBB0680168202291433A
:10B1E00001603168042081433160E5F76BF8E5F7D1
:10B1F000BDF8E0F730FA20E00020179016900B9D84
:10B20000687DE0F763FB687D16A9E0F7DFFC28782E
:10B21000022803D10B98407DE0F7E5FCE0F71BFA2C
:10B22000B06801680822914301603168042001433D
:10B230003160E5F747F8E5F799F802212046ECF789
:10B24000B8F9B06801684A0706D504229143016045
:10B250000899487E384348760B9D01212046E5F742
:10B260008FF90128079904D14878002801D0001DE2
:10B2700048700E98810706D53178090703D5687D97
:10B2800000F0E3F80E98410706D50D987830E1F705
:10B2900081FCECF7C1FB0E98C00728D00F984478CA
:10B2A000D6F708FB012801D01F2200E0FF22224030
:10B2B0000D9C206F42800F990B789B0602D40023CF
:10B2C000037302E001230373521C4068891CFEF7DC
:10B2D0008BF8206F0024C4610F99097803220A407B
:10B2E000017A11430172FAF745FA0D9804670EA826
:10B2F000C07C012845D10F980178890601D503212A
:10B3000000E00221405C0EA9C8732A2801D01C2845
:10B3100003D1E88A1521089A505200210D98ECF7C4
:10B32000DBF806460F98007830700F984078707000
:10B33000D6F733FC0546D6F767FBEAB2C1B2104632
:10B34000DFF722FC0EA9897B202901D0022100E031
:10B3500003210C9D0F9A5118001FC3B252789A42D4
:10B3600000D30246D2B2B01CDFF755F96868016815
:10B3700001220A4302600720E4F7A4FFE4F7F6FF86
:10B380000B9D0EAC0D982146D6F7B8FAA07B20286D
:10B3900000D087E40F98807881090D98D6F7ECFAF1
:10B3A00080E4C0468031002080B504480068C06851
:10B3B000E0F7B8F9411E884180BDC04684310020C5
:10B3C00070B5044606462C360546AC35D6F77AFAF3
:10B3D00001280BD1B0780E2141430E48006890221D
:10B3E0008058C06B80684018C07900E00120E0F709
:10B3F0004EFC09494843000A103028603278032A7D
:10B4000007D1626BA36C5B009A185143090A0818B4
:10B41000286070BD8031002071020000B0B5054683
:10B4200041202C5C2046E0F79BFA802169580028D7
:10B4300005D0480705D42046E0F73AFAB0BD080722
:10B44000F9D52046E0F742FAB0BD1CB5044669467E
:10B45000E0F794FA0098411E0091002802D101986B
:10B46000401E019069462046E0F773FB1CBD882111
:10B4700040580088C0B2C00970470000F8B50546C2
:10B48000E0F774F90446012628463146ECF724F823
:10B490002C21695C02293AD1844238D028462830D0
:10B4A000844205D0696F2846FFF722FA002621E082
:10B4B0002F4680372846FFF7DAFF3978490619D436
:10B4C000AF6F002F16D0002814D1114800688821D2
:10B4D0004058398AFA8951181F220A401018841CD2
:10B4E00028462146E0F758F928463946FFF700FA82
:10B4F0006F67DBE701212846E5F742F8002E06D109
:10B500006178002903D0002801D0081D6070F8BDC3
:10B5100080310020F0B59DB00D9317460C460546CE
:10B52000E3F7B8FA0646012C00D018E17088E2F77C
:10B5300025F871880B90E2F789F80346002F34460E
:10B5400000D136E1032F2E4600D13FE1062F00D077
:10B5500048E16078FF27032800D14AE2022800D1A1
:10B5600054E2002800D0E8E21D463046DFF726FC12
:10B5700001461D20E4F72EFD002800D1AFE30C9416
:10B580002F466C37012109913046E3F783FA0446D0
:10B590000C300090234608330B980A952946324612
:10B5A000D6F77AFA0894A0801F200D99887024207D
:10B5B000487003200870CD1C0026232228463146FF
:10B5C000DFF72DF80B980078009001960824079477
:10B5D000284609992246694B984738780090019689
:10B5E000092128462246654B9847387E00900196EF
:10B5F000112128462246614B9847B87F009001965A
:10B600001921284622465D4CA047B88B0090019630
:10B6100021210C220D922846A0470B9C606B007FD5
:10B620000090019630212846099A544B9847788C0F
:10B6300000900196312128460D9A504B9847606B37
:10B64000006A0090019641211424284622464B4B63
:10B6500098474A4B0B98406B406A009001965921DD
:10B66000284622469847788B009001967121102435
:10B6700028462246414B9847388C009001968121FC
:10B68000284622463D4CA04723460D977C780094DF
:10B69000019691212846079A1F46984709984440E9
:10B6A000304601D00A98006F009001969921182227
:10B6B00007922846B8470D9F787E00900196B121E9
:10B6C00004242846224609942C4B9847F87F009082
:10B6D0000196B52128462246284B98470B9F786B48
:10B6E000407E00900196B921082428462246234B2B
:10B6F0009847224B786B807E00900196C1212846A6
:10B7000022461C469847786BC08B00900196C92151
:10B7100010220D922846A047089CA0680090019630
:10B72000D9212846079F3A46144B9847E068009075
:10B730000196F12128463A46104FB8473B46A0886B
:10B7400000900196FF2739460A3128460D9A9847FE
:10B7500002200A99C8710C9809994170EDE10C9684
:10B760002846DFF72BFB0646072F5CD87F443F793E
:10B770007F00BF440545585F5858A2C98DC80610C0
:10B780000C9E7078072800D0D3E07088E1F7F6FEB1
:10B7900000280AD004467188E1F758FF01460020CE
:10B7A000C87132782046D6F7B7F9002128463246CC
:10B7B00092E16078042800D17AE1072800D179E18C
:10B7C000062800D0B8E10720D871B5E10D9A90782D
:10B7D000202800D0A3E0D8790A2800D07FE1D1202A
:10B7E0008000A4E1D8790A2806D10C20D87144221F
:10B7F0000B981946D6F790F901213046224686E08B
:10B8000000F0A8FB00280AD0DA4800683622815CE4
:10B81000890604D53630007B800700D5BAE1D648CA
:10B820000C99088046E00D9880781F2800D182E0AE
:10B830002A2181E00C9C6088E1F7A0FE0746618820
:10B84000E1F704FF06460D998878212878D134461F
:10B850000B96CE1C01212022C84B30460D919847F3
:10B86000E0622121182430462246C44B98470C99A7
:10B8700088600C99C860392130462246BF4B9847F2
:10B88000796B88625121304622460C9CBB4B98470D
:10B890000B998867692110223046B84B9847A080E1
:10B8A000786BC18BB64A4A43806A904200D847E120
:10B8B000B4482080002128463CE10C9C6088E1F7D8
:10B8C0005DFE074600280AD03878202100F048FBAA
:10B8D0000146AD48006880680830E3F7E3FA607815
:10B8E00003283CD120780D9908711F20C8701120C1
:10B8F0008870032048700870002F02D0384600F08E
:10B900004DFB0720607017E1002128460C9AE0F7F4
:10B9100027FA0220E4F7D6FCE4F728FD0CE100202A
:10B92000D87112790B981946D6F7F6F801213046EE
:10B93000D1E0212701E123213046FAF7E9FEFBE0BF
:10B940003E22227038463146D6F7E6F8227838464D
:10B950003146D6F7BBF8384600F020FBECE06188B2
:10B960003846E1F773FE01460B9023462E200A90DD
:10B97000345C18460C301A1D083300920193029073
:10B98000062338462246D6F7A9F820200D9988705C
:10B9900009204870032008703546CE1C0027082275
:10B9A00030463946DEF73BFE0A98285C3946E3F715
:10B9B00071F80446806800900197012118253046EF
:10B9C0002A46724B9847E06800900197192130464B
:10B9D0002A466E4DA847A088009001973121102279
:10B9E0003046A84704200B99C87105200C9948706F
:10B9F000A2E00620607020780D9908711F20C870A1
:10BA00001120887003204870087096E0212006906D
:10BA10000D9A907010200790507003201070D01C69
:10BA20000D9000210F220A930E460491DEF7F7FDD8
:10BA30006088E1F7A3FD0590E2F76AFB0A99C86206
:10BA4000009001960121202226460C940D9C204650
:10BA500008914E4B9847F0680090049E019618227A
:10BA6000099220460699494B98470598406B806A91
:10BA70000090019639212046099A444B98470A982C
:10BA8000806F0090019651212046099A3F4CA047B3
:10BA90000C9880880090019669210D98079AA0471C
:10BAA0000B98001DE1F708F9002853D0089852E0E0
:10BAB000202742E00020D87122780B981E461946B4
:10BAC000D6F72AF8F0790A2803D160881621E1F721
:10BAD000D3FD012128462246E0F742F92CE0274613
:10BAE000D41C0A930121182620463246234B98473E
:10BAF000B860192120463246204EB0473346F860E0
:10BB00003121102220463C460A9F2E469847A080AD
:10BB1000A168E2680091019283B20B9D28463946E4
:10BB20003246D6F716F8002800D1E5E01848208004
:10BB300001213046F3F7ACFCFF2738461DB0F0BDBD
:10BB4000381DE1F7B9F80024002800D1E7E00B9E8A
:10BB50000D99E6E0F0430C9EB188401881B228466A
:10BB600000F02BFA0620707028460899FAF7C1FDFC
:10BB7000E3E7C046803100201A030000D5BF06105D
:10BB8000E20400001E030000783100208DC806107A
:10BB90003B030000069207960A950D98C61C0121EA
:10BBA0000D910824E64D30462246A8470B90092106
:10BBB000304622460994A8470EAF3870112130460E
:10BBC0002246A847B877192130462246A84738763A
:10BBD00021210C2430462246A84739461831488195
:10BBE000312130462246A847B883412114243046EB
:10BBF0002246A8471A90592130462246A847199054
:10BC0000B9213046099F3A46A84717ACA070C12118
:10BC100030463A46A8476070C92110223046A847EE
:10BC2000E080302130460D9F3A46A8472071C0B2CF
:10BC3000784009D12F210122304600F0CBF9014391
:10BC400002D017A8022101717121102530462A4621
:10BC50000995BB4FB8470EAC2084812130462A4657
:10BC6000B84760830894912108223046B847607035
:10BC7000B121042530462A46B847E077B521304641
:10BC800005952A46B8476076992118243046224601
:10BC9000B8470F90D92130462246B8470C9DA8607E
:10BCA000F12130462246B847E860FF210A3130468C
:10BCB0000E46099AB847A88017A900244C71CC7089
:10BCC0000D98087010940B98C7B23846089AD5F7AB
:10BCD00027FF1E25002832D02E460A9F68E000204C
:10BCE0002946E8711A220B98D5F716FF0121304634
:10BCF0002246E0F735F820E7201D21460C31224688
:10BD000008320090019202910523284639463246B6
:10BD1000D5F7E4FE0620F8710220607008E7E143E1
:10BD20000B9E0C988088081881B2284600F045F9CF
:10BD300028462146FAF7C6FC0720F071FCE6099771
:10BD4000089617A80EA9D5F7EFFE064600280A9F09
:10BD50002ED10998ECF756F8002830D017A9497869
:10BD6000436B5A7E8A4222D117A989789A7E8A42E9
:10BD70001DD117A909791A7F8A4218D117A9C98834
:10BD8000DA8B8A4213D1196A199A91420FD104466B
:10BD9000586A1A9988422E460AD10EA8017825467B
:10BDA0002046F7F7EDFC002828D00B2600E02E46B1
:10BDB00003200C9948700E7000213846BAE617A887
:10BDC00000780321F2F7DCFF07260028F0D00546B3
:10BDD000E2F7B4FEFF2846D0696B02224A70A876CB
:10BDE0000B982870E87E0D990843E876686B183048
:10BDF00017A91422DEF70FFC686B04760D95F7F790
:10BE0000EBFC00283CD004462E200B90079E305CB3
:10BE10000D9F796B6070087E401C0876E0F71AFF72
:10BE20006A21049160520C9D688020466C300EA9F6
:10BE30002422DEF7F0FB38462146F7F7DDFC0B98AD
:10BE4000325CAB88A868E9680090019138462146C9
:10BE5000D5F77FFE002818D0064638462146E1F780
:10BE60007FFC0A9F0DE01CAB12201870A1200A2154
:10BE70000122E0F719F86878FE210140697097E720
:10BE800007260D9800F08AF892E70998EBF7BAFFB9
:10BE900005460C9841882846E1F7D8FB04462A4815
:10BEA00001680698085C82060EA8002A2BD5363158
:10BEB000097B890727D50499665A00780C90287861
:10BEC0000D900798478F2148006800698021212242
:10BED0000323DEF71BFD002815D00146867207728A
:10BEE0000C9848730D9808731A20C8710720887140
:10BEF0003E20487105980871300AC872380A4872A5
:10BF00008020DEF75FFD0320E0710E4E3068806810
:10BF100000880F49414308984018EB307D21C90043
:10BF2000D6F7B1FB04462878202100F019F8014625
:10BF300030688068083001222346E4F72CFBFBE5DB
:10BF4000D5BF0610783100208031002074310020E8
:10BF50007102000080B52020E5F7FEFE80BD0000E4
:10BF6000F8B50D4A1368FF26002B13D000961D79F3
:10BF700038246C4300252E46AC420AD01F687A193B
:10BF800052780A4203D07A5D824203D0761C38355B
:10BF9000F2E7009EF0B2F8BD7831002010B50446FB
:10BFA000406B406F002800D010BD201DE3F72DFA34
:10BFB0006078FE210140617010BD10B50C46DEF7BF
:10BFC000FDFE0921490144524018817980220A432B
:10BFD000827110BDFEB51546491E07260E40C908E0
:10BFE0004418002000920246002D19D001920290C0
:10BFF0002078F04008218F1BBD4200D8EFB2002608
:10C00000F143B940884300994A1B3146F7F77AFA61
:10C01000019A0A43029901430846ED1B641CE3E7B9
:10C02000114603B0F0BD0000F0B585B01E461746BE
:10C030000C460546E2F72EFD012C3DD1039707463D
:10C040004088E1F79BFA002862D005467988E1F73D
:10C05000FDFA00285CD00446039806285BD16C20CA
:10C06000205C02900497387803902C782220B070DE
:10C070000420707003223270F51C002628463146D9
:10C08000DEF7CDFA0094019601210827274C2846B7
:10C090003A46A047029800900196092128463A4660
:10C0A000A047039800900196112128463A46A047E0
:10C0B0001620049908702BE00490F61C0121082436
:10C0C000194B3046224698470746092130462246FA
:10C0D000154B98470390112130462246124B984742
:10C0E0000446F8B2EBF78EFE00280CD00646039803
:10C0F000C1B23046F7F744FB002804D00146E2B253
:10C100003046D5F7E3FC00212846049ADFF728FEE5
:10C11000FF2005B0F0BD3A7828462146D5F7D6FC79
:10C12000607801213A46F1E7D5BF06108DC80610A8
:10C13000F0B58DB00024022913D01D460746943770
:10C140000646B43601290ED1707C0226002800D0A4
:10C1500092E0E3F7E1FDB968CA43801800D48BE0B0
:10C160002960264688E0039204950146812040001C
:10C170000991081801227274317A01704178019294
:10C1800011434170022102914458801C0890E3F74A
:10C19000C3FD07903546069605970C203E5E28683D
:10C1A0000419012E18DBB87F871B781C80B2254646
:10C1B0003446099E3146F2F7F9FA0A90B8B2059F63
:10C1C000069A314626462C461546F2F7EFFA711EBE
:10C1D000B9810A99081A04E00120E1F7A4FF28496F
:10C1E00008402418A879002813D03B681A1B798AC4
:10C1F000002904D0002B0CD0002A0AD534E0ED79B8
:10C2000043200021012D30D0002B069D01D0002AB3
:10C210002BD4002E03DC09982146E4F7BBFC0898D8
:10C220000068844202D307988442B6D3012E0FDB04
:10C230000220E874B868001B7860B87E01210140D4
:10C240008207D20F89184007C00F0818401EA87235
:10C250000398046078680BA90CAAE1F717FF00198E
:10C2600004990860029E07E03C203A7D511ACAB248
:10C27000B97DFCF761F8019E30460DB0F0BDC046B7
:10C28000FF0F0000F0B593B00546C520285C2C4692
:10C2900098342F46B937002859D00E46FCF76EFB6C
:10C2A000002822D0787900281FD0DEF760FA11A884
:10C2B000E3F74CF8606827462C46119D7B35401B00
:10C2C00038600FA90DAAE1F7E1FE3146461925466F
:10C2D0003C460E602846EC3000F060FA9721490099
:10C2E0007A7E032A44D00B4643E00820205E0028D3
:10C2F00058D4DEF73CFA2089002800D0DEE1E3F7CD
:10C300000BFD6168081A843800D58CE10A968120FB
:10C31000400008900320B8730FAE11AB2946324697
:10C3200000F045FA07903178E07E00263246DEF7CD
:10C330005DF90921C94309312181D0302060207B7A
:10C3400080073A48099600D170E1208183E10B947F
:10C350000EA800210A9101700CA801210170B87B80
:10C360000628099101D0052820D12C463C351FE034
:10C370002F4B042A01D0194600E0B4310227814234
:10C3800000D39CE1F0436168081800D596E1284687
:10C39000DFF740FA012130460A46DEF7E3F90028CC
:10C3A00000D08CE1DFF757F9002788E12C462835CB
:10C3B000FCF7E4FA0646FCF7D5FA0890687C0A997F
:10C3C0006974A9880818A8800B9DE87EE0F712FF21
:10C3D00002462889EE4988421AD1002E18D03879B1
:10C3E0001546DFF7D8FB266D0027009794203946C5
:10C3F0002A462B46DFF7B3F801463046DFF711FA3D
:10C400000B98C07E401E02281BD3E049193119E069
:10C41000E0494018062825461BD8C04678440079D4
:10C42000400087440716168EBE16D100F6FF0000A6
:10C43000D5020000DEF79BF92846D5F750FD04270A
:10C440003DE14621206D1430DFF70FFADFF703F9E5
:10C4500035E10898002800D12AE10892286D1430AF
:10C46000DFF784F9064600780F2404407078032132
:10C470000A91052C02D0032C00D046E1222800D9D5
:10C4800043E1821C2846C830C34B31460794984785
:10C490000024129411943078C00911A90870481C26
:10C4A0003146083106220592BB4B984710940F94F1
:10C4B00030784006C00F0FA906910870481C0496FA
:10C4C000B11C059AB44B98470B98C37D027B286D2D
:10C4D0000146303128302E46843500950190029176
:10C4E00006980799D5F76FFA316D282206928C5479
:10C4F00041087E29099B00D80346316D069D4A5D9F
:10C500001A434A553546716F0A68119B9A4200D00A
:10C51000DAE04968129A9142049A079B00D0D5E06C
:10C520000446FF3C611E8C41032B00D0CEE0FF2867
:10C5300000D1CBE00B988089800700D5E7E001248B
:10C54000C4E0286D1446DFF765F92E6D0998009058
:10C5500097204000C630022122462346DEF7FFFF27
:10C5600001463046DFF75DF90620B873397AF97174
:10C570000EAF0DAB29463A4600F019F90646397858
:10C580000B9CE07E00273A46DEF730F8D030206082
:10C590002846F2F704F82846E4F710FA002E3ED0B9
:10C5A0008DE01446DEF7E3F8286DDFF733F92D6DE3
:10C5B00000210091942022462346DEF7D0FF014659
:10C5C0002846DFF72EF975E0387AF8712E6D099854
:10C5D000009097204000C63002211346DEF7BFFFCF
:10C5E00001463046DFF71DF90420B8730EAE0DABDF
:10C5F0002946324600F0DBF8099031780B9CE07E4A
:10C600000A9F3A46DDF7F2FFD03020602846F1F766
:10C61000C6FF2846E4F7D2F9099800284FD15C48B4
:10C62000C01D20814BE00020387347E007990029A6
:10C6300048D0E07EE0F7DEFD02462E6D012000903E
:10C6400097204000C63002211346DEF788FF0146DE
:10C650003046DFF7E6F80898281808902846283072
:10C66000E4F79BF9064628463C30E4F796F9002E9D
:10C6700002D0797BC90704D1002805D0787B8007D8
:10C6800002D52846F3F7B4F9099838733879089A2F
:10C69000107050780121014351702846E4F78EF95B
:10C6A000286DDFF7B7F860680A990860022706E08E
:10C6B000DEF75DF80B99C889401EC881032738460C
:10C6C00013B0F0BDC01D40E6049A079B0B99888902
:10C6D000C00717D0052B15D11046FCF793F90B991D
:10C6E00001280FD1296D886AC96AF3F705F841421C
:10C6F0004141214001290B9904D10CA92846D5F7C5
:10C70000F2FB51E6C889401EC8810A9FD7E7286D11
:10C71000DFF71DF80520B8730EAA0DAB294600F00F
:10C7200046F8002813D01A48801D0B9C20812E6DDE
:10C730000120009097204000C6300221089A13463D
:10C74000DEF70DFF01463046DFF76BF803E01048D7
:10C75000C01D0B9C2081DEF77EFF0EA80178E07ED5
:10C7600000221646DDF742FFD03020602846E4F76D
:10C7700025F93878012807D12A6D0698115CA07C2C
:10C780002832521CFBF72CFF374698E7D5020000F1
:10C79000F6FF00000700FFFF17A6041010B50446BF
:10C7A000F7F7B0FD206A833800D2002010BDF0B545
:10C7B0008FB01F460D460446FE202040082803D1B6
:10C7C000AE6FE86F08360DE020460A38C0B2802808
:10C7D0000AD80AAE284621460792324600F01EF8D3
:10C7E000079AE86F012309E0601FC0B2022801D355
:10C7F000282000E03C202E1800232846A421415A7E
:10C8000008A8059009A80490039702920196009544
:10C8100000222046F6F788FE0FB0F0BD10B5144692
:10C820000A39C9B2ECF7F7FB0021002803D00278DF
:10C830004068012302E00B460A460846A160E16019
:10C8400061742374E280A180206010BDF8B50E4AA7
:10C850001368002B12D01A793824544300273E461F
:10C860000097B4420CD01A68921955780D4203D043
:10C87000FDB2854205D07F1C3836F2E7002200E089
:10C88000009A1046F8BDC04678310020FEB5174624
:10C89000491E07220A40C908441809990898002F20
:10C8A0001DD0029108239D1AAF4200D8FDB200218D
:10C8B0000191CB43AB400146984380B29040084E73
:10C8C0009E4396402278B243024322700846029962
:10C8D0002A46F8F73FFF7F1B641C019ADFE7FEBD85
:10C8E000FFFF000080B540690149FBF7B9FC80BD3E
:10C8F00099060710FEB51446054602910190002ADC
:10C9000002D07F20C14300E002211848006836228F
:10C91000825C920601AE002A26D53630C07B000725
:10C9200022D5022008408000114A126810180069C0
:10C93000C9B2302203230091DDF7E8FF002813D0AD
:10C940000746711C057209300622DDF764FE3420AB
:10C95000F8710920B8713E20787104203871FC7399
:10C9600000983946DEF72EF8FEBDC0468031002023
:10C970007431002070B504460C4800689021455879
:10C98000483526460E36052230462946DDF74EFE4E
:10C9900000280AD0052230462946DDF73CFE01205A
:10C9A000E0726A20205A0A30A08170BD80310020D8
:10C9B00070B584B00C466F21415C866F002907D0AA
:10C9C0006F304179002901D0491E00E001794171A1
:10C9D00010480068C068DEF7A9FE0325002815D0BE
:10C9E0003046083000F018F8307800280ED101A841
:10C9F000E2F7ACFC0198CD302060706803A902AA70
:10CA0000E1F744FB2168081A20600125284604B09C
:10CA100070BDC04684310020417C0022427482886F
:10CA20005118818070470000B0B50446856F1048EA
:10CA30000068C068DEF77AFE002802D02878002857
:10CA400006D0012028700835284600F013F8B0BD44
:10CA50006C20205CA17ADFF76EF820461430F6F7E0
:10CA6000EDFDA0720921204600F007F8B0BDC046D8
:10CA70008431002000218180704770B58AB00C4657
:10CA8000054609AA08AB08462946FFF790FE687AD2
:10CA900000280ED003AE284621463246FFF7BEFEE0
:10CAA000A98800950196002201232046F1F791FD07
:10CAB0001EE028466F300178002901D0427800E05E
:10CAC0000022E86FB321405C09A90978DDF78EFDEB
:10CAD000CD30AE6F7060A988304608300095019067
:10CAE000002201232046F1F774FD4142414131709B
:10CAF0000AB070BDF0B593B00746846F00F032F90C
:10CB0000064600F03BF9002804D000F043F9454206
:10CB1000454100E00025002E14D0DEF79CFDFD6F9E
:10CB200032203E21ECF784FA8C4941430E0AB320AF
:10CB3000285CFCF70DFF311824342046DEF795FE03
:10CB4000002008E13E4627464037DDF710FE002171
:10CB500008AA07AB05963046069100F027F9002D8C
:10CB600000D1AEE0E1F79EFC064600780F210140BF
:10CB7000082900D0A5E070780E2800D0A1E0B07898
:10CB80000D2800D09DE0F078C10700D199E0800722
:10CB900000D496E006980D900C9030784006C00FB7
:10CBA0000CAD2870681C311D0622DDF734FDD5F769
:10CBB0004AF80490012811D1287801280ED10CA838
:10CBC0008079C0210140402908D165480068902142
:10CBD000405880685D21405C002872D00BA83D461B
:10CBE0000C350090019523465C330CA803210022EC
:10CBF0000392D4F7F3FEFF2863D0287003980A90BD
:10CC000009903078C00909A90870481C0A36062224
:10CC10003146DDF700FD049801280BD1504800682B
:10CC20009021405880685D21405C002802D0234656
:10CC3000443301E02346543338790BA90978009036
:10CC4000019109A8032100263246D4F7CFFEFF2820
:10CC500037D00598856FC16FA220285CF243334618
:10CC600004960CAE3281FF22069202323282F373B6
:10CC70000222B281AA22895CB1724021695CF17200
:10CC8000294640310C310D91294664310C91DEF773
:10CC90008CFEB0748820285811908C352846E2F715
:10CCA000B4FBE1F74BFFB0733046E2F7B7FB0598F2
:10CCB000417A2046049A1346E1F73EFB06987870C5
:10CCC00048E02646A2340598407A04903878E1F787
:10CCD00068FBFF253D702078E1F76EFD0596304634
:10CCE0000499069C22462346E1F726FB7D7009A99C
:10CCF0008C8009943A7D0CA844763E238376857512
:10CD0000C481E34383823B460D330C933B7B037624
:10CD1000022313400D4601D015373D46059C22469F
:10CD20007C320E95002B01D05D3421460D91117897
:10CD300053781B02591881819178D3781B025918B6
:10CD4000018211795279069BC375120251184182F2
:10CD5000E1F748FD042013B0F0BDC04671020000A9
:10CD60008031002080B504480068C068DEF7DEFC32
:10CD7000411E884180BDC0468431002080B50448F2
:10CD80000068C068DEF7CAFC411E884180BDC0460D
:10CD90008431002080B504480068C068DEF7B2FC2A
:10CDA000411E884180BDC04684310020F0B591B05D
:10CDB0000B930A920646006D0790706D10906A20E2
:10CDC0000890305A0FAC2080707AB76F01280C9011
:10CDD00002D83046503000E0381D006806903046DA
:10CDE0006A3080780990DDF7ADFC0590A4203D58AD
:10CDF0003046FFF7BFFD0DA804900EA803900294E3
:10CE000010A80190069800900598401B29460C9A9E
:10CE1000079B00F028F80898315A07912588355269
:10CE2000109870650E9CFC630D987874304600F085
:10CE30004BF80798A8420FD00998DEF757FDB96B59
:10CE40000C9A009201900291314614310123099805
:10CE50002A46E1F777F9B0720A9804600B980460EB
:10CE6000022011B0F0BDF0B585B01F4603920B9AB9
:10CE7000049212680292891A0C1820461946D5F7B6
:10CE800002FC05460A9E301901976F43F9430818C2
:10CE90003146D5F7F8FB0C990A885319029ABC1849
:10CEA0000E9A0D9D039FB84202D24643A61904E094
:10CEB000019826185B1C00203446049F3C600B80C0
:10CEC0002E60107005B0F0BDF0B581B00446C07A98
:10CED00000281ED026466036A0897189814218D369
:10CEE0000020E072307B25460E352946DEF788FDAE
:10CEF000377820465C3005222946DDF78CFBE020A0
:10CF00003840317801433170143420462946E0F727
:10CF100011F901B0F0BD0000F8B50F4606461C48F7
:10CF200000683621415C890604D536300D21405613
:10CF3000002800D4F8BD1C4615460C205843083084
:10CF40008308144800684069A1210522DDF7DEFC52
:10CF50000028EFD001460698CC724F720E720E4A2E
:10CF60004A606A426A418A7200221546AC420AD07F
:10CF70008E18FF2737822B18F373B773074BB381D3
:10CF80000C326D1CF2E7A120DDF71CFDF8BDC04698
:10CF9000803100207431002093F906107F7F00005B
:10CFA000F0B59BB00D9315460F910E90E1F77AFA0C
:10CFB0000027012200920192029711AE1090314693
:10CFC0003B46E2F753FD6C426C41357DDDF771FB6A
:10CFD0000C90DEF707FF24490A683621515C890668
:10CFE00040D536320D21515600293BD5717B089131
:10CFF0003F21CB430B90109A9178C9431943507845
:10D000004018317C0991C0B20A90401E03210143AF
:10D010001531880883B2154800684069A1210522AE
:10D02000DDF774FC0B9900281CD006460C984018BC
:10D030001099089A8918C0B2009501900998029039
:10D040000D98039004970A9805900691301D0E994B
:10D050000F9A234600F00EF805487060A120314673
:10D06000DDF7B0FC1BB0F0BD803100207431002032
:10D07000CD840610B0B51446099A4273089D057315
:10D08000079DC572069D8572059D4572049D0572BA
:10D090000125C57183714471017103461433036125
:10D0A0000A991846DDF7B7FAB0BD0000F0B593B0A5
:10D0B0001C460746012923D1154601213846E1F7D0
:10D0C000E9FC0646062D26D13846DDF777FE4221DB
:10D0D000435AC26C416CB07A002816D005A80EC025
:10D0E000F088E1F7F5F8002815D00546007A002809
:10D0F00011D0012817D101213846F2F7C9F90FE004
:10D1000020463946D4F77BFD0AE000943046D4F738
:10D1100070FD002804D0012138463246DEF720FE9B
:10D12000FF2013B0F0BD29465A310291308908AF73
:10D1300038800888B880E86F0490B81D29465C31B3
:10D140000522304EB04738460B3029466131042263
:10D150000192B04738460F302946653103220392C9
:10D16000B047049B1846B33040793876029EB179B7
:10D17000E0220A40596F0B78DB07DB0E03431343B1
:10D180003B7638461A30491C06221E4B9847019AB6
:10D19000308AF882B321049B595C032900D00A46E7
:10D1A0007A7606994900059A89184A426B6D991852
:10D1B00003D5296DCB18401CF9E708AA079B1384F7
:10D1C0005082981C9082901C0022E1F707F8687A40
:10D1D0000399217000280BD02A20A0702B206070AA
:10D1E00008A922312846D4F7E8FC6078421E04E002
:10D1F0001C20A070232060702222E01C08A9DDF70B
:10D200000AFA8DE717A6041080B540690149FBF7BB
:10D2100027F880BD730D0710F0B585B00391054662
:10D22000B120285C0490B020285CEC6EAE7D2F46C7
:10D23000AA37002801D039780FE0284672300288DA
:10D24000A86D002300930190029329468431304653
:10D25000E0F778FF01460120B8713046DEF76BFC3D
:10D260000B484443210A09180498032801D04B3184
:10D2700002E0FF2014300918039C28463030DEF706
:10D28000F4FA28462146D4F796FB05B0F0BDC04617
:10D2900071020000F0B5DBB0089106468C480068CA
:10D2A000C068DEF73BFAFF22114602310DAF39812B
:10D2B0000992110279807221715A398000240E94EA
:10D2C000314670310A913546AA3500280C960B95E7
:10D2D00033D03D460935E1F7E5F810AE80213173D2
:10D2E0001AA91191012100910194079102913146EF
:10D2F00022462346E2F7BAFB0C98314622462B46DB
:10D3000000F0E8F802281FD000280C9E0B9D5CD18D
:10D31000B81D0590BF1C287A00F02AF9A9790129C7
:10D32000049006971BD1F0650220A871EC7010A83C
:10D3300041890A9A1180007D15E0A87901280AD157
:10D340000DA80021417240E00B9D68794021014306
:10D3500069710C9E39E00DA80221017135E010A819
:10D36000007D7F2800D028732F4610AD2A7B1199AD
:10D37000304600F00AF9687B0DAD68711498E870CA
:10D380003A7A05980699D4F706FBE871706EB06694
:10D390001099002915D0787AE1F7E4FFF0660DA91D
:10D3A0000C72079A0A7110A9C97B39701099049AF6
:10D3B00089184008081A089A10603046FFF72CFFB9
:10D3C00002E00798B874F4663D46687940060DD4CB
:10D3D0000DA8007A41424141C900327DF723134034
:10D3E00059183175002803D0032702E0042700E014
:10D3F00001270DA8407A002866D0304600F00CF9CD
:10D400006879800760D50797412086001AA83146C1
:10D41000D3F7DCFE00F07CF90DA909790229089008
:10D4200001D102270CE0E1F73DF8014644780DAD4B
:10D430006F791AA83246DDF7EEF8E01B841C2F79CD
:10D44000E5B20898854200D90127DDF732F9064692
:10D45000DEF7C8FC014610A8C772099A0272089F3D
:10D46000BD423A4600D82246099282727118417331
:10D470000B99097B01730A99498981800DA9CA78A2
:10D4800042720D9AC28049791AAA51181091D4F7A4
:10D490000AFCBD420ED910A80E99C172E11B81721F
:10D4A0000DA949791AAA5118099AD2B2891810916E
:10D4B000D4F7F9FB0DA9CB788A79C87989780091DE
:10D4C0000C99D4F761FA079F38465BB0F0BDC046AF
:10D4D00084310020F8B505464F20285C01271F70D5
:10D4E0002C467034AF35002A009102D16A78012AA7
:10D4F0000CD1CA7CFF2A04D0824204D1287840078C
:10D5000014D4002419E00124002714E02688002404
:10D51000164A964211D04A89B2420ED0C97C0024E4
:10D5200081420AD001202746044604E04889218828
:10D530000024814201D1002018701E46D4F7B2F9B0
:10D54000002F10D001280ED1287800070BD50098A5
:10D55000007CFF2800D104206979C140C80702D0AF
:10D560000020307002242046F8BDC046FF0F0000A6
:10D57000BCB5DEF713FA044601A8E1F7E7FE019D0A
:10D580002046DEF784FB281ABCBDF0B587B00490B6
:10D59000002A3FD00C46049807467A370146B3313B
:10D5A0000691511E059101467C3102917430019023
:10D5B000012000260397C0B2205C28280BD0F5B2CA
:10D5C0002C281FD1601906990B780499CA6D3988E7
:10D5D000D4F752FA16E0012006998871F5B22F1996
:10D5E000F91D02220198DDF716F8B91C039F0522E8
:10D5F0000298DDF710F8B8794109069A11701F21D9
:10D600000140B971605D3018461CF1B2481C059AA2
:10D610008A42D0D807B0F0BDF0B58FB00746AF2032
:10D62000385C00076FD53D4648353C46AC34E1F7E1
:10D6300009FAFF210490018109A800260673617987
:10D640008173E179C173698E4181E178F7220A40E3
:10D65000E270E9790174297803914173396E490ABE
:10D66000C180681C0990D4F7B4FA012831463346CA
:10D67000304610D102957D6C6E202E5C286E2349B9
:10D68000D5F701F80190686E7D21D4F7FCFF019B6E
:10D69000E96D029D490A09AA1075D37491745674F4
:10D6A0002078FF2820D0DDF789FB0446D4F7CBFA99
:10D6B000012811D1B86CF96C05AA009206AA07AB33
:10D6C000DEF712FD002807D002200799014309A8C0
:10D6D000417307A8401C0990618F09A88180298E99
:10D6E0000181D4F7E4FA0EE004980C30D4F7D7FAAD
:10D6F000E07B002804D002200399014309A841736C
:10D7000009A8D4F7D8FA0FB0F0BDC046E204000073
:10D7100080B5D4F75EFA002809D0074800683621A2
:10D72000415C890603D53630407BC00601D4F72022
:10D7300080BDF42080BDC04680310020F0B5E7B048
:10D740000546E64C2068C068DDF7E8FF074620681C
:10D75000C068DDF7EBFF11AE0021B1710F91B18010
:10D76000FF22110271807221695A31806C6C6F2323
:10D77000E15CF171DA491391294670310D911095F0
:10D78000AD35002F0E957FD00B930C92E0F78AFEFB
:10D79000074600780F210840052800D0A8E008912E
:10D7A0002E46109D6C6C7079DEF72AFA079430349F
:10D7B0002046DDF7CCFFDDF74EFFB0780990A86C6E
:10D7C000E96C279126A90F9ACA7126901D921C9286
:10D7D00038784006C00F1CAE3070701CB91C062291
:10D7E000DCF719FF0A973F78D4F72DFA012812D1F8
:10D7F000317801290FD11CA98A79C0211140402913
:10D8000009D1B8490A68902151588A685D21515C54
:10D81000002900D118E10690089807401BA8029043
:10D8200015A8019026A800901CA8012239460F9B3C
:10D83000D4F7C9F8FF28109F0E9D00D106E1089487
:10D840001BA80F9000780027012215AB39460392E0
:10D85000D4F7E5F90A990C781997E60919A8067022
:10D860001A970590401C083106220492DCF7D3FE7B
:10D87000179717AD2E70189760B2002800DB92E062
:10D88000E54801684F3190E0002871D026466F3698
:10D89000707ADDF793FA0F9011A800210B91C172F5
:10D8A000109DA87D0C90E0F7FDFD26AFFF21B97219
:10D8B000012212023A820B9AFA730431B9810D994E
:10D8C00049893981717AF972483527950E9D2690DC
:10D8D0000C98DEF76AF8B87441200F99085CB873A9
:10D8E0003846E1F79BFD30342046DDF793FF52E0E8
:10D8F00030460B300B90F3F7D3FE38461CAF802137
:10D90000397326A91D910124009401940F9A029263
:10D9100039461346E2F7AAF8109839460A94224687
:10D920000B9BFFF7D7FD022837D00028109F00D0AF
:10D93000E5E0B01D0690B01C079068797E6C344617
:10D940006F3408967436FFF713FE0146E878012815
:10D950000B9609944AD10F9828700220E8702198FC
:10D960006872119830802078002844D1F96542E02F
:10D970000C92F3F795FEA87800070CD411A8FF21AC
:10D9800001712E460125109F3846294600F048F9BE
:10D99000B41CB678BFE0AE7837E1A87840210143E7
:10D9A000A970109FABE09D480168681C049ADCF7E1
:10D9B00032FE1CA905982A460F9BD4F72CF9024683
:10D9C000FF3A511E8A410F92FF28109F089C3CD0BD
:10D9D000069801280E9D39D11BA8007817AB039E2D
:10D9E00031463246D8F748FF0F962FE01CA8007D3D
:10D9F0007F2800D068721CAE327B0C461D993846D9
:10DA0000FFF7C3FD0A98E87311AF0F987872707B27
:10DA100078712098F8706A7906980799D3F7BBFF58
:10DA2000B872109F08990C678C65099800780B9A5A
:10DA30009070496C085CD07070890D990880786E80
:10DA4000B8660F98F8665AE0109F0E9D0998000777
:10DA50004AD40F98002847D06879FFF789FD0B99C1
:10DA6000079A515C002900D1F86590650024786E12
:10DA7000B866FC660A98FAF7C5FF0546B86CF96CFB
:10DA8000F1F73AFE012D0E9D36D1002834D1E0F792
:10DA900051FB0546082028701798C007400E083033
:10DAA00028700321E9700D21A9700E216970159964
:10DAB000C9010818287017A8411C281D06263246DF
:10DAC000DCF7A9FD15A8411C0A3528460E9D3246F3
:10DAD000DCF7A1FD11A804720EE0C04684310020DD
:10DAE0000101000180310020F3F7DAFD6879DEF7EB
:10DAF00052F82046DDF78EFE11A80021C17211AC4C
:10DB0000617A384600F08CF8AE782946257AE07ABA
:10DB1000002878D08C1C3846FFF77EFD20788007DF
:10DB200071D511A8C079796C4831D4F703FE00286B
:10DB300069D04120870026A83946D3F747FBFFF775
:10DB4000E7FD11A90979FF290F9012D0E0F7AAFC8F
:10DB5000014640780C9011AC60790B9026A83A46AB
:10DB6000DCF759FD0F980C990B9A891A8A1C2179B8
:10DB700001E000220C99D4B284420B9201D80C919E
:10DB800001E001200C90DCF794FD0746DEF72AF94E
:10DB900001461CA80C9AC2720F9A944200D80B9AA4
:10DBA0000C928272791841730E99497A01730D991A
:10DBB0004989818011A9CA784272119AC280CA79B2
:10DBC0000272497926AA51181C91D9F7C5F80F9A03
:10DBD00094420FD91CA81299C1720B99891A8172AB
:10DBE00011A9497926AA51180C9AD2B289181C9108
:10DBF000D9F7B2F811A9CB788A79887A8978009117
:10DC00001099D3F7C1FE002D00D00325700600D572
:10DC10000425284667B0F0BD803100207031002017
:10DC2000B0B50D467221415A446C6F20225C2046EB
:10DC30007C3000F027F8FF2821D0002D06D00C21E1
:10DC4000414360187C30DCF7D7FDB0BD2146DD31A3
:10DC500008700C21414360188321405C216E626E84
:10DC60004243501800022721C90040180449D4F744
:10DC70000AFDA16D411807222046DCF791FDB0BDD9
:10DC800071020000B0B50023FF24082B0AD085796B
:10DC9000954202D00C305B1CF6E782888A4202D0A3
:10DCA000DCF7AAFD2346D8B2B0BD0000F8B5466C3B
:10DCB0007720345CDC25705D3146DC314F78DDF750
:10DCC0009FFF705D2146DDF736FF0C20784330184A
:10DCD00001467C310C7AC56F6C20365AE0F72AFA7F
:10DCE00007210170710605D4611C417003210022D7
:10DCF00002230CE002218170E11C4170C1784022B6
:10DD00000A43C270064909684A7905210423C254AE
:10DD1000401829462246DCF77EFC0120F8BDC046AB
:10DD200080310020F0B589B00546466C6F20325C2A
:10DD3000B0202B5CEF6E2C46B03461780891A0784F
:10DD4000002B1AD12B46723331466E3105921A8858
:10DD500004920A78A96D0790736C00920191029366
:10DD600029468431012006900798049A069BE0F723
:10DD7000E9F90798059A06992170716C895CDDF7BD
:10DD8000DAFE0B484743390A09180898032801D0DE
:10DD90004B3102E0FF201430091828463030DDF7FF
:10DDA00064FDE96D2846D3F706FE012009B0F0BDF9
:10DDB00071020000F8B51E460446012905D1002A6B
:10DDC00016D0062A16D11D2028E0062A25D0012AC1
:10DDD0002DD12046DCF7F2FFF178002200F06CF83C
:10DDE000FF25002862D100212046F1F751FB5DE0BC
:10DDF0001E255BE02046DCF7E1FF074601212046B7
:10DE0000E0F748FE0546B078072819D11A203946B0
:10DE1000F7F766FFFF26112219E01E20B0700220DE
:10DE2000707003203070E0F769F9F0703DE0002574
:10DE300020462946E0F72EFE02462046294632E0DB
:10DE4000F67801223846314600F036F80246184886
:10DE500000683621415C890622D53630007B4006B9
:10DE60001ED5788F009013480068806917462622D7
:10DE700002210B46DCF74AFD002811D00146009B29
:10DE80004372C67207721F20C871052088713E2038
:10DE9000487104200871180A88720220DCF792FD8C
:10DEA000012120462A46DDF75BFFFF252846F8BD05
:10DEB0008031002074310020F8B505462C30082947
:10DEC00004D38078DCF736FE1E2414E000780024AA
:10DED000032810D116460F46EBF736FA0090384665
:10DEE000EBF738FA00994018012E03D1698D82B200
:10DEF0008A42E9D868852046F8BD0000F0B58BB0AD
:10DF0000079317460E46044610980890800025187F
:10DF1000DCF718FC01461E31A8230995E9500D468F
:10DF2000FF21DA3161182246B032022E11D0012EC3
:10DF30003CD11E21C943081AF421099A51584018AE
:10DF4000DC215158401800D5A7E00798056000264D
:10DF5000A4E0C879052101400026052900D19DE0F3
:10DF600017463020089D68432018807D0A90DDF711
:10DF7000F7FC002800D091E0F3F792FB3A682046C6
:10DF8000294600F0DBF8386069494143090A099CD9
:10DF9000A06EDDF76AFCA06EDDF7D9FB0A98DDF70D
:10DFA000FAFDDCF7EDFBDDF756FB77E0019302911C
:10DFB0000692049787204000099F3946A8310A91AC
:10DFC0003021089A514362189169CB43EB1803D56D
:10DFD000D26855180A990D60201803901E20C0437E
:10DFE0000595E943081ADC217D5846191E3EF420A8
:10DFF00000903B583946EC313846F4300022F7188F
:10E000007F1E05D5EB1800220A6003600122F6E7A7
:10E01000E426099FBE590F68FF43F61904D5EB1893
:10E0200000220A6003600122049FDD43059E7519EA
:10E0300002D50A9D2B60059300250D60069B1E6D81
:10E04000002E07D0069BDB6C9E19059FFF43F61937
:10E05000049F26D4002A03D02046089900F08EF8A9
:10E0600003980078FF2812D0D3F751FF002801D081
:10E0700003260AE0012608E0A80020189C21405849
:10E080000A990968E1F76EFE6D1CAE42F4D80A9A4F
:10E0900010680799086010683860022630460BB097
:10E0A000F0BD069A526D002A1FD0D218069EF26467
:10E0B0000D600121089A514089006118EC228D50B1
:10E0C000F26C0A9B1A60F26C019BCA50F26C0260FF
:10E0D000F06C009A8850029800780228BCD1452044
:10E0E00080002018F2F7A4F8B6E71248006836213D
:10E0F000415C01268906D1D53630C07AC007CDD023
:10E100000D4800684069A1210F2201263346DCF743
:10E11000FDFB0028C2D001461120C87101268E7176
:10E120003E20487104200871A120DCF74BFCB5E7C4
:10E13000710200008031002074310020B0B5144617
:10E140000546302048432818FEF728FBA04200D897
:10E150000446FF200830844201D20020B0BDE00A0E
:10E16000204601D00120C0020F214901695C05222F
:10E170000A40052A00D020468338B0BDB0B5FF2242
:10E18000E032825C40182121CB00C15CC018002A1B
:10E190000FD00323DB4325395B1C0FD2491CCCB2C3
:10E1A000032C00D10021CCB21546E540EC07F3D09A
:10E1B00004E02439CAB2032A00D1002125310170BC
:10E1C000B0BD0000F0B5CDB011910746F44C206809
:10E1D000C068DDF7A3FA12902068C068DDF7A6FAE0
:10E1E0001390FAF7D7FB0546E1F76AFE5A2100249F
:10E1F0003E467C54FF231946DC31425CBF27174062
:10E20000475444AA002D5DD010933146543605463C
:10E21000034698331398002809D01868001DDDF7CD
:10E2200096FADDF718FAB078401CB070E4E00846C2
:10E230000F960E91ED2149006C18129800280D954B
:10E240002AD00A920B93DCF73CFAE17903220A40C8
:10E2500080001018E071DDF7FEF92F6EB87839787C
:10E26000139100230F998B7136A97F228A82109A0D
:10E27000CA7436938021399114A937910F218006F1
:10E280000C9425D0F878C007129125D10F98C07949
:10E29000002829D0002435E00F9DAA780221012A08
:10E2A0000AD0042A08D0032A05D10D981E4600F092
:10E2B000ADFA334667780021A971780702D40020AF
:10E2C00058639863DCF753FA042000273E468BE03E
:10E2D00010931E460F9D48E001200F99C8712846F3
:10E2E00000F0BEFA04460DE00021459110984490DC
:10E2F000227844A8009101900346DDF73FFFFF38E4
:10E3000044424441F8780026800704D410960D9AC0
:10E310000F9D129912E0002C0D9A0F9D129904D0B6
:10E32000B8788309012010900CE034A9104600F061
:10E33000EBFA12990D9A044601201090B8788309DF
:10E34000002C12D00C98007A00280AD1D432104642
:10E350002E461D46D3F7B3FC2B4635460C99087262
:10E360001299002800D000242646139A0A40002E55
:10E3700023D1072A21D113921293A878002601965F
:10E38000009641424141C01E424242410A4302922C
:10E3900036AC3846214632463346E1F767FBE07C2F
:10E3A000FF2808D00F98008836A909898142129B5E
:10E3B000139A02D008E0129B139A002E0CD1002B66
:10E3C0000AD0082A0E991AD1A878012801D0042869
:10E3D00005D10220A87102E0002E0E9914D0F3F7A7
:10E3E0005FF9042001260027002E01D1044600E039
:10E3F0000124002F00D1044620464DB0F0BD072A6D
:10E4000002D1A8780028E0D116461293887EDDF765
:10E41000C5FA04460127AF71042801D0214600E067
:10E420000221072E4ED10E9834300890369A501E95
:10E430001346834109930792002A58D0F3F730F925
:10E4400044A8E0F783FF36A81390807B0621414360
:10E45000C8B23699E0F786FF0646EB487043C0091C
:10E46000059044980A902046DDF711FC06907D2027
:10E470000001059909180B9C2068369A0592001D29
:10E48000DDF7F3F97008069940180A99059A89187A
:10E49000081A119908601398C07B68710E9800F0F3
:10E4A00085FA2068001DDDF7B5F9A8780021042859
:10E4B00048D003280D9C49D00126002800D1AE7019
:10E4C0000B460EE13446F3F7EBF80020A871012665
:10E4D000082C09D1A87806280C9B03D15878402134
:10E4E00001435970314681E131460C9B7EE1A878A9
:10E4F00000220028139213460D9C43D1002312984A
:10E5000000283ED0E878201885225200805C01283F
:10E5100037D134A800780C9A527852071BD4129A3B
:10E52000022A3B462DD1FD283B462AD00122002657
:10E530002046334600F064FA0D9C00283B4620D06C
:10E5400002201BE0012633460D9CCAE00420A8707F
:10E5500001263346C5E0129A012A3B4611D1FD2817
:10E560003B460ED0002601230D98324600F048FAB3
:10E570000D9C00283B4604D0AE710520A8703346A0
:10E5800049E0A878801E042813D8C0467844007952
:10E5900040008744020707190200002616E0C04623
:10E5A0008431002020461C4600F0B6FA23460120A4
:10E5B00013901193F3F774F80D9C0126119800281D
:10E5C0003146139B07D08CE00026AE71002B3346FA
:10E5D000314600D085E036A8407D00281BD0E87980
:10E5E00000281AD02046B53001794279120251181C
:10E5F00040AA9180B521615C42781202511882785C
:10E60000C078000280180004401840902046BB30BB
:10E610000B9A147F1AE0314663E00E9C2046353099
:10E62000017942791202511840AA91803521615C2A
:10E630004278120251188278C078000280180004D3
:10E64000401840900899C81D0C780B9A13930A99AA
:10E6500020310A91FF2C19D114460D9B1846D53054
:10E66000017942791202511840AA9180D521595C52
:10E670004278120251188278C07800028018000493
:10E68000401840903C20245C1846DB30039436ABA5
:10E690000593D97C119100780690187B379942AA8E
:10E6A0000492D3F727FB0A9948700020087044AC05
:10E6B000039820762879E0750498469005981630DE
:10E6C00045902046193040A90622D2F763FD1198E3
:10E6D00006990143E1772046D3F7F5FA31460D9CC0
:10E6E000139B119129882046099A139300F039FA57
:10E6F000002803D00020A8710C9B6FE02246089CE4
:10E70000E07D17210140E175106E0A90E97810460E
:10E7100000F06BFA207629790D9800F07CFAE0760B
:10E720003B98A076DBF7C5FF0546DDF75BFB0A9A51
:10E73000281860769078C0210140802903D10020FC
:10E740000E9948640BE036A8407B10180E99486477
:10E750003F20C0439178C9430143507840180C9B37
:10E76000A07536A8C07CFF280F9D00D0207736A862
:10E77000407D012801D0002000E03C98A082E07D8F
:10E780000799002901D0202108431399002901D0BD
:10E790000821084312990843E075E979002906D059
:10E7A0000B9AD169126A0E9C6163A263089C10994E
:10E7B000002909D03599349A0A4305D03599349AFD
:10E7C0000E9CE2632164089C0E9AD16B002902D151
:10E7D000116C002902D004210843E0751398002829
:10E7E00003D000200B99486388631199187A002898
:10E7F00001D00020A871002903D0002E00D0F0E540
:10E8000060E50020F0E5C04671020000B0B543218C
:10E810008B00C15AFF25DC35425DC41840193F2AE0
:10E8200005D8CB091B0604D00121090202E0002310
:10E8300002E04900218040233F252A401A4302700C
:10E8400088B2012801D1012008E00120DCF756F848
:10E85000C0B22188491ED3F716FF481C6071B0BDB5
:10E86000F0B585B00446006E017800220492039250
:10E8700002785206D30F03AA13700F270F40F91F17
:10E880000225022901D3294600E004214118501C29
:10E890000622DBF7C0FE872040002018ED2149004A
:10E8A00061182646B436042F06D0082F01D103255F
:10E8B00002E04A785207D50F377E01223A4032767D
:10E8C0000278FF2A00D0411C0A7830462030EF2120
:10E8D00049006118009101903346183303A8294676
:10E8E000D3F77CF83776316A002902D1716A0029A2
:10E8F00003D0316A726A06C6083E3070FF38414262
:10E900004141084605B0F0BDF0B585B0029105461D
:10E91000006E01780F240C40C909012C01D1082296
:10E9200005E0C278D20701D00A2200E004220026C6
:10E93000039603AF397004968118781C0622DBF722
:10E940006AFE04980399014303D102980660466069
:10E9500029E0ED2040002818C435042C03D0082CF1
:10E9600003D1032104E0022102E041784907C90FE5
:10E970002C78012222402A700278007900940190BC
:10E9800003A82B46D3F732F82C70FE2802D13D1D88
:10E99000039900E002CD029A11602968107051605D
:10E9A000FF3846424641304605B0F0BDF8B5054651
:10E9B0005824E1F785FA0746285DAC7EDEF71AFC9D
:10E9C000064620463146DDF7F6F820463146DDF7AB
:10E9D00027F998203F5800200090962001213246C8
:10E9E0003346DCF7BCFD0146381DDCF71AFF58350D
:10E9F00069782046DDF79FF82046DDF7CCF8F8BDB2
:10EA0000FEB50646FF270446BC34002A12D038461D
:10EA1000123030180378002B03D05B1E03701806E9
:10EA200011D102910192706E03210170706E0C2160
:10EA300041700FE01D4602910192A069E169F0F773
:10EA40005BFE002801D0002661E0304602992A468C
:10EA5000D3F785F9DE37F019716E0A780378DB0792
:10EA60005B0E13430B70316E0978490080220A4017
:10EA7000716E0B7813430B700178890702D430460E
:10EA8000C43011E0A168E26806C4407801210A465A
:10EA9000083C2346D3F7C3F8706E01782278D2077A
:10EAA000520E0A4302702046726E411C901C0625CD
:10EAB000184F2A46B847306E02780F2111400729B7
:10EAC00000923B4601D0022100E004214718706EFD
:10EAD000083039462A461D4698470298800030186B
:10EAE0009C214058001D716E0E22A84701260198F6
:10EAF00000280CD000202061606100984006C00F03
:10EB000020741134062220463946DBF784FD304656
:10EB1000FEBDC04617A60410B0B543218B00C15AF4
:10EB2000FF25DC354257C4184019002A01D4802340
:10EB300006E0012901D8012100E049082180402395
:10EB40003F252A401A4302700120012907D0DBF734
:10EB5000D5FEC0B22188491ED3F795FD481C6071CF
:10EB6000B0BDF0B587B00691FF263146DA31415C81
:10EB7000002907D005460146B431012B059203D088
:10EB8000012202E000262DE0022290C9B443039244
:10EB9000A118452080000190281832069743049060
:10EBA00002913A46069E334600F04BF810280DD1EC
:10EBB0003346002605980128304600D003980443C8
:10EBC000049821463A4600F04FF80BE001260599DB
:10EBD000002907D10C21414368180299019A8150FC
:10EBE00080184760304607B0F0BDB0B5012908D1A4
:10EBF000FF21E231405C03252840012803D02C4648
:10EC000002E0012405E0042400F03EF8012800D0D1
:10EC10002C462046B0BD70B50C46FF21E231455C64
:10EC20000326664000F030F80121414031430C22B8
:10EC30002A40042A204600D11046002900D0204650
:10EC400070BDB0B500249BB2102C0BD005688D426E
:10EC500005D14568954202D105899D4202D00C300C
:10EC6000641CF1E7E0B2B0BD70B5C024065D0C25B0
:10EC700075434151711CCEB2102E00D100210155B7
:10EC800040190381426070BD80B52920E3F764F824
:10EC900080BD0000F0B5A5B00D920A910746FB4C6F
:10ECA0002068C068DCF73AFD08902068C068DCF78F
:10ECB0003DFD0646FF240794DC34F9F76BFE395D11
:10ECC000BF220A403A550FAB00251D703B23DB00E5
:10ECD000FC183B46B0330B9300280E97099509D0DA
:10ECE000002E00D19BE0080700D5C5E0402001437D
:10ECF000E170CEE00C9406952F460D9CA0000E9D71
:10ED00002E18E1F709F8A8217158EC22B358181809
:10ED1000401AB0503046A8300890002F07D0099D07
:10ED2000E0F7FAFF089908600A99086052E0274660
:10ED3000DBF71DFD0C9AD078EF210140D1706420E3
:10ED4000C443E0F7E9FF211ABA00AF18F422BA5819
:10ED50005218DC23FB58D2180325002A3AD4EC368B
:10ED60003268E423FB58D6439E1933D4089C2468A8
:10ED700005940B9C266D002E03D07118E66C891942
:10ED800028D40599081A9A1A21680818824200D3D3
:10ED90000246002A1ED00E9D28460D9E3146FFF7E2
:10EDA000CDF9002800D19DE13021714369188C7D97
:10EDB000BA6EB7494143090A1046DCF756FDB86EF2
:10EDC000DCF728FD2046DCF7E6FEDBF7D9FCDCF7B4
:10EDD00042FCA4E70C9CE0780527384001285BD171
:10EDE0000A950698002804D00B99486A896A00F0B1
:10EDF00047FA0FA8007800280FD00E98016E0991ED
:10EE000009780F250D40291F4B424B410026314602
:10EE10003246FFF7A6FE002855D00A9D3CE0089830
:10EE200000280C943BD0DBF74CFC6072DCF713FC41
:10EE3000386E01780FAA2646002414700B9A54608D
:10EE40009460B472F278F7231340F3701194109425
:10EE50000F250D400126012D68D0072D67D1C07800
:10EE60008107CC0FC00762D100200690002C3746E6
:10EE700030460C9C67D17CE0A72001401031E17046
:10EE80000D9880003818806EDCF761FCDCF7E3FB3E
:10EE9000E178880804258543284625B0F0BDC806DA
:10EEA0000D9E03D53846FFF7B1FCE27850070027E6
:10EEB00000280697344600D520E700270B99CF613C
:10EEC0000F6206971AE705970C941CAFFE76BE8278
:10EED0000B98416880681D900B911C91DBF7E9FB52
:10EEE0000446DCF77FFFBE75201878762096072D44
:10EEF000089070D10999887880091CAEF075C9789E
:10EF0000490004220A401418F4750E980D99FFF771
:10EF10006CFE307612A8C07C30771798B0761198C6
:10EF20001F9010981E900026304661E03446384607
:10EF3000FFF796FC0121002C0CD0069100283746E3
:10EF400030460C9C09D110A90E98FFF7DDFC411E3C
:10EF5000884102E006910C9C3746002808D00E98A4
:10EF6000D430D2F7ACFEA072002854D0002000E0CC
:10EF7000384608900FA800210E46017010A8E178CD
:10EF8000CA0615D40078072D00D083E002220A407B
:10EF900000D07FE0F2F784FB0FA806990091019062
:10EFA00012A910AA0E980D9C2346D2F7C3FE1EE1AB
:10EFB000F2F776FB042D0D9C3546089E00D018E133
:10EFC0000E98FFF7A9FD00250B98C56105620FA8F3
:10EFD000012101700DE11CA807990177012101763B
:10EFE0007F2181761F961E96012D30467CD128E127
:10EFF0000C99C978890712D40699002902D11CA955
:10F00000079A0A700C990C70C1B2E3B21CA80022D6
:10F01000D2F7ADFE01E7F2F743FB0D9CF1E010A93A
:10F020000978FE2972D1934800683621415C89062F
:10F030001CAC002900D4F0E63630807A400700D4BA
:10F04000EBE68D4800684069A1210E220623DBF71C
:10F050005DFC002800D1E0E60646631C099A0832F0
:10F060000121089840B2009101920290301D0B9A44
:10F07000D2B200F082F90B20F0711220B0713E2064
:10F08000707104203071A12031469EE0843100204F
:10F090007102000049074BD4062D02D0002D00D08C
:10F0A0009CE005970D9A0E99174689188522520003
:10F0B000895C0025012900D0ABE0FD28089E00D125
:10F0C000A8E0012200250E98294604922B46FFF75E
:10F0D00097FC002800D19DE0E07808210143E17011
:10F0E000049D97E002251BE609984078062800D287
:10F0F00093E6252800D990E6801F010600D193E011
:10F100001CA98875099E083620968FE00B99C9B214
:10F11000FE2903D11CA901220B920A70210721D4D8
:10F12000E1B203270A463A40032A6CD100271AE0CD
:10F13000002D4DD0012D0D9C4DD1FD284BD000252B
:10F140000E9829462A462B46FFF75AFC0028089EAF
:10F150004FD0A0000E990818806E1430DCF7F7FA33
:10F16000012546E004274349096836228A5C920655
:10F170001CAC002A00D450E63631497A890700D405
:10F180004BE63546C6B2701E032101431D31880887
:10F1900083B2394800684069A1210022DBF7B6FB41
:10F1A000002800D139E60146631C089840B200905F
:10F1B00001960295081D0C460B99CAB2394600F01B
:10F1C000F3F82E486060A1202146DBF7FBFB24E624
:10F1D000FD280D9CB3D1F2F763FA08E0F2F760FA6C
:10F1E000681E012802D80FA8012101700D9C354628
:10F1F000089E002E02D10FA800210170002D00D022
:10F200007CE500277AE5059A0A40052A08D10127FE
:10F21000A9E7089E0FA8012101703C46059FE8E779
:10F220008907A0D502279EE700263046062D20D864
:10F230007D442D796D00AF440C040F0312031800B8
:10F24000D6E61CA91524CC7511991F9110991E9111
:10F25000CEE61CA913240AE01CA9102407E00C998F
:10F26000097818240C431CA901E01CA91224CC75B0
:10F27000BEE6BDE68031002074310020C182061058
:10F28000F0B58BB00D460646F0F7D8FC04463820A2
:10F29000205C002802D03006400E01D00BB0F0BD3B
:10F2A0006068A1680AAA01230093019232462B46A6
:10F2B000DCF734FE0028F1D0049560680AA90978CB
:10F2C000C9004018C0790790C000216806900591D8
:10F2D0000D18DBF7EEF90746DCF784FD381840B26D
:10F2E000A979002917D0052169568842D6DB0295F5
:10F2F000FF25DFF7D7F801780023099308930278F8
:10F300005206D20F08AF3A700F220A40072A039321
:10F3100006D0022105E0042169568842BEDD22E0C4
:10F320000421029A3346AB430293951D4118781C81
:10F330000622DBF770F9387801280BD108A880790C
:10F34000C021014040290499029A05D102200643B8
:10F35000F6B201E00499029AF0B210430122FDF7DF
:10F36000C9FA03982870069805990B5810340122A1
:10F3700020460799E1F70FF990E7B0B5044682718E
:10F38000417101202071E01D062519462A46DBF750
:10F3900042F90498607320460E3005992A46DBF73F
:10F3A0003AF906982075B0BD10B504464272017254
:10F3B0000120207120460A3006221946DBF72BF97E
:10F3C00020461C306061039A22740499DBF723F90C
:10F3D0000298207610BD0000F0B585B00E460546B7
:10F3E00001270029384600D00320DDF703FF0490F1
:10F3F000B0002C18EC202058E4216158081A39027A
:10F4000069582F46B037002906D0FA6C5118A82247
:10F41000A2588A1A824200D3024628463146FEF795
:10F420008DFE002833D03860A06EDCF7F3F9A81900
:10F430002121C900415C302070432818857D284671
:10F44000DCF779FB28460397049F3946DCF7B3FBCA
:10F4500028463946DCF7E4FBA06E029000200090BD
:10F460009620012631463A463B46DCF778F80146BD
:10F470000298DCF7D6F92846DCF78DFBA06E0399DD
:10F480000968054A4A43110ADCF7EFF900E0002653
:10F49000304605B0F0BDC0467102000070B50B4D9E
:10F4A0002868046A002C10D0EFF3108672B6296821
:10F4B00020312046E9F7F8FD86F3108820690169BC
:10F4C0000029EDD0606A8847EAE770BD84310020EA
:10F4D00080B50349C97A814201D9F6F739FA80BD6E
:10F4E000C030002080B540690149F8F7B9FE80BD01
:10F4F000D1F40610F401FA00960064004B003200CB
:10F500001E001400F401FA00960064004B00320063
:10F510001E001400010000000000010002000000B5
:10F5200001000300000001000400000001000500CC
:10F5300001000100060002000100070002000100B6
:10F540000800030001000B00030001000C0005008F
:10F5500001000D00060001000E0006000100110070
:10F56000070001001200070001001300080001005D
:10F570001400080001001500070001001600070034
:10F580000100170007000100180006000100190023
:10F59000060001001A00090000001B000000010025
:10F5A0001C00090001001D00090001001E000A00E6
:10F5B00001001F000A00010021000B0001002200D1
:10F5C0000B00010023000B000100240006000100D5
:10F5D00025000F00010027000C0001002800050095
:10F5E00001002B000D0001002C000E0001003F0067
:10F5F000000000004000040012001A00260027004E
:10F600001D0002000300050008000B00210022007D
:10F61000230019000020704780B5417882781206D7
:10F62000120C1143C2780078FFF7F4FFC0B202BD9C
:10F6300038B50400201DF3F747FF05002000F3F75D
:10F6400043FF2900D1F79DFB32BD10B50400F3F74D
:10F650003BFF2179D1F79CFB10BDF8B51D46044650
:10F66000012912D1002A23D0062A2BD12046E0F707
:10F670007FFD0078E870032028700420687028203F
:10F68000A8700520287168711CE0002720463946C3
:10F69000DFF700FA0646A878282805D1E87801287F
:10F6A00012D92046DBF746FA00212046324607E011
:10F6B000012520462946DFF7EDF902462046294676
:10F6C000DCF74EFBFF20F8BD2879401F9128E8D8D1
:10F6D0006879401F9128E4D82046E0F749FD017879
:10F6E000EA78012A0BD12A796B798370427000295C
:10F6F000DAD1012101702046E0F750FDD4E701295D
:10F70000D2D10770D0E7F8B54B00009300231D4617
:10F71000EEB2009CB4420CD97600865FF713F6195E
:10F720007E40B7B29CB2A74200D81E466D1C33463D
:10F73000EEE700249BB27F2B02D9641C5B08F9E73B
:10F74000E3B21C461034002913D006683546DD406C
:10F750005570E6401670F6B2802E01D181261670E3
:10F76000EDB2802D01D181255570921C001D491EDE
:10F77000E9E7F8BDB0B5002901D00120B0BD1C46B5
:10F7800015464621415C022903D129688069401849
:10F7900002E0E0F7C1FA5530286020600220B0BDD9
:10F7A0000120704780B52A21405CDFF705F880BD55
:10F7B000F8B52021FDF74AF8002824D00446456B0F
:10F7C00074352D68002D1ED0E879032801D0AC35A2
:10F7D000F7E7687800263146DFF75CF90746312005
:10F7E0000001388068783146EFF752FE3A782046BB
:10F7F0002946D2F791F9102220462946D2F766F918
:10F800002046FCF7CBFBF8BDF0B5CDB0087C7728DF
:10F810002CD8440008228A5E0992CA790C928A790F
:10F820000B928A880A928F7ACA7A08920B7B4D7B58
:10F83000CE891431099A00920197089A02AF6CC7D9
:10F84000069007910DAE301D0AAB0ECB00F010F8FC
:10F850001620F07020460E30B0703E2070700420EC
:10F860003070113430462146EAF705FF4DB0F0BD47
:10F87000F8B504460B98A072069E267121700C9D67
:10F8800025730A9F6772099F2772089FE771079F78
:10F89000A771E370A270000AE072300A6071080A72
:10F8A00060700D340D9829462246FFF72CFFF8BDF5
:10F8B000F0B5CBB0087C772827D8440008228A5EB0
:10F8C0000A928A7909928A8808928D7ACF7A0A7B7D
:10F8D0004B7BCE8914310095019702AD4CC5059044
:10F8E00006910BAD281D08AB0ECB00F010F81520CB
:10F8F000E87020460D30A8703E2068700420287003
:10F90000103428462146EAF7B6FE4BB0F0BD70B57C
:10F910000C46054608986872EB7029700999E972DF
:10F92000079E2E72069EEE71059EAE71049E6E714C
:10F93000AA70000AA872180A2871200A68700C358B
:10F940000A982A46FFF7DFFE70BD80B58088D2F79F
:10F950006BFE002804D0BA21405C411E884180BD66
:10F96000002080BD80B5F0F769F93821415C00299D
:10F9700003D0007A411E884180BD002080BD80B543
:10F980000179407900024018D2F74EFE411E8841AD
:10F9900080BD70B5A8B0684604220270CA79C271F1
:10F9A0000B7903714B7943718B7983710C2353432A
:10F9B00008300024A3420FD00D192E7A06706E7AFB
:10F9C0004670AE7A8670EE7AC6702E7B06716D7BBD
:10F9D0004571801D0C34EDE768462821C1703E2139
:10F9E0004170062151434A1D8270C9B20831EAF7BD
:10F9F00042FE28B070BD1CB589886C46E01C00F042
:10FA00000BF80520A07013206070042020700821DE
:10FA10002046EAF730FE1CBD002202710122C270AE
:10FA200041700270090A8170704770B50446283031
:10FA3000E0F7B3FF05462646C63620463C30E0F7E1
:10FA4000ACFF002D02D03178C90704D1002805D0C1
:10FA50003078800702D52046EFF7CAFFDEF76AFB51
:10FA6000024670782146F9F733F870BD10B50124CD
:10FA70002146F8F799FF204610BDB0B5044605466B
:10FA8000BA35A878DEF798FEBA2000212152FF246B
:10FA9000AC70A87AFF2801D0DEF783FCAC72B0BD51
:10FAA0007CB50D460646DDF7B5FC0446B07A00226B
:10FAB0002946E5F7C9FD0546B07ADDF79BFB02460E
:10FAC00001200090601B02211346DBF748FD7CBD3E
:10FAD000F8B5044600292ED00E46606B417E2830D2
:10FAE000F1F785FC0546606BF02100914158721ECC
:10FAF000D2B2D6008A195268EA40D2071ED0895B7A
:10FB00000830F9F7FBF900212746A94215D0626BAE
:10FB1000009BD25892195368CB40DB0708D00028CD
:10FB200005D01388C06904889C42F8D100E0002009
:10FB3000491C3C46E9E7606B4068F8BD0020F8BD11
:10FB400070B50446807E656B29461C3100F02CF8A8
:10FB5000DBF781FD606B2C21415C02462C329278F0
:10FB60004A43D2B2437E991A4E1EB141521ED21A56
:10FB7000531E9A414C23C05CC00700D00A46012A9C
:10FB80000CD12046F4F7BAFF697E204600F01BF83E
:10FB90000146204600F033F8002070BDF1F780FDEB
:10FBA000DAF7E5FD032070BDB0B50C460546097ACD
:10FBB000DBF7C1FF21682846DBF71BFF6168284699
:10FBC000DBF73BFFB0BDB0B50446406B2830F1F722
:10FBD000F5FB01462046FFF77BFF0546002801D0D4
:10FBE000A97800E00021606BC9B22830FFF758FF08
:10FBF0000146606B9030DBF714FE2846B0BDF8B5C7
:10FC00000F460546F1F7F0FC0446002F07D079684F
:10FC1000BE78A01C3246FAF7A5FB387A08E0686B7C
:10FC20002821405C012801D0012000E002200026AC
:10FC30002070696B4C228A5CD2070BD00A462C32AA
:10FC4000937812785A434B7E9A4203D0202108437E
:10FC50002070696B09786670890001432170F8BDD6
:10FC600010B50446406B417E2046FFF7ACFF0146CD
:10FC70002046FFF7C4FF10BDB0B50446807E656B1B
:10FC800029461031FFF790FF687E401CC1B2204624
:10FC9000F4F718FF0120B0BDF0B587B000260229A7
:10FCA00000D1C0E01C460546012910D12846214656
:10FCB000F9F7BCFC002800D1ADE02846DDF7A3FB36
:10FCC0002168081A20602846E8F76EFCABE0049231
:10FCD00005946C6B204640300688E0F71DF801461D
:10FCE000281DF9F709F8074646437202686BC16997
:10FCF00003928918C1616E6B4020335AA87E02902E
:10FD0000B07900070CD53079874202D2C01B307120
:10FD100006E03E20707128460193DDF7C1FB019B90
:10FD2000204639300690686BC188CA064AD5C90793
:10FD300036D0452189004158002905D02846019335
:10FD400000F074F8019B686B01898F4201D2C91BD6
:10FD500025E0C1888A070AD44A0719D504229143AD
:10FD6000C18028461E46DDF79BFB334610E0022289
:10FD70009143C18085204000311800910298019381
:10FD8000DBF73EFEC43630460099DDF7D3F9019B20
:10FD9000686BC18801229143C180686B0021018199
:10FDA0007B435802696B8A69101A8861686B8169A4
:10FDB000002907D5C188490704D408214171284684
:10FDC000DDF76EFB28463946F9F726FA06980178E2
:10FDD0007943206D0A1822655420205C8A4202D2A1
:10FDE0005434401C2070696B40B2002815D4C88878
:10FDF000800617D42846DDF7B8F904990868039AF5
:10FE000080180860696B896A0C182846DDF7FBFAD0
:10FE1000201A05990860022605E01F20487128462F
:10FE2000DDF73EFB0126304607B0F0BDF0B585B0EA
:10FE3000044645208600606B85593621405C0028C9
:10FE40000FD02B7CEA68009500212046DDF7EDFA03
:10FE5000002806D0606B3D2141712046DDF720FB74
:10FE600047E00196AE7800210C2202AF28463B46BF
:10FE7000DCF724FB606B3430E8F7B8FA03463A78D5
:10FE8000012A0CD1042E0AD1606BC18804220A43D6
:10FE9000C280606B132141710320022115E0606B69
:10FEA000C188002A21D1082E1FD102221143C1800E
:10FEB00085204000616B081802A9491C05221E46D6
:10FEC000DAF7A9FB33460720062102AA515C105C31
:10FED0000002401881B29942019E02D2D9434018D3
:10FEE00000E0C01A616B088103E001229143C180E8
:10FEF000019E2846DCF70DFA606B0021815105B0A8
:10FF0000F0BD70B50446406B2C3000252946E8F75B
:10FF1000EDF845208600606B8059002803D0DCF79F
:10FF2000F8F9606B85512046EEF78AFF70BDF8B591
:10FF30000446466BB0781F2101407018EA21415CED
:10FF4000A57E2846DBF7F7FD2046F9F765FA074658
:10FF5000606BC088010706D5000601D41E3702E099
:10FF60004B2080003F182846DBF715FE3046B030A6
:10FF70003946DBF77AFC606B817834363046F1F72E
:10FF80001DFA0646606B3E21405CDDF733F9014601
:10FF90002846DBF710FE606B006A3146F1F707F97F
:10FFA00001462846DBF725FD01273802616BCA8828
:10FFB0000243CA80606B406A000281192846DBF761
:10FFC0003CFD3846F8BD10B50446001DDFF71DFAAC
:10FFD0002046FFF796FF10BD80B5416B096FFAF719
:10FFE00003F980BD70B50546466B306F00281BD005
:10FFF000AC7E2146FAF784F8E87EC00703D1316F62
:020000041007E3
:100000002846FAF7F1F86820315C2046DBF793FDCB
:10001000306FC16A2046DBF7ECFC306F016B204685
:10002000DBF70BFD012070BD002070BDB0B50446AC
:10003000406B083000252946E8F758F8606B10300F
:100040002946E8F753F8606B03214170B0BD10B545
:100050000446001DDFF7D9F92046EFF7F7F910BD88
:10006000F0B58DB002930192074642203C5A4B20D6
:1000700080003D18786C0390DAF764FB014628464F
:100080000991F8F739FE05463846D1F787FE9320E7
:100090004600012D03D1384600F07EF800E0012033
:1000A0000A90B819059038464230079038462D30EE
:1000B00008903846803006900B97FA370497002056
:1000C0000C90A1B20B9F38460A9AD1F729FCF96C23
:1000D00041437A6C56187E640C9941180C9124188F
:1000E000A5B23846294600F0A2F80746002802D1FA
:1000F0000998301AE5D4069A106880218843106068
:10010000079E3088A84205D9049800880B99F831D9
:10011000D1F740FE3480002F089E1DD10B98416C12
:10012000039A8D1A294600F012F90746002813D1C8
:100130007078294600F01AF9074600280CD10B9870
:1001400029460C9A019C234600F036F907462068A0
:1001500002990860002F06D03770002005990870BA
:1001600001200DB0F0BD0B9EB06F002801D0C46916
:1001700000E000247836002C0CD02546E469287A6B
:100180000007F8D530462946F0F7FBFF2846E7F789
:1001900057F9F0E70220E4E7F8B505462C20285C83
:1001A0000124032841D1288F00283ED02F462C3728
:1001B0005426B85D800638D52846DBF7D7FA29469D
:1001C0002831884231D1B85D0006800F2DD12846F4
:1001D000E3300078800728D42E46F6363088002891
:1001E00023D1B87801242146E7F7D0FD0090B878F4
:1001F0000021E7F7CBFD0099084302D1288F441C6A
:1002000013E09320400028180078C0070DD0F88A2A
:10021000718D081A81B2022907D3441EA1B2288F1A
:10022000401C82B2914200D30446A0B2F8BDFEB594
:100230000A46044693204300E05CC10725462C355E
:1002400000297FD02746E237F98F8A1A160404D096
:1002500010B2002876D52820FEBDE61842B2002A4A
:100260000FD4410713D4000736D4A878D1F717FE6E
:1002700000285DD0A878012100221346D1F7F7FDB0
:1002800056E0A878D1F73CFC30787F214EE0606CD6
:10029000AF6F796840186064B9683A6828780228B6
:1002A0000291019227D1687DDBF77FFB042801D002
:1002B000062800D10220800021187869886500286E
:1002C000029B019903D0984200D318462065480844
:1002D000616C081860641AE0E96F687DDBF790FBD9
:1002E0003878012804D1E96FBC342046DCF722FFBE
:1002F0003078F7211AE0DAF757FD029B0199616324
:100300004068002803D0984200D318462065F8685A
:1003100020873869E16C0A186266A066994203D0AA
:10032000E3642046F0F792FE3078FB210140317003
:100330003078FC210140881C30700720DFF7C2FFB5
:10034000E0F714F8A878D1F7BAFD0020FEBD426EA0
:10035000511A4166491E01D4002070478021405C3B
:10036000800601D5082070473E207047FEB50291F7
:100370000546E7F715FD07467D2046040024019455
:10038000022C15D07879C0070FD0E1B22846E7F7E4
:10039000EFFBFD21084208D03868411E0AD4B04264
:1003A000314601D80299411A39600C37641CE7E7DD
:1003B0000198FEBD2220FEBDF0B587B006930591E1
:1003C00005464120285C13210C01E221695C2E4680
:1003D0002C3601290DD1DBF789FAF28A777D0023CB
:1003E0000093019002932946BC313846DDF7AAFEFE
:1003F00010E01746DBF7ACFA049404464743F07864
:100400003F18B8B2E7F7BCF8F070381B049C80B214
:10041000E7F7B6F801462F19707DDBF722FC30783C
:10042000022811D12846DBF7F5F92846DBF7B7F9A2
:10043000707DDBF7E5FBE86C3860288E401C288671
:10044000686C0699086026E0AC6C688D0599E7F742
:10045000A7F80019A96C002900D10D30E96C4908F2
:100460003E39884201D9082016E0A8642C4614348D
:100470002046DBF7CFF92046DBF791F9707DDBF7FB
:100480008AFB2A46443207CA3A60401A0699086035
:10049000288E401C2886002007B0F0BDB0B50D4660
:1004A00004464120205CDBF780FA022102460A4321
:1004B000062A00D00146002D0BD020462C300078B3
:1004C000032807D0022804D188002018806D002856
:1004D00000D0B0BD4D208000201801694269511A3A
:1004E00002688A42F5D0531A01D95908511A426854
:1004F0009142EED30160B0BD70B504462C20205C63
:100500002646AC3603280DD14B20800025182846FE
:1005100000F018F80146206D814202D2284600F012
:1005200011F870602046EDF7B7FF2046FAF748FF54
:100530002046FAF773FF316814342046DBF795F94B
:10054000012070BD0146896A00290ED0427D4B7D95
:100550009342F8D38269CB69DB43D2184368D2183F
:10056000F1D4C0698969081A00E04068833870478F
:10057000B0B504462E20255C2846D1F7C9FA284696
:10058000D1F7BCFB002803D12E34E07CDEF714F950
:100590000720DFF797FEDFF7E9FEB0BD80B572B642
:1005A000DBF73EF862B680BD7CB50446F7F708FE7F
:1005B0000146BC26A05DDBF7BEFAB120205CDCF76B
:1005C00019FE0546A05D2946DBF72AFBA05D2946FA
:1005D000DBF7F1FAC720205C2146A431062801D0C0
:1005E000052802D122463C3201E022462832098801
:1005F0000094019200221346EDF7EBFF7CBDB0B5ED
:100600000446C520205C002810D00D46F8F7B6F946
:1006100000280BD0002D09D12046BE3001780029DA
:1006200004D0491E01702046FFF7BEFFB0BD80B563
:10063000C521415C002902D0FFF7B6FF01E0E0F7D9
:10064000BDF9012080BDB0B50446BA200021215279
:10065000BA34A07AFF2801D0DDF7A3FEFF25A572EA
:10066000A078DEF7A9F8A570E078DEF7A5F8E570C8
:10067000B0BD10B50C46E8F79DFFC108C9B201290D
:1006800009D80722104001228240601883214900C6
:10069000435C1343435410BD70B50446EFF7CEFAE4
:1006A00005463820285C00281FD02E463836002109
:1006B0003170287AC00008300A460832904212D0C1
:1006C0006B685918C979A1421146F6D19818011FD3
:1006D0000968083800680022FCF70CF9E000296876
:1006E0000818012181710120307070BDF0B585B00E
:1006F00002290CD0044601290BD19C342468DFF771
:100700000BFB001B8230810F0220884336E0002063
:1007100034E0164627466A3720460493FCF72AF948
:10072000256DDFF7F9FA014620468030F8F7E4FA44
:100730004543616D49196165316039880818388011
:10074000606D049908602046FCF7BEFBB878DBF7C3
:10075000CDF83A88BD78002300930190029321469A
:1007600014312846DDF7EEFCA072A46F0834204651
:10077000FCF780F92046E0F710F9022005B0F0BD43
:1007800080B50821FCF779F980BD10B504466C20CE
:10079000205CA17ADBF7CFF920461430F2F74EFF48
:1007A000A072012010BD10B504468030DEF72DFE8A
:1007B00000212046E0F750FA10BDF0B593B00F4687
:1007C0000546046D406D12906A20285A11A90880D0
:1007D000697AAE6F012902D82846503000E0301DFA
:1007E000022F01D10020A0E00B940A9309920E91F0
:1007F00000680C902C466A34A07808903046D830B7
:1008000000680D90D9F79EFF0146012F06D10D9883
:10081000C0430818810F0220884386E030464130EB
:10082000069028460791FCF7A5F80FA805900490BC
:1008300010A8039011AF029712A801900C98009095
:100840000D990798401A0E9A0B9BFCF70CFB129817
:1008500068652188079139880D9121801099374664
:10086000F163059A1478069A127894420DD1661CA9
:10087000F2B20E9B9A420A9B0C9A09D30FAA002649
:1008800016700B9A8018421A02E0002226460A9B34
:100890007E74009328463946099BDDF715FE7C746B
:1008A0003C4638462430DAF7B5FF2846FCF70CFB07
:1008B0000D9F0798B84212D00C96089E3046DBF781
:1008C00015F8A16B0E9A00920190029129461431FD
:1008D000012330460C9E3A46DDF734FCA872E07DD9
:1008E000400613D12046BD3031060E9900D0314666
:1008F000491EC9B200784018E17DA27D521CD3B2D6
:10090000984201D2E1750DE0801AE075E86FAA21E6
:10091000405C00220E992346DDF75AFE002800D0E5
:100920007F1C27840020E074022013B0F0BDF0B5D6
:100930008FB00F460446066D406D0E906A20205A17
:100940000DA90880657AA16F012D02D8204650308C
:1009500000E0081D022F01D1002061E0099106A9E5
:100960004CC100680A9026469836D9F7EBFE3168EC
:10097000012F05D1C9430818810F022088434FE099
:1009800022466A3205920BAF04970CAA03920DAA75
:1009900002920EAA01920A9A0092401A2A46089ED2
:1009A0003346FCF760FA4120099B185C3F78874288
:1009B0000AD17F1C0BA80770F8B2A8420799069AC3
:1009C00006D20C980A9E04E00C980799069A02E059
:1009D0000E9880190C90106008605E7C0598008865
:1009E0000DA90988814208D1F8B2F1B2814216D22C
:1009F0002046DEF70FF8761CF6E7F1B2A94204D2E2
:100A00002046DEF707F8761CF7E70025F8B2E9B2D2
:100A1000814204D22046DDF7FDFF6D1CF6E702207F
:100A20000FB0F0BDF0B58BB00546876FB868089081
:100A3000F86B0790D9F786FE0646BC7CF8680690EE
:100A4000797C04956A7A38460991DDF7AFFD054651
:100A5000089807994018301A0699D1F714FE0246F3
:100A6000FF2D07D003206843F969496808180790EB
:100A7000867802E00020079016463D461746089506
:100A800024352846DAF763FEF8B20396F1B20690F1
:100A9000059181423A4625D90292501C089FB874AC
:100AA0000AA90498DDF7C6FC06460420DAF7EEFD35
:100AB00028463146DAF7D9FED9F744FE01460A98AE
:100AC000411A573905D400210A46D9F74BFE0028B0
:100AD00001D0D9F755FEDAF7BEFD079D002D029A29
:100AE00004D149E0079D002D089F4BD028780128AC
:100AF0003ED16878069981423AD306980599884292
:100B000000D803920498C06FAA21465AF87C089036
:100B1000FCF734F9002807D00398051BFCF73AF9D5
:100B2000002806D06D1C02E00398001B451C002025
:100B300000E00120049028060FD0E0B20090E8B257
:100B400019282F4600D31927FBB2F0B20999089A49
:100B5000FCF7E2F9ED1B3C19EDE704980028079D2E
:100B600006D0F0B20399CBB20999089AFCF718FAAB
:100B700006980599814201D9002007E00020A8705D
:100B8000687028703F20DAF781FD03200BB0F0BDBC
:100B900010B5846FFCF7E6F8E074032010BDF0B5E3
:100BA00085B0029201910746406C3B4648330ECB1C
:100BB0003C4654340FC43D465C353846643004909E
:100BC0003C465434384688300390D1F73CF801282D
:100BD00022D12678B00710D528462146D5F7DCFE6D
:100BE0002078012108400E40B04206D0049B1978BD
:100BF000BF220A408001101818702E780121284663
:100C0000D5F7CAFD2878B04206D0049B19787F2218
:100C10000A40C001101818703E467A3638466630D1
:100C2000611C06242246D9F7F6FC6C37691C38464D
:100C30002246D9F7F0FC039C256822210022019F5F
:100C40003846D9F7D3FCFD210F40042F02D00121F3
:100C5000890201E003214902029A89180F18E81B52
:100C6000B1784902F27852045118002807D4CA1901
:100C7000D243AA180CD4D1F706FD7D1808E0E8434A
:100C8000381844182046D1F7FEFC6019039C451A19
:100C9000E81B410A31702560400C7070DDF74AFA9C
:100CA00024220499D9F7B7FC05B0F0BD10B5427AFB
:100CB000846F617C2046DDF779FCFF2809D0032191
:100CC0004143E0694068425C022A02D14018012198
:100CD000017010BDB0B50446806F457CA01DD1F7F2
:100CE00023FE0A35E9B22046FBF7C7FEB0BDB0B51A
:100CF0000546846FA220205C617CA26B515CDAF710
:100D00001AFFE86FB321405CDCF774FA0146E26B2E
:100D10002046FFF744FF0120B0BDB0B50546846F03
:100D2000E07C002811D0BC20205C617CA26B515C6F
:100D3000DAF701FF00212846DDF77CFB0146243469
:100D40002046DAF792FD0120B0BD0020B0BD10B5FD
:100D50006C21425C846F607CA16B095C1046DAF701
:100D6000EAFE0020E074012010BD80B5FFF71BFDF6
:100D700080BD80B5002800D080BDDEF75BF880BD67
:100D8000F8B5022904D0012904D1D0F718FE16E0E5
:100D90000020F8BD1C4615460646DEF7BDFF01469D
:100DA0003046F7F7A9FF0746D0F709FE3046394627
:100DB0002A4600F008F8002803D0286820600220A6
:100DC000F8BD0120F8BDFEB502920E460446BC20D7
:100DD000205C214672312546AA350028019103D0B6
:100DE0000020A87488888619276E774320463946E4
:100DF000324600F021F8002100281BD02046009147
:100E0000394600F02AF80099002813D0E06DC01987
:100E1000E065FF2129700021A971019A11888919C3
:100E20001180E16E4908401A02990860204600F0DE
:100E300029F801210846FEBDAF23C35C1B07836E62
:100E400004D48B420A4604D200207047D14359187B
:100E5000FAD4991A81660120704710B50446B32070
:100E6000205CDEF77FFAE16E002901D040180D38D2
:100E7000216E49083E39884202D2E066012010BD49
:100E8000002010BDB0B50446B920205C002814D065
:100E9000204672300188408888420ED82046B930FA
:100EA00000210170A07D25467C352946DAF7A8FD92
:100EB000843420462946DCF73DF9B0BD80B5C16DCC
:100EC000FCF7AAF9012080BDFEB51D4617460C4669
:100ED0000646D0F774FD002C01D0002418E00197DD
:100EE0000295756CDEF718FF07460124304621464F
:100EF00000F010F800280BD0A86DC1437918F4D584
:100F0000F16E4908401A01990860029908600224AC
:100F10002046FEBDF0B585B004910446456C6E20B8
:100F2000295C2E466E3677782A464832384600F0DD
:100F300047F82346AF33B842039007D9C11BEF6D82
:100F40004F4318780007049A25D52AE021467231CC
:100F50005A7B002A029605D000225A738A88049E82
:100F6000961900E0049E00225A70088880190880B3
:100F7000E06D31460496266E4E438019E065E86DBB
:100F800001902046FFF77EFF049A0398C01B019949
:100F900048438719029E20463946FFF74DFF002837
:100FA0000BD020463946FFF758FF002805D003999B
:100FB0007170A96DC919A96500E0002005B0F0BDE8
:100FC00070B514460D460646F0B2401C2946D1F7CE
:100FD0005AFB0E4608462146D1F7ACFB0028F3D059
:100FE000F0B270BD0420704780B5D0F7E8FC80BD3A
:100FF000B0B55F21CC43456C002C09D02819E22103
:10100000415CFF2902D0DC30D9F7F6FB0C34F3E762
:10101000B0BDF8B50446456CD0F7D1FC606C7821C2
:10102000405CD9F7CBFE06464120375C4B20800060
:101030003018DBF741FE002807D12C363846DDF7A3
:10104000BBFB00203070FF2070752846DDF756F995
:10105000DC20285CDDF7B0FB2046EFF727F8F8BD71
:101060001CB501240094FCF749FF1CBD1CB50024ED
:101070000094FCF743FF1CBDF0B587B00691054610
:10108000DEF71EFF0446FF231E46DC36805D052189
:10109000014001294ED105942C465A356878002824
:1010A00008D00599D43103C91F46FEF7E9F83B463D
:1010B000687800E0002027463437297802292AD0B2
:1010C00001292546059C35D10290B97D0A46E53AAD
:1010D00000D200220492FA7D48080390722803D9B6
:1010E000019320231A43019B0298002800D13B70F2
:1010F0000498081AC1B2D3B200223846D0F737FE9E
:101100000398732816D3FB7D0498C1B2E5223846B4
:10111000D0F72DFE0EE00021B97525466164F87DFB
:1011200040220243DF231340FB7538460A46D0F7BE
:101130001EFE059C069800281CD0A01900784006C9
:1011400018D58720400020180078FF2812D0A87EEC
:10115000DAF724FC042801D0024600E002222046EF
:101160002946D0F7F0FD2046DDF7C8F83034204698
:10117000DDF7C4F807B0F0BD70B50446FDF716FC06
:10118000DEF79EFE054698268059001DDAF742FBE1
:10119000A859001D2168DAF768FB012070BD80B5F1
:1011A0000122FDF777FD80BD80B5002907D0FF2122
:1011B000DC31415C490602D50121D0F7B7FD80BD85
:1011C00080B50121FEF708F980BD80B5012100F04E
:1011D00001F880BDF8B50091044687204000FF2744
:1011E0002754DC37E35D20221A40E2552018002600
:1011F00086703025284648432018DEF706F901207E
:101200000099484068432018DDF778F8E5197034F4
:101210006878864209D22068001DDDF76FF801CC9E
:10122000001DDEF7F2F8761CF2E7F8BD80B500226B
:10123000FDF730FD80BD80B5002907D0FF21DC31EE
:10124000415C490602D50021D0F770FD80BD80B514
:101250000021FEF7C1F880BD80B50021FFF7BAFF7D
:1012600080BDF0B587B0059314460E46D9F7A6FDAC
:10127000054606902C35012E10D1A8780127394655
:10128000DDF708FC06462878022827D10097069843
:101290003146059A234600F0A8F8A3E02F78AE78EF
:1012A000002130460491DDF7F5FB0246022F1FD1E5
:1012B000012C28D103922620E0F74EFD00283AD0D9
:1012C00001213046E6F762FD00284AD00121304670
:1012D000E6F74EFC0F287ED123207DE0002C22D0A3
:1012E000062C22D126223046059900F096F879E0A6
:1012F00000240698214615462246DEF781FE304638
:1013000021462A462AE0907A002816D0062C23D1BE
:101310001120059B9870032018702621D9705870F1
:10132000907A18715EE027205DE005998878112891
:1013300008D10A7907E01A204EE004980090069838
:101340001146A6E70022012406982146DEF758FE42
:10135000A8782146324601E0A8780021DAF700FD9E
:1013600040E00598C11C0A22039F3846D9F753F97B
:10137000B88805907B883A88069DE96CFC88388996
:1013800000940190084611461A46059BD9F7A9FB1F
:101390003B2100281CD1FC353888EA88904217D8B8
:1013A000AA887B88934213D36B88BC889C420FD851
:1013B0002B893C899C420BD8904200D81046039A56
:1013C0001080D0882988884200D80846D0800499A7
:1013D0000398817202E02A20039988720021304626
:1013E000EEF756F8FF2007B0F0BD70B50C46062B9F
:1013F00006D12723204611461A4600F00EF870BD8C
:101400000546049E00223146DEF7FAFD2E20285CB8
:1014100031462246DAF7A4FC70BDBFB58A700323BB
:101420000B70112A05D12622CA704B70807A087180
:10143000BFBD038801AC23808588A58005892581EF
:10144000272A09D1C2885B1E9CB2A24200D31A4649
:10145000C2800B224A7004E00B224A70428801AB22
:101460005A80801D008801ABD880C81C0A2219460A
:10147000D9F7D1F8BFBD70B40123002413E001688F
:10148000001D194202D04D466918491E0C60091D05
:10149000121F042AFAD20D00960701D50C80AD1C4C
:1014A0001A4000D02C700268001D002AE7D170BCE1
:1014B00070470000C3FFFFFF040000003000002061
:1014C00018000000A0000020D82D0000BC03002060
:1014D000000000004F59FDFFC30000001C00000089
:1014E000C00000203F59FDFFC10000003000000097
:1014F0005C00002000010206030B0710040E0C150F
:101500000817111A1F050A0F0D1416191E091318B2
:101510001D121C1B000C0002080011020001170321
:10152000010D030101000101001302000309000382
:101530000900010100010100040600120200030974
:10154000011418001418001203000701010701001C
:10155000050901050901060302060300060500143A
:101560000300090202090100082300100201100211
:10157000010D24020D09020D10000E04000A0402E0
:101580000A05000A05000F0B020F0B000B04010CEB
:101590000B00082B00031B00031B0081008100814E
:1015A00000810081008100FE000002F800001FEAB7
:1015B00000F8FFF4000001F9000004FC000224F42C
:0115C000002A
:04000005100656C5C6
:00000001FF
