:020000041004E6
:1000000000000120717805108D7B05108F7B051095
:1000100000000000000000000000000000000000E0
:10002000000000000000000000000000917B0510AF
:100030000000000000000000937B0510957B051078
:10004000E7610410677C0410D382041063850410F8
:10005000BF8B04107F8C0410B38C0410B38D04107C
:100060009D7B0510DF960410F7A30410A7A40410CD
:1000700093AB0410B97B051000000000F37B051062
:10008000017C0510EBAB0410DB7B051000000000C9
:10009000D37B051000000000EB7B0510C37B05102F
:1000A000CB7B0510E37B0510000000000000000082
:1000B0000000000000000000000000000000000040
:1000C000240F0020AE2200000600010200001E00E6
:1000D000F7000000FFFFFFFF6400011008000003AD
:1000E000F70001000001010202020200000100030A
:1000F000000400004572726F7220696E20424C4508
:100100005F535441434B5F496E697428292030780E
:10011000253032780D0A000020204661696C2020CD
:10012000203A206163695F68616C5F7365745F7416
:10013000785F706F7765725F6C6576656C20636F52
:100140006D6D616E642C20726573756C743A20302D
:1001500078253032580A0000202053756363657398
:10016000733A206163695F68616C5F7365745F7483
:10017000785F706F7765725F6C6576656C20636F12
:100180006D6D616E640A000020204661696C20205C
:10019000203A206163695F676174745F7372765F90
:1001A00070726F66696C655F696E697420636F6DEC
:1001B0006D616E642C20726573756C743A203078B2
:1001C000253032580A0000002020537563636573A0
:1001D000733A206163695F676174745F7372765FFD
:1001E00070726F66696C655F696E697420636F6DAC
:1001F0006D616E640A00000020204661696C202059
:10020000203A206163695F6761705F696E6974207D
:10021000636F6D6D616E642C20726573756C743ADA
:10022000203078253032580A000000002020537515
:1002300063636573733A206163695F6761705F69C7
:100240006E697420636F6D6D616E640A000000005A
:1002500020205374617469632052616E646F6D2055
:10026000426C7565746F6F74682041646472657365
:10027000733A20253032783A253032783A253032B8
:10028000783A253032783A253032783A253032784B
:100290000A00000020204661696C2020203A204797
:1002A00061705F70726F66696C655F7365745F64BF
:1002B00065765F6E616D65202D20446576696365A6
:1002C000204E616D652C20726573756C743A203018
:1002D00078253032580A0000202053756363657317
:1002E000733A204761705F70726F66696C655F7307
:1002F00065745F6465765F6E616D65202D20446571
:1003000076696365204E616D650A000020204661B4
:10031000696C2020203A204761705F70726F6669B7
:100320006C655F7365745F617070656172616E6347
:1003300065202D20417070656172616E63652C20AF
:10034000726573756C743A203078253032580A0023
:100350002020537563636573733A204761705F7043
:10036000726F66696C655F7365745F6170706561FB
:1003700072616E6365202D20417070656172616EDF
:1003800063650A0020204661696C2020203A2061C4
:1003900063695F6761705F7365745F696F5F6361F5
:1003A000706162696C69747920636F6D6D616E64F0
:1003B0002C20726573756C743A2030782530325871
:1003C0000A0000002020537563636573733A20614F
:1003D00063695F6761705F7365745F696F5F6361B5
:1003E000706162696C69747920636F6D6D616E64B0
:1003F0000A00000020204661696C2020203A20611C
:1004000063695F6761705F7365745F73656375725D
:100410006974795F726571756972656D656E747303
:1004200020636F6D6D616E642C20726573756C74E2
:100430003A203078253032580A00000020205375C9
:1004400063636573733A206163695F6761705F73AB
:1004500065745F73656375726974795F72657175D0
:100460006972656D656E747320636F6D6D616E6426
:100470000A00000020204661696C2020203A20619B
:1004800063695F6761705F636F6E666967757265E8
:100490005F66696C7465725F6163636570745F61E8
:1004A0006E645F7265736F6C76696E675F6C69739B
:1004B0007420636F6D6D616E642C20726573756C52
:1004C000743A203078253032580A000020205375C5
:1004D00063636573733A206163695F6761705F632B
:1004E0006F6E6669677572655F66696C7465725F69
:1004F0006163636570745F616E645F7265736F6C76
:1005000076696E675F6C69737420636F6D6D616E81
:10051000640A0000536572766963657320616E64D6
:10052000204368617261637465726973746963738F
:10053000206372656174696F6E0A0000456E642005
:100540006F6620536572766963657320616E6420FF
:10055000436861726163746572697374696373205F
:100560006372656174696F6E0A0000002020466145
:10057000696C2020203A206163695F68616C5F7359
:1005800065745F726164696F5F61637469766974D1
:10059000795F6D61736B20636F6D6D616E642C208C
:1005A000726573756C743A2030782532580A0000F1
:1005B0002020537563636573733A206163695F68D4
:1005C000616C5F7365745F726164696F5F616374AE
:1005D00069766974795F6D61736B20636F6D6D61AE
:1005E0006E640A0D000000003E3E3D3D2048434938
:1005F0005F444953434F4E4E454354494F4E5F432A
:100600004F4D504C4554455F4556545F434F44450C
:100610000A00000020202020202D20436F6E6E65F0
:100620006374696F6E2048616E646C653A202020A7
:100630003078253032580A20202020202D20526585
:1006400061736F6E3A202020203078253032580AAE
:10065000000000003E3E3D3D204843495F4C455F61
:10066000434F4E4E454354494F4E5F5550444154BD
:10067000455F434F4D504C4554455F535542455699
:10068000545F434F44450A0020202020202D204362
:100690006F6E6E656374696F6E20496E74657276F5
:1006A000616C3A20202025642E25303264206D7341
:1006B0000A20202020202D20436F6E6E6563746910
:1006C0006F6E206C6174656E63793A20202020255E
:1006D000640A20202020202D2053757065727669D1
:1006E00073696F6E2054696D656F75743A202020B0
:1006F0002564206D730A00003E3E3D3D2041434984
:100700005F4741505F50524F435F434F4D504C4500
:1007100054455F56534556545F434F44450A0000C5
:100720003E3E3D3D204143495F4741505F4B455967
:1007300050524553535F4E4F5449464943415449E3
:100740004F4E5F56534556545F434F44450A000091
:100750003E3E3D3D204143495F4741505F5041533C
:10076000534B45595F5245515F56534556545F436D
:100770004F44450A000000003D3D3E3E2061636954
:100780005F6761705F706173736B65795F726573CA
:1007900070203A204661696C2C20726561736F6E1F
:1007A0003A203078253032580A0000003D3D3E3E68
:1007B000206163695F6761705F706173736B6579F6
:1007C0005F72657370203A20537563636573730AB3
:1007D000000000003E3E3D3D204143495F474150FF
:1007E0005F4E554D455249435F434F4D504152492D
:1007F000534F4E5F56414C55455F56534556545FD7
:10080000434F44450A0000003D3D3E3E2061636980
:100810005F6761705F6E756D657269635F636F6D51
:1008200070617269736F6E5F76616C75655F636F1F
:100830006E6669726D5F7965736E6F203A204661EE
:10084000696C2C20726561736F6E3A2030782530A8
:1008500032580A003D3D3E3E206163695F6761702A
:100860005F6E756D657269635F636F6D70617269EC
:10087000736F6E5F76616C75655F636F6E666972CC
:100880006D5F7965736E6F203A205375636365738E
:10089000730A00003E3E3D3D204143495F474150C1
:1008A0005F50414952494E475F434F4D504C45546C
:1008B000455F56534556545F434F44450A00000078
:1008C00020202020202D2050616972696E67204B06
:1008D0004F0A20202020202D205374617475733A14
:1008E000203078253032580A20202020202D205218
:1008F0006561736F6E3A203078253032580A0000F7
:100900003E3E3D3D204143495F474154545F535271
:10091000565F524541445F56534556545F434F44DA
:10092000450A00003D3D3E3E20636F6E6E65637478
:10093000696F6E5F636F6D706C6574655F6576651A
:100940006E74204661696C2C205374617475733A1F
:10095000203078253032580A000000003E3E3D3DF0
:10096000206863695F6C655F636F6E6E6563746951
:100970006F6E5F636F6D706C6574655F6576656ED5
:1009800074202D20436F6E6E656374696F6E2068EE
:10099000616E646C653A203078253034580A000066
:1009A00020202020202D20436F6E6E656374696FB8
:1009B0006E2065737461626C697368656420776921
:1009C000746820403A253032783A253032783A251A
:1009D0003032783A253032783A253032783A25303C
:1009E00032780A0020202020202D20436F6E6E6573
:1009F0006374696F6E20496E74657276616C3A201B
:100A0000202025642E25303264206D730A2020209A
:100A100020202D20436F6E6E656374696F6E206CAD
:100A20006174656E63793A2020202025640A2020B5
:100A30002020202D205375706572766973696F6E62
:100A40002054696D656F75743A202564206D730AB2
:100A5000000000006863695F6C655F726561645FD8
:100A6000706879206661696C7572653A207265619B
:100A7000736F6E3D3078253032580A003D3D3E3E62
:100A8000206863695F6C655F7365745F7068792067
:100A900050485920506172616D202054583D2025E6
:100AA000642C2052583D202564202D200000000099
:100AB0006163695F6761705F7465726D696E6174AF
:100AC00065206661696C7572653A20726561736F45
:100AD0006E3D3078253032580A0000003D3D3E3EE4
:100AE000206163695F6761705F7465726D696E61D3
:100AF0007465203A20537563636573730A000000C0
:100B00006163695F676174745F636C745F65786368
:100B100068616E67655F636F6E66696720666169AD
:100B20006C7572653A20726561736F6E3D30782521
:100B30003032580A000000003D3D3E3E20616369AE
:100B40005F676174745F636C745F65786368616E1E
:100B500067655F636F6E666967203A2053756363EC
:100B60006573730A000000003D3D3E3E20616369ED
:100B70005F6761705F7365745F61647665727469E5
:100B800073696E675F636F6E6669677572617469BA
:100B90006F6E202D206661696C2C20726573756CF8
:100BA000743A203078253032580A00003D3D3E3EF0
:100BB00020537563636573733A206163695F67618E
:100BC000705F7365745F6164766572746973696E72
:100BD000675F636F6E66696775726174696F6E0ACD
:100BE000000000003D3D3E3E206163695F6761702B
:100BF0005F7365745F6164766572746973696E674B
:100C00005F64617461204661696C65642C20726563
:100C100073756C743A203078253032580A00000021
:100C20003D3D3E3E20537563636573733A206163B7
:100C3000695F6761705F7365745F61647665727424
:100C40006973696E675F646174610A003D3D3E3E91
:100C5000206163695F6761705F7365745F6164766B
:100C60006572746973696E675F656E61626C652039
:100C70004661696C65642C20726573756C743A20EA
:100C80003078253032580A003D3D3E3E2053756392
:100C9000636573733A206163695F6761705F736551
:100CA000745F6164766572746973696E675F656E9F
:100CB00061626C650A00000044697361626C6520C2
:100CC0006164766572746973696E67202D20666150
:100CD000696C2C20726573756C743A2030782530FD
:100CE00032580A003D3D3E3E2044697361626C65A6
:100CF000206164766572746973696E67202D205374
:100D00007563636573730A006163695F6C32636165
:100D1000705F636F6E6E656374696F6E5F70617232
:100D2000616D657465725F7570646174655F72652D
:100D300071202D206661696C2C20726573756C744E
:100D40003A203078253032580A0000003D3D3E3EC2
:100D5000206163695F6C326361705F636F6E6E65A3
:100D60006374696F6E5F706172616D657465725FE7
:100D70007570646174655F726571202D20537563B1
:100D8000636573730A0000003D3D3E3E2061636968
:100D90005F6761705F636C6561725F7365637572D5
:100DA0006974795F6462202D204661696C2C207221
:100DB0006573756C743A203078253032580A00001B
:100DC0003D3D3E3E206163695F6761705F636C65B6
:100DD00061725F73656375726974795F6462202DF7
:100DE00020537563636573730A0000000000000000
:100DF0000200000030000020000000000800000099
:100E0000A401002000000000010000005A0400209E
:100E10000100000001000000180F00200000000089
:100E200001000000190F0020000000000200000077
:100E3000580400200000FFFF000000000400000034
:100E4000340E0410000000000200000032000020F8
:100E5000000000000100000076C504100100000041
:100E6000010000001A0F002020000000FB349B5FEF
:100E70008000008000100000052A00001000000023
:100E800001000000EC020020380E04100A000000EF
:100E9000FB349B5F8000008000100000292B0000C5
:100EA000100000000000000000000000440E0410CC
:100EB00002000000FB349B5F8000008000100000F7
:100EC0002A2B0000100000000000000000000000BD
:100ED0000000000002000000FB349B5F80000080E7
:100EE000001000003A2B000010000000000000007D
:100EF00000000000500E041000F007100008000071
:100F0000AA02000000F80710F80701000000000026
:100F10002D2D2047415454203A204C454420434F26
:100F20004E46494755524154494F4E20524543453C
:100F3000495645440A00000020204661696C202083
:100F4000203A206163695F676174745F636F6E66E6
:100F500069726D5F696E6469636174696F6E206345
:100F60006F6D6D616E642C20726573756C743A20C0
:100F700030782578200A000020205375636365735C
:100F8000733A206163695F676174745F636F6E6653
:100F900069726D5F696E6469636174696F6E206305
:100FA0006F6D6D616E640A0020204661696C2020BF
:100FB000203A206163695F676174745F7372765F62
:100FC0006164645F7365727669636520636F6D6DDC
:100FD000616E643A207032705F5365727665722C70
:100FE000206572726F7220636F64653A20307825D5
:100FF00078200A002020537563636573733A20617B
:1010000063695F676174745F7372765F6164645F64
:101010007365727669636520636F6D6D616E643AA6
:10102000207032705F536572766572200A0000008E
:1010300020204661696C2072656769737465726906
:101040006E67207032705F536572766572206861DA
:101050006E646C6572730A000610000019ED82AEB2
:10106000ED214C9D4145228E41FE00008000000094
:1010700000000000000000004C03002010100000E1
:1010800019ED82AEED214C9D4145228E42FE0000BD
:101090008000000001000000300300205803002001
:1010A0008FE5B3D52E7F4A982A487ACC40FE0000BF
:1010B00080000000010000000000000000000000AF
:1010C000020000005810041020204661696C2020A6
:1010D000203A206163695F676174745F7372765F41
:1010E0006E6F74696679205357495443485F4320B3
:1010F000636F6D6D616E642C206572726F72206318
:101100006F64653A2030782532580A0020205375E4
:1011100063636573733A206163695F676174745FC9
:101120007372765F6E6F74696679205357495443C2
:10113000485F4320636F6D6D616E640A00000000BC
:1011400001000000010000001D0F00202D2D205087
:101150003250204150504C49434154494F4E205346
:101160004552564552203A204C454431204F4E0AB4
:10117000000000002D2D20503250204150504C498D
:10118000434154494F4E20534552564552203A2030
:101190004C454431204F46460A0000002D2D20507A
:1011A0003250204150504C49434154494F4E2053F6
:1011B0004552564552203A204E4F544946494341E4
:1011C00054494F4E20454E41424C45440A000000D0
:1011D0002D2D20503250204150504C49434154490C
:1011E0004F4E20534552564552203A204E4F5449B7
:1011F0004649434154494F4E2044495341424C458E
:10120000440A00002D2D20503250204150504C49AE
:10121000434154494F4E20534552564552203A209F
:10122000494E464F524D20434C49454E542042555D
:1012300054544F4E2031205055534845440A000025
:101240002D2D20503250204150504C49434154499B
:101250004F4E20534552564552203A2043414E2787
:101260005420494E464F524D20434C49454E542040
:101270002D204E4F54494649434154494F4E204436
:10128000495341424C45440A0000000096C298D898
:101290004539A1F4A033EB2D817D0377F240A4639F
:1012A000E5E6BCF847422CE1F2D1176BF551BF37A8
:1012B0006840B6CBCE5E316B5733CE2B169E0F7C7B
:1012C0004AEBE78E9B7F1AFEE242E34F457B051017
:1012D000517B05101F7A0510A57A0510C5780510F9
:1012E0005D790510686A6C747A4C00007072696EE2
:1012F00074665F733A20256E20646973616C6C6F4D
:10130000776564007072696E74663A206261642069
:10131000256E20617267756D656E74007072696EFE
:1013200074665F733A20626164202573206172677E
:10133000756D656E74000000000000006E616E0047
:101340004E414E00696E6600494E460030002E0048
:10135000FB349B5F8000008000100000292B000000
:1013600010000000FB349B5F800000800010000034
:10137000052A000010000000020000000300000029
:10138000030000000600000003000000030000004E
:101390003C0000007000000070000000D00300005E
:1013A00070000000C30100001D7D0510B7B70410D8
:1013B00077B9041097BD04109FBB0410612404107A
:1013C000A5D405102B260410332604103B26041048
:1013D000432604104B260410B1820510FB2504108F
:1013E000EB250410032604107BBE04101FB5041067
:1013F000252504103D25041015250410C5D1051020
:101400001D250410030000006FE1051029000000F5
:10141000AFE105103F00000095E105109D8105102A
:10142000F9D6051055D50510F9D805100BDB0510B8
:101430000BDB051021DC0510F9D80510FBDD0510CC
:10144000FBDD0510FBDD0510FDD705100FD50510E0
:10145000D3D4051021DC0510712404107924041064
:10146000FBE1051003E20510FFE1051099240410CB
:10147000A1240410A9240410B124041067E105106C
:10148000C1240410C9240410D1240410B924041068
:1014900089E1051091E10510C3E105106BE105102C
:1014A0008DE1051007E2051049E20510E1BF0510C6
:1014B0000000000057E20510B5BE0510E9D0051088
:1014C0003BE70510B1C50510DFE60510B3E70510D1
:1014D00081E20510F0B595B0062104A800F0BEFD2C
:1014E0000620694608730020C881934C08A8210093
:1014F000342200F0BBFD08A800F0EEFD010005D08D
:101500002000343000F01EFE00F0D9FE182100202B
:1015100000F0DAFE002805D001002000583000F06D
:1015200011FE03E02000983000F00CFE07A9891C92
:10153000012000F0CDFE002805D001002000C830B9
:1015400000F000FE04E084204000201800F0FAFDC6
:101550000121002000F0F0FE002806D001009C20B0
:101560004000201800F0EEFD04E0B62040002018F6
:1015700000F0E8FD06A8009006AB9B1C07AA00211E
:10158000012000F0E1FE04AA03A9802000F064FF1E
:1015900004A8017802914178019181780091C37883
:1015A00002794179C8204000201800F0CBFD00BF2F
:1015B00062A21321002000F0FCFE002806D00100EA
:1015C000EA204000201800F0BDFD04E086208000E5
:1015D000201800F0B7FD03AA921C0221002000F0A1
:1015E000EEFE002806D0010093208000201800F0B5
:1015F000A9FD04E0A4208000201800F0A3FD01252F
:1016000001209C49087001F028F8002806D001004C
:10161000B1208000201800F095FD04E0C12080007A
:10162000201800F08FFD93494D700820C8701020DD
:1016300008718D700020009000268F4DA85DA919BB
:101640004978092922D0FF293CD13021AA1991706B
:101650000099D170022111718D21517183219171F5
:101660000099D171009911720099517204A94A79B7
:10167000AB199A720A79DA72CA781A738A785A732D
:101680004A789A730978AA19D1731BE0311869183E
:101690000A78582A16D14A1E1378582B12D16B4655
:1016A0001B7C1B096F463F7C3F073F0F092B01DD69
:1016B000373300E030331370092F01DD373700E096
:1016C00030370F703618761CB6B21C2EB6DB0020F1
:1016D0000290102001900820009000230122012197
:1016E000012000F0BEFF002806D00100CD208000C0
:1016F000201800F027FD04E0DF208000201800F013
:1017000021FD5C48807800280FD0012000F0F0FF18
:10171000002806D00100ED208000201800F012FD06
:1017200003E05648201800F00DFD00BF08A000F0AF
:1017300009FD15B0F0BD0000C000041050656572D1
:1017400020746F2050656572205365727665720053
:101750003D3D3E3E20456E6420424C455F496E69EA
:10176000742066756E6374696F6E0A0080B501201F
:1017700000F0CEFF00F0CFFF012000F0CAFF01BD56
:1017800080B501F0CDF801BD80B5002102201AE03E
:1017900080B502F0C6FB01BD80B5FFF7F5FF01BDC6
:1017A00080B5FFF7F1FF01BD80B502F0EDFBFFF75B
:1017B000EBFF0121042006E080B502F039FC01BDF9
:1017C00080B50121012002F0ABFC01BDF8B52C4A27
:1017D0000021012002F097FC2A4A0021022002F099
:1017E00092FC294A0021042002F08DFC02F0FAFC50
:1017F00002F082FD0021C943884201D100F05FFD63
:10180000FFF768FE00261B4CA6732048A081204AE3
:101810000021402002F077FC1E48A0611E48206392
:101820001EA7380000F08EFC1D4D280000F08AFC39
:1018300002F0DFFD2800283000F084FC380000F0C2
:1018400081FC062002F024FE010004D0280058305C
:1018500000F078FC03E028009C3000F073FC0120CD
:1018600000F0D0FA0F492000103001F0E9FA4020D2
:101870002654F1BD680D00207C0100200C040000FE
:101880006D1704108117041091170410FFFF00005A
:10189000B91F04109D1F0410AF1F04100A000000A0
:1018A0001405041060EA0000F8B584B0050028783B
:1018B000042802D0822802D0B9E1EF1C00E02F1DDD
:1018C0006978BC4EBC4C052908D0102900D19FE195
:1018D0003E2930D0FF2900D1F2E0A5E128796979CD
:1018E0000906090C0843B189884210D1D148B0815A
:1018F0000020B073200000F025FC297968790006EB
:10190000000C0143AA7920002C3000F01BFC00F0F1
:101910003BFBC9480121017029796A791206120C32
:101920001143418002F055FD012000F06BFAC349DC
:1019300030001030EAE0E978012900D19EE0032967
:1019400006D00A2900D18AE00C2900D183E0B5E055
:1019500020006C3000F0F6FBE879297A0906090CC2
:10196000084302F09DFD0022B54B02F0B3FD0022BA
:1019700080235B0302F070FEE879297A21D80906FA
:10198000090C0843EE79297A0906090C0E4302F086
:1019900087FD0022AA4B02F09DFD009001913000CE
:1019A00002F07EFD0022A64B02F094FD02F07CFEC8
:1019B00002F086FD02000B000098019902F000FF82
:1019C0001EE00906090C0843EE79297A0906090C7C
:1019D0000E4302F065FD0022994B02F07BFD02F000
:1019E00063FE02F06DFD00900191300002F058FDA1
:1019F0000022944B02F06EFD009A019B02F07DFEE6
:101A00000022914B02F066FD02F04EFEEA7A297B3D
:101A10000906090C0A436B7AA97A0906090C0B43DB
:101A2000E9792E7A3606360C31430A25554300955E
:101A300006001D00080002F033FD0022804B02F07A
:101A400049FD02F031FE01002B0032002000A030E1
:101A500000F078FBEBE0012002F072FBE7E0E87FAA
:101A60006D1CE97F6D1E0906090C08436A7FA97F7A
:101A70000906090C0A43EB7E297F0BE0E87C297DEF
:101A80000906090C08436A7CA97C0906090C0A436B
:101A9000EB7B297C0906090C0B436979AC79240698
:101AA000240C2143039002920193280009300090F6
:101AB0002B7AEA79287900F01BF9B8E063A0B4E04A
:101AC000387879780906090C0843001F14D0C349F7
:101AD000401A57D0401E1FD0401F0AD0801E2DD064
:101AE000401E16D0C91F401A12D02331401A65D0AB
:101AF00087E08820400043E0012002F02DFF300005
:101B0000283001F0C0F905213000283001F098F9A3
:101B10008DE09C20400033E0B4204000201800F00D
:101B200011FBAF49B08900F0AAFD002803D00100E5
:101B3000C820400020E0E220400021E0F6204000E4
:101B4000201800F0FFFA381D03F012F8010000BF62
:101B500045A000F0F7FA381D03F00AF8010000BFB5
:101B600048A000F0EFFA0121B08900F08CFD0028B8
:101B700004D0010088208000201856E09B208000BF
:101B8000201813E0AB208000201800F0DBFA397930
:101B9000002906D07A79B6208000201800F0D2FA09
:101BA00003E000BF3DA000F0CDFA8EA000F0CAFA1D
:101BB0003DE000BF680D0020E8050410C62080004D
:101BC000201800F0BFFAB979F8790006000C01433B
:101BD00038A000F0B7FABA79F8790006000C024391
:101BE000397978790006000C0143B878FB781B0638
:101BF0001B0C1843002301930093082300F064FD9D
:101C000015E0397878780006000C01432DA00CE02F
:101C1000E87804280BDABFF34F8F734873490860E4
:101C2000BFF34F8F00BFFDE72CA000F08BFA05B08B
:101C3000F0BD00BFFFFF0000E40E002060EA0000DE
:101C40000000F43F0000F4BF000059404843495FE2
:101C50004C455F4D4554415F4556543A20307825F8
:101C60003032580A0000000020202020202D206E55
:101C7000756D657269635F76616C7565203D2025C1
:101C8000640A000020202020202D204865785F76FF
:101C9000616C7565203D2025780A000020202020F9
:101CA000202D2050616972696E67205375636365EA
:101CB00073730A0048616E646C6520307825303497
:101CC000580A00004843495F56454E444F525F450D
:101CD00056543A203078253034580A004843495F3A
:101CE0004556454E543A203078253032580A000087
:101CF000F8B588B04E4C0026020005D001003C48E3
:101D000000F020FAA67367E00F9F0E9D6846818160
:101D1000384800F017FA2878029068780190A8787F
:101D20000090EB782A796979334800F00BFA380093
:101D300002F0B6FB06AA03C206A80CC800202F4971
:101D400002F0C8FB6A4603C2684603C802F0ACFC56
:101D5000050002F0B5FB04AA03C2684603C80022CE
:101D600080235B0302F078FC06D8684603C804AA07
:101D70000CCA02F025FD0AE006A803C8204B02F0B9
:101D8000A9FB02000B0004A803C802F0B6FC002265
:101D90007A4B02F09FFB02F087FC02001198109B27
:101DA0000A21414300912900754800F0CBF9A07B3E
:101DB000012801D1032000E00220A0736846808939
:101DC000A0817048067069468989418002F001FB54
:101DD0002000103001F057F809B0F0BDFD030000FD
:101DE00007B201000A0000000400FA050CED00E053
:101DF000240904105C090410A00904100000F43F39
:101E00000000F4BFF1B58EB080200B90A027704C7D
:101E10000020074D0EAA1278052A4DD801A39B5C1D
:101E20009F4400BF10061E94347204264DE000BF8C
:101E3000680D0020C820C0000B90FA273F0105263E
:101E400043E0002600220021002002F09CFE010059
:101E500000D188E099201AE0C827BF000B97002620
:101E6000FA2149004022AA5C002A12D028270B97A9
:101E70004022A85489B20091B3B23A000B9989B2BA
:101E8000A88900F02EFC002870D00100AD20800051
:101E900063E00120ECE71321A88900F0DAFB0028B9
:101EA00003D0010020005C3058E02000883000F0B2
:101EB00049F900F06EF85EE00EA80078012804D918
:101EC000801EBFD0801ED5D055E006210CA800F0A2
:101ED000C5F800200A900990012008900020079082
:101EE00001200690002005900490039002900720A6
:101EF000019000970B9B13220221002002F047FE65
:101F0000002806D001008A204000201800F01AF9AD
:101F100005E0AE73AC204000201800F013F9474BE9
:101F20001C220321002002F067FE002806D00100D9
:101F3000C8204000201800F005F904E0E620400029
:101F4000201800F0FFF80CAA0121012002F01BFE6E
:101F5000002806D00100FC204000201800F0F2F814
:101F600009E08D2003E0AE73A42000E0BE208000D5
:101F7000201800F0E7F80FB0F0BD00000000594055
:101F8000E4090410E40E002080B5012002F0D8F826
:101F900001BD80B5012002F0DDF801BD80B500BFB4
:101FA0002AA000F0CFF800214020FFF70CFC80B5FC
:101FB000012002F0D5FC01BD80B5012002F0D0FC6B
:101FC0000220FFF71FFF00201D49887301BD00009C
:101FD000540A041010B51A4CA07B002800D11AE056
:101FE000022803D10021802002F09AF810BD10B51C
:101FF000134CA07B02280ED000F049FB114A0028A8
:1020000004D00100100000F09DF810BD1000383021
:1020100000F098F810BD0120FFF7F4FE0A492000F7
:10202000103000F00DFF10BD0548807B022800D065
:10203000704780B50420FFF7E5FE01BD7C0100205C
:10204000680D0020880D041060EA00004164765F8E
:1020500043616E63656C5F5265710A00002200BFC8
:10206000094202D0491E4254FCD1704770B4103A64
:1020700003D378C9103A78C0FBD2530701D318C9EB
:1020800018C001D508C908C0D20704D30B88038043
:10209000891C801C002A01D50B78037070BC704726
:1020A0008B0701D18307E1D0124205D00B78491C80
:1020B0000370401C521EF9D1704701002000090036
:1020C000010026000F0001002900050001002F007B
:1020D0001000010049001000B0B50546C07A122476
:1020E000802829D8298C172926D31448821D91428B
:1020F00022D8298A17291FD381421DD8A87E0028FB
:102100001AD002F07DFD002808D0E87E002813D008
:10211000802811D8287F401E0E280DD80848342268
:10212000294602F06FFD02F0D9FD002803D403F028
:102130004DF8002400E087242046B0BDFA030000DB
:10214000B40D00200EB4C0B5020003A80190002019
:10215000009001AB0121044878440C3003F0A0F852
:10216000029906B0084700BF25B3010081B031498C
:1021700001E081B030490A6802430A6009680840FA
:102180000090009801B070477CB504F02DF800F085
:102190005DF800F081F80420FFF7E8FF0820FFF762
:1021A000E5FF00F0B7FA00BF46A000680090234C9E
:1021B000206A0125ED430126304008D120683043D4
:1021C00020602068284020600120FFF7D2FFC02057
:1021D000C0050090684604F019F868460021002206
:1021E00006C0206A304008D1206806432660206877
:1021F000054025600120FFF7BCFF1148006810284A
:10220000FBD36846A0214900018000218170019123
:1022100000F0D9FA0B480C49016004F099F9002844
:1022200001D000F04CF8002004F0FCF904F01AFB97
:10223000FCE7000050004048600040484000404833
:1022400010180060B00E00200000304880B588B043
:10225000182102A8FFF702FF68460021002206C0ED
:10226000032002908020400203901020059002A8D5
:1022700004F0F8FB002801D000F021F800200090C5
:10228000202001900021684604F014FD002801D0B0
:1022900000F015F809B000BD80B586B01821684679
:1022A000FFF7DCFE02200090C0020590684604F0B3
:1022B0009DFD002801D000F002F807B000BD72B605
:1022C000FEE700000000000080B504F0C9FD80BDFD
:1022D000F8B506000F0000203880154C200000F0F3
:1022E000DAF9010023D1200000F0D9F90400114DE2
:1022F000F00705D52100280000F0D5F9010016D11E
:10230000280000F0D4F9388021002800243000F0A3
:10231000CAF901000BD121002800483000F0C3F9B0
:10232000010004D1210028006C3000F0BCF9F2BD9E
:1023300008030020680E041080B5022801D912207D
:1023400080BD04F0B1FD80BDFEB50C00089F0025E6
:10235000158002990D803D800521014027D0394E1E
:10236000300000F098F9010022D168460470364C24
:10237000200000F09CF9019908802000243000F032
:1023800096F902990880300000F089F93D8069468D
:102390000978022906D1010020006C3000F083F991
:1023A000010005D12AA20821002000F002F8002037
:1023B000FEBD70B504000D001600234804E070B5A2
:1023C00004000D001600214800F071F933002A00C6
:1023D0002100401C80B200F001F870BDF3B581B05F
:1023E00017001D000024184E694608802420604311
:1023F000301800F05CF9002804D0401C69460988B8
:10240000884202D0641C072CF0D3072C0BD06846FE
:102410000389242044433419206A8188DA199142BF
:1024200001DB002801D11220FEBD29003A0080689E
:10243000C018FFF735FE206A0178890700D547806C
:102440000020FEBDC4020020C8010020EC010020D5
:1024500053544D333257423080B504F07FFD80BD78
:1024600080B504F0F1FD01BD80B504F013FE01BD9F
:1024700080B504F037FE02BD80B504F05BFE02BDFE
:1024800080B504F085FE02BD80B504F083FE02BD78
:1024900080B504F081FE02BD80B504F099FE02BD56
:1024A00080B504F0C7FE02BD80B504F0DFFE02BDBA
:1024B00080B504F0F7FE02BD80B504F033FF02BD25
:1024C00080B504F075FF02BD80B504F0A1FF02BD28
:1024D00080B504F0BBFF02BD80B504F0D3FF02BDA0
:1024E00080B505F009F802BD80B505F007F801BD1B
:1024F00080B505F021F801BD80B505F05DF802BD9D
:102500001CB56C46247D01946C46247C009405F037
:10251000A9F813BD80B505F055F901BD80B505F0EA
:102520006DF901BD80B505F085F901BD80B505F0F7
:10253000D7F901BD80B505F02BFA01BD80B505F0D6
:1025400081FA01BD80B505F00BFB02BD80B505F039
:102550005BFB01BD80B505F05FFB02BD80B505F0FA
:1025600065FB02BD80B505F07FFB01BD80B505F0C0
:10257000F1FB02BD80B505F039FC02BD18B587B08E
:1025800010AC247806940FAC247805940EAC247813
:1025900004940DAC247803940CAC247802940BAC16
:1025A000247801940AAC2478009405F057FC08B014
:1025B00010BD80B505F080FC01BD80B505F096FC2E
:1025C00001BD80B505F0B0FC01BD80B505F0F6FC9D
:1025D00001BD80B505F012FD02BD80B505F02AFDF4
:1025E00002BD80B505F054FD01BD80B505F070FD5C
:1025F00001BD80B505F04EFE01BD80B505F065FE5C
:1026000001BD80B505F066FE01BD80B505F028FF6F
:1026100002BD80B505F07AFF02BD80B505F0A2FFCE
:1026200001BD80B505F0ECFF01BD80B506F04CF8AA
:1026300001BD80B506F05AF801BD80B506F07EF800
:1026400001BD80B506F09EF801BD80B506F056F9D3
:1026500001BD80B506F068F902BD80B506F068F9E5
:1026600002BD1FB508AC247802946C46247F019407
:102670006C46247E009406F063F904B010BD80B56A
:1026800006F0A2F902BD80B506F0AAF902BD80B538
:1026900006F0AEF902BD80B506F0AFF902BD80B517
:1026A00006F0AFF902BD80B506F0AFF902BD80B506
:1026B00006F0AFF902BD1CB5059C01946C46248A56
:1026C000009406F0AAF916BD1CB5059C01946C4651
:1026D000248A009406F0B0F916BD80B506F0B5F96D
:1026E00002BD1CB56C46248A009406F0B2F916BDF2
:1026F000E0B501A9087001220846114606F0B6F9B6
:10270000002800D08CBD01A8007806F0CDF98CBD62
:1027100070477047704780B5002006F0E1F980BD32
:10272000010005D40121C006C00E81407A48016035
:102730007047C1680322914302220A43C260704776
:1027400009E0C0688007800F022801D1012070478E
:102750000020704700BFC16803229143C1607047E9
:10276000C0688007800F032801D101207047002036
:1027700070470161704700697047816A8022D20505
:102780000A4382627047816A644A0A4082627047E3
:10279000816A4800C00F7047416270470069704706
:1027A000816A802292050A4382627047C9480268A2
:1027B00007239A434907490F114301607047806816
:1027C0007047C0687047F1B50127C348C06B3843F4
:1027D000C149C8630846806B384388631720FFF7F8
:1027E0009FFF1420FFF79CFFBB48406B3843BA495A
:1027F00048630846006B384308631820FFF790FFD2
:1028000000980088C92800DAC820B44D29008C310E
:10281000486100984068002800D0012028700026F8
:10282000000603D100988078002813D0AC48C16816
:102830003940FBD017210160C1683943C16046604F
:10284000C1683940FCD02800103000F0A3FBE869D3
:10285000286209E0C82040032862E861A148A86115
:10286000A1482861B048686100984068002802D1FA
:10287000A020C0050DE000030A2106F085F968607C
:10288000AA4C200000F0C6FA01006868884202D312
:10289000200000F0BFFA68602E7300980088A866D8
:1028A000A96900F0FDFBA24C0020207000212A0045
:1028B0006832083203C2884800682900683108611C
:1028C000002000212A006832183203C230216854E7
:1028D000984AA969686806F073F9A8602878207496
:1028E000A66027736673E681280061300670467023
:1028F0008670AE65EE659048A8646E6500F094FA47
:102900006A68002312184B412800403000F0F6FBA3
:10291000012000F06DFBF1BD00E100E0FFFFFFBF13
:10292000F8B58CB00020694608708448019028E012
:10293000401C1CE0056904738168002900D08847A9
:102940002800F7D169460298C06A00F06BFC029932
:10295000C8626846007801280DD1EFF3108172B685
:1029600001980078421C019B5B789A42E0D1019A61
:10297000107081F3108801984078049940180199EB
:10298000487001984078019909780A1A02D280208B
:10299000400012180025002A29D00492A548029070
:1029A000C46A00260394270002E0260024696D1CF7
:1029B000002C0FD0207B0028F7D000F035FA020061
:1029C0000B0003CC083C801A99410029EDDB01DCA7
:1029D0000628EAD320000024002D02D034610390A1
:1029E00000E0002703980299C8623800A9E73B4C31
:1029F000207B002851D0904800680127384067D0DC
:102A000025734E4EF078002804D1B078002801D00C
:102A1000B5702AE0207800281ED002A800F0BAFA8B
:102A20000499A06E80B200F03BFBEFF310800190A0
:102A300072B630216754039860610498A0610298CF
:102A400020610598E06100F0ADFC019880F31088EA
:102A5000002000F0CDFA08E0EFF31080019072B68C
:102A600000F0A0FC019880F31088F07A002802D0D2
:102A7000F57262202754012000F0E0FC2000403075
:102A800000F001FA00F0D0F96268002312184B41FF
:102A90002000403000F032FB1AE02078002817D0E8
:102AA00000F0C2F92200683208320CCAFA26760316
:102AB0000027B6185F418F420AD801D3864207D259
:102AC0002000403000F0DFF92000403000F0F9FA3B
:102AD0000DB0F0BD2818006010180060780A0020C2
:102AE00004100060C2F528008D5B0000F8B50400FA
:102AF0008F480668EFF3108572B600F04BFB8B4FE2
:102B00003B00803303CB083B03C4083C894AF96986
:102B10009868801B06F054F8020085F3108803CCF7
:102B20000023801A9941F4BDECEB6501FFEFFFFF34
:102B3000040B002026030000C3300410110B0020FA
:102B4000F8B586B0794D28008C30407B29008C3157
:102B5000897B88422FD1287B00282CD1032400F0C8
:102B600063F904AA03C202A800F068FD29006131DC
:102B70006122AA5C002A02D14A78002A01D00128E9
:102B800002D18978002918D0AA6DEB6D04A803C87A
:102B90008C242E5D002736184F41A86E0021801925
:102BA00079410024523061418B4227D301D88242BF
:102BB00024D3022405E0002039E002281ED0012899
:102BC0001CD07D4B9A68002A30D0107B00282DD075
:102BD00003CA083A0090019104A803C806000F0038
:102BE000A86E002180197941002652307141009E63
:102BF000019F8F4204D801D3864201D2012016E002
:102C0000032C12D1106900280FD1280040308242D5
:102C10000BD10120D873002000F0A8FB8148016887
:102C2000844A0A400260032001E00224200007B029
:102C3000F0BD0000E00A002010100060FEB5002585
:102C400000270B0000D001237B4C2373110000D020
:102C5000012121726572E5720121A172EFF31081E9
:102C6000029172B600F07EF903C4083C2F48826DD1
:102C70000B462000283003C8121A8B416F48AB4224
:102C800001D8824205D3A572029880F310880120F2
:102C9000FEBDE06B002803D100F0D0FB07003CE054
:102CA000224E0CC82000283003C88B4216D301D80E
:102CB000824213D3B06DF16D00900191A020305885
:102CC000002180185941009A019B8B4206D301D8FC
:102CD000824203D3E06B007B002814D1002000F077
:102CE000ADFB0700E46BB26DF36D03CC083C8B4287
:102CF00013D301D8824210D3207B00280DD00120AD
:102D00009D21705409E0934801784906490E0170ED
:102D100000218174C57400F07EFC029880F3108855
:102D2000012000F023FB3800FEBD0000780A0020DF
:102D30001400006035060000F8B50320C043874941
:102D40000A6802400A600A681040086090480168FA
:102D5000384A0A400260714C200058300026467202
:102D60004681EFF3108772B600F05EF8A26DE36D56
:102D7000121A8B418C20205C0021121A8B41140006
:102D80001D0087F3108899480068C005C00D2228EF
:102D900001D000F040FC002D04DC01DB012C01D24D
:102DA0000120F2BD002D04DC01DB0F2C01D202203A
:102DB000F2BD0020F2BD0000040B0020EFF31080F4
:102DC00072B665490968654A091D51601168032397
:102DD000994302230B43136080F31088704710B5AA
:102DE000C024E4052000FFF7ACFC002806D1200039
:102DF000FFF7B6FC002801D100F00DFC10BD4748DC
:102E00000100613100226123C05C002800D00A70FB
:102E10008A70704780B5A14A4049C96905F0D0FE63
:102E200002BD00003018006080B500F0B3F9B14871
:102E300003C804BDFFFFFFBFD00A002066FEFFFFEE
:102E4000F8B504000D00FFF7EFFF06000F00290D95
:102E500028030A22002305F0D4FE801979410200DC
:102E60000B00200000F04AF90400012000F07EFA77
:102E7000E0B2F2BD10B500F041F90400012000F00D
:102E800075FAE0B210BDF8B59B4C21680E00002326
:102E900000250A0001E035003669002E07D0864281
:102EA000F9D137698E4201D13A0000E02F616D46B9
:102EB0002B7003732068904215D06946100000F013
:102EC000B1F920606846007800280DD0EFF310803B
:102ED00072B661794A1CA3799A4200D0491C61718B
:102EE00080F31088F1BD2260F1BD1CB50024009470
:102EF0000098012000F0A2FAA2480178002902D02F
:102F0000047000F00DF801209F490A6802430A602E
:102F100009680840009013BD00000000780A0020F6
:102F200018B50020009000999849087198480268E7
:102F30000B4B134003600A78531C4C78A34200D01B
:102F4000521C0A700121C2690A43C261C069014072
:102F5000009111BDC4000020101800600C0000603A
:102F6000FFFFFFBF10B5040000F014F9614803C86B
:102F70000A00844200D2521C1100200010BDA34858
:102F8000816801220A4382600021016070470000CD
:102F90002818006070B504009D4D2800FFF70FFC55
:102FA00006002800FFF70BFC8642F6D1002EF4D075
:102FB000984932124A43F3B24B4319125118103157
:102FC0004911E16026602800FFF7FBFB060028009E
:102FD000FFF7F7FB8642F6D1002EF4D0B0118E49F0
:102FE000484380300012A060666070BD04ED00E0D0
:102FF000F8B50700894D687A7D214843C90005F07E
:10300000AFFD461CF6B2804C854AA1691B2005F035
:10301000D7FD2870687800F02AF83D216054E878E0
:10302000801900F024F8382160542879801900F0C4
:103030001EF839216054687900F019F83A2160547B
:10304000A87900F014F83B216054002F06D0E878EE
:10305000801900F004F81B303C216054F1BD682158
:103060004143090ADB225043000C0818704700B5A1
:103070000200654840690021002305F001FE03229B
:10308000002305F0FDFD8022D204002312184B41DD
:10309000D20E58010243100000BD000035060000AA
:1030A00080B55F4A05F08CFDBB49884201DD080010
:1030B00002E0102800DA10200005000EB749086071
:1030C00001BD10B5504C207B002806D12078002887
:1030D00001D0FFF754FF01202073FFF7A5FE002267
:1030E0006430514102000B002000403000F006F82F
:1030F00010BD0000F80A00200C0B0020FEB50025D2
:103100006C462570017B002901D00120FEBD0CC05A
:10311000083801210173C34C26680196070001E0BD
:1031200035003669002E08D00CCE083E03CF083F8C
:103130008B42F5D301D88242F2D338000661002DCC
:1031400001D1019000E028610199814214D16946C2
:1031500000F068F820606846007800280ED0EFF391
:10316000108072B661794A1CA3799A4200D0491C3A
:10317000617180F3108801E000F04DFA6846007834
:10318000FEBD0000150B002044180060110B00204C
:1031900030180060F8B584B0EFF3108672B61A4CA0
:1031A000206F616F02AA03C29F48FFF7F7FA03007E
:1031B00027008037BB609D4D02A803C80090019195
:1031C0002A00E169A06F181A05F0FAFC0021009AA4
:1031D000019B801859410CCF083F99420FD801D369
:1031E00090420CD2009001912A00E1690020C04376
:1031F00005F0E6FC0021009A019B8018594103C7A5
:1032000086F3108805B0F0BD780A00200810006031
:1032100000100060F6BC080053070000C500002045
:1032200026030000F3B589B004460020087000E0D2
:103230002469002C00D196E0207B0028F8D0EFF321
:103240001080029072B6FFF7A5FF00206946087053
:1032500000F0F4F87648019003CC083C019AC0CA0B
:103260000B00821BBB4106AD0CC5012506AA0CCA8A
:10327000002B6DDB01DC012A6AD36E4EB26DF36D5B
:1032800004AE0CC604AAC0CA019A126A002312181E
:103290004B419F4210D801D396420DD2664A127814
:1032A000002A09D004AA0CCA8B4207D301D8824253
:1032B00004D30198457701E068460570384A5D48B7
:1032C000836906A803C8190005F07AFC0600202EC1
:1032D00000D82026544D2800FFF760FA86190836DA
:1032E000EE622800FFF75CFA286B8021C9050143D4
:1032F0002963C027FF053800FFF723FA002829D1EA
:103300003800FFF72DFA002824D1684600780028FD
:1033100020D000F077F931000F2081432800FFF71B
:103320003BFA00212800FFF741FA2800FFF725FAB1
:103330002800FFF735FA3F490800613042786123E1
:10334000C95C114300D0012141700021017001E0EE
:103350000A980570029880F310880A98007800286F
:1033600001D0099800E020000BB0F0BD10B5314944
:103370000C009834002808D0207800280BD10800D1
:103380004030FFF79EFE012004E008004030FFF7C8
:103390007AFD0020207010BDFF0F000008180060AB
:1033A0002603000070B52048FFF7F8F9214C2500EE
:1033B0008035A860C04E3200216AA36FC01A05F0A4
:1033C000FFFB226F636F00218018594120676167FE
:1033D0002078002813D1A868A16F401AA1688842FC
:1033E0000DD23200216A0020C04305F0E9FB020043
:1033F000206F616F002312184B4122676367206FB3
:10340000616F03C5083DA868A067226F0B4660681E
:103410000021801859412200283203C2E06920624D
:1034200070BD00000C0B0020001800603506000085
:10343000F80A0020780A0020D90A0020F0B585B0EB
:1034400000216A4611709D4C210060318978002965
:1034500000D1D3E0EFF31081049172B6012801D1BD
:10346000FFF798FE20006030203003C802AA03C294
:103470009348C0C80125A26DE36DC82080020021D9
:10348000801979418B420FD301D882420CD3B922E3
:103490005200002392197B4102A803C88B4201D835
:1034A00002D3824200D3A3E002A803C800220A305C
:1034B0005141A26DE36D00264C3AB341994201D8C7
:1034C00002D3904200D38DE03C20265C6020205C3B
:1034D000210060310979012905D1002801D0382067
:1034E00006E0392004E0002801D03A2000E03B202B
:1034F000205C0190A26D02A803C8101A0390714AC3
:10350000A169039805F05CFB029020006030806A9E
:103510006D4F2100603189687118C831039A91425A
:1035200002991CD27A78891A019A8E1A81196748F1
:10353000FFF732F900216548FFF738F9C020C005D0
:10354000FFF7FEF8C020C005FFF704F95F48FFF75A
:1035500014F95E48FFF724F90198797813E03D22C9
:10356000A25C891A019A8E1A8119C020C005FFF742
:1035700000F95648FFF707F9C020C005FFF7D9F852
:1035800001983D21615C401821006031896A029AEE
:10359000891822008C325160397880220A433A70AF
:1035A000F021B974FF21F9743218411D8A420DD2FD
:1035B000C024E4052000FFF7C3F82000FFF7CAF895
:1035C0004248FFF7E0F869460D7005E03A4AE169C4
:1035D00005F0F6FA8C2160543D4800218170457059
:1035E000C57008E0210060318E706846057002E009
:1035F00020008C300576049880F3108868460078A7
:1036000005B0F0BD304801784906490E017000212F
:103610008174C17470471CB52E4C69462068FFF751
:1036200001FE206068460078012806D16079411CBF
:10363000A279914200D0401C607113BD38B50400DE
:10364000224D2800FFF7A4F8002803D0686A206004
:10365000032032BDC025ED052800FFF772F80028D1
:1036600005D02800FFF787F82060012032BD280030
:10367000FFF776F8002804D02800FFF77CF82060D8
:10368000022032BD80B5FFF74BFCFEF789F801BD83
:1036900080B5FEF781F8FFF728FC01BD81B000205E
:1036A000009000980C48016801220A4302600068FB
:1036B000009001B07047000035060000780A002035
:1036C000A00A002026030000C400002000180060AB
:1036D000D80A00200C0B0020740000600168002252
:1036E00002814281828182730B78FF2B05D0FE2BF1
:1036F00009D103895B1C03810AE04268511A091F42
:10370000818100207047002B0DD143895B1C4381D0
:103710004A88D21C032313435B1CC9184A1D436803
:103720009A42E1D3EDE703207047F3B5079C08996F
:10373000250005D06D466C80FE242C706C4600E0A0
:10374000446885684668AE4217D22678FF2E14D0AA
:10375000067B002E04D0002606732678002E0ED19C
:1037600046686488E41C032727437F1CF4194460DF
:10377000AC4202D22678FF2EEFD10420F6BDFE2EF9
:1037800001D00320F6BD6E463679FF2E04D0667850
:103790006F463F79BE42E3D14068001D10606088EB
:1037A0001880002901D0607808700020F6BD7FB530
:1037B00015001C00099E002232800B9A01926A4675
:1037C000128D009202AB03AAFFF7AFFF010013D1E5
:1037D000694609898D4201D306200DE0089A481BED
:1037E000904200DA0200200003994919FEF758FCC4
:1037F000684600893080002004B070BDFEB5BB4D26
:103800000D40491B6B4619700024070016000AE0A2
:103810000422311901A8FEF743FC019A391900204E
:1038200005F048FA241DAC42F2DB0020C0430190B1
:1038300068460278711901A8FEF732FC019A7919DD
:10384000002005F037FAF7BD70B544688668B442C9
:1038500002D22678FF2E01D1042070BD007B002803
:1038600001D1FE2E01D0052070BD6588A94201D38B
:10387000062070BD10001A00231D591805F08AFAA1
:10388000002801D00020C04370BD7CB5079C0025F6
:10389000069E3580250005D06D466C80FE242C7078
:1038A0006C4600E0446845688668B54202D22678D6
:1038B000FF2E01D1042076BD007B002801D1FE2E11
:1038C00001D0052076BD6088814201D3062076BDF7
:1038D000401A984200DA030010001A002B1D5918F4
:1038E000FEF7DEFB608806990880002076BDF8B5FB
:1038F00084B007000E001500B44C254203D105F03A
:1039000049FA002820D001A80C21FEF7A7FBCD48DA
:103910003818C00A0290681E0443641C6003000E3D
:103920000390694601A805F045FA00240AE06010FA
:10393000800F00190321884332583919002005F0FF
:10394000B9F9241DAC42F2D305B0F0BD01210170DC
:103950000021418081807047F1B588B00C001500CE
:103960001E0000200090FF2229002000FEF778FBB7
:10397000FE206946087507946846458206960E9DA6
:10398000009C05AE19E06846008A6988401A401E0E
:1039900003240443641CA4B268886946098A0A1A8D
:1039A000521E03211143491C89B28F4242DB012080
:1039B0000022B94228706A8040D06846408A071BBE
:1039C0003F1FBFB22878002826D0701C0390A8881B
:1039D000029004A8019000970798001D0319002287
:1039E000FF210898FFF7E3FE6946098AA9800100D4
:1039F0000ED16846008A7080042205A90798001934
:103A0000FEF74EFB7088C01C032101436418C1E718
:103A100006990C8009B0F0BDA888019004A8009018
:103A20003B000798021969880898FFF72EFF0100EC
:103A3000A9D0EFE700212970C01968806846408A44
:103A4000069908800020E5E7F8B5AE4CA544AE49DC
:103A5000020014235A438F187989002901D10020CC
:103A600040E004A900F013F9059D02A8FFF76EFFDE
:103A70008026360102A8009001AB320008A904A8F4
:103A8000FFF76AFF0400042C06D0002C2AD16846F8
:103A90008088B042EED103E068468088002808D0D4
:103AA0006846828808A92800FFF721FFAD19002C7D
:103AB000E0D008A80C21FEF7D1FA6248281840038C
:103AC000000E09900698401E711E0143491C481BB8
:103AD0004003000E0A90694608A805F06BF938000B
:103AE000FFF7FCFD89498D44F0BD0000FCFF00009C
:103AF000F8B5844CA54400216A4691710022002348
:103B0000814906000BE0B0680C245C43005D14247E
:103B1000604308184089002800D001225B1C3079DE
:103B20008342F0DB002A25D080221201FF2108A861
:103B300005F088F90025802424010DE002A8FFF794
:103B400005FF02A8009001ABE21B92B208A8C119C0
:103B500004A8FFF701FF6D1C307985420CDAB068CC
:103B60000C226A43011D8F5804A9805C00F08FF875
:103B70000028E3D000201BE0220008A93068FFF7EE
:103B8000B6FE614C370069468D7900260CE0B868B6
:103B90000C217143405C142148432018FFF79EFD1F
:103BA000010000D00500761C38798642EFDB280042
:103BB00056498D44F0BD96498A79824201D102204E
:103BC0007047897C8142FAD000207047FF070000CF
:103BD000F8B54C4CA54404000E0080221201FF21D0
:103BE00008A805F02FF900256846047180242401F7
:103BF0001CE00C276F43B068C05D6A4612799042A2
:103C000013D004A900F043F8B068C019476802A8AF
:103C1000FFF79CFE02A8009001AB9B1CE21B92B236
:103C200008A8C11904A8FFF797FE6D1C30798542DA
:103C3000DFDB220008A93068FFF759FE0020334976
:103C40008D44F0BD0000FCEF10B5002470480C213D
:103C5000614341188A792C4814235343C0180368E0
:103C6000002B10D1012A0EDC0A6802608B88D21862
:103C7000426009890182FFF731FD010004D1641C13
:103C8000012CE3DD01E0012010BD002010BD10B5C6
:103C90000200022A01DB012010BD1B4B14246243E9
:103CA0009A1813684B6052688A6001220A73087080
:103CB0000020487310BD7FB56A4C05781426754303
:103CC0006419A47B002C01D00A2008E0039402941C
:103CD000099C01946C46248C0094FFF768FD04B0A5
:103CE00070BD7CB55F4C0578142675436419A47BC0
:103CF000002C01D00A2076BD0194069C0094FFF7A9
:103D0000C4FD76BDE0F7FFFF4C0E00202408000044
:103D1000FAB583B017000325791E03260E43761CDF
:103D20000CE00C78FF2C18D0FE2C01D0002C6BD1AD
:103D30004A88D21C2A43521C891841608268416813
:103D40004B1D9342EDD38B49007814225043081841
:103D50004089002856D1022057E00290501A864B25
:103D6000984201D2521A00E01A46824C92B2B0B286
:103D70006B461B8DC018001D82423BDB6846007BF2
:103D8000019100210091FE216A4611706946487038
:103D90006846008D30184880009A0199002004F090
:103DA00089FF049AB1B20198001DFFF727FD0B9A15
:103DB0006846018D0198B6B28019001DFFF71EFDFF
:103DC00020000830029909781422514340180188D4
:103DD000491C0180029800781421484320188189E9
:103DE0006A46128DBA18521E1543491B491F81811C
:103DF00000200AE0029800781421484320184089E6
:103E00000028A8D00B2000E0032005B0F0BD000082
:103E1000F80E041010B504006168A06881421ED23B
:103E20000878FF281BD0FE2817D1FF22D24300209C
:103E300004F040FF4F4801000831227814235A4310
:103E400089180A88521E0A8021781422514340188A
:103E50004189491C4181002010BD052010BD04206E
:103E600010BD00004C0E002078B585B0040000267F
:103E700000966946FFF79FFE3E4D02281ED1142092
:103E800044432C19256802A80C21FEF7E7F83B48AB
:103E900028184003000E03906068401E3849014313
:103EA000491C481B4003000E049001A902A804F01D
:103EB00081FF2000FFF712FC00201AE0012817D133
:103EC00000992000FFF784FE04000FD10AE000985B
:103ED00080680C217143405C142148432818FFF787
:103EE000FDFB761C009800798642F0DB200000E0A4
:103EF000012006B070BD1CB504000020009069468A
:103F00002000FFF758FE022803D12000FFF79CFD98
:103F100016BD012803D10098FFF7EAFD16BD012068
:103F200016BD38B5174800214356DAB2114C142596
:103F3000554364196589002D03D0A589248AA542BB
:103F400007D3521CD2B2022A00D100229A42EDD1EC
:103F500006E0531C5CB2022C00D10023190001E0E2
:103F60000022D2430170100602D4D0B2FFF7C3FF83
:103F7000002032BD4C0E0020FFFF00000000FCEFCF
:103F8000FF0700001C0F0020F0B581B025490C6828
:103F90000025657404F060FF234E3068C06805F0AA
:103FA00035F9002801D0042723E03068C06805F007
:103FB00017F9002801D001271BE03068C06805F020
:103FC00013F9002801D0022713E03068C06805F01B
:103FD00025F9052700280CD13068C06805F022F9C2
:103FE000002806D13068C06805F0E9F800282F469F
:103FF0000BD00120B8400D4909680A6802430A60E5
:10400000002005F05BFBFDF7DBFB607C012807D19E
:10401000217B0F200840A268090905F05FFB657449
:1040200001B0F0BD040F0020080F0020F40E0020A6
:1040300080B505F055FB80BDBCB5584CA169009119
:104040000840A06135E0521CD300E51803000B4086
:104050002F681F40F7D02A68104001406868084068
:1040600002D10020C04368606868084000F09AF8F8
:1040700001006A680120884082436A606162EFF350
:10408000108172B6626A01209040C24320691040DC
:1040900020610220C300E318083B1D6815401D6025
:1040A000401EF7D181F310883D48616A890040586D
:1040B00080472369E2696069256AA16903400B4072
:1040C00003D0154001D10022BEE70020C04360624A
:1040D000206A104014D102F0CBFBEFF3108572B6CA
:1040E0002169E06962690A40A169114004D1216A2D
:1040F000014001D102F0BDFB85F3108805F006FBFD
:104100000098A061B3BD38B51400EFF3108572B606
:1041100000F048F8800022490C5085F3108831BD2A
:1041200010B5EFF3108272B61C4B1C6904431C617E
:10413000C90059180B681843086082F3108810BD35
:10414000EFF3108172B6154AD3691843D06181F339
:1041500010887047F8B5114D696A00910022D2436A
:10416000914201D1002701E001278F402E6A286289
:10417000040003E02100380005F0C9FAE869204096
:10418000F8D000986862EFF3108072B6E969A14335
:10419000E96180F310882E62F1BD00006803002001
:1041A000B40B00200021020C120401D110210004E4
:1041B000020E120601D108310002020F120701D1CE
:1041C000091D00011F22511A02A2000F105C081ADB
:1041D000C0B27047040302020101010100000000A7
:1041E0000000000010B5FFF72FFD424C211D0020FC
:1041F000FFF74DFD210014310120FFF748FD201D80
:10420000206010BD3EB53B4D022802D12C00143475
:1042100000E02C1D2C6001936B461B8B00930B0060
:1042200001002000FFF774FD002805D0022801D10D
:10423000002000E00120C0433EBDF8B584B00E0070
:1042400019002C4C022E03D125001435012301E066
:10425000251D00230700256028466D466A810391CD
:104260000A9D022F08D102A900912B00039A6946EA
:104270004989FFF736FD0FE0002F03D10100180038
:10428000FFF705FD02A801900095039B684642894F
:1042900031002068FFF70FFD010001D1002005E08B
:1042A000042801D1022000E00120C04305B0F0BD88
:1042B00010B5140023000A0001000E480068FFF743
:1042C000C3FA002804D001D5200010BD0220C0434D
:1042D00010BD80B5022807D106490868143188420C
:1042E00007D0FFF797FD01BD032802D10020FFF79B
:1042F000BBFD01BD740E00200120FFE719490860D5
:10430000002070470120C04316490968012900D1E7
:10431000002070470020EFF3108172B6114A136835
:10432000012B02D00120C04301E00323136081F37D
:10433000108870470020EFF3108172B6094A1368A5
:10434000032B02D00120C04301E00123136081F35D
:104350001088704780B50A00034905F068FA02BD6D
:1043600000000000640300208C120410F1B5012449
:10437000404D414F00260078012804D028D303285F
:104380001ED019D3F1BD009840684078012806D1AD
:10439000002000F0E1FA2800FDF7D4FEBC70009880
:1043A00040684078002813D100F0DAFA280028305D
:1043B000FDF7C8FEBE70F1BD3C702800503002E031
:1043C0003E7028008430FDF7BDFE2CA0FDF7BAFE3C
:1043D000F1BD80B528490278002A02D0012A03D015
:1043E00001BD4088C88001BD2548C88000F011F893
:1043F00001BD10B5204C2248E08005F01FFB214A8A
:1044000000218020FFF77FFE0020207000F001F8DF
:1044100010BD80B5002000F0A3FA012016494870B5
:1044200000228A70C8700A7101BD3EB5164800901E
:10443000694600220A71104C2279551EAD41ED0FDC
:10444000012202704570022008711048217801296C
:104450000BD1FDF777FEE2880948824203D0694616
:10446000012005F016FB257137BD3C30FDF76AFED3
:10447000F9E700004C110410D40E0020200A0D00B2
:10448000FFFF00002B440410C80800200412041091
:1044900002490968C88100207047C046040F002007
:1044A000010042221201D21E004207D002D4521E45
:1044B0000018FCD5C10A4005120589187047000094
:1044C0000100EED54042F446FFF7EBFF0122D20790
:1044D00011436047F0B50E005E400125ED072E4008
:1044E000B446AE0ADF184C18F44208D2F7420ED296
:1044F000640D01D07F0D12D100206146F0BD05D1C1
:10450000F74201D87F0D05D10020C143F0BDFBD19A
:10451000640DF9D00020C143490549088FE0E41932
:10452000C902DB0229432B43DB0A460DC00231439B
:104530008E4630B487B295B27D432E0CADB2140CCA
:104540007C43A419260C240425439CB27C43A41963
:10455000190C7943270CC919A4B20F043C43090C68
:10456000000C97B247432E0CBE193543ADB2170C61
:104570004743360CBF19A6B2BF193E043543240C7D
:104580003E0C36199FB24743BF19BCB23E0C891985
:104590001F0C47437F183E043443390C704680B2E9
:1045A00097B247432E0CBE193543ADB2170C4743A3
:1045B000360CBF19A6B2BF193E043543240C3E0C7D
:1045C00036199FB24743BF19BCB23E0C89191F0C64
:1045D00047437F183E043443390C77463F0C90B272
:1045E00078432E0C80190604ADB22E43050CA0B200
:1045F0002D18120C7A435019020C80B2240CA41806
:104600009AB27A43121914042043120C89181B0C15
:104610007B43C91830BCEF0A394203D1B619404177
:104620004941641E6F12BF0DE41B0BDBFF19BC4236
:1046300011DA240500274208AE41784161416646FF
:104640003143F0BD641C05D1401C6141CF0201D350
:104650004908F4E750E75DE730B4012464054D00F4
:10466000EC420BD85D00EC4208D80C001C436400FF
:104670000443144304D28B4200D1824230BC7047C1
:10468000FCD09942FAD19042F8E7830085000700F8
:1046900007008300850005000700030003000F00EA
:1046A0000500820081000500F4464A1805D200F09A
:1046B0000FF801D580174008604700F009F8012184
:1046C000C907884200D90800404260474A1812D200
:1046D000400DC90208430121C9070843520D40217A
:1046E0000901521A521C06D452421F3201D4D04042
:1046F0007047C017704700207047F0B40125ED07E0
:104700000F005F404FD48B4200D1824205D98446CE
:10471000100062468C4619006346DF184C18640D81
:104720007F0D3AD0661C760537D0E61B352E34DC7B
:10473000DB022B43DB0A0C0DC9022943C912202ED0
:104740000DDB1700203E06D01F00F741F3405F400D
:104750000026012A7741C01871410DD217E01700D9
:10476000F741F2405740F3415A40B340F3405A40BA
:104770000026801859410AD3A21C52050FD0C20747
:10478000012F724117004008CB0718434908641CE9
:1047900024054208AF4170416141F0BC7047641C80
:1047A00021050020F9E76B4010E06B40ABE7F742D2
:1047B000F3D1E943F1E72442EFD100200021ECE7F7
:1047C000F0B40125ED070F005F40EED40C00871A0E
:1047D0009C4105D2C01BA141D219634169406B4085
:1047E000AE0ADF184C18F442E1D2640D7F0DE2D01E
:1047F000E61B362ED1DCDB022B43DB0AA4460C0D74
:10480000C9022943C90A012E28DC04D1D60752085F
:10481000DF073A435B08EF0A76429041994114D092
:1048200039423BD1B61940414941761C394204D145
:10483000761C001849413942FAD0B9436746B7425D
:1048400008D9A41B24052143A7E70042EAD1364238
:10485000E8D1A2E7E40AE10700209EE7202E0BDD65
:10486000203E1F00F340F7415F40012A00225741DC
:104870007E42984191410BE01700F741F2405740CA
:10488000F3415A40B340F3405A407E42904199412F
:104890000A0303D2641EB619404149410027641E31
:1048A00024054208AE4178416141F0BC70470300E5
:1048B000FFFFFFFFFFFFFFFFFFFFFFFFFFFF010005
:1048C00000000000FFFF01000000FFFF021D136851
:1048D0008B431360026811430160704781B08E49B9
:1048E0000A6802430A60096808400090009801B015
:1048F000704730B585B004000820FFF7EFFF84480B
:10490000610045182988009101210191029102213D
:104910000391A10044186946A06805F0EFF87D48AE
:104920000068C00610D5A0689021C905884203D14F
:1049300000997A48FFF7CAFFA0687949884203D1F5
:1049400000998448FFF7C2FF01222988A06805F07A
:1049500083F9002005B030BD80B56D4B002202E028
:1049600080B56B4B01224100595A800018188068AD
:1049700005F072F9002002BD70B586B006000C008B
:10498000300001D1042000E00820FFF7A7FF20003D
:10499000714D7100695A0191012103910221049125
:1049A000B1006C18010006D10020029001A9E06856
:1049B00005F0A4F81FE001281DD1802040006749C0
:1049C0000A6802430A600968084000900098802045
:1049D0004002029001A9E06805F090F82800083034
:1049E0008519002203210020285605F072F90020C5
:1049F000285605F073F947480068C00610D5E068EE
:104A00009021C905884203D101994448FFF75EFF10
:104A1000E0684349884203D101994E48FFF756FFA9
:104A2000002006B070BD80B54B4A4100515A80004D
:104A30001018C06805F00AF9401E8041C00F02BD81
:104A400080B505F00FF901BDF0B587B00F00002566
:104A50000024002F02D10124E44355E04049942270
:104A60004243891800913F49800008580099086026
:104A70000420FFF733FF0420FFF730FF8020C00041
:104A800039490A6802430A600968084001900198A0
:104A90008020800002900220039005900120049065
:104AA00006959026F60502A9300005F027F819486A
:104AB0000068C00603D502991848FFF707FF802059
:104AC00040000290069502A9300005F017F8032572
:104AD000ED433900009805F027F9002800D02C009C
:104AE0000021009805F056F9002800D02C00002184
:104AF000009805F068F9002800D02C00009805F017
:104B00002BF9002800D02C00200007B0F0BD0000D9
:104B10009C030020000050485000404820005048AE
:104B200000001048F8B500240D4E009115009427A0
:104B30000BE0FA239B000122009801190B48007832
:104B40007843301805F0C8F9641CAC42F1D3280052
:104B5000F2BD000028005048B00300205400404837
:104B6000200B0020C8030020580040481F0F0020E1
:104B7000C3788278417800781B021A430902120434
:104B800008431043704780B505F006FC80BDF0B5C2
:104B900093B01F4615460E4612901C9C08461146BF
:104BA000224605F0FDFB002824D122980D901FAB72
:104BB0000DCB11901E980F901D980E901B980C9085
:104BC0001A9919981097189F089209930D9A0A92AA
:104BD0000097019002910C98039004940E98059010
:104BE0000F98069011980790129831462A46109B0C
:104BF00005F0E9FB13B0F0BD80B505F0F6FB80BD14
:104C00000020704780B505F0F7FB01BD80B50B00B3
:104C100011001A00FDF724FA01BD80B504F0BAF8BE
:104C200002BD7FB504000D001600684605F04AFC81
:104C300068460178217041782970807830707FBD96
:104C400080B5FFF787FB02BD80B504F0F0FD02BD23
:104C500080B505F07DFC01BD80B505F0BBFC02BD53
:104C600080B505F0D9FC02BD80B505F009FE02BD96
:104C700080B505F054FE01BD80B505F058FE01BDBC
:104C800080B505F069FE02BD80B505F067FE02BD86
:104C900080B505F065FE01BD80B501F0FDFB02BDEC
:104CA00080B5FEF7C1F804BD80B5FEF7E3F802BD9C
:104CB00080B5FEF7E8F801BD80B5FDF7BFFFC0B2D3
:104CC00002BD80B5FEF738F8C0B202BD80B5FDF771
:104CD0000DFF04BD80B5FEF771F801BDF0B59BB0C6
:104CE000EC4C7F20C643FDF7CFFBEB4D012802D0F3
:104CF000E87A002810D0274634467834FDF7C4FB04
:104D0000E97A6143784338184418FDF7BDFBE3495D
:104D10004843E97A414364186234FDF7B5FB012842
:104D20000ED1304678302989414330465C30AA7A2A
:104D300042435018314660312A7B4A43801800E0D4
:104D400000200490E889149005F092FE012801D01B
:104D500005F090FEFDF794FB0128159409D1344627
:104D60005034FDF791FB6043E97A414308390A91D9
:104D700001E000200A90CA4C05F07CFE0128204684
:104D800016D005F075FE0128204611D02920285C98
:104D9000002820460CD12520285C0028204607D179
:104DA0002620285C002801D0204601E030463C3017
:104DB000139020462030169005F05CFE012815D097
:104DC00005F056FE012811D02920285C00280DD1BD
:104DD0002520285C002809D12620285C002802D044
:104DE0002046203001E030465430169005F042FE57
:104DF0001190A87E0190E87F1090FDF745FB12907E
:104E0000E87F029005F038FE0990E87F0390FDF7F7
:104E100067FB002705F032FE012838461A961997DD
:104E200060D1E87F11278740032427430221814076
:104E30004E1E264305F01EFE012817D117960F942B
:104E4000687F0A2800D30A201A9C24344443C03CBB
:104E5000002605F015FE0128189620D1FDF714FB59
:104E6000012805D01A9B18466C3004E0002031E080
:104E70001A9B18466030D3496431AA7F4A43101800
:104E800029461D467835C97F2A468A408618FDF78F
:104E9000FBFA012803D1C948C07A45437619A51900
:104EA000FFF7AEFE064605F0EBFD04463440FDF785
:104EB000EBFA204001281898179E09D1BF49C87EF7
:104EC000401E0F9A1043897FE0224A43D143081ABB
:104ED0002818BA4DB919BA4A511A08181A301A9E28
:104EE000B84C199F0890FDF7CFFA0128394609D12F
:104EF00005F0C8FD0128394604D12220285C31463E
:104F00002C3141430F9105F0BBFD0128384620D1DB
:104F100020465830A97E414330466030EA7A424309
:104F200054180025FFF76CFE012810D1FDF7ACFAEC
:104F300001280CD130467030A04B197F41433046D8
:104F40007430DA7E42435018E4389D7E4543601940
:104F50009A4D0E9005F098FD0128384636D1FDF7A0
:104F600093FA012803D02C463546743505E03046C7
:104F700078302C46ED7A45430C3D2327E05D002632
:104F80000028304605D0FDF77FFAE05D404203215E
:104F9000884340192425615D1A9A7C324A43871858
:104FA00005F06CFD01280DD105F064FD012809D143
:104FB00005F066FD012805D18048465D002E01D030
:104FC0001A9E6836B8197D4D1A9E199F0D90FDF7EF
:104FD0005BFA0128394609D105F058FD0128394608
:104FE00004D130465C30E97A414314390C91FDF725
:104FF0004BFA0128394608D105F04AFD0128394607
:1050000003D130466430E97A41430B912620189051
:10501000285C069025201790285C05903E4629279D
:10502000E85D079005F026FD044605F029FDE04205
:1050300034461AD01898285C2821695C1A9E344698
:1050400078344C43F43C444305F018FD00280AD062
:105050001798295C2720285C6C36464359488019EC
:105060000C30484300E000200419E85D002819D006
:10507000FDF70AFA0028049B15D02A20285C514924
:1050800070314143E85D1A9A5043401838381990FE
:1050900009E0C0467CFBFFFFB40D00206CFDFFFF64
:1050A000DCFEFFFF049B159818181A9B19465C310B
:1050B000149A514340180A994018139940181699A8
:1050C0004018194678310A46109EB2408018119A4D
:1050D000012A07D13B4A683A019E724310181322F5
:1050E00012018018099F069A059EB218129E012E81
:1050F00002D1029EB1404018199E07995118012F04
:1051000005D11A463032039FBA4010187038089AF9
:1051100080180F9A80180E9A80180D9A80180C9A91
:1051200080180B9A8018002904D01A4648324A4346
:1051300010180C38001984192820285C1990189828
:105140002F5C2A20285C18902720285C169017983E
:105150002E5CFDF799F9012805D12B20285C1A99BE
:1051600038314143641805F095FC012801D11648F7
:1051700024181998189A16994E43B1184743B8182D
:10518000C84208D01A9B1A4658324A434433434314
:1051900098180419183C094D686820180321C94360
:1051A000EA8DD21C0A40AB8DDB1C0B409A182B8E6B
:1051B000DB1C0B40D118401A1BB0F0BDB40D002011
:1051C0006CFDFFFFDCFEFFFF14F6FFFFF0B595B0AE
:1051D0000120810414912E480160BFF34F8FBFF36B
:1051E0006F8F03F0D3FFFFF76CFD00201290C043D8
:1051F00003F0B9FF05F03CFC1390FDF741F9119065
:1052000005F038FC109005F037FC0F90FDF768F9B9
:1052100005F034FC0E9005F035FC0D9005F030FCE7
:105220000C90FFF7EDFC0B9005F02EFC044605F00A
:105230002DFC0546FDF728F9064605F029FC074632
:1052400005F028FCC0B2F9B208910990F0B2E9B2B9
:10525000E2B20B9BDBB20C9CE4B20D9DEDB20E9E54
:10526000F6B2129F0097019602950394049305925B
:10527000069107901398C0B21199C9B20F9AD3B290
:10528000109A05F009FC03481499016015B0F0BDAF
:1052900080E100E000E100E00100202008437047C9
:1052A000FDB5B2B03A98049102A93B22885400207F
:1052B0000D9024A8401C2F900DE00498329A90473E
:1052C0000490002801D100F0B7FE0D98401C0D900D
:1052D0003398401C339033980178002910D0252949
:1052E000EBD100200790089009900A900B900C9049
:1052F000002102240120149008201290339D05E023
:105300000D9800F09BFE0800149901436D1C28784D
:105310002028F8D023280BD02B2804D02D2804D007
:10532000302808D00AE02143F0E708000421ECE728
:1053300008000821E9E708001021E6E72A280FD134
:10534000349802681068121D349B1A600F90002870
:1053500004D542420F920800042101436D1C12E063
:1053600000200F90644A09E00F9B934205DA9E00EB
:10537000F3185B00181830380F906D1C2878030064
:10538000303B0A2BF0D328782E2803D00020C043CE
:105390000E9027E06D1C28782A2808D134980068E0
:1053A0000268001D349B18600E926D1C1AE02D28B7
:1053B00002D12D226D1C00E0002200200E900CE096
:1053C000002A09D10E9B4C4EB34205DA9E00F31819
:1053D0005B00181830380E906D1C28780300303BA5
:1053E0000A2BEDD302A801872E783100404878447B
:1053F000FF30401E05F0C4FB002801D06D1C00E00A
:10540000002602A83A214654405C682804D1287836
:1054100068280BD1622005E06C2807D128786C2819
:1054200004D1712002A93A2288546D1C15A8069057
:10543000287869460870681C339068460278100026
:10544000253833D01C3800D1CCE1001F022800D809
:10545000C8E1133801D100F019FD093800D1C1E1CC
:10546000801E01D100F0AFFD401E01D100F05CFDB7
:10547000401E022800D8B5E1001F01D100F054FD04
:10548000401F00D108E1401E01D100F0FFFC401E8A
:1054900000D1F0E0C01E0ED0801E01D100F0F6FC5D
:1054A000C01E01D100F0F2FC00F098FD14980790A6
:1054B000252015A97CE1349800680468001D349902
:1054C00008600594002C00D0C1E002A83B21405C9C
:1054D000002800D1B5E00024E443064878441430A5
:1054E00005F058FB201A01D000F0A6FD00F083FD66
:1054F000F4BDFFFF28BEFFFFCBCCCC0C01236A46D6
:1055000002A9280000F054FE002801D000F094FD0C
:10551000641EF3D13295079D15AC002D0FD0329E3D
:1055200021780498B0470490002801D100F084FD50
:105530000D98401C0D90641C6D1EF1D132963020E8
:10554000694608700A9C002C0DDD329D01236A46D5
:1055500002A9280000F02CFE002801D000F06CFD0C
:10556000641EF3D13295059C089D002D0FD0329E0C
:1055700021780498B0470490002801D100F05CFD28
:105580000D98401C0D90641C6D1EF1D13296302791
:1055900069460F700B9C002C0DDD329D01236A467D
:1055A00002A9280000F004FE002801D000F044FD0C
:1055B000641EF3D13295059808994418099D002D71
:1055C0000FD0329E21780498B0470490002801D172
:1055D00000F032FD0D98401C0D90641C6D1EF1D141
:1055E0003296684607700C9C002C0DDD329D01231D
:1055F0006A4602A9280000F0DBFD002801D000F077
:105600001BFD641EF3D1329502A83821405C40078F
:1056100000D460E62020694608700198002800DC6C
:1056200059E6019C329D01236A4602A9280000F038
:10563000BFFD002801D000F0FFFC641EF3D13295BD
:1056400049E61B4878446830059000F0D4FC0E9D74
:10565000002D03D5200005F0C1FA09E02A00002141
:10566000200005F0C3FA002801D0001B00E028004C
:10567000089000F0C0FC349800680268001D34995E
:1056800008600020C0430021104002AA03C215A8F0
:105690000590782100F093FC02A83B21415C002991
:1056A00008D00024E4434B487844FF30293017E702
:1056B00088BCFFFF3A21405C62286AD0682819D074
:1056C0006A2845D06C2806D071284FD0742831D074
:1056D0007A2821D06FE0349800680168001D349A60
:1056E000106000297AD10024E4433B487844FF301D
:1056F0001738F5E6349800680168001D349A106088
:10570000002905D10024E44333487844CA30E7E651
:105710000D98088000F06FFC349800680168001D47
:10572000349A1060002959D10024E4432A4878446F
:10573000A630D5E6349800680168001D349A1060E0
:1057400000294BD10024E443234878448A30C7E63B
:10575000349800680268001D34990860002A13D14B
:105760000024E4431C4878446E30B9E6349800685D
:105770000268001D34990860002A05D10024E44322
:10578000154878445230ABE60D98C11703C200F0BB
:1057900032FC349800680168001D349A10600029BA
:1057A00005D10024E4430C4878442C3098E60D9849
:1057B000087000F020FC349800680168001D349ADD
:1057C000106000290AD10024E443034878440830DB
:1057D00086E600BF18BBFFFF2CBBFFFF0D980860DB
:1057E00000F009FC34980068C31D072083433498F7
:1057F000036003CB349D2B6002AB03C32023C80F8F
:1058000004D007982D2115AB19540DE002A8008F84
:10581000204204D007982B2115AB195404E0C0078F
:1058200004D5079815A90B54401C079015A8079993
:10583000401813901398059024AD02A8C0C868467C
:1058400000782021014368468170807861280BD060
:105850000E98002801D5062005E005D1684680781D
:10586000672801D114980E9002A803C808004B00C5
:105870005B150024E443A3420ED109030CD003209E
:105880000890613A1A2A03D21949794462310FE02B
:10589000184979445E310BE0A3420ED100030CD1CC
:1058A00003200890613A1A2A1DD3134979444831DC
:1058B00003221398FCF7F4FB9DE301AA02A803C896
:1058C00005F09FF902AA03C26846807861281CD1BE
:1058D000059830210170811C05916946097861297C
:1058E0000ED178210DE0054979441031E0E700BF81
:1058F0004CBAFFFF4CBAFFFF50BAFFFF48BAFFFF98
:10590000582141700798801C079002A803C82246BE
:10591000530802400B4004D1002A02D10024002683
:1059200052E168468078612800D099E00E980028FE
:1059300001D5212000E0401C13901398401C2E90AC
:10594000300039000022002305F070F902A830C8A9
:1059500002D28020000645400198001F019024A932
:105960000A7024A8461C2E98002832DD2E9F2000A5
:105970002900002280235B03FEF76EFE29D81C223B
:1059800005F06DF904000D00FEF78EFE2E90FF1F4E
:10599000002F09DDFEF794FD02000B002000290016
:1059A000FEF70EFF04000D00F01D07212E9A002ABD
:1059B0000ADD491E08D4401E13071B0F0370121185
:1059C000F5E7401E00220270491EFAD5C61D002FC1
:1059D000CDDC24A82F99711A24AA551C139A0C0007
:1059E000914200DD1400002C33D48C4205DA411CB6
:1059F000095D082901DB0F2100E00021220024AB12
:105A00009B1801E0641E5B1E521E1E788E42F9D068
:105A10000F2904D1411C895C491C401C8154002A77
:105A200004D524AD641C0198001D0190611E10D4A2
:105A30006A186846007813783033DEB23A2E01DBFC
:105A4000C318C6331370491E521E0029F3D5694688
:105A500008700E98002800D4B5E0601E0E90B2E0E9
:105A60007F007F08019866494843664903F078F84B
:105A7000019007200199401A002805DD020030003E
:105A8000390000F06FFB0AE0424200205E4900F05E
:105A900069FB02000B003000390005F018F96A4676
:105AA0009278662A02D1019A0A3200E006220E9B01
:105AB0009A18142A00DD142224AB30241C705C1CBC
:105AC00002E030A803C8139A002A3CDD30AB03C3C0
:105AD000139230A803C8FEF7F9FD2E90064608344D
:105AE000042530000A2103F04FF80F0030000A218E
:105AF00003F04AF806003037601E077030000A21B4
:105B000003F042F80F0030000A2103F03DF80600D0
:105B1000A41E303727706D1EE3D10834139808385F
:105B200013900028CDDD2E98FEF7BAFC02000B0082
:105B300030A803C8FEF744FE0022344BFEF7CAFC2F
:105B400030AA03C2C5E72F98201A24A94D1C04E0EF
:105B5000401E0199491E01916D1C29783029F7D00A
:105B600069468978662902D10199491C06E069468F
:105B70008978652901D1149900E000210E9A541802
:105B8000A04200DA441E002C1DD4844204DA285DB1
:105B9000342801DD392100E030212200681E8318FD
:105BA00001E0641E5B1E521E1E788E42F9D0392918
:105BB00002D1A95C491CA954002A04D50500641C23
:105BC0000198401C0190019E139568460078694633
:105BD000487005F0DDF8406A0078694608700E9D4F
:105BE00020B2002804DC149C044878440E30139042
:105BF0006846807866280BD1761C23E050B7FFFFFB
:105C000097750000A08601000000F03F84D79741FF
:105C100068468078672846D130B20321C94388425C
:105C200047DBA84245DA761C02A8008F1299C0B261
:105C3000084203D120B2A84200DC050030B22D1A80
:105C400000D5002537B2002F00DDBAE00898411CCE
:105C500008913021059A1154002D05DC02A8008F0F
:105C60001299C0B2084206D00898411C08916946B2
:105C70000978059A11547842854200DA6E4236B2AC
:105C800070420B90AD1920B2854200DA2C0024B28C
:105C90000994220013990598089BC018FCF700FA94
:105CA000281B0C90DAE068464078612818D17020F3
:105CB0001BE020B2A84206DA02A9098F129AC9B2E3
:105CC000114200D105006D1E00D5002568464078C0
:105CD000672802D16520694607E04520694604E04F
:105CE00068464078412801D1502048700898411CEE
:105CF000089113990978059A11541398411C002DA5
:105D000005DC02A8008F129AC0B2104219D0089880
:105D1000421C08926A461278059B1A54002D10DD29
:105D2000641E20B2854200DA2C0022B20598089B3E
:105D3000C018FCF7B5F924B2089800190890281B80
:105D40000B9005980899401869464978017031B25E
:105D5000002903D42B214170871C03E02D224270BF
:105D6000871C4E42002412AD300008E00A2102F0E8
:105D7000F7FE30AA03C229703098641C6D1C00B273
:105D80000028F3DC012C08DC684640782021014320
:105D9000652902D1302038707F1C002C09D13020B9
:105DA00038707F1C07E0641E12A8005D3030387028
:105DB0007F1C002CF7DC059808994018381A0990C8
:105DC0004CE020B231B288421DDA22B21399059814
:105DD000089BC018FCF764F924B2089800190890D1
:105DE000391B0B91002D05DC02A9098F129AC9B24B
:105DF000114206D069460978059A11540998401C49
:105E000009900C952AE032B213990598089BC018A6
:105E1000FCF746F90898C0190890A41B002D05DC72
:105E200002A9098F129AC9B2114205D0411C0891EA
:105E300069460978059A115420B2854200DA2C008F
:105E400022B21398C1190598089BC018FCF728F9CD
:105E500024B2089800190890281B0B9002A838213A
:105E6000405C14210140102900D0C4E00798089933
:105E700040180B994018099940180C9940180F992F
:105E8000884200DBB7E0081A0A90B4E002AA3A2080
:105E9000105C622808D068280ED06A2814D06C28BC
:105EA0001DD0712810D01AE0349801680868091DC7
:105EB000349B1960C0B218E0349801680868091D65
:105EC000349B196080B210E034980068C31D07202D
:105ED00083433498036003CB349C236006E03498FA
:105EE00001680868091D349B1960002102AB03C3D7
:105EF000108F1299C0B208425BD002A803C80029D3
:105F000001D1002855D06846007820210143782926
:105F10004FD1079815A930220A54401C421C079201
:105F20006A4612780A5444E002AA3A20105C6228B9
:105F300008D068280ED06A2814D06C281DD071288B
:105F400010D01AE0349801680868091D349B196064
:105F500040B218E0349801680868091D349B196044
:105F600000B210E034980068C31D072083433498C2
:105F7000036003CB349D2B6006E034980168086809
:105F8000091D349B1960C11702AB03C3002902DA53
:105F900007982D2109E0108F204202D007982B216D
:105FA00003E0C00705D50798202115AA1154401C0D
:105FB000079015A80799401805906846017802A82F
:105FC00000F03EF817E014980790349800680168D4
:105FD000001D349A106015A801700CE01498079009
:105FE000252015A9087068460078002803D007947A
:105FF0006846007848700F980799401A0A99401A25
:106000000899401A0B99401A0999401A0C99401A9C
:10601000019002A83821405C400701D5FFF77BFAC8
:106020002020694608700198002801DCFFF773FA08
:10603000019C329DFFF762FA0020C04335B0F0BDED
:10604000F2B586B0040025696F2901D1082707E061
:106050000846FFF721F9782801D00A2700E0102729
:106060003C2603CC083C04AA03C26A46127E642A7A
:1060700003D06A46127E692A09D1002907DA04A8EA
:1060800003C800220023121A8B4104A80CC004A8E4
:1060900003C800290DD100280BD1206B002808D19E
:1060A000082F3DD13820205C000739D53B26302011
:1060B00035E00294009504A830C8761E01962000B1
:1060C00029003A00FB1702F09CFD3032D0B23A288A
:1060D0000DDA00988255200029003A00FB1702F0E3
:1060E00090FD04000D0007D1002C05D10AE06846A0
:1060F000007E8218AF32ECE70298C06800998919D7
:106100008842DAD3029C009D082F09D13820205CF8
:10611000000705D5A85D302802D0761E3020A8558E
:106120003C20801BA061A919E160216B884206DA3E
:10613000081A2062208F1C490140218710E00029A5
:106140000ED53821615C14220A40102A08D1616BF7
:106150006269891A226A891A081A002800DD2062F9
:1061600007B0F0BDF8B50026104F04000D000092F6
:1061700014E0C00707D532003B0020002900FEF7DD
:10618000A9F904000D00009840100090300039007B
:1061900032003B00FEF79EF906000F000098002831
:1061A000E7D120002900F4BDEFFF000000002440EB
:1061B000F8B50024002B11D007000E0014001D00BC
:1061C0002178B068B847B060002809D0F06A401C58
:1061D000F0620020641C6D1EF2D104002000F2BDAC
:1061E0000020C043F9E7FEE710B50024032004F0C7
:1061F000D5FD002801D0012401E004F000FE2000BC
:1062000010BD01488068704790030020F8B584B045
:106210000124BD4B1969BD4A914215D119681A680C
:106220001D681E687602760F03961B685B015F0F80
:1062300002940F232D0C1D40160AF02232400192C9
:10624000090A0B40009305E0082500957021019193
:1062500000210291AE4E00213171002801D004F0DE
:10626000FEFD0320C043AB4989680140A94A916003
:1062700011468968084011468860A7480168A74A06
:106280000A400260A6490F22D2430B6B13401D4304
:106290000D63CB6AF025AB43019D1D43CD62CB6AF4
:1062A0001A40009B1343CB62029A002A0FD00A685F
:1062B00007239A43039B5B075B0F13430B600A683A
:1062C00038239A43FB0038251D4015430D605523A4
:1062D000944A1568FF27BD431D431560D568BD432B
:1062E00066272F43D760156AFF27BD432B431362F0
:1062F000136CBB431D251D431564D36BBB4359254C
:106300001D43D563536CBB4332251D435564536A0B
:1063100023435362844B75681D40A7032F43776066
:106320007768824D3D40FC27BF032F437760756837
:106330002D022D0A90273F052F437760B7687B4DCC
:106340003D40E827FF032F43B760B5682D022D0AB3
:10635000E027BF052F43B760B568FF27BD43762709
:106360002F43B760B5681D40E827BF012F43B760D2
:10637000F7686E4D3D4027052F43F760F7686C4D79
:106380003D40C0277F052F43F7603569FF27BD4398
:1063900005272F433761F568FF27BD4314272F4397
:1063A000F760F5682B40A025ED001D43F56073698B
:1063B00004251D4375617369E5051D4375617369A6
:1063C00065071D4375615B4B1C745E255D740D6B29
:1063D0009D74DC745D251D75CD6A5D759C755225B7
:1063E000DD75096819765C76122199761168D9767F
:1063F0001C7715215977D1689977DC771A212025E8
:106400005955116A21255955012122255955222115
:1064100023255955116C24255955012125255955F8
:10642000212126255955D16B27255955012128258C
:106430005955232129255955516C2A255955012192
:106440002B2559551B212C255955516A2D2299541C
:10645000002100222E255A551A0010321A605A6067
:106460001A000C329A60D96019683268316032497A
:106470000C607269A307134373618A6922438A61BE
:1064800024490A680A60C2692243C26182691443CE
:106490008461086805B0F0BD284908684A6812029E
:1064A000FF231B021340C0B21843896801D00C2996
:1064B00001D37F200EE006225143773901E0891D88
:1064C00040081F28FBD2FF22A23250431C4A8018EA
:1064D000800A081840B2704770B50E4CA56926684E
:1064E0002660FCF78CFC2E433000FBF75DF9FCF7CF
:1064F00076FC206870BD10B5124C20682060FBF758
:106500005BF9206810BD0000E81E0010CCECBCFC5C
:10651000C00000200400006028180060FFFFFFBFDB
:106520004816006048150060FF00FFFFFFFF00FFF6
:10653000FFFFFFC01C0E002010140060A4160060B6
:10654000A04600002C14006080B504F065FA01BD7F
:10655000F8B50400002700250126002C1ED0207964
:10656000002802D1200004F067FC0220207120687E
:10657000016880220A4302602068016880229143FA
:106580000160206841680D220A434260206841682A
:106590000D2291434160A760267100E0012528008B
:1065A000F2BDF8B504002068876845680126082117
:1065B0000F420CD00D420AD0A2683243A26042685A
:1065C00011434160206841680822914341600420E2
:1065D00007420ED005420CD0A16802220A43A260F5
:1065E00021684A681043486020684168042291434A
:1065F0004160A068002802D0200003F095F8F80759
:10660000C00FE907C90F08420BD020684168314329
:10661000416020684168B14341602671200003F069
:106620007BF8F1BD38B584B00020FCF771F800208C
:10663000FEF75FF90120FEF75CF90220FEF759F939
:106640000120FEF789F90025854C257001202821BD
:10665000605402205021605401210020FEF78CF983
:1066600001210120FEF788F901210220FEF784F9BB
:106670000121080404F0A2FC0121202004F09EFC6A
:106680000121480604F09AFC9F4A00210820FDF7EA
:106690003AFD9E4A00211020FDF735FD9C4A00215D
:1066A0002020FDF730FD9B482821694361180861CF
:1066B000C9616D1C032DF7D3684600BF19A11022D4
:1066C000FBF7D4FC69460020FEF7BEF9EFF310801B
:1066D000012181F3108890490A68202313430B603D
:1066E00080F310888D480168FF22914340220A43BD
:1066F0000260802040008A49086004F0F7F8002812
:1067000001D0FBF7DCFD03F00DFF03F076F8FBF79B
:106710005DF804F0CBFC0020FBF7FBFF002005B088
:1067200030BD000000C201000000000000000000B9
:106730000000000010B544692078FEF774F92021AC
:1067400060542178491C00BF8DA0FBF7FBFC20782A
:10675000002803D0022807D003D310BD0021082051
:1067600004E00021102001E000212020FDF7D8FCEA
:1067700010BD0000F8B56B4E80214900775AFF2FFD
:1067800000D96BE000780D2863D1310081A0FBF7C0
:10679000D9FC334C002764A1300004F0D3FC00285E
:1067A00006D100BF7FA0FBF7CDFC2021675424E079
:1067B0005EA1300004F0C6FC002805D17BA0FBF7E9
:1067C000C1FC4821675426E059A1300004F0BAFC0E
:1067D000002805D177A0FBF7B5FC7021675428E0AD
:1067E000012500BF75A1300004F0ACFC002807D1E2
:1067F00075A0FBF7A7FC20202554002108201AE0F3
:1068000075A1300004F09EFC002807D175A0FBF7AD
:1068100099FC48202554002110200CE075A130007F
:1068200004F090FC002809D175A0FBF78BFC7020C8
:10683000255400212020FDF773FC04E0310000BF47
:1068400073A0FBF77FFC802149003000FBF706FCBA
:1068500001E0F0557F1C802040003752F1BD000060
:10686000380C002080B50020C043FDF7E5FB01BDDA
:10687000704718B58FB0002000216A460B069B0DAB
:10688000D05000BF491CCAB20A2AF6DB04F064FCEF
:10689000002828D0FCF754F9040002F0BFFF032CB5
:1068A00000DB0324A04200D9200000281BD00228CE
:1068B00009D002D303280CD013E00121012004F0F9
:1068C000FAFB01210AE00021012004F0F4FB012180
:1068D00004E00021012004F0EEFB0021012004F07F
:1068E000FCFB04F00CFC10B010BD80B5114928224F
:1068F00050430818002120228154FA214900083011
:10690000FCF79EFA01BD0000D51F0410EF1F041014
:1069100029200410356704100040004108E400E01D
:1069200000E100E0C4070020535731005357320004
:1069300053573300380C002010B50400E00302D593
:106940000020FFF7D2FFA00602D50120FFF7CDFF00
:10695000A00102D50220FFF7C8FF10BD80B50129B4
:1069600001D1002008E0202901D1012004E080208D
:106970008000814202D10220FFF7B7FF01BD000075
:10698000427574746F6E2025642070726573736530
:10699000640A000072656365697665642025730A80
:1069A00000000000535731204F4B0A00535732204C
:1069B0004F4B0A00535733204F4B0A005357315F58
:1069C0004C4F4E47000000005357315F4C4F4E472D
:1069D000204F4B0A000000005357325F4C4F4E4788
:1069E000000000005357325F4C4F4E47204F4B0A78
:1069F000000000005357335F4C4F4E47000000002B
:106A00005357335F4C4F4E47204F4B0A0000000056
:106A10004E4F54205245434F474E495A4544204318
:106A20004F4D4D414E44203A2025730A000000008E
:106A300081B00B4801688903FCD5816802220A43B2
:106A40008260002102E000BF0099491C009100997A
:106A50000629F8DB816804220A43826001B070478E
:106A600000004048F8B5040001D10120F2BD8E4D70
:106A70002078C0062FD5A0680028A86807D1042177
:106A80008843A860A86802218843A86006E0022124
:106A90000143A960A86804210143A960A0680428F3
:106AA0000DD104F069FB060028684105C90F12D01A
:106AB00004F062FB801B6528F6D30320F2BD04F0CE
:106AC0005BFB06002868400505D404F055FB801BDD
:106AD0006528F7D3F1E72078C00738D573480168F7
:106AE000734A0A40802189011143016001688022B4
:106AF0000A43026001687022914330220A43026017
:106B00006068802149028842286801D1014301E080
:106B1000AC4901402960606800280BD004F02CFBD0
:106B200006002868800312D404F026FB801B652829
:106B3000F7D3C2E704F020FB060028688103C90FE1
:106B400005D004F019FB801B6528F6D3B5E70427B0
:106B5000FF432078400733D520690028286820D0DB
:106B60003840286028680107C90FFBD12868102128
:106B700088432860A8689649014080204002084365
:106B8000A860286804210143296004F0F5FA060092
:106B90002868000714D404F0EFFA801B0328F7D309
:106BA0008BE73840286004F0E7FA06002868010700
:106BB000C90F05D004F0E0FA801B0328F6D37CE768
:106BC0002078800746D5286807402F601020C043F2
:106BD00029680140296029688A06D20FFBD17D49C6
:106BE0007D4A13680B401360536819405160A968CF
:106BF000774A0A40802109021143A960E9686022AE
:106C0000914320220A43EA60E168102903D12868F1
:106C10000143296002E0296808402860E0680028F4
:106C20000BD004F0A9FA06002868800612D404F0FC
:106C3000A3FA801B6528F7D33FE704F09DFA06000E
:106C400028688106C90F05D004F096FA801B6528D4
:106C5000F6D332E72078000724D540266069402823
:106C6000286801D1304300E0B04328606069002803
:106C70000BD004F081FA04002868304012D104F0EF
:106C80007BFA001B6528F7D317E704F075FA0400B8
:106C900028684106C90F05D004F06EFA001B65286C
:106CA000F6D30AE70020F2BD0000404898004048B3
:106CB000FFC0FFFFFEB5040051D0009147480068B7
:106CC000302188430099014344480160444D2068C5
:106CD000022814D1A86804218843A860A86802216A
:106CE0008843A8602868400539D528683D49014097
:106CF0002960A868E021884361680143A960E02019
:106D0000C04301908027FF00206800281CD128681C
:106D1000384024D02868800321D52868F900014331
:106D2000296004F029FA06002868400406D404F01B
:106D300023FA801B0228F7D90320FEBDA868019919
:106D4000014060680843A860206801280FD1FFF760
:106D50006FFE2868074002D12868800301D4012013
:106D6000FEBDA8680199014060680843A86030270B
:106D70001A4C009821683940884212D02068B843E4
:106D800000990143216004F0F7F9009D0600206896
:106D90003840A84205D004F0EFF9801B0228F6D94C
:106DA000CAE7002002E000BF0098401C0090009855
:106DB0000628F8DB04F072FAFFF723FA03F0EEFF7F
:106DC000FEBD0000FFFFFEFF07480068704700009F
:106DD000FF7FFEFFFFCFFFFF280050480410004058
:106DE00000004048FFDFFFFFCC0300201749027876
:106DF000D20705D58A6D06239A43036913438B6531
:106E00000278920705D50A68114B134042691A436C
:106E10000A600278520705D50A680E4B1340426893
:106E20001A430A600278120705D50A680A4B134014
:106E300082681A430A60C068820604D50A68074B54
:106E400013401843086000207047000008004048C5
:106E5000FFEFFFFFFFFF7FFFFFFFBFFFFF7FFEFF93
:106E6000F8B50E4605461224FDF70AFFB04217D3C7
:106E7000012D15D80B4800688179009185714779FB
:106E800046712846FDF704FF0024B74202D100985E
:106E9000A84205D0FF207F2201210B4604F036FADC
:106EA0002046F8BD040F0020F0B585B0054604A8C3
:106EB000002707701224012901D9204648E00E4618
:106EC00024480068009004F023FA002840D100997B
:106ED0005C310878C00711D1C87830430E46C870BD
:106EE00003A807210170002D12D0022D08D0012D1A
:106EF00020462DD104A81021017009E00C2027E0C4
:106F000004A82021017003A904F080FA00281FD1F1
:106F100004F07EFA00281BD10098603004F07AFA61
:106F2000002815D10498012131740843307004F011
:106F300075FA01AC204604F081FA204604F0B6FA56
:106F4000F843019004480290204604F0BFFA384606
:106F500005B0F0BDF80E0020FF9F0020F0B58BB00B
:106F600015460C4636490B680646283E0622122175
:106F70000B2E10D900281CD0FF2835D0082817D098
:106F8000182815D080283CD0812847D0FE284BD027
:106F900006280BD013E0C0467E4436797600B7440D
:106FA000050E050E110E080E0E0E0E18022200E040
:106FB0001022227019182846FDF724FE00210846E9
:106FC0000BB0F0BD012020702C21595C01402970CC
:106FD000F4E704F08BFA01A908700126284632462E
:106FE000FDF710FE2670E9E701A804F087FA0028F3
:106FF0001DD001A9042628463246FDF703FE0021D4
:1070000017E00620207001A804F07AFA002812D0B8
:107010002278FF212846FDF7F9FDCFE706222270EE
:10702000084801686631C6E700202070C7E71221D2
:1070300000262670C3E7227801A92031BBE7C046AD
:10704000F00E0020F80E00201CB51148046804F072
:1070500064FA882807D00C2805D05D34002808D1B0
:10706000022060701CBD052002F028FBFAF7A8FB87
:107070001CBD0020607020787F210140217001A993
:107080008620487080200870022004F049FA1CBD58
:10709000F80E0020BCB511480068446D03F0EAFC0E
:1070A000002802D00E48807E00E00120C5B21134D5
:1070B000002D11D0207800280BD020460F38007802
:1070C000800706D560786A4610700020012103F021
:1070D00063F914346D1EEBE7BCBDC046F80E00200A
:1070E000B40D0020B0B5096883240022002912D015
:1070F000CD690024CC61087AC00603D4002004F0D6
:1071000071FA02E0084604F0A7FA01220028294695
:10711000ECD083240AE0D00708D072B60448006897
:107120008521425C521E425462B60024E0B2B0BDDA
:10713000040F002010B50C68207BC00708D0002188
:107140000122204604F096FA207BFE2101402173A3
:107150000D4800682C21405CC00703D1204604F094
:107160009CFA02E0204604F027FB002801D083208F
:1071700010BD72B6054800688421425C521E42541C
:1071800062B6002010BDC046F00E0020040F0020A3
:10719000012070470120704770B50B4C0125042277
:1071A0002046294604F03CFB084E3060062220466B
:1071B000294604F035FB316808603068016800201A
:1071C00088804880087070BDB00D0020EC0E002053
:1071D00010B50C46087949790902081804F032FB09
:1071E000207961790902081804F06CFB2079617933
:1071F0000902081804F094FB04F0BCFB20796179C3
:107200000902081804F0B8FB094800682F21405C07
:10721000C0060BD52079617909020A18A379E178B3
:10722000022004F0CBFB002800D010BD002010BDD0
:10723000040F002010B5044608794A79120212188A
:10724000C978062004F0EEFB074800682F2140565D
:10725000002801D4002010BD1620E070A078BF21C6
:107260000140A170842010BD040F002010B5044619
:1072700008794A7912021218C978072004F0D2FB63
:107280000748006834214056002801D4002010BD72
:107290001720E070A078BF210140A170842010BDAC
:1072A000040F0020B0B50D460446087900281DD112
:1072B0006879A9790902081804F034FC6879A97979
:1072C000090208182A7AE9792B46093304F04EFCA2
:1072D0006879A9790902081804F062FC6879A9792B
:1072E00009020818E97904F07BFC28796979AA7900
:1072F00012025118EA7904F082FC0948016836202C
:107300000A5C002092060AD53631497AC90706D0B0
:107310001820E070A078BF210140A1708420B0BD8A
:10732000040F0020FEB50D4604460879002823D13D
:107330006879A9790902081804F0F4FB2A7AE97936
:107340006879AB792E4615362F460F370097019690
:107350001B0218182B46093304F05BFC6879A979E5
:107360000902081804F01CFC6879A97909020818B8
:10737000E97904F035FC28796979AA791202511863
:10738000EA7904F03CFC0948016836200A5C0020D8
:1073900092060AD53631897A890706D51C20E07015
:1073A000A078BF210140A1708420FEBD040F002001
:1073B00070B50446144E30683625405D00280ED165
:1073C00008794A79120210188A7BCB7B1B029A1823
:1073D000891D04F045FC3068405D002811D00B4841
:1073E00001684A5D002092060AD53631497AC906FD
:1073F00006D51920E070A078BF210140A17084203B
:1074000070BD002070BDC046F00E0020040F0020AB
:1074100010B504460879491DFBF766F80A4801686B
:1074200036200A5C0020920604D53631092289569E
:10743000002900D410BD1A20E070A078BF210140BF
:10744000A170842010BDC046040F002010B5044672
:107450000879491DFBF74CF80948016836200A5C99
:10746000002092060AD53631897AC90706D01B203A
:10747000E070A078BF210140A170842010BDC046FB
:10748000040F0020F8B5184C01250422174E2046A1
:107490002946B047164F3860102220462946B0478B
:1074A000396808600C2220462946B04739680968C7
:1074B000C860104DE98924222046B047014638684B
:1074C0000268D06881600021082903D0002353524C
:1074D000891CF9E7E989D18000211181E98941807E
:1074E00004F03EFCF8BDC046B00D002021B80410E9
:1074F0000C0F0020B40D00200120704770B50D4D19
:107500002A684224135D7F261E401655002802D0AB
:1075100004F042FC70BD084604F05AFC2868015D86
:10752000F7220A4002550E2002F0C8F8FAF748F98F
:1075300070BDC046100F002070B51D4E3268422548
:10754000535DDB0628D5002816D0A4321948006800
:107550003421405C74214143002399421CD01068BF
:10756000002807D0C0180489002C03D01724045722
:10757000002C12D47433F0E7492080001018202426
:107580002246FDF73FFB3068415D214341550E2007
:1075900002F094F8FAF714F970BD0B2100220123D0
:1075A00004F028FC3068415DCF220A40425570BD8E
:1075B000100F0020F00E0020F8B5054601206821CC
:1075C00004F02CFC234F3860234EF07A142421461B
:1075D00004F024FC01463868C162012D10D15C30F2
:1075E00004F026FC2225705D342104F017FC396874
:1075F0004863705D4000102104F010FC3968886415
:10760000F07A411C154D0122284604F009F9396829
:107610000862F17A0222284604F002F93D686862A5
:10762000F17A0F4A0723284604F006FC3868172130
:107630000185318C172901D28620F8BD4185F17A68
:107640004C43C06A00212246FDF7E0FA04F009FC31
:10765000F8BDC046000F0020B40D0020B00D002082
:10766000A5BE0510F0B589B0012B00D0A1E000AB9C
:1076700007C30F980E99039129214F4C615C4A1E54
:107680009141E27F089204F0EEFB0690E67A0496C0
:1076900001271821494C3846A0472346484C216809
:1076A00090254959C863402138469847216849596F
:1076B000C96B086057208400304621463F4A9047F6
:1076C0003F4909684959C96B48600898874004F0E8
:1076D000D5FBF8B20821394A90473949096808951D
:1076E0004959C96B0968242200268E540862243146
:1076F0004F700594049844430794069D089C07988E
:10770000B0421BD001273846294604F087FB2C499C
:1077100009680959C96B4968891984228850384613
:10772000294604F07BFB264909680959C96B496859
:1077300089198822885005983618E0E700980128B2
:10774000049C09D10E21204604F068FB1C490968FD
:10775000089A8958C96B88600198012809D10821C5
:10776000204604F05BFB16490968089A8958C96BE2
:10777000C860029801280FD12421204604F04EFB56
:107780000F4D2968089A8958C96B08610120112199
:1077900004F044FB296808660398012809D11C21DC
:1077A000204604F03BFB06490968089A8958C96BD2
:1077B000486109B0F0BDC046B40D00201DBE0410E4
:1077C000040F002070B50024204604F08DFB054610
:1077D000094E30683421415C8C420CD2E321695C53
:1077E000C90703D0284604F08DFB30685721890073
:1077F0006D18641CEEE770BDF00E002070B500241B
:10780000204604F071FB0546094E30683421405C87
:1078100084420CD2284604F017FC002802D02846E7
:1078200004F012FC572080002D18641CEDE770BD99
:10783000F00E0020F8B50024204604F055FB054664
:107840000126264A274610683421405C84423DD2F6
:107850002C20285CFE21014002292BD1284604F06F
:1078600063FE0028304623D1284604F078FE002825
:1078700030461DD1284604F074FE0028304617D14A
:10788000E0B2009004F06FFE0028304610D100985E
:1078900004F06BFE002830460AD1284604F067FE4B
:1078A0000028304604D1009804F063FE411E884150
:1078B0000A4A00E00020411E88413906374600D1BF
:1078C0000746572080002D18641CBCE7380603D0FB
:1078D0001220012104F050FEF8BDC046F00E002039
:1078E000FEB5064687680479204604F0FDFA054691
:1078F000204604F055FE002844D08079042841D168
:107900007802E96C81423DD028462C3002959235B0
:1079100039683D2212016B889B019A18EB889A42C4
:1079200000D81346184A4A431146366800780228A0
:107930000BD116481818814207D2019112490093C1
:1079400001F022F9009B019938602888F0844B20CF
:1079500080001818091A00D2002168892A8A9042EA
:1079600000D310468142029B00D8084682B2A9216A
:1079700009018A4200D80846B084012120463246D7
:1079800004F022FEFEBDC046E2040000BC0B000075
:10799000FEB505680679304604F0A6FA074630467B
:1079A00004F0FEFD002847D08079042844D13C46ED
:1079B0009034A88CE18881423ED0E080002130469E
:1079C0002A463B4604F000FE1C4800683621415C14
:1079D000890631D53630407A40062DD52689A588CE
:1079E000E0880190208802907F8F15480068006928
:1079F000802126220424234604F012FE00281BD0F6
:107A0000014606748573019B0373029A82720772A2
:107A10000720C8710B2088713E2048710C71300A14
:107A20004874280AC873180A4873100AC872380ABA
:107A30004872802004F050FEFEBDC046040F0020B6
:107A4000F40E0020F0B589B00024204604F04CFA72
:107A5000009001200890404800683421405C844236
:107A600078D2572080000594604300990D182C208F
:107A7000285CFE210140022969D10121009C204699
:107A8000079104F036FE064600212046019104F0DD
:107A900030FE411E8841002E0899049100D10490C7
:107AA0002B462846E83003902846E6300290EA3319
:107AB000089F06931C78F02626400F252540032DAD
:107AC0001FD0022D0BD0012D2BD1049800282CD0D3
:107AD0001320012104F050FD069B022525E00398A8
:107AE000008802990988081A0A2343431B48006842
:107AF0000599C9B2A030012204F006FE069B0325B9
:107B000013E0A00611D5049800280CD00598C0B247
:107B100004F061FE002801D0D02626400898069B7C
:107B200004E0019802E0D0262640089872B6197841
:107B30008C4203D12E431E70002102E007990F40B2
:107B400039464A1E914162B600270842B2D1059CCF
:107B5000641C80E709B0F0BDF00E0020040F002087
:107B6000FEB5044604F0C0F90546932047002046C0
:107B700004F016FDE95DC906CA0F43D02C462C342B
:107B80002178022906D1017A002900D181798171F9
:107B9000467A05E0417A002900D181798171067A1F
:107BA000002E00D1C679C6710429029205D1008841
:107BB000012805D03846042704E038464F0801E084
:107BC0003846062728180190607D394601F03BFDB4
:107BD000042E00D07608607D314601F0FFFC0020C5
:107BE00000909620012132463B4601F09FFA014663
:107BF0001435284601F08BFB019A1078EF210140E3
:107C00001170029A1046FEBD80B50620014904F0AD
:107C1000FAFD80BD99A9051080B504F009FE02495E
:107C2000C161002080BDC0460200070770B50D4647
:107C300004F0B6FC002814D0044604F0F9FD064612
:107C400000210E222046FCF7E1FF042D01D1284639
:107C500001E00120A840E071A071F08B6080B08B42
:107C60002080002070BDFEE7F0B587B0044604F028
:107C70003BF9054693204700EE19204604F090FC9E
:107C80000446EF5D78062B4648D53048006836211B
:107C9000415C89063ED53630407A40063AD590356B
:107CA00028890190A8880290E88803902888049089
:107CB000588F0590264800680069802126220425F7
:107CC00006932B4604F0ACFC069B002822D001460C
:107CD000019A0274029B8373039808730498887254
:107CE000059808720720C8710B2088713E204871E2
:107CF0000D71100A4874180AC8730398000A487373
:107D00000498000AC8720598000A4872802004F09E
:107D1000E3FC069B3078BF2101403170B80612D5D4
:107D2000E17903204A0700D501465A8FA3790091D3
:107D3000590700D503468020002104F083FD3078E8
:107D4000DF210140317007B0F0BDC046040F0020B4
:107D5000F40E0020F0B589B001920291044601F0C2
:107D60007AFAFCF7AEFF0320C043C01C03AD2881A4
:107D7000012028826873AA27E05DA8722646AA36E9
:107D8000B07EE8720198049002980390B07C01F0F4
:107D900071FBA874E05B1449401A411E8841E873E6
:107DA00028732046EC3004F083FDF420002102917A
:107DB0002150FF27B77404F083FDA873284604F010
:107DC000A7FD2046283005F0CBF83C34204605F0CE
:107DD000C7F8B77602983074307E800701D505F079
:107DE000D0F8012009B0F0BDFCFF0000F8B5044652
:107DF000C420FF212154A420255A01272F402646C4
:107E0000C436002F04D005F0BDF83070FF2822D012
:107E1000A43404F055FD2076FF2813D00021E80695
:107E20001AD40D4604F04CFD29466076FF2813D184
:107E3000002F02D0307805F0C1F8207E05F0C6F89A
:107E4000072109E00721002F06D030780C4605F005
:107E5000B5F8214600E00C210846F8BDB0B588B061
:107E6000129C0694119C0594109D04950F9D0395FA
:107E70000E9D02950D9D01950C9D009505F0BCF899
:107E8000012C10D105F006FA05F006FA0748C17A70
:107E900007480068A030074A052303F0CDFF05F02E
:107EA00083FA05F08DFA08B0B0BDC046B40D0020CD
:107EB000040F00200DD2051080B50146C07C401E85
:107EC000032812D8784400794000874401050B014B
:107ED000002005F076FA80BDB5208872C87E401C6F
:107EE000C87680BD084605F0ABFA80BDE0B50268F3
:107EF0004068D17C022909D1D169D37E5B1ED9406B
:107F000001230B407F21C9435B1800E00023054992
:107F1000096800904C32DBB208466430E43105F069
:107F2000DBFA8CBD100F0020FEB5B0C80668BA2081
:107F3000307000203860E07C02281AD0042837D145
:107F40001C48016802AD009522463C3223464C3362
:107F50000846E430643105F0EFFAC120307028465D
:107F600005F020FB144900F00FFE208905F026FBE8
:107F7000FEBD10480168E069E27E01920095521E44
:107F8000D040802202438123134022463C320846DF
:107F9000E430643105F0A0FA2C3410222846214642
:107FA000FCF73BFE38600198132801D8B4203070EC
:107FB000FEBDC046100F002040420F00B0B50028A3
:107FC00014D00B4D28684221425C082313434354CC
:107FD0006430084920242246FCF714FE28688430C7
:107FE00005492246FCF70EFE05F01AFBB0BDC0465F
:107FF000100F0020B7E90510D7E9051070B5054648
:10800000C67D0024300710D5288905F017FB00280D
:1080100001D0102409E0064800684221425C042394
:108020001343435401200643EE75204670BDC046FD
:10803000100F0020B0B504461448026864320025D1
:108040004021284605F01AFB002803D003F0A4FEC7
:10805000122519E0E07D60210140602914D0202222
:1080600002406421635C012119408A1807D19B21D9
:108070000840E075204605F013FB054604E0842522
:10808000002901D04006F5D42846B0BD100F0020CD
:1080900070B50468E67D310708D50579FE200640F5
:1080A000208905F0CBFAE675002800D070BD002DC0
:1080B00001D0342000E00420C04304490968422272
:1080C0008B5C03408B5403F067FE70BD100F0020E3
:1080D000F8B500276B4B6C4A3D4618683421405C6C
:1080E000854200D3CDE01068A4214058002800D17B
:1080F000B2E0C4192089002800D1ADE0A07A014681
:10810000D13905295DD3002800D1A5E0FE2800D192
:108110008AE0A22859D0AA2800D181E0B22854D000
:10812000B42800D18AE0BA287AD0BF2800D189E0EB
:10813000F02800D18BE0102800D090E001212046EB
:1081400005F0E0FA002800D196E00026A67205F0BE
:10815000EFFA00284B4B4C4A7ED06420205CC007CD
:108160007AD005F0F1FA484A464B002874D0E079FD
:10817000C021014040296FD1444800684821405C3B
:10818000000769D524894248006880694A22022193
:108190000B4604F045FA3C4A3A4B00285CD00146B5
:1081A0000420487208220A72CE7188718C72FF20F6
:1081B000487182200871200AC872022004F08CFAEB
:1081C00048E0204605F0C4FA44E0E07D01260007BF
:1081D000304613D52046FAF700FA002806D01228B8
:1081E00004D00E2001F06AFAF9F7EAFAE07D602186
:1081F0000140603948424841224B234AE17C022930
:1082000004D1E17B10220A4016091F4A002823D01E
:10821000002E21D06420205CC00724D04B2023E016
:108220002046FAF7E6F915E064202056002813D519
:10823000002174222046FCF7E9FC0BE0204605F003
:1082400029FB07E00021204605F035FB02E020462F
:1082500005F066FB0C4A0B4B74376D1C3DE720465E
:1082600005F09CFB0AE05B20C043A0720E2001F0E9
:1082700025FAF9F7A5FA01E0F120A072014B024AB4
:10828000EAE7F8BDF00E0020100F0020040F0020D8
:10829000F40E002010B50446C07D00070DD5204621
:1082A00005F07EFB002803D0842806D0882805D15D
:1082B0000E2001F003FAF9F783FA10BD0B2100221A
:1082C0000123204603F096FD10BD80B503F064FD48
:1082D00080BDFEE7FEB5604F604C3868016800293C
:1082E00000D1B8E005F0B8FB0546008805F0BEFBFC
:1082F0000028F2D006463868B021405C00280ED035
:10830000082100220123304603F074FD00280ED01E
:10831000FD2800D096E0284605F0CAFBDDE7686836
:10832000007A05280CD12846314605F0CFFB2846B7
:1083300005F0BEFB0E2001F0C1F9F9F741FACCE7D8
:10834000B17AF12901D000290AD16421725C01219E
:10835000114001D10B28DED1002901D00128DAD14A
:10836000F07D000706D50296019501A8FAF751F9AC
:10837000FC28CBD16420305CC00707D10296019560
:1083800001A805F0CFFBFC28C0D122E06868007A84
:10839000042831D0032837D001281AD1B07A002818
:1083A00003D0FB2847D0F128B5D1308905F0BCFBBC
:1083B000024600200146234605F0D6FB307E8107A9
:1083C00002D50321084330762846314605F0F2FBFA
:1083D000D9E72846314605F039FCFC2803D0862829
:1083E00099D0842892D1F07D000794D5029601950A
:1083F00001A8FAF70AF989E7B07AB6288BD128469E
:10840000314605F0C5FCBEE7B07AB22809D0B428E1
:1084100007D0B52800D07EE72846314604F0D1FFCA
:10842000B1E7F07C022800D075E738684021415C54
:10843000032908D16FE7092100220123304603F008
:10844000D9FCA0E73868294605F032FD0F2001F07D
:1084500035F9F9F7B5F9FEBD100F002030750000B1
:1084600070B505686968097AFD240E2946D1466809
:10847000F07DC00642D5F07C02283FD1307B022837
:108480003CD16420305CC007B07A01D1A23800E052
:10849000B238032832D8012830D0308905F044FBA7
:1084A00002460024164B2046214605F05DFB154888
:1084B00000684821405C400620D536896868457AC6
:1084C00011480068806902214C22032304F0A8F8B7
:1084D000002813D001468672042048720A200872D0
:1084E0000024CC71052088710D73FF204871822013
:1084F0000871300AC872022004F0EEF8204670BD00
:1085000030750000040F0020F40E002080B50146F5
:10851000006849684268127A0D2A0FD00C2A15D1DA
:108520008A7A10231343FF22B22B18D16423CB5C29
:10853000DB07CB7D0CD19B060CD410E08A7A10238C
:108540001343BB2B0AD105F0BCFC05E0FC2206E07E
:108550005B0604D405F0F2FC024600E0FF22104660
:1085600080BDFEE7F8B52920C10001241F4D20463B
:10857000A8471F4E30601F4FF87A7421A847316812
:10858000A422885005F040FD28212046A8473168E4
:10859000AC228850F87AC01CC0B2411C164D284647
:1085A000224603F03DF931688862F87AC01CC1B2F6
:1085B0000222284603F034F93168C862084603F005
:1085C00037FC05F02DFD306842210025455440213F
:1085D00003224254094904634163443010212A466E
:1085E00005F032FD2846F9F7F0FFF8BD1DBE041076
:1085F000100F0020B40D0020B00D00200710070759
:10860000F8B50120982103F009FC2B4E30602B4F68
:10861000F87A397B08181424214603F0FFFB3268EE
:1086200000255563D562F97A03462F46B9420AD030
:108630001D615F701F703268D36225467D43451906
:1086400014337F1CF2E7002313631C4A127B521879
:10865000CDB2AA420AD96543FF27475545192B6178
:10866000697033681D63491C2B46F1E79006000EC4
:10867000411C134C0122204603F0D2F831680862F5
:108680000E4DE87A297B08188006010E022220464A
:1086900003F0C6F834686062E87A297B081880061F
:1086A000010E084A0723204603F0C6FB05F0E4FC50
:1086B00005F0FAFCF8BDC046FC0E0020B40D002009
:1086C000B00D00202D810510E0B500200090064B74
:1086D0000146024605F0ECFC002804D0072000F01B
:1086E000EDFFF9F76DF88CBD1980051010B505F098
:1086F0000DFD002801D0022400E00124002005F037
:1087000015FD0D49098A25314909491C00F03CFA3B
:10871000844204D90820002103F02EFF10BD82B24C
:108720004220002105F010FD002804D0082000F0B0
:10873000C5FFF9F745F810BDB40D0020F0B585B0C0
:108740000F4F3868403005F031FD0446200414D046
:108750006D46002028703868403005F07DF90190A2
:10876000068805F02CFD0146304605F02DFD0290EF
:10877000284605F03BFD641EE8E705B0F0BDC046A5
:10878000FC0E0020F0B5D3B000250C950B950A9592
:108790000995412082000DAC20462946FCF736FAA7
:1087A000257110204490169009A80F902046FCF7E0
:1087B00053FADC340194012005F0EAFD06464EA888
:1087C0000C300290494D002E41D03078032839D02A
:1087D0004EAF3046394605F0EDFD387C102831D1DA
:1087E000708804A908804EA880893E49411805294F
:1087F0001CD33D494118042903D329210902884289
:1088000020D10DAF022404AA38462146A847384695
:108810002146029AA847002005AA314605F0F2FD3C
:108820000598426801883846A8470BE00DAC02273E
:1088300004AA2046394605F0F5FE20463946029A3C
:1088400005F0F0FE304605F021FF0646BBE7019833
:10885000828C002A06D00DA8202101710146E0314A
:10886000FCF7FEF90DA84EAC04AA2146FCF7FCF972
:1088700005AD1026012328462146324605F01AFF91
:108880001B4F3968833128463246FCF7C6F9002869
:108890001AD03868833005A91022FCF7B3F981207B
:1088A000400003AD288000950024124B204621464D
:1088B000224605F0FDFB8020288000950E4B2046C7
:1088C0002146224605F0F4FB38685C21425CFD231A
:1088D000134043540B2000F0F1FEF8F771FF53B042
:1088E000F0BDC046FFD6FFFF00D8FFFF25E604100D
:1088F000FC0E0020BBD40510C7D40510E0B5002144
:10890000009102200422074B05F0D2FB002801D081
:10891000812800D18CBD0B2000F0D0FEF8F750FF6D
:108920008CBDC046C192051080B505F0D3FE80BD58
:1089300080B5042801D9122080BD05F0CFFE80BD8E
:10894000F0B589B00546084628431224012836D8D8
:108950000E9F072F33D3102F31D80F9810282ED801
:10896000B8422CD30E461099022928D801910290C2
:1089700003930492F9F7B4FD012806D10499022962
:108980001DD8039A012A07D919E0039A10460499C1
:10899000084301D0112412E005AC01982073094866
:1089A000E080029860712771E270A1706670257096
:1089B00005F0A4FE6073204605F0AAFE044620469A
:1089C00009B0F0BD0707000080B5044A914201D903
:1089D000122080BD05F0C6FE80BDC0463F420F009C
:1089E00080B5012902D805F0D6FE80BD122080BDD9
:1089F00080B505F0EEFE002080BD80B505F0EEFEEE
:108A000080BD80B505F08AFF80BD80B505F090FF80
:108A100080BD80B506F01CF880BDBFB51C4602AB1A
:108A2000089D5D801A80099A0392009301232246D3
:108A300006F018F804B0B0BD1CB5059C0194049C68
:108A4000009406F054F800201CBD80B506F057F8DD
:108A500080BDBFB501AC089D2581E380A280618007
:108A60002080204606F056F804B0B0BDB0B50446EC
:108A70000078002801D0042801D3122000E0002053
:108A80001225002A2A4600D00246012900D81546A0
:108A9000002D07D101F0F0FF002803D12078FD213F
:108AA000014021702846B0BD70B594B0044606F070
:108AB000ABF806466D463E35684606F0ADF8002830
:108AC0000BD1002E09D16846407801210140204693
:108AD0002A4606F0B5F80646EEE7F0B214B070BDCF
:108AE00070B51D4D296872B60A6800260E604B6885
:108AF00013434B6062B600280CD028684168CA074F
:108B000008D001225140416072B6286801681143C3
:108B1000016062B62C681034206800280DD0204611
:108B200006F098F880002968081872B68268866096
:108B300048681043486062B6EEE72868041D074D98
:108B40002068002806D0204606F084F88100695885
:108B50008847F5E770BDC046140F0020A813041025
:108B6000CA0F00D0494203105A400DD004B500D3BB
:108B7000404200F009F8009AD20701D3494212425C
:108B800000D5404204BD0000094214D088420FD3F2
:108B90000122030C01D100041204002300185B41E0
:108BA0008B4200D35B1A5241F8D319001000704772
:108BB00001000020704708B506F06CF808BDFEE71C
:108BC00010B5904216D98AB2030C090C0C465943D1
:108BD00080B25343444350431B191A041B0C101812
:108BE000594180225203002312184B41520DD802E2
:108BF000104310BD4843802252031218520D1046F4
:108C000010BD12422DD0994231D970B500251B42BA
:108C100009D00C00002112E01100FFF7B5FF0A0097
:108C20000021002370BD0942F6D000240126491816
:108C30006441944200D3A41A7641F8D3310001264E
:108C400001E0764109D2001864416D41A41A9D41AA
:108C5000F7D2A4185D41B619F5D3300022002B00DD
:108C600070BD1B42CFD108B506F016F808BD01D182
:108C70009042CAD202000B00002100207047FEE79C
:108C800030B4434351435D18010C0C00130C5C439A
:108C90002D1980B2434392B251430024C918644154
:108CA00024040B04090C09195043C018694130BC55
:108CB0007047FEE7F4B507000E00334C207801281A
:108CC00001D10220F2BD0120207000256560FA204C
:108CD000800000F011F801000CD130000099002F45
:108CE00002D100F02EF801E000F038F8FA20800000
:108CF00000F002F82570F2BD38B5040002F03CFA2D
:108D0000050022488168C9070AD40020C043844274
:108D1000F7D002F031FA401BA042F2D3032032BD5B
:108D20000C2182680A400C2A09D1174A536804684A
:108D30001C435460826811438160012032BD0020D1
:108D400032BD10B5124A13690F241C43146180030D
:108D5000000C906111643320106010BD10B50C4AF6
:108D600013690F241C4314618003000C9061086890
:108D700010644868506488689064C868D064CC20E7
:108D8000106010BD00000000980E00200810004088
:108D900000100040A446521E08D303780C78401CF3
:108DA000491CA342F7D0181B644670470020644654
:108DB0007047FEE7FEB50024204D2B78012B01D132
:108DC0000220FEBD01232B706C60FA27BF000368F0
:108DD000FF2B0AD11A4801690F220A43026122219E
:108DE00001603800FFF788FF19E00023DB430B60C8
:108DF000466800900191002000E0761C00994968C7
:108E0000009A926889188E4209D2300000F009F861
:108E10003800FFF771FF0100EFD001990E602C7050
:108E2000FEBD07490A690F2313430B61C00280038B
:108E3000000C88611120086070470000980E002027
:108E40000010004010B504000800110002002000CE
:108E5000F9F706F9200010BDF0B585B0944F3968D8
:108E6000C8604A78E32313401A1D4A7000F0D2F913
:108E700005463868C06800F0BDF9064638684469A0
:108E8000C06800F09CF9012228431FD138461746DC
:108E90000068C06800F0BAF9002815D1844800685D
:108EA000C06800F09DF900280ED181480068C068B4
:108EB00000F09AF9002807D17D480068C06800F0EA
:108EC000ADF9002800D1DDE03A46794F002E07D0F9
:108ED000002D05D1002C03D038684078C0070CD194
:108EE00038684078C00700D09FE0002C00D19CE09B
:108EF000E07D01210143E17597E0039205F0CEFE8C
:108F000020786075E07DF9210140081DE07500259D
:108F10000495606A21698A6804A99047064620463C
:108F200005F0D8FE38684068E061022E04D104994B
:108F3000002901D1049001E0022E1ED12E46257D8C
:108F4000FBF7BFFEE80735460BD10499204605F034
:108F5000E1FE00282ED0207D0121014003264E4055
:108F600013E0A069A168E2680818C04304990818D2
:108F70008018002808DA022607E0002E3BD0FBF715
:108F8000A0FE012EE1D000E00326B01EC0B20228F0
:108F900036D839681831204605F0FEFE38680025BD
:108FA0004561042E029507D0032E09D1204605F015
:108FB000FDFE08E0012623E0204605F00BFF02E05D
:108FC0000498E0612546284605F016FF012001902F
:108FD000294605F081FF38684069002803D0A8427F
:108FE00001D1029D0CE0002D09D0E87D012108434C
:108FF000E8750D4604E000F0CFF82E4600E0019D34
:109000002069C268002A02D0606A29469047032E70
:1090100000D10024002E02D005F0CEFF04E0386815
:10902000417810220A434270039A002A1CD0386803
:109030004569FBF746FE002D11D0E969284605F089
:1090400069FE002810D0FBF73CFE3968002048611B
:109050001831284605F0A0FE284605F0A7FE00209E
:1090600005F0CAFE05F0A8FF38684178FB220A40E7
:1090700042704069002803D10020214605F02CFFF2
:1090800005B0F0BD0A480068C06800F0CBF80028C1
:109090003A46074F00D019E738684078012101406F
:1090A00048424841611E22468A4102400EE7C046BE
:1090B000080F0020444A502358431018C269FF2368
:1090C0009A43C9B21143C16170473F4A5023584384
:1090D0001018026A120C120489B21143016270471F
:1090E000426801239A43CB07DB0F13434360704769
:1090F000426810239A43090103E0426820239A43FF
:109100004901194011434160704742682F4B134099
:1091100009028022520005E042682D4B13404902AB
:1091200080229200114019434160704730B5039B83
:109130000022002401290BD00D0004D10722012BAD
:109140000DD1B3240CE0022902D0032908D1F6E79F
:109150000622012B01D1B52402E0432400E0412482
:10916000001B801A30BD1B490A684F2313404F2251
:10917000904317E01848016808220A4302607047CC
:109180001548016801220A430260704713480168CC
:1091900080229143016070471048016880220A4391
:1091A000026070471843086070477D490A687F2352
:1091B0009A434006400EFFE71043086070470100E5
:1091C0009C48084070470000DC000020FFFEFFFFC5
:1091D000FFFDFFFF0400006018000060C4000020D5
:1091E0008021C90308407047002070478021C905CD
:1091F0000840704780218904084070478021890118
:10920000084070478021C902084070478021490208
:1092100008407047802189030840704780218900F9
:1092200008407047802109010840704780210906E5
:10923000084070478021C904084070474021084019
:109240007047802149040840704770474168802278
:1092500091434160704780B50021FFF741FF01BD98
:109260008068704780B51421F8F7F8FE01BD80B51D
:109270000121FFF742FF01BD80B50121FFF738FF53
:1092800001BD7047826881607047416880220A434F
:1092900042607047C1688022D2050A43C2607047AD
:1092A000C168802292040A43C2607047C16880226C
:1092B00012060A43C2607047C1688022D2040A4382
:1092C000C2607047C168802252040A43C26070477E
:1092D000416804220A434260704702680160704797
:1092E00080B50021FFF711FF01BD704780B5012156
:1092F000FFF70BFF01BD416840220A4342607047FF
:1093000080B50121FFF7ECFE01BD80B51FE0C2680A
:10931000120D12050903090B1143C1607047C168A2
:10932000802252030A43C2607047C168802212043F
:109330000A43C2607047C1688022D2030A43C260F8
:10934000704780B541688022D2000A434260012103
:10935000FFF7E2FE01BD364802688B4B134009025D
:109360008A4AF8E07047914A502358431018002960
:10937000016803D040220A430260704740229143B3
:109380000160704789495022504308180168904A8B
:109390000A400260016A8F4A0A4002627047000078
:1093A000C40000208C4950225043081801688022D4
:1093B00092030A430260016A802292050A43026214
:1093C000704700008449502250430818406A704793
:1093D000814A502358431018C26A120C0A70C26A9C
:1093E000120E4A70026B8A70026B120ACA70006B0E
:1093F0008002800E08717047774950225043081848
:109400003830704774495022504308184030704734
:109410007149502250430818C06A8004800E70477A
:109420006D495022504309580806C00F704700008C
:10943000D000002030DFCB009C4950225043085818
:109440008004800E7047994A502358431018C2690F
:10945000120A0A60036A1B0613430B60006A0004C9
:10946000000E486070479149502250430858400010
:10947000400F70478D495022504308584001400F1B
:1094800070478A49502250430818C06AC006C00E6F
:10949000704710B5040050218448220050235A43DD
:1094A0008018F8F7DBFD01212000FFF75CFF10BDFD
:1094B0007E4A502358431018426A4162704710B5E3
:1094C0007A4A502358431018C26A92B20B784C78EB
:1094D00024021C4323041343C362026B920D9205C2
:1094E0008B78CC7824021C43097909042143890232
:1094F000890A1143016310BD6C4A50235843101868
:10950000826A120E12060902090A1143816270472B
:10951000664A502358431018826A1202120A09063A
:10952000114381627047214A502358431018C26A80
:109530005F4B13400902FC2292010A401A43C262A7
:1095400070471A4A5023584310180268584B13406A
:109550000902FC2292010A401A430260704710B5CA
:10956000524A030050246343D218D369DBB20C681B
:1095700024021C43D4614A6812020968090E11438F
:10958000FFF7A3FD10BD0000FF0000F000FFFF0F7C
:1095900080B54649020050235A438918096A8AB2A5
:1095A000802109021143FFF790FD01BDDC0000207E
:1095B0003E495022504308180168802291430160BF
:1095C00070473A4A502358431018826881607047A8
:1095D000FFFFDFFFFFFFFFDFDC000020334A5023E7
:1095E000584310180268334B13400907E022D20594
:1095F000B1E738B50A682D4B040050256C431B19A0
:109600009C699A614968FFF755FD31BD80B52749CE
:10961000020050235A438918C969CAB280211143F4
:10962000FFF748FD01BD2149502250430818016849
:1096300080220A43026070471C4A50235843101886
:10964000426841607047194A502358431018026815
:10965000194B13400906E022D2047CE7134A502339
:1096600058431018C26A1F239A43C906C90E1143F2
:10967000C16270470D4A50235843101802683F23B7
:109680009A438906890E11430160704707495022A9
:10969000504308180168802212024A400260704755
:1096A000042801D19D20704712207047DC00002063
:1096B000FFC0FFFFFFFFFF8FFFFFFFF81F210140EB
:1096C00001228A4072B604490968400980000B589B
:1096D00013430B5062B67047140F00207047FEE72B
:1096E00010B5094C21684A69002A0CD0C0070AD07D
:1096F00010690368002B02D0506A984721684878A7
:10970000012202434A7010BD080F0020704780B547
:10971000C043FAF791FC01BD80B5FAF70BFE00F0EB
:10972000B5F805F06DFC01BD80B5FAF703FE05F054
:1097300067FC01BD10B50B00521E815C9C5C091BCF
:1097400001D1002AF8D1080010BD0000F8B50E00C4
:10975000634D2C7801281AD1202200BF6FA1300060
:10976000FFF7E8FF002801D404201BE0FB21214083
:109770005C4B00220024A700F059DF193860641CFC
:10978000082CF8DB20331A6029700020F2BD00BFDE
:109790005AA102280ED120223000FFF7CBFF00286B
:1097A00004D40120204328700120F2BDFE21214075
:1097B0004D4BDEE70328F7D120223000FFF7BAFF38
:1097C000002801D40220EDE7FD212140474BD0E7DE
:1097D000012808D143480022835C8B54521C202A64
:1097E000FADB00207047022801D13F48F3E7032845
:1097F00001D13E48EFE70120704780B5FAF77CFDC4
:109800003B48016808220A430260016804220A43B7
:109810000260016801220A43026001BD80B5FAF7C7
:1098200071FD002801D1032002BD012002BD70B5E9
:1098300005000C001600FAF76DFD002801D001208C
:1098400017E02900264846660120FFF77FFF012820
:109850000CD021000220FFF779FF012806D021005B
:1098600020310320FFF772FF012804D1FAF762FDCF
:109870000220C04370BD1F48016801220A430260F4
:109880000168012291430160002070BD10B5144CA5
:10989000207800281AD118480068002816D16021C5
:1098A000201DF8F7DBFB211D0120FFF791FF2100B0
:1098B00024310220FFF78CFF210044310320FFF701
:1098C00087FFFAF737FD211D002005E0FAF732FD8A
:1098D00003206060211DC043626E904710BD0000F0
:1098E000B00C00206C04304890043048B404304878
:1098F000080030480000304800043048FFFFFFFFF8
:10990000FFFFFFFFFFFFFFFF00000000000000005F
:109910000000000001000000FFFFFFFF512563FC75
:10992000C2CAB9F3849E17A7ADFAE6BCFFFFFFFFDA
:10993000FFFFFFFF00000000FFFFFFFFF0B585B055
:10994000050000242A7868780006000C02430120F4
:109950006449654F654BD21A06D00D3A58D00B3A80
:1099600048D0521E49D066E0AA78EB781B061B0C43
:109970001A436E46B281AA79EB791B061B0C1A4377
:10998000F2812A7A6B7A1B061B0C1A4332722A0068
:109990000A320192AA79EB791B061B0C1A43921E1C
:1099A0008B889A420BD10124A87A002802D0012882
:1099B00002D040E0032000E00220307016E0AA79D7
:1099C000EB791B061B0C1A43521E49888A4232D17E
:1099D000012430703800F8F7B5FB287A697A090657
:1099E000090C0843307228000A3001906846FAF7E3
:1099F000BDFC20E0AA79EB7901E0EA792B7A1B061D
:109A00001B0C1A43521E49888A4214D1012412E0C9
:109A1000A878E9780906090C08430421F8F75DFEE7
:109A2000010004D038002830F8F78CFB03E0380040
:109A30006830F8F787FB200005B0F0BDF8B52C487A
:109A400005F0E0FA2B4D2F00F8373800F8F723FE29
:109A5000040004D021002800F8F774FB03E028007C
:109A60004C30F8F76FFB1F4E3800F8F718FE3080C7
:109A70002800B030F8F71BFE70802800D430F8F7CB
:109A800016FEB080002C03D028008830F8F75AFB6F
:109A9000F1BDFEB51224012820D114000D792A460B
:109AA000022A00D902220E680E4F31003800083019
:109AB000F8F7F6FA019600950023BA88521C92B284
:109AC00004212000F8F7F7FD04000B48210002D024
:109AD000F8F738FB02E04430F8F734FB2000FEBD15
:109AE00000000000BC0E0020100F0410010C00004C
:109AF0003D990410A80F0410C8100410FCB50A000A
:109B0000002303210091010014E0019C3440000473
:109B10000DE0019F374006043E43AE605668F603F1
:109B200007D5EE689027FF05B942EED134402043B7
:109B3000E8605B1C1068D84000D186E0C007F8D50B
:109B40005C000098A040C54301955068009D054009
:109B5000012D03D0009D0540022D11D18868019D83
:109B60000540D068A040284388604D680120012648
:109B70009E40B543566836093040984028434860B7
:109B80005068009D0540032D1CD0C868019D05400C
:109B90009068A0402843C8605068009D0540022D91
:109BA00010D1D80880000D18286A9F001C263E405E
:109BB0000F27B740B8431769BC4637006646BE401A
:109BC00006432E620868019D05405068009E0640CD
:109BD000A6402E430E605568C02080022840A8D0C1
:109BE000012098400404E6430196C4436D030ED55A
:109BF000274D2D689026F605B14202D12540054338
:109C000003E0019E2E4005043543214E3560204D72
:109C10005668F6020CD56E689027FF05B94202D14E
:109C20002640064303E0019F374006043E436E6032
:109C30005668760200D471E7AE689027FF05B942F6
:109C400000D066E72640064367E7F3BD0069084099
:109C500000D00120C0B27047002A01D08161704756
:109C600081627047E0B50A040B000A4D9026F605A4
:109C7000B0422F6801D11F4000E01740002F06D0EE
:109C8000B04201D12B6000E02A60FCF767FEE0BD26
:109C90000C0000401C00004010B5C2001823134007
:109CA000FF249C40E2438907090E9940030004D435
:109CB00019489B089B00C01806E0184B0007000FCE
:109CC000083880088000181803681A4011430160A2
:109CD00010BD80B5FFF7E0FF01BD0000010005D415
:109CE0000121C006C00E81400D480160704710B5CB
:109CF000401E80214904884201D3012010BD094C37
:109D0000606003210020C043FFF7C6FF0020A06071
:109D10000721216010BD000000E400E01CED00E020
:109D200000E100E010E000E080B50A6842604A68A7
:109D3000826008228A5EC2600A228A5E02610C2268
:109D40004261895E816180210902C1610021016255
:109D5000416200F08BF802BD38B5040084342178EC
:109D6000012901D1022032BD01212170242161602D
:109D700001680A680B680125AB430B6069074166FF
:109D800011430268116000F043F820206060002059
:109D9000207032BD70B50400250084352878012874
:109DA00001D1022070BD0120287024206860206845
:109DB0000668026801239A43026020688268D20024
:109DC000D208114317E070B50400250084352878C7
:109DD000012801D1022070BD012028702420686074
:109DE00020680668026801239A430260206882683E
:109DF000064B134019438160200000F009F82068E9
:109E00000660202068600020287070BDFFFFFFF111
:109E1000F8B50400606E002802D10120012517E08A
:109E2000206881680901490F00918068410F00BFD7
:109E30000CA600BF09A7785CC000715CFEF790FE1D
:109E400005000098385CC0000099715CFEF788FE40
:109E5000210068314D800880F1BD0000010101033F
:109E600007010000080402040801010138B50400DC
:109E700001D1012032BD250084356868002803D156
:109E80002870200001F02FF8242068602068016805
:109E9000012291430160A06A002802D0200000F056
:109EA00013F9200000F08AF8012811D020684168D9
:109EB000084A0A404260206881682A2291438160F2
:109EC0002068016801220A430260200000F060F966
:109ED00032BD0000FFB7FFFFF1B584B01F0006469A
:109EE0005436706B202866D10C0050D06846028032
:109EF000002A4CD00498806880214901884205D10D
:109F000004980069002801D1E00740D40025F563DA
:109F10002120706301F030F901006846008830802C
:109F20006846008870803A000498806880235B014E
:109F3000984209D104980069002805D12500049FA2
:109F400001920291040004E02000F8E77088401EAE
:109F50007080708800281CD001980090029B00221D
:109F60008021380000F086F9002820D13868002CC4
:109F700005D12988C905C90D8162AD1C02E021788F
:109F80008162641C706B212101402129DED00120F7
:109F900012E03800029B019900910022402100F05C
:109FA00069F9002803D120207063002004E02020FC
:109FB0007063032000E0022005B0F0BDF8B5050095
:109FC00000242E6830689E490140A868084329692A
:109FD000014368690843E969014331607068994940
:109FE0000140E86808437060A869304FBE4202D063
:109FF0000100286A0843B168934A0A401043B060E0
:10A00000F06A0F218843696A0143F1628F4800BFFB
:10A0100027A16A6A5200895AFEF7B6FD6968009165
:10A02000BE4218D14B005A18904234D30A038242E0
:10A0300031D3030E02024808002180185941009ACA
:10A040000023FEF7DEFD82494118824A914222D266
:10A050008149086020E04908804FEA6980231B029B
:10A060009A420DD1400040180099FEF78DFD010085
:10A070001039B9420FD207400007400F384308E0BB
:10A0800040180099FEF780FD01001039B94202D254
:10A0900080B2F06000E00124280068300121418096
:10A0A00001800021C16001612000F2BD005000412B
:10A0B000010002000400060008000A000C00100065
:10A0C00020004000800000012821415C090706D5DE
:10A0D00001684A68624B1340826B1A434A60282128
:10A0E000415CC90706D501684A685E4B1340C26AE5
:10A0F0001A434A602821415C890706D501684A68ED
:10A10000594B1340026B1A434A602821415C4907AE
:10A1100006D501684A68554B1340426B1A434A60A2
:10A120002821415CC90606D501688A68504B134056
:10A13000C26B1A438A602821415C890606D50168F2
:10A140008A68754B1340026C1A438A602821415C6F
:10A15000490611D501684A68704B1340426C1A4396
:10A160004A60426C80235B039A4205D14A686C4B7B
:10A170001340826C1A434A602821415C090606D5C7
:10A1800001684A68674B1340C06C184348607047C9
:10A19000FEB50600370084370024FC6000F0ECFFB9
:10A1A0000190202530680068000717D55E480090B0
:10A1B000019B00222904300000F05CF800280DD03B
:10A1C000EFF31080012181F3108831680A68802341
:10A1D0009A430A6080F310887D6026E0306800684A
:10A1E000400725D550480090019B002269043000AB
:10A1F00000F040F800281BD0EFF31080012181F31C
:10A20000108831680A68494B13400B6080F310884E
:10A21000EFF31080012181F3108831688A680123EF
:10A220009A438A6080F31088BD603C700320FEBDB5
:10A230007D60BD60F46634673C700020FEBD0000A8
:10A24000F369FFCFFFCFFFFFFFF4FF110024F400FD
:10A2500000FDFFFF00FD0F000C500041F0FF00006B
:10A26000FF7FFFFFFFFFFDFFFFFFFEFFFFFFFBFF85
:10A27000FFEFFFFFFEB580273F0108240025060001
:10A2800001916846027002933068C06901990140EB
:10A290000198814201D1012000E00020694609783F
:10A2A000884236D108980021C9438842ECD000F09A
:10A2B00063FF0299401A0899814201D3002901D114
:10A2C0000320FEBD306800684007DDD50198802876
:10A2D000DAD04028D8D03068C0692040306803D137
:10A2E000C0693840D0D009E00462300000F020F8A6
:10A2F00030008430C46005700120FEBD3068076204
:10A30000300000F015F8300084302021C160057065
:10A31000D6E70020FEBD0000FFDFFFFFFFFFEFFFDD
:10A32000FFFF9FFFFFFFF7FFFFFFFF01DFFEFFFFC4
:10A3300010B5EFF31081012282F3108802681368D0
:10A34000134C1C40146081F31088EFF3108101223C
:10A3500082F31088026893680E4C1C40946081F36D
:10A360001088C16E01290BD1EFF31081012282F315
:10A370001088026813681024A343136081F31088C7
:10A3800020218C2281500021C166416710BD000050
:10A39000DFFEFFFFFEFFFFEF80B504F071FE80BD22
:10A3A000431E022B09D300280CD0032809D1012019
:10A3B00001404942122008407047002A01D110464E
:10A3C0007047122070471FB51C4608460A99039132
:10A3D000099902910899019107990091069B1146EC
:10A3E000224604F085FE04B010BD80B51946104623
:10A3F00004F0D0FE80BDFEE78B0707D0521E22D3AB
:10A400000B78491C0370401C8B07F7D1830730D0B1
:10A41000DB4219D0401E121F08D308C943701B0A23
:10A4200043801B0C0371001D121FF6D2D20707D305
:10A430000B88437001D08A78C2701B0A8370704702
:10A4400001D00B7843707047121F06D308C90380F0
:10A450001B0C4380001D121FF8D2D20705D30B88B6
:10A46000038005D08B788370704701D00B78037020
:10A47000704770B4103A03D378C978C0103AFBD251
:10A48000530701D318C918C001D508C908C0D2079D
:10A4900004D30B880380801C891C002A01D50B780B
:10A4A000037070BC7047FEE781B01B480068400332
:10A4B000800F00900098002801D1012000900098A2
:10A4C00001B0704710B50400FF2020708020C00547
:10A4D0004168124A914201D10321217001680F2283
:10A4E00009091140617001680A40A270406860600B
:10A4F0000B48006880B2401C8000A060FFF7D4FFCA
:10A50000002804D0FFF7D0FF401C800301E0C020EA
:10A51000C001E06010BD00009000504841E0010221
:10A520001410004081B028490A6A012002400CD171
:10A530000A6802430A600A6882430A600A6A0243A0
:10A540000A62096A084000900098002001B0704734
:10A55000F3B51E490B785B1C0B7001231C4C6F4636
:10A560000D78019E36682660019E76686660019EC1
:10A57000B668A660019EF668E660066826614668D1
:10A5800066618668A661C668E66164263E70266BD1
:10A590001E4326636E463678761E3E70666B1E40FE
:10A5A00003D06E463678002EF4D16E463678266A91
:10A5B0001660666A5660A66A9660E66AD6600E788D
:10A5C000B542CDD10020F6BD400040481B0F002011
:10A5D0002800006010B5040007D002230022A16803
:10A5E00004F0EAFD010003D00CE06120400110BD41
:10A5F000002010222261024683001B19401C5A6170
:10A600000428F9DB606A102801D0024810BD084612
:10A6100010BD00001D0C0000F7B500258AB00E46E5
:10A620000446002804D0002E06D10C98002803DD33
:10A63000612040010DB0F0BD0C98002804DB10280B
:10A6400004DA2079800601D48C48F3E720794107A9
:10A6500001D4810702D58948401CEBE7402108431B
:10A6600020712046143008901CE0002081004A1917
:10A670009219537817781B023B4397785BBA1B04F7
:10A680003F02D2783B4313430A195269401C53409E
:10A6900004AA53500428E9DBA26804A8089904F02E
:10A6A000DDFD009D0C992846103000908842DCDBCF
:10A6B000207980061ED400291CDD002081004A1963
:10A6C0009219537817781B023B4397785BBA1B04A7
:10A6D0003F02D2783B4313430A195269401C53404E
:10A6E00004AA53500428E9DBA26804A8089904F0DE
:10A6F000B5FDC0E0002000900190029003906946F3
:10A700000846A26804F0AAFD00998722C80F5043AA
:10A71000019A4900D20F114300910199029A490010
:10A72000D20F114301910299039A4900D20F1143AC
:10A73000029103990C9A4900414028461030039138
:10A7400090421AD1002081004A1993195A781F7833
:10A7500012023A439F7852BA12043F023A43DB781E
:10A760006F461A430B195B697F58401C7B405A4067
:10A7700004AB5A500428E6DB74E0009A8723D00F1C
:10A780005843019B5200DB0F1A430092019A029B2F
:10A790005200DB0F1A430192029ACB0F52001A4368
:10A7A00002924A00424003920C9A0020531BDA178F
:10A7B0009C46920F62449210964616E081004A1918
:10A7C00093195A781F7812023A439F7852BA1204AA
:10A7D0003F023A43DB786F461A430B195B697F5897
:10A7E0007B405A4004AB5A50401C8645E6DC810051
:10A7F0000A196B4652695B5867465A4004AB5A5077
:10A800007F1A00224B19BC469E460BE073469B18EC
:10A81000F35CD7001825ED1BAB4004AD6F587B40AF
:10A820006B50521C9445F1DC002A09D0D600182246
:10A8300004AB961B5D588022B24055405D5005E048
:10A8400004AA53580125ED076B40535004AB6A46E8
:10A8500005E081000D196D69565875405D50401C2A
:10A860000428F6DBA2681846089904F0F7FC207962
:10A870000421084320710020DCE600001D0C0000CC
:10A88000F8B516460F46040009D0002E07D025461D
:10A890008035E86D401E102804D31348F8BD6120B0
:10A8A0004001F8BD2079400604D40022114620461C
:10A8B000FFF7B2FE20790221084320710020182101
:10A8C0000CE0C217920F1218920892001219830717
:10A8D0005269DB0ECB1ADA403A54401CEA6D8242D0
:10A8E000EFDC00203260F8BD1F0C000081B080203A
:10A8F000C00216490A6802430A60096808400090CD
:10A900000098134801680422914301604168C90717
:10A91000FCD54068104000D0012001B070470D49BF
:10A920000A68D207FCD549680180002070470121E0
:10A93000084A13680B40FCD05368038013680B402F
:10A94000FCD0516841800020704700005000404812
:10A9500000006048040060481F2070471F207047B7
:10A96000F8B53A4D2E7880218904394A0123DB431A
:10A97000012407001BD0002E27D12C704D0C354E22
:10A9800037682F433760366835400095009D55681D
:10A990002543556095681D40956015682B401360F0
:10A9A000D3682343D36014612B4A11600DE0012E5C
:10A9B0000BD100262E70D5682B40D360274B196031
:10A9C000BFF34F8FBFF36F8F146125498B6862020D
:10A9D000134020D18B6854002340A3421BD08B68C6
:10A9E0001A438A600A685307DB0FFBD104220F2346
:10A9F000DB430028886804D003400E201843886099
:10AA000002E0034013438B608868164B03408B6061
:10AA100008681040FCD0F1BD0C480078002800D137
:10AA2000704710B51048026801210A400CD00F4A47
:10AA3000536CDB06136803D502241C43146002E048
:10AA40000224A3431360016010BD00001E0F00200C
:10AA50002C0000405400404800E100E080E100E0AC
:10AA600014005048FFFDFFFF3C00004054160060FA
:10AA7000002070470020704700207047002070477A
:10AA8000002070470020704700207047002070476A
:10AA90000020704700207047F0B58DB009930892F0
:10AAA0000E46079004F018FC01243821204601F0DE
:10AAB000B5F92D21062242542E49C97A34228154F7
:10AAC0002D4F3860302101850CAD0BA90AAA28460C
:10AAD000FAF7A7F80A9800022978090101430B98B0
:10AAE00000030843001D396848851821204601F0FD
:10AAF00095F9224908600021017504F0F3FB1A98CA
:10AB00000690199C0594189804901798039016982D
:10AB1000029015980190139D00950798089F07963D
:10AB200031463A46099BF7F729FDF7F7D5FC1B9EFE
:10AB3000012C01D1F7F7ACFC04F0DEFB012E01D1B2
:10AB400004F036FC0C4800682C21405CC0070ED194
:10AB5000012C06D11498F7F7CFFCF7F75EFDF7F755
:10AB600060FD079839462A46234604F023FC0DB0C1
:10AB7000F0BDC046B40D0020F00E0020140F0020E0
:10AB8000C9B202788A4203D0401C002AF9D10020C1
:10AB90007047FEE780B5002801D100BF07A0064935
:10ABA0000B68002B03D022220021984701E004F01B
:10ABB00061FC222002BD0000E80E0020636F6E736E
:10ABC000747261696E742068616E646C65723A209B
:10ABD000626164206D65737361676500431C017871
:10ABE000401C0942FBD1C01A7047FEE7C9B2521E91
:10ABF00005D30378401C8B42F9D1401E70470020DA
:10AC0000704710B5144600F002F8226010BD4A00EB
:10AC100053155B1C08D0520D06D003231B02FE3ACD
:10AC2000D21A1305C91A70470022704730B40124A4
:10AC300064054D00EC420BD85D00EC4208D80C00D6
:10AC40001C4364000443144304D2994200D190424F
:10AC500030BC7047FCD08B42FAD18242F8E71242F6
:10AC600017D40023DB435B0D9C464B005B0D06D0E5
:10AC7000634504D09B18634502D2120589187047BA
:10AC80006246090D11430905002000B500BF00BF51
:10AC900000BD52424B005B0DF1D05B1C5B05EED258
:10ACA0005B0D934102D91205891A70470BD10B0332
:10ACB0001B13C90FC907821C002043411343E4D969
:10ACC00012051143E1E7C90FC9070020DDE7F0B421
:10ACD0000E005E400125ED072E40B446AE0ADF1897
:10ACE0004C18F4423BD2F74241D2640D43D07F0D61
:10ACF00038D0E41BC902DB0229432B43CF0ADB0A0D
:10AD00000600B61A9F4104D2641EB6197F41B618D8
:10AD10005F416812800D24180018844222DCE80C80
:10AD20000021B6197F41B61A9F4102D2B6185F4181
:10AD30003F1C40414941F4D3241C21DD2405B619B0
:10AD40007F41B61A9F4105D33743C60737430026D4
:10AD5000012F7041614166463143F0BC7047FCD120
:10AD6000F74205D20020C14349054908F3E704D062
:10AD70000020C143F1E77F0DFAD000206146ECE7E7
:10AD80002442FAD1401C61410F03F6D30020E2E7D0
:10AD90000148704700000000D0030020F8B506000D
:10ADA0000024104D2878002819D0FCF70DF8070072
:10ADB000FA2080002978FDF7E7FE01003800FDF752
:10ADC000E3FEFEF794FF002809D1042E07D20022EB
:10ADD00031000020C043FEF77CFFAE6000E001249C
:10ADE0002000F2BD9003002081B05B490A68024355
:10ADF0000A60096808400090009801B0704780B56B
:10AE00000F21002004F03CFBF0210901002004F098
:10AE10005EFB5249012004F05AFB5149012004F025
:10AE20002FFB802040004F490A6802430A600968EE
:10AE300008400090009801BD00684B49884200D04E
:10AE4000704780B580204002FFF7CEFF002201212D
:10AE50000D20FEF73EFF0D20FEF740FF01BD18B5A7
:10AE600087B00400182101A8F7F7F8F82068C0217E
:10AE7000C905884235D1012401940420059001A818
:10AE8000FBF7B4FF002801D0F7F719FA3748016A39
:10AE900021400CD10168214301600168A143016098
:10AEA000016A21430162006A044000940098F7F7A8
:10AEB00031FC002200211220FEF70BFF1220FEF7CA
:10AEC0000DFF002200211920FEF703FF1920FEF7D5
:10AED00005FF002200211620FEF7FBFE1620FEF7DC
:10AEE000FDFE08B010BD10B586B00400142101A805
:10AEF000F7F7B4F820681E4988422AD18020C000A4
:10AF00001C490A6802430A600968084000900098DA
:10AF10000420FFF769FFC024A400019402200290DE
:10AF2000002003900490059001A99020C005FEF731
:10AF3000E5FD2100002004F0BDFA2100002004F00E
:10AF4000E0FA002202210820FEF7C3FE0820FEF7E7
:10AF5000C5FE06B010BD000050004048C9300000DA
:10AF600036C00000540040480000304840004048CF
:10AF70000040004158004048414881680422914304
:10AF8000816001684905FCD5816802229143816096
:10AF900070473C480168890703D501684807C00F1E
:10AFA00070470020704781B037490A6802430A6041
:10AFB000096808400090009801B07047020C80B208
:10AFC000324B0129596804D101435960D96A1143B0
:10AFD00003E081435960D96A9143D96219680843F3
:10AFE0001860986A02439A6270472949086882B2D9
:10AFF000886A000410430A60020C8A627047254880
:10B00000016804229143016030BF704770B50400AD
:10B0100000261B4D2068002807D12868102188438E
:10B0200028602868042188432860296E0120014097
:10B0300002D10126FFF7B7FF17480168890007D43E
:10B040008168490004D40168802212060A43026024
:10B05000002E03D0286E012188432866FFF799FF50
:10B06000002801D0FFF788FF2068002805D1286854
:10B070008006FCD428680007F9D4002070BD0000C9
:10B080000000404808004048600040480800504820
:10B090001000504810ED00E02818006080B5FFF760
:10B0A000A4FF002801D0FBF747FC01BD2348002185
:10B0B00001604160704710B5EFF3108272B61F4B0C
:10B0C0001C68002904D0012903D12043040000E0BA
:10B0D00084431C6082F3108810BD10B5EFF310821A
:10B0E00072B6164B5C68002904D0012903D12043B5
:10B0F000040000E084435C6082F3108810BD38B522
:10B10000EFF3108472B60E4D0C480168002904D08C
:10B1100028688047686880470BE04068002804D0B2
:10B12000A8688047E868804703E028698047686925
:10B13000804784F3108831BD00000000DC0E002041
:10B14000CC12041002780B78002A03D0401C491C52
:10B150009A42F7D0D01A704780B504F0EBF9002876
:10B1600004D104480068C079002801D0002080BDC7
:10B17000032080BD040F002001484068704700BFD5
:10B180009003002038B54D494D4C4E4A01204E4B9E
:10B190001B68002B10D1CB68002B02D14B6B002B0E
:10B1A0000AD0906004F0EAF9BFF34F8F474860601F
:10B1B000BFF34F8F00BFFDE7454B2360236813614A
:10B1C00020220B6813430B600B6840241C430C6067
:10B1D0000B6880241C430C600B695B07FCD58B69F2
:10B1E0003024A34313438B618B693A4C1C408C6120
:10B1F0008B6904021C438C6137490968374B9942BB
:10B200002AD037490B681E24A34310241C430C602A
:10B210000B681843086033480368334C1C40F02324
:10B220005B0523430360036894041C4304600868BF
:10B230002E4B0340100118430860086802430A605F
:10B2400008682B4A0240C02040011043086008688B
:10B250008022D20002430A6000235CB2E10018257C
:10B260000D40FF22AA40D143C022AA40250004D4A9
:10B27000204CAD08AD00641906E01F4D2407240FD3
:10B28000083CA408A4002C19256829400A43226020
:10B290005B1CD9B22029E0DB62B631BD17480168DA
:10B2A00000680006400F890702D51549401E00E0DE
:10B2B0001449C14014480160704700000400504820
:10B2C00008ED00E004000020940040480400FA0566
:10B2D00000000410FFFBFFFFF81E0010CCECBCFCCC
:10B2E000940050480C004048FFFFFFC03FFCFFFFA8
:10B2F000FFC7FFFF00E400E01CED00E0080040484D
:10B300000048E8010090D003CC030020704770474C
:10B31000F0B595B03948006800900BA800F0F0F83F
:10B32000002831D001AF06240025354B3846214690
:10B330002A4698477879C021014379710BAE30468F
:10B340002030304B39462246984707AC102720461C
:10B3500039462A462A4B9847304621463A46294BD9
:10B36000984703AC204639462A46254B9847304635
:10B37000103021463A46234B9847304604F016F9E0
:10B38000002803D1054603E0002501E00E20C54357
:10B390001D4C22682E32002606273046394602F020
:10B3A0006DF90BA9002801D0203101E021682E3170
:10B3B000009860303A46F9F725FC226808321021DF
:10B3C000304602F05BF9002805D0206808300BA950
:10B3D0001022F9F717FC226818320020102102F021
:10B3E0004DF9002806D00BA9103120681830102222
:10B3F000F9F708FCE8B215B0F0BDC046F80E002021
:10B4000049E00410054C0410F00E00201220704793
:10B410000020704780B504F0D5F880BD064800686C
:10B420005C21415C8906890F04D05C30C17802221E
:10B430000A43C2707047C046F80E0020B0B50446FB
:10B44000002108252A46F9F7E1FB2078DF21014396
:10B4500021706078092101436170A1782943A170AE
:10B46000114909685C22895C890602D50F210843CD
:10B470006070FFF7FFFA012807D1607812210143BD
:10B480006170A07807210143A170FFF7F9FAC0B2FB
:10B49000012807D16078E02101436170A078802104
:10B4A0000143A170B0BDC046F80E002010B53F2189
:10B4B000054A472906D043183F3B1B78146863545C
:10B4C000491CF6E7002010BD040F002010B52F2105
:10B4D000054A372906D043182F3B1B78146863545C
:10B4E000491CF6E7002010BD040F00200248006848
:10B4F0006C21405C7047C046F80E00200020704769
:10B50000E0B5034626200090022100200246F8F70D
:10B5100094FE002800D081208CBD00207047704729
:10B52000F8B5002916D00E46054609780024C8074C
:10B5300020461FD188070FD448070FD408070FD41F
:10B54000C8060FD488060FD448060FD408060FD5B6
:10B5500007200FE012243CE001200BE0022009E06C
:10B56000032007E0042005E0052003E0062001E0B9
:10B570000020C0433070184800684721405600281A
:10B5800027D516482818032101430D31880883B2B6
:10B590001348006880690221492201F041F800281F
:10B5A00016D00746001D2946324604F00FF8042045
:10B5B000787207203872E81C010AF971B871FF200F
:10B5C0007871822038710220394601F085F800E058
:10B5D00007242046F8BDC046040F0020FDFF0300ED
:10B5E000F40E0020BCB50C4605464888001F488074
:10B5F000084602F0E4FD011F02290CD806281AD0E3
:10B6000005281DD0042811D10420A08128462146F8
:10B6100003F0E9FF18E03F2808D020385F2805D85C
:10B6200068460570019404F018F80DE0284621469C
:10B6300004F01AF80EE02846214604F01BF803E057
:10B640002846214604F04CF8002803D06188091DE3
:10B650006180BCBD0020BCBDB0B50446018802209D
:10B6600004F062F90546002802D1204602F020FAD3
:10B670002846B0BD70B591420ED215460E4604461E
:10B68000406804F075F9751B606804F0FCF928182F
:10B6900081B2204604F003FA70BDF0B5C3B0044691
:10B6A000008804F00BFA00287CD00546207A032796
:10B6B000074028692A460C32022F039208D100283D
:10B6C0002FD011888426042954D30121029131E01E
:10B6D00000284AD06688002E26D00021019104A8B7
:10B6E000029020463246029B04F004FA2869406822
:10B6F0000090204604F007FA0146009804F008FA8A
:10B70000A98928693246029B04F008FAA8898019A1
:10B71000A88181B2286904F0C2F9039A0198608077
:10B7200002E02C616088A881108804281BD3286956
:10B73000002602960021019104F0F9F9001D81B262
:10B74000AA898A4216D812D1296948800120FFF7B8
:10B7500049FF00282DD028698426A04226D10198CF
:10B76000A881286122E0002618E0002602E0029865
:10B77000002813D0A87810210143A970422001218C
:10B7800002222B4604F0E4F92869002806D002F0D2
:10B790008FF900202861039900200880002E05D130
:10B7A000012F03D1204602F083F90026304643B032
:10B7B000F0BD0198EEE77047F0B585B00446877894
:10B7C000781E0321049108430930800883B2207A4F
:10B7D0000390208802901148006880690225402269
:10B7E000294600F01DFF002814D00646009701945A
:10B7F0000498039A0240301D002702993B4604F04A
:10B80000E1F935712846314600F066FF204602F026
:10B810004FF900E00727384605B0F0BDF40E0020D0
:10B8200070B5144605464C430068401E0321014391
:10B830004E1C002130462246F9F7E8F930192860FD
:10B84000304670BDF8B5044604F0D3F91C480068D2
:10B85000466B002E32D0374636693889A042F8D17F
:10B8600000257A89E8B2032804D8214604F0D0F9EB
:10B870006D1CF6E72046114604F0DAF97989204676
:10B8800004F0ECF9002038810D480068426BBA42A0
:10B8900005D011461269BA42FBD1103101E00146D0
:10B8A00034313A690A607989042903D1C16A39615E
:10B8B000C762CEE7016B39610763CAE7F8BDC046CE
:10B8C000FC0E002010B502F0D1F8002825D0044667
:10B8D000008902F029F90246012000210F4B02F0F5
:10B8E00043F9208904F0BEF96420205CC007A07AE7
:10B8F00004D16030C0B2512804D307E05030C0B248
:10B90000402803D80221204604F0C6F9FE20A07288
:10B910000E20FDF7D3FEF5F753FF10BD3075000084
:10B92000F8B5044604F0DCF905461048C07A8542B3
:10B930001BD20F4E3068294604F0EAF914276F43F2
:10B940003068C06A0025C553C0190069002809D0B5
:10B9500002F0AEF83068C06AC01905613068C06A8C
:10B96000C0198581204604F0F5F9F8BDB40D00201A
:10B97000000F002070477047F8B50E480068066851
:10B980003078401E30700C49098A25314F097C1CE3
:10B99000000606D100252846214604F0DDF9758011
:10B9A000BC1C0120214604F0D7F9B088001BB080F0
:10B9B000F8BDC046EC0E0020B40D0020F8B51E46C0
:10B9C00015460F460446C00607D4144800682F21C8
:10B9D000405CC0061ED5152202E0BF2004400522AF
:10B9E0000F4800686107C90E40180069022321460C
:10B9F00000F016FE00280FD0014605728672C7714E
:10BA00000420887105224A710871280A487220466C
:10BA100000F062FE0020F8BD0720F8BD040F0020F2
:10BA2000F40E0020F8B50F460646104602F01EF848
:10BA300000285CD004460546002F0BD00020A872D9
:10BA400008340122062E38D129891646062F15D032
:10BA5000052214E0E87A01210143E972284604F046
:10BA60008BF9002815D0062E03D1E87AF921014080
:10BA7000E972E87D000708D5042007E004220220CF
:10BA8000002304F09BF9324617E00220E97A0143D3
:10BA9000E972A87AAD2805D0AE2805D0BC2827D1F8
:10BAA000BF2002E0AF2000E0F020A87208340E2092
:10BAB000FDF704FEF5F784FE00226420285CC00731
:10BAC0000BD1A87EC10605D5EF210140A97641B270
:10BAD000002918D4002A19D109E0287EFC21014050
:10BAE000297603210140481E81410A430ED1F8BD49
:10BAF000062EDBD1F128D9D1298902200022134654
:10BB000004F05CF9D2E76F210840A876208802F0A3
:10BB10000BF8024601200021014B02F025F8F8BD88
:10BB200030750000F8B50F48006805682878411C9A
:10BB300029700D4F398A25314E09741C002809D10E
:10BB40000020214604F076F9388A25304009401C4F
:10BB50006880B41C0120214604F06CF9A888001903
:10BB6000A880F8BDEC0E0020B40D0020F0B589B01F
:10BB7000049315460591074606AE08AC30462146AB
:10BB800004F098F922780020009504990191029020
:10BB900038460599334604F0B1F909B0F0BD704755
:10BBA000F8B504460D4E3068C56A2969C1622F8810
:10BBB000002114222846F9F729F80420688117206B
:10BBC000E8802C812F803068416B456329612046D5
:10BBD00004F014FA204604F015FAF8BDFC0E00201B
:10BBE000B0B50C460546002003F068FF002805D0DC
:10BBF000012181800580614261418170B0BD80B5C5
:10BC0000002A03D0084604F001FA80BD04F005FACA
:10BC100080BDF0B589B004931746059106460E9C89
:10BC2000204604F0FBF90F9D002808D007A8062243
:10BC30002146F8F7E7FF06A80122027005E007A8F1
:10BC400006AC214604F036F922780097049801905A
:10BC5000029507AB3046059904F050F909B0F0BDE4
:10BC6000F0B589B015460E4601F000FF002870D0EF
:10BC70000446807ABC2806D1278908A800210180C3
:10BC800026462C3656E027463437E17D090709D48D
:10BC900020462C3008223146F8F7B4FF3D70280AC0
:10BCA0007870A07A2189029108A900220A8026468C
:10BCB0002C36BC283DD025462035F1280FD1E07D1B
:10BCC000000736D407AA01922846314604F0B2F99B
:10BCD000022201983946F8F7A0FF002821D0384603
:10BCE0003146224604F0DCF900281AD0029D28468D
:10BCF00004F0E6F9207E80070CD0284601F014FFFE
:10BD0000024601200021154B01F02EFF207EFC2170
:10BD100001402176022003220023294604F04EF838
:10BD200017E00D480068083008AA2946334604F099
:10BD3000D5F9029F03AD002110222846F8F766FFCF
:10BD4000227C28463146F8F75DFF3846294604F044
:10BD5000D8F909B0F0BDC046F00E002030750000E3
:10BD6000F0B581B0054640888624002810D0AE6822
:10BD7000002E0DD000246C602C80274634602846AD
:10BD8000314604F0CDF924367F1C68888742F5D30C
:10BD9000204601B0F0BD7047B0B50C4D2868422474
:10BDA000005D9021084200D0B0BD04F0D1F9002818
:10BDB00005D00D20FDF782FCF5F702FDB0BD286827
:10BDC000015D80220A430255B0BDC046100F00201D
:10BDD00080B50146064800684222825C120704D4FE
:10BDE00064304022F8F70EFF80BD01F019FC80BDE1
:10BDF000100F0020F8B51C4613460D4606460522D6
:10BE000019462B4604F0C0F90746882804D030466E
:10BE10002946224604F0D2F93846F8BD80B50A46D4
:10BE200001460248FFF7FCFC80BDC046B00D002073
:10BE3000002101604060704710B5122400280ED028
:10BE4000002A0CD00B2B0AD841700370036A595496
:10BE5000491E4B1CFAD3026100240475C0612046C0
:10BE600010BD00207047024630200129014600D055
:10BE70002021012A00D008467047704770B5112074
:10BE80000421FFF7CBFF164D296890268959C96B0D
:10BE9000096848632B201349085CC97A0818841C78
:10BEA00048212046FFF7BAFF29688959C96B0A68FB
:10BEB00000219163002C11D0382214238354C163D4
:10BEC0002A689259D26B1268926B42642A6892591E
:10BED000D26B12689063641E4830EBE770BDC046B9
:10BEE000040F0020B40D002057218900414304486D
:10BEF000006890228058C06B406840187047C04668
:10BF0000040F0020F0B589B00446FA20255AE66CEB
:10BF1000F8F7C6FEE321625CFE231340635435212B
:10BF20000901401875436900421872B6616CCB4331
:10BF3000D21800D485E004962722D200A2180592D8
:10BF400022462F3208922246423206922246E2329E
:10BF50000792081A002708214AB2002A0CD4CBB253
:10BF60002A469A40904202D301269E40BF19821A67
:10BF700000D31046491EEFE70799088B4743069AFE
:10BF80001088C01B1080BDB20898807C09780129F8
:10BF900010D11646FDF716FA368808998A7C0023D8
:10BFA0000093019002932146BC311046324604F0C2
:10BFB0003FF910E0FDF72CFA25210E1A7743089877
:10BFC0000078381880B204F067F9089908703018C2
:10BFD00080B204F061F9089A0146059E049F907CA6
:10BFE000FDF748FB7D43606C401B6064608D294613
:10BFF00004F062F9A26C824204D9121A0D2A00D808
:10C000000D22A264606E401960664B2080002018EB
:10C01000616C891AE36E5200D3183468A34200D2CF
:10C0200033600A4604F052F900280AD0079A507883
:10C030000121014351701420FDF740FBF5F7C0FBCF
:10C04000346062B609B0F0BDF0B597B004464B203D
:10C050008000201804F074F921462C310028029148
:10C06000079400D185E0432080002518204604F085
:10C0700070F903280AD1288B410707D50021697779
:10C08000042290432883204604F069F9069520464F
:10C0900004F076F9002800D1A4E02120C000251882
:10C0A000029880780A90012100262846324604F042
:10C0B00076F9074628463146324604F070F938438F
:10C0C00000D08FE00021204604F080F90646477832
:10C0D00081780298027809910846394604F07CF983
:10C0E000002879D00698807B04280BD10698007B25
:10C0F0000999884276D0012230460A9904F02CFA38
:10C1000000286FD1029802780998394604F044FA61
:10C11000002800D1E5E10221284604F0B7FA002802
:10C120005DD00546618FBF1C01203A4604F0E2FA5B
:10C13000E863002800D1E8E1478000213A46334611
:10C1400003F0ECFC099804F0FBFA382168545720FE
:10C1500080000A994843F249096890228958C96BBE
:10C1600049680818112109014118284604F0F4FA19
:10C1700035E04878002200282BD004922746B437B7
:10C18000487D0A908D78284604F0F2FA26467836E3
:10C19000A06F002801D004F011FB3046FFF748FEE5
:10C1A00003CF04F02BFB029E7178079C608F04F094
:10C1B00039FB204604F06CFB284604F081FB28463E
:10C1C00004F0BEFB002803D0012030700A9870757F
:10C1D000049AD0B217B0F0BD0A9804F0B3FB204621
:10C1E00004F0C2FB2120C00020180390002004901E
:10C1F000C54311200601069F012DE9D0681C0A9055
:10C20000388B032105910840012808D1387FFF2889
:10C2100005D0204604F09DF8002800D1DFE0099603
:10C22000A419A01E08900078401E042800D924E11B
:10C23000784400794000874402236C95B30057206E
:10C240008000029989784143B5480068902280585F
:10C25000C06B4068401809994058002800D10CE193
:10C260003821415C0D2900D9D9E001228A40AD492D
:10C270000A4200D1D3E0E11E0A7820211143D0E028
:10C28000079804F066F801900A98C6B20122039F4D
:10C290003846314604F083F80546002238463146D8
:10C2A000134604F068FBE71E3978C90600D4E4E0C1
:10C2B0000199002900D0E0E0002D00D0DDE0002849
:10C2C00000D0DAE0029DA878314604F06DFB04F05E
:10C2D00075FB01900121079804F078F8034638783F
:10C2E000EF2101403970A87806223146019DA84708
:10C2F0003878C1074FD0C00600D5BEE00598089930
:10C300000870201FFF2101700121079804F027F811
:10C31000B3E0079804F01DF8032800D0ADE0029FB9
:10C32000B8780A99CEB2314604F03EFB04F046FBE1
:10C330000546B878002731463A463B46A847251FB0
:10C3400028700798394604F00AF8E01E0078C10703
:10C3500021D0400600D58DE02878FF2800D187E065
:10C36000042088E0079804F00BF8002800D184E04E
:10C370000021079D284604F029F801460A98C6B214
:10C3800003232846324604F027FB002875D0E01E20
:10C390000078C1073CD10398314604F0EFFB6CE014
:10C3A0000698807E800768D5029CA0780A99CEB254
:10C3B000314604F0F9FA04F001FB002809D00546E3
:10C3C000A078072200233146A8470398314604F09D
:10C3D000D5FB069A907EFD21014091764DE03546D1
:10C3E00001262046314603F0F1FF022181704170A1
:10C3F000059A02703A7FC270388B08433883204612
:10C40000314603F0ACFF787B30432E46787365E00D
:10C4100040062FD4201F0078FF282ED128E0E11EEF
:10C42000097801220A43E41E2270002D069A16D0D4
:10C43000C06B428800250BAE2946334603F05AFBF9
:10C440000123079831462A4604F0C6FA002814D082
:10C450002078C1070AD10A98C1B203989DE702204B
:10C460009073507B10210143517306E0400601D4C4
:10C47000022000E0052008990870069F388B00070D
:10C48000079C22D5204603F064FF00281DD100211F
:10C490000122039803F083FF002816D101262046CD
:10C4A000314603F093FF0721817002214170059905
:10C4B0000170797FC170388B0421014308208143CA
:10C4C00039832046314603F04AFF08980078FE2160
:10C4D0000140022901D101200490099E0C360A9DD9
:10C4E0008AE606988078042800D078E606980078D6
:10C4F0000999884200D175E6002230460A9904F075
:10C500002BF8002800D06DE669E605480068902108
:10C510004058C06B0068816B696485635FE6C04604
:10C52000040F00204520000070B50546FF26283680
:10C53000805DC00701D100240FE0688F00242146F0
:10C540002246234604F02CFB072801D1012404E0F5
:10C55000A8190178FE220A400270204670BD002012
:10C56000704700207047002070470020704700206F
:10C5700070470020704701001F22024001239340B2
:10C5800072B68900054A12685118400980000818DF
:10C5900081681943816062B67047C046140F00205D
:10C5A00010B50446F5F76CFF012809D10E20604351
:10C5B0000449096890228958C96B8968081810BD18
:10C5C000002010BD040F0020F8B51C4615460E468D
:10C5D0001F469037FFF7E4FF002802D000880228AA
:10C5E00001D0012000E00320A98C0B4A8918C1402A
:10C5F0000A480818C00881B23888884200D3084623
:10C60000002E02D0E98C814200D301467980204679
:10C6100004F066FBF8BDC04688FEFFFFB5FF0700CB
:10C62000FEB515460C460646080614D402AA01AF0C
:10C63000304619463B4604F0A7FB00281FD0600691
:10C6400034D402988178FC220A40827001990180DA
:10C65000718001272BE072B602AA01AF304619465D
:10C660003B4604F091FB00280BD002998A78FC230A
:10C6700013408B70019A0A807280012702E0002724
:10C6800003E0002762B6002811D172B6A0060AD4D2
:10C6900010480068016808220A4302600020FDF784
:10C6A0000DF8F5F78DF862B600260AE00027029E25
:10C6B000F570A00060210140B078032202405018BC
:10C6C000B070002F04D00020FCF7F8FFF5F778F8E1
:10C6D0003046FEBDF40E002080B5400605D48878B3
:10C6E000FC220240901C887080BD084604F089FB43
:10C6F00080BD002901D0022100E003218022825860
:10C70000CA40012010407047F0B585B012260028BD
:10C710005ED01F460D46044643788B4258D9207898
:10C720000521090381408F4252D804920293F8F701
:10C73000B7FA02462378206A405DA8420CD00498DC
:10C74000002845D02046039129460493164603F05D
:10C75000DFFA03993246049B332078430E46010AE0
:10C760000818010C08187107D20851184218581DF2
:10C77000C0B2C24001956800616A04920A52F8F79B
:10C780008FFAC00803906278206A17463B46C75D5F
:10C7900097420DD07D00666A755B2678761D0399F9
:10C7A000F1406D1A2DB2049E711A09B28D42EDDD71
:10C7B000C15C019A8154206AC2540298834206D116
:10C7C000049801B2204604F042FB064600E0002631
:10C7D000304605B0F0BDB0B505460024204604F053
:10C7E0005DFB002809D0024638200721115401249E
:10C7F0002846214604F05AFB03E013200121FFF7ED
:10C80000BBFE2046B0BDB0B50C46850004F06AFB07
:10C8100000684451B0BD010102010201FF0201FFA5
:10C820000202020102010101010102FF0201FF00F7
:10C830000348006890214058C06B00687047C046AC
:10C84000040F0020F8B50446C0062CD40F46164845
:10C8500000683621415C890625D53630807A00078C
:10C8600021D51E461546114800686107C90E4018BB
:10C870000069272203232146FFF7D2FE002812D0A9
:10C88000014606984D720873CE720F720C20C87163
:10C89000062088713E20487104200871280A887299
:10C8A0002046FFF719FFF8BD040F0020F40E00200A
:10C8B00010B50446807D00F089FBFF20A07510BDF7
:10C8C000F8B51148006800901048C27A002004466C
:10C8D0000346904212D2E1B201258D40DEB20099AA
:10C8E0000F69B95D0D420BD0641CE5B2082D00D173
:10C8F0005B1C082D00D10024401CEAE7FF2001E06A
:10C900002943B955C0B2F8BD080F0020B40D00206E
:10C91000F0B5ABB00146C07A0C462091FFF7E4FABF
:10C920000746FFF785FF179024682220215C1F2609
:10C9300031402154607D0A90A07B2190E07B1D90C6
:10C94000207C1E90607C1F90A07C1A90E07C15904B
:10C95000207D1890A07D0990E07D0890207E1090A9
:10C96000607E0F90A07E1390E07E1290207F149046
:10C97000607F119020781B9020462230457804F08B
:10C98000BBFA1690422000223A522D203A54EC2055
:10C990003A50E4207F2139520795049635402F20E4
:10C9A00019953D54209DA87B41217854E87A2E2189
:10C9B00078548820385802608420385802608020DB
:10C9C0003A503846EC301C92426001200C90388579
:10C9D0000F980002109940180E9080B2032189022E
:10C9E00041434002F86411980002149A8018149090
:10C9F00080B200037966B866159800021A9940184B
:10CA00001899090440181590786512980002139936
:10CA100040181390388704F075FA7887FF200F903C
:10CA20002830381811901D980002219940181E993D
:10CA3000090440181F9909064018189038462C30F0
:10CA40001D903A46E2321E341A9421971698012816
:10CA50000B9206D1287C012803D120201B99084085
:10CA600004D1287BFE21014002291AD10120107037
:10CA7000A87B1A9E3146FCF722FD3C46BC3420467A
:10CA8000314604F071FA1D98407D002200921899F9
:10CA90000191029221461992134603F0C9FB1C90A2
:10CAA00001E01C981070384690301E9083204000A2
:10CAB00038180021022216910592F8F7A7F81220E3
:10CAC000FA4C219E3146A0471A203146A047272024
:10CAD0003146A047032012903146A0470520314639
:10CAE000A04708203146A047212010903146A0479A
:10CAF000119E3078FE210D9108403070A97CE87AB3
:10CB0000F5F72CFDAC7C2920C0000690A92005017A
:10CB1000FDF7AEFF01281F97179A14D110891B2823
:10CB20000DD1042C07D1D089A84208D11B201E9911
:10CB3000888008800EE090890699884203D030787A
:10CB40000421014331701B201E9988800880042C29
:10CB500000D0069D219C129E1E990D81CD808D8155
:10CB60001B20488148804D820D82D08AC881209F39
:10CB7000F87A154604F013FAF87A04F011FAF87A04
:10CB800004F00FFA2846214604F00CFAF87A04F073
:10CB900013FAF87A04F01EFA204604F01DFA1098F1
:10CBA000C0001F99081804F035FABC7C2046FCF739
:10CBB00077FD054624A804F03FFA387B032804D00B
:10CBC00002280AD12498401B05E0249D0E2120460E
:10CBD00004F03EFA281A3E380AE02098417B249857
:10CBE000401B002901D0903002E08121490040180B
:10CBF000209D169F1B9B5906042C06D02A7B0D9E58
:10CC00003240022A00D10C920C9EDA091092C90F10
:10CC1000119129681B91697B002931D0089909027B
:10CC2000099A8918079A3346560959184C02201850
:10CC3000249004F029FA05461296304604F02AFAA8
:10CC400003211D9A11700A994902219A51634019D2
:10CC50005085D16C179A5268914200D31146219E9B
:10CC6000316580B2214603F027FB0D30B0644000EF
:10CC7000716B40180C901B99891C119B209D28E01A
:10CC800021998F644F851D98059B037068692490D6
:10CC9000042C00D0234698001F9A1018806DCE6C8B
:10CCA00000280C4602D086420BD20BE018460593B2
:10CCB00004F0F8F9864201D2E66C03E0059804F02E
:10CCC000F1F906461B9908310C9626652646109BFD
:10CCD00012972498706422A8878022979D48006844
:10CCE0003622825C920606D53630827BD20706D188
:10CCF000807A800703D41D463B460E9F3BE0686860
:10CD000004680D9B234022AA022B0B460E9E00D0E6
:10CD10001346E4B2697B00291B930CD022A9109A18
:10CD2000002A16D029684A7BC023134022AA402B30
:10CD30000ED011460DE022A9119A002A09D02A68C6
:10CD4000D179C0230B4022A9402B02D1911C00E0D5
:10CD50000831AA7A24AB9A752A899A821B9A25925D
:10CD600026913B463746FE2C03D003210C40254636
:10CD700000E00125411C1E9A1C46536201232846EF
:10CD80001B9318402423D054946210462430401C36
:10CD9000062211920E46F7F735FF24A88476057611
:10CDA0001299C17514994182139901828781219F3B
:10CDB000798FC181209D697B4176249604F092F998
:10CDC000E87B002803D0A97A788F04F0C1FA287B89
:10CDD000002804D00B980178788F04F0F7FA4B20E4
:10CDE00017901E99486A896A04F01CFB687B1E90A4
:10CDF000AC7CAE7B3046FCF744FB14903046FCF72D
:10CE000048FB30462146FCF71EFC30462146FCF725
:10CE1000E5FB30461A99FCF752FB30461899FCF7AF
:10CE200047FB30461C99FCF725FC30461999FCF766
:10CE30007AFB30461599FCF75FFB30463946FCF724
:10CE4000FBFB1F9D143530462946FCF7BAFB3046E4
:10CE50001499FCF703FCFDF717FE002802D13046B9
:10CE6000FCF780FA179887001E98002803D03046F8
:10CE7000FCF79EFB02E03046FCF7D5FB1F98C71974
:10CE800028301F90FDF7F4FD01281E972F4601D191
:10CE90000F980FE0FDF7F4FD01280F980AD004F079
:10CEA000D5FA012804D0049804E0C046DFE7051055
:10CEB0001698C043C1B23046FCF72AFB0094219D6E
:10CEC00028461F993246234604F0C2FA00940021F6
:10CED00038463246234604F0BBFA2846FCF731FABE
:10CEE0003846FCF712FA6C6CA86C1F901E9F3846EF
:10CEF00004F00CFB18483861184838801D9E707D7E
:10CF0000B875F87D1B990843F875284604F008FBAE
:10CF1000F8603178032904D0022918D10C99814294
:10CF200000D80146119A1F9D21987862C06C7860E4
:10CF3000B9602098407B0128134600D00723611B6D
:10CF4000BB70012800D10422384604F037FB2BB017
:10CF5000F0BDC046040F0020BC140410040B0000F8
:10CF600010B5017C022909D101240474016882688A
:10CF7000C3680CC0A12004F04DFB00E00024204653
:10CF800010BD704710B500242046FEF7ADFF0A49DA
:10CF900009683422895C2C30A14207D00278002A2B
:10CFA00006D0572292008018641CF5E7FF2401E0A8
:10CFB00001210170E0B210BDF00E002080B5FEF737
:10CFC00093FF2C210022425480BD000010B5084977
:10CFD000C97A81420BD9C108064A12681269535CAA
:10CFE000CC00001BC0B201248440A343535410BDA5
:10CFF000B40D0020080F0020F0B591B00B93164639
:10D000000D910C909F48C17E0A91017F0991817E0C
:10D010000891C77F0125D8212846FEF7FFFE9A4CCC
:10D02000206058212846FEF7F9FE216834469022F8
:10D030000792885004F028FB384604F03FFB072194
:10D0400039400B9804F04AFB1798059001901C9802
:10D05000009019AB0ECB0D9804910D93F5F750FA93
:10D06000012E00D008950020012C00D00990012C41
:10D0700000D00A9041208500012C069409D1294650
:10D0800020310120FEF7CAFE7F49096888228850B6
:10D0900033E025267B48815D28462030002901D0D9
:10D0A000014600E044212627764AD25D002A00D0BE
:10D0B00001462924734A125D002A00D001460C9AC9
:10D0C000012A00D101460120FEF7A8FE6E49096839
:10D0D000882288500C98012829460FD06948005DA5
:10D0E000002829460AD16748C05D0028294605D195
:10D0F0006448805D002800D1C1E0294618980B9053
:10D10000169803900127614C3846A0475E4E31685F
:10D110008C22885004213846A047316894228850D8
:10D1200058210C973846A0473168982288500898B3
:10D13000C6B2183530462946A0470546069C012C44
:10D1400005D15C213046FEF769FE024600E0002270
:10D150003046294604F012FB10AB0998D8700A98A3
:10D1600098700D9F5F700B9818702046059D29469A
:10D17000324604F05FFB039E3046214604F05BFB21
:10D18000304621462A4604F057FB304621462A46BF
:10D190003B4604F052FB0097304621462A460B9B43
:10D1A00004F04CFB04F062FB012C07D1012D05D1EA
:10D1B00004F05DFB012E01D104F05AFB0D9801280B
:10D1C00001D104F056FB04F055FB04983146224689
:10D1D0002B4604F050FB2B4FF87A411C2C4D28466F
:10D1E0000C9AFEF71DFB284E3168C0228850F97A50
:10D1F00002222846FEF714FB31683746C4228850C5
:10D20000204604F039FB04F038FB04F037FB04F04F
:10D2100063FB04F083FB04F082FB04F081FBF7F76F
:10D2200033FD316800248C7148712046F7F730FDDA
:10D2300004F0AEFB3068006E04F0B6FB3068079D6A
:10D2400040590C3004F0B1FB0C9E304604F0B0FBAA
:10D250003868415940228C540A4A128B82821F201E
:10D260000F90E0430E9048310EA8052204F0A1FB78
:10D2700038684059F1025422815211B0F0BD2C217E
:10D280003CE7C046B40D0020040F00201DBE041072
:10D29000B00D002070470000FEB53E4C2068902580
:10D2A0004059C06B02683220002616543A48406943
:10D2B000010C192901D3192000041060029250605A
:10D2C00004F080FB20684059C06B0768FDF7D0FB75
:10D2D000012801D01B2000E0FB203882FDF7C8FBAD
:10D2E00004462920C0000090A9200501F5F7C8F8E0
:10D2F000012C019507D10128284D009C0CD0284D08
:10D30000FDF7C2FB05E00128009C05D0FDF7BCFB42
:10D310002546012800D108357D82FDF7A9FB0128AB
:10D3200001D01B2000E0FB20B882FDF7A1FB0546E1
:10D33000F5F7A6F8012D07D10128019D17490DD059
:10D34000FDF7A2FB164906E00128019D294605D0FC
:10D35000FDF79AFB2146012800D108317C831B2070
:10D360003883FD81BC817C813881F98204F038FBEF
:10D37000F5F7F0F8029804F07DFB0A4C20683421A0
:10D38000415CF0B2884203D203F09AFA761CF5E7CA
:10D39000FEBDC046040F0020B40D002090420000E6
:10D3A00048080000F00E0020034800688421034A6A
:10D3B000425000207047C046040F002000000303C5
:10D3C0007047F0B589B00C4607460989002515223B
:10D3D000284603F08FF9002813D00646002F06D008
:10D3E00023462C3305211022384602F083FBE07DD2
:10D3F000000708D421464C3105AA204604F044FB1E
:10D4000007E0882019E005A80290019401A8F5F72B
:10D41000D4F8112070807068032101720521102258
:10D4200005AB304602F07AFB2046314604F0D0FBD3
:10D43000002802D1B620A072284609B0F0BD000035
:10D4400070B588B0044604F0DDFB012824D1002526
:10D45000012207AB2046294604F0F0FB022206AB6E
:10D460002046294604F0EAFB1A480068079A02AEF3
:10D470000096E43001462B4600F02EF80698102264
:10D480003146F7F7CAFB002806D004210022012309
:10D490002046FEF7AFFC1AE0607B03210140012922
:10D4A00006D10C480068443000211022F7F7AEFB8B
:10D4B0006420205CC00701D0492000E05620C04312
:10D4C000A0720E20FCF7FAF8F4F77AF9002008B001
:10D4D00070BDC046100F0020F0B59DB002930392BE
:10D4E000019101460CAD20270124124E28463A46F0
:10D4F0002346B0472846203001993A462346B04794
:10D50000374640200299295408AE10220292304634
:10D5100003992346B847412104AF284632463B468B
:10D5200004F0AEFB22983946029A2346014CA047EC
:10D530001DB0F0BDB5E60410F0B59FB001930292A6
:10D54000009101460BAD20270124154E28463A468E
:10D550002346B0472846203000993A462346B04734
:10D560003746284640301026019932462346B847B0
:10D5700007AF3846029932462346094EB04750213C
:10D5800003AE28463A46334604F07AFB0C3624981C
:10D59000042231462346024CA0471FB0F0BDC046CE
:10D5A000B5E604100178427812025118827812040C
:10D5B0008918C0780006081870470000B0B50D46FD
:10D5C0000446154800684821405C800623D513486E
:10D5D0000068806902214B220323FFF721F800280D
:10D5E00019D001460573847204204872092008721C
:10D5F0000020C87108208871FF20487182200871BE
:10D60000280EC873280C8873280A4873200AC87229
:10D610000220FFF761F8B0BD040F0020F40E0020D7
:10D6200080B504480068643003492022F7F7EAFA1D
:10D6300080BDC046040F002000E9051070B50D49FB
:10D6400009683422895C74224A430B490B68A4336D
:10D6500000210C46A2420AD01D682D19EE7DF60766
:10D6600002D02D89854201D17434F3E701210846A7
:10D6700070BDC046F00E0020100F002070B50346AC
:10D680000120002909D0002426462546965D9E42A9
:10D6900004D16D1CEEB28E42F8D370BD204670BD31
:10D6A000F8B50446018900254522284603F022F8F2
:10D6B000002814D006464120708070680C21017249
:10D6C0000F4F3B68643305214022304602F026FAB2
:10D6D0002046314604F07CFA002802D0F8BD8120B3
:10D6E000F8BDE07D20210143E17539684222895C63
:10D6F000090702D524210843E0752846F8BDC04635
:10D70000100F002070B594B00E4604464178801C7E
:10D710006A4604F0D2FA0546002E05D0002D03D14A
:10D720006846214604F0FAFA284614B070BD00009D
:10D73000044800685C21415C30200840411E88415B
:10D740007047C046F80E002080B504F029FB80BD6C
:10D75000F0B589B0044608A8002606802189152264
:10D76000304602F0C7FF00282BD00546E07AC006FD
:10D7700009D4204620300221002200F065FCE07A26
:10D7800010210143E172A07AD138042876D8C0462E
:10D7900078440079400087440219384E60003C48C4
:10D7A000006821462031083008AA04AE334602F052
:10D7B00095FC68680621017211206880227C052191
:10D7C00058E00E200021FEF7D7FE5FE004AE0821EE
:10D7D000029100223046019600F036FC20462030AF
:10D7E00008AF31463A4602F025FC0B206880686895
:10D7F000072606720521022228463B4602F08EF9D2
:10D8000028463146029A019B36E0112068806868FC
:10D810000821017204A800211022F7F7F7F9FFF799
:10D8200087FF002802D004A804F0BEFA05211022C8
:10D8300004AB284620E003A8067004AE314604F08D
:10D84000C3FA082068806868092101726868039932
:10D850004172062128460A460DE01120688068685A
:10D860000A2101722046203004AE314604F0C4FA89
:10D87000052110222846334602F050F92046294659
:10D8800004F0A6F9002801D1DD20A07209B0F0BD96
:10D89000F00E002010B504464C301021002200F09C
:10D8A000D3FBE07D000702D4B520A07210BD204656
:10D8B000F4F77FFE10BD80B5012911D1427C5307DA
:10D8C00005D0C37D1B071DD506231A401AD164223B
:10D8D000835C01221A40002906D0002A19D103E0F6
:10D8E000002900D080BD0022817CCB0704D0C37DFD
:10D8F0001B0701D4D12109E08B0706D4490708D5BD
:10D90000D52103E0D021817280BDD3218172002A0C
:10D9100002D004F07FFA80BDFFF71AFF80BD00003F
:10D9200070B50446807B03210140258903290AD173
:10D93000204604F084FA002805D008210122204660
:10D9400002F03CFC70BD284600F0EEF802460120D3
:10D950000021114B00F008F9E07C032802D10020DF
:10D9600004F0F8FA20461830002608223146F7F76E
:10D970004DF92046314602F08FF96420215CEF22F8
:10D980000A402254F120A072022029463246334632
:10D9900002F014FA70BDC0463075000070470000F8
:10D9A000F0B593B004462B4D28684227C15D302264
:10D9B0000A40302A15D149218E00811905A820225C
:10D9C000F7F720F92868C15DCF220A40C2556420CC
:10D9D000205CC00707D10DA8009012A90FAA11ABB7
:10D9E00006E0842033E00FA8009011A90DAA12AB25
:10D9F000204604F0BDFA12A8037811A8007829681F
:10DA000022462C320492891903910DA902910190AA
:10DA10000FA8009021463C3122464C3205A804F064
:10DA2000BDFA4D20800029680A180121204604F023
:10DA300023FB00280BD1204664300078C00703D1B7
:10DA4000204604F0D1FB02E0BB20A072002013B0FE
:10DA5000F0BDC046100F002001460068C2690A6090
:10DA6000002A00D149600021C1617047F0B501462C
:10DA70000020002917D00C4A12683423D35C74228A
:10DA80005A437323DD43094B1B68A4332C4674347B
:10DA9000A24208D01E6875197C27ED5B4D402D050C
:10DAA0002546F4D13019F0BDF00E0020100F0020F3
:10DAB00080B5027A110601D5012100E0032152064A
:10DAC00000D50021001F04F0BFFB80BDB0B50C469F
:10DAD0006421615C01220A40A37A4068417A02D144
:10DAE0009F2B02D8B0BDB02B14D3F02B15D9F12B3E
:10DAF0000ED10F290CD125465D350F21012220467C
:10DB000002F05CFB29785E34204604F0B1FBB0BD26
:10DB1000002AE7D0207E8007E4D00122204602F0D0
:10DB20004DFBB0BD1F207047B0B50D4909683422C8
:10DB3000895C002811D00B4A1268A4320023DCB2A1
:10DB40008C420AD2742565431468641924894440C0
:10DB5000240501D05B1CF2E71946C8B2B0BDC0462F
:10DB6000F00E0020100F002010B5002906D08624EA
:10DB700001291BD1022A19D8002100E00321012824
:10DB80000AD0002811D18818C1B2094800680830AD
:10DB90000122FEF7B9FD06E08818C1B2044800680A
:10DBA000083002F0B5F8044600E00024204610BD1D
:10DBB000100F0020F8B50C4605460126304604F04B
:10DBC00069FB02281BD807466420205CC00616D4D7
:10DBD000284604F079FB00281AD001461A4800684C
:10DBE000B122825C002A03D0B130BE40B243027041
:10DBF000002201232046FEF7FDF8054606E010212D
:10DC0000002520462A462B46FEF7F4F82846F8BDA4
:10DC1000204664302775017810220A430270E07AAA
:10DC2000EF210140E17201212846224604F070FBF9
:10DC3000204604F07FFB002801D00025E6E72046BF
:10DC400004F0BCFBD9E7C046100F0020F0B585B04A
:10DC500007464068057AA81F042823D80C46887A0E
:10DC60008626D0281FD120465D3001902089FFF7FD
:10DC70005BFF02460020454B02900146FFF774FF10
:10DC8000062D05D0092D11D0082D34D0072D3DD1FA
:10DC9000E07D000707D4607CC00704D0062D44D186
:10DCA0002C342CE08426304605B0F0BD607C800723
:10DCB000F9D503AB00269E800396062138460A4616
:10DCC00004F020FC002847D07868407A019D287035
:10DCD00023465E33062138460A4601F00BFF2878BA
:10DCE000012803D1A8798009032847D3617C20202B
:10DCF0000843607431E0607C8007D4D53C34052152
:10DD000010223846234601F0F5FE35E0607C4007DE
:10DD1000C9D523464C3305211022384601F0EAFECE
:10DD2000607C40210143617419E02046223079680B
:10DD3000497A01707968897A417023462433072132
:10DD40000822384601F0D6FE607C802101436174D0
:10DD50004007800F10D102E0607C4007A3D40198F7
:10DD6000C079C00705D1002620463146FFF7A3FD44
:10DD700099E72046FFF7D4FD029E94E70821002290
:10DD800001232046FEF736F806468CE73075000082
:10DD9000F0B58BB00D460646002402940989152281
:10DDA000204602F0A7FC002820D007462B463C3333
:10DDB0000521102230461E4601F09CFEE87D00073A
:10DDC00016D40094344603AE28462146324603F06A
:10DDD0005BFE29462C31102230462646009CF6F781
:10DDE0001CFF01A9BC220A7002900CE0882459E0B3
:10DDF00001A80A9002A8099003A80890079507A80F
:10DE0000F4F7DFFB0298002806D0042101232846FE
:10DE10003A46FDF7EFFF1BE0112078807868042177
:10DE200001722B464C3305211022384601F076FE54
:10DE30002846394603F0CCFE002809D10198A87283
:10DE40001A4800683521405C297C814200D9287439
:10DE50000298002826D1E87D000723D407A80024D3
:10DE600010222146F6F7D2FEE87C03280BD00228C8
:10DE700010D1E86907A90870020A4A70020C8A707A
:10DE8000000EC87006E009480168443107A8102256
:10DE9000F6F7B8FE29464C312C3507A832462B46FA
:10DEA00004F039FB20460BB0F0BDC046100F002037
:10DEB0000268CA61002A02D10A461C32426001602F
:10DEC0007047F0B58BB00E460521102507AF2A46E6
:10DED0003B4601F00FFE002103AC02963046019153
:10DEE000224604F0C9F80646384621462A46F6F787
:10DEF00094FE002E15D1002813D16420029C205CD2
:10DF0000C00715D1207C2A1A20182C300021F6F7E2
:10DF10007DFEA07E02210143A176204604F013FB82
:10DF20000AE00B21002201230298FDF763FF03E0C2
:10DF3000204604F059F901980BB0F0BDF8B52F4F09
:10DF40003B6842241A57002A20D40091E43305216B
:10DF5000402201F0CFFD396808466430E4312025C5
:10DF60002A46F6F75AFE06463868643024492A469F
:10DF7000F6F753FE002E0BD1002809D00B21002507
:10DF8000012300982A46FDF735FF07E03A2505E012
:10DF90003868015D9022114202D038252846F8BD2C
:10DFA000E43004F0D3FA1F2826D005461228E5D025
:10DFB000002DF3D13868015D10220A430255009C00
:10DFC000E17DC0220A43E275E4300D4920252A464E
:10DFD000F6F723FE064641208000396808180949F3
:10DFE0002A46F6F71AFE304300250028D6D1E07DF8
:10DFF00004210143E175D1E70821C0E7100F00209B
:10E00000B7E90510D7E9051080B503200821FDF711
:10E0100005FF02490968A822885080BD100F002022
:10E0200080B50648C17A064800680830C91CC9B2E4
:10E03000044A0723FDF700FF80BDC046B40D002051
:10E04000100F00206DD305107CB50C46054600204E
:10E05000C6B2A6420ED2002004F09EFAA85501A92D
:10E060000870000A69460870711CA14200D2685409
:10E07000B01CEDE77CBD000010B5084C20684030B6
:10E08000FDF7D6FE20683830FDF7D2FE044805497A
:10E090003C22F6F7B7FD04F087FA10BDFC0E002015
:10E0A0005C0000201C14041080B504F08FFA80BDC1
:10E0B000F0B585B0049301920291074602203840E2
:10E0C000039001243C401048056834350A9E2D68B1
:10E0D000002D16D0002F0CD0002C03D028890299D7
:10E0E00088420CD10398002803D06889019988429E
:10E0F00005D128463146049A9047002802D11035B0
:10E10000E5E7002005B0F0BDFC0E002080B504F06E
:10E1100085FA0549098A25314909884201D8002034
:10E1200080BD012080BDC046B40D002080B501280F
:10E1300001D1014600E00321002800D10146084634
:10E1400004F078FA80BD0000F8B50446C00625D476
:10E1500016460D46144800686107C90E401800694C
:10E160005F2203232146FEF75BFA002818D0014600
:10E17000067385720C204872162008720027CF7132
:10E1800006208871FF20487182200871300A487388
:10E19000280AC8722046FEF79FFA02E0862700E0B0
:10E1A00007273846F8BDC046F40E0020002100685D
:10E1B000002802D01C30491CF9E788B2704780B5AE
:10E1C000022101F0B4FC80BD074A126834321268A3
:10E1D000002A07D01389834202D153898B4201D090
:10E1E0001032F4E710467047FC0E0020F0B585B001
:10E1F00004460078002807D1606804F039FA60709E
:10E20000A568E86800283CD06578284604F036FA0E
:10E210000E2808D880005C490958002903D0204600
:10E220008847074607E0A068C36800210622284601
:10E2300004F05EFA86276168002919D0882F03D080
:10E24000842F0CD0072F10D150480068403004F0C4
:10E2500063FA0920FBF732FAF3F7B2FA08E04B4809
:10E260000068383004F058FA09E00846FFF720FC4F
:10E27000862F01D0002F02D1A06804F054FA05B017
:10E28000F0BD6768384604F0F3F9064604F0F6F985
:10E290007988EA8804230293002391423ED80E280D
:10E2A0003CD801934200354B9A5A354BC340DB07AB
:10E2B00005D180239A439142019B03D02EE09142E5
:10E2C000019B2BD3411E032901D307280DD104A99B
:10E2D00003AA029238460F4604F041FA3B8802989E
:10E2E0000088834218D8002B16D06668304604F0A8
:10E2F000BFF9074635883046FFF761FF01462846DB
:10E30000FFF762FF05461E2F1ED0402038401BD16C
:10E31000162F1CD1718827E00120029086271E2E1F
:10E3200089D04020304086D1019305210022284623
:10E3300004F028FAE86000281ED003463046019910
:10E34000029A04F0D5F976E70020E8605CE73846E9
:10E3500004F094F90E2800D96CE740000949095AE5
:10E36000E888814200D301460022284604F00AFAD8
:10E37000E860002800D047E788275CE78A46041059
:10E38000CC4F0000AE4804105C000020FC0E0020C2
:10E3900080B504F011FA0549884205D0C00004494F
:10E3A0000968496E081880BD002080BDFFFF00008D
:10E3B000FC0E002080B510220A740278042A0DD8C1
:10E3C0007A441279520097440A16120202004068F9
:10E3D000031D142208461946F6F714FC80BD0522D9
:10E3E000D2024068007D012809D18A8180BD0520C4
:10E3F000C002C01C04E00520C002801C00E0501CCC
:10E40000888180BDF0B585B006460878042811D80B
:10E4100015460C467844007940008744020D4A694D
:10E420007E007B4E306801467031C166606804F042
:10E43000DBF957E08626E1E0754F38680146703118
:10E44000C1666368012076490026324604F0E1F98E
:10E4500001A90880002800D1BBE004F0E3F904F032
:10E46000F3F902A9009108803868C06E01A902275B
:10E470003A46F6F7C7FB66480068C06E801C0099F4
:10E480003A46F6F7BFFB6248006868270421C1538B
:10E4900061680A7C102A00D09FE0C06E0C31001D1C
:10E4A0000222F6F7AFFB5A480068C15B891CC153D2
:10E4B00093E0574E306801467031C1666168097853
:10E4C0007022815461884A1C03A90A80713002229B
:10E4D000F6F798FB3068C16E6068001DC91C04F037
:10E4E00083F9C01C3168682288526831296084E051
:10E4F0006068017D102939D14749491C028A8A4246
:10E5000034D14348016868312960006868211022CD
:10E51000425201468331C1666FE06068806900281D
:10E5200053D03B4F3868683028606068017D1029FF
:10E530004DD1018A374A914249D104213046FFF733
:10E5400043FE00285DD03868682102254552014607
:10E550007031C1663046214604F081F904A9088073
:10E560003868C06E2A46F6F74DFB46E0006A002880
:10E570002BD0274F3868683028606068017D1029EB
:10E580002ED1018A244A91422AD104213046FFF734
:10E590001BFE002835D0386868210122425201460E
:10E5A0007031C166304604F067F9FF282BD06168EE
:10E5B000096A8B681949C97A49084A1C042104F080
:10E5C0006DF939687022885417E0842616E0806956
:10E5D00007E03868682100224252683028600DE068
:10E5E000006A0178890701D5022100E00421415A1F
:10E5F00080683A686823D152D0660026304605B05C
:10E60000F0BD0226FAE73868702100264654F5E787
:10E61000FC0E002002290000292B0000B40D002070
:10E62000FFFF0000F0B585B003920C4601210902FE
:10E63000411804910290E0300190200423D0049806
:10E640000088102807D1102202980199F6F708FBDC
:10E6500000200499088010210D1AA9B2A2B291429B
:10E6600000D32546AFB202990818E030039E314628
:10E670003A46F6F7C7FA0499088828180880641BF8
:10E68000F6190396D9E705B0F0BD000080B504F097
:10E6900019F90749096860228A5A401C80B29042E1
:10E6A00003D2496EC000081880BD002080BDC0465E
:10E6B000FC0E0020F0B5002A0BD00024E543002B0F
:10E6C000264600D056190F5D87556D1E641CA24268
:10E6D000F5D1F0BD80B504F009F980BD10B5044650
:10E6E00004F022F9002801D00C2010BD0248006877
:10E6F00040214454002010BD100F00200348006842
:10E700005F21415C012008407047C046F80E0020A0
:10E7100010B5044604F008F96178012903D10028F6
:10E7200005D1024604E000280FD00C2216E00C228E
:10E730000B4909684023CB5C032B01D16E22D243E5
:10E74000032B0BD0002802D008E0054801683031C7
:10E75000102208462146F6F755FA0022D0B210BD25
:10E76000100F002010B50C46FFF780F900280ED0DE
:10E77000C17C02290DD1C461C17B10220A43C2733E
:10E780000E20FAF79BFFF3F71BF8002010BD0220C4
:10E7900010BD0C2010BD10B50C46FFF767F900281E
:10E7A00007D0817AC12906D1002C06D0BA21817206
:10E7B00008E0022010BD0C2010BD0C210022012316
:10E7C000FDF718FB0E20FAF779FFF2F7F9FF0020AA
:10E7D00010BD80B504F0CEF880BD0000FEB5044643
:10E7E00004F0CDF80C25002825D01226002C23D0CB
:10E7F000207D401E01281FD8207C80281ED0102894
:10E800001AD1A089012188430321C902884215D168
:10E810000120FFF7BDFD002810D00178002907D1A5
:10E8200041680A7C102A03D18989A2898A4202D0D0
:10E83000FFF72CFFEFE72E463046FEBD002004F028
:10E84000ADF8002806D04168C98A002904D0408864
:10E85000401804E0012002E004F0B6F8401C82B247
:10E86000002630463146234604F0BEF8002820D06A
:10E87000F743E18A491E0291009001947F1C217E9A
:10E880008F4218D2E18A002904D0029A11043AD0AA
:10E89000521E0292351D401C019CE1698B5982B2C7
:10E8A0000120002104F0A0F800282E46E6D187269A
:10E8B0002EE08726C0E7184800685C21425C0223EE
:10E8C000134343540A20FAF7F9FEF2F779FF606A1E
:10E8D00000260028B0D02020205C0028ACD02146A3
:10E8E0002031029100252F460195854200990CD2D6
:10E8F000606AC01900F01CF8002808D1243702987B
:10E9000000786D1CF1E7122602E0019E94E70646AE
:10E91000009804F0A9F88FE7FC0E002080B50346AC
:10E9200001200249002203F074FF80BDFFFF0000B8
:10E93000FEB50E46044604F022F8002866D01225E3
:10E94000002C64D0207D802813D010285FD1208A2D
:10E950003C4988420DD1206A002858D082883A4923
:10E96000C97A4908491C8A4251D380680021F6F7C8
:10E970004DF9A0782421084203D06078C01F0928EF
:10E9800045D8304603F04EFF002840D006460078B8
:10E9900000283CD1207E811C304604F08FF80546CB
:10E9A000002834D1304603F04FFF054603F03AFF0C
:10E9B0000146681C86B2022738463246234604F0D8
:10E9C00013F8B04225D1304603F02CFF0146A81CB5
:10E9D00082B20320234604F007F8002829D00197CB
:10E9E0000296E069002816D0207E002813D0002669
:10E9F000374687420FD2E0698019029904F078F80F
:10EA0000002818D11C36207E7F1CF2E70C252846F2
:10EA1000FEBD8725FBE70D4800685C21425C019B39
:10EA20001A4342540A20FAF749FEF2F7C9FE0025BC
:10EA3000EDE7872501E00546029E304604F0E0F848
:10EA4000E5E7C046292B0000B40D0020FC0E002095
:10EA500080B5034601200249022203F0DAFE80BDA0
:10EA6000FFFF0000F0B585B01D461646074604912D
:10EA7000FFF7AAFB002820D00446022D0AD3022E5D
:10EA800032D000210422384604F0E4F8812801D174
:10EA90000C202AE00A98022E11D2029603956D1CD2
:10EAA000019006466D1E16D0318808361022204689
:10EAB00004F0FEF80028F5D017E0022015E0022E41
:10EAC00012D102960395019001882022204604F07D
:10EAD000EFF8002809D10198009038460499029A6D
:10EAE000039B04F01FF900E0122005B0F0BD1CB537
:10EAF000059C0194049C009404F0E8F91CBDFEB54B
:10EB000001AA918050801E201070104604F032FA45
:10EB100006B080BDF0B587B001890491C188059128
:10EB20008488468807880020069006A9384604F0A5
:10EB3000D5FB054600285AD10396029406988078A2
:10EB4000C00751D1002410222046394601F0D2FDE1
:10EB500000284BD007462A48039A911F89B21225F4
:10EB600081423DD2029E062E3AD3801D864237D284
:10EB7000B24235D8059A91087C2931D8511C71438D
:10EB8000049B9A0091422BD80A2B29D3834227D287
:10EB900001947868122101727868069909794172A6
:10EBA00006210825174C38462A46A04738462946EC
:10EBB000039AA0470A21384632462546A0470C242E
:10EBC00038462146059AA8470E213846049AA84798
:10EBD0007C800520394604F097FB00280AD0812567
:10EBE0003846FEF765FF02E00C2500E08825284640
:10EBF00007B0F0BD0699122004F0C2FB019DF6E7B4
:10EC00007B0C0000155A051080B5C00701D100200B
:10EC100080BD04F0BDFB80BDB0B50446074D28782B
:10EC2000002803D104F0B8FB01202870204604F02E
:10EC3000B9FB002801D000212970B0BD220F0020AF
:10EC400080B5C00701D1002080BD0846114604F000
:10EC5000BBFB80BD72B601684A420A405140016068
:10EC600003485043C00E03A1085C62B67047C0461B
:10EC7000DF3A650400010206030B0710040E0C15B1
:10EC80000817111A1F050A0F0D1416191E0913185B
:10EC90001D121C1B70470000704700001CB50C4C77
:10ECA00020684078000711D46846F6F70FF821680D
:10ECB000009A4A6088604B7808241C434C70101AF4
:10ECC000400B424242419808104008701CBDC046AB
:10ECD000080F002010B50446C07D800717D4FFF749
:10ECE000DDFFE07D02210143E175E069216A08183A
:10ECF000074909684A68D1434118831A0020832BC9
:10ED0000024600D31A46002900D41046206210BDE6
:10ED1000080F0020F8B50D460446C07DC0070DD091
:10ED20001C4800684178FE2631404170FAF722FA0B
:10ED3000A07DFAF73AFAE07D3040E075F5F7B0FFD4
:10ED4000144F39684860227D110701D4281A05E064
:10ED5000C143491911D4281A66280ED386260028E3
:10ED600015D49007C10F5007C20F2846F5F7A4FF2E
:10ED7000002804D0207D000709D5F5F7ABFFFAF78E
:10ED80000BFA3868417810220A4342700026304658
:10ED9000F8BDC046080F0020826AC36A002A02D06C
:10EDA000D362C36A00E04B601A60704780B5416867
:10EDB000002909D0C17DFB220A40C27504490968B7
:10EDC000283104F016FB80BD00F004F880BDC04679
:10EDD000080F002080B501690969002909D005499B
:10EDE0000968203104F005FB1520FAF767FCF2F7FB
:10EDF000E7FC80BD080F0020FEB5009001A802903E
:10EE000000200190334F38688569002D3BD0E868B9
:10EE1000AC6A296A814205D3E9693A685268D243EB
:10EE2000891830D539682A7DD2071AD04A68101857
:10EE3000C043AA691018AA68801812D40121284674
:10EE400004F0E7FA0646396818312846FFF7A4FFB0
:10EE5000022E0AD0012E10D12846FFF7BBFF25460F
:10EE6000D3E718312846FFF797FF284604F0FAFA4F
:10EE70002846FFF79BFF2546C7E701A9284604F06F
:10EE8000B8FA2546C1E7009800281AD001A904F075
:10EE9000B0FA16E0E07D02210143E175A069E16965
:10EEA000A2681018401A206201A92046FFF774FFDB
:10EEB000E07DF7210140E17539681831204604F002
:10EEC000DAFA019C002CE5D138688069012104F050
:10EED000FFFAFEBD080F0020F8B500910446002798
:10EEE000344B3D467F1C1868064618363668002E9F
:10EEF00050D0F168326A8A4201D22836F6E700988B
:10EF000086420ED0F07D01210143F175F5F7C8FE70
:10EF1000284909684860002C03D0F169081AE928DB
:10EF200041D830694168002903D0706A88470028B9
:10EF300017D0F1693046FFF7EDFE1E490968002839
:10EF400032D018313046FFF727FFF07D40070ED44E
:10EF50007078717D491CCAB2824200D8084670752B
:10EF600005E01448016818313046FFF715FF3046B8
:10EF7000FFF71CFF002C01D100F01EF8092D0D4BEE
:10EF8000AFD304F09BFBA12006210022134600F022
:10EF9000DFFDF8BD002C04D100201C4604F090FBDE
:10EFA000206800214161F8BD4E61304604F088FBC5
:10EFB000F8BDC046080F002070B5104D28682830F5
:10EFC00000260068002816D0761E2830F9E7296848
:10EFD0008C6A28312046FFF7DFFE0021204604F02E
:10EFE00018FA012803D12046FFF7F4FE02E020467C
:10EFF00004F09CFB761C002EE9D170BD080F0020A8
:10F00000704700001D490A79012A02D10020C0433F
:10F010007047920088500879401C087100207047A2
:10F02000F8B50400002600202178042913D0822995
:10F0300020D1251D6178FF291CD129786A78120614
:10F04000120C1143FC2212020A40C02109018A421B
:10F0500010D10A4F08E0E51CECE728008900795838
:10F060008847012809D0761C3A79F1B29142F4D34D
:10F07000002802D12000F2F717FCF1BDC80E0020D5
:10F08000F8B5044619480068476D002C0DD0387C4F
:10F09000002823D00020014604F064FB0546002828
:10F0A00022D104F0B9FB064600E00C26204604F00D
:10F0B000D1FB0546002817D10025204629462A46BF
:10F0C00004F0DAFB002C0BD001207874002E0BD159
:10F0D00000252846294604F02FFC05E0D32503E04F
:10F0E00000257D7404F050FC2846F8BDF80E002081
:10F0F000F0B58BB015460F460146FA061220002ADD
:10F100003FD51C4601239A0395423AD8944238D8F9
:10F110000A931398099012980890119806901098E5
:10F12000079019480068466D002004907070317097
:10F1300004F048FC0590384604F058FC024670780C
:10F14000202101437170042A08D81721D140C90732
:10F1500004D051B20DA3595C08437070069800901A
:10F16000089801900798029009980390A8B2A1B25C
:10F17000059B04F054FC00280A9902D10498B0744D
:10F1800031740BB0F0BDC046F80E00202870287016
:10F1900030000000B0B50C460546C0B204F0A0FC3B
:10F1A000002800D0B0BD03490968496D8D814C60CD
:10F1B000B0BDC046F80E0020F0B5002807D00029E9
:10F1C00005D05B079C0F002A04D1012C02D06120DE
:10F1D0004001F0BD436A102B03D0182B01D0202B27
:10F1E00005D1012C05D005696D1E102D01D31A48DB
:10F1F000F0BD102B02D01848801EF0BDC26003790C
:10F20000F9252B400371012C20D000231C469D00C2
:10F210002D185B1C6C61042BF9DB002313E0DC1759
:10F22000A40FE418A408A40025182E461436B446EA
:10F230001C1BD65CE40018276D693C1BA6403543B7
:10F2400066465B1C356004699C42E8DC0279D207A3
:10F2500000D181600020F0BD1F0C0000F8B58CB01B
:10F260000D0000240023D15C08AE5F42F619F17353
:10F270005B1C0F2BF7DD002359428900411804AABB
:10F280009E009219CE681670CE68360A5670CE6807
:10F29000360C9670C968090ED1705B1C032BEBDD30
:10F2A0006A4608A904A8FBF753F96846A10040186C
:10F2B000C1780906827812040A4341780902114391
:10F2C0000078084329000C31624292008850641C87
:10F2D000032CEADD0DB0F0BD0148416801607047C4
:10F2E000B00D00200348006800218160C160016109
:10F2F00001607047140F0020F8B501201C21294A35
:10F300009047294F3860294DA88D401E0326304371
:10F31000401C8008C01C04242146224A90473968BA
:10F320004860E88D401E3043401C8008C01C2146C8
:10F330001C4DA8472A46396888601C4D288E401EFF
:10F340003043401C8008C01C214690473968C86083
:10F3500004F0EEFB38684268002111805180836818
:10F360001980D180AF8D7F1E37437F1CBF089780E7
:10F370005980D980EF8D7F1E37437F1CBF089F8047
:10F38000C768398002614361F9802A8E521E324378
:10F39000521C9208BA80798087612246F5F736FCC4
:10F3A000F8BDC0461DBE0410F40E0020B40D0020B0
:10F3B00070470000FEB51F460192029105460124E8
:10F3C00078212046FCF72AFDE12189005A2281524A
:10F3D000244E3060012D17D101200621FCF71EFDBF
:10F3E000014630688163012F0ED101250E27284682
:10F3F0003946FCF713FD3168C86428463946FCF7E6
:10F400000DFD014630680165029901290BD1019873
:10F41000012805D11C200121FCF700FD3168C862DC
:10F420001148847E01E00021C16214212046FCF7CE
:10F43000F5FC316848650D4C042101222046FCF79B
:10F44000EFF9316808620325022220462946FCF7BD
:10F45000E7F931684862064A072308462946FCF75F
:10F46000EBFCFEBDF80E0020B40D0020B00D002016
:10F4700015BC051080B5012004F064FB01BD00003F
:10F4800010B502000020CB43284C002A02D0012AEC
:10F4900007D00DE022681143216061680B40636072
:10F4A00010BDA2681143A160E1680B40E36010BD8C
:10F4B000012010BD02000020CB431C49002A02D0CD
:10F4C000012A01D001E029E02CE00120704710B5AD
:10F4D00002000020CB43154C002A02D0012A07D09D
:10F4E0000DE062681143616021680B40236010BD2C
:10F4F000E2681143E160A1680B40A36010BD0120E8
:10F5000010BD02000020CB430949002A02D0012A85
:10F5100001D001E002E005E0012070470A681340D5
:10F520000B6070478A6813408B607047200050481A
:10F530002400504803480068016800690843411EE0
:10F5400088417047140F0020EFF31482EFF3098114
:10F55000002080F31488BFF36F8FF0B543464C460C
:10F5600055465E466746F8B40F4CEFF30883636078
:10F5700006B4BFF34F8F30BF00BF00BF0A4C6468B2
:10F5800084F3088882B003BCF8BC9846A146AA461A
:10F59000B346BC46F0BC04BC80F3098881F31488F0
:10F5A000BFF36F8F1047000004000020E0B5014654
:10F5B0000023009302202622F4F724FE002800D026
:10F5C00081208CBD80B504F0C7FA80BD10B51378DA
:10F5D000837153788C1E0472C3710930911CE2B29E
:10F5E000F5F710FB10BDBCB50C46002813D02588DC
:10F5F0002046FEF7E4FD01462846FEF7E5FD00281B
:10F6000009D06088002806D0A1891F2908D801A840
:10F61000018060680AE02046FEF74AFA0020BCBD7F
:10F62000606801AD2A4604F0AFFA298840180079D5
:10F63000C10704D11B2808D01D2806D009E01E28C8
:10F6400003D302210843232803D1204604F0ACFA57
:10F65000BCBD204604F08CFBBCBD80B54168007881
:10F6600000F002F8002080BD80B50846FEF720FAC1
:10F6700080BD0000B0B50C4605460888FEF7F6F9D7
:10F68000002825D0002D0FD0012D21D160884128E0
:10F690001ED812480068214603F03EF80F20FAF702
:10F6A0000DF8F2F78DF816E06168097A0B2909D197
:10F6B000017E03220A40012A0AD1FC221140891C42
:10F6C000017605E08A1FD2B2042A01D804F0B8FB03
:10F6D0002046FEF7EDF90020B0BDC046100F002017
:10F6E000F0B587B00E4604460F88384600F0F8FAA9
:10F6F00005468548C07A854205D214216943834A6C
:10F700001268D26A5318049671680E7A0022012C8E
:10F710001DD0002C54D11446854213D2192E0DD879
:10F720000120B0407E49084208D078480068012294
:10F730001E467C4B2946FCF7E7FF33469878FD21AF
:10F74000014099700498FEF7B3F920465BE00392FC
:10F75000854254D20193487A02900621049C2046A7
:10F76000009100F0E4F9001D61888842029C35D1C7
:10F77000132E27D801221046B0406549084221D0F7
:10F780006148C07AA8423AD9144604984068427A3F
:10F79000037A012B39D014205C490968C96A132BFC
:10F7A00051D0122B2BD103466B43CB189E78F70711
:10F7B00076D15A7104980088002311461A4613E046
:10F7C000104620E0304604F064FB002806D005A86F
:10F7D00005710499059104F05EFB07E001984471FE
:10F7E000002238462146134604F057FB122804D85D
:10F7F00001218140494A114201D1862803D1049850
:10F80000FEF756F9039807B0F0BD012728463946A0
:10F8100004F0A2FB0028F2D1049804883D48006857
:10F820008069422154220323FCF7FAFE0028E6D027
:10F830000546061D30462146049A04F0BFFBF80237
:10F840000A30082251E0684308188078C007D6D1F2
:10F850001321284604F080FB0028D0D10821049809
:10F8600000F065F906462C4800684821405C800796
:10F87000C5D50498078827480068806942214E2230
:10F880000323FCF7CDFE0028B9D005460673877226
:10F89000300A6873380AE8722E1DE002009A24E0EC
:10F8A0007307ACD468430B18122011461A4604F0B3
:10F8B000A9FB194800684821405CC0079FD0049804
:10F8C000078814480068806942214F220523FCF70D
:10F8D000A7FE002893D00546061D30463946049AF7
:10F8E00004F098FBE002801C0F22FF21717082213E
:10F8F0003170010A697228720020E871AA714220F1
:10F900002946FCF7E9FE7AE7B40D0020000F00203D
:10F9100002000C00F40E0020040F0020050004007B
:10F920004000940230750000B0B50446C00616D4FD
:10F930000D460D4800686107C90E40180069022293
:10F9400021461346FCF76CFE00280AD00146074802
:10F9500048600D812046FCF7BFFE0020B0BD862028
:10F96000B0BD0720B0BDC046F40E0020C7E10510B1
:10F97000F0B58DB0914200D383E0134606460029CE
:10F980000CD00C463546002D0BD0A0B2202809D350
:10F990002D68203C2004F6D1002403E000243546E5
:10F9A00000E000251F463246002A08D0B8B22028C1
:10F9B00006D31268203F3804F6D1002700E0002269
:10F9C00020040AD00291291D0492A2B205A8039333
:10F9D000F5F718F90299039B049A002E019506D0B9
:10F9E00000203668401C002EFBD1400100E00020C2
:10F9F000002A3DD0C91A0D18280439D004922021BC
:10FA0000C81B82B2ABB29A4200D32846029582B29A
:10FA10000D1BA9B2914200D30546AAB2A0B205A916
:10FA20000818B9B2049E7118091DF5F7EBF82C19E6
:10FA3000EF190397B8B2202803D132680020039051
:10FA400000E03246A0B220280AD1019C201D05A961
:10FA500004922022F5F7D6F8049A24680194002431
:10FA6000039F002A07D00298451B2804C6D102E054
:10FA7000A0B2202805D00198001DA2B205A9F5F773
:10FA8000C1F80DB0F0BD002806D000210068491C67
:10FA90000028FBD1480100E0002080B2704780B50B
:10FAA0000A46037A190601D5012100E003215B060D
:10FAB00000D50021406804F0E5FA80BD70B50B491F
:10FAC000C97A14224A43143209490B6800210D46B1
:10FAD0000C461434A24206D0DE6A755B8542254688
:10FAE000F7D131191439084670BDC046B40D002055
:10FAF000000F002010B514460A46406819462346F8
:10FB000004F0FCFA10BD011F00220A604068704733
:10FB1000024600680028FBD11160704710B51446FA
:10FB20000A4640681946234604F021FB10BDE0B5A3
:10FB3000022201ABFFF7DEFF002801D0002004E025
:10FB400001A8017840780002401880B28CBD000006
:10FB5000F8B50446C0062DD415460F460093184844
:10FB600000686107C90E40180069511E03220A434C
:10FB7000093291088BB242222146FCF751FD002840
:10FB80001AD00646C57287720C3000992A46F5F7DE
:10FB900039F80027777206203072281D010AF171AA
:10FBA000B071FF2070718220307120463146FCF721
:10FBB00093FD02E0862700E007273846F8BDC046DF
:10FBC000F40E0020B0B51446049AC2704170150AB4
:10FBD00005710F252D020D40A107890C49199B03C2
:10FBE000C918090A8170431D05980021FFF782FF9B
:10FBF000B0BD80B5FDF73AFF002806D06421425C15
:10FC0000802313434354002080BD812080BD000029
:10FC100010B504460846114604F0E4FA80000019C5
:10FC2000C1B20248006800F073F810BDFC0E00205D
:10FC300070B50C46054604F0E9FA074E32684032CA
:10FC40002846214604F0D6FB326838322846214641
:10FC500004F0D0FB70BDC046FC0E002080B504F05F
:10FC6000E3FB80BDF8B50A4D05400A4E30680768D1
:10FC7000002F0CD03C46FF692088A842F8D130689C
:10FC8000214604F00BFC2046FDF712FFF0E7F8BD1B
:10FC9000FF0F0000100F0020BCB56422825CD20769
:10FCA000827A04D16032D2B2512A04D30FE05032AA
:10FCB000D2B2402A0BD8094A1268B123D35C002B78
:10FCC00005D0B132047D0125A540AB4313706A46CF
:10FCD000117100901046F2F784FCBCBD100F00209B
:10FCE000B0B50949CA7A09490B68002421468A42FD
:10FCF00006D0DD6A2D5B854203D01434491CF6E73B
:10FD00001146C8B2B0BDC046B40D0020000F00209F
:10FD1000F8B505461220002D1BD00C466A788A42A1
:10FD200017D92B6A195DA14201D10020F8BD1746F1
:10FD30003E46DF5D974201D0A742F9D100209742AD
:10FD400005D09955964202D1284604F0BDFB296A98
:10FD50000C55F8BD70470000B0B50C460549096860
:10FD60000D680321224604F0C3FB2889001B28816B
:10FD7000B0BDC0460C0F002001466420085CC007DF
:10FD8000887A02D19F2802D816E0B02814D3F1282F
:10FD90000AD2CA7C0020012A05D0022A02D1C97DDC
:10FDA000090700D501207047F12805D1C97A06203E
:10FDB0000840411E8841704700207047F8B504464E
:10FDC000C00608D40D46194800684721405C8007EA
:10FDD00003D4002628E0862626E01F46164614484F
:10FDE00000686107C90E40180069472203232146B5
:10FDF000FCF716FC002816D00146857204204872D4
:10FE00000120087232460026CE71062088714F7399
:10FE10000A73FF20487182200871280AC8722046A0
:10FE2000FCF75AFC00E007263046F8BD040F00201E
:10FE3000F40E0020BCB50C4601461C48006805685D
:10FE40002889EA685288131AA34226DAA11A0818E8
:10FE500001A90880164800688069422103230A46E8
:10FE6000FCF7DEFB002817D004460222C2720920EC
:10FE7000A07220460C3001A9F4F7C4FE0020607285
:10FE800006212172E071A171FF2060718220207132
:10FE900042202146FCF720FCBCBD0320224604F092
:10FEA00027FB288900192881BCBDC0460C0F002003
:10FEB000F40E0020B0B50D4604460F4800685C21E2
:10FEC000405C8006800F05D001202870204604F099
:10FED00021FB0EE003F076FD002805D001202870FC
:10FEE000204604F021FB04E000202870204604F0A6
:10FEF00025FB0020B0BDC046F80E0020F0B587B04D
:10FF000000AC0DC43A4A12683423D05C74274743CE
:10FF10000025EC43374B1E68A4360C9A06920E9AC5
:10FF200003920D9A05920494AF425FD033685A1938
:10FF300012897435641C002AF6D1844256D25F19A6
:10FF400038466C38009A02803846743805220270B0
:10FF500038460F38019A027001252940384610387A
:10FF60000190017038460E380622234B029916463E
:10FF70009847FE20069908402940022800D00D46E7
:10FF800006913C46733C257002280598039900D0E1
:10FF900001463D46723D28463246174B9847384643
:10FFA0001738069901703846163805993246124BB3
:10FFB000984738465C3800210822F4F727FE381F9E
:10FFC0006A3F10213970049901602078294604F0B5
:10FFD000BFFA002805D001980078C00701D0FB20A7
:10FFE00038700E20F9F76AFBF1F7EAFB07B0F0BDB5
:10FFF000F00E0020100F0020054C041080B504F016
:020000041005E5
:10000000C7FA80BD80B504F063FB80BD80B50020D9
:1000100004F060FB03F0B8FC80BD704700210A4685
:10002000062905D0435C002B00D00122491CF7E7CC
:10003000D0B27047F0B591B001920091054608A981
:100040000320088007AA0024148014480068183090
:1000500003AF3B4600F042F80DAE10223046214679
:10006000F4F7D4FD082230460099F4F7CBFD09AC33
:1000700038463146224604F095FB02AE0222304655
:100080002146F4F7BFFD287802994140019A11708A
:10009000707869784140517011B0F0BDF00E0020C9
:1000A000B0B594B014466A4604F09EFB054600289D
:1000B00003D16846214601F031FE284614B0B0BD98
:1000C00010B5044604F0B2FBFF2805D081200022C1
:1000D000214604F0C7FB10BD022010BDBFB50D784E
:1000E0006C462570497861701178A1705178E17083
:1000F000002103910291019121461A4604F052FB1E
:10010000BFBDB0B50C46054604F090FBFF2805D0F6
:1001100000202946224604F0A5FBB0BD0220B0BD58
:1001200010B5002913D000220C462346521C246827
:10013000002CFAD172B644681C60416001888918AD
:10014000018062B6002004F0B9FBF1F739FB10BD65
:1001500010B588B068462021F1F780FF002468467A
:10016000202C04D00019F4F787FD241DF7E705497A
:10017000F4F766FD801C01D0002000E03A2008B0B2
:1001800010BDC04659BD0510B0B51C461546002926
:1001900007D101890020062200F0ACFA01460028B0
:1001A00009D00220488048680572486844720620D9
:1001B00003F0AAF8B0BD8820B0BD0000F8B516461F
:1001C0000C4605460089FDF7AFFC024601200027DA
:1001D000164B3946FDF7C8FC2889FFF743FD002E72
:1001E00003D002212846FFF757FD28461830082281
:1001F0003946F4F70BFD6420295CEF220A402A54AB
:10020000E87B2F210140E973102C06D0002E04D08A
:100210006878A91C04F064FBFB27AF7229890220CF
:1002200002462346FFF7CAFDF8BDC0463075000000
:10023000F0B58BB0059317460D4609A9F9F7C8F834
:10024000119C10980690002818D00495129E002545
:100250000698A84210D00498039009A8029008A814
:10026000019007A80090EBB220463946059A04F0A9
:10027000A3FB70556D1CEBE730780AE0039509A8E5
:10028000029000220192009220463946134604F063
:1002900093FB0BB0F0BD000006494143090C24223A
:1002A000D2434A43101881B2242900D92538C0B25C
:1002B0007047C046EB060000FF220E324243100A90
:1002C00089084143880C401C70470000F8B51E4661
:1002D00015460F46044600F033F800281AD0EFF315
:1002E000108272B6154801684869A04217D0009282
:1002F000A660A761E56118312046FEF74DFD204656
:1003000003F014FAFEF758FE04F0B6FB009880F3F1
:10031000108802E0A761E561A6600020F8BDE069F1
:100320004968081A823003D482F310888620F8BD09
:10033000009204F0AFFB01480168D9E7080F0020E4
:1003400010B5EFF3108472B604F0B8FB84F3108894
:1003500010BD88214058018803200840704780B5AF
:1003600088228058028803239A4302801940028819
:100370000A4302801620F9F7A1F9F1F721FA80BDAE
:1003800010B5044604F0B4FB002804D02046FFF763
:10039000E0FF032801D1002010BD012010BD4B4219
:1003A0004B410C21594340184179CB070020002BC9
:1003B0000BD0022A05D0012A05D0002A05D18807D2
:1003C00002E0080700E04807C00F704789004018A6
:1003D00084214058801C7047B0B5034600202C2B68
:1003E00000D9B6E003245C435A4D2C1964788C4242
:1003F00000D0AEE0D41E604260412C2B00D9A7E0B3
:10040000990001A251588F46530505105305051058
:10041000BD04051053050510C1040510C1040510E5
:10042000BD040510BD04051053050510BD040510DD
:1004300053050510BD040510BD040510BD040510CD
:10044000C10405105105051051050510BD04051026
:10045000BD040510BD040510CF040510CF04051020
:10046000E1040510E7040510F1040510510505101D
:10047000D5040510D5040510F7040510BD040510BA
:10048000BD040510DB040510FD040510DB04051098
:1004900007050510C9040510C9040510C904051095
:1004A0000D050510170505101D0505102F05051074
:1004B0003F050510BD040510BD0405100120B0BDA9
:1004C000601E84412046B0BDFAF7E0FA3DE0FAF73D
:1004D000CFFA3AE0FAF7D8FA37E000F0B7FF1FE0BA
:1004E000F1F7CEFF31E0601E8441F1F7C9FF22E051
:1004F000F1F7C6FF14E0FAF7C3FA22E0601E844168
:1005000000F0A4FF17E000F0A1FF1EE0601E844190
:1005100004F0F4FA0FE004F0F1FA01E0FAF7B8FAA7
:100520000146401E8141604260410840B0BD601EEE
:100530008441FAF7ADFA411E88412040B0BDF4F77E
:100540005FFB002804D0FAF799FA411E8841B0BD3C
:100550000020B0BD20E90510F8B5054687780846AB
:10056000114600F021FA064601240D2F01D1012E7B
:100570000FD0112F01D0072F0AD1ED78284600F0B7
:10058000DFF8864204D1284604F0BAFA002800D1E8
:1005900000242046F8BD0000B0B5034600202C2BF7
:1005A0006BD803245C43384D2C1964788C4264D199
:1005B000D11E484248412C2B5ED89A0001A39A587C
:1005C0009746C0467B0605107B0605107906051088
:1005D0007B060510790605107906051079060510C9
:1005E000790605107B060510790605107B060510B7
:1005F000790605107D06051079060510810605109F
:100600007906051079060510790605107D06051096
:10061000790605107D060510790605107D06051082
:100620007906051079060510790605107D06051076
:10063000790605107D0605107D0605107906051062
:100640007B06051079060510790605107D06051054
:100650007D060510790605107D0605107D0605103E
:100660007D0605107D0605107D0605107D0605102A
:100670007D060510790605100020B0BD0120B0BD33
:10068000481E81410846B0BD20E90510B0B50C46B2
:10069000054600F027FC022C03D307D0032C08D01A
:1006A00013E00119097A00290FD102E0A98B4A054C
:1006B00006D5C17A002901D0032406E0002115E007
:1006C000012292021143A983022409490968902258
:1006D0008958C96B0A68916B4023CC544B6C936367
:1006E00000224A640019027A521E02720846B0BD06
:1006F000040F0020B0B50D46012801D1044600E0EA
:100700000324002800D10446501E1F21014321313B
:1007100089B2204604F000FA00280BD085800168D9
:10072000816003210C40621E51425141002C03D0D4
:10073000C90102E00020B0BD40210173001DB0BD21
:100740002C2804D8032141430248405C7047142000
:100750007047C04620E905100A68002A04D01146F7
:10076000526C002AFBD14431002242640860704779
:10077000F8B5044604F014FA05460027022F19D0F4
:100780005720800060430C49096890228958C96B42
:10079000496808180C2179434018112109014618AD
:1007A0003168002904D02846324604F009FAF7E7F8
:1007B0007F1CE3E7F8BDC046040F002010B50446D7
:1007C000007AF721014021720A48006800699021EF
:1007D00000220123FBF724FF002804D001464460D7
:1007E0009020FBF779FF044800688521425C521C89
:1007F000425410BDF40E0020040F0020F8B50A4644
:100800000146074800689023C058C06B006802ABDF
:10081000019303AB00932030012304F0DFF98FBD77
:10082000040F002070B50D460446164800682C21C0
:10083000405CC007C10E01D1052206E012480068E5
:100840002F22805CC0061CD515226F20C04341407A
:100850000E4800680069CEB202233146FBF7E0FE85
:1008600000280ED00146047285720020C871042051
:10087000887105224A710871200A48723046FBF7D8
:100880002BFF70BDF00E0020040F0020F40E00209E
:1008900010B50446EA20205C01280DD020462E30F9
:1008A000017806480068A030FFF732FAE620002100
:1008B0002152E6346180217110BDC046040F002032
:1008C000B0B557218A00424318490B6890215B5804
:1008D000DB6B5B689C1880220023A3502E22A0545F
:1008E0008C22A350E322A3544122FF25A554104A91
:1008F0006250A3850121218519210904A165E165C3
:1009000021660C496187214690312922D2008A81D3
:10091000094A0A4B4B608A6004F09CF9204604F0B7
:10092000CDF978342046FBF783FAB0BD040F0020E0
:100930001B001B00FFFF000048011B001B004801BB
:100940000020704710B5FBF7CFFA04460021FFF7EF
:100950003DFD8078FF212A31605449208000215AD2
:1009600008220A43225210BD8421405801880122E6
:10097000914301807047B0B50C460546002B03D06B
:10098000104604F0A3F905E00C20604328184079D4
:100990008006C00F002805D0022228462146FFF716
:1009A000FEFCB0BD0020B0BD80B504F0A1F9002868
:1009B00002D03821405C80BD142080BD10B50146B6
:1009C0001239032901D2002010BD840000F08AFAF8
:1009D0000068005910BD0000F0B58BB001931546BA
:1009E00005918A78D11FCEB2012300240B2E19461F
:1009F00000D321460894604CF4400C4002940C242F
:100A000027466F432121C9004618F7192E2103906C
:100A1000405C0990304629460A92FFF7ACFF0790E8
:100A200030462946089AFFF7BAFC089004973F79A8
:100A30000695284604F070F90246444331190879B6
:100A40008979079B002B08D0089B04290A9D14D1A3
:100A5000A84212D1002B06D118E0089B002B0A9D5A
:100A600014D0042937D1029900292FD0059809996B
:100A70001446FFF771FD22462BE0099F38461146C8
:100A8000FFF792FF06460125042450E00024019858
:100A900003282BD0012861D1099F38460699FFF71A
:100AA00083FF064601243846214604F038F9002821
:100AB00036D0FF201A30039908180778284604F02A
:100AC00005F9012500282DD12C462CE0401B411EA4
:100AD0008841002808D0099F38461146FFF764FF77
:100AE00006460125052422E0002437E0099D28461A
:100AF0000699FFF759FF06460298002809D0059885
:100B00002946069AFFF728FD002827D0054603242A
:100B10000CE00A98874224D12F460125032406E0E1
:100B2000254604E00224B80600D42C46099F30462E
:100B3000FFF744FF002808D00646384604990F1DE9
:100B400006992246059BB0473870E01EC0B24008A7
:100B50007E2802D80398FFF707FF2C4620460BB0EB
:100B6000F0BD012EFAD1039804F0E3F80028F5D087
:100B7000012505242E46D9E74104000080B50C224A
:100B80004A437D214904815080180121817100214F
:100B900041711620F8F792FDF0F712FE80BD0000BB
:100BA000F0B5C7B01E4615460F46044609A8F82101
:100BB000F1F754FA204604F0C3F800281AD004468E
:100BC000079505462C352878032805D103202146B2
:100BD00004F0DCF8002834D0AC780125032220464C
:100BE0002946069204F0E7F8002F05D1002803D02B
:100BF000002647E0022645E004940596384600F0BA
:100C00004DF9072600283DD00446002003902071AE
:100C1000002F1ED01827059847430837032002905D
:100C2000394603F079FF206000282BD009A9002263
:100C30003B4603F09CFA207905432571029A024352
:100C40000AE0492080002018008880061DD41A265A
:100C500018E00020206002223820069921540598CF
:100C6000E071039E66710798002806D022711B4828
:100C70000068417F02220A434277012104982246FC
:100C800000F014F9304647B0F0BD35460026002F7D
:100C9000F8D009A908AA204604F0A0F8002D0ED02B
:100CA00008A8058828463F38C021F7F76DFF628FF6
:100CB00009A9019100213F2D08D8084607E0628F5D
:100CC0008020002109AB04F0B1F8DBE7401CC3B27F
:100CD0000093022004F0ECF8D4E7C046040F002093
:100CE000F0B585B004464126805DF8F7C3FB0546A4
:100CF000A05DF8F7B8FB92236D1EE9B22746923744
:100D000070260322052903920496314605D869B25C
:100D10008A001A4989581A4DAA580294E35A7E88C3
:100D2000401EC5B2052D07D840B28000134D2C5887
:100D30000494134D2858039093405818000215212D
:100D40000C012546E83540190E49F7F71DFF0190C3
:100D50000398864004983018000240190949F7F7B3
:100D600013FF80B2F988814200D80846019908181B
:100D700000190299C86605B0F0BDC0469013041072
:100D80007813041071020000F8B500924588AC0891
:100D90001C80491C8AB2A6188788BE4200D9091B4C
:100DA0000A199200BE4200D96D1C03263540521923
:100DB0001A80A3001B180833009C236092B2058898
:100DC000521B1746374084886743354052199208B2
:100DD000D21995B2C688B54200D9C280A5420AD8B8
:100DE00009B2002907D59978FC220A40511C997054
:100DF000083000990860A54201D90020F8BD012003
:100E0000F8BD70B58678C578041D2846214604F0E3
:100E100095F800281AD0142D04D8B008226821466D
:100E2000904770BD3F2D04D80020214604F09CF867
:100E300070BD412D04D80020214604F09CF870BDFF
:100E4000622D03D80020214604F0A0F870BDFEB545
:100E50000191044607460837F3F722FF02900D463A
:100E60002678207D002804D03846F3F721FF227829
:100E700000E03246701D029CE108C1400198401A12
:100E800000B2401EC117083204F08CF802194D411F
:100E900038462B46F3F708FFC0B2FEBD80B541428D
:100EA00041410020FFF7F2FB80BD000010B5572341
:100EB0009B0043430A48006890240059C06B406877
:100EC000C0180C234B43C0181121090141181046CA
:100ED000FFF742FC1620F8F7F1FBF0F771FC10BDAC
:100EE000040F00200348006890214058C06B006840
:100EF00034307047040F002080B504F065F84E21AF
:100F0000405C80BDFEB515480068902102914158B3
:100F100054200190085ACF6B124C451CA9B2090A03
:100F20000E2901D90E494518002F0FD00026206840
:100F30003421415CF0B2884208D2FAF7D5FF761C22
:100F4000A9B2408F8142F2D12846E6E70348006803
:100F50000299405801994552A8B2FEBD040F0020E5
:100F600002F1FFFFF00E002070B50D460446401C54
:100F7000002625223146F3F749FE3046252E0CD2B5
:100F800007213140F208AA5CCA40D10703D0C1B2A0
:100F900061184E70401C761CF0E7207070BD7047E1
:100FA0007047704780B50346FC3128330A22084653
:100FB0001946F3F727FE80BD80B5FAF795FF41216A
:100FC000405C034909684979F8F748FB80BDC04691
:100FD000040F00207047000010B5C26C0146E631D6
:100FE0008B8A5343028F0A325A43120B93B2084C36
:100FF000A34200D823465B1DE62403530120087159
:101000004A801320F8F75AFBF0F7DAFB10BDC04610
:10101000B30B00000021182909D07D225204425050
:10102000421801239371002353710C31F3E7818B34
:1010300001220A438283704710B50446FDF72EFE55
:101040000248006881682160007810BD080F002008
:10105000042805D0012806D1FF20A430074A04E067
:10106000044A054801E0064A064841438818000A38
:101070007047C046E9260100381A00000612000039
:10108000C62000004703000001480068808A7047BE
:10109000040F00204007000F0149085A7047C0465E
:1010A0007CD30510B0B5042801D00C4C00E00A4CEC
:1010B000042802D02920050101E0A9204501F9F703
:1010C000D7FC012800D02C469634A0B20449F7F78B
:1010D0005BFD401CB0BDC0462085FFFF90100000A6
:1010E00071020000F0B58DB00446954800682C21CF
:1010F000405CC007C50E6F20C6436E40F3F780FD0D
:101100009049096836228B5C202213403631002832
:1011100066D0002B00D110E1887BC00763D0002D82
:1011200000D11222A08A0C90A77DE07D0890608AF1
:101130000B90208A0990A0890A9020680590606829
:101140000790A0680690207E0390607E0490E58959
:10115000A07E02907C4800680069F1B20A23FBF788
:101160005FFA002800D1E8E00446019707461F37E0
:101170004572039820730498E07202982072280A3E
:10118000A07220460D30062505992A466F4B9847D8
:101190002046133006992A466C4B98476B4B2046E5
:1011A000193007992A46984721200999215425206A
:1011B000089A225420462130090A41700A99080AE7
:1011C000787039700B99080A787139710C99080A8E
:1011D000787239720198F871201D29212222A2E02B
:1011E000002B00D1A9E0887A800745D4487AC0074F
:1011F00000D1A2E008200543E07D0C90608A0B90AE
:10120000208A0990A0890A9020680890207E069084
:10121000607E0790E789A07E05904B4800680069D2
:10122000F1B206232A46FBF7FBF9002800D184E03F
:101230000446054613354772069820730798E072F6
:1012400005982072380AA07220460D3006220899AF
:10125000F3F7D8FC0999080AA07561750A99080A7C
:10126000687029700B99080A687129710C9860766A
:10127000201D0121132256E0002D01D01C2200E088
:101280000D22E07D0A90678A208A0B90A0890C903D
:101290002068079060680990A0680890207E0590FB
:1012A000607E0690E589A07E04902748006800696A
:1012B000F1B20923FBF7B4F900283ED004460397A6
:1012C00007461F374572059820730698E072049808
:1012D0002072280AA07220460D30062507992A465A
:1012E0001A4B98472046133008992A46174B9847BF
:1012F000164B2046193009992A46984721200B9A07
:10130000225425200A992154201D21462131120AF8
:101310004A700C9A110A79703A70039A110A79711D
:101320003A710A211F22042323713E234370E17185
:10133000A271F0B22146FBF7CFF90DB0F0BDC04667
:10134000F00E0020040F0020F40E0020054C0410C5
:1013500070B50D4604461A4800682C21405CC00751
:10136000C10E01D111220AE0164800683622825CC3
:10137000920624D53630C07A800720D51F224E2011
:10138000C0434140104800684069CEB20323314653
:10139000FBF746F9002812D001468472002008733A
:1013A0004D7208721220C871062088713E20487163
:1013B00004200871200AC8723046FBF78DF970BD11
:1013C000F00E0020040F0020F40E0020B0B50D46F2
:1013D0000446124800683621415C89061CD5363027
:1013E000C07A000718D50E4800684069A1212C2258
:1013F0000223FBF715F900280ED00146047285720E
:101400001420C871042088713E224A710871200A94
:101410004872A120FBF760F9B0BDC046040F002060
:10142000F40E0020F8B50A460146074800689023EC
:10143000C058C06B006802AB019303AB009320302F
:10144000012303F0C9FD8FBD040F00200020704769
:10145000F8B51D4617460E460446F7F703FF20462B
:10146000F7F70AFF2046F7F71BFF20462146F7F75C
:1014700034FF2046F7F73FFF20463946F7F735FFA0
:101480002046F7F74CFF2046F7F73AFF2046F7F7DC
:10149000FCFE2046F7F71CFF069B002E0ED0002115
:1014A000009194202A46F7F741FE01462046F7F7BF
:1014B0002EFF20463146F7F7E5FEF8BD12480068DA
:1014C0008C21465800200090962001212A46F7F7EB
:1014D0002DFE01462046F7F71AFF2046F7F7E6FEF5
:1014E0002046F7F7EFFE2046F7F7E6FE2046F7F72F
:1014F000D1FEB11C2046F7F7C5FE2046F7F7F6FEF1
:101500002046F7F718FFF8BD040F002010B5044679
:1015100000213022F3F77AFBFF20A07510BD0000F8
:10152000FEB504464126805DF7F7A4FF0546A05DA1
:10153000F7F799FF009092206B1ED9B2264692369B
:101540007027032505292A46394605D859B28A004D
:1015500017498958174B9A580191235A0296748853
:101560000098401EC1B2052905D840B2800010493C
:101570000F5810490D589340019818180002472140
:101580003E46CF00C0190C49F7F7FEFA0190AC4077
:10159000A0190002C0190849F7F7F6FA80B20299BB
:1015A000C988814200D80846019908187B30FEBDE1
:1015B00090130410781304107102000010B58161BB
:1015C000C369002B02D0DB435B1800D4C1610178F2
:1015D00041750F210A400275C168832900D8832113
:1015E000C160EFF3108472B602F0A0F808480068FA
:1015F0004078400701D4FDF7DFFC84F31088EFF357
:10160000108472B603F038FA84F31088002010BDFD
:10161000080F0020F8B50446C0062DD416460D4626
:10162000184800686107C90E401800694322042366
:101630002146FAF7F5FF002820D001460A3006714E
:10164000057000274F7210220A72CF710A228A7128
:10165000FF224A7182220A71320EC271320C8271EB
:10166000320A42712A0EC2702A0C82702A0A427013
:101670002046FBF731F802E0862700E007273846CE
:10168000F8BDC046F40E0020B0B50124302120463C
:10169000FAF7C4FB074D28600748C07AC01DC00890
:1016A000401E03210143491C2046FAF7B7FB296875
:1016B0000861B0BD080F0020B40D002010B5012452
:1016C000844008212046FAF7A9FB034909689022C3
:1016D00089584C74C86010BD040F0020F8B500286C
:1016E00046D00E46012568212846FAF797FB214F80
:1016F0003968902409598860B540EEB20821304617
:10170000FAF78CFB3968095989684D724860009670
:1017100075001126212E0FD008212846FAF77EFBEE
:101720003968095989688919491F0860386800595A
:10173000806885550836EDE728210098FAF76EFB9A
:1017400039680959896808600B480225012629462D
:101750003246FAF765F83968095989688864064895
:1017600031462A46FAF75CF8396809598968C8642D
:10177000F8BDC046040F0020B00D0020F0B585B0C4
:1017800004920F4606464D2403F01EFC06550760E2
:10179000039001464D31012002914870C004019030
:1017A0000025EC27049CF0B285423CD203980068E7
:1017B000C6193046FFF7AAFE304630381B4A028071
:1017C000304628381A4901803146323900200880D5
:1017D000314642390A8031463839019A0A60314629
:1017E0005C39086031466039086031466C390A60FE
:1017F000314670390A6031462639087031462A3937
:10180000087031463E3907220A800499002902D027
:1018100060659C3E3460472080003F185C3402982D
:1018200006786D1CBFE705B0F0BDC046FFFF0000A5
:10183000FF010000704770477047704710B50128DE
:1018400010D101290ED1012A0CD10024204603F029
:1018500007FC44300449897F002903D00460C0306C
:10186000491EF9E710BDC046B40D0020704770470F
:1018700070477047704770477047704770B5134E98
:1018800030680569002430222146F3F7BFF910487B
:10189000C07AC01DC008401E032101434A1C2846CF
:1018A0002146F3F7B3F93068056101462831024655
:1018B0001832034620338461C26104624362846249
:1018C000C162044800680482047370BD080F0020E0
:1018D000B40D0020040F0020B0B50E480068982118
:1018E0004458462000252554F9F7CEF801280FD199
:1018F00003F0C6FB242208498A5C002A2A4600D04D
:101900000268E2642322895C002900D045682565CD
:10191000B0BDC046040F0020B40D002070477047D2
:10192000F8B5184E3068002444771E301122164F47
:101930002146B84730682F30FF2505222946B84791
:10194000306834211F22425401463431CA722022A9
:101950008A704C70403007222146B84730684730C3
:1019600008222946B84730681C3001222146B84772
:101970000648006835214454306856214452563098
:101980004480F8BD040F00200D4C0410F00E002020
:1019900080B5044800685C3000210422F3F736F972
:1019A00080BDC046040F00207047002101717047C0
:1019B0007047002A05D003780B70521E491C401C4A
:1019C000F7E7704780B50548006890214058C06B24
:1019D00000682030FFF7E9FF80BDC046040F0020FB
:1019E00010B51B48006890214058C06B0068FF216B
:1019F000023181871749CA7A3E23C2542B22895C5F
:101A00003F22815401201449144CA047032014495B
:101A1000A04704201349A04707201349A0470020EE
:101A20001249A04702201249A04703F031FBF0F70A
:101A30008DFD03F033FB03F037FB03F03BFB03F0BA
:101A40003FFB03F048FB03F051FB03F055FB10BDD7
:101A5000040F0020B40D0020259C051007C80410B9
:101A600009A40510A9B0051085950510ED9805107D
:101A7000ED9605100021034A8162C2621921C90155
:101A80000186704701000100F0B59BB01446069135
:101A900007460FAE00252E2230462946F3F7B6F84A
:101AA0003046103010220699F3F7ACF82036F87C57
:101AB00003280BD0022810D1F8690FA90870020A78
:101AC0004A70020C8A70000EC87006E03E48016839
:101AD00044310FA81022F3F795F8387D01210591C4
:101AE00003F010FB0290387D294603F00BFB0190B8
:101AF0006520385CF07106960FAE304628303946C6
:101B0000663106220092314B049098477878069906
:101B1000087030462130B91C0390009A2B4B98472F
:101B20002948006801994118B4310BAF3846093093
:101B300007220192254B98472348006802994118D3
:101B4000B431B81C019A214B9847781C0699C91DDD
:101B5000059A1E4B98471D4B38460699059A98479B
:101B60001036102D07D0705D0BA9495D414007A8C4
:101B700041556D1CF5E70FA807A9224602F012FE99
:101B80000BAE0025102230462946F3F73FF8062712
:101B9000304604993A46F3F735F8B01D03993A46B2
:101BA000F3F730F8102D07D0605D0BA9495D414077
:101BB00007A841556D1CF5E70FA807A9224602F0BA
:101BC000F1FD1BB0F0BDC046100F0020054C041005
:101BD00070B50D460646062001F096FB0446002827
:101BE00003D02846FBF764FF08E03089FBF79CFF31
:101BF00002460020024B0146FBF7B6FF204670BDAF
:101C000030750000B0B504460B480068AC21405860
:101C10004578801CA11C0622F2F7FFFF0146002038
:101C2000002900D0B0BD61788D42FBD1617B0120DD
:101C300001436173B0BDC046100F0020B0B51C4613
:101C40001546002804D0FFF7DDFF002802D113E07D
:101C5000002911D1022D05D208480068AC21405856
:101C6000083006E0022D07D104480068AC21405836
:101C7000183020600020B0BD1220B0BD100F002031
:101C8000F0B5B9B01C460E46074601AD20202871BC
:101C9000102038900A900392002000902846F2F716
:101CA000DBFF284639463246F2F7DAFF6A46284615
:101CB0002146F2F7D9FF39B0F0BDFEB5144606460D
:101CC00001250291012905D17079C02101404029E7
:101CD00000D1002501F060FB20463E3001902746F0
:101CE0001E37204601F05EFB002815D1002D0BD0D9
:101CF00060780121014002988142F2D106220198C8
:101D00003146F2F78AFF03E03046394603F000FA25
:101D10000028E6D10020FEBDB320FEBDF8B50C467C
:101D2000054601208873E878087408462030294663
:101D300044310226194F3246B84720462230291D29
:101D40003246B84720462430A91D0822B84720460D
:101D50002C3029460E3110263246B84720463C30FA
:101D600029461E313246B84720464C3029462E318E
:101D70003246B847A86CE066E86C206768781621A0
:101D80000140E172E0210140607C08436074A87862
:101D9000010702D5FE210840E075F8BD054C04108E
:101DA00080B503F0C7F980BDE0B5034601A9012065
:101DB00008806A4600201080024800681830FEF74C
:101DC0008DF98CBDF00E002080B50A4A12683D23C3
:101DD000D25C0270012A05D0002A08D1084602F020
:101DE000ADFB02E0084602F09FFB002080BD86208C
:101DF00080BDC046100F0020E0B50B46014601AA89
:101E000001201080024800680830FEF767F98CBD99
:101E1000F00E002080B56421415CC90706D1112174
:101E20004156002902D5817E8A0602D4FBF778FD4F
:101E300080BD04221143817600F085FB80BDF0B5A2
:101E400097B0044603AE002150223046F2F7DEFE82
:101E50005D20205C01210140717030463E302146FA
:101E60005E3106252A46F2F7CDFE207CF070E07D3B
:101E7000010716D411202056002804D503A8417864
:101E800080220A43427003AE301D214622310222D5
:101E9000F2F7B8FEB01D214624310822F2F7B2FE57
:101EA00003E0FE21084003A9887003A80E302146F4
:101EB0002C3110263246F2F7A5FE607C81060CD547
:101EC00003AF38461E3021463C311022F2F79AFE0D
:101ED0007878202101437970607C40060BD503AFF0
:101EE00038462E3021464C311022F2F78BFE78789E
:101EF000402101437970A07C052108420AD003AF3C
:101F000038464430214620310222F2F77BFE7878B1
:101F1000304301E003A84078E17A2940014303A857
:101F20004170E16E226F1591169203F016F9054685
:101F300000280CD0A11C01AC06222046F2F762FE5C
:101F4000A5714220052107222346FDF701FE284600
:101F500017B0F0BD80B52822504304490968AC236E
:101F6000C95808180021F2F751FE80BD100F00205B
:101F700070B51C4605466520285C08702946663108
:101F8000062610463246F2F73DFE68782070A91CFE
:101F900004983246F2F736FE70BD0000F0B5A9B0E5
:101FA00004930292019105901BAD352106912846BC
:101FB000F0F754F8284625300390012484736520F7
:101FC000287129486880622068700FAF2022009233
:101FD000384605992346254EB047254A17AB059349
:101FE000244E38460099B047681D10270097019984
:101FF0003A4623461D4EB0472846153002993A46C8
:102000002346B047252004992954284626302E9986
:1020100006273A462346B0472F980399C8712846A9
:102020002D3030993A462346B0470BAF28460699E3
:10203000059A3B460F4EB04731983946009E3246CE
:1020400023460A4FB8472C7007AF28460699059AD1
:102050003B46084DA8473298394632462346034C42
:10206000A04729B0F0BDC046746C0000B5E604106E
:10207000A7E90510811C0510F0B595B007920F4631
:10208000064613A80021017012A8017009A81022A9
:102090000891F2F7BBFDF07C022808D1F06909A98C
:1020A0000870020A4A70020C8A70000EC870012F74
:1020B00021D14C4804684020205C14AD2870707B0E
:1020C000012101406970307D002103F01BF80019E7
:1020D000B721405CA870F07C032827D13046FFF779
:1020E00091FD002822D0002101220DAB3046FFF7E0
:1020F000A5FD0D9916E0307B14AC2070707B800735
:10210000C00F6070307D012102F0FCFFC01CC0B226
:10211000344909680818B422805CA070F07C032858
:1021200004D1443109A81022F2F76CFD6420315C1F
:1021300001221140012F06D1002904D135464C352A
:1021400034463C341BE0481E0C4684417B427B41B4
:10215000234004D035464C3534463C340BE0084629
:10216000384304D08620012F2BD1002929D03546B1
:102170003C3534464C34012F25D1002923D00EA8FC
:10218000009013A910AA12AB3046FFF7F1FE089E8B
:10219000079B1448006813A9097812AA12780593BE
:1021A0000EAB0493039210AA0292019114A900911C
:1021B00049218900401809AB21462A4602F0F0FF68
:1021C000304615B0F0BD3943481E81415340194295
:1021D00005D110A8009012A90EAA13ABD4E786204F
:1021E000EFE7C046100F0020F8B50546018900242E
:1021F00015222046FEF77EFA00281BD00646112045
:10220000708070680D2101724D2080000D490968B1
:102210000B18052110223046FDF780FC64202F5C4E
:1022200028463146FFF7D4FC002808D1F80703D030
:10223000432002E0882402E05420C043A8722046D4
:10224000F8BDC046100F0020B0B50D46044602F0A0
:10225000F3FF0146284602F0F7FF044800680068D3
:10226000C0682146FDF75CFFB0BDC0460C0F0020E2
:10227000BFB50D46044601AA0846214602F0FCFF00
:10228000002801D103F012F82846214603F013F884
:1022900004B0B0BD10B50B490A68B121535CB1322E
:1022A0000021032905D001248C401C4203D0491C85
:1022B000F7E7032103E0002801D023431370C8B2DD
:1022C00010BDC046100F00201CB5042107226C462B
:1022D0002346FDF70FFC62780A21042A13D86A46C8
:1022E0009278012A0FD86A46D27892070BD4074910
:1022F000096834228A5C69460979914202D311291E
:10230000014600D3062108461CBDC046100F002020
:1023100080B5127D1201002900D00832D1B2044AE2
:1023200012685318B43304210722FDF7E3FB80BD84
:10233000100F002070B50546008902F0DEFF46420E
:1023400046411B4909683C22895C022904D00024CB
:1023500001292AD1002828D108200143A975154850
:1023600000684721405C012480071ED52D89124852
:102370000068806902214D220323FAF751F90028F1
:1023800013D001468572042048720B200872002089
:10239000C871052088710E73FF2048718220087172
:1023A000280AC8720220FAF797F9204670BDC04685
:1023B000100F0020040F0020F40E0020F0B587B0AD
:1023C000044606A80025057021890B222846FEF741
:1023D00091F900281DD00590B020A0720395E575F5
:1023E000E07B2F210140E173454E3568207D0121BE
:1023F000049102F087FE4019B721475C3068322112
:10240000405C022807D10820384004D10321059FF1
:1024100054E0882664E0207EC00705D106AD28463A
:1024200002F086FF287802E0607D06A90870074068
:1024300018203840E17D0143E175080702D4B42536
:10244000059F07E02046F0F7C4F801460028059FE5
:1024500034D1B2252046FFF7D5FB06984107C90FB6
:10246000E173C007800FA073204602F07BFF204677
:1024700002F0C4FF0146002820D1204603F010F8E6
:10248000842803D00146002801D017E0B2251C485B
:1024900000683521405C06A90B78627B617CA77CD3
:1024A00000AE83C60221059F384603F04DF8204652
:1024B0003946FFF78DFB0146002814D0104800680C
:1024C000B122825C002A05D0B130237D049D9D405D
:1024D000AA430270012320463A46F9F78BFC0646D0
:1024E000304607B0F0BDE07AF8210140E17238468D
:1024F000039E31462246FFF70BFFA572F0E7C04668
:10250000100F002010B514460A46406819462346AD
:1025100003F038F810BDF0B585B0009317460546B6
:1025200001AE3046083008242246F2F76BFB3046F5
:1025300039462246F2F766FB28463146009A02F0F9
:1025400031F905B0F0BD1F2070470000F0B591B023
:1025500005460F4F3A686432002420212046FBF7DD
:102560008DF8002801D01F240EE001AE4022304635
:102570002946F2F747FB38686430064A3146F2F7DD
:1025800063FBC01C00D11224204611B0F0BDC04630
:10259000040F0020C5BC05101CB501AC2046F2F7A5
:1025A00067FB20881CBD000080B5064800891630F6
:1025B00080B203F027F8044800685C2101224254ED
:1025C00080BDC046B40D0020FC0E002070B5114C3B
:1025D000A07A2421F9F722FC0F490B6800221D463E
:1025E00050351E4648369A64DE641A655D65A47AE5
:1025F000002C0CD002620B685B6D18600123037025
:10260000054620350B685D652430641EF0E79A6549
:1026100070BDC046B40D0020FC0E002004480068C8
:1026200000680189C0684088401A80B27047C0467F
:102630000C0F00200D4909680A6872B60621515E28
:10264000002905D5032802D162B600220BE0002143
:102650004300D25E002A01DC0A4600E08A18032803
:1026600000D10A4662B690B27047C0460C0F0020F7
:1026700080B5818902F0D6FF80BD0000811E1E2931
:1026800016D800207944097949008F4418170F178C
:1026900019171B171D171F17211723172517171792
:1026A00027172917171717172B172D000120704709
:1026B00052281BD0D22801D10A2070470F20704722
:1026C00002207047032070470420704705207047A0
:1026D0000620704707207047082070470B2070477E
:1026E0000C2070470D2070470E207047092070475E
:1026F000BCB5002B0FD01C466B469970587001205A
:1027000018701A71080AD870A189052520462A4632
:10271000FDF704FA6580BCBD0022CA614268116001
:102720001C314160704710B50446C068002815D0C0
:102730004188091D89B2FDF7B2F9E168608902F0AC
:1027400081FF002808D1628921890020FDF760FA05
:10275000A08801218843A0800020E06010BD70B5F2
:1027600014460D4606468089401C81B23046FDF76E
:10277000DEF92880B089C01C81B23046FDF7D7F958
:10278000208070BD70B50D4604464689042E00D0E9
:102790000626002A05D0FBF7B9FC002802D003204A
:1027A00000E0002071198AB22189FDF7A3FF0028FB
:1027B00000D0868170BD000070B509490A686021AB
:1027C000535A00210225074C8B4206D0566E765B89
:1027D000864203D20835491CF6E7214688B270BD0F
:1027E000FC0E0020FFFF000010B50A460146007CE9
:1027F000202804D0102805D10C31022403E00C312C
:10280000042400E0102410462246F2F7FBF920468B
:1028100010BD80B502F02CFF002801D0408880BD9B
:10282000002080BD80B502F05BFF0549884205D0DD
:10283000C00004490968496E081880BD002080BDA9
:10284000FFFF0000FC0E002080B5017802220A4341
:10285000022A02D102F05AFF80BD408880BD10B527
:102860000C4600F009F8616889698B688A88022142
:1028700000F014F810BD00000749096834310968F8
:10288000002904D00A89824203D01031F7E7FF20E3
:10289000704708787047C046FC0E002010B54843CA
:1028A000C408A4B2944201D9002010BD07221040F0
:1028B0001A5DC2402020411A0020C043C840104089
:1028C00010BD000008490A68516E6223D25AD20036
:1028D0005218083A824202D3401AC00801E0002090
:1028E000C04380B27047C046FC0E002010B50C46B5
:1028F0000146020A12200E2A11D81A2C0FD80122E2
:10290000A240084B1A420AD0084602F019FA0028E1
:1029100006D02121C9004018214602F0FCFE10BD5E
:10292000022010BD2000080470B510480068342152
:10293000405C742141430E480268A43200200346E3
:10294000994212D01468E518AC7A6426AD5DED07A3
:1029500004D16034E4B2512C04D205E05034E4B226
:10296000412C01D37433EBE7012070BDF00E002041
:10297000100F002080B50320F1F7ABFC80BD10B52F
:1029800002F0D8FE0024002806D102F0EBFE002859
:1029900002D102F0F9FE0124204610BD10B509490C
:1029A0000A686021535A190409D0516E9CB2E400A0
:1029B000611808390C785B1E8442F4D100E00021D4
:1029C000084610BDFC0E0020064800686021415AF0
:1029D000002905D0406EC9000818801F0088704784
:1029E00000207047FC0E0020F0B585B0174604901B
:1029F0001C4D28686024065B02466032528896426D
:102A000017D202940393002917D001970846FFF7C5
:102A100059FF441C2868B1B2A2B291420BD3C9003D
:102A2000406E4018014608390822F2F7EBF8761E8E
:102A3000F0E7002712E0019F00E03446406EA1B2AB
:102A4000C900049A42544018039A42602868029BC5
:102A5000C25A521CC252406E40184780384605B0D8
:102A6000F0BDC046FC0E002010B50446FFF787FFFE
:102A700000280AD02046FFF7D5FE01461220002983
:102A800002D00A78002A02D010BD0C2010BD0846E2
:102A900002F03CFE0146204602F08AFE064800682D
:102AA0005C21425C0223134343540A20F6F706FEDE
:102AB000EEF786FE002010BDFC0E0020B0B50D46DE
:102AC0000446FFF7C1FE6168C98A002908D0C043E7
:102AD00008186188401880B2A84206D30020B0BD13
:102AE0000020FFF75BFFA042F8D00C20B0BD000033
:102AF000F8B50E460446FFF742FF002875D01225B0
:102B0000002C73D0207D802801D010286ED1102891
:102B100008D1218A29221202921C914202D1A16974
:102B2000002963D0A1782422114203D06278D21FF9
:102B3000092A5BD8102815D1208A2F4A8218052A25
:102B400010D801239340312213420BD02278012A5E
:102B50004CD100294AD129210902884202D1A06919
:102B6000002843D03046FFF75DFE00283ED00746E0
:102B7000007802283AD100252846314602F05AFE54
:102B8000002835D02E460121FFF798FF0546002882
:102B90002CD13846FFF758FE0546FFF743FE0146A5
:102BA0006D1CAAB204202346FFF71EFF854221D1E7
:102BB000207D10280BD1208A29210902891C8842F6
:102BC00005D1A069828880680021F2F71FF80B48C0
:102BD00000685C21425C0223134343540A20F6F749
:102BE0006DFDEEF7EDFD354600E00C252846F8BDFD
:102BF0008625FBE78725F9E700D7FFFFFC0E0020BD
:102C000010B50446FFF7BBFE00281ED02046FFF794
:102C100009FE01461220002916D00A78022A13D193
:102C2000084602F073FD0146204602F0C1FD084847
:102C300000685C21425C0223134343540A20F6F7E8
:102C40003DFDEEF7BDFD002010BD0C2010BDC046BF
:102C5000FC0E002070B586B014460E46054601A84D
:102C600010491422EFF71CFA002E07D101200E495B
:102C700001AA02F0F7FD0646002810D02846FFF70B
:102C8000FBFD7168096A8B680849C97A49084A1CC2
:102C90000421FFF703FE204201D0002000E0812044
:102CA00006B070BD50130410FFFF0000B40D0020EB
:102CB00070B5154604461A4800685C22805C82079D
:102CC0008120002A29D4A288120626D4481E80B268
:102CD000FFF7A8FD002810D04168097829421DD0CF
:102CE00002F0E0FD00280AD006462189032202F006
:102CF00009FE002805D0C02070BD122070BD8620BE
:102D000070BD102D01D0022500E00125208931463B
:102D1000FFF7A5FD054201D0002070BD0C2070BD5D
:102D2000FC0E0020F0B58BB00A9314460D46074602
:102D3000FBF74AFA002812D00646049780880C2731
:102D4000410700D583E0022C01D180077FD4029592
:102D50000394109C0A9B012B03D8032503E0122740
:102D600075E09800451CA01C1946002904D0028873
:102D700055190830491EF8E7F088022B02D3A9B292
:102D8000814264D803998A1E511E8A41A9B28142A8
:102D900000D30546A9B230460691FFF7F3FC0028A0
:102DA0000ED0074603980228079701960FD1B989DC
:102DB0001D22384602F021FE0A9801280FD04EE06D
:102DC0000820F6F77BFCEEF7FBFC88273FE0B9898B
:102DD0000A9801283ED11B22384602F00EFE2288B6
:102DE000B889401C81B2384602F014FE6368B88985
:102DF000E91E8AB2C01C81B23846FCF78FFE0798E4
:102E00004580039D022D0CD101200499029A02F005
:102E10000BFE0028019C0CD007460798FAF748FEE5
:102E200015E0E807019C04D0079A107A08210143B5
:102E300011720298079902F005FC0746022D06D18F
:102E4000002F04D1A08802210143A1800027384629
:102E50000BB0F0BD2322384602F0CFFD0A98A71C24
:102E6000012105950028CAD00A90079DA88940181D
:102E7000089181B2BB1E022428462246124EB0475A
:102E8000A889089E3018801C81B2284609942246E1
:102E90003B460D4CA047311DA88940188EB20699BB
:102EA0008A1B39888A4200DB0A4609997B5881B21D
:102EB00094B228462246044DA847A11908370A981B
:102EC000401E059DCEE7C0461DFB0410F0B589B03D
:102ED0001F4603920E460546FBF776F9002845D0BB
:102EE0000446C068002841D002970F9801900E98C0
:102EF00000901F48076838373F68002F0FD0388888
:102F0000A84204D13846FBF75AF9B04201D01C3729
:102F1000F2E7174800683830394601F0BFFAE06838
:102F2000FFF7A6FB411E0298002813D0C8B21E2846
:102F300007D04022114004D1E3680399029AFFF7B9
:102F4000D7FB2046FFF7EFFB002F0FD03846FAF7EC
:102F5000AFFD0BE004A8009A82814170012101704D
:102F60000199089106940597FBF740F909B0F0BD67
:102F7000FC0E0020F8B5054681884088FBF724F94F
:102F8000002808D0044628781E2806D1A1884906C2
:102F900039D40C2697E1022695E1410606D4CC49A6
:102FA000CC4A0A60A188890600D571E1E188821EB9
:102FB00086261E2A00D995E0032752007A4492887B
:102FC00052009744220080011E008001A30080016E
:102FD000A6008001220080011E008001980080016F
:102FE000310180019400800180018001AD008001E9
:102FF000B0008001800180018001800121008001FA
:103000009800052701E0E18801277F22104052380F
:1030100042424241B8B2884200D30F460097BFB245
:1030200020463946FFF7AEFB00282ED006462A7808
:10303000818902F00DFD2878811E16292CD84900BF
:103040007944898849008F4416000D0170000D01F4
:1030500077000D0193000D01A1000D01AA000D01E3
:10306000BA000D01C0000D012F000D010D010D0171
:10307000CE000D01E6009848028AB089401C81B25A
:10308000304602F0C7FC0320EBE00820F6F716FB01
:10309000EEF796FB882616E1202800D1CAE05228D8
:1030A00002D0D22800D0DDE02A89B089401C81B24C
:1030B000304602F0AFFCEB686A89B089C01C81B26F
:1030C0003046FCF72BFD2878122800D1B8E0D22832
:1030D00000D0C7E000980C3870802089314602F09B
:1030E000C4FCBFE0522802D0D22800D0EBE0D228A6
:1030F00008D0032207E02A7A5200571C8F4200D8DA
:1031000083E7E0E00F226B899F187EE7EA89D71DED
:103110007BE7EA68127C802A00D089E0152774E7F3
:10312000AA89571D71E702276FE76A892989304606
:1031300002F0CBFC052094E06A892989304602F030
:10314000C4FCAA89B089401D81B2304602F062FCFD
:10315000E889C01DB84200D80746F81F82B22B6923
:10316000B089C01D81B23046FCF7D8FC072078E05A
:103170006A892989304602F0A8FCB089401DEB68B5
:10318000197C80295ED181B210225EE02A89B08943
:10319000401C81B2304602F03DFC0B2061E02A89E0
:1031A000B089401C81B2304602F034FC6A89B08993
:1031B000C01C81B2304602F02DFC0D2051E02846A3
:1031C000314602F094FC0F204BE06A892989304691
:1031D00002F07BFCB089401DEB68197C802939D155
:1031E00081B2102239E02A89B089401C81B2304670
:1031F00002F010FC6A89B089C01C81B2304602F02E
:1032000009FC2B69AA89B089401D81B23046FCF7C0
:1032100085FC172025E02A7AB089401C81B230460F
:1032200002F016FC19201CE0EA68127C802A4CD0BF
:103230000727EAE62846314602F059FC212010E033
:1032400013200EE081B20C3302223046FCF766FCFC
:10325000092006E081B20C3302223046FCF75EFC06
:103260001120A070009870802A78B189304602F051
:10327000EFFB2878410611D41E280FD062892189DE
:10328000032002F0D1FB002804D03046FAF710FCEE
:10329000842618E0A08820210143A180608931465E
:1032A00002F0D0F9002801D081260CE02878002611
:1032B0001E2808D1628921890220FCF7A9FCA08878
:1032C00040218843A0803046F8BD11279DE6C046C6
:1032D00054040020C1820510B40D0020B0B50C4686
:1032E0000546FCF7EBFB014620600220002D09D0CB
:1032F000002907D00879002803D0897806200840E3
:1033000000D00C20B0BD0000FEB50C46011F0646E3
:10331000022921D8628800252046294602F07AFB3E
:10332000022720463946324602F074FB2582E581A9
:10333000257360686061A0616088001D6080207AEC
:1033400038432072204602F0DEFB002814D060884B
:10335000001F608081250FE0A0253F280CD0203879
:103360005F2809D801A886802221044A515C817116
:10337000019402F0D2FB05462846FEBDB40D0020A4
:1033800088710879C8718878062202438A7070476C
:1033900080B502F0C5FB80BD014800210170704777
:1033A000210F00201CB50346064C207850210091C7
:1033B00000210A46F0F741FF0121217002F0CAFB0B
:1033C0001CBDC046210F0020E0B5022801D3FF2814
:1033D0000DD1002200926B4618700192581C0622F3
:1033E000F1F710FC0199009802F0C2FB8CBD12208D
:1033F0008CBD00228262024628320B68002B04D06A
:103400004B68C36218604A60704705C10839C162E1
:1034100070477CB50D4604468069E16901900091D2
:1034200020694669002E05D0606A01AA6B462946CC
:10343000B04700E00120012D08D1A169A268E3682E
:103440005118C943009A5118C91809D5012801D14A
:1034500001207CBD0099E161022802D10198A061A0
:1034600002207CBD4178427D521CD3B28B4200D8F1
:10347000114641757047B0B50A68002A09D0C36982
:10348000DC431346002B09D0DD692D190ED59B6A4C
:10349000F8E7002282620860C16204E000228262D2
:1034A0004A68C262106028304860B0BD9A4207D0B6
:1034B000D96A8362C162D96A08602830D862B0BD17
:1034C00003462833D36282620860C162B0BD000047
:1034D000FEB50091002800D1EDE005462E46AD6A0C
:1034E000002D00D1E7E0B069B1680A18EF69D01B80
:1034F0008230714801684C6965D4F369A64201D0F5
:10350000029308E0D843019434464E68029630187E
:103510002646019CF4D4687D737D83425FD304D139
:10352000307DC0070BD1002728E0AC4201D101F06B
:10353000B1FAE87D08210143E975012728E00298E6
:10354000391AF368994206D2287DC00705D1EA7D71
:1035500000210F4608E0002709E000202862E87DEE
:10356000022202430127194608201043E875316200
:10357000F07D02210143F175A64204D0AC4207D18F
:1035800001F088FA04E00298F061304602F02CFB6A
:10359000287DC00714D1307DC00711D16878697DBE
:1035A000491CCAB2824200D8084668754248016880
:1035B00018312846FBF7F0FB2846FBF7F7FB3546AA
:1035C000002F8CD18AE7A54205D1F068316A81428B
:1035D00001D301F05FFA009800286CD07EE7307DBF
:1035E000C00717D1A6422F4600D0374678787A7D9B
:1035F000521CD3B2834200D8104678751831384631
:10360000FBF7CAFB3846FBF7D1FBA64200D02E469B
:10361000354663E702983F1A833F00D20027306A9D
:10362000874200D30746F06887421ED2D043AA697A
:103630001018AA68801825D4A64207D148784007F8
:1036400033D401F027FA1C480168737D70785A1C46
:10365000D3B2834200D81046707518313046FBF75C
:103660009BFB3046FBF7A2FB38E73762F07D022177
:103670000143F175A64212D0AC4200D02EE701F012
:1036800009FA2BE700203062F17D02200843F07533
:10369000A64202D101F0FEF9F07D082108E002986F
:1036A000F061304602F0A0FA18E73762F07D0A2197
:1036B0000143F17512E7FEBD080F002070470000BE
:1036C00070B5044600280AD0A07802F0A7FA16497F
:1036D0000D682E460836002805D0297B07E01248E1
:1036E00005682E460836297B10291BD30020FF22AF
:1036F00002322A8200010906090F40182873002CA3
:1037000001D0E06901E002F09DFA3060287B0F21D2
:103710000140E889C840C00704D00020F5F7CEFF7B
:10372000EEF74EF870BDC046040F002010B50446F9
:103730008069E169A2681018401A2062E07DF521D5
:103740000140881CE0750648016818312046FFF7E3
:1037500092FE204602F080FA0021FFF7B9FE10BD6C
:10376000080F0020F8B5284A927E12258A4225D9F2
:10377000002800D1014614224A4324480068436DC2
:1037800099184C78A006C60F0020002E02D01027F2
:10379000274014D1002E02D1082634400FD19E5C60
:1037A0004C688889214602F06FFA1949884208D08E
:1037B0000019817848070BD4D42000E02846C0B215
:1037C000F8BD032E2846FAD8F1001248C840F6E7A3
:1037D000032E2846F3D8C0467E4436797600B74497
:1037E00001060D010320014005D10846E7E703204B
:1037F0000140012906D02B20C043E0E7032001400F
:103800000229F8D10020DAE7B40D0020F80E0020DC
:10381000FFFF000000D4D400BCB50D4D28685F2127
:10382000405C800701D40C240FE06C46204602F077
:1038300043FA2046F7F7EEFD0446002805D1286834
:10384000663069460622F1F7DDF92046BCBDC04668
:10385000F80E002010B504460220012102F056FAAD
:10386000002800D010BD012C01D9122010BD204627
:1038700002F05AFA10BD000070B50346002900D1CD
:103880000A4629480068416D012B0CD1142353438B
:10389000CA5C012A33D0022A3ED1CA189478042087
:1038A000204390703AE014235343C9188E1C897842
:1038B000890721D500242146FCF72AFA1B48006815
:1038C0004721405CC00717D019480068806946222C
:1038D000022529462B46F8F7A3FE00280CD0014606
:1038E0008571C4710472FF20487182200871042020
:1038F00048722846F8F7F0FE0020307070BDC918F5
:103900004A788B78134302221A438A7000210122DD
:10391000084BF8F7F9FE70BDC8188078C9184A78C6
:1039200002438A7070BDC046F80E0020040F0020CC
:10393000F40E002020BF0200B0B502461048006817
:1039400005465A35002908D1A97889060024890F2F
:1039500014D0697902230B4010D0002A01D0094B02
:1039600003E07D21C9002B884B43012421462246D8
:10397000F8F7CAFE6879FD21014069712046B0BDA3
:10398000F80E0020307500007CB50D4C25685C20D9
:10399000285C8006800F12D05C35E8780226304023
:1039A0000DD101A8694602F0D9F96978014306D121
:1039B000E8783043E87020680121FCF7A9F97CBD64
:1039C000F80E0020084800685C21415CCA0606D455
:1039D000890606D45C30C178012008407047012078
:1039E000704703207047C046F80E0020014610398A
:1039F00005290AD80020C0467944097949008F4436
:103A000002080A09080C032070471D2801D1012073
:103A10007047052070470220704704207047F0B5BA
:103A200089B01D4616460F46049002200124214607
:103A300002F06CF9002850D103971220042E4CD8C4
:103A40000290EEF721FD012E03D8002801D11120AC
:103A500043E011980090109801900F990E9805AFCF
:103A60003872FD713E71039878800498388038462A
:103A700009300622F1F7C6F80099B97101987871FA
:103A80003879042801D0012804D105A9097A02292E
:103A900002D321E003291FD801280ED102F096F9A4
:103AA00005A9C979814217D805A84079400702982D
:103AB00013D005A802F08CF90FE005A80088202893
:103AC0000AD3A103884207D805AA5288202A03D323
:103AD0008A4201D89042E1D9029809B0F0BD0000B5
:103AE000F8B50C46054601F06FFA074602F0E8F912
:103AF0000D4E304602F002FA0C4988420AD102F01B
:103B000019FAFF280DD04721890041433868401831
:103B1000AA214652032130462A46234602F020FAC3
:103B2000F8BD0120F8BDC046FCFF0000FFFF00000B
:103B30000348006800210174C18101737047C046C9
:103B4000040F002080B500BF00BF024A11001820FA
:103B5000ABBEFBE726000200B0B50446F6F78EFFC9
:103B6000012806D1FF25DC3502F06AFA405DC00766
:103B700006D102F0A5F90348214602F069FAB0BD6A
:103B80000C20B0BDFCFF0000002908D0002809D09F
:103B90008BB2202B04D3006820390B04F6D100210E
:103BA0001180704700207047F8B504460588FAF781
:103BB00006FB01462846FAF707FB0546204602F0B9
:103BC00089FA1D2803D0232801D01B280ED1618833
:103BD000EA88914205D8032903D3232867D1042911
:103BE00065D82046F9F764FF0020F8BD204602F0B2
:103BF00071FAA9888A066ED5012802D0AA78904267
:103C000069D120208143A9806A8929890326304609
:103C1000FBF7FEFF6188E8880091814200D99AE0B5
:103C2000204602F057FA421E0121CA410023102A01
:103C300000D988E092001F4601A39A583B46974658
:103C4000F73C0510FB3C0510073D0510253D051010
:103C5000853C05104D3D05104D3D05104D3D0510B1
:103C6000853C0510F33C0510473D0510FF3C051051
:103C7000F33C0510473D0510473D0510473D051035
:103C80004D3D0510092802D1009904295BD3112864
:103C900002D10098062856D3A089401C81B2204644
:103CA00002F01DFA3B4600284DD0014643E01D2896
:103CB0000DD1A888400612D46A892989022001F012
:103CC000B3FE00284CD1A88840210143A98020469A
:103CD00002F015FAF8BD204602F081FAF8BD083569
:103CE0004220032102222B46FBF732FF002837D166
:103CF00077E70B4627E0052325E0334623E0009BCA
:103D0000042B1FD91FE0009806281CD3A089401C53
:103D100081B2204602F0E3F901280BD002281AD123
:103D2000122108E0009802280DD3009B581E80073E
:103D300008D108E00421009EB01EF4F725FF0029F9
:103D4000334600D000230098984204D10748016808
:103D50002046884702E0204602F054FA842801D128
:103D60008420F8BD0020A870F8BDC046540400208F
:103D7000F0B587B004460588FAF721FA01462846CF
:103D8000FAF722FA05462046FEF772FC0646FEF7D1
:103D900075FC0F281AD11E2E48D04020304045D146
:103DA000052100222846FEF7EDFC002845D00746F5
:103DB0000021062230463B46FEF79AFC68893946C8
:103DC00001F040FC0746002834D12FE00195002582
:103DD0001E2E2F4616D0402006402F4612D1019BA2
:103DE0009888C00718D15A8919890026304601F0F1
:103DF0001BFE0746002805D1019A90880121014346
:103E00009180374602A80580069505950199049191
:103E10000394FAF7EBF90DE0083342200321022264
:103E2000FBF796FE002801D0842703E02046F9F72F
:103E30003FFE0027384607B0F0BD8827FAE70000AC
:103E400080B5827ADD2A23D18A1F042A1ED8D22186
:103E50007A44127952009744180211070A00817CB3
:103E60008A0702D5D32110E0817C49070CD4642154
:103E7000415CC90704D1FDF7CDFF80BDD42104E02A
:103E80000121F9F718FD80BDD5218172F9F760FC99
:103E900080BD0020704700207047F0B585B01E46F9
:103EA00004920D460746FBF709FE00280FD0044692
:103EB000039640791226A8420AD10499022907D80C
:103EC000A078800707D4012907D0042006E0022645
:103ED000304605B0F0BD0C26FAE70220002900D1DB
:103EE00008460290821D0026304639460192FCF7B2
:103EF00001FC002827D0074640680121017278683C
:103F000045720298801C82B20621384601F082FD7B
:103F100008213846049D2A4601F07CFD002D05D07D
:103F20000A213846029A039BFBF7F8FD0198788036
:103F300005203946FFF7E8F9002806D03846F9F79A
:103F4000B7FD8126C4E78826C2E7A671A078FB21C9
:103F50000140A170BCE70000F8B5034614244443B7
:103F600015480068C56A2D19AC7866078624002EAE
:103F700020D5AE79761C8E4201D001291AD1AE1C13
:103F8000AF1D002A04D0E979914201D1002400E05C
:103F900012241946FBF7BCFE00203870E871307817
:103FA000FB21014031702879411CC8B2884200D001
:103FB000012028712046F8BD000F0020F8B51546F5
:103FC0000E4604465068407A009006211046FBF7E2
:103FD000AEFD074608212846FBF7A9FDB91EE17290
:103FE0006072009A2272320AE271A671000AA0720F
:103FF000CAB2A8890C34801D81B228462346FBF73B
:1040000079FDF8BD90715171907804210143917050
:1040100070470000F0B585B017460391044650681C
:10402000407A04900621164D1046A84702900821B8
:104030003846A84701900A213846A84706460C2171
:104040003846A8472A4605460E21384690476074F0
:10405000290A2174E573310AA1736673019A110A62
:104060002173E272029A110AA1726272039A110A12
:10407000E171A27104992172000AA07405B0F0BD2B
:104080002FFB0410FEB58124002832D00646029191
:1040900001941948006800680090501E1F210143D8
:1040A0004C1CA7B23046FBF7EEFC054687420CD904
:1040B000601B81B2029800F02FFD0028019C18D0EF
:1040C00001463046FBF724FD12E0AF4210D20098C3
:1040D000C06831463A4602F0AAF80446781E400904
:1040E000691E4909081A81B2029801F0ADF800E092
:1040F00000242046FEBDC0460C0F0020F0B581B064
:104100000D460646002A08D0002E2AD090B220285C
:1041100006D33668203A1004F6D1002E21D00022B2
:10412000002B20D02020841AA0B299B2884200D35C
:104130001C46A7B290B23018011D28463A4600939B
:10414000F0F760FD009B1B1B180404D0ED193668C6
:104150000022002EE6D198B2002805D07E20C04370
:1041600002E0812000E00020C0B201B0F0BDF0B557
:1041700081B006465009040604D0002E2DD03668C2
:10418000401EF8E71C465B1E20469841002C1FD0BD
:10419000002E1DD01F2002402020851AA8B2A3B2F5
:1041A000984200D325460095AFB2B018001D3A469C
:1041B0000D46F0F727FD0098241AA1B24A1E0846C2
:1041C0009041002904D0E91936680022002EE3D17D
:1041D000002803D07E20C04300E08120C0B201B09F
:1041E000F0BD0000084A126834321268002A07D075
:1041F0001389834202D153898B4203D01032F4E7F2
:10420000FF20704750787047FC0E0020F0B5A1B039
:10421000042900D0DEE0074602F02EF86E4C6F4E07
:10422000012800D0A0E00BAD6D4914222846EDF71F
:1042300037FF10A83446002644223146F0F7E6FC4A
:10424000012021462A4601F00DFB00280FD004462C
:104250003846FEF711FB6168096A8B686149C97AC3
:1042600049084A1C0421FEF719FB10A9087404210F
:1042700004973846F9F7A8FF10A9097C012903D152
:104280008088C005800F06D157480168833110A887
:104290001022F0F7B7FC01200390FAF779F80546F1
:1042A00010A81230029005964B4C002D34D0B7B2B6
:1042B000632F31D8287804280BD0022827D16868CA
:1042C000017D102921D1008A494988421DD10398D6
:1042D0001CE06868017D102919D1008AA04216D11E
:1042E00004982946FEF7BBFA044602980090E2B211
:1042F00002213223384601F0C5FF0598012801D17B
:1043000010A84474761C344C01E000200590284627
:10431000FAF7BCF90546C8E7012109AA08AB049FD2
:10432000384601F0C5FF00281CD1B0B240002F492B
:1043300040188008133082B208A8017809A810AB91
:1043400001F0ECFF00280DD0044606AD09A90622B5
:104350002846F0F757FCAC714220042107222B4677
:10436000FBF7F6FB1D4E1C4C0120FAF711F8054631
:10437000002812D0287804280BD16868017D102904
:1043800007D1008AA04204D100223846294601F014
:10439000F7FF2846FAF77AF9E9E710AC104914223A
:1043A0002046EDF77DFE01203146224601F05AFA03
:1043B00000280FD004463846FEF75EFA0949C97A4C
:1043C0006268126A9268009249084B1C042100221C
:1043D00001F058FF21B0F0BD02290000FFFF0000EE
:1043E00050130410B40D0020FC0E0020FEFF03004B
:1043F000052A0000F8B50D46064600921468002C08
:1044000011D02746E4693888B042F8D13846F9F728
:10441000D6FEA842F3D10098394600F03FF838465E
:10442000F9F746FBEBE7F8BD70B51A4A1268144677
:10443000483400232468002C0CD06588854207D1BD
:10444000A5888D4204D1237818251D4325700123AA
:104450002034EFE7042916D1916D0D46002D0BD0C5
:104460002C46AE680025002EF8D0B588854235462A
:10447000F4D1B568A560F1E7002904D08C888442A6
:1044800001D188689065002B02D0034800688047FE
:1044900070BDC046FC0E00205004002003688B4213
:1044A00009D01A46DB698B42FBD1CB69D361002B63
:1044B00007D11C3204E0CA690260002A01D1024619
:1044C00042600020C861704710B542788A4207D127
:1044D000017D0024002909D00830F0F7E9FB05E050
:1044E0004900426A515EFCF7B2FC0446204610BD0A
:1044F00010B5074B1B681B6872B640001C5AA41A03
:104500001C524800195A8918195262B610BDC0468B
:104510000C0F002080B50349096866310622F0F7C8
:1045200071FB80BDF80E002080B503490968603139
:104530000622F0F767FB80BDF80E002080B5034926
:1045400009680622F0F75EFB80BDC046F00E002031
:10455000F8B50C460720C0430C4E05460835182D0B
:1045600010D03168A827C95908180A3006222146F8
:10457000F0F753FB00282846F0D13068C059405D61
:10458000C00601D40020F8BD0120F8BD100F0020A6
:10459000F0B5A1B0044601F06FFE012814D107A8C0
:1045A000454914252A46EDF77BFD02A843492A46D2
:1045B000EDF776FD44200F9001210DAA0CAB2046AB
:1045C00001F076FE002801D021B0F0BD0CA80178E2
:1045D0000DA80FAA10AB01F0E4FE0028F4D10F984B
:1045E0004428F1D80120364D02AA294601F03AF9B3
:1045F000002810D006462046FEF73EF910A90A7C96
:104600003049C97A73681B6A9B68009349084B1C40
:10461000042101F037FE2C480168833110A81022D4
:10462000F0F7FBFA00281FD0012007AA294601F065
:1046300019F90028C8D001F035F90028C4D0054682
:1046400004212046F9F7C0FD818880220A43828038
:1046500010A8427C2046294601F092FE0B20F5F777
:104660002DF8EDF7ADF8AFE70120F9F791FE06461A
:1046700010AD12350027002EA6D0B8B26328A3D8FB
:104680003178042912D171680A7D102A0ED1098A65
:104690000E4A91420AD1022132222B46FEF7FEF841
:1046A00002462046314601F06BFE7F1C3046F9F78A
:1046B000EDFF0646DFE7C0466413041050130410F4
:1046C000FFFF0000B40D0020FC0E002002290000B6
:1046D00070470000F8B50446684600250570F6F7F7
:1046E000C9F9002805D06D462046294601F07CFE18
:1046F0002D78F6F7BFF9002802D02648837E00E027
:10470000012314267543244F3868416D4C19A57850
:1047100002222A4002D0A41C002525701131DBB2F0
:10472000002B0AD00C78002C04D00C460F3C2478C7
:10473000A40726D45B1E1431F2E7002A21D00024FE
:104740002146FBF7E5FA154800684721405CC007A1
:1047500017D01348006880694622022529462B4657
:10476000F7F75EFF00280CD001468571C471047212
:10477000FF20487182200871042048722846F7F70C
:10478000ABFF6846007846433868406D80190021C9
:104790004174F8BDB40D0020F80E0020040F002075
:1047A000F40E0020F0B58FB00292074607A80190E2
:1047B00010250C4E2A46B0470BAC204639462A46F7
:1047C000B04703AF0026019821463A46334601F030
:1047D00029FE029839462A46024B984730460FB0C8
:1047E000F0BDC046054C0410FEB5144601910646C6
:1047F000FEF7D2FD274644372046FEF7D3FD0028BA
:1048000011D16078C006F7D502AD384601992A4625
:10481000FBF710FC022228463146F0F7FEF900288B
:10482000EAD10020FEBD8120FEBD0000F8B504469F
:10483000FF250A4884420FD00026094F38683421EA
:10484000415CF0B2884207D2F7F74EFB408FA0429E
:1048500001D0761CF2E73546E8B2F8BDFFFF000054
:10486000F00E0020F8B514460646084600F068FA37
:104870002E214156002905D42C300078022803D17E
:10488000122518E0022516E0CFB200253846294649
:1048900001F0CCFD3846294600F02AFA01462B30BB
:1048A000002E01D0057006E00122027010311022A6
:1048B0002046FDF77EF82846F8BD00001F21014084
:1048C00001228A4072B6054909684009800008182B
:1048D00001691143016162B67047C046140F0020A0
:1048E000FEB50191032002900027304A3D4616464E
:1048F0001068A8240059C019801C06220199F0F7FD
:104900008CF9002831D002980328324609D110686A
:104910000059C05D8006800F01D0032000E0E8B29E
:10492000029008376D1C032DE1D110684125415DCF
:10493000A830022936D80299CF000068C019801C1F
:10494000164606220199F0F75DF9306800591021EA
:10495000C1550298C2B200200121154BF9F704F9A4
:104960003068415D491C4155FEBD30680059C35D4A
:10497000CF211940103103221A40531C032A02D0C0
:10498000DC2421401943C155032A00D1134609A054
:10499000C05C7D21CB004343EAB200200121F9F73E
:1049A000E3F8FEBD01210172FEBDC046100F0020DC
:1049B000B80B000003050A14F0B589B0154608AA23
:1049C00000261670002D06931A4600D12A46070CC1
:1049D000474011980790002D04D100230698012824
:1049E0001C4638D810980590794051400C46022E4C
:1049F00007D8A0B201F02AFD11214143CC19761C41
:104A0000F5E72046784086B23046FBF745FC24287F
:104A100015D8C108059A525CC900411AC9B2CA40EA
:104A2000D1070CD008A90870079A511C12780023EE
:104A30009A420DD0CE5C86420BD05B1CF8E70799FA
:104A400008784643330CC818407808A9087000E07D
:104A50002523002D0ED10F990E9808ADBAB2009003
:104A60000192079802900395A2B2DBB2069801F07A
:104A70000FFD287809B0F0BD80B505480068406991
:104A8000002800D080BD00200146FAF725FA80BD3D
:104A9000080F002080B501F0FCFC07480068416960
:104AA000002242614278EE2313404370C87D012208
:104AB0000243CA7580BDC046080F00200B49096833
:104AC0000A4618321368002B04D01A462832834253
:104AD000F8D107E028310A68002A05D011462831AC
:104AE0008242F8D10120704700207047080F002053
:104AF00084214058018801200840704700207047F9
:104B00002C2805D80321414302484018807870477B
:104B10001420704720E90510F0B585B01E4A1268D0
:104B2000146872B60622A55EEA172F4697431B4A01
:104B3000039189184E09711C0491002203280290E8
:104B400001D110460EE04100635E012B09DB0498A1
:104B5000191A4842019009B2C81301990840DF1997
:104B600000E00498E368995E36B2B1420FDD39B2D5
:104B7000B1420CDD281AE08002984000215A049AC4
:104B8000891A21521846039901F08AFC024662B63E
:104B9000104605B0F0BDC0460C0F0020FFFF1F00FF
:104BA0005721890041430548006890228058C06B16
:104BB000406840182121C90040187047040F0020A8
:104BC00080B513688B4204D01A465B6C8B42FBD1D4
:104BD00044324B6C136001F087FC80BDF0B587B0A8
:104BE0000F460146007900260C9C00282FD0039028
:104BF000086804914968059206AD009301953A460C
:104C0000059B01F0A3FC002821D0029005940D9A89
:104C1000049C236806A90978CD005B19DB79137021
:104C20000398401E0390C0B2814223460BD01D68FA
:104C3000CEB2F600AF19BA68FC68AA517C60491C74
:104C4000CAB28242F3D103981871029E059C267065
:104C500007B0F0BDF8B5112109010A464C320090A9
:104C6000424351181448026890241259D26B52687A
:104C70000225002D12D006683659F66B766800279B
:104C800077505618B31E1F70331FFF271F80083E32
:104C90007D235B0433600C316D1EEAE757218900E8
:104CA0000098414350182521C900FF224254492150
:104CB000890000224250F8BD040F0020F421002298
:104CC0004250F430012109044160704710B50023BF
:104CD00006A11A46042B03D08C5C531C8442F8D1E5
:104CE000042A01D3002010BD012010BD0100161FB1
:104CF000572292004243074800689023C058C06B77
:104D0000406880180C224A4380181121090140583C
:104D10007047C046040F002041424841704710B51B
:104D20000C244C43FFF73CFF001941790120084057
:104D300010BD882140580088C005C00F7047000092
:104D400010B5014600200D4A914215D00C4A126858
:104D50003423D25C521C0B4B1B6890241B59DB6B19
:104D60005B68521E08D05724A4001C195B8F8B422D
:104D70002346F6D10448201810BDC046FFFF0000AE
:104D8000F00E0020040F0020A4FEFFFF10B50C461B
:104D900001F040FCC108C9B201290AD8072210401D
:104DA000611883225200895CC140C80701D00120EC
:104DB00010BD002010BD70B514460D460646FFF725
:104DC000AEFF002807D030462946FBF7EDFD011B5A
:104DD0004842484170BD002070BD0000F8B5009009
:104DE0000023138010480E2B1DD007251E462E4091
:104DF0001F06FF0E009CE719832464003C5DF4400D
:104E0000E4070DD0068835400124AC40F508EDB22A
:104E10004F5D27434F551588B54200D8354615805C
:104E2000801C5B1CDFE7F8BD70D40510FEB505469D
:104E3000C00633D417461C4800683622825C002422
:104E400092062CD53630407A000728D5019102937E
:104E5000164800686907C90E401800692522042316
:104E600029460093F7F7DCFB00281AD00646477264
:104E700001983072380AB07230460B30082202991D
:104E8000EFF7C0FE0099F1710C20B0713E207071F7
:104E9000317128463146F7F71FFC00E08624204692
:104EA000FEBD0724FBE7C046040F0020F40E0020DF
:104EB000FEB50546C00638D416461E4800683622A0
:104EC000825C0024920631D53630807B40072DD598
:104ED00001910293184800686907C90E40180069DB
:104EE0003E22412329460092F7F79AFB00281FD063
:104EF0000746099908987E7238730298F8720198EB
:104F00003872300AB87238460D30F822EFF77AFE60
:104F10002B20F871FE20B871009878710420387148
:104F200028463946F7F7D8FB00E086242046FEBD28
:104F30000724FBE7040F0020F40E0020B0B51F2269
:104F4000D443084A234608330AD014192025645D47
:104F500084421C46F7D1D018C26908469047B0BDBC
:104F60000120B0BD0414041080B508468978C91C1E
:104F7000FAF756F880BD80B50846C9780279120262
:104F80005118491D89B2FAF74BF880BD80B5084623
:104F90008978C27812025118091D89B2FAF740F8CF
:104FA00080BD0000D2B2203A03D30100914000201E
:104FB00070475242D0415242203291404140D0404D
:104FC00090404140704700000248006890214058DE
:104FD0007047C046040F0020F0B589B015460F4653
:104FE000044606790068616808AA009301923A466F
:104FF0002B4601F0ABFA00210F9B0E9A0028079276
:1050000026D106976779BE4222D202930390049577
:1050100008A90878059686420DD0059F2268FDB242
:10502000ED0056193346083B0ACB515173607F1E81
:10503000F9B28142F2D12168C000069A0A500818DC
:10504000049941600598401C207101210398029B3E
:10505000089A079C22701870084609B0F0BD00003D
:10506000C02141430548006890228058406898223A
:1050700080580068006840187047C046040F002040
:105080000248006890214058006D7047040F0020CE
:1050900080B505200021F7F7B6FB80BD80B508205C
:1050A0000021F7F7B0FB80BD80B509200021F7F79C
:1050B000AAFB80BD80B50A200021F7F7A4FB80BDC4
:1050C00010B50B2000242146F7F79DFB0C2021464C
:1050D000F7F799FB10BD10B50D2000242146F7F716
:1050E00092FB0E202146F7F78EFB10BD80B50F20F6
:1050F0000021F7F788FB80BD80B510200021F7F76D
:1051000082FB80BD0001002900D00830C0B270478A
:10511000BCB50A460446C11C01AD10462A4601F042
:105120008DFA032228462146EFF777FD002800D0AC
:105130008120BCBDBCB50024214620460D4600940C
:10514000C0B2214622462346EFF777F8C21C691CFD
:105150000120002AF2D1E8B2BCBDB0B594B004463B
:105160004178012529403E306A46FCF7A6FD00281B
:105170000CD1694650222046EFF74FFD002808D099
:105180006946487828403E3100F095F8607810284C
:1051900001D2002002E0204601F06EFA14B0B0BD4A
:1051A000F0B59DB00193009202900CAE10240394D0
:1051B0000125204F304622462B46B8473046103056
:1051C000009922462B46B8473046203001992246A6
:1051D0002B463C46B84730463030229903222B46B6
:1051E000B847332023993154304634302499062768
:1051F0003A462B46A047304633302599C171304698
:105200003B3026993A462B46A04704AF38460299D0
:10521000039A2B46A047412108AC30463A46234624
:10522000FCF72EFD27982146039A2B46014CA047F8
:105230001DB0F0BDB5E604100021002802D00068C2
:10524000491CFAE788B2704710B50A4A126812681A
:1052500072B64300D05E4418D4520BB2C318012B6F
:1052600002DB4342C10B1940D0880818D08062B6D7
:1052700010BDC0460C0F0020F8B514460D4606467A
:1052800001F006FA671C204601F008FA00280BD14D
:10529000062228463946EFF7C0FC0028F3D12078D3
:1052A000B042F0D10020F8BDB320F8BD80B5022097
:1052B000EFF70FF880BDF0B595B00C460546FEF748
:1052C0006BF801AE3E36B32701A8FEF76BF8002855
:1052D00010D1062230462146EFF79FFC01A94978FC
:1052E00001220A40AA42EFD10028EDD1FFF7DEFFEC
:1052F0000027E9E7F8B215B0F0BDB0B5F8F7B6FB96
:10530000002811D0044600252946F8F7FBF90028AB
:105310000BD0A17AF12905D1A17BCA0702D0890758
:1053200000D50020054600E002252846B0BD00005B
:105330000B49096830228A5C0123134030314A78D6
:10534000D207520FD218CB78DB07DB0ED218897840
:105350004B080B43D907090F511801707047C0461D
:10536000100F0020F0B524490968027D12010832AF
:10537000D2B28B18B5241C5D0473B6241B5D012BBF
:1053800003D1437B02241C4344730B46363303256D
:1053900015430C46B434655D01262E40877B3743A8
:1053A000877304263540C77B2F43C7731643A55D1B
:1053B000057405251543645D6425455DED070ED133
:1053C0001D782C4007252C4084740624224389181C
:1053D000B422895C5A780A402A404274F0BD5D7854
:1053E00025404574062422438918B422895C1A7822
:1053F0000A408274F0BDC046100F002070B504460C
:10540000007B617BCA0701D08A0704D4E27D1207C2
:1054100003D5890701D003251CE0E17B0523194250
:1054200013D01D490D684022AD5C43431B4EF31859
:105430005D5DE574FF2D0ED1E37D1B0707D40128C8
:1054400007D10868805C012803D1012502E004250A
:1054500000E00225E5746420205CC00703D11A2017
:105460002056002812D420460F300078C00704D000
:105470002046FAF781FC00280CD0E17D00200907C6
:1054800003D5022D01D10020E07670BD02480068EE
:105490003130EAE7032070BD100F002016C8041059
:1054A000F8B5C17C022910D1C17BEF220A40C2733A
:1054B000224909684022895C0026022910D3042968
:1054C00005D002290BD0FF260AE000242EE0017B44
:1054D000022904D304292BD0022901D0F3E70126A5
:1054E000174909684722895C842449071ED5078922
:1054F0001448006880690225482203232946F7F7EB
:105500008FF8002812D001468772042048720D726D
:105510000020C871052088710E73FF204871822019
:105520000871380AC8722846F7F7D6F82046F8BD41
:105530006421415C01260E40D2E7C046100F0020D6
:10554000040F0020F40E002010B5072444804468A6
:1055500021720B4909684024095D44686172012188
:105560001140426891724168CB724168029A0A7395
:105570004168039A4A7340680499817310BDC0461C
:10558000100F0020F0B583B001910646002A08D024
:10559000002E34D090B2202806D33668203A10046A
:1055A000F6D1002E2BD00022002B009321D000201A
:1055B0001D4603462020841AA0B2A9B2884200D317
:1055C0002C460294A7B20198C11890B23018001D61
:1055D0003A461C46EFF721FB00280FD1E01983B2B1
:1055E00002982D1A280405D036680022002EE1D139
:1055F00000E000231846009B1B1A00E003461846F3
:1056000003B0F0BD10B504460821F6F707FC0449C5
:105610000968602200238B52486660314C8010BDBF
:10562000FC0E00201CB51F2903D801AA1180406878
:1056300005E0406801AC2246FEF7A6FA2188401832
:1056400000791CBDB0B50C4605464888001D81B2E6
:105650002046FAF724FA28462146FDF755FE002891
:1056600004D02046F8F724FA8120B0BD0020B0BD58
:10567000FEB5029315460022884223D80C461649EF
:105680000F686021795A00291CD000920191FDF722
:1056900093F806462046FDF78FF80199491E81428E
:1056A00000D3014689B2B2B28A420DD8786ED300D7
:1056B000C45CAC4204D1C0184368029CA34205D02C
:1056C000761CF0E71046FEBD0098FEBD03498A42F5
:1056D00000D10020FEBDC046FC0E0020FFFF0000F0
:1056E00010B50446FDF768F80649884207D0C200A5
:1056F000054B1B685B6E9A185288A24200D0084680
:1057000010BDC046FFFF0000FC0E002080B500F079
:10571000D7FF408880BD80B5828B920708D42022B5
:1057200081541620F3F7CAFFECF74AF8002080BD39
:105730003A2080BD10B50A48046838342468002C2B
:1057400009D02046FCF794FF1E2802D040210840D3
:1057500003D01C34F2E7002010BD012010BDC0466C
:10576000FC0E0020E0B501A802210180009000207D
:10577000044B01460246F8F79BFC863841424841FB
:105780008CBDC046AFD4051070B5084D2868846B39
:10579000002C0AD0E669286838302146FEF77EFEE4
:1057A0002046F8F785F93446F2E770BDFC0E00207C
:1057B000FEB50D460446FDF707F9002834D0AC428B
:1057C00032D80646A0422FD32046FFF789FF044671
:1057D0001648844228D0AE4200D32E463046FFF70A
:1057E0007FFF13490F686026B95B4A1E824217D9B2
:1057F0000190054602948BB26D1CAAB29A420DD25A
:10580000796EA0B2C0000818D20089180822EFF7FC
:10581000F9F907480768B95B641CECE7029C01983A
:10582000C243A2185118B953FEBDC046FFFF000085
:10583000FC0E002010B504460846FCF7BDFF0849E1
:105840000968496E82B2D2008B5CA34205D0421E29
:1058500000041046F6D1002010BD881810BDC046C7
:10586000FC0E0020F0B585B014460D46F8F790FD0B
:1058700006460020002E12D07188A9420FD86F462C
:1058800030463946F8F796FD2046394600F042FF8B
:10589000002803D03046F8F7F9FEE9E7304605B0B6
:1058A000F0BD000070B58AB0054605A810A114220D
:1058B000ECF7F6FB2878FE2101400024022914D1E0
:1058C0002846F8F7E3FE054600280ED0287802287F
:1058D0000BD06E4628463146F8F76CFD05A83146D8
:1058E00000F018FF0028EBD12C4620460AB070BD0E
:1058F000FB349B5F80000080001000000229000044
:1059000010000000F0B585B01546019101460478FD
:10591000002702230E20032C1A463E4612D30BD03A
:10592000042C5ED1486801788C07C9078A0F002CC7
:1059300000D54C32411C02E04868411C0278801CB2
:105940000E780778012D03D110461840184648D02C
:105950000320032D02D10821114042D0042D02D191
:10596000042111403DD0052D02D140210A4038D0FC
:1059700004A903AA02AB019C204600F0E2FE022823
:1059800002D1002F0FD12BE0012D00D0FF08052DF3
:105990000BD104A80078022805D102A800780228BB
:1059A0001AD1002019E00E201BE00021002F11D099
:1059B00003A802780520BB0701D5042A11D3FB07F1
:1059C00001D0032A0DD3780708460AD5022A0AD245
:1059D0000F2006E0084604E0052001210F4000D119
:1059E000384605B0F0BD2046314600F0DCFEB62852
:1059F00001D00020F5E70C20F3E7BCB51446406861
:105A0000202904D301AD2A46FEF7BEF829884018A4
:105A10000471BCBDE0B501AB1A70120A5A700222C3
:105A2000FAF77CF88CBD000010B504460846114614
:105A3000FEF7D8FB80000019C1B2034800680022BD
:105A4000024BF6F761FE10BDFC0E00203075000021
:105A5000BCB514464068202904D301AD2A46FEF7A0
:105A600093F8298840180471BCBDF0B589B00E4682
:105A7000F7F7FCFF002825D00546203005A9009146
:105A8000FCF7BAF974882B466C33271DB9B204228F
:105A90003046FAF743F8FAB201AF009831463B4678
:105AA00000F091FE08372046083081B208223046C7
:105AB0003B46FAF733F80C347480E86E401CE86615
:105AC000002000E0022009B0F0BDB0B514460A463F
:105AD00005468089401C81B22846FFF79BFFA889B4
:105AE000C01C81B228462246FFF794FFB0BD10B516
:105AF0000C46C3688989007A4200481C81B220465E
:105B0000FAF70CF810BD10B50024C46100F0F7FEE0
:105B1000842800D08124204610BD0020704700005A
:105B2000B0B50124204600F00BFF0546204600F0EA
:105B30002FFF28430AD106480068902140580C30B6
:105B4000FBF733FF00F03EFF0020B0BD0C20B0BDDE
:105B5000040F0020C01CC0B2042802D37E20C04322
:105B600002E0C1000148C840C0B27047B3B7B400FA
:105B7000F0B587B00C4605460691059001263046E3
:105B800000F0DEFE0746304600F002FF38431DD12C
:105B9000E8B2FF2805D10590FF2109060C400694C4
:105BA0000546104800689021405803A9019104A9B6
:105BB00000910C30012329462246FFF70DFA0028F8
:105BC00006D005A8012100F0FEFE05E00C2006E04D
:105BD00003A80078002801D0002000E0072007B0CB
:105BE000F0BDC046040F00207CB50446006946693C
:105BF000002E12D0A069E16901900091606A02252F
:105C000001AA6B462946B047002806D0FEF742FF9E
:105C100000202062E07D2843E0757CBD142803D875
:105C200040B202A1085C70470820704700010103E0
:105C300003030205080808080808080808080807F8
:105C40000600000080B5F9F729F8024800684068AE
:105C500080BDC046080F002001460846C96A496851
:105C6000096800290AD0CA7D1207F6D4CA690B6AEE
:105C7000D218C3699A1A843AEFD470470148006871
:105C800080697047080F0020B0B50A4A03280FD377
:105C900000239DB24C5D022C03D16D186D78012D4F
:105CA00005D01B195B1C9CB28442F2D300E01A465B
:105CB00090B2B0BDFFFF0000F0B587B0009003AE1A
:105CC0003046FCF771F800273846FCF765FC010AFE
:105CD00002AD69703F24044040343846FCF75CFC58
:105CE000AC70287001AF304629463A4600F0A6FC59
:105CF0000326009C204639463246EEF783FFE01C1F
:105D000029463246EEF77EFF07B0F0BD054A12681D
:105D10003523D35C034201D00C207047353211701B
:105D200000207047F00E0020BCB5044600F0C8F813
:105D3000002300930121074D20462A4600F044FE2F
:105D40000446054801684F31284600F081F9204695
:105D5000BCBDC046FCFF0000040F0020F8B505469E
:105D600000260670012400910C7016480068476DEB
:105D700000F0AAFF002801D01348847EE1B2113759
:105D80003046324600290FD03B78002B09D0022B39
:105D900000D101203A460F3A137801229B0700D523
:105DA00016461437491EEDE7012A01D10121297059
:105DB000012802D0F0B2012802D100200099087019
:105DC000D0B2F8BDF80E0020B40D002001207047BD
:105DD000F8B50446FFF7F8F80546354E304600F0B2
:105DE0008DF83449884214D100F0A4F8FF283CD043
:105DF00047218900414328684118AA200E524C20AF
:105E000000220A5438200A54CA630A648A62CA62A9
:105E10000AE047218900414328684118BA20085CFC
:105E2000012801D10C2541E0B92000250D546079ED
:105E3000AE2288540E46AE360120F070A079707004
:105E4000208800020090C867084684300B46B433AF
:105E50002779042F16D8C0467F443F797F00BF447E
:105E600002060B0D0F00F3210BE007251EE0124F79
:105E7000CF67FD21018406E0F22102E0F02100E07D
:105E8000F5210184009F217AE279056045601F6059
:105E90009A73D973217A0170401C09340622214675
:105EA000EEF7B0FE054800684079B0702846F8BDAE
:105EB000FCFF0000FFFF0000DC050000040F0020D5
:105EC0001FB50C4800F01AF80B49884210D16C46F7
:105ED000002121720120C0022080072000020190D1
:105EE000204609300622EEF791FE2046FFF770FFAC
:105EF0001FBDC046FCFF0000FFFF000070B5044658
:105F0000FFF762F84D21415C094D0022AA2391421E
:105F10000BD00668F65AA642164600D02E464725F4
:105F2000AD005B19521C3546F1E7A8B270BDC04602
:105F3000FFFF000010B5FFF747F84D21425C00213C
:105F4000AA238A4208D00468E45A240B05D14724C6
:105F5000A4001B19491CF4E7FF21C8B210BD0000C2
:105F6000FEB5029314460F460546FFF72DF8064688
:105F70003148854201D11F2007E001200221FFF7AF
:105F8000C5FE002800D0FEBD2C481221A04201D23F
:105F90000846FEBD01912846FFF7B0FF4721890062
:105FA0004143306846182046314600F091FE0028F3
:105FB000E9D1BA20315C3820305C042F12D100299D
:105FC00037D00028019A20D01B4885421DD1F08D82
:105FD00000281AD0A420305A102101402143104635
:105FE000D1D10CE035463835002910D0032F06D129
:105FF00002202870F4860020B08602983063A23612
:10600000304600F067FE0020FEBD1046FEBD37465C
:1060100028370028029A05D03968A120029AFBF798
:10602000F9FA029A3A6001202870F4850020B085C0
:10603000FEBD0198FEBDC046FCFF000072060000D8
:10604000024800689021405840687047040F0020C3
:10605000F8B50C460546FFF751FF0321C943C91C9B
:106060001A4FBD4204D08AB2904201D112262BE0D1
:1060700089B288421ED047218E004643FEF7A4FF16
:1060800000688019AA214552A421415CC90705D0A6
:10609000BA21415C012901D10C2615E08C21012295
:1060A000425001468C3100224A608D300622214642
:1060B000EEF7A8FD0026BD4206D1054800684F3026
:1060C00006222146EEF79EFD3046F8BDFCFF00009B
:1060D000040F002080B5818900F001F880BD1CB557
:1060E0001F2903D801AA1180406805E0406801AC6F
:1060F0002246FDF749FD2188401800791CBDF0B506
:1061000085B0044605888089461C204600F0F2FDD3
:10611000232810D0B1B21B2822D12046F9F707FD61
:106120000146284600F0ECFD00283DD02046F7F758
:10613000BFFC002550E06788B1B22046B9422AD2A0
:10614000F9F7F5FC0146284600F0DAFD0028EDD10C
:10615000B01C81B22046F9F7EAFC3018061DEBE7C7
:106160002046F9F7E4FC0146284600F0C9FD002866
:1061700024D06E4675802046F8F721F8B0801E20A6
:1061800030703046FCF7F6FE0546002820D1204648
:10619000F7F78EFC1CE0F8F712F802460A202946B1
:1061A000234600F0D3FD12E02046F8F708F8024637
:1061B0000A202946234600F0FBFD08E02046F7F7B9
:1061C000FEFF02460A202946234600F023FE05462C
:1061D000002D01D07B20C543E8B205B0F0BD1CB551
:1061E0000446008801AB1880422002210A46F9F7D4
:1061F000AFFC002801D084201CBD2046F7F758FCD6
:1062000000201CBD10B50488F7F7D9FF01462046D1
:1062100000F032FE002808D0017818220A430270EC
:106220000C20F3F74BFAEBF7CBFA002010BD70B55A
:10623000002400290AD000260D4609683346203381
:106240009EB296420ED20029F6D101E023462546A1
:10625000D11A89B200F024F9286000280AD17920E7
:10626000C44307E0002904D0F9F75AFF00242C604A
:1062700000E00024E0B270BD80B5FFF73EF8414277
:10628000484180BDB0B54843C408A4B29C420ED872
:10629000049B072528402025691A0025ED43CD40A1
:1062A0002A4082408540185DA84310431855B0BD70
:1062B000F8B51C4615460F46F7F7D8FB002816D050
:1062C0000646811C06222846EEF79CFC707869463B
:1062D0000870002F1FD000281DD0012809D1F179A6
:1062E0008A090120022A16D8402903D213E002208D
:1062F000F8BDF179C0200840402808D169463046F1
:106300002A4600F0CBFD002803D08120F8BD86206E
:10631000F8BD6846007820700020F8BDF0B585B063
:106320001E4617460D46044602AA08462146FEF7B9
:10633000A3FF00280BD10498B84206D1BAB20C20B2
:106340003146EDF7B5FF002816D0FEF7AFFF0196F6
:1063500002AE3570701C06222146EEF753FC0497FE
:106360003046019900F0B1FD002805D006462846C8
:106370002146FEF7A0FF00E00026304605B0F0BD44
:10638000BCB514460D46FCF777FA696889698B88B5
:106390008968009103210C4002212246FFF772FF19
:1063A000BCBDB0B598B01C46154601AAFBF785FCEC
:1063B000002816D101A94A78012010403E3115AAC3
:1063C000FEF75AFF002801D0B3200AE02968179889
:1063D000884201D9872004E0286081B2204600F07D
:1063E00080FD18B0B0BD000070B502460B48847E39
:1063F0000B480068456D1035002003469C4208D0CC
:106400002E78002E08D0AE78964204D014355B1C4E
:10641000F4E7234600E001200B7070BDB40D0020AE
:10642000F80E002080B5EEF713FC80BD10B50C24EB
:106430004C43FEF7B5FB0019417910220A43427123
:106440001620F3F73BF9EBF7BBF910BD41000A4A00
:106450000A4040080949014088188100084A0A405A
:1064600080080849014088180101074A0A400009CC
:106470000649014088187047AAAA01005555000036
:10648000CCCC070033330000F0F000000F0F000009
:10649000704780B5EEF715FCF2F772FE80BD000084
:1064A000F0B5104A891849094A1C94B272B6002105
:1064B000002C13D003889C4210D8641E41680D46FE
:1064C00006D000260D462D68761CB7B2BC42FAD81D
:1064D0002C68446000242C609A1A028062B6084638
:1064E000F0BDC046FFFF1F00F8B50D46064640242C
:1064F000FAF7F8FC02462F5D2C463834E86B00288A
:10650000394608D000961646F7F7D2FA3246009E72
:106510000020E863217A14202070022903D1B08B77
:1065200008490140B1830848006890214058C06B79
:106530000068816B69648563D019017A491C017216
:10654000F8BDC046FFFB0000040F0020F0B587B087
:10655000044608060D9D52D00195FF20154685433F
:10656000012605930C9B1F460096374003977E42F9
:106570001640F2B252190692254D059F3A462A401E
:106580001E469D07ED173D40049003062B409B18C7
:10659000022030400290481E0590C8B241080026F3
:1065A000C8B2C200A01845680298002801D1184856
:1065B0000540A0580246049FBA43039F002F01D113
:1065C000384600E0C0B282180698904201D1AB4232
:1065D00018D0AB4203D804D10698904201D94E1C82
:1065E00001E0481E05900598801BC0B2401CC2B255
:1065F000510889198242D3D00020019D04E0002176
:10660000084601E0019D0098297007B0F0BDC04622
:10661000FFFFFF0010B50021064B074A0E2905D0E9
:106620001C88844203D09B1C491CF7E7114688B2A2
:1066300010BDC04670D40510FFFF0000F0B589B052
:1066400000920F46054605AE002110223046EEF7B7
:10665000DDFA0324304639462246EEF7D3FA01AF7D
:10666000284631463A46FEF79DF8009839462246BC
:10667000EEF7C8FA09B0F0BDE0B501460020009081
:1066800050220346EDF7BEFDFFF764FA8CBD000013
:106690000148002101707047200F0020BCB503465F
:1066A000064D28780C210091012400222146EDF7A7
:1066B000C4FD2C70FFF74EFABCBDC046200F002071
:1066C000F8B5047802252146294302291ED1FCF79A
:1066D000F9F80F49096860228B5A401C82B29A422D
:1066E00010D2002C08D0022CF7D1D7004E6EF75DE7
:1066F0002F43022FF1D106E0D7004E6EF75D002F39
:10670000EBD100E04E6ED00080190838F8BDC046CD
:10671000FC0E002080B5027C0B7C9A4206D1202A18
:1067200007D0102A09D18989808908E00020C04358
:1067300080BD1022EEF771FA80BDC968C068401AAA
:1067400080BDFEB517460E4600240C7014700293EF
:106750001C70F7F78BF9002809D00546807A0028CD
:1067600007D0F12805D0FB2816D1B02419E08624E3
:1067700017E00120019030702846214600F0BCFB54
:10678000387001280DD102203070E97A4907890F4D
:1067900004D00299087004E00C2402E002980199E8
:1067A00001702046FEBD10B50C46F7F75FF90028D2
:1067B00005D0817AF12902D1007CA04201D2B62015
:1067C00010BD002010BDF0B595B0019317460391A0
:1067D0000025149513951295119511A90DAC0490EF
:1067E0002246FDF7DFFF0F200290265609A920461A
:1067F00000F0A0FB002E67D409A80299445605A911
:1068000000F098FB002C6CD411A800241022214623
:10681000EEF7FCF9FDB2112D21D3201D81B210221B
:106820000DAB0398F9F766F90020102807D00DA9E1
:10683000095C11AA135C4B401354401CF5E711ADE1
:106840000DAE049829463246FDF7ACFF10222846CB
:106850003146EEF7D7F9103F1034A4B2DAE7102D25
:1068600008D1201D81B210220DAB0398F9F742F92F
:1068700009A814E00DA800211022EEF7C7F9380688
:1068800008D00DA8431B1033201D81B203982A465F
:10689000F9F730F90DA8401B8021C17305A8019AB2
:1068A0000021102909D00DAB5C5C435C634011AD45
:1068B0006C5C5C406C54491CF3E711A90498FDF72B
:1068C00071FF002015B0F0BD11A8872101700F2DB8
:1068D00092D009A8415D11AA525D4A4042556D1CF3
:1068E000F5E711A88721017000200F288CD005A999
:1068F0000A5C11AB1B5C53400B54401CF5E7B0B570
:1069000005460088FEF71CFA002815D0044672B62A
:1069100078302946FBF700FF4B208000201862B634
:106920000B2100F01CFB2C20205C8425032804D1C3
:106930002046F5F7E7FA00E002252846B0BD000042
:10694000F8B50090FEF740FB01464D200A5C472059
:1069500083005A4300200D4D0646B24212D00F6804
:10696000BF19AA243C5BAC4203D0BA243C5D012C85
:1069700001D0F618F1E70098002804D0AF20385C69
:10698000411E8841F8BD0120F8BDC046FFFF000050
:10699000B0B505460024F4F771F8012810D1FFF7CF
:1069A0004FFBFF21DC31415CC90709D0002D06D027
:1069B000ED214900401800780124044000E0012442
:1069C0002046B0BD70477047F0B58BB00A931646AD
:1069D0000F4605460743FEF7F7FA0446002F07D097
:1069E0003046FFF78BFAB54988421AD1422615E0A6
:1069F00025464D35002637460A96287886420CD221
:106A00002068C019BA21415C012901D100F0AEFA19
:106A1000472080003F18761CEFE70A9E30460BB0F7
:106A2000F0BD47218A001146414323685C18BA2112
:106A3000615C012D21D142439F18C220385C0125A1
:106A40002840002920D000280AD08C203858B96F5F
:106A50003A468C32526805C1786FB96F7967B8676A
:106A60009420385800260028D8D094370A98040378
:106A7000EEF716F920183860D0E700260129CDD1AD
:106A8000204600F073FAC9E7002807D08C20385858
:106A9000002803D190203858002806D0A420385A66
:106AA000C10704D0F98DF52901D91226B6E71226BF
:106AB00001463140022903D14221795A00293AD0B6
:106AC00000070CD57C48AA21795A814201D00A9846
:106AD00000E080208028A1D80A9000289ED010983D
:106AE000A62178520A9909039422B950002801D0AE
:106AF000BB217D54A82178522046EBF73BFD06468A
:106B000000288BD13946C231384664303A46543277
:106B10007A67B8673E4678360978C9070DD10021F3
:106B20000160B96666480168204665300622EEF7C6
:106B300069F8306808E00C2670E78C2179583A46ED
:106B40008C32526806C00838842179583A4684321B
:106B500052688160C260204600F01EFA002802D010
:106B600000F036FA05E03846743001683268026099
:106B70003160384694300A90B020395CBC26B85D4C
:106B800000953B4614332246089300F023FA204632
:106B900000F04EFA112109017C50F8217850B42000
:106BA0003958F0203950B85D81225200B854FF2284
:106BB0000432BB5C2B43BB54CA087D2A01D37D2120
:106BC000C9003E46A436F422B9502521F2F7A0FCB4
:106BD000EEF766F802460A990868B532002801D037
:106BE000101808603946BC313088C00609960A91F1
:106BF00004D42046114600F036FA44E03846EC3022
:106C000005900E46069200F031FA039000F036FA35
:106C10000490B120385C00F039FA0790204600F06B
:106C200043FA307802900026009694203146079A65
:106C30001346F2F77BFA0346009520460299039A21
:106C400000F04BFA0A9800780390009696202946A7
:106C5000079A1346F2F76AFA0346009601950898D8
:106C60000399049A00F074FAEE203D54FC20154973
:106C70003950ED2007213954022105980170062270
:106C80000699FAF79BFC0646002811D00A9800786E
:106C9000F6F79CF9BD20385CF6F798F9099800885A
:106CA000C00700D1BAE6C420385CF6F787F9B5E62C
:106CB000BA3425700026B1E6FCFF0000FFFF00009B
:106CC000F00E0020A414041080B5F3F7D3FE80BDAD
:106CD0000020704710B504460020FBF75DFC044916
:106CE00001402088401A424242414A40228010BD61
:106CF000FF0F000080B5818900F069FA80BD0000B7
:106D0000BFB5044600F074FA0546002806D10E48C7
:106D1000014600F06DFA0546002802D028780228C6
:106D200001D200200DE003A902AA01AB2046FFF723
:106D300008FD002804D1287802A909788142F0D200
:106D4000C02004B0B0BDC046FFFF0000F8B5054646
:106D5000C00621D40E46134800684B21405C002435
:106D600000071AD5174600930F4800686907C90E37
:106D700040180069142203232946F5F751FC002826
:106D80000DD001460098C8604F810E8107484860C9
:106D90002846F5F7A1FC00E086242046F8BD07242C
:106DA000FBE7C046040F0020F40E002075DF05103D
:106DB000F8B50546C00621D40E46134800684A219E
:106DC000405C002440061AD5174600930F4800681F
:106DD0006907C90E40180069102203232946F5F7F8
:106DE0001FFC00280DD001460098C8604F810E811D
:106DF000074848602846F5F76FFC00E086242046E7
:106E0000F8BD0724FBE7C046040F0020F40E002065
:106E100079E00510F8B50546C00621D40E461348A2
:106E200000684A21405C002480061AD5174600936A
:106E30000F4800686907C90E401800690F22032334
:106E40002946F5F7EDFB00280DD001460098C860F3
:106E50004F810E81074848602846F5F73DFC00E069
:106E600086242046F8BD0724FBE7C046040F002017
:106E7000F40E0020ADB90510074A126848321268B6
:106E8000002A07D05388834202D193888B4201D0D5
:106E90002032F4E710467047FC0E002070B594B025
:106EA00014460E464178801C6A46FAF706FF0546EE
:106EB000002807D10020307069463E310622204666
:106EC000EDF7A0FE284614B070BDE0B50B460146B4
:106ED0000089009001200C22EDF794F9FEF73AFEAC
:106EE0008CBDE0B503460091022001210C22EDF794
:106EF000A4F9FEF72FFE8CBDB0B50246C37A847AA2
:106F00000120F12C04460ED15D07AC0F05D0147C96
:106F10000322102C03D0144602E0022403E00424D0
:106F2000002D00D41446DA0700D02046002900D0F6
:106F30002046B0BD10B5027852000A70491C0022EC
:106F40000F2A0BD083185B785B008B548456002C7F
:106F500002D5012423438B54521CF1E710BDEFF3FB
:106F6000108272B6417582F31088704710B50446DE
:106F7000EC3000F04FF9BA2000212152BA34A07A47
:106F8000FF2801D0F6F71AF8FF20A072207A8007B8
:106F900001D5F5F7F6FF10BDB0B50446C220205C60
:106FA000800701D40020B0BD25468435284600F076
:106FB0004FF9A16F284600F04CF9A06F083000216E
:106FC00000F048F9606FA16F6167A0670120B0BD54
:106FD00070470000F8B51D4616460F460446F2F706
:106FE00058FA11492046F2F763FA10492046F2F7A1
:106FF00083FA20463946F2F731FB20463146F2F754
:107000001BFB20462946F2F7DCFA0698012803D13B
:107010002046F2F708FBF8BD2046F2F7C9FA012135
:107020002046F2F780FAF8BDD6BE898E5555550038
:107030000146AE31CA78FF216831032A01D0B3235B
:1070400001E00B46F333042A00D01946AE22805CDF
:10705000012202408307DB0F9A184007C00F101867
:107060004843BB30704786207047000002480068E4
:10707000882140587047C046040F0020024800682D
:107080008C2140587047C046040F0020801EC0B2BB
:10709000032801D3002002E0C1000248C840C0B26A
:1070A0007047C04601040600C72100224254014631
:1070B000A0318A88032313405A1E93415A00A0230B
:1070C000C252887B012202408307DB0FD21840079F
:1070D000C00F1018401E88777047F8B51E46174637
:1070E0000D460446F2F7BEF82046F2F7C0F82046F7
:1070F000F2F7EEF820462146F2F7EFF8204639463F
:10710000F2F7C0F820463146F2F701F9069F002E4B
:1071100002D02046F2F703F92046F2F797F820460E
:10712000F2F7BEF82046F2F70CF92046012F09D1FC
:107130002946F2F7DAF82046F2F7E2F82046F2F7AD
:10714000F4F8F8BDF2F7F7F82046F2F7C9F8F8BD01
:10715000F8B51E4617460D460446F2F783F820465A
:10716000F2F785F82046F2F7B3F820462146F2F709
:10717000B4F820463946F2F785F820463146F2F752
:10718000C6F8079F002E02D02046F2F7C8F8204626
:10719000F2F7ACF82046F2F759F82046F2F780F8FB
:1071A0002046F2F7C8F82046F2F780F82046F2F7BA
:1071B000ACF8012F07D120462946F2F796F8204671
:1071C000F2F749F8F8BD2046F2F79AF8F8BD1CB579
:1071D0001F2903D801AA1180406805E0406801AC6E
:1071E0002246FCF7D1FC2188401800791CBD000024
:1071F000074A126858321268002A07D093888342DF
:1072000002D153888B4201D00832F4E71046704710
:10721000FC0E0020B0B50446EFF3108572B6FDF702
:107220004DFC00280FD0204600F016F8F7F7C4FEFA
:10723000FDF722FC85F3108820690169002904D03C
:10724000606A884701E085F310880020E061B0BDE6
:10725000704770477047000070B50446144E31689F
:10726000084628300268002A08D010462830A2427A
:10727000F8D128312046F7F78FFD70BD4869A0424C
:1072800001D1FDF707FCE06A40680068002803D0E0
:10729000FEF7E2FC054600E0A56A31681831204699
:1072A000F7F77AFD00212846FCF712F970BDC046B9
:1072B000080F0020FEB505000E0000207949886007
:1072C000794C606AC00504D540221106280000F000
:1072D000C3FA606AC00705D56822744928004430A3
:1072E00000F0BAFA280040300021C166616A8025AA
:1072F000ED01294008D0016F002905D10121C166A7
:10730000616A6B4A0A4062626A4909680160A06A60
:10731000C00706D52422684988204000301800F0B4
:107320009BFAA06AAF08384006D0242263499A200D
:107330004000301800F090FAA06A054006D02422E0
:107340005F49AC204000301800F086FAA06AC00601
:1073500005D558225B493000B83000F07DFAA06AAC
:10736000C00505D5302258493000883000F074FA45
:10737000A06A400505D5302254493000583000F04D
:107380006BFAA06A800205D52C228221C905300043
:1073900000F062FAA06A000205D52C224C493000A8
:1073A0002C3000F059FA216B0120014008D00199DE
:1073B000484A126802231A400A60474A12684A6023
:1073C000216A029D08400DD020229121C9059420F8
:1073D0004000281800F040FAA022404928008830D8
:1073E00000F03AFA206A400305D50C223C492800F7
:1073F0007C3000F031FA206AC00306D539480168B4
:107400002967416869678068A867206A074005D0D6
:10741000182235492800583000F01EFA206A40072B
:1074200005D52C229021C905280000F015FA206A04
:10743000000705D52C222D4928002C3000F00CFA2D
:10744000A4204000281821680160A1684160216AD9
:107450008160A16AC16000200021254A1368503B69
:10746000099A1C680D06AD0D5451491C1B1DCCB268
:10747000142CF6DB08991F4A13680B601E4B1B681F
:107480004B6083001D4CE458CB189C60401C0828BE
:10749000F7DB90698862D6480268CA624068086370
:1074A000F7BD0000040000203000404800200040EC
:1074B000FFBFFFFF041000400020004100300041EA
:1074C0000070004100600041005000410040004158
:1074D000001000415416006028140060000070483D
:1074E00000006048000030480000204800001048BC
:1074F0000000041008ED00E000E100E000E400E01E
:10750000FFB581B0AC30BB4C0025016800290BD021
:107510000560606A8021C90101436162606A80215F
:10752000C901084000900098B3488068002800D145
:107530005CE10020B1490A68503A0B9903069B0DA3
:10754000CB581360401C121DC3B2142BF6DB0A99F2
:10755000AB4A086810604868AA4B18600023AA4F1D
:1075600098000E18B6683E505B1C082BF8DB049E92
:10757000886A90619E480A6B42608560C96A0160B2
:107580008C2040003718386B2060786BA060B86B97
:107590002062F86BA062206AC00717D520229420D1
:1075A000400031189120C00500F056F930008C30B1
:1075B000056045618562C5630565456685673D6013
:1075C000A02231008831914800F046F9206A40033A
:1075D00005D50C2231007C318D4800F03DF9206A40
:1075E000C00306D58B48316F0160716F4160B16F88
:1075F0008160206AC00405D51822310058318648C0
:1076000000F02AF9206A40070BD59020C005316AA6
:107610000162716A4162716941612C22310000F09E
:107620001BF9206A00070BD57C48F16C0162316DB3
:107630004162316C41612C2231002C3100F00CF997
:10764000606AC00504D540220199100600F004F9D3
:10765000606AC0070ED50198466C406C01218843D2
:10766000019948646E4D682201994431280000F068
:10767000F3F82E60029D0198006C6A490860A06AC8
:10768000882149006E18C00714D530680090306812
:10769000402188433060644F0C223100380000F0F4
:1076A000DBF81422902040002918604800F0D4F83C
:1076B00000983860A06A4027FF43C00415D5706A5F
:1076C0000090706A384070620C229A20400029189D
:1076D000574800F0C1F81422A2204000291855484C
:1076E00000F0BAF8009852490860A06A400415D525
:1076F000B06C0090B06C0740B7644F4E0C22AC20C9
:1077000040002918300000F0A7F81422B4204000EF
:1077100029184A4800F0A0F800983060A06AC00616
:1077200005D558222900B831454800F095F8A06ADF
:107730000126F643C00517D5280084304068009024
:1077400028008430406830402900843148603D4F33
:10775000242229008831380000F07EF82800843087
:10776000006BF86200983860A06A400510D5A86DDB
:107770000090A86D3040A865334F2422290058316D
:10778000380000F069F884202858F86200983860C2
:10779000A06A80020CD52F6828683040286020221B
:1077A00029008220C00500F057F88220C00507603C
:1077B000A06A00020BD5EF6AE86A0640EE62234E2B
:1077C000202229002C31300000F046F83760206B71
:1077D000C0070BD503980168002904D01C490A682A
:1077E000022313430B6040681A49086005B0F0BDDE
:1077F00010E000E0300040480400002000000410C9
:1078000008ED00E000E100E000E400E00000704866
:107810000000604800003048000020480000104888
:1078200000200040041000400020004110200041D2
:1078300000300041103000410070004110700041E4
:107840000060004100500041004000410010004134
:10785000541600602814006030B5002303E09C003B
:107860000D5905515B1C9408A342F8D330BD0000AC
:10787000014880470148004785B10410257C051068
:1078800081B0A34801688903FCD5816802220A43BC
:107890008260002102E000BF0099491C009100991C
:1078A0000629F8DB816804220A43826001B0704730
:1078B00098480168890703D501684807C00F7047D9
:1078C00000207047FEB5032000F046F90026924CD8
:1078D0002680A6700125FFF7EBFF002800D0257059
:1078E0008B4F3868C00608D5012060700103F7F798
:1078F000EEFD69030120F7F7EAFD386804273840F8
:1079000000D0A570032000F028F98448B02145502C
:10791000C621890061180191B9218900611800917F
:10792000C4214900631808396218211DFFF7C2FC01
:10793000029602A8F3F76AFB79487A4901617A490D
:1079400081630168A9430160784801680F430760BB
:10795000052000F001F9F7F7F7FDF7BD7CB5744E8F
:107960006B4C6D4D687801280AD1724871690140ED
:107970007161B1690840B061206810210143216044
:10798000A878012803D120680421014321606748B9
:107990000168042291430160C620800028180190EC
:1079A000B920800028180090C42040002B18083807
:1079B0002A18291D5948FFF7A3FD052000F0CDF82E
:1079C000042000F0C9F820688003FCD5287801283D
:1079D00005D1FFF755FF20685749014021606878BD
:1079E000012802D120688006FCD5A878012802D1A0
:1079F00020680007FCD5206EC00703D54F480068FB
:107A00000F28FBD04E488068002801D0F3F746FBD2
:107A10003068C005FCD5042000F09FF873BD3EB56A
:107A2000002000F099F800203B4C2080A070012538
:107A3000FFF73EFF002800D025700021C020800104
:107A4000F3F7BCFA002000F088F83448B021455024
:107A5000C621890061180191B9218900611800913E
:107A6000C4214900631808396218211DFFF722FC60
:107A70002B4C2C4820612C48A063029502A8F3F7F8
:107A8000C5FA2068A84320602848016804220A43F8
:107A90000260022000F060F8F7F756FD022000F0C7
:107AA0005CF837BD3EB5214801680422914301606E
:107AB000194CC620800020180190B92080002018A1
:107AC0000090C4204000231808382218211D1348B4
:107AD000FFF716FD012000F03FF80D4D28688003E8
:107AE000FCD52078012805D1FFF7CAFE2868124985
:107AF0000140296012488068002801D0F3F7CEFACF
:107B00000B480068C005FBD5012000F026F837BD02
:107B100000004048080040485C040020C0090020E4
:107B200000005048FFBF0000FFFF000010ED00E024
:107B300014005048FFCFFFFFFFDFFFFF1018006069
:107B40000400002080B500F009F8F3F758FA01BDF1
:107B500080B500F00BF801BD70477047024801681E
:107B6000022291430160704710E000E00248016882
:107B700002220A430260704710E000E002484168B8
:107B80000278891841607047900300207047FEE733
:107B90007047704780B5FFF7F1FF01BD1E480168CF
:107BA000890600D4704780B5806869460870012155
:107BB0006846EEF7DFFD01BD80B51848EEF7F1FC31
:107BC00001BD80B5EBF75EFD01BD80B5EBF760FD53
:107BD00001BD80B5EBF762FD01BD80B5EEF77CFC21
:107BE00001BD80B5EEF7B0FC01BD80B5EEF783FCBA
:107BF00001BD80B501219020C005ECF721FF01BD3A
:107C000010B5074C20212000ECF71AFF80218900D5
:107C10002000ECF715FF10BD1C400041B00E002005
:107C2000000010480548014603B4684680F30988FF
:107C300000BF00BF00BF00BF00F002F8A5EDF5FED9
:107C400000F00DF8002801D000F00CF800BF00BFD4
:107C5000002000BF00BFEAF797FA00F017F80120F4
:107C60007047000010B5074979441831064C7C4430
:107C7000163404E0081D0A68891888470100A142EB
:107C8000F8D110BD3C6C0000786C000080B500F0AD
:107C900001F801BD07463846FBF754FFFBE700003B
:107CA00080B50D49794430310C4A7A442E329142E4
:107CB00003D00B4900BF00BF02BD69460870012216
:107CC0000120ECF72FFF012802D16846007802BDA1
:107CD0000020C04302BD00BF2883FAEF2483FAEFDF
:107CE0000804002010B504460A4800680069902185
:107CF00001221346F4F794FC002804D001464460A6
:107D00009020F4F7E9FC044800688421425C521C8E
:107D1000425410BDF40E0020040F0020FEB53B4D70
:107D2000286810300021062905D004C8528801AB0C
:107D30005A52891CF7E772B6286804680027076062
:107D400062B6E00702D0002000F064F8A00702D578
:107D5000012000F05FF8600702D5022000F05AF819
:107D6000200702D5032000F055F8E00648D504208E
:107D700000F050F844E0780001A90E5A0097BF00C7
:107D80002868C019006901880288B2422AD089088F
:107D9000891C89004418A17803220A40012A02D0D4
:107DA000002A03D11EE0817A08300446480603D435
:107DB0002046F9F726F80AE0E078132807D2800079
:107DC00013490A58211D20469047002805D12868EC
:107DD000C019006921880180D5E70020F1F76EFC09
:107DE000E9F7EEFC72B62868C0190069418802887C
:107DF000914202D100210180418062B6009F7F1C28
:107E0000032FB8D100F014F8FEBDC046F40E0020D8
:107E100058140410E0B501AAD07001209070102011
:107E20005070042111701046F7F7FAF88CBD00006D
:107E300010B586B01548046802A801A96A4600F08A
:107E400027F800281FD002A80178E089C840C007A1
:107E500019D0019A009B03A8082484701C0EC472D8
:107E60001C0C84721C0A44720372C2718171FF215E
:107E70004170822101700021417104220271C170A0
:107E80000C21F7F7CDF806B010BDC046040F002056
:107E900070B503460948046872B6207C0025257435
:107EA000257B0F262E401E70237B1B090B70A168BB
:107EB0001160411E884162B670BDC046040F0020AB
:107EC000F0B587B03148046806A9049100200190FC
:107ED000087005AE01203070F3F7A0FA5D2003941E
:107EE000275C781E3D468541202038404442029060
:107EF000444104983146FDF731FF002F01D101289C
:107F00003ED12C4038D105A80078002834D0039CFD
:107F100020465D30C07B002834D02834029D002DDF
:107F200003D02178002000F033F806A8007801285B
:107F300002D1002000F02EF8FBF76EFC002804D1DF
:107F400000200121FBF7F8FC0190002D0AD02178D8
:107F5000012000F01DF8002804D00198002801D06D
:107F6000FBF712FD06A80078012809D10620F1F7D9
:107F7000A5FBE9F725FC03E001200146FBF7DCFC4B
:107F800007B0F0BD00200121F8E7C046F80E002040
:107F90000020704780B500F001F880BD80B505492C
:107FA0000968496D497C012902D1FBF753FC80BD6A
:107FB000002080BDF80E0020B0B55E2806D10C4828
:107FC00004685D3400256057002800D4B0BD607897
:107FD0000228FBD1557080201070C8B21146F3F70B
:107FE0009FFA657020787F2101402170B0BDC046A6
:107FF000F80E0020074909685D228A5C88231A422E
:1080000004D0723109884140080501D00020704732
:1080100001207047F80E0020B0B504468088002586
:10802000800501D4284606E062892189022000F0FB
:1080300027F8002800D0B0BD20896189042902D129
:10804000F3F700FCEEE7F7F7F3FD61892089F7F716
:1080500005FE00202081094909684B6BA34205D029
:108060001A461B69A342FBD1103201E00A463432A2
:10807000236913600A6B22610C63B0BDFC0E002003
:10808000F8B50446C00608D40D46194800684921D1
:10809000405C800703D4002727E0862725E01646AA
:1080A000144800686107C90E40180069592203236B
:1080B0002146F4F7B5FA002816D0014606738572FA
:1080C0000C204872022008720027CF7106208871A8
:1080D000FF20487182200871300A4873280AC8724C
:1080E0002046F4F7F9FA00E007273846F8BDC04605
:1080F000040F0020F40E002080B581080A480068B3
:108100003430006800280ED042788A4201D0103006
:10811000F7E70121490282880A4382800720F1F7AC
:10812000CDFAE9F74DFB80BDFC0E002080B540691B
:10813000014900F003F880BDF9800510FEB50291F9
:1081400005464778006AC45DECF7AAFDC0080190B7
:108150002046C2B2BA420DD053006E6AF35A2E784E
:10816000761D0199F140591A09B2012903DC286AE8
:10817000805CEEE73846296AC855C6B228463146C3
:10818000FCF7A2F9E0B2B04206D0296A0F5C0C54A9
:10819000029988473C46F5E7FEBD00007CB50446E1
:1081A0008068418904291AD160688189491C89B293
:1081B000F7F7BDFC0546172800D817251D4E308A55
:1081C000854200D30546A3689888C0060FD4198954
:1081D00002202A4600F030F8002814D07CBDC36885
:1081E000022000210622FAF783FA86207CBDD88877
:1081F000A8420ED00833422003210222F7F7A8FC40
:108200000028EBD105E0A068C580818810220A43D0
:108210008280308A01AB587003251D70000A987067
:10822000A068C468A18920462A46F7F777FC6580D4
:1082300000207CBDB40D0020F8B50446C00608D46B
:108240000D46194800684921405C400703D40027C7
:1082500027E0862725E01646144800686107C90E06
:10826000401800695A22032721463B46F4F7D8F903
:10827000002815D00146067385720C2048720F72D3
:108280000027CF7106208871FF2048718220087175
:10829000300A4873280AC8722046F4F71DFA00E035
:1082A00007273846F8BDC046040F0020F40E002012
:1082B00080B502480068804780BDC0465004002059
:1082C000F0B595B005460488F5F779FF01462046DC
:1082D000FEF7D2FD8626002800D108E204462F884A
:1082E0002846F5F76CFF01463846F5F76DFF089014
:1082F0002078FB21014021700C273846F1F7DEF988
:10830000E9F75EFA2846FEF7F5FC012807D16088F8
:10831000FFF770FE002860D0204600F049FA207870
:108320000022010757D4A379591E112900D9DEE193
:10833000079249007944898849008F44C5000201A9
:108340000F01990099001F01640175017C01B901B9
:10835000A600A600B8001100B00011001100B00086
:10836000C00600D5A7E0A28861880A202B4600F04D
:108370002BFA002800D0B4E1A079112800D1B2E195
:10838000637A21690891102800D0D0E10693A8896A
:10839000401C81B22846F7F7CAFB0590A889C01C8B
:1083A00081B22846F7F7C3FB0026A2896988491FD6
:1083B0009142049000D0CFE1384606994843089A8C
:1083C00010188068618941182846154600F02EFA79
:1083D000069B0390C4E1164689E109A90FAA0EABDA
:1083E000284600F02EFA00282BD02846F5F760FB2F
:1083F0000EA80078122808D160880421F5F7E4FE61
:108400008188012292020A438280A079012804D146
:10841000089B99880422914399800EA909780A291A
:1084200008D0072902D10A2800D175E72178102247
:108430000A4322700E2800D171E7102800D16EE7A0
:108440006AE709A800780790A38862880FA80088C7
:1084500021460EAC2478009001940C46022011466F
:108460001A46079B00F008FA0028BED006463EE1F7
:10847000A28861880A202B4600F044FA002800D028
:108480002FE1284600F070FAC8E0A28861880A202F
:108490000B2B00D020E12B4600F07CFA1FE1A288D4
:1084A0006188022000F0A8FA002800D019E12846CF
:1084B000F5F7FEFA17E16089002800D113E10026E4
:1084C00026720F20A07112E1A889401C81B22846B3
:1084D000F7F72DFB0646172800D81726B348008A61
:1084E0008642089F00D30646B888C00614D5F8888F
:1084F000B04211D03B460833422003210222F7F755
:1085000027FB002800D0ECE02078102101432170E7
:10851000B88804218843B8802078C00600D5FE883A
:10852000618802203246FFF787FE002800D0D8E09D
:10853000FE80B8880821014304208143B980204689
:10854000DCE0A28861880A202B4600F091FA00281E
:1085500000D0C6E0284600F0BDFA0BE0A288618892
:108560000A202B4600F0CCFA002800D0B9E02846BB
:1085700000F0F8FA8C49884253D1B4E0284600F064
:10858000FEFA089060890EA9088020460C300790FA
:1085900009A80C3005900FA8401D06900026F7B2E0
:1085A0000FAA2846394600F0F1FA002800D0A1E0D1
:1085B0000898072805D109A81021017402220598FE
:1085C00003E009A88021017410220699ECF71AFB38
:1085D0000EA80FA90222ECF715FB09A8079900F0D5
:1085E000F1FA00280DD1A2886188089800900195C1
:1085F0004743B81C83B2022000F014FB002800D0CF
:1086000082E0761CCBE7A28861880A202B4600F026
:108610005FFB002865D1284600F08CFB6189884209
:1086200061D2401C208161E0A28861880A202B462B
:1086300000F09AFB53E0284600F0A1FA06460694A3
:108640006088FFF7D7FC089002246888A3B28342B1
:1086500053D2089801280ED1A889001981B20FAF12
:10866000284632463B46F7F745FA5E2031463A4601
:10867000FFF7A2FC1AE0069FBA8879880096019558
:10868000022000F0CFFA00282BD1387F10280DD11E
:108690000698008B4249884208D1069840880421F8
:1086A000F5F792FD81883F4A11408180A419CCE7FB
:1086B000A28861880A202B4600F088FB002810D190
:1086C0000898C088411E6888401E82B291420AD82C
:1086D00061890818608109E02B4600F0A9FB002899
:1086E00001D0842603E0204600F062F8079E304661
:1086F00015B0F0BD0EA800880AE0069800F058F802
:108700002846F5F7D5F9F1E70E98401E0EA9088026
:10871000618982B28A4202D2401C208102E0204656
:1087200000F046F82846F5F7C3F90026DFE761892F
:10873000089AA0894018608180B25F43D119898866
:108740008842D3D1207A401E984224D900266681DF
:10875000607A401C6072CAE7F0430390069B089D54
:10876000394659436A5A2846059D95420BD102461F
:1087700041184A8861898A18049DAA4203D1024699
:1087800003980028D5D026720F20A07120781021E0
:1087900001432170ABE7012020720F20A071A5E7F3
:1087A0002A2B0000FFFB0000FFFF0000B40D00209B
:1087B00080B5017808220A4302700C20F0F77EFF92
:1087C000E8F7FEFF80BD0000F8B50546C00621D4DD
:1087D0000E46134800684A21405C002400071AD561
:1087E000174600930F4800686907C90E40180069D2
:1087F0000E2203232946F3F713FF00280DD001466C
:108800000098C8604F810E81074848602846F3F7FA
:1088100063FF00E086242046F8BD0724FBE7C0463E
:10882000040F0020F40E002095B4051080B50B460F
:1088300042888189491D89B2521F92B2F9F762FEBE
:1088400080BDFEB50E464188052912D11C4615464D
:108850008189052201AF3B46F7F74CF978783070F3
:10886000B878F9780902081828800298207000204A
:10887000FEBD8620FEBD0000F8B50446C00608D443
:108880000D461E4800684A214056002804D400279F
:1088900000E086273846F8BD1F461646184800688F
:1088A0006107C90E401800695D2204232146F3F7D1
:1088B000B7FE002820D00146079A06980090C8739A
:1088C0000E738D720C234B7211230B7238460027E6
:1088D000CF710A238B714A748873FF224A718222F6
:1088E0000A710098000A0874300A4873280AC8728E
:1088F0002046F3F7F1FECDE70727CBE7040F002072
:10890000F40E0020F8B50546C00621D40E461348E3
:1089100000684921405C002480061AD51746009360
:108920000F4800686907C90E40180069092203232F
:108930002946F3F775FE00280DD001460098C8605F
:108940004F810E81074848602846F3F7C5FE00E0D6
:1089500086242046F8BD0724FBE7C046040F00200C
:10896000F40E00204DB60510BCB504468089401CAD
:1089700081B22046FDF7B3FB6188081AA18940182F
:1089800081B2022201AD20462B46F7F7B3F82888C2
:10899000BCBD0000F8B50546C00621D40E461348FC
:1089A00000684A21405C0024C0071AD01746009393
:1089B0000F4800686907C90E401800690C2203239C
:1089C0002946F3F72DFE00280DD001460098C86017
:1089D0004F810E81074848602846F3F77DFE00E08E
:1089E00086242046F8BD0724FBE7C046040F00207C
:1089F000F40E0020DDB60510F8B50446C00608D414
:108A00000D46194800684A21405CC00603D400277F
:108A100027E0862725E01646144800686107C90E3E
:108A2000401800695B2203232146F3F7F9FD002873
:108A300016D00146067385720C2048720D2008720C
:108A40000027CF7106208871FF20487182200871AD
:108A5000300A4873280AC8722046F3F73DFE00E04A
:108A600007273846F8BDC046040F0020F40E00204A
:108A7000F8B50546C00621D40E46134800684A21C1
:108A8000405C002480071AD5174600930F48006801
:108A90006907C90E401800690D2203232946F3F720
:108AA000BFFD00280DD001460098C8604F810E819F
:108AB000074848602846F3F70FFE00E0862420466A
:108AC000F8BD0724FBE7C046040F0020F40E002089
:108AD000BDB50510BCB504468089401C81B2204656
:108AE000FDF7FDFA6188081AA1894018801C81B23F
:108AF000022201AD20462B46F6F7FCFF2888BCBDBC
:108B0000F8B50546C00621D40E4613480068492131
:108B1000405C0024C0061AD5174600930F48006831
:108B20006907C90E40180069082203232946F3F794
:108B300077FD00280DD001460098C8604F810E8156
:108B4000074848602846F3F7C7FD00E08624204622
:108B5000F8BD0724FBE7C046040F0020F40E0020F8
:108B60006DB305101CB5818942885118891E89B2E0
:108B7000022201AC2346F6F7BDFF20881CBD80B55C
:108B80008189491C89B2FEF722FB80BD70B514466D
:108B90000E4605468089401C81B22846FDF79FFAA3
:108BA00002464643B01C6988884208D2A989081841
:108BB00081B228462346F6F79DFF002070BD86202F
:108BC00070BD000070B58AB00C46014605AD142694
:108BD00028463246ECF716F8684621463246ECF74E
:108BE00011F8287C802807D005AC0D490C222046BE
:108BF000ECF708F80020E0816846007C802807D068
:108C00006C4607490C222046EBF7FCFF0020E08170
:108C100005A869461022ECF700F80AB070BDC046FE
:108C2000F7E90510F0B587B00546C00643D40E46F7
:108C3000244800684B21405C002480073CD5049206
:108C400005930C9A204800686907C90E401800690E
:108C50001E490692511803220A43113291088BB221
:108C60005E222946F3F7DCFC002828D007460D9940
:108C70000698009003910191381D3146049A059B96
:108C800000F008F9280704D50398F4F711FFF7203E
:108C900005400C20787212203872FF2078718220F3
:108CA00038710698C01DB871000AF8712846394617
:108CB000F3F712FD00E08624204607B0F0BD07243C
:108CC000FAE7C046040F0020F40E0020FDFF030069
:108CD000FEB50446C00624D416461348006849224F
:108CE000805C002500071DD51F46019102950F48A5
:108CF00000686107C90E4018006907250323214653
:108D00002A46F3F78DFC00280CD00146C760468147
:108D100001980881064848602046F3F7DDFC029D73
:108D200000E086252846FEBD040F0020F40E00203A
:108D3000E5B30510BCB504468089401C81B22046CD
:108D4000FDF7CDF91121C943012800D10E3160880A
:108D50004018A189081881B2022201AD20462B4695
:108D6000F6F7C8FE2888BCBDF8B50546C00621D474
:108D70000E46134800684921405C002440061AD57D
:108D8000174600930F4800686907C90E401800692C
:108D90000A2203232946F3F743FC00280DD001469D
:108DA0000098C8604F810E81074848602846F3F755
:108DB00093FC00E086242046F8BD0724FBE7C0466C
:108DC000040F0020F40E0020D5B70510F8B50546B5
:108DD000C00621D40E46134800684921405600249D
:108DE00000281AD5174600930F4800686907C90E76
:108DF000401800690B2203232946F3F711FC0028D1
:108E00000DD001460098C8604F810E810748486028
:108E10002846F3F761FC00E086242046F8BD0724CD
:108E2000FBE7C046040F0020F40E002041B50510FA
:108E3000F8B50546C00621D40E46134800684B21FC
:108E4000405C002440071AD5174600930F4800687D
:108E50006907C90E40180069132203232946F3F756
:108E6000DFFB00280DD001460098C8604F810E81BD
:108E7000074848602846F3F72FFC00E08624204688
:108E8000F8BD0724FBE7C046040F0020F40E0020C5
:108E900059B705107CB51D46044602728171100A4F
:108EA0006072080AE071079EB089C01881B2022280
:108EB00001AB3046F6F71EFE0698801E207301991E
:108EC000A172090AE172B1896918891C89B20D344D
:108ED000C2B230462346F6F70DFE7CBDF0B589B030
:108EE00017460D46064600787488042845D00328A6
:108EF00077D17168086A00287DD00A7D102A74D164
:108F0000098A494A914270D10097012107AA08AB0A
:108F1000284600F08DF800286ED12888F9F7ACFCBF
:108F200007AA117807230B40059313707168096A2B
:108F30008B683E49C97A49084A1C0421049003926F
:108F40000293F9F7ABFC059A01461140814257D1D3
:108F50000298009004210498039BFDF793F9706830
:108F6000006A0078C0073AD02E882846F5F727F91E
:108F7000024608A8008807A94CE0716888690028A3
:108F800039D00A7D102A30D1098A264A91422CD143
:108F90000097022106AA08AB284600F049F80028ED
:108FA0002AD106A8008805907088801E81B2022010
:108FB000FCF740FC002821D005998907890E4068FC
:108FC00000780840884219D106A8028828883146CE
:108FD000FDF7D6F9706880690078C00712D10020CB
:108FE0000AE003203870862006E021462A463B46E8
:108FF00000F042F800E0842009B0F0BDFD20F1E768
:109000001320EFE72E882846F5F7D9F8024608A87E
:10901000008806A90090019102203146234600F005
:1090200057F8E9E702290000292B0000B40D0020C1
:10903000F8B51D4614460F460646F9F719FB0E21F2
:10904000C943D22800D00C317088081882B2069922
:10905000BA4205D90D20087000202880862709E033
:1090600000270F702880B089C01C81B2304623468B
:10907000F6F740FD3846F8BDFEB516460C460546E7
:1090800082688188009302AB3046FFF7D1FF002849
:1090900000D0FEBD2878810703D4A98802AA1180D8
:1090A00001E002996980C00701D10020FEBD378828
:1090B0003046F5F784F8024602A80088A9680090B7
:1090C000019102203946234600F002F8FEBD00005F
:1090D000F0B585B00546C00645D426480068492449
:1090E000005D0024C0073FD00293039204910A9EC2
:1090F000214800686907C90E40180069711E0322E3
:109100000A43113291088BB258222946F3F788FAA4
:1091100000282CD007460B9801903E740299B97331
:10912000039B3B73049ABA72300A7874080AF87386
:10913000180A7873100AF8723846123001993246CC
:10914000EBF760FD0C207872012038720A36300A85
:10915000F871BE71FF207871822038712846394637
:10916000F3F7BAFA00E08624204605B0F0BD0724E4
:10917000FAE7C046040F0020F40E0020F0B589B0D5
:10918000054604AC284914222046E8F789FF01204F
:10919000264E31462246FCF765FB0024002804D009
:1091A000014628688288120603D42746384609B04B
:1091B000F0BD2A79FE2313408627042BF6D00089C0
:1091C00001220292F9F746FD8128EED028688188B5
:1091D000CA0502D500F030F8E7E7029A14022143ED
:1091E000818028790228E1D128890128DED1688987
:1091F000B042DBD1EA68107C1028D7D190890C49A5
:109200008842D3D101203146FCF72CFB0028CDD079
:1092100003A8048029680989009001200027054BD4
:109220003A46F4F745FFC1E750130410FFFF000072
:109230002A2B0000C7D40510E0B5C121490001AABE
:1092400011800189009201200022024BF4F730FFC7
:109250008CBDC046BBD4051070B58AB0044605ADC0
:109260000DA1142628463246E8F71AFF68460FA1DA
:109270003246E8F715FF20462946FFF7A3FC0028F1
:1092800007D069462046FFF79DFC01464042484111
:1092900000E001200AB070BDFB349B5F80000080BD
:1092A000001000000028000010000000FB349B5F4D
:1092B0008000008000100000012800001000000065
:1092C000B0B58AB004468088000601D400254BE082
:1092D0000120010209AA1180218900920025244B56
:1092E0002A46F4F7E5FEA18889073DD400283BD142
:1092F00004AD204914222846E8F7D2FE01201E4979
:109300002A46FCF7AFFA002812D00546FCF7CAFA45
:1093100000280DD001462089F9F7A1FA800712D460
:10932000208900210122F9F795FC054681281BD1EF
:1093300009A8802101802189009001200022104B82
:10934000F4F7B6FE0FE00D48039001AA0420508008
:109350006888108003A80290618920890092022207
:109360000123F9F7DFFC054628460AB0B0BDC04628
:10937000AFD4051064130410FFFF00000100FFFFCD
:10938000BBD40510FEB50C460546222012490290BA
:10939000085C00270326114B0195C1B28F4219D2F8
:1093A0001968496B8A19D21E1288AA420FD1FF2C64
:1093B00002D0895DA1420AD1F8B225461C4600F0D0
:1093C0000FF823462C46019D02980349085C343669
:1093D0007F1CE2E7FEBDC046B40D0020000F002058
:1093E00070B5044622201049085CA0421BD90F4DDD
:1093F000296830200A5C521C0A543422544330310C
:109400004868001983781B0705D5C378112B02D350
:109410004B785B1E4B7046890021EBF7F7FB286801
:10942000406B0019468170BDB40D0020000F002074
:1094300070B514244443144D144800684821405C1E
:10944000000713D52868C06A065B11480068806968
:10945000062202210B46F3F7E3F8002806D0014666
:109460000C4848600E810220F3F736F92868C06A7C
:10947000011900228A718A78F92313408B70005BEE
:10948000FF21FFF77FFF70BD000F0020040F0020B9
:10949000F40E0020FDE00510FEB50446F2F724FDB1
:1094A00005462C20285CFE210140022958D1029457
:1094B0002F46E6373A79D00619D4F02401921440A9
:1094C00001212846F3F715F9064600212846F3F74F
:1094D00010F9304306D00298F3F77DF9002801D146
:1094E00020200443019A10262643788827E0C026CE
:1094F0001C4800683921405600281CD5688F01900F
:1095000019480068806942211446232202252B460F
:10951000F3F786F8224600280DD00146019AC27161
:1095200085715720487104200871100A0872422082
:10953000F3F7D2F82246164078883988081A0A23A9
:10954000434372B638798242029902D1032006431E
:109550003E7162B603480068A0300122F3F7D4F8E8
:10956000FEBDC046040F0020F40E002080B5044963
:1095700009689022895848310522EBF743FB80BDEA
:10958000040F0020F8B51E4614460D460746FBF7AB
:10959000AFFBFF23062C24D80246C0467C44247926
:1095A0006400A744030D1E071E1E1400012D01D1E7
:1095B000132316E0384629461C4600F015F804E04F
:1095C000002138461C46FCF731FF234609E0012004
:1095D000707003203070012D01D1122000E01320A3
:1095E000B0701846F8BD0000F0B585B00491002AAF
:1095F00030D0144606465720870035467D43304616
:10960000FBF7CEFA03901449096890228958C96B78
:10961000486843190C22049D55435D1911231B0111
:10962000ED58A5420CD1154604994D4303994919AB
:10963000019149790291FE2502990D4001994D71E0
:10964000049D6A437743C1198918CA1803982146B3
:10965000FBF7B6FA05B0F0BD040F0020FEB502938B
:1096600001920E460546F2F73FFC04460746903449
:109670002846F2F795FF0899042E06D1002804D059
:10968000019A002A0CD00A220BE088880880012E5B
:1096900002D1C0080E3801E080080F38029E0FE0AA
:1096A0000822029E8A5A0A800088022801D00120DE
:1096B00000E003200B4BD218C2400B481018C00822
:1096C00083B222889A4200D30246002E03D093B27E
:1096D000C889984200D3104660803846F7F700FBEF
:1096E000FEBDC04688FEFFFFB5FF0700F0B585B0A0
:1096F0001F4614460E460546F2F7F6FB024628467C
:10970000039631461646FBF7F3FA611E062973D815
:10971000034630462C30C0467944097949008F44CD
:1097200003036B296B2E5A000078032864D102933F
:10973000F81C044600F063F8002855D0387A0190F0
:109740007F7A05222046029C2146F8F732F938023A
:109750000199401882B23046214600F06BF802228F
:109760002846039C214600F071F82846214600F067
:1097700081F841E0B878012831D02A2130E0314623
:10978000FA310A88318FC08A1C4600F083F804A998
:1097900001910880204602942946FFF7E7FE012048
:1097A000B8700820787003203870F91C0522204614
:1097B000F8F7FFF808370222019C20463946F8F7EF
:1097C000F8F822883046029900F034F828460399C8
:1097D00000F067F810E0284603991A460AE02321B2
:1097E000304600F06DF807E02846F7F7ABF828465A
:1097F0000399029AFFF7F8FEFF2005B0F0BDB0B55F
:10980000014600791F2811D8002002460346252A68
:109810000FD007241440D5084D5DE540EC0703D078
:109820005B1CDCB2022C03D0521CF0E70020B0BD60
:109830000120B0BDA823C15009214901425240185E
:10984000817908220A43827170470000B0B514463E
:109850000D46FBF7A5F9022C09D80C2169434018E5
:10986000401DE100024ACA40017811430170B0BDB9
:109870000204080010B50C46FBF792F9817F012223
:109880000A4382770C2161434018417940220A4300
:10989000427110BD491C514306224A43101880B240
:1098A000704710B50C244C43F2F71EFB0119FF2240
:1098B0000E328B5C40241C438C5400F00FF810BD1A
:1098C00010B504462D2021544B2080002018FDF7B0
:1098D000A1FC2D34207DF3F779FB10BD8821405881
:1098E000018804220A43028070470000F0B591B05D
:1098F0000B9314460E460746F2F7F6FA05460C9708
:1099000038460A963146FBF7F3F90646601E0628EC
:1099100000D9D4E02F462C372C46FA34784400790D
:10992000400087440303CC1ECC2C7C0038780328ED
:1099300000D0C4E00B9F7B893A89F88824880021F5
:10994000009101910294099001460892079300F05A
:1099500009F900280C9C00D1B4E02046F6F7F2FF8C
:10996000A8E00B98807823210F280A4600D02A22ED
:10997000002800D011462846FFF7A2FF9FE00B9871
:10998000801C0890F2F754FF09902288298FF88AEA
:10999000FFF780FF07462820012107913154308BC3
:1099A000718B081840081090B08B0590F48B0DA8AF
:1099B0000C99017110A90F910D96E8F7B7FD109859
:1099C000308306973904091904910C230B9F7B708F
:1099D00003233B7005990F0407430898604A84C02D
:1099E000049A026058022203F16032610799490229
:1099F00003C609980068718B0902083E884200D3AB
:109A00000846706110984002B06028463146069AB8
:109A100000F0D4F80C980A99FFF743FF4FE0282094
:109A2000305C00280C9C45D00DA804710D96E8F719
:109A300081FD494800683621415C890634D53630BD
:109A4000407A400730D5F08B0B90B08B0990308B6B
:109A500008906D8F41480068006980212422042409
:109A60002346F2F7DDFD00281ED001460B304D7273
:109A7000089F07700795099D4D730B9B037100228A
:109A80000A720322CA710A228A713E224A710C713B
:109A9000079A120A8A723A0A42702A0A8A731A0AC2
:109AA00042718020F2F718FE00210C9C20460A46E5
:109AB00000F08FF820460A993246FFF795FDFF2007
:109AC00011B0F0BDF878002800D146E70999491E89
:109AD000082900D3082181420B9900D23DE78A88EA
:109AE00009998A4200D938E70799F183089FB7831B
:109AF000099B3383738309035B02520240028DC6C4
:109B00003160EA6C0120103E9A4209D1AA6E91425E
:109B10000B9F06D1288F0899081A411E884100E042
:109B20000B9F28217054099810900DA8047110A95A
:109B30000F910D96E8F7FAFCBA892846314600F0F5
:109B40003DF8022220460A9D2946FFF77FFE204667
:109B50002946FFF78FFEB2E7040F0020F40E002025
:109B60000003010070B50446134800682D25465DCA
:109B70001220A6421CD81925ED01AC4218D88E42FD
:109B800016D8A94214D8A14212D394087C2C0FD81D
:109B9000059C049EB4420BD30A2B09D3AB4207D8D1
:109BA0000698521C4A4342439008834201D812202F
:109BB00070BD002070BDC046F00E0020A423C1502F
:109BC0000921490142524018817904220A438271D5
:109BD0007047B0B515460C46F2F786F9E621435AB0
:109BE000002D1A4600D02246C46C0146E6318D8A0B
:109BF0006543008F0A306843000B84B2641D9442B1
:109C000000D3224694B2A3420BD048800A80087940
:109C1000012806D0022008711320EFF74FFDE7F767
:109C2000CFFDB0BDF0B58BB01C4616460F460546BD
:109C3000F2F75AF90246079528460697394617461D
:109C4000FBF756F83B46052E07D13D211846FFF796
:109C500037FEFF2630460BB0F0BD024601462831E4
:109C60003D462C352878022826D10878401EFF264C
:109C70000B28EFD80F464000784480884000874486
:109C80000B0097009A00B400BC00C0001B011F012C
:109C900045015301600163010A20A0700121617038
:109CA0000320207007980A461C46FFF7CFFD204688
:109CB00000F0E2FA022042E1012E05912AD10020B3
:109CC0004870164600271D4618463946F2F711FD22
:109CD000A178032950D1002863D1E01C31463031EE
:109CE00008220292174B984720460B3031462E31FE
:109CF0000222144B984720460D303146029A114BF0
:109D00009847153420360422204631460D4B98479B
:109D1000052135E04878FF260D289BD8E53740001F
:109D200078448088400087440F00100053015C0194
:109D300065018801C701D8012402EA012902F60160
:109D40000E021B02B3190510BBE70B20A070012205
:109D50006270032020700220059948700024079843
:109D600021461D46FFF772FD284600F085FA284679
:109D7000214600F088FA6DE7012812D10127394603
:109D8000284605AD34CD5170177100F08DFA0022D0
:109D900028462146FFF75AFD28462146FCF746FB98
:109DA00057E7079806993246FFF71EFC2B464CE70B
:109DB0000320387013E1A0780B2800D045E7042079
:109DC0003870022118461D4600F05DFA0124079FF5
:109DD00038462146FCF72AFB002238462146FFF789
:109DE00035FD284600F060FA34E70B20A070012012
:109DF0006070032020700520A1E00620387001214A
:109E000085E102962546A61C002420460393049271
:109E1000FA498847069009902046F8498847F7494B
:109E20000A9020468847044617206870032028704F
:109E30000894387A0002797A09044018B97A090638
:109E40004018C01C3060049D2846333000F034FABE
:109E5000706006980006E98D09020818F97B401821
:109E6000B06009AD681C00F027FAF060200669793F
:109E70004018A97909024018E979090440183061AD
:109E800008AC6078A17809020818E1780904401844
:109E90007061029E08222846049D2946F7F789FD35
:109EA0002035042220462946F7F783FD0720387025
:109EB000012107980A46F9E0082038700426C9E60F
:109EC000A07811285BD0072859D00D2857D0042836
:109ED00000D0BAE609203870E01C11460831164659
:109EE00008221F46F7F765FD0B3431462431042262
:109EF0002046F7F75EFD2E66012100220798FFF746
:109F0000A5FC384600F0D0F90526A3E6A078112874
:109F100043D00D2841D0052800D096E601210798AE
:109F2000FCF784FA0A200AE00620A0700120607085
:109F3000032020700221184600F0C9F90B20387068
:109F400088E60C20387017E1A078062800D07CE65F
:109F5000049200203870C34800682C21405CC00780
:109F6000C10E6F20C04348401D465A8F3979C0B298
:109F7000012900D012E1114600F0BAF912E1B94806
:109F800000682C21405C0001C043802101439020E7
:109F9000084017465A8F1A210CE0B24800682C215D
:109FA000405C0001C04380210143902008401746D7
:109FB0005A8F06211D46002300F0CCF9284600F0F8
:109FC000FBF9284600F000FA079806993A46FCE0AB
:109FD0000320059948700121184600F054F90B261A
:109FE00038E6A0780B2800D02FE6042005994870A9
:109FF00003262FE6A078032800D026E60520059941
:10A000004870E01C11463031082517462A46994B06
:10A01000984720460B3039462E310222954B9847FF
:10A0200020460D3039462A46924DA8471534203730
:10A03000042220463946A84768E0002706978C4D41
:10A04000384603930492A84709903846A8470A90D7
:10A050003846A84704210191A1700D2161700321A8
:10A0600021700890E11C09A8009002960826814BF7
:10A07000324698470B3408AF38462146019D2A46A0
:10A080007C4B9847049C2146083100983246029E3A
:10A09000784B9847774B2434214638462A469847D0
:10A0A000062005994870012207980699FFF7CEFB14
:10A0B000039800F0E1F8CDE56B4800683621415C7B
:10A0C000890604D53630407AC00600D58BE00021E1
:10A0D0000798FCF7ABF90D27C1E0059FF878002839
:10A0E00076D00520A07001206070032020702A66C1
:10A0F0000021184600F0EBF808207870AAE5A07857
:10A10000062800D0A1E50A2005994870002107988B
:10A11000FCF78CF99EE504920020059D0190687083
:10A12000504800682C21405CC007C10E6F20C0431E
:10A1300048405A8F297901290393C0B234D111467E
:10A1400000F0D6F834E01846154600F035F90798C7
:10A1500006992A46FFF748FA00200599487079E5E4
:10A16000204619461C4600F039F90C200599487024
:10A1700035E009200599487006266BE50620214642
:10A18000A07001244C70032008700B2005994870C2
:10A190001846214600F09BF83C705BE50021012346
:10A1A00000F0D8F8069C07E00021012300F0D2F867
:10A1B000039D069C01993970284600F0FDF8284659
:10A1C00000F002F907982146049AFFF70DFA41E5DD
:10A1D000204619461C4600F001F90C2078702046F4
:10A1E00000F0F2F836E51F4800682C21405CC007FB
:10A1F000C00E0296154603D0192202E0D3BF051007
:10A200000A226F21C9434840C1B2E88D01905C8F9A
:10A21000164800680069042307910693F2F700FAD4
:10A22000072700281AD006460472200A70723046AA
:10A230000A30303508222946EAF7E4FC0199080A79
:10A24000F074B1740520F0710D20B0713E20707172
:10A250000698307107983146F2F73EFA029E05984B
:10A260004770F7E4F00E0020040F0020F40E0020E9
:10A27000D3BF0510B31905108821405801888022EA
:10A280000A430280704788228058002907D001299C
:10A2900003D0018840220A430280202100E04021AF
:10A2A00002880A43028070478821405801880122B1
:10A2B00012020A4302807047017842781202511854
:10A2C000827812048918C07800060818704788221E
:10A2D0008058002907D0012903D0018810220A43A1
:10A2E0000280082100E0102102880A4302807047A2
:10A2F000B0B50D460446C00606D4144800683421A3
:10A300004056002804D4B0BDBF200440072200E01E
:10A3100017220F4800686107C90E40180069022320
:10A320002146F2F77DF90028EDD0014605720020A4
:10A33000C871032088713020487104200871280AF0
:10A3400048722046F2F7C8F9B0BDC046040F00209D
:10A35000F40E0020F8B51E4615460F460446C0060A
:10A3600006D4134800682F214056002804D4F8BDB5
:10A37000BF200440062200E016220E480068610754
:10A38000C90E4018006902232146F2F749F9002856
:10A39000EDD0014605728672C771042088710822CB
:10A3A0004A710871280A48722046F2F795F9F8BDFB
:10A3B000040F0020F40E00208821405801888022DC
:10A3C0009143018070470000882140580188024A6B
:10A3D0000A4002807047C046FFFE000070B5044688
:10A3E0000326067002252846FAF7D0FC002804D080
:10A3F000062020711120354601E006260D20E6706A
:10A40000A070657070BD0000F0B5C7B01F4615465E
:10A4100004460791FAF76CFC08902046F1F764FDBA
:10A42000FF22062D00D962E10646069449208000ED
:10A43000331834462C346D007D44AD886D00AF4434
:10A440000600100056012900560156015E000799CA
:10A45000012962D108984079002800D1A8E02C2277
:10A4600045E11446B8780E2801D0082877D1F8784D
:10A470000021089A51719071FA1CB878082806D109
:10A480001078000703D41888202101431980002088
:10A4900040216CE0B878072800D18BE01F212C28E0
:10A4A00000D194E0092800D0BFE004930592FD1C80
:10A4B0000020402102902A46334600F01DF90898FA
:10A4C0000079C10707D0089C20680022082329468C
:10A4D000F9F74DFE20798007089D07D5E879002817
:10A4E00004D00A203856002800D5F8E0049B1888CC
:10A4F00020210143198002990391059AADE00320C0
:10A500003870089E7079002805920AD01B20787058
:10A510000798012833D02C2032E006981446089A78
:10A52000D9E0092006907870FD1C002608222846F4
:10A5300031460492EAF76AFB3F21012230462B465E
:10A5400000F00CF9B879F7210140B971079801289A
:10A550006FD120780228059A78D1049877E038796D
:10A5600008994871C0214843803880B27A1D33462B
:10A5700000F0C2F800210698FBF758FFADE02B2051
:10A58000B8700124204600F047F9F87070793871EE
:10A590007D1D002118222846EAF738FB7079C0217A
:10A5A0004843803880B222462B4600F0D7F89DE021
:10A5B00009229CE02078032843D103203146144629
:10A5C0001D4600F039F92B4622461A203AE0039145
:10A5D0001888202101431980089D69793C798C42B3
:10A5E0003BD104930592C0214C43803CA0B27A1D1C
:10A5F0000392334600F080F82879C00707D0E008BE
:10A60000F8220240286818230399F9F7B0FDEA7987
:10A61000FC78A242069800D3224669799142049BB5
:10A6200017D2491C697101215EE003910021089D48
:10A6300013E00698B870F878089989790140F970A4
:10A6400054E01F200390089D697906E00E20B87041
:10A650004DE000200390059A214614462879C00752
:10A660002CD00291049309ADF8212846E7F7F6FCB7
:10A670000898407918234343083308980068002756
:10A680002946089D3A46F9F739FD28680321F7F76E
:10A69000DBFD2F60728F2879800705D4022009AB7B
:10A6A0000399FAF7C3FB08E0687909A900900191C2
:10A6B00002200399029BFAF7FBFB049B18882021D8
:10A6C000014319800B480068417FFD220A40427710
:10A6D000069807992A46FEF787FF224607E0687921
:10A6E000401C687101210698FBF7A0FE059A1046F0
:10A6F00047B0F0BD040F0020FEB502930192002484
:10A70000154D00910E2C26D02E88864220D3361A65
:10A71000B7B28F421CD22606F10E0726FB0837403F
:10A72000019AD35CFB40DB0726400127B740002B92
:10A7300006D0029B5A1883235B00D65C3E4305E09B
:10A74000029B5A1883235B00D65CBE43D654009903
:10A75000AD1C641CD6E7FEBD70D40510FEB5009399
:10A76000019202910646E320C4430027264A002CAA
:10A7700026D01019E621455AB5421ED302998D42C2
:10A780001BD80199002906D03946204B19401629BB
:10A7900013D0252911D0E821405C00F061F81A4A55
:10A7A00000280AD0A81B0721014001228A40C008C6
:10A7B000009B195C1143144A1954A41D7F1CD6E751
:10A7C0001348841C0027052F1DD02588B54217D3B8
:10A7D0000298854214D8A07800F042F800280FD0E3
:10A7E0000C480068007FF840C00709D0A81B07216B
:10A7F000014001228A40C008009B195C1143195492
:10A80000A41D7F1CDFE7FEBD8CD30510FF7F000079
:10A81000BA200410040F002010B500F06BF80446B5
:10A82000403880B21821EEF7AFF9402C01D3401C1C
:10A8300000E00020C0B210BD10B50C46FBF7EAFEE8
:10A84000C108C9B2012909D807221040012282405B
:10A85000601883214900435C9343435410BD0000BA
:10A8600010B50F2811D801460120C0467944097956
:10A8700049008F440B070C0F1215181B1E24272AA2
:10A880002D30333AF0F7F4F831E0002010BDF0F746
:10A89000F3F82CE0E7F7F4FD29E0F0F7EFF826E015
:10A8A000F0F7E8F823E0F0F7EBF820E0F0F7ECF849
:10A8B0001DE0F0F7E9F80446F0F7E2F813E0F6F7E8
:10A8C000C5FD14E000F066F811E0F0F7DFF80EE0E7
:10A8D000F0F7DEF80BE0EAF793F908E0F0F7CEF8CE
:10A8E0000446EAF78DF9604301E0FAF707F9411EE3
:10A8F000884110BDFEB50190E320C6430024214FDE
:10A900002246002E20D0B819E621455A91B28D4238
:10A9100017D902941446E821405CFFF7A1FF0028F4
:10A920000DD0019800282246029C06D020461649E8
:10A930000840162805D0252803D02A4601E02246E3
:10A94000029CB61D641CDCE71048841C0026052E02
:10A9500016D0258890B285420FD91746A078FFF708
:10A960007FFF002808D00A480068007FF040C00739
:10A970003A4602D02A4600E03A46A41D761CE6E795
:10A9800090B2FEBD8CD30510FF7F0000BA200410EA
:10A99000040F002000207047F0B587B003931746DE
:10A9A0000C460546F1F7A0FA0646284601942146D2
:10A9B000FAF79EF904462846F1F7F2FDFF23072F28
:10A9C00000D97DE1049502940921490175183446A6
:10A9D0002C347F007F44BF887F00BF4407001C00E9
:10A9E00046006E008A0071012700910020780199CD
:10A9F000012900D0D4E0022800D010E10298007CA8
:10AA0000032800D15FE1012800D059E1022002991A
:10AA10000874172354E1039AD07805A98870107937
:10AA2000C87004981C4600F0A0F948E12E46217831
:10AA3000019A012A00D08FE00229029A049D00D0D9
:10AA4000CDE0117C022900D150E1002900D037E18E
:10AA5000162003998870032048700870D07CC87055
:10AA6000107D0871012010742AE100930127049DD4
:10AA700028463946F5F798FF0446062800D00227F5
:10AA800005A88771039AD17881701179C170284621
:10AA9000F1F72AFA064600212846FAF729F9024674
:10AAA0002C20305C022800D08DE0FF200630108280
:10AAB000062C00D1A7E02A20A6E0039A9078072868
:10AAC00000D1B1E02F461128049D00D1C0E0182824
:10AAD00000D1D3E0172800D0F2E005A900200871CA
:10AAE000D07888701079C87028461C4600F09BF911
:10AAF000E5E0039880781C4616286BD02A216AE08E
:10AB000000939636049F3846029900F01FFA617D43
:10AB1000384600F038FA617D029C384600F034FA7D
:10AB2000618820883288904202D17288914207D091
:10AB30007180308072B6A87940210143A97162B654
:10AB400072B6A87920210143A97162B604980199CF
:10AB50002246FEF749FD5CE00229029A049D48D195
:10AB6000117C052900D1E1E0002900D0A8E0009384
:10AB70001821039B997005215970174603241C70F6
:10AB8000017AD970407A1871591D02223046F6F7C1
:10AB900010FF3C74308800283BD028460199BEE065
:10ABA000022838D1029E307C032800D082E01C4667
:10ABB000707C05A90871049D2846324600F0E5F92D
:10ABC000002853D17BE0062C2BD105A9284600F0A4
:10ABD000CCF81EE023213046FEF772FE6FE016200F
:10ABE00003998870032048700870D07CC870107D6D
:10ABF000A5E0172003998870032048700870507DE5
:10AC0000C870907D9BE02320907400212846FBF7BC
:10AC10000DFC009B54E002220498FEF717FE182357
:10AC20004EE00021284694E71E4605A907208870BB
:10AC300000204870D0780870029F787CC870049D0E
:10AC4000284600F0FAF920783C46032827D02AE06D
:10AC500005A911208870D078087010794870029E7C
:10AC6000707CC87028461C4600F0E7F9284631463B
:10AC700000F06CF92846019932461EE01E46D01CB1
:10AC800005AC05222146F6F794FE029A507C20710D
:10AC900028462146144600F078F9002851D028466D
:10ACA000214600F053F9284601992246FEF79CFC04
:10ACB000334605E0049832461C46FEF795FC2346D1
:10ACC000184607B0F0BD1C46029E707C05A90871AD
:10ACD000049D2846324600F058F9002842D0284604
:10ACE000314600F033F901212846C5E700931821C9
:10ACF000039B997005215970174603241C70017A33
:10AD0000D970407A1871591D02223046F6F751FE6B
:10AD10003C743088002800D17BE701212846FEF7EB
:10AD2000C0FDB07910210143B17172E7162003997B
:10AD3000C87011208870032048700870907C0871DA
:10AD4000BEE7019C012C04D1012102222846FEF716
:10AD50007DFD28462146FEF78DFDB879102101437F
:10AD6000B971A5E704203074A9E7F0B585B00F46A6
:10AD70000446F1F7B9F80546002120460291F9F79B
:10AD8000B7FF0646012001907074B878F074F87827
:10AD900030759220285AF08103A80471039600F0C0
:10ADA00077F92C20285C2C35022808D1707C38716A
:10ADB0002046394600F037F80298307425E02046E6
:10ADC000F1F7EEFB81787175C778B775337D0B406D
:10ADD000DBB2002B19D081798B4216D0D90702D073
:10ADE000019A114601E00221019A5B0700D5042176
:10ADF000F37C1F407B0703D4C079001F42424241CD
:10AE0000009601232046FEF729FC00212046FBF78F
:10AE10000DFB2878022804D1002102222046FEF7EB
:10AE200015FD05B0F0BDFEB50D460446F1F7B8FBC3
:10AE3000064628790128029014D10025204629468B
:10AE4000F9F756FF0746027DC37C9342019505D171
:10AE5000032B02D3042B019D00D10125F07818406B
:10AE6000B37814E0012120460191F9F741FF07462C
:10AE7000AB784375EA7882750025934204D1032BA1
:10AE800001D3042B00D10125387D1840FB7C1340F1
:10AE9000002D02D08342034607D10021002B0A4631
:10AEA0000AD0DA0704D0012203E0002211460DE0A7
:10AEB00004229B0700D50222002807D0C10701D039
:10AEC000012100E00421800700D50221B379002090
:10AED0009A42034600D013463372F279914200D071
:10AEE000084670722046F0F7FFFF0546FA35717A82
:10AEF000002902D1317A002918D0034642332A882A
:10AF0000018F1888FEF7C6FCE884317A00290FD03B
:10AF1000F079009708404007C20F01232046FEF752
:10AF20009DFB317A204600F0BEF801E00020E88465
:10AF30000298012809D02046019D2946FBF776FAA0
:10AF4000022220462946FEF781FCFEBDBCB50D4617
:10AF50000446F1F725FB002807D08179C079042841
:10AF600007D128460C30012205E0A81D002201214E
:10AF700001E0A81D0022008868800095002320467B
:10AF8000FEF76CFBBCBD70477047FEB501920C46E6
:10AF90000646F0F7A9FF07463046F1F701FB0546E4
:10AFA0002C200297395C032913D127780120042F24
:10AFB00030D8032F2ED06278042A2BD8032A29D028
:10AFC00009235B010298C3186A722F7262881A8083
:10AFD00000E02F7A002F02D16A7A002A16D00020D2
:10AFE000032917D1697A002914D0EA79019B0093CB
:10AFF0003A405207D20F044601233046FEF72EFB9B
:10B00000697A304600F04FF8204603E021790120AC
:10B01000002900D0FEBD0446E97903204A0700D587
:10B020000146029A528FAB790091590700D5034629
:10B0300080200021F1F706FCE6E77CB50E460546C8
:10B04000F1F7AEFA04462846F0F74EFF0546B07811
:10B05000072809D108202946FFF7EEFB0B202946D7
:10B06000FFF7EAFB1A2100E07178F078002800D0A1
:10B070007CBDE6790320720700D506466A8FA37966
:10B0800000965C0700D503468020F1F7DBFB7CBD12
:10B090000068A921090181812922D200C280418151
:10B0A0000181828070477047F0B585B01C46164616
:10B0B0000F460546F9F71CFE02902846F0F714FFEC
:10B0C000FF22062E00D9B2E00346C0467E44367900
:10B0D0007600B744031AAC25ACAC3F00012F4AD12F
:10B0E000492080001C18185AC105029E6CD52846BC
:10B0F000314600F0A1F8012128463246FEF774FAE5
:10B1000021884C480840FF225FE01E4601922846F5
:10B1100000F0A3F800283BD028463946029A68E0A0
:10B12000A0780C2800D082E0E01C01920522029E4B
:10B1300031461C46F6F73DFC284639463246FEF7B6
:10B1400053FA608F314600F091F82846314600F0FE
:10B1500073F850E0164604A830210180012F50D129
:10B1600049208100585A820547D501212846029A74
:10B17000FEF73AFA45E0284639461446029E324622
:10B18000FEF732FA2846314600F056F822464EE0E5
:10B19000E01C05220092029C2146F6F70AFC31468B
:10B1A0003C312046009AF6F704FC492081007018D3
:10B1B000715A0A060DD40122520211430180284619
:10B1C0003946FBF733F916E00C22802188432080B2
:10B1D0002DE00122120211430180708F029C214652
:10B1E00000F044F82846214600F026F82846394663
:10B1F0002246FEF7F9F9019A19E059188022104306
:10B2000008801020E0700C20A070062060700320E1
:10B210002070211D04A802252A46F6F7CAFB03A8C0
:10B2200020210180A11D2A46F6F7C3FB32461046B5
:10B2300005B0F0BDFFFE000010B50C46F0F754FE5F
:10B240000146492080000A5A102313430B523C3117
:10B2500005222046F6F7ADFB10BD80B5F0F744FEA1
:10B2600049218900405CC006C00F80BD70B50C4606
:10B270000546104800683021405C000719D50E488B
:10B2800000688069022121220323F1F7C9F900280F
:10B290000FD00646001D2946224600F00FF8082070
:10B2A000B0710C2070710420307102203146F1F72A
:10B2B00013FA70BD040F0020F40E0020017100236A
:10B2C000C370090A417111788171517893780372C2
:10B2D000C171D1781279827241727047FEB504460D
:10B2E000AE20275C01253D40BA07D00F281879070A
:10B2F000C90F4018401EC0B2AE34267CB0420FD1F8
:10B30000019201200290F7F747F9012E0AD0022E90
:10B310000ED1C0B20621EDF737FC12A0405C12E05E
:10B32000607C11E002990840002D04D10CA108E0D6
:10B33000B808381A07E00199002901D407A100E0F4
:10B3400005A10818007860747100C2B2CA400320D9
:10B3500010402430FEBDC04606090000070D000065
:10B360000B0E00001B1E272D36390000B0B5FFB0B4
:10B3700083B00C4605468B68CA8889886846801D5C
:10B3800000F01AF8280702D5A068F2F791FB68468A
:10B39000817A8900CA1D8270120AC2700522027168
:10B3A000044A02800C2242710B31F3F739FE7FB060
:10B3B00003B0B0BD82FF0000B0B51C465B88150A23
:10B3C000C57082700A0A42700170591E8A080271A3
:10B3D000A589431D8AB2681C81B22046F4F78AFB16
:10B3E000B0BD0000B0B5FFB083B00C4605468B6819
:10B3F000CA8889886846801D00F01EF8280702D593
:10B40000A068F2F755FB6846C17A039A12025118F8
:10B410000A4609328270120AC27004220271054A79
:10B4200002800C2242710D3189B2F3F7F9FD7FB031
:10B4300003B0B0BD82FF000070B51C4605465E88B3
:10B44000100AE870AA70080A687029709889401C70
:10B4500081B2184600F00EF8B11E0A0AAA7169718D
:10B460002871A089EB1D8AB2801C81B22046F4F7B6
:10B4700041FB70BD1CB51F2903D801AA118040688B
:10B4800005E0406801AC2246F8F77EFB21884018B1
:10B4900000791CBDB0B5FFB083B00C4605468B6883
:10B4A000CA8889886846801D00F01AF8280702D5E6
:10B4B000A068F2F7FDFA6846C1890A460C3282702C
:10B4C000120AC2700C220271044B038042711031C7
:10B4D00089B2F3F7A5FD7FB003B0B0BD82FF0000D5
:10B4E000FEB51C461746029105465888019098897A
:10B4F000401C81B21846F4F71AFB0646A089C01C0E
:10B5000081B22046F4F713FB0199491F0A0A6A72B7
:10B510002972A871320A6A712E713A0AEA70AF7004
:10B52000029B1A0A6A702B70000AE871A0890A351A
:10B530008AB2401D81B220462B46F4F7DBFAFEBDED
:10B54000B0B5FFB083B00C4605468B68CA888988C1
:10B550006846801D00F01CF8280702D5A068F2F7A5
:10B56000A7FA684641890A4608328270120AC270F8
:10B5700008220271054A02800C2242710C3189B204
:10B58000F3F74EFD7FB003B0B0BDC04682FF0000B0
:10B59000B0B51C465B88150AC57082700A0A4270F5
:10B5A0000170591E01710A0A4271A589831D8AB270
:10B5B000681C81B22046F4F79DFAB0BDB0B5FFB06B
:10B5C00083B00C4605468B68CA8889886846801D0A
:10B5D00000F01EF8280702D5A068F2F769FA68465D
:10B5E000C17A039A120251180A4609328270120A6D
:10B5F000C2700A220271054A02800C2242710D318A
:10B6000089B2F3F70DFD7FB003B0B0BD82FF00003B
:10B6100070B51C4605465E88100AE870AA70080AD4
:10B62000687029709889401C81B21846FFF722FF84
:10B63000B11E0A0AAA7169712871A089EB1D8AB22C
:10B64000801C81B22046F4F755FA70BDB0B5FFB04A
:10B6500083B00C4605468B68CA8889886846801D79
:10B6600000F01EF8280702D5A068F2F721FA684614
:10B67000C17A039A120251180A4609328270120ADC
:10B68000C27006220271054A02800C2242710D31FD
:10B6900089B2F3F7C5FC7FB003B0B0BD82FF0000F4
:10B6A00070B51C4605465E88100AE870AA70080A44
:10B6B000687029709889401C81B21846FFF7DAFE3D
:10B6C000B11E0A0AAA7169712871A089EB1D8AB29C
:10B6D000801C81B22046F4F70DFA70BDB0B5FFB002
:10B6E00083B00C4605468B68CA8889886846801DE9
:10B6F00000F01CF8280702D5A068F2F7D9F96846CF
:10B7000041890A4608328270120AC2700922027107
:10B71000054A02800C2242710C3189B2F3F780FC99
:10B720007FB003B0B0BDC04682FF0000B0B51C467C
:10B730005B88150AC57082700A0A42700170591E32
:10B7400001710A0A4271A589831D8AB2681C81B2FF
:10B750002046F4F7CFF9B0BDB0B5FFB083B00C46CA
:10B7600005468B68CA8889886846801D00F01CF8E9
:10B77000280702D5A068F2F79BF9684641890A4676
:10B7800008328270120AC2701E220271054A0280BB
:10B790000C2242710C3189B2F3F742FC7FB003B046
:10B7A000B0BDC04682FF0000B0B51C465B88150ADC
:10B7B000C57082700A0A42700170591E01710A0A2E
:10B7C0004271A589831D8AB2681C81B22046F4F7B4
:10B7D00091F9B0BDB0B5FFB083B00C4605468B689B
:10B7E000CA8889886846801D00F01CF8280702D5A1
:10B7F000A068F2F75DF9684641890A46083282700E
:10B80000120AC27007220271054A02800C2242719C
:10B810000C3189B2F3F704FC7FB003B0B0BDC04671
:10B8200082FF0000B0B51C465B88150AC5708270A7
:10B830000A0A42700170591E01710A0A4271A589F3
:10B84000831D8AB2681C81B22046F4F753F9B0BD5B
:10B85000F8B50446C00628D41F4616460D461548BE
:10B8600000686107C90E401800696222032321465F
:10B87000F0F7D6FE00281AD00146067385720C2018
:10B8800048721C2008723A460027CF710720887141
:10B890008A73FF20487182200871300A4873280A91
:10B8A000C8722046F0F718FF02E0862700E007275D
:10B8B0003846F8BDF40E0020F0B5FFB086B00C4657
:10B8C00005460B89CA8889886089A68927690090FE
:10B8D0000196029703A8801D00F01CF8280702D5E6
:10B8E0002069F2F7E5F803A8C1890A460C32827094
:10B8F000120AC2701B220271054A02800C22427198
:10B90000103189B2F3F78CFB7FB006B0F0BDC046B2
:10B9100082FF000070B515460446059A027204982D
:10B92000A0712371A5702170160A6672000AE07179
:10B93000180A6071280AE070080A60700698818908
:10B940000A34491D89B22346F4F7D4F870BD0000CB
:10B95000F8B50446C00620D41F4616460D461148C9
:10B9600000686107C90E40180069122205232146AC
:10B97000F0F756FE002812D001460898079A069B59
:10B9800048610A82CB818F814E810D8106484860D3
:10B990002046F0F7A1FE0020F8BD8620F8BD072064
:10B9A000F8BDC046F40E0020B9B80510B0B5FFB020
:10B9B00083B00C4605468B68CA8889886846801D16
:10B9C00000F01CF8280702D5A068F2F771F8039977
:10B9D0000A460A3268468270120AC2700E2202714A
:10B9E000054A02800C2242710E3189B2F3F718FB2E
:10B9F0007FB003B0B0BDC04682FF0000F8B51C4662
:10BA000017460E460546588800909889401C81B21A
:10BA10001846F4F78CF80099C91E0A0AEA71A97150
:10BA200028713A0AEA70AF70320A6A702E70000A02
:10BA30006871A08908358AB2C01C81B220462B46A5
:10BA4000F4F758F8F8BD0000F8B50446C00625D450
:10BA500016460D46144800686107C90E4018006973
:10BA6000602203232146F0F7DBFD002818D00146B1
:10BA7000067385720C204872172008720027CF7158
:10BA800006208871FF20487182200871300A4873AF
:10BA9000280AC8722046F0F71FFE02E0862700E061
:10BAA00007273846F8BDC046F40E0020F8B5044616
:10BAB000C0062ED41F4616460D461848006861077A
:10BAC000C90E40180069612204232146F0F7A8FD41
:10BAD000002820D00146069808748F730E738D726B
:10BAE0000C224A7219220A722B460025CD710A22B5
:10BAF0008A71FF224A7182220A71000A4874380A48
:10BB0000C873300A4873180AC8722046F0F7E4FD7B
:10BB100002E0862500E007252846F8BDF40E002047
:10BB2000F0B5FFB086B00C4605460B7ACA88898806
:10BB30006089A689276900900196029703A8801D55
:10BB400000F01EF8280702D52069F1F7B1FF03A81D
:10BB5000417B827B120251180A460B328270120A14
:10BB6000C2701A220271054A02800C2242710F3102
:10BB700089B2F3F755FA7FB006B0F0BD82FF00003E
:10BB8000B0B515460446059AC271049860712371D8
:10BB9000A5702170130A2372000AA071280AE070B0
:10BBA000080A6070069881890934C91C89B2234645
:10BBB000F3F7A0FFB0BD0000F8B50446C00620D4DE
:10BBC0001F4616460D46114800686107C90E401809
:10BBD0000069112205232146F0F722FD002812D02A
:10BBE00001460898079A069B48610A82CB810F7329
:10BBF0004E810D81064848602046F0F76DFD00201B
:10BC0000F8BD8620F8BD0720F8BDC046F40E002020
:10BC100021BB051080B540690149FCF78FFA80BD52
:10BC200041E10510044800685821405E0D21414360
:10BC30004031C8117047C046040F0020034909680D
:10BC40003522895C0840411E88417047F00E002073
:10BC5000F8B51F4616460D460446C0060BD41748D5
:10BC600000683621415C890627D53630C07A8007C6
:10BC700023D51F2202E0BF20044011221048006893
:10BC80006107C90E4018006903232146F0F7C8FC7C
:10BC9000002812D001460F20C872FF2088720F734F
:10BCA0004E720D721220C871062088713E204871B4
:10BCB000042008712046F0F70FFDF8BD040F0020A6
:10BCC000F40E002070B588B00446002805D0684600
:10BCD000FF212022E8F79AFF04E020316846202265
:10BCE000E8F790FF194800682C21405CC007C50E9A
:10BCF00001D10C220AE0164800683621415C890611
:10BD000022D53630807AC0071ED01B221220454033
:10BD10001048006880690A232946F0F781FC002852
:10BD200012D006460472093069462022E8F76AFFFD
:10BD30000920F0712220B0713E2070710420307112
:10BD400028463146F0F7C8FC08B070BDF00E002060
:10BD5000040F0020F40E002070B590B004460028B7
:10BD60000CD10D462048006864302022E8F74AFFD5
:10BD70002035684640222946E8F744FF1B48006802
:10BD80002C21405CC007C50E1FD10B22122045405C
:10BD900017480068806912232946F0F741FC002803
:10BDA0001ED006460472093069464022E8F72AFF91
:10BDB0000820F0714220B0713E2070710420307173
:10BDC00028463146F0F788FC0AE00748006836212B
:10BDD000415C890604D5363009214056002801D43B
:10BDE00010B070BD1A22D1E7040F0020F00E002021
:10BDF000F40E0020F8B50E460546154800683621B9
:10BE0000415C890622D53630C07A40071ED51446DB
:10BE1000104800684069A1212B220323F0F700FCA1
:10BE2000002813D00746467205720A3006222146C2
:10BE3000E8F7E8FE1320F8710920B8713E20787108
:10BE400004203871A1203946F0F746FCF8BDC04601
:10BE5000040F0020F40E0020054800688421415C96
:10BE600084308078814201D80020704701207047DB
:10BE7000040F0020054800688521415C85308078EA
:10BE8000814201D80020704701207047040F002034
:10BE900080B50349C97A814201D3FDF7C9FA80BD53
:10BEA000B40D002080B540690149FCF747F980BD19
:10BEB00091BE0510F0B58BB001930092044641206D
:10BEC0008500F9F7BFFE01466059B422A25800F080
:10BED0006FF80746A420205A00072546943500280D
:10BEE00005D4012000F075F82E490140CF192646EF
:10BEF000B4362046FBF7D8F82868698A002902D1B1
:10BF0000F179012903D0C11B31D500282FD0B07998
:10BF100000282CD0288A00071ED509A900228A8073
:10BF2000099202A8012343763C238376FF2383757D
:10BF3000C2811D4B8382636F1C7A04768281C27535
:10BF400003910933029306920491F5F7CBF8B07B85
:10BF5000800701D5F1F715F80220FFF76FFE0124E5
:10BF6000012809D16A8A002A09D03C2108E00098FA
:10BF7000076001980760022420460BB0F0BD432102
:10BF80000A4800682C23C05C0001C043A12303437E
:10BF9000B12018402B7D9A1AD3B2AA7DFFF758FE24
:10BFA000EAE7C046FF0F0000FFFF0000F00E002090
:10BFB00070B50346012400268B42254600D3354642
:10BFC0008018984200D33446254201D18842F1D3EB
:10BFD00070BDE0B501A8E8F74FFE01988CBD0000E8
:10BFE000F0B58FB00546FBF749F8064600F0E8F8D3
:10BFF00007462C46A0340895C735079500F0ECF8A5
:10C00000002F36D0059000F0F3F8049000250E952F
:10C010000D953078C0090DA90870481C31460831CB
:10C0200006273A46E8F7EEFD0C950B95307840066A
:10C03000C00F0BA90870481CB11C3A46E8F7E2FD96
:10C04000069630780F270740052F01D1E8F739FE13
:10C05000E37B2279029509AE01960898843000901E
:10C060000BA8394600F0CEF841087E2909D80146D0
:10C0700008E0002300281E465CD10026268001230C
:10C0800058E001213170089A526F13680D9EB34237
:10C0900027D152680E9B9A42069E23D10546FF3D4A
:10C0A0006A1E9541032F1DD1FF281BD0A0880125B2
:10C0B000800717D50498012814D1607E012808D183
:10C0C00060893D4A904204D0C0B209AA521CFFF7D1
:10C0D00091FE0126079806700021089800F0B9F833
:10C0E00025E0069EA088C0071FD0052F1DD1304631
:10C0F00000F0DEF8012818D10A99099800F03EF9FD
:10C1000041424141294001290FD1049801280CD115
:10C1100009AA08983146E6F729FA002849D0E8F735
:10C12000D0FDFF202077042540E0002626800598DA
:10C13000434243412188A27F002A17D0002917D10A
:10C14000E8F7BFFD002507980570A07F401EA07787
:10C15000A08803210140481E814148002080012120
:10C16000089800F076F8E8F7B5FD1AE0002912D03B
:10C170000025002B15D1607C012801D00F4900E07B
:10C18000462108981430EDF7E6F82088401E2080FC
:10C19000EDF702F805E0E8F794FDE088401EE08046
:10C1A0000325002E02D02088401E208028460FB094
:10C1B000F0BD0026BBE7C046FCFF0000EE02000019
:10C1C00080B504480068C068EDF730F8411E88412A
:10C1D00080BDC046080F002080B504480068C068D4
:10C1E000EDF72CF8411E884180BDC046080F0020A5
:10C1F00080B5F2F753FD02480068007880BDC04664
:10C20000080F0020F0B587B0CD1EFF21FD24254288
:10C210001CD1002A1AD00D9E0C990C680594069327
:10C220004B6882C8FF2000063C46844312C6039335
:10C230000598029006980190684268410090C8B243
:10C240005207D30F3A4600F0BBF80146084607B044
:10C25000F0BDF8B50D460446B120205CFAF716FF94
:10C2600006462746B137F87A3146EDF7ECF9F87A09
:10C270003146EDF7B3F9F87AEDF7D5F92046002D00
:10C2800009D0FFF72BF80146F87AEDF75AF9204666
:10C29000EDF736F801E0ECF7DEFFECF77DFFFAF79B
:10C2A000E5FE0246B87D214600F0BAF8F8BD000070
:10C2B000F0B587B00446007E617E09020D186A1E43
:10C2C000082A00D30822A07E0490E07E0390607DBF
:10C2D0000121284F0191B8470646A07DE17D090262
:10C2E0000818002106912A46B8472B4602950546B4
:10C2F0003543214800682D21415C1920C2011846B0
:10C300000592B8473B4606462E430398000204991F
:10C310004718FF22F43238460699984705463543B8
:10C32000781C02994843800881B20A2900D80A2162
:10C33000207F627F12021018059A0E4EB047054307
:10C340002320215C1F20084005211022B0472843EC
:10C3500001D006980CE0204622300078C00606D1B5
:10C360001E202228F5D0215C401C0029F9D001981C
:10C3700007B0F0BD65DF0510F00E0020BFB50C461C
:10C380000546F0F755FA3221405C002801D0002024
:10C3900011E00A48006890214058C06B0168086AA3
:10C3A000496A03AA012300930192FE2295432A467B
:10C3B0002346FAF7CBF804B0B0BDC046040F002006
:10C3C00070B584B015460A460446002B07D00A987B
:10C3D00082421FD10B98684000021BD11BE00998D4
:10C3E00008990123002902D006461E4004D10029E5
:10C3F00011D1022108400ED0084800689021415810
:10C40000C868096903AE009301962B46FAF79EF8B7
:10C41000002800D1FF24204604B070BD040F002086
:10C42000FEB514464F6F002834D0CB6B42310888DC
:10C43000851DC0B202900420064620703878C007DF
:10C4400003D02078402101432170012E14D13E46B3
:10C4500008363078C00703D020788021014321704E
:10C460006570A01C791C06252A46E8F7CBFB08342A
:10C47000711C20462A460AE06570A01C791C062221
:10C480001D46E8F7BFFB083420462946029AE8F724
:10C49000B9FBFEBD0846A4300288500712D4032021
:10C4A00002408B6AC88D851DC0B202900620022A08
:10C4B000C2D05042504140002070002A13D0019356
:10C4C000002605E00126267000200C250290019030
:10C4D000F4F712FD002804D0217820200843019BA6
:10C4E000ABE7019BAAE70226A8E70000FEB50C46D1
:10C4F0008021415C49060CD48030218A6288521A1E
:10C5000093B2458AAB4209D9207AF72202402272BF
:10C5100001E0218A257B1020019005E0E069431E9F
:10C520009841000101901546002902D1207A800728
:10C5300001D4012000E0022002900E480068882704
:10C54000C059001DE28951181F260E40A9198AB250
:10C55000A16900F011F860612573064B1868C05995
:10C5600030180199029A114381701868C059301827
:10C57000C570FEBD040F002010B5521E1F231343CB
:10C580009AB2531C9AB29A4201D000220DE053098C
:10C590000A460021541864684450091D2029F9D125
:10C5A000116820305B1E1C04F2D1104610BD000043
:10C5B000F0B599B00646008E401C30862D20305CC8
:10C5C000002808D04120345CE8F77BFB2046F0F7D8
:10C5D000FDFC0426B4E2FF2420460E3030180890FB
:10C5E00030462C300B90354680353746AC373046D8
:10C5F000E4300A90F1480068C068ECF71FFE09902B
:10C6000000280C950D963CD03C46374614363046F3
:10C61000ECF721FE3046ECF719FE2878800775D438
:10C6200008963846ECF71CFE064628370B9800782B
:10C63000032800D0A2E00898ECF712FE0546BE429F
:10C6400013D0317803200A460240032A08D1890614
:10C6500000D40220305C062802D10D98FDF7B4FE0C
:10C660000C9A106840210143116028783178014309
:10C67000C80600D588E00C980078C00600D581E097
:10C680008DE0049405973046ECF7E5FD3046ECF775
:10C69000DDFD0EAC00202076A0740790E07500F060
:10C6A0009FFC0646C54F3868C068ECF7ABFD0546F1
:10C6B000401E8541354365753868C068ECF7C1FD9B
:10C6C0000746401E394681412174012D2BD1E8F7E0
:10C6D000F8FA0A9DA868002802D0C188491CC180C8
:10C6E000E86800280B9C09D0607DECF7A5FE4000AF
:10C6F000E96808189421425A521C425225460EA855
:10C70000012484740C9A10680026DCE0E8F7D9FA5A
:10C7100013200B9948700020089948760873087018
:10C7200004260A9CD5E1A54908680C46C068ECF7C8
:10C730007DFD0546401E294681410EA803914174A6
:10C740000C9E31784909012206928A4302752068BD
:10C75000C068ECF74BFD044698480068C068ECF7E9
:10C760004DFD002C78D03078C00600D582E0ECF783
:10C7700013FD306810210143316080E028684021BA
:10C780000143296001250DE0F9F75CFA0D9A516C1F
:10C79000081A6168401802D4D16E8842F2D2E8F7D4
:10C7A00090FA00250D98F3F7D4FD02283DD10C989E
:10C7B00080680068C10615D4400636D50B98407DC8
:10C7C000ECF7E0FD0C9B9868016840229143016002
:10C7D00018680821884318601320ECF76FFFE4F70E
:10C7E000EFFF22E0079500200F900E900B9D687DD3
:10C7F000ECF7D8FD687D0EA9ECF7B1FE2878032888
:10C8000003D10B98407DECF7C3FE0C9B9868016840
:10C810001022914301601868082101431960132018
:10C82000ECF74CFFE4F7CCFF079DBE420A9F01D016
:10C83000388A7882002D089806D02168ECF78BFDA5
:10C8400000260C9D3C4644E13C46B868032600287F
:10C850000C9D00D03AE13CE16942694142424241CB
:10C860000A4324D00C9A10681021884310600026D7
:10C87000069622E0E8F725FA0EA8069981740A9D2B
:10C880000B9C079EA868002802D04188491C418063
:10C89000E868002809D0607DECF7CEFD4000E9682B
:10C8A00008184A21425A521C42520C9A06E0E8F7F4
:10C8B00008FA0EA83D2606760C9A0B9C25461168B0
:10C8C00020200843069C79427941890140239843FE
:10C8D00040181060002C05D00EA8047E002C44D116
:10C8E000002644E0079602930D981430ECF7B8FC4C
:10C8F00006460F900178032001400EAC069161734B
:10C900003178890600D40220305CE073F3F718FF19
:10C9100020730D9A916E51660123002F09D00C9956
:10C920000968194005D01624E8F7CBF90EA804765B
:10C930001BE00C9989684978C907039A12D011063F
:10C9400010D00699032908D13D241228ECD81946A5
:10C9500081401B48014205D1E6E77078002801D0EC
:10C960003D24E1E7079C002C2ED06C7004260EA815
:10C97000407D00280A9C0C9D00D09BE00D98806CA7
:10C98000002875D016A8F4F757FB012810D1E5F759
:10C9900077FD012853D10B9880780E214143094837
:10C9A000006890228058C06B80684018C07947E0CA
:10C9B000E8F787F90EA80121817459E0080F0020DB
:10C9C00002000600040F002007930D981446ECF7B0
:10C9D00047FC05460EA800218175C17410950E9183
:10C9E0002006019100D141E10B980078022815D171
:10C9F000307829780143C8060BD5F9F723F90D9A49
:10CA0000516C081A116D401803D40D99C96E8842F3
:10CA100004D2E8F756F90EA8012181747478002C2D
:10CA200000D123E10C9800680825054000D1A0E062
:10CA3000EEF71EF8012800D18AE01C2089E00120D1
:10CA40000D9F7C6C169DECF72BFE281A7864B96C50
:10CA5000091B0818059A5168814201D9081A5060CB
:10CA600000210D988164416300F0C6FA0A9C0C9D78
:10CA70000EA8007D012803D10D99886E486604E058
:10CA80001220ECF71BFEE4F79BFEA068002802D002
:10CA90000188491C0180E06800280B9F07D0787D41
:10CAA000ECF7CAFC4000E1680A5A521C0A52B878F6
:10CAB00000F0D0FA0EA8807C01280AD12868102145
:10CAC00088432860A0680326002802D08188491C7A
:10CAD00081800D9800F0BFFAF01E01281BD82F4668
:10CAE000ED68002D19D00B9C607DECF78BFC0246A5
:10CAF0002946103101232846F9F794FC607D0A9CF1
:10CB0000ECF77AFC0146203508222846F4F751FF5D
:10CB10000020F86001E0ECF73FFB00F061FA0999B2
:10CB200000290DD100280BD1E8F7B6F87F2804D0F2
:10CB30000546FFF777F8281820700D9800F0A2FA44
:10CB40000120F7F7BBFEE4F73BFE304619B0F0BD1D
:10CB5000FC2020420DD07078001F707002200A99CE
:10CB600088711320ECF7AAFDE4F72AFE0EA8407B9B
:10CB700006900698032811D10EA8C47B022C0A9FA8
:10CB800018D10F984078022814D10EA80121817580
:10CB90000C9E306802210143316041E00B9E3078E9
:10CBA00003280A9F16D17878002813D002200E9906
:10CBB00001434CE00D98F7F79BFF00280C9E1FD017
:10CBC0000B9C607DECF762FD002D29D0607D00F0AC
:10CBD0005AFA25E00F9C6578EDF74AFF012801D04D
:10CBE0001F200490049828401FD005460D980199F5
:10CBF0000167FFF731F900281AD002200E9029E0D2
:10CC00000B980078032808D1272C06D10F9840787C
:10CC10000B2802D10EA80121C1750EA80121C174F3
:10CC2000306880210143316017E001980E9014E0D4
:10CC300020788006C00F2A180D9C618F0798F3F7A3
:10CC400059FD2067002801D0079900E002210E91CC
:10CC5000880702D5707DECF719FD0F980078398AA6
:10CC60007982202101400EA88173109D01210D9C25
:10CC700020460691F3F7AAFB22462832A76F002F21
:10CC800011D0397A09070ED5F96900290BD08542F0
:10CC900009D0954207D014460C9A1168029B99431B
:10CCA0001160224604E00EA9097C00290C9E17D0D1
:10CCB0008542079218D095422AD07869B861397BAD
:10CCC000019C3C733A8A511839828AB27B889A4215
:10CCD00019D2FA895118C90617D10068B86114E051
:10CCE000ECF75AFA0B9DE0E003210D9C2046F3F788
:10CCF00036FB2046ECF7A9FAA878272808D10EA819
:10CD00000121C17504E0FF6904240E9820430E90B0
:10CD10000D9C204600F0C9F905462046F3F719FBA3
:10CD20000EA98C7D002C20D101281ED101270D9D3C
:10CD300028463946F3F74AFB044628462146ECF7D5
:10CD4000A1FA2078800607941FD421462C468878C3
:10CD500027280C9E48D002284ED1A06E0721089AA1
:10CD6000505030683843306046E0FFF783F80028C1
:10CD70001BD0ECF711FA0EA8407C00280BD00D9CBC
:10CD80000C9E07990B9D06980AE02C462846ECF766
:10CD900078FA0C9E30E011200D9C0C9E07990B9D9B
:10CDA00020852046ECF76EFA73E0002FE1D0012DCC
:10CDB000DFD0012CDDD0ECF7EFF98848006888213E
:10CDC0004058398AFA8951181F220A401018811CCC
:10CDD0000D9C20460791ECF755FA20463946FFF79F
:10CDE00085FB67670C9E53E00B9A907D4871D07D60
:10CDF000887100200A990882B0680068010716D47B
:10CE0000800611D50B98407DECF7BCFAB06801683C
:10CE10002022914301603068042188433060132050
:10CE2000ECF74CFCE4F7CCFCECF7B6F921E0002081
:10CE3000179016900B9D687DECF7B4FA687D16A9E3
:10CE4000ECF7D7FB2878022803D10B98407DECF74C
:10CE5000DDFBECF7A1F9B06801680822914301609D
:10CE600030680421014331601320ECF727FCE4F71C
:10CE7000A7FC02212046F3F772FAB06801684A075E
:10CE800006D50422914301600899487E38434876CC
:10CE90000B9D01212046EFF72CFC0128079904D1B6
:10CEA0004878002801D0001D48700E98810706D5EB
:10CEB0003178090703D5687D00F0E5F80E98410741
:10CEC00006D50D987830F0F7C7FDF3F777FC0E988C
:10CED000C00728D00F984478EDF7CAFD012801D08B
:10CEE0001F2200E0FF2222400D9C206F42800F99FC
:10CEF0000B789B0602D40023037302E00123037323
:10CF0000521C4068891C00F0D6F8206F0024C461D0
:10CF10000F99097803220A40017A11430172FAF746
:10CF2000E1FE0D9804670EA8C07C012845D10F983A
:10CF30000178890601D5032100E00221405C0EA999
:10CF4000C8732A2801D01C2803D1E88A1521089A21
:10CF5000505200210D98F3F739FA06460F980078E1
:10CF600030700F9840787070EDF78AFD0546F4F741
:10CF70006DFAEAB2C1B21046EEF775FF0EA9897BD1
:10CF8000202901D0022100E003210C9D0F9A5118A5
:10CF9000001FC3B252789A4200D30246D2B2B01CEC
:10CFA000E7F730FE6868016801220A430260162034
:10CFB000ECF784FBE4F704FC0B9D0EAC0D982146C6
:10CFC00000F090F8A07B202800D085E40F988078AE
:10CFD00081090D9800F087F87EE4C046040F002018
:10CFE00080B504480068C068ECF724F9411E884108
:10CFF00080BDC046080F002070B5044606462C369A
:10D000000546AC35E5F73CFA01280BD1B0780E2186
:10D0100041430E48006890228058C06B80684018D9
:10D02000C07900E00120ECF73BFB09494843000AC6
:10D03000103028603278032A07D1626BA36C5B0042
:10D040009A185143090A0818286070BD040F00207F
:10D05000710200007047B0B5054641202C5C2046A7
:10D06000ECF7DEF980216958002805D0480705D47F
:10D070002046ECF787F9B0BD0807F9D52046ECF754
:10D0800091F9B0BD70471CB504466946ECF7DBF971
:10D090000098411E0091002802D10198401E019085
:10D0A00069462046ECF75BFA1CBD88214058008891
:10D0B000C0B2C0097047B0B5521E1F2313439AB2C5
:10D0C000531C9AB29A420CD15209031D00240D59E7
:10D0D0001D51241D202CFAD100682031521E13044A
:10D0E000F3D1B0BD70477047F8B50546ECF7B8F816
:10D0F0000446012628463146F3F768F92C21695C7D
:10D1000002293AD1844238D028462830844205D0BA
:10D11000696F2846FFF7EAF9002621E02F4680379D
:10D120002846FFF7C2FF3978490619D4AF6F002FA0
:10D1300016D0002814D11148006888214058398A37
:10D14000FA8951181F220A401018841C28462146CB
:10D15000ECF798F828463946FFF7C8F96F67DBE720
:10D1600001212846EFF7C5FA002E06D16178002983
:10D1700003D0002801D0081D6070F8BD040F002006
:10D18000044800689021405840683D21C90040187B
:10D190007047C046040F0020B0B50446002528465D
:10D1A000F7F75EFF0649897F491C491E06D07A229F
:10D1B000825AC030A242F8D1C038B0BD2846B0BDB6
:10D1C000B40D002070B50B4D2868046A002C10D0F7
:10D1D000EFF3108672B6296820312046F1F7DCFDA6
:10D1E00086F31088206901690029EDD0606A8847BC
:10D1F000EAE770BD080F002080B50349C97A814273
:10D2000001D9FCF749F980BDB40D002080B5406913
:10D210000149FAF793FF80BDF9D1051010B5044616
:10D2200000200121074B2246F0F79EFC06480068CB
:10D23000A8214058E100425CCF23134020334354DF
:10D2400010BDC046204E0000100F0020F8B5294E3A
:10D250003168A8254959C4000A5DD3060ED4930647
:10D2600046D50919930735D0FC231340521E0324D9
:10D270001440E2180A70FFF7D1FFF8BDFFF7CEFFA8
:10D28000306840590019841C6920C6433746693705
:10D29000194800683421405C7F1C874228D2154819
:10D2A0000068A4254059801974366C300622214646
:10D2B000E7F7B3FC0028EBD10E4800684059815DC8
:10D2C000FB2915D1102181550E20ECF7F7F9E4F771
:10D2D00077FAF8BD35460024082208462146E7F7CC
:10D2E00095FC3068B02144544121425C521E4254A6
:10D2F000F8BDC046100F0020F00E002080B50228B7
:10D3000002D8FFF7A3FF80BD0449C97AC91C814236
:10D3100003D9C01EC0B200F003F880BDB40D0020D8
:10D32000FEB505467420029045430F480068A421CD
:10D3300001914058471939890220012400262246CC
:10D340003346F2F73BFD38462146F2F7A5FC388913
:10D35000F2F788FC044800680199405840193146AA
:10D36000029AE7F753FCFEBD100F002080B540691C
:10D370000149FAF7E3FE80BDFDD20510F401FA0081
:10D38000960064004B0032001E00140001000000F3
:10D390000000010002000000010003000000010085
:10D3A0000400000001000500010001000600020069
:10D3B00001000700020001000800030001000B004B
:10D3C000030001000C00050001000D000600010033
:10D3D0000E00060001001100070001001200070006
:10D3E00001001300080001001400080001001500EE
:10D3F00007000100160007000100170007000100E8
:10D400001800060001001900060001001A000900BA
:10D4100000001B00000001001C00090001001D00AD
:10D42000090001001E000A0001001F000A0001009F
:10D4300021000B00010022000B00010023000B0063
:10D44000010024000600010025000F000100270054
:10D450000C0001002800050001002B000D00010058
:10D460002C000E0001003F000000000040000400FE
:10D4700012001A00260027001D000200030005000C
:10D4800008000B00210022002300190038B5050018
:10D490000C002000FAF704FCA04200D00025280070
:10D4A00032BD704780B50120FAF778FD80BD09884C
:10D4B0008088084000D086207047098882888A4387
:10D4C000828000207047098882880A438280002079
:10D4D0007047B0B505468068428901894220FEF751
:10D4E000B3FA0446002810D1A868428901890120B6
:10D4F000F2F78EFBA86881880A0603D5FBF79CFE2D
:10D50000A86881880222914381802046B0BD10B571
:10D5100004460078002801D0002010BD6068818991
:10D52000491C89B2F8F77EF80346A0684289018950
:10D530000220FEF78DF9002800D010BDA068C06859
:10D5400081891922F8F759FAA068C0680121418041
:10D55000842010BDF0B591B0074609AC10202074AE
:10D5600078688189491D89B2F2F7E1FAA08178686B
:10D570000FAE0EAD31462A46F5F7F1F836887868D9
:10D580000697B9684488C868818907220290F8F72D
:10D5900034FAE01F298804910121059180B203909B
:10D5A0000196059887B23C1D06988068C088844221
:10D5B0003CD8B0B209AA0499F8F754F9002835D03C
:10D5C000054610A80090002208AB0698294600F0F6
:10D5D0003DF8862828D0002836D16E880898436800
:10D5E000069840688189C91D89B2039F3A46F4F7BD
:10D5F00089FF08990988B94216D1002814D107AFCC
:10D600003E70300A78702846F5F71EF90646B87065
:10D61000000AF87002988189059A891889B2042253
:10D620003B46F2F77BFA0594761CBAE7012F07D147
:10D6300006200A220199029BF5F75AF8862003E09A
:10D64000029805994180002011B0F0BDFEB51F463B
:10D650000646089D00242C700078012807D1306907
:10D6600000281FD00C363E600020287029E002926E
:10D67000B068008901913A462B4600F024F8002852
:10D6800012D084281DD101984388B068428901894D
:10D69000029800900220FEF709FA002811D17B20A1
:10D6A000C0430EE00E2005E038680188029A9142DE
:10D6B00003D207202870862003E041688918416062
:10D6C0002046C0B2FEBDF8B51C4600920E46074685
:10D6D000012208463946F8F715F9207086250028FA
:10D6E00008D138463146009AF0F78CFE862802D1E0
:10D6F0000E2020702846F8BDF0B58FB00146406876
:10D7000001918968CF680DAD0EAC29462246F5F728
:10D7100026F828880790F0F73BFE02462088029002
:10D7200000252B4600950395002A069550D0508879
:10D730000790029988424BD8A8B2C018019989680D
:10D74000C988884244D81C4608AD0592104629462F
:10D75000F0F730FE2E7C0398000606D00098864233
:10D7600039D1C0080490069D16E0B98905223846D3
:10D77000F8F743F9102E01D0022200E00122069DA5
:10D78000B889401C81B238460392F8F736F9AD1CCF
:10D79000F0080490841C0096B889401981B238467C
:10D7A000079AF8F737F9B8892818861C08A800F0F6
:10D7B00020F80346B1B20498C2B23846F2F7AEF987
:10D7C000E0B22D180598F0F761FF02462346ABE75B
:10D7D0000398000603D006987880002007E0079899
:10D7E00081B204200A223B46F4F782FF86200FB064
:10D7F000F0BD017C802900D00C30704770B586B038
:10D8000004460078002814D0A589A068C188491F63
:10D81000A94200D80D46AAB22369C0688189491D72
:10D8200089B2F2F77BF9681DA168C96848800020B9
:10D8300040E060688189491C89B2F2F778F90546B1
:10D84000032205AB2046294600F036F8002808D010
:10D850000246A068C36816202946F4F749FF8620CF
:10D8600028E060688189C91C89B2F2F760F9064630
:10D870006068A1684A89098943885B1F9BB200964A
:10D88000019302900A202B46FEF762F8002811D17E
:10D8900003AB5D70280A9870DE7017201870300A8C
:10D8A0001871A068C06881890522F2F737F9002055
:10D8B0006060842006B070BDF0B585B01E46144689
:10D8C0000F46054601A801810271A9680191FBF785
:10D8D00055FC862801D112200CE03846F4F7A2FF4F
:10D8E0003060002805D0A96809892246F8F70AF8AF
:10D8F00000E0012005B0F0BDF0B597B004464068E7
:10D9000015A914AAF4F72BFF0A9460688189491DB0
:10D91000428889B2072A05D1F2F709F90FA988814F
:10D92000102004E010220FABF2F7E4F880200FA9DA
:10D9300008740A984078102801D0022100E00421E0
:10D9400007910A9A9168CC68CB8805931278002ACF
:10D9500004940AD06588022D15D3A089401C81B299
:10D960002046F7F75FFE06460EE015AA1588102838
:10D9700012D10FA8FBF770FC002800D1B8E0089581
:10D98000A18911221BE00026A089401981B22046FE
:10D99000F2F7CDF8089018E00BA805810222027179
:10D9A000149A42810B910FA90E91FBF7E7FB862891
:10D9B00002D116A812229DE00895A18909222046CD
:10D9C000F8F71BF80125658000260598801E019058
:10D9D00014A8008803900996F6B20695AFB2B8195C
:10D9E0000599884274D8089885B20FAA28460399E9
:10D9F000F7F738FF00286BD00446029516A8009070
:10DA000000250BAB0A9821462A46FFF71FFE002887
:10DA10004FD10B98008807990918012F11D1FF29C0
:10DA200000D3FF210198814200D301990991CAB224
:10DA3000049EB089401C81B23046F7F7DEFF022712
:10DA400003E0B142049E069F5CD165882046F4F74E
:10DA5000FBFE0890B089C01981B230462A46F7F71C
:10DA6000D9FF079809990A1A3C46BF1C0A984078C2
:10DA700010280AD1B089C01981B23046089D1746D6
:10DA80002A46F7F7C7FF3A46271D2C46B089C0192A
:10DA900081B20B984368D5B230462A46F2F73EF879
:10DAA0007D19758002200A990870601C0890099EF3
:10DAB00091E78628069A16D084280546049821D135
:10DAC0008189891889B2029AF7F7A4FF842519E0A1
:10DAD000012F06D116A80A22027015A80588049CF9
:10DAE00009E000250EE016A80278049C089D02E0DB
:10DAF00016A8102202700A984078A9B22346F4F7BB
:10DB0000F7FD8625284617B0F0BDF0B58BB0054669
:10DB10008068C468C7882878002824D02E460C3630
:10DB2000059668688089401C81B2042204AB2046B7
:10DB3000F1F7E0FF308869787F1E0C2903D1874216
:10DB400053D20499401A80B2874200D30746BAB232
:10DB50007368A089401C81B22046F1F7DFFF781C72
:10DB6000608000204DE068780C28029707D1686833
:10DB70008189C91C89B2F1F7DAFF0D2201E00B227D
:10DB8000002004AF03903880A1892046F7F735FFC5
:10DB900068688189491C89B2F1F7C9FF0646788017
:10DBA00007A8068101270771A9680791FBF7E6FA24
:10DBB000862801D1122715E03046F4F733FE0028FD
:10DBC00010D0014606A8009005AB2846039AFFF73F
:10DBD0003DFD002817D0842818D0862811D106A82A
:10DBE000077807E006A8077004E006A80B2707706F
:10DBF00004A84688687831463A462346F4F778FD0B
:10DC000086200BB0F0BD059E029F93E7A089401CC3
:10DC100081B2042204AB2046F1F780FF8420F0E7B4
:10DC2000F0B58DB08168CE68C98806910178002969
:10DC3000079009D07788B089C01981B23046F1F7D2
:10DC400076FF079902460CE040780E2801D0212289
:10DC500000E00F22B1893046F7F7CFFE01221746C8
:10DC6000079948688078801AC0B24508087800286B
:10DC7000029666D0079908460C300190EDB2FF3548
:10DC8000E8B200230393A84200D1B3E0BCB20698E7
:10DC9000A04200D8AEE0486881890592891889B20F
:10DCA00002220CAB0492F1F725FF079908780128AE
:10DCB00002D1019808900DE00CA80088F4F7B2FD9D
:10DCC000014607988068008908AAF0F79BFB07992E
:10DCD000842865D00698041B48780E2809D1B0899D
:10DCE000C11908980288944200DB144689B2A2B296
:10DCF00013E0B089C01981B2089A304616883246BE
:10DD0000F7F788FEA41EB44200D33446A2B2BF1C6B
:10DD1000029EB089C01981B2089843683046F1F775
:10DD2000FDFE3F197780079948782028059A04D18D
:10DD30000698C01B80B202285CD304980870921C1D
:10DD40009CE700210592079C88B2A84292D20491D8
:10DD50004900606882895118491C89B202220CABC3
:10DD6000F1F7C8FE08A8012606710C990181A16887
:10DD70000891FBF703FA86282AD00CA80088F4F74C
:10DD800051FD002827D00799896809890122F7F7F2
:10DD9000B9FD00281ED10499491C029E059AD3E7BB
:10DDA0000CA803888868428901890020009002201D
:10DDB000FDF77CFE03900028059A1BD17780B0897F
:10DDC000C01981B292B23046F7F724FE842010E0E9
:10DDD000122600E006460CA80188079840780E2815
:10DDE00001D10E2000E020203246029BF4F780FC97
:10DDF0008620039003980DB0F0BDF0B589B00446BD
:10DE00000078002801D000203BE06068A168C96864
:10DE1000069146888189491C89B2F1F788FE05463A
:10DE2000F11E6078002752280CD0D2280ED1A068AD
:10DE30004089042824D10F3E0522012700200490A8
:10DE400005960EE00591042204970AE00591069ECE
:10DE5000B18913223046F7F7D0FD0120049070807D
:10DE6000032207AB20462946FFF726FD024608A8F5
:10DE70000270002A07D060782946069BF4F738FC28
:10DE8000862009B0F0BD002F08D06168A068008925
:10DE900000F023F8002801D00022ECE76168079821
:10DEA00008AAFBF71BF80028EBD0842812D1606881
:10DEB000A1684A890989059B9BB20095019302904C
:10DEC0000A20049BFDF778FE0028DAD1002060606C
:10DED0008420D6E708A80278CDE7F0B58DB00D46CE
:10DEE0004F88EFF7C3FD002805D00446407C40066C
:10DEF00003D4B12034E0022032E021464C3105A8A1
:10DF00001022E6F77FFE083FB9B20C2202AE284687
:10DF10003346F1F7EFFD3078717809020818B178CF
:10DF200009044018F17809064118206F814201D890
:10DF3000401C10D10191FAB205A809AE294633461A
:10DF4000F8F741FC02A8001D083608223146E6F722
:10DF500064FE002801D0052002E00198206700201F
:10DF60000DB0F0BD904201D8884201D21220704716
:10DF700000207047F0B5FFB08CB00C4605468B68AA
:10DF8000CA88898807A8801D00F034F8280702D5C0
:10DF9000A068EFF78DFD07A84189059101890391DC
:10DFA000C18802910C3004900025049EA8B2059906
:10DFB00088421CD231188AA8069002242246E6F72D
:10DFC00021FEA81C80B2311889AF38462246E6F7F8
:10DFD00019FE281D84B230193B8806990A880090E2
:10DFE0000298039900F01CF838882518DEE77FB006
:10DFF0000CB0F0BDB0B51C465B88150AC5708270C8
:10E000000A0A42700170591E01710A0A4271A589FB
:10E01000831D8AB2681C81B22046F1F76BFDB0BD4A
:10E02000B0B5FFB083B01C466D462B73AA7229723F
:10E03000A8711B0A6B73120AEA72090A6972000A54
:10E04000E87128460E3086992246E6F7DBFD204629
:10E050000A30A870000AE8700F202871FF2068704D
:10E06000822028700C2068710E34A1B22846F0F787
:10E07000D7FF7FB003B0B0BDB0B5FFB085B00C46E0
:10E0800005468B68CA88898802A8801D00F011F8AF
:10E09000280702D5A068EFF70BFD02ACA3896289BF
:10E0A0002189E0880E340094FFF7BAFF7FB005B0F5
:10E0B000B0BDF8B51C4617460E4605465888009078
:10E0C0009889401C81B21846F1F731FD0099C91EAC
:10E0D0000A0AEA71A97128713A0AEA70AF70320A25
:10E0E0006A702E70000A6871A08908358AB2C01C57
:10E0F00081B220462B46F1F7FDFCF8BD10B5FFB00C
:10E1000083B089886C46A01D00F014F8217A481D60
:10E11000A070000AE07001202071FF206070822052
:10E1200020700820607109312046F0F779FF7FB038
:10E1300003B010BD017000228270090A417070475F
:10E1400080B5022807D0012809D0002806D1002078
:10E15000E4F78AF980BD0020FFF7A3F980BD002015
:10E16000F9F7AEFE80BD002070470020704780B5F3
:10E170008088FFF711F8002804D0BA21405C411EC6
:10E18000884180BD002080BD00207047002070477E
:10E190000020704780B5FEF7F3FF3821415C00296D
:10E1A00003D0007A411E884180BD002080BD80B52B
:10E1B0000179407900024018FEF7EEFF411E8841C8
:10E1C00080BD002070471CB589886C46E01C00F0BB
:10E1D0000BF80520A0701320607004202070082127
:10E1E0002046F0F71DFF1CBD002202710122C27003
:10E1F00041700270090A817070470020704700204A
:10E2000070470020704770B504462830EEF7A8FE2E
:10E2100005462646C63620463C30EEF7A1FE002DC8
:10E2200002D03178C90704D1002805D030788007A2
:10E2300002D52046F8F7B0FEF8F718FF02467078CE
:10E240002146FEF7EDF870BD10B501242146FEF71A
:10E2500000F8204610BDB0B504460546BA35A8788A
:10E26000EEF7B4FEBA2000212152FF24AC70A87A48
:10E27000FF2801D0EEF7A2FEAC72B0BD7047704728
:10E28000F0B58DB002930192074642203C5A4B20D4
:10E2900080003D18786C0390E6F702FD01462846A1
:10E2A000099100F089F80546384600F092F893206D
:10E2B0004600012D03D1384600F08CF800E0012023
:10E2C0000A90B819059038464230079038462D30EC
:10E2D00008903846803006900B97FA370497002054
:10E2E0000C90A1B20B9F38460A9A00F0BEF8F96C68
:10E2F00041437A6C56187E640C9941180C9124188D
:10E30000A5B23846294600F0B2F80746002802D1E7
:10E310000998301AE5D4069A106880218843106065
:10E32000079E3088A84205D9049800880B99F831D7
:10E3300000F02DF93480002F089E1DD10B98416C00
:10E34000039A8D1A294600F023F90746002813D1B5
:10E350007078294600F02BF9074600280CD10B985D
:10E3600029460C9A019C234600F047F9074620688D
:10E3700002990860002F06D03770002005990870B8
:10E3800001200DB0F0BD0B9EB06F002801D0C46914
:10E3900000E000247836002C0CD02546E469287A69
:10E3A0000007F8D530462946F6F778F82846EFF703
:10E3B0007FFBF0E70220E4E780B58269531A01D4BD
:10E3C000012080BDD243521841685018EAF7DCFBA7
:10E3D00080BD7047F8B505462C20285C0124032831
:10E3E00041D1288F00283ED02F462C375426B85DC7
:10E3F000800638D52846EAF733FF29462831884277
:10E4000031D1B85D0006800F2DD12846E330007869
:10E41000800728D42E46F6363088002823D1B878D5
:10E4200001242146F6F77BFC0090B8780021F6F72E
:10E4300076FC0099084302D1288F441C13E09320F6
:10E44000400028180078C0070DD0F88A718D081A8E
:10E4500081B2022907D3441EA1B2288F401C82B288
:10E46000914200D30446A0B2F8BD10467047FEB5F5
:10E470000A46044693204300E05CC10725462C353C
:10E4800000297FD02746E237F98F8A1A160404D074
:10E4900010B2002876D52820FEBDE61842B2002A28
:10E4A0000FD4410713D4000736D4A878E4F74AF80C
:10E4B00000285DD0A878012100221346ECF726FF42
:10E4C00056E0A878FFF7DAFE30787F214EE0606CE6
:10E4D000AF6F796840186064B9683A682878022894
:10E4E0000291019227D1687DEAF7C4FF042801D088
:10E4F000062800D10220800021187869886500284C
:10E50000029B019903D0984200D318462065480821
:10E51000616C081860641AE0E96F687DEAF7CFFF64
:10E520003878012804D1E96FBC342046F2F71CFD8D
:10E530003078F7211AE0EEF77BF9029B01996163CD
:10E540004068002803D0984200D318462065F86838
:10E5500020873869E16C0A186266A066994203D088
:10E56000E3642046F6F7AAFB3078FB2101403170C6
:10E570003078FC210140881C30701620EBF79EF8A3
:10E58000E3F71EF9A878E3F7EDFF0020FEBD704722
:10E59000426E511A4166491E01D400207047802105
:10E5A000405C800601D5082070473E207047FEB5CC
:10E5B00002910546F6F7F4FA07467D20460400244A
:10E5C0000194022C15D07879C0070FD0E1B228460B
:10E5D000F2F7EAF9FD21084208D03868411E0AD452
:10E5E000B042314601D80299411A39600C37641C97
:10E5F000E7E70198FEBD2220FEBDF0B587B0069387
:10E60000059105464120285C13210C01E221695C3B
:10E610002E462C3601290DD1EAF7D4FEF28A777DF9
:10E6200000230093019002932946BC313846F1F74C
:10E63000FFFD10E01746EAF7EBFE0494044647435B
:10E64000F0783F18B8B2F1F727FEF070381B049C41
:10E6500080B2F1F721FE01462F19707DEBF70AF821
:10E660003078022811D12846EAF74AFE2846EAF710
:10E670000CFE707DEAF7D7FFE86C3860288E401CEE
:10E680002886686C0699086026E0AC6C688D059950
:10E69000F1F712FE0019A96C002900D10D30E96CC8
:10E6A00049083E39884201D9082016E0A8642C4662
:10E6B00014342046EAF724FE2046EAF7E6FD707D92
:10E6C000EAF776FF2A46443207CA3A60401A0699AA
:10E6D0000860288E401C2886002007B0F0BDB0B529
:10E6E0000D4604464120205CEAF7C4FE02210246A2
:10E6F0000A43062A00D00146002D0BD020462C30BC
:10E700000078032807D0022804D188002018806DE3
:10E71000002800D0B0BD4D2080002018016942695A
:10E72000511A02688A42F5D0531A01D95908511A70
:10E7300042689142EED30160B0BD70B504462C2012
:10E74000205C2646AC3603280DD14B2080002518CE
:10E75000284600F018F80146206D814202D2284672
:10E7600000F011F870602046F2F7BAFA2046FEF782
:10E7700043FC2046FEF76FFC316814342046EAF76C
:10E78000EAFD012070BD0146896A00290ED0427D54
:10E790004B7D9342F8D38269CB69DB43D21843683F
:10E7A000D218F1D4C0698969081A00E0406883383A
:10E7B0007047B0B504462E20255C2846FFF75FFD64
:10E7C0002846F2F7BDF8002803D12E34E07CEEF79E
:10E7D000FDFB1620EAF772FFE2F7F2FFB0BD10B5BD
:10E7E0000C46F7F717FFC108C9B2012909D807225B
:10E7F000104001228240601883214900435C13438A
:10E80000435410BD70B40123002413E00168001DBF
:10E81000194202D04D466918491E0C60091D121F8D
:10E82000042AFAD20D00960701D50C80AD1C1A40BF
:10E8300000D02C700268001D002AE7D170BC704720
:10E84000F1B401684118436858080A1800988068B4
:10E85000DB0701D54B46C01891422DD00D78491CDD
:10E86000032403262E4002D10E78F61C491C2B09E6
:10E870000F2B07D10B780F33491C03E00F78491C8D
:10E880000770401C761EF9D1002BE5D00E78491C8C
:10E89000AD082C40032C01D10C78491C24023419FA
:10E8A000654244190025AE1E9E42D5D02678641CD0
:10E8B0000670401C6D1CF6E700980C30F2BC7047E7
:10E8C00045FFFFFF04000000300000203C00000076
:10E8D0005C000020C80A00005C040020000000006A
:10E8E00061FFFFFF1F01000008000000C0000020C2
:10E8F00051FFFFFF13010000400200007C010020D7
:10E90000BD1A3CCDA6B8995899B740EB7B60FF4A39
:10E91000503F10D2E3B3C974385FC5A3D4F6493F62
:10E92000000C00020800110200011703010D030191
:10E9300001000101001302000309000309000101A5
:10E94000000101000406001202000309011418006E
:10E950001418001203000701010701000509010551
:10E96000090106030206030006050014030009025C
:10E97000020901000823001002011002010D240207
:10E980000D09020D10000E04000A04020A05000A17
:10E9900005000F0B020F0B000B04010C0B00082BE2
:10E9A00000031B00031B006C888391AAF5A5386047
:10E9B000370BDB5A6083BEE69D350E480103CCDB86
:10E9C000FDF4AC1191F4EFB9A5F9E9A7832C5E2C05
:10E9D000BE97F2D203B0208BD28915D08E1C74243E
:10E9E00030ED8FC24563765C15525ABF9A32636D23
:10E9F000EB2A65499C80DCFB349B5F800000800033
:10EA0000100000F2AA0001A00E02010608097032EF
:10EA100070535F58580FFF30000112030E1232047A
:10EA20001003E80D0020FF0120150000FFFF030781
:10EA30000800FB349B5F800000800010000002296A
:10EA40000007B00600100E04100207001C43002A45
:10EA50001C6101E0029801002024D20124F301ECA2
:10EA60000D48D20424F202F824D2A624120490B055
:10EA7000012207092443882B2412010412AC8C21A3
:10EA80002FE148D2C948F2021CD8C3F52B24122822
:10EA900024B1F8821868610112020C12C874D20302
:10EAA0004C6540D25C44F20201446101F10744101C
:10EAB0000340110410016A216C6002D20E00200C88
:10EAC00012C40CF30502000152FF01A11F61743250
:10EAD00004803210081162624804353B1151370F2F
:10EAE00010067118F00A07004000410024F4007776
:10EAF000C50410046170E34E13141153180204018D
:10EB000001186C12680452180421616108F0070EA4
:10EB10004C04002038040020000100090FB3041049
:07EB2000DF61051001040193
:0400000510057C2541
:00000001FF
