:020000041004E6
:101000000000012025FC061041FF061043FF0610DA
:101010000000000045554C420000000000000000A8
:1010200000000000000000000000000045FF061066
:10103000000000000000000047FF061049FF0610F6
:101040004B3C04101B3D04102B3E0410CB3E0410FF
:10105000D7490410C34A0410AB500410C3700410E5
:101060008B7104109F740410CB760410077B04105E
:101070007F80041051FF0610000000008DFF061055
:10108000C38704105BFF061075FF06100000000008
:101090006DFF06100000000085FF06105DFF0610C2
:1010A00065FF06107DFF0610000000000000000034
:1010B0000000000000000000000000000000000030
:1010C000043300207E6800003C0008080600AA00E7
:1010D000F7000000FFFFFFFF640002100804020495
:1010E000F7000800000101020201010000010003F5
:1010F0000004000006040000ADE005101D0400001F
:10110000EBE00510010C000027E105102D0C00009C
:1011100051E10510480C0000B3E10510490C000036
:10112000F3E10510630C000029E205107B0C0000C0
:1011300055E205107C0C0000B9E20510011000001A
:1011400013E305100210000085E3051003100000F2
:10115000D7E305100910000021E405100514000074
:101160006FE4051001200000CFE40510022000000C
:10117000FDE405100320000051E5051005200000E6
:1011800097E5051006200000C7E5051007200000C0
:1011900027E605100820000063E60510092000007E
:1011A00097E605100A200000CBE605100B20000092
:1011B000FDE605100C20000047E705100D2000009B
:1011C0007BE705100E20000035E805100F20000019
:1011D00063E8051010200000A7E8051011200000AA
:1011E000D7E80510122000000BE9051013200000BD
:1011F0003DE9051014200000D1E90510152000007C
:1012000003EA0510162000006FEA05101720000001
:10121000A7EA051018200000FDEA051019200000BB
:1012200043EB05101A20000093EB05101B20000073
:10123000DFEB05101C20000031EC05101D20000024
:1012400079EC05101E200000ADEC05101F200000F9
:10125000E5EC05102220000025ED051023200000FC
:1012600083ED051024200000D3ED0510252000009B
:101270001BEE05102620000047EE05102720000079
:1012800073EE051028200000AFEE051029200000A5
:10129000E5EE05102A20000017EF05102B200000B6
:1012A00053EF05102C2000009FEF05102D200000AB
:1012B000F3EF05102E20000027F005102F2000006E
:1012C00065F0051030200000D5F005103120000039
:1012D0003FF105103220000077F1051033200000A7
:1012E000C7F1051034200000FFF105103520000083
:1012F00039F20510362000006FF20510372000008B
:10130000F9F20510382000003BF3051039200000E9
:1013100075F305103A20000007F405103B2000008B
:101320004FF405103C2000008DF405103D20000016
:10133000C1F405103E200000F3F405103F2000002A
:101340003FF50510402000007BF50510412000000E
:10135000C3F505104220000075F60510432000007B
:10136000BFF6051044200000ABF705104520000033
:1013700005F805104620000037F80510472000004A
:1013800075F8051048200000ADF805104920000050
:10139000E5F805104A20000017F905104B20000061
:1013A00055F905104C2000009BF905104D20000058
:1013B000F1F905104E2000003BFA051059200000FD
:1013C00073FA05105A200000B3FA05105B200000E4
:1013D00013FB05105C2000006BFB05105D20000076
:1013E000D1FB0510742000001BFC051076200000C6
:1013F00051FC051077200000C1FC0510782000008A
:10140000FDFC0510792000005DFD05107A2000002C
:10141000ABFD05107B200000FBFD05107C200000CB
:1014200059FE05107D2000008FFE05107E20000073
:10143000F9FE05107F20000075FF051082200000D6
:101440000700061083200000A10006108420000081
:10145000130106108520000071010610862000008F
:101460006502061087200000D902061088200000BF
:101470003F030610972000007B0306109820000011
:10148000BB03061099200000F90306109A20000003
:101490002F0406109B200000610406109C20000011
:1014A0009F04061000FC0000D304061001FC00009D
:1014B0001705061002FC0000DB0506100CFC0000FE
:1014C000A90606100DFC0000E50606100FFC000042
:1014D0006707061014FC0000AD07061015FC00009D
:1014E000EF07061016FC00002508061017FC000088
:1014F0005708061018FC0000BB0806101CFC000072
:10150000F90806102BFC00003F09061035FC00000E
:101510008709061036FC0000C909061037FC0000D8
:10152000510A061038FC00008B0A061060FC00000F
:10153000CB0A061081FC00002D0B061085FC000074
:10154000630B061086FC0000970B061088FC000059
:10155000E10B06108AFC0000290C06108DFC00002F
:10156000930C061090FC0000D50C061092FC0000B5
:101570002D0D061093FC00005F0D061094FC00007A
:101580009F0D061096FC0000D10D06109CFC00007B
:10159000110E06109DFC0000490E06109EFC000076
:1015A0007D0E0610A0FC0000110F0610A3FC000029
:1015B000610F0610A4FC000009100610A5FC000035
:1015C0003F100610A6FC00007F100610A7FC0000CC
:1015D000BF100610A8FC000053110610AAFC000062
:1015E00097110610ABFC0000CD110610ACFC0000FA
:1015F00053120610ADFC0000E5120610AEFC000010
:1016000021130610AFFC00005D130610B0FC0000B3
:10161000AF130610B1FC000033140610B2FC00003A
:101620007D140610B3FC0000B5140610B4FC0000D5
:1016300033150610BAFC000067150610BBFC00004D
:101640009B150610CAFC0000CD150610CBFC00004F
:1016500065160610CCFC0000F716061001FD000010
:101660008917061002FD0000CF17061003FD0000C9
:101670007518061004FD0000D118061005FD0000C5
:10168000B119061006FD0000C91A061007FD00007A
:10169000291B061008FD0000671B061009FD00004D
:1016A000A51B06100AFD0000E31B06100BFD000041
:1016B000191C061010FD0000571C061011FD00003B
:1016C000CB1C061012FD0000151D061013FD0000B6
:1016D000571D061014FD0000D91D061015FD000051
:1016E0002F1E061016FD00008D1E061017FD0000AF
:1016F0002B1F061018FD0000811F061019FD0000A9
:10170000D51F06101AFD0000732006101BFD0000F7
:10171000C92006101CFD0000332106101DFD00002D
:101720009D2106101EFD00001922061023FD000059
:101730008D22061024FD0000F522061025FD000074
:101740005523061028FD00009D2306102AFD0000E9
:10175000DD2306102EFD0000AD2406102FFD000035
:10176000ED24061031FD00006125061033FD000058
:10177000AB25061035FD00003526061036FD0000AD
:101780000927061037FD00006927061038FD000004
:101790001B28061039FD0000D92806103AFD00006C
:1017A0004329061081FD00008D29061082FD0000EE
:1017B000F729061083FD0000932A061084FD00001F
:1017C000F92A061085FD0000AB2B061086FD0000EF
:1017D000152C061087FD00005D2C06108AFD000008
:1017E000BD2C06108BFD0000332D061000FE0000FE
:1017F0007D2D061001FE0000DB2D061002FE00000C
:101800002B2E061003FE0000752E061004FE0000AD
:10181000A92E0610000000000000000005000000D6
:10182000C793071000000000000000000000000047
:101830000000000010000000DF93071011000000FE
:10184000F993071004080000099407100D08000020
:1018500027940710010C0000779407100F0C00006C
:10186000AF940710100C0000E7940710160C00004E
:1018700059940710190C0000099507101A0C000064
:101880003B9507101B0C0000779507100000000027
:1018900000000000000000000200000030000020F6
:1018A00000000000080000006803002000000000A5
:1018B000010000006A050020010000000300000094
:1018C000C03200200000000001000000FA320020B9
:1018D0000000000002000000680500200000FFFF7B
:1018E0000000000004000000DC18041000000000EC
:1018F00005000000AC3200200000000001000000E4
:10190000F29504100100000003000000C432002022
:1019100020000000FB349B5F80000080001000006E
:10192000052A00001000000001000000B0040020A3
:10193000E01804100A000000FB349B5F8000008068
:1019400000100000292B0000100000000000000023
:1019500000000000EC18041002000000FB349B5F44
:1019600080000080001000002A2B00001000000002
:101970000000000000000000000000000200000065
:10198000FB349B5F80000080001000003A2B0000B9
:10199000100000000000000000000000F818041013
:1019A00000F0071000080000AA02000000F807106D
:1019B000F80701000000000096C298D84539A1F44C
:1019C000A033EB2D817D0377F240A463E5E6BCF8FC
:1019D00047422CE1F2D1176BF551BF376840B6CBC7
:1019E000CE5E316B5733CE2B169E0F7C4AEBE78EC3
:1019F0009B7F1AFEE242E34FF9FE061005FF061038
:101A0000D3FD061059FE061079FC061011FD0610D4
:101A1000FB349B5F8000008000100000292B000039
:101A200010000000FB349B5F80000080001000006D
:101A3000052A000010000000020000000300000062
:101A40000300000006000000030000000300000087
:101A50003C0000007000000070000000D003000097
:101A600070000000C30100000000000049A1071041
:101A70006D260710000000004DA107101DA10710E2
:101A80004527071049A107100D2707100000000087
:101A90004DA107101DA10710750007102B2F041072
:101AA000532F04106B2F0410632F0410B32D041058
:101AB000232E04107134041079340410813404107E
:101AC0008934041091340410DD06071039340410F1
:101AD0002134041041340410D5300410478C041014
:101AE000BF2F04108B320410AF2F0410AD900710DD
:101AF000B72F0410030000004BA3071029000000BB
:101B00007FA307103F00000065A30710CD04071056
:101B10000598071061960710059A0710179C071083
:101B2000179C07102D9D0710059A0710079F071097
:101B3000079F0710079F0710099907101B960710AA
:101B4000DF9507102D9D07100000000095AA0710D3
:101B5000DD5F071065AA0710ADAA0710715E0710B8
:101B60002B2E0410332E04102FA4071037A40710B7
:101B700033A407107B2E0410832E04108B2E041028
:101B8000932E0410BB2E0410A32E0410AB2E0410B1
:101B9000B32E04109B2E0410C32E0410CB2E041061
:101BA000D32E0410DB2E0410E32E04103BA40710E8
:101BB0007DA40710AD4D0710000000008BA4071096
:101BC0008D4C0710D95D071067A90710A5520710A3
:101BD0000BA90710DFA90710B5A40710E7AB071082
:101BE000F1AB0710B1660710296707100DAC07109D
:101BF00053AB07100000000055B10710F567071040
:101C00000000000000000000AD6A07103BB10710A3
:101C1000B5B10710F7AF071000000000D1B10710F1
:101C200095AD071013B1071081B107108BAE0710E7
:101C3000000000000000000021AC071000000000C0
:101C400023B30710996F071000000000BD8C061029
:101C5000E7B1071000000000B97907104BB4071076
:101C60000000000057B40710000000000000000052
:101C7000317A0710497407104FB4071079B4071070
:101C80002FB3071000000000DFB50710AD7D07106F
:101C9000DFB407100000000000000000000000009A
:101CA00027B6071005B607100FB6071031B6071094
:101CB000C7B4071000000000B5B6071093B60710B0
:101CC0009DB60710BFB60710D3B40710A049018016
:101CD0000020704780B500F0C7FA00F08FFB01BD0F
:101CE000F0B587B0050000206C4660711224FE2D0F
:101CF00005D10DA80078002801D0122026E10C9F04
:101D0000684602720E000492069339004AD1FE2DF5
:101D10004BD0F02D23DA042E21DC01A8801C00908A
:101D200001AB02AAD21C02A9491C280000F0D6FB74
:101D3000002800D0CDE06846C08814210140142955
:101D40000DD06846C0882040022808D06846C08868
:101D5000C00605D5032E02D1049820280EDBF4E03E
:101D6000032E05D100243900280000F0EDFA85E0AB
:101D7000042E03D06846007A0028F0D06846407AE6
:101D800000286DD0032EEDD0042E3CD10DA8007894
:101D900001900097069B6846027A0421280000F013
:101DA00098F9D3E0012F39D1FE2D2ED0042E1DDA63
:101DB00003A8009001AB01AA921C02A9491C2800AB
:101DC00000F08CFB002837D168468089800703D457
:101DD0006846007A002809D1684680892040122888
:101DE00005D1032E02D10498202806DBADE0032E96
:101DF000B8D06846007A0028F8D06846407A0028B3
:101E00002ED0032EAED00C249FE0012069464872EC
:101E1000032EF9D104982028A4DB96E0042EFCDCE4
:101E200001A8801C009002AB9B1C01AA02A9491CBE
:101E3000280000F053FB00284BD1684600790028A9
:101E4000E1D00498FD28E8DA032E8BD0042E9DD033
:101E50006846807A0028D6D16846007A002874D077
:101E60000024300007D0022E05D001D3042E8DD0DF
:101E700000D278E702E0012069464871009703AB81
:101E80009B1C68464279017A280000F018FA0590F8
:101E9000002803D16846007A002806D16846C08928
:101EA000049941182B4A914215DB0DA80078019046
:101EB0000097002300220321280000F00AF93900CE
:101EC000280000F082FA3900280000F03DFA0720CF
:101ED0003CE0422439E069460A7A0699059B1818C5
:101EE00000F058FB6846C0896946097A4218022EFC
:101EF00012D0032E10D0012E27D10DA8007801900A
:101F00000097002300220321280000F0E2F83900A6
:101F1000280000F05AFA18E00DA800780190009708
:101F2000059B92B20321280000F0D3F8040008D1E9
:101F30003900280000F049FA3900280000F03AFA88
:101F400003E03900280000F0FFF9200007B0F0BDE1
:101F500072060000730600001CB51A00049B0024E2
:101F60002FE11CB51A00049B00240194012429E1EF
:101F70001CB500240194022424E1F1B596B00D00B3
:101F8000140005A8402100F021FB16A80078F028D5
:101F900014DA02A8009001AB01AA521C01A9891C05
:101FA00016A8007800F09AFA060001D0422054E00A
:101FB00068460570002D01D0102D01DB12204CE089
:101FC00000F07CFA69460978884201D20C2044E08E
:101FD000049469464E70002405AF16E000F03CFA08
:101FE000060020D0E0003818297801706978417027
:101FF000A9788170E978C170EA786968300000F0EA
:10200000C9FA381DE1004650641C68460078039008
:1020100084420CDA0498E1004518E878FA28DDDB00
:1020200007206946487068464478002511E06846F4
:10203000017805AA16A8007800F0D0FA04000BD0A9
:10204000F3E7002105A8001DEA00805800F0DBF945
:102050006D1C03988542F4DB200017B0F0BDF8B585
:1020600084B004000F0015001E000BA80078F828AB
:1020700004DA00F009FA0390002801D107201AE0E1
:102080000BA802780C99039800F084FA0398029048
:102090000BA8007801900AA80078009033002A006D
:1020A0003900200000F0C2FA040003D00121039897
:1020B00000F0A9F9200005B0F0BD80B5814201D043
:1020C00000F04EF9012002BD80B500F09CF901201E
:1020D00002BDF8B51500069A079E170010D1002E14
:1020E00003D02A0000F0CEFBE6BDFE2804D1190083
:1020F000E8B200F0CBFBE6BD2A0000F0EFFBE6BD46
:10210000012A12D1002E04D01A00290000F056FC3A
:10211000E6BDFE2804D11900E8B200F053FCE6BD8C
:102120001A00290000F074FCE6BD2A0000F0C0FC93
:10213000E6BD80B502000800D10706D5022100F0F7
:10214000B2F8012801D10C2002BD002002BDF8B573
:10215000012817D100240F00160000E0641CBC42C7
:1021600010DA0620604335180021287800F09BF82B
:10217000012805D00121287800F095F80128EDD13B
:102180000C20F2BD0020F2BD80B5FFF7E0FF02BDDC
:10219000E0B502000B000020019005E0E0B5020070
:1021A0000B0000200190012000900321FE20FFF78A
:1021B00097FD0EBD1CB501240194002402E01CB55E
:1021C000012401940094FFF78BFD16BDB8B5BFB094
:1021D000140001D0F22C01D312201AE01F000D00D0
:1021E0000190F42102A800F0F1F9220002A93800C0
:1021F00000F062FC4598009002AB22002900019893
:1022000000F063FC010001D1093400E0002444998E
:102210000C7040B0B0BDF0B5BFB01400FF2A01D1C2
:1022200012201CE01D000E000700F82101A800F09C
:10223000CDF901A800902B0022003100380000F0F9
:102240004FFC0500449807D14599F7340470E2B279
:1022500001A800F031FC01E00021017028003FB02E
:10226000F0BD1800500150010020FF21504A2823E2
:102270004343D21811701175401C0328F6DB7047D8
:1022800010B503290DDA0022494B2824614359185F
:102290000B78834201D1881810BD14220B7D834234
:1022A000F9D0002010BD80B5FFF7EAFF002802D06A
:1022B000C068002801D1002002BD012002BDFEB58A
:1022C00006000F0000241C8008A801783000FFF7EA
:1022D000D7FF05000BD108A80178FF20FFF7D0FF3A
:1022E00005001BD02E706C60AC60EC602C826846E0
:1022F000007900280FD1686800280FD1E86800280D
:1023000001D000F079FC38001AD000F04FFC002812
:1023100017D03C0015E0E868002801D10020FEBD80
:10232000298AC91989B200F073FC002805D0298ACE
:10233000029A1180298ACC1903E0E86800F05CFC5D
:1023400000202C82E860FEBD10B5FFF799FF040065
:1023500005D0E06800F050FC0020E060208210BD55
:10236000002800D1704738B500250022002310490D
:1023700028245443091914245C430C1961688142D0
:1023800006D0A168814207D05B1C012BEFDD0AE07B
:1023900000F032FC656031BD080000F02DFCA56046
:1023A000FF20207031BD521C022ADFDD31BD00004C
:1023B0003830002080B5FFF763FF002804D0C168E3
:1023C00081600021C160018201BD80B5FFF758FF27
:1023D000002803D0816841600021816001BD0100B7
:1023E00020000900010026000F000100290005005F
:1023F00001002F00100001004900100036480021A4
:1024000041600170704730B50122334B0024002930
:1024100002D001290FD030BDF9216143591808318C
:10242000884203D0641C082CF6D330BD5868A24003
:102430009043586030BDF92161435918FA25ED00E9
:102440004919884203D0641C082CEEDAF3E71878A7
:10245000A2409043187030BD10B500201E494A6854
:1024600001231400C4401C4002D0401C0828F8D3AB
:10247000082801D1002010BD834013434B60F9228E
:1024800050430818083010BD10B5002012490A78D2
:10249000012301248440224202D0401C0828F8DB9A
:1024A000082801D1002010BD834013430B70F9228E
:1024B00050430818FA21C900401810BD002100201F
:1024C000054A5368CB40DB0700D4401C491CCBB203
:1024D000082BF6D3C0B270476C050020F0B585B06C
:1024E000019300920391074600F0DCFB4D21415C13
:1024F0004722920051438B1800250A990291AC188B
:10250000A34220D006687519AA21695AB942254606
:10251000F5D13019014662390978039A11700146E4
:1025200078390988029A11800C49401804A900F0F2
:10253000C1FB002809D00120009908700498007A96
:10254000411E884104E0422005E000200099087007
:1025500001990870002005B0F0BDC046E4FEFFFF01
:1025600070B4103A03D378C9103A78C0FBD253073D
:1025700001D318C918C001D508C908C0D20704D3AF
:102580000B880380891C801C002A01D50B780370FE
:1025900070BC70478B0701D18307E1D0124205D090
:1025A0000B78491C0370401C521EF9D17047010082
:1025B00020000900010026000F000100290005008D
:1025C00001002F001000010049001000002200BF90
:1025D000094202D0491E4254FCD170477CB51446D2
:1025E0000D4606460120022100F080FB002800D0A5
:1025F0007CBD01210F22284600F086FB0028F7D180
:10260000684646700570019400F01EFD7CBD830095
:102610008500070007008300850005000700030010
:1026200003000F000500820081000500F0B591B0A5
:102630001C4617460D461090012002210E9000F016
:1026400055FB002821D117980D900026894A109833
:102650003146894B98470A950C900F947F24384651
:1026600031462246844DA8470B9707460C980743EE
:102670000F9831462246A84704463C43FB220D985A
:102680003146A84720430F9C01D011B0F0BD0C96F5
:10269000109801F0DBFA002814D0169F7B1C466CC2
:1026A000316E1090726E5A43501800022721CD00EF
:1026B0004019724901F0F4FAF16D401A3F3803D421
:1026C0001220E2E74220E0E70995089748360B9888
:1026D000314601F000FB214604460846314601F030
:1026E000FAFA01460C20002CCFD000290D9A0A9D41
:1026F000CBD010980146B131466C6C20305A097825
:1027000001F0FDFA0446706E0002099940185B4919
:1027100001F0C6FAC04320183E3001D44520B4E78A
:10272000189C0F980B9A824208D10D980090019442
:1027300010982946089B01F0F1FAA6E71098416C21
:1027400074200591095AA9420C9B0D9E07D2462080
:102750004B4A954299D100290C9B0D9E95D1069428
:102760001098723007901A46059B1C466F34184625
:1027700074300990039424787C3304936F1C0A927C
:10278000029707980388BAB2462093424AD8099A1A
:10279000927808D10F9D0B9B9D4243D2E3B2AB428E
:1027A0003B460CD93EE00B9DAA423BD3E5B20F9EBF
:1027B000B54203D90B9DAE4234D25B1C0D9E89B24B
:1027C0009DB28D4202D10F9882422ED00A980028E5
:1027D00002D0462022461DE0049F384629460F9E1F
:1027E000324601F0F1FA002800D04EE70D98009033
:1027F00006980190384629463246089B01F0F8FABF
:102800000C90FF2834D00398027800200E990A918A
:102810000D9E029FD1B2E3B28B4203D0099801888A
:102820001446AEE7059C0C9F13E0059C0A9800280F
:102830000C9F06D0F8B20C224243A0188222FF233C
:10284000835400960698019010980F9A089B01F007
:1028500065FA002800D118E70A99002900D114E789
:10286000F9B20C224A43A1188222FF238B540CE7B1
:1028700007200AE7FF0E0000092D04107102000076
:10288000FFFF000080B500F071FA80BDF8B50C467E
:10289000054600F007FA074601F0C8FA0D4E30462B
:1028A00001F0E2FA0C4988420AD101F0F9FAFF2856
:1028B0000DD047218900414338684018AA2146526B
:1028C000032130462A46234600F008F8F8BD0120CF
:1028D000F8BDC046FCFF0000FFFF0000FEB50293FC
:1028E00014460F46054600F0DDF90646314885429C
:1028F00001D11F2007E00120022100F0F7F9002894
:1029000000D0FEBD2C481221A04201D20846FEBDD7
:102910000191284601F0A8FA472189004143306817
:1029200046182046314600F008FD0028E9D1BA20BB
:10293000315C3820305C042F12D1002937D00028B8
:10294000019A20D01B4885421DD1F08D00281AD055
:10295000A420305A1021014021431046D1D10CE06F
:1029600035463835002910D0032F06D102202870B3
:10297000F4860020B08602983063A236304601F01B
:10298000A5FA0020FEBD1046FEBD374628370028B8
:10299000029A05D03968A120029A01F0A7FA029A9A
:1029A0003A6001202870F4850020B085FEBD0198B2
:1029B000FEBDC046FCFF00007206000080B500F0BE
:1029C000D1F980BDF8B50C46054600F06BF9074615
:1029D00001F02CFA0C4E304601F046FA0B498842C1
:1029E0000AD101F05DFAFF280CD04721890041434C
:1029F00038684018AA21465230462946224600F03F
:102A000007F8F8BD0120F8BDFCFF0000FFFF000043
:102A1000F8B514460D46074600F044F9064622482C
:102A2000874201D11F2007E00120022100F05EF95A
:102A3000002800D0F8BD1D48A84201D21220F8BDE0
:102A4000384601F011FA47218900414330684618A1
:102A50002846314600F071FC0028EBD1BA20305CEA
:102A6000002809D04C20022131544A2035524821F7
:102A7000002070527464F8BD4C20305C32464C32F9
:102A800037463C37002806D03968A12000922246FC
:102A900001F02CFA009A4220355240210020705259
:102AA0003C6001211170F8BDFCFF000072060000BF
:102AB00080B500F0ADFA80BD002A05D003780B7018
:102AC000521E491C401CF7E770471CB554087A2C6D
:102AD00001D912201CBD049C009401F041FA1CBDD8
:102AE0001CB5FF2A04D0049C009401F07FFA1CBDA1
:102AF00012201CBD6A4A51601160088010810020BC
:102B000048804860704766490A68904203D140682F
:102B1000086070470A00002A04D051688142F9D148
:102B200040685060704770B55D490A68002825D03C
:102B3000002A01D1020021E0904202D2426002004C
:102B400012E0140000E02C006568002D01D0A842BE
:102B5000F9D24560606025886619864204D14668CE
:102B600066600688AD192580456804880319AB4264
:102B700004D16B6843602B88E31803800A6070BD42
:102B800010B502000C001088011B8BB20D2B0CD36A
:102B900020000838800880001018083001800021CB
:102BA00041804160FFF7BFFF200010BD38B5002510
:102BB0003B490968401E03240443641DA4B209E094
:102BC0000888A04205DB002D02D02A88904200D25E
:102BD0000D0049680029F3D1002D0BD02800FFF724
:102BE00092FF21002800FFF7CBFF2880012068809A
:102BF000281D32BD002032BD002800D1704780B5AD
:102C00000021831E19800160001FFFF78CFF01BDAA
:102C1000F8B504000E00701E03210143491D271F53
:102C200038888BB2984204D389B23800FFF7A8FFE6
:102C30001FE0091A6A461180001F800880002518CD
:102C400017484168008980000818854214D26888B6
:102C5000002811D128886946098888420CD32800A9
:102C6000FFF751FF684601882800FFF789FF398880
:102C7000081838802000F2BD3000FFF797FF0500EC
:102C80000BD03A88121F92B2964200DA320021002D
:102C900001F0DAF92000FFF7AFFF2800F2BD0000D5
:102CA0007C32002002480068902140587047C0469E
:102CB000E432002010B50C4601F01DFA002804D0C3
:102CC0002068C06F411E884110BD002010BD030068
:102CD000FFFFFFFFFFFFFFFFFFFFFFFFFFFF010001
:102CE00000000000FFFF01000000FFFF054A12681E
:102CF0003523D35C034201D00C207047353211706C
:102D000000207047CC320020904201D8884201D286
:102D1000122070470020704730B58BB018AC247873
:102D20000A9417AC2478099416AC2478089415AC4E
:102D30002478079414AC247806946D464C242C57C0
:102D4000059412AC24780494119C039410AC24785C
:102D500002940FAC247801940E9C009401F0D8F9F1
:102D60000BB030BD80B501F071FA02BD80B501F045
:102D700091FA02BD80B501F0B1FA02BD1CB56C46F6
:102D8000247C009401F030FB16BD80B501F078FB87
:102D900002BD80B501F0AAFB02BD80B501F0BEFB0B
:102DA00002BD80B501F012FC02BD80B501F048FC07
:102DB00002BD80B501F066FC01BD80B501F088FC64
:102DC00001BD80B501F0A8FC02BD80B501F0B8FCE2
:102DD00002BD80B501F040FD01BD80B501F062FD8E
:102DE00001BD80B501F086FD01BD80B501F089FD12
:102DF00001BD80B501F086FD02BD80B501F09CFDEE
:102E000002BD80B501F0D7FD02BD80B501F0E4FD43
:102E100002BD80B501F0FEFD02BD80B501F026FEC9
:102E200002BD80B501F048FE01BD80B501F04AFE4B
:102E300002BD80B501F06EFE02BD80B501F098FEC6
:102E400002BD80B501F096FE02BD80B501F094FE92
:102E500002BD80B501F092FE02BD80B501F090FE8A
:102E600002BD80B501F08EFE02BD80B501F08CFE82
:102E700002BD80B501F08AFE02BD80B501F0A2FE60
:102E800002BD80B501F0D0FE02BD80B501F0E8FEC4
:102E900002BD80B501F000FF02BD80B501F03CFF2E
:102EA00002BD80B501F07EFF02BD80B501F0AAFF32
:102EB00002BD80B501F0C4FF02BD80B501F0DCFFAA
:102EC00002BD80B501F0F6FF02BD80B502F008F842
:102ED00002BD80B502F022F802BD80B502F034F8E0
:102EE00002BD80B502F04CF802BD80B502F08EF84C
:102EF00002BD80B502F0C4F802BD80B502F0C2F890
:102F000002BD80B502F0C0F802BD80B502F0CEF877
:102F100001BD80B502F0E8F801BD80B502F024F9EA
:102F200002BD80B502F022F902BD80B502F070F951
:102F300001BD80B502F038FA01BD80B502F06CFA2F
:102F400002BD80B502F0BEFA02BD80B502F0D0FA33
:102F500002BD80B502F03CFB01BD80B502F028FC4B
:102F600002BD80B502F09AFC01BD80B502F0BAFD49
:102F700001BD80B502F0F4FD02BD80B502F046FE51
:102F800001BD1CB56C46247D01946C46247C0094E4
:102F900002F0A6FE13BD80B502F052FF01BD80B560
:102FA00002F094FF02BD80B502F0C4FF02BD80B5FF
:102FB00002F0C8FF01BD80B502F0E0FF01BD80B5A1
:102FC00002F0F8FF01BD1FB5089C0294079C019414
:102FD000069C009403F044F804B010BD1CB5059C99
:102FE0000194049C009403F075F916BD1CB56C4661
:102FF000247D01946C46247C009403F083FA16BD72
:1030000080B503F0D5FA01BD80B503F067FB01BDC3
:1030100080B503F077FB02BD80B503F005FC02BD6F
:1030200080B503F07BFD02BD80B503F0B9FD01BDA5
:1030300080B503F007FE02BD80B503F005FE02BDBA
:1030400080B503F025FE01BD80B503F09DFE02BDF5
:1030500080B503F0DBFF02BD80B503F0F8FF01BDD2
:1030600080B504F000F801BD80B504F028F802BD79
:1030700080B504F027F801BD80B504F057F801BD14
:1030800080B504F06FF801BD1CB5049C009404F0F9
:103090007DF816BD80B504F03DF901BD80B504F0A2
:1030A000FFF901BD80B504F003FA01BD80B504F05D
:1030B00023FA02BD80B504F06BFA02BD80B504F0BE
:1030C000A1FA01BD80B504F0A9FA01BD80B504F0F4
:1030D000EFFA01BD80B504F0F9FA01BD80B504F046
:1030E000B9FB02BD80B504F0B7FB01BD80B504F0AB
:1030F000DDFB01BD80B504F0F5FB01BD80B504F03A
:1031000007FC01BD80B504F01BFC01BD80B504F0D7
:103110002FFC01BD80B504F035FC01BD80B504F085
:103120004DFC01BD80B504F081FC02BD80B504F00A
:1031300085FC01BD80B504F095FC01BD80B504F0AF
:10314000A5FC01BD80B504F0B5FC02BD80B504F05E
:10315000DBFC01BD80B504F0B3FE01BD1CB56C46BF
:10316000247C009404F0BAFE13BD80B504F0E0FEA8
:1031700001BD80B504F0F2FE01BD80B504F062FF30
:1031800002BD80B504F07CFF02BD80B504F094FF61
:1031900002BD80B504F0BAFF02BD80B505F000F8AD
:1031A00001BD80B505F030F801BD80B505F060F8CF
:1031B00001BD1CB5059C01946C46247C009405F06F
:1031C000A5F813BD80B505F07FF901BD80B505F008
:1031D000C1F901BD80B505F01FFA01BD80B505F04C
:1031E0008FFA01BD80B505F0CFFA01BD80B505F0BD
:1031F000E9FA01BD80B505F053FB02BD1CB56C4674
:10320000247C009405F0A6FB13BD80B505F0ECFB13
:1032100001BD80B505F0F3FB01BD80B505F000FCF4
:1032200001BD80B505F013FC02BD80B505F05AFC68
:1032300001BD80B505F05EFC01BD80B505F065FC03
:1032400002BD80B505F078FC01BD80B505F0A0FC9D
:1032500001BD80B505F0ACFC02BD80B505F0F1FC08
:1032600002BD80B505F0F0FC01BD80B505F0FAFCAB
:1032700001BD80B505F044FD01BD80B505F098FDA8
:1032800001BD80B505F0EEFD01BD80B505F0F2FD94
:1032900001BD80B505F07CFE01BD80B505F0A8FE3E
:1032A00001BD80B505F0C9FE01BD80B505F0E2FEA7
:1032B00001BD80B505F012FF01BD80B505F030FFFE
:1032C00001BD80B505F0AEFF02BD80B506F0A4F8E3
:1032D00001BD80B506F0A8F802BD80B506F0BAF8C9
:1032E00002BD80B506F0B8F801BD80B506F0FEF865
:1032F00002BD80B506F04EF901BD80B506F052F969
:1033000002BD80B506F058F902BD80B506F07EF921
:1033100001BD80B506F0F0F902BD80B506F038FABF
:1033200001BD80B506F07CFA01BD80B506F0B4FAA7
:1033300002BD80B506F0E8FA02BD80B506F006FBD6
:1033400002BD80B506F020FB02BD80B506F09EFBF5
:1033500002BD80B506F09CFB02BD80B506F0F2FB15
:1033600002BD80B506F048FC02BD80B506F060FCE9
:1033700002BD18B587B010AC247806940FAC247841
:1033800005940EAC247804940DAC247803940CAC12
:10339000247802940BAC247801940AAC247800942D
:1033A00006F0D0FC08B010BD80B506F0F9FC02BDF7
:1033B00080B506F03BFD02BD80B506F0E7FD02BD1D
:1033C00080B506F0FDFD01BD80B506F011FE01BD22
:1033D00080B506F027FE01BD80B506F03BFE02BDBC
:1033E00080B506F05DFE01BD80B506F087FE01BD2B
:1033F00080B506F0A1FE01BD80B506F0E7FE01BD77
:1034000080B506F003FF02BD80B506F01BFF02BDCC
:1034100080B506F045FF02BD80B506F06BFF01BD2B
:1034200080B506F087FF01BD80B507F065F801BDE6
:1034300080B507F07CF801BD80B507F0A0F801BDAC
:1034400080B507F0A1F801BD80B507F063F902BDB2
:1034500080B507F0B5F902BD80B507F0DDF902BD12
:1034600080B507F011FA01BD80B507F05BFA01BD28
:1034700080B507F0BBFA01BD80B507F0C9FA01BD00
:1034800080B507F0EDFA01BD80B507F00DFB01BD79
:1034900080B507F0C5FB01BD80B507F0D7FB02BDC5
:1034A0001FB56C46248C02946C46A48B01946C4628
:1034B000248B009407F0CEFB04B010BD1CB56C4605
:1034C000A48A01946C46248A009407F0CEFB16BDB2
:1034D0001FB56C46248C02946C46A48B01946C46F8
:1034E000248B009407F0D3FB04B010BD80B507F027
:1034F000E1FB02BD80B507F0E5FB02BD80B507F03A
:10350000F7FB02BD80B507F0FBFB02BD10B588B02C
:1035100011AC2488079410AC248806946C46A48FC0
:1035200005946C46248F04946C46A48E03946C46D8
:10353000248E02940B9C01940AAC2478009407F02A
:10354000EFFB08B010BD80B507F030FC02BD80B5C0
:1035500007F066FC02BD80B507F07AFC02BD1FB51E
:1035600008AC247802946C46247F01946C46247E37
:10357000009407F075FC04B010BD80B507F0B4FCF2
:1035800002BD80B507F0BDFC02BD80B507F0C2FCEE
:1035900002BD80B507F0CAFC02BD1CB5049C0094B6
:1035A00007F0CCFC16BD1CB5059C01946C46247C30
:1035B000009407F0CDFC16BD80B507F0DCFC02BD21
:1035C00080B507F0E0FC02BD80B507F0E1FC02BD6C
:1035D00080B507F0E2FC02BD80B507F0E8FC02BD53
:1035E00080B507F0F2FC02BD80B507F0F9FC02BD22
:1035F00080B507F0F9FC02BD80B507F0F9FC02BD0B
:1036000080B507F0F9FC02BD80B507F0F9FC02BDFA
:1036100080B507F0F9FC02BD80B507F0F9FC02BDEA
:1036200080B507F0F9FC02BD80B507F0F9FC02BDDA
:1036300080B507F0F9FC02BD80B507F0F9FC02BDCA
:103640001CB5059C01946C46248A009407F0F4FC98
:1036500016BD1CB5049C009407F0FDFC16BD1CB5FE
:10366000059C01946C46248A009407F0FAFC16BD70
:1036700080B507F0FFFC02BD80B507F003FD02BD79
:1036800080B507F003FD02BD80B507F003FD02BD64
:1036900080B507F00DFD02BD80B507F00DFD02BD40
:1036A00080B507F00DFD02BD80B507F01AFD02BD23
:1036B0001CB5059C01946C46247C009407F01CFD0D
:1036C00016BD80B507F034FD02BD80B507F036FDAC
:1036D00002BD80B507F03DFD02BD80B507F041FD9C
:1036E00002BD1CB5059C01946C46247C009407F037
:1036F00040FD16BD80B507F058FD02BD80B507F04E
:1037000062FD02BD1CB5049C009407F06AFD16BD65
:1037100080B507F075FD02BD1CB5049C009407F050
:103720007DFD16BD80B507F088FD02BD80B507F0B0
:1037300094FD02BD1CB5059C01946C46248A00943E
:1037400007F0A5FD16BD80B507F0B2FD02BD80B53E
:1037500007F0B6FD02BD80B507F0B6FD02BD80B52D
:1037600007F0CAFD02BD3EB56C46247F01946D464C
:1037700018242C57009407F0C3FD3EBD1CB56C46C1
:10378000248A009407F0C4FD16BD18B585B00CACB2
:10379000247804940BAC247803946C46248D029412
:1037A0006C46A48C01946C46248C009407F0BDFDFB
:1037B00006B010BD1CB56C46247D01946C46247C7B
:1037C000009407F0C5FD16BD1FB5089C02946C4619
:1037D000247F01946C46248B009407F0E9FD04B02B
:1037E00010BD1CB5049C009407F036FE16BD80B5D4
:1037F00007F038FE02BD1CB5049C009407F036FEAD
:1038000016BD80B507F044FE02BD80B507F04BFE43
:1038100002BD1CB5049C009407F049FE16BD80B59E
:1038200007F04BFE02BD80B507F04BFE02BD80B530
:1038300007F04BFE02BD80B507F04CFE02BD80B51F
:1038400007F07EFE02BD80B507F082FE02BD80B5A6
:1038500007F0B4FE02BD80B507F0B8FE02BD80B52A
:1038600007F0C8FE02BD80B507F0D3FE02BD80B5EB
:1038700007F0DAFE02BD80B507F0DAFE02BD10B532
:1038800088B011AC2488079410AC248806946C4648
:10389000A48F05946C46248F04946C46A48E0394E4
:1038A0006C46248E02940BAC247801940A9C0094FC
:1038B00007F0CAFE08B010BD80B507F0F8FE02BDE3
:1038C0001CB5059C01946C46247C009407F0F3FE23
:1038D00016BD1FB5099C039408AC24780294079C7C
:1038E00001946C46247E009407F0FFFE04B010BDE6
:1038F00080B507F047FF02BD80B507F061FF02BD4C
:1039000080B507F06CFF02BD80B507F077FF02BD00
:1039100080B507F08FFF02BD80B507F0B1FF02BD93
:1039200080B507F0B1FF02BD38B58CB01B9C0B947D
:103930001AAC24780A9419AC2478099418AC247829
:10394000089417AC2478079416AC247806946D4636
:1039500054242C57059414AC24780494139C039499
:1039600012AC2478029411AC2478019410AC247821
:10397000009407F08DFF0DB030BD38B58EB01F9CA0
:103980000D941EAC24780C941DAC24780B941CACC4
:1039900024780A941BAC247809941AAC24780894EF
:1039A00019AC2478079418AC247806946D465C24EE
:1039B0002C57059416AC24780494159C039414ACED
:1039C0002478029413AC2478019412AC24780094E7
:1039D00007F080FF0FB030BD80B508F031F802BDB0
:1039E00080B508F031F802BD80B508F07BF802BD63
:1039F00080B508F085F802BD80B508F08EF802BDEC
:103A000080B508F095F802BD80B508F098F802BDC1
:103A100080B508F098F802BD80B508F098F802BDAE
:103A20001CB56C46247C009408F095F816BD80B552
:103A300008F097F802BD80B508F097F802BD80B590
:103A400008F097F802BD80B508F097F802BD80B580
:103A500008F097F802BD80B508F0ACF802BD18B5C3
:103A600085B00CAC247804940BAC247803940AAC95
:103A70002478029409AC2478019408AC247800944A
:103A800008F0B6F806B010BD80B508F039F902BDEF
:103A900080B508F049F902BD80B508F04BF902BDC8
:103AA0001CB56C46247C009408F05AF916BD80B50C
:103AB00008F061F902BD80B508F061F902BD1CB5DE
:103AC0006C46A48A01946C46247C009408F05BF94F
:103AD00016BD80B508F05FF902BD80B508F05FF94A
:103AE00002BD80B508F05FF902BD80B508F064F949
:103AF00002BD1CB56C46248A009408F061F916BD1D
:103B000080B508F069F902BD80B508F087F902BDFB
:103B100080B508F092F902BD80B508F092F902BDB7
:103B200080B508F095F902BD80B508F0A3F902BD93
:103B300080B508F0B1F902BD80B508F0B5F902BD55
:103B400080B508F0BCF902BD80B508F0C3F902BD2C
:103B500080B508F0CBF902BD80B508F0D8F902BDF8
:103B60001FB508AC247802946C46A48B01946C4673
:103B7000248B009408F0D6F904B010BD80B508F08D
:103B8000EAF902BD80B508F0F1F902BD80B508F090
:103B9000FAF902BD80B508F004FA02BD80B508F05C
:103BA00011FA02BD80B508F01CFA02BD1CB56C46C6
:103BB000247C009408F028FA16BD80B508F03DFA80
:103BC00002BD80B508F04EFA02BD80B508F05FFA7C
:103BD00002BD1FB56C46248C02946C46A48B0194E4
:103BE0006C46248B009408F068FA04B010BD1CB534
:103BF0006C46248A009408F06BFA16BD1CB56C461E
:103C0000A48A01946C46248A009408F067FA16BDD1
:103C100080B508F06BFA02BD80B508F07EFA02BDEF
:103C200030B585B06D4630242C5704940B9C03941A
:103C30000AAC2478029409AC2478019408AC247866
:103C4000009408F083FA05B030BDFEE7B0B5044635
:103C50000025284608F09CFA0649897F491C491E20
:103C600006D07A22825AC030A242F8D1C038B0BD04
:103C70002846B0BD58310020CA0F00D04942031079
:103C80005A400DD004B500D3404200F009F8009A24
:103C9000D20701D34942124200D5404204BD000080
:103CA000094214D088420FD30122030C01D1000431
:103CB0001204002300185B418B4200D35B1A52416F
:103CC000F8D319001000704701000020704708B5B4
:103CD00008F06EFA08BD202801D2002209E0602811
:103CE00001D3032200E00222402800D201221F2338
:103CF000184092008958C14001200840704780B5A3
:103D00000B46400601D5032000E001208018C1B217
:103D10000022184608F04EFA80BDFEE7F0B587B0E5
:103D2000069316460F46446C25467C35284600F01F
:103D30004BF8002844D105970496206E616E069AD0
:103D40005143081800022721C90040181D49FFF7F8
:103D5000A7FF216F4718FE4308F0CCFA81194620CF
:103D6000B5312DD53E46234674342188059FB9428E
:103D700026D10390A078049A90421CD139461F4660
:103D80001C46DD340D980C9B009301902846069B41
:103D900000F02EF82070FF280FD00F223846314651
:103DA00008F0C6FA00280AD020780C214143781880
:103DB0007C3008F0E9FA039802E0072000E00020D8
:103DC00007B0F0BD71020000B0B55F23DB43002BEC
:103DD0000AD0C4186425655B8D4203D16625645DF5
:103DE000944203D00C33F2E70020B0BD0C20B0BDEC
:103DF000FCB5009201910025089F079A2C46602D82
:103E000006D04619B179FF2904D00C35641CF6E7B9
:103E1000FF2408E072B647513272F3710098B07116
:103E20000198B08062B6E0B2FCBDFEE71FB50C4859
:103E300000F01AF80B49884210D16C46002121721B
:103E40000120C00220800720000201902046093096
:103E5000062208F0C8F9204608F0A0FA1FBDC046A7
:103E6000FCFF0000FFFF000070B50446FEF71AFFDC
:103E70004D21415C094D0022AA2391420BD00668D6
:103E8000F65AA642164600D02E464725AD005B19CD
:103E9000521C3546F1E7A8B270BDC046FFFF0000D6
:103EA00010B5FEF7FFFE4D21425C0021AA238A4295
:103EB00008D00468E45A240B05D14724A4001B1938
:103EC000491CF4E7FF21C8B210BDFEE710B5044657
:103ED000002008F0DBFA044901402088401A4242E1
:103EE00042414A40228010BDFF0F0000F8B5044651
:103EF000C0062DD416460D46184800686107C90E45
:103F00004018006943220423214608F0C7FA00281C
:103F100020D001460A300671057000274F7210222A
:103F20000A72CF710A228A71FF224A7182220A71B3
:103F3000320EC271320C8271320A42712A0EC27084
:103F40002A0C82702A0A4270204608F003FB02E025
:103F5000862700E007273846F8BDC046D03200204B
:103F6000F0B5CFB01E4614460F46054601200102AB
:103F700009A8FEF72BFB002C33D054980890079526
:103F800000252846069508F0F2FA05964DAE3070E9
:103F9000010EF170010CB170000A7070284608F033
:103FA000E6FA3071049449AD304639462A4608F0A5
:103FB000E4FA09AF059800A991C10B4A01230798BB
:103FC000294608F0E8FA0522089C2046314608F008
:103FD00006F9601D04990A1D394608F000F9069893
:103FE00000E012204FB0F0BD6B050020F0B5CBB063
:103FF0000A2A24D31F4616460D46509905910121E1
:104000000691090207AC04902046FEF7DFFA47AAA2
:1040100003923846294608F0B0FA781D751F2146EC
:104020002A46FEF749FDA8B2009401900598029037
:10403000044A04980399069B08F0C7FA00E086201A
:104040004BB0F0BD6B0500208B0707D0521E22D36A
:104050000B78491C0370401C8B07F7D1830730D0C5
:10406000DB4219D0401E121F08D308C943701B0A37
:1040700043801B0C0371001D121FF6D2D20707D319
:104080000B88437001D08A78C2701B0A8370704716
:1040900001D00B7843707047121F06D308C9038004
:1040A0001B0C4380001D121FF8D2D20705D30B88CA
:1040B000038005D08B788370704701D00B78037034
:1040C000704770B4103A03D378C978C0103AFBD265
:1040D000530701D318C918C001D508C908C0D207B1
:1040E00004D30B880380801C891C002A01D50B781F
:1040F000037070BC7047002807D0006D002804D002
:10410000406D0860411E884170470020086070477C
:10411000F0B59FB0154604461E93020912200E2AE0
:1041200000D98DE02026032903D02A46324000D052
:1041300086E01B911DAF2046394608F06FFA3978AA
:104140004048807E81422DD268003040AA0008237A
:1041500013401B18142048433B490968496D0F1848
:104160007B707A1C6E070F97109107D510261E439F
:1041700016702F0703D55026334313701E462A9915
:10418000EB0702D001231E4316702C9E042703293F
:104190000B4616900E9707D0042B1B9907D10323CB
:1041A000119306E087204BE011971B9901E000274F
:1041B00011972E9814902D9813902B9F299A19924D
:1041C000289A279817902698159025981290032ED4
:1041D0001B931A97189205D0042E169806D1032720
:1041E0003E4604E00E9F109A169801E00027109AB0
:1041F000115408F031FA1CA90896139A0992149ADE
:104200000A92119A0B920C970D91129900910190BC
:104210001598029017980390189804901998059093
:104220001B9806901A9807901EAA24AB2046294690
:1042300007F050FB002803D10F9A947401211174E8
:104240001FB0F0BD58310020D43200207CB50646A6
:1042500000090E2801D912207CBD14460D463046B7
:10426000FEF7D6FB002800D07CBD01A9304608F03F
:10427000D5F90028EFD001A8007814214143044863
:104280000068406D4018C581846000207CBDC04638
:10429000D43200207CB5064600090E2801D9122030
:1042A0007CBD1C4615463046FEF718FB002800D0A2
:1042B0007CBD01A9304608F0B1F90028EFD001A873
:1042C00000781421414304480068406D40188581FE
:1042D000446000207CBDC046D4320020F0B585B0DB
:1042E00005463F48807E884201D2122774E0164678
:1042F0000C463C480068406D0290012D019514D198
:104300000394641C3546641E12D0287804A908F072
:1043100085F900283ED0AD1D04A80178012008F0E1
:10432000AFF90028EFD0074656E00C20009004E0DB
:1043300008F000FA0090019D039C28462146324671
:1043400007F082FB0746002846D1002C24D0002C21
:1043500034D00394307804A908F060F9307900284B
:1043600002D17088002813D0022404A80778012104
:1043700028463A4608F0FCF9002D00D12C461420BE
:104380007843029908184474B61D039C641EDEE746
:104390000124EAE7D3271FE0029E11360024104FC4
:1043A000B87E84420AD2E2B200250121284608F0F4
:1043B000DFF93570019D1436641CF1E7012D08D139
:1043C0000098002807D100273846394608F030FA0F
:1043D00002E008F055FA0027384605B0F0BDC046A7
:1043E00058310020D4320020F0B599B003930492E4
:1043F00005910690204800680146303117911691CA
:1044000001463C311391816B1891C16C006D149180
:1044100015901E98097B012901D102210843002132
:1044200016A60F460C291ED03278024218D016AAC2
:1044300052581388FCB2240107AD2B532B19528814
:104440005A8013AA525814889C805488DC8094881F
:104450001C81D4885C8114899C815289DA817F1CFB
:10446000761C091DDEE707A90090019103AB0FCB75
:1044700007F021F919B0F0BDD43200200102040088
:10448000F0B587B00A4601901649086803463033F4
:1044900005930090836B0693002305AC1E46022B08
:1044A00013D011A0C75C17420CD0F7B20621794394
:1044B0002768387902AD685468183988418079884E
:1044C0008180761C241D5B1CE9E729200099095C8A
:1044D00002AB019807F0C6FD122800D1D12007B029
:1044E000F0BDC046D432002001040000B0B505463E
:1044F0000022134607F0CBFD0446002D06D10648E6
:104500000068C06A00211C2207F06DFE122C01D148
:104510002E20C443E0B2B0BDD4320020F0B585B047
:1045200002930392049107462748046808F094F820
:1045300005465E2000210191215426465D3638064D
:10454000800F0DD03078C006800F05D000200146C6
:10455000FEF71FFC002835D104980090002322E0CC
:1045600078071DD4F806810F29D02834002804D5F7
:10457000607802210143032923D1380704D56078EC
:104580000221014302291CD108F066F80499FEF7C4
:10459000FCFB002816D121780120FEF7FAFB07E08A
:1045A000049800900123029803992A46FEF7E6FB3F
:1045B000002807D1307838433070019802E012208B
:1045C00000E0D12005B0F0BDD4320020F8B504469B
:1045D0001220002C16D0611E0C4213D1174E3768E2
:1045E0005D20385C20420ED0C4210C420DD007F073
:1045F0005EF8A10706D0002804D13068022108F037
:104600005DF90020F8BD0C20F8BDE106890F01D04E
:104610004006ECD4002528462946FEF7BAFB0028C0
:10462000E7D15D3769464D700C703D70022008F08F
:1046300067F908F025F92846DBE7C046D4320020A8
:1046400010B586B001AC08A114222046FDF7A2FFE8
:104650000A4800687221405A009404210122084B44
:1046600008F0B0F906B010BDFB349B5F80000080FD
:1046700000100000002A000010000000D4320020CA
:10468000FFFF00001CB511480468FEF78EFB882868
:1046900007D00C2805D05D34002808D102206070B6
:1046A0001CBD052008F0A2F908F0FCF91CBD002093
:1046B000607020787F210140217001A98620487018
:1046C00080200870022008F01BF91CBDD4320020A5
:1046D000BCB5104A14685D22A25C00280AD1802073
:1046E000104007D072342180052008F07FF908F0CF
:1046F000D9F90CE0DC2002420BD05D3401A9002581
:104700004D7002400A70022008F0FAF8257008F097
:10471000B7F8BCBDD4320020012903D101890120A2
:104720000840704708214056042802D802A1085CBE
:10473000704700207047C0460101000001000000E2
:10474000F0B587B001291AD1034608331F88012626
:104750003A077CD402910193817A03460B33046AB1
:10476000C57FF8060493039114D40022184608F07C
:1047700067FA01285DD0002802990CD067E0027A20
:10478000042A01D1012662E04469057C00200490DE
:10479000039000E002992F4800680127BAB2002672
:1047A000AA421BD213195B1E1B78002B16D0A25CE9
:1047B0007F1C012A01D0FF18F0E75D22825CD3073D
:1047C00008D192070AD5BAB2A25C03261640721E1F
:1047D000964103E0BAB2A25C01261640012936D107
:1047E000002E24D00199098870220A40202AC9D1BC
:1047F0000026F443C06AC71F032C28D005A9002057
:10480000887188800590FF1D0722384607F0F2FC6A
:104810000006641C0028EFD1032C0AD80622384673
:10482000049C214607F0DBFC0399B97103E00026E4
:104830000DE0049C03990198008820220240403238
:10484000402A9FD101262046324608F0F9F9304629
:1048500007B0F0BDD43200201CB511480468002018
:104860000146FEF796FA01A948705D20205CC10759
:104870005D34002905D001A901220A70FE210840FB
:104880002070810705D501A902220A70FD21084088
:104890002070022001A908F033F807F0F1FF1CBDD9
:1048A000D4320020BCB511480068446DFEF74DFDC0
:1048B000002802D00E48807E00E00120C5B21134ED
:1048C000002D11D0207800280BD020460F3800781A
:1048D000800706D560786A46107000200121FEF737
:1048E00049FA14346D1EEBE7BCBDC046D43200203B
:1048F0005831002080B5084608F0CAF907F0C0FF1B
:1049000080BD7047B0B50C4605460A4800685A217C
:10491000405A07F0C9FA012008F022FA002801D015
:104920008620B0BD287820210143297009202070FD
:104930000020B0BDD4320020F0B589B014460D4639
:104940000646C00705D02846214608F01DFA002873
:104950002FD1B00701D400202BE005AA204629461C
:1049600008F027FA002804D005A80021102207F03B
:104970003AFC01AF384608F02FFA05A808F03CFAD7
:104980000646384608F038FA002E03D1002801D038
:1049900012200EE005AA01AB2846214607F01CFABA
:1049A000002806D1002E04D001222846214607F017
:1049B00086FA09B0F0BD10B50446C00704D008F06F
:1049C00029FA002800D010BDA00701D4002010BD96
:1049D00007F033FA10BDFEE7F8B504460020C543E2
:1049E0000A480068466D1236094F6D1CB87E854234
:1049F00007D230781436214607F022F80028F4D088
:104A0000F8BD204608F00AFAF8BDC046D4320020AE
:104A100058310020F0B58DB00BA8002484800B9491
:104A2000104D114E2746A87E874218D200220A92C6
:104A300001200890079206907F20059004920BA811
:104A400003900292072001900096F8B2099002218B
:104A50002023FFF75DFB7F1C0028E4D000E0204608
:104A60000DB0F0BD58310020FFFFFF00FEB5044639
:104A70000F4DA87E0F4909684E6D1136002700972B
:104A8000C1B28F4212D2317801290CD101AA002083
:104A900010715080707810700121204606F0D4FF0C
:104AA000002804D1A87E14367F1CE9E70098FEBDDB
:104AB00058310020D432002080B50120FFF7D6FF06
:104AC00080BDFEE7B0B5096883240022002912D01A
:104AD000CD690024CC61087AC00603D4002008F018
:104AE000A1F902E0084608F0D7F90122002829467A
:104AF000ECD083240AE0D00708D072B604480068DE
:104B00008521425C521E425462B60024E0B2B0BD20
:104B1000E432002010B50C68207BC00708D00021CB
:104B20000122204608F0C6F9207BFE2101402173B6
:104B30000D4800682C21405CC00703D1204608F0D6
:104B4000CCF902E0204608F057FA002801D0832073
:104B500010BD72B6054800688421425C521E425462
:104B600062B6002010BDC046CC320020E4320020E6
:104B700003207047012070470120704701207047D3
:104B800001207047012070470120704770B50B4C21
:104B9000012504222046294608F062FA084E3060BA
:104BA00006222046294608F05BFA31680860306822
:104BB0000168002088804880087070BD5431002052
:104BC000C832002010B50C46087949790902081846
:104BD00008F058FA207961790902081808F092FA69
:104BE000207961790902081808F0BAFA08F0E2FAA7
:104BF000207961790902081808F0DEFA094800688E
:104C00002F21405CC0060BD52079617909020A1872
:104C1000A379E178022008F0F1FA002800D010BD55
:104C2000002010BDE432002010B5044608794A790E
:104C300012021218C978062008F014FB0748006811
:104C40002F214056002801D4002010BD1620E0700E
:104C5000A078BF210140A170842010BDE432002063
:104C600010B5044608794A7912021218C97807204B
:104C700008F0F8FA0748006834214056002801D4AB
:104C8000002010BD1720E070A078BF210140A17066
:104C9000842010BDE4320020B0B50D4604460879EA
:104CA00000281DD16879A9790902081808F05AFB73
:104CB0006879A979090208182A7AE9792B46093313
:104CC00008F074FB6879A9790902081808F088FBD4
:104CD0006879A97909020818E97908F0A1FB28790F
:104CE0006979AA7912025118EA7908F0A8FB0948F3
:104CF000016836200A5C002092060AD53631497ACE
:104D0000C90706D01820E070A078BF210140A1702B
:104D10008420B0BDE4320020FEB50D46044608797B
:104D2000002823D16879A9790902081808F01AFB2C
:104D30002A7AE9796879AB792E4615362F460F37EE
:104D4000009701961B0218182B46093308F081FBC7
:104D50006879A9790902081808F042FB6879A979ED
:104D600009020818E97908F05BFB28796979AA79C2
:104D700012025118EA7908F062FB094801683620EE
:104D80000A5C002092060AD53631897A890706D551
:104D90001C20E070A078BF210140A1708420FEBDDE
:104DA000E432002070B50446144E30683625405D6C
:104DB00000280ED108794A79120210188A7BCB7B21
:104DC0001B029A18891D08F06BFB3068405D0028B3
:104DD00011D00B4801684A5D002092060AD5363191
:104DE000497AC90606D51920E070A078BF21014094
:104DF000A170842070BD002070BDC046CC32002060
:104E0000E432002010B504460879491DFEF77DF80C
:104E10000A48016836200A5C0020920604D5363123
:104E200009228956002900D410BD1A20E070A0780C
:104E3000BF210140A170842010BDC046E432002093
:104E400010B504460879491DFEF763F80948016862
:104E500036200A5C002092060AD53631897AC907C5
:104E600006D01B20E070A078BF210140A1708420F3
:104E700010BDC046E4320020B0B505460024084607
:104E8000214608F08DFB002810D009480068362123
:104E9000415C89060AD53630407A800706D5002065
:104EA000E870A878BF210140A97084242046B0BDD5
:104EB000E432002009490A683621535C00219B0630
:104EC0000AD53632927A520706D51D21C1708178F3
:104ED000BF220A408270842108467047E4320020D5
:104EE000B0B5044601250846294608F059FB01469D
:104EF000002000290FD00849096836228A5C9206F2
:104F000009D53631897AC90605D5E570A078BF2163
:104F10000140A1708420B0BDE432002009490A6834
:104F20003621535C00219B060AD53632D27AD2074D
:104F300006D01E21C1708178BF220A408270842170
:104F400008467047E432002010B504464A790879D3
:104F50001146FDF746FF0948016836200A5C00202B
:104F600092060AD53631C97A890706D51F20E07026
:104F7000A078BF210140A170842010BDE432002040
:104F8000FEB50D4604460879002823D16879A97931
:104F90000902081808F0E6F92A7AE9796879AB7904
:104FA0002E4615362F460F37009701961B0218180C
:104FB0002B46093308F04DFA6879A97909020818D7
:104FC00008F00EFA6879A97909020818E97908F059
:104FD00027FA28796979AA7912025118EA7908F032
:104FE0002EFA0948016836200A5C002092060AD58C
:104FF0003631897BC90706D02020E070A078BF2118
:105000000140A1708420FEBDE4320020F8B5184CA8
:1050100001250422174E20462946B047164F386016
:10502000102220462946B047396808600C222046E5
:105030002946B04739680968C860104DE9892422BB
:105040002046B047014638680268D0688160002178
:10505000082903D000235352891CF9E7E989D1803C
:1050600000211181E989418008F0B4FAF8BDC046F9
:105070005431002061D00410EC320020583100205F
:105080000C20704701207047B0B50546002420462B
:1050900008F0BCFA002801D00C2404E0012D02D154
:1050A0000120FEF7A9F92046B0BDFEE770B50D4D11
:1050B0002A684224135D7F261E401655002802D020
:1050C00008F0C4FA70BD084608F0DCFA2868015DF3
:1050D000F7220A4002550E2007F088FC07F0E2FC98
:1050E00070BDC046F032002070B51D4E32684225BA
:1050F000535DDB0628D5002816D0A4321948006875
:105100003421405C74214143002399421CD0106833
:10511000002807D0C0180489002C03D01724045796
:10512000002C12D47433F0E749208000101820249A
:10513000224607F054F83068415D214341550E2066
:1051400007F054FC07F0AEFC70BD0B2100220123D8
:1051500008F0AAFA3068415DCF220A40425570BD7E
:10516000F0320020CC32002001207047F8B5222612
:10517000254B995D8620402902D81A7B8A4200D9A6
:10518000F8BD224D2868302281543030002444700C
:1051900034224A43406821461F4607F024F8B95D8F
:1051A00028680A22A14206D0436B671C40349C52F7
:1051B00034323C46F6E7383008F08AFA2868403046
:1051C00008F086FA296800200A4654320B464C3310
:1051D000C8640B6548658A650B4A925D52000346B8
:1051E000DCB2A242CCD92401896C09190026CE6018
:1051F00029688E6C3619096D0E6029688E6C341919
:105200000C340C655B1CEBE758310020E0320020C9
:10521000F0B587B00027604E604B05972220305CC8
:10522000874200D3B6E034247C431A68556B2819B2
:10523000C178002900D1ABE00379002B00D192E0C6
:10524000192B0CD02E5B4589072B38D0162B75D027
:10525000062B7FD13046294608F03EFA79E05E29D8
:1052600078D10297156C00200590012003904B4BDC
:10527000002D7AD02E461868406B005BED693188AE
:105280008142F5D100213046049108F0A7FA074683
:105290000221304608F0A2FA404B1968496B0919FF
:1052A0000A8A9042E4D1488B8742E1D9032007F073
:1052B0009DFB07F0F7FB842005900498D6E7D029E2
:1052C00048D1417930462A4608F098FA05900028DE
:1052D00043D1334800684E21405C80071FD53148D8
:1052E0000068806942215022032307F0D7F8002884
:1052F00015D0014605738672082048720420087292
:105300000020C87106208871FF2048718220087132
:10531000280A4873300AC872422007F01BF91F4858
:105320000068406B00198178090728D50089272873
:1053300025D13046294608F0C5FA20E0112909D1C7
:105340002021435CC28806A800903046294608F018
:10535000DFFA05900598002811D0012007F046FBE0
:1053600007F0A0FB0C4E0D4B12E00398C007029F04
:10537000F3D00A480068406B00195F21C170074BE9
:105380001868406B00190021C18005910171024E1F
:105390007F1C43E707B0F0BD58310020E032002009
:1053A000E4320020D0320020F8B50446222018490B
:1053B0000090085C00270326164DC1B28F4212D21E
:1053C0002968496B8A19D21E1288A24208D1895DC8
:1053D000002905D0F8B208F025FB00980C49085CBC
:1053E00034367F1CE9E710200125002621462A4695
:1053F000334608F03FFB202021462A46334608F07A
:1054000039FB20462946324608F060FBF8BDC0460D
:1054100058310020E0320020F8B501460079274AD3
:10542000D27A904221D209684B681A7A961F0024DA
:10543000142E1BD814224243214D2D68ED6AAD185D
:105440000A885B7A7E4436797600B7440A110F0FDA
:105450000F0F0F0F0F0F0F0F0F0F14181C20262BFD
:105460003100284608F082FB0BE002242046F8BDFC
:1054700008F0EAFBFAE7284608F050FCF6E708F0E7
:105480000FFD0446F2E7284608F0BCFDEEE7009366
:105490001723284608F034FEE8E70093182308F0A5
:1054A00089FFE3E700931923284609F0CBF8DDE7ED
:1054B00000931A2309F0E0F9D8E7C04658310020DC
:1054C000E0320020801FC1B2142903D840B202A1EB
:1054D000085C7047002070470101000000000000D8
:1054E00000000000000001010101010101000000B5
:1054F000F8B501784468012921D000295FD12588B9
:10550000204609F027FA294609F02AFA22212E4AD4
:10551000515C884253D2217ADF220A402272342120
:1055200041432A480068406B4018C17F80220A43EB
:10553000C277042007F05AFA07F0B4FA42E066880E
:105540002588284609F02AFA07460221204608F055
:1055500045F90096002E32D0002F30D01122064699
:10556000294609F037FA2221174A515C884226D28F
:105570003046294609F052FA342141431348006865
:10558000426B511821228B5CCA89002B00D1921CDE
:10559000009B92B293420BD84A8C002A08D0223149
:1055A000521E0A803830214609F05AFA0220C1E71B
:1055B00006200871012007F019FA07F073FA204657
:1055C00009F055FA0020F8BD58310020E0320020E3
:1055D000F0B585B072480068816B002900D1DCE02D
:1055E000383009F052FA04460588284609F0D6F901
:1055F000074602262046314608F0F0F8294609F011
:105600000DFA002F4DD0054622206649085C8542E0
:1056100047D234276F4362480068416BC819C2788B
:10562000112A3ED16288002A3BD0049221220392A3
:10563000825C002A06D0531E012B50D8C28C808C6D
:10564000042321E00421204608F0C8F854490B68DF
:10565000596BCA19029292890190904219D800930D
:10566000049B022B1DD30298826A002A00D08FE08F
:105670000122039BC2540022C284019B83841846EA
:10568000049B9B1E04930623801A049A92B29042B4
:105690000BDAC81906210171012007F0A7F907F0FC
:1056A00001FA204609F0E3F994E72846214609F07B
:1056B000F7F93B480068416BC819C28C049BD318AA
:1056C000C384828C9BB2934202D20399465453E026
:1056D0002130934202D10322027002E00278032AB1
:1056E0004AD1C8198278120711D50289272A0ED10A
:1056F000816A012009F01EFA002841D1284800687B
:10570000406BC0190021039A8154816234E0264A1B
:1057100012684E23D25C92062ED5C95B0491818C0F
:105720000391468C478921480068806942215522AF
:10573000042306F0B3FE002822D00146039B037425
:10574000324686730773049E8672082048720D20C5
:1057500008720020C8710A208871FF2048718220D9
:105760000871180A4874100AC873380A4873300A56
:10577000C872422006F0EEFE284609F015FA29E725
:10578000022007F033F907F08DF905480068009012
:1057900000983830214609F029FA05B0F0BDC0461E
:1057A000E032002058310020E4320020D0320020C6
:1057B000F0B585B081880468807904AA107022222F
:1057C000344B9A5C65882688904208D104AB3046F9
:1057D0002A4609F015FA002858D104A80078342187
:1057E000039148432C4F3968496B0818018A3046A9
:1057F00009F032FA3968002803D004A80278039F20
:1058000021E0C86C002843D002950A464C32C36898
:10581000136005460C350195002B00D10A6504AADA
:105820001278039F3B4653434D6BEB181B8A0025B0
:105830008560C560896D08600680438016480168F0
:1058400001988865029D7A43486B8018028A02217C
:10585000204609F013FA0426204631462A4609F06C
:105860000DFA0D4D28685C30214609F0F9F83046F4
:1058700007F0BCF807F016F904A800787843296807
:10588000496B0818817F491C8177002005B0F0BD65
:105890008820FBE758310020E0320020F0B587B0C7
:1058A0008C4E3068406D0590059F002F00D10FE1B0
:1058B000F86805903988788809F052F822258649D9
:1058C000495D8842F0D2342343433068406BC018AE
:1058D000C0785F2801D01128E6D1BC68002C049361
:1058E00012D0A01C03906288002A22D0207A800661
:1058F000DAD43068406BC1181F23CE56FB88002EC7
:10590000029168D4734E73E07988388809F0C0F941
:1059100004463068002C4FD05C30214609F0D0F9A5
:105920006088BC600021F980B8806180A01C039071
:10593000049B3068406BC018818B0029B4D0FE886E
:10594000B9888A1B91B2808A814200D30246002E18
:1059500000D1921C029292B2002E00D0B61CB1B2BD
:105960000191204609F08AF9B01C81B27A8820465C
:1059700009F084F90298001D039908800020208214
:105980002073E68160686061A061217A29432172F9
:1059900006AA019909F0AAF9A061204609F0B6F912
:1059A000002800D08FE04B4E3068406B04994018BF
:1059B000818B491E818377E739460C31436DBB42A9
:1059C00028D01A46DB68BB42FBD10B68D360002BA2
:1059D00027D10C3224E01F3101917F210E40019923
:1059E0000E70002B01D10121CB433A4E9B18FB8056
:1059F000B9889AB28A420BD10625A58163800298A4
:105A00000089272814D10020214609F093F84AE0A4
:105A1000049B90E7024654320B681360002B00D1C0
:105A200082650022FA60006D0760306801653BE71F
:105A3000204609F01CF8294800684E21405CC00649
:105A400031D524480068406B04994018868B408902
:105A50000290BC8838880390214800688069422100
:105A60005222042306F01AFD00281CD001460674B9
:105A70008473029B0373039A8272082048720D722A
:105A80000020C8710A208871FF20487182200871A7
:105A9000300A4874200AC873180A4873100AC8727A
:105AA000422006F057FD0020B8600A4E3068406B77
:105AB00004994018817F491E81770598002800D0FD
:105AC00007460597F0E6042006F090FF06F0EAFF8F
:105AD00007B0F0BDE032002058310020E432002051
:105AE000D0320020F8B51D4C2068403009F018F97C
:105AF000010431D000902068403008F0C6FF054610
:105B00004688341DA1B209F014F900272846394609
:105B1000324609F0B3F86C80104C2F82EF812F735E
:105B200068686861A861287A0221014329722846C1
:105B300009F0ECF800280CD06888001F6880206805
:105B40004030294608F08CFF032006F04FFF06F096
:105B5000A9FF0098401ECBE7F8BDC046E032002008
:105B6000F8B505460120682109F0F2F8234F3860A6
:105B7000234EF07A1424214609F0EAF801463868E9
:105B8000C162012D10D15C3007F0A2FD2225705DAD
:105B9000342109F0DDF839684863705D4000102158
:105BA00009F0D6F839688864F07A411C154D012255
:105BB000284607F055FA39680862F17A0222284629
:105BC00007F04EFA3D686862F17A0F4A07232846CB
:105BD00009F0C8F8386817210185318C172901D2DE
:105BE0008620F8BD4185F17A4C43C06A00212246E7
:105BF00006F0F9FAFDF795F9F8BDC046E03200204D
:105C000058310020543100207D4C0710F0B589B088
:105C10000546C87D012861D10C462F462C37294600
:105C2000803138780228059106D1A068C11C06A8E9
:105C30000A2206F0D4FA1CE06068C11C06AE0A22F3
:105C4000304606F0CCFAB3883188E86CF2883689A1
:105C5000009201960A4609F09AF8002809D0B8780F
:105C600009F0BEF80598406801680122914301607F
:105C700032E02E46F43606A8018800890003F28837
:105C80008A4212D106AA92882B8F934211D106AA7A
:105C9000D288049232880393049B9A42039B07D1D3
:105CA000AA6E82421A4604D111E006AA928800E048
:105CB0001A462A87F1806866A86606A8C0887080A0
:105CC000308001200002059A116801431160F98AB1
:105CD00006A809F097F8B0800020E07509B0F0BD83
:105CE000F0B589B0012B00D0A1E000AB07C30F983D
:105CF0000E99039129214F4C615C4A1E9141E27F2C
:105D0000089209F097F80690E67A04960127182180
:105D1000494C3846A0472346484C216890254959AC
:105D2000C86340213846984721684959C96B0860C3
:105D300057208400304621463F4A90473F49096832
:105D40004959C96B48600898874009F07DF8F8B256
:105D50000821394A90473949096808954959C96B5A
:105D60000968242200268E54086224314F7005945D
:105D7000049844430794069D089C0798B0421BD0A2
:105D800001273846294608F0E3FF2C4909680959DC
:105D9000C96B49688919842288503846294608F019
:105DA000D7FF264909680959C96B496889198822AA
:105DB000885005983618E0E700980128049C09D11E
:105DC0000E21204608F0C4FF1C490968089A89582A
:105DD000C96B88600198012809D10821204608F084
:105DE000B7FF16490968089A8958C96BC8600298B4
:105DF00001280FD12421204608F0AAFF0F4D296861
:105E0000089A8958C96B08610120112108F0A0FF88
:105E1000296808660398012809D11C21204608F04A
:105E200097FF06490968089A8958C96B486109B003
:105E3000F0BDC0465831002051ED0410E43200207E
:105E4000FEB5029101902048006800273C4690254D
:105E50004159C96B096824228A5C944232D2096A8A
:105E6000CA5D012A0FD1CE19B279C0231340402B4D
:105E700009D1C95972680023029809F01BF800285B
:105E800004D1114800680837641CE0E701980768EE
:105E900040680290304609F031F8064672B60A486A
:105EA00000684059C06B00682030E1B209F04CF83E
:105EB0003846029C214609F065F862B6B420375096
:105EC000B4367460FEBDC046E4320020F8B5164614
:105ED0000F46044609F06AF80546F820225A38466B
:105EE000294609F06EF8A84201D1464302E0711E2E
:105EF0004D432E180125012E1AD0092047012046B6
:105F000009F070F8B042014600D33146E21900288A
:105F100000D131469079C00709D0423420881288D8
:105F2000101A80B2022803D3451E8D4200D30D46BD
:105F30002846F8BDB0B50446322509F081F844552D
:105F40000020B0BD70B50024204609F083F8054656
:105F5000094E30683421415C8C420CD2E321695CEB
:105F6000C90703D0284609F083F830685721890013
:105F70006D18641CEEE770BDCC32002070B50024B3
:105F8000204609F067F80546094E30683421405C28
:105F900084420CD2284609F00DF9002802D0284688
:105FA00009F008F9572080002D18641CEDE770BD3A
:105FB000CC320020F8B50024204609F04BF8054605
:105FC0000126264A274610683421405C84423DD28F
:105FD0002C20285CFE21014002292BD1284609F003
:105FE00059FB0028304623D12846FDF71AF900282E
:105FF00030461DD12846FDF7B4F90028304617D1A8
:10600000E0B20090FDF719F90028304610D1009851
:10601000FDF71FF9002830460AD1284609F055FB44
:106020000028304604D10098FDF74BF9411E884105
:106030000A4A00E00020411E88413906374600D157
:106040000746572080002D18641CBCE7380603D093
:106050001220012109F03CFBF8BDC046CC320020E3
:10606000F0B595B0CD1E6F426F41FF24FD2635423D
:106070001AD1002A18D00E92089407911A990A682A
:106080000692496814C8D0B20B901C9E1B980D90C4
:106090000F921006099305910C9607D0200CC2B2FE
:1060A000402A07D3002006E020460DE100200146EB
:1060B0000E9E0CE001200E9E0B99491E4B424B4157
:1060C0001840C0210A40403A5142514119407207DC
:1060D0007E4E0A94234633400D9C0F9E26606360DB
:1060E0000C9C002C01D080232370D40F784E326892
:1060F00090230493D25892685D23D35C002B13D075
:10610000002811D0002C0DD1012007990329099AEC
:1061100003D11146014000D1D6E002210A40D11935
:1061200000D1D1E00898CFE0002B4CD000294AD014
:106130000B940A9B14930F9C139412A800260670CC
:10614000116A03C910AA00960192224609F0D4FAF6
:10615000691E8D410E990F092F40012300280E93CF
:106160005BD008970B9D5A48006804994058806896
:10617000016A096810AA1278D2008A1807215156BC
:10618000002931460D9C5BD512787F21114011AA60
:10619000117028224A43036840689A182623D25C6B
:1061A000D20083185B688058DA0F484F3B4009C41F
:1061B00012A802700C98083C002800D0017000263C
:1061C00033460E993CE0084319D10F980A9909F01B
:1061D000F7FA010613D4282141433068049A805805
:1061E0008068006840182521455C09F00DFB41429C
:1061F0004141002D00D001210129089864D1009768
:106200000998019006980290059803900B980F99B1
:106210000A9A234609F004FB56E013A809F030FB64
:10622000002F50D008970B9D12A8009011AA20466D
:106230000A990D9C234609F045FB064600231946A2
:10624000207802221043002D10D10127099D2F40F4
:106250007C427C412A4057425741079D032D00D084
:106260003C46002B15D0002C2BD12CE0721E964101
:1062700000290E9900D13146012924D12168069ABE
:10628000914220D16168059A5140104A11421AD1B9
:106290001AE0731E9E4100290E9B194600D131461B
:1062A000012909D112A909784A1E9141002C00D177
:1062B0000B46002B07D007E050425041089901429D
:1062C00001D0FE2000E0FF2015B0F0BDFFFFFF0071
:1062D000E4320020F0B58DB0069107680390416864
:1062E0003806139E129D0593079208950FD00C4611
:1062F000080CC1B2C0220A40403A50425041FAB2A2
:10630000531E5A425A41402905D3002104E00C464D
:106310000020014602E00121104011408025089A2A
:106320001570764B22461A40376004967260744AA4
:1063300012689026925992685D23D35C002B17D087
:10634000002915D00798C00700D0D3E00120069996
:10635000002900D1CFE0059909688F4200D0C9E03B
:10636000059949686140654A114200D0C2E0C2E027
:10637000002B16D0002814D021460C943C460B97D5
:10638000069803281FD10AA800902046089A049C6A
:10639000234609F097FA00285DD0217802200843AF
:1063A000A9E0421E904101432FD03846214609F012
:1063B00007FA40B20028089900D4087000910498A8
:1063C0000190039841E00B46116A03C909AA00270E
:1063D00000970192039422461C4609F08DF900288B
:1063E0003ED0474B186880598068006A006809A948
:1063F0000978C900401807214156002934D408986B
:10640000057001200022049D4CE0039F03CF083F4C
:1064100009F0D6F90106089D13D43949096889594C
:106420008968096828702822424388182521445C1D
:1064300009F0EAF941424141002C00D00121012933
:1064400058D100950498019038460699079A059B03
:1064500009F082FA4FE0079800284BD1FE204AE06D
:106460000BA809F00DFA45E000787F220240089859
:1064700002700AA80770282050431A68925992683F
:106480001368526818182623C05CC00013185B6894
:106490001058DA0F194D2B40049D09C50223034300
:1064A000D8B2083D079BDB070DD1059B1978012960
:1064B0000ED19979C0220A40402A09D11968039A5D
:1064C0008A420AD00FE0002914D5002A13D111E026
:1064D00019682A688A4206D16C6859686140074A7F
:1064E00011404F424F41FD21069A0A40514251410D
:1064F000394300D1FF200DB0F0BDC046FFFFFF00C3
:10650000E4320020F0B581B01546009103218A05E0
:1065100042C832400127B8055040CAB27A4012182A
:10652000504250411C68A14203D15A687240120285
:1065300019D0002815D01D48006890228058806826
:106540005D22825C002A22D0079A130614D42823E5
:1065500053430068C01810300123324608F0AAFCEB
:106560000FE0FF211EE0069A0028084601D1022014
:10657000C043920715D415E001220846314609F0C0
:106580002FFA002803D00220044321460AE0A8077E
:106590000021C9430028084600D5F843009A032A81
:1065A00000D00146C8B201B0F0BDC046E4320020C0
:1065B000F0B591B0012800D08BE0012900D088E02F
:1065C0001D461446FCF76EFB002800D181E00068F0
:1065D0000C9000287DD0287801287AD1687801288D
:1065E00077D1B0213C4E20460A91B04732460990FF
:1065F000AE780B94EF78F0210B98079114469047F2
:10660000069010210B98A0470F9039010B98A047D6
:106610000590062171430B98A04704900B983146D2
:10662000A0470390032202927243FB00780001907E
:106630000B9C08967000009000200646A64248D0A9
:106640004721890071430C9D6918096D00293DD0CF
:106650007F240E9004400D9121010F98411825468A
:1066600001984543ED000598471900984443029866
:106670004443049805190A9C744330461096099EB9
:106680003419079E464306988019A067FF26667254
:106690000D9E7465109C6406640D0F9E3419846110
:1066A00008340D90C4610026102E06D08F518C192D
:1066B0006560FF18AD180836F6E70899109E71431B
:1066C000039841180D9881630B9C0E98401C761C12
:1066D000B4E711B0F0BDC04651ED041080B5FCF731
:1066E000E1FA4D21415C00685030002909D0026870
:1066F000526D0023D3671372472292008018491EFF
:10670000F3E780BDF0B585B0039316460C46054609
:106710000027EF223946FCF7F7FA0146002819D185
:1067200002962846FDF7A0FB3E4988420FD047213C
:106730008D004543FCF7B6FA0068401904A9FCF740
:10674000B9FA002805D00498417A002905D04221E1
:1067500000E00C21084605B0F0BD856F2E460836D6
:10676000304609F06DF903460498027A042C0BD1E7
:106770001221002AEED0002BECD0029A002AE9D197
:10678000EA89002A36D1E5E701932549002A024625
:1067900001D002465032156800970AB202993B4672
:1067A00009F052F9854201D24521D3E701466F2213
:1067B0000498825C002A0CD001466F314B780A792C
:1067C00001210091029D294609F03EF901460498F5
:1067D00000E0029D80300A4609F04BF90498017AE6
:1067E00000290BD0032C05D1304603992A4609F025
:1067F00047F90498801DFDF769FB0EE00198002819
:106800003446039E04D02168A1203246FDF76EFB7A
:10681000204631462A4609F03AF939469AE7C046F9
:1068200081FF0000FFFF0000F0B5ADB0044618A9DD
:10683000FCF740FA0021002800D164E11898007AA2
:10684000002800D15FE126469C363568204609F0D5
:1068500025F9401918990A7A012A074600D04F6D88
:10686000FA43821807D40C6DC01B2146FDF718FAB5
:10687000401C6043C719781B17A916AA09F014F920
:106880001798400B41424141189A107A012800D0D4
:1068900039E11091154660359C4801211591017030
:1068A000022012901072B0694008C0195065174656
:1068B0009748006890214458483410460E30149090
:1068C00005262146324605F08AFC38465C302146D2
:1068D000324605F084FC384614300C90214609F00D
:1068E0001BF909F035F9297840010843287009F0AF
:1068F00039F96870010AA970010CE970000E28715D
:10690000159805F034FE6871010AA97100266E81A0
:106910002E81000CE8716878A978EA782B792C969A
:106920000902081811044018190640180A902B9003
:1069300068791390A8790E90E8790F902C7B29A99B
:10694000FF2048700D910C7009F018F928962790D7
:10695000269638463C3025902496786D23902296D2
:10696000284620300B90219011977F7A2046149969
:1069700009F01FFB0E980002139943180F980404A6
:1069800023A825A927AA0F97002F19D0001D091D9C
:10699000121D1D460D9B5B1C274621AC20942AAC82
:1069A0001F943C461E901D931C911B922BA81A907D
:1069B0001198199019A8FCF743FB2846129D42E054
:1069C0000D940E93119F38468130099038468430DB
:1069D0000890B86F0121129101706A891395287B84
:1069E000002400940A99019102940C99234609F01D
:1069F000DFFB2AA9087000947E20C2433846214656
:106A0000234609F021F805460B9C204609F003FCBB
:106A10000999089A3F48D060042020700A20087025
:106A2000CD2D00D8CD2508204870119911621398FA
:106A3000007B9074086D21C21560D07A129D2843A6
:106A4000D0720E980D9C001913901295AF0029ADCD
:106A5000B74221D0002E159C00D002242BA88259C9
:106A600028782B4909684979002305930694002E5C
:106A700001D0092400E00E24049425ACA419039449
:106A800027ACA4190294149C01940093139B09F061
:106A9000CBFB6D1C361DDBE7119EF06FB321405C14
:106AA00009F0B8FC044629A80078214609F045FB06
:106AB0000F98002807D029A84078214609F008FB44
:106AC000304609F0B5FC2A98B07229AC129F3D46B9
:106AD000002D07D02AA80178207809F0ACFA641CB0
:106AE0006D1EF5E7304609F0B2FC21AC23AD0AA6D5
:106AF000002F07D0327802CD01CC05F019FC761CAE
:106B00007F1EF5E7109908462DB0F0BDFE3200203B
:106B1000E4320020DC1B0410070D0000FEB5044623
:106B2000007A022836D10D4627466837E06F08F014
:106B3000B5FF79880291666D1849097800290FD14F
:106B40004019F14341180BD4801B216D0191FDF7D1
:106B5000A7F8401C029909180291019941438E1926
:106B6000711B2046583001252A4609F071FC0B4B59
:106B7000197801290BD12146983100221A70626DD3
:106B8000101A0860486060652046FCF769FA0298B0
:106B9000388000E000252846FEBDC046FE320020B9
:106BA000F8B50E460446C76F480701D4002503E038
:106BB0007520205C107001253007009206D5511910
:106BC000E3880122384609F07BFCAD1CB037F006A3
:106BD00008D500984019FB78A27AA16F496809F09E
:106BE0007DFCED1C700601D4009905E0387809F0B1
:106BF00097FC009948556D1C70B2002800D4F8BD70
:106C0000E07A002813D0082048550F464E19282056
:106C10007070B01C21460E31052205F0E0FAF01D1F
:106C200021460C31022205F0DAFA093500E00F4660
:106C3000204609F07EFC0028E1D07919204609F0B1
:106C400081FCF8BD0120704770B5002802D10846CC
:106C500009F07AFC04460020002C18D0A56F4121D1
:106C6000695CFF2913D02E46403628468C3009F047
:106C700081FC72B6617A00222846134609F098FC1E
:106C800062B6FF207070307809F0C7FC012070BD3B
:106C9000F0B587B0C46904900568A86F0390C03050
:106CA000606028465030069028466A3005900026DD
:106CB000334F082E11D0A05909F0ADFA687A022896
:106CC000069801D3A86F001DA1594D620068486065
:106CD000A05907611837361DEBE7206805998978B8
:106CE00081750A21817027490180C17D01220692A8
:106CF0001143C175F921002728463A4609F094FC52
:106D000021683E308860CF60BC20039E315C049FC8
:106D10003A691170305C616888750B208870194879
:106D20000880F068C8606A6DF263327C42438A6012
:106D3000C87D069A1043C8757969284609F0B6FCE3
:106D4000059802888078697A7B681B68B46B00912B
:106D50000193029414352946069B09F029FAB96972
:106D6000087009F0DBFCB9680860F8683146243126
:106D7000016008F0F7FE30607968486007B0F0BD48
:106D80000C1C0410080A0000F0B599B007464078C2
:106D9000FDF76AF89C49884254D047218C0044434F
:106DA000FBF780FF0068001918A9FBF783FF0C238D
:106DB000002848D01898417A1591002943D00E93A5
:106DC000806F067C81690F91C1690791014622316C
:106DD00008911290C83006903878C00010900830A2
:106DE0001390002425461497119608351398A8424D
:106DF0002CD07E68375D00217F223846FBF784FF68
:106E0000002800D0F3E01598874200D3F1E0301954
:106E1000C1784A0812237C2A15D84278119E9642DE
:106E200011D9B21A807882420DDB1898012209F03C
:106E3000FBFB129989683E3988422C46149FD4D9AD
:106E4000452300E04223184619B0F0BD129C72B6EB
:106E50006A201899085A0D90E06B0590607C11909B
:106E6000208C0C900898007803902546267D647D40
:106E7000A87D0B9008220F98079905F0B0F93246CB
:106E8000E87D7F210140E97562B600260E949442A8
:106E9000314604D001D90E9800E01598811A059862
:106EA000E83805900291C8B20A90FF20049031465C
:106EB000039D13911098B0420E9C3ED07868875D78
:106EC000384621460B9AFBF71FFF0C23002800D001
:106ED00096E0381BC0B20A994018012484401399E7
:106EE00008462040000600D089E02C4200D087E010
:106EF0000D980C9A904202D01198874213D11198A4
:106F00008742149F77D315D11898803009F00EFC72
:106F100000280AD005F0EEF90599081A1198049096
:106F2000139907D567E0149F04E00D980C998842E7
:106F3000139960D021430836BBE70298001B0E90DE
:106F4000002109961098884220D07B685A18D4787E
:106F50005B5C0E98C318DDB2EB000F980668F45422
:106F6000F31854685C6003236B434468E618557853
:106F7000B57075709278002A03D0B61CAA18521EFC
:106F800032700222E2540831099EDBE71720129C7E
:106F9000205600231099B14200D054E7002800D5B4
:106FA00055E7607C1199814200D050E772B60F9886
:106FB000E06103981399014308980170607C04997B
:106FC000C9B2814211D1189816A9009100221D461C
:106FD00017AB214609F0B4FB06980368169A179977
:106FE000C034204609F0E4FB2B4662B62BE703468B
:106FF00029E70E9B27E71298C07D462323E712233B
:107000001298C07D1FE7C046FFFF000010B5437A0D
:107010000022002B19D0037A022B16D1826F13683D
:107020000B701C0A4C701C0C8C701B0ECB70407AC1
:1070300008715068400A48719068400A8871D068A9
:1070400005224243100AC8710122104610BD10B536
:107050000C46891CFFF7DAFF002803D0322060704D
:107060000920207010BDF8B5427A002A26D00546C6
:10707000846F406DE063002666742046314609F057
:10708000D1FB2746D837FF2805D003214143E069CB
:10709000406840184678A6746A20285A20846946B9
:1070A000284609F003FB009838607860E86FAA2151
:1070B000405C697A0122234609F0C6FBF8BD012035
:1070C0007047FEE7F0B589B0467A002E2AD0044614
:1070D000876FD6203D5C3846C03009F04BFA284611
:1070E00009F0A6FC002520462946FFF7ADFD002843
:1070F0000FD002A802218176058369468D80049114
:10710000039102910849079106950595009509F0AC
:10711000A5FC3D75E9B2B14204D2204609F0D4FD88
:107120006D1CF7E709B0F0BDFFFFFF00B0B5012807
:1071300015D1012913D1012A11D1012B0FD109F049
:10714000DBFD04460648C57A01200C2107F000FE4D
:1071500060600821284607F0FBFD61688860B0BDCB
:1071600058310020B0B5054609F0D2FD0446284646
:1071700009F0DAFDA179002905D022880280628811
:107180004280A28882808171B0BDFEE7F0B595B0E3
:107190001F4606920591064680880AADFCF756FD0B
:1071A000002800D1A1E004460397079572300190B2
:1071B0002546B13530890AAF3880266E700AB8800E
:1071C000B81D21467C310522504B98474F4BB87A69
:1071D0000495A97849010143B97238460B3021461C
:1071E0005831042200921D46984738460F302146F8
:1071F000813103220292A8474F20205CA16CC9076D
:10720000C90E0143397608F0A3FC400110990143EF
:107210003976FBF763FF01280BD10498807A0028A8
:1072200007D01020109901430AA80176206D616DE6
:1072300001E0A06CE16C099108900AAF38461A3061
:1072400008A9491C062204F0CAFF01980088F882A8
:10725000049909780329009A00D00A460799223137
:1072600007911A9D7A76E16D059A891A069A52005D
:10727000891A039B002902D58919401CFAE70AAA3A
:1072800013845082981C9082901C00273A4609F083
:10729000DFF8666C002E2AD06E20305C002826D0E5
:1072A00030466E302A210591A9702B216970029910
:1072B0002970B46E0695079D2C70210A6970210C07
:1072C000A97000782871F06D400A6871306E10491D
:1072D000FCF7E6FCA871706E7D21FCF7E1FC059AD5
:1072E000E871200EE870069D08E001270AE01C20E6
:1072F000A87023206870029828702222E81C0AA92E
:1073000004F06DFF384615B0F0BDC046DFC1041073
:10731000E2040000F0B5A3B00C460990002708462F
:10732000394609F011FD02462046394609F020FD94
:107330001AAD204609F0F8FC0646807900281ED0D8
:10734000707900281BD009994878C91C421E0895FD
:107350000DAD284604F043FF697E0720084068769B
:1073600004280CD80125294681401620014206D068
:107370000DA8801C079009F035FD002801D023B02E
:10738000F0BD09F059FD06900028F8D009F06AFD1B
:10739000FF281ED002950590069D28467630049061
:1073A000AC35687A0D99039109F084FD049903982E
:1073B00048800598A8712C70308808803079287230
:1073C0007088000306994866717903290AD0022063
:1073D00009E01AAB09201870A1200A21012209F046
:1073E0009BFDCCE70620012900D83846E978014307
:1073F00008200843E8700AA800900DA80CAA0BAB5F
:10740000214609F0C3FD0028B9D008982030089023
:107410000998807809900AA8008803900B98049036
:107420000C9805900DA8407E042802D10DA80321D8
:107430004176002018900DAD2F7EF906C90F18AEC9
:1074400031701990701C29461A31062204F0C7FECB
:107450000F203840F071099B18462A3841424141BB
:1074600008984170029901701AA884750399818265
:10747000069A0499D166697EC17507981B901A9285
:1074800005981E9018982090199821902A2B02D1C7
:107490000DA822301C901AA800F036FB6FE7FEE71B
:1074A00080B50820014909F0E2FD80BDAD6D0710EF
:1074B00070B50D4604460068616808F081F9010660
:1074C00016D4282141430B480068902280588068D8
:1074D00000684618304608F097F9002808D028467A
:1074E00005F045F8014630462A46234609F0C8FD16
:1074F00070BDC046E4320020F0B583B01468C0C847
:10750000F0B2A64203D152687A4012023AD0FF2567
:10751000012838D10320800538400122920590428D
:1075200031D11A48006890220292805880685D220A
:10753000805C002827D000201A56002A05D503C9F0
:10754000019308F03DF9019B024610061BD4D0B20E
:10755000282141430D4800680092029A80588068B3
:107560000068401810300193012331463A4607F075
:10757000A1FC0099019A1170002804D00220044354
:10758000E5B200E00546284603B0F0BDE432002035
:10759000F0B585B004060026002C2DD40392049388
:1075A0002825454316480068902280588068006866
:1075B0000190441902910029274601D0274610372F
:1075C000384608F021F92421615C002914D00028F4
:1075D00012D00298002804D001984019016A039C37
:1075E00004E0039C204604F0C2FF014638462246D0
:1075F000049B09F045FD0126304605B0F0BDC046AC
:10760000E432002080B584B003460068596802AABD
:10761000009203AA08F056F904B080BDB0B5014647
:10762000204C206890254059806800290DD05D21AC
:1076300000224254283001211B4A082307F092FB04
:1076400020684059806819490165001D09F04AFD0C
:10765000206840598068417A002907D002682432A6
:1076600000231370491E28320029F9D10C3009F08B
:1076700039FD206840598068143009F033FD2068D6
:10768000405980685C210022425401465C3101234C
:107690000B714A800146143102460C32C26101620C
:1076A000B0BDC046E4320020096F0710A0BB0D003A
:1076B00010B50C4602684168104608F081F80121B7
:1076C00000222346FFF764FF10BDFEE7F0B58BB044
:1076D0005F4D28689022805880685C23C15C002937
:1076E00000D1B2E003930592416D0791816D06913F
:1076F000017A002923D0FF21079A8A4302920022AF
:107700000724089201684068055D7F2004900540C9
:10771000282068430F18002638460799069A3346F2
:1077200007F0C8FB00284ED1089A521C484D286823
:10773000059940588068017A08348A42E1D309A843
:1077400000900AAA002407980699234609F0CEFC67
:107750000028059E71D02868805981685E200A5CE7
:10776000C9690B680AA90D78ED005B19DC717F2AE5
:10777000374600D37F22364E3368DB599B68DB697E
:107780001B680D78ED005B19DD791543DD71354619
:107790003268D2599268D26912680B78DB00D454EF
:1077A0003268D2599268D26912680978C900535C6C
:1077B00080241C4354543168C95989680A5C521C9E
:1077C0000A543E4639E0089609A8009002982843DA
:1077D000802420430AAA0123069909F087FC002887
:1077E0001B4D059E29D007942868805980685E212A
:1077F000415CC069027903680AA80478E4001B1997
:10780000089CDC71521AD1B2002900D0511E049B91
:10781000CAB27F2A059E079C00D319462A6892594E
:107820009268D26912680078C0001018C2790A43C1
:107830002243C27127200A99395409F0B7FC2868FD
:10784000805980680021039A81540BB0F0BDC04676
:10785000E432002001207047F0B583B00C46124995
:1078600009689027C95989684D6889680CC802A8B9
:10787000012600960190284607F03EFF002810D010
:10788000601E8441E00108490968C959896849684E
:1078900002AA1278D2008918CA797F2313401818D7
:1078A000C87103B0F0BDC046E432002070B50C488A
:1078B0000268902152589468227A002A0ED0002241
:1078C00007236468E55C7F262E40E654046864580C
:1078D000A468257A0833521CAA42F2D370BDC04670
:1078E000E432002070B5094D2868902680598068E0
:1078F0005F24015D002905D109F072FC28688059D8
:107900008068015D491C015570BDC046E43200200D
:1079100080B50A4800689021405880685F21415C2A
:10792000002905D002465F32491E1170090600D0B9
:1079300080BD2830002104F0C1FF80BDE43200206A
:1079400010B502684168104607F03AFF01060CD4F2
:1079500028244443002004F00AFE044909689022C8
:107960008958896809680919086210BDE432002045
:1079700003490968902289588968602288547047B1
:10798000E4320020B0B509F0B7F9FF2101810A4CBB
:10799000E17F07220A400121914041740C3009F037
:1079A000A1FB0025A17FE8B2884203D209F082FA48
:1079B0006D1CF7E7B0BDC04658310020F8B501286E
:1079C0002CD101292AD1012A28D11548C07F009045
:1079D00001241421134A20469047134F39689025FB
:1079E000495949689826895908600D48807FC02107
:1079F0000C4A9047396849594968895909680860AB
:107A0000072000990840844008212046054A9047F5
:107A100039684959496889590968C860F8BDC0463C
:107A20005831002051ED0410E432002080B509F0F7
:107A300063F9007AFF38411E884180BD80B508494E
:107A4000096836228A5C920603D53631497BC9061D
:107A500002D409F0FDFB80BD09F044FC80BDC046A6
:107A6000E432002080B50849096836228A5C920613
:107A700003D53631497B890602D409F087FC80BDE5
:107A800009F0DCFC80BDC046E432002080B5084926
:107A9000096836228A5C920603D53631497B09078C
:107AA00002D409F033FD80BD09F07CFD80BDC046E5
:107AB000E43200207FB5044609F01EF90646007A3C
:107AC000FF2812D02568646804F062FBAF21415C96
:107AD000C9070CD1816CA94207D1C16C6140FF205C
:107AE00000068143484248410BE0002009E0F0686D
:107AF000316903AA0123009301922A46234607F025
:107B0000FBFD04B070BDFEE7F0B58BB0044620204D
:107B1000205C2746203700281BD06068408802265A
:107B2000062800D27AE1256841026A6E8A4200D8AE
:107B300074E1E96E00023E38814200D36EE12069B3
:107B4000E86579782846FBF724FB002854D00646E0
:107B500065E109F0D1F80246007A0126FF2800D13C
:107B60005CE1517A002900D058E1079204F010FB43
:107B700006460546AF35207E8107C90F29730122CD
:107B8000104020762660AF20305CC007089209D1F3
:107B9000A069B16C814203D1E069F16C814214D0DB
:107BA00016463BE1A0690590E06906900798C36816
:107BB00001690AA80322009201901846059A069BC3
:107BC00007F09AFD089A0028EAD0287B00280BD0FD
:107BD00008F0A4FD00210122326571655136011DB6
:107BE0000622304604F0FBFA606809F0FBF8002832
:107BF00000D1F7E0089E11E12068069066688130A8
:107C000031460D31032204F0EAFA707A0590B27A17
:107C1000F37A0796307B049006990846AA30E67DF1
:107C20000890C6710E4611020598081819044018EC
:107C3000049909064018B0653878002803D020461A
:107C40001430079B02E0079B18461030294681310B
:107C500005912946B131049100881A7A7221705237
:107C6000AA20FF2131545888410231660620B066AF
:107C70000020089BD87350095872706E401EFCF7A4
:107C80000FF8401E81B2334672339A888A4200D977
:107C90009880079A107A1F210140117230467C307B
:107CA0000390111D0522079304F099FAA069E16978
:107CB000B064F16430468430039907F02DFF3046FC
:107CC0002146FBF76AFA0898007A079908817878C4
:107CD0000690049846780896007808F09BFB079079
:107CE000304608F050F9A96D304608F05BF9059A66
:107CF0001078517809020818917809044118304623
:107D000008F074F96C4800684179304608F020FAB0
:107D100000213046059108F080F929467C31304633
:107D200008F047F9FF21304608F06CF9304608F0BA
:107D3000B9F93046079908F0CBF92E463036089845
:107D4000314608F0B8F9089808F084F8304608F091
:107D500001F8304608F003F8304608F031F83046B4
:107D6000314608F032F808F0D9FC0146304608F0F8
:107D700001F8304607F0DCFF304608F009F83046DD
:107D8000089908F02AF8304608F032F8304607F033
:107D9000EBFF304608F031F8304608F044F8304642
:107DA00008F016F8304607F0F9FF069800280ED0C4
:107DB0000598009096200121079A134607F022FFAC
:107DC0000146304608F01BF8304608F020F8797874
:107DD0002846FBF7CEF97878002827D02068FBF7F3
:107DE000E0F921E0606841880226062916D349029D
:107DF0002268526E8A4211D93A7825460C352946B6
:107E000009F02CFC002809D028680028089E05D01D
:107E10002046FBF7BAF9064600281DD02568022E39
:107E200002D1284608F0A6FB0BB0F0BD206823491C
:107E3000B222825C8275C26D036EC47D012525432A
:107E4000C5754360833B8360C160C16E4908511AA8
:107E5000052204F06DFAE7E726686568287A08903D
:107E6000E07D08F0D7FA05906888069009A809F027
:107E700021FC0998F065059808F08CF9F16D091A54
:107E8000E0680918F16529786978890601D57B21B0
:107E900000E00C2109180898400909F017FC069920
:107EA00009023E39884205D20121079A5172F066D3
:107EB000256846E62568B4E7E43200208A0200001F
:107EC000B0B50024044DA97FE0B2884203D200F08F
:107ED0002FF8641CF7E7B0BD58310020F8B5012831
:107EE00023D1012921D1012A1FD1012B1DD10698AF
:107EF00001281AD10024204604F04AF905464435E9
:107F00000A4FB87F844210D20126E021304606F0A5
:107F10001FFF286008F07FF9F97E304606F018FF51
:107F200029684864C035641CEBE7F8BD583100206F
:107F3000B0B509F0D5FB0446456C0021E02204F001
:107F400052F97821FF206054DC216054656482215D
:107F5000E22902D060540C31FAE7B0BDFEB5002929
:107F60006DD00446813001902646B136656C30787C
:107F700008F050FA074602907678303530462946A8
:107F800008F0D4F83046394608F0D7F8284607F00C
:107F9000E1FE284607F0E3FE284607F011FF2846D9
:107FA000294607F012FF07F0E9FD0146284607F0D1
:107FB000E1FE284607F0BCFE284607F0E9FE284609
:107FC00007F0D2FE284607F034FF284607F025FFC9
:107FD0002846314607F001FF284607F0F9FE2846FB
:107FE00007F006FF606CDC21475C866E384607F0C0
:107FF000CAFF3846314607F0D5FF019A107851780C
:1080000009020818917809044118384607F0EEFF74
:108010000B4800684179384608F09AF80021384644
:1080200007F0FBFF7C343846214607F0C2FF384694
:10803000294608F07BF83846029908F07EF8FEBD24
:10804000E4320020B0B500280ED0401E01240023E9
:10805000E4B20D5DDCB2322D08D00C5D1B195B1C47
:10806000DDB26C1CA842F3D80020B0BD6018811CA2
:10807000082310461A4604F0B2F80120B0BDFEE70E
:10808000B0B505460024204604F082F811380949AD
:10809000897F491C491E0AD055228258C030782356
:1080A000D25CAA42F6D10078800600D40124204692
:1080B000B0BDC04658310020F8B52121415C0029EF
:1080C0001ED084682079012680220F4F3146B847A0
:1080D000009060790621FF252A46B8470746009898
:1080E0000743A079FE223146074B984706463E4398
:1080F000E079022421462A46034B9847304300D1B9
:1081000000242046F8BDC046092D0410FEB5002904
:1081100031D0054608F0A6FEFF2834D0044608F00A
:10812000A1FEFF282CD0064609F0EAFAFF2824D049
:1081300002966E6C0190304608F06DF8B4751648E2
:10814000002783217760B160F760306175620E208F
:10815000B07012483080F07D01210143F175019D1E
:10816000284606F077FFDC217454782175544121AC
:10817000029A42540DE000270BE0304608F058FC0C
:10818000204608F055FCAF20295C80220A432A547F
:1081900002273846FEBDC046541C04100A0A0000DF
:1081A000B0B502462120085C002828D01448C47EBF
:1081B0008B681879A04200D32046516C6E24085574
:1081C000D46D8C651C785D782D022C199D782D045A
:1081D0006419DD782D0664198C66022802D35A7959
:1081E000520200E0126ECA659A79064C54430C663E
:1081F000DA797D2353434B66483109F09DFAB0BDCF
:1082000058310020E2040000B0B5C16E0346B1331E
:10821000426CD46D002C00D1046EC26D4460114CD0
:108220000461114C04800D2484705C788475C47DD5
:1082300001252543C5750D4C25464D432D0A2C19A6
:108240001B78032B01D04B3402E0FF231433E418D6
:108250008460C46040624908511A052204F068F83D
:10826000B0BDC0466C1C0410080A0000710200007A
:10827000F0B58BB00491044687204000215CFF29B3
:1082800040D025180195FF2630460296DE30201892
:10829000039004F040F8206E007805AF1A49398148
:1082A000BE720121B9812978F9720021F9737974BC
:1082B0008006C00F38740499880025189C26A85998
:1082C000001D05902046B430069030204843241805
:1082D000A07D07F049FEB874029801990870A8596A
:1082E00000680A9003980078800701D5FAF706FF26
:1082F000204609F03EFA08F0B5FD05A98873084646
:1083000009F040FA0BB0F0BDFFFF0000F0B58FB0F0
:108310000A9309920F46FF24DC34015D8A08012389
:1083200019469143159D297000263E737E607E7527
:108330000B90006E0096019602933946324609F082
:1083400049FD3868002800D1B6E02E70B87C0228BC
:1083500000D9B1E008960B9D28192946983106915D
:108360001499059146780EA809F0A4F9B87B062166
:108370004143C8B2396809F0A9F9049044080E983D
:108380000D900A988006000E07F004FF201807974A
:1083900039680D9A5118081A0D9070354B208000DD
:1083A0000C900B952F463546002D12D03868001DD5
:1083B00009F0CEFD002809D03C68E0690D99401A0B
:1083C000C117401848400C99884211D33F1D6D1EBB
:1083D000EAE70B9C002E6FD02068817EFF2904D035
:1083E000001D09F0B5FD002806D0241D761EF1E71A
:1083F0000D98E061206202E02468002C5CD02F48D8
:1084000004994843C0097D21090140180B90274673
:108410004B3725465435261D304609F099FD002876
:1084200006D00D98E06120620999079E089A2EE017
:108430000496079EB07C401CC0B2FF21089A03F04E
:10844000B9FE03900A98E870F07B6871B07C401C1C
:108450002871A17E06980068001D0122089B09F082
:1084600081FD0C98039940181C301549A1801549CD
:10847000089AA260E060226161610520A071A46297
:108480000C2204980D9903F053FF089A0999059B53
:10849000EB710B982060AA703A703089288003C96C
:1084A000E0632164002B05D00699C869096A6063FE
:1084B000A16301E06263A2630FB0F0BD710200002E
:1084C00004040000841C0410F0B58BB00546900035
:1084D000281802909C220392805800900C3004913E
:1084E000897E0191296E091D062203F078FE05AFF1
:1084F00000203882F8730220B881FF24BC7214482F
:10850000388187204600A85DF8722846B43006906E
:108510000098001D0590019807F026FDAC55B87431
:1085200003980299085800680A90DE34285D800795
:1085300001D5FAF7E3FD0498001D09F01AF908F0D7
:1085400091FC05A98873084609F01CF90BB0F0BD31
:10855000FFFF0000FEB506462D48006890214058F8
:108560004468FAF79FFB02902A48407F75218900F2
:108570000025655485225200A554A21895716718EC
:10858000FD720121397323469C3319218902196434
:10859000019399647D72FF211171FD710A2800D346
:1085A0000A20012E00D028463872204607F033FEFC
:1085B0002046303007F02FFE029E143608F0AEF849
:1085C000206666669C202058001D2422294603F060
:1085D0000AFE387A002818D0019E7068001D002518
:1085E00024220292294603F0FEFDB068001D2946B0
:1085F000029A03F0F8FD7034387A854205D201CC36
:10860000001D07F008FE6D1CF6E709F0E5FCFEBD55
:10861000E432002058310020F8B5012869D1452006
:108620000091C1000125334A28469047324C216809
:108630009027C95948602826284631462D4A904738
:108640002168C95949689C22885028463146294AE0
:1086500090470099012940D1274C2168C9594968A0
:10866000A02288500126282530462946214CA047C3
:1086700021490968C9594968A422885030462946C9
:10868000A0471D490968C959496888663046294686
:10869000A047194A11681546C9594968C8662C216E
:1086A0003046A0472968C959496898228850002552
:1086B000124E707F0A2800D30A20ECB2A04216D9CD
:1086C00001205C2106F044FB0B490968C95949683F
:1086D000A200891808676D1CEBE707490968CA59A9
:1086E00052689066C859406898210022425009F0AB
:1086F0008FFCF8BD51ED0410E43200205831002009
:10870000F8B517460D460446406E05210170002A53
:1087100006D109F0B9FC4001616E0A7802430A7083
:10872000606E22214170022D009101D0144E00E0B4
:10873000124E012F00D0134E09F0ACFC3718022D59
:1087400001D0284600E00420009909F0ADFC3E1855
:10875000A80025189C27E859314609F0C1FCE859C2
:108760000168891B4A0A8276490CC176E95912319F
:10877000606E0E30162203F032FDF8BD3E0600009A
:108780003E0400003E02000070B504460F20400188
:10879000205C400710D5264646360125204629464E
:1087A00009F0B6FCE06E31780022134609F0DAFBDE
:1087B0002046294609F0EEFC0221204609F0A8FCDB
:1087C00070BDFEE7F0B595B01493054600690C90B6
:1087D0002F4800682C23C05CC007C40E287A139071
:1087E000A88A1190687E0D90A87E0E90287F109028
:1087F000E87E0F90287E0B902878129002D11646C2
:108800000F220BE0234800683623C35C9B063CD54F
:108810003630807AC00638D5164601224E20C04335
:1088200044400A91481E032303432533980883B22A
:10883000194800684069E7B2394603F02FFE002866
:1088400023D004460C9880196B1C09350A990891AD
:1088500009900D9840B20E9949B20B9A00920F9A66
:108860000192109A02920391049011980590139826
:1088700006900795201D1499129A09F0B5FC074837
:1088800060603846214603F065FE15B0F0BDC04675
:10889000CC320020E4320020D032002051490710B1
:1088A000F8B50C4605460F204001085CC00708D00B
:1088B00008F0D8FAFF284AD0A075E07D01210143D5
:1088C000E175A87A002801D0002541E077208000DA
:1088D0002618307940070AD508F0C4FAFF2833D0AB
:1088E0002146463108704878012202434A702746E3
:1088F000703700250095307885420BD208F0B2FA27
:10890000FF2809D002CF8876C87E01220243CA76AA
:108910006D1CF0E7009D1BE02806009D18D1307902
:10892000C10706D0204608F024FF204607F073FC5C
:108930003079072540070BD53034204608F019FF61
:10894000204607F068FC03E0204608F012FF0725E8
:108950002846F8BDF0B589B004460293039105ADF1
:108960000FC5FF26DC3609F069FC07468019049024
:1089700087204000385C06F06DFB0190194D0E9E7B
:10898000022E0FD0200A2840B1088A00BA18E4232A
:10899000D05020022840DC23D0507818852149008F
:1089A00001224254700885007C199C27E059001D63
:1089B00005A909F04BFC0298000A0A4908400199F0
:1089C0004A199065583203980004C009314609F0ED
:1089D00093FCE1590860049A107804210143117056
:1089E00009B0F0BD00FFFF00B0B504460025602DC2
:1089F00004D0601907F0BEFD3035F8E7B0BD70B5A2
:108A000002280CD30C4605460E8801200004801B6A
:108A10002946FBF745F9401C68438019208070BD4A
:108A200070B5F421465A002E10D00546F4356988F9
:108A3000B1420BD14230AA88EC880088214606F06A
:108A4000C0FAA04202D0864200D9688070BDF8B555
:108A50000446FF202830205C002780073FD54920AE
:108A60008000251820462C3081780091007802285B
:108A700010D128880126800632D52620214609F00B
:108A800067FC002822D000210F22009809F075FC15
:108A9000002825D10126304609F081FC00281FD08E
:108AA0000246FC3438200F2111542088D080608881
:108AB0009080A0881080E08850802089108100205C
:108AC00090720121009809F071FC04E001211A2242
:108AD000204609F087FCE878FD210140E9703E4618
:108AE0003046F8BD80B50F20014908F0C0FA80BDBE
:108AF000C9B6071010B50446084609F0E1FC014666
:108B00000522204603F06BFB10BDB0B5044606F00D
:108B1000A1FA2C21415C002502290AD12121C9009A
:108B2000401809F0D2FC002803D0204609F0D1FCFF
:108B300005462846B0BD7047B0B5054609F0E8FCCB
:108B40000446284606F086FA05462C20285C0328B1
:108B500003D10020E0702070B0BD20460C30002111
:108B60000A2203F040FB094800689021415848312F
:108B700020461630052203F032FB01202070212010
:108B8000C000281809F0D0FCB0BDC046E432002077
:108B9000B0B5064D2868C93000240A22214603F0EA
:108BA00022FB2868C8214454B0BDC046E4320020EE
:108BB000FEB5044606F04EFA01462120C60088198B
:108BC0002C22895C032908D109F0B3FC00282FD09E
:108BD000204609F0B3FC054631E009F0FDFC002514
:108BE00000282CD0204606F035FA0746204609F02A
:108BF0008FFC029027200197394609F0A9FB0299C2
:108C0000097801291BD1002819D00025284609F030
:108C1000C6FB00280ED0024638200B21115401213A
:108C2000204609F0C3FB0198801909F0D9FC06E041
:108C3000002504E00198801909F076FC01252846FA
:108C4000FEBD01207047704780B50B20034908F036
:108C50000EFA0C20024908F00AFA80BD71A0071034
:108C6000ED180710F0B585B00291FAF7F6FA049006
:108C700000250120039003F03DFB01902E461F4884
:108C800000683421405CF7B287422ED2384606F0A5
:108C9000E1F9002827D00446384609F039FC02469D
:108CA0002C20205C02280ED10498012807D1104600
:108CB00016300C32029909F098FC012813D138467D
:108CC00009F007FC09E0049901290CD103280AD115
:108CD00001989060384609F031FC411E8841290610
:108CE000039D00D10546761CC9E7280604D0122052
:108CF00003F07CFE03F0D6FE05B0F0BDCC320020C0
:108D0000FEB5064687680479204606F0A3F90546B5
:108D1000204609F0A7FC002844D08079042841D1DE
:108D20007802E96C81423DD028462C30029592357C
:108D300039683D2212016B889B019A18EB889A4290
:108D400000D81346184A4A4311463668007802286C
:108D50000BD116481818814207D20191124900938D
:108D6000FAF79EFF009B019938602888F0844B2019
:108D700080001818091A00D2002168892A8A9042B6
:108D800000D310468142029B00D8084682B2A92136
:108D900009018A4200D80846B084012120463246A3
:108DA00009F074FCFEBDC046E2040000BC0B0000EC
:108DB000FEB505680679304606F04CF907463046A0
:108DC00009F050FC002847D08079042844D13C4663
:108DD0009034A88CE18881423ED0E080002130466A
:108DE0002A463B4609F052FC1C4800683621415C8B
:108DF000890631D53630407A40062DD52689A5889A
:108E0000E0880190208802907F8F154800680069F3
:108E1000802126220424234603F040FB00281BD097
:108E2000014606748573019B0373029A827207726E
:108E30000720C8710B2088713E2048710C71300AE0
:108E40004874280AC873180A4873100AC872380A86
:108E50004872802003F07EFBFEBDC046E432002055
:108E6000D032002080B50520014908F000F980BD0E
:108E700049330710F0B589B00024204606F0EAF81F
:108E8000009001200890404800683421405C8442F2
:108E900078D2572080000594604300990D182C204B
:108EA000285CFE210140022969D10121009C204655
:108EB000079109F017FC064600212046019109F0B0
:108EC00011FC411E8841002E0899049100D10490A4
:108ED0002B462846E83003902846E6300290EA33D5
:108EE000089F06931C78F02626400F252540032D69
:108EF0001FD0022D0BD0012D2BD1049800282CD08F
:108F00001320012106F0E4FB069B022525E00398CF
:108F1000008802990988081A0A2343431B480068FD
:108F20000599C9B2A030012209F0E7FB069B032591
:108F300013E0A00611D5049800280CD00598C0B203
:108F400009F042FC002801D0D02626400898069B54
:108F500004E0019802E0D0262640089872B61978FD
:108F60008C4203D12E431E70002102E007990F406E
:108F700039464A1E914162B600270842B2D1059C8B
:108F8000641C80E709B0F0BDCC320020E432002040
:108F9000F8B509F031FC044614480068066EFAF78B
:108FA0009CF90546F0206060307CA073083600967E
:108FB0000027BD4215D00120B840A17B01407E268C
:108FC000F940304604D00098C057012109F020FC38
:108FD000E11920227F238B540B770E7608757F1CB6
:108FE000E7E77F20E07300202081F8BDE432002015
:108FF000BCB50446FAF771F9054601A8694603F0C5
:1090000038F90020854215D0C921215421180F229A
:109010000A71009A02230B730A7201218140227C9B
:109020000A432274401CEDE70120A840217C8143C3
:1090300021746D1C072DF7D9BCBDB0B5054609F0EC
:10904000DBFB0446284609F009FC401EC0B20121A2
:109050008140A27B0A40C2400BD0284605F0FAFFAF
:109060004221405A6189884203D060812089401C96
:109070002081B0BDFEB505462E27C05D09F0BCFBC2
:1090800004460F2020560290E85D134909680E6ED1
:1090900009F0E4FB401EC7B2E019007E0190E42015
:1090A0002956F019027B029803F0F7F8E0732120AB
:1090B000294609F04DF900280DD00120B840A17BC8
:1090C0000140F94007D001987E2804D1122003F016
:1090D0008DFC03F0E7FCFEBDE432002070B50446D1
:1090E00009F08AFB0546204609F0B8FB401EC6B2CF
:1090F0000120B040A97B01402046F1400DD005F091
:10910000A9FF4121445CA8191421405603F0A9F895
:109110000146204607F01CF870BD09F0B3FB70BD96
:10912000F0B587B002930746FF28044605D13C48B6
:1091300000683423C05C471E002400296AD00492D2
:1091400001200690C002039025460597F8B2EEB2C2
:1091500086425FD8304609F04FFB0746304609F09B
:109160007DFB401EC2B206989040B97B0140D140C1
:10917000012938D1049E002E10D00298012815D163
:1091800004997F290ED1BE18307D01907F200121E6
:1091900009F03EFB30750199461A07E07F20F8730D
:1091A000002603E0384609F07BFB064630061AD05D
:1091B000B88806994902014015D00399084012D198
:1091C000002009F0ECF800280DD038210A22425482
:1091D00038600671B88803990843B880122003F0FC
:1091E00005FC03F05FFC6D1C059FAFE7284609F006
:1091F00003FB0646284609F031FB401EC0B20121A0
:109200008140B27B0A40C240012A02D12846FFF7C2
:1092100065FF641CF8B2E5B28542E7D907B0F0BD3E
:10922000CC320020F0B58BB0044609F0E5FA0546D3
:109230000994204609F012FB411ECBB201242246BC
:109240009A40A87B1040D8403ED007930492AE8845
:109250007007089506914DD5288902284AD32B7CA2
:10926000687CA97CEA7C0AAF009001910292039786
:10927000F0B287092846079E31463A4609F01CFBA2
:10928000B84230D00146A819007E7E282BD009981C
:109290000E4605F0DFFE3246032E0DD0032F0BD015
:1092A000A988CB0512D58B069B0F93420ED1422184
:1092B000415AAB898B4216D20AA90F78408F3946A2
:1092C0002B4609F03BFB10E0002785E024024223F7
:1092D000C05AEB881818A8814D4801409007800EAD
:1092E00040182043A8800AA80778FF2F01D100204A
:1092F0002881AE88300519D501270A2209983946F8
:1093000009F05AFBB10511D500280FD1089A106851
:10931000042143560999009101900292384606991A
:109320008840C2B20020394609F066FB0F20089D34
:109330002C5601270A2209983946059209F03CFB70
:109340000028079E2ED1E1B27F292BD0314800683A
:10935000026E905792190423D256831AA34202DC5C
:109360001218A2421EDAC3B2AA1918201056591AAE
:109370004EB27E2833D130460106064612D0002078
:1093800009F00DF800280DD03821059A42540999AA
:109390000091019002950498C2B273B20020014678
:1093A00009F02AFBA888C00416D50127384608F022
:1093B000F6FF002810D03821059A425409990091EF
:1093C000019002950127384606998840C2B20020D4
:1093D0000146034609F010FB38460BB0F0BD012EE4
:1093E0000ADB202151567F29C9D07F28C7D0081A0F
:1093F000C5DBB042C0DBC2E71C2151567F29BAD081
:109400007F28B8D08142B6DC081AB042B3DDB3E79A
:10941000CFFE0000E432002080B50A20014907F0A9
:1094200026FE80BD0D1A07101CB50A46044601A988
:10943000104609F02BFB002800D01CBD01A80078C5
:1094400009F0DAF9C07B20707F2801D000201CBD14
:109450001F201CBD04207047F8B50468007905F092
:10946000F9FD9E21435AA0210546415A8B4200D363
:109470000B46E3809C212846695AA222AA5A9142AF
:1094800000D31146A180A9221201934200D81346AD
:10949000A3812846EB6C144D5D432B0A0093943056
:1094A00008250C2D1FD0082D01D00C2600E0062623
:1094B000A65B3D273F0103889B01DF19B74200D817
:1094C0003E464B239B00F318009EF61A00D200265E
:1094D0008E420F4600D83746BEB2964200D8164696
:1094E0006653AD1CDDE7F8BD71020000FEB5044611
:1094F00005F0B0FD054693204700204609F0B2F87C
:10950000E95DC906CA0F43D02C462C3421780229C4
:1095100006D1017A002900D181798171467A05E06E
:10952000417A002900D181798171067A002E00D11B
:10953000C679C6710429029205D10088012805D098
:109540003846042704E038464F0801E0384606272D
:1095500028180190607D394606F0EFFD042E00D0FA
:109560007608607D314606F0B3FD0020009096201D
:10957000012132463B4606F045FB0146143528469C
:1095800006F03DFC019A1078EF2101401170029A1B
:109590001046FEBD80B50620014907F068FD80BD7C
:1095A0002136071080B505F04BFD0249C16100204E
:1095B00080BDC0460200070770B50D4609F052F89D
:1095C000002814D0044605F03BFD064600210E227B
:1095D000204602F008FE042D01D1284601E00120BA
:1095E000A840E071A071F08B6080B08B20800020DB
:1095F00070BD01010102010201FF0201FF0202022E
:109600000102010101010102FF0201FFF0B587B073
:10961000044605F01FFD054693204700EE1920463D
:1096200009F020F80446EF5D78062B4648D530480F
:1096300000683621415C89063ED53630407A4006C6
:109640003AD5903528890190A8880290E88803903F
:1096500028880490588F059026480068006980216A
:109660002622042506932B4602F018FF069B0028AD
:1096700022D00146019A0274029B837303980873F7
:1096800004988872059808720720C8710B208871A9
:109690003E2048710D71100A4874180AC873039867
:1096A000000A48730498000AC8720598000A4872B4
:1096B000802002F04FFF069B3078BF2101403170BF
:1096C000B80612D5E17903204A0700D501465A8F22
:1096D000A3790091590700D503468020002109F0A5
:1096E000E7F93078DF210140317007B0F0BDC046A6
:1096F000E4320020D0320020F0B589B0019202910E
:10970000044606F01AFB02F006FE0320C043C01C0C
:1097100003AD2881012028826873AA27E05DA87222
:109720002646AA36B07EE87201980490029803900B
:10973000B07C06F019FCA874E05B1449401A411E85
:109740008841E87328732046EC3008F012F8F420C2
:10975000002102912150FF27B77407F083FBA87303
:10976000284608F00FF82046283009F0D7F93C3495
:10977000204609F0D3F9B77602983074307E80071E
:1097800001D5F9F7BBFC012009B0F0BDFCFF0000DA
:10979000F0B589B0044602F0BEFD03AD1F48288134
:1097A0000020019028820120E873FF2002900430FD
:1097B000A881AA20205CA8722646AA36B07EE8724C
:1097C0002046C8300390206D28300490BD27E05D0E
:1097D00006F0CAFBA874E05D07F02AF90298E0558C
:1097E000B07C07F025F9029FB77407F03BFBA87324
:1097F000284607F0C7FF2046283009F08FF93C348F
:10980000204609F08BF9B77601983074307E8007D6
:1098100001D5F9F773FC09B0F0BDC046FFFF0000A9
:10982000B0B5044600250D70006D06F086FA06F00E
:109830001FFAC72007212154606F8560606FC560E3
:10984000606F017A2246C73252785206D20F0A431D
:109850000272606F2146CA310930062202F0BFFC55
:10986000206D3021405C636F083301222946F9F7EF
:1098700021FCB320205C29462A4602F09BFC7B3069
:10988000982160502046983002490181204609F015
:1098900056F9B0BDF9FF0000F8B50446C420FF2119
:1098A0002154A420255A01272F402646C436002FD4
:1098B00004D007F025FF3070FF2822D0A43407F031
:1098C000D1FA2076FF2813D00021E8061AD40D46DD
:1098D00007F0C8FA29466076FF2813D1002F02D07E
:1098E000307806F09AFE207E07F0A2F8072109E002
:1098F0000721002F06D030780C4606F08EFE214658
:1099000000E00C210846F8BDF8B504460226EC2715
:10991000F9F7C8F90546002E14D02868C019014689
:1099200030390978A14204D001462F390978A14283
:1099300003D108F00DFB002806D1472080003F1816
:10994000761EE8E70020F8BD0120F8BD70B50C4692
:109950000546084609F00EF906462046294609F054
:1099600024F98119B4202058002281420AD92346C3
:10997000B4339D794520012D05D080342468A1425F
:1099800001D81960104670BDF0B58DB0099105463B
:109990000BA905911F20087100200A90C0430B906D
:1099A00006F0ECF8074606902E46A03606F0B6FE06
:1099B0000890317F079601200490009028463A468F
:1099C0000A9B09F0FFF8284606F008FABD24285D36
:1099D000317C2A6D049E00961346143309F02EF94B
:1099E000285D059906F0E5FA285DFF2106F00AFBDF
:1099F000B320285C06F00EFD0746285D0590286D13
:109A000003900A99009194203A463B4606F0FAF8F2
:109A10000346009603980599069A09F0D3F8285D45
:109A200006902C6D0A980090962031463A463B46A7
:109A300006F0E8F803460A98009001961434204690
:109A40000699089A09F028F9286D06F0C7F9EC2064
:109A50000C4929520798807CA02168522C46EC348E
:109A6000094820610220A0706068A0602846099D16
:109A7000294609F051F907222046294602F058FCF0
:109A80000DB0F0BD04070000481B04100120704712
:109A9000F0B585B0F9F706F902904D300390002734
:109AA0003C46019703980078874245D202980068A7
:109AB0000519BA20285C0C2601283ED004A92846A6
:109AC000F9F7F8F8002803D00498007A002834D178
:109AD0002846BA30AA211A4A6A520026067038204F
:109AE000285C002804D0A96AA1200022FAF7FEF918
:109AF0004C20285C002804D0E96BA1200022FAF752
:109B0000F5F90498002812D0417A00290CD1856F0C
:109B1000297E002905D0A968A1200022FAF7E6F9DC
:109B20000498AE60EE602E76012109F057F94720C7
:109B3000800024187F1CB5E7019E304605B0F0BDBB
:109B4000FFFF0000BCB50446F9F7ACF84D21415CBD
:109B500000228A424AD247239B0053430568ED18EE
:109B6000AA23EB5A521CA342F3D1BA20285C0C243E
:109B700001283CD001A92846F9F79CF8002803D019
:109B80000198007A002832D12846AA302946BA31F5
:109B900000240C70174901803820285C002804D06C
:109BA000A96AA1200022FAF7A1F94C20285C00281C
:109BB00004D0E96BA1200022FAF798F90198002857
:109BC00015D0417A00290DD1856F297E002905D055
:109BD000A968A1200022FAF789F901980021A9605B
:109BE000E9602976012109F0F9F800E042242046D5
:109BF000BCBDC046FFFF000070B50446FF262836F6
:109C0000805D400701D4002510E005F019FA816855
:109C1000608F00252A4609F0E9F8072801D10125BF
:109C200004E0A0190178FB220A400270284670BDAA
:109C3000F0B589B0039302920691079005F000FAFF
:109C40000446F9F7FEF80590F9F7FBF80546A92058
:109C500006013A4FF9F7FDF8012D0897009604D157
:109C600001283E460AD0364E03E0012806D02920BE
:109C7000C60009F045F9012800D108360496029D76
:109C8000039FF9F7DEF80190F9F7DBF80646F9F7DC
:109C9000E0F8012E07D101283E462F46069D079B7E
:109CA00014D0274809E00128009808903E462F4626
:109CB000069D079B0AD02920C000089009F020F9D2
:109CC000012802D1089808300890079B72B6E682F6
:109CD000A78265822382FB221B200199012911465C
:109CE00000D00146059C012C089C00D00246302083
:109CF0009A42024600D300221B2B034600D3134690
:109D0000049AAA42024600D31A46EB08292B0346BE
:109D100000D31346B942014600D319461B2F024611
:109D200000D30A46B442014600D31146F208292A5C
:109D300000D3084662B609B0F0BDC04690420000AC
:109D400048080000B0B588B0129C0694119C059498
:109D5000109D04950F9D03950E9D02950D9D0195F7
:109D60000C9D009509F0CEF8012C10D1F9F7F2F90D
:109D700009F016FA0748C17A07480068A030074A78
:109D8000052304F0EFFF09F093FAF9F75EFA08B043
:109D9000B0BDC04658310020E4320020F5900710D5
:109DA000F0B585B00446AC20A072A07E81070CD42B
:109DB0000521084234D02046223001784078000244
:109DC000461825462435AE2707E001AD00261022AF
:109DD0002846314602F007FAAD272089B2B2234661
:109DE0002C33294601F0CEFC0C2810D0054607285C
:109DF0000DD0002D0CD1A07E0121014001D00E22FA
:109E0000D743A772F822104009010143A17600252B
:109E10000E2002F0EBFD02F045FE284605B0F0BD35
:109E2000F8210840A0760C25F7E70000F0B587B0D0
:109E30000568A97E0C24CA0600D5A2E0837946797C
:109E40000779002E03D008060CD5832499E04E48EC
:109E500000683222825C920704D53230007C4007D1
:109E600000D58EE080200140A976A87A00280DD088
:109E7000F12800D085E0F80708D101212846049197
:109E80001C4609F021FA2346844229D905932989E1
:109E900000240B22204609F035FA00280AD004904D
:109EA000012009F055FA032806D3049804F0DFFDD9
:109EB000382466E0882464E0A021A9722875E87B34
:109EC0002F210140E973B80703D5A87E2021014363
:109ED000A976002E05980CD006A909F053FA0BE0DC
:109EE000A87E04990843A8762846F9F75DFA044647
:109EF00047E006A809F062FA284609F079FA2248F4
:109F000000683521415C06AA13786A7B35304778B2
:109F100080780091019702900127049E30463946CF
:109F200009F082FA2846314609F09CFA00280CD044
:109F300015480068B121415C8124002921D0B1304D
:109F40002A7D9740B94301701BE0284620303C220F
:109F5000214602F048F906A8007818210140E97569
:109F6000A97BC207920F0A43AA73E97B4007C00F7F
:109F70000843E873304621462A4609F08DFAA120AD
:109F8000A872204607B0F0BDF032002080B501680D
:109F900040684968C97A094A12683223D25C022AA9
:109FA00004D108220A4001D1032080BDE7221143D9
:109FB000C27D0A40C275F9F723FA80BDF032002055
:109FC00080B5C17C491E032911D8C046794409795E
:109FD00049008F4401040A01A521817280BDC17E20
:109FE000491CC17609F06AFA80BD09F09DFA80BD6E
:109FF00080B50146C07C401E032812D87844007901
:10A000004000874401050B01002009F0D9FA80BD0A
:10A01000B5208872C87E401CC87680BD084609F00D
:10A0200083FA80BD1CB50A49096802684068D36993
:10A03000D47E0090601EC3408020184381230340DB
:10A0400008466430E4313C3209F0F8FA1CBDC046E1
:10A05000F03200201CB502684068D17C002402293F
:10A0600006D0032923460CD1AA209072EB2412E0DB
:10A07000D169D37E5B1ED94001230B407F21C943A8
:10A080005B180649096800904C32DBB20846E430A0
:10A09000643109F0D3FA20461CBDC046F0320020DE
:10A0A000BCB50446C07C012821D002281AD004285F
:10A0B0001FD11048016801AD009522463C3223466D
:10A0C0004C3308466430E43109F0E8FAC120A0724C
:10A0D000284609F019FB0849F9F7E2FD208909F043
:10A0E0001FFBBCBDE07E132801D8A42000E0AA20FD
:10A0F000A072BCBDF032002040420F00E0B5026803
:10A100004068D17C022909D1D169D37E5B1ED94038
:10A1100001230B407F21C9435B1800E00023054960
:10A12000096800904C32DBB208466430E43109F033
:10A1300085FA8CBDF0320020FEB5B0C80668BA20A2
:10A14000307000203860E07C02281AD0042837D113
:10A150001C48016802AD009522463C3223464C3330
:10A160000846E430643109F099FAC120307028467D
:10A1700009F0CAFA1449F9F793FD208909F0D0FAD9
:10A18000FEBD10480168E069E27E01920095521E12
:10A19000D040802202438123134022463C320846AD
:10A1A000E430643109F04AFA2C3410222846214662
:10A1B00002F020F838600198132801D8B4203070DC
:10A1C000FEBDC046F032002040420F00B0B500286E
:10A1D00014D00B4D28684221425C0823134343549A
:10A1E000643008492024224601F0F9FF28688430B1
:10A1F0000549224601F0F3FF09F0C4FAB0BDC0469C
:10A20000F03200208FBA0710AFBA071070B50546BC
:10A21000C67D0024300710D5288903F0F7F90028FF
:10A2200001D0102409E0064800684221425C042362
:10A230001343435401200643EE75204670BDC046CB
:10A24000F0320020B0B5044614480268643200259C
:10A250004021284609F0A4FA002803D003F0F6F9BB
:10A26000122519E0E07D60210140602914D02022F0
:10A2700002406421635C012119408A1807D19B21A7
:10A280000840E075204609F09DFA054604E0842563
:10A29000002901D04006F5D42846B0BDF032002098
:10A2A000BCB5134D2A68643200244021204609F0D1
:10A2B00077FA002801D0062417E028684221415C83
:10A2C0009022114201D03A240FE04430102122465E
:10A2D00009F0AAFA2A6810465430009010466430FB
:10A2E00044320146234609F0A9F92046BCBDC046C8
:10A2F000F032002070B50468E67D310708D5057995
:10A30000FE200640208903F081F9E675002800D080
:10A3100070BD002D01D0342000E00420C04304496A
:10A32000096842228B5C03408B5403F08FF970BDA7
:10A33000F0320020F8B500276B4B6C4A3D46186898
:10A340003421405C854200D3CDE01068A421405800
:10A35000002800D1B2E0C4192089002800D1ADE066
:10A36000A07A0146D13905295DD3002800D1A5E0A6
:10A37000FE2800D18AE0A22859D0AA2800D181E085
:10A38000B22854D0B42800D18AE0BA287AD0BF28A5
:10A3900000D189E0F02800D18BE0102800D090E0B7
:10A3A0000121204609F057FA002800D196E0002646
:10A3B000A67209F065FA00284B4B4C4A7ED0642007
:10A3C000205CC0077AD009F067FA484A464B00285B
:10A3D00074D0E079C021014040296FD14448006821
:10A3E0004821405C000769D524894248006880699B
:10A3F0004A2202210B4602F051F83C4A3A4B00280F
:10A400005CD001460420487208220A72CE7188711D
:10A410008C72FF20487182200871200AC8720220C5
:10A4200002F098F848E0204609F03AFA44E0E07D6E
:10A4300001260007304613D52046F8F7E5FF00282F
:10A4400006D0122804D00E2002F0D0FA02F02AFB27
:10A45000E07D60210140603948424841224B234A57
:10A46000E17C022904D1E17B10220A4016091F4A2F
:10A47000002823D0002E21D06420205CC00724D0E7
:10A480004B2023E02046F8F7CFFF15E0642020564C
:10A49000002813D500217422204601F0A4FE0BE011
:10A4A000204609F09FFA07E00021204609F0ABFAA8
:10A4B00002E0204609F0DCFA0C4A0B4B74376D1CA5
:10A4C0003DE72046F8F7B4FF0AE05B20C043A072E6
:10A4D0000E2002F08BFA02F0E5FA01E0F120A07202
:10A4E000014B024AEAE7F8BDCC320020F0320020EE
:10A4F000E4320020D032002010B50446C07D0007B1
:10A500000DD5204609F0F2FA002803D0842806D0A1
:10A51000882805D10E2002F069FA02F0C3FA10BDB6
:10A520000B2100220123204603F0BEF810BD80B5A8
:10A5300002466420105CC00710D1907AAF2809D081
:10A54000A9280CD0AC2816D0A42807D1104609F0B1
:10A5500029FB80BD0121104609F055FA80BD00207D
:10A56000114609F031FB0028F8D00E2002F03EFA27
:10A5700002F098FA80BD1046F8F716FF80BD80B54E
:10A5800003F064F880BD0000FEB5604F604C386891
:10A590000168002900D1B8E004F077FA0546008888
:10A5A00009F056FB0028F2D006463868B021405C1E
:10A5B00000280ED0082100220123304603F074F851
:10A5C00000280ED0FD2800D096E0284604F04FFA6F
:10A5D000DDE76868007A05280CD12846314609F085
:10A5E00059FB284604F043FA0E2002F0FFF902F06E
:10A5F00059FACCE7B17AF12901D000290AD16421B6
:10A60000725C0121114001D10B28DED1002901D05B
:10A610000128DAD1F07D000706D50296019501A840
:10A62000F8F716FFFC28CBD16420305CC00707D1B7
:10A630000296019501A8F8F70FFFFC28C0D122E08F
:10A640006868007A042831D0032837D001281AD14D
:10A65000B07A002803D0FB2847D0F128B5D1308943
:10A6600009F044FB024600200146234609F05EFB48
:10A67000307E810702D503210843307628463146D3
:10A6800009F07AFBD9E72846314609F0C1FBFC28DE
:10A6900003D0862899D0842892D1F07D000794D5E4
:10A6A0000296019501A8F8F7CFFE89E7B07AB6289F
:10A6B0008BD12846314609F04DFCBEE7B07AB2286E
:10A6C00009D0B42807D0B52800D07EE72846314607
:10A6D00008F076FFB1E7F07C022800D075E7386813
:10A6E0004021415C032908D16FE7092100220123A1
:10A6F000304602F0D9FFA0E73868294604F076FA20
:10A700000F2002F073F902F0CDF9FEBDF032002007
:10A710003075000070B505686968097AFD240E2956
:10A7200046D14668F07DC00642D5F07C02283FD174
:10A73000307B02283CD16420305CC007B07A01D164
:10A74000A23800E0B238032832D8012830D030894E
:10A7500009F0CCFA02460024164B2046214609F0A7
:10A76000E5FA154800684821405C400620D5368946
:10A770006868457A11480068806902214C220323E9
:10A7800001F08CFE002813D0014686720420487226
:10A790000A2008720024CC71052088710D73FF20F7
:10A7A000487182200871300AC872022001F0D2FE7E
:10A7B000204670BD30750000E4320020D032002009
:10A7C00080B50146006849684268127A0D2A0FD0A8
:10A7D0000C2A15D18A7A10231343FF22B22B18D1E9
:10A7E0006423CB5CDB07CB7D0CD19B060CD410E043
:10A7F0008A7A10231343BB2B0AD109F03BFC05E0F6
:10A80000FC2206E05B0604D409F072FC024600E07C
:10A81000FF22104680BD000010B501460068426866
:10A82000127A931EFC22092B2BD849687B441B7992
:10A830005B009F44040A142626262626261A8A7AB6
:10A84000A12A1BD109F0BAFC16E08A7AA22A17D0F5
:10A85000A42A15D0A52A11D109F0B6F90CE08A7AFC
:10A86000A62A0BD109F0F4FC06E08A7AF12A01D07D
:10A87000002A03D109F064FD024602E0FD2200E057
:10A88000FF22104610BD0000F8B52920C1000124A8
:10A890001F4D2046A8471F4E30601F4FF87A742185
:10A8A000A8473168A422885009F0AAFD2821204633
:10A8B000A8473168AC228850F87AC01CC0B2411C4D
:10A8C000164D2846224602F0CBFB31688862F87AA2
:10A8D000C01CC1B20222284602F0C2FB3168C86225
:10A8E000084602F0F5FE09F097FD30684221002588
:10A8F00045544021032242540949046341634430D2
:10A9000010212A4608F090FF2846F8F775FDF8BD9B
:10A9100051ED0410F0320020583100205431002055
:10A9200007100707F8B50120982104F011FA2B4E03
:10A9300030602B4FF87A397B08181424214604F034
:10A9400007FA326800255563D562F97A03462F4627
:10A95000B9420AD01D615F701F703268D36225460C
:10A960007D43451914337F1CF2E7002313631C4A0F
:10A97000127B5218CDB2AA420AD96543FF27475528
:10A9800045192B61697033681D63491C2B46F1E73B
:10A990009006000E411C134C0122204602F060FB81
:10A9A000316808620E4DE87A297B08188006010E8E
:10A9B0000222204602F054FB34686062E87A297B68
:10A9C00008188006010E084A0723204604F0CAF939
:10A9D00009F036FD09F04CFDF8BDC046D832002024
:10A9E00058310020543100205D040710E0B50020EC
:10A9F0000090064B0146024609F03EFD002804D0B7
:10AA0000072001F0F3FF02F04DF88CBD4903071059
:10AA100010B509F05FFD002801D0022400E00124F8
:10AA2000002009F067FD0D49098A25314909491CB3
:10AA3000F9F736F9844204D90820002104F048FED1
:10AA400010BD82B24220002109F062FD002804D02E
:10AA5000082001F0CBFF02F025F810BD583100208E
:10AA6000F0B585B00F4F3868403004F059F904460E
:10AA7000200414D06D46002028703868403004F05F
:10AA800004F80190068803F065FF0146304609F09E
:10AA900071FD0290284609F07FFD641EE8E705B0CD
:10AAA000F0BDC046D8320020F0B5D3B000250C95DB
:10AAB0000B950A950995412082000DAC2046294648
:10AAC00001F091FB257110204490169009A80F9079
:10AAD000204601F0AEFBDC340194012009F02EFE8B
:10AAE00006464EA80C300290494D002E41D03078D9
:10AAF000032839D04EAF3046394609F031FE387C54
:10AB0000102831D1708804A908804EA880893E4958
:10AB1000411805291CD33D494118042903D3292193
:10AB20000902884220D10DAF022404AA38462146EA
:10AB3000A84738462146029AA847002005AA314670
:10AB400009F036FE0598426801883846A8470BE0B0
:10AB50000DAC022704AA2046394609F039FF2046E9
:10AB60003946029A09F034FF304609F065FF06467F
:10AB7000BBE70198828C002A06D00DA82021017124
:10AB80000146E03101F059FB0DA84EAC04AA214664
:10AB900001F057FB05AD1026012328462146324619
:10ABA00009F05EFF1B4F396883312846324601F0B9
:10ABB00021FB00281AD03868833005A9102201F043
:10ABC0000EFB8120400003AD288000950024124B2D
:10ABD00020462146224609F04FFC8020288000951F
:10ABE0000E4B20462146224609F046FC38685C217F
:10ABF000425CFD23134043540B2001F0F7FE01F0AB
:10AC000051FF53B0F0BDC046FFD6FFFF00D8FFFF95
:10AC1000D1490510D8320020C7950710D3950710E9
:10AC2000E0B50021009102200422074B09F024FC2A
:10AC3000002801D0812800D18CBD0B2001F0D6FE68
:10AC400001F030FF8CBDC046ED16071080B509F04D
:10AC500017FF80BD1FB5089C0294079C0194069CB9
:10AC6000009401F02AFA04B010BDBFB502AC237104
:10AC7000099B6380089B23806B4600259D7059705B
:10AC800018701846214609F0FFFE04B0B0BDBFB5EC
:10AC900004466846012505730A9D4581099D058185
:10ACA000089DC580838042800180214609F016FFFF
:10ACB00004B0B0BD80B513460A460146402009F0F5
:10ACC0003BFF80BDE0B56A460023938000930528D2
:10ACD00007D840B204A2105C00226B4609F02CFF9A
:10ACE0008CBD12208CBDC04601020408102000005B
:10ACF00080B513460A460146802009F01DFF80BD3D
:10AD000080B5072805D840B203A1085CF8F749F8D8
:10AD100080BD122080BDC046010204081020408082
:10AD2000F0B58DB007461220FF2F38D0FF2936D05E
:10AD300004A80EC019981899179A169B159C149D73
:10AD400009AEF081B18172813381F480B5801548FC
:10AD5000099008A907AA384609F04CFF00281DD021
:10AD60001398129908AA127809AB521E0124944034
:10AD7000E2B2009101A90DC1384604AB0ECB00F040
:10AD8000B4FC00280BD1084801685D200A5C402310
:10AD900013430B545D310020487000E042200DB099
:10ADA000F0BDC04604000400D4320020F8B50446CB
:10ADB00019480068456D68460026067020090E286F
:10ADC00001D91220F8BD6946204601F027FC002871
:10ADD00005D0204600F094FE002802D0F8BD4220A5
:10ADE000F8BD684604780D4FE1B2B87E401E884237
:10ADF0000CD91422104648432818037C002B05D098
:10AE00000146143101F0EBF9641CEDE714204843CE
:10AE1000281806823046F8BDD43200205831002070
:10AE200080B500F07AFE002800D080BD0649897EFA
:10AE3000064A1268526D10320029F6D000231380A2
:10AE40001432491EF8E7C04658310020D4320020A1
:10AE500080B5042801D9122080BD09F0DDFE80BD37
:10AE6000F0B589B00546084628431224012836D893
:10AE70000E9F072F33D3102F31D80F9810282ED8BC
:10AE8000B8422CD30E461099022928D8019102907D
:10AE900003930492F8F731F8012806D104990229A6
:10AEA0001DD8039A012A07D919E0039A104604997C
:10AEB000084301D0112412E005AC01982073094821
:10AEC000E080029860712771E270A1706670257051
:10AED00009F0B2FE6073204609F0B8FE0446204631
:10AEE00009B0F0BD0707000080B503461220002915
:10AEF00006D0042904D8032A02D8184609F0D0FE47
:10AF000080BD80B5012902D809F038FF80BD12202C
:10AF100080BD000080B5044A914201D9122080BD55
:10AF200009F06BFF80BDC0463F420F0080B5042989
:10AF300001D9122080BD09F079FF80BD1CB502281F
:10AF400001D912201CBD049C009409F08FFF1CBD88
:10AF5000BCB504461220012C0CD8022B0AD80129BA
:10AF600008D8069D102D05D8079800950190204619
:10AF700009F09AFFBCBD80B5012902D809F0E6FFAF
:10AF800080BD122080BDE0B501AB09F0FDFF8CBD96
:10AF900080B50AF02BF8002080BD10B514460722BA
:10AFA0004A43D2B2194623460AF024F810BD80B5B0
:10AFB00094B0012806D803466A46084619460AF0A6
:10AFC00051F800E0122014B080BD80B5012805D8EA
:10AFD0000246084611460AF076F880BD122080BD70
:10AFE00080B50AF083F880BD80B50AF01FF980BDF6
:10AFF00080B50AF045F980BD80B50AF04BF980BDF7
:10B0000080B50AF097F980BD80B50AF0B9F980BD26
:10B0100080B50AF0C9F980BD80B50AF055FA80BD47
:10B0200080B50AF07BFA80BD80B50AF081FA80BD58
:10B0300080B50AF005FB80BDBFB51C4602AB089D7C
:10B040005D801A80099A03920093012322460AF038
:10B0500001FB04B0B0BD1CB5049C00940AF0FAFAE0
:10B060001CBD1CB5059C0194049C00940AF037FBA0
:10B0700000201CBD80B513460A46014600200AF098
:10B0800037FB80BD80B50AF033FB80BD80B50AF088
:10B0900067FB80BDE0B5019004480068493001A914
:10B0A000042201F09CF800208CBDC046E432002050
:10B0B00080B50AF0ABFB80BD80B50AF0B5FB80BD62
:10B0C000B0B586B00C46054601A819460AF0D4FB77
:10B0D000002804D101AA284621460AF0E4FB06B064
:10B0E000B0BD10B504461220002A04D09A4202D8FE
:10B0F00020460AF0EDFB10BDF0B587B007461220E0
:10B10000002A13D01C4615469A420FD80E460D99B8
:10B110000C9A02A80AF0B0FB002807D102A8009000
:10B12000384631462A4623460AF0E0FB07B0F0BD18
:10B1300080B5521C92B20AF0EDFB80BD10B50446FA
:10B140001220002A04D09A4202D820460AF0F0FBCE
:10B1500010BD80B5002A02D00AF016FC80BD122076
:10B1600080BD80B5002A02D00AF01BFC80BD1220F1
:10B1700080BDF0B587B007461220002A13D01C46C8
:10B1800015469A420FD80E460D990C9A02A80AF05D
:10B1900073FB002807D102A80090384631462A46A2
:10B1A000234601F00FFC07B0F0BD70B55400002538
:10B1B000AC4205D05E5BAD1C002EF9D1122070BDF3
:10B1C0000AF0FDFB70BD70B554000025AC4205D0FF
:10B1D0005E5BAD1C002EF9D1122070BD0AF0FDFBA4
:10B1E00070BDBCB51224002A08D0069D002B01D0EA
:10B1F000002D03D000950AF0FEFB04462046BCBD9E
:10B2000010B504461220002903D0002A02D0002BDA
:10B2100000D110BD20460AF0FEFB10BDBCB51224C3
:10B22000002A08D0069D002B01D0002D03D00095E8
:10B230000AF001FC04462046BCBD10B50346148844
:10B240001220002C08D09488002C02D09468002C86
:10B2500002D018460AF0FFFB10BDF8B500910C2192
:10B2600051430026B1420CD09F5B1224002F0CD01A
:10B270009F19BD88002D02D0BD68002D05D00C3669
:10B28000F0E700990AF0F6FB04462046F8BD7CB5CD
:10B290001224002A0AD0079D069E002E01D0002D00
:10B2A00004D0009601950AF0F6FB044620467CBDCA
:10B2B00080B5012A01D9122080BD0AF002FC80BDB0
:10B2C00080B50AF00BFC80BD10B5014612200029A4
:10B2D0000ED04A88002A0BD08C88064B9C4201D1A4
:10B2E0009A4205D10A78042A02D808460AF002FCDC
:10B2F00010BDC046FFFF000080B50AF011FC80BD04
:10B300001CB5059C0194049C00940AF037FC1CBDFC
:10B31000BFB501AC089D2581E380A28061802080BB
:10B3200020460AF069FC04B0B0BDBFB56C460A9D6A
:10B33000A581099D6581089D2581E380A2806180AA
:10B3400020800B990C9A20460AF0D0FC04B0B0BDC6
:10B350007CB504461220002926D0FF2924D8172ABC
:10B3600022D3172B20D3114DAB421DD8079D002DA2
:10B370001AD0069E012E0BD0002E15D1272913D0EE
:10B38000012D11D10120009020460AF007FD7CBD5F
:10B39000402A09D3402B07D3052D05D80120009062
:10B3A000019520460AF090FD7CBDC046FDFF0000DF
:10B3B000F0B589B01227002934D01546172A31D3A9
:10B3C0001C46172B2ED30E4622498C422AD80F99A1
:10B3D000002927D0069108AA079031460AF00AFEF4
:10B3E000002820D1079B10990E9A08A80078012800
:10B3F00012D0002816D10B2A14D8069801283846F6
:10B4000011D10120009001920291184631462A463E
:10B4100023460AF013FE06E0402D03D3402C01D34F
:10B420000F2A02D9384609B0F0BD069805283846DB
:10B43000F9D81F460020012300930192069A029238
:10B4400003910490384631462A4623460AF094FE7A
:10B45000E9E7C046FDFF00001CB5049C009402F023
:10B4600057FA1CBD80B502F037F980BDBCB5044663
:10B470001220402909D3402A07D3044DAA4204D8F8
:10B480000698009020460BF00DF8BCBDFDFF0000B3
:10B4900080B503461220002904D0042A02D8184699
:10B4A0000BF0B0F880BD80B50BF03AF980BD1CB54B
:10B4B000049C00940BF06AF91CBD80B50BF0B0F948
:10B4C00080BD80B50BF0B6F980BD80B50BF0C6F934
:10B4D00080BD000070B5012902D91225284670BD33
:10B4E0000C461549091D00261125052EF6D08A1E89
:10B4F0001288824202D0891D761CF5E708780BF08D
:10B500001DFA012C01D10028E8D00BF061FA0028C7
:10B5100001D00C25E2E70720304001218140F008EE
:10B52000064A12681018027F012C01D08A4300E0FD
:10B530000A4302770025D1E7DE230410E43200201D
:10B5400080B53F2801D9112080BDFFF7C3FF80BD22
:10B55000F8B505460024009469460BF059FA002816
:10B5600003D0842824D0044622E012480068302109
:10B57000405C0007002400281AD5009E0E48006891
:10B58000806902212122032300F088FF00280FD0C8
:10B590000746001D294632460BF066FA0820B871AE
:10B5A0000C207871042038710220394600F0D2FF57
:10B5B0002046F8BDE4320020D032002080B50121C1
:10B5C000002213460BF060FA80BD000080B50A2906
:10B5D00001D9122080BD0B4605490968497F8907BA
:10B5E00004D401210A460BF04FFA80BD0C2080BD27
:10B5F000E432002010B51446012906D822460BF08B
:10B60000E3FA002802D1002010BD12207F21217012
:10B6100010BD10B50C4601462046F7F75AFE00282B
:10B6200001D07F21217010BD80B50BF0E6FA80BDFE
:10B63000B0B50C4605460BF0EFFA022803D12846B8
:10B6400021460BF0EBFAB0BDF0B58FB01D460A9263
:10B650000C460746022001263146F7F747FB002833
:10B6600023D11B9804901A9806901998079018985F
:10B670001799169A159B0893149B099305950BAD82
:10B68000049BEB81069BAB812881E980AA806C80BA
:10B690002F800798688100200096019502900A98F3
:10B6A0000899059A099B0BF0D7FA0FB0F0BD80B549
:10B6B0000BF044FC80BDF0B585B0049315460E46F2
:10B6C0000746012402212046F7F710FB00280AD183
:10B6D0000B980A99009101900294384631462A4607
:10B6E000049B0BF0B9FA05B0F0BDF0B587B0154674
:10B6F0000F4604460F990E9A0D9E0C98FF2C01D010
:10B70000FF2F16D12740FF2F11D114460F46059663
:10B7100006901E46F7F7A1FB012830D1009401974F
:10B7200028463146069A059BFFF7C5FF28E0122000
:10B7300026E004920D460690059301200221F7F7BA
:10B74000D5FA00281CD10021EF222046F7F7DCFAB9
:10B75000002815D100217F223846F7F7D5FA0028B6
:10B760000ED10420688028800096049801900295EC
:10B7700020463946059A069B0BF03CFC00E00C2065
:10B7800007B0F0BD7CB51C460D46064601A80280F8
:10B7900030460BF0E1FC0146320A02200E2A0ED898
:10B7A000FF290CD008460BF0F3FC002801D00C2038
:10B7B0007CBD01AA3046294623460BF0EBFC7CBD3C
:10B7C000B0B50C4605460BF0C7FCFF2805D000209D
:10B7D000294622460BF02EFDB0BD0220B0BD10B5AB
:10B7E00004460BF0B9FCFF2805D081200022214639
:10B7F0000BF020FD10BD022010BD000010B588B078
:10B8000068462021F6F7E2FE00246846202C04D08A
:10B81000001900F01EFD241DF7E7054900F0FDFCAE
:10B82000801C01D0002000E03A2008B010BDC046C6
:10B83000314B0710F0B591B005460F4F3A686432AE
:10B8400000242021204607F0ABFF002801D01F2450
:10B850000EE001AE40223046294600F0C0FC3868B8
:10B860006430064A314600F0DCFCC01C00D11224D2
:10B87000204611B0F0BDC046E4320020094A07104E
:10B8800080B50BF002FD80BD80B50BF013FD80BDCF
:10B8900010B58EB01B9C0D9400240C940B941A9C34
:10B8A0000A94199C0994189C0894179C0794169C58
:10B8B0000694159C0594149C0494139C0394129C68
:10B8C0000294119C0194109C009400F003F80EB0B7
:10B8D00010BD0000F0B589B0009316460F4604462F
:10B8E000012002252946F7F701FA002811D101A805
:10B8F0000470200912240E280AD8F7F7B2FA00289B
:10B9000001D1F8070ED101A84780B805400F02D039
:10B91000204609B0F0BDF80606D4F80710D1380764
:10B92000F6D413E01120F4E7132F13D008203A4681
:10B930008243152A0AD038462843122806D0E7E762
:10B940003D4008203A4602405019E1D1B80601D5E1
:10B95000B807DDD1274601AC201D31460BF0D3FCE2
:10B960000834204600990BF0CEFC0298202801D222
:10B970003846CEE7039920293A4627D3884225D86E
:10B980000E9801A90873400720D00F9801AC60738E
:10B99000F7F753FA617B8142EAD8109801A98873BE
:10B9A0000128E5D8129C119901AD28460F300622D6
:10B9B00000F015FC6C75032CDAD8149C1B9D1398B1
:10B9C0007F2805D11D480068407903E01046A0E7B4
:10B9D00000F043FC01AEB07500F047FC2870F47530
:10B9E000FD2121401120012993D11699159A01AB0F
:10B9F00099765A7600298CD003298AD81A981999F1
:10BA000001AAD07611760429B2D80428B0D801A8AA
:10BA1000012C03D0408810210140A9D1179801A919
:10BA200008770F28A4D8189801A948770128384624
:10BA300000D96EE701A80BF06FFC6AE7E432002042
:10BA400080B50BF073FD80BDFEB514460D4606466D
:10BA500001200221F7F74AF900280BD11221012E0B
:10BA600007D81F48807EA84203D3002E04D0002DA3
:10BA700002D10846C0B2FEBD0191002728463043DE
:10BA8000394607D1002000902946024603460BF0B4
:10BA90008FFD0146FBB2AB420846EBD2029706216E
:10BAA00008465843225C17090E2F16D85B1CDFB2DC
:10BAB000AF4204D24F43E75D9742F7D10DE0201823
:10BAC000438800790090304629460BF071FD029FB3
:10BAD0007F1C00210028DDD0CCE70198CAE7C046D2
:10BAE00058310020B0B5044601200221F7F7FEF8D6
:10BAF0000546002802D10BF0DBFE20702846B0BDC1
:10BB000010B5044601200221F7F7F0F8002800D014
:10BB100010BD2046F7F721FC10BD80B501200221A1
:10BB2000F7F7E4F8002800D080BDF7F712FC80BDDD
:10BB300080B512045118012207F058F980BD80B574
:10BB40000BF0BCFE80BD80B50BF0C4FE80BD80B59F
:10BB50000BF0F0FE80BD1CB5049C00940BF0FBFEC6
:10BB60001CBD80B50BF056FF80BD80B50BF065FFA6
:10BB700080BD80B50BF079FF80BD80B50BF07DFFF7
:10BB800080BDF0B585B01F4616460D4604460BF045
:10BB9000A7FF00280BD103A8C7808680458044708A
:10BBA00000210170029102A901AA0BF0C3FF05B0A8
:10BBB000F0BD0000B0B50C46054601200221F7F7A4
:10BBC00095F8002800D0B0BD0021EF222046F7F7FD
:10BBD0009BF80028F7D1054928460CF015F80028F5
:10BBE000F1D1284621460CF013F8B0BDFCFF00004F
:10BBF000F0B58FB01F4616460D4607900BF070FF4C
:10BC0000002879D1149C0021802220460691F7F764
:10BC10007BF8002870D13948C07EA04201D20720AD
:10BC20006AE0189805901798029016980390159856
:10BC30000490002C3FD0012C01D1019611E0284640
:10BC400000942146F8F72CF80246FF2800D3FF2283
:10BC50000621049C2046F7F757F800280194009C21
:10BC60004AD10121FF2205980092F7F74DF80028EC
:10BC700042D10198C0B20190421E01210398F7F70A
:10BC800043F8002838D103980199091A0A2048433B
:10BC90000599F8F705F80104090E00D000980599F8
:10BCA000012901D1029006E082B202210298F7F741
:10BCB0002BF8002820D10DA8C780868045800799E1
:10BCC0004170047006990C910BAA11700CA90BF02D
:10BCD00031FF002C10D000280ED108A80599017161
:10BCE0000299C17003998170049941700B99017098
:10BCF0000C990A910CF00CF80FB0F0BD58310020EF
:10BD0000F8B514460D460646012702213846F6F7D7
:10BD1000EDFF002800D0F8BD0097002230462946EC
:10BD200023460CF043F8F8BDE0B5002300930CF077
:10BD30003DF88CBDFEB5029315460E46074601241C
:10BD400002212046F6F7D2FF002800D0FEBD009762
:10BD50000194002031462A46029B0CF087F8FEBD74
:10BD60001CB51C46002300910193049B11462246FA
:10BD70000CF07CF81CBD80B50CF0CAF880BD80B515
:10BD80000CF0E6F880BD1CB5059C0194049C009461
:10BD90000CF02FF91CBD80B50CF088F980BD80B582
:10BDA0000CF008FA80BD80B5030A0E2B01D90220E1
:10BDB00080BD0CF07FFA80BD80B50CF095FA80BD97
:10BDC00010B5029C24042018120251181A04891874
:10BDD0000CF0AFFA10BD0000F0B58BB0012801D90E
:10BDE000122016E01C46164601AD2870681C06227B
:10BDF000094B9847E81D102731463A46064B9847AD
:10BE00002846173021463A46034B984728460CF0FF
:10BE100085FB0BB0F0BDC046DFC104101CB5012886
:10BE200001D912201CBD6C462070601C062200F057
:10BE3000D6F920460CF0DAFC1CBD80B50CF052FDA2
:10BE400080BD10B504460CF05BFD2070002010BDD5
:10BE5000BCB5012801D91220BCBD14466D4628701E
:10BE6000681C062200F0BBF90020294622460CF08F
:10BE700051FDBCBDBCB5012801D91220BCBD144682
:10BE80006D462870681C062200F0A9F90120294699
:10BE900022460CF03FFDBCBD80B5012802D800F061
:10BEA0005FFF80BD122080BD80B5411E0909E029D9
:10BEB00003D80CF071FD002080BD122080BD80B53C
:10BEC00003461220012B04D8012A02D818460CF090
:10BED0008BFD80BD80B50246030912200E2B04D8CD
:10BEE000032902D810460CF0ADFD80BD70B5144694
:10BEF0000D46064601200221F6F7F8FE002800D084
:10BF000070BD2846314622460CF0C8FD70BD80B594
:10BF100001200221F6F7EAFE002800D080BD0CF0D7
:10BF2000F1FD80BDFEB51C4615460E4607460120B4
:10BF30000221F6F7DBFE002800D0FEBD0A98099921
:10BF4000089A009201910290384631462A462346CB
:10BF50000CF0E6FDFEBD80B501200221F6F7C6FE1D
:10BF6000002800D080BD0CF059FE80BD10B50446FD
:10BF700001200221F6F7BAFE002800D010BD2046AD
:10BF80000CF06DFE10BDB0B5044601200221F6F79D
:10BF9000ADFE0546002802D10CF081FE2070284637
:10BFA000B0BD70B514460D46064601200221F6F7D5
:10BFB0009DFE002800D070BD2846314622460CF078
:10BFC00073FE70BDB0B50C46054601200221F6F7A0
:10BFD0008DFE002800D0B0BD284621460CF097FE0B
:10BFE000B0BDF8B51C4615460E4607460120022195
:10BFF000F6F77CFE002800D0F8BD384631462A46C8
:10C0000023460CF09FFEF8BDF0B585B002931746AD
:10C010000E460446022001252946F6F767FE002851
:10C0200009D10A9903AB9F801C705E80009502982D
:10C030002A460CF0DFFE05B0F0BD7FB50D46044684
:10C04000022001263146F6F751FE002808D101A84A
:10C050008672457204720021029101910CF066FF14
:10C0600004B070BDF8B51C4615460E4607460120C3
:10C070000221F6F73BFE002800D0F8BD002000901A
:10C08000384631462A4623460CF0B4FEF8BDFEB5CC
:10C090001D4614460F46064601200221F6F726FEED
:10C0A000002800D0FEBD68460021817247720672EA
:10C0B000019500940CF03AFFFEBD1FB5089C029458
:10C0C000079C0194069C00940DF034F804B010BD58
:10C0D0001CB5049C00940DF07FF81CBD1CB5059C9C
:10C0E0000194049C00940DF096F81CBDF0B585B049
:10C0F00001920D46064602AF00240C223846214626
:10C1000000F071F8FC700198B8707D703E7002AA62
:10C1100007CA0DF0D9F805B0F0BDF0B585B00093B1
:10C1200015460E46074601AC00211022204600F0BD
:10C130005AF87D2020730098E070A5706670277013
:10C1400001AB0FCB0DF006F905B0F0BDF0B585B031
:10C150001F4616460D46009001AC002110222046D5
:10C1600000F041F80C98A0710B9860710A9820714A
:10C170000E982073E770A6706570009820700D9A75
:10C1800003920299049B01980DF0E4F805B0F0BD0C
:10C19000C021414305480068902280584068982299
:10C1A00080580068006840187047C046E43200209C
:10C1B0007047000080B50DF043F900022721C90047
:10C1C00040180249F7F76CFD80BDC04671020000BF
:10C1D000424A502358431018426A4162704780B562
:10C1E000F7F732FF01BD80B50B0011001A00F6F71A
:10C1F000EFF901BD80B50DF043F902BD7FB5040034
:10C200000D00160068460DF059F968460178217056
:10C2100041782970807830707FBD80B50DF0C2F90B
:10C2200002BD80B50DF055FA02BD80B50DF0EEFAF5
:10C2300001BD80B50DF02CFB02BD80B50DF04AFBB1
:10C2400002BD80B50DF07AFC02BD80B50DF0C5FCD5
:10C2500001BD80B50DF0C9FC01BD80B50DF0DAFC63
:10C2600002BD80B50DF0F6FC02BD80B50DF008FDF5
:10C2700002BD80B50DF038FD01BD80B50DF030FD7B
:10C2800002BD80B50DF02EFD02BD80B50DF03AFD6A
:10C2900001BD80B50DF0D8FF02BD80B50DF0D8FD11
:10C2A00002BD80B50DF03CF902BD0E4841680E4A52
:10C2B00011600B490068C86600200860704780B5AF
:10C2C0000A490968891C8906890E80220A430449A3
:10C2D0000A600749FFF77CFF01BD0000DC00002079
:10C2E000A41500609C320020940050489016006015
:10C2F0002941767180B50EF087FB04BD80B50EF044
:10C300008FFB02BD80B50EF094FB01BD80B50EF031
:10C3100085FAC0B202BD80B50EF0FEFAC0B202BD11
:10C3200080B50EF0D3F904BD80B50EF037FB01BD2A
:10C3300010B58161C369002B02D0DB435B1800D4C8
:10C34000C161017841750F210A400275C1688329D6
:10C3500000D88321C160EFF3108472B60EF094FF11
:10C36000084800684078400701D40EF0A9FF84F324
:10C370001088EFF3108472B60EF0C6FF84F31088B5
:10C38000002010BDE832002010B50446016880206E
:10C3900001220EF0C7FFFF20A07110BDF8B50446C2
:10C3A000F6F780FC0546354E3046F7F75DFD34491B
:10C3B000884214D1F7F774FDFF283CD0472189004B
:10C3C000414328684118AA200E524C2000220A54EA
:10C3D00038200A54CA630A648A62CA620AE04721A2
:10C3E0008900414328684118BA20085C012801D11E
:10C3F0000C2541E0B92000250D546079AE22885407
:10C400000E46AE360120F070A079707020880002D0
:10C410000090C867084684300B46B4332779042F50
:10C4200016D8C0467F443F797F00BF4402060B0DFB
:10C430000F00F3210BE007251EE0124FCF67FD210F
:10C44000018406E0F22102E0F02100E0F521018400
:10C45000009F217AE279056045601F609A73D97365
:10C46000217A0170401C093406222146FFF7B7FEED
:10C47000054800684079B0702846F8BDFCFF000010
:10C48000FFFF0000DC050000E43200201CB501AC19
:10C490002046FFF7DAFE20881CBD0000FEB51546D9
:10C4A0000C460646080614D402AA01AF30461946C7
:10C4B0003B460EF069FF00281FD0600634D4029876
:10C4C0008178FC220A4082700199018071800127E5
:10C4D0002BE072B602AA01AF304619463B460EF079
:10C4E00053FF00280BD002998A78FC2313408B70ED
:10C4F000019A0A807280012702E0002703E00027EA
:10C5000062B6002811D172B6A0060AD4104800689D
:10C51000016808220A430260002000F067FA00F078
:10C52000C1FA62B600260AE00027029EF570A0005C
:10C5300060210140B078032202405018B070002FF3
:10C5400004D0002000F052FA00F0ACFA3046FEBDF4
:10C55000D032002080B5400605D48878FC22024005
:10C56000901C887080BD08460EF04BFF80BDE0B582
:10C5700001A8FFF76EFE01988CBDB0B514460D46BC
:10C58000014605222046FFF72AFE601D08222946A3
:10C59000FFF725FEB0BDF0B585B0039106460B9CB4
:10C5A00001940A9F00970EF052FF04900C9D009595
:10C5B000304603993A4623460EF0C6FF281904A9CF
:10C5C0000422FFF70CFE05B0F0BDF0B587B003AC58
:10C5D0000EC4074602900D98051F0C9C611906A811
:10C5E0000422FFF7FCFD0E9E0096ADB23846039F75
:10C5F000394622462B460EF0A7FF00960195029879
:10C600003946049A059B0EF022FF0699884201D014
:10C61000812000E0002007B0F0BD000070B50246A8
:10C620000B48847E0B480068456D1035002003469A
:10C630009C4208D02E78002E08D0AE78964204D0C6
:10C6400014355B1CF4E7234600E001200B7070BD3D
:10C6500058310020D4320020084800685C21415C39
:10C66000CA0606D4890606D45C30C1780120084089
:10C6700070470120704703207047C046D432002025
:10C68000F8B5284A927E12258A4225D9002800D181
:10C69000014614224A4324480068436D99184C7897
:10C6A000A006C60F0020002E02D01027274014D16C
:10C6B000002E02D1082634400FD19E5C4C68888938
:10C6C00021460EF07BFF1949884208D00019817875
:10C6D00048070BD4D42000E02846C0B2F8BD032E92
:10C6E0002846FAD8F1001248C840F6E7032E28463B
:10C6F000F3D8C0467E4436797600B74401060D0172
:10C700000320014005D10846E7E703200140012945
:10C7100006D02B20C043E0E7032001400229F8D1D6
:10C720000020DAE758310020D4320020FFFF00005B
:10C7300000D4D400BCB50D4D28685F21405C800753
:10C7400001D40C240FE06C4620460EF04FFF20462B
:10C75000F6F75BFB0446002805D128686630694679
:10C760000622FFF73CFD2046BCBDC046D432002067
:10C7700070B50346002900D10A4629480068416D7A
:10C78000012B0CD114235343CA5C012A33D0022A53
:10C790003ED1CA1894780420204390703AE01423C4
:10C7A0005343C9188E1C8978890721D50024214656
:10C7B00000F084F81B4800684721405CC00717D090
:10C7C0001948006880694622022529462B46FFF752
:10C7D00065FE00280CD001468571C4710472FF20EB
:10C7E000487182200871042048722846FFF7B2FE83
:10C7F0000020307070BDC9184A788B78134302222C
:10C800001A438A7000210122084B05F076FF70BDA3
:10C81000C8188078C9184A7802438A7070BDC0462B
:10C82000D4320020E4320020D032002020BF0200A9
:10C83000B0B502461048006805465A35002908D1AF
:10C84000A97889060024890F14D0697902230B4046
:10C8500010D0002A01D0094B03E07D21C9002B88AC
:10C860004B4301242146224605F047FF6879FD210C
:10C87000014069712046B0BDD432002030750000FF
:10C880007CB50D4C25685C20285C8006800F12D09A
:10C890005C35E878022630400DD101A869460EF0DB
:10C8A000CFFE6978014306D1E8783043E87020680C
:10C8B000012100F003F87CBDD4320020F8B5054614
:10C8C0001220002D1BD00C466A788A4217D92B6A99
:10C8D000195DA14201D10020F8BD17463E46DF5D3B
:10C8E000974201D0A742F9D10020974205D099552F
:10C8F000964202D128460EF0DBFE296A0C55F8BD9F
:10C90000F8B5002916D00E46054609780024C80758
:10C9100020461FD188070FD448070FD408070FD42B
:10C92000C8060FD488060FD448060FD408060FD5C2
:10C9300007200FE012243CE001200BE0022009E078
:10C94000032007E0042005E0052003E0062001E0C5
:10C950000020C04330701848006847214056002826
:10C9600027D516482818032101430D31880883B2C2
:10C9700013480068806902214922FFF78FFD0028D3
:10C9800016D00746001D294632460EF0A5FE0420AB
:10C99000787207203872E81C010AF971B871FF201B
:10C9A00078718220387102203946FFF7D3FD00E00C
:10C9B00007242046F8BDC046E4320020FDFF0300F6
:10C9C000D032002010B58AB001AC638122810922E7
:10C9D000A271A180608020460C300C991422FFF7D0
:10C9E000FEFB20460EF086FE0AB010BD1F2101405E
:10C9F00001228A4072B604490968400980000B5838
:10CA000013430B5062B67047F432002000B58DB06E
:10CA100068467C493422F5F7A3FD68460EF0DCFE3B
:10CA2000002801D00FF034F90DB000BD80B53AE018
:10CA300080B501200FF030F90FF031F901200FF02F
:10CA40002CF901BD80B50DF05BFD01BD80B5002165
:10CA500002202AE080B50FF04AFD01BD80B50FF03D
:10CA60001BFE01BD80B5012110201EE080B510F035
:10CA7000B1F901BD80B5FFF7E9FF01BD80B5FFF752
:10CA8000E5FF01BD80B510F0EBF9FFF7DFFF0121F5
:10CA9000042010F0ADFA10F045FB01BD80B510F098
:10CAA000DCFB01BD80B50121012010F0A1FA01BD20
:10CAB00038B592B0544A0021012010F08CFA534A44
:10CAC0000021022010F087FA514A0021042010F0C2
:10CAD00082FA504A0021082010F07DFA4E4A0021C7
:10CAE000102010F078FA10F0BDFB0025ED430CF09B
:10CAF0002BFDA84201D10FF0CBF8FFF787FF474984
:10CB00004748F5F7F7FFF5F7E5F88020800010F0CB
:10CB10003BFC0FF091FD08A80CF0F9FC414C60695A
:10CB200001280BD1684600BF43A10CC90CC00020EE
:10CB300060612A00072168460FF01CFF0120E168B0
:10CB40008A0001D5052006E04A0001D5062002E052
:10CB50000A0100D50720344C344DC90004D508998A
:10CB60002940A14200D1082016F0D4F908980540C8
:10CB7000A54215D1002007900690119805901098B5
:10CB800004900F9803900E9802900D9801900C98C5
:10CB900000900B9B0A9A09990898C0B216F0CFF939
:10CBA00013B030BD80B510F005FC002002BD80B58B
:10CBB00011001A00029B10F0EBF802BD80B51100C5
:10CBC0001A00029B10F0DAF802BD80B510F0EAF806
:10CBD000002802D0FFF746FF012002BD80B5FFF715
:10CBE00041FF01BD80B5012108205EE701200D490C
:10CBF0004861BFF34F8F0E480E490860BFF34F8F57
:10CC000000BFFDE7C010041031CA041045CA04106B
:10CC100055CA04105DCA04106DCA0410809B002020
:10CC20007C140000040000200000ECBC0000FFFFAA
:10CC30000400FA050CED00E0040E0401030C0000F2
:10CC4000FEB500920291074610480068C46A0026AB
:10CC500001961C2E0DD0A519062228463946FFF74D
:10CC6000C9FA000603D1A8790299884204D0F61DBA
:10CC7000EFE7019C2046FEBD012400980028F9D072
:10CC8000002107222846FFF7AEFAF3E7D43200204E
:10CC9000F8B50446684600250570F6F756FB0028EF
:10CCA00005D06D4620462946FFF7B8FC2D78F6F7EB
:10CCB0004CFB002802D02648837E00E00123142686
:10CCC0007543244F3868416D4C19A57802222A40DB
:10CCD00002D0A41C002525701131DBB2002B0AD034
:10CCE0000C78002C04D00C460F3C2478A40726D4E2
:10CCF0005B1E1431F2E7002A21D000242146FFF701
:10CD0000DDFD154800684721405CC00717D0134877
:10CD1000006880694622022529462B46FFF7BEFBA4
:10CD200000280CD001468571C4710472FF2048713F
:10CD300082200871042048722846FFF70BFC6846E1
:10CD4000007846433868406D801900214174F8BD71
:10CD500058310020D4320020E4320020D0320020AC
:10CD600010B5044616F0E2F9002801D00C2010BDE1
:10CD7000044800689021405880685D214454002098
:10CD800010BDC046E4320020E0B5022801D3FF28E0
:10CD90000DD1002200926B4618700192581C062299
:10CDA000FFF71DFA0199009816F0E0F98CBD1220EA
:10CDB0008CBDB0B594B014466A4608F053F90546E8
:10CDC000002805D169461E3110222046FFF707FAD8
:10CDD000284614B0B0BD0000E0B5034601A901200B
:10CDE00008806A460020108002480068183016F05B
:10CDF000F9F98CBDCC320020F8B5002103910291E5
:10CE00000191009169461022FFF7F4F9414248412F
:10CE100004B080BD80B516F0F9F980BD80B516F07C
:10CE20000FFA80BDBCB50C4605464888001F4880F7
:10CE3000084601F08FFD011F02290CD806281AD0E0
:10CE400005281DD0042811D10420A08128462146A0
:10CE500001F070FE18E03F2808D020385F2805D880
:10CE6000684605700194F6F770F80DE028462146F3
:10CE700016F0FEF90EE02846214616F0FFF903E011
:10CE80002846214616F030FA002803D06188091D93
:10CE90006180BCBD0020BCBDB0B504460188022045
:10CEA00016F046FB0546002802D1204601F0DFFDC2
:10CEB0002846B0BD70B591420ED215460E460446C6
:10CEC000406816F059FB751B606816F0E0FB2818E7
:10CED00081B2204601F02DFF70BDF0B5C3B004460D
:10CEE000008801F05BFD00287CD00546207A0327EE
:10CEF000074028692A460C32022F039208D10028E5
:10CF00002FD011888426042954D30121029131E0C5
:10CF100000284AD06688002E26D00021019104A85E
:10CF2000029020463246029B16F0BDFB28694068FD
:10CF30000090204616F0C0FB0146009816F0C1FB99
:10CF4000A98928693246029B16F0C1FBA88980197D
:10CF5000A88181B2286901F0ECFE039A01986080F3
:10CF600002E02C616088A881108804281BD32869FE
:10CF7000002602960021019100F030FC001D81B2D4
:10CF8000AA898A4216D812D1296948800120FFF760
:10CF900049FF00282DD028698426A04226D1019877
:10CFA000A881286122E0002618E0002602E002980D
:10CFB000002813D0A87810210143A9704220012134
:10CFC00002222B4603F0A8FF2869002806D001F0B2
:10CFD0004EFD00202861039900200880002E05D115
:10CFE000012F03D1204601F042FD0026304643B018
:10CFF000F0BD0198EEE70000F0B585B004468778F3
:10D00000781E0321049108430930800883B2207AF6
:10D010000390208802901148006880690225402210
:10D020002946FFF73BFA002814D0064600970194E2
:10D030000498039A0240301D002702993B4616F0DF
:10D040004FFB357128463146FFF784FA204601F040
:10D050000EFD00E00727384605B0F0BDD0320020B5
:10D0600070B5144605464C430068401E0321014339
:10D070004E1C002130462246FFF7B5F830192860D3
:10D08000304670BDF8B5044616F041FB1C480068F8
:10D09000466B002E32D0374636693889A042F8D127
:10D0A00000257A89E8B2032804D8214616F03EFB11
:10D0B0006D1CF6E72046114616F048FB798920469C
:10D0C00016F05AFB002038810D480068426BBA42C6
:10D0D00005D011461269BA42FBD1103101E0014678
:10D0E00034313A690A607989042903D1C16A396106
:10D0F000C762CEE7016B39610763CAE7F8BDC04676
:10D10000D832002010B506F0A3FD002825D0044633
:10D11000008906F0EBFD0246012000210F4B06F0CE
:10D1200005FE208916F02CFB6420205CC007A07A45
:10D1300004D16030C0B2512804D307E05030C0B2EF
:10D14000402803D80221204616F034FBFE20A072AE
:10D150000E20FFF74BFCFFF7A5FC10BD307500005B
:10D16000F8B5044616F04AFB05461048C07A8542D9
:10D170001BD20F4E30682946FFF7A0FB14276F43E0
:10D180003068C06A0025C553C0190069002809D05D
:10D1900001F06DFC3068C06AC01905613068C06A72
:10D1A000C01985812046F5F7C4FEF8BD583100202E
:10D1B000E032002070470000F8B50E4800680668AD
:10D1C0003078401E30700C49098A25314F097C1C8B
:10D1D000000606D100252846214616F027FB75805B
:10D1E000BC1C0120214616F021FBB088001BB0803A
:10D1F000F8BDC046C832002058310020F8B51E46A0
:10D2000015460F460446C00607D4144800682F216F
:10D21000405CC0061ED5152202E0BF200440052256
:10D220000F4800686107C90E4018006902232146B3
:10D23000FFF734F900280FD0014605728672C771D6
:10D240000420887105224A710871280A4872204614
:10D25000FFF780F90020F8BD0720F8BDE432002078
:10D26000D0320020F8B50F460646104606F0F0FC16
:10D2700000285CD004460546002F0BD00020A87281
:10D2800008340122062E38D129891646062F15D0DA
:10D29000052214E0E87A01210143E972284616F0DC
:10D2A000D5FA002815D0062E03D1E87AF9210140DD
:10D2B000E972E87D000708D5042007E00422022077
:10D2C000002316F0E5FA324617E00220E97A01431E
:10D2D000E972A87AAD2805D0AE2805D0BC2827D1A0
:10D2E000BF2002E0AF2000E0F020A87208340E203A
:10D2F000FFF77CFBFFF7D6FB00226420285CC00709
:10D300000BD1A87EC10605D5EF210140A97641B217
:10D31000002918D4002A19D109E0287EFC210140F7
:10D32000297603210140481E81410A430ED1F8BDF0
:10D33000062EDBD1F128D9D12989022000221346FB
:10D3400016F0A6FAD2E76F210840A876208806F0EA
:10D35000CDFC024601200021014B06F0E7FCF8BDA0
:10D3600030750000F8B50F48006805682878411C42
:10D3700029700D4F398A25314E09741C002809D1B6
:10D380000020214616F0C0FA388A25304009401C9A
:10D390006880B41C0120214616F0B6FAA88800194E
:10D3A000A880F8BDC832002058310020F0B589B0FF
:10D3B000049315460591074606AE08AC3046214653
:10D3C00016F0E2FA2278002000950499019102906B
:10D3D00038460599334616F0FBFA09B0F0BD000057
:10D3E000F8B504460D4E3068C56A2969C1622F88B8
:10D3F000002114222846FEF7F6FE0420688117203B
:10D40000E8802C812F803068416B4563296120467C
:10D4100016F05EFB204616F05FFBF8BDD832002008
:10D42000B0B50C460546002001F0B8FA002805D03A
:10D43000012181800580614261418170B0BD80B56C
:10D44000002A03D00846F5F7D0FC80BDF5F7B5FCFF
:10D4500080BDF0B589B004931746059106460E9C31
:10D46000204616F03DFB0F9D002808D007A8062295
:10D470002146FEF7B4FE06A80122027005E007A8C7
:10D4800006AC214616F080FA2278009704980190A5
:10D49000029507AB3046059916F09AFA09B0F0BD2F
:10D4A000F0B589B015460E4606F0D2FB002870D0C4
:10D4B0000446807ABC2806D1278908A8002101806B
:10D4C00026462C3656E027463437E17D090709D435
:10D4D00020462C3008223146FEF781FE3D70280A96
:10D4E0007870A07A2189029108A900220A80264634
:10D4F0002C36BC283DD025462035F1280FD1E07DC3
:10D50000000736D407AA01922846314616F0F4FAED
:10D51000022201983946FEF76DFE002821D03846D8
:10D520003146224616F01EFB00281AD0029D2846DE
:10D53000FEF755F9207E80070CD0284606F0D6FB72
:10D54000024601200021154B06F0F0FB207EFC2155
:10D5500001402176022003220023294616F098F983
:10D5600017E00D480068083008AA2946334615F030
:10D5700039FE029F03AD002110222846FEF733FE3C
:10D58000227C28463146FEF72AFE38462946FEF719
:10D5900017F909B0F0BDC046CC320020307500004C
:10D5A00080B50B4A12685D23D25C930605D4D3067E
:10D5B0009B0F04D0F5F705FC80BD012080BD1B2327
:10D5C0001A4202D0F5F701FC80BD002080BDC046A4
:10D5D000D4320020F0B581B005464088862400286A
:10D5E00010D0AE68002E0DD000246C602C80274631
:10D5F00034602846314616F0C5FA24367F1C688808
:10D600008742F5D3204601B0F0BD000070B50D494A
:10D6100009683422895C74224A430B490B68A4339D
:10D6200000210C46A2420AD01D682D19EE7DF60796
:10D6300002D02D89854201D17434F3E701210846D7
:10D6400070BDC046CC320020F0320020B0B50C4D89
:10D6500028684224005D9021084200D0B0BDFEF74A
:10D66000CDF8002805D00D20FFF7C0F9FFF71AFA12
:10D67000B0BD2868015D80220A430255B0BDC04696
:10D68000F032002080B50146064800684222825CE4
:10D69000120704D464304022FEF7A1FD80BD06F0DD
:10D6A00071F880BDF0320020F8B51C4613460D46D7
:10D6B0000646052219462B4616F07CFA07468828AE
:10D6C00004D030462946224616F08EFA3846F8BD78
:10D6D0000021016040607047FEB50E460446002000
:10D6E00002900846214601F099F9074602A9204612
:10D6F00016F0B4FA0546002868D122203449085CA7
:10D7000087423AD23421794332480068406B40184E
:10D71000C078112833D1019100250C2228462146DA
:10D7200005F0F0FD00282CD0074640680621017264
:10D730007868029A1279427204223846264B98473A
:10D7400024480068406B01994018028A0821009122
:10D750003846214B98470A21384632461E4B984797
:10D76000009878800520394616F08EFA00280AD0F5
:10D77000384601F07CF9812528E0122526E00C25A9
:10D7800024E0882522E00299062016F0B9FA114813
:10D790000068406B019FC019D021C1701020214644
:10D7A0002A46334600F066F90A4E3068406BC019CD
:10D7B000038A202021462A4600F05CF93068406B3D
:10D7C000C019028A2046294600F080F92846FEBD8D
:10D7D00058310020E03200207DEC0410E0B5022238
:10D7E00001AB15F060FF002801D0002004E001A883
:10D7F000017840780002401880B28CBDF0B585B049
:10D8000016460F46054600200490062204AB284623
:10D8100016F07EFA044600284BD13046294601F026
:10D82000FDF822222449895C1224884241D23246E2
:10D830003426464321490968496B8919C978D0299A
:10D8400037D10392029000240C222046294605F08D
:10D8500059FD002825D0054618480068406B8019FE
:10D86000008A019068680721017268684772062182
:10D870000422134E2846B047082728463946039A03
:10D88000B0470A212846019AB0476F8005202946F3
:10D8900016F0FAF9002806D0284601F0E8F88124AD
:10D8A00007E0882405E0049816F050FA029800F08A
:10D8B000B9F8204605B0F0BD58310020E032002014
:10D8C0007DEC041070B5054606F054FE00281CD00F
:10D8D00004460026F0B2032805D86289294615F0CF
:10D8E00025FF761CF6E709480068426BA24205D086
:10D8F00011461269A242FBD1103101E001463431D8
:10D9000022690A60016B2161046370BDD832002076
:10D91000F0B585B0049314460F46054601F03EF875
:10D92000002828D006463846294601F077F80146F7
:10D930002220394A125C122091421DD2049A012AF7
:10D940001AD832790C20002A16D034234B43334A9C
:10D950001268526B0292D2180392D278112A0BD11C
:10D960000193084616F0FAF90499002906D00399A4
:10D97000498C441A06E0022005B0F0BDA04201D255
:10D980008620F9E720043CD0039400200C2229468D
:10D9900005F0B8FC002824D0054640681621017225
:10D9A000686831794172062104221D4C2846A0473F
:10D9B00023460824284621463A461F4698473B46B8
:10D9C000039FBAB20A21284698476C800520294651
:10D9D00016F05AF9002806D0284601F048F88120B0
:10D9E000CAE78820C8E70D4D2868406B01994018A8
:10D9F000418CC9194184304616F0C6F92868406B3D
:10DA000002900A980199029A51182022049B8B5483
:10DA1000498C01800020AFE758310020E03200201F
:10DA20007DEC041070B5044622201049085CA04229
:10DA30001BD90F4D296830200A5C521C0A5434222D
:10DA4000544330314868001983781B0705D5C378E3
:10DA5000112B02D34B785B1E4B7046890021FEF7D9
:10DA6000C2FB2868406B0019468170BD5831002008
:10DA7000E0320020FEB5019302920E46202805D028
:10DA8000102820D110480768383702E00E48076890
:10DA900040373D68002D16D02C4602212846FFF75E
:10DAA0009DFEED692188B142F4D10299012902D08D
:10DAB00001998842EED13846214601F001F920460D
:10DAC00000F0D5FFE6E7FEBDE0320020FEB5029192
:10DAD000064625480068456D0192002D28D029464C
:10DAE000ED680B88B342F8D1029B012B02D04B8822
:10DAF0009342F2D1476D0B460C338F4209D03C461E
:10DB0000FF688F42FBD1E560002D019A08D10C34EB
:10DB100005E0044654342560002D019A00D1846547
:10DB20000024CC60006D01600F4800680365D4E7F5
:10DB3000C46D0D4D002C16D02746E4693888B042DC
:10DB4000F8D10298012805D0384600F003FF01996A
:10DB50008842EFD128685C30394601F0B1F8384688
:10DB600000F085FFE6E7FEBDE0320020F0B585B0AD
:10DB70000E4604460F884868407A039008213046D4
:10DB8000FFF72CFE05460A213046FFF727FEA17855
:10DB90000026490751D4019402902846394600F0E6
:10DBA0003DFF2221264A515C884236D23425454326
:10DBB000244A1068406B4019008A029C84420399F1
:10DBC0003BD106201446019A16F0E6F82068406B17
:10DBD0004019D021C17043891020002639463246B1
:10DBE000FFF748FF2068406B4019038A2020394620
:10DBF0003246FFF73FFF38463146029AFFF766FF8D
:10DC00002068406B4019039941710721017101207F
:10DC1000FEF7ECFEFEF746FF0FE004AB1D70280A8E
:10DC20005870029898700399019A5171000AD8703F
:10DC30000222384616F0B7F80646304605B0F0BD69
:10DC400058310020E0320020F8B50D460C884968B4
:10DC50004A7A072116F006F9002800D0F8BD0826F8
:10DC600028463146FFF7BAFD07460A212846FFF746
:10DC7000B5FD0090214600F0D1FE2221234A515CDF
:10DC80008842EBD234254543214B1968496B491929
:10DC90000A8ABA42E2D1C978D029DFD11F46FFF7FC
:10DCA000C1FE1C4800684E21405C80071FD51A4801
:10DCB00000688069422150220323FEF7EFFB002811
:10DCC00015D00146009A02738472467204200872CD
:10DCD0000020C87106208871FF20487182200871D9
:10DCE000100A4873200AC8724220FEF733FC3868D5
:10DCF000406B401981780907B0D500892728ADD13C
:10DD000020460099FFF7DEFDF8BDC04658310020DF
:10DD1000E0320020E4320020D0320020F0B591B093
:10DD20000E468178490700D5AEE00C9030880D9002
:10DD30007068477A007A0B9000242046314616F02E
:10DD4000C3F80A2816D10C98477110AC002102259F
:10DD500020462A46FEF747FA0A213046FFF73EFDE5
:10DD6000A070000AE0700D9839462A46234616F046
:10DD70001AF889E0054604940A970821434F304673
:10DD80000391B84709900A213046B84705900C2105
:10DD90003046B84708900E2130460291B8470790A8
:10DDA000102430462146B8470690002D00D00BE0E5
:10DDB0000EAF0097002101220FAB0D9816F0ECF882
:10DDC000411E884185003B780B982221304A515CE6
:10DDD0008B420A9F1BD2002D19D134214B432D4A6F
:10DDE0001268526BD5180223AB700EAD2B784B43E3
:10DDF000D318DC702B784B43D2180699918307997E
:10DE000091820899518205991182099911813946A7
:10DE10000C9A15F0C1FF204800684E21405CC007F5
:10DE200032D01E4800688069422156220523FEF741
:10DE300035FB002828D00146069E0675079D85748F
:10DE4000089B0374099A82730D988872039848722C
:10DE500002980872049CCC710F208871012088758B
:10DE60004F730C73FF20487182200871300A487587
:10DE7000280AC874180A4874100AC8730D98000A52
:10DE8000C8724220FEF766FB11B0F0BDDDD704106A
:10DE900058310020E0320020E4320020D03200204F
:10DEA000F0B589B00F460D8808A90D8079684A7AC7
:10DEB000097A15F0D7FF044600280AD04220E12154
:10DEC000022208AB03F028F8122C00D08CE008A83E
:10DED00005880121102228460591069216F0B8F80F
:10DEE000054622204249085C85427DD2002C0BD198
:10DEF0000120394615F0E8FF064610213846FFF7A5
:10DF00006DFC0490064305D02846FFF78BFD002CDE
:10DF10006AD124E00821374E3846B04701900A21E3
:10DF20003846B04700900C213846B0473246064686
:10DF30000E213846904734226A432F490968496BBD
:10DF40008A18029090830396968200980646508223
:10DF5000019810821121D170508907A908802748A3
:10DF600000684E21405CC10708A800293CD0078802
:10DF7000234800688069422157220623FEF78EFA63
:10DF8000002831D005460F3033466E73AF72039EC2
:10DF900006700097029F6F74049A0271002101912C
:10DFA000297305996975190AA9730099090AE97213
:10DFB000310A4170390AA974110A41712846163094
:10DFC00007A90222FEF70BF9082068720F202872B9
:10DFD0000198E8710698A871FF2068718220287165
:10DFE00042202946FEF7B6FA204609B0F0BDC046E9
:10DFF00058310020DDD70410E0320020E432002048
:10E00000D0320020F0B587B00D4642790E884968BD
:10E010004C7A944232D90590082128460491FFF7A2
:10E02000DDFB069606460A2128460391FFF7D6FB3C
:10E0300007463046069900F093FC22212B4A515C9A
:10E0400088424FD23421414329480068406B401830
:10E05000C178112946D1002F44D0818B254A4A40EE
:10E06000974210D202461C32CE1916802249096806
:10E070004E22895C49070AD404202FE0012C33D1B9
:10E08000012AC8D130E006210171012026E0408933
:10E0900001901A48006880694221512204230293AA
:10E0A000FEF7FCF9002818D00746B0B20090381DE2
:10E0B00006992A46019B15F0F1FF04987872052015
:10E0C00038720020F8710398B871FF2078718220AF
:10E0D000387142203946FEF73DFA0298FEF786FC79
:10E0E000FEF7E0FC0598447107B0F0BD5831002000
:10E0F000E0320020FFFF0000E4320020D032002098
:10E10000F0B59BB0169202461AA8002606709578C4
:10E110000424254003D09079172800D03AE11294C6
:10E120000C9320980D90084608211AAF14900E9277
:10E130003A4615F0C9FF0E9A012414721196967290
:10E140003F785772002D00D0A0E013970B94082160
:10E15000914D1590149C20460691A84707460A2128
:10E1600020460F91A8470A900C2620463146A84722
:10E1700009900E2120460591A84739460890159F21
:10E18000002F079100D195E0129838430428159785
:10E1900000D0BDE000241198C0B2119012941398E1
:10E1A000844200D1B4E06000103081B21498FFF7CF
:10E1B00015FB03461298C0B2119988422BD209224E
:10E1C000002B23D0402B21D310937F2B1ED822204D
:10E1D0007449095C342048437149096800231A4690
:10E1E000984211D04E6BF518EF78002F0AD0F65AEE
:10E1F000169FBE4206D12D8A109EB5420F9D00D0BB
:10E2000015462A463433EBE7130607D0159908065E
:10E2100000D00A4615921398641CC1E70B9AA240DD
:10E220000E9DAB7A1343AB723322D243154634357D
:10E23000A842F0D04B6B9A183726925D002A2A46E6
:10E24000F5D15819468900213422FDF7CCFF5448F6
:10E250000068014630314968169A4A533022835C7F
:10E260005B1E83544819611C817510990182468197
:10E27000079901814C4941800899818309998182DC
:10E280000A9941821298401C1290C4E717200D9DF4
:10E29000294615F081FD049417A80390029712985F
:10E2A000019011980090402216982946134607F0D5
:10E2B00063FF6FE002201590002929D00846FF294E
:10E2C0000E9D26D80A98402805D30999402902D3E3
:10E2D0003248814201D915961BE00898002815960E
:10E2E00017D02F4800683121405C2E49097B0A1A5B
:10E2F000D0B21399814200D80A4681420B9900D8C6
:10E300000021002802D011928F003DE70B201590CC
:10E310000E9D0C980D9C21462A4615F03DFD159842
:10E32000E872224800684E21405CC00732D0204885
:10E3300000688069422156220523FEF7AFF80028C5
:10E3400028D00146089F0775099E86740A9D0574AA
:10E35000079B8373169A8272069848720598087212
:10E360000020C8710F208871139888754C730B9822
:10E370000873FF20487182200871380A4875300AF6
:10E38000C874280A4874180AC873100AC872422050
:10E39000FEF7E0F81BB0F0BDDDD70410FDFF000074
:10E3A000E0320020583100200A100000E432002042
:10E3B000D0320020F0B595B00A9114A90A801A9ABB
:10E3C000194615F04FFD002805D04220E121022218
:10E3D00014AB02F0A1FD0821934C0A9E3046A047E1
:10E3E00005460A213046A04706900C213046A0473A
:10E3F00004900E213046A0470795402D02900FD380
:10E400000246069840280BD388480699814207D8CF
:10E410000498002804D0012A02D0102A00D201E179
:10E42000122413AA0025157008210A98019115F0ED
:10E430004BFE029A0C2A00D9E7E0012191407C4A68
:10E44000114200D1E1E014A80088102115F058FE17
:10E4500013A8057009950DA805810E950D9510AFAF
:10E4600001200B9007980390089505950998A842FC
:10E470006DD00C956800103081B20A98FFF7AEF9A4
:10E48000064600243D463C8000280B9F20D014A85F
:10E490000188304600F064FA2221664A515C8842C5
:10E4A00015D234210B464343634A1268526BD3188A
:10E4B000DB78002B27460BD0414350180621017111
:10E4C0000120FEF793FAFEF7EDFA0B9F00E02746D6
:10E4D00014A800880121102215F0BAFD2221554A06
:10E4E000515C884203D2002F06D0FFF79BFA2F46DB
:10E4F0000C9DBF1C6D1CB9E7342141434E48006898
:10E50000406B4018817809072F46F1D54189089C56
:10E51000E2B252000DAB9952418939801121C1708C
:10E520000499818306998182079941820682018933
:10E53000641C0894272908D18089039989B28142F3
:10E5400000D3039027200590D2E70591D0E73A4801
:10E5500000683121425C089BD21842540598272854
:10E5600007D114A80088039989B2DAB20DAB15F06F
:10E57000F5FD324800684E21405CC10714A800290F
:10E580004AD0048809984600701E032101431531C2
:10E59000880883B22A480068806942215722FDF723
:10E5A0007DFF002838D007460F30079A7A73BC7277
:10E5B000069B0370049D7D740C94029C04710121E0
:10E5C000397309997975110AB9730C99090AF972A5
:10E5D000190A4170290AB974210A41713846163066
:10E5E00010A93246FDF7FBFD019878720F203872B2
:10E5F0000E36300AF871BE71FF20787182203871B2
:10E6000042203946FDF7A6FF06E0044306D014A8D1
:10E610000088102115F074FD15B0F0BD13A8007826
:10E62000099018E70024FCE6DDD70410FDFF000088
:10E63000E419000058310020E0320020E4320020CC
:10E64000D0320020F0B599B00D4617A900240C7106
:10E65000179414A90C81159414948178490700D556
:10E66000ADE01746109011931E9E13AA147004215A
:10E670002846129115F028FD122800D18AE00A9050
:10E680000F963E4608212846FFF7A8F807460A21BC
:10E690002846FFF7A3F80E97402F03D20E9C05469D
:10E6A000374604E04028374603D20E9C05460F9EAD
:10E6B00070E06E4988420F9E04D86D490968498D03
:10E6C000884202D90E9C054664E0059404942346D2
:10E6D00008900C9713A909788C4272D207936000B6
:10E6E00006900C3081B22846FFF778F801460320E7
:10E6F0001290099100294BD022205E49085C0D90B0
:10E700005B4800680B90002214230D9890423DD086
:10E710000B98406BC6183146143909880C9FB942D2
:10E7200004D1311F0988099FB94202D03433521CE9
:10E73000EBE7314611390978112927D131461239D1
:10E740000978090722D50B9531460A3909881291B3
:10E7500014AF0699129D7D5217A90A55C05A049903
:10E7600089B2814200D80490B01E0388059881B216
:10E77000994208980B9D00D80593641C079B5B1C6D
:10E780000D998A420C9F0F9EA4D31BE00C9F0F9EF5
:10E790000E9C089D11983146109A15F0FDFA13A8A9
:10E7A000007814A9AAB2A3B2009301920290039137
:10E7B0001298C2B200213846334615F00FFD19B049
:10E7C000F0BD2346059989B20E9C8C4202D20121EC
:10E7D000129178E71D4604998BB201210022129311
:10E7E0009842084600D3104613AB1B78012B00D883
:10E7F00011460840411E02468A41510000282DD191
:10E800000A9812282AD0EDB217AE089A002D27D008
:10E810003C4630783427474315480068406BC019A0
:10E82000C11C129B9A420CD25E220A700F99417150
:10E83000192101710120FEF7D9F8FEF733F9089A82
:10E8400001E05F2008700A480068406BC0194283ED
:10E850000E990183761C6D1E2746D7E7129198E723
:10E86000002012900F9E0E9C154693E7FDFF0000BE
:10E87000E032002058310020F0B58BB014460E462F
:10E8800008A900270F8109970897109D19462A4665
:10E8900015F0E8FA002857D108213046FEF79EFF10
:10E8A000069022202949095C3420484328490968F8
:10E8B000049707972B460590B8422FD04D6BEA5B23
:10E8C000A24229D1EE19F2785B2A25D108461946D1
:10E8D00023467289079CE5B26D0008AC6253069A24
:10E8E000002A04D01C460B46014605980FE0358BE4
:10E8F000B581728BF2813289272A1C460B4601466C
:10E90000059804D1728A954200D315460495079A5A
:10E91000521C07921122F2703437CDE708A800216B
:10E92000079AD6B2009101910296039001212046E8
:10E93000069A15F053FC049881B2402904D908AB1B
:10E940002046324615F09AFC0BB0F0BD583100203D
:10E95000E032002080B50221FEF740FF80BD0000BC
:10E96000F0B522220B4B9B5C0B4A14680022102549
:10E9700093420BD0666B775B874204D17619103EC9
:10E9800036888E4203D03435521CF1E71A46D0B295
:10E99000F0BDC04658310020E032002070B50B4970
:10E9A000C97A14224A43143209490B6800210D46E2
:10E9B0000C461434A24206D0DE6A755B85422546B9
:10E9C000F7D131191439084670BDC04658310020BE
:10E9D000E0320020F8B5009222230E4CE45C0E4B8E
:10E9E0001A6800230A269C4211D0576BBD5B8542F2
:10E9F0000AD1BF193D460A3D2D888D4204D1FD1F25
:10EA00002D78009FBD4203D034365B1CEBE72346D4
:10EA1000D8B2F8BD58310020E0320020F0B52222F3
:10EA20000D4B9B5C0D4A146800220A25934210D0BE
:10EA3000666B775B874209D1761937460A3F3F8874
:10EA40008F4203D1F61F3678012E03D83435521C7D
:10EA5000ECE71A46D0B2F0BD58310020E032002079
:10EA60000022CA61426811601C314160704780B564
:10EA7000027A110601D5012100E00321520600D5DA
:10EA80000021001F15F00CFC80BD01460068C26922
:10EA90000A60002A00D149600021C161704700006E
:10EAA000F0B5C1B00C4634264643214F3868406B60
:10EAB00080192121415C022908D0012936D1062183
:10EAC000A1816188891E618084622FE01D4602ABAE
:10EAD000019320462946154614F0E5FD3868406B41
:10EAE0008019806A4768204614F0E6FD01463846E2
:10EAF00014F0E7FD0E480068406B8119886AC98CE4
:10EB0000891D89B22A46019B14F0E1FD084800687E
:10EB1000406B8019C18C4919826A5180806A891DB5
:10EB200089B200F006F92046FFF7A1FF41B0F0BD21
:10EB3000E0320020BCB50C46002813D025882046C2
:10EB4000FFF708FF0146284605F014FD002809D00C
:10EB50006088002806D0A1891F2908D801A8018053
:10EB600060680AE02046FFF782FF0020BCBD6068B5
:10EB700001AD2A4600F0BAF8298840180079C1078B
:10EB800004D11B2808D01D2806D009E01E2803D375
:10EB900002210843232803D1204615F095FBBCBD74
:10EBA000204615F075FCBCBD10B5342141430E4A1A
:10EBB0001268526B54182021615C012913D115F0A1
:10EBC000CDF8618C411A00D2002100290BD0012917
:10EBD00001D1022807D8E180162020710120FDF71D
:10EBE00005FFFDF75FFF10BDE03200200268CA613B
:10EBF000002A02D10A461C324260016070470000C0
:10EC0000F8B51C4615460F460646FFF7C7FE002816
:10EC10001BD038463146FFF701FF22210C4A525CD7
:10EC20001221904212D2002D10D034214143094AC2
:10EC30001268526B5218D3780C21112B06D1528ACC
:10EC4000AA4203D32070002100E002210846F8BD4B
:10EC500058310020E0320020074A1268543212680E
:10EC6000002A07D01388834202D153888B4201D0F7
:10EC70000C32F4E710467047E0320020E0B501ABFB
:10EC80001A70120A5A70022214F021FD8CBD000085
:10EC900070B50C460546094806685C363668002E95
:10ECA00009D03088A84204D13046FFF753FEA04275
:10ECB00001D01C36F2E7304670BDC046E03200207D
:10ECC00003688B4209D01A46DB698B42FBD1CB69C2
:10ECD000D361002B07D11C3204E0CA690260002A0C
:10ECE00001D1024642600020C8617047002908D067
:10ECF000002809D08BB2202B04D3006820390B04E4
:10ED0000F6D10021118070470020704710B5002413
:10ED1000C46115F024FC842800D08124204610BD55
:10ED200000210068002802D01C30491CF9E788B295
:10ED3000704780B50A46037A190601D5012100E023
:10ED400003215B0600D50021406815F029FC80BD39
:10ED500080B50A4601460248FEF782F980BDC046EA
:10ED60005431002010B5122400280ED0002A0CD0F7
:10ED70000B2B0AD841700370036A5954491E4B1C6F
:10ED8000FAD3026100240475C061204610BD70B53D
:10ED900004461220002922D0002A20D0FF25F43575
:10EDA0006E1CB2421BD8914219D80499914216D2D6
:10EDB000AB4214D805990A2911D31925ED01A942AE
:10EDC0000DD85B1C53437D229200934207D8002C40
:10EDD00004D0E20A5A4392B28A4200D2002070BDA7
:10EDE00010B500F037F90446002115F015FC8078C5
:10EDF000FF212A31605449208000215A08220A4309
:10EE0000225210BDB0B54588AA0B032A0DD3084A7B
:10EE100091420AD80488022C07D3684280B2214666
:10EE2000F4F73EFF401C60434519A8B2B0BDC04690
:10EE3000FFBF0000024630200129014600D02021FA
:10EE4000012A00D00846704770B511200421FFF751
:10EE50007FFF164D296890268959C96B0968486358
:10EE60002B201349085CC97A0818841C48212046C5
:10EE7000FFF76EFF29688959C96B0A680021916301
:10EE8000002C11D0382214238354C1632A6892596C
:10EE9000D26B1268926B42642A689259D26B1268E4
:10EEA0009063641E4830EBE770BDC046E43200203A
:10EEB00058310020F0B589B00C46014600680F1D9E
:10EEC000E0CF0543354300203D4313D00890079021
:10EED00006900490039002900190074D2A400592FD
:10EEE00005A801AA15F09EFB01982840210A411AA5
:10EEF0004842484109B0F0BDFFFFFF00B0B50146F0
:10EF0000002000291BD00E4A12683423D25C0D4B1E
:10EF10001B6890241B59DB6B5B68002A0FD0B4245C
:10EF20001C590D68AC4204D1B8241C594D68AC4240
:10EF300004D05724A4001B19521EEEE71846B0BD9A
:10EF4000CC320020E4320020F0B581B002798A4250
:10EF500014D9521E0092D3B28B420BD00468CDB2AA
:10EF6000ED006619B768F26867517260491CCAB251
:10EF70009A42F3D100990171012000E0002001B014
:10EF8000F0BD0000F8B50A46014607480068902326
:10EF9000C058C06B006802AB019303AB00932030F4
:10EFA000012315F043FB8FBDE4320020F621415AC6
:10EFB000F630002903D0491E018001207047808867
:10EFC0007047B0B50C4602290AD3851A2846214657
:10EFD000F4F752FE080402D0012D00DA0024641A6E
:10EFE000A0B2B0BDFEB504468020205C00264006DD
:10EFF00024D501252046294615F00EFB074620465C
:10F0000015F057FB022819D1B878272816D1F91C1A
:10F010006E460A223046FDF7E2F8F08800280CD14F
:10F02000423424886D4628462146FFF7EBFE02460F
:10F0300029882046FFF7C5FF05462E463046FEBD0F
:10F040000348006890214058C06B00687047C04674
:10F05000E43200205721890041430448006890228F
:10F060008058C06B406840187047C046E4320020AA
:10F07000F0B589B00446FA20255AE66CFDF73AF956
:10F08000E321625CFE2313406354352109014018DB
:10F0900075436900421872B6616CCB43D21800D434
:10F0A00085E004962722D200A218059222462F322C
:10F0B00008922246423206922246E2320792081A0B
:10F0C000002708214AB2002A0CD4CBB22A469A4023
:10F0D000904202D301269E40BF19821A00D31046E7
:10F0E000491EEFE70799088B4743069A1088C01B13
:10F0F0001080BDB20898807C0978012910D116468D
:10F1000000F0D8FE368808998A7C0023009301908D
:10F1100002932146BC311046324601F049F810E016
:10F1200000F0F0FE25210E1A774308980078381871
:10F1300080B215F0C5FA08990870301880B215F041
:10F14000BFFA089A0146059E049F907C01F00CF8D6
:10F150007D43606C401B6064608D294615F0C0FAE9
:10F16000A26C824204D9121A0D2A00D80D22A26480
:10F17000606E401960664B2080002018616C891A0F
:10F18000E36E5200D3183468A34200D233600A46BB
:10F1900001F00EFB00280AD0079A507801210143A4
:10F1A00051701420FDF722FCFDF77CFC346062B640
:10F1B00009B0F0BDF0B597B004464B208000201890
:10F1C00002F0C6FE21462C3100280291079400D19E
:10F1D00085E0432080002518204615F06AFA0328B0
:10F1E0000AD1288B410707D5002169770422904373
:10F1F0002883204615F07DFA0695204615F08AFAF8
:10F20000002800D1A4E02120C000251802988078B1
:10F210000A90012100262846324615F08AFA074650
:10F2200028463146324615F084FA384300D08FE044
:10F230000021204615F0F0F90646477881780298BB
:10F24000027809910846394615F08AFA002879D0E3
:10F250000698807B04280BD10698007B0999884288
:10F2600076D0012230460A9915F03AFB00286FD17A
:10F27000029802780998394615F052FB002800D10F
:10F28000E5E10221284615F0C5FB00285DD00546C2
:10F29000618FBF1C01203A4604F034F8E86300286F
:10F2A00000D1E8E1478000213A46334614F00FFAD6
:10F2B000099815F0E3FB38216854572080000A991B
:10F2C0004843F249096890228958C96B496808186F
:10F2D000112109014118284615F0DCFB35E048787A
:10F2E000002200282BD004922746B437487D0A908C
:10F2F0008D78284615F0DAFB26467836A06F002870
:10F3000001D015F0F9FB3046FEF7E2F903CF15F016
:10F3100013FC029E7178079C608F15F021FC20463B
:10F3200015F054FC284615F069FC2846F3F729FF30
:10F33000002803D0012030700A987075049AD0B26A
:10F3400017B0F0BD0A98FFF74BFD204615F096FC6C
:10F350002120C0002018039000200490C5431120F4
:10F360000601069F012DE9D0681C0A90388B032105
:10F3700005910840012808D1387FFF2805D0204694
:10F3800015F097F9002800D1DFE00996A419A01E16
:10F3900008900078401E042800D924E178440079C0
:10F3A0004000874402236C95B300572080000299E7
:10F3B00089784143B548006890228058C06B406806
:10F3C000401809994058002800D10CE13821415CCF
:10F3D0000D2900D9D9E001228A40AD490A4200D165
:10F3E000D3E0E11E0A7820211143D0E0079815F000
:10F3F00060F901900A98C6B20122039F384631464F
:10F4000015F097F90546002238463146134615F0A7
:10F410003CFCE71E3978C90600D4E4E001990029D4
:10F4200000D0E0E0002D00D0DDE0002800D0DAE0E0
:10F43000029DA878314615F041FC15F049FC019079
:10F440000121079815F0E8F803463878EF210140CC
:10F450003970A87806223146019DA8473878C1073F
:10F460004FD0C00600D5BEE0059808990870201F4F
:10F47000FF2101700121079815F03BF9B3E00798CF
:10F4800015F017F9032800D0ADE0029FB8780A996B
:10F49000CEB2314615F012FC15F01AFC0546B878CC
:10F4A000002731463A463B46A847251F2870079853
:10F4B000394615F01EF9E01E0078C10721D040063C
:10F4C00000D58DE02878FF2800D187E0042088E06F
:10F4D000079815F01FF9002800D184E00021079D4E
:10F4E000284615F099F801460A98C6B20323284623
:10F4F000324615F0FBFB002875D0E01E0078C107EE
:10F500003CD10398314615F0C3FC6CE00698807E30
:10F51000800768D5029CA0780A99CEB2314615F0D2
:10F52000CDFB15F0D5FB002809D00546A0780722B1
:10F5300000233146A8470398314615F0A9FC069AE6
:10F54000907EFD21014091764DE035460126204612
:10F55000314615F061F8022181704170059A027000
:10F560003A7FC270388B084338832046314615F005
:10F57000C0F8787B30432E46787365E040062FD480
:10F58000201F0078FF282ED128E0E11E09780122F3
:10F590000A43E41E2270002D069A16D0C06B4288E2
:10F5A00000250BAE2946334614F07DF80123079859
:10F5B00031462A4615F09AFB002814D02078C1075E
:10F5C0000AD10A98C1B203989DE702209073507B3C
:10F5D00010210143517306E0400601D4022000E0EF
:10F5E000052008990870069F388B0007079C22D5D4
:10F5F000204615F05EF800281DD100210122039855
:10F6000015F097F8002816D101262046314615F04E
:10F6100003F8072181700221417005990170797FFB
:10F62000C170388B0421014308208143398320466F
:10F63000314615F05EF808980078FE210140022955
:10F6400001D101200490099E0C360A9D8AE6069895
:10F650008078042800D078E60698007809998842D6
:10F6600000D175E6002230460A9915F039F90028D4
:10F6700000D06DE669E60548006890214058C06BEF
:10F680000068816B696485635FE6C046E4320020F0
:10F690004520000070B50546FF262836805DC0076E
:10F6A00001D100240FE0688F002421462246234622
:10F6B00007F0EAF9072801D1012404E0A81901782C
:10F6C000FE220A400270204670BD002070470000F4
:10F6D0001F2202400123934072B68900054A126836
:10F6E000511840098000081881681943816062B68A
:10F6F0007047C046F4320020F0B587B004460806D3
:10F700000D9D52D00195FF20154685430126059396
:10F710000C9B1F460096374003977E421640F2B27C
:10F7200052190692254D059F3A462A401E469D07CE
:10F73000ED173D40049003062B409B1802203040FB
:10F740000290481E0590C8B241080026C8B2C20007
:10F75000A01845680298002801D118480540A05813
:10F760000246049FBA43039F002F01D1384600E0B0
:10F77000C0B282180698904201D1AB4218D0AB4279
:10F7800003D804D10698904201D94E1C01E0481ECE
:10F7900005900598801BC0B2401CC2B2510889195F
:10F7A0008242D3D00020019D04E00021084601E000
:10F7B000019D0098297007B0F0BDC046FFFFFF0013
:10F7C000F0B583B00B4602460E4C20689025405998
:10F7D00081684868896802AE012700970196FFF7A3
:10F7E0008BFF00280BD0206840598068406802A930
:10F7F0000978C9004018C1797F20084000E08020C6
:10F8000003B0F0BDE4320020026841688368C0683C
:10F81000114319430143481E8141084670470000C7
:10F8200070B584B015460A460446002B07D00A98E6
:10F8300082421FD10B98684000021BD11BE009983F
:10F8400008990123002902D006461E4004D1002950
:10F8500011D1022108400ED008480068902141587B
:10F86000C868096903AE009301962B46FFF744FF71
:10F87000002800D1FF24204604B070BDE4320020EF
:10F8800010B50F49096890228A5892685C23D35CAE
:10F89000002B00D010BD13465C33903101241C7046
:10F8A00003685365FF22120640689043096889681F
:10F8B00088651020FDF79AF8FDF7F4F810BDC046F2
:10F8C000E4320020F0B589B0089107902148006823
:10F8D00090210691405880685D21415C00240029F8
:10F8E00035D0017A002932D0029203930E9901910A
:10F8F000002604274168CA19121F12680592C959C7
:10F90000049149004D0E28216943006840180124E4
:10F910000799089A2346FFF7CDFA00280BD1761CE9
:10F920000C480068069940588068017A08378E4272
:10F93000E0D300240BE002980570FF200006049B32
:10F94000D90F83430398059A0CC001980170204693
:10F9500009B0F0BDE4320020F0B585B01D4650C8B6
:10F960000B981D4F33463B4004604360032901D18F
:10F9700020462DE0E0B20390D00713D12A68002082
:10F980009442024604D16A683A409B1A5A425A414C
:10F99000039BFF2B00D02046FD23194218D0002ADC
:10F9A00015D015E00D48006890214158C8680969D4
:10F9B00004AA01230093019222463346FFF79CFEDE
:10F9C000002804D00398FF28D2D1002000E0FF20B7
:10F9D000C0B205B0F0BDC046FFFFFF00E43200201A
:10F9E000F0B583B002920191064614480068902752
:10F9F000C0598168087A00281CD00024072503C953
:10FA0000495D7F220A402821514340181030314679
:10FA1000019A029BFFF74EFA002808D1641C07499F
:10FA20000968C95989680A7A08359442E7D3411EA2
:10FA3000884100E0002003B0F0BDC046E432002061
:10FA4000007C411E884170477FB515460A46044632
:10FA500003A80290089E01960093012021462B46A0
:10FA600015F027FA002E02D07321039A625404B0D5
:10FA700070BD816083328A4200D81146C1607047F0
:10FA800002230374C28100228281816070470123B6
:10FA90000374C280002282800160704780B500211B
:10FAA00003F083F8803080BDB0B50C461549414362
:10FAB0000D0A154988420DD301201070144A002107
:10FAC00028460B4615F0B8FA681A40084018000A94
:10FAD00010490CE0002111700C4A28460B4615F025
:10FAE000ABFA681A4008401800091D21C943414378
:10FAF0002060481900022721C90040180149F4F785
:10FB0000CFF8B0BD710200001F8901001211111160
:10FB10004F1BE8B4D4FEFFFF70B50D460446401CF1
:10FB2000002625223146FCF75EFB3046252E0CD2FE
:10FB300007213140F208AA5CCA40D10703D0C1B204
:10FB400061184E70401C761CF0E7207070BD0000FC
:10FB500080B503480068808A15F088FA80BDC046E9
:10FB6000E432002010B50120FCF701FD044615F039
:10FB70008DFA0028F7D0204610BD0000024800682A
:10FB8000882140587047C046E4320020474A50233D
:10FB900058431018C269FF239A43C9B21143C16187
:10FBA0007047424A502358431018026A120C12043C
:10FBB00089B2114301627047426801239A43CB071F
:10FBC000DB0F134343607047426810239A430901D7
:10FBD00003E0426820239A434901194011434160E0
:10FBE00070474268324B134009028022520005E000
:10FBF0004268304B13404902802292001140194361
:10FC00004160704730B5039B0022002401290BD0CE
:10FC10000D0004D10722012B0DD1B3240CE00229E1
:10FC200002D0032908D1F6E70622012B01D1B52421
:10FC300002E0432400E04124001B801A30BD1E492D
:10FC40000A684F2313404F22904317E01B48016876
:10FC500008220A43026070471848016801220A43DB
:10FC60000260704716480168802291430160704726
:10FC70001348016880220A430260704718430860F5
:10FC8000704783490A687F239A434006400E05E087
:10FC90000B490A68944B13400004EFE710430860D7
:10FCA00070470100A048084070470000DC000020B9
:10FCB000FFFEFFFFFFFDFFFF040000601800006073
:10FCC000C40000208021C90308407047002070470D
:10FCD0008021C90508407047802189040840704789
:10FCE00080218901084070478021C902084070477F
:10FCF00080214902084070478021890308407047ED
:10FD00008021890008407047802109010840704720
:10FD100080210906084070478021C90408407047C7
:10FD200040210840704780214904084070477047CF
:10FD30004168802291434160704780B50021FFF700
:10FD40003BFF01BD4168802252010A434260704777
:10FD50008068704780B51421F2F738FC01BD80B58A
:10FD60000121FFF736FF01BD80B50121FFF72CFF10
:10FD700001BD7047826881607047416880220A43F4
:10FD800042607047C1688022D2050A43C260704752
:10FD9000C168802292040A43C2607047C168802211
:10FDA00012060A43C2607047C1688022D2040A4327
:10FDB000C2607047C168802252040A43C260704723
:10FDC000416804220A43426070470268016070473C
:10FDD00080B50021FFF705FF01BD704780B5012107
:10FDE000FFF7FFFE01BD416840220A4342607047B1
:10FDF00080B50121FFF7E0FE01BD80B51FE0C268BC
:10FE0000120D12050903090B1143C1607047C16847
:10FE1000802252030A43C2607047C16880221204E4
:10FE20000A43C2607047C1688022D2030A43C2609D
:10FE3000704780B541688022D2000A4342600121A8
:10FE4000FFF7D6FE01BD374802688C4B134009020C
:10FE50008B4AFAE07047924A502358431018002901
:10FE6000016803D040220A43026070474022914358
:10FE7000016070478A495022504308180168914A2E
:10FE80000A400260016A904A0A400262704700001C
:10FE9000C40000208D495022504308180168802278
:10FEA00092030A430260016A802292050A430262B9
:10FEB000704700008549502250430818406A704737
:10FEC000824A502358431018C26A120C0A70C26A40
:10FED000120E4A70026B8A70026B120ACA70006BB3
:10FEE0008002800E08717047FFFF00FF77495022A3
:10FEF000504308183830704774495022504308184E
:10FF0000403070477149502250430818C06A80043D
:10FF1000800E70476D495022504309580806C00FA3
:10FF200070470000D000002030DFCB009C495022F9
:10FF3000504308588004800E7047994A5023584314
:10FF40001018C269120A0A60036A1B0613430B6089
:10FF5000006A0004000E48607047914950225043E7
:10FF600008584000400F70478D49502250430858B0
:10FF70004001400F70478A49502250430818C06A18
:10FF8000C006C00E704710B50400502184482200FE
:10FF900050235A438018F2F719FB01212000FFF784
:10FFA0005AFF10BD7E4A502358431018426A4162DE
:10FFB000704710B57A4A502358431018C26A92B25B
:10FFC0000B784C7824021C4323041343C362026B56
:10FFD000920D92058B78CC7824021C430979090490
:10FFE00021438902890A1143016310BD6C4A5023E1
:10FFF00058431018826A120E12060902090A1143A8
:020000041005E5
:1000000081627047664A502358431018826A120270
:10001000120A0906114381627047214A502358434E
:100020001018C26A5F4B13400902FC2292010A4079
:100030001A43C26270471A4A502358431018026884
:10004000584B13400902FC2292010A401A430260F5
:10005000704710B5524A030050246343D218D36945
:10006000DBB20C6824021C43D4614A68120209689E
:10007000090E1143FFF795FD10BD0000FF0000F0D1
:1000800000FFFF0F80B54649020050235A438918EC
:10009000096A8AB2802109021143FFF782FD01BD7E
:1000A000DC0000203E49502250430818016880229D
:1000B0009143016070473A4A5023584310188268B0
:1000C00081607047FFFFDFFFFFFFFFDFDC000020E4
:1000D000334A5023584310180268334B1340090722
:1000E000E022D205B1E738B50A682D4B040050254F
:1000F0006C431B199C699A614968FFF747FD31BD44
:1001000080B52749020050235A438918C969CAB2E9
:1001100080211143FFF73AFD01BD21495022504390
:100120000818016880220A43026070471C4A502365
:1001300058431018426841607047194A5023584389
:1001400010180268194B13400906E022D2047CE71C
:10015000134A502358431018C26A1F239A43C906F2
:10016000C90E1143C16270470D4A502358431018FD
:1001700002683F239A438906890E11430160704744
:1001800007495022504308180168802212024A4051
:1001900002607047042801D19D20704712207047EB
:1001A000DC000020FFC0FFFFFFFFFF8FFFFFFFF815
:1001B000F0B58BB0059317460D4609A9FFF780FEF1
:1001C000119C10980690002818D00495129E0025C6
:1001D0000698A84210D00498039009A8029008A895
:1001E000019007A80090EBB220463946059A14F01A
:1001F00095FF70556D1CEBE730780AE0039509A870
:10020000029000220192009220463946134614F0D3
:1002100085FF0BB0F0BD10B5044600213022FBF77E
:10022000E2FFFF20A07510BDF0B58DB009920A90D5
:100230000120169E3446044002220394002C0890AC
:1002400000D010463240039F00D007460192320989
:10025000089810400890F5087007C00F0C90B00780
:1002600017980B9042D00B9800281FD11398069036
:100270001298059000930A9C204607920291FFF77E
:1002800082FE20460999FFF78DFE20460099FFF770
:10029000ADFE20460299FFF75BFF20460599FFF768
:1002A000BCFE20460699FFF784FE079A740803985F
:1002B000002813D00C98002804D10A980792FFF761
:1002C000F1FE079A0B98002808D10A980792FFF7C9
:1002D000C1FDFF210A98FFF795FE079A0C9820426E
:1002E00004D00A981446FFF718FF22461898099080
:1002F000159C1498069008200640089880190590CF
:100300001543012002900540079500250497BD4242
:100310007ED0681E2E4686410C9846400B980028D9
:1003200002D0002E3ED15FE0AF00E059FFF712FD92
:10033000E059FFF714FDE059FFF742FDE05901468F
:10034000FFF743FD0698C159E059FFF713FDE05947
:10035000FFF7EEFCE059FFF71BFDE0590A99FFF7A4
:100360003CFDE7190998032809D00998012801D113
:10037000002E04D10998022804D1002E02D1386839
:10038000FFF736FD3868FFF7EFFC3868002E1ED007
:10039000FFF74FFD3868FFF740FD39680A98FFF70F
:1003A000C5FE049F0798002830D00898002801D087
:1003B000029801E00298401B03990029294600D0C9
:1003C0000146C8B280002058FFF708FD1EE0FFF785
:1003D00014FD3868FFF727FD3868FFF7DFFC396840
:1003E0000A98FFF768FE049F059800280ED00120A8
:1003F0000899002900D1401B01990029294600D005
:100400000146C8B280002058FFF7E2FC6D1C7EE771
:100410000DB0F0BD801EC0B2032801D3002002E061
:10042000C1000248C840C0B27047C046010406007F
:1004300010B5846FC06FB321405CE1683E3914F0A1
:10044000CDFE0146BC20205CFFF7DCFD10BD7047EF
:100450007CB504460026019668460670164881421F
:1004600000D90126814207D9002A03D00022114673
:10047000164610E0114A89184B1E0022834209D209
:1004800001AA6D46084611462A46FFF70DFB2A7859
:10049000019901E01146104621705301C904C90EAB
:1004A0005918002A01D10A4601E040220A43002ED1
:1004B00000D10A4662707CBDAE5B0F0052A4F0FF13
:1004C000A230002A00D10388807D0B700F22120217
:1004D0001A4000038018000A487070477CB5154622
:1004E00004465E1E00208029024608D301AB6A46FE
:1004F00008461946FFF7D8FA0098C20101983F2133
:100500000D401543257060701F210904000208404A
:10051000022E00D3022671054018000CA0707CBD8D
:1005200010B5FBF7A2FE044614F062FE201840B29C
:1005300010BD80B5C06FAA21405C14F065FE411E5D
:10054000884180BD704700001CB5F3F78DFC084959
:1005500088420BD047218C004443F2F7A3FB00688C
:10056000001901A9F2F7A6FB01981CBD00201CBDD3
:10057000FFFF0000B0B50446EFF3108572B614F02B
:1005800045FE00280FD0204614F05AFE0AF098FECF
:100590000AF0BAFE85F3108820690169002904D0A9
:1005A000606A884701E085F310880020E061B0BDF3
:1005B000FFB50293039241220446805CFF282BD0B2
:1005C000267D0123627D9642009301D89A1B01E0AB
:1005D000B2188A1AA37D22340194D2180024D2B210
:1005E000E7B2974218D2A319DDB28D4200D35B1A4D
:1005F000DBB2834201D0641CF2E702990029019822
:1006000000D00846009BBB400178039A002A01D025
:10061000194300E099430170FFBD80B5FEF71AFD54
:100620002C210022425480BDFEB501920D460646A3
:100630006D20335CF06FB321425CB1880A200292D6
:1006400014F02CFE37466D37BC78002C01D1FB210D
:100650000840C0B20121324614F07EFE0146029BE2
:10066000032B01D100220AE00198002801D00022CA
:1006700000E01422002802D0002C00D0FA78002DCF
:100680000CD1002530460C462946164614F0B7FE1C
:1006900032462146029B002800D005784819401CAC
:1006A000C1B21846FBF786FDFEBD0000FEB5029103
:1006B0000546846FA17CA068E668019171430F181C
:1006C0003220394614F0A8FE029B4208002B04D0C9
:1006D000B81AE16B4018C01E186017466A7A617C30
:1006E000204600F09FF80B494E43320AFF2809D0FC
:1006F00003234343E0694068C0188078019BC01A17
:10070000401C4243794304480818000A8018963870
:10071000FEBDC04671020000530700000248006899
:100720008C2140587047C046E432002003490968D4
:100730004969091A484248417047C046E8320020DA
:10074000F0B585B0039302920E460746427A497C83
:10075000304600F067F83446C834FF2808D003213B
:100760004143F0694068401845788078401C01E0BA
:100770000025012000900A980190B57404A938461C
:10078000FFF794FF0098401BC2B23846314614F080
:100790005AFE6168884200D8084620600498029991
:1007A0004018039908600199086005B0F0BD000089
:1007B000F8B51E4615460F46044601F0C9FB002851
:1007C0001AD0EFF3108272B6154801684869A0424A
:1007D00017D00092A660A761E5611831204614F099
:1007E00057FE20460AF050FD0AF06AFD0AF08CFD23
:1007F000009880F3108802E0A761E561A660002000
:10080000F8BDE0694968081A823003D482F3108881
:100810008620F8BD009214F045FE01480168D9E732
:10082000E8320020007D081A00D28018C1B2054BC2
:100830001B7F934200D31346994201D30020C0434B
:10084000C0B2704758310020F0B58BB000907548A9
:10085000077F8F4200D30F46D86909901D46223585
:100860000024002A264608940394224605930797FD
:1008700006953BD12A786878FF244440144000262E
:1008800002942246D40705D1F4B2BC4202D25208E7
:10089000761CF7E7F0B20890002800D1B7E0DA7DC7
:1008A0007F2414409A7D1219501C002217460446DA
:1008B000401AE5B201228D42F8D20397029A002A2B
:1008C0002246049403D00598027D9219501AC3B2AF
:1008D000AB42049D079F00D80546D4B28C42059BCD
:1008E00000D32A460898029CC440049E5E751A757F
:1008F0000AAB1C70B818441EE0B28842274600D3E9
:10090000671AF5B2D2B2AA4200D82746FAB28A4292
:10091000069D00D34F1E0496BA1B501C0190C0B216
:10092000079C021B00260290A042059800D2324686
:10093000BA1A82750122FFF73BFE0A9828706E7082
:100940000898201A0690099DF7B20698B84214DD5F
:10095000F80029680818089AB218D4B2E200891879
:100960000822FBF73CFC032257436968C81954432B
:100970000919FBF734FC761CE6E7F0B20324444384
:10098000C100099D079EB74212D228684018002670
:10099000082208913146FBF726FC686800190322FB
:1009A0003146FBF720FC0899E41C08317F1CE9E77D
:1009B0000298864200D3019E1B4800683621415CA4
:1009C0008906059C049D1CD53630407B400618D511
:1009D000164800684069A1213D220223FBF75EFD15
:1009E00000280ED0014686724572009808722720B2
:1009F000C871042088713E224A710871A120FBF75A
:100A0000A9FD8020E0750398C0B20BB0F0BDD97D80
:100A10007F200140491C4AB2002A00DA0146D975FC
:100A20000020F1E758310020E4320020D0320020CD
:100A300010B50849C97A81420BD9C108064A126823
:100A40001269535CCC00001BC0B201248440A34354
:100A5000535410BD58310020E8320020F0B58DB05D
:100A60000446954800682C21405CC007C50E6F20E5
:100A7000C6436E40F2F7F8FA9049096836228B5C5B
:100A8000202213403631002866D0002B00D110E11F
:100A9000887BC00763D0002D00D11222A08A0C9061
:100AA000A77DE07D0890608A0B90208A0990A0893C
:100AB0000A902068059060680790A0680690207EE4
:100AC0000390607E0490E589A07E02907C480068D7
:100AD0000069F1B20A23FBF7E1FC002800D1E8E04D
:100AE0000446019707461F37457203982073049800
:100AF000E07202982072280AA07220460D30062566
:100B000005992A466F4B98472046133006992A4686
:100B10006C4B98476B4B2046193007992A469847EB
:100B20002120099921542520089A22542046213059
:100B3000090A41700A99080A787039700B99080AF5
:100B4000787139710C99080A787239720198F871C4
:100B5000201D29212222A2E0002B00D1A9E0887AC1
:100B6000800745D4487AC00700D1A2E00820054399
:100B7000E07D0C90608A0B90208A0990A0890A90F1
:100B800020680890207E0690607E0790E789A07E0E
:100B900005904B4800680069F1B206232A46FBF72E
:100BA0007DFC002800D184E00446054613354772D9
:100BB000069820730798E07205982072380AA07290
:100BC00020460D3006220899FBF709FB0999080A0F
:100BD000A07561750A99080A687029700B99080A4E
:100BE000687129710C986076201D0121132256E04E
:100BF000002D01D01C2200E00D22E07D0A90678AC2
:100C0000208A0B90A0890C9020680790606809905A
:100C1000A0680890207E0590607E0690E589A07E01
:100C20000490274800680069F1B20923FBF736FCFD
:100C300000283ED00446039707461F3745720598A3
:100C400020730698E07204982072280AA072204649
:100C50000D30062507992A461A4B9847204613302F
:100C600008992A46174B9847164B20461930099980
:100C70002A46984721200B9A225425200A9921546C
:100C8000201D21462131120A4A700C9A110A7970EE
:100C90003A70039A110A79713A710A211F220423CA
:100CA00023713E234370E171A271F0B22146FBF73C
:100CB00051FC0DB0F0BDC046CC320020E432002023
:100CC000D0320020DFC10410B0B5856F14F0FEFBF8
:100CD000FF280FD00446C000E96909680818416878
:100CE000A12000220AF01EFB0120A04023216A5C03
:100CF00002436A54B0BD0000044800689021405887
:100D000040689821405800687047C046E43200208F
:100D10000448006890214058406898214058006875
:100D200040687047E43200200649096890228958DB
:100D3000496898228958096849688968C000081874
:100D40007047C046E43200205722920042430748D1
:100D500000689023C058C06B406880180C224A433A
:100D600080181121090140587047C046E432002024
:100D7000F0B585B00491002A30D0144606465720BD
:100D8000870035467D43304614F0C8FB0390144974
:100D9000096890228958C96B486843190C22049D40
:100DA00055435D1911231B01ED58A5420CD1154681
:100DB00004994D4303994919019149790291FE25FE
:100DC00002990D4001994D71049D6A437743C11901
:100DD0008918CA180398214614F0B0FB05B0F0BD7D
:100DE000E4320020B0B5417A827A12025118C27AF8
:100DF00012048918007B00060D1800242046FBF71A
:100E0000C7F97A300A49897F0A4AA1420AD0038881
:100E1000934204D00346223B1B68AB4202D0C03051
:100E2000641CF2E78C4201D30020B0BD0120B0BDAC
:100E300058310020FFFF000010B500242046FBF7CA
:100E4000A7F90749897F491C491E06D0B222825C56
:100E5000C030FF2AF8D1C03810BD204610BDC046B2
:100E600058310020F8B51148006800901048C27A47
:100E7000002004460346904212D2E1B201258D4083
:100E8000DEB200990F69B95D0D420BD0641CE5B26A
:100E9000082D00D15B1C082D00D10024401CEAE77E
:100EA000FF2001E02943B955C0B2F8BDE832002067
:100EB00058310020F8B50546FBF76AF90446476C3F
:100EC0000026C0223146FBF78EF9AC20FF212154C9
:100ED00070200D4A22522046AC3045726764817101
:100EE00021467031094A4A81F143A1657F2181720F
:100EF0002046FFF790F90648208006482061092027
:100F0000A0706462F8BDC046FF0F0000FFFF000044
:100F1000040800003C1C0410F8B50446C0062DD49B
:100F200015460F460093184800686107C90E40181F
:100F30000069511E03220A43093291088BB24222F2
:100F40002146FBF7ABFA00281AD00646C572877215
:100F50000C3000992A46FBF742F9002777720620E9
:100F60003072281D010AF171B071FF20707182206A
:100F7000307120463146FBF7EDFA02E0862700E0AB
:100F800007273846F8BDC046D0320020F0B58BB0F8
:100F9000099308920C460746801C0AA9012200F01A
:100FA0005DFB002500285FD006462046FEF752F87C
:100FB000BB88002B58D0079691214900465AB98A20
:100FC000891B09B2CA138C185440A2B2940B4BD19E
:100FD000109C03947C8A01943C8C04940446423413
:100FE0005D023B7E5B0905932388F31AC46C63435F
:100FF000406C181802900A9800290696009402D5B1
:10100000624382420BD26143471838462946F2F7C1
:1010100047FE81B269437D1A0199081A0BE0171A3D
:1010200038462946F2F73CFE01990818401C411A3F
:1010300089B26943CD1B0399088002984019089929
:101040000860059E3046394600F040FB099C206050
:1010500006980499401A80B20099484329183046EE
:1010600000F034FB2060079D28460BB0F0BDB0B502
:101070000C46850014F070FA00684451B0BD0000C1
:10108000F0B58DB001AC0DC4154801400818401CE6
:101090000C9000240B940A940994089408AD0CAEAB
:1010A0000327284631463A46FBF799F807940694F9
:1010B0000594049404AC284601992246029B13F03F
:1010C000B1FA039D681C21463A46FBF788F8281DB3
:1010D00031463A46FBF783F8012028700DB0F0BD89
:1010E000FFFF3F000021017170470000F0B587B09D
:1010F000049317460A4601462B48006890268059FB
:101100008068C06906AC00970194002502910392A3
:101110002B4613F08BFA0C99059100281ED12178EB
:1011200000291BD10024204614F020FA049900293C
:1011300005D0002805D1012014F018FA01E000289C
:101140002BD01948006880598068C06906A90097AB
:10115000019100230299039A13F068FA00282C46A3
:101160001BD01149096889598968CB691A79002A05
:1011700012D01B68002407255D57002D08D51D7867
:101180007F262E40282575430E6875192726AC55F5
:101190000833641CA242EED10446069805990870F3
:1011A000204607B0F0BDC046E4320020B0B50B4C7D
:1011B0002068902540598068C269016AC161026255
:1011C000086811681279D200FBF709F820684059C5
:1011D0008068C169006A00790871B0BDE4320020FE
:1011E000F0B581B0194C2068902540598068602185
:1011F000415C002921D0017A002919D00026072757
:10120000009501684068C05D7F220240282050435D
:1012100025460C180020FBF7AAF920622C46009DF9
:10122000206840598068017A0837761C8E42E8D3DE
:1012300014F0EEF9206840598068036D28300021D1
:10124000012201F05AFA01B0F0BDC046E43200209C
:10125000F0B585B02149096836228A5C92063BD5F3
:101260003631897A490637D501680491847AC17A82
:101270000191417A0291417B0391057B8788601E31
:10128000032101430D31880883B215480068406985
:10129000A1212922FBF702F900281DD0064607727A
:1012A000847301987073029830730398F072B5726A
:1012B000380A707230460F3004992246FAF78FFFD1
:1012C0000F20F0710834B4713E2070710420307129
:1012D000A1203146FBF73EF905B0F0BDE432002015
:1012E000D0320020F0B587B02649096836228A5CE2
:1012F000920645D53631497BC90641D5016806912C
:10130000847AC17A0491017A0591C788417A019162
:10131000417B0291017B03918588601E032101437B
:101320001131880883B2184800684069A1213B2226
:10133000FBF7B4F8002823D00646477305724474BF
:10134000049830740598F073019830730298F07225
:101350000398B072380AB073280A7072304612309F
:1013600006992246FAF73BFF2520F0710B34B47141
:101370003E20707104203071A1203146FBF7EAF85D
:1013800007B0F0BDE4320020D0320020F0B587B0C5
:101390002849096836228A5C920649D536310B22E3
:1013A0008956002944D5C17B0691C1880491817B6F
:1013B000059101680391417B0191017C029146896D
:1013C00004898788007B00901B48006800698021A1
:1013D0002E220623FBF762F8002829D00546467323
:1013E000C4724772019828740298E87300982872B2
:1013F000300AA873200A2873380AA87228461130C8
:1014000006220399FAF7EBFE0499080A6876297612
:101410000698A8760598E8751820E8711420A87138
:101420003E2068710420287180202946FBF792F83D
:1014300007B0F0BDE4320020D0320020F0B58BB010
:101440003049096836228A5C920658D53631497B84
:10145000890654D5017D0691C17C0791817C089154
:10146000417C0991C17B0A91C1880491817B0591DE
:1014700001680391417B0191017C029147890589B3
:101480008688007B009020480068006980213C220B
:101490000723FBF703F8002831D004464773C572D1
:1014A0004672019820740298E07300982072380AFE
:1014B000A073280A2073300AA07220461130062239
:1014C0000399FAF78CFE0499080A6076217606984B
:1014D000A07707986077089820770998E0760A98AF
:1014E000A0760598E0752620E0711820A0713E20B6
:1014F00060710420207180202146FBF72BF80BB08F
:10150000F0BDC046E4320020D0320020F0B585B0F6
:101510002249096836228A5C92063CD53631897A9E
:10152000890638D5C17B0491C688817B0391016807
:101530000291417B0091017C01914789057B18480C
:1015400000680069802128220523FAF7A7FF0028F8
:1015500021D004464772009820730198E0722572EA
:10156000380AA07220460D3006220299FAF737FE9B
:10157000300A607526750498A0750398E0740E20F3
:10158000E0711020A0713E20607104202071802045
:101590002146FAF7DFFF05B0F0BDC046E432002077
:1015A000D0320020F0B589B02A49096836228A5C19
:1015B00092064CD53631497B090748D5017D049107
:1015C000C17C0591817C0691417C0791C17B08918A
:1015D000C788817B039101680291417B0091017C66
:1015E00001914689057B1C480068006980213A22E8
:1015F0000623FAF753FF002829D0044646720098C4
:1016000020730198E0722572300AA07220460D30D6
:1016100006220299FAF7E3FD380A607527750498E7
:10162000A07605986076069820760798E075089869
:10163000A0750398E0742420E0711420A0713E206E
:1016400060710420207180202146FAF783FF09B0E1
:10165000F0BDC046E4320020D0320020F8B50D467F
:1016600001780124A3034778380203401F2636027D
:10167000064071184B26B000BF0604D4002B13D1CE
:101680001E224A4308E04143002B01D10A4603E0F1
:10169000002A09D0F2038A18110240180C300449BC
:1016A000F2F7FEFA286000E000242046F8BDC046AC
:1016B0007102000010B5044613F0F8FF02480068FC
:1016C00081682160007810BDE832002080B54007B5
:1016D000000F024A105A13F09FFE80BD649207105B
:1016E000C0214143054800689022805840689822F4
:1016F0008058006800684018406C7047E432002051
:1017000010B500242046FDF7A5FC0A4909683422DB
:10171000895C2C30A14207D00278002A06D05722DB
:1017200092008018641CF5E7FF2401E0012101709C
:10173000E0B210BDCC320020F0B51F2202402023C1
:101740009E1A0023DC432546F540401E4009C0B2E6
:10175000042B0DD0002A274600D02F46984226465B
:1017600000D13E46984200D2002640C15B1CEFE704
:10177000F0BD10B50446807DFFF75AF9FF20A07533
:1017800010BD0000F0B5ABB00146C07A0C46209108
:10179000FDF760FC0746FDF753FC179024682220F4
:1017A000215C1F2631402154607D0A90A07B21904E
:1017B000E07B1D90207C1E90607C1F90A07C1A9086
:1017C000E07C1590207D1890A07D0990E07D089028
:1017D000207E1090607E0F90A07E1390E07E12908D
:1017E000207F1490607F119020781B90204622303B
:1017F000457800F049FC1690422000223A522D20F4
:101800003A54EC203A50E4207F213952079504964F
:1018100035402F2019953D54209DA87B41217854B7
:10182000E87A2E217854882038580260842038586D
:10183000026080203A503846EC301C924260012011
:101840000C9038850F980002109940180E9080B2C5
:101850000321890241434002F86411980002149A5E
:101860008018149080B200037966B866159800025B
:101870001A9940181899090440181590786512981B
:101880000002139940181390388713F02BFF7887C4
:10189000FF200F902830381811901D9800022199D0
:1018A00040181E99090440181F99090640181890FD
:1018B00038462C301D903A46E2321E341A94219755
:1018C000169801280B9206D1287C012803D12020EC
:1018D0001B99084004D1287BFE21014002291AD11E
:1018E00001201070A87B1A9E3146FEF762FB3C4631
:1018F000BC3420463146FEF70FF91D98407D00228A
:101900000092189901910292214619921346FEF70E
:101910004FFC1C9001E01C981070384690301E90CF
:101920008320400038180021022216910592FAF710
:101930005AFC1220FA4C219E3146A0471A2031460B
:10194000A04727203146A047032012903146A047E8
:1019500005203146A04708203146A047212010909D
:101960003146A047119E3078FE210D91084030701D
:10197000A97CE87AF1F7C5FCAC7C2920C000069070
:10198000A9200501F1F75DFA01281F97179A14D1D4
:1019900010891B280DD1042C07D1D089A84208D169
:1019A0001B201E99888008800EE090890699884245
:1019B00003D030780421014331701B201E998880A8
:1019C0000880042C00D0069D219C129E1E990D813A
:1019D000CD808D811B20488148804D820D82D08A28
:1019E000C881209FF87A154613F0AEFEF87AF1F719
:1019F00050FCF87AF1F725FC2846214613F0A5FEA5
:101A0000F87AF1F756FCF87AF1F73AFB204613F032
:101A1000A7FE1098C0001F99081813F0BFFEBC7CE9
:101A20002046FEF7B7FB054624A8FFF743FE387BA8
:101A3000032804D002280AD12498401B05E0249DE5
:101A40000E21204600F030FB281A3E380AE020988C
:101A5000417B2498401B002901D0903002E0812175
:101A600049004018209D169F1B9B5906042C06D048
:101A70002A7B0D9E3240022A00D10C920C9EDA097C
:101A80001092C90F119129681B91697B002931D0EF
:101A900008990902099A8918079A3346560959186C
:101AA0004C022018249013F08BFE05461296304607
:101AB00013F08CFE03211D9A11700A994902219A94
:101AC000516340195085D16C179A5268914200D3E6
:101AD0001146219E316580B2214612F001FE0D3083
:101AE000B0644000716B40180C901B99891C119BCD
:101AF000209D28E021998F644F851D98059B0370D8
:101B000068692490042C00D0234698001F9A10186E
:101B1000806DCE6C00280C4602D086420BD20BE0C2
:101B20001846059313F05AFE864201D2E66C03E094
:101B3000059813F053FE06461B9908310C9626654E
:101B40002646109B12972498706422A887802297BB
:101B50009D4800683622825C920606D53630827B2C
:101B6000D20706D1807A800703D41D463B460E9FDC
:101B70003BE0686804680D9B234022AA022B0B46B9
:101B80000E9E00D01346E4B2697B00291B930CD053
:101B900022A9109A002A16D029684A7BC023134034
:101BA00022AA402B0ED011460DE022A9119A002A3C
:101BB00009D02A68D179C0230B4022A9402B02D139
:101BC000911C00E00831AA7A24AB9A752A899A827E
:101BD0001B9A259226913B463746FE2C03D00321C3
:101BE0000C40254600E00125411C1E9A1C4653620C
:101BF000012328461B9318402423D0549462104696
:101C00002430401C062211920E46FAF7E8FA24A866
:101C1000847605761299C1751499418213990182CF
:101C20008781219F798FC181209D697B4176249690
:101C3000FEF714FFE87B002803D0A97A788F13F011
:101C4000EDFD287B002804D00B980178788F13F0E5
:101C500023FE4B2017901E99486A896AFDF792F976
:101C6000687B1E90AC7CAE7B3046FEF784F9149006
:101C70003046FEF788F930462146FEF75EFA3046D8
:101C80002146FEF725FA30461A99FEF792F93046BA
:101C90001899FEF787F930461C99FEF765FA304629
:101CA0001999FEF7BAF930461599FEF79FF93046B3
:101CB0003946FEF73BFA1F9D143530462946FEF79C
:101CC000FAF930461499FEF743FA01F019F90028A1
:101CD00002D13046FEF7BEF8179887001E980028FC
:101CE00003D03046FEF7DEF902E03046FEF715FA83
:101CF0001F98C71928301F90F1F7A3F801281E97E5
:101D00002F4601D10F980FE0F1F792F901280F98B3
:101D10000AD013F0EDFD012804D0049804E0C04679
:101D2000D9AA07101698C043C1B23046FEF76AF927
:101D30000094219D28461F993246234613F0DAFD70
:101D40000094002138463246234613F0D3FD28463E
:101D5000FEF76FF83846FEF750F86C6CA86C1F90D1
:101D60001E9F3846FEF757FA1848386118483880E1
:101D70001D9E707DB875F87D1B990843F87528463F
:101D800013F016FEF8603178032904D0022918D127
:101D90000C99814200D80146119A1F9D21987862C2
:101DA000C06C7860B9602098407B0128134600D051
:101DB0000723611BBB70012800D104223846FAF7C3
:101DC000B7FA2BB0F0BDC046E4320020C41B0410AB
:101DD000040B0000FEB50C4687783F213D4600917C
:101DE0000D400190C6780020002A014612D00291D1
:101DF000E081FF2121747F22A282E174514AA26016
:101E00002060E81C6073002D00D186E0F0070AD046
:101E10000A2709E00A99BA09002B3DD0521E022A6E
:101E200042D2A721E3E70427029AB00700D5BF1DDD
:101E3000700707D5500703D40198C05D800920744E
:101E40000120074330070FD510070CD43E48019BF3
:101E5000DA5DDB195B781D09E5741B029A18228193
:101E60001040029A6081BF1CF0062CD5D00629D400
:101E7000019AD057D219537892784506ED0FA57381
:101E8000009D0540E5735509A574D206D20CD21801
:101E900000280DDA2D490CE0089B002B45D009994C
:101EA000002947D03321A2E700293CD0A4219EE796
:101EB0008A315143002801DA092000E00520029A06
:101EC000C1402160FF1CB0060CD5900609D40198D2
:101ED000C119204616301222FAF781F9029A012020
:101EE00060751237700603D50198C05D20757F1CA0
:101EF0006068002814D07F2A0FD8617BC91B0A06AE
:101F00000FD0CAB2267BB24200D80E46F2B2F9B266
:101F1000019B5918FAF763F901E000266660267301
:101F2000FEBD0026FBE7BC2161E7521E022A03D258
:101F300036215CE723215AE7002901D0062156E724
:101F40002F2154E70000FF0FFF0F0000C3F5000032
:101F500010B5EFF3108472B613F058F984F31088BB
:101F600010BD0000F0B585B0029317460C4605463B
:101F7000184800684179032000902E461436204608
:101F800032462B4600F05AFE002F09D003A91F202D
:101F900008710020C04303902046FEF70AF808E0CD
:101FA00027212046FEF747F80298002801D0252176
:101FB00000E0FF212046FEF725F82046FDF74AFF06
:101FC00030462146FDF709FF28462146FDF705FF6B
:101FD00005B0F0BDE432002080B50A48C07F012181
:101FE000814009480068902280584068FF22F23200
:101FF00081543F22D2008018C9B2044A0423FCF75E
:10200000B1FE80BD58310020E4320020E5650710A4
:10201000F8B51A48C07F012529468140CCB2082670
:1020200020463146FCF794FE154909689027C959A6
:1020300049683D22D200885020463146FCF788FE90
:102040000F4E3168C95949687B2292008850611C43
:102050000C482A46FBF704F83168C95949684322FD
:10206000D2008850022207482146FAF7F9FF31686A
:10207000C9594968872292008850F8BD583100201C
:10208000E43200205431002080B5F0F70BFE4E21E1
:10209000405C80BD80B513F009FB024800684068D1
:1020A00080BDC046E8320020042805D0012806D1B2
:1020B000FF20A430074A04E0044A054801E0064A2C
:1020C000064841438818000A7047C046E9260100C7
:1020D000381A000006120000C62000004703000066
:1020E00070B5027F437F1B029A1810D052025442EF
:1020F000651A0368EE18761E03D4E61806609B1A6C
:10210000F8E7C943CC1802D59B180360FAE770BD05
:10211000F0B585B00346481E424242419500012970
:1021200005D888001818846E0494143404E09820AC
:102130001C58201D04901834586E039000270097F7
:10214000942039462A4602932B46FDF75BFD034651
:102150000326009620463946039A00F033FD029884
:10216000046E0097962001212A462B46FDF74AFD72
:10217000034600970196049D28463946224600F002
:102180008BFD2846FDF710FE2846FDF731FE05B011
:10219000F0BD000010B530224A43104B8352002995
:1021A00001D0042400E0032483189C70002901D08E
:1021B0000C4A00E00A4A1A6189004118DC228C5856
:1021C0005C608A589A60CD225200DA605862A8207A
:1021D00009580D221846FAF7ABF810BD01030000AC
:1021E000B41C04109C1C041070B50446827201815A
:1021F0000120207120460B3006250F4E19462A4635
:10220000B0470A9820760998E08208986075079888
:1022100020750698E0740598A074049860742046B0
:1022200019300B992A46B0472046243020620C9A78
:10223000E2770D99B04770BDDFC104100248006815
:102240009021405840687047E4320020F8B5009172
:102250000446FDF787FCA073010AE173010C2174A9
:10226000000E60740125214E2846B04707462846D7
:10227000B047009AA774390AE17420759088A57553
:102280000021E17540021A4940182903884201D80B
:10229000400A00E00820607590882076000A607689
:1022A0001089A076000AE07650892077000A6077CE
:1022B0001048006890214158483120461E300522C0
:1022C000F9F78DFF2846094988470F2505400B2D52
:1022D00003D94006400F2D180C3DFDF739FC400195
:1022E0002818401D23216054F8BDC0468DC4041039
:1022F00000FEFFFFE4320020FEB514460F460546FF
:10230000F9F7F8FF40190290A9004018019004263F
:10231000022F304600D038461B21FFF7C5FE01A929
:10232000009147003E3702AB38462946324613F04B
:102330008DFB014602988330002900D0FEBD019933
:10234000091AC919CA4323689A18F7D42160FEBD37
:1023500010B50C4613F0D6FCC108C9B201290AD841
:1023600007221040611883225200895CC140C807CF
:1023700001D0012010BD002010BD70B514460D46DF
:10238000064613F0D3FC002807D03046294612F049
:1023900095FC011B4842484170BD002070BD80B5CE
:1023A00041424141002012F035FB80BD10B557235A
:1023B0009B0043430A48006890240059C06B406862
:1023C000C0180C234B43C0181121090141181046B5
:1023D00012F060FB1620FAF709FBFAF763FB10BD59
:1023E000E4320020F0B587B0154604468020265818
:1023F000012007023E4003D1012901D0002D58D011
:102400002D4800683621415C890643D53630407B33
:1024100040073FD52046F43001880391218F069173
:10242000C0880590608F0490A06E019023480068DA
:1024300080690221392204230293FAF72FF8002839
:1024400028D001460198030B01930A460B320498E9
:1024500048720598107006984873039810714B7471
:102460000D722323CB710C238B713E234B71029B86
:102470000B71049B1B0A8B72059B1B0A5370069BF6
:102480001B0A8B73030A53710198000A8874022097
:10249000FAF760F8002E0CD020462E3080340078F9
:1024A00000210A4613F04CFC72B62068B843206045
:1024B00062B607B0F0BDC046E4320020D032002042
:1024C00080B500F025F8163080BDC07F0007C00F32
:1024D0007047F8B5044613F021F80546012630464A
:1024E000FFF75DFF00280DD0074638200221395440
:1024F000284613F04EFC012120463A46FFF756FFCE
:10250000002602E0284613F049FC3046F8BD0000E2
:102510001C2141430348006890228058C06B4069E9
:1025200040187047E4320020C17F20220A43C2775E
:102530007047C07FC006C00F70470000F8B5054661
:10254000FFF7E6FF04460078002701283FD1F9F79E
:10255000D1FE0646A1781F484143A268B21A51181D
:1025600035D5E178002908D0617848436168711A4F
:102570000818002801DA002700E001272846FCF7A8
:1025800069FD002F18D0009000273846FFF707FF9D
:10259000002815D0024638200C211154012128466C
:1025A0000D46FFF703FF6660E5702120C00000992B
:1025B000081813F0F8FB0AE02121C900401803E0D5
:1025C0002120C0000099081813F0F2FB01273846BB
:1025D000F8BDC04600C0FEFFC07F8006C00F704738
:1025E000C17FDF220A40C2777047FEB515460E460E
:1025F000009001AFFF2104223846F9F7F4FD1F20B7
:102600003871002001464A281BD0062202408B0860
:10261000F45CD44003273C40032C06D0002D0DD0A1
:10262000EB5CD3403B40032B08D107220A40012337
:102630009340CA0801ACA75C9F43A754801C491C67
:10264000E1E701A80522009C2146F9F7D3FD002807
:1026500006D001A905222046F9F7C1FD0120FEBDE3
:102660000020FEBD10B50446F0F7F3FB012809D1A8
:102670000E2060430449096890228958C96B896813
:10268000081810BD002010BDE4320020F8B51C462B
:1026900015460E461F469037FFF7E4FF002802D08C
:1026A0000088022801D0012000E00320A98C0B4AF9
:1026B0008918C1400A480818C00881B23888884281
:1026C00000D30846002E02D0E98C814200D3014697
:1026D0007980204613F072FBF8BDC04688FEFFFFEC
:1026E000B5FF0700002901D0022100E0032180226C
:1026F0008258CA40012010407047F0B585B01226BC
:1027000000285ED01F460D46044643788B4258D9B8
:1027100020780521090381408F4252D80492029308
:10272000F9F7E8FD02462378206A405DA8420CD004
:102730000498002845D02046039129460493164664
:10274000FAF7BCF803993246049B332078430E46CF
:10275000010A0818010C08187107D208511842180C
:10276000581DC0B2C24001956800616A04920A52C5
:10277000F9F7C0FDC00803906278206A17463B460F
:10278000C75D97420DD07D00666A755B2678761D21
:102790000399F1406D1A2DB2049E711A09B28D424F
:1027A000EDDDC15C019A8154206AC25402988342D3
:1027B00006D1049801B2204613F054FB064600E00F
:1027C0000026304605B0F0BDB0B5054600242046D1
:1027D000FFF7E5FD002809D00246382007211154F3
:1027E000012428462146FFF7E1FD03E013200121E3
:1027F000FCF76EFF2046B0BD24214143034800682A
:1028000090228058C06B006940187047E432002065
:102810007CB57E2803DB10480068407908E0044658
:10282000012902D112F0E4FC041960B2F9F719FD94
:10283000F9F71BFD044601AD6E4628463146F9F70F
:1028400018FD0021685671568C4200DC21468442F6
:1028500000DB084640B27CBDE432002080B5FCF7C6
:10286000F9FB4121405CFDF77FFB042803D840B20F
:1028700002A1085C80BD042080BDC04601020404A2
:102880000300000080B5FCF7E5FB4121405C0349F3
:1028900009684979FDF75CFC80BDC046E432002040
:1028A000B0B58418257D681840B20021FFF7B0FF4D
:1028B0002075401B40B2B0BD70B50F240557079C72
:1028C0007F2D17D04018182140567F2812D07E281F
:1028D00010D0411B00DC002104AE61CE2170022A21
:1028E0000CD0012A12D0002A1AD17219C9B28A4218
:1028F00010D31EE0FF202070032070BDAA1BC9B2B8
:102900008A4216DA181A884211DA14E0AA1BC9B2F0
:102910008A420EDAFF2B0AD0C018884207D20AE09A
:10292000C8B2A84205D9FF2B01D0984203D8012094
:1029300070BD002070BD022070BD0000F8B51C46BF
:102940000E4605469888C02188439107090E401815
:102950009880164800683621415C890620D53630BB
:102960000C21405600281BD5174611480068806985
:10297000362202210B46F9F791FD002810D00146BE
:102980000572C77286722020C871052088713E20AA
:10299000487104200871280A48720220F9F7DAFD0C
:1029A000A088044901400831A180F8BDE43200202C
:1029B000D0320020F7FE000010B557239B004343A0
:1029C0000C48006890240059C06B4068C0180C2364
:1029D0004B43C0181121090140180068002806D097
:1029E0003821415C44309142F7D1012010BD0020D4
:1029F00010BDC046E4320020FEB5019316460F46D6
:102A0000044608980290FCF725FB099D012F05D08C
:102A100001462120FFF79CFC00282BD00A98002FAC
:102A200001D0194900E0174982880A408280781E47
:102A30008741601E844160002978FC220A401018FA
:102A4000C01928700024E743F0F747FC394681405D
:102A5000A8780840A870F0F740FC019929718740D8
:102A6000BE43A8783043A870012102982A46FFF798
:102A70009DFC04E00298294613F01BFA1A24204614
:102A8000FEBDC046FFEFFFFFFFF7FFFF10B50C468E
:102A9000010A0E2907D804F05FFB2070FF3841427D
:102AA0004141480010BDFF202070122010BD0000E1
:102AB000F8B50446C0062CD40F46164800683621E7
:102AC000415C890625D53630807A000721D51E461F
:102AD0001546114800686107C90E40180069272291
:102AE00003232146F9F7DAFC002812D001460698A4
:102AF0004D720873CE720F720C20C8710620887157
:102B00003E20487104200871280A88722046F9F78F
:102B100021FDF8BDE4320020D032002010B5017C48
:102B2000022909D10124047401688268C3680CC0B9
:102B3000A120F1F7DBF900E00024204610BD7CB5B0
:102B4000044613F0BEF9C725665D2046F0F764FA27
:102B50000246A420215A605D731F022B02D3234634
:102B6000283301E023463C3300940193002313F003
:102B7000C2F97CBD0146AE31CA78FF216831032A13
:102B800001D0B32301E00B46F333042A00D01946E9
:102B9000AE22805C012202408307DB0F9A184007B7
:102BA000C00F10184843BB307047F8B50A460146BD
:102BB00000200090019002907E23DB4312F079F90F
:102BC00004B080BDF8B51E4617460D460446FDF715
:102BD000C1F82046FDF7C3F82046FDF7F1F820467E
:102BE0002146FDF7F2F820463946FDF7C3F82046A6
:102BF0003146FDF704F9069F002E02D02046FDF76E
:102C000006F92046FDF794F82046FDF7C1F8204666
:102C1000FDF70FF92046012F09D12946FDF7DDF810
:102C20002046FDF7E5F82046FDF7F7F8F8BDFDF77B
:102C3000FAF82046FDF7CCF8F8BD0000F8B51D46BF
:102C400016460F460446FDF79EF911492046FDF74A
:102C5000A9F910492046FDF7C9F920463946FDF784
:102C600077FA20463146FDF761FA20462946FDF7FE
:102C700022FA0698012803D12046FDF74EFAF8BD46
:102C80002046FDF70FFA01212046FDF7C6F9F8BDF1
:102C9000D6BE898E55555500F8B51E4617460D46C9
:102CA0000446FDF757F82046FDF759F82046FDF792
:102CB00087F820462146FDF788F820463946FDF77B
:102CC00059F820463146FDF79AF8079F002E02D0AA
:102CD0002046FDF79CF82046FDF780F82046FDF7DA
:102CE00027F82046FDF754F82046FDF79CF82046CB
:102CF000FDF754F82046FDF780F8012F07D1204654
:102D00002946FDF76AF82046FDF717F8F8BD20467A
:102D1000FDF76EF8F8BD0000F0B587B005910646E6
:102D200001200390F9F7B2FB06A90880306D00215D
:102D3000009141863046403001903446A034304600
:102D4000C03002903227244D522F0AD006A813F02B
:102D5000AFF92840316DCA5B1018C9194880BF1CF3
:102D6000F2E7A07C2080F18D3046FFF71EFF049033
:102D7000A07C656901466943059A8F18314613F0B6
:102D8000A7F93F180498281AC5193046FFF7F2FE34
:102D90003A18052104982B4613F0A6F9009BA3814D
:102DA0000221029DE971B385019A1380C83005990B
:102DB000411A9165D065A07B039A02408107C90F33
:102DC00051184007C00F0818401EA07713F038FABA
:102DD000287007B0F0BDC046FF0F0000002901D0E9
:102DE0000021C1670021017270470000F0B587B073
:102DF0001446069113F036FA002840D00646052501
:102E000028463146FFF7A4FA00283AD006A8012147
:102E100013F04EFA00286ED130469030018806AA91
:102E200012888A4204D1C08806A9498881425FD0AD
:102E30002E363078069E0490FCF70CF90746FCF716
:102E4000FFF80290C08A0390300C0590F0F701F86B
:102E5000012832D10B203946FFF77AFA002812D028
:102E60000498FFF7FFFB002827D08079042824D19D
:102E7000A9200001059981421FD805901DE002207C
:102E800039E01A2037E000961C4E083600F038F87A
:102E90000128019600D0194E05998E4200D805965A
:102EA00000F02EF80128009E01D0144801900398EC
:102EB0000199884201D3084603912046FFF76FFA33
:102EC000002817D002469A37382015540599D1802A
:102ED00096800298808A10800398508038881083EA
:102EE0007888508379803E8001210498FFF75EFA4C
:102EF000002000E0072007B0F0BDC04648080000F1
:102F000000207047F0B591B00B9316460D910C90D0
:102F10009F48C17E0A91017F0991817E0891C77FF8
:102F20000125D8212846FBF713FF9A4C2060582131
:102F30002846FBF70DFF21683446902207928850FF
:102F400013F0DAF9384613F0F1F9072139400B98FC
:102F500013F0FCF91798059001901C98009019AB9C
:102F60000ECB0D9804910D93F0F70BF8012E00D0C5
:102F700008950020012C00D00990012C00D00A9067
:102F800041208500012C069409D1294620310120D9
:102F9000FBF7DEFE7F4909688822885033E025264A
:102FA0007B48815D28462030002901D0014600E0A1
:102FB00044212627764AD25D002A00D001462924E2
:102FC000734A125D002A00D001460C9A012A00D1F2
:102FD00001460120FBF7BCFE6E4909688822885033
:102FE0000C98012829460FD06948005D0028294621
:102FF0000AD16748C05D0028294605D16448805D34
:10300000002800D1C1E0294618980B90169803902B
:103010000127614C3846A0475E4E31688C228850AB
:1030200004213846A04731689422885058210C97D3
:103030003846A0473168982288500898C6B218359B
:1030400030462946A0470546069C012C05D15C2147
:103050003046FBF77DFE024600E00022304629465E
:1030600013F0C4F910AB0998D8700A9898700D9FA6
:103070005F700B9818702046059D29463246EFF781
:10308000BFFF039E30462146F0F7A4F830462146A4
:103090002A46F0F743F8304621462A463B46EFF7EA
:1030A000EBFF0097304621462A460B9BF0F756F877
:1030B00013F0F8F9012C07D1012D05D113F0F3F924
:1030C000012E01D113F0F0F90D98012801D113F070
:1030D000ECF913F0EBF90498314622462B4613F035
:1030E000E6F92B4FF87A411C2C4D28460C9AF9F73B
:1030F000B7FF284E3168C0228850F97A022228464C
:10310000F9F7AEFF31683746C42288502046F0F701
:103110005DF8EFF7FFFF13F0CBF913F0F7F9EFF7D6
:1031200073FF13F015FA13F015FAF9F7AAF83168DE
:1031300000248C7148712046F9F7A7F813F042FA81
:103140003068006EF0F7A9F83068079D40590C30E0
:10315000FDF7C8FF0C9E3046EFF7B4FF38684159C1
:1031600040228C540A4A128B82821F200F90E04327
:103170000E9048310EA80522EFF79EFC38684059A2
:10318000F1025422815211B0F0BD2C213CE7C0461F
:1031900058310020E432002051ED04105431002059
:1031A000FEB53E4C206890254059C06B0268322025
:1031B000002616543A484069010C192901D31920F8
:1031C000000410600292506013F008FA2068405921
:1031D000C06B0768EFF735FE012801D01B2000E027
:1031E000FB203882EFF72DFE04462920C000009016
:1031F000A9200501EFF72DFE012C019507D101282B
:10320000284D009C0CD0284DFFF77AFE05E00128E0
:10321000009C05D0FFF774FE2546012800D1083533
:103220007D82EFF70EFE012801D01B2000E0FB207D
:10323000B882EFF706FE0546EFF70BFE012D07D12A
:103240000128019D17490DD0FFF75AFE164906E0E7
:103250000128019D294605D0FFF752FE214601288D
:1032600000D108317C831B203883FD81BC817C81A7
:103270003881F98213F0C0F9F0F73FF8029813F0A3
:1032800005FA0A4C20683421415CF0B2884203D22E
:1032900011F0B4FC761CF5E7FEBDC046E432002018
:1032A000583100209042000048080000CC32002035
:1032B000034800688421034A425000207047C046FA
:1032C000E432002000000303B0B50246C37A847ADA
:1032D0000120F12C04460ED15D07AC0F05D0147C03
:1032E0000322102C03D0144602E0022403E004243D
:1032F000002D00D41446DA0700D02046002900D063
:103300002046B0BDB0B50D46012801D1044600E00D
:103310000324002800D10446501E1F2101432131FF
:1033200089B2204613F0BCF900280BD085800168D3
:10333000816003210C40621E51425141002C03D098
:10334000C90102E00020B0BD40210173001DB0BDE5
:1033500010B50B490A68B121535CB1320021032931
:1033600005D001248C401C4203D0491CF7E70321FF
:1033700003E0002801D023431370C8B210BDC0463B
:10338000F032002010B501220228104600D800209B
:103390008000094B1B6830241C5D1440201830331A
:1033A000DA78D207D20E80189A7853081343DA07D6
:1033B000120F8018087010BDF03200200B49096808
:1033C00030228A5C0123134030314A78D207520FF1
:1033D000D218CB78DB07DB0ED21889784B080B4369
:1033E000D907090F511801707047C046F03200200C
:1033F000B0B504460B480068AC2140584578801CA5
:10340000A11C0622F8F7F6FE01460020002900D094
:10341000B0BD61788D42FBD1617B012001436173B6
:10342000B0BDC046F032002010B507244480446887
:1034300021720B4909684024095D446861720121C9
:103440001140426891724168CB724168029A0A73D6
:103450004168039A4A7340680499817310BDC0465D
:10346000F032002070B50D460646062010F00CFC28
:103470000446002803D02846FBF7F9FA08E0308913
:1034800000F034FC02460020024B014600F04EFCE6
:10349000204670BD3075000080B5127D12010029F4
:1034A00000D00832D1B2044A12685318B433042150
:1034B000072210F0F8F880BDF0320020B0B588B0D7
:1034C0000446018900201522FFF71CFF002829D09F
:1034D0000546E07D000706D421463C3104AA20467B
:1034E00013F022F905E004A8019000946846EFF774
:1034F0006FFF112068806868032101720521102286
:1035000004AB284610F0E3F820462946FFF7AAFF4F
:10351000002807D120464C3004A91022F8F75FFE9E
:10352000A520A07208B0B0BD70B588B00446FFF702
:103530005FFF012824D10025012207AB2046294640
:1035400013F096F9022206AB2046294613F090F9B3
:103550001A480068079A02AE0096E43001462B46EE
:1035600000F06CF8069810223146F8F743FE002868
:1035700006D00421002201232046FAF795F81AE02C
:10358000607B03210140012906D10C4800684430CA
:1035900000211022F8F727FE6420205CC00701D02C
:1035A000492000E05620C043A0720E20F9F71EFA11
:1035B000F9F778FA002008B070BDC046F03200205C
:1035C000F0B589B00C460746098900251522284622
:1035D000FFF798FE002813D00646002F06D023469A
:1035E0002C3305211022384610F05DF8E07D0007ED
:1035F00008D421464C3105AA204613F05BF907E0B8
:10360000882019E005A80290019401A8EFF7ECFECC
:10361000112070807068032101720521102205AB12
:10362000304610F054F820463146FFF71BFF0028C3
:1036300002D1B620A072284609B0F0BDF0B59DB009
:1036400002930392019101460CAD20270124124EF2
:1036500028463A462346B0472846203001993A4644
:103660002346B047374640200299295408AE10221D
:103670000292304603992346B847412104AF2846B9
:1036800032463B4613F0BAF922983946029A23464D
:10369000014CA0471DB0F0BD614A0510F0B59FB0C8
:1036A00001930292009101460BAD20270124154E93
:1036B00028463A462346B0472846203000993A46E5
:1036C0002346B047374628464030102601993246F7
:1036D0002346B84707AF3846029932462346094E7B
:1036E000B047502103AE28463A46334613F086F9D8
:1036F0000C362498042231462346024CA0471FB0C2
:10370000F0BDC046614A0510017842781202511896
:10371000827812048918C0780006081870470000E3
:10372000B0B50D460446154800684821405C800647
:1037300023D513480068806902214B220323F8F740
:10374000ADFE002819D0014605738472042048722A
:10375000092008720020C87108208871FF20487174
:1037600082200871280EC873280C8873280A4873B1
:10377000200AC8720220F8F7EDFEB0BDE432002046
:10378000D032002080B5044800686430034920220C
:10379000F8F725FD80BDC046E4320020D8B90710F7
:1037A00070B503460120002909D00024264625468D
:1037B000965D9E4204D16D1CEEB28E42F8D370BD70
:1037C000204670BDF8B504460189002545222846EB
:1037D000FFF798FD002814D00646412070807068DD
:1037E0000C2101720F4F3B686433052140223046A3
:1037F0000FF06DFF20463146FFF734FE002802D05F
:10380000F8BD8120F8BDE07D20210143E1753968D4
:103810004222895C090702D524210843E075284625
:10382000F8BDC046F03200207CB50C4605460020AD
:10383000C6B2A6420ED20020F8F728FEA85501A96C
:103840000870000A69460870711CA14200D26854D1
:10385000B01CEDE77CBD70B594B00E4604464178CF
:10386000801C6A4601F0FEFB0546002E05D0002DA7
:1038700003D16846214613F0DFF8284614B070BD26
:10388000044800685C21415C30200840411E8841AA
:103890007047C046D432002080B513F00FF980BDC8
:1038A000F0B589B0044608A80026068021891522B3
:1038B0003046FFF727FD00282BD00546E07AC006EA
:1038C00009D42046203002210022FFF7ADFFE07A24
:1038D00010210143E172A07AD138042876D8C0467D
:1038E00078440079400087440219384E60003C4813
:1038F000006821462031083008AA04AE33460FF094
:1039000071FC68680621017211206880227C052103
:1039100058E00E200021FBF7DBFE5FE004AE08213B
:103920000291002230460196FFF77EFF20462030AC
:1039300008AF31463A4610F0DFF80B20688068681F
:10394000072606720521022228463B460FF0BFFEDD
:1039500028463146029A019B36E01120688068684B
:103960000821017204A800211022F8F73CFCFFF79F
:1039700087FF002802D004A8F9F72EFA05211022AB
:1039800004AB284620E003A8067004AE314613F0CD
:1039900099F80820688068680921017268680399AD
:1039A0004172062128460A460DE0112068806868A9
:1039B0000A2101722046203004AE314613F09AF8F5
:1039C00005211022284633460FF081FE2046294665
:1039D000FFF748FD002801D1DD20A07209B0F0BD3D
:1039E000CC32002010B504464C3010210022FFF7E5
:1039F0001BFFE07D000702D4B520A07210BD204659
:103A0000EFF7E2FC10BD80B5012911D1427C5307CC
:103A100005D0C37D1B071DD506231A401AD1642289
:103A2000835C01221A40002906D0002A19D103E044
:103A3000002900D080BD0022817CCB0704D0C37D4B
:103A40001B0701D4D12109E08B0706D4490708D50B
:103A5000D52103E0D021817280BDD3218172002A5B
:103A600002D013F055F880BDFFF71AFF80BD0000AB
:103A700070B50446807B03210140258903290AD1C2
:103A8000204613F05AF8002805D0082101222046CC
:103A900010F0AAF870BD284600F028F9024601206F
:103AA0000021114B00F042F9E07C032802D10020F4
:103AB00013F0CEF820461830002608223146F8F7D9
:103AC00092FB204631460FF075FE6420215CEF2208
:103AD0000A402254F120A072022029463246334681
:103AE0000FF0D6FE70BDC04630750000F0B593B043
:103AF00004462B4D28684227C15D30220A40302AF7
:103B000015D149218E00811905A82022F8F767FBFD
:103B10002868C15DCF220A40C2556420205CC007DE
:103B200007D10DA8009012A90FAA11AB06E08420BE
:103B300033E00FA8009011A90DAA12AB204613F094
:103B400095F812A8037811A80078296822462C322B
:103B50000492891903910DA9029101900FA8009078
:103B600021463C3122464C3205A813F095F84D20F1
:103B7000800029680A180121204613F0FBF800286C
:103B80000BD1204664300078C00703D1204613F0E3
:103B9000A9F902E0BB20A072002013B0F0BDC0461E
:103BA000F032002010B504463C3010210022FFF70F
:103BB0003BFEE07D000703D42046FFF77FFC10BDED
:103BC0002046EFF7FDFB10BDF8B50C460746098906
:103BD000002515222846FFF795FB002825D006462C
:103BE000002F06D023462C330521102238460FF033
:103BF0005AFD20464C3021462C311022F8F7FAFAB3
:103C0000002814D0112070807068042101722346AE
:103C10003C330521102230460FF059FD2046314635
:103C2000FFF720FC00280FD0F8BD8820F8BDE07D0C
:103C3000000702D5E07C0228E4D1042101232046BC
:103C40003246F9F731FDF8BDA620A0722846F8BD2E
:103C5000F0B501460020002917D00C4A1268342321
:103C6000D35C74225A437323DD43094B1B68A4338E
:103C70002C467434A24208D01E6875197C27ED5B6F
:103C80004D402D052546F4D13019F0BDCC32002031
:103C9000F0320020B0B50C466421615C01220A407C
:103CA000A37A4068417A02D19F2B02D8B0BDB02BD5
:103CB00014D3F02B15D9F12B0ED10F290CD1254699
:103CC0005D350F21012220460FF08EFF29785E34EA
:103CD000204601F0F8F9B0BD002AE7D0207E800729
:103CE000E4D0012220460FF07FFFB0BDB0B50D49F2
:103CF00009683422895C002811D00B4A1268A4326A
:103D00000023DCB28C420AD274256543146864191E
:103D100024894440240501D05B1CF2E71946C8B24F
:103D2000B0BDC046CC320020F032002010B50029D2
:103D300006D0862401291BD1022A19D8002100E0CF
:103D4000032101280AD0002811D18818C1B20948DE
:103D5000006808300122FEF7D0FC06E08818C1B2E6
:103D6000044800680830F8F7A9FD044600E0002484
:103D7000204610BDF0320020F8B50C46054601265D
:103D80003046FFF7E5FA02281BD807466420205C7E
:103D9000C00616D4284613F0D5F800281AD00146DC
:103DA0001A480068B122825C002A03D0B130BE40BC
:103DB000B2430270002201232046F9F775FC054644
:103DC00006E01021002520462A462B46F9F76CFC18
:103DD0002846F8BD204664302775017810220A4332
:103DE0000270E07AEF210140E1720121284622466B
:103DF000FFF752FB204613F0C9F8002801D0002538
:103E0000E6E7204613F006F9D9E7C046F032002075
:103E1000F0B585B007464068057AA81F042823D866
:103E20000C46887A8626D0281FD120465D30019026
:103E30002089FFF75BFF02460020454B02900146B8
:103E4000FFF774FF062D05D0092D11D0082D34D0B1
:103E5000072D3DD1E07D000707D4607CC00704D06A
:103E6000062D44D12C342CE08426304605B0F0BD1C
:103E7000607C8007F9D503AB00269E80039606215F
:103E800038460A4613F06AF9002847D07868407A25
:103E9000019D287023465E33062138460A460FF0FE
:103EA00002FC2878012803D1A8798009032847D388
:103EB000617C20200843607431E0607C8007D4D5A9
:103EC0003C3405211022384623460FF0ECFB35E048
:103ED000607C4007C9D523464C3305211022384663
:103EE0000FF0E1FB607C40210143617419E0204642
:103EF00022307968497A01707968897A417023465D
:103F000024330721082238460FF0CDFB607C802146
:103F1000014361744007800F10D102E0607C4007CC
:103F2000A3D40198C079C00705D1002620463146A8
:103F3000FFF769FD99E72046FFF79AFD029E94E797
:103F40000821002201232046F9F7AEFB06468CE744
:103F500030750000F0B58BB00D4606460024029483
:103F6000098915222046FFF7CDF9002820D0074601
:103F70002B463C330521102230461E460FF093FBA2
:103F8000E87D000716D40094344603AE2846214647
:103F9000324612F08FFC29462C311022304626463C
:103FA000009CF8F727F901A9BC220A7002900CE0E6
:103FB000882459E001A80A9002A8099003A8089053
:103FC000079507A8EFF714FA0298002806D00421F5
:103FD000012328463A46F9F767FB1BE01120788059
:103FE0007868042101722B464C3305211022384693
:103FF0000FF06DFB28463946FFF734FA002809D147
:104000000198A8721A4800683521405C297C8142D9
:1040100000D928740298002826D1E87D000723D40F
:1040200007A8002410222146F8F7DDF8E87C0328D1
:104030000BD0022810D1E86907A90870020A4A705B
:10404000020C8A70000EC87006E00948016844310D
:1040500007A81022F8F7C3F829464C312C3507A8D9
:1040600032462B4613F083F820460BB0F0BDC04615
:10407000F0320020F0B58BB00E460521102507AFB9
:104080002A463B460FF00FFB002103AC0296304658
:104090000191224612F06EFE0646384621462A4617
:1040A000F8F7A8F8002E15D1002813D16420029C3F
:1040B000205CC00715D1207C2A1A20182C30002142
:1040C000F8F791F8A07E02210143A1762046EFF790
:1040D0006BF90AE00B21002201230298F9F7E4FAB8
:1040E00003E0204612F0FEFE01980BB0F0BD000088
:1040F000F8B52F4F3B6842241A57002A20D400916C
:10410000E433052140220FF0CEFA396808466430C6
:10411000E43120252A46F8F76DF806463868643001
:1041200024492A46F8F766F8002E0BD1002809D05A
:104130000B210025012300982A46F9F7B5FA07E07C
:104140003A2505E03868015D9022114202D03825F9
:104150002846F8BDE430F7F76DFB1F2826D005464A
:104160001228E5D0002DF3D13868015D10220A43F2
:104170000255009CE17DC0220A43E275E4300D49FE
:1041800020252A46F8F736F806464120800039688F
:10419000081809492A46F8F72DF830430025002869
:1041A000D6D1E07D04210143E175D1E70821C0E7C4
:1041B000F03200208FBA0710AFBA07107CB50C465A
:1041C000054612F0BFFE0146002834D1E07D00070D
:1041D00001D4A42608E0019400956846EFF7ECF8B6
:1041E0000146002827D1A226A07BFE210140A17311
:1041F000E07BFB210140E173E07AEF210140E172B5
:10420000012128462246FFF747F9204612F0C8FF51
:10421000204613F011F8014600280CD1204613F077
:104220005DF80146842801D15D20C643A672842929
:1042300001D1002109E0002907D0882905D00022FA
:1042400001232046F9F730FA014608467CBD0000FC
:10425000F0B58DB00C460D464C35052110222B468D
:104260000FF021FAE07D000706D409AA204629466E
:1042700012F05AFA00270AE009A80690059405A84A
:10428000EFF7AAF80746EB2801D1002753E02646AE
:104290002C3609A810223146F7F7ACFF002806D0CB
:1042A0000421002220461346F9F7FEF942E0234A92
:1042B00010683521405C217C814200D92074E07D6A
:1042C000000714D4174605A800211022F7F78BFF2A
:1042D000E07C03280FD0022813D1E06905A90870FB
:1042E000020A4A70020C8A70000EC87009E020466B
:1042F000EFF776F81FE03968443105A81022F7F788
:104300006EFF22463C3205A801AF29463B4612F01B
:104310002EFF002110223046F7F765FF227C304641
:104320003946F7F75CFFA07E02210143A1762046C3
:10433000EFF73AF8074638460DB0F0BDF0320020EE
:10434000FEB50C46897A6031C9B2002651293DD3A9
:104350006421615CC90639D44068467A2648006801
:104360003221405C02280AD10820304007D10321C5
:10437000002201232046F9F797F9064626E0A07EA1
:1043800080210143A1762089FFF7B0FC0246002579
:104390001A4B28462946FFF7C9FCA07A0227F128C4
:1043A00007D1700705D5E07A062101404D424D4105
:1043B00003271F2006406675204612F0E7FD0028FF
:1043C00006D02801A17D0143A17500263046FEBD1F
:1043D00001A887710026467105710194EEF7E8FF88
:1043E0000028F3D0A17E7F220A40A276882801D13E
:1043F0008826EBE70821BBE7F0320020307500008B
:1044000080B503200821FAF7A3FC02490968A82215
:10441000885080BDF032002080B50648C17A064839
:1044200000680830C91CC9B2044A0723FAF79AFC8D
:1044300080BDC04658310020F03200205592071050
:1044400010B5084C20684030F9F742F92068383040
:10445000F9F73EF9044805493C22F7F7C0FE12F08F
:1044600091FF10BDD8320020183100200C1B041021
:1044700080B512F099FF80BDF0B585B0049301922C
:104480000291074602203840039001243C40104826
:10449000056834350A9E2D68002D16D0002F0CD0EB
:1044A000002C03D02889029988420CD10398002857
:1044B00003D068890199884205D128463146049A7B
:1044C0009047002802D11035E5E7002005B0F0BD87
:1044D000D832002080B512F08FFF0549098A2531B6
:1044E0004909884201D8002080BD012080BDC04616
:1044F0005831002080B5012801D1014600E0032198
:10450000002800D10146084612F082FF80BD00005D
:10451000F8B50446C00625D416460D461448006872
:104520006107C90E401800695F2203232146F7F78F
:10453000B5FF002818D00146067385720C2048721A
:10454000162008720027CF7106208871FF2048715D
:1045500082200871300A4873280AC8722046F7F78B
:10456000F9FF02E0862700E007273846F8BDC0467D
:10457000D0320020074A126834321268002A07D06D
:104580001389834202D153898B4201D01032F4E760
:1045900010467047D8320020F0B585B00446007848
:1045A000002807D1606812F051FF6070A568E868C4
:1045B00000283CD06578284612F04EFF0E2808D817
:1045C00080005C490958002903D0204688470746E7
:1045D00007E0A068C36800210622284612F076FF93
:1045E00086276168002919D0882F03D0842F0CD02A
:1045F000072F10D1504800684030FAF731FA0920EF
:10460000F8F7F4F9F8F74EFA08E04B48006838304C
:10461000FAF726FA09E00846FAF729FA862F01D0B8
:10462000002F02D1A06812F065FF05B0F0BD6768E9
:10463000384612F00BFF064612F00EFF7988EA8822
:1046400004230293002391423ED80E283CD80193C4
:104650004200354B9A5A354BC340DB0705D18023C6
:104660009A439142019B03D02EE09142019B2BD3B0
:10467000411E032901D307280DD104A903AA0292E0
:1046800038460F4612F052FF3B880298008883425A
:1046900018D8002B16D06668304612F0D7FE0746B1
:1046A00035883046FAF756F901462846FFF762FF8B
:1046B00005461E2F1ED0402038401BD1162F1CD17E
:1046C000718827E00120029086271E2E89D0402085
:1046D000304086D1019305210022284612F039FF8F
:1046E000E86000281ED0034630460199029A12F075
:1046F000EDFE76E70020E8605CE7384612F0ACFE9D
:104700000E2800D96CE740000949095AE88881421F
:1047100000D301460022284612F01BFFE860002863
:1047200000D047E788275CE70E260410CC4F000036
:10473000CE2C041018310020D832002080B512F0A1
:1047400021FF0549884205D0C00004490968496E27
:10475000081880BD002080BDFFFF0000D832002077
:1047600080B510220A740278042A0DD87A4412798E
:10477000520097440A16120202004068031D1422D8
:1047800008461946F7F72BFD80BD0522D202406886
:10479000007D012809D18A8180BD0520C002C01C8E
:1047A00004E00520C002801C00E0501C888180BD10
:1047B000F0B585B006460878042811D815460C4691
:1047C0007844007940008744020D4A697E007B4EA0
:1047D000306801467031C166606812F0EBFE57E048
:1047E0008626E1E0754F386801467031C16663681E
:1047F000012076490026324612F0F1FE01A9088018
:10480000002800D1BBE012F0F3FE12F003FF02A972
:10481000009108803868C06E01A902273A46F7F770
:10482000DEFC66480068C06E801C00993A46F7F7C7
:10483000D6FC6248006868270421C15361680A7C7D
:10484000102A00D09FE0C06E0C31001D0222F7F745
:10485000C6FC5A480068C15B891CC15393E0574E9F
:10486000306801467031C1666168097870228154F0
:1048700061884A1C03A90A8071300222F7F7AFFC55
:104880003068C16E6068001DC91C12F093FEC01C28
:104890003168682288526831296084E06068017D4F
:1048A000102939D14749491C028A8A4234D14348E8
:1048B000016868312960006868211022425201466F
:1048C0008331C1666FE060688069002853D03B4F38
:1048D0003868683028606068017D10294DD1018AF0
:1048E000374A914249D104213046FFF743FE002860
:1048F0005DD0386868210225455201467031C16695
:104900003046214612F091FE04A908803868C06E36
:104910002A46F7F764FC46E0006A00282BD0274FB0
:104920003868683028606068017D10292ED1018ABE
:10493000244A91422AD104213046FFF71BFE002869
:1049400035D0386868210122425201467031C16673
:10495000304612F077FEFF282BD06168096A8B6819
:104960001949C97A49084A1C042112F07DFE3968A8
:104970007022885417E0842616E0806907E03868C2
:10498000682100224252683028600DE0006A0178F8
:10499000890701D5022100E00421415A80683A6864
:1049A0006823D152D0660026304605B0F0BD0226FD
:1049B000FAE73868702100264654F5E7D83200201F
:1049C00002290000292B000058310020FFFF0000C1
:1049D000F0B585B003920C460121090241180491FB
:1049E0000290E0300190200423D004980088102821
:1049F00007D1102202980199F7F71FFC00200499B3
:104A0000088010210D1AA9B2A2B2914200D3254606
:104A1000AFB202990818E030039E31463A46F7F7E4
:104A2000DEFB0499088828180880641BF619039691
:104A3000D9E705B0F0BD000080B512F029FE0749A6
:104A4000096860228A5A401C80B2904203D2496EA3
:104A5000C000081880BD002080BDC046D8320020AC
:104A6000F0B5002A0BD00024E543002B264600D0E9
:104A700056190F5D87556D1E641CA242F5D1F0BD1D
:104A800080B502F0CBF880BDF8B516460C46054659
:104A900012F012FE074612F014FE012E04D10E4849
:104AA0000168084630300AE001461220042E11D178
:104AB000002F0FD000290DD007480168886B2A22EB
:104AC0008B5C33438B542A880A8506222146F7F7EC
:104AD00086FB0020F8BDC046D4320020F8B50D4654
:104AE000044612F0E9FD064612F0EFFD074612F00B
:104AF000E8FD012D03D10F4800683C3013E0022D82
:104B000007D1002F05D0002803D00A480068C06CE8
:104B100009E01221042D0BD1002E09D0002807D066
:104B200004480068006D0E222146F7F758FB00216B
:104B30000846F8BDD4320020FEB5029301920D461E
:104B400007462B48066812F0C0FD440012F0B4FD81
:104B500080002043401C2840A84216D134462A3405
:104B600020782840A84212D1DF20074203D0EEF778
:104B700078F9002807D030465D300078402F09D101
:104B8000E721084208D00C2402E0122400E0D124DE
:104B90002046FEBD0028F6D1F7F7CCFD01462320C4
:104BA000074205D038460C46294612F093FD11E025
:104BB000E80702D0A07F002817D0680703D5306D22
:104BC000007B002811D038460C462946019A029BEA
:104BD000EEF7E3F821460446002CD9D00029D7D1BE
:104BE00000200146F7F724FED2E7D224F4E7C046BE
:104BF000D4320020B0B514460D46FBF7A5FC0028C2
:104C000005D0C16FB322895C2970012100E0002129
:104C100020600846B0BD000010B5044612F098FDB3
:104C2000002801D00C2010BD0248006840214454E7
:104C3000002010BDF0320020034800685F21415C75
:104C4000012008407047C046D432002010B5044609
:104C500012F07EFD6178012903D1002805D10246BA
:104C600004E000280FD00C2216E00C220B49096842
:104C70004023CB5C032B01D16E22D243032B0BD0FC
:104C8000002802D008E005480168303110220846AB
:104C90002146F7F7A4FA0022D0B210BDF03200206E
:104CA000FEB515460E46FEF7D3FF002821D0044678
:104CB000807A002801D0F1281DD1002720463946EE
:104CC000FEF702FB012E22D0B04220D8E90701D125
:104CD000B0421CD0284800683221425C03211140B8
:104CE0003230002915D0027C90231A4211D03A2785
:104CF0000DE002270BE06078A11C12F04FFD0028A8
:104D000004D0A07AFB2801D1B02700E00C27384658
:104D1000FEBD032E0DD3827B9127032AF7D0042EEC
:104D200007D10029F3D0C1781029F0D3007C4007C7
:104D30001FD46420215CC80715D12346643301A821
:104D400086710122427105711D46102211431970AE
:104D50000194EEF72DFB07460028D8D02878EF21E4
:104D600001402970D3E72046314612F037FD07464F
:104D7000CDE73827CBE7C046F0320020BCB50D4662
:104D8000FEF766FF002805D00446817D080703D49E
:104D90008620BCBD0220BCBD002D0DD06420205C4F
:104DA000C00717D16846002282714271090901715A
:104DB0000094EEF7FDFA10E0218900200622FEF7AC
:104DC000A1FA002817D00246052101232046F8F752
:104DD0006BFC02E0204612F01DF9002800D0BCBD9B
:104DE000A07DF7210140A1750E20F7F7FFFDF7F731
:104DF00059FE0020BCBD8820BCBD10B50C46FEF796
:104E000027FF00280ED0C17C02290DD1C461C17BCF
:104E100010220A43C2730E20F7F7E8FDF7F742FEAF
:104E2000002010BD022010BD0C2010BD10B50C4696
:104E3000FEF70EFF002814D00346C17C0C20022987
:104E40000ED1D97DC9060BD5074909684022895C76
:104E5000022905D100210E22184623460EF0AAFE93
:104E600010BD022010BDC046F0320020F8B51C462F
:104E70001226022803D20B480568443503E00ED100
:104E8000084805685435069F0846114611F01AFE79
:104E900006461022227038462946F7F7A0F9304618
:104EA000F8BDC046F0320020F0B585B01D4616466C
:104EB0000F4603900024049412F04AFC012801D10B
:104EC0000C243EE02A4602960B990A9B0398002880
:104ED0001BD001910393002504AB2846294611F00D
:104EE000C7FC044600282CD117480068AC21405864
:104EF0004770801C06220299F7F771F9049801990E
:104F0000039AF7F76CF92C461BE0002B05D0022A18
:104F10000BD20D48006844300CE0EDF7EEFF01289D
:104F20000CD1EEF775FA04460BE0022A08D10648C8
:104F3000006854301A46F7F752F902E0112400E0F5
:104F40001224204605B0F0BDF032002010B50C460A
:104F5000FEF77EFE002807D0817AC12906D1002CF9
:104F600006D0BA21817208E0022010BD0C2010BDCD
:104F70000C2100220123F8F797FB0E20F7F736FDEE
:104F8000F7F790FD002010BDFEB517460E46002431
:104F90000C70147002931C70FEF75AFE002809D0A2
:104FA0000546807A002807D0F12805D0FB2816D1C5
:104FB000B02419E0862417E00120019030702846C3
:104FC0002146FEF781F9387001280DD1022030709A
:104FD000E97A4907890F04D00299087004E00C248B
:104FE00002E00298019901702046FEBD80B512F0E2
:104FF0002AFC80BDF0B597B01C460192029107468D
:1050000000261E7012F024FC3546BD4207D2002E49
:1050100005D103A812F022FC06466D1CF5E7002E10
:10502000019E02D0002017B0F0BD03AF3E3700252F
:1050300003A812F013FC0028F4D1E8B2C01DB0425E
:10504000F0D803A840780121014002984155401949
:10505000401C06223946F7F7C2F82078401C207021
:10506000ED1DE5E7FEB5144606460125029101292E
:1050700005D17079C0210140402900D1002512F0EE
:10508000E7FB20463E30019027461E37204612F0AF
:10509000E5FB002815D1002D0BD0607801210140DF
:1050A00002988142F2D1062201983146F7F7A2F820
:1050B00003E03046394612F0E3FB0028E6D1002039
:1050C000FEBDB320FEBDBFB50D46044601AA08468D
:1050D000214612F0E7FB002801D112F0FDFB284623
:1050E000214612F0FEFB04B0B0BD0000FEB5044640
:1050F00012F019FC0C25002825D01226002C23D0F4
:10510000207D401E01281FD8207C80281ED010281A
:105110001AD1A089012188430321C902884215D1EF
:105120000120FFF70BFB002810D00178002907D1E0
:1051300041680A7C102A03D18989A2898A4202D057
:10514000FFF77AFCEFE72E463046FEBD002012F056
:10515000F9FB002806D04168C98A002904D040889C
:10516000401804E0012002E012F002FC401C82B270
:10517000002630463146234612F00AFC002820D093
:10518000F743E18A491E0291009001947F1C217E21
:105190008F4218D2E18A002904D0029A11043AD031
:1051A000521E0292351D401C019CE1698B5982B24E
:1051B0000120002112F0ECFB00282E46E6D18726C4
:1051C0002EE08726C0E7184800685C21425C022375
:1051D000134343540A20F7F709FCF7F763FC606AAE
:1051E00000260028B0D02020205C0028ACD021462A
:1051F0002031029100252F460195854200990CD25D
:10520000606AC01900F0D0F8002808D1243702984D
:1052100000786D1CF1E7122602E0019E94E7064635
:10522000009800F003F88FE7D832002010B504464C
:1052300012F079FB00280AD0204612F0D9F9014675
:105240001220002902D00A78002A02D010BD0C20BA
:1052500010BD084612F0DCFB0146204612F0DEFBD2
:10526000064800685C21425C0223134343540A2031
:10527000F7F7BCFBF7F716FC002010BDD832002072
:1052800080B5034601200249002212F0A8F980BD32
:10529000FFFF0000FEB50D4607460C2412F043FB4D
:1052A00000280ED00295384612F0A2F912250028E7
:1052B00006D006460078002802D10298874202D123
:1052C0002C462046FEBD304612F0A4F9019012F0A3
:1052D0008FF9074600780128F3D80121304612F0F3
:1052E000DFFB04460028ECD1029812F081F9002877
:1052F000E6D0017800292C46E3D143680198441C8C
:10530000A2B20120394612F043FB84420DD1084875
:1053100000685C21425C0223134343540A20F7F7E0
:1053200065FBF7F7BFFB0024CBE78724C9E7C0463E
:10533000D832002010B5044612F0F5FA00281BD030
:10534000204612F055F901461220002913D00978A1
:10535000012910D12046214612F060FB0748006861
:105360005C21425C0223134343540A20F7F73EFBBF
:10537000F7F798FB002010BD0C2010BDD83200209C
:10538000B0B50C46054612F033F9002809D012F0EA
:1053900041F90146681C80B20122234612F01FF930
:1053A000B0BD0020B0BD0000FEB50E46044612F0B0
:1053B000BAFA002866D01225002C64D0207D8028FF
:1053C00013D010285FD1208A3C4988420DD1206A31
:1053D000002858D082883A49C97A4908491C8A422B
:1053E00051D380680021F6F7FEFEA0782421084200
:1053F00003D06078C01F092845D8304612F0F8F86D
:10540000002840D00646007800283CD1207E811C30
:10541000304612F045FB0546002834D1304612F0E4
:10542000F9F8054612F0E4F80146681C86B2022736
:1054300038463246234612F0ABFAB04225D1304608
:1054400012F0D6F80146A81C82B20320234612F0BF
:105450009FFA002829D001970296E069002816D00B
:10546000207E002813D00026374687420FD2E069FD
:105470008019029900F05CF8002818D11C36207EB3
:105480007F1CF2E70C252846FEBD8725FBE70D486B
:1054900000685C21425C019B1A4342540A20F7F7E2
:1054A000A5FAF7F7FFFA0025EDE7872501E00546A5
:1054B000029E304600F008F8E5E7C046292B0000C0
:1054C00058310020D832002010B5044612F02BFAD3
:1054D00000281ED0204612F08BF801461220002929
:1054E00016D00A78022A13D1084612F091FA014622
:1054F000204612F093FA084800685C21425C0223BF
:10550000134343540A20F7F771FAF7F7CBFA002058
:1055100010BD0C2010BDC046D832002080B5034617
:1055200001200249022212F05AF880BDFFFF00005C
:10553000F8B50E46044612F0F6F9002875D012258B
:10554000002C73D0207D802801D010286ED1102827
:1055500008D1218A29221202921C914202D1A1690A
:10556000002963D0A1782422114203D06278D21F8F
:10557000092A5BD8102815D1208A2F4A8218052ABB
:1055800010D801239340312213420BD02278012AF4
:105590004CD100294AD129210902884202D1A069AF
:1055A000002843D0304612F023F800283ED00746AA
:1055B000007802283AD100252846314612F08AFAAE
:1055C000002835D02E46012112F06AFA054600283F
:1055D0002CD1384612F01EF8054612F009F80146A3
:1055E0006D1CAAB20420234612F0D2F9854221D1C3
:1055F000207D10280BD1208A29210902891C88428C
:1056000005D1A069828880680021F6F7ECFD0B487F
:1056100000685C21425C0223134343540A20F7F7DD
:10562000E5F9F7F73FFA354600E00C252846F8BDC6
:105630008625FBE78725F9E700D7FFFFD832002052
:1056400080B5034601200249042211F0C8FF80BD45
:10565000FFFF0000F0B585B01D46164607460491D1
:10566000FEF788FF002820D00446022D0AD3022E20
:1056700032D000210422384612F044FA812801D1A8
:105680000C202AE00A98022E11D2029603956D1C76
:10569000019006466D1E16D031880836102220462D
:1056A00012F05EFA0028F5D017E0022015E0022E75
:1056B00012D102960395019001882022204612F013
:1056C0004FFA002809D10198009038460499029AAF
:1056D000039B12F07FFA00E0122005B0F0BD1CB56C
:1056E000059C0194049C009412F048FB1CBD000032
:1056F0007CB51C4615460646084611F079FF014662
:105700001220002915D00A78042A08D0032A11D1C2
:105710004A68137D102B0DD1128A104B05E04A68A0
:10572000137D102B06D1128A0B4B9A4202D1002E08
:1057300004D17CBD002E01D081207CBD01AA304661
:10574000FFF736F80028F4D10198018829804068D5
:10575000206000207CBDC04602290000292B0000EB
:10576000FEB5019302920C46074611F06BFF12251D
:10577000FF2828D00646204611F03AFF002822D004
:1057800001460078042820D0032836D149680A7DD4
:105790008120102A30D10A8A1A4B9A422CD10298C1
:1057A0000128284628D11848C07A019A1378096A36
:1057B0008968009107221A404008431C04213046A2
:1057C00012F030FB17E02846FEBD4A68137D8120A9
:1057D000102B11D1128A0A4B9A420DD1029802283D
:1057E000284609D1019A107852781202101882B214
:1057F000384612F02DFB0020FEBD8620FEBDC046BF
:1058000002290000292B00005831002080B58AB001
:1058100001A901228A7104228A804880084605F085
:1058200069FF0AB080BD0000F0B58FB00091074657
:1058300001AC0CA1142520462A46ECF7ABFE06AEBF
:10584000012030810220B0710098B080778030460E
:105850000C3021462A46F6F7C2FC304605F04AFFD6
:105860000FB0F0BDFB349B5F800000800010000093
:10587000002800001000000010B50446022A08D0DD
:10588000012A0ED120460C300222F6F7A8FC102087
:1058900004E010222046F6F7A2FC802020740020AD
:1058A00010BD122010BD10B58AB0134601AC012204
:1058B00022810322A271A180608020460C30142234
:1058C0001946F6F78CFC204605F014FF0AB010BD0F
:1058D00010B58AB001AC638122810522A271A1803A
:1058E0006080204605F006FF0AB010BD10B58AB0F2
:1058F00001AC638122810622A271A18060802046D2
:105900000C300C991422F6F76AFC204605F0F2FEE2
:105910000AB010BD10B58AB001AC638122810722A4
:10592000A271A1806080204605F0E4FE0AB010BD9F
:10593000F0B591B000931746019102900CAC0DA107
:10594000142520462A46ECF725FE03AE0098708108
:1059500037810420B0710198B08002987080304681
:105960000C3021462A46F6F73AFC304605F0C2FED6
:1059700011B0F0BDFB349B5F800000800010000080
:10598000022800001000000080B58AB001AB1A8127
:1059900008229A7199805880184605F0ABFE0AB02B
:1059A00080BD10B58AB001AC638122810A22A27148
:1059B000A1806080204605F09DFE0AB010BD10B5A4
:1059C0008AB001AC22720B22A271A1806080049384
:1059D000204605F08FFE0AB010BD10B58AB001ACAC
:1059E00022720C22A271A18060800493204605F0EF
:1059F00081FE0AB010BD10B586B001ACA1806080F8
:105A0000638122815220207008980490204612F071
:105A100031FA06B010BDB0B586B001AC0425A58042
:105A2000608062812181D22020700493204612F090
:105A300021FA06B0B0BD10B58AB001AC63812281F5
:105A40000D22A271A18060800C980490204605F080
:105A500051FE0AB010BD10B58AB001AB0E249C7186
:105A600099805880059201200390184605F042FE67
:105A70000AB010BDB0B58AB001AC1025A571A180E7
:105A8000608000206081607222720593204605F0DC
:105A900031FE0AB0B0BDB0B58CB003AC1125A57114
:105AA000A1806080684610998180438002800790C1
:105AB0000120059011980290204605F01BFE0CB0C5
:105AC000B0BD80B58AB001AB1A7212229A7199806A
:105AD0005880184605F00EFE0AB080BDFEB501AA3A
:105AE000918050801E201070104612F0C3F906B04D
:105AF00080BD000010B5044680880849884202D164
:105B000062888A4204D00421FEF734FD002803D0C5
:105B1000204612F063FB10BD022010BDFFFF000005
:105B200070B50D46010A12240E2917D8022D15D87A
:105B300010F098FB002806D001462C310978022984
:105B400003D10C240AE0022408E00646E336002DC7
:105B500006D03078FC21014031700024204670BD11
:105B6000018F00240029F9D031788907F6D4F9F79C
:105B70007FFA3078022101433170EFE7FEB511273B
:105B8000002934D00C46019002921E461948006844
:105B9000006E0090099DEDF7A0FB042D27D82A4642
:105BA000A042029D23D33346E811291841407F20AB
:105BB000401A40B271B21227884218DB01980128BE
:105BC00015D8601EC0B201218140009E377C019C27
:105BD000012C09D11C46089B0F43377435543018EB
:105BE00004710372027301E08F4337740027384653
:105BF000FEBDC046E4320020F0B587B001890491B3
:105C0000C18805918488468807880020069006A9E7
:105C100038460EF023F8054600285AD10396029420
:105C200006988078C00751D10024102220463946BA
:105C3000FDF768FB00284BD007462A48039A911FBE
:105C400089B2122581423DD2029E062E3AD3801D92
:105C5000864237D2B24235D8059A91087C2931D88C
:105C6000511C7143049B9A0091422BD80A2B29D3D3
:105C7000834227D2019478681221017278680699CC
:105C80000979417206210825174C38462A46A04753
:105C900038462946039AA0470A2138463246254607
:105CA000A0470C2438462146059AA8470E213846BD
:105CB000049AA8477C80052039460DF0E5FF0028AE
:105CC0000AD081253846F8F7D2FE02E00C2500E024
:105CD0008825284607B0F0BD069912200EF010F86E
:105CE000019DF6E77B0C00007DEC0410F0B585B05B
:105CF00016460D460746002004903888122204AB51
:105D00000EF006F80446002802D0204605B0F0BD8B
:105D10000396398800240A222046FDF7F3FA00286A
:105D200019D006460398002817D0F8880390BB883E
:105D30007A8839883C897889BF89009401900297D4
:105D4000084611461A46039BF6F7B7F90446401E6B
:105D50002746874102E08824D7E70127706813218E
:105D60000172706845720625022230462946F8F70E
:105D700085FF082130463A46F8F780FF75800520F8
:105D800031460DF081FF002804D03046F8F76FFE51
:105D90008124BAE704980DF0D9FFB6E7F0B58BB0CF
:105DA0001E4607920691054600270A970AA90DF09C
:105DB00055FF044600287FD141480068408D1224D9
:105DC000B04279D305961098002802D0012873D1EB
:105DD00001270390002012222946FDF793FA882418
:105DE000002869D0049008A800900021012609AB82
:105DF00028460D4632460EF0CFF8002803D004980E
:105E0000F8F735FE58E001960295049E706814215B
:105E1000017270680A990979417206210A24294D94
:105E200030462246A84708213046069AA84709A8C6
:105E3000028830462146A8470C213046079AA847D9
:105E40002C460E2530462946059AA04723461024A5
:105E5000304621463A4698477580052031460DF078
:105E600013FF002808D008A80078F7F7DBFD3046BC
:105E7000F8F7FDFD81241FE00A9914200DF040FF82
:105E800008A80178342251430D4B1B685B6B5918ED
:105E9000CC70017851435918019C8C7000785043A4
:105EA00018182021039A425447840599C181079903
:105EB000818106990181029C20460BB0F0BDC0464D
:105EC000E03200207DEC0410F0B58FB01E46154680
:105ED0000C46074600200E900EA938460DF0BEFE77
:105EE000002860D140480068408DB04201D21220A5
:105EF00059E007960895159D6A0006921032002019
:105F000004903946FDF7FEF900280CD0059009A849
:105F1000009001210BAB38462A460EF03DF80028D0
:105F200003D088243BE088203DE0069A10460C30E0
:105F300003900832059F78681721017278680E99DE
:105F4000097941720621294E3846B0470821384662
:105F50002246B0470A213846089AB0470C213846F5
:105F6000079AB0470E21012238460292B04710210D
:105F70000BAB3846069A0DF0AAFB039878800520F3
:105F800039460DF081FE00280FD009AC002D05D058
:105F90002078F7F747FD641C6D1EF7E7812405980C
:105FA000F8F765FD20460FB0F0BD029E149F0E99D4
:105FB00017200DF0A5FE0C48006809A9002D11D08E
:105FC0000B7834225A43436B9A182023D7545684B3
:105FD000079BD381089B93811481054B5380491CF7
:105FE0006D1EEBE70498DEE7E03200207DEC041044
:105FF0000910000070B514460D460646F8F7CEFCB1
:1060000001460220002E13D0002911D08A780C20DE
:1060100093070DD452070BD54879A84209D1897945
:1060200000201429024602D0172904D1012222702F
:1060300070BD122070BD862070BD0000F0B587B025
:10604000059316460C46054600270697142206AB14
:106050000DF05EFE002801D007B0F0BD0394049659
:106060000D9B002B10D03E460221102228461F46D1
:106070000DF0EEFF3946042F15D022223C49895CF1
:10608000884210D30C20E7E738480068428D122080
:1060900005998A42E0D33E460C990029E4D00129B3
:1060A000DAD10126E0E70290002012220190294671
:1060B000FDF728F9002836D0044640681521017202
:1060C000606803994172062103960A25294E2046ED
:1060D0002A46B04734210298414324480068406B67
:1060E00000914018428908212046B04720462946A1
:1060F000049AB0470C212046059AB0470E25204649
:106100002946039AB047102120463A46B047658099
:10611000052021460DF0B8FD002806D02046F8F7EE
:10612000A6FC812098E7882096E7009E0F4D039CEF
:1061300006980DF00BFE002F05D0042F13D0029807
:10614000F7F770FC0FE00E982968496B8919202237
:1061500001238B544C84059ACA81049A8A811122A6
:10616000CA7049890180019876E7C046E032002074
:10617000583100207DEC0410F0B59BB00F9314460D
:1061800000251A9517AA15811895179514AA158137
:106190001595149512AA1571129517221AAB119024
:1061A0000E910DF0B5FD0746002802D038461BB011
:1061B000F0BD229B219E24991A98827A1092427AED
:1061C0000D91002948D00C960A9208935A00099222
:1061D0001032002630461199FDF794F8002845D07A
:1061E00001460D9800280B94049141D00596099E14
:1061F00030460C30109032460832049C60681821FA
:10620000017260680E9941720621A54F2046B84779
:10621000082120460B9AB8470A2120460F9AB84712
:106220000C2101222046B8470E2120460C9AB8477F
:10623000102117AB204632460DF049FA10986080C5
:10624000052021460DF020FD002800D1D2E0204697
:10625000F8F70DFC8127A9E70121002E079100D155
:10626000AEE09A4200D8ACE00426B6E088279DE76D
:106270000024264627460A9A0597A2425DD0109828
:10628000E040C00705D112A8FF210155641C761C0F
:10629000F3E702960695222180480191465C601C36
:1062A00003907D48016800221546AE4212D04B6B28
:1062B0009F5A119887420AD19B18DF78102F06D178
:1062C0009F780A2F03D19B7DE31A5B1C0FD23432D7
:1062D0006D1CEAE7304631460A9A059F069D039CED
:1062E000029E0691C9B28142C6D1761CC4E7059FC1
:1062F000F9B20898814201D3002100E001212A4629
:1063000007980140012908D112A90A5511467F1C9E
:106310000A9A069D039C3046E2E7D0B2F7F782FB6B
:1063200012A8FF2101555D480199405C2946029E53
:10633000761C0A9A069D039CD3E7F0B2F9B20818BE
:106340008627904200D031E70C98002802D1300611
:1063500000D02BE7E80700D049E74F4800680390DA
:10636000002317AE12AC0699002A00D18FE02778DF
:10637000FF2F21D0089434247C430398406B0019EC
:10638000012444840F99C1810B9981814189318015
:106390004189079110961E460692DAB2520014AB5C
:1063A00007999952069A20214454089C002181752E
:1063B000408A731C109E3946641CB61C521ED3E7DB
:1063C000C67A00200A2E36D80121B1401F46134656
:1063D000304A11421A463B4630D02F480068408D63
:1063E00012270F99884200D2E0E60C969A4200D319
:1063F000EAE6DBE600270D98002800D0D6E61A98DA
:106400000DF0A4FCE80700D0D0E623981090224CB1
:10641000206812A90A9D069B002D13D00A78FF2A36
:1064200006D034235343466BF3181126DE7013460F
:10643000491C6D1EF0E70C960D4601E00C96079D79
:106440000790C1E6D8B2342141432068406B401820
:10645000817809070FD5008927280CD1089A90B2B6
:106460000B99884200D8114689B20598C2B214AB84
:1064700011980DF073FE17A90A221098F5F7AFFED8
:1064800020683121425C059BD21842548EE6089068
:106490000691ACE611060000E032002058310020E1
:1064A0007DEC0410F0B58BB0079316460C460746FA
:1064B00000250A950AA90DF0D1FB002800D080E044
:1064C0002B46079D05974C480068418D1220B1422C
:1064D00077D3002D75D0052D73D8039402960490C0
:1064E000109F08AA01971E460693059B002D29D0F0
:1064F0003888002824D03C46174611221946F8F760
:1065000069FA22213D4A515C884219D23A463870D4
:106510003421414338480068406B4018C189069FC8
:106520008F4200D80F4680898642059B00D80646D8
:10653000BFB20697B6B22746A71C521C6D1ED5E700
:1065400004983EE00C2003998E423AD8079902291C
:10655000029A02D3069C944233D84E0032460C3243
:10656000002420461946FCF7CDFE002828D0074617
:10657000254640681921017278680A9909794172A3
:10658000321D06211E4C3846A04708213846039A82
:10659000A0470A213846029AA0470C2138463246C5
:1065A000019B0DF094F808367E80052039460DF0E9
:1065B0006BFB002807D03846F8F759FA812000E035
:1065C00088200BB0F0BD0A9919200DF099FB0A48FC
:1065D0000068446B08A92846079D029E039F002D72
:1065E000EFD00A7834235343E218568317835B2392
:1065F000D370491C6D1EF2E7E032002058310020B4
:106600007DEC0410F0B587B015460F460446002611
:106610000696192206AB0DF07BFB002801D007B0CF
:10662000F0BD002D24D000200A2202902146FCF764
:1066300069FE00282FD0064640681A210172706852
:1066400047720627022230463946F8F717FB082121
:1066500030462A46F8F712FB7780052031460DF0C8
:1066600013FB002819D03046F8F701FA8120D6E74D
:1066700022202949095C3420484328490968B0424E
:10668000D1D04A6B935BA34203D19219D2785E2A90
:1066900034D03436F3E78820C1E706980DF056FB76
:1066A000002D36D122201C49095C342048431B4967
:1066B000096800231D4600930191984220D04E6B3B
:1066C000F75AA74218D1F718FE785F2E14D17E89A9
:1066D000EAB2520003A98E523E8B7E82798BB98238
:1066E0003989272904D1B989B14200D331460091B3
:1066F0006D1C1121F97001993433DEE70C208EE70F
:10670000009881B2402904D9EAB203AB20460DF0CB
:10671000B5FD029883E7C04658310020E0320020E2
:10672000F0B585B01D4616460C46074604ABF8F793
:1067300067FA002826D104A8027834205043124971
:106740000968496B08180089272801D1862019E0BB
:106750000192B01D82B200203946FCF7D3FD00281B
:106760000FD0074646800621818132462B460CF029
:10677000AEFF02A80199817184800297ECF7EDFBCE
:1067800000E0882005B0F0BDE0320020FEB50293A5
:1067900016460C460746F8F701F905461122204631
:1067A0003946F8F717F9002D10D0044622201A496F
:1067B000085C84420CD23427674318480068406B59
:1067C000C0190189272906D1862502E0022500E0AB
:1067D00012252846FEBD2121405C032819D10191D4
:1067E000089B20463146029A11F014FD0546002808
:1067F000EFD10A480068406BC01900250199455443
:106800002046F8F7D1F90220F6F7F0F8F6F74AF942
:10681000DFE70C25DDE7C04658310020E0320020DC
:1068200003490968C822895C017000207047C0468E
:10683000E4320020012801D0122100E02E21064A76
:106840001268C823D25C824200D10021002800D106
:10685000014608467047C046E4320020F0B589B0D2
:106860000590F5F747FD33490A68902102911446D7
:10687000515840228A5C012A04D14A6C821A2E4B5C
:10688000D21851D448644031012003900870214649
:10689000C93106A80A220191F5F7A1FC00200146A2
:1068A0000490252822D007230340C408059A145DCC
:1068B000DC40E20703069B0E06ACE55C8407660F2E
:1068C0002F46F74003242740002A05D0491C002FFB
:1068D0000AD0B440A54303E0032F05D0B4402543BC
:1068E00006AAD554039A0492401CDAE7C8B20228DB
:1068F00001D212241BE00498012817D106A90A220C
:106900000198F5F76CFC0B48056802982E5848363C
:10691000C9350024304629462246FBF766FE30463C
:106920002946ECF7A2FC02E00C2400E000242046FB
:1069300009B0F0BDE432002000C0F9FF10B50F2807
:1069400011D801460120C0467944097949008F4495
:106950000B070C0F1215181B1E24272A2D30333A53
:10696000ECF76FFA31E0002010BDECF7B7FB2CE03C
:10697000ECF76FFA29E0ECF770FA26E0ECF7E5FCAB
:1069800023E0ECF755FB20E0FCF7BAFA1DE0FCF73A
:10699000B7FA0446ECF74CFB13E00EF0A9FF14E045
:1069A00011F05EFC11E0ECF750FA0EE0ECF755FC4C
:1069B0000BE0ECF759FB08E0ECF74FFA0446ECF774
:1069C00053FB604301E0ECF750FA411E884110BDD3
:1069D000F8B500250D4E30683421475CECB2BC425E
:1069E0000DD22046F8F736FB002806D04B2189004F
:1069F0004018FBF7ADFA002801D16D1CEBE7BC4253
:106A000001D30020F8BD0120F8BDC046CC320020E3
:106A100070B50C4600F0A0FB45B2F8F71BFB002D4B
:106A20001ED40646EDB2284611F01CFC002813D1F6
:106A300049208000305A80050ED40120FBF7AFFCBE
:106A400000280FD002463820042111540121284685
:106A5000FBF7ACFC842070BD3C362660002070BD86
:106A6000022070BD072070BD01710023C370090AA8
:106A7000417111788171517893780372C171D17825
:106A80001279827241727047F0B5C7B01E46154642
:106A90000F46044609A8F821EBF798FD20460FF0B1
:106AA000E1FB00281AD00446079505462C352878C6
:106AB000032805D103202146FBF74AFC002834D0E7
:106AC000AC7801250322204629460692FBF755FCA7
:106AD000002F05D1002803D0002647E0022645E01C
:106AE000049405963846FBF75AFC072600283DD04B
:106AF0000446002003902071002F1ED0182705980F
:106B0000474308370320029039460FF0C9FD206043
:106B100000282BD009A900223B4611F0ACFB2079BC
:106B200005432571029A02430AE04920800020189B
:106B3000008880061DD41A2618E00020206002225A
:106B40003820069921540598E071039E66710798D4
:106B5000002806D022711B480068417F02220A43A8
:106B60004277012104982246FBF720FC304647B0CB
:106B7000F0BD35460026002FF8D009A908AA204606
:106B800011F0B4FB002D0ED008A8058828463F3828
:106B9000C021EDF785F8628F09A9019100213F2DF1
:106BA00008D8084607E0628F8020002109AB11F069
:106BB000C5FBDBE7401CC3B20093022011F000FCD0
:106BC000D4E7C046E432002010B5144600F0C4FA01
:106BD00040B200280FD4C0B2F9F7CDF9F9F7A0FC04
:106BE0001D21C943884200DC0846142800DB14201C
:106BF0002070002010BD022010BD10B50C460FF013
:106C000031FB002806D04121405C2146F9F758F9B4
:106C1000002010BD022010BD0220704710B50C46A8
:106C20000146020A12200E2A11D81A2C0FD801226E
:106C3000A240084B1A420AD008460FF013FB002866
:106C400006D02121C9004018214611F0FFFB10BDDC
:106C5000022010BD20000804F0B593B01A9D012455
:106C6000002D08930B9101D0214600E0032100275D
:106C70009142214600D339460792069001282046CA
:106C800000D8384608430C901898024622408107E5
:106C9000C90F0592891842070392D20F89180D91E6
:106CA000199E049608360E90014608391922D30120
:106CB000C8B20A900F93E00736D00C98002800D095
:106CC00095E0ECF70BFA012801D0012000E0032049
:106CD0000B99122488420F9B00D22CE1022008431A
:106CE00003280CD1099510AD284611F0BFFB2846AA
:106CF000099D0CF0F5FE0F9B002800D11BE10E98BA
:106D0000012811D00A98F92801D3002400E00124B9
:106D1000ECF79FF84142414121430F9B00D006E12F
:106D20000E98022800D102E1304608380088002D74
:106D30000AD1012189031224884200D9FBE0B21F45
:106D400012888A4200D9F6E01224042800D2F2E028
:106D5000B11F0988042900D2EDE0814200D9EAE0A0
:106D6000301F0188062900D2E5E0994200D9E2E00F
:106D7000B01E0088062800D2DDE0984200D9DAE093
:106D8000814200D9D7E031888A087C2A00D9D2E034
:106D900072880A2A00D2CEE09A4200D9CBE0491C80
:106DA00048438008824200D8C5E0F088B18881421B
:106DB00000D9C0E010367F1C00240D98874200D215
:106DC00079E70025109510AC079820701195601C8C
:106DD00006220899F5F703FA2046ECF76FF91199A6
:106DE000109811F04DFB012807D10B24A3E0069861
:106DF000012800D99EE012249DE0FBF71FFA064609
:106E0000FF20DC30305C0C24C00700D093E08720EA
:106E100040003718FAF774FC3870FF2800D18AE078
:106E2000ED20400030180F90CC360D96049CA089C0
:106E30000990E0890290208901906689A3880C97C7
:106E4000E7882288618801200A9000900804801851
:106E50003904C9183204019BD218029B1B04099EF5
:106E60009B19F1F777FD0E9840080599084000013D
:106E700021188A890992CA8902920A8901924F8946
:106E80008B88CA88205A4988022600960904081867
:106E90001104C9183A04019BD218029B1B04099FD4
:106EA000DB19ECF7ABF90E98064070080599081845
:106EB0000399C9170140080121188A890992CA89D2
:106EC00005920B894E898F88CA88205A49880424E4
:106ED0000094090408181104C9193204D218059B3A
:106EE0001B04099C1B19ECF789F90B980F99C870C2
:106EF0000E98887106980C9A507008700C460A9E7D
:106F000096700D990D604D6007980870481C062218
:106F10000899F5F764F910A8068161788907C90F07
:106F200081721195109502F001F8044603E00029E2
:106F300000D160E71124204613B0F0BDF0B58BB04E
:106F400004A8022181760024048302A8848006908C
:106F50000590049026480990089407940294FF260F
:106F6000DC36FBF76BF90546805D20210143A9550E
:106F7000A91972B611200001285C012802D10878F5
:106F8000C0071ED1019162B6E743EBF78BFE0546C1
:106F900000684D35AA307F1C29788F420ED24721D8
:106FA00089004618017800242046ECF745F80028AF
:106FB0003046F0D004A8F9F751FD00E00C24019A06
:106FC0000EE0872040002F1862B604A80E46F9F79D
:106FD00045FD3878F9F721FB2846ECF716F93246DB
:106FE0001078DF210140117020460BB0F0BDC04683
:106FF000FFFFFF00F0B589B01C4615460E4606A9F6
:1070000005AAFDF7F7FD002810D00598407A0C225C
:10701000B0420DD90F9806A90F78791EC8401221E9
:10702000C00701D0012C05D9084610E042200EE02F
:1070300010460CE004910392ECF750F8012801D0BF
:10704000012000E00320A842049B02D2184609B0A8
:10705000F0BD02202843032809D107A8029011F0AF
:1070600005FA02980CF03CFD049B0028EED0012F9D
:1070700040D1109F38880428E8D379880429E5D3C3
:107080008142E3D8BA88062AE0D31920C1018A4296
:10709000DCD8F8880628D9D38842D7D88242D5D8F8
:1070A0003A8993087C2B31D87B890A2B2ED38B42CB
:1070B0002CD8511C48438008834227D9F889B989C4
:1070C00081420498C3D80E990020079007AA049221
:1070D00014700890501C06220291F5F780F804986D
:1070E000EBF7ECFF0899079811F0CAF900280FD0C8
:1070F0000B20ACE7EBF7ADFE014611200029A6D02E
:10710000002FA4D0072F049BA1D8B2E704989EE7D4
:10711000EBF7A3FE01280CD1FBF790F81121090130
:10712000415C012905D1FF21DC3140180078C007FE
:107130000FD1059811F0C6F90028039887D105985A
:1071400002990091019731462A46234611F0C2F96F
:107150007DE703987BE70000F8B50446FF250A4861
:1071600084420FD00026094F38683421415CF0B2C8
:10717000884207D2F7F76EFF408FA04201D0761CFD
:10718000F2E73546E8B2F8BDFFFF0000CC32002040
:1071900000207047F0B585B01D4614460E460FF02E
:1071A00061F8002808D00746049505462C35287854
:1071B000032803D10C2438E0022436E00394012490
:1071C0002046FBF7ECF8002822D001462831029433
:1071D00001910C74014630310822154B04463046AB
:1071E0001E4698472146103110220498B047334676
:1071F00026462E340222039821469847002438461A
:107200002146FBF76FFA002804D002990A4603E0F2
:1072100007240AE006220299019B1A70421E90413F
:107220001871A8783246FBF7C1F8204605B0F0BDCA
:10723000B92A0410F8B51446064608460FF012F8AD
:107240002E214156002905D42C300078022803D184
:10725000122518E0022516E0CFB20025384629464F
:1072600011F064FA38462946F9F76EFD01462B30D5
:10727000002E01D0057006E00122027010311022AC
:107280002046EBF719FC2846F8BDB0B50C4605467C
:1072900011F05CFA002801D00C20B0BD28460EF099
:1072A000E1FF002804D0E621405A20800020B0BD34
:1072B0000220B0BD70B50C46064611F047FA0C2509
:1072C000002801D0284670BD30460EF0CBFF0028C4
:1072D00015D0002C15D00146FA310988C26C4A43FA
:1072E000018F491C5143090B89B2A142EAD82E30C3
:1072F0000078012221460EF023FD0025E2E7022559
:10730000E0E71225DEE78A7812044B781B029A1810
:107310000978511801607047F0B5CBB00446EBF71F
:10732000C1FC0546207804A90291ECF79DFD0646B4
:10733000606807027B488642039737D04720870062
:1073400004A83946EBF742F9394671432A685518C3
:10735000BA21695C0C20012900D1E0E06388D906DC
:1073600006D5394671435118C98D1F2900D9D6E079
:10737000082101938B43152B06D1394671435118CF
:10738000C98D002900D0CAE07743D219116D0029B8
:10739000039B6FD0496D00292CD0097A002929D090
:1073A0003321019B0B421FD01220B8E0ECF778FD8F
:1073B000FF2817D0472189004143286845182078C5
:1073C000AA2168528C20002129504C2029543820B1
:1073D0002954E9632964A962E96228468C30416036
:1073E000029748E007209AE0B321515CA37E8B42CC
:1073F00000D094E0D78D002F039B3BD01046029E17
:10740000314680313346AE33B43604AA0092D78574
:10741000019A8A84039A02963260227B1A70627EF5
:107420001A71A26812020A60227EFD273A400421E6
:1074300003260196012A0E4600D0019EE27D032A12
:1074400000D01646DE70E27E3A40012A00D0019953
:107450002E30A27E032A039E00D011465971239636
:1074600000880099EBF769FF002801D0452056E01D
:10747000029803680293207BAE216854207FB821D4
:1074800068542846AE30617D4170A17D8170617E77
:107490000171217EFD231940042203260129114692
:1074A00000D03146E77D032F00D03946C170E17E20
:1074B0001940012900D03246A17E032900D00A4696
:1074C00042712846A230ECF701FD607FB921685473
:1074D000607BC2216854A07BC3216854A06800026D
:1074E0008021685060882F468037002179600E46E1
:1074F000B9600399E967B884A07B38712846853064
:107500000F3406222146F4F76AFE2846B430B98CBF
:107510000907029901D50449E967016030464BB07B
:10752000F0BDC046FFFF0000DC050000F8B50C46CA
:107530000546ECF799FC0321C943C91C1A4FBD420B
:1075400004D08AB2904201D112262BE089B288423F
:107550001ED047218E004643EBF7A4FB006880193C
:10756000AA214552A421415CC90705D0BA21415C3A
:10757000012901D10C2615E08C210122425001463F
:107580008C3100224A608D3006222146F4F727FE16
:107590000026BD4206D1054800684F30062221462C
:1075A000F4F71DFE3046F8BDFCFF0000E432002079
:1075B000F0B58BB00A9316460F4605460743EBF726
:1075C00071FB0446002F07D03046ECF74DFCB5495F
:1075D00088421AD1422615E025464D350026374609
:1075E0000A96287886420CD22068C019BA21415CDC
:1075F000012901D111F0FCF8472080003F18761CCA
:10760000EFE70A9E30460BB0F0BD47218A001146D5
:10761000414323685C18BA21615C012D21D14243AA
:107620009F18C220385C01252840002920D000285E
:107630000AD08C203858B96F3A468C32526805C14E
:10764000786FB96F7967B86794203858002600289A
:10765000D8D094370A980403F4F74CFE2018386009
:10766000D0E700260129CDD1204611F0C1F8C9E7A5
:10767000002807D08C203858002803D19020385893
:10768000002806D0A420385AC10704D0F98DF52966
:1076900001D91226B6E7122601463140022903D14C
:1076A0004221795A00293AD000070CD57C48AA21FA
:1076B000795A814201D00A9800E080208028A1D820
:1076C0000A9000289ED01098A62178520A990903A2
:1076D0009422B950002801D0BB217D54A8217852B2
:1076E0002046EBF722FE064600288BD13946C231F0
:1076F000384664303A4654327A67B8673E46783640
:107700000978C9070DD100210160B9666648016892
:10771000204665300622F4F762FD306808E00C264A
:1077200070E78C2179583A468C32526806C0083886
:10773000842179583A46843252688160C26020467A
:1077400011F06CF8002802D0EBF7D4FC05E03846C5
:1077500074300168326802603160384694300A90B3
:10776000B020395CBC26B85D00953B4614332246F8
:107770000893FBF763FA2046FBF7FCF91121090196
:107780007C50F8217850B4203958F0203950B85D39
:1077900081225200B854FF220432BB5C2B43BB54FD
:1077A000CA087D2A01D37D21C9003E46A436F422B1
:1077B000B9502521F8F726FCF4F79CFD02460A99FA
:1077C0000868B532002801D0101808603946BC316D
:1077D0003088C00609960A9104D420461146EBF77A
:1077E000B0FD44E03846EC3005900E460692F8F7BE
:1077F000C5F90390F8F792FF0490B120385CF8F7D0
:1078000009FE0790204611F025F8307802900026F6
:10781000009694203146079A1346F8F7F3F9034689
:10782000009520460299039AFBF7CCF90A98007854
:107830000390009696202946079A1346F8F7E2F936
:1078400003460096019508980399049AFBF724FAD9
:10785000EE203D54FC2015493950ED2007213954C4
:1078600002210598017006220699F4F761FD06468B
:10787000002811D00A980078F9F7DAF8BD20385CB2
:10788000F9F7D6F809980088C00700D1BAE6C420F5
:10789000385CF8F7C2FEB5E6BA3425700026B1E6CA
:1078A000FCFF0000FFFF0000CC320020AC1B0410E6
:1078B00080B5EBF7F7F94D21405C80BDB0B50C46C3
:1078C0000546F7F7BDFB018B2980408B2080002007
:1078D000B0BD000070B50C4605461226F7F7B0FBA8
:1078E0001B2D23D3FB2D21D8E10829291ED31049B4
:1078F0008C421BD84483058372B6018AA94200D802
:107900000D4629210581428AA24200D81446C900A9
:107910004481A92212019442234600D81346C38110
:107920008C4200D80C46848162B60026304670BD79
:1079300090420000F8B51C4615460E460746F7F77C
:107940007FFB018A3980418A3180818A2980C08AFF
:1079500020800020F8BDF0B58DB01224012831D868
:1079600016469A422EDC0546304680302AD0142B2B
:1079700028DC1298002825D00F460390049310F0BD
:1079800083FF079000240B940BAA15700C943825E4
:10799000415D0691501C06223946F4F720FC079FF2
:1079A0007C550B990C9A08AD01950AA80090381DDA
:1079B000012305900CF03AFE38372978069D0029FE
:1079C00003D03D7020460DB0F0BD059C00281FD0AF
:1079D00009A810F065FF21680AAA1278D200891858
:1079E000CA79099B1343CB71067104994171002434
:1079F00084717D21CB0003994B430360002DE0D0BF
:107A000009A80178079810300122FAF776FED8E726
:107A10000724D6E770B510F037FF0446007A002837
:107A200009D03825665D0020605510F04EFF201DFE
:107A3000F9F758FB6655002070BDB0B5012801D993
:107A40001220B0BD054610F01FFF0446012D06D1DF
:107A500038200121215410F051FF0020B0BD10F05A
:107A60007DFF382100206054B0BD10B5044610F0F1
:107A70000BFF407A2070002010BDF0B587B00128C0
:107A800001D9122428E00E46074610F0FDFE0546F7
:107A90000024059405A8077006943827E95D029133
:107AA000401C06223146F4F79AFBEC550599069ADC
:107AB00004A8019003AE0096281D012310F06DFF6D
:107AC00038353078002804D004A8007810F0A1FFE1
:107AD00000E0122402982870204607B0F0BD000094
:107AE000F8B51C4615460E46074601200221EBF765
:107AF000FDF8002800D0F8BD0021EF223846EBF752
:107B000003F90028F7D10A4F3A46403206212846A9
:107B1000EBF7FAF80028EED1062130462A46EBF7BB
:107B2000F3F80028E7D12046394600F06DF8F8BD9B
:107B3000BFFF0000F0B585B015460F4606464078F9
:107B4000ECF792F904462F48844201D1422154E0D7
:107B50000197039602954720860037466743EBF767
:107B6000A1F80568EF1904A93846ECF7C4FA0C210E
:107B7000002842D06643A819A422805A332210421A
:107B800001D0122139E00498027A002A35D1C36F5E
:107B9000002B01D0002606E001466E310022C272A1
:107BA000C7670A800126039D2978AA885702002901
:107BB00001D03B4615E003931149002400940AB21A
:107BC00021462346F7F740FF874206D24521039816
:107BD000002812D10498C4670FE02978AA885302BC
:107BE00004985A24025307600365417201990860A2
:107BF000E9888180029806700021084605B0F0BD32
:107C000081FF0000FFFF0000084000D012207047F5
:107C1000FEB504460846ECF727F906463B4886427F
:107C200001D142246EE00194472087003C46744312
:107C3000EBF738F80568281902A9EBF73BF80C2494
:107C400000285FD00198C00714D1029D287A002433
:107C5000002857D02C722846EBF70AFA6C202E5CCD
:107C6000FF2E4FD080352846F8F784FC3046F8F7D1
:107C7000DFFE47E07743E819A421405A3321084248
:107C800040D10298017A002400293BD1457A072788
:107C9000F9F7E8F8FF2834D006460298002D07D0FF
:107CA000856FF9F7DFF8FF2828D0BC21685416E06B
:107CB000806F0830F7F7C4FE002810D0124A0298EF
:107CC0000021009112B20B46F7F7BEFE0299096D32
:107CD000814204D23046F8F7ABFE452412E06C2016
:107CE00002990E540120087208466C30019A9207DE
:107CF000D20F4270881DECF7E9F803E03046F8F740
:107D000097FE3C462046FEBD81FF0000FFFF0000BD
:107D1000FEB505468468A66F7068029068784002D8
:107D20007060B0680190A8784002B060307C00902C
:107D300028793074E8780002401D0521EBF7B0FF88
:107D4000F768F060204610F072FE627A032151431A
:107D500022688A1882420DD20098307402987060AE
:107D60000198B060F76029781220002901D0002125
:107D7000E167FEBD287800280BD03046223032461D
:107D8000BD320023F375FF24047043700123137088
:107D9000C477002002469142EBD0F3695B6800246F
:107DA0009C549B189C705C70D21CF4E7F0B585B0B5
:107DB00004931546019100262A4A2B4F0390314621
:107DC000B8470446029528463146264AB847054634
:107DD0002543049CEF2220463146B847284301D072
:107DE00005B0F0BD2746029C03980EF03BFA002830
:107DF00013D0014619200091FAF7AAFA00280ED0F4
:107E00000A9D002D0DD03846F8F79EFB002825D09E
:107E1000007A00280AD10C20E2E70220E0E71A20CD
:107E2000DEE72046EBF712FF002817D00120FAF713
:107E3000B6FA002814D00246382008211154957251
:107E40000198108103981080D78094802E2000998B
:107E5000085C0121FAF7AAFA3046C1E74220BFE7E1
:107E60000720BDE7FF0E0000092D0410F0B585B016
:107E70001C4603920F460025234A244E00902946B3
:107E8000B04733460646FF22F43201973846049540
:107E900029461F469847E8210294214000D012212C
:107EA000039B0E4306430125AA030A2118463C46BC
:107EB000B847074637430A9E032230460499A04735
:107EC00038431CD1029C172C01D10C2017E00B98D1
:107ED000002802D0F8F71CFF08E000980EF0C2F965
:107EE00000280ED02E21405CF8F71EFF4671047169
:107EF0000399418001990180801D0570049805B0A7
:107F0000F0BD0220FBE7C046FF0E0000092D041063
:107F1000FEB51C4615460E4602A9FAF7B7FD074600
:107F2000002801D03846FEBD1127002EFAD0EBF70D
:107F3000D4F9B042F6D302A80078FAF75DFC301805
:107F4000C07C287001A82146F4F793F90027E9E7DF
:107F5000F0B585B00E4604A9FAF798FD044600284E
:107F600002D0204605B0F0BD1124002EF9D0EBF769
:107F7000B4F9B042F5D304A805782846FAF73CFCDA
:107F80000446761E8088400519D40127B740A07B9F
:107F90003840F040012828D10120FAF700FA0028E3
:107FA00025D038210A224254009501900294FAB259
:107FB000012000210B46FAF71FFD0446D1E72846B1
:107FC000F7F748F80390012728463946F8F7BCFE32
:107FD00002460078022101431170B740F8B20399BC
:107FE000234610F030FD0024BBE70C24B9E707243A
:107FF000B7E7F0B58BB01E4617460D4604460AA9F2
:10800000FAF744FD002801D00BB0F0BD1199122001
:108010000029F9D0079110990891FF2132464A4072
:10802000B242334600D81346089A9342ECD3FF2D50
:108030000BD06940A9422A4600D80A46BA42E3D387
:10804000E91B089A92198A42DEDC0AA80078069099
:10805000FAF7D2FB05900698FAF700FC05990A7921
:108060000692089BCB748E744F740D740A46079960
:10807000D18009A90097019602930391401EC1B2D5
:10808000069886091746104632462B46FAF714FC26
:108090000246B888400707D5964205D009A801785E
:1080A00020463B46FAF74AFC0020ADE7F0B587B022
:1080B0000F4606A9FAF7EAFC0446002847D1012F2B
:1080C00001D9122443E006A806783046FAF794FB5B
:1080D0000446858805963046FAF7C0FB2246401EC6
:1080E000C0B201268640A17B3140C1400C24012949
:1080F0002DD1D08800282AD0042005400024012F4B
:108100001ED1002D23D19188014391801220049229
:10811000F4F76CFCF4F7C6FC01270A2505983946EC
:108120002A46FAF749FC049A9188002812D03803AD
:10813000014391801220F4F759FCF4F7B3FC06E0F8
:10814000002D04D090881A490140C031918020460A
:1081500007B0F0BD480514D401273846FAF71FF9D7
:1081600000281FD0382145540599009101900498AA
:108170000290F2B2002001460346FAF73DFC0446A5
:10818000E5E7C8050598E2D43D021646F6F762FF1A
:10819000B1882943B1804221405AF1884018801D9E
:1081A000B081D4E73803049DA9880143A980C1E7C1
:1081B00033FE0000F0B587B016460D4606A9FAF763
:1081C00065FC0446002872D11224012D6FD8012EBF
:1081D0006DD8681E854106A804782046FAF70CFB86
:1081E0000246808801270146B94349199180002E33
:1081F0002BD026460024800759D430460592FAF742
:108200002DFB059A431ED8B23D468540917B2940FF
:10821000C14001291ED1908802210143918040056F
:108220001AD401270A22304639460492FAF7C4FBD1
:10823000002828D03803059A9188014391801220A4
:10824000F4F7D4FBF4F72EFC31E002208143918057
:1082500000242CE00C242AE03546304639460493AD
:10826000F8F772FD06462846F6F7F4FE0146307828
:10827000FD220240327004988740F8B23246059BD6
:1082800010F0E1FB13E001273846FAF788F80028E0
:10829000D0D03821049A425400960190059802905B
:1082A000EAB2002001460346FAF7A6FB0446204640
:1082B00007B0F0BDB0B514460D46FEF74DFF40B215
:1082C00000280FD4C0B2FAF7CDF982790321530701
:1082D00000D50A462A70C079420700D508462070AA
:1082E0000020B0BD0220B0BDF8B515460C460126F1
:1082F000064004D11121072C19D8002C17D00221D7
:10830000084004D11121072D11D8002D0FD00727C7
:10831000002801D03D4600E03D40F6F791FEC577CC
:10832000002E01D03C4600E03C4084770021084606
:10833000F8BDF0B58BB00F46064680B20DF092FF47
:10834000002824D0054608202946FAF701F800281D
:1083500006D10B202946F9F7FBFF002800D180E069
:10836000380AFB0705D1C1B21124072910D800290A
:108370000ED0390CBF0705D4CAB21124072A07D87A
:10838000002A05D0360C022E05D9112400E0022463
:1083900020460BB0F0BD05930724204008AA0492A4
:1083A00010702140069707AF39702E202D5CF6F72C
:1083B00047FE0699002901D507461F370390284636
:1083C000F6F748FE069002952846FAF74BF93D78F5
:1083D00005990029049901D003991E310978059166
:1083E0008170C5702640074600D03E8004200122DF
:1083F000E907014600D0114602230495AD0700D5D8
:10840000194603931346FE79B14200D10491059AAF
:10841000D50700D01846920700D503980397BD7979
:10842000A84200D10590069F2C37B1421BD1A8422B
:1084300019D10320710700D5064606994A8F009688
:10844000690700D505460220002421462B46FAF78D
:108450002FFB032D53D10398008801284BD0042112
:108460004AE01A2494E701200190F9F798FF0028C8
:108470008ED00546069A923238200621295410885B
:10848000E88109A8029E06710995EAF72AFF387863
:10849000032822D1039B9F790420042F0146059CC9
:1084A000019A0AD06107014607D4012F114600D076
:1084B0002146C907114600D10221DB790095042B22
:1084C00002D0049A104082080123304610F00EFBBF
:1084D0003046214610F052FB02E000202874059C33
:1084E00004982875EC7400246C74012130462A46E7
:1084F000F9F75CFF4CE70621787DF7F71EFE032EA7
:1085000000D045E703980088012801D0042100E04D
:108510000621787DF7F7DCFD3AE70000F0B58FB073
:1085200005460AF003FE002801D00C2059E100277F
:108530000D9728780DA908700E97481C691C062213
:10854000F3F74DFEA84800689026805980680E9A7F
:108550000D990BAC01940CAB0093001D0123069305
:108560000CF064F8217800290A9638D09E480068FB
:108570008059806841680CAA1278D2008918C9799C
:108580007F240C402821614300684018EE1D102212
:1085900009903146F3F72EFE1735002808D0102237
:1085A00009983146F3F71BFE2720FF21099A115441
:1085B000099E1036102230462946F3F71BFE00288C
:1085C00009D0102230462946F3F709FE0020F3F7C0
:1085D000CEFF09990862089483480A9974E000283C
:1085E00016D0814800680A99405881680868497A1D
:1085F00000290FD002462432002308931378002B61
:1086000008D02832089B5B1C08939942F6D101E000
:108610000720E6E00899CAB2282107910392514346
:1086200046180C980990E91D102430462246F3F7AD
:10863000D6FD30461030173529462246F3F7CFFDD8
:1086400000252846F3F793FF2721FF223346725473
:108650002626099999550121998418620D980E9939
:1086600010F08EFA0028089802D08020089908435C
:108670005D4B19680A9C0959896849680CAA1278E7
:10868000D2008918CA790243CA71186800598268F1
:10869000137A002B15D0106809905268D21D30460D
:1086A000079E194613787F241C407443099B1B19AD
:1086B0001D540B4608326D1CA942F2D14A480A9952
:1086C00001E021464848039C282204925443006854
:1086D00040588068C1690A79002A03947AD00068FA
:1086E00000190990273005903C4607970868C15942
:1086F000C0194268002609983346F6F7DBFB0A9B4F
:108700000028394D53D02868C0588168C86900686E
:10871000C2190723D256002A2ED4D0B2314610F007
:1087200043FA28680A99405881685E200A5CC96942
:108730000B790968C919CE71991ACAB27F2A2A46DB
:108740003D4600D37F2112680A9FD2599268D269B0
:1087500012685219D3790B4380211943D1712249F0
:108760000968C95989680A5C521E0A54C8690068B8
:108770003B462F461C4D0AE0C25D7F231340049AFE
:1087800053430968C9182722FF238B540A9B059974
:108790000C70C6552868C0588068C0690068C15D03
:1087A000089A114380220A43C25506980790286808
:1087B000C0588068C1690A790837641C944295D30F
:1087C0000799002906D01C46F8F7F0FC0648006817
:1087D000005980680068039941180DA8EAF7DBFB8F
:1087E00000200FB0F0BDC046E4320020F0B58BB0E1
:1087F00004460AF09BFC002801D00C206EE0002704
:108800000997207809A908700A97481C611C06225C
:10881000F3F7E5FC324E30689025405980680A9A9B
:10882000099907AB019308AC0094001D0123049340
:1088300010F0B3F8207800284FD007A801782A4616
:108840007F2529402820034606914B433168039237
:10885000895889680A68D31824241F5505910B7A12
:10886000002B0CD005994C68E41D21782940414328
:10887000511826268F5508347F1CBB42F5D1059828
:10888000C0690179002926D00027049E0268FFB242
:10889000FB00D2180723D356002B04D513782B40A6
:1088A000069CA34204D008327F1C8F42F2D30EE014
:1088B000FCB22146F6F748FB094800680399405886
:1088C0008068C06901790026A142DFD801E0F00785
:1088D00001D1F8F76BFC002000E002200BB0F0BDE6
:1088E000E432002010B50AF021FC002801D00C244D
:1088F00003E000242046EAF7E5FB204610BD000017
:1089000003480068902140588068407A7047C0460C
:10891000E4320020F0B583B01446064600270197E4
:10892000087801AA10700297551C491C0622284697
:10893000F3F755FC02990198F6F742FF014602064B
:108940000220002A23D4134A12689023D258926836
:108950001368002E09D0282048431818016A1030E7
:10896000002201ABF8F78CFB0BE028254D43591989
:108970002723C95CFF290AD0C800116A09680818B2
:10898000451C062220462946F3F729FC384603B049
:10899000F0BDC046E4320020F0B581B0114E316820
:1089A0009027C9598A68146D7D21CD00454328322E
:1089B0000021104610F034F901463068C059806833
:1089C000056500290BD42A1B8B18012B05DB2830E9
:1089D00000210122F9F791FE01E0F8F701FC01B056
:1089E000F0BDC046E4320020F0B583B015460E4617
:1089F00007460AF09BFB002801D00C241CE0002451
:108A0000019401A807700294401C06223146F3F736
:108A1000E6FB02990198F6F7D3FE01060BD4282154
:108A200041430748006890228058806800684018D9
:108A30002521455400E00224204603B0F0BDC04685
:108A4000E4320020F0B581B00C460646012010F05B
:108A500003F90746022010F0FFF807434225002FD4
:108A600017D00D4F002807D03046EBF7FDF9F91C61
:108A700089B2884203D10CE03846EBF7F5F947217B
:108A80008D004543EAF70EF900684019C6214454A9
:108A90000025284601B0F0BDFCFF0000F0B587B00E
:108AA00015460F460646EEF7C1FF002801D00C24FC
:108AB00025E01224012F22D80F2D20D8F8F71CF919
:108AC00002900024059405A90F700694481C0F46D7
:108AD00006223146F3F783FBFD710599069A03AD33
:108AE000019504A8009002980C3003230BF09EFD22
:108AF000002800D107242878012800D1122420461C
:108B000007B0F0BD80B5EEF791FF002801D00C2032
:108B100080BDF8F7F1F80C30F8F7E4FA002080BDDA
:108B2000F0B589B01C4615460F4606460C20059048
:108B3000EEF77CFF00286ED1109917296BD03046D4
:108B4000300612220592C00E65D123460E9CA00865
:108B50007C2860D80F9A0A2A5DD3012080038242C4
:108B600059D8E820084056D1049200220792069274
:108B70003046F0071CD112200F2F05904BD80194DE
:108B800002920391012D46D8284606AD2870681C34
:108B900006221946F3F723FBEF710698079910F0A8
:108BA00065F800280399029A019C01D00B2031E05E
:108BB000019402920391F8F73FF904460720002C34
:108BC000059028D0F8F74EF9FF2824D027467637AD
:108BD0002546AF350590A879F8F76CF9A879EAF73A
:108BE000C4FA019838800598E87003986871049871
:108BF0000003606607980699A164E06407200640B8
:108C00000A207040297801432970F8F775F8A9798E
:108C1000017202980590059809B0F0BD70B5EEF7A5
:108C200005FF002818D0F8F767F8007AF3F7B0FAD4
:108C30000446AF20215C10220A4322542046F9F753
:108C400087F906462046F7F795FC0025002E04D14B
:108C5000204610F033F800E00C25284670BD10B512
:108C6000010A0E2901D9122010BDEAF7EFFF0028F2
:108C70000ED00446AF20215C20220A432254204615
:108C8000F9F766F9002805D02046F7F773FC04E0F1
:108C9000422010BD204610F011F8002010BD80B514
:108CA000F8F72AF8407C80BDF0B587B015460F462E
:108CB000064606A80270EEF7B9FE002801D00C2483
:108CC00022E01224012F1FD80F2D1DD8F8F714F819
:108CD00002900024049404A90F700594481C0F46C8
:108CE00006223146F3F77BFAFD710499059A06A82E
:108CF000019003AD009502980C3003230FF04DFE58
:108D00002878002800D14224204607B0F0BD10B5D5
:108D10000C460146020A12200E2A0FD8032C0DD849
:108D20000846EAF793FF002809D0AF21425CF923F7
:108D30001340A207520F9A184254002010BD42203F
:108D400010BD0000F0B589B0039315460E4600270C
:108D5000264A02903946E9F7D7FF044601218022CE
:108D600004952846E9F7D0FF0546254334462049B7
:108D70003046FEF749FF284301D009B0F0BD02AEEE
:108D800061CE10F027F800281CD0029404466C3401
:108D9000A27812233146B24212D301902E46049893
:108DA000B84211D01D46F05D00217F22E9F7ACFFEB
:108DB0000028E2D1F05D7F1CA17888422B46EED3DB
:108DC0001846DAE74220D8E70298208005AC0498DC
:108DD0003146224610F007F872B60198483010224A
:108DE0002146F3F7FCF962B60020C6E7FF0E00004B
:108DF000BFFF0000F0B58DB00A93144609910890AA
:108E0000F9F71CFAFF21DC31415CC90700D082E090
:108E10008521490041180291ED2149004118019135
:108E2000CC30049012980790FA202040411E8841CF
:108E30006542654105430126600703943440C00F35
:108E400000940019069000270620059078430A9A9E
:108E500011188C88105A0C9048880B90EAF73EF94C
:108E6000012801D0304600E003200021089A9042FA
:108E7000304600D30846099A032A324600D80A46EB
:108E800010434BD1E90749D10B9800040C994118C4
:108E90000A061220520E3FD1079A012A06D1224A11
:108EA000914239D801229203944235D88A0C33D0AA
:108EB000042C31D3090CA1422ED37F1C0025069827
:108EC0008742C1D3039D01998D7109980870089854
:108ED000C8700020049C2060606000990029014651
:108EE000029E09D00A9B99885A881B783370120217
:108EF00022610902A16101216A070DD5059D4D433B
:108F00000A9B59198A8849885B5D737009026161FF
:108F10001102E16100E00C200DB0F0BD002801D18C
:108F20001120F9E71220F7E7FFFF0040F0B58BB002
:108F30000546F9F783F90746FF200146DA3179182B
:108F4000DC303E5C01231E40287A3A46002817D0C8
:108F50001224012800D0E6E00891A97A012900D066
:108F60000221687A814200D2DDE007922968002957
:108F700019D06A68002A16D0D001814216D3D2E0F7
:108F80000024002E00D1CEE0204615460E460FF0FC
:108F90004EFF2846EAF739F93079800700D4C2E05D
:108FA000EAF7ACF8BFE0022800D1BCE005930898CE
:108FB0000079022104910843032809D109A80690E9
:108FC0000FF054FA06980AF08BFD002800D1AAE0B1
:108FD000002E0CD128460799EAF70CF90446002820
:108FE00000D0A0E04520800038180FF029FF432072
:108FF000800038180390A83703CDC90406910403F4
:10900000083DF3F777F9089A9178C90753D1012100
:10901000039A517102911180002179640191B96420
:10902000697ABC65002C069B00D12346FB65089A33
:1090300011707D21C9004118F96439653960796082
:10904000002C079800D1214679650FF0FFFE3748C4
:1090500002683748006801997961B961089909790E
:109060003975C90701D04F3002460692384615308F
:10907000062411462246F3F7B2F87869B969F86117
:1090800039620798406E801C06992246F3F7A7F8CC
:1090900008990879800702D5EAF72CF808998878AA
:1090A000A97A012901D104990843079A0299084332
:1090B000089988700FE072B6697A1170002C114619
:1090C000069A00D12246BC65FA65002C079A00D1A9
:1090D0002046786562B60024002E24D1C879C007E6
:1090E00018D0002110461646F9F712F8B06EB17D7F
:1090F000AA7A002A059B04D1039A1279521E534280
:10910000534100273A46F8F72DFF30463946F9F724
:1091100041F83246A87A002802D11046EAF762F8F0
:1091200001200FF084FE20460BB0F0BDCC320020B1
:10913000E4320020F0B589B00D46010A0E2901D9AC
:10914000122047E01C4616460DF08CF8002806D089
:1091500007462C300178032903D10C203AE0022085
:1091600038E00894807800240F2207902146F9F710
:1091700004F9002801D03A202CE00694109A0F9CA4
:109180000E99FA3738880F460094059201920290A2
:1091900028463146089A3B460FF06EFE002819D14A
:1091A00004940120F9F7FBF8002812D00246382079
:1091B000069C145405985084049810845683158393
:1091C000D7830898908301210798F9F7EFF8204694
:1091D00000E0072009B0F0BDF0B585B014460F4699
:1091E00006460A9D049300930195002031463A46B5
:1091F00003942346F5F7CBFD0446002808D1F5F784
:109200001FFF0586C78586850399418504990185D9
:10921000204605B0F0BDF0B587B00E46010A0E2914
:1092200001D9122042E01D4614460DF01BF800281B
:1092300039D007460D992B4625460C9CC06C0094EE
:109240000591019131462A460693F5F7A0FD0028C5
:109250002CD10495069D0394FF2028303C182078DB
:10926000810722D439462C313A46FC32097802294A
:10927000029205D1118D89061AD40121084320706C
:109280000399049A059B029F3B81FA80BE807D80F2
:1092900039800221014321701220F3F7A7FBF3F775
:1092A00001FC002002E0022000E03A2007B0F0BDFF
:1092B00026203946F9F74CF80028049A02D0207885
:1092C0000399DFE71A20F1E7F0B587B0C7B21223A0
:1092D000272F01D9184639E00D460646010ACCB2BF
:1092E0001120002C32D0042C30D8300CC0B20490A5
:1092F000012818462AD8280C019003922B0A300E18
:10930000029005A8012200924271019A0271C37075
:109310008570029A427001700FF0DAFD039A0028FE
:1093200014D1FF2000060640049800048019210291
:109330004018C01929460FF0CDFD002806D1044879
:109340000068417F009A11434177002007B0F0BDCB
:10935000E4320020F0B589B0059317460691064621
:10936000C4B21225E9F76DFD272C0DD80497FF270D
:109370000128384600D02520310ACAB2824203D8DB
:10938000300CC3B2072B02D9284609B0F0BD310E0C
:1093900011200029F9D003920429F6D80293069AE5
:1093A000100C0090100A019007A800224271009B47
:1093B00003710092C270019A8270069A4270017025
:1093C0000FF086FD029B0028DFD1059800067F2163
:1093D0000A06904204D03F21490688421CD18121CF
:1093E0000598B8431A46CBB20343FF200006064057
:1093F0001004801903990902401800190699049A6B
:109400000FF04AFE0028C0D10C480068417F0122BD
:109410000A4342770098B8E7812109068842B3DB06
:109420000549884206DB7D210906884205992846C0
:10943000ABD1D5E70599D3E701000014E432002051
:1094400010B5801EC3B2022B06D840B2830006A01E
:10945000C05808A4E35801E050200323994008189D
:10946000D100401810BDC0462C000000D002000002
:10947000CE01000002000000060000000400000011
:10948000A446521E08D303780C78401C491CA34202
:10949000F7D0181B644670470020644670470000F0
:1094A00081B0244800684003800F00900098002895
:1094B00001D101200090009801B0704710B5040060
:1094C000FF2020708020C00541681B4A914201D1D5
:1094D0000321217001680F220909114061700168A0
:1094E0000A40A270406860601448006880B2401C66
:1094F0008000A060FFF7D4FF002804D0FFF7D0FF62
:10950000401C800301E0C020C001E06010BD10B528
:109510000B4C21002822E9F723F80020206010BD21
:10952000084800688007800F022801D10120704799
:10953000002070479000504841E0010214100040A4
:1095400034000020B01600600120FFE719490860D0
:10955000002070470120C04316490968012900D145
:10956000002070470020EFF3108172B6114A136893
:10957000012B02D00120C04301E00323136081F3DB
:10958000108870470020EFF3108172B6094A136803
:10959000032B02D00120C04301E00123136081F3BB
:1095A0001088704780B50A00034900F092F802BDA8
:1095B00000000000F4040020B819041080B5FFF783
:1095C000E1FF00F0B5F80FF017FF01BD80B5FFF720
:1095D000D9FF0FF011FF01BD10B50B00521E815CC9
:1095E0009C5C091B01D1002AF8D1080010BD0000C5
:1095F000F8B50E00634D2C7801281AD1202200BF47
:109600006FA13000FFF7E8FF002801D404201BE021
:10961000FB2121405C4B00220024A700F059DF19F8
:109620003860641C082CF8DB20331A602970002095
:10963000F2BD00BF5AA102280ED120223000FFF750
:10964000CBFF002804D40120204328700120F2BD64
:10965000FE2121404D4BDEE70328F7D120223000C8
:10966000FFF7BAFF002801D40220EDE7FD212140D9
:10967000474BD0E7012808D143480022835C8B5434
:10968000521C202AFADB00207047022801D13F48F3
:10969000F3E7032801D13E48EFE70120704780B58A
:1096A000FFF752FF3B48016808220A430260016845
:1096B00004220A430260016801220A43026001BDDC
:1096C00080B5FFF747FF002801D1032002BD01202C
:1096D00002BD70B505000C001600FFF743FF00281F
:1096E00001D0012017E02900264846660120FFF737
:1096F0007FFF01280CD021000220FFF779FF01280D
:1097000006D0210020310320FFF772FF012804D189
:10971000FFF738FF0220C04370BD1F4801680122D7
:109720000A4302600168012291430160002070BD7C
:1097300010B5144C207800281AD118480068002869
:1097400016D16021201DE8F741FF211D0120FFF700
:1097500091FF210024310220FFF78CFF21004431CA
:109760000320FFF787FFFFF70DFF211D002005E015
:10977000FFF708FF03206060211DC043626E904721
:1097800010BD0000B03000206C0430489004304818
:10979000B404304808003048000030480004304825
:1097A000FFFFFFFFFFFFFFFFFFFFFFFF00000000C5
:1097B000000000000000000001000000FFFFFFFFAC
:1097C000512563FCC2CAB9F3849E17A7ADFAE6BC63
:1097D000FFFFFFFFFFFFFFFF00000000FFFFFFFF95
:1097E00081B028490A6A012002400CD10A6802436C
:1097F0000A600A6882430A600A6A02430A62096AC6
:10980000084000900098002001B07047F3B51E4951
:109810000B785B1C0B7001231C4C6F460D78019E6E
:1098200036682660019E76686660019EB668A6600E
:10983000019EF668E660066826614668666186688D
:10984000A661C668E66164263E70266B1E432663E9
:109850006E463678761E3E70666B1E4003D06E46AE
:109860003678002EF4D16E463678266A1660666A1F
:109870005660A66A9660E66AD6600E78B542CDD18B
:109880000020F6BD40004048FB3200202800006068
:1098900010B5040007D002230022A1680FF0AEFD2E
:1098A000010003D00CE06120400110BD0020102217
:1098B0002261024683001B19401C5A610428F9DB0F
:1098C000606A102801D0024810BD084610BD000093
:1098D0001D0C0000F7B500258AB00E46044600288E
:1098E00004D0002E06D10C98002803DD6120400131
:1098F0000DB0F0BD0C98002804DB102804DA2079A4
:10990000800601D48C48F3E72079410701D4810710
:1099100002D58948401CEBE74021084320712046CE
:10992000143008901CE0002081004A1992195378E5
:1099300017781B023B4397785BBA1B043F02D2782F
:109940003B4313430A195269401C534004AA535025
:109950000428E9DBA26804A808990FF0A1FD009D86
:109960000C992846103000908842DCDB2079800674
:109970001ED400291CDD002081004A199219537859
:1099800017781B023B4397785BBA1B043F02D278DF
:109990003B4313430A195269401C534004AA5350D5
:1099A0000428E9DBA26804A808990FF079FDC0E05B
:1099B0000020009001900290039069460846A2683A
:1099C0000FF06EFD00998722C80F5043019A49009D
:1099D000D20F114300910199029A4900D20F11430D
:1099E00001910299039A4900D20F11430291039900
:1099F0000C9A4900414028461030039190421AD1F8
:109A0000002081004A1993195A781F7812023A43AC
:109A10009F7852BA12043F023A43DB786F461A43EA
:109A20000B195B697F58401C7B405A4004AB5A506D
:109A30000428E6DB74E0009A8723D00F5843019B8B
:109A40005200DB0F1A430092019A029B5200DB0F77
:109A50001A430192029ACB0F52001A4302924A0013
:109A6000424003920C9A0020531BDA179C46920F37
:109A700062449210964616E081004A1993195A786A
:109A80001F7812023A439F7852BA12043F023A43B7
:109A9000DB786F461A430B195B697F587B405A404D
:109AA00004AB5A50401C8645E6DC81000A196B461F
:109AB00052695B5867465A4004AB5A507F1A0022DD
:109AC0004B19BC469E460BE073469B18F35CD700CF
:109AD0001825ED1BAB4004AD6F587B406B50521CFA
:109AE0009445F1DC002A09D0D600182204AB961B5D
:109AF0005D588022B24055405D5005E004AA53589D
:109B00000125ED076B40535004AB6A4605E0810028
:109B10000D196D69565875405D50401C0428F6DBE0
:109B2000A268184608990FF0BBFC2079042108436D
:109B300020710020DCE600001D0C0000F8B5164680
:109B40000F46040009D0002E07D025468035E86D69
:109B5000401E102804D31348F8BD61204001F8BD11
:109B60002079400604D4002211462046FFF7B2FEB9
:109B70002079022108432071002018210CE0C2172F
:109B8000920F121892089200121983075269DB0E85
:109B9000CB1ADA403A54401CEA6D8242EFDC0020D6
:109BA0003260F8BD1F0C000081B08020C002164951
:109BB0000A6802430A600968084000900098134848
:109BC00001680422914301604168C907FCD54068DF
:109BD000104000D0012001B070470D490A68D2073B
:109BE000FCD549680180002070470121084A1368AC
:109BF0000B40FCD05368038013680B40FCD05168C5
:109C0000418000207047000050004048000060483C
:109C10000400604801009D480078002802D000BF81
:109C20001FA200E026A20020C3B2D3568B4203DA63
:109C3000401CC3B2202BF7DBC3B2D256914202DAEA
:109C4000C1B2022902D2C1B2202900D1401EC0B245
:109C5000704700008D490978002901D010A200E06A
:109C600017A20121CBB2D356834203DA491CCBB2EF
:109C7000202BF7DBC8B2202800D11F21C8B27047C3
:109C8000B6490978002901D005A100E00CA1020025
:109C900001D0202801DB7F20704708567047000064
:109CA000C4EDEEEFF0F1F2F3F4F5F6F7F8F9FAFBA4
:109CB000FCFDFDFEFF000102030808080808080873
:109CC000C4E9EAEBECEEEFF0F1F2F3F3F4F5F6F7BA
:109CD000F8F9FAFBFCFDFDFEFF0002030405050692
:109CE0001F2070471F2070479C4A1278002A03D01B
:109CF0001222D243082302E01622D2430623027026
:109D00000B707047F8B5614D2E7880218904944A14
:109D10000123DB43012407001BD0002E27D12C7028
:109D20004D0C904E37682F433760366835400095AC
:109D3000009D55682543556095681D4095601568E0
:109D40002B401360D3682343D3601461864A1160AB
:109D50000DE0012E0BD100262E70D5682B40D3606C
:109D6000824B1960BFF34F8FBFF36F8F146180492F
:109D70008B686202134020D18B6854002340A342B9
:109D80001BD08B681A438A600A685307DB0FFBD12C
:109D900004220F23DB430028886804D003400E20F0
:109DA0001843886002E0034013438B608868714B5E
:109DB00003408B6008681040FCD0F1BD3348007848
:109DC000002800D1704710B56B48026801210A4095
:109DD0000CD06A4A536CDB06136803D502241C437B
:109DE000146002E00224A3431360016010BD400030
:109DF000634BC018C003012902D18021890102E010
:109E0000022901D15F494018D10006220A435E4968
:109E10000A60DC31C20DD20043025B0F13430B65B5
:109E20000003000B401C000BC8640020886419204C
:109E30004864092008600320544A106039200860F3
:109E4000534800680428FBD13B200860704700009D
:109E50007F2801D1080070477F2909D0052A07D241
:109E6000091A00BF4EA39A565143C910401840B278
:109E7000704701207047202901DA022801DB1220F7
:109E8000704745484171002070470000FD320020B6
:109E9000B8B587B0404D2A79002A4DD16A46107076
:109EA00068460078282802D20F00032F01D3122021
:109EB00043E0002403AA01A9E0B20FF02FFB002029
:109EC00001A9095C002937D1401C0828F8DB641C73
:109ED000002CEFDD01A800BF33A11422E8F740FBFE
:109EE00028780190E878002803D001988021014368
:109EF00001912A4C01A920000FF07AFB0022297859
:109F000020000FF01DFC0122A878297801402000D4
:109F10000FF016FCE878002804D0012280212000F0
:109F20000FF00EFC6A79390068460078FFF75FFF92
:109F300001202871002000E00C2008B0B0BD1649B7
:109F40000879002807D0134A002010600F4B1860D2
:109F50005064087170470C2070470000FD320020EB
:109F60002C0000405400404800E100E080E100E0A7
:109F700014005048FFFDFFFF3C00004054160060F5
:109F80006209000000E0FFFF141500600814006083
:109F900098160060F0150060F804002000001048DA
:109FA000070503020100000000000000010000009E
:109FB000000000000000000000000000F8B584B0C0
:109FC0000124BD4B1969BD4A914215D119681A681F
:109FD0001D681E687602760F03961B685B015F0F93
:109FE00002940F232D0C1D40160AF02232400192DC
:109FF000090A0B40009305E00825009570210191A6
:10A0000000210291AE4E00213171002801D00FF0E5
:10A01000CBFB0320C043AB4989680140A94A91604A
:10A0200011468968084011468860A7480168A74A18
:10A030000A400260A6490F22D2430B6B13401D4316
:10A040000D63CB6AF025AB43019D1D43CD62CB6A06
:10A050001A40009B1343CB62029A002A0FD00A6871
:10A0600007239A43039B5B075B0F13430B600A684C
:10A0700038239A43FB0038251D4015430D605523B6
:10A08000944A1568FF27BD431D431560D568BD433D
:10A0900066272F43D760156AFF27BD432B43136202
:10A0A000136CBB431D251D431564D36BBB4359255E
:10A0B0001D43D563536CBB4332251D435564536A1E
:10A0C00023435362844B75681D40A7032F43776079
:10A0D0007768824D3D40FC27BF032F43776075684A
:10A0E0002D022D0A90273F052F437760B7687B4DDF
:10A0F0003D40E827FF032F43B760B5682D022D0AC6
:10A10000E027BF052F43B760B568FF27BD4376271B
:10A110002F43B760B5681D40E827BF012F43B760E4
:10A12000F7686E4D3D4027052F43F760F7686C4D8B
:10A130003D40C0277F052F43F7603569FF27BD43AA
:10A1400005272F433761F568FF27BD4314272F43A9
:10A15000F760F5682B40A025ED001D43F56073699D
:10A1600004251D4375617369E5051D4375617369B8
:10A1700065071D4375615B4B1C745E255D740D6B3B
:10A180009D74DC745D251D75CD6A5D759C755225C9
:10A19000DD75096819765C76122199761168D97691
:10A1A0001C7715215977D1689977DC771A212025FA
:10A1B0005955116A21255955012122255955222128
:10A1C00023255955116C242559550121252559550B
:10A1D000212126255955D16B27255955012128259F
:10A1E0005955232129255955516C2A2559550121A5
:10A1F0002B2559551B212C255955516A2D2299542F
:10A20000002100222E255A551A0010321A605A6079
:10A210001A000C329A60D96019683268316032498C
:10A220000C607269A307134373618A6922438A61D0
:10A2300024490A680A60C2692243C26182691443E0
:10A240008461086805B0F0BD284908684A681202B0
:10A25000FF231B021340C0B21843896801D00C29A8
:10A2600001D37F200EE006225143773901E0891D9A
:10A2700040081F28FBD2FF22A23250431C4A8018FC
:10A28000800A081840B2704770B50E4CA569266860
:10A29000266000F0A4FB2E433000F2F7F3FB00F041
:10A2A0008EFB206870BD10B5124C20682060F2F75C
:10A2B000F5FB206810BD0000E81E0010CCECBCFCD3
:10A2C000C00000200400006028180060FFFFFFBFEE
:10A2D0004816006048150060FF00FFFFFFFF00FF09
:10A2E000FFFFFFC0C031002010140060A416006002
:10A2F000A04600002C14006080B5FFF75FFD01BD93
:10A30000010005D40121C006C00E81407A480160D9
:10A310007047C1680322914302220A43C26070471A
:10A3200009E0C0688007800F022801D10120704732
:10A330000020704700BFC16803229143C16070478D
:10A34000C0688007800F032801D1012070470020DA
:10A3500070470161704700697047816A8022D205A9
:10A360000A4382627047816A644A0A408262704787
:10A37000816A4800C00F70474162704700697047AA
:10A38000816A802292050A4382627047C948026846
:10A3900007239A434907490F1143016070478068BA
:10A3A0007047C0687047F1B50127C348C06B384398
:10A3B000C149C8630846806B384388631720FFF79C
:10A3C0009FFF1420FFF79CFFBB48406B3843BA49FE
:10A3D00048630846006B384308631820FFF790FF76
:10A3E00000980088C92800DAC820B44D29008C31B3
:10A3F000486100984068002800D00120287000269D
:10A40000000603D100988078002813D0AC48C168BA
:10A410003940FBD017210160C1683943C1604660F3
:10A42000C1683940FCD02800103000F089FBE86991
:10A43000286209E0C82040032862E861A148A861B9
:10A44000A1482861B048686100984068002802D19E
:10A45000A020C0050DE000030A21E9F721FC686097
:10A46000AA4C200000F0C6FA01006868884202D3B6
:10A47000200000F0BFFA68602E7300980088A8667C
:10A48000A96900F0E3FBA24C0020207000212A0003
:10A490006832083203C288480068290068310861C0
:10A4A000002000212A006832183203C2302168548B
:10A4B000984AA96968680FF0C5F9A86028782074DF
:10A4C000A66027736673E6812800613006704670C7
:10A4D0008670AE65EE659048A8646E6500F094FAEB
:10A4E0006A68002312184B412800403000F0DCFB62
:10A4F000012000F053FBF1BD00E100E0FFFFFFBFD2
:10A50000F8B58CB00020694608708448019028E0B6
:10A51000401C1CE0056904738168002900D088474D
:10A520002800F7D169460298C06A00F051FC0299F0
:10A53000C8626846007801280DD1EFF3108172B629
:10A5400001980078421C019B5B789A42E0D1019A05
:10A55000107081F31088019840780499401801998F
:10A56000487001984078019909780A1A02D280202F
:10A57000400012180025002A29D00492A548029014
:10A58000C46A00260394270002E0260024696D1C9B
:10A59000002C0FD0207B0028F7D000F035FA020005
:10A5A0000B0003CC083C801A99410029EDDB01DC4B
:10A5B0000628EAD320000024002D02D03461039045
:10A5C00000E0002703980299C8623800A9E73B4CD5
:10A5D000207B002851D0904800680127384067D080
:10A5E00025734E4EF078002804D1B078002801D0B1
:10A5F000B5702AE0207800281ED002A800F0A0FA4A
:10A600000499A06E80B200F021FBEFF3108001905E
:10A6100072B630216754039860610498A061029873
:10A6200020610598E06100F093FC019880F31088A8
:10A63000002000F0B3FA08E0EFF31080019072B64A
:10A6400000F086FC019880F31088F07A002802D090
:10A65000F57262202754012000F0C6FC2000403033
:10A6600000F0E7F900F0D0F96268002312184B41BE
:10A670002000403000F018FB1AE02078002817D0A6
:10A6800000F0C2F92200683208320CCAFA267603BA
:10A690000027B6185F418F420AD801D3864207D2FD
:10A6A0002000403000F0C5F92000403000F0DFFA13
:10A6B0000DB0F0BD2818006010180060102F0020A9
:10A6C00004100060C2F528008D5B0000F8B504009E
:10A6D0008F480668EFF3108572B600F031FB8B4FA0
:10A6E0003B00803303CB083B03C4083C894AF9692B
:10A6F0009868801B0FF0A6F8020085F3108803CC41
:10A700000023801A9941F4BDECEB6501FFEFFFFFD8
:10A710009C2F0020260300006FAC0510A92F0020FD
:10A72000F8B586B0794D28008C30407B29008C31FB
:10A73000897B88422FD1287B00282CD1032400F06C
:10A7400063F904AA03C202A800F04EFD290061319A
:10A750006122AA5C002A02D14A78002A01D001288D
:10A7600002D18978002918D0AA6DEB6D04A803C81E
:10A770008C242E5D002736184F41A86E00218019C9
:10A7800079410024523061418B4227D301D8824263
:10A7900024D3022405E0002039E002281ED001283D
:10A7A0001CD07D4B9A68002A30D0107B00282DD019
:10A7B00003CA083A0090019104A803C806000F00DC
:10A7C000A86E002180197941002652307141009E07
:10A7D000019F8F4204D801D3864201D2012016E0A6
:10A7E000032C12D1106900280FD12800403082427A
:10A7F0000BD10120D873002000F08EFB8148016846
:10A80000844A0A400260032001E00224200007B0CD
:10A81000F0BD0000782F002010100060FEB500256C
:10A8200000270B0000D001237B4C2373110000D0C4
:10A83000012121726572E5720121A172EFF310818D
:10A84000029172B600F064F903C4083C2F48826D8F
:10A850000B462000283003C8121A8B416F48AB42C8
:10A8600001D8824205D3A572029880F31088012096
:10A87000FEBDE06B002803D100F0B6FB07003CE012
:10A88000224E0CC82000283003C88B4216D301D8B2
:10A89000824213D3B06DF16D00900191A020305829
:10A8A000002180185941009A019B8B4206D301D8A0
:10A8B000824203D3E06B007B002814D1002000F01B
:10A8C00093FB0700E46BB26DF36D03CC083C8B4245
:10A8D00013D301D8824210D3207B00280DD0012051
:10A8E0009D21705409E0864801784906490E01709F
:10A8F00000218174C57400F064FC029880F3108814
:10A90000012000F009FB3800FEBD0000102F0020E0
:10A910001400006035060000F8B50320C0437A49F2
:10A920000A6802400A600A681040086083480168AB
:10A93000384A0A400260644C2000583000264672B3
:10A940004681EFF3108772B600F05EF8A26DE36DFA
:10A95000121A8B418C20205C0021121A8B411400AA
:10A960001D0087F310888C480068C005C00D2228A0
:10A9700001D000F026FC002D04DC01DB012C01D20B
:10A980000120F2BD002D04DC01DB0F2C01D20220DE
:10A99000F2BD0020F2BD00009C2F0020EFF31080DC
:10A9A00072B658490968584A091D51601168032355
:10A9B000994302230B43136080F31088704710B54E
:10A9C000C024E4052000FFF7ACFC002806D12000DD
:10A9D000FFF7B6FC002801D100F0F3FB10BD3A48A8
:10A9E0000100613100226123C05C002800D00A70A0
:10A9F0008A70704780B5944A3349C9690EF022FFC6
:10AA000002BD00003018006080B500F099F9A4483C
:10AA100003C804BDFFFFFFBF682F002066FEFFFFD5
:10AA200010B500F041F90400012000F075FAE0B221
:10AA300010BDF8B59B4C21680E00002300250A00CC
:10AA400001E035003669002E07D08642F9D137691A
:10AA50008E4201D13A0000E02F616D462B700373E6
:10AA60002068904215D06946100000F0B1F92060CE
:10AA70006846007800280DD0EFF3108072B6617937
:10AA80004A1CA3799A4200D0491C617180F3108856
:10AA9000F1BD2260F1BD1CB5002400940098012096
:10AAA00000F0A2FAA2480178002902D0047000F058
:10AAB0000DF801209F490A6802430A6009680840AE
:10AAC000009013BD00000000102F002018B50020DA
:10AAD0000090009998490871984802680B4B134000
:10AAE00003600A78531C4C78A34200D0521C0A70B1
:10AAF0000121C2690A43C261C0690140009111BDD0
:10AB0000C4000020101800600C000060FFFFFFBFB1
:10AB100010B5040000F014F9614803C80A0084422B
:10AB200000D2521C1100200010BDA34881680122F0
:10AB30000A4382600021016070470000281800600D
:10AB400070B504009D4D2800FFF729FC0600280081
:10AB5000FFF725FC8642F6D1002EF4D09849321238
:10AB60004A43F3B24B431912511810314911E160B5
:10AB700026602800FFF715FC06002800FFF711FCEF
:10AB80008642F6D1002EF4D0B0118E494843803071
:10AB90000012A060666070BD04ED00E0F8B507002B
:10ABA000894D687A7D214843C900E9F765F8461C5C
:10ABB000F6B2804C854AA1691B200EF043FE287036
:10ABC000687800F02AF83D216054E878801900F098
:10ABD00024F8382160542879801900F01EF83921B2
:10ABE0006054687900F019F83A216054A87900F0AF
:10ABF00014F83B216054002F06D0E878801900F04B
:10AC000004F81B303C216054F1BD68214143090A1E
:10AC1000DB225043000C0818704700B5020065485D
:10AC20004069002100230AF007FA032200230AF0FA
:10AC300003FA8022D204002312184B41D20E58018D
:10AC40000243100000BD00003506000080B55F4AD9
:10AC50000EF0F8FDBB49884201DD080002E0102833
:10AC600000DA10200005000EB749086001BD10B5DC
:10AC7000504C207B002806D12078002801D0FFF717
:10AC800054FF01202073FFF7BFFE002264305141C2
:10AC900002000B002000403000F006F810BD00005C
:10ACA000902F0020A42F0020FEB500256C462570B3
:10ACB000017B002901D00120FEBD0CC00838012114
:10ACC0000173C34C26680196070001E03500366920
:10ACD000002E08D00CCE083E03CF083F8B42F5D3A0
:10ACE00001D88242F2D338000661002D01D10190D3
:10ACF00000E028610199814214D1694600F068F8AA
:10AD000020606846007800280ED0EFF3108072B6FD
:10AD100061794A1CA3799A4200D0491C617180F381
:10AD2000108801E000F04DFA68460078FEBD000092
:10AD3000AD2F002044180060A92F002030180060BB
:10AD4000F8B584B0EFF3108672B61A4C206F616FBD
:10AD500002AA03C29F48FFF711FB030027008037B8
:10AD6000BB609D4D02A803C8009001912A00E169D3
:10AD7000A06F181A0EF066FD0021009A019B801842
:10AD800059410CCF083F99420FD801D390420CD2C1
:10AD9000009001912A00E1690020C0430EF052FDAD
:10ADA0000021009A019B8018594103C786F310883F
:10ADB00005B0F0BD102F00200810006000100060EA
:10ADC000F6BC080053070000C50000202603000061
:10ADD000F3B589B004460020087000E02469002C17
:10ADE00000D196E0207B0028F8D0EFF3108002908D
:10ADF00072B6FFF7A5FF00206946087000F0F4F86E
:10AE00007648019003CC083C019AC0CA0B00821B13
:10AE1000BB4106AD0CC5012506AA0CCA002B6DDB93
:10AE200001DC012A6AD36E4EB26DF36D04AE0CC61E
:10AE300004AAC0CA019A126A002312184B419F4209
:10AE400010D801D396420DD2664A1278002A09D052
:10AE500004AA0CCA8B4207D301D8824204D30198BA
:10AE6000457701E068460570384A5D48836906A861
:10AE700003C819000EF0E6FC0600202E00D820269C
:10AE8000544D2800FFF77AFA86190836EE6228003A
:10AE9000FFF776FA286B8021C90501432963C02793
:10AEA000FF053800FFF73DFA002829D13800FFF7E9
:10AEB00047FA002824D168460078002820D000F006
:10AEC00077F931000F2081432800FFF755FA002160
:10AED0002800FFF75BFA2800FFF73FFA2800FFF78A
:10AEE0004FFA3F490800613042786123C95C114341
:10AEF00000D0012141700021017001E00A98057025
:10AF0000029880F310880A980078002801D00998E8
:10AF100000E020000BB0F0BD10B531490C009834B2
:10AF2000002808D0207800280BD108004030FFF717
:10AF30009EFE012004E008004030FFF77AFD00206B
:10AF4000207010BDFF0F00000818006026030000ED
:10AF500070B52048FFF712FA214C25008035A86013
:10AF6000C04E3200216AA36FC01A0EF06BFC226F34
:10AF7000636F00218018594120676167207800289D
:10AF800013D1A868A16F401AA16888420DD232007F
:10AF9000216A0020C0430EF055FC0200206F616F53
:10AFA000002312184B4122676367206F616F03C54E
:10AFB000083DA868A067226F0B46606800218018D2
:10AFC00059412200283203C2E069206270BD0000AE
:10AFD000A42F00200018006035060000902F0020EC
:10AFE000102F0020712F0020F0B585B000216A4697
:10AFF00011709D4C210060318978002900D1D3E087
:10B00000EFF31081049172B6012801D1FFF798FE89
:10B0100020006030203003C802AA03C29348C0C891
:10B020000125A26DE36DC8208002002180197941BD
:10B030008B420FD301D882420CD3B9225200002395
:10B0400092197B4102A803C88B4201D802D38242E5
:10B0500000D3A3E002A803C800220A305141A26D28
:10B06000E36D00264C3AB341994201D802D3904295
:10B0700000D38DE03C20265C6020205C2100603104
:10B080000979012905D1002801D0382006E03920AE
:10B0900004E0002801D03A2000E03B20205C019031
:10B0A000A26D02A803C8101A0390714AA1690398FF
:10B0B0000EF0C8FB029020006030806A6D4F2100C6
:10B0C000603189687118C831039A914202991CD283
:10B0D0007A78891A019A8E1A81196748FFF74CF914
:10B0E00000216548FFF752F9C020C005FFF718F9A5
:10B0F000C020C005FFF71EF95F48FFF72EF95E4834
:10B10000FFF73EF90198797813E03D22A25C891A95
:10B11000019A8E1A8119C020C005FFF71AF9564806
:10B12000FFF721F9C020C005FFF7F3F801983D2192
:10B13000615C401821006031896A029A89182200F6
:10B140008C325160397880220A433A70F021B97408
:10B15000FF21F9743218411D8A420DD2C024E40542
:10B160002000FFF7DDF82000FFF7E4F84248FFF782
:10B17000FAF869460D7005E03A4AE1690EF062FBA3
:10B180008C2160543D48002181704570C57008E0F5
:10B19000210060318E706846057002E020008C301E
:10B1A0000576049880F310886846007805B0F0BDF5
:10B1B000304801784906490E017000218174C1743C
:10B1C00070471CB52E4C69462068FFF701FE2060D1
:10B1D00068460078012806D16079411CA279914225
:10B1E00000D0401C607113BD38B50400224D28000A
:10B1F000FFF7BEF8002803D0686A2060032032BD44
:10B20000C025ED052800FFF78CF8002805D02800A0
:10B21000FFF7A1F82060012032BD2800FFF790F869
:10B22000002804D02800FFF796F82060022032BDE5
:10B2300080B5FFF74BFCF1F721FC01BD80B5F1F7BC
:10B2400019FCFFF728FC01BD81B000200090009898
:10B250000C48016801220A4302600068009001B0B6
:10B260007047000035060000102F0020382F002006
:10B2700026030000C400002000180060702F00208A
:10B28000A42F00207400006010B504468069E169B5
:10B29000A2681018401A2062E07DF5210140881C48
:10B2A000E07506480168183120460EF0ECFA204699
:10B2B0000EF016FB00210EF02BFB10BDE832002033
:10B2C00070B5104D2868283000260068002816D078
:10B2D000761E2830F9E729688C6A283120460AF062
:10B2E000D7F8002120460EF009FC012803D12046A2
:10B2F0000EF02EFC02E02046FFF7C6FF761C002E63
:10B30000E9D170BDE832002080B505480068406989
:10B31000002800D080BD002001460EF02BFC80BD2F
:10B32000E8320020F8B50446C00626D416460D467D
:10B33000144800686107C90E4018006944220323BD
:10B340002146F1F7ABF8002819D001468572002795
:10B35000477211200872CF71072088718E73FF2009
:10B36000487182200871280E4873280C0873280A37
:10B37000C8722046F1F7EEF802E0862700E00727C2
:10B380003846F8BDD0320020F8B500924588AC08A8
:10B390001C80491C8AB2A6188788BE4200D9091BA6
:10B3A0000A199200BE4200D96D1C0326354052197D
:10B3B0001A80A3001B180833009C236092B20588F2
:10B3C000521B17463740848867433540521992080C
:10B3D000D21995B2C688B54200D9C280A5420AD812
:10B3E00009B2002907D59978FC220A40511C9970AE
:10B3F000083000990860A54201D90020F8BD01205D
:10B40000F8BD70B58678C578041D284621460EF033
:10B4100021FC00281AD0142D04D8B0082268214637
:10B42000904770BD3F2D04D8002021460EF028FC27
:10B4300070BD412D04D8002021460EF028FC70BDBF
:10B44000622D03D8002021460EF02CFC70BDF0B513
:10B450009FB01C460792099101460026129611964C
:10B4600010960F960E960D960C960B961BA8102212
:10B470000192F0F7B4FE2599080A069013A8821CE1
:10B480000592401C04900894200A03900A91481EDB
:10B490000009C01C24990291C5B23746F8B20021B8
:10B4A000854242D91691159114911391012813D018
:10B4B000002820D113AC492020700D22049809994E
:10B4C000F0F78DFE0A98E0730698A07317A8102273
:10B4D0002146F0F784FE21E013AC00211022204623
:10B4E000F0F781FE089A627003982070059807991A
:10B4F000F0F775FE0CE0B0B2029909180A9A141A16
:10B50000102C00D3019C13A82246F0F768FE3619D0
:10B510000BA813A917AA04230EF0CFFB17A81BA989
:10B520000BAA0EF0D4FB7F1CB8E713AC0998224697
:10B530000EF0DDFB1BA90FAA20460EF0C8FB0B99ED
:10B540000F9848401FB0F0BDF0B591B01F46039270
:10B550000291014600260C960B960A9609960DA8B4
:10B5600010220092F0F73BFE012416980190380457
:10B5700021D0A1B205AD02982A460EF0B8FB0DA964
:10B5800009AA284604920EF0A2FBB8B210283D4644
:10B5900000D3009D681E8008401CC3B2B6B2039859
:10B5A000801901998A1904990EF087FB7F1BA8B2B4
:10B5B0003618641CDBE711B0F0BD0000B0B50A4AD4
:10B5C00003280FD300239DB24C5D022C03D16D18CC
:10B5D0006D78012D05D01B195B1C9CB28442F2D3FF
:10B5E00000E01A4690B2B0BDFFFF0000F0B587B092
:10B5F000009003AE3046F1F7EFFB00273846F0F736
:10B6000045FF010A02AD69703F24044040343846CA
:10B61000F0F73CFFAC70287001AF304629463A463F
:10B620000EF073FB0326009C204639463246F0F7A5
:10B63000D6FDE01C29463246F0F7D1FD07B0F0BD3B
:10B64000F8B5054600260670012400910C701648D6
:10B650000068476D0CF035F8002801D01348847E4F
:10B66000E1B211373046324600290FD03B78002B2B
:10B6700009D0022B00D101203A460F3A137801225B
:10B680009B0700D516461437491EEDE7012A01D164
:10B6900001212970012802D0F0B2012802D1002036
:10B6A00000990870D0B2F8BDD43200205831002083
:10B6B00010B542788A4207D1017D0024002909D0C3
:10B6C0000830F0F71FFE05E04900426A515E0AF0BB
:10B6D000C9FB0446204610BD10B51378837153781A
:10B6E0008C1E0472C3710930911CE2B2F0F777FD31
:10B6F00010BD0000F8B50446344835490160A18802
:10B700006088F8F737FF002814D00746A079012891
:10B7100003D1B8880007800F0AD12E480668356D1E
:10B72000002D09D0A18860880EF00EFB002805D0FE
:10B730000C2636E0022634E0882632E030465030CF
:10B74000296A0160002900D17065284620300090E8
:10B75000242228462146F0F742FD01202870284681
:10B760000EF004FB06460C281A4A12D0122E10D0F6
:10B77000812E0ED0862E0CD0A879012803D1B8884E
:10B7800004210143B980882E0DD1A07911380228F7
:10B7900009D2002028621068406D05601068009989
:10B7A00041653046F8BD00262E621068C06C056009
:10B7B0002878FC210140881C287010680099C16419
:10B7C0000C20F1F713F9F1F76DF9EAE760050020B5
:10B7D000E1050710D8320020B0B50546C07A122422
:10B7E000802829D8298C172926D31448821D9142F4
:10B7F00022D8298A17291FD381421DD8A87E002864
:10B800001AD0E7F731FC002808D0E87E002813D0D2
:10B81000802811D8287F401E0E280DD808483422D1
:10B820002946F0F7DCFC0EF079FB002803D40EF07B
:10B83000EDFD002400E087242046B0BDFA0300009F
:10B8400058310020784814235943401814380168AF
:10B85000764B21E07448142359434018143801688A
:10B86000202306E070481423594340181438016817
:10B87000402399430A43026070476B48142359439D
:10B880004018143801688023F3E7674814235943AC
:10B89000401814380168664B0B401A430260704729
:10B8A000614814235943401814380168614BF3E789
:10B8B0005D48142359434018143801685E4BEBE788
:10B8C0009120C00589004018001F01681F23D0E7A0
:10B8D000C1435A4802680A40026042681140416010
:10B8E000704781B0564901E081B056490A68024369
:10B8F0000A60096808400090009801B07047000095
:10B9000070B586B00EF0E8FD00F09EF800F0C1F8CA
:10B91000142101A8E6F75AFE0820FFF7E2FF0420F1
:10B92000FFF7DFFF8024E4009026F60500222100C7
:10B9300030000DF005FF01940125029502200390CF
:10B94000049001A930000DF053FE00F0A7F9C44C9B
:10B9500028026169014361616169084000900098B3
:10B96000C04801680902090A802212060A430260DF
:10B97000E803BD4908608009BC490A6802430A60BF
:10B9800001210EF0DDFD0120FFF7ABFF00220121B8
:10B9900011200EF06AFE11200EF06CFEBDA00068B2
:10B9A0000090206A0126F643284008D120682843E9
:10B9B00020602068304020600120FFF795FFC02004
:10B9C000C00500906846FEF7F9FA6846002100229B
:10B9D00006C0206A284008D12068054325602068F9
:10B9E000064026600120FFF77FFFA148006810286D
:10B9F000FBD36846A021490001800021817001919C
:10BA0000FEF7D1FC9B489C4901600EF059FE0028CE
:10BA100001D000F03DF900F04FF800200EF0BAFE22
:10BA20000EF0DBFEFCE7000008007048EFBFFFFFF0
:10BA3000FFFCFFFFFFF3FFFFFFCFFFFF2000504899
:10BA4000500040486000404880B588B0182102A8E6
:10BA5000E6F7BCFD68460021002206C003200290E4
:10BA60008020400203901020059002A80EF022FFD3
:10BA7000002801D000F00CF9002000900190102166
:10BA800068460FF03FF8002801D000F001F909B036
:10BA900000BD80B586B018216846E6F797FD022004
:10BAA0000090C002059068460FF0C8F8002801D049
:10BAB00000F0EEF807B000BDF0B591B0282107A85E
:10BAC000E6F784FD18216846E6F780FD01276B48FC
:10BAD00001683943016000683840069006980820E4
:10BAE000FFF7FFFE0420FFF7FCFE7803009002251D
:10BAF0000195029500240394049405959026F6057B
:10BB0000694630000FF0D4F8A80300900195029523
:10BB1000039404940595694630000FF0C9F8680352
:10BB200000900195029503940494059569463000B0
:10BB30000FF0BEF8A80200900195029503940494BA
:10BB40000597694630000FF0B3F84D480168C90603
:10BB50000FD54C49826A0A408262C26A1140C162B2
:10BB60006803FFF7B5FEA802FFF7B2FEA803FFF7D0
:10BB7000AFFE454E032203213000FFF7A1FE102245
:10BB800003213000FFF75EFEEA0203213000FFF7D9
:10BB90008FFE002203213000FFF75CFE002203210C
:10BBA0003000FFF75FFE802203213000FFF765FEC3
:10BBB000002203213000FFF768FE0022032130003D
:10BBC000FFF76EFE022201213000FFF779FE00220E
:10BBD00001213000FFF736FE2A0301213000FFF774
:10BBE00067FE002201213000FFF734FE0022012110
:10BBF0003000FFF737FE802201213000FFF73DFEC5
:10BC0000002201213000FFF740FE00220121300018
:10BC1000FFF746FE07940894E020C00009900A95BB
:10BC20000B970C940E940F9407201090174C07A9B3
:10BC300020000FF0B8F860681021884360606068E9
:10BC400008218843606020684021014321606068CA
:10BC50000543656060680743676011B0F0BD000090
:10BC6000400040480CE400E000E100E01800004023
:10BC7000101800608832002000003048580040480A
:10BC800000005048FFDFFFFF000070480020004127
:10BC900072B6FEE70000000070477047704780B53D
:10BCA00000200FF0CBF880BD0168002202814281A4
:10BCB000828182730B78FF2B05D0FE2B09D103897B
:10BCC0005B1C03810AE04268511A091F8181002030
:10BCD0007047002B0DD143895B1C43814A88D21CDD
:10BCE000032313435B1CC9184A1D43689A42E1D3DE
:10BCF000EDE703207047F3B5079C0899250005D0B0
:10BD00006D466C80FE242C706C4600E044688568AB
:10BD10004668AE4217D22678FF2E14D0067B002E3E
:10BD200004D0002606732678002E0ED1466864885B
:10BD3000E41C032727437F1CF4194460AC4202D261
:10BD40002678FF2EEFD10420F6BDFE2E01D0032071
:10BD5000F6BD6E463679FF2E04D066786F463F7981
:10BD6000BE42E3D14068001D106060881880002941
:10BD700001D0607808700020F6BD7FB515001C006A
:10BD8000099E002232800B9A01926A46128D00921F
:10BD900002AB03AAFFF7AFFF010013D1694609897F
:10BDA0008D4201D306200DE0089A481B904200DA2C
:10BDB0000200200003994919E6F7ECFB6846008968
:10BDC0003080002004B070BDFEB5BB4D0D40491B56
:10BDD0006B4619700024070016000AE0042231198E
:10BDE00001A8E6F7D7FB019A391900200FF066F891
:10BDF000241DAC42F2DB0020C0430190684602786B
:10BE0000711901A8E6F7C6FB019A791900200FF015
:10BE100055F8F7BD70B544688668B44202D22678FA
:10BE2000FF2E01D1042070BD007B002801D1FE2E21
:10BE300001D0052070BD6588A94201D3062070BDE0
:10BE400010001A00231D5918FDF71AFB002801D015
:10BE50000020C04370BD7CB5079C0025069E358040
:10BE6000250005D06D466C80FE242C706C4600E0E9
:10BE7000446845688668B54202D22678FF2E01D113
:10BE8000042076BD007B002801D1FE2E01D00520C4
:10BE900076BD6088814201D3062076BD401A984263
:10BEA00000DA030010001A002B1D5918E6F772FB88
:10BEB000608806990880002076BDF8B584B0070038
:10BEC0000E001500B44C254203D1FDF7D9FA002825
:10BED00020D001A80C21E6F779FBCD483818C00A1C
:10BEE0000290681E0443641C6003000E03906946C0
:10BEF00001A80FF053F800240AE06010800F001929
:10BF0000032188433258391900200EF0D7FF241D31
:10BF1000AC42F2D305B0F0BD012101700021418097
:10BF200081807047F1B588B00C0015001E0000201C
:10BF30000090FF2229002000E6F74AFBFE20694618
:10BF4000087507946846458206960E9D009C05AECE
:10BF500019E06846008A6988401A401E0324044399
:10BF6000641CA4B268886946098A0A1A521E032111
:10BF70001143491C89B28F4242DB01200022B942A1
:10BF800028706A8040D06846408A071B3F1FBFB2B6
:10BF90002878002826D0701C0390A888029004A856
:10BFA000019000970798001D03190022FF210898AF
:10BFB000FFF7E3FE6946098AA98001000ED16846B1
:10BFC000008A7080042205A907980019E6F7E2FAB2
:10BFD0007088C01C032101436418C1E706990C80D6
:10BFE00009B0F0BDA888019004A800903B00079814
:10BFF000021969880898FFF72EFF0100A9D0EFE722
:10C0000000212970C01968806846408A0699088016
:10C010000020E5E7F8B5AE4CA544AE490200142374
:10C020005A438F187989002901D1002040E004A9E2
:10C0300000F013F9059D02A8FFF76EFF8026360178
:10C0400002A8009001AB320008A904A8FFF76AFF1C
:10C050000400042C06D0002C2AD168468088B04207
:10C06000EED103E068468088002808D068468288C0
:10C0700008A92800FFF721FFAD19002CE0D008A87F
:10C080000C21E6F7A3FA624828184003000E099035
:10C090000698401E711E0143491C481B4003000EB8
:10C0A0000A90694608A80EF079FF3800FFF7FCFDFA
:10C0B00089498D44F0BD0000FCFF0000F8B5844CB8
:10C0C000A54400216A46917100220023814906009F
:10C0D0000BE0B0680C245C43005D14246043081836
:10C0E0004089002800D001225B1C30798342F0DBBC
:10C0F000002A25D080221201FF2108A80EF096FF09
:10C100000025802424010DE002A8FFF705FF02A806
:10C11000009001ABE21B92B208A8C11904A8FFF776
:10C1200001FF6D1C307985420CDAB0680C226A433D
:10C13000011D8F5804A9805C00F08FF80028E3D01F
:10C1400000201BE0220008A93068FFF7B6FE614C12
:10C15000370069468D7900260CE0B8680C217143E0
:10C16000405C142148432018FFF79EFD010000D0D9
:10C170000500761C38798642EFDB280056498D444D
:10C18000F0BD96498A79824201D102207047897CAC
:10C190008142FAD000207047FF070000F8B54C4CF0
:10C1A000A54404000E0080221201FF2108A80EF011
:10C1B0003DFF002568460471802424011CE00C2703
:10C1C0006F43B068C05D6A461279904213D004A9EB
:10C1D00000F043F8B068C019476802A8FFF79CFE5A
:10C1E00002A8009001AB9B1CE21B92B208A8C119E7
:10C1F00004A8FFF797FE6D1C30798542DFDB220033
:10C2000008A93068FFF759FE002033498D44F0BD7E
:10C210000000FCEF10B5002470480C216143411868
:10C220008A792C4814235343C0180368002B10D17B
:10C23000012A0EDC0A6802608B88D21842600989E4
:10C240000182FFF731FD010004D1641C012CE3DD04
:10C2500001E0012010BD002010BD10B50200022A2F
:10C2600001DB012010BD1B4B142462439A18136894
:10C270004B6052688A6001220A730870002048737C
:10C2800010BD7FB56A4C0578142675436419A47BEC
:10C29000002C01D00A2008E003940294099C019428
:10C2A0006C46248C0094FFF768FD04B070BD7CB52B
:10C2B0005F4C0578142675436419A47B002C01D0CB
:10C2C0000A2076BD0194069C0094FFF7C4FD76BD5C
:10C2D000E0F7FFFFF031002024080000FAB583B03A
:10C2E00017000325791E03260E43761C0CE00C78FC
:10C2F000FF2C18D0FE2C01D0002C6BD14A88D21C08
:10C300002A43521C89184160826841684B1D934240
:10C31000EDD38B4900781422504308184089002837
:10C3200056D1022057E00290501A864B984201D213
:10C33000521A00E01A46824C92B2B0B26B461B8D84
:10C34000C018001D82423BDB6846007B0191002142
:10C350000091FE216A461170694648706846008D5A
:10C3600030184880009A019900200EF0A7FD049A29
:10C37000B1B20198001DFFF727FD0B9A6846018DA9
:10C380000198B6B28019001DFFF71EFD200008308D
:10C39000029909781422514340180188491C0180F0
:10C3A0000298007814214843201881896A46128D2A
:10C3B000BA18521E1543491B491F818100200AE00B
:10C3C0000298007814214843201840890028A8D0FA
:10C3D0000B2000E0032005B0F0BD0000A019041000
:10C3E00010B504006168A06881421ED20878FF2859
:10C3F0001BD0FE2817D1FF22D24300200EF05EFD95
:10C400004F4801000831227814235A4389180A88BA
:10C41000521E0A8021781422514340184189491C38
:10C420004181002010BD052010BD042010BD00007A
:10C43000F031002078B585B00400002600966946EA
:10C44000FFF79FFE3E4D02281ED1142044432C19B5
:10C45000256802A80C21E6F7B9F83B4828184003E4
:10C46000000E03906068401E38490143491C481B78
:10C470004003000E049001A902A80EF08FFD2000D9
:10C48000FFF712FC00201AE0012817D100992000C4
:10C49000FFF784FE04000FD10AE0009880680C21A9
:10C4A0007143405C142148432818FFF7FDFB761CBC
:10C4B000009800798642F0DB200000E0012006B001
:10C4C00070BD1CB504000020009069462000FFF7F5
:10C4D00058FE022803D12000FFF79CFD16BD01285D
:10C4E00003D10098FFF7EAFD16BD012016BD38B54F
:10C4F000174800214356DAB2114C142555436419EC
:10C500006589002D03D0A589248AA54207D3521C32
:10C51000D2B2022A00D100229A42EDD106E0531C89
:10C520005CB2022C00D10023190001E00022D243AA
:10C530000170100602D4D0B2FFF7C3FF002032BD55
:10C54000F0310020FFFF00000000FCEFFF070000BB
:10C55000FC3200204B481422514340181438016823
:10C5600001220A430260704730B50398454C1425F8
:10C57000694361180C39102802D14A600B6030BD44
:10C580000A604B6030BD00690840884201D101203B
:10C59000704700207047F7B5010A042401253A4E80
:10C5A0003A4FC719082F06D27278002A0CD135707D
:10C5B00000261A0026E0364FC219152AF8D2327822
:10C5C000002A01D17570F3E70C22324FB8420ED029
:10C5D0003637B8420BD07F1CB84208D01C700E26EC
:10C5E0005E709C70DD70187159719A7107E01C7053
:10C5F0000F265E709C70DA701D715871997107205A
:10C60000FEBD761CF3000093C74B009FDB5B002B45
:10C6100009D09842F5D16846038C01890198D34C22
:10C62000E459A047FEBD14700F2353709470D57069
:10C63000157150719171E2E710B5CD4C04232200C1
:10C640003A32D349200028300EF0FAFC0423B520FA
:10C650000001221887218900200018300EF0F0FC1C
:10C660000020207004216170FF21A1700A21E17077
:10C67000022121716071A21D00210EF0E7FD012051
:10C68000607510BD0800704832000020FADFFFFF1F
:10C69000CADFFFFF0D200000F8B5C54CA5440020FF
:10C6A00069468880B24C207D002803D00020207588
:10C6B00000F047FDBF4DA81D03908027FF00FF2617
:10C6C000607D032833D10020A075200018300EF0C3
:10C6D000BFFCA18B081A694608806846008828704C
:10C6E00068460088000A687000206880AE710422E5
:10C6F0002900E81DE5F74EFF684600882087684658
:10C700000288C749012000F091F90522039903200E
:10C7100000F08CF90121C348FFF71CFF0321C14839
:10C72000FFF718FF05206075BF4807605DE0200037
:10C7300028300EF08DFC002854D0607D012801D0F7
:10C7400002284FD102AA01A9200028300EF064FD72
:10C75000002847D104206075287900283ED168461A
:10C7600080886946C880029800900120A0750098D2
:10C770000078207400984078607400988078A074E5
:10C780000098C078E074200018300EF061FCA18B96
:10C79000081A208700990870208F000A00994870B5
:10C7A0006846C088009988706846C088000A009969
:10C7B000C870AE716846C688321D0099E81DE5F75D
:10C7C000E9FEB94801680068228F9549012000F010
:10C7D0002DF9721D0399032000F028F9002028711B
:10C7E00091480760607D052802D10EF03FFD04905E
:10C7F000049E607D052816D18A48C0686946088075
:10C80000208F0988401A69460880684600880428F5
:10C8100005DC0EF02BFD801B6528EAD34BE00720DA
:10C82000607581480761200018300EF011FC002867
:10C830002BD08BAA01A9200018300EF0D9FC8BADAB
:10C840002878012856D16F78A8780006000C074395
:10C850000426B7498F4201D1F0F7C8F9862080003D
:10C86000009005AB68468088821B92B2A9193800F7
:10C87000FFF791FE0122010005A800F07BF82000DF
:10C8800018300EF0F0FBF0F7D1F8207801280FD126
:10C89000002000900023621C0D21200028300EF0A3
:10C8A00013FC002804D12070A21D00210EF0CEFC44
:10C8B000A0488544F0BD01202871082060755A48C1
:10C8C0000761A07D002812D0207C216B628D8854E6
:10C8D000206B401C618D627C4254206B801C618DFA
:10C8E000A27C4254206BC01C618DE27C425401202A
:10C8F000607598E7812806D16F78A8780006000C4B
:10C9000007430526A5E7200018300EF0ACFBCFE763
:10C9100080B50200002000900023B6480EF0D4FB42
:10C92000F0F760F901BD0000F41004107CB5069C1E
:10C9300000940EF0C9FB002815D069461C200C5647
:10C94000402C10D201250A4E3570B01D0EF094FC1B
:10C95000B21D0123A3401C00DD1704430D4320003A
:10C9600029000EF073FCF0F73DF973BDF8100410C8
:10C97000041500200B0000D17047E0B501920022A1
:10C980000092002302009C48FFF7D0FF07BD000083
:10C99000FC0800003EB50C0008D06D4618242C574A
:10C9A0000194009202009448FFF7C0FF37BD0000D9
:10C9B000B8FBFFFFD825002038B501008F4CA07DC3
:10C9C000002812D0207C226B638DD054206B628DA6
:10C9D0008018627C4270206B628D8018A27C82700D
:10C9E000206B628D8018E27CC270052914DD0C4D2D
:10C9F00028780A2808D1491F89B2681D0EF052FC18
:10CA000000206871287007E00B2805D1200028302D
:10CA10000EF00EFCF0F7E6F80120607531BD000065
:10CA2000242A00200000704818000048F8B50600CD
:10CA300015007348142272438418143C20680122A4
:10CA4000904320601848026800686E4F164A032E13
:10CA500005D11020009013000A00032103E00020FC
:10CA600000900B0031003800FFF77EFD6068000C7D
:10CA700000040543656031003800FFF76BFDF1BD30
:10CA800080B561480EF066F96048016801220A43EA
:10CA900002600168012291430160FFF70DF8002058
:10CAA0005649088701BD00000C200041F8B55848E0
:10CAB0000068524C657D9026F6058027BF003840FF
:10CAC00020D0B9003000FFF75EFD01281AD17800B0
:10CAD000B0624F4801684F4A0A400260042D25DBCE
:10CAE000082060754C480068218F081A80B2FFF753
:10CAF00063FF4A480068C0214901014016D0FFF792
:10CB0000BFFFF1BDB9003000FFF73DFD00280DD19A
:10CB10003F4801680F430760042D01D1052002E062
:10CB2000012D03D103206075F0F75CF8F1BD000022
:10CB3000030C00004C040000800500D4704780B551
:10CB4000FFF7B4FF01BDF2B504002078042825D119
:10CB500060783E2812D10020314900E0401C0204D8
:10CB6000520B8B5A002B22D0E5789D42F6D1201D26
:10CB7000091D89588847002834D12CE0FF2816D099
:10CB80000020284900E0401C0204520B8B5A002B65
:10CB90000DD065789D42F6D1E01CE9E782281AD1D4
:10CBA0006178201DFF2916D100231F4A03E0617818
:10CBB000E01CF7E75B1C1904490B555A002D0AD0FD
:10CBC000067847783F063F0C3E43AE42F2D1801CC8
:10CBD000121D5158CEE7684601880022D24320003A
:10CBE000FFF7C8FEF1BD80B5012004490875EFF7D5
:10CBF000F9FF01BD1C1500202C1500200415002094
:10CC00000800704800007048002000413000404893
:10CC100014000040FFFDFFFF0C0070480820004199
:10CC20002C1804101C18041034180410F0B5C1B0EE
:10CC30000E00894C2178002901D00C2028E069469B
:10CC40000B8117004881F82103A8E5F7BFFC0025F8
:10CC5000E560039503A801906846008900900023D1
:10CC60007A1C92B2042168464089E6F7E9FC01008B
:10CC70000ED1684640896080A680E78068460089BA
:10CC800020810120E06020706570EFF7A7FF002091
:10CC900041B0F0BDF8B5C0B06F4C2378002B01D087
:10CCA0000C2022E016000F0069468880F82102A8B7
:10CCB000E5F78CFC0025E560029502A800903300A2
:10CCC0003A00042168468088E6F71CFD01000CD17B
:10CCD000684680886080E78026810120E06002202D
:10CCE00020706570EFF77AFF002041B0F0BD10B5FD
:10CCF0005A4B1C78002C01D00C2010BD002A01D109
:10CD0000012200E002221A70588099800020986069
:10CD1000D860186110BD50480178002901D10C205D
:10CD2000704705E04D480178002901D10C2070477B
:10CD3000002101700020704730B5484C658885425D
:10CD40001AD1A088884217D118785978090201436E
:10CD5000987805040D43D87800062843E168884296
:10CD600002D02169491C2161401CE060A068401C80
:10CD7000A060A282012030BD002030BD10B5374C2C
:10CD80002478012C02D1FFF7D7FF10BD002010BD81
:10CD900010B5324C2478022C02D1FFF7CDFF10BD24
:10CDA000002010BD2C480178002903D000214170DB
:10CDB00001207047002070472748C0687047274A05
:10CDC000002801D0938A0380002901D010690860EF
:10CDD0009068704738B5C0B01F4C6078002839D1D2
:10CDE0002078012501281BD1F82102A8E5F7EEFBE8
:10CDF000E06801E00298401C029002A8019020899E
:10CE000000900023E288521C92B204216088E6F769
:10CE100017FC0028EED0882800D16570029818E031
:10CE2000022817D1F82101A8E5F7D0FBE06801E05E
:10CE30000198401C019001A800902389E2880421F8
:10CE40006088E6F75FFC0028F2D0882800D1657082
:10CE50000198E06041B030BD6C3200203C320020CF
:10CE6000F0B581B025490C68002565740EF0C0FA54
:10CE7000234E3068C068F2F73BFF002801D004273A
:10CE800023E03068C068F2F71DFF002801D00127B9
:10CE90001BE03068C068F2F719FF002801D00227B4
:10CEA00013E03068C068F2F72BFF052700280CD18B
:10CEB0003068C068F2F728FF002806D13068C068E3
:10CEC000F2F7EFFE00282F460BD00120B8400D49A5
:10CED00009680A6802430A600020EFF787FDEFF750
:10CEE000E1FD607C012807D1217B0F200840A2686A
:10CEF00009090EF0ABFB657401B0F0BDE43200200F
:10CF0000E8320020D0320020BCB5414CA16900912C
:10CF10000840A06135E0521CD300E51803000B4027
:10CF20002F681F40F7D02A68104001406868084009
:10CF300002D10020C04368606868084000F06CF8C7
:10CF400001006A680120884082436A606162EFF3F1
:10CF5000108172B6626A01209040C243206910407D
:10CF600020610220C300E318083B1D6815401D60C6
:10CF7000401EF7D181F310882648616A8900405825
:10CF800080472369E2696069256AA16903400B4013
:10CF900003D0154001D10022BEE70020C0436062EB
:10CFA000206A104014D10DF01EFCEFF3108572B60C
:10CFB0002169E06962690A40A169114004D1216ACE
:10CFC000014001D10DF010FC85F310880EF03FFBFD
:10CFD0000098A061B3BD38B51400EFF3108572B6A8
:10CFE00000F01AF880000B490C5085F3108831BD11
:10CFF00010B5EFF3108272B6054B1C6904431C6137
:10D00000C90059180B681843086082F3108810BDD6
:10D0100000050020B82F00200021020C120401D1CD
:10D0200010210004020E120601D108310002020F85
:10D03000120701D1091D00011F22511A02A2000F7F
:10D04000105C081AC0B2704704030202010101011A
:10D05000000000000000000038B588B0119C129D4F
:10D06000069507AD0595109D04950F9D03950E9DA2
:10D0700002950D9D01950C9D009500F004F807990F
:10D08000218009B030BDFFB583B00F9F109E119D68
:10D0900012980EF0DDFA002468468460446001A80E
:10D0A000009002AB9B1C01AA921C02A9C01C0EF0AE
:10D0B000D5FA012003990870052004990870059994
:10D0C0000C700220069908700C9804800F206946A5
:10D0D000098901400D9A1170694689880906090F6E
:10D0E0000E9A1170694689880840387068468088B1
:10D0F000C00B30701E482860002007B0F0BD38B566
:10D100001C0001D1122032BD049BE6F785FD05000D
:10D1100006D1641E17484480240401D1FFF763FD43
:10D12000280032BD1348418802888A4200D17047E6
:10D1300080B5521C028092B28A4201D1FFF753FDA2
:10D1400001BD1CB50024019468460EF099FA01A8AF
:10D150000EF0A6FA019880B205F042FFEFF31080BE
:10D1600072B604490C804C8080F3108813BD000017
:10D17000EF0D4900BC32002080B5FFF757FD02BD1E
:10D1800080B5FFF787FD02BD80B5FFF7B0FD02BD9A
:10D1900080B5002802D0012804D006E0FFF7BBFDCF
:10D1A000002002BDFFF7BEFDFAE7122002BDF8B570
:10D1B00005000C0017001E00FFF7FEFD286031007F
:10D1C0003800FFF7FCFD20600020F2BDF8B5030039
:10D1D000100000930322114201D1134001D012200C
:10D1E000F2BD00250CE0002603243702AE003619FC
:10D1F000865D3E43641EF8D5009CAF00E6516D1C71
:10D200008C08A542EFD30020F2BDF7B504000A0058
:10D210001800019403210A4201D1214001D01220BB
:10D22000FEBDEFF31081009172B600210BE0019B6F
:10D230008D005E5900238F00FF18C655360A5B1C0F
:10D24000042BF8DB491C93089942F0D3029800990B
:10D2500081F3108802700020FEBD80B50EF028FA20
:10D2600080BD000010B5FEF7D5FF424C211D002007
:10D27000FEF7F3FF210014310120FEF7EEFF201D21
:10D28000206010BD3EB53B4D022802D12C00143465
:10D2900000E02C1D2C6001936B461B8B00930B0050
:10D2A00001002000FFF71AF8002805D0022801D15C
:10D2B000002000E00120C0433EBDF8B584B00E0060
:10D2C00019002C4C022E03D125001435012301E056
:10D2D000251D00230700256028466D466A810391BD
:10D2E0000A9D022F08D102A900912B00039A6946DA
:10D2F0004989FEF7DCFF0FE0002F03D10100180081
:10D30000FEF7ABFF02A801900095039B6846428997
:10D3100031002068FEF7B5FF010001D1002005E0D3
:10D32000042801D1022000E00120C04305B0F0BD77
:10D3300010B5140023000A0001000E480068FEF733
:10D3400069FD002804D001D5200010BD0220C04393
:10D3500010BD80B5022807D10649086814318842FB
:10D3600007D0FFF73DF801BD032802D10020FFF7E9
:10D3700061F801BD1832002080B5B7480021416036
:10D3800001600EF0ABF901BD10B50400FFF7F4FF2A
:10D39000200005D0E5F70AFC002802D1002400E0B7
:10D3A0000020010020000EF09DF93C21AB48E5F77C
:10D3B0000DF910BD38B5040000F04DFE002120002D
:10D3C0000EF09CF90025A5480C216943401881887E
:10D3D000A14202D10C21E5F7F9F86D1C042DF2DD14
:10D3E00031BDF3B581B017001E001020E5F7DEFB5C
:10D3F000040007D01021E5F7E9F82820E5F7D6FB6F
:10D40000050001D18720FEBD68460670282128004E
:10D41000E5F7DCF8002620216E5468460078E882A3
:10D420002F752E762A0002996846007900F0D4FD07
:10D430002800E6F7D9F807000DD12800E6F7DCF858
:10D440006080A66065602670200000F05DFD608849
:10D450000899088005E06068E5F7CEFB2000E5F755
:10D46000CBFB3800FEBDF8B507000C001600E6F750
:10D47000C7F8050016D10EF069FAA04202D10EF0ED
:10D480006AFA0AE00EF04DFBA04202D10EF04EFB0C
:10D4900003E0200000F093FD406801003800E6F74B
:10D4A000B7F830802800F2BDF7B58EB01E00C14934
:10D4B0008E4201D31220C2E01020E5F777FB040072
:10D4C00029D01021E5F782F82420E5F76FFB05004D
:10D4D0001ED0199F2421E5F779F82A1D10990FA86D
:10D4E000007800F079FD6F7016A80078287017A8F2
:10D4F0000078A870002028766560B01D80B2E5F73E
:10D5000055FBA0600246002A07D16068E5F774FB6E
:10D510002000E5F771FB872091E01A9818996B4677
:10D520001F8F5680020000D00122A0680270A06800
:10D530008680A06841703100A068801DE5F746F83C
:10D5400039002800E6F768F806007AD11B9F28000A
:10D55000E6F76AF83880401C6080012020702000C7
:10D5600000F0D2FC17A80078282404402878302145
:10D5700001401DD0032109A8E5F728F88E48694627
:10D58000088508A807900020069007200590012034
:10D59000049003200390029409A8019003200090B6
:10D5A00003230AAA0121388800F05AF8060020D186
:10D5B0002878C0071FD508A8002101704170CC4809
:10D5C0006946088508A8801C07900020069007205F
:10D5D00005900120049003200390029408A8019074
:10D5E0000220009002230AAA0121388800F038F8AE
:10D5F0000600300022D1287800061FD508A8002197
:10D6000001704170A42080016946088508A8801C2B
:10D61000079000200690072005900020049001202C
:10D6200003900020029008A801900220009002239D
:10D630000AAA0121388800F013F80600300011B062
:10D64000F0BDA068E5F7D8FA6068E5F7D5FA2000E4
:10D65000E5F7D2FAF2E70000943200205C000020E7
:10D66000F3B583B014001D00872069460870514946
:10D670008D4201D312209AE01020E5F797FA0700B7
:10D6800000D192E01021E4F7A1FF1C20E5F78EFA0B
:10D69000060000D181E01C21E4F798FF7E60019430
:10D6A0000E9C6846007C012824D1019800884249DC
:10D6B000884202D0891E88421CD10C20E5F776FAF8
:10D6C000B061002866D00021002200230EC028008F
:10D6D000E5F76CFAB1698860002850D069460A8D78
:10D6E0000B99E6F7B1FCB0698580E10720D50121EF
:10D6F00001701DE0A81D80B2E5F758FAB860002857
:10D700003DD069460A8D0B99801DE6F79DFC684661
:10D71000008DB968488010A80078002800D001204A
:10D72000B9680870B8688580B86844700020B06136
:10D730000F9C0D9D321D01996846007C00F04CFC49
:10D740007470A807800F30700CA80078B07068461D
:10D7500081893000E5F76CFF6946087068460078FB
:10D7600000280CD1119C3000E5F766FF78802080FE
:10D7700002203870380000F0C7FB002017E0B069C5
:10D78000002807D08068002801D0E5F735FAB06995
:10D79000E5F732FA3000E5F72FFAB868002801D033
:10D7A000E5F72AFA3800E5F727FA6846007805B069
:10D7B000F0BD0000010200000229000038B505009C
:10D7C000E5F72EFF040008D16D1CA8B200F0F7FBAE
:10D7D000002802D0012100F0B1FB200032BD38B595
:10D7E0000500E5F705FF040007D1280000F0E7FB7E
:10D7F000002802D0002100F0A1FB200032BD80B53E
:10D80000E5F702FF02BDB8B50BB482B015006A4659
:10D81000194668460089E5F72BFF040068468789AA
:10D820000FD104980088C11BA94201DAC21B00E095
:10D830002A000A98028092B200990B98E6F704FC3D
:10D8400025E0008900F0BBFB002801D112241EE076
:10D85000806841886A4692898A4201D3122017E083
:10D860006A469289891A049A11804188CA1BAA4281
:10D8700003DA6A4692898A1A00E02A000A990A8025
:10D8800092B2C019811D0B98E6F7DEFB0024200040
:10D8900006B0B0BDF8B507000C0015001E000EF074
:10D8A000B4F8002823D0380000F089FB002804D009
:10D8B000836899886219914201DA1220F2BD0178D9
:10D8C000022909D14068017D102905D1008A5349F8
:10D8D000884201D10C20F2BD1878012800D15D806A
:10D8E0002A0031001819801DE6F7AEFB0020F2BDBA
:10D8F0000329000038B505000C00D220204032D1A9
:10D9000028000EF00FF8812810D1210028000EF019
:10D91000D6F881280AD1280000F051FB002822D037
:10D920000178012903D140688470002032BD0229AA
:10D9300019D14068017D1029F6D1018A374A9142F8
:10D9400002D0521C914203D10521214009D1EBE7BD
:10D95000D21E914205D0121D914202D0521C91421A
:10D96000E2D10C2032BD122032BD7CB516001C0065
:10D970006B46E5F781FE050008D13288112A01DBEC
:10D98000072076BD20000099E6F75EFB280076BDF3
:10D9900038B500240223CA0700D502240822194200
:10D9A00000D014430423194202D0250004242C4340
:10D9B000114202D0210040240C43050021000DF04B
:10D9C0009BFF010014D0210028000EF052F8010046
:10D9D0000ED0280000F0F3FA00281CD001780129AD
:10D9E00007D140680178B1220A4014430470002036
:10D9F00032BD02290FD14068017D1029F2D1018A80
:10DA0000074A914205D0521C914202D0521F9142C6
:10DA1000E8D10C2032BD122032BD000002290000E6
:10DA200004290000F0B585B00A9C250004D0082D1B
:10DA300002D0803D202D14D20025002704956E468B
:10DA4000B081684641810281037120004ED10024DB
:10DA50000B9E002B11D16846008900F0B0FA002817
:10DA600001D1122051E080684188B14201D20724DF
:10DA700040E00F008019801D11E00C9D122B10D189
:10DA80000D9801900095330068460289418980898C
:10DA90000DF0A4FE002800D009242F000D9804905A
:10DAA00028E0102B01D0112B20D16846008900F00E
:10DAB00086FA0600B06881882A00914201D20D24BE
:10DAC00003E00D99801DE6F7BFFAB06801780129DF
:10DAD00000D145804178C90708D5801D00902B00F2
:10DAE000684602894189808905F0EEFA6846007926
:10DAF000112809D0049801900097230068460289F4
:10DB000041898089E5F7ABFD002005B0F0BDF3B594
:10DB100085B004000026012A24D10025002768468C
:10DB2000848002AC09E08388801D00902A000021D7
:10DB30006846808805F0C8FA002502AB2A0000215B
:10DB4000684680880DF01EFE00283ED128001BD1BB
:10DB500068460589284600F032FA070014D10E26DF
:10DB6000684684886846058B002120000DF0C6FDBC
:10DB70000020019000903300002229002000E5F7EA
:10DB80006EFD002007B0F0BD002F01D10A26E7E7A7
:10DB9000B868838861888B4201D20726E0E7A288B3
:10DBA0009C460B4699188C450DDB0499C018801DC6
:10DBB000E6F74AFAB86801780129BED16188A288DF
:10DBC00089184180B9E70D26CAE72800C8D0002F80
:10DBD000B2D0B8684178C907AED501780129A2D181
:10DBE0004388A1E77FB515001C006B460A000021A1
:10DBF0000DF0B0FD06000CD1099808996A4613880B
:10DC00002B805388238093880B8092880299E6F7B3
:10DC10001BFA300004B070BDF3B581B017001E00D0
:10DC200081256846038C0122808800F0ECF904000D
:10DC30001CD009996068078046806A46128C8280F1
:10DC400022000C3282606846028C20000C30E6F71D
:10DC5000FBF96268684601898088E5F763FD050085
:10DC600004D068460189808800F0F5F92800FEBDDF
:10DC7000F3B581B017001E0081256846038C012290
:10DC8000808800F0C0F904001CD009996068078002
:10DC900046806A46128C828022000C3282606A467C
:10DCA000128C8068E6F7D0F9636801226846018922
:10DCB0008088E5F73BFD050004D06846018980882F
:10DCC00000F0C9F92800FEBDF3B581B016001F00B1
:10DCD000812501226846808800F095F9040015D05E
:10DCE00008993A000C30E6F7AFF920000C300090AC
:10DCF0003B003200684601898088E5F70DFD05008C
:10DD000004D068460189808800F0A5F92800FEBD8E
:10DD100070B50B0011001A0001D1122070BD002552
:10DD2000AC4C0C236B43261DF65A864203D1A61C2D
:10DD3000F65A964203D06D1C042DF2DD02E0E15448
:10DD4000002070BD00230C255D436519AE88002EB0
:10DD500002D16E88002E03D05B1C042BF3DD0DE096
:10DD6000A8806A8029702800E5F7F5FC040003D03C
:10DD70000C212800E4F72AFC200070BD072070BDAC
:10DD8000F8B584B004000D001600184600F017F92D
:10DD9000070048D0B8686946CC818D810A9D0B99EF
:10DDA0004278920710D5002E01D0102300E01123F5
:10DDB0000291EDB20195002000906846028A8189A7
:10DDC000C08905F04BF92EE08288AA4201D20D24C9
:10DDD00004E02A00801DE6F737F90024B8680178CE
:10DDE000012900D14580012E09D100200190009029
:10DDF00023006846028A8189C089E5F730FC002C3F
:10DE000011D1B8684178C9070DD50178012901D130
:10DE1000438800E08388801D00906846028A8189DB
:10DE2000C08905F051F9012005B0F0BDF6B583B009
:10DE300007001C000025002602956846008A00F0B5
:10DE4000BEF8002801D101231CE08068002801D120
:10DE50000E2317E0417849070AD5029501950094F1
:10DE600000236846028A8189380005F0F7F812E03D
:10DE70004188A14201D2072304E00E000019801D51
:10DE8000029000230298019000966846028A8189D8
:10DE90003800E5F7E4FB012005B0F0BDF3B583B031
:10DEA00014001E000A9F0B9D200000F088F8002837
:10DEB0001ED033008068407880070BD50295FFB2F2
:10DEC00001970093122322006846018A808905F099
:10DED000C5F816E00195009722006846018A8089FE
:10DEE0000DF07CFC002801D0092302E0002300E0B3
:10DEF00001230195009722006846018A8089E5F791
:10DF0000AEFB012005B0F0BD10B561494A68002A9A
:10DF100003D148600021C16010BD43885488A342EA
:10DF200003D2C260486010BD0A00D168002902D047
:10DF30004C88A342F8D2C160D06010BDF2B5050094
:10DF4000534C00E03D00002D35D0EF68606800289C
:10DF50000FD0698842888A4203D1C068606008E0B7
:10DF60001000C268002A04D053888B42F8D1D168CF
:10DF7000C1602878012802D002281DD00BE0686813
:10DF8000066A002E07D0B068002801D0E4F734FEFE
:10DF90003000E4F731FEA868002801D0E4F72CFE39
:10DFA0006868E4F729FE2800E4F726FE3878694619
:10DFB00009788842C6D1F1BD68688669E1E7010049
:10DFC0003348406800E0C068002802D042888A4296
:10DFD000F9D170475C00002010B51400012808D169
:10DFE000022220000C30E6F72FF8102020740020C9
:10DFF00010BD022805D110222000E6F725F8802068
:10E00000F4E7122010BDF8B504000F001500180049
:10E010000C3080B2E4F7CAFD06001AD00C20684329
:10E02000E4F7C4FD70600025002804D13000E4F757
:10E03000E3FD00260DE0B560348077801448016868
:10E04000002902D1066004E0010088680028FBD1A5
:10E050008E603000F2BD70B500250D4A13681C00BB
:10E0600001E02500A468002C11D026888642F8D152
:10E0700066888E42F5D1A0689C4201D1106000E014
:10E08000A8606068E4F7B8FD2000E4F7B5FD70BD56
:10E090009432002080B508000421FFF78BF900209E
:10E0A00002BD80B5FFF7D7FF002002BD10B51400F8
:10E0B0001222E270062B01DC002010BD032909D1D9
:10E0C000027841780906090C0A4381781000E5F7C7
:10E0D000D2FBE070042020700F216170A07001213C
:10E0E00021710621617100F051FD10B5140012225A
:10E0F000E270062B01DC002010BD022908D1017856
:10E1000042781206120C11430800E5F79CFBE07000
:10E11000042020700F216170A070012121711D2148
:10E12000617100F033FD10B514001222A271062BAC
:10E1300001DC002010BD082902D10DF003FDA07103
:10E14000042020700E216170A0700120E07066E054
:10E1500038B5140000226D462A701222A271092BD4
:10E1600001DC002032BD0500032909D12878697837
:10E170000906090C08436A46A978E5F770FBA07107
:10E18000287869780906090C0843E071000A2072B2
:10E19000684600786072042020700E2060700720AE
:10E1A000A0700120E0702D2020710C2060710A20E9
:10E1B00032BD1CB5140000206A4610701220A071F8
:10E1C000072B01DC002016BD002903D16846E5F7C6
:10E1D00026FBA07168460078E071042020700E20B4
:10E1E00060700520A0700120E070482020710C2094
:10E1F00056E310B514001222A271062B01DC002098
:10E2000010BD012903D10078E5F70DFBA0710420B2
:10E2100020700E216170A0700120E07049202071F3
:10E220000C206071072010BD10B514001222A271DD
:10E23000062B01DC002010BD082902D10DF092FC54
:10E24000A071042020700E216170A0700120E07088
:10E250006320E4E738B5140000226D462A801222BC
:10E26000A2710B2B01DA002032BD0500022908D172
:10E27000287869780906090C08436946E5F74CFBDC
:10E28000A071287869780906090C0843E071000A32
:10E290002072684600886072000AA0720420207014
:10E2A0000E2060700820A0700120E0707B2020719B
:10E2B0000C2060710B2032BD38B514001222A271FF
:10E2C000092B01DA002032BD050004290CD1A97800
:10E2D000E8780006000C014328786A781206120CD0
:10E2E0001043E5F71DFBA071287869780906090C31
:10E2F0000843E071000A2072042020700E20607034
:10E300000620A0700120E0707C2020710C2000F01D
:10E310008CFC3EB5140000206D466A466860906033
:10E320001220A0710F2B01DA00203EBD00290BD175
:10E3300001A8801C009002AB01AA02A9891C01A8B7
:10E34000401C0DF08BF9A07168464079E071684679
:10E3500040892072000A607268460079A07268469F
:10E360000089E072000A20736846C0886073000A62
:10E37000A073042020700E2060700C20A07001207B
:10E38000E07048E070B590B00D0014001E00402110
:10E390006846E4F71BF91220A071472E01DA00202D
:10E3A00017E0002D03D168460DF0ECFBA071402270
:10E3B0006946E01DE5F748FE042020700E206070DD
:10E3C0004420A0700120E0700220207110206071B4
:10E3D000472010B070BD3EB51400684600220025ED
:10E3E00024C01220A0710F2B01DA00203EBD0029AD
:10E3F00003D168460DF044FDA07108226946E01D76
:10E40000E5F722FE042020700E2060700C20A07022
:10E410000120E07003202071102060710F203EBDAC
:10E420007CB50D0014001E0006216846E4F7CEF806
:10E430001220A0710D2E01DA002076BD002D03D12F
:10E4400068460DF029FDA07106226946E01DE5F73A
:10E45000FBFD042020700E2060700A20A0700120B7
:10E46000E07009202071102060710D2076BD38B554
:10E47000140000226D462A701222A271092B01DCC1
:10E48000002032BD0500022908D1287869780906E4
:10E49000090C08436946E5F7E6F9A0712878697820
:10E4A0000906090C0843E071000A207268460078EA
:10E4B0006072042020700E2060700720A070012080
:10E4C000E07005202071142060710A2032BD10B563
:10E4D00014001222A271062B01DC002010BD0829B5
:10E4E00002D10DF0E3FCA071042020700E216170B8
:10E4F000A0700120E0702071202092E61CB514006D
:10E5000000206A46508010701220A071092B01DC97
:10E51000002016BD002905D1694600A8801C0DF019
:10E52000D5FCA07168464088E071000A20726846F8
:10E5300000786072042020700E2060700720A070A8
:10E540000120E07002202071202060710A2016BD99
:10E550003EB5140068460022002524C01220A07198
:10E560000F2B01DA00203EBD002903D168460DF0D3
:10E57000C3FCA07108226946E01DE5F765FD042093
:10E5800020700E2060700C20A0700120E07003202D
:10E590002071202041E710B514001222A271062B31
:10E5A00001DC002010BD062902D1EEF737FCA07176
:10E5B000042020700E216170A0700120E070052001
:10E5C000207120202DE61FB514001222A271062B07
:10E5D00001DC002025E00F2917D102009178D078C6
:10E5E0000006000C0143107853781B061B0C1843DF
:10E5F000937B0393537B0293D31D019393790093F1
:10E60000537912790DF082FCA071042020700E2144
:10E610006170A0700120E0700620207120206071E0
:10E62000072004B010BD1CB5140000206A4610700D
:10E630001220A071072B01DC002016BD002903D198
:10E6400068460DF0C3FCA07168460078E0710420B4
:10E6500020700E2060700520A0700120E07007205F
:10E660001CE110B514001222A271062B01DC00205F
:10E6700010BD202904D1411C0078E3F789FDA07169
:10E68000042020700E216170A0700120E07008202D
:10E6900020712020C5E510B514001222A271062BAE
:10E6A00001DC002010BD202904D1411C0078E3F7D3
:10E6B00075FDA071042020700E216170A0700120F2
:10E6C000E070092020712020ABE510B51400122263
:10E6D000A271062B01DC002010BD012903D10078B6
:10E6E0000DF086FCA071042020700E216170A070D6
:10E6F0000120E0700A202071202092E51CB5140052
:10E700001222A271062B01DC002016BD072910D1B0
:10E71000C27801790906090C0A43417883781B06FF
:10E720001B0C19438379009343790078E5F73EFA8F
:10E73000A071042020700E216170A0700120E07093
:10E740000B2000F0F5FD10B514001222A271062B6B
:10E7500001DC002010BD022904D141780078E5F7E2
:10E760002CFAA071042020700E216170A07001208D
:10E77000E0700C202071202053E5F8B58AB0140019
:10E780001222E270062B01DC002051E0192943D14E
:10E790000100CA7D087E0006000C024368468284A0
:10E7A0004A7D887D0006000C0243CB7C087D000674
:10E7B000000C03434D7C887C0006000C0543CE7B97
:10E7C000087C0006000C0643487B8F7B3F063F0C0D
:10E7D00038436F4678848878CF783F063F0C3843BB
:10E7E0006F46388408784F783F063F0C38436F46B1
:10E7F000BF8C079706920593049503966A46528C40
:10E8000002920A7B01928A1D00924B790A7969462D
:10E81000098CE5F734F8E070042020700F21617056
:10E82000A070012020710D2060712020A0710720B0
:10E830000BB0F0BD10B514001220A071062B01DC46
:10E84000002010BD002902D1E5F736F8A0710420A0
:10E8500020700E216170A0700120E07021712020D5
:10E86000DFE41CB5140000206A4610701220A0716D
:10E87000072B01DC002016BD002903D168460DF0EE
:10E88000C8FBA07168460078E071042020700E205B
:10E8900060700520A0700120E0700F202071202002
:10E8A0006071082016BD10B514001220A071062B4F
:10E8B00001DC002010BD002902D1EEF7ABFAA071F7
:10E8C000042020700E216170A0700120E0701020E3
:10E8D00020712020A5E410B514001222A271062B8D
:10E8E00001DC002010BD072904D1411C0078EEF79F
:10E8F0004BFAA071042020700E216170A0700120DD
:10E90000E0701120207120208BE438B5140012250E
:10E91000A571062B01DC002032BD072904D1411C62
:10E9200000780DF07DFBA071042020700E21617035
:10E93000A0700120E070257100F03FFEF8B584B0B2
:10E9400014001222E270062B01DC00203EE00E29AA
:10E9500030D1027B417B0906090C0A43857AC17AD2
:10E960000906090C0D43067A417A0906090C0E4383
:10E970008379C1790906090C0B43017947793F0670
:10E980003F0C39436F46F9818178C7783F063F0CC9
:10E9900039436F46B981017847783F063F0C3943C8
:10E9A00008000292019500966946CA898989E5F7AF
:10E9B00010F9E070042020700F216170A070012018
:10E9C0002071132060712020A071072005B0F0BDD8
:10E9D00010B514001222A271062B01DC002010BD1C
:10E9E000052902D1E4F723FFA071042020700E2135
:10E9F0006170A0700120E070142020712020FFF7CA
:10EA000010FCFEB505000E0014001F00052168462D
:10EA1000E3F7DCFD1220A0710E2F01DA0020FEBD0D
:10EA2000022E08D1287869780906090C084369463E
:10EA3000E4F71DFFA071287869780906090C0843DE
:10EA4000E071000A20720522694620000930E5F7CE
:10EA5000FBFA042020700E2060700B20A0700120B3
:10EA6000E07015202071202060710E20FEBD10B5D1
:10EA700014001222E270062B01DC002010BD0229D6
:10EA800008D1017842781206120C11430800E4F70D
:10EA9000DEFEE070042020700F216170A070012064
:10EAA0002071162070E0F8B584B014006A46002585
:10EAB00000260027E0C215601222A271172B01DA8E
:10EAC000002019E0202905D16A46010010310DF01F
:10EAD000BDFAA07110226946E01DE5F7B5FA0420E1
:10EAE00020700E2060701420A0700120E0701720AC
:10EAF000207120206071172005B0F0BD3EB51400D4
:10EB000068460022002524C01220A0710F2B01DAD4
:10EB100000203EBD002903D168460DF0B9FAA0716E
:10EB200008226946E01DE5F78FFA042020700E20C8
:10EB300060700C20A0700120E0701820207120204F
:10EB40006BE410B514001222E270062B01DC0020E9
:10EB500010BD1C2910D101008A7AC87A0006000C69
:10EB6000024308784B781B061B0C18430B000C3330
:10EB7000891CE4F7BDFEE070042020700F21617055
:10EB8000A07001202071192060712020A071072041
:10EB900010BD38B514001222A271092B01DA002031
:10EBA00032BD0500122908D1287869780906090CB8
:10EBB0000843A91CE4F7A0FEA0712878697809062B
:10EBC000090C0843E071000A2072042020700E2016
:10EBD00060700620A0700120E0701A2023E038B594
:10EBE00014001222A271092B01DA002032BD0500A7
:10EBF000022907D1287869780906090C0843E4F747
:10EC00007FFEA071287869780906090C0843E07135
:10EC1000000A2072042020700E2060700620A07070
:10EC20000120E0701B20207120206071092032BD7E
:10EC30003EB5140068460022002524C01220A071B1
:10EC40000F2B01DA00203EBD002903D168460DF0EC
:10EC500027FAA07108226946E01DE5F7F5F90420BE
:10EC600020700E2060700C20A0700120E0701C202D
:10EC700020712020FFF7D1FB10B514001222A271E1
:10EC8000062B01DC002010BD012903D100780DF016
:10EC90000CFAA071042020700E216170A070012078
:10ECA000E0701D2020712020FFF7BBFA10B5140082
:10ECB0001222A271062B01DC002010BD032905D110
:10ECC0008278417800780DF003FAA071042020705A
:10ECD0000E216170A0700120E0701E2020712020A4
:10ECE000FFF79FFA1CB5140000206A46108012201E
:10ECF000A071092B01DA002016BD002903D1684656
:10ED00000CF0BEFCA07168460088E071000A207219
:10ED1000042020700E2060700620A0700120E0709A
:10ED20001F208FE338B514001222A271092B01DADB
:10ED3000002032BD0500062911D12A796879000624
:10ED4000000C0243A978E8780006000C01432878FB
:10ED50006B781B061B0C1843E4F752FEA071287851
:10ED600069780906090C0843E071000A2072042042
:10ED700020700E2060700620A0700120E07022201C
:10ED800051E71CB5140000206A4610601220A071E3
:10ED90000B2B01DA002016BD002905D1694600A819
:10EDA000801CE4F731FEA07168464088E071000ADB
:10EDB0002072684600886072000AA07204202070E9
:10EDC0000E2060700820A0700120E070232000F069
:10EDD0000AFE10B514001222A271062B01DC0020DD
:10EDE00010BD04290DD18178C2781206120C11438E
:10EDF000027843781B061B0C1A431000E4F708FE48
:10EE0000A071042020700E216170A0700120E070BC
:10EE1000242020712020FFF704FA10B514001220DE
:10EE2000E070062B01DC002010BD002902D1E4F7C0
:10EE30006BFDE070042020700F216170A070012034
:10EE400020712520A0E610B514001222E270062BD6
:10EE500001DC002010BD402902D1E4F759FDE0702B
:10EE6000042020700F216170A070012020712620E5
:10EE70008AE610B514001222A271062B01DC0020D4
:10EE800010BD272907D103001733C21D411C00788C
:10EE9000E4F736FEA071042020700E216170A0708E
:10EEA0000120E070272020712020FFF7BAF910B56B
:10EEB00014001222A271062B01DC002010BD0729CC
:10EEC00004D1411C0078E4F71FFEA07104202070DB
:10EED0000E216170A0700120E07028202071202098
:10EEE000FFF79FF910B514001220A071062B01DC6A
:10EEF000002010BD002902D1E4F70AFEA071042011
:10EF000020700E216170A0700120E0702920207116
:10EF10002020FFF786F91CB5140000206A46107007
:10EF20001220A071072B01DC002016BD002903D19F
:10EF30006846E4F7F1FDA07168460078E0710420AE
:10EF400020700E2060700520A0700120E0702A2043
:10EF5000A4E4FEB505000E0014001F00062168465B
:10EF6000E3F734FB1220A0710D2F01DA0020FEBD63
:10EF7000072E05D16A46691C2878E4F7D1FDA071F7
:10EF800006226946E01DE5F75FF8042020700E2098
:10EF900060700A20A0700120E0702B2024E0FEB5F4
:10EFA00005000E0014001F0006216846E3F70EFB63
:10EFB0001220A0710D2F01DA0020FEBD072E05D111
:10EFC0006A46691C2878E4F7AFFDA07106226946FD
:10EFD000E01DE5F739F8042020700E2060700A204B
:10EFE000A0700120E0702C202071202060710D2085
:10EFF000FEBD10B514001222A271062B01DC002008
:10F0000010BD012903D10078E4F792FDA07104201E
:10F0100020700E216170A0700120E0702D20207101
:10F020002020FFF7FEF810B514001222A271062B63
:10F0300001DC002010BD022908D1017842781206B7
:10F04000120C11430800E4F777FDA0710420207032
:10F050000E216170A0700120E0702E202071202010
:10F06000FFF7DFF81CB5140000206A4650601060FE
:10F070001220A0710F2B01DA002016BD002907D144
:10F080006B46921C01A901A8801CE4F7C5FCA07185
:10F090006846C088E071000A207268468088607205
:10F0A000000AA07268464088E072000A2073684631
:10F0B00000886073000AA073042020700E20607026
:10F0C0000C20A0700120E0702F20207120206071A2
:10F0D0000F2016BD38B5140000226D462A8012227A
:10F0E000A2710A2B01DC002032BD050002290AD1E1
:10F0F000287869780906090C08436A4600A9491C62
:10F10000E4F7EFFCA071287869780906090C084338
:10F11000E071000A207268464078607268460078A4
:10F12000A072042020700E2060700820A0700120C2
:10F13000E07030202071202060710B2032BD10B5AE
:10F1400014001222A271062B01DC002010BD03293D
:10F1500005D1827841780078E4F7C7FCA0710420DB
:10F1600020700E216170A0700120E07031202071AC
:10F170002020FFF756F838B514001222E270062B53
:10F1800001DC002032BD072911D1417982791206B4
:10F19000120C1143057842781206120C15430091A7
:10F1A0000379C27881782800E4F7A3FCE07004209A
:10F1B00020700F216170A0700120207132206071D9
:10F1C000202002F004FF10B514001222A271062BB9
:10F1D00001DC002010BD032905D182784178007838
:10F1E000E4F716FDA071042020700E216170A0705C
:10F1F0000120E070332020712020FFF712F810B5B5
:10F2000014001222A271062B01DC002010BD04297B
:10F2100006D1C378827841780078E4F7FDFCA071CC
:10F22000042020700E216170A0700120E070342055
:10F2300020712020FEF7F5FF10B514001222A271F4
:10F24000062B01DC002010BD072904D1411C0078E9
:10F25000E4F7C2FBA071042020700E216170A07041
:10F260000120E070352020712020FEF7DAFF30B554
:10F270008DB0140000220CAD2A701222A271072B4F
:10F2800001DC002036E0192924D141788278120669
:10F29000120C11430CAA0B92027E0A92C27D0992B3
:10F2A000827D0892427D0792027D06921322825649
:10F2B0000592827C049202000C320392C27A02927E
:10F2C000827A0192427A0092831DC21C0078E4F790
:10F2D0002BFBA0710CA80078E071042020700E2098
:10F2E00060700520A0700120E07036202071202081
:10F2F000607108200DB030BD1CB514001222A2713F
:10F30000062B01DC002016BDC378091F994207D1E6
:10F31000011D0091827841780078E2F71DFEA0710E
:10F32000042020700E216170A0700120E070372051
:10F33000207120206071072016BD1CB51400122218
:10F34000A271062B01DC002016BDC378091F99426B
:10F3500007D1011D0091827841780078E2F701FE23
:10F36000A071042020700E216170A0700120E07057
:10F370003820DDE7F2B5FFB085B014001221A1718D
:10F38000062B01DC00203BE00022002341785929B4
:10F3900001D3427028E0050011E0E818801C69469E
:10F3A00006265643891906780E70467887783F06F8
:10F3B0003F0C3E434E80C07808711B1D521C69787B
:10F3C0008A42EADB84A80088801E98420CD16A46F3
:10F3D0002878E2F7BCFEA071002805D16A4669785A
:10F3E0002878E4F7FDFAA071042020700E216170E6
:10F3F000A0700120E070392020712020607107206A
:10F400007FB006B0F0BD1CB5140000206A46108025
:10F410001220A071092B01DA002016BD002903D1AA
:10F420006846E2F753FCA07168460088E071000A64
:10F430002072042020700E2060700620A070012031
:10F44000E0703A20207120206071092016BD1CB5A3
:10F45000140000206A4610701220A071072B01DCF6
:10F46000002016BD002903D16846E4F7BDFAA0715B
:10F4700068460078E071042020700E20607005203E
:10F48000A0700120E0703B20FFF708FA10B51400CF
:10F490001222A271062B01DC002010BD012903D12C
:10F4A0000078E4F7A5FAA071042020700E216170A5
:10F4B000A0700120E0703C2020712020FEF7B1FEFA
:10F4C00010B514001220A071062B01DC002010BD25
:10F4D000002902D1E4F790FAA071042020700E21D7
:10F4E0006170A0700120E0703D2020712020FEF7A7
:10F4F00098FE38B514001222A271062B01DC002000
:10F5000032BD072912D1437981790906090C0B43D1
:10F51000C27801790906090C0A43417885782D06DD
:10F520002D0C29430078E4F792FAA0710420207092
:10F530000E216170A0700120E0703E203CE010B50B
:10F5400014001222A271062B01DC002010BD82786B
:10F55000C91E914205D1C31C41780078E2F708FD2D
:10F56000A071042020700E216170A0700120E07055
:10F570003F2020712020FEF754FE38B514001222DF
:10F58000A271062B01DC002032BD02290CD105003E
:10F5900069782878E2F7CDFDA071002804D1697858
:10F5A0002878E4F758FAA071042020700E216170C9
:10F5B000A0700120E07040202071202060710720A1
:10F5C00032BDF7B5FFB087B012219171062B01DC77
:10F5D00000204CE00022002100230024012500959A
:10F5E0008578E54001262E4000D05B1C641C082C69
:10F5F000F4D3592B29D2019317E04318DB1C0624BE
:10F60000544302AD2D191E782E705E789F783F0608
:10F610003F0C3E4302AFBF1C3E53DC781E793606DA
:10F62000360C3443AC80491D521C019B9A42E4DBEA
:10F6300087AA1288D21E8A4207D102AB827841780B
:10F640000078E4F7BEFA889988710420889A1070CF
:10F650000E21889A51708899887000988899C8708E
:10F6600041208899087120208899487107207FB02F
:10F670000AB0F0BD10B514001222A271062B01DCF5
:10F68000002010BD06290ED1037941790906090C25
:10F690000B438278C1780906090C0A434178007847
:10F6A000E4F793FAA071042020700E216170A0701D
:10F6B0000120E070422020712020FEF7B2FDF2B55B
:10F6C000FFB087B015001221E970062B01DC002085
:10F6D00068E00022002300260124477AF7402740F3
:10F6E00000D05B1C761C082EF7D3222B4FD2009043
:10F6F0000193002037E0009989180A310E784B7881
:10F700001B061B0C1E4302AB0701DB191E808E7803
:10F71000CF783F063F0C3E435E800E794F793F061F
:10F720003F0C3E439E808E79CF793F063F0C3E438F
:10F73000DE800E7A4F7A3F063F0C3E431E818E7A62
:10F74000CF7A3F063F0C3E435E810E7B4F7B3F06E8
:10F750003F0C3E439E818E7BCF7B3F063F0C3E435A
:10F76000DE811032401C01998842C4DB009886A9D2
:10F7700009880A3991420AD102A90191417A00917E
:10F78000C31C827841780078E4F79AF8E870042086
:10F7900028700F216970A8702C7143206871202097
:10F7A000A87107207FB008B0F0BD1FB51400122269
:10F7B000E270062B01DC002022E00E2914D1C17A70
:10F7C000027B1206120C1143427A837A1B061B0C31
:10F7D0001A43437B029301910092C31C82784178C3
:10F7E0000078E4F7BDF9E070042020700F2161700B
:10F7F000A07001202071442060712020A07107209A
:10F8000004B010BD10B514001220A071062B01DC4D
:10F81000002010BD002902D1E4F7B0F9A071042046
:10F8200020700E216170A0700120E07045202071D1
:10F830002020FEF7F6FC10B514001222A271062B50
:10F8400001DC002010BD022908D10178427812069F
:10F85000120C11430800E4F795F9A0710420207000
:10F860000E216170A0700120E070462020712020E0
:10F87000FEF7D7FC10B514001222A271062B01DC92
:10F88000002010BD082905D1C279411C0078E4F799
:10F890005FF9A071042020700E216170A07001201A
:10F8A000E070472020712020FEF7BBFC10B514004B
:10F8B0001222A271062B01DC002010BD082905D1FF
:10F8C000C279411C0078E4F765F9A071042020702A
:10F8D0000E216170A0700120E0704820207120206E
:10F8E000FEF79FFC10B514001220A071062B01DC5E
:10F8F000002010BD002902D1E4F72EF9A0710420E8
:10F9000020700E216170A0700120E07049202071EC
:10F910002020FEF786FC1CB5140000206A461070FB
:10F920001220A071072B01DC002016BD002903D195
:10F930006846E4F72BF9A07168460078E07104206E
:10F9400020700E2060700520A0700120E0704A2019
:10F95000FEF7A4FF1CB5140000206A461080122098
:10F96000A071082B01DC002016BD002905D16946D5
:10F9700000A8401C0CF0C4FBA07168464078E07100
:10F98000684600782072042020700E2060700620E7
:10F99000A0700120E0704B2054E51CB5140000203D
:10F9A0006A4610601220A0710B2B01DA002016BDF0
:10F9B000002905D1694600A8801C0CF0A7FBA071A6
:10F9C00000980014E071000A2072009800B2607282
:10F9D000000AA072042020700E2060700820A07021
:10F9E0000120E0704C202071202060710B2016BD9A
:10F9F00010B514001222A271062B01DC002010BDEC
:10FA000004290ED18178C2781206121411430278AB
:10FA100043781B061B141A4309B210B20CF082FB88
:10FA2000A071042020700E216170A0700120E07090
:10FA30004D2020712020FEF7F4FB10B51400122297
:10FA4000A271062B01DC002010BD082905D1C27966
:10FA5000411C0078E4F774F8A071042020700E2196
:10FA60006170A0700120E0704E2020712020FEF710
:10FA7000D8FB10B514001222A271062B01DC002065
:10FA800010BD032909D1027841780906090C0A43FF
:10FA900081781000E4F782F8A071042020700E2114
:10FAA0006170A0700120E070592020712020FEF7C5
:10FAB000B8FB38B514001222A271092B01DA00201C
:10FAC00032BD0500062911D12A7968790006000C9B
:10FAD0000243A978E8780006000C014328786B7887
:10FAE0001B061B0C1843E3F7D3FFA0712878697835
:10FAF0000906090C0843E071000A207204202070F6
:10FB00000E2060700620A0700120E0705A20FFF7E0
:10FB10008AF838B514001222A271092B01DA0020EC
:10FB200032BD050005290DD1A978E8780006000C42
:10FB3000014328786A781206120C10432A79E3F7F9
:10FB4000A3FFA071287869780906090C0843E071C1
:10FB5000000A2072042020700E2060700620A07021
:10FB60000120E0705B20FFF75EF838B51400122228
:10FB7000A271092B01DA002032BD0500082914D139
:10FB80006B79A8790006000C0343EA78287900060F
:10FB9000000C0243287869780906090C0843E979C2
:10FBA0000091A978E3F77CFFA071287869780906AD
:10FBB000090C0843E071000A2072042020700E2016
:10FBC00060700620A0700120E0705C20FFF72BF829
:10FBD00010B514001222A271062B01DC002010BD0A
:10FBE00006290ED1C27801790906090C0A43417829
:10FBF00083781B061B0C194343790078E3F74CFF0D
:10FC0000A071042020700E216170A0700120E070AE
:10FC10005D2020712020FEF704FB10B51400122295
:10FC2000A271062B01DC002010BD022904D141780D
:10FC30000078E3F704FEA071042020700E216170AB
:10FC4000A0700120E070742020712020FEF7E9FAF6
:10FC500038B5140000226D462A801222A2710B2BA7
:10FC600001DC002032BD050003290BD1287869781A
:10FC70000906090C08436B4600AA521CA978E3F751
:10FC800016FFA071287869780906090C0843E0710D
:10FC9000000A2072A878607268464078A0726846B0
:10FCA0000078E072042020700E2060700920A0709F
:10FCB0000120E07076202071202060710C2032BD80
:10FCC00010B514001222E270062B01DC002010BDDA
:10FCD000032909D1027841780906090C0A43817881
:10FCE0001000E3F7E8FEE070042020700F2161703F
:10FCF000A070012020717720FEF746FF3EB514006A
:10FD00001222A271092B01DA00203EBD050008294C
:10FD100012D1A979E8790006000C014328786A78A5
:10FD20001206120C10430191697900912B79EA783F
:10FD3000A978E3F7C4FEA071287869780906090C50
:10FD40000843E071000A2072042020700E206070C9
:10FD50000620A0700120E0707820D5E138B51400AD
:10FD60001222A271092B01DA002032BD05000329FD
:10FD700008D1287869780906090C0843A978E3F7BF
:10FD8000A8FEA071287869780906090C0843E0717B
:10FD9000000A2072042020700E2060700620A070DF
:10FDA0000120E0707920FEF73EFF38B514001222E2
:10FDB000A271092B01DA002032BD0500042909D106
:10FDC000287869780906090C0843EA78A978E3F7E6
:10FDD00084FEA071287869780906090C0843E0714F
:10FDE000000A2072042020700E2060700620A0708F
:10FDF0000120E0707A20FEF716FF30B585B01400C0
:10FE0000C21D857952191225A571062B01DC00202F
:10FE100020E083790839994210D10021515604918C
:10FE2000C11D039102934179019101790091C37839
:10FE3000827841780078E3F7F3FEA0710420207007
:10FE40000E216170A0700120E0707B2020712020C5
:10FE50006071072005B030BD10B514001222A271E8
:10FE6000062B01DC002010BD022904D14178007866
:10FE7000E3F76AFEA071042020700E216170A0706B
:10FE80000120E0707C2020712020FEF7CAF9F8B52F
:10FE900014001222A271062B01DC0020F2BD0A29F7
:10FEA0001DD1067A417A0906090C0E438379C1797E
:10FEB0000906090C0B43027941790906090C0A432A
:10FEC0008178C5782D062D0C2943057847783F06A3
:10FED0003F0C3D4328000096E3F789FEA071042003
:10FEE00020700E216170A0700120E0707D202071D3
:10FEF000202060710720F2BDFEB514001222E270CE
:10FF0000062B01DC0020FEBD0C2927D1857AC17AA1
:10FF10000906090C0D43067A417A0906090C0E43BD
:10FF20008379C1790906090C0B43027941790906E5
:10FF3000090C0A438178C7783F063F0C39436F4666
:10FF40003981017847783F063F0C39430800019515
:10FF5000009669460989E3F751FEE070042020709D
:10FF60000F216170A070012020717E20607120201F
:10FF700002F04FF930B58FB0140000220EAD2A7098
:10FF80001222A271072B01DC00203AE01B2928D1A4
:10FF9000417882781206120C11430EAA0D92827ECD
:10FFA0000C92427E0B92027E0A92C27D0992827D61
:10FFB0000892427D0792027D069213228256059294
:10FFC000827C049202000C320392C27A0292827AFC
:10FFD0000192427A0092831DC21C0078E3F7CDFCA7
:10FFE000A0710EA80078E071042020700E206070CF
:10FFF0000520A0700120E0707F202071202060711A
:020000041006E4
:1000000008200FB030BDF7B5FFB085B01221917157
:10001000072B01DC002040E004000026002061786E
:10002000432916D3667022E02118891CF2006B4622
:100030009B180D781D704D786F467F1CBD548A78D3
:100040009A70CA78DA700A1D5A60C9784018001D83
:10005000761C61788E42E7DB85AA1288921E824266
:1000600005D16A462078E1F788FF86998871207863
:100070008699C8710420869908700E208699487068
:1000800005208699887001208699C87082208699FB
:10009000087120208699487108207FB008B0F0BD13
:1000A0003EB514001222A271082B01DC00203EBDD7
:1000B00005000839E879814215D1A978E878000669
:1000C000000C014328786A781206120C10432A00AB
:1000D00008320292EA790192AA7900926B792A7920
:1000E000E1F7BDFFA071287869780906090C08437B
:1000F000E071000A2072042020700E20607006203B
:10010000A0700120E0708320207120206071092000
:100110003EBD38B514001222A271092B01DA00206D
:1001200032BD0500481F297988420ED1A978E878A8
:100130000006000C014328786A781206120C10435E
:100140006B1D2A79E3F72EFDA071287869780906DE
:10015000090C0843E071000A2072042020700E2070
:1001600060700620A0700120E0708420FEF75BFD27
:10017000F2B5FFB089B015001221E970062B01DC41
:1001800000206CE00022002300260124C77AF740FB
:10019000274000D05B1C761C082EF7D3222B53D2AD
:1001A00000900193002037E0009989180C310E78F7
:1001B0004B781B061B0C1E4304AB0701DB191E808A
:1001C0008E78CF783F063F0C3E435E800E794F79A4
:1001D0003F063F0C3E439E808E79CF793F063F0C11
:1001E0003E43DE800E7A4F7A3F063F0C3E431E812F
:1001F0008E7ACF7A3F063F0C3E435E810E7B4F7B6B
:100200003F063F0C3E439E818E7BCF7B3F063F0CDB
:100210003E43DE811032401C01998842C4DB0098C5
:1002200088A909880C3991420ED104A90391C17A99
:100230000291411D019101790091C3788278417842
:100240000078E3F746FBE870042028700F216970FE
:10025000A8702C71852068712020A87107207FB0BC
:100260000AB0F0BD30B585B014001222A271072B80
:1002700001DC00202EE005000C291CD16B79A87947
:100280000006000C0343EA7828790006000C0243BC
:100290006978A8780006000C0143E87A0490A87AEF
:1002A0000390687A0290287A0190E8790090287883
:1002B000E3F7D5FBA0712878E071042020700E20B0
:1002C00060700520A0700120E07086202071202041
:1002D0006071082005B030BDF0B5BFB00E0014004D
:1002E0001F00002069460870F82101A8E2F76EF9A6
:1002F0001220A07180256D00AF4201DA00201CE0C1
:10030000002E04D101A968460BF034FFA0716846A5
:100310000078E071F82201A920000830E3F794FE8C
:10032000042020700E206070FD20A0700120E0707D
:10033000872020712020607128003FB0F0BD10B5EB
:1003400014001222E270062B01DC002010BD0329EC
:1003500009D1027841780906090C0A438178100016
:10036000E3F779FAE070042020700F216170A0702B
:10037000012020718820FEF707FC10B5140012221E
:10038000A271062B01DC002010BD032909D10278DF
:1003900041780906090C0A4381781000E3F74BFA0B
:1003A000A071042020700E216170A0700120E07007
:1003B000972020712020FDF734FF1CB51400122275
:1003C000A271062B01DC002016BD0A290AD1417A50
:1003D00000910821435607214256411C0078E3F75B
:1003E0001FFBA071042020700E216170A0700120FD
:1003F000E0709820FEF79CFF10B514001222A27145
:10040000062B01DC002010BD072904D1411C007817
:10041000E3F719FBA071042020700E216170A07019
:100420000120E070992020712020FDF7FAFE10B520
:1004300014001220A071062B01DC002010BD002941
:1004400002D1E3F7F4FAA071042020700E2161704C
:10045000A0700120E0709A2020712020FDF7E1FEBD
:100460001CB5140000206A4610701220A071072BE2
:1004700001DC002016BD002903D16846E3F7DFFA4E
:10048000A07168460078E071042020700E20607032
:100490000520A0700120E0709B20FEF7FFF910B549
:1004A00014001222A271062B01DC002010BD0129CC
:1004B00003D10078E3F7BFFAA071042020700E2169
:1004C0006170A0700120E0709C2020712020FDF759
:1004D000A8FE38B514000025684605801220A071DA
:1004E000092B01DA002032BD002903D168460BF048
:1004F000AFF8A07168460088E071000A20720420FD
:1005000020700E2060700620A0700120E070257120
:10051000FC20FEF78AFB30B58BB01400002008AD3C
:1005200028606A4610856D46E86150621225A57103
:10053000152B50DB002919D109A80690801C0590C5
:1005400007A80490401C039007A8801C029007A8ED
:10055000C01C01900AA8009008AB08AA521C08A968
:10056000891C08A8C01CFCF777FDA07108A8C01C56
:100570000078E07108A8801C0078207208A8401C50
:100580000078607208A80078A0726846008DE0725A
:10059000000A20736846C07F60736846807FA0733E
:1005A0006846407FE0736846007F20746846C08CD0
:1005B0006074000AA0746846808CE074000A20759C
:1005C000042020700E206070A5700120E070207162
:1005D000FC20607115200BB030BD30B58BB014001D
:1005E000002008AD28606D46E8610A906A465062B6
:1005F0001220A071172B01DA002053E000291AD134
:1006000009A806900AA8059007A80490401C03902A
:1006100007A8801C029007A8C01C019009A8801C94
:10062000009008AB08AA521C08A9891C08A8C01C85
:10063000FCF729FDA07108A8C01C0078E07108A88B
:10064000801C0078207208A8401C0078607208A8FE
:100650000078A0726846C08CE072000A2073684679
:10066000C07F60736846807FA0736846407FE073F8
:100670006846007F2074210011310A980BF096FD26
:100680006846808C6075000AA075042020700E20DA
:1006900060701420A0700120E07002202071FC2006
:1006A000607117200BB030BD10B514001222A2717A
:1006B000062B01DC002010BD4378891E994205D12C
:1006C000821C190000780BF07BFDA07104202070C3
:1006D0000E216170A0700120E0700C202071FC20C0
:1006E000FDF79FFDF8B5FFB087B007000E001400BE
:1006F0000020694608708521890001A8E1F766FF9E
:100700001220A07186A80588072D13DB012E05D1C4
:1007100001AA694638780BF057FDA071072D09DD55
:1007200068460078E071024686A80188100008300B
:10073000814201D2002013E001A920000830E3F734
:1007400083FCE079801C042121700E216170C11CA2
:10075000A1700121E1700D212171FC216171801DC9
:100760007FB008B0F0BD38B514001222A271062B7C
:1007700001DC002032BD02290CD1050069782878FF
:10078000F9F779FBA071002804D1697828780BF07B
:100790001FFDA071042020700E216170A070012047
:1007A000E0700F202071FC20FEF708FF1CB514003C
:1007B000002000901220A0710B2B01DA002016BD42
:1007C000002903D168460AF06BFFA071E11D009873
:1007D0000BF0ECFC042020700E2060700820A0704C
:1007E0000120E07014202071FC20FFF7FEF810B506
:1007F00014001222A271062B01DC002010BD022978
:1008000004D141780078F9F743FBA07104202070EF
:100810000E216170A0700120E07015202071FC2075
:10082000FDF7FFFC10B514001220A071062B01DCAF
:10083000002010BD002902D1F9F781FBA07104202E
:1008400020700E216170A0700120E07016202071D0
:10085000FC20FDF7E6FCF8B586B014006A460025DA
:10086000002660C20027E0C215601222A2711F2B71
:1008700001DA00201FE0012905D102AA69460078AB
:1008800008F04CFEA07108226946E01DE3F7DCFB8E
:10089000102202A920000F30E3F7D6FB04202070BD
:1008A0000E2060701C20A0700120E07017202071C5
:1008B000FC2060711F2007B0F0BD10B5140012229B
:1008C000A271062B01DC002010BD022908D101789D
:1008D00042781206120C114308000BF07DFCA07147
:1008E000042020700E216170A0700120E07018209B
:1008F0002071FC20FDF795FC1CB514001222A2719A
:10090000062B01DC002016BD06290CD1417901918E
:10091000042141560091C378022142564178007863
:10092000E2F721FFA071042020700E216170A070F9
:100930000120E0701C202071FC20FEF7FBFC1CB5A0
:1009400014001222E270062B01DC002016BD0629DD
:100950000CD1C37801790906090C0B434179009148
:10096000827841780078FCF7CAFBE07004202070A0
:100970000F216170A070012020712B206071FC207C
:10098000A071072016BD38B5050014001220A07113
:10099000062B01DC002032BD481F2979884207D18F
:1009A00028000BF021FC6A1D2979FCF70FFCA071CF
:1009B000042020700E216170A0700120E0703520AD
:1009C0002071FC20FEF7FAFDF8B5FFB087B00600F5
:1009D0000F0014000020694608708521890001A8D5
:1009E000E1F7F4FD1220A07186A80588072D16DB1B
:1009F000052F08D130000BF0F7FB01AB6A463179C7
:100A0000FCF703FCA071072D09DD68460078E07152
:100A1000024686A8018810000830814201D20020D9
:100A200013E001A920000830E3F70EFBE079801CF9
:100A3000042121700E216170C11CA1700121E1709F
:100A400036212171FC216171801D7FB008B0F0BD9D
:100A500010B514001222A271062B01DC002010BD7B
:100A6000042906D1C378827841780078F9F701FA31
:100A7000A071042020700E216170A0700120E07030
:100A800037202071FC20FDF7CCFB10B5140012229A
:100A9000A271062B01DC002010BD032909D10278C8
:100AA00041780906090C0A4381781000E2F757FEE5
:100AB000A071042020700E216170A0700120E070F0
:100AC00038202071FC20FDF7ACFB1CB51400002081
:100AD0006A46908010601220A0710D2B01DA002070
:100AE00016BD002905D100A9891C01A80BF087FBC0
:100AF000A07168468088E071000A207268464088CC
:100B00006072000AA07268460088E072000A2073D2
:100B1000042020700E2060700A20A0700120E07078
:100B200060202071FC2060710D2016BD10B51400EE
:100B30001222A271062B01DC002010BD022904D173
:100B4000417800780BF06EFBA071042020700E211C
:100B50006170A0700120E07081202071FC20FDF701
:100B600060FB10B514001222A271062B01DC0020DC
:100B700010BD012903D10078E2F7EDFCA07104203B
:100B800020700E216170A0700120E070852020711E
:100B9000FC20FDF746FB1FB514001222A271062BA4
:100BA00001DC00201AE007290CD1817902914179FA
:100BB000019101790091C378827841780078E2F759
:100BC000CEFCA071042020700E216170A070012065
:100BD000E07086202071FC206071072004B010BDF9
:100BE00038B5050014001220A071062B01DC00208E
:100BF00032BD06290CD1A81C0BF0F6FA2A786978C8
:100C00000906090C0A4301001000E2F7BEFCA071BE
:100C1000042020700E216170A0700120E0708820F7
:100C20002071FC20FEF7CAFC3EB5140000226D4680
:100C30002A816A601222A2710D2B01DA00203EBDCA
:100C4000022909D101A9009101AB9B1C02AA41789C
:100C500000780AF089FEA07168460089E071000AF8
:100C600020726846C0886072000AA0726846808858
:100C7000E072000A2073042020700E2060700A20A9
:100C8000A0700120E0708A202071FC2060710D208E
:100C90003EBD10B514001222A271062B01DC00200B
:100CA00010BD04290AD1037841780906090C0B43C9
:100CB000C27881781800E2F760FCA07104202070EF
:100CC0000E216170A0700120E0708D202071FC2049
:100CD000FDF7A7FA38B5140000226D462A801222CB
:100CE000A271082B01DC002032BD02290BD1037850
:100CF00041780906090C0B436A4600A9491C1800F3
:100D0000E2F75EFCA07168464078E07168460078C2
:100D10002072042020700E2060700620A070012038
:100D2000E07090202071FC20FDF77FFF10B51400CB
:100D30001222A271062B01DC002010BD082902D16D
:100D40000BF078FAA071042020700E216170A07061
:100D50000120E07092202071FC20FDF762FA10B5AE
:100D600014001222E270062B01DC002010BD0329C2
:100D700009D1027841780906090C0A4381781000EC
:100D8000E2F78AFBE070042020700F216170A070F0
:100D90000120207193206071FC20FDF7F7FE10B553
:100DA00014001220A071062B01DC002010BD0029C8
:100DB00002D1E2F709FCA071042020700E216170BD
:100DC000A0700120E07094202071FC20FDF729FA2A
:100DD00010B514001222A271062B01DC002010BDF8
:100DE000032909D1027841780906090C0A43817860
:100DF0001000E2F7C6FBA071042020700E21617084
:100E0000A0700120E07096202071FC20FDF709FA07
:100E100010B514001222E270062B01DC002010BD78
:100E2000082905D1821C41780078E2F75FFBE07069
:100E3000042020700F216170A070012020719C207F
:100E40006071FC20FDF7A2FE10B514001222E270C2
:100E5000062B01DC002010BD012903D10078E2F748
:100E600051FBE070042020700F216170A070012000
:100E700020719D206071FC20FDF788FEF8B584B0DC
:100E800014001222E270062B01DC00203EE00E2945
:100E900030D1027B417B0906090C0A43857AC17A6D
:100EA0000906090C0D43067A417A0906090C0E431E
:100EB0008379C1790906090C0B43017947793F060B
:100EC0003F0C39436F46F9818178C7783F063F0C64
:100ED00039436F46B981017847783F063F0C394363
:100EE00008000292019500966946CA898989E2F74D
:100EF000D7FAE070042020700F216170A0700120EB
:100F000020719E206071FC20A071072005B0F0BD0B
:100F1000FEB505000E0014001F0006216846E1F72B
:100F200055FB1220A0710D2F01DA0020FEBD062E08
:100F300004D1694628000BF090F9A0710622694699
:100F4000E01DE3F781F8042020700E2060700A2075
:100F5000A0700120E070A0202071FC20FEF746F870
:100F6000F8B5FFB087B006000F00150000246946F1
:100F70000C708521890001A8E1F728FB1220A871D7
:100F800086A8008807282CDB022F06D101AB6A4611
:100F900071783078E2F71CFBA87186A800880728D2
:100FA0001FDD68460078E871022686A8078806E0FB
:100FB0000622491C0930E3F747F8B61D641CE8799E
:100FC000844210DAF11D8F420BD3E000011B681838
:100FD00001AA51180A780272761C33000C339F4222
:100FE000E6DA00200DE0042028700E206870F01C66
:100FF000A8700120E870A3202871FC206871B61D3C
:10100000B0B27FB008B0F0BD10B514001222A271CA
:10101000062B01DC002010BD072904D1411C0078FB
:10102000E2F7DAFAA071042020700E216170A0703E
:101030000120E070A4202071FC20FDF7F2F810B52B
:1010400014001222A271062B01DC002010BD03291E
:1010500009D1027841780906090C0A438178100009
:10106000E2F7AAFAA071042020700E216170A0702E
:101070000120E070A5202071FC20FDF7D2F810B50A
:1010800014001222A271062B01DC002010BD0329DE
:1010900009D1027841780906090C0A4381781000C9
:1010A000E2F777FAA071042020700E216170A07021
:1010B0000120E070A6202071FC20FDF7B2F8F1B508
:1010C00088B00D0014001E00002769464F710621EC
:1010D00002A8E1F77BFA6846077104A80021002204
:1010E00000238EC01220A071202E01DA00202EE0F5
:1010F0002800089D012809D104A8009001AB02AA8C
:1011000001A9491C2878E2F748FAA071684640799D
:10111000E071062202A920000830E2F795FF287846
:10112000A07368460079E073102204A920001030F3
:10113000E2F78AFF042020700E2060701D20A0704E
:101140000120E070A7202071FC206071202009B0F0
:10115000F0BD1CB514001222A271062B01DC002088
:1011600016BD1A290BD101000A310191417A009173
:10117000037A821C41780078E2F715FAA071042006
:1011800020700E216170A0700120E070A8202071F5
:10119000FC20FEF7CFF810B514001222A271062B26
:1011A00001DC002010BD072904D1411C0078E2F7C2
:1011B00017FAA071042020700E216170A070012028
:1011C000E070AA202071FC20FDF72BF878B58BB0D9
:1011D00014001222A271062B01DC002037E01B292B
:1011E00029D1050008300AF0FFFF0600281D0AF08B
:1011F000FBFFAA78E9780906090C0A43A97E0A913F
:10120000697E0991297E0891E97D0791A97D069162
:10121000152169560591297D049129000E3103910C
:10122000697B0291297B01910096030069782878F7
:101230000BF017F8A071042020700E216170A070CF
:101240000120E070AB202071FC20607107200CB001
:1012500070BDF2B5FFB085B014001221A171062B4C
:1012600001DC00203BE0002200234178592901D312
:10127000427028E0050011E0E818801C6946062647
:101280005643891906780E70467887783F063F0CDA
:101290003E434E80C07808711B1D521C69788A42FB
:1012A000EADB84A80088801E98420CD16A46287820
:1012B000E0F76AFFA071002805D16A4669782878AE
:1012C0000BF004F8A071042020700E216170A07052
:1012D0000120E070AC202071FC20607107207FB0FD
:1012E00006B0F0BD10B514001222A271062B01DC6D
:1012F000002010BD8278C91E914205D1C31C4178DF
:101300000078E0F757FFA071042020700E21617073
:10131000A0700120E070AD202071FC20FCF781FF5F
:1013200010B514001222A271062B01DC002010BDA2
:101330008278C91E914205D1C31C41780078E0F73C
:101340003EFFA071042020700E216170A07001206A
:10135000E070AE202071FC20FCF763FF1CB5140088
:101360001222A271062B01DC002016BD082912D121
:101370008179C2791206120C1143027943791B0656
:101380001B0C1A4301910092C3788278417800784F
:10139000E2F794F8A071042020700E216170A07013
:1013A0000120E070AF202071FC20FDF7C3FFF8B5ED
:1013B00084B014001222A271062B01DC002036E05A
:1013C0000D2928D1C27A017B0906090C0A43457A06
:1013D000817A0906090C0D43C679017A0906090CC0
:1013E0000E43437981790906090C0B43C1780779CB
:1013F0003F063F0C39436F46B981417887783F06F5
:101400003F0C39430292019500966A469289007812
:10141000E2F75EF8A071042020700E216170A070C8
:101420000120E070B0202071FC206071072005B021
:10143000F0BD10B514001222A271062B01DC0020B1
:1014400010BD06290ED1037941790906090C0B4319
:101450008278C1780906090C0A4341780078E2F7DE
:1014600049F8A071042020700E216170A070012045
:10147000E070B1202071FC20FCF7D3FE10B5140001
:101480001222A271062B01DC002010BD082905D113
:10149000821C41780078E2F731F8A07104202070B6
:1014A0000E216170A0700120E070B2202071FC203C
:1014B000FCF7B7FEF3B5FFB086B017001221B97183
:1014C000072B01DA002031E00024002581784D2926
:1014D00001D384701EE006000EE0E000001B6946A8
:1014E0000B187119C978197006223018011D581C83
:1014F000E2F7AAFDED1D641CB2789442EDDB86A8EC
:101500000088C01EA84205D16B46717830780AF079
:10151000E1FEB871042038700E217970B870012096
:10152000F870B3203871FC20787107207FB008B0C4
:10153000F0BD10B514001222A271062B01DC0020B0
:1015400010BD012903D100780AF0DAFEA071042051
:1015500020700E216170A0700120E070B420207115
:10156000FC20FCF75EFE10B514001222A271062BBF
:1015700001DC002010BD012903D10078E1F7E3FF71
:10158000A071042020700E216170A0700120E07015
:10159000BA202071FC20FCF744FE10B51400122084
:1015A000A071062B01DC002010BD002902D1E1F75B
:1015B000CEFFA071042020700E216170A070012068
:1015C000E070BB202071FC20FCF72BFEF0B589B049
:1015D00014001222E270062B01DC002040E01729E3
:1015E00032D1427D817D0906090C0A4369460A848D
:1015F000C17C027D1206120C1143427C837C1B06C7
:101600001B0C1A43C37B057C2D062D0C2B43457BFD
:10161000867B3606360C3543C67A077B3F063F0C81
:101620003E436F463F8C07970691059204930395BE
:101630000296411D019101790091C3788278417829
:101640000078E1F763FFE070042020700F216170E3
:10165000A07001202071CA206071FC20A0710720B9
:1016600009B0F0BDF8B5FFB089B006000F00140056
:101670000020694608728521890003A8E0F7A6FFCB
:101680001220A07188A80588072D1BDB3000027E80
:10169000193F97420AD103A9019102A900910300C1
:1016A000193301001031E0F791FDA071072D09DD1C
:1016B0006846007AE071024688A801881000083068
:1016C000814201D2002013E003A920000830E2F794
:1016D000BBFCE079801C042121700E216170C11CCB
:1016E000A1700121E170CB212171FC216171801D6C
:1016F0007FB00AB0F0BDF8B5FFB089B006000F00AA
:1017000014000020694608728521890003A8E0F7CB
:101710005DFF1220A07188A80588072D1BDB300013
:10172000027E193F97420AD103A9019102A90091B3
:101730000300193301001031E0F76DFDA071072D92
:1017400009DD6846007AE071024688A80188100029
:101750000830814201D2002013E003A920000830A4
:10176000E2F772FCE079801C042121700E21617087
:10177000C11CA1700121E170CC212171FC2161719A
:10178000801D7FB00AB0F0BD38B5140000226D4650
:101790002A801222A271092B01DA002032BD012910
:1017A00004D1694600780AF077F8A071684600888D
:1017B000E071000A2072042020700E206070062064
:1017C000A0700120E0702071FD20FDF72EFADBB53E
:1017D00087B0007801260324012801D1032004E00A
:1017E000022801D1112000E00120170007990818F4
:1017F0000290002269468A801220B871092B01DA12
:10180000002035E007980078012801D1022202E08B
:10181000022800D110220798411C03A8E2F714FC0B
:1018200007980078012804D0022801D1112400E093
:1018300001246946098C891EA14208D101A90091A1
:1018400002994B780A7803A9FBF7CBFDB87168467B
:101850008088F871000A3872042038700E20787081
:101860000620B870FE7002203871FD2078710920C2
:101870000AB0D0BD38B5140000226D462A8012226D
:10188000A271092B01DA002032BD04290ED1020019
:101890009178D0780006000C0143107853781B062D
:1018A0001B0C18436A46FBF7DEFDA07168460088F2
:1018B000E071000A2072042020700E206070062063
:1018C000A0700120E07003202071FD20FDF7ADF92C
:1018D00033B58DB00400A0780525012801D105207D
:1018E00004E0022801D1132000E003200692201812
:1018F0000790002269460A84122006998871092BF4
:1019000001DA002052E0A078012801D1022202E091
:10191000022800D11022E11C09A8E2F795FBA0786B
:10192000012804D0022801D1132500E003256846D0
:10193000008FC01FA84221D107980378417809067B
:10194000090C0B43207861780906090C084308A9A3
:101950000591079989790491079949790391079924
:10196000097902910799C9780191079989780091BD
:1019700009AAA178FBF798FD06998871069869462F
:10198000098CC171090A01720420069A10700E2197
:10199000069A51700621069A91700121069AD1701B
:1019A00006990871FD200699487109200FB030BDD5
:1019B000F3B58FB00400A07803271326012803D1C4
:1019C000651D0520009007E0022803D1250013358E
:1019D000009601E0E51C00970892A878E9780906CE
:1019E000090C0843009908182018001D0A900022CD
:1019F00069468A84122008998871092B01DA00202F
:101A000060E0A078012801D1022202E0022800D182
:101A10001022E11C0BA8E2F717FBA078012801D1E6
:101A2000052602E0022800D0032610A80088A97825
:101A3000EA781206120C114309387118884228D12D
:101A4000A978E8780006000C01432B786878000636
:101A5000000C0343207862781206120C104309AA86
:101A600007920A9A127906920A9AD27805920A9AED
:101A7000927804920A9A527803920A9A1278029201
:101A80002A1D019200910BAAA178FBF7E9FD0899A4
:101A9000887108986946898CC171090A017204200D
:101AA000089908700E2008994870062008998870D7
:101AB00001200899C870052008990871FD2008992F
:101AC0004871092011B0F0BD38B514001222A2717E
:101AD000062B01DC002032BD030018795A7912066A
:101AE000120C1043891F814212D11A7958790006CD
:101AF000000C02439978D8780006000C014318784E
:101B00005D782D062D0C28439B1DFBF7C3FEA071AD
:101B1000042020700E216170A0700120E07006206A
:101B20002071FD20FDF74AFD10B514001222A271AC
:101B3000062B01DC002010BD022908D10178427873
:101B40001206120C11430800FBF738FEA0710420A6
:101B500020700E216170A0700120E07007202071BC
:101B6000FD20FCF75EFB10B514001222A271062BBB
:101B700001DC002010BD022908D10178427812064C
:101B8000120C11430800FBF72AFEA07104202070FC
:101B90000E216170A0700120E07008202071FD20EE
:101BA000FCF73FFB10B514001222A271062B01DCDA
:101BB000002010BD022908D1017842781206120CCB
:101BC00011430800FBF71BFEA071042020700E21BA
:101BD0006170A0700120E07009202071FD20FCF7E9
:101BE00020FB10B514001222A271062B01DC00208C
:101BF00010BD042904D10AF0F7FAE1F745FDA07100
:101C0000042020700E216170A0700120E0700A2075
:101C10002071FD20FCF705FB10B514001222E270C4
:101C2000062B01DC002010BD022908D10178427882
:101C30001206120C11430800E1F72AFDE07004209F
:101C400020700F216170A070012020710B20607145
:101C5000FD20FCF79BFFFEB514001222E270062B5C
:101C600001DC0020FEBD0200107A537A1B061B0C1B
:101C700018430A3981421FD1167A507A0006000CA7
:101C800006439379D0790006000C03431579507907
:101C90000006000C05439178D0780006000C014343
:101CA000107857783F063F0C38430A32019200966D
:101CB0002A00E1F73FFDE070042020700F216170E1
:101CC000A070012020711020A1E210B51400122292
:101CD000E270062B01DC002010BD05290ED10200A8
:101CE0009178D0780006000C0143107853781B06D9
:101CF0001B0C18431279E1F726FDE07004202070D8
:101D00000F216170A0700120207111206071FD20F1
:101D1000FCF73CFF38B514001225E570062B01DCFA
:101D2000002032BD04290DD18178C2781206120C30
:101D30001143027843781B061B0C1A431000E1F78D
:101D4000ABFCE070042020700F216170A0700120B6
:101D5000207165713AE17FB50D0014001221E17028
:101D6000062B01DC002035E006003079012801D186
:101D7000022204E0022801D1102200E00022711D9D
:101D80006846E2F761F93079012801D1072004E0C3
:101D9000022801D1152000E0052085420ED1B1783E
:101DA000F0780006000C0143307872781206120CAD
:101DB00010436B463279E1F773FCE0700420207029
:101DC0000F216170A0700120207113206071FD202F
:101DD000A071072004B070BD70B514001222E2702B
:101DE000062B01DC002070BD082917D18379C17949
:101DF0000906090C0B43027941790906090C0A43CB
:101E00008178C5782D062D0C29430578467836064D
:101E1000360C35432800E1F758FCE07004202070B0
:101E20000F216170A07001202071142029E070B58D
:101E300014001222E270062B01DC002070BD08297C
:101E400017D18379C1790906090C0B4302794179CD
:101E50000906090C0A438178C5782D062D0C294303
:101E6000057846783606360C35432800E1F71CFC29
:101E7000E070042020700F216170A070012020719B
:101E800015206071FD20A071072070BD70B586B06F
:101E90000E0014001221E170062B01DC002042E04C
:101EA0000500287A012801D1022204E0022801D18C
:101EB000102200E000222900093102A8E2F7C4F84C
:101EC000287A012801D10B2004E0022801D1192031
:101ED00000E0092086421AD1AB79E8790006000CAF
:101EE00003432A7968790006000C0243A978E87850
:101EF0000006000C014328786E783606360C304315
:101F000002AE01962D7A0095E1F7D2FBE070042035
:101F100020700F216170A070012020711620607167
:101F2000FD20A071072006B070BD70B5140012220C
:101F3000E270062B01DC002070BD082917D18379DF
:101F4000C1790906090C0B43027941790906090C8C
:101F50000A438178C5782D062D0C294305784678EB
:101F60003606360C35432800E1F7ABFBE070042061
:101F700020700F216170A07001202071172080E770
:101F800038B514001222E270062B01DC002032BDAD
:101F9000062912D103001A7958790006000C024371
:101FA0009978D8780006000C014318785D782D06E2
:101FB0002D0C2843E1F78DFBE070042020700F21E9
:101FC0006170A0700120207118206071FD20A07147
:101FD000072032BDF8B586B00F0014001221E17061
:101FE000062B01DC002042E00500287A012801D1FF
:101FF000022204E0022801D1102200E00022290080
:10200000093102A8E2F720F8287A1926012801D11F
:102010000B2004E0022801D1192000E009208742AA
:102020001AD1AB79E8790006000C03432A79687964
:102030000006000C0243A978E8780006000C014372
:1020400028786F783F063F0C384302AF01972D7A0E
:102050000095E1F746FBE070042020700F216170CD
:10206000A070012020716671FD20A071072007B0CB
:10207000F0BD70B514001222E270062B01DC0020C6
:1020800070BD082917D18379C1790906090C0B4362
:10209000027941790906090C0A438178C5782D0631
:1020A0002D0C2943057846783606360C3543280032
:1020B000E1F713FBE070042020700F216170A07025
:1020C000012020711A20DCE678B5FFB086B014003C
:1020D0001222E270062B01DC002027E00E00050032
:1020E00028794200691D6846E1F7AEFF701F297923
:1020F000490088420ED1A978E8780006000C014317
:1021000028786A781206120C10436B462A79E1F798
:10211000F1FAE070042020700F216170A07001209E
:1021200020711B206071FD20A07107207FB007B0D7
:1021300070BD7CB514001222E270062B01DC002079
:1021400076BD03009879DA791206120C104308392B
:10215000814219D19D79D8790006000C05431A797E
:1021600058790006000C02439978D8780006000CD4
:10217000014318785E783606360C304308330093F6
:102180002B00FBF7A1FDE070042020700F2161708F
:10219000A070012020711C2000F0A9FCFEB51400E5
:1021A0001222E270062B01DC0020FEBD0200107A34
:1021B000537A1B061B0C18430A3981421FD1167A29
:1021C000507A0006000C06439379D0790006000C83
:1021D0000343157950790006000C05439178D078B7
:1021E0000006000C0143107857783F063F0C384337
:1021F0000A32019200962A00FBF70EFDE0700420DF
:1022000020700F216170A070012020711D2060716D
:10221000FD20A0710720FEBDFEB514001222E27061
:10222000062B01DC0020FEBD0200107A537A1B064B
:102230001B0C18430A3981421FD1167A507A0006C6
:10224000000C06439379D0790006000C03431579FE
:1022500050790006000C05439178D0780006000CF8
:102260000143107857783F063F0C38430A320192F9
:1022700000962A00FBF7FCFCE070042020700F2180
:102280006170A070012020711E20C0E77CB5140091
:102290001222A271062B01DC002076BD0300987982
:1022A000DA791206120C10430839814219D19D794E
:1022B000D8790006000C05431A7958790006000CFD
:1022C00002439978D8780006000C014318785E78AC
:1022D0003606360C3043083300932B00E1F712FA30
:1022E000A071042020700E216170A0700120E070A8
:1022F000232030E138B514001222A271062B01DC34
:10230000002032BD030018795A791206120C1043CE
:10231000891F814212D11A7958790006000C0243B4
:102320009978D8780006000C014318785D782D065E
:102330002D0C28439B1DE1F7EBF9A07104202070C0
:102340000E216170A0700120E07024202071FD201A
:10235000FDF734F910B514001222A271062B01DC2E
:10236000002010BD04290DD18178C2781206120C0C
:102370001143027843781B061B0C1A431000E1F747
:10238000E6F9A071042020700E216170A070012078
:10239000E07025202071FD20FBF743FF10B51400ED
:1023A0001222A271062B01DC002010BD032909D1E5
:1023B000027841780906090C0A4381781000FBF77E
:1023C00099FAA071042020700E216170A070012084
:1023D000E07028202071FD20FBF723FFF8B5FFB047
:1023E00089B006000F00140000206946886085212E
:1023F000890003A8E0F7EAF81220A07188A80588F0
:10240000062D30DD062F16D1327970790006000CCA
:102410000243B178F0780006000C014330787378FD
:102420001B061B0C184303AB019302AB00939B1CD0
:10243000FBF7E9F9A071092D15DB68464089E071C9
:10244000000A20720B2D0EDB684600896072000ABC
:10245000A072607AA17A0906090C084388A9098844
:102460000B30814201D200201DE0627AA07A000682
:10247000000C024303A920000B30E1F7E5FD607A70
:10248000A17A0906090C0843401D042121700E2180
:102490006170C11CA1700121E1702A212171FD210F
:1024A0006171801D80B27FB00AB0F0BD10B514001C
:1024B0001222A271062B01DC002010BD032909D1D4
:1024C000027841780906090C0A4381781000FBF76D
:1024D0005FFAA071042020700E216170A0700120AD
:1024E000E0702E202071FD20FBF79BFE7CB51400D0
:1024F0001222A271072B01DA002076BD0300D879E1
:102500001A7A1206120C1043093981421BD1DD7967
:10251000187A0006000C05431A7958790006000C59
:1025200002439978D8780006000C014318785E7849
:102530003606360C30431E000936019600959B790D
:10254000E1F77EF8A071042020700E216170A07068
:102550000120E0702F202071FD206071072076BDE2
:1025600010B514001222A271062B01DC002010BD50
:1025700005290ED102009178D0780006000C0143A5
:10258000107853781B061B0C18431279FBF7BFFA1F
:10259000A071042020700E216170A0700120E070F5
:1025A00031202071FD20FBF73CFEF8B584B014000B
:1025B0001222A271062B01DC002039E00200907A81
:1025C000D37A1B061B0C18430C39814224D1937A11
:1025D000D07A0006000C0343167A507A0006000CED
:1025E0000643157950790006000C05439178D078A0
:1025F0000006000C0143107857783F063F0C384323
:1026000017000C37039702930196D37900939379BF
:102610002A00FBF707FAA071042020700E216170D8
:10262000A0700120E07033202071FD206071072030
:1026300005B0F0BDFCB5FFB08AB006000F00140075
:1026400000206A469081694688608521890004A837
:10265000DFF7BCFF1220A0718AA80588072D30DBA8
:10266000032F0FD1307871780906090C084304A9AB
:10267000019102A9009102AB9B1C03AAB178FBF760
:10268000B1FAA071092D1CDB68468089E071000A4F
:1026900020720B2D15DB684640896072000AA0721B
:1026A0000D2D0EDB68460089E072000A2073E07A87
:1026B000217B0906090C08438AA909880D3081424B
:1026C00001D200201DE0E27A207B0006000C0243CC
:1026D00004A920000D30E1F7B7FCE07A217B090660
:1026E000090C0843C01D042121700E216170C11C1A
:1026F000A1700121E17035212171FD216171801DE1
:1027000080B27FB00CB0F0BD38B514001222A271B7
:10271000062B01DC002032BD030018795A7912061D
:10272000120C1043891F814212D11A795879000680
:10273000000C02439978D8780006000C0143187801
:102740005D782D062D0C28439B1DE0F799FFA071A5
:10275000042020700E216170A0700120E0703620EE
:102760002071FD20FCF72AFFF8B5FFB087B0060006
:102770000F0014000020694608808521890001A807
:10278000DFF724FF1220A07186A80588072D21DB22
:10279000042F0ED1B178F0780006000C0143307898
:1027A00072781206120C104301AB6A46FBF7DDF893
:1027B000A071092D0EDB68460088E071000A2072C6
:1027C000E079217A0906090C084386A909880930AD
:1027D000814201D200201DE0E279207A0006000C3F
:1027E000024301A920000930E1F72EFCE079217AAB
:1027F0000906090C0843C01C042121700E216170D8
:10280000C11CA1700121E17037212171FD2161718D
:10281000801D80B27FB008B0F0BDF6B5FFB086B0C5
:1028200012219171062B01DC002052E000230022CE
:102830004179432901D3437139E001001CE0881D2F
:102840008418267860780006000C0643D80001AD95
:102850002D182E80A678E7783F063F0C3E4301AF47
:10286000BF1C3E52201D6860A078E5782D062D0C17
:1028700028431218121D5B1C48798342DFDB85A8B0
:102880000088801F904212D18C78C8780006000C16
:10289000044308784A781206120C104301AA0092E9
:1028A0004B790A792100E0F7D4FE869988710420DB
:1028B000869A10700E21869A517086998870012030
:1028C0008699C870382086990871FD2086994871CC
:1028D00007207FB008B0F0BD78B5FFB086B0140017
:1028E0001222E270062B01DC002027E00E0005001A
:1028F00028794200691D6846E1F7A6FB701F297917
:10290000490088420ED1A978E8780006000C0143FE
:1029100028786A781206120C10436B462A79E0F781
:10292000EDFEE070042020700F216170A070012086
:10293000207139206071FD20A07107207FB007B0A1
:1029400070BD10B514001222A271062B01DC00200C
:1029500010BD05290ED102009178D0780006000C38
:102960000143107853781B061B0C18431279FBF7B0
:10297000CFF9A071042020700E216170A070012099
:10298000E0703A202071FD20FBF74BFCF8B51400F5
:102990001222E270062B01DC0020F2BD0A291DD1B3
:1029A000067A417A0906090C0E438379C179090632
:1029B000090C0B43027941790906090C0A43817815
:1029C000C5782D062D0C2943057847783F063F0C26
:1029D0003D4328000096E0F7D1FEE070042020700F
:1029E0000F216170A0700120207181206071FD2095
:1029F000A0710720F2BDF8B586B014001222A271B2
:102A0000062B01DC002042E0102934D101000A7BB2
:102A1000487B0006000C02438D7AC87A0006000C41
:102A200005430E7A487A0006000C06438B79C87974
:102A30000006000C034308794F793F063F0C3843EA
:102A40006F46F8828878CF783F063F0C38436F4650
:102A5000B88208784F783F063F0C3843CF7B049705
:102A6000897B03910292019500966946CA8A898AF8
:102A7000E0F78BFEA071042020700E216170A07021
:102A80000120E07082202071FD206071072007B0D6
:102A9000F0BD7CB514001222E270062B01DC002090
:102AA00076BD0A291BD10500AB79E8790006000C38
:102AB00003432A7968790006000C0243A978E87874
:102AC0000006000C014328786E783606360C304339
:102AD0006E7A01962D7A0095E0F76CFEE070042086
:102AE00020700F216170A07001202071832060711F
:102AF000FD20A071072076BDFCB5FFB08AB00600AE
:102B00000F0014008521890004A8DFF75FFD122063
:102B1000A0718AA80588072D2DDB0A2F20D1F07916
:102B2000317A0906090C08437379B1790906090C51
:102B30000B43F27831790906090C0A43317877782A
:102B40003F063F0C39436F46B98104A90291717A5F
:102B500001910090B17868468089E0F735FEA07158
:102B6000072D08DD707AE07142008AA80188100004
:102B70000830814201D2002014E004A9200008306E
:102B8000E1F762FAE0794000801C042121700E21F7
:102B90006170C11CA1700121E17084212171FD21AE
:102BA0006171801D7FB00CB0F0BD3EB514000022F5
:102BB0006D46AA801222A271092B01DA00203EBDC7
:102BC000072915D103001A7958790006000C024331
:102BD0009978D8780006000C014318785D782D06A6
:102BE0002D0C284301AD00959B79E0F7FAFDA0710B
:102BF00068468088E071000A2072042020700E2050
:102C000060700620A0700120E07085202071FD20FA
:102C1000FDF77CFA10B514001222E270062B01DCDD
:102C2000002010BD04290DD18178C2781206120C43
:102C30001143027843781B061B0C1A431000E0F77F
:102C4000D6FDE070042020700F216170A07001207B
:102C5000207186206071FD20FBF798FF38B51400C5
:102C60001222A271062B01DC002032BD030018796C
:102C70005A791206120C1043891F814212D11A7917
:102C800058790006000C02439978D8780006000CA9
:102C9000014318785D782D062D0C28439B1DE0F725
:102CA000B4FDA071042020700E216170A07001207D
:102CB000E07087202071FD20FCF780FC70B5FFB02C
:102CC00087B014001222A271062B01DC00202DE037
:102CD0000E000500A8794200E91D01A8E1F7B4F94A
:102CE000F01FA9794900884214D12A796879000631
:102CF000000C0243A978E8780006000C014328780C
:102D00006B781B061B0C184301AB0093AB79E0F703
:102D100072FDA071042020700E216170A07001204E
:102D2000E0708A202071FD20607107207FB007B01D
:102D300070BD10B514001222A271062B01DC002018
:102D400010BD05290ED1C27801790906090C0A4384
:102D5000037841780906090C0B4381781800E0F7E5
:102D600050FDA071042020700E216170A070012020
:102D7000E0708B202071FD20FBF753FA70B5140032
:102D80001222A271062B01DC002070BD082917D188
:102D90008379C1790906090C0B4302794179090647
:102DA000090C0A438178C5782D062D0C2943057836
:102DB00046783606360C35432800FAF7DDF9A0715F
:102DC000042020700E216170A0700120E0700020AE
:102DD0002071FE206071072070BD38B514001222EA
:102DE000A271062B01DC002032BD062912D103009E
:102DF0001A7958790006000C02439978D8780006B1
:102E0000000C014318785D782D062D0C2843FAF745
:102E1000B7F9A071042020700E216170A07001200C
:102E2000E0702071FE20FCF7C9FB10B514001222DF
:102E3000A271062B01DC002010BD05290ED1020075
:102E40009178D0780006000C0143107853781B0667
:102E50001B0C18431279FAF797F9A071042020701F
:102E60000E216170A0700120E07002202071FE2010
:102E7000FBF7D7F910B514001222A271062B01DC62
:102E8000002010BD012903D10078FAF781F9A07163
:102E9000042020700E216170A0700120E0700320DA
:102EA0002071FE20FBF7BDF938B584B01400002076
:102EB000039002906D46288001901225A571152B74
:102EC00026DB002906D101AB6A4602A903A8FAF75E
:102ED0006EF9A071E11D039809F068F921000B312A
:102EE000029809F063F968460088E073000A2074CC
:102EF00021001131019809F059F9042020700E21A8
:102F00006170A5700121E1702071FE2060711520B3
:102F100005B030BDE0B56946887182200870FF2099
:102F20004870032088700020C87001220A7148711F
:102F300008220721FFE76846F9F71CFD07BDF6B533
:102F4000FFB088B01E00949D959F6C466071A11DD6
:102F5000879809F02BF921000A31889809F026F9A1
:102F600021000E31300009F021F9210012318E9834
:102F700009F01CF9210016318F9809F017F921008A
:102F80001A31909809F012F921001E31919809F038
:102F90000DF921002231929809F008F9210026311B
:102FA000939809F003F92A2025542A0039002000BB
:102FB0002B30E1F749F804202070FF2060702800D2
:102FC0002830A0700320E070002020710022D2433E
:102FD0002B3529006846F9F7CDFC7FB00AB0F0BD6B
:102FE000E0B569468871000AC87182200870FF2028
:102FF0004870042088700020C87007220A71487148
:103000000022D243082196E730B585B01400089A13
:1030100001ADA871000AE8712972090A6972AC72DF
:10302000240AEC7218002873000A68738220287042
:10303000FF20687018000A30A87018000A300012CB
:10304000E87007202871082068710020C0430090B4
:103050000E2101A8F9F79EFC05B030BD78B5FFB090
:1030600088B01E008D9D8E9B6C46A071000AE07199
:103070002172090A6172A272120AE27226738CA886
:1030800000886073000AA073E5732A00190020000D
:103090001030E0F7D9FF82202070FF2060702800F8
:1030A0000C30A070290008000C30000AE0701D20D0
:1030B00020710C2060710022D24310316846F9F76C
:1030C00059FC7FB009B070BD30B5FFB088B01D00AD
:1030D0008A9B6C46A071000AE0712172090A617234
:1030E000A272120AE27228002073000A60732A009A
:1030F000190020000E30E0F7A7FF82202070FF208B
:10310000607028000A30A07028000A300012E070B9
:10311000012020710C20607114220E35A9B268467E
:10312000F9F728FC7FB008B030BD0000F0B581B0E1
:103130000D4800689021405880685D21475C00255B
:10314000284609F0EDF80446284609F011F906462C
:10315000DFF7E8FF002F04D034430443601E8441AE
:103160002546284601B0F0BDE4320020F0B587B016
:103170000C460546069105900126304609F0D0F828
:103180000746304609F0F4F838431DD1E8B2FF286D
:1031900005D10590FF2109060C400694054610480C
:1031A00000689021405803A9019104A900910C30B6
:1031B00001232946224601F039FA002806D005A845
:1031C0000121DFF78FFF05E00C2006E003A800785F
:1031D000002801D0002000E0072007B0F0BDC04665
:1031E000E4320020BFB50D786C46257049786170D7
:1031F0001178A1705178E170002103910291019141
:1032000021461A4608F022FFBFBD0000B0B50124D8
:10321000204609F085F80546204609F0A9F828431C
:103220000AD106480068902140580C30EDF75AFF4B
:10323000DFF75CFF0020B0BD0C20B0BDE432002001
:10324000B0B50446DFF709FE012806D1FF25DC35BD
:10325000EEF7F4FF405DC00706D1E0F7E7FD034855
:103260002146F4F763F9B0BD0C20B0BDFCFF0000AF
:1032700080B50846EBF7FBFB80BD0000B0B50C46FF
:1032800005460888F0F7E4FC002825D0002D0FD073
:10329000012D21D1608841281ED81248006821469E
:1032A000EBF7DEFB0F20E9F7A1FBE9F7FBFB16E0EC
:1032B0006168097A0B2909D1017E03220A40012A9B
:1032C0000AD1FC221140891C017605E08A1FD2B286
:1032D000042A01D809F066F82046EBF7C8FB002065
:1032E000B0BDC046F0320020F0B587B00E460446AF
:1032F0000F88384600F082FA05468548C07A854234
:1033000005D214216943834A1268D26A531804967D
:1033100071680E7A0022012C1DD0002C54D1144665
:10332000854213D2192E0DD80120B0407E490842A3
:1033300008D07848006801221E467C4B2946EFF7EA
:10334000DCF933469878FD21014099700498EBF739
:103350008EFB20465BE00392854254D20193487A6B
:1033600002900621049C20460091EAF737FA001DDE
:1033700061888842029C35D1132E27D8012210463D
:10338000B0406549084221D06148C07AA8423AD984
:10339000144604984068427A037A012B39D01420ED
:1033A0005C490968C96A132B51D0122B2BD10346F3
:1033B0006B43CB189E78F70776D15A710498008832
:1033C000002311461A4613E0104620E03046DFF78E
:1033D000B8FD002806D005A8057104990591DFF70E
:1033E000ACFD07E00198447100223846214613469F
:1033F00000F0D9FC122804D801218140494A114229
:1034000001D1862803D10498EBF731FB039807B06C
:10341000F0BD01272846394600F024FD0028F2D1EE
:10342000049804883D48006880694221542203239F
:10343000E9F734F80028E6D00546061D3046214657
:10344000049A08F0D8FFF8020A30082251E06843D5
:1034500008188078C007D6D11321284600F002FD55
:103460000028D0D108210498EAF7B8F906462C487C
:1034700000684821405C8007C5D504980788274824
:103480000068806942214E220323E9F707F80028EB
:10349000B9D0054606738772300A6873380AE87235
:1034A0002E1DE002009A24E07307ACD468430B1889
:1034B000122011461A4600F06FFC19480068482196
:1034C000405CC0079FD00498078814480068806952
:1034D00042214F220523E8F7E1FF002893D005465B
:1034E000061D30463946049A08F0AAFFE002801C07
:1034F0000F22FF21717082213170010A69722872D6
:103500000020E871AA7142202946E9F723F87AE7FA
:1035100058310020E032002002000C00D0320020A0
:10352000E4320020050004004000940230750000E1
:10353000B0B50446C00616D40D460D4800686107B4
:10354000C90E40180069022221461346E8F7A6FF7B
:1035500000280AD00146074848600D812046E8F758
:10356000F9FF0020B0BD8620B0BD0720B0BDC04629
:10357000D0320020F7A30710F0B58DB0914200D3F0
:1035800083E01346064600290CD00C463546002D34
:103590000BD0A0B2202809D32D68203C2004F6D1FE
:1035A000002403E00024354600E000251F46324693
:1035B000002A08D0B8B2202806D31268203F380469
:1035C000F6D1002700E0002220040AD00291291D34
:1035D0000492A2B205A80393E8F701FE0299039BA7
:1035E000049A002E019506D000203668401C002E5B
:1035F000FBD1400100E00020002A3DD0C91A0D187F
:10360000280439D004922021C81B82B2ABB29A425E
:1036100000D32846029582B20D1BA9B2914200D375
:103620000546AAB2A0B205A90818B9B2049E71183D
:10363000091DE8F7D4FD2C19EF190397B8B220281B
:1036400003D132680020039000E03246A0B2202867
:103650000AD1019C201D05A904922022E8F7BFFD94
:10366000049A246801940024039F002A07D002983A
:10367000451B2804C6D102E0A0B2202805D001983D
:10368000001DA2B205A9E8F7AAFD0DB0F0BD002803
:1036900006D000210068491C0028FBD1480100E049
:1036A000002080B2704710B514460A46406819469B
:1036B000234608F0FDFE10BD011F00220A6040688D
:1036C0007047024600680028FBD11160704710B5B2
:1036D00014460A4640681946234604F0CCFD10BD46
:1036E000B0B51446049AC2704170150A05710F25D1
:1036F0002D020D40A107890C49199B03C918090A1D
:103700008170431D05980021FFF7CDFFB0BD80B546
:10371000F0F79EFA002806D06421425C8023134310
:103720004354002080BD812080BD000010B50446B8
:103730000846114608F0F6FE80000019C1B20248A2
:103740000068E9F7BBF810BDD832002070B50C4610
:10375000054608F0FBFE074E3268403228462146F7
:1037600008F0E8FF326838322846214608F0E2FFC8
:1037700070BDC046D832002080B508F0F5FF80BD8E
:10378000F8B50A4D05400A4E30680768002F0CD086
:103790003C46FF692088A842F8D130682146EBF703
:1037A0008FFA2046EBF763F9F0E7F8BDFF0F000052
:1037B000F0320020BCB56422825CD207827A04D148
:1037C0006032D2B2512A04D30FE05032D2B2402A32
:1037D0000BD8094A1268B123D35C002B05D0B13253
:1037E000047D0125A540AB4313706A46117100901A
:1037F0001046DFF711FEBCBDF0320020B0B509491C
:10380000CA7A09490B68002421468A4206D0DD6A3B
:103810002D5B854203D01434491CF6E71146C8B22B
:10382000B0BDC04658310020E0320020B0B50C4693
:10383000054909680D680321224608F0CFFF288951
:10384000001B2881B0BDC046EC3200200146642038
:10385000085CC007887A02D19F2802D816E0B028F9
:1038600014D3F1280AD2CA7C0020012A05D0022AEA
:1038700002D1C97D090700D501207047F12805D183
:10388000C97A06200840411E8841704700207047D1
:10389000F8B50446C00608D40D461948006847210B
:1038A000405C800703D4002628E0862626E01F46D9
:1038B0001646144800686107C90E4018006947227F
:1038C00003232146E8F7EAFD002816D00146857259
:1038D000042048720120087232460026CE7106206C
:1038E00088714F730A73FF20487182200871280A7B
:1038F000C8722046E8F72EFE00E007263046F8BDE5
:10390000E4320020D0320020BCB50C4601461C48F1
:10391000006805682889EA685288131AA34226DAE3
:10392000A11A081801A90880164800688069422178
:1039300003230A46E8F7B2FD002817D00446022206
:10394000C2720920A07220460C3001A9E8F747FC9A
:103950000020607206212172E071A171FF20607168
:103960008220207142202146E8F7F4FDBCBD0320EF
:10397000224608F033FF288900192881BCBDC046C3
:10398000EC320020D0320020B0B50D4604460F487E
:1039900000685C21405C8006800F05D00120287003
:1039A000204608F02DFF0EE0E8F756FE002805D06F
:1039B00001202870204608F02DFF04E00020287028
:1039C000204608F031FF0020B0BDC046D4320020B0
:1039D000F0B587B000AC0DC43A4A12683423D05C0D
:1039E000742747430025EC43374B1E68A4360C9AD6
:1039F00006920E9A03920D9A05920494AF425FD0FC
:103A000033685A1912897435641C002AF6D184422D
:103A100056D25F1938466C38009A0280384674389E
:103A20000522027038460F38019A0270012529409C
:103A3000384610380190017038460E380622234B64
:103A4000029916469847FE20069908402940022808
:103A500000D00D4606913C46733C2570022805981F
:103A6000039900D001463D46723D28463246174B29
:103A70009847384617380699017038461638059920
:103A80003246124B984738465C3800210822E8F746
:103A9000AAFB381F6A3F1021397004990160207811
:103AA000294603F07BFE002805D001980078C00766
:103AB00001D0FB2038700E20E8F798FFE8F7F2FFFE
:103AC00007B0F0BDCC320020F0320020DFC104107E
:103AD00080B508F0B3FE80BD80B508F04FFF80BD13
:103AE00000210A46062905D0435C002B00D00122A4
:103AF000491CF7E7D0B27047F0B591B00192009140
:103B0000054608A90320088007AA00241480144849
:103B10000068183003AF3B46FFF764FB0DAE102280
:103B200030462146E8F75FFB082230460099E8F767
:103B300056FB09AC38463146224608F087FA02AEF9
:103B4000022230462146E8F74AFB28780299414094
:103B5000019A1170707869784140517011B0F0BDD0
:103B6000CC320020B0B594B014466A4608F007FF86
:103B70000546002803D16846214602F05DFF28462D
:103B800014B0B0BD10B5002913D000220C46234656
:103B9000521C2468002CFAD172B644681C60416043
:103BA00001888918018062B6002008F009FFE8F753
:103BB00079FF10BDB0B51C461546002907D1018913
:103BC00000200622EFF79EFB0146002809D00220C4
:103BD00048804868057248684472062000F054F82E
:103BE000B0BD8820B0BD0000F8B516460C460546AD
:103BF0000089F0F77BF8024601200027164B394672
:103C0000F0F794F82889FFF7BBFD002E03D00221BE
:103C10002846FFF7CFFD2846183008223946E8F736
:103C2000E2FA6420295CEF220A402A54E87B2F2123
:103C30000140E973102C06D0002E04D06878A91C2E
:103C400008F0D0FEFB27AF722989022002462346E6
:103C5000FFF71EFEF8BDC04630750000B0B50C463B
:103C60000546EAF79BFE014620600220002D09D0A0
:103C7000002907D00879002803D089780620084059
:103C800000D00C20B0BD0000FEB50C46011F06465A
:103C9000022921D86288002520462946EAF7EEFF4E
:103CA0000227204639463246EAF7E8FF2582E581B9
:103CB000257360686061A0616088001D6080207A63
:103CC000384320722046EBF721F8002814D0608892
:103CD000001F608081250FE0A0253F280CD02038F0
:103CE0005F2809D801A886802221044A515C81718D
:103CF0000194DFF732F905462846FEBD5831002011
:103D000088710879C8718878062202438A707047E2
:103D1000F8B51E4615460C460746EAF73FFE014633
:103D200030600220002F0ED000290CD08A780C20A1
:103D3000930708D4520706D58A79AA4203D1487955
:103D4000A04201D01220F8BD0020F8BD00218171F1
:103D50008178FB220A4082707047000080B53421D0
:103D6000414308480068406B4018C189002905D0CC
:103D700080890818401EDFF793FF00E0002080B222
:103D800080BDC046E032002001794A1CD1B2914288
:103D900000D0012101717047907151719078042118
:103DA000014391707047F0B585B01E4604920D46F0
:103DB0000746EAF7F3FD00280FD004460396407942
:103DC0001226A8420AD10499022907D8A0788007B0
:103DD00007D4012907D0042006E00226304605B0AA
:103DE000F0BD0C26FAE70220002900D10846029017
:103DF000821D0026304639460192EFF783FA0028EB
:103E000027D0074640680121017278684572029800
:103E1000801C82B206213846EAF730FF0821384676
:103E2000049D2A46EAF72AFF002D05D00A213846CC
:103E3000029A039BFFF74BFC0198788005203946D6
:103E4000FFF722FF002806D03846EAF710FE812649
:103E5000C4E78826C2E7A671A078FB210140A170C3
:103E6000BCE70000F8B50346142444431548006835
:103E7000C56A2D19AC7866078624002E20D5AE7948
:103E8000761C8E4201D001291AD1AE1CAF1D002A2A
:103E900004D0E979914201D1002400E012241946AE
:103EA000E8F70CFD00203870E8713078FB21014004
:103EB00031702879411CC8B2884200D00120287195
:103EC0002046F8BDE0320020FEB50C46054600282D
:103ED00007D010212046E9F781FC0B2810D90B20D0
:103EE0004FE008212046E9F779FC0146022000292D
:103EF00047D0FF2945D8272943D001950C2701E059
:103F000001950A27B81E81B21F4D2046A84702908E
:103F100020463946A8470646B91C2046A847014610
:103F20000B20172E2DD317292BD3184A914228D8AE
:103F3000029A002A25D0402A019922D37F2A01D84B
:103F4000002000E00B207F2A1BD8002919D1222055
:103F50000F49085C342141430E48026800200346A3
:103F600099420ED0566BF518EF78002F07D0F65A0D
:103F70002788BE4203D12D8A029EB54202D0343337
:103F8000EEE7FEBD0A20FEBDDDD70410FDFF0000F8
:103F900058310020E0320020F0B587B006462A48AC
:103FA00004683027E55D882095424AD3002903D173
:103FB000012A01D0862044E0012906D130346478FA
:103FC0002249097B091B91423BD303970496059331
:103FD0000C980290002701970692974230D0222039
:103FE0001A49095C1848026800250A24A94224D00D
:103FF000536B1819C61F3678002E02D034346D1C4E
:10400000F4E71E5B0A3800213422E8F7ECF80E488A
:1040100000680146303149680E53039BC25C521E52
:10402000C2540819C11F0A38049A02807800059A00
:104030001652012008700298C5557F1C069ACCE7DD
:10404000019807B0F0BDC046E03200205831002092
:10405000FCB50092019122220E4B9C5C0E4A116825
:10406000002302269C4212D04D6BAF19BA1E128853
:10407000824209D1AA5D03251540019A954203D1D8
:104080007A78009DAA4203D034365B1CEAE72346C7
:10409000D8B2FCBD58310020E032002070B51E4679
:1040A0000D4604460A211046E9F798FB04990A0ACE
:1040B00062732173A072310A61722672290AE1715A
:1040C000A571000AE07270BD70B514460D46062158
:1040D000E9F784FB0146AA1C0C208A420ED84A1B31
:1040E0007F239B0016461E400B2E07D89B1C1340B7
:1040F0005B198B4202D150082070002070BD000077
:10410000FEB50C460546222012490290085C0027A5
:104110000326114B0195C1B28F4219D21968496B20
:104120008A19D21E1288AA420FD1FF2C02D0895DB3
:10413000A1420AD1F8B225461C46E9F773FC234692
:104140002C46019D02980349085C34367F1CE2E747
:10415000FEBDC04658310020E0320020F0B585B0E9
:104160001C461546039104901B48006801463431F3
:10417000049B0968002904D00A899A4205D01031AD
:10418000F7E700210291FF2105E00322D2018B888D
:104190001340029309780191002D1BD0066B316901
:1041A00001637778002114223046E8F71CF8039861
:1041B000F080777001983070208804993181708187
:1041C0000298B08004480068416B46633161A41CCA
:1041D0006D1EE1E705B0F0BDD8320020FEB50291BA
:1041E0000546244800684E21405C000740D516462D
:1041F0000A9801904400601E03210143153188088C
:104200001F4683B21C480068806942215322E8F7A8
:1042100045F900282CD0394607460B98009009989C
:10422000089AB8743A747E73BD72019B3B75F9733A
:10423000029B3B73000AF874100A7874300AB87352
:10424000280AF8723846153000992246E7F7C7FF6A
:1042500008207872092038720D34200AF871BC7178
:10426000FF2078718220387142203946E8F772F9D0
:10427000FEBDC046E4320020D0320020F8B51C4616
:1042800015460E460746002D09D021883846F0F71E
:1042900071F9002800D0C680A41C6D1EF3E7F8BD9C
:1042A000B0B50D46044608F009FC0146284608F062
:1042B0000DFC044800680068C0682146FFF762FCF6
:1042C000B0BDC046EC320020F8B504460588EAF7D8
:1042D00041FB01462846F0F74DF90546204608F017
:1042E0000DFC1D2803D0232801D01B280ED1618886
:1042F000EA88914205D8032903D3232867D10429EA
:1043000065D82046EAF7B3FB0020F8BD204608F048
:10431000F5FBA9888A066ED5012802D0AA789042BA
:1043200069D120208143A9806A89298903263046E2
:10433000FFF7FCF96188E8880091814200D99AE092
:10434000204608F0DBFB421E0121CA410023102A4F
:1043500000D988E092001F4601A39A583B46974631
:10436000174406101B440610274406104544061047
:10437000A54306106D4406106D4406106D440610EA
:10438000A543061013440610674406101F44061088
:10439000134406106744061067440610674406106D
:1043A0006D440610092802D1009904295BD3112815
:1043B00002D10098062856D3A089401C81B220461D
:1043C00008F0A1FB3B4600284DD0014643E01D28E4
:1043D0000DD1A888400612D46A892989022008F0E4
:1043E000A3FB00284CD1A88840210143A980204686
:1043F00008F0AEFBF8BD204608F01AFCF8BD083501
:104400004220032102222B46ECF786FD002837D1FB
:1044100077E70B4627E0052325E0334623E0009BA2
:10442000042B1FD91FE0009806281CD3A089401C2C
:1044300081B2204608F067FB01280BD002281AD170
:10444000122108E0009802280DD3009B581E800717
:1044500008D108E00421009EB01EDFF721FC0029EE
:10446000334600D000230098984204D107480168E1
:104470002046884702E0204608F0EDFB842801D161
:104480008420F8BD0020A870F8BDC0466405002057
:10449000F0B587B004460588EAF75CFA014628467D
:1044A000F0F768F80546204602F0D0FF064602F015
:1044B000D3FF0F281AD11E2E48D04020304045D1BE
:1044C00005210022284603F044F8002845D007467D
:1044D0000021062230463B4602F0F8FF6889394643
:1044E00008F0CEFB0746002834D12FE001950025C7
:1044F0001E2E2F4616D0402006402F4612D1019B7B
:104500009888C00718D15A8919890026304608F0C2
:104510000BFB0746002805D1019A90880121014331
:104520009180374602A8058006950595019904916A
:104530000394F0F731F80DE0083342200321022202
:10454000ECF7EAFC002801D0842703E02046EAF7D4
:104550008EFA0027384607B0F0BD8827FAE7B0B5D5
:104560000546008801F07EFE002815D0044672B68C
:1045700078302946EAF774FA4B208000201862B69A
:104580000B2108F093FB2C20205C8425032804D108
:104590002046EAF76DFD00E002252846B0BD000088
:1045A000FEB58124002832D00646029101941948B4
:1045B000006800680090501E1F2101434C1CA7B2E8
:1045C0003046FFF764F8054687420CD9601B81B27C
:1045D000029802F065F80028019C18D00146304688
:1045E000FFF76FF812E0AF4210D20098C068314672
:1045F0003A4608F062FB0446781E4009691E4909E4
:10460000081A81B2029808F061FA00E000242046FE
:10461000FEBDC046EC32002089004018842140587D
:10462000801C704780B5E7F700FE80BDF0B589B00B
:1046300015460F46044606790068616808AA00938B
:1046400001923A462B46EBF757F800210F9B0E9A42
:104650000028079226D106976779BE4222D202939C
:104660000390049508A90878059686420DD0059F09
:104670002268FDB2ED0056193346083B0ACB515172
:1046800073607F1EF9B28142F2D12168C000069AA0
:104690000A500818049941600598401C20710121B6
:1046A0000398029B089A079C22701870084609B06C
:1046B000F0BD882140580188032008407047000061
:1046C00006494143090C2422D2434A43101881B2BF
:1046D000242900D92538C0B27047C046EB06000037
:1046E000FF220E324243100A89084143880C401CC5
:1046F000704780B588228058028803239A4302803D
:10470000194002880A4302801620E8F76FF9E8F79B
:10471000C9F980BD10B5044608F0F4FA002804D0A9
:104720002046FFF7C6FF032801D1002010BD01205D
:1047300010BD4B424B410C21594340184179CB07E6
:104740000020002B0BD0022A05D0012A05D0002A18
:1047500005D1880702E0080700E04807C00F70474E
:10476000B0B5034600202C2B00D9B6E003245C43EF
:104770005A4D2C1964788C4200D0AEE0D41E6042B1
:1047800060412C2B00D9A7E0990001A251588F4617
:10479000DB480610DB48061045480610DB480610CB
:1047A0004948061049480610454806104548061075
:1047B000DB48061045480610DB4806104548061041
:1047C000454806104548061049480610D9480610C5
:1047D000D9480610454806104548061045480610B9
:1047E0005748061057480610694806106F480610CB
:1047F00079480610D94806105D4806105D48061035
:104800007F480610454806104548061063480610C4
:1048100085480610634806108F4806105148061058
:104820005148061051480610954806109F4806103A
:10483000A5480610B7480610C74806104548061098
:10484000454806100120B0BD601E84412046B0BD21
:10485000DEF7FBFA3DE0DEF7F4FA3AE0EEF750FB64
:1048600037E001F045F81FE0DEF7F3FA31E0601EB3
:104870008441DEF7EEFA22E0DEF7EBFA14E0DEF731
:10488000D7FB22E0601E844101F032F817E001F00E
:104890002FF81EE0601E8441DEF7E7FA0FE0DEF736
:1048A000E4FA01E0DEF7D9FC0146401E8141604296
:1048B00060410840B0BD601E8441DEF7CEFC411E61
:1048C00088412040B0BDDEF7CFFB002804D0DEF7E2
:1048D000C4FA411E8841B0BD0020B0BDF8B9071030
:1048E000F8B5054687780846114600F0E7F9064610
:1048F00001240D2F01D1012E0FD0112F01D0072F30
:104900000AD1ED78284600F0B9F8864204D128464D
:1049100008F0FEF9002800D100242046F8BD000070
:10492000B0B5034600202C2B6BD803245C43384DD4
:104930002C1964788C4264D1D11E484248412C2BFA
:104940005ED89A0001A39A589746C046034A0610BB
:10495000034A0610014A0610034A0610014A0610CF
:10496000014A0610014A0610014A0610034A0610C1
:10497000014A0610034A0610014A0610054A0610AD
:10498000014A0610094A0610014A0610014A06109B
:10499000014A0610054A0610014A0610054A06108B
:1049A000014A0610054A0610014A0610014A06107F
:1049B000014A0610054A0610014A0610054A06106B
:1049C000054A0610014A0610034A0610014A06105D
:1049D000014A0610054A0610054A0610014A06104B
:1049E000054A0610054A0610054A0610054A061033
:1049F000054A0610054A0610054A0610014A061027
:104A00000020B0BD0120B0BD481E81410846B0BDA8
:104A1000F8B90710B0B50C46054600F09DFD022C14
:104A200003D307D0032C08D013E00119097A002919
:104A30000FD102E0A98B4A0506D5C17A002901D021
:104A4000032406E0002115E0012292021143A9830C
:104A500002240949096890228958C96B0A68916B38
:104A60004023CC544B6C936300224A640019027AB1
:104A7000521E02720846B0BDE43200202C2804D831
:104A8000032141430248405C704714207047C046F0
:104A9000F8B907100A68002A04D01146526C002A9F
:104AA000FBD144310022426408607047F8B50446E7
:104AB00000F034FD05460027022F19D05720800052
:104AC00060430C49096890228958C96B49680818E5
:104AD0000C21794340181121090146183168002939
:104AE00004D02846324600F029FDF7E77F1CE3E7B3
:104AF000F8BDC046E432002010B50446007AF72124
:104B0000014021720A4800680069902100220123B7
:104B1000E7F7C4FC002804D0014644609020E7F782
:104B200019FD044800688521425C521C425410BDA6
:104B3000D0320020E4320020F8B50A46014607488A
:104B400000689023C058C06B006802AB019303ABB0
:104B500000932030012303F020FF8FBDE4320020BA
:104B600070B50D460446164800682C21405CC0070D
:104B7000C10E01D1052206E0124800682F22805C98
:104B8000C0061CD515226F20C04341400E48006866
:104B90000069CEB202233146E7F780FC00280ED030
:104BA0000146047285720020C871042088710522B4
:104BB0004A710871200A48723046E7F7CBFC70BD95
:104BC000CC320020E4320020D032002010B5044660
:104BD000EA20205C01280DD020462E3001780648BE
:104BE0000068A030E7F76AFEE62000212152E63493
:104BF0006180217110BDC046E4320020B0B557215C
:104C00008A00424318490B6890215B58DB6B5B6854
:104C10009C1880220023A3502E22A0548C22A35043
:104C2000E322A3544122FF25A554104A6250A385D4
:104C30000121218519210904A165E16521660C493D
:104C40006187214690312922D2008A81094A0A4B84
:104C50004B608A6008F068F8204608F099F87834CC
:104C60002046E8F735FDB0BDE43200201B001B00F4
:104C7000FFFF000048011B001B0048018421405831
:104C800001880122914301807047B0B50C4605466A
:104C9000002B03D0104608F083F805E00C20604399
:104CA000281840798006C00F002805D00222284627
:104CB0002146FFF73EFDB0BD0020B0BD80B5ECF74A
:104CC00043F8002802D03821405C80BD142080BD0C
:104CD00010B501461239032901D2002010BD84000D
:104CE00000F03AFC0068005910BD0000F0B58BB030
:104CF0000193154605918A78D11FCEB20123002475
:104D00000B2E194600D321460894604CF4400C4009
:104D100002940C2427466F432121C9004618F71935
:104D20002E210390405C0990304629460A92FFF7F5
:104D3000ACFF079030462946089AFFF7FAFC089026
:104D400004973F790695284608F03CF8024644430C
:104D5000311908798979079B002B08D0089B042911
:104D60000A9D14D1A84212D1002B06D118E0089B4D
:104D7000002B0A9D14D0042937D1029900292FD085
:104D8000059809991446FFF7ABFD22462BE0099FD1
:104D900038461146FFF792FF06460125042450E0ED
:104DA0000024019803282BD0012861D1099F38469F
:104DB0000699FFF783FF064601243846214600F096
:104DC000B5FF002836D0FF201A300399081807785D
:104DD000284607F0E5FF012500282DD12C462CE0C0
:104DE000401B411E8841002808D0099F38461146C3
:104DF000FFF764FF06460125052422E0002437E082
:104E0000099D28460699FFF759FF06460298002893
:104E100009D005982946069AFFF762FD002827D099
:104E2000054603240CE00A98874224D12F46012529
:104E3000032406E0254604E00224B80600D42C46EC
:104E4000099F3046FFF744FF002808D00646384641
:104E500004990F1D06992246059BB0473870E01E45
:104E6000C0B240087E2802D80398FFF707FF2C46FF
:104E700020460BB0F0BD012EFAD1039807F0A5FF34
:104E80000028F5D0012505242E46D9E7410400006D
:104E900080B50C224A437D214904815080180121AC
:104EA0008171002141711620E7F7A0FDE7F7FAFDB7
:104EB00080BDF0B591B01746189A00921A46089036
:104EC0000028079119D0164608466D30CD6FB322E1
:104ED000002F03D107998C6FE7890799AA5C0C9280
:104EE0008A880692009A1680324600780590086DEE
:104EF00001900820049009200FE00846A430002FFC
:104F000000D1CF8DC17B0C910088069001200590C7
:104F1000002001900320049004200390089845424B
:104F2000454100207F33044600D017980C99022990
:104F300001D30A9401E014210A910899002901D1B2
:104F400008990A91002B01D016990A9101210B9121
:104F500023461094029406460997BFB2002F04D14D
:104F6000002D02D110B200285FD40B98C0B20028E7
:104F700015D01546012803D102200B90049802E0B9
:104F800000200B90039806990C9A059B00F086F977
:104F9000C0B20899079A00F0DFF9431C2A4610B204
:104FA00000240D900028204600DC032099B2CF1980
:104FB0000546FF35AF420F940E9601D8381A00E02F
:104FC000E0431C46164691B2002900D10A91C1B2B5
:104FD0000A98C2B20C98E7F7EDF810990818AF429A
:104FE00004D80F9D2F463246234605E0099F2346ED
:104FF0003F19FF3F32460F9D0E9C0D99CD3010900A
:10500000C813C043121820062846A4D0019810994E
:10501000814204D90298C0B2009908800024029805
:10502000401C02900025204695E71098002800D0EB
:10503000CD3811B0F0BD000030B4434351435D188A
:10504000010C0C00130C5C432D1980B2434392B247
:1050500051430024C918644124040B04090C0919A4
:105060005043C018694130BC70470000064A0E32F8
:105070000821491E05D0931E128882421A46F8D391
:1050800000E00021C8B270477492071070B5054661
:10509000400868408108014340080843C1080143B3
:1050A0008801002440302ED119490222284607F0F9
:1050B00092FE002827D1EEB216487043E84222D073
:1050C000284607F093FE18281DD810483F2189066E
:1050D0002940421C2A4000D11046084307F086FEB2
:1050E000022810D3304607F087FE03280BD328B2DE
:1050F00009490140A8B2081807F078FE0C2801D32E
:10510000002400E00124204670BDC046FFFFFF03DD
:10511000D6BE898EFFFEFEFE0000FFFFF0B589B00F
:10512000154608AA00261670002D06931A4600D1CF
:105130002A46070C474011980790002D04D1002300
:10514000069801281C4638D810980590794051409F
:105150000C46022E07D8A0B207F068FE1121414389
:10516000CC19761CF5E72046784086B23046FFF72A
:10517000A7FA242815D8C108059A525CC900411A1B
:10518000C9B2CA40D1070CD008A90870079A511CAF
:10519000127800239A420DD0CE5C86420BD05B1C65
:1051A000F8E7079908784643330CC818407808A9EF
:1051B000087000E02523002D0ED10F990E9808AD40
:1051C000BAB200900192079802900395A2B2DBB2A6
:1051D000069807F04DFE287809B0F0BD80B5034A67
:1051E0004A43110A07F046FE80BDC0467102000026
:1051F000044800685621405E0D2141434031C811EA
:105200007047C046E4320020002070470B4909680F
:105210000A4618321368002B04D01A4628328342FB
:10522000F8D107E028310A68002A05D01146283154
:105230008242F8D10120704700207047E8320020F8
:1052400070B50446144E3168084628300268002ABA
:1052500008D010462830A242F8D12831204600F06C
:1052600017F970BD4869A04201D100F01BF9E06A4E
:1052700040680068002803D004F032FB054600E0D7
:10528000A56A31681831204600F002F9002128464D
:1052900004F03EFB70BDC046E8320020F0B5452466
:1052A000A4004D06ED0F861E072E0AD8201DC0460D
:1052B0007E4436797600B7440A0F03130317191D8D
:1052C000F0BD8B281BD1002D20D0B1202BE0182160
:1052D000002D1DD108461CE088071ED580241DE046
:1052E000002D1FD0C5201EE00320F0BD002B1CD0D8
:1052F00088202DE0002B00D008342046F0BD0A386D
:10530000802822D8002B22D0782021E071200AE0CA
:105310005820022AD4D80846F0BD6C34002806D0A4
:10532000082005E085202018F0BD802010E03820FE
:105330004A08022313408906C90FC91808182043D8
:10534000A901014301204840F0BD0020F0BD7020BC
:105350002118A8010843F0BD70B50446002801D10A
:10536000062300E00723651E2046A841E50700D07C
:105370001846A30700D5801D6307DB0FC01823075D
:1053800000D5801CE30600D5C01CA30600D5123052
:105390006306DB0FC51860B200282ED5002A2CD07A
:1053A000002913D0D67A002E00D00935701E864110
:1053B000D06FAA21405CFFF727FF002818D0406B70
:1053C0002A21405C002810D03B200FE0106D002601
:1053D00000280DD0406D00280AD0417A002907D05E
:1053E000007A022804D10A3501E02320451901265C
:1053F00080204440344300D12546E8B270BD10B54A
:10540000846F00F063F8FF2804D0C000E1690968E8
:10541000081810BD002010BDB0B50C46054600F0C0
:10542000CFF9401982B20025204629462B46FFF7C6
:1054300003FEFF220E322B46FFF7FEFD0901000F8F
:1054400040180E30B0BD70B5012A1DD10646C06FA0
:10545000B321445CB088402101438B2000252246C3
:105460002B46FFF71BFFC0B201213246FFF774FF46
:105470000838C1B2032C00D0142520462A46E6F78E
:1054800099FE02463E3201E0C8684243104670BDB4
:10549000826AC36A002A02D0D362C36A00E04B600A
:1054A0001A60704780B507F011FD07480068416930
:1054B000002242614278EE2313404370C87D0122EE
:1054C0000243CA7580BDC046E8320020F8B50C46DC
:1054D0000546427A866F3046EBF7A4F9FF2801D1E2
:1054E000FF201AE03346223319785A78DB7F009385
:1054F000337D0127A3423B4605D96A23EB5A358CFD
:105500005D1B6B426B4187400F42E9D01740E7D1EA
:105510000099A142E4D0002BE2D0F8BD57218900C8
:1055200041430548006890228058C06B406840188D
:105530002121C90040187047E432002080B513686B
:105540008B4204D01A465B6C8B42FBD144324B6CCD
:10555000136007F0C1FC80BD0348006890214058EB
:10556000C06B006834307047E4320020F0B581B081
:10557000044626480068902280588068C0690179F6
:10558000002910D000920268D31D00221D788027C8
:105590006F40FF09BC4202D07F273D4005D0083351
:1055A000521C9142F2D100202DE0D1B2E9F7CCFC9F
:1055B00016480068009940588068C269117900292E
:1055C00011D01268002307255557002D07D51578EF
:1055D0003D4028266E430568AD192726AB55083295
:1055E0005B1C9942EFD10020214603F0DDFA012037
:1055F000002C08D105490968009A895889685E22FB
:105600008B5C5B1E8B5401B0F0BDC046E4320020C1
:10561000FEB5DDF747FB01904D3002900026C22712
:105620000298007886423DD201980068C419A11FF3
:105630000978FF2931D025464A3DC05DC0070CD10D
:10564000286800210160286841602868401C1649CC
:1056500009680622E6F7C3FD06E0204636380168F1
:1056600040682A68116050602078800704D5296856
:1056700020463E38E2F71CF820463E380168406874
:105680002A689160D060286808300021E1F710FF97
:1056900028684E3C216829602060472080003F1820
:1056A000761CBDE7FEBDC046CC3200201CB50C4CBC
:1056B00020684078000711D46846E6F731FE21687B
:1056C000009A4A6088604B7808241C434C70101A7A
:1056D000400B424242419808104008701CBDC04631
:1056E000E8320020FEB5154800689021029141582B
:1056F00054200190085ACF6B124C451CA9B2090ADC
:105700000E2901D90E494518002F0FD00026206818
:105710003421415CF0B2884208D2E9F79BFC761C48
:10572000A9B2408F8142F2D12846E6E703480068DB
:105730000299405801994552A8B2FEBDE4320020BA
:1057400002F1FFFFCC320020704780B50346FC31E8
:1057500028330A2208461946E6F741FD80BD0000BD
:1057600010B5C26C0146E6318B8A5343028F0A3270
:105770005A43120B93B2084CA34200D823465B1D38
:10578000E6240353012008714A801320E7F72EF91D
:10579000E7F788F910BDC046B30B000000211829B7
:1057A00009D07D22520442504218012393710023F4
:1057B00053710C31F3E7818B01220A4382837047D6
:1057C00001480068808A7047E43200204007000FDB
:1057D0000149085A7047C04664920710B0B50428C2
:1057E00001D00C4C00E00A4C042802D0292005010D
:1057F00001E0A9204501DDF724FB012800D02C465B
:105800009634A0B20449DEF74BFA401CB0BDC04646
:105810002085FFFF901000007102000070B50D465A
:1058200004461A4800682C21405CC007C10E01D113
:1058300011220AE0164800683622825C920624D5BE
:105840003630C07A800720D51F224E20C043414009
:10585000104800684069CEB203233146E6F71EFEC9
:10586000002812D001468472002008734D7208721D
:105870001220C871062088713E20487104200871EA
:10588000200AC8723046E6F765FE70BDCC320020B3
:10589000E4320020D0320020B0B50D460446124854
:1058A00000683621415C89061CD53630C07A000775
:1058B00018D50E4800684069A1212C220223E6F782
:1058C000EDFD00280ED00146047285721420C871C7
:1058D000042088713E224A710871200A4872A12072
:1058E000E6F738FEB0BDC046E4320020D0320020DA
:1058F00000207047F8B51D4617460E460446EAF7E5
:1059000029FA2046EAF730FA2046EAF741FA20461B
:105910002146EAF75AFA2046EAF765FA2046394660
:10592000EAF75BFA2046EAF772FA2046EAF760FAED
:105930002046EAF722FA2046EAF742FA069B002EB2
:105940000ED00021009194202A46EAF75BF9014627
:105950002046EAF754FA20463146EAF70BFAF8BD3A
:10596000124800688C2146580020009096200121A2
:105970002A46EAF747F901462046EAF740FA204668
:10598000EAF70CFA2046EAF715FA2046EAF70CFA8D
:105990002046EAF7F7F9B11C2046EAF7EBF9204672
:1059A000EAF71CFA2046EAF73EFAF8BDE432002096
:1059B000FEB504464126805DEAF7D6FA0546A05DAD
:1059C000EAF7CBFA009092206B1ED9B226469236A7
:1059D0007027032505292A46394605D859B28A0079
:1059E00017498958174B9A580191235A029674887F
:1059F0000098401EC1B2052905D840B28000104968
:105A00000F5810490D58934001981818000247216B
:105A10003E46CF00C0190C49DEF742F90190AC4078
:105A2000A0190002C0190849DEF73AF980B20299BC
:105A3000C988814200D80846019908187B30FEBD0C
:105A4000501A0410381A041071020000F0B5FFB0AB
:105A500096B017460F911C689A9D296800228C42C7
:105A600000D146E10695E5430D91491900D540E185
:105A70001290059315A8169000201590949013A9E4
:105A800014910C901390EFF31080119072B69B4814
:105A9000006894AA0392029117A901910D990091AF
:105AA00018302346192421463A461D4607F046FA87
:105AB000C6B2182E15D891490A6894A9039113A962
:105AC00002911421714317AB591801910D9900915E
:105AD000201AC1B2283210463A462B4607F02EFA59
:105AE0008019119981F3108800062C460C9A129D9A
:105AF00000D1FEE0284683301190139900290CD084
:105B0000C8680A69002802D002610A6900E014929C
:105B1000106015A807F069FAEFE79499002913D0EF
:105B20004A688868821AAA4201D20122E1E0096823
:105B300049420D9B091A5A18521EFBD52218D14210
:105B400002D0401840420D906D4909910C910B967E
:105B5000012000270E941297C00728D015A82146CF
:105B600007F06FFA8320001B109011982018C5438E
:105B7000159E002E17D03268501914D573688333E0
:105B80002046119907F08EFA00280AD003CE109A09
:105B9000101840181299083E814200D8014612910F
:105BA0007F1CF668E5E70F9824180020D4E70C9ACC
:105BB00090B2B9B2814200D3174681420E9A16467E
:105BC0000D9B00D30B9E814200D80A92129C002CA0
:105BD00016D1119BD21815AB1B68002B0CD01C687A
:105BE000E54355190C33002DF6D5A31A0E9A1293DE
:105BF0009B180A930D9B03E00E9A0D9B9C1A12941E
:105C0000814206D812988018C043181801D40C9706
:105C100016E0099880B2B9B2814204D20A9808907D
:105C2000079609970AE009D10A9807990818089970
:105C30008919081A32480C9002D5EFE730480C90C9
:105C4000129800283AD00B9682180E92D0431090EA
:105C5000169840680068002829D004468168002909
:105C600023D02768F8430E9A101820D510983818BA
:105C7000256968680068EED412900E98381A0818E2
:105C8000461E3046DEF70CF8B81B40182060E0686E
:105C9000002802D00561256900E01695286015A846
:105CA000214607F0A2F91298D5E72069D1E70D98AF
:105CB000109940180E9C0B9E00D448E70C9880B2B7
:105CC0000F4A811A481E8141099880B2821A5042B7
:105CD0005041084000D1079E05990E60002801D16F
:105CE00008990A9106990A9A0A6000280C9A00D12C
:105CF000099A90B27FB016B0F0BDC046E8320020DD
:105D0000FFFF000010B50021064B074A0E2905D001
:105D10001C88844203D09B1C491CF7E7114688B2BB
:105D200010BDC04668930710FFFF000010B50C249B
:105D30004C43FFF7F3FB001941790120084010BDE7
:105D4000B0B515460C46E9F785F9E621435A002D12
:105D50001A4600D02246C46C0146E6318D8A65435E
:105D6000008F0A306843000B84B2641D944200D354
:105D7000224694B2A3420BD048800A8008790128B9
:105D800006D0022008711320E6F730FEE6F78AFEFF
:105D9000B0BDC17FF7220A40C2777047C17F082299
:105DA0000A43C2777047C17FEF220A40C27770472B
:105DB000C17F10220A43C27770470000F0B585B05A
:105DC00004464126805DEAF7CFF80546A05DEAF774
:105DD000C4F892236D1EE9B227469237702603223B
:105DE000052903920496314605D869B28A001A49FA
:105DF00089581A4DAA580294E35A7E88401EC5B2AB
:105E0000052D07D840B28000134D2C580494134D33
:105E10002858039093405818000215210C0125467C
:105E2000E83540190E49DDF73BFF019003988640A5
:105E300004983018000240190949DDF731FF80B29B
:105E4000F988814200D8084601990818001902997A
:105E5000C86605B0F0BDC046501A0410381A0410C8
:105E600071020000FEB50191044607460837E6F7C7
:105E700041FA02900D462678207D002804D038464D
:105E8000E6F740FA227800E03246701D029CE108F5
:105E9000C1400198401A00B2401EC117083207F0F5
:105EA0001FF902194D4138462B46E6F727FAC0B2D2
:105EB000FEBD10B50C46FFF731FB214607F00CF88C
:105EC00010BDB0B50446B320205CEAF7A3FA05463E
:105ED000B334A07A2946EAF730F9A07A2946EAF7DE
:105EE000F7F8A07AEAF719F9617BA07AEAF7A3F844
:105EF000E9F7BEFEB0BDF0B593B01D4607460FA84A
:105F0000059010A8049011A8039012A80290199867
:105F10000E900190189C009438460B9107F0F2F80F
:105F20000D90E9F72BFE0646002D07D011A8017849
:105F3000321D2046DDF778F8002189E0301D11A9D7
:105F40000A78D1070A90099203D100250C952946B9
:105F50000AE0616F491C06220C92E6F740F9099AA3
:105F6000606F0078C007410E900710D50A980C9D0D
:105F700040190891616F09310622E6F730F9089956
:105F8000099A606F007AC0014118AD1D0C95254635
:105F900098350794B8341007089111D5207869898D
:105FA0000A9A06950C9D515552190F231B020B405E
:105FB0000003C018000A5070099AAD1C0C95069D8C
:105FC000D00601D40C9C11E0F81E032804D800F080
:105FD00037F90246607200E0227A0A980C9C001998
:105FE000EB7E2968EAF77AFAE41C099A900617D53D
:105FF00069680798006D406D0C90DDF711F8002876
:1060000009D00A9800190C9958311222E6F7E7F8DE
:106010001234099A04E0DF20099A024011A80270A4
:10602000500601D40A9909E0287E0C941446EAF738
:1060300077FA22460C9C0A990855641C50B2002835
:1060400005D509190798006D406DDDF705F8089929
:1060500012987070072F01D0072000E0082001433C
:10606000317011A800887F210140F170FE210F409E
:106070000024022F01D0214601E00B9989010E9DD9
:106080000D9F10AA12883F2313405918B170C00504
:1060900009D5A888296809189019C01C0FAA147876
:1060A0002246E6F79CF86C74384613B0F0BD000049
:1060B0000188054A8918018088B204494143080CC7
:1060C000484080B27047C04615FCFFFFAB0200009D
:1060D000096D52228A5A030953430007C00E08185B
:1060E000408E181870470000F0B5FFB08CB00890D3
:1060F0009A4250D0D043C0184DD40C460CA80D90F5
:1061000000270C9716460AA90B910A97EFF3108502
:1061100072B6494800680497039702910EA901914D
:1061200005930093183019273946224607963346BF
:1061300006F004FFC6B2182E15D83F490A680021A0
:1061400003910AA90291142171430EAB59180191D0
:1061500005990091381AC1B2283210462246079B91
:1061600006F0ECFE801985F31088000661D00898CF
:1061700083300890059F0A99002911D0C8680A69E0
:10618000002802D002610A6900E00B9210600CA89E
:1061900006F02BFFEFE7069206987FB00CB0F0BD3B
:1061A00026480990079E0696F143C819F4D4079132
:1061B0000CA83546314606F044FF0C9F049C264649
:1061C000002F23D0099880B21C49884208D0A1B280
:1061D000814205D3002E03D03868C043301815D44F
:1061E0000CCF833328460899083F06F05BFF002850
:1061F0000AD003CF0818641C083F002E02D0311AC1
:10620000843901D483300646FF68D9E7099880B203
:10621000A1B28142059F03D2200409940695BBD008
:10622000002EB9D0F043C019B6D407983018BBD5AA
:10623000B2E707980690AFE7E8320020FFFF0000C2
:1062400010B58AB0064800689021415848316C4624
:106250002046E9F761FC204606F0DEFF0AB010BDDB
:10626000E432002010B5014600200D4A914215D0BD
:106270000C4A12683423D25C521C0B4B1B689024CE
:106280001B59DB6B5B68521E08D05724A4001C19F5
:106290005B8F8B422346F6D10448201810BDC046C0
:1062A000FFFF0000CC320020E4320020A4FEFFFFFC
:1062B000B0B5054600881224FB2819D81B2817D32F
:1062C00068880C4A904213D8C008292810D30024AB
:1062D00000290DD0E8F7B4FE2988028A914200D344
:1062E000114629806988408A814200D3014669802D
:1062F0002046B0BD90420000B0B5012430212046B8
:10630000E8F726FD074D28600748C07AC01DC00881
:10631000401E03210143491C2046E8F719FD296866
:106320000861B0BDE83200205831002010B50124CA
:10633000844008212046E8F70BFD034909689022B4
:1063400089584C74C86010BDE4320020F8B50028AC
:1063500046D00E46012568212846E8F7F9FC214F72
:106360003968902409598860B540EEB2082130465A
:10637000E8F7EEFC3968095989684D724860009663
:1063800075001126212E0FD008212846E8F7E0FCE1
:106390003968095989688919491F0860386800599E
:1063A000806885550836EDE728210098E8F7D0FC8D
:1063B00039680959896808600B4802250126294671
:1063C0003246E6F74DFE39680959896888640648FF
:1063D00031462A46E6F744FE396809598968C86497
:1063E000F8BDC046E432002054310020F0B585B03D
:1063F00004920F4606464D24DCF754FC0655076010
:10640000039001464D31012002914870C004019073
:106410000025EC27049CF0B285423CD2039800682A
:10642000C6193046E9F7F7FE304630381B4A02807D
:10643000304628381A490180314632390020088018
:10644000314642390A8031463839019A0A6031466C
:106450005C39086031466039086031466C390A6041
:10646000314670390A6031462639087031462A397A
:10647000087031463E3907220A800499002902D06B
:1064800060659C3E3460472080003F185C34029871
:1064900006786D1CBFE705B0F0BDC046FFFF0000E9
:1064A000FF010000704770477047704770477047A2
:1064B00070B5134E30680569002430222146E5F797
:1064C00092FE1048C07AC01DC008401E032101433F
:1064D0004A1C28462146E5F786FE306805610146DC
:1064E000283102461832034620338461C2610462B7
:1064F00043628462C162044800680482047370BD10
:10650000E832002058310020E4320020B0B50E48B7
:10651000006898214458462000252554ECF7F0FCEB
:1065200001280FD106F084FE242208498A5C002A43
:106530002A4600D00268E2642322895C002900D048
:1065400045682565B0BDC046E432002058310020C2
:1065500070470000F8B5184E3068002444771E30AC
:106560001122164F2146B84730682F30FF250522EB
:106570002946B847306834211F224254014634313D
:10658000CA7220228A704C70403007222146B847D8
:106590003068473008222946B84730681C3001224D
:1065A0002146B847064800683521445430685621D2
:1065B000445256304480F8BDE4320020E7C1041054
:1065C000CC32002080B5044800685C3000210422F1
:1065D000E5F709FE80BDC046E432002080B50548DD
:1065E000006890214058C06B00682030EAF77AFDBF
:1065F00080BDC046E432002010B51B4800689021E1
:106600004058C06B0068FF21023181871749CA7A60
:106610003E23C2542B22895C3F228154012014491D
:10662000144CA04703201449A04704201349A04755
:1066300007201349A04700201249A0470220124911
:10664000A047DCF71EFEDCF754FEDCF727FD06F062
:10665000F7FDDCF73AFEDCF704FE06F0F7FDDCF7A9
:10666000E4FD06F0FEFD10BDE432002058310020AC
:10667000512707106F100510352F0710193D07100F
:10668000A9190710DD230710DD2107100021034A97
:106690008162C2621921C9010186704701000100AF
:1066A000F0B585B01E4A1268146872B60622A55E5F
:1066B000EA172F4697431B4A039189184E09711C0C
:1066C000049100220328029001D110460EE04100FF
:1066D000635E012B09DB0498191A4842019009B244
:1066E000C81301990840DF1900E00498E368995E37
:1066F00036B2B1420FDD39B2B1420CDD281AE0806A
:1067000002984000215A049A891A21521846039986
:1067100006F0AEFD024662B6104605B0F0BDC046BA
:10672000EC320020FFFF1F00F0B59BB0144606912D
:1067300007460FAE00252E2230462946E5F753FDC9
:106740003046103010220699E5F749FD2036F87CD6
:1067500003280BD0022810D1F8690FA90870020A8B
:106760004A70020C8A70000EC87006E03E4801684C
:1067700044310FA81022E5F732FD387D294606F096
:106780009BFD0290387D0121059106F095FD019059
:106790006520385C307006960FAE304621303946A1
:1067A000663106220092314B04909847787806991A
:1067B000C87130462830B91C0390009A2B4B98477B
:1067C0002948006801994118B4310BAF38460930A7
:1067D00007220192254B98472348006802994118E7
:1067E000B431B81C019A214B9847781C0699C91DF1
:1067F000059A1E4B98471D4B38460699059A9847AF
:106800001036102D07D0705D0BA9495D414007A8D7
:1068100041556D1CF5E70FA807A9224605F016FCA7
:106820000BAE0025102230462946E5F7DCFC062792
:10683000304603993A46E5F7D2FCB01D04993A4632
:10684000E5F7CDFC102D07D0605D0BA9495D4140F7
:1068500007A841556D1CF5E70FA807A9224605F0CA
:10686000F5FB1BB0F0BDC046F0320020DFC10410C4
:10687000B0B51C461546002804D0ECF7B9FD002839
:1068800002D113E0002911D1022D05D20848006879
:10689000AC214058083006E0022D07D104480068BA
:1068A000AC214058183020600020B0BD1220B0BD8F
:1068B000F0320020F0B59BB01446069107460FAEAB
:1068C00000252E2230462946E5F78DFC3046103053
:1068D00010220699E5F783FC2036F87C03280BD0BC
:1068E000022810D1F8690FA90870020A4A70020C38
:1068F0008A70000EC87006E03E48016844310FA857
:106900001022E5F76CFC387D0121059106F0D4FCDE
:106910000290387D294606F0CFFC01906520385C56
:10692000F07106960FAE30462830394666310622A1
:106930000092314B04909847787806990870304659
:106940002130B91C0390009A2B4B984729480068C6
:1069500001994118B4310BAF384609300722019232
:10696000254B98472348006802994118B431B81C58
:10697000019A214B9847781C0699C91D059A1E4B10
:1069800098471D4B38460699059A98471036102DA2
:1069900007D0705D0BA9495D414007A841556D1CAA
:1069A000F5E70FA807A9224605F050FB0BAE00251E
:1069B000102230462946E5F716FC06273046049992
:1069C0003A46E5F70CFCB01D03993A46E5F707FC9B
:1069D000102D07D0605D0BA9495D414007A84155C6
:1069E0006D1CF5E70FA807A9224605F02FFB1BB089
:1069F000F0BDC046F0320020DFC10410F0B5B9B0E0
:106A00001C460E46074601AD202028711020389004
:106A10000A900392002000902846E5F70AFC2846D9
:106A200039463246E5F709FC6A4628462146E5F72D
:106A300008FC39B0F0BD0000F8B50C460546012051
:106A40008873E878087408462030294644310226C5
:106A5000194F3246B84720462230291D3246B847E2
:106A600020462430A91D0822B84720462C3029464C
:106A70000E3110263246B84720463C3029461E319A
:106A80003246B84720464C3029462E313246B84768
:106A9000A86CE066E86C2067687816210140E17216
:106AA000E0210140607C08436074A878010702D5AA
:106AB000FE210840E075F8BDDFC1041080B506F086
:106AC00001FC80BD80B50A4A12683D23D25C027089
:106AD000012A05D0002A08D1084605F0A5FE02E0EB
:106AE000084605F097FE002080BD862080BDC04688
:106AF000F0320020E0B50B46014601AA01201080CB
:106B0000024800680830FCF76DFB8CBDCC320020D9
:106B100080B56421415CC90706D111214156002985
:106B200002D5817E8A0602D4ECF7A2FF80BD042242
:106B300011438176DCF738FC80BDF0B597B0044690
:106B400003AE002150223046E5F74DFB5D20205C6E
:106B500001210140717030463E3021465E310625EC
:106B60002A46E5F73CFB207CF070E07D010716D457
:106B700011202056002804D503A8417880220A431A
:106B8000427003AE301D214622310222E5F727FB79
:106B9000B01D214624310822E5F721FB03E0FE2148
:106BA000084003A9887003A80E3021462C31102616
:106BB0003246E5F714FB607C81060CD503AF3846FE
:106BC0001E3021463C311022E5F709FB7878202160
:106BD00001437970607C40060BD503AF38462E30F8
:106BE00021464C311022E5F7FAFA7878402101432A
:106BF0007970A07C052108420AD003AF38464430A2
:106C0000214620310222E5F7EAFA7878304301E0A4
:106C100003A84078E17A2940014303A84170E16E5E
:106C2000226F1591169206F060FB054600280CD0E5
:106C3000A11C01AC06222046E5F7D1FAA57142203D
:106C4000052107222346EAF767F9284617B0F0BD69
:106C500080B52822504304490968AC23C958081854
:106C60000021E5F7C0FA80BDF032002070B51C4667
:106C700005466520285C08702946663106261046C0
:106C80003246E5F7ACFA68782070A91C04983246C1
:106C9000E5F7A5FA70BD0000F0B5A9B00493029223
:106CA000019105901BAD352106912846DBF78EFC3E
:106CB00028462530039001248473652028712948D3
:106CC0006880622068700FAF2022009238460599D4
:106CD0002346254EB047254A17AB0593244E384628
:106CE0000099B047681D1027009701993A4623463E
:106CF0001D4EB0472846153002993A462346B04704
:106D0000252004992954284626302E9906273A46EC
:106D10002346B0472F980399C87128462D303099E3
:106D20003A462346B0470BAF28460699059A3B469C
:106D30000F4EB04731983946009E324623460A4FDF
:106D4000B8472C7007AF28460699059A3B46084D70
:106D5000A8473298394632462346034CA04729B00B
:106D6000F0BDC046746C0000614A05107FBA071080
:106D7000FD690610F0B595B007920F46064613A8B8
:106D80000021017012A8017009A810220891E5F7EE
:106D90002AFAF07C022808D1F06909A90870020AD1
:106DA0004A70020C8A70000EC870012F21D14C4825
:106DB00004684020205C14AD2870707B01210140E4
:106DC0006970307D002106F077FA0019B721405C28
:106DD000A870F07C032827D13046ECF709FB002887
:106DE00022D0002101220DAB3046FFF741FD0D9965
:106DF00016E0307B14AC2070707B8007C00F607091
:106E0000307D012106F058FAC01CC0B2344909682F
:106E10000818B422805CA070F07C032804D14431AF
:106E200009A81022E5F7DBF96420315C012211404A
:106E3000012F06D1002904D135464C3534463C3467
:106E40001BE0481E0C4684417B427B41234004D01A
:106E500035464C3534463C340BE00846384304D0C4
:106E60008620012F2BD1002929D035463C353446C8
:106E70004C34012F25D1002923D00EA8009013A94E
:106E800010AA12AB3046FFF7F1FE089E079B14488C
:106E9000006813A9097812AA127805930EAB04931F
:106EA000039210AA0292019114A90091492189002C
:106EB000401809AB21462A4606F03AFA304615B08A
:106EC000F0BD3943481E81415340194205D110A8F5
:106ED000009012A90EAA13ABD4E78620EFE7C046B4
:106EE000F0320020F8B5054601890024152220461D
:106EF000ECF708FA00281BD0064611207080706855
:106F00000D2101724D2080000D4909680B180521E3
:106F100010223046FCF7DBFB64202F5C284631460C
:106F2000ECF7A0FA002808D1F80703D0432002E0CC
:106F3000882402E05420C043A8722046F8BDC04611
:106F4000F03200201CB5042107226C462346FCF7D2
:106F5000AAFB62780A21042A13D86A469278012A89
:106F60000FD86A46D27892070BD4074909683422B1
:106F70008A5C69460979914202D31129014600D3FE
:106F8000062108461CBDC046F032002070B50546FB
:106F9000008906F019FA464246411B4909683C221D
:106FA000895C022904D0002401292AD1002828D193
:106FB00008200143A975154800684721405C012459
:106FC00080071ED52D8912480068806902214D2254
:106FD0000323E5F763FA002813D0014685720420E5
:106FE00048720B2008720020C871052088710E734A
:106FF000FF20487182200871280AC8720220E5F734
:10700000A9FA204670BDC046F0320020E4320020CC
:10701000D0320020F0B587B0044606A800250570E0
:1070200021890B222846ECF76DF900281DD0059028
:10703000B020A0720395E575E07B2F210140E1733C
:10704000454E3568207D0121049106F035F940193F
:10705000B721475C30683221405C022807D1082004
:10706000384004D10321059F54E0882664E0207E47
:10707000C00705D106AD2846ECF7A0F9287802E054
:10708000607D06A90870074018203840E17D014363
:10709000E175080702D4B425059F07E02046DCF718
:1070A000AFF901460028059F34D1B2252046ECF700
:1070B0009FF906984107C90FE173C007800FA073BD
:1070C000204600F06DF8204600F0B6F80146002892
:1070D00020D1204600F002F9842803D00146002880
:1070E00001D017E0B2251C4800683521405C06A994
:1070F0000B78627B617CA77C00AE83C60221059F72
:107100003846ECF791F920463946ECF7ABF90146E1
:10711000002814D010480068B122825C002A05D0F3
:10712000B130237D049D9D40AA4302700123204677
:107130003A46E6F7B9FA0646304607B0F0BDE07ABF
:10714000F8210140E1723846039E31462246ECF7B1
:10715000A3F9A572F0E7C046F032002010B514463E
:107160000A4640681946234606F048F910BDF0B5B6
:1071700085B000931746054601AE30460830082416
:107180002246E5F72CF8304639462246E5F727F83F
:1071900028463146009A04F059FF05B0F0BD0000C2
:1071A000F0B524490968027D12010832D2B28B1869
:1071B000B5241C5D0473B6241B5D012B03D1437BF6
:1071C00002241C4344730B463633032515430C46F7
:1071D000B434655D01262E40877B374387730426D0
:1071E0003540C77B2F43C7731643A55D057405253E
:1071F0001543645D6425455DED070ED11D782C4077
:1072000007252C408474062422438918B422895C03
:107210005A780A402A404274F0BD5D782540457492
:10722000062422438918B422895C1A780A408274A1
:10723000F0BDC046F032002070B50446007B617B93
:10724000CA0701D08A0704D4E27D120703D5890753
:1072500001D003251CE0E17B0523194213D01D4911
:107260000D684022AD5C43431B4EF3185D5DE57431
:10727000FF2D0ED1E37D1B0707D4012807D1086835
:10728000805C012803D1012502E0042500E00225ED
:10729000E5746420205CC00703D11A202056002822
:1072A00012D420460F300078C00704D02046FCF7E7
:1072B000CDFA00280CD0E17D0020090703D5022D6E
:1072C00001D10020E07670BD024800683130EAE765
:1072D000032070BDF0320020F3950410F8B5C17C96
:1072E000022910D1C17BEF220A40C27322490968EA
:1072F0004022895C0026022910D3042905D00229E6
:107300000BD0FF260AE000242EE0017B022904D3E3
:1073100004292BD0022901D0F3E701261749096877
:107320004722895C842449071ED5078914480068D0
:1073300080690225482203232946E5F7AFF8002893
:1073400012D001468772042048720D720020C87165
:10735000052088710E73FF20487182200871380A59
:10736000C8722846E5F7F6F82046F8BD6421415C6E
:1073700001260E40D2E7C046F0320020E432002061
:10738000D032002080B506480089163080B206F061
:1073900075F8044800685C210122425480BDC04653
:1073A00058310020D832002070B5114CA07A242129
:1073B000E7F7CEFC0F490B6800221D4650351E46EC
:1073C00048369A64DE641A655D65A47A002C0CD098
:1073D00002620B685B6D186001230370054620355F
:1073E0000B685D652430641EF0E79A6570BDC04689
:1073F00058310020D8320020044800680068018914
:10740000C0684088401A80B27047C046EC32002005
:107410000D4909680A6872B60621515E002905D532
:10742000032802D162B600220BE000214300D25EA5
:10743000002A01DC0A4600E08A18032800D10A4627
:1074400062B690B27047C046EC32002080B58189A8
:1074500006F024F880BD0000811E1E2916D80020E9
:107460007944097949008F4418170F1719171B170A
:107470001D171F1721172317251717172717291748
:10748000171717172B172D000120704752281BD0F4
:10749000D22801D10A2070470F2070470220704780
:1074A000032070470420704705207047062070476E
:1074B00007207047082070470B2070470C2070474A
:1074C0000D2070470E20704709207047BCB5002B77
:1074D0000FD01C466B4699705870012018701A71B5
:1074E000080AD870A189052520462A46FCF7EFF83E
:1074F0006580BCBD10B50446C068002815D0418821
:10750000091D89B2E7F715FCE168608905F0B8FB51
:10751000002808D1628921890020FCF707F9A0889A
:1075200001218843A0800020E06010BD70B51446A2
:107530000D4606468089401C81B23046E6F74EF97A
:107540002880B089C01C81B23046E6F747F9208018
:1075500070BD70B50D4604464689042E00D006263F
:10756000002A05D0ECF7B6FF002802D0032000E087
:10757000002071198AB22189EBF7C4FE002800D0DF
:10758000868170BD70B509490A686021535A00218F
:107590000225074C8B4206D0566E765B864203D29C
:1075A0000835491CF6E7214688B270BDD832002064
:1075B000FFFF000010B50A460146007C202804D0D9
:1075C000102805D10C31022403E00C31042400E022
:1075D000102410462246E4F702FE204610BD80B576
:1075E00005F06CFF002801D0408880BD002080BDE0
:1075F00080B505F09BFF0549884205D0C0000449CD
:107600000968496E081880BD002080BDFFFF00009A
:10761000D832002080B5017802220A43022A02D122
:1076200000F0F6F980BD408880BD10B50C4600F032
:1076300009F8616889698B688A88022100F014F86A
:1076400010BD00000749096834310968002904D0D9
:107650000A89824203D01031F7E7FF20704708788B
:107660007047C046D832002010B54843C408A4B2C1
:10767000944201D9002010BD072210401A5DC2407B
:107680002020411A0020C043C840104010BD000017
:1076900008490A68516E6223D25AD2005218083A39
:1076A000824202D3401AC00801E00020C04380B2E9
:1076B0007047C046D832002080B5DBF7CAFBC0B2A5
:1076C00080BD80B5DBF741FE80BD80B5DBF7C1FB37
:1076D000C0B280BDFEB50E460446032707401B48D6
:1076E00001680D462835002F07D0012C00D0022458
:1076F0006878002806D0D12626E00291002001906B
:10770000202403E002910520C0020190E4F7A4FFC9
:107710003146DBF73AFB0646002815D129780120CF
:10772000DBF737FB064600280ED102995D31087859
:10773000204308700026002F06D00448006802216C
:107740000122019BEAF7D9FF3046FEBDD43200206A
:1077500070B5104800683421405C742141430E48E4
:107760000268A43200200346994212D01468E5183A
:10777000AC7A6426AD5DED0704D16034E4B2512CDF
:1077800004D205E05034E4B2412C01D37433EBE76A
:10779000012070BDCC320020F0320020F8B50C463C
:1077A0000720C0430C4E05460835182D10D031680F
:1077B000A827C95908180A3006222146E4F71AFDFD
:1077C00000282846F0D13068C059405DC00601D479
:1077D0000020F8BD0120F8BDF0320020F8B50E46BB
:1077E00004460020EBF7B4FD022801D93820F8BD8B
:1077F000207E800701D00C20F8BD218900250622BB
:107800002846EBF77FFD002813D00746022078803A
:1078100078680B21017269463046EBF7B3FD786852
:107820000099417220463946EBF71CFE002802D031
:10783000F8BD8820F8BD00986075207E01210143C5
:1078400021762846F8BD80B50320F5F782FD80BD7E
:107850000148002101707047003300201CB5034629
:10786000064C20785021009100210A46F5F725FDAD
:107870000121217005F070FE1CBDC04600330020C0
:10788000BCB50A460446C11C01AD10462A4602F0AA
:107890003CFA032228462146E4F7ACFC002800D03D
:1078A0008120BCBDF8B514460D46064605F062FEC3
:1078B000671C204605F064FE00280BD106222846EE
:1078C0003946E4F797FC0028F3D12078B042F0D194
:1078D0000020F8BDB320F8BD80B50220F5F739FDD2
:1078E00080BDF0B595B00C460546FFF7B1FF01AE7F
:1078F0003E36B32701A8FFF7B1FF002810D10622BA
:1079000030462146E4F776FC01A9497801220A4075
:10791000AA42EFD10028EDD1FFF7DEFF0027E9E70B
:10792000F8B215B0F0BD10B505F03CFE00240028FB
:1079300006D105F04FFE002802D105F05DFE0124BE
:10794000204610BD10B509490A686021535A190430
:1079500009D0516E9CB2E400611808390C785B1EA6
:107960008442F4D100E00021084610BDD832002046
:10797000064800686021415A002905D0406EC900C0
:107980000818801F0088704700207047D8320020F8
:10799000F0B585B0174604901C4D28686024065B3E
:1079A000024660325288964217D20294039300290D
:1079B00017D001970846FFF76BFE441C2868B1B248
:1079C000A2B291420BD3C900406E4018014608395B
:1079D0000822E4F704FC761EF0E7002712E0019F7E
:1079E00000E03446406EA1B2C900049A42544018E7
:1079F000039A42602868029BC25A521CC252406ECF
:107A000040184780384605B0F0BDC046D832002047
:107A100080B505F005FE408880BD0000FEB50D462E
:107A20000446FFF7A5FF002834D0AC4232D8064602
:107A3000A0422FD3204605F079FD04461648844223
:107A400028D0AE4200D32E46304605F06FFD1349D4
:107A50000F686026B95B4A1E824217D9019005461D
:107A600002948BB26D1CAAB29A420DD2796EA0B26A
:107A7000C0000818D20089180822E4F7B0FB0748B4
:107A80000768B95B641CECE7029C0198C243A2182A
:107A90005118B953FEBDC046FFFF0000D832002088
:107AA000B0B50D460446FFF7B5FD6168C98A0029E7
:107AB00008D0C04308186188401880B2A84206D395
:107AC0000020B0BD0020FFF73DFFA042F8D00C2001
:107AD000B0BD000010B504460846FFF753FD084945
:107AE0000968496E82B2D2008B5CA34205D0421E67
:107AF00000041046F6D1002010BD881810BDC04605
:107B0000D832002070B586B014460E46054601A84E
:107B100010491422DAF73EFD002E07D101200E494C
:107B200001AA05F0A7FD0646002810D02846FFF759
:107B300089FD7168096A8B680849C97A49084A1C35
:107B40000421FFF791FD204201D0002000E08120B8
:107B500006B070BD101A0410FFFF0000583100205D
:107B600070B5154604461A4800685C22805C82079E
:107B70008120002A29D4A288120626D4481E80B269
:107B8000FFF736FD002810D04168097829421DD042
:107B900005F090FD00280AD006462189032205F051
:107BA000B9FD002805D0C02070BD122070BD862010
:107BB00070BD102D01D0022500E00125208931463D
:107BC000FFF733FD054201D0002070BD0C2070BDD1
:107BD000D8320020F0B58BB00A9314460D46074604
:107BE000ECF7C8FC002812D00646049780880C27C2
:107BF000410700D583E0022C01D180077FD4029594
:107C00000394109C0A9B012B03D8032503E0122741
:107C100075E09800451CA01C1946002904D0028874
:107C200055190830491EF8E7F088022B02D3A9B293
:107C3000814264D803998A1E511E8A41A9B28142A9
:107C400000D30546A9B230460691FFF782FC002812
:107C50000ED0074603980228079701960FD1B989DD
:107C60001D22384605F0D1FD0A9801280FD04EE0BC
:107C70000820E4F7BBFEE4F715FF88273FE0B98949
:107C80000A9801283ED11B22384605F0BEFD228805
:107C9000B889401C81B23846E6F7F0FF6368B889BE
:107CA000E91E8AB2C01C81B23846FBF710FD079866
:107CB0004580039D022D0CD101200499029A04F005
:107CC00033FF0028019C0CD007460798E6F7CFFE4B
:107CD00015E0E807019C04D0079A107A08210143B7
:107CE00011720298079904F0CBFF0746022D06D1C6
:107CF000002F04D1A08802210143A180002738462B
:107D00000BB0F0BD2322384605F07FFD0A98A71C72
:107D1000012105950028CAD00A90079DA88940181E
:107D2000089181B2BB1E022428462246124EB0475B
:107D3000A889089E3018801C81B2284609942246E2
:107D40003B460D4CA047311DA88940188EB20699BC
:107D50008A1B39888A4200DB0A4609997B5881B21E
:107D600094B228462246044DA847A11908370A981C
:107D7000401E059DCEE7C046CF360610F0B589B04F
:107D80001F4603920E460546ECF7F4FB002845D04B
:107D90000446C068002841D002970F9801900E98C1
:107DA00000901F48076838373F68002F0FD0388889
:107DB000A84204D13846E6F7CDFDB04201D01C37C9
:107DC000F2E71748006838303946E6F779FFE0688F
:107DD000FFF73CFB411E0298002813D0C8B21E28B2
:107DE00007D04022114004D1E3680399029AFFF7BB
:107DF0006DFB2046FFF77EFB002F0FD03846E6F7DD
:107E000036FE0BE004A8009A8281417001210170C6
:107E10000199089106940597ECF7BEFB09B0F0BDF7
:107E2000D8320020B0B54843C408A4B29C420ED852
:107E3000049B072528402025691A0025ED43CD40E5
:107E40002A4082408540185DA84310431855B0BDB4
:107E5000BCB514460D46FFF7F5FB696889698B8848
:107E60008968009103210C4002212246FFF7DAFFC6
:107E7000BCBD0000F8B5054681884088ECF77AFB68
:107E8000002808D0044628781E2806D1A188490673
:107E900039D40C2697E1022695E1410606D4CC4957
:107EA000CC4A0A60A188890600D571E1E188821E6A
:107EB00086261E2A00D995E0032752007A4492882C
:107EC00052009744220080011E008001A30080011F
:107ED000A6008001220080011E0080019800800120
:107EE000310180019400800180018001AD0080019A
:107EF000B0008001800180018001800121008001AB
:107F00009800052701E0E18801277F2210405238C0
:107F100042424241B8B2884200D30F460097BFB2F6
:107F200020463946FFF715FB00282ED006462A7852
:107F3000818905F077FC2878811E16292CD8490004
:107F40007944898849008F4416000D0170000D01A5
:107F500077000D0193000D01A1000D01AA000D0194
:107F6000BA000D01C0000D012F000D010D010D0122
:107F7000CE000D01E6009848028AB089401C81B20B
:107F80003046E6F77BFE0320EBE00820E4F72EFD09
:107F9000E4F788FD882616E1202800D1CAE052289F
:107FA00002D0D22800D0DDE02A89B089401C81B2FD
:107FB0003046E6F763FEEB686A89B089C01C81B27F
:107FC0003046FBF784FB2878122800D1B8E0D2288D
:107FD00000D0C7E000980C3870802089314605F049
:107FE0002EFCBFE0522802D0D22800D0EBE0D228ED
:107FF00008D0032207E02A7A5200571C8F4200D88B
:1080000083E7E0E00F226B899F187EE7EA89D71D9E
:108010007BE7EA68127C802A00D089E0152774E7A4
:10802000AA89571D71E702276FE76A8929893046B7
:1080300005F035FC052094E06A892989304605F071
:108040002EFCAA89B089401D81B23046E6F716FEA3
:10805000E889C01DB84200D80746F81F82B22B69D4
:10806000B089C01D81B23046FBF731FB072078E0B4
:108070006A892989304605F012FCB089401DEB68F9
:10808000197C80295ED181B210225EE02A89B089F4
:10809000401C81B23046E6F7F1FD0B2061E02A89F1
:1080A000B089401C81B23046E6F7E8FD6A89B089A4
:1080B000C01C81B23046E6F7E1FD0D2051E02846B4
:1080C000314605F0FEFB0F204BE06A8929893046D6
:1080D00005F0E5FBB089401DEB68197C802939D19A
:1080E00081B2102239E02A89B089401C81B2304621
:1080F000E6F7C4FD6A89B089C01C81B23046E6F754
:10810000BDFD2B69AA89B089401D81B23046FBF7BD
:10811000DEFA172025E02A7AB089401C81B2304669
:1081200005F080FB19201CE0EA68127C802A4CD004
:108130000727EAE62846314605F0C3FB212010E078
:1081400013200EE081B20C3302223046FBF7BFFA57
:10815000092006E081B20C3302223046FBF7B7FA61
:108160001120A070009870802A78B189304605F0FF
:1081700059FB2878410611D41E280FD06289218925
:10818000032004F0D1FC002804D03046E6F76FFC51
:10819000842618E0A08820210143A180608931460F
:1081A00004F06EFD002801D081260CE0287800261E
:1081B0001E2808D1628921890220FBF7B7FAA0881E
:1081C00040218843A0803046F8BD11279DE6C04677
:1081D00064050020ED0607105831002010B5044654
:1081E0004188808805F07AFB002801D0862010BDE8
:1081F0000020A06006490A68916D002905D00A4652
:1082000089680029FBD1946010BD946510BDC046FB
:10821000D832002070B51C461346342545430F4E16
:108220003068406B4019828C8A4201D9882070BD29
:10823000806A0621FBF737FA002800D070BD30684D
:10824000406B4019818C2180806AE6F710FC306811
:10825000406B41190020886270BDC046E0320020AA
:108260000020704780B5E6F7F5FE49218900405CA3
:10827000C006C00F80BDF0B581B0064650090406A7
:1082800004D0002E2DD03668401EF8E71C465B1E39
:1082900020469841002C1FD0002E1DD01F200240E8
:1082A0002020851AA8B2A3B2984200D32546009593
:1082B000AFB2B018001D3A460D46E3F790FF0098A4
:1082C000241AA1B24A1E08469041002904D0E91997
:1082D00036680022002EE3D1002803D07E20C04360
:1082E00000E08120C0B201B0F0BD0000F8B5009000
:1082F0000023138010480E2B1DD007251E462E404C
:108300001F06FF0E009CE719832464003C5DF440C7
:10831000E4070DD0068835400124AC40F508EDB2E5
:108320004F5D27434F551588B54200D83546158017
:10833000801C5B1CDFE7F8BD68930710FEB505469F
:10834000C00633D417461C4800683622825C0024DD
:1083500092062CD53630407A000728D50191029339
:10836000164800686907C90E4018006925220423D1
:1083700029460093E4F792F800281AD0064647727F
:1083800001983072380AB07230460B3008220299D8
:10839000E3F725FF0099F1710C20B0713E20707158
:1083A000317128463146E4F7D5F800E086242046AE
:1083B000FEBD0724FBE7C046E4320020D032002097
:1083C000FEB50546C00638D416461E48006836225B
:1083D000825C0024920631D53630807B40072DD553
:1083E00001910293184800686907C90E4018006996
:1083F0003E22412329460092E4F750F800281FD07E
:108400000746099908987E7238730298F8720198A5
:108410003872300AB87238460D30F822E3F7DFFEC2
:108420002B20F871FE20B871009878710420387103
:1084300028463946E4F78EF800E086242046FEBD43
:108440000724FBE7E4320020D032002080B5828B85
:10845000920708D4202281541620E4F7C7FAE4F7E3
:1084600021FB002080BD3A2080BD000080B503497B
:1084700009684F310622E3F7B2FE80BDE4320020E6
:10848000BFB50C460546E6F7DBFD3221405C00280F
:1084900001D0002011E00A48006890214058C06BCC
:1084A0000168086A496A03AA012300930192FE2227
:1084B00095432A462346E7F71FF904B0B0BDC046EE
:1084C000E4320020806F4121405CFF38411E88412A
:1084D00070470000F0B597B00746407A884200D850
:1084E000D6E016460D460E93E9F70AF90D241190D1
:1084F000FF2800D1CDE0E8F7B5FCFF2800D1CBE0A4
:108500000F951D990C911C990891BD6F0446402050
:108510001199295428468C300B90E7F77CFEA22055
:108520000A942C54A320295C0123194329547C4824
:1085300001687C4800681295403500226A600D92FF
:10854000AA602E7109931E4001D04F30014610974A
:108550006137681D06220792E3F741FE0D98E86037
:1085600028610E9C2C7328460D300899079AE3F772
:1085700036FEB001E1014018401D6421129A5054AA
:1085800010466430222141700C9C2146E9F75EFEC2
:108590001198E6F75FFD0E901098C06FB321405C14
:1085A00046081190FDF71AF9B1000E9E7218E18984
:1085B000814200D308460002906558320C988088AA
:1085C00040021199E9F798FE8821129A50500F98AD
:1085D0006870E7F7D3FA1590E8F7A0F816903046E0
:1085E0001430149013964F48006840790E903A78F2
:1085F0007978BE78FC7838790C907B79B8790890D6
:10860000099806900D9D05950727049713AF0397CA
:1086100015AF0297109F0E3701970095080280183A
:10862000320480182206821818020C994018089902
:10863000090443180A9E30460E99E7F7F5FD119894
:10864000E7F7E8FE044630462146E7F776FD304678
:108650002146E7F73DFD1298806B0F99415C30464B
:10866000E7F7E9FC139E009594202946109D2246C9
:108670002346E7F7C7FA01463046E7F7C0FB1398F1
:10868000E7F7C5FB687A02280AD3A86F001D09E046
:108690001224E0B217B0F0BD1198E7F7BEFFF8E77B
:1086A000284650300F9B129A17468D37016818469E
:1086B0000E914843696D0918507C9032129298428D
:1086C00001D3286D41180F9122210026119C2046CC
:1086D0003246E3F76FFD0D900E2120463246E3F758
:1086E00069FD08210B9E31700A213970129B1D62B1
:1086F0000D490C227A700D9A10187C300E9A1A606F
:1087000058609860D960062230460F99E3F710FE52
:10871000002801D10446BCE77920C443B9E7C0462C
:10872000CC320020E4320020F41B041010B50C24DD
:108730004C43FCF7F3FE0019417910220A434271C1
:108740001620E4F753F9E4F7ADF910BDFEB5044681
:1087500026480068002844D00027019701798F42FD
:1087600041D2382179430290026855186B78DE07B0
:1087700002D102987F1CF1E79E070CD458071CD445
:10878000180730D52846214605F0BAF800282BD125
:1087900016480068EEE75118496B2C228A5CF031CC
:1087A000D20008320026334608339A42E1D00868E6
:1087B000805BA0421E46F7D116E05018406B112195
:1087C00009014118C07802011032002633461033E7
:1087D0009A42CED0086880194088A0421E46F6D141
:1087E00002E0002500E0019D2846FEBDDC320020AD
:1087F00010B50446EC30E7F7BDFEBA200021215247
:10880000BA34A07AFF2801D0E7F707FFFF20A07253
:10881000207A800701D5DAF771FC10BDB0B50446A7
:10882000C220205C800701D40020B0BD25468435DD
:108830002846DAF767FCA16F2846DAF747FCA06FF5
:1088400008300021DAF72EFC606FA16F6167A06726
:108850000120B0BDC721002242540146A0318A88C0
:10886000032313405A1E93415A00A023C252887B0F
:10887000012202408307DB0FD2184007C00F1018F7
:10888000401E8877704700000448006890214058D7
:1088900040683D21C90040187047C046E4320020BE
:1088A00070B50446FFF7F0FF0146427A0020034608
:1088B000934209D0DD000E687659002E01D05B1C72
:1088C000F6E723700868401970BDF8B5FFF7DCFFC4
:1088D00004461030009000270725207A87420CD2EA
:1088E0006068465D00983146E3F7E8FFF0002168D4
:1088F00000220A5008357F1CEFE7F8BDFEB5FFF7F0
:10890000C3FF04463820205C002826D0FF25DC3534
:10891000E9F794FC405D0521014001291DD1204665
:10892000383000270190077020461030029007264B
:10893000207A87420ED203CC895DCA0083180025B5
:108940009D71835801220298083CE9F7D6FE08364B
:108950007F1CEDE7012001990870FEBDF8B5FFF717
:1089600093FF04463820205C002815D0204638307C
:10897000002700900770254610350726207A874289
:1089800007D26068815D2846E3F798FF08367F1CB0
:10899000F4E7012000990870F8BDF0B587B00F46E4
:1089A0000146007900260C9C00282FD0039008680F
:1089B00004914968059206AD009301953A46059BDE
:1089C000E6F79AFE002821D0029005940D9A049CA7
:1089D000236806A90978CD005B19DB791370039829
:1089E000401E0390C0B2814223460BD01D68CEB218
:1089F000F600AF19BA68FC68AA517C60491CCAB27B
:108A00008242F3D103981871029E059C267007B02C
:108A1000F0BDB0B50446FFF737FF054610302146DC
:108A2000E3F74CFFE000296800220A50B0BDB0B562
:108A30000446856F2A7C2946FCF705FDA9680918BC
:108A4000607A4843B0BDF0B589B0079315460691EA
:108A50000646DAF742FC0346002405960490A3423A
:108A600041D001221746A74037423AD028788107E3
:108A70000DD407988088800733D5E8793840E040E6
:108A8000687909D100282CD07F282AD004E0FD2164
:108A900008402870022200200890079801190B7ED8
:108AA000FE261E407E2E01D1002608E00E7F981B78
:108AB000464246412020085C834200D1B61C0698FD
:108AC000418F089840B25BB2009301960290601CFF
:108AD000C3B2002004F02AFFE879B843E871059E8C
:108AE000049B641CBBE709B0F0BD0000FEB5029317
:108AF00001920E460546E6F7ADFA04460746903465
:108B00002846E9F7AFFD0899042E06D1002804D0C5
:108B1000019A002A0CD00A220BE088880880012ED6
:108B200002D1C0080E3801E080080F38029E0FE025
:108B30000822029E8A5A0A800088022801D0012059
:108B400000E003200B4BD218C2400B481018C0089D
:108B500083B222889A4200D30246002E03D093B2F9
:108B6000C889984200D3104660803846FDF726F940
:108B7000FEBDC04688FEFFFFB5FF0700704700003E
:108B8000B0B584B00B4602460648006890214158B3
:108B9000C868096903AC012500950194E6F7ACFDAE
:108BA00004B0B0BDE4320020F0B582B000901B48A4
:108BB00002689020019012589268D6693279002A92
:108BC00029D0002407253268505D8026074677406B
:108BD000FF09B94214D07F273840009B98420FD933
:108BE000002757550D4A1268019BD2589268D269E6
:108BF0001268535D471E1F43002900D03743575565
:108C000006480068019A80588068C669307908353E
:108C1000641C8442D7D302B0F0BDC046E4320020C9
:108C2000B0B504460020C04362788A4212D9226A55
:108C3000525C8A420ED04800616A0D5AE3F75AFB33
:108C4000C00821784A1DD040281A00B205224243AC
:108C5000D0108840B0BD0000034909683522895C06
:108C60000840411E88417047CC32002070B50C4648
:108C7000054600263046E3F78BFA7A300D49897FA6
:108C80000D4AB1420FD00388934209D00346323BCC
:108C90001B68AB4204D103462E3B1B68A34202D0A3
:108CA000C030761CEDE78E4201D3002070BD01205C
:108CB00070BDC04658310020FFFF0000F0B58DB0F8
:108CC0000446AF20205CC106890F27467837264628
:108CD000AC36002917D0E8F70FF80546F0784106C2
:108CE000C90FC20715D0002913D0BF210840F0706A
:108CF000A06CE16C04F050FE354878800020C14340
:108D0000A165687261E0800656D4788804F060FE40
:108D100052E0FF222A81020604D4002905D007A8C8
:108D20001A2209E007A8072206E0C00602D407A815
:108D30003E2201E007A844220273009507A8002202
:108D40000275C2748274427442813078FF2807D160
:108D5000002905D105A902920492019203920DE027
:108D600022464832F17903917179049121464931C3
:108D700013780293D279256E6B0A019307AB029D9B
:108D80005D731A74049A9A73039ADA73019ADA80FB
:108D90000791FF2809D0E6F75DF9418F07A8818088
:108DA00039880181DAF7C6F906E000980C3004F042
:108DB0003BFE07A8DAF7C2F92046E8F7DAFC707A3A
:108DC000E8F778F8707ADAF7D0F90DB0F0BDC04660
:108DD000FFFF000080B5DAF739FF002801D0406CB2
:108DE00080BD002080BDF8B514460D46064600271C
:108DF000102220463946E3F7F6F9002E16D02878DF
:108E00002028394609D3602801D3032100E002213C
:108E1000402800D201211F221040012282408800F8
:108E20002158114321506D1C761EE6E7F8BD80B530
:108E3000002802D0FFF762FD80BDFFF78FFD80BDE7
:108E400080B50021C422E3F7CEF980BD10B5FF2123
:108E5000E031425C910701D5262100E0272125233E
:108E6000D40700D01946002A00D119462122D20089
:108E700081548018417010BD70B5044613480068D5
:108E80002D25465D1220A6421CD81925ED01AC42C5
:108E900018D88E4216D8A94214D8A14212D39408E9
:108EA0007C2C0FD8059C049EB4420BD30A2B09D30B
:108EB000AB4207D80698521C4A434243900883426B
:108EC00001D8122070BD002070BDC046CC320020F9
:108ED00000207047F0B591B014460F4609900C265B
:108EE00004F0A4FD002800D1C3E0E7F7BBFFFF2892
:108EF00000D1BEE00546089705940998000A039042
:108F00005D4800688C2147588C30C6683046143064
:108F10000690E7F780F92A20355434462A3457481A
:108F2000A083607801210791084360703046E6F71E
:108F300011FF30463146E6F748FFB91C3046E6F7E8
:108F400019FF0020049000900398C0B2811E4F4288
:108F50004F41032800D104270898010C0191000A11
:108F600002900998000E0390962007993A463B46D6
:108F7000E6F748FE01463046E6F741FF40493046F5
:108F8000E6F761FF3046E6F742FF3046E6F700FFBE
:108F90003046E6F703FF3046E6F72AFF3046E6F7AD
:108FA00017FF3046E6F7CEFE3046E6F726FF30469E
:108FB000E6F706FF3046E6F736FF2846E6F7E3FF1A
:108FC0002D48006841792846E7F7C2F80998C0B2F1
:108FD00004F03EFD01462846E7F72DF828463146C5
:108FE000E7F7A4F828463146E7F765F8254928460B
:108FF000E6F7D8FF24492846E6F7F8FF2846394621
:10900000E7F766F8D9F71DFF012801D0252100E018
:10901000FF212846E6F7F6FF0AA801990176029992
:10902000C175089981750399417505750799417650
:1090300005990D91314654310E910A96F16C326DBD
:109040000B910C9204F014FD1048049A62831049AD
:10905000B161F161326270621320B0750D48B08267
:10906000B663E3F747F901460C220698E3F760F987
:109070000646304611B0F0BDE4320020017F00000A
:10908000FFFF00002941767155555500681A0410FC
:10909000FFFFFF0F01020000F0B597B00F931746D6
:1090A0000E4605460C2404F0C1FC002800D16FE1F7
:1090B0000B97E7F7D7FEFF2800D169E10746280E96
:1090C0000E95290A0C91811EC8B20122022807922E
:1090D00014D849B28900B0A25258B2A35B589A186A
:1090E0000A92B3A25558B5A252580692B6A2515848
:1090F0000991C000B749C140049106E005200A90DB
:1091000000250820099006920495300C02900D96D7
:10911000300A0390B04800688821445888300669B6
:10912000304614300890E7F776F82A203754314655
:109130002A310220059008774878079A1043079152
:10914000487006994D430C98C0B20190401D4843A9
:109150000A990818099948434019A049401880B253
:109160009F49DAF79DFD0690099654360A960F99A5
:10917000C8B27D2803D198480068457903E048B219
:10918000E3F76BF80546099E3046E6F7E3FD304607
:109190003146E6F71AFE30462146E6F7EBFD9149E7
:1091A0003046E6F750FE3046E6F7F2FD3046E6F789
:1091B0001FFE3046E6F712FE3046E6F7C3FD38469E
:1091C000E6F7E1FE38462946E6F7C2FF0E98C0B240
:1091D00004F03EFC01463846E6F72DFF384631469E
:1091E000E6F7A4FF38463146E6F765FF7E49384684
:1091F000E6F7D8FE7D493846E6F7F8FE0498C1B296
:109200003846E6F79AFF3846E6F787FF10A8029936
:1092100001760025C575039981750D99417507750E
:1092200045760B99139111950A9914911096316D09
:10923000129104F01DFC3046E6F7FBFD3046E6F7E0
:10924000BFFD0198252802D80C9F3E4601E0252647
:109250000C9FD9F7F6FD012800D037460E98000C78
:109260000E90F8B20F900D9E0F98A84203D0FF20E9
:1092700060556D1CF8E767700E982070E9F740FEA6
:1092800000280CD0F0B20028059809D020782021C1
:10929000014321700A980078A070032000E005982F
:1092A00020180D90FF200B90C6010A967F360F20E4
:1092B0000C90420114461F3400210F9881424DD07A
:1092C000334625460E98C4B20020072C3DD8A40092
:1092D00002A637592C461E46BF46C046FD920610D0
:1092E0001793061023930610279306104193061038
:1092F000559306101F9306104993061002202C4622
:10930000002825D0660016406701174024097C40DC
:109310007440401EF4E72C461E460C981AE0F020DC
:1093200013E0552011E00A9E304640309C01044075
:10933000D80130401E0A464066402C46184609E0D7
:109340002C461E460B9805E0AA202C461E4601E03E
:109350001E4628460D9B5854491CAEE72448002160
:10936000079A51831422099B9A75224A9A82069A77
:109370001206120C9A61DA61196258629B63E2F775
:10938000B9FF0146833106220898E2F7D1FF04466F
:10939000204617B0F0BDC046020000000A000000E1
:1093A0000A00000004000000250000002500000065
:1093B00000000000030000000300000001000000A6
:1093C0000800000002000000040000000800000087
:1093D0000800000001040600E432002069030000D8
:1093E00071020000FFFF00002941767155555500BC
:1093F000801A04100102000070470000F0B5002838
:1094000007D0002905D05B079C0F002A04D1012C4E
:1094100002D061204001F0BD436A102B03D0182B0D
:1094200001D0202B05D1012C05D005696D1E102D12
:1094300001D31A48F0BD102B02D01848801EF0BD91
:10944000C2600379F9252B400371012C20D0002341
:109450001C469D002D185B1C6C61042BF9DB00235E
:1094600013E0DC17A40FE418A408A40025182E4666
:109470001436B4461C1BD65CE40018276D693C1BEF
:10948000A640354366465B1C356004699C42E8DCB7
:109490000279D20700D181600020F0BD1F0C0000CE
:1094A000F8B58CB00D0000240023D15C08AE5F42FB
:1094B000F619F1735B1C0F2BF7DD0023594289006D
:1094C000411804AA9E009219CE681670CE68360A1A
:1094D0005670CE68360C9670C968090ED1705B1C48
:1094E000032BEBDD6A4608A904A8F0F78FF968465C
:1094F000A1004018C1780906827812040A43417815
:10950000090211430078084329000C31624292009D
:109510008850641C032CEADD0DB0F0BDF0B585B0B9
:10952000C500E8B2304BDB7A5B1E834201D21220C9
:1095300057E000202D4E1446082805D000230B5478
:109540002680A41C401CF7E702912748C07A08280F
:10955000039001D3082103910024019403998C42C4
:109560003ED2C0B2EFB287423AD204951546384691
:1095700004F080FA00282BD03846D9F7DAFE00280C
:109580000FD0384604F084FA0646184886421CD0AC
:10959000012002990855D9F7D8FE002818D02E804E
:1095A00016E0384604F08AFA00280ED00646807885
:1095B000FE210140062905D1384604F0A5FA408F66
:1095C0002880B07804F0C4FA00E008200299085519
:1095D0002A46AA1C0448C07A049D6D1C641CBDE781
:1095E000019805B0F0BDC04658310020FFFF0000D3
:1095F000FCB50A00002303210091010014E0019C46
:10960000344000040DE0019F374006043E43AE6045
:109610005668F60307D5EE689027FF05B942EED1EC
:1096200034402043E8605B1C1068D84000D186E0DD
:10963000C007F8D55C000098A040C543019550686C
:10964000009D0540012D03D0009D0540022D11D144
:109650008868019D0540D068A040284388604D6817
:10966000012001269E40B543566836093040984097
:10967000284348605068009D0540032D1CD0C868F1
:10968000019D05409068A0402843C8605068009D37
:109690000540022D10D1D80880000D18286A9F00BF
:1096A0001C263E400F27B740B8431769BC46370019
:1096B0006646BE4006432E620868019D054050681C
:1096C000009E0640A6402E430E605568C0208002D2
:1096D0002840A8D0012098400404E6430196C443E2
:1096E0006D030ED5194D2D689026F605B14202D1B5
:1096F0002540054303E0019E2E4005043543134EEB
:109700003560124D5668F6020CD56E689027FF053D
:10971000B94202D12640064303E0019F37400604C8
:109720003E436E605668760200D471E7AE689027BB
:10973000FF05B94200D066E72640064367E7F3BD60
:10974000002A01D081617047816270470C0000409F
:1097500080B50F21002004F00FFAF021090100204C
:1097600004F024FA3249012004F020FA31490120A2
:1097700004F002FA01BD00682F49884200D070470A
:1097800080B5802040022D490A6802430A600968BA
:10979000084000900098002201210D2000F065FF94
:1097A0000D2000F067FF01BD18B587B00400182137
:1097B00001A8D8F70BFF2068C021C905884235D120
:1097C000012401940420059001A801F037FA002833
:1097D00001D0F2F75DFA1A48016A21400CD1016804
:1097E000214301600168A1430160016A21430162D4
:1097F000006A044000940098F2F750FA0022002119
:10980000122000F032FF122000F034FF002200216D
:10981000192000F02AFF192000F02CFF002200215F
:10982000162000F022FF162000F024FF08B010BD23
:10983000C930000036C000000000304850004048E9
:109840004000404810B5904216D98AB2030C090C6A
:109850000C46594380B25343444350431B191A04E6
:109860001B0C1018594180225203002312184B413F
:10987000520DD802104310BD4843802252031218E3
:10988000520D104610BDB0B50A68002A09D0C36950
:10989000DC431346002B09D0DD692D190ED59B6AD8
:1098A000F8E7002282620860C16204E0002282625E
:1098B0004A68C262106028304860B0BD9A4207D042
:1098C000D96A8362C162D96A08602830D862B0BDA3
:1098D00003462833D36282620860C162B0BD0000D3
:1098E00001460846C96A4968096800290AD0CA7D44
:1098F0001207F6D4CA690B6AD218C3699A1A843A55
:10990000EFD470470148006880697047E832002052
:10991000FEB50091002800D1EDE005462E46AD6A67
:10992000002D00D1E7E0B069B1680A18EF69D01BDB
:109930008230714801684C6965D4F369A64201D050
:10994000029308E0D843019434464E6802963018DA
:109950002646019CF4D4687D737D83425FD304D195
:10996000307DC0070BD1002728E0AC4201D1FBF7C6
:1099700099FDE87D08210143E975012728E0029857
:10998000391AF368994206D2287DC00705D1EA7DCD
:1099900000210F4608E0002709E000202862E87D4A
:1099A000022202430127194608201043E87531625C
:1099B000F07D02210143F175A64204D0AC4207D1EB
:1099C000FBF770FD04E00298F061304604F00AF9FC
:1099D000287DC00714D1307DC00711D16878697D1A
:1099E000491CCAB2824200D80846687542480168DC
:1099F00018312846FBF74CFD284604F00DF9354692
:109A0000002F8CD18AE7A54205D1F068316A8142E6
:109A100001D3FBF747FD009800286CD07EE7307D2E
:109A2000C00717D1A6422F4600D0374678787A7DF6
:109A3000521CD3B2834200D810467875183138468C
:109A4000FBF726FD384604F0E7F8A64200D02E4684
:109A5000354663E702983F1A833F00D20027306AF9
:109A6000874200D30746F06887421ED2D043AA69D6
:109A70001018AA68801825D4A64207D14878400754
:109A800033D4FBF70FFD1C480168737D70785A1CB6
:109A9000D3B2834200D81046707518313046FBF7B8
:109AA000F7FC304604F0B8F838E73762F07D022161
:109AB0000143F175A64212D0AC4200D02EE7FBF76D
:109AC000F1FC2BE700203062F17D02200843F075A5
:109AD000A64202D1FBF7E6FCF07D082108E00298DF
:109AE000F061304604F07EF818E73762F07D0A2115
:109AF0000143F17512E7FEBDE83200207CB50D464A
:109B000004468069E1690190009120694669002E50
:109B100005D0606A01AA6B462946B04700E00120E3
:109B2000012D08D1A169A268E3685118C943009AC0
:109B30005118C91809D5012801D101207CBD00990F
:109B4000E161022802D10198A06102207CBD0000E1
:109B500080B501690969002909D0054909682031E2
:109B600004F06EF81520E2F741FFE2F79BFF80BD9D
:109B7000E8320020F8B5009104460027344B3D46FA
:109B80007F1C1868064618363668002E50D0F168DB
:109B9000326A8A4201D22836F6E7009886420ED011
:109BA000F07D01210143F175E2F7A4FB2849096822
:109BB0004860002C03D0F169081AE92841D83069BF
:109BC0004168002903D0706A8847002817D0F169DE
:109BD000304604F045F81E490968002832D0183193
:109BE0003046FBF755FCF07D40070ED47078717D50
:109BF000491CCAB2824200D80846707505E0144874
:109C0000016818313046FBF743FC304604F004F895
:109C1000002C01D1F1F754FB092D0D4BAFD304F00B
:109C200061F8A120062100221346E7F775F9F8BD77
:109C3000002C04D100201C4604F056F820680021B6
:109C40004161F8BD4E61304604F04EF8F8BDC046A3
:109C5000E8320020B0B51F22D443084A2346083317
:109C60000AD014192025645D84421C46F7D1D0180F
:109C7000C26908469047B0BD0120B0BDF41A041077
:109C800080B508468978C91CF2F75DFF80BD80B5B4
:109C90000846C978027912025118491D89B2F2F7B3
:109CA00052FF80BD80B508468978C27812025118EB
:109CB000091D89B2F2F747FF80BDB0B5002B05D072
:109CC00010C920C8654020C25B1EF7E7B0BD70B563
:109CD00014460D46064604F03DF80023304629465A
:109CE0002246FAF79FFC204604F034F870BDB0B568
:109CF00014460D46014601201070501C0D22E2F75B
:109D00006EFAE573280AA073B0BDF0B589B0009271
:109D10000F46054605AE002110223046E2F763FAF1
:109D20000324304639462246E2F759FA01AF284665
:109D300031463A4602F08AF9009839462246E2F75F
:109D40004EFA09B0F0BD0000074A126848321268A6
:109D5000002A07D05388834202D193888B4201D0D6
:109D60002032F4E710467047D8320020F0B585B0B5
:109D70000446408804252946EAF7FCFB064680880D
:109D8000400508D5608803F0F3FF002839D0B0887B
:109D90005E490140B18060886A465080A188918008
:109DA000A279531E112B00D967E0C0467B441B7972
:109DB0005B009F44646873454040868B45564C4C1D
:109DC0005A08500808502669677AEAF7D3FB0C2333
:109DD0007B43F1188F886289BF1AC088401F80B208
:109DE000874200DC3846A081F35A6E463381B08149
:109DF0004888801870811620307088688018049018
:109E000078E0A1790C2009297DD1217F10297AD110
:109E1000218B3F4A914276D13E4909684831096811
:109E20000029B8D062884B88934202D18A790F2AE0
:109E300069D12031F3E7684608210170364804E013
:109E400068460821017020460C3003903BE00B2A45
:109E500042D0202041E0684618210170217A017229
:109E600048E068460C2101702DE06846122101701F
:109E7000A068E168029003913CE0862043E06846D8
:109E80000221017036E06846102101700021C943AB
:109E900041812189018120460C3023E0684606215A
:109EA00001700521C90281810021C94341812189B5
:109EB0000181207F102817D12046183004900220FD
:109EC00016E068460570A068029013E068460A2113
:109ED0000170218901810DE00E2069460870207A09
:109EE0000872E068039005E020460C3004901020D2
:109EF0006946C8816846FDF7BDFF002803D1207878
:109F000028432070002005B0F0BDC046FFFB0000D4
:109F10002A2B0000D83200204C050020F0B59BB061
:109F2000EC4C7F20C643D8F79CFFEB4D012802D0B4
:109F3000E87A002810D0274634467834D8F791FFC5
:109F4000E97A6143784338184418D8F78AFFE3491F
:109F50004843E97A414364186234D8F782FF012804
:109F60000ED1304678302989414330465C30AA7A98
:109F700042435018314660312A7B4A43801800E042
:109F800000200490E8891490D8F75BFF012801D0E5
:109F9000D9F7DBF9D8F75DFF0128159409D13446CC
:109FA0005034D8F75EFF6043E97A414308390A919B
:109FB00001E000200A90CA4CD9F7C7F901282046D1
:109FC00016D0D8F73EFF0128204611D02920285C62
:109FD000002820460CD12520285C0028204607D1E7
:109FE0002620285C002801D0204601E030463C3085
:109FF0001390204620301690D9F7A7F9012815D0E4
:10A00000D8F71FFF012811D02920285C00280DD186
:10A010002520285C002809D12620285C002802D0B1
:10A020002046203001E0304654301690D9F78DF9A3
:10A030001190A87E0190E87F1090D8F712FF12903F
:10A04000E87F0290D9F74AF80990E87F0390D8F7A3
:10A0500054FF0027D8F701FF012838461A961997B0
:10A0600060D1E87F112787400324274302218140E4
:10A070004E1E2643D9F769F9012817D117960F9478
:10A08000687F0A2800D30A201A9C24344443C03C29
:10A090000026D8F7CDFF0128189620D1D8F7E1FE89
:10A0A000012805D01A9B18466C3004E0002031E0EE
:10A0B0001A9B18466030D3496431AA7F4A4310186E
:10A0C00029461D467835C97F2A468A408618D8F722
:10A0D000C8FE012803D1C948C07A45437619A5199D
:10A0E000D8F7C2FF0646D8F7A3FF04463440D8F796
:10A0F000B8FE204001281898179E09D1BF49C87E94
:10A10000401E0F9A1043897FE0224A43D143081A28
:10A110002818BA4DB919BA4A511A08181A301A9E95
:10A12000B84C199F0890D8F79CFE0128394609D1F0
:10A13000D8F7F3FE0128394604D12220285C3146A5
:10A140002C3141430F91D8F773FF0128384620D1B5
:10A1500020465830A97E414330466030EA7A424377
:10A1600054180025D8F780FF012810D1D8F779FEC0
:10A1700001280CD130467030A04B197F4143304646
:10A180007430DA7E42435018E4389D7E45436019AE
:10A190009A4D0E90E8F7B4FE0128384636D1D8F72C
:10A1A00060FE012803D02C463546743505E0304664
:10A1B00078302C46ED7A45430C3D2327E05D0026A0
:10A1C0000028304605D0D8F74CFEE05D4042032120
:10A1D000884340192425615D1A9A7C324A438718C6
:10A1E000D8F73BFE01280DD1D9F7AFF8012809D1E6
:10A1F000D8F71EFF012805D18048465D002E01D00A
:10A200001A9E6836B8197D4D1A9E199F0D90D8F781
:10A2100028FE0128394609D1D8F717FE012839460A
:10A2200004D130465C30E97A414314390C91D8F7B7
:10A2300018FE0128394608D1D9F70FF80128394608
:10A2400003D130466430E97A41430B9126201890BF
:10A25000285C069025201790285C05903E4629270B
:10A26000E85D0790D9F771F80446D8F7E1FEE042BF
:10A2700034461AD01898285C2821695C1A9E344606
:10A2800078344C43F43C4443D8F7E7FD00280AD027
:10A290001798295C2720285C6C364643594880195A
:10A2A0000C30484300E000200419E85D002819D074
:10A2B000D8F7D7FD0028049B15D02A20285C5149E7
:10A2C00070314143E85D1A9A50434018383819906C
:10A2D00009E0C0467CFBFFFF583100206CFDFFFF0A
:10A2E000DCFEFFFF049B159818181A9B19465C3179
:10A2F000149A514340180A99401813994018169916
:10A300004018194678310A46109EB2408018119ABA
:10A31000012A07D13B4A683A019E72431018132262
:10A3200012018018099F069A059EB218129E012EEE
:10A3300002D1029EB1404018199E07995118012F71
:10A3400005D11A463032039FBA4010187038089A67
:10A3500080180F9A80180E9A80180D9A80180C9AFF
:10A3600080180B9A8018002904D01A4648324A43B4
:10A3700010180C38001984192820285C1990189896
:10A380002F5C2A20285C18902720285C16901798AC
:10A390002E5CD8F766FD012805D12B20285C1A9980
:10A3A00038314143641803F0F7FC012801D1164805
:10A3B00024181998189A16994E43B1184743B8189B
:10A3C000C84208D01A9B1A4658324A434433434382
:10A3D00098180419183C094D686820180321C943CE
:10A3E000EA8DD21C0A40AB8DDB1C0B409A182B8ED9
:10A3F000DB1C0B40D118401A1BB0F0BD58310020B7
:10A400006CFDFFFFDCFEFFFF14F6FFFFF0B595B01B
:10A410000120810414912E480160BFF34F8FBFF3D8
:10A420006F8FE5F71FFCE1F776FF00201290C04325
:10A43000E5F705FCD8F705FD1390D8F70AFD119054
:10A44000D8F783FF1090D8F749FE0F90D8F755FD45
:10A45000D8F703FD0E90D8F760FD0D90D8F7E8FD12
:10A460000C90D8F701FE0B90E8F74AFD0446D8F7A8
:10A47000ECFC0546D8F7F5FC0646D8F7EEFE074695
:10A4800003F08AFCC0B2F9B208910990F0B2E9B2C7
:10A49000E2B20B9BDBB20C9CE4B20D9DEDB20E9EC2
:10A4A000F6B2129F009701960295039404930592C9
:10A4B000069107901398C0B21199C9B20F9AD3B2FE
:10A4C000109A03F06BFC03481499016015B0F0BDBD
:10A4D00080E100E000E100E010B50024032003F07B
:10A4E000D1FC002801D0012401E0FFF731F9200060
:10A4F00010BD0148806870472805002041488168E8
:10A5000004229143816001684905FCD581680222DB
:10A510009143816070473C480168890703D5016811
:10A520004807C00F70470020704781B037490A685C
:10A5300002430A60096808400090009801B0704723
:10A54000020C80B2324B0129596804D10143596091
:10A55000D96A114303E081435960D96A9143D962B2
:10A56000196808431860986A02439A62704729493B
:10A57000086882B2886A000410430A60020C8A628A
:10A5800070472548016804229143016030BF70473D
:10A5900070B5040000261B4D2068002807D12868EC
:10A5A0001021884328602868042188432860296E88
:10A5B0000120014002D10126FFF7B7FF17480168CB
:10A5C000890007D48168490004D4016880221206FA
:10A5D0000A430260002E03D0286E012188432866BA
:10A5E000FFF799FF002801D0FFF788FF20680028B7
:10A5F00005D128688006FCD428680007F9D400201B
:10A6000070BD00000000404808004048600040481D
:10A61000080050481000504810ED00E02818006075
:10A6200080B5FFF7A4FF002801D0F2F785FA01BD3D
:10A6300010B5C20018231340FF249C40E243890751
:10A64000090E9940030004D419489B089B00C018C8
:10A6500006E0184B0007000F083880088000181823
:10A6600003681A401143016010BD80B5FFF7E0FF99
:10A6700001BD0000010005D40121C006C00E8140CB
:10A680000D480160704710B5401E80214904884282
:10A6900001D3012010BD094C606003210020C0439C
:10A6A000FFF7C6FF0020A0600721216010BD000059
:10A6B00000E400E01CED00E000E100E010E000E05C
:10A6C000F8B50400002700250126002C1ED02079B3
:10A6D000002802D12000FFF74EF8022020712068E8
:10A6E000016880220A430260206801688022914349
:10A6F0000160206841680D220A4342602068416879
:10A700000D2291434160A760267100E001252800D9
:10A71000F2BDF8B504002068876845680126082165
:10A720000F420CD00D420AD0A2683243A2604268A8
:10A730001143416020684168082291434160042030
:10A7400007420ED005420CD0A16802220A43A26043
:10A7500021684A6810434860206841680422914398
:10A760004160A068002802D02000EEF72FFFF80714
:10A77000C00FE907C90F08420BD020684168314378
:10A78000416020684168B143416026712000EEF7C6
:10A7900015FFF1BD80B50020F1F77EFA002003F02F
:10A7A000AAFB012003F0A7FB022003F0A4FB012079
:10A7B00003F0D4FBEFF7F8F9002801D0F1F768FABD
:10A7C000EFF70EF8EEF76BFFE2F772F903F0E0FB3C
:10A7D0000020F1F762FA002002BD80B50020C043DE
:10A7E000F2F792FB01BD704730B58FB00020002119
:10A7F0006A460B069B0DD05000BF491CCAB20A2AFC
:10A80000F6DB03F011FC002834D003241A4800784A
:10A8100000282FD119480078042801D0072800D13A
:10A820000124EFF77DFF0500EEF74AFFA54200D9AE
:10A830002500A84200D9280000281BD0022809D0F2
:10A8400002D303280CD013E00121012003F0A5FB63
:10A8500001210AE00021012003F09FFB012104E017
:10A860000021012003F099FB0021012003F0A7FB48
:10A8700003F0B7FB0FB030BDFC0400201915002019
:10A8800081B00B4801688903FCD5816802220A4324
:10A890008260002102E000BF0099491C00910099EC
:10A8A0000629F8DB816804220A43826001B0704700
:10A8B00000004048F8B5040001D10120F2BD8E4DE2
:10A8C0002078C0062FD5A0680028A86807D10421E9
:10A8D0008843A860A86802218843A86006E0022196
:10A8E0000143A960A86804210143A960A068042865
:10A8F0000DD100F0BBFC060028684105C90F12D03D
:10A9000000F0B4FC801B6528F6D30320F2BD00F0F4
:10A91000ADFC06002868400505D400F0A7FC801BAC
:10A920006528F7D3F1E72078C00738D57348016868
:10A93000734A0A4080218901114301600168802225
:10A940000A43026001687022914330220A43026088
:10A950006068802149028842286801D1014301E0F2
:10A96000AC4901402960606800280BD000F07EFCF3
:10A9700006002868800312D400F078FC801B65284C
:10A98000F7D3C2E700F072FC060028688103C90F04
:10A9900005D000F06BFC801B6528F6D3B5E70427D3
:10A9A000FF432078400733D520690028286820D04D
:10A9B0003840286028680107C90FFBD1286810219A
:10A9C00088432860A86896490140802040020843D7
:10A9D000A860286804210143296000F047FC0600B4
:10A9E0002868000714D400F041FC801B0328F7D32B
:10A9F0008BE73840286000F039FC06002868010722
:10AA0000C90F05D000F032FC801B0328F6D37CE789
:10AA10002078800746D5286807402F601020C04363
:10AA200029680140296029688A06D20FFBD17D4937
:10AA30007D4A13680B401360536819405160A96840
:10AA4000774A0A40802109021143A960E96860221F
:10AA5000914320220A43EA60E168102903D1286863
:10AA60000143296002E0296808402860E068002866
:10AA70000BD000F0FBFB06002868800612D400F023
:10AA8000F5FB801B6528F7D33FE700F0EFFB0600DE
:10AA900028688106C90F05D000F0E8FB801B6528F7
:10AAA000F6D332E72078000724D540266069402895
:10AAB000286801D1304300E0B04328606069002875
:10AAC0000BD000F0D3FB04002868304012D100F016
:10AAD000CDFB001B6528F7D317E700F0C7FB040088
:10AAE00028684106C90F05D000F0C0FB001B65288F
:10AAF000F6D30AE70020F2BD000040489800404825
:10AB0000FFC0FFFFFEB5040051D000914748006828
:10AB1000302188430099014344480160444D206836
:10AB2000022814D1A86804218843A860A8680221DB
:10AB30008843A8602868400539D528683D49014008
:10AB40002960A868E021884361680143A960E0208A
:10AB5000C04301908027FF00206800281CD128688E
:10AB6000384024D02868800321D52868F9000143A3
:10AB7000296000F07BFB06002868400406D400F042
:10AB800075FB801B0228F7D90320FEBDA868019938
:10AB9000014060680843A860206801280FD1FFF7D2
:10ABA0006FFE2868074002D12868800301D4012085
:10ABB000FEBDA8680199014060680843A86030277D
:10ABC0001A4C009821683940884212D02068B84356
:10ABD00000990143216000F049FB009D06002068B8
:10ABE0003840A84205D000F041FB801B0228F6D96E
:10ABF000CAE7002002E000BF0098401C00900098C7
:10AC00000628F8DB03F0ACFAFFF773FC03F03AF91F
:10AC1000FEBD0000FFFFFEFF074800687047000010
:10AC2000FF7FFEFFFFCFFFFF2800504804100040C9
:10AC300000004048FFDFFFFF480500201749027869
:10AC4000D20705D58A6D06239A43036913438B65A2
:10AC50000278920705D50A68114B134042691A43DE
:10AC60000A600278520705D50A680E4B1340426805
:10AC70001A430A600278120705D50A680A4B134086
:10AC800082681A430A60C068820604D50A68074BC6
:10AC90001340184308600020704700000800404837
:10ACA000FFEFFFFFFFFF7FFFFFFFBFFFFF7FFEFF05
:10ACB000F8B504000800002146E02E0A350075436F
:10ACC00075437543666A2F017F1BBE43009F7D431A
:10ACD0003543656231E001258D40154033D02A00AF
:10ACE0006A4353009E18F3434668012E01D0022E9A
:10ACF0000BD1A6681E40876857433743A760666834
:10AD0000AE43C7686F4337436760E6681E40076914
:10AD100057433743E7604668022E0ED146690096D6
:10AD2000FF2DCAD816006E436E43256A3701BF1B3C
:10AD3000BD43009F7E432E43266225682B40456815
:10AD40006A431A432260491C02681300CB40C2D1F7
:10AD50000020F2BD30B50100012401202E4B2F4D03
:10AD6000A94207D1186804431C6018680121884370
:10AD7000186016E02A4CA14207D1186880214901C9
:10AD8000014319601868274909E0274CA14209D1FD
:10AD900018688021C90101431960186823490140DE
:10ADA0001960002030BD0200012013685B062ED41C
:10ADB00010681F4B0340086818434B680343C8687A
:10ADC00018430B690343486918438B690343C869F7
:10ADD00018430B6A034313605068164B034088689E
:10ADE00018434B691B0C03435360886880231B0185
:10ADF000984203D250685B0003435360086A802383
:10AE00009B01984202D1486A80B210610020D1694A
:10AE1000094B0B40D3617047380040480020004187
:10AE200000300041FFEFFFFF00700041FFBFFFFF58
:10AE30004000FFFFFBF0FFFFFFF7FFFF70B51D4D68
:10AE4000296872B60A6800260E604B6813434B608F
:10AE500062B600280CD028684168CA0708D00122D1
:10AE60005140416072B6286801681143016062B6C2
:10AE70002C681034206800280DD0204603F0A8F973
:10AE800080002968081872B6826886604868104396
:10AE9000486062B6EEE72868041D074D2068002868
:10AEA00006D0204603F094F9810069588847F5E7F9
:10AEB00070BDC046F4320020981A0410F4B50700A3
:10AEC0000E00334C2078012801D10220F2BD012070
:10AED000207000256560FA20800000F011F8010064
:10AEE0000CD130000099002F02D100F02EF801E0C3
:10AEF00000F038F8FA20800000F002F82570F2BD6A
:10AF000038B5040000F0B2F9050022488168C9078D
:10AF10000AD40020C0438442F7D000F0A7F9401BB8
:10AF2000A042F2D3032032BD0C2182680A400C2AD1
:10AF300009D1174A536804681C435460826811435E
:10AF40008160012032BD002032BD10B5124A136964
:10AF50000F241C4314618003000C906111643320A2
:10AF6000106010BD10B50C4A13690F241C43146106
:10AF70008003000C90610868106448685064886819
:10AF80009064C868D064CC20106010BD0000000040
:10AF9000543200200810004000100040FEB500248C
:10AFA000204D2B78012B01D10220FEBD01232B70F7
:10AFB0006C60FA27BF000368FF2B0AD11A480169A9
:10AFC0000F220A430261222101603800FFF798FF37
:10AFD00019E00023DB430B604668009001910020DC
:10AFE00000E0761C00994968009A926889188E42A0
:10AFF00009D2300000F009F83800FFF781FF0100A6
:10B00000EFD001990E602C70FEBD07490A690F232D
:10B0100013430B61C0028003000C8861112008609B
:10B0200070470000543200200010004010B50400AA
:10B030000800110002002000D7F7CAFA200010BD56
:10B0400010B500244480048081808260037310BDA9
:10B05000418802888A4201D3501A02E08088401A4F
:10B06000801880B270470021418001807047F2B59E
:10B070000400207B5D496D462D882D186D18401801
:10B080008543ADB2668830002788B74201D3381AAD
:10B0900002E0A688301AC019A8420EDB10006946EB
:10B0A0000A88A168C918D8F7CFFF60884019A1881D
:10B0B000D8F7E2FD61800020F2BD0120F2BD80B52D
:10B0C0004388FFF7D4FF02BDF8B584B004000E003A
:10B0D0000025F01869460880207B444B6F463F8866
:10B0E0003F18FF18C1188F43BFB20397411C401E81
:10B0F0008143C9B20191A088029063881900278812
:10B1000038009F4201D3411A02E0029B591A0918E4
:10B11000039BC918019BC918029B994227DA0A9F11
:10B12000029202226946A3681818D8F78DFF3200F0
:10B130000299A3689C46238801981818634618183A
:10B14000D8F782FF6846028A3900A0682388019FE9
:10B15000DB199B19C018D8F777FF2088039940188E
:10B1600001994018A188D8F787FD218000E00125CA
:10B17000280005B0F0BD10B50400227B1B4B8818D9
:10B18000C018D118884380B2628811002388934286
:10B1900001D35A1A02E0A288521AD218824206DB60
:10B1A0000818A188D8F768FD6180002010BD012033
:10B1B00010BD70B5037B0D4CC91809191B199943B3
:10B1C00045882B000688AE4201D3F41A02E0858838
:10B1D000ED1AAC1989B28C4204DB8068C01810608B
:10B1E000002070BD012070BD00000000FFFF0000C6
:10B1F00070B505000E00140032000221FFF75FFF5A
:10B20000010008D131886B88002B00D1AB88220067
:10B210002800FFF72CFF70BD38B50C001500022187
:10B22000FFF7C7FF010002D129680988218032BDDC
:10B230001CB504006A460221FFF741FF010004D15A
:10B24000684601882000FFF796FF16BD1070030ABC
:10B2500053701B0A93701B0AD37011710B0A537140
:10B260001B0A93711B0AD3717047000001484068A4
:10B27000704700BF28050020C37982791B021A435A
:10B280004379120401791B021943C3781143827870
:10B290001B021A434378120400781B021A4310431E
:10B2A00070470000FEB500254F4C019068460180B4
:10B2B0004E4F02E00423217063812178608886224A
:10B2C000920090425DDA28006D1C6A46128880B2B6
:10B2D000904256D201980278401C0190002000292B
:10B2E00000D1608063885E1C6680FA5463890029FF
:10B2F0000ED10121012ADDD0812A03D0022A01D0FA
:10B30000052A01D10523D6E7FF2AD3D00021D2E7B1
:10B31000012929D161889942CFD139460B78E08043
:10B32000012B01D1CA7818E0812B02D00022022B18
:10B3300002D1CA780B790DE0052B07D1CA780B79B9
:10B340001B061B0C1A439204920C06E0FF2B04D13F
:10B350008A78CB781B061B0C1A432281218900298D
:10B360000BD002202070A8E70229A6D1E188491C51
:10B37000E180228989B291429FD3207000F003F8C6
:10B380009BE70800FEBD38B5174C18480178012925
:10B3900026D0022910D0812922D0FF2923D12200D2
:10B3A0000C32618802F034FF0100A18001222000EC
:10B3B0000C30F1F7DFFA31BD8478411D009101793D
:10B3C0000902C27889188BB2A209A106890F24024A
:10B3D000F0252D0125404078281802F039FF31BDB5
:10B3E0006188F1F795FA31BD00280020402C00203B
:10B3F000F0B585B0944F3968C8604A78E3231340AC
:10B400001A1D4A70E4F778FC05463868C068E4F70E
:10B4100063FC064638684469C068E4F742FC0122D0
:10B4200028431FD1384617460068C068E4F760FC1F
:10B43000002815D184480068C068E4F743FC002860
:10B440000ED181480068C068E4F740FC002807D1AD
:10B450007D480068C068E4F753FC002800D1DDE0B7
:10B460003A46794F002E07D0002D05D1002C03D08D
:10B4700038684078C0070CD138684078C00700D0E1
:10B480009FE0002C00D19CE0E07D01210143E175AB
:10B4900097E00392FAF70AF920786075E07DF921C8
:10B4A0000140081DE07500250495606A21698A68DD
:10B4B00004A990470646204602F038FF38684068E5
:10B4C000E061022E04D10499002901D1049001E029
:10B4D000022E1ED12E46257DE0F71DFFE8073546DA
:10B4E0000BD10499204602F0BBFB00282ED0207D12
:10B4F0000121014003264E4013E0A069A168E268E3
:10B500000818C043049908188018002808DA022691
:10B5100007E0002E3BD0E0F7FEFE012EE1D000E078
:10B520000326B01EC0B2022836D83968183120462A
:10B53000F9F7AEFF386800254561042E029507D063
:10B54000032E09D1204602F067FB08E0012623E024
:10B550002046FEF7FDFA02E00498E0612546284601
:10B5600002F004FF012001902946FEF703FB386832
:10B570004069002803D0A84201D1029D0CE0002DB3
:10B5800009D0E87D01210843E8750D4604E0E4F7A1
:10B590006FFB2E4600E0019D2069C268002A02D0A0
:10B5A000606A29469047032E00D10024002E02D065
:10B5B000EFF786FE04E03868417810220A434270B3
:10B5C000039A002A1CD038684569E0F7A4FE002DD4
:10B5D00011D0E969284602F043FB002810D0E0F7BB
:10B5E0009AFE39680020486118312846F9F750FF63
:10B5F000284602F011FB002002F0B8FEEFF760FED3
:10B6000038684178FB220A4042704069002803D123
:10B6100000202146FEF7AEFA05B0F0BD0A480068EA
:10B62000C068E4F771FB00283A46074F00D019E7DD
:10B63000386840780121014048424841611E224655
:10B640008A4102400EE7C046E8320020704770474A
:10B6500001490180002070479721000010B5102497
:10B66000047006480068408D0880147030201880EF
:10B67000029820210180002010BDC046CC3200205D
:10B6800080B502F0E3FE002800D080BD03490968C0
:10B690004A7FFE2313404B7780BDC046E432002032
:10B6A00010B5044602F006FF2060002010BD000027
:10B6B00010B5094C21684A69002A0CD0C0070AD08D
:10B6C00010690368002B02D0506A984721684878B7
:10B6D000012202434A7010BDE832002000206A496E
:10B6E00008807047684A694B03405380491E032015
:10B6F0000843401C5060002010807047FEB50600D3
:10B700000D00614C07E01F680760001D1B1D521EE5
:10B710001704F8D1218001A8009000232A005C4979
:10B72000300000F088F8002813D101986768C21B28
:10B730000389093303211943491CBC4697B28BB2D4
:10B74000FB186746FB182788791A8A1A1204920C8C
:10B75000DEE7F7BD1CB51C0001AB009313000A0027
:10B760004C4900F068F801000BD1019989882180CB
:10B770000199C988618001990989A18001990A31DB
:10B78000A16016BDFEB51D0000246B4618810F0098
:10B79000160000E0641C01A80090A3B23A003D49E5
:10B7A0006846008900F047F8010016D101998988A0
:10B7B000320001D0B142EDD129800199C988698058
:10B7C00001990989A98001990A31A960019909881B
:10B7D000802212020A4301990A80FEBDB8B509B45D
:10B7E00081B013008620284A5288002A21D0089C64
:10B7F000254D2D88571BBFB222000A32974218D31D
:10B8000068468288204840684019028041808380D1
:10B8100069460989C1800481220009990A30D8F754
:10B8200013FC0934032020432818401C16490880C3
:10B83000002004B0B0BDF8B50024134D6E46308032
:10B84000100007E05B1E1289093203261643A41973
:10B85000641CA4B22A88944213DA6A681219178801
:10B860000E003E406F463F88BE42ECD11E04E9D137
:10B87000060002D05788B842E4D106980260002042
:10B88000F2BD0220F2BD0000A4320020FCFF000047
:10B89000FF7F0000FFFF0000F8B506000F0000204A
:10B8A00038802E4C2000D7F79FFE010023D12000C6
:10B8B000D7F7A2FE04002A4DF00705D52100280085
:10B8C000D7F7AAFE010016D12800D7F7ADFE3880C1
:10B8D000210028002430D7F79FFE01000BD1210062
:10B8E00028004830D7F798FE010004D12100280035
:10B8F0006C30D7F791FEF2BD70B505000C00194E03
:10B900003000D7F799FE00280AD0A84208D1307835
:10B91000B12101404E20204008433070002070BD0E
:10B92000812070BD70B505000C000E4E3000D7F7B9
:10B9300083FE002808D0A84206D10520204001D06F
:10B940000C2070BDB47070BD812070BD80B50348FF
:10B95000D7F752FE02BD014870470000CC0400201A
:10B9600010190410B0040020FEB504000E000020E1
:10B97000108002990880089908800520204032D064
:10B980006C4F3800D7F730FE01002DD16A4D2800EA
:10B99000D7F74AFE0199088028002430D7F744FEE3
:10B9A000029908803800D7F727FE0700E00706D580
:10B9B000390028004830D7F72FFE010014D12800A5
:10B9C0004830D7F731FE08990880022E06D1390099
:10B9D00028006C30D7F720FE010005D157A20821BE
:10B9E000002000F002F80020FEBD70B504000D003C
:10B9F00016005148FFE7D7F717FE33002A00210051
:10BA0000401C80B200F001F870BDF3B581B01700A2
:10BA10001D000024484E69460880242060433018E9
:10BA2000D7F702FE002804D0401C694609888842E6
:10BA300002D0641C072CF0D3072C0BD06846038976
:10BA4000242044433419206A8188DA19914201DBA9
:10BA5000002801D11220FEBD29003A008068C018DC
:10BA6000D6F798FD206A0178890700D54780002025
:10BA7000FEBDF8B507004E250D402F4E3000D7F71C
:10BA8000D3FDB124002807D0401CB84204D130783F
:10BA90000440254335700EE030002430D7F7C4FD54
:10BAA00000280AD0401CB84207D12420305C044052
:10BAB0002543242035540020F2BD8120F2BDF8B585
:10BAC00007000C001C4E3000D7F7AEFD05250028FE
:10BAD00006D0401CB84203D12C421AD1B4701CE0ED
:10BAE00030002430D7F7A0FD002806D0401CB84213
:10BAF00003D12C420DD126200EE030004830D7F77C
:10BB000093FD00280BD0401CB84208D128202040CB
:10BB100001D00C20F2BD4A2034540020F2BD812017
:10BB2000F2BD80B50348D7F767FD02BD01487047F5
:10BB300000000000880400208C03002053544D3383
:10BB40003257423010B52F21054A372906D0431805
:10BB50002F3B1B7814686354491CF6E7002010BD86
:10BB6000E432002010B53721054A3F2906D043189A
:10BB7000373B1B7814686354491CF6E7002010BD5E
:10BB8000E4320020F0B589B0044600250895402233
:10BB90002946E0F728FBA571C0200390607125714C
:10BBA000E57080200490A0706570202007902070C0
:10BBB000A94880470646A94880472573E5720427AF
:10BBC000A7726572257230400C256843E071D7F783
:10BBD00044FB2221E1732821A1736843607320464E
:10BBE00010300621D6F7F2FCF72060760898207610
:10BBF000E075A775984FB84705010C359848804700
:10BC000006466E43B84740013043C3210143A17645
:10BC1000B8470646924DA8470746924880473843A2
:10BC2000704380000690A8470646D7F716FB0746E4
:10BC300037438D4880473843C00006990843F321B5
:10BC40000143E176A8470646A8473021079AA15448
:10BC50000899E177A1776177C00130437E210143E4
:10BC600021772034814DA847800140426070A84769
:10BC70000646794DA84747003743A84786003E430C
:10BC80007B4FB847F821069148433043A070B8472E
:10BC9000064607200190464374488047C500354357
:10BCA000D7F7D7F870214143294304980143E17045
:10BCB0006D4DA84740000121081A2071A84707468A
:10BCC0000320059047436B48804706461C2002909E
:10BCD00046433E43A8470746614DA8477843E021C5
:10BCE0000791484330436071A84745426148804707
:10BCF000684304990843A0715D48804706465E4D3D
:10BD0000A8472946182204925043B50005438847A6
:10BD1000064655488047074677435648804778434C
:10BD2000079948432843C01CE071534880471F26A9
:10BD300046434B4880474501474FB847394687013E
:10BD40002F438847C5013D434A4FB84768433043B6
:10BD50002072414DA8470646A84745003543B847DD
:10BD600006466E43454880476025454335433B4F73
:10BD7000B84706463A4880473040C00128436072C1
:10BD8000FCF76EFA064607984643B847074634481C
:10BD9000804705463D400198454335432F4EB04707
:10BDA000049948432843A072B0470646FCF758FA66
:10BDB00005462B4880470746304880470699484348
:10BDC0002F4005994F43B10039430143E1722B489D
:10BDD000804705264643204880470546224FB847FE
:10BDE000284345003543D7F730F8069948432843A0
:10BDF0002073214880470546D7F727F806462E438B
:10BE00001B488047800130436073D7F72EF8054602
:10BE100005984543B84786002E431148804705469C
:10BE20000398454320350F4FB84768433043A0730C
:10BE30000948804702260643B84705467543084E21
:10BE4000B04707994843284302990843E073B04735
:10BE50002074089809B0F0BD632E0410F158061044
:10BE60005B2E0410693004104B330410432E041071
:10BE7000DD30041031300410012F05102BA4071001
:10BE8000B0B50446002508222946E0F7ACF9602049
:10BE900020712846B0BD000080B50349096806221C
:10BEA000E0F79DF9002080BDCC32002010B53F2185
:10BEB000054A472906D043183F3B1B781468635452
:10BEC000491CF6E7002010BDE432002070B50C4696
:10BED000FB2101800748C5891A20C643D6F7B1FF68
:10BEE000012800D0153670190921D7F7D9FE207026
:10BEF000002070BD5831002010B503463F210024BA
:10BF00002046224602F0E0FA204610BDF0B589B086
:10BF10001D4616460F460490022001242146D6F7FE
:10BF2000E5FE002850D103971220042E4CD8029031
:10BF3000D6F797FF012E03D8002801D1112043E046
:10BF400011980090109801900F990E9805AF3872D3
:10BF5000FD713E7103987880049838803846093026
:10BF60000622E0F73CF90099B971019878713879A7
:10BF7000042801D0012804D105A9097A022902D395
:10BF800021E003291FD801280ED1D6F756FF05A9B5
:10BF9000C979814217D805A840794007029813D083
:10BFA00005A8E0F7FBF90FE005A8008820280AD3D0
:10BFB000A103884207D805AA5288202A03D38A42BF
:10BFC00001D89042E1D9029809B0F0BD80B5074987
:10BFD000096835228A5C920705D4353101220A703E
:10BFE00002F0D0FA80BD0C2080BDC046CC320020CB
:10BFF00010B5044602200121D6F778FE002800D0B3
:10C0000010BD012C01D9122010BD204602F0EEFA1D
:10C0100010BD10B5044602F003FB2070002010BDD7
:10C02000E0B5022801D3FF280DD1002200926B4613
:10C0300018700192581C0622E0F7D1F80199009877
:10C0400002F0F6FA8CBD12208CBD0000F0B58FB066
:10C050000292074607A8019010250C4E2A46B047C9
:10C060000BAC204639462A46B04703AF002601985C
:10C0700021463A463346F8F7D5FA029839462A4619
:10C08000024B984730460FB0F0BDC046DFC10410E8
:10C0900010B5082100242246E7F7C6FB204610BD54
:10C0A00080B502F007FB002080BD7FB5044601ADDE
:10C0B00000260C2228463146E0F795F86E800120D4
:10C0C00068702C7001AA07CAEDF7FEF804B070BDC5
:10C0D000F0B585B014460D46064601AF002110228A
:10C0E0003846E0F780F87D2038730120F870BC7086
:10C0F0007D703E7001AB0FCBEDF72CF905B0F0BDB4
:10C1000080B5E0F7B6F8002080BD0000044A126850
:10C110005623D35A03805632508808800020704737
:10C12000E4320020B0B50C4605210A0212219042EB
:10C130001ADC0E4A944217DB82B20D4D2968562351
:10C14000CB5A93420DD056310880D01A0D2141436D
:10C150004031C80942B2FF2001210B46D7F7ADF8A4
:10C16000296858200C5200210846B0BD00FBFFFF93
:10C17000E432002070B50E4604460025F822084639
:10C180002946E0F730F8284602F0C2FAC0214143C0
:10C19000403189B228462A46334602F095F92846AE
:10C1A00002F0B6FA2070284670BD00008446087080
:10C1B000000A4870000A8870000AC870604670471C
:10C1C00080B502F0B5FA80BD80B502F0ABFB80BD52
:10C1D00080B502F01DFC80BD02490968C8810020BD
:10C1E0007047C046E4320020C378827841780078F6
:10C1F0001B021A4309021204084310437047FEB59C
:10C2000014460D46064601AF384602F025FC01985B
:10C21000800030807888800028800298800020800C
:10C220000020FEBD80B5022801D9122080BD02F099
:10C2300023FC80BD1CB50446684602F077FC002054
:10C24000082806D06946095C225C0A432254401C37
:10C25000F6E72046FFF72AFE1CBD80B502F09EFCE3
:10C2600080BDF0B593B01F4615460E4612901C9C3B
:10C2700008461146224602F0AAFC002824D1229842
:10C280000D901FAB0DCB11901E980F901D980E9026
:10C290001B980C901A9919981097189F0892099357
:10C2A0000D9A0A920097019002910C9803900494C1
:10C2B0000E9805900F9806901198079012983146A5
:10C2C0002A46109BD6F728FD13B0F0BD80B5D6F7EF
:10C2D00051FD80BD7CB51C4615460E4601A908706F
:10C2E000084631461A4602F085FC002800D07CBD85
:10C2F00001A8007831462A46234602F099FC7CBD0D
:10C30000E0B501A9087001220846114602F072FC4E
:10C31000002800D08CBD01A8007802F0A6FC8CBDDE
:10C32000F8B50090D6F7BEFC01464D200A5C4720C8
:10C3300083005A4300200D4D0646B24212D00F68CA
:10C34000BF19AA243C5BAC4203D0BA243C5D012C4B
:10C3500001D0F618F1E70098002804D0AF20385C2F
:10C36000411E8841F8BD0120F8BDC046FFFF000016
:10C37000B0B505460024D6F770FD012810D1E5F7C9
:10C380005DFFFF21DC31415CC90709D0002D06D0DB
:10C39000ED214900401800780124044000E0012408
:10C3A0002046B0BD80B5827ADD2A23D18A1F042AB7
:10C3B0001ED8D2217A4412795200974418021107EC
:10C3C0000A00817C8A0702D5D32110E0817C4907CD
:10C3D0000CD46421415CC90704D1FAF799FB80BDF4
:10C3E000D42104E00121E7F70EFB80BDD521817245
:10C3F000E7F756FA80BDF8B515460E460446506874
:10C40000407A009006211046E1F7E8F90746082136
:10C410002846E1F7E3F9B91EE1726072009A2272D0
:10C42000320AE271A671000AA072CAB2A8890C345D
:10C43000801D81B228462346F7F735F9F8BD000084
:10C44000F0B585B01746039104465068407A0490D1
:10C450000621164D1046A847029008213846A847E5
:10C4600001900A213846A84706460C213846A847BD
:10C470002A4605460E21384690476074290A2174E1
:10C48000E573310AA1736673019A110A2173E2728E
:10C49000029A110AA1726272039A110AE171A271E1
:10C4A00004992172000AA07405B0F0BDDDD7041014
:10C4B000F0B581B00D460646002A08D0002E2AD0DD
:10C4C00090B2202806D33668203A1004F6D1002E08
:10C4D00021D00022002B20D02020841AA0B299B2B3
:10C4E000884200D31C46A7B290B23018011D2846DE
:10C4F0003A460093DFF773FE009B1B1B180404D021
:10C50000ED1936680022002EE6D198B2002805D039
:10C510007E20C04302E0812000E00020C0B201B0D4
:10C52000F0BD0000084A126834321268002A07D0B1
:10C530001389834202D153898B4203D01032F4E72E
:10C54000FF20704750787047D8320020F0B5A1B076
:10C55000042900D0DEE0074602F0A3FB6E4C6F4ECC
:10C56000012800D0A0E00BAD6D4914222846D6F773
:10C5700011F810A83446002644223146DFF733FE76
:10C58000012021462A4601F075F800280FD0044604
:10C590003846FBF757F86168096A8B686149C97AC0
:10C5A00049084A1C0421FBF75FF810A9087404210C
:10C5B00004973846E7F7DEFF10A9097C012903D16B
:10C5C0008088C005800F06D157480168833110A8C4
:10C5D0001022DFF704FE01200390E8F7AFF80546CC
:10C5E00010A81230029005964B4C002D34D0B7B2F3
:10C5F000632F31D8287804280BD0022827D1686807
:10C60000017D102921D1008A494988421DD1039812
:10C610001CE06868017D102919D1008AA04216D15A
:10C6200004982946FBF701F8044602980090E2B20C
:10C63000022132233846FBF7F5FB0598012801D18A
:10C6400010A84474761C344C01E000200590284664
:10C65000E8F7F2F90546C8E7012109AA08AB049FEB
:10C66000384602F024FB00281CD1B0B240002F490C
:10C6700040188008133082B208A8017809A810ABCE
:10C6800002F04BFB00280DD0044606AD09A9062296
:10C690002846DFF7A4FDAC714220042107222B4677
:10C6A000E4F73AFC1D4E1C4C0120E8F747F805461C
:10C6B000002812D0287804280BD16868017D102941
:10C6C00007D1008AA04204D1002238462946FBF750
:10C6D000BFFB2846E8F7B0F9E9E710AC104914228F
:10C6E0002046D5F757FF01203146224600F0C2FF11
:10C6F00000280FD004463846FAF7A4FF0949C97A42
:10C700006268126A9268009249084B1C0421002258
:10C71000FBF788FB21B0F0BD02290000FFFF0000FD
:10C72000101A041058310020D8320020FEFF0300F8
:10C73000052A0000F8B50D46064600921468002C44
:10C7400011D02746E4693888B042F8D13846E2F77C
:10C7500001F9A842F3D100983946E2F7B1FA384618
:10C76000E2F785F9EBE7F8BD70B51A4A126814468E
:10C77000483400232468002C0CD06588854207D1FA
:10C78000A5888D4204D1237818251D4325700123E7
:10C790002034EFE7042916D1916D0D46002D0BD002
:10C7A0002C46AE680025002EF8D0B5888542354667
:10C7B000F4D1B568A560F1E7002904D08C888442E3
:10C7C00001D188689065002B02D00348006880473B
:10C7D00070BDC046D83200206005002010B5074B60
:10C7E0001B681B6872B640001C5AA41A1C524800F1
:10C7F000195A8918195262B610BDC046EC32002091
:10C8000080B50349096866310622DFF7E8FC80BD80
:10C81000D432002080B50349096860310622DFF771
:10C82000DEFC80BDD432002080B5034909680622B1
:10C83000DFF7D5FC80BDC046CC320020F0B5A1B0FA
:10C84000044602F02EFA012814D107A84549142500
:10C850002A46D5F79FFE02A843492A46D5F79AFEF5
:10C8600044200F9001210DAA0CAB204602F01FFAC4
:10C87000002801D021B0F0BD0CA801780DA80FAAA6
:10C8800010AB02F07CFA0028F4D10F984428F1D8BC
:10C890000120364D02AA294600F0ECFE002810D0F7
:10C8A00006462046FAF7CEFE10A90A7C3049C97A1E
:10C8B00073681B6A9B68009349084B1C0421FBF7B3
:10C8C000B1FA2C480168833110A81022DFF792FCDE
:10C8D00000281FD0012007AA294600F0CBFE00281F
:10C8E000C8D000F0E7FE0028C4D005460421204649
:10C8F000E7F740FE818880220A43828010A8427CAC
:10C9000020462946FBF7A4FA0B20E0F76FF8E0F782
:10C91000C9F8AFE70120E7F711FF064610AD123561
:10C920000027002EA6D0B8B26328A3D831780429F6
:10C9300012D171680A7D102A0ED1098A0E4A9142DD
:10C940000AD1022132222B46FAF78EFE02462046F9
:10C950003146FBF77DFA7F1C3046E8F76DF8064656
:10C96000DFE7C046241A0410101A0410FFFF00006D
:10C9700058310020D8320020022900007047FEB54F
:10C98000144601910646FAF763FF274644372046CE
:10C99000FAF764FF002811D16078C006F7D502AD20
:10C9A000384601992A46F7F7A7F802222846314669
:10C9B000DFF720FC0028EAD10020FEBD8120FEBD6B
:10C9C0001F21014001228A4072B6054909684009C9
:10C9D0008000081801691143016162B67047C046C2
:10C9E000F4320020FEB50191032002900027304A66
:10C9F0003D4616461068A8240059C019801C06221E
:10CA00000199DFF7F7FB002831D00298032832465E
:10CA100009D110680059C05D8006800F01D0032045
:10CA200000E0E8B2029008376D1C032DE1D11068D8
:10CA30004125415DA830022936D80299CF0000680F
:10CA4000C019801C164606220199DFF7C8FB306822
:10CA500000591021C1550298C2B200200121154B86
:10CA6000E7F764F93068415D491C4155FEBD306807
:10CA70000059C35DCF211940103103221A40531CC5
:10CA8000032A02D0DC2421401943C155032A00D1D6
:10CA9000134609A0C05C7D21CB004343EAB20020CD
:10CAA0000121E7F743F9FEBD01210172FEBDC04639
:10CAB000F0320020B80B000003050A140021002802
:10CAC00002D00068491CFAE788B2704710B50A4ADC
:10CAD0001268126872B64300D05E4418D4520BB28A
:10CAE000C318012B02DB4342C10B1940D088081840
:10CAF000D08062B610BDC046EC32002080B581897E
:10CB000000F001F880BD1CB51F2903D801AA1180CF
:10CB1000406805E0406801AC2246E2F7E7F821886A
:10CB2000401800791CBD000010B5044608461146A7
:10CB3000FFF7F8FC80000019C1B20348006800222A
:10CB4000024BE5F7DAFD10BDD83200203075000049
:10CB5000F0B585B0044605888089461C204602F061
:10CB600030F9232810D0B1B21B2822D12046E0F79B
:10CB700035FE0146284602F029F900283DD020461E
:10CB8000E1F775FF002550E06788B1B22046B94251
:10CB90002AD2E0F723FE0146284602F017F90028C2
:10CBA000EDD1B01C81B22046E0F718FE3018061D0A
:10CBB000EBE72046E0F712FE0146284602F006F9B0
:10CBC000002824D06E4675802046E1F7C3FEB08071
:10CBD0001E2030703046FBF74DF90546002820D165
:10CBE0002046E1F744FF1CE0E1F7B4FE02460A20CC
:10CBF0002946234602F010F912E02046E1F7AAFE8A
:10CC000002460A202946234602F038F908E0204669
:10CC1000E1F7A0FE02460A202946234602F060F909
:10CC20000546002D01D07B20C543E8B205B0F0BD1C
:10CC30001CB50446008801AB1880422002210A4638
:10CC4000E4F76AF9002801D084201CBD2046E1F7F2
:10CC50000EFF00201CBD10B50488E1F77BFE0146E5
:10CC60002046FDF771F8002808D0017818220A4301
:10CC700002700C20DFF7BAFEDFF714FF002010BDB2
:10CC8000B0B50C4605464888001D81B22046E2F743
:10CC900050F828462146F6F7F7FF002804D0204632
:10CCA000E1F7E5FE8120B0BD0020B0BDEFF31082BA
:10CCB00072B6417582F31088704770B50024002960
:10CCC0000AD000260D460968334620339EB29642AC
:10CCD0000ED20029F6D101E023462546D11A89B2A9
:10CCE00000F0C6FA286000280AD17920C44307E082
:10CCF000002904D0F6F746FF00242C6000E0002451
:10CD0000E0B270BD8421405801880120084070477E
:10CD10002C2805D8032141430248401880787047E9
:10CD200014207047F8B90710F8B5112109010A4617
:10CD30004C32009042435118144802689024125912
:10CD4000D26B52680225002D12D006683659F66B58
:10CD50007668002777505618B31E1F70331FFF27C1
:10CD60001F80083E7D235B0433600C316D1EEAE7B3
:10CD7000572189000098414350182521C900FF22FE
:10CD800042544921890000224250F8BDE43200207B
:10CD9000F42100224250F43001210904416070471F
:10CDA00010B5002306A11A46042B03D08C5C531C3B
:10CDB0008442F8D1042A01D3002010BD012010BD07
:10CDC0000100161F414248417047882140580088A1
:10CDD000C005C00F704710B51446484000F00CF86D
:10CDE000A04201D3002010BD012010BD80B541102C
:10CDF000484000F001F880BD4108084A0A40801A06
:10CE00000749820808400A40101801090818054916
:10CE1000014005484843000E7047C04655555555DA
:10CE2000333333330F0F0F0F0101010141000A4A61
:10CE30000A4040080949014088188100084A0A4010
:10CE400080080849014088180101074A0A40000982
:10CE50000649014088187047AAAA010055550000EC
:10CE6000CCCC070033330000F0F000000F0F0000BF
:10CE70007047000004280AD003280ED0022812D1DF
:10CE80002B291CD94F20C0432430022210E048082F
:10CE9000E62814D904220C480AE008092C280ED9E7
:10CEA0000622084804E0502909D34F20C04303223A
:10CEB0004018D040FE2803D90020C04300E00020E5
:10CEC000C0B2704730FDFFFF32FEFFFF80B5DFF7D5
:10CED00022FAE2F7C1FE80BDF8B50D4606464024B1
:10CEE000F8F73AFB02462F5D2C463834E86B0028F1
:10CEF000394608D000961646E1F7B9FD3246009E45
:10CF00000020E863217A14202070022903D1B08B1D
:10CF100008490140B1830848006890214058C06B1F
:10CF20000068816B69648563D019017A491C0172BC
:10CF3000F8BDC046FFFB0000E4320020F0B587B02A
:10CF4000029306920A460024E34303930F99059146
:10CF5000002905D005990B68002B01D09B6803932D
:10CF60000E990D9B04930C9B00930192006800287E
:10CF700038D0944236D20378069DAB422ED38369D3
:10CF80004568002D07D1DE43029FF71928D5009A86
:10CF9000B618019A22D414266643049FBB51BB19CC
:10CFA0009D6086685E60059E002E07D0002D05D02E
:10CFB000039EB54202D8059E336003950025DD60CF
:10CFC0001D460C350E68002E04D04E681E6133607D
:10CFD0004D6002E028C108391961641C2830C5E79A
:10CFE000019AFBE7E0B207B0F0BDB0B50268002AD5
:10CFF00018D013680C68E4431B1909D40B460C3392
:10D000001361CA6001600861B0BD15682D1910D5A3
:10D010001346D268002AF8D10022CA6042680A6129
:10D02000116003E00022CA60016008610C314160B8
:10D03000B0BDCA6008460C301061D9600C330B617A
:10D04000B0BDFEB50F46019005680291002D28D0B5
:10D050002E46A96800291AD03468E043C01920D4AC
:10D0600070680019C243D219F568EFD4381A08184D
:10D07000471E3846D6F714FE3819401A3060316919
:10D08000002D06D029613169029F019804E0F568FE
:10D09000DCE701984160029F0D603146FFF7A5FF74
:10D0A000D4E7FEBDB0B59B18834201D3824214D9A8
:10D0B0000918DC430C19C9438D1805D4002C05D57B
:10D0C000C443A41802D508E0002C06D4591802D590
:10D0D000D143081801D40020B0BD0120B0BD00002C
:10D0E000D2B2203A03D3010091400020704752424F
:10D0F000D0415242203291404140D0409040414086
:10D1000070470000F0B587B01E46144605900C9A93
:10D11000002B03D0D06F1746154602E000251746B6
:10D120001046B322825C012305980693F8F7B6F8FF
:10D13000002C01D0044602E0202104468C43002E3E
:10D1400011D06D35A978002904D0E9794B424B41C3
:10D15000069303E004218C430121069129780029DC
:10D1600001D108218C43C506E0B231463A46F8F7B2
:10D17000F3F8039006980028214602D0102021469B
:10D180008143ED0F0491C8B231463A46F8F7E4F80E
:10D19000E1050022002901D4019512E00D998B8848
:10D1A000C988C91A0B0409D0FE22131A8DB2AB42EA
:10D1B00029DA0399511A0122019203E001951549D8
:10D1C0000C40114602940E9B8AB255425541059A75
:10D1D000921E561EB2412A4000D10398119D109E06
:10D1E0000F9F0C18641C1C70002A049B00D1029B2A
:10D1F0003B8030802970069948424841002A00D17E
:10D20000019807B0F0BD069A534253410193049C24
:10D210000390D7E7FFFE000010B504460120DFF7BA
:10D2200035F9C0B22178D6F73BFD6018407810BDC3
:10D230000248006890214058006D7047E432002099
:10D2400080B509200021E3F712FF80BD10B50D2045
:10D2500000242146E3F70BFF0E202146E3F707FFEA
:10D2600010BD80B510200021E3F701FF80BD000054
:10D27000F0B5104A891849094A1C94B272B60021C7
:10D28000002C13D003889C4210D8641E41680D46C0
:10D2900006D000260D462D68761CB7B2BC42FAD8DF
:10D2A0002C68446000242C609A1A028062B60846FA
:10D2B000F0BDC046FFFF1F000001002900D008306C
:10D2C000C0B27047BCB50024214620460D460094EC
:10D2D000C0B2214622462346EFF7EFFFC21C691C6D
:10D2E0000120002AF2D1E8B2BCBDB0B594B004462A
:10D2F0004178012529403E306A46E7F7B3FE002811
:10D300000CD1694650222046DEF774FF002808D071
:10D310006946487828403E31FAF7E3FA60781028E9
:10D3200001D2002002E0204601F00CFE14B0B0BD96
:10D33000F0B59DB00193009202900CAE10240394BE
:10D340000125204F304622462B46B8473046103044
:10D35000009922462B46B847304620300199224694
:10D360002B463C46B84730463030229903222B46A4
:10D37000B847332023993154304634302499062756
:10D380003A462B46A047304633302599C171304686
:10D390003B3026993A462B46A04704AF38460299BF
:10D3A000039A2B46A047412108AC30463A46234613
:10D3B000F9F724FB27982146039A2B46014CA047F6
:10D3C0001DB0F0BD614A0510B0B5E6F741FC00287C
:10D3D00011D0044600252946E6F73DFA00280BD077
:10D3E000A17AF12905D1A17BCA0702D0890700D50E
:10D3F0000020054600E002252846B0BDF0B583B008
:10D4000001910646002A08D0002E34D090B2202880
:10D4100006D33668203A1004F6D1002E2BD0002215
:10D42000002B009321D000201D4603462020841AA3
:10D43000A0B2A9B2884200D32C460294A7B20198A8
:10D44000C11890B23018001D3A461C46DEF7D2FED5
:10D4500000280FD1E01983B202982D1A280405D0B4
:10D4600036680022002EE1D100E000231846009B20
:10D470001B1A00E00346184603B0F0BD10B5044681
:10D480000821E1F765FC04490968602200238B52FA
:10D49000486660314C8010BDD83200201CB51F2971
:10D4A00003D801AA1180406805E0406801AC22461B
:10D4B000E1F71CFC2188401800791CBDFEB50293E1
:10D4C00015460022884223D80C4616490F68602171
:10D4D000795A00291CD000920191FAF753F80646B8
:10D4E0002046FAF74FF80199491E814200D30146C0
:10D4F00089B2B2B28A420DD8786ED300C45CAC4215
:10D5000004D1C0184368029CA34205D0761CF0E702
:10D510001046FEBD0098FEBD03498A4200D100209E
:10D52000FEBDC046D8320020FFFF000010B5044603
:10D53000FAF728F80649884207D0C200054B1B6855
:10D540005B6E9A185288A24200D0084610BDC046B1
:10D55000FFFF0000D8320020C01CC0B2042802D354
:10D560007E20C04302E0C1000148C840C0B27047FD
:10D57000B3B7B4000148002101707047FF320020AA
:10D58000BCB50346064D28780C21009101240022E9
:10D590002146EFF792FE2C70FFF7DEFFBCBDC046C0
:10D5A000FF32002010B50A48046838342468002C83
:10D5B00009D02046F9F74AFF1E2802D04021084032
:10D5C00003D01C34F2E7002010BD012010BDC0467E
:10D5D000D8320020E0B501A802210180009000208F
:10D5E000044B01460246E6F747FF86384142484170
:10D5F0008CBDC046BB95071070B5084D2868846B7C
:10D60000002C0AD0E669286838302146E1F758FB3B
:10D610002046E1F72CFA3446F2E770BDD8320020FC
:10D62000F8B5047802252146294302291ED1FAF7CC
:10D630002FF80F49096860228B5A401C82B29A4227
:10D6400010D2002C08D0022CF7D1D7004E6EF75D17
:10D650002F43022FF1D106E0D7004E6EF75D002F69
:10D66000EBD100E04E6ED00080190838F8BDC046FE
:10D67000D8320020F0B585B014460D46E7F75EF8C5
:10D6800006460020002E12D07188A9420FD86F469E
:10D6900030463946E7F764F82046394601F05DFC2C
:10D6A000002803D03046E7F7C7F9E9E7304605B070
:10D6B000F0BD000070B58AB0054605A810A114227F
:10D6C000D4F768FF2878FE2101400024022914D1F4
:10D6D0002846E7F7B1F9054600280ED02878022839
:10D6E0000BD06E4628463146E7F73AF805A8314692
:10D6F00001F033FC0028EBD12C4620460AB070BD67
:10D70000FB349B5F800000800010000002290000B5
:10D7100010000000F0B585B015460191014604786F
:10D72000002702230E20032C1A463E4612D30BD0AC
:10D73000042C5ED1486801788C07C9078A0F002C39
:10D7400000D54C32411C02E04868411C0278801C24
:10D750000E780778012D03D110461840184648D09E
:10D760000320032D02D10821114042D0042D02D103
:10D77000042111403DD0052D02D140210A4038D06E
:10D7800004A903AA02AB019C2046E7F7FDFB02288F
:10D7900002D1002F0FD12BE0012D00D0FF08052D65
:10D7A0000BD104A80078022805D102A8007802282D
:10D7B0001AD1002019E00E201BE00021002F11D00B
:10D7C00003A802780520BB0701D5042A11D3FB0763
:10D7D00001D0032A0DD3780708460AD5022A0AD2B7
:10D7E0000F2006E0084604E0052001210F4000D18B
:10D7F000384605B0F0BD2046314601F0C5FBB628DD
:10D8000001D00020F5E70C20F3E7BCB514464068D2
:10D81000202904D301AD2A46E1F768FA2988401887
:10D820000471BCBDBCB514464068202904D301ADC9
:10D830002A46E1F75BFA298840180471BCBDF0B5AF
:10D8400089B00E46E6F704FA002825D005462030B8
:10D8500005A90091F9F74EF974882B466C33271D02
:10D86000B9B204223046F5F732FFFAB201AF0098A0
:10D8700031463B4601F098FB08372046083081B21C
:10D88000082230463B46F5F722FF0C347480E86EE0
:10D89000401CE866002000E0022009B0F0BDB0B5F1
:10D8A00014460A4605468089401C81B22846E1F7A5
:10D8B000E5F9A889C01C81B228462246E1F7DEF9C5
:10D8C000B0BD10B50C46C3688989007A4200481C77
:10D8D00081B22046F5F7FBFE10BD0000074A126832
:10D8E00058321268002A07D09388834202D15388A5
:10D8F0008B4201D00832F4E710467047D83200203E
:10D90000024640788006830F0020002B0CD0526B1B
:10D9100074321268002A07D013466A331B888B4280
:10D9200001D0AC32F5E7104670470000F8B50C4660
:10D930000746174800683621415C890627D53630EE
:10D94000407BC00723D01E461546124800688069F8
:10D95000022137220323DEF7A1FD002817D001465C
:10D960000898079A069B4C72C8738A734B730E73A0
:10D97000CD720F722120C871092088713E20487134
:10D9800004200871200A88720220DEF7E3FDF8BD4A
:10D99000E4320020D03200207FB50D460646E3F782
:10D9A000ABF90446C068216903AA032300930192DE
:10D9B00032462B46E1F7A0FE002808D0E06803A914
:10D9C0000978C9004018C17910220A43C2717FBD8D
:10D9D00010B50446124800683621415C890604D51A
:10D9E00036300A214056002800D410BD0D4800688A
:10D9F000006980212A220223DEF750FD0028F4D09E
:10DA0000014604721020C871032088713E204871BD
:10DA100004200871200A48728020DEF79BFD10BDAB
:10DA2000E4320020D032002070470000EFF3108174
:10DA300072B6064800688269002A01D0002002E020
:10DA4000826A5042504181F310887047E8320020CA
:10DA5000002803D00C2803D1262007E0252005E06C
:10DA600001D8401E02E0272800D2801EC0B27047B5
:10DA70007047000007210140C008044A126812697B
:10DA8000125CCA40012010407047C046E8320020B6
:10DA9000B0B50446D5F706F9026803210648491EC9
:10DAA00009D047239B00D318BC25525DA2421A46D9
:10DAB000F5D1723B1888B0BDFFFF000010B5EFF341
:10DAC000108272B60F490B6819461831096800298F
:10DAD00007D08C7D84420CD02831F7E7997D8142B4
:10DAE0000AD028331B68002BF8D182F3108800215C
:10DAF00005E082F3108802E082F310881946084698
:10DB000010BDC046E8320020B0B501460020FF2914
:10DB100016D00C4A12683423D25C521C0A4B1B6884
:10DB200090241B59DB6B5B68521E09D05724A4005C
:10DB30001C1941255B5D8B422346F5D10348201813
:10DB4000B0BDC046CC320020E4320020A4FEFFFF6E
:10DB5000142803D840B202A1085C7047082070471F
:10DB60000001010303030205080808080808080863
:10DB7000080808070600000010B502000020CB438B
:10DB8000174C002A02D0012A07D00DE02268114369
:10DB9000216061680B40636010BDA2681143A16001
:10DBA000E1680B40E36010BD012010BD10B502001C
:10DBB0000020CB430A4C002A02D0012A07D00DE0F6
:10DBC00062681143616021680B40236010BDE26808
:10DBD0001143E160A1680B40A36010BD012010BD9E
:10DBE000200050487CB5044600694669002E12D0DA
:10DBF000A069E16901900091606A022501AA6B4663
:10DC00002946B047002806D0F7F74CFC00202062D8
:10DC1000E07D2843E0757CBD80B54168002909D0CE
:10DC2000C17DFB220A40C27504490968283100F011
:10DC300007F880BDFBF78CFF80BDC046E8320020AE
:10DC400000228262024628320B68002B04D04B6807
:10DC5000C36218604A60704705C10839C1627047E5
:10DC6000F8B50D460446C07DC0070DD01C480068BD
:10DC70004178FE2631404170E1F7E8FFA07DE2F7F0
:10DC800000F8E07D3040E075DEF734FB144F396872
:10DC90004860227D110701D4281A05E0C1434919C3
:10DCA00011D4281A66280ED38626002815D490078A
:10DCB000C10F5007C20F2846DEF728FB002804D00A
:10DCC000207D000709D5DEF72FFBE1F7D1FF38688B
:10DCD000417810220A43427000263046F8BDC04603
:10DCE000E83200207047000070B5044600280AD0D2
:10DCF000A078FFF72DFF16490D682E46083600283C
:10DD000005D0297B07E0124805682E460836297B96
:10DD100010291BD30020FF2202322A8200010906AB
:10DD2000090F40182873002C01D0E06901E0E4F7E6
:10DD3000B1F93060287B0F210140E889C840C00755
:10DD400004D00020DEF752FEDEF7ACFE70BDC04608
:10DD5000E432002010B50F210246072906D0435CAB
:10DD6000147844541370521C491EF6E710BD00008D
:10DD70000849096834310968002907D00A898242B4
:10DD800002D14A89042A01D11031F4E748424841BE
:10DD90007047C046D832002000207047F0B58DB0E3
:10DDA000099308920E46079001F09AF90124382150
:10DDB0002046E0F7CDFF2D21062242542E49C97A94
:10DDC000342281542D4F3860302101850CAD0BA9D0
:10DDD0000AAA2846DEF712FA0A98000229780901F1
:10DDE00001430B9800030843001D3968488518213A
:10DDF0002046E0F7ADFF224908600021017501F0DF
:10DE000075F91A980690199C05941898049017981B
:10DE100003901698029015980190139D009507980D
:10DE2000089F079631463A46099BD5F7A2FAD5F7DF
:10DE30005CF81B9E012C01D1D5F71BF801F060F9AD
:10DE4000012E01D101F0B8F90C4800682C21405C8A
:10DE5000C0070ED1012C06D11498D5F78AF8D5F752
:10DE6000FFFAD5F701FB079839462A46234601F009
:10DE7000A5F90DB0F0BDC04658310020CC320020CD
:10DE8000F4320020F8B506000024104D2878002850
:10DE900019D0FCF7C1FE0700FA2080002978D5F7D9
:10DEA000FFFE01003800D5F7FBFEFCF7ECFB002875
:10DEB00009D1042E07D2002231000020C043FCF714
:10DEC000D4FBAE6000E001242000F2BD2805002054
:10DED000021D13688B431360026811430160704791
:10DEE00081B025490A6802430A6009680840009029
:10DEF000009801B0704730B585B004000820FFF7E6
:10DF0000EFFF1E4861004518298800910121019109
:10DF1000029102210391A10044186946A068FBF711
:10DF200067FB17480068C00610D5A0689021C90596
:10DF3000884203D100991348FFF7CAFFA06812492D
:10DF4000884203D100991148FFF7C2FF01222988B6
:10DF5000A068FBF7F5FB002005B030BD80B5074B8E
:10DF60000022FFE74100595A800018188068FBF72B
:10DF7000E7FB002002BD00005000404834050020AF
:10DF80000000504820005048000010482800504829
:10DF90002348002101604160704710B5EFF3108203
:10DFA00072B61F4B1C68002904D0012903D12043FD
:10DFB000040000E084431C6082F3108810BD10B59B
:10DFC000EFF3108272B6164B5C68002904D0012969
:10DFD00003D12043040000E084435C6082F3108896
:10DFE00010BD38B5EFF3108472B60E4D0C480168C1
:10DFF000002904D028688047686880470BE04068A3
:10E00000002804D0A8688047E868804703E02869B2
:10E0100080476869804784F3108831BD00000000A4
:10E02000B4320020F819041080B501F027F9002857
:10E0300004D104480068C079002801D0002080BDC8
:10E04000032080BDE432002038B54D494D4C4E4A86
:10E0500001204E4B1B68002B10D1CB68002B02D146
:10E060004B6B002B0AD0906001F02CF9BFF34F8F5F
:10E0700047486060BFF34F8F00BFFDE7454B23600B
:10E080002368136120220B6813430B600B68402444
:10E090001C430C600B6880241C430C600B695B07FD
:10E0A000FCD58B693024A34313438B618B693A4CB5
:10E0B0001C408C618B6904021C438C6137490968E0
:10E0C000374B99422AD037490B681E24A3431024AA
:10E0D0001C430C600B681843086033480368334CDA
:10E0E0001C40F0235B0523430360036894041C4336
:10E0F000046008682E4B034010011843086008684C
:10E1000002430A6008682B4A0240C02040011043C5
:10E11000086008688022D20002430A6000235CB2D3
:10E12000E10018250D40FF22AA40D143C022AA4099
:10E13000250004D4204CAD08AD00641906E01F4D45
:10E140002407240F083CA408A4002C1925682940A2
:10E150000A4322605B1CD9B22029E0DB62B631BDE4
:10E160001748016800680006400F890702D5154965
:10E17000401E00E01449C14014480160704700008F
:10E180000400504808ED00E00400002094004048DE
:10E190000400FA0500100410FFFBFFFFF81E00103A
:10E1A000CCECBCFC940050480C004048FFFFFFC082
:10E1B0003FFCFFFFFFC7FFFF00E400E01CED00E0B5
:10E1C000080040480048E8010090D00348050020BE
:10E1D00072B601684A420A40514001600348504308
:10E1E000C00E03A1085C62B67047C046DF3A650402
:10E1F00000010206030B0710040E0C150817111A74
:10E200001F050A0F0D1416191E0913181D121C1BC9
:10E21000FF21117001215170437813710023537154
:10E220004078042808D1BFF34F8F0748074908609A
:10E23000BFF34F8F00BFFDE7537051710220907004
:10E24000D3700620704700BF0400FA050CED00E013
:10E25000F8B50E460546334800682C21405CC007DF
:10E2600001D10C245BE0280A00240E2857D81F4651
:10E270002846E8F771FFFF2851D001210E4000D158
:10E280000221002F38D006460091FB2F00D3FB2738
:10E29000002029463A46E5F735F800283ED00546E5
:10E2A000069B4780002421463A46F5F710FA0721DD
:10E2B000314001208840F1081B4A126851188A7FBA
:10E2C0001042009E03D01E3182430A7002262C8227
:10E2D000EC812C7368686861A861287A304310214A
:10E2E000014329722846E0F711FD002817D028467F
:10E2F000E0F7BDFB022412E0002E0AD10722024003
:10E3000001219140C008084A12681018827F0A4310
:10E31000827702202946F5F70BF900E00724204612
:10E32000F8BDC046CC320020E432002010B50446CF
:10E33000C07D800717D4F7F7B9F9E07D02210143CA
:10E34000E175E069216A0818074909684A68D143FC
:10E350004118831A0020832B024600D31A46002955
:10E3600000D41046206210BDE8320020FEB50090B7
:10E3700001A8029000200190334F38688569002D74
:10E380003BD0E868AC6A296A814205D3E9693A68FA
:10E390005268D243891830D539682A7DD2071AD0FD
:10E3A0004A681018C043AA691018AA68801812D4C5
:10E3B00001212846FBF7A2FB06463968183128469A
:10E3C000F7F766F8022E0AD0012E10D12846FBF787
:10E3D000BFFB2546D3E718312846F7F759F82846FA
:10E3E00000F088FF2846FFF717FC2546C7E701A97C
:10E3F0002846FFF725FC2546C1E7009800281AD0DB
:10E4000001A9FFF71DFC16E0E07D02210143E17543
:10E41000A069E169A2681018401A206201A920468B
:10E42000F7F736F8E07DF7210140E17539681831DA
:10E430002046FBF728FA019C002CE5D1386880695A
:10E440000121FBF765FAFEBDE832002070B50446F5
:10E450001648006898214658354614352846E3F793
:10E4600077FD00280DD04436B07802280BD1104833
:10E4700001780029FCD02846E2F77CF800202070C3
:10E4800007E00C2070BD2846E2F774F83078207061
:10E4900070786070064C6078002804D0DDF705FFC6
:10E4A0000020607070BD002070BDC046E4320020C6
:10E4B000F832002003480068982140584421405A0F
:10E4C0007047C046E4320020FEB5009301920291ED
:10E4D0000646E320C4430027264A002C26D0101904
:10E4E000E621455AB5421ED302998D421BD80199A7
:10E4F000002906D03946204B1940162913D025296A
:10E5000011D0E821405CE8F719FA1A4A00280AD02D
:10E51000A81B0721014001228A40C008009B195C0A
:10E520001143144A1954A41D7F1CD6E71348841CB8
:10E530000027052F1DD02588B54217D302988542A4
:10E5400014D8A078E8F7FAF900280FD00C48006832
:10E55000007FF840C00709D0A81B07210140012215
:10E560008A40C008009B195C11431954A41D7F1CEC
:10E57000DFE7FEBD84920710FF7F0000AE25041088
:10E58000E4320020FEB50190164800684079009002
:10E59000D4F788FB064602904D360025EC243078EF
:10E5A000854212D20298006807193846E3F7D0FC7A
:10E5B000002805D03846423800880B49884206D0EA
:10E5C0004720800024186D1CE9E7009801E03C3FDB
:10E5D0003878E1F7A5FF142800DB142001990870B2
:10E5E0000020FEBDE4320020FCFF0000BCB5044664
:10E5F000D5F71CFC002300930121074D20462A4635
:10E60000E8F7D6FF0446054801684F312846E8F789
:10E610008DFF2046BCBDC046FCFF0000E432002058
:10E620000248006890214058407C7047E432002046
:10E63000F0B587B00C460546069105900126304698
:10E64000FDF76EFE07463046FDF792FE384316D1C1
:10E65000E9B2FF2915D0164800689021405803A957
:10E66000019104A900910C30012329462246FAF7B2
:10E6700094F905A800242146D4F734FD14E00C24B5
:10E6800012E00591FF200006044006940848006847
:10E690009022805803AA019204AA00920C30012310
:10E6A0002246FAF77AF90024204607B0F0BDC046AA
:10E6B000E4320020BCB50446D4F7CFFB0546D4F7BE
:10E6C000D0FB002D03D0002809D1014608E0002826
:10E6D0000ED00E4800900720800101900CE00949FF
:10E6E0000191002802D00020C04304E0064802E067
:10E6F0000020019003200090694608222046DDF7A3
:10E700006EFDBCBDFF030000333300008F003020DE
:10E7100010B500F0F9FD0446403880B21821D5F755
:10E72000BFFA402C01D3401C00E00020C0B210BD55
:10E73000F0B585B014460D460646774F3868002E72
:10E7400001D1062D17D0062E01D1022D13D0082E8F
:10E7500001D1102D0FD0182E01D1102D0BD0282E45
:10E7600001D1022D07D02A2E01D1022D03D02C2E4B
:10E770000AD1012D08D1801921462A46DDF72FFD47
:10E780000027384605B0F0BD2E2E07D1062D05D145
:10E79000617989090329EED21227F2E7D02E06D13A
:10E7A000012D04D12078D4F7ACFB0746E9E7D22E3F
:10E7B00005D1012D03D1217836228154E0E7D52EF1
:10E7C0000AD1042D08D104A804222146DDF707FD53
:10E7D0000498D4F78EFBE8E7D4F733FB082D23D158
:10E7E000D12E21D101281FD104A8009002264C4D22
:10E7F00021463246A847A11C03AF38463246A847F7
:10E80000211D02AD28463246454B9847A11D01AC5B
:10E8100020463246424B984723882A8839880098F8
:10E820000088D4F7A2FDC0E7302E05D1012D03D119
:10E830002078D4F7B8FBB8E73946D32E05D1012D9F
:10E8400003D1207800F0B0FDAFE7FF2E0FD1042DEB
:10E850000DD104A804222146DDF7C1FC049800F084
:10E86000ACFD002898D0049800F0A9FD88E7122795
:10E87000FD2E01D1042D84D0FE2E02D1052D00D114
:10E880007FE72F2E05D1012D03D1207800F098FDD0
:10E890008BE7322E12D1022D10D104AD0222284670
:10E8A0002146DDF79CFC2888411EC908E02900D9D3
:10E8B00067E71A4909685A22885261E7332E0ED158
:10E8C000012D0CD104AD012228462146DDF787FC3D
:10E8D000287800F089FD2878D4F718FC50E7402EFE
:10E8E00009D1022D07D16178207800F085FD00283C
:10E8F00000D045E745E7502E00D042E7022D00D07A
:10E900003FE72078001F022804D808682D30022233
:10E91000214633E7862734E7CC320020D43200206A
:10E92000DFC10410F0B58BB015460C4636490B68B4
:10E930000646283E062212210B2E10D900281CD094
:10E94000FF2835D0082817D0182815D080283CD0AB
:10E95000812847D0FE284BD006280BD013E0C046B4
:10E960007E4436797600B744050E050E110E080E6A
:10E970000E0E0E18022200E01022227019182846EE
:10E98000DDF72DFC002108460BB0F0BD0120207002
:10E990002C21595C01402970F4E700F041FD01A9E8
:10E9A0000870012628463246DDF719FC2670E9E793
:10E9B00001A800F03DFD00281DD001A9042628462D
:10E9C0003246DDF70CFC002117E00620207001A87C
:10E9D00000F030FD002812D02278FF212846DDF714
:10E9E00002FCCFE706222270084801686631C6E7BC
:10E9F00000202070C7E7122100262670C3E7227886
:10EA000001A92031BBE7C046CC320020D43200201F
:10EA1000F8B50E4605461224DDF72FFCB04217D399
:10EA2000012D15D80B4800688179009185714779CF
:10EA300046712846DDF729FC0024B74202D1009830
:10EA4000A84205D0FF207F2201210B46D4F735FCD8
:10EA50002046F8BDE4320020001D0649096818313F
:10EA600004220B68DB880380801E091F521E012AC6
:10EA7000F7D87047D0320020F0B585B0054604A81D
:10EA8000002707701224012901D9204648E00E46CC
:10EA900024480068009000F0DBFC002840D1009979
:10EAA0005C310878C00711D1C87830430E46C87071
:10EAB00003A807210170002D12D0022D08D0012DCE
:10EAC00020462DD104A81021017009E00C2027E078
:10EAD00004A82021017003A9D4F78BF900281FD1C5
:10EAE000D4F797F900281BD100986030D4F78DF93E
:10EAF000002815D10498012131740843307000F0CA
:10EB000025FD01AC204600F011F82046FDF7CEF9B6
:10EB1000F8430190044802902046FDF713F8384668
:10EB200005B0F0BDD4320020FF9F0020B0B50446F0
:10EB3000002108252A46DDF756FB2078DF21014316
:10EB400021706078092101436170A1782943A17087
:10EB5000114909685C22895C890602D50F210843A6
:10EB60006070D4F7F2FB012807D1607812210143CD
:10EB70006170A07807210143A170D4F759FAC0B29F
:10EB8000012807D16078E02101436170A0788021DD
:10EB90000143A170B0BDC046D432002010B594B07E
:10EBA0000C464179490601D412200EE001216A4643
:10EBB000E6F758FA002801D0D02006E069463E3139
:10EBC00006222046DDF70BFB002014B010BD431ECB
:10EBD000022B09D300280CD0032809D101200140C1
:10EBE0004942122008407047002A01D11046704760
:10EBF00012207047B0B504460078002801D00428E0
:10EC000001D3122000E000201225002A2A4600D05D
:10EC10000246012900D81546002D07D1D4F75EFA27
:10EC2000002803D12078FD21014021702846B0BD85
:10EC3000F8B51C4615460646002902D03046D4F7E2
:10EC4000E0F800273846AF420DD200280BD12178DA
:10EC5000012904D8621C3046D4F7CFF800E08620A2
:10EC6000E41D7F1CEFE7C0B2F8BD70B594B0044658
:10EC7000D4F7C7F806466D463E35684600F076FC88
:10EC800000280BD1002E09D16846407801210140AF
:10EC900020462A46D4F7B1F80646EEE7F0B214B0A3
:10ECA00070BD80B5FEF790FB4142484180BDF8B58C
:10ECB0001C4615460F46E4F7CBFF002816D0064643
:10ECC000811C06222846DDF78AFA707869460870AA
:10ECD000002F1FD000281DD0012809D1F1798A0901
:10ECE0000120022A16D8402903D213E00220F8BDE1
:10ECF000F179C0200840402808D1694630462A46AC
:10ED000000F048FC002803D08120F8BD8620F8BD23
:10ED10006846007820700020F8BDF0B585B01E462A
:10ED200017460D46044602AA08462146F8F7BAFDE2
:10ED300000280BD10498B84206D1BAB20C20314653
:10ED4000EEF7F6FA002816D0F8F7C6FD019602AEE7
:10ED50003570701C06222146DDF741FA04973046D3
:10ED6000019900F02EFC002805D0064628462146D1
:10ED7000F8F7B7FD00E00026304605B0F0BDB0B5AD
:10ED800098B01C46154601AAE6F76CF9002816D182
:10ED900001A94A78012010403E3115AAF8F782FDFA
:10EDA000002801D0B3200AE029681798884201D9C9
:10EDB000872004E0286081B2204600F00EFC18B0E5
:10EDC000B0BD80B5818900F013FC80BDBFB504469D
:10EDD000FEF784FD0546002806D10E480146FEF7E1
:10EDE0007DFD0546002802D02878022801D20020A7
:10EDF0000DE003A902AA01AB2046E6F7C5F80028FA
:10EE000004D1287802A909788142F0D2C02004B048
:10EE1000B0BDC046FFFF0000F8B50546C00621D4CE
:10EE20000E46134800684B21405C002400071AD5A9
:10EE3000174600930F4800686907C90E401800691B
:10EE4000142203232946DDF729FB00280DD00146B3
:10EE50000098C8604F810E81074848602846DDF75A
:10EE600079FB00E086242046F8BD0724FBE7C04676
:10EE7000E4320020D032002059A10710F8B5054631
:10EE8000C00621D40E46134800684A21405C002485
:10EE900040061AD5174600930F4800686907C90E47
:10EEA00040180069102203232946DDF7F7FA0028ED
:10EEB0000DD001460098C8604F810E810748486018
:10EEC0002846DDF747FB00E086242046F8BD0724EE
:10EED000FBE7C046E4320020D03200205DA20710DC
:10EEE000F8B50546C00621D40E46134800684A21ED
:10EEF000405C002480061AD5174600930F4800682E
:10EF00006907C90E401800690F2203232946DDF75F
:10EF1000C5FA00280DD001460098C8604F810E81C7
:10EF2000074848602846DDF715FB00E086242046A8
:10EF3000F8BD0724FBE7C046E4320020D0320020B1
:10EF4000ED450710E0B50146002000905022034631
:10EF5000EEF798F9FEF700FB8CBD80B5027C0B7CC8
:10EF60009A4206D1202A07D0102A09D1898980899E
:10EF700008E00020C04380BD1022DDF73BF980BDD2
:10EF8000C968C068401A80BD10B50C46E4F760FE41
:10EF9000002805D0817AF12902D1007CA04201D25B
:10EFA000B62010BD002010BDF0B595B001931746F6
:10EFB00003910025149513951295119511A90DAC87
:10EFC00004902246FDF742F80F200290265609A928
:10EFD000204600F01DFB002E67D409A80299445674
:10EFE00005A900F015FB002C6CD411A800241022F8
:10EFF0002146DDF7F8F8FDB2112D21D3201D81B295
:10F0000010220DAB0398F4F74EFB0020102807D018
:10F010000DA9095C11AA135C4B401354401CF5E781
:10F0200011AD0DAE049829463246FDF70FF81022B7
:10F0300028463146DDF7D3F8103F1034A4B2DAE7A2
:10F04000102D08D1201D81B210220DAB0398F4F7CA
:10F050002AFB09A814E00DA800211022DDF7C3F84F
:10F06000380608D00DA8431B1033201D81B2039829
:10F070002A46F4F718FB0DA8401B8021C17305A890
:10F08000019A0021102909D00DAB5C5C435C634000
:10F0900011AD6C5C5C406C54491CF3E711A90498F9
:10F0A000FCF7D4FF002015B0F0BD11A88721017036
:10F0B0000F2D92D009A8415D11AA525D4A404255D8
:10F0C0006D1CF5E711A88721017000200F288CD056
:10F0D00005A90A5C11AB1B5C53400B54401CF5E7BF
:10F0E00001484168016070475431002003480068BE
:10F0F00000218160C160016101607047F43200202D
:10F10000F8B501201C21294A9047294F3860294D24
:10F11000A88D401E03263043401C8008C01C0424D8
:10F120002146224A904739684860E88D401E3043A6
:10F13000401C8008C01C21461C4DA8472A4639683F
:10F1400088601C4D288E401E3043401C8008C01C27
:10F15000214690473968C86000F070FA3868426804
:10F1600000211180518083681980D180AF8D7F1E6E
:10F1700037437F1CBF0897805980D980EF8D7F1E51
:10F1800037437F1CBF089F80C76839800261436195
:10F19000F9802A8E521E3243521C9208BA8079801E
:10F1A00087612246DDF71FF8F8BDC04651ED041017
:10F1B000D03200205831002070470000FEB51F46B5
:10F1C000019202910546012478212046DFF7C0FD17
:10F1D000E12189005A228152244E3060012D17D13D
:10F1E00001200621DFF7B4FD014630688163012F5D
:10F1F0000ED101250E2728463946DFF7A9FD3168D3
:10F20000C86428463946DFF7A3FD0146306801652A
:10F21000029901290BD10198012805D11C20012157
:10F22000DFF796FD3168C8621148847E01E0002155
:10F23000C16214212046DFF78BFD316848650D4C13
:10F24000042101222046DDF70BFF31680862032507
:10F25000022220462946DDF703FF31684862064A4C
:10F26000072308462946DFF77DFDFEBDD432002086
:10F2700058310020543100205548071003480068D9
:10F28000016800690843411E88417047F43200203C
:10F29000EFF31482EFF30981002080F31488BFF3A9
:10F2A0006F8FF0B543464C4655465E466746F8B408
:10F2B0000F4CEFF30883636006B4BFF34F8F30BF8A
:10F2C00000BF00BF0A4C646884F3088882B003BCA6
:10F2D000F8BC9846A146AA46B346BC46F0BC04BC5E
:10F2E00080F3098881F31488BFF36F8F1047000003
:10F2F000040000204178427D521CD3B28B4200D8DA
:10F300001146417570470000FEB50190E320C643E9
:10F310000024214F2246002E20D0B819E621455A5C
:10F3200091B28D4217D902941446E821405CE7F768
:10F3300005FB00280DD0019800282246029C06D02B
:10F34000204616490840162805D0252803D02A460D
:10F3500001E02246029CB61D641CDCE71048841CB8
:10F360000026052E16D0258890B285420FD9174663
:10F37000A078E7F7E3FA002808D00A480068007F81
:10F38000F040C0073A4602D02A4600E03A46A41DA3
:10F39000761CE6E790B2FEBD84920710FF7F000066
:10F3A000AE250410E432002010B544424441D3F7A6
:10F3B00079FC4E214454002010BD00207047704756
:10F3C000B0B50446D3F749FD012809D1601E0628CF
:10F3D00008D8FF25E035E2F731FF44550020B0BDE5
:10F3E0001120B0BD1220B0BD024909686C228854BA
:10F3F0007047C046D432002010B50C46E1F7A4F89F
:10F400000146002000290AD04A7A002A07D0002CA1
:10F4100005D0A24203D3886FBD214454012010BD02
:10F42000024800686C21405C7047C046D43200201E
:10F4300000207047E0B503462620009002210020FE
:10F440000246EDF73AFF002800D081208CBD000075
:10F45000F0B595B03948006800900BA8FFF7EAFFB7
:10F46000002831D001AF06240025354B384621460F
:10F470002A4698477879C021014379710BAE30460E
:10F480002030304B39462246984707AC102720469B
:10F4900039462A462A4B9847304621463A46294B58
:10F4A000984703AC204639462A46254B98473046B4
:10F4B000103021463A46234B9847304600F0C8F8B2
:10F4C000002803D1054603E0002501E00E20C543D6
:10F4D0001D4C22682E320026062730463946E4F7B6
:10F4E0005FF90BA9002801D0203101E021682E31FD
:10F4F000009860303A46DCF772FE2268083210212C
:10F500003046E4F74DF9002805D0206808300BA9F3
:10F510001022DCF764FE2268183200201021E4F784
:10F520003FF9002806D00BA91031206818301022AE
:10F53000DCF755FEE8B215B0F0BDC046D43200206D
:10F5400029380510DFC10410CC32002006480068BD
:10F550005C21415C8906890F04D05C30C1780222AD
:10F560000A43C2707047C046D4320020B0B504468A
:10F57000074D2878002803D1F8F76AF90120287090
:10F580002046F8F76BF9002801D000212970B0BDA2
:10F590000133002070B594B014460E464178801CAB
:10F5A0006A46E5F75FFD0546002807D10020307068
:10F5B00069463E3106222046DCF711FE284614B08B
:10F5C00070BDE0B50B4601460089009001200C2279
:10F5D000EDF758FEFDF7C0FF8CBDE0B50346009186
:10F5E000022001210C22EDF768FEFDF7B5FF8CBD6E
:10F5F0001CB51F2903D801AA1180406805E04068A6
:10F6000001AC2246DFF772FB2188401800791CBD4F
:10F6100010B5027852000A70491C00220F2A0BD044
:10F6200083185B785B008B548456002C02D5012430
:10F6300023438B54521CF1E710BD000003480068BF
:10F6400000210174C18101737047C046E43200207B
:10F65000E0B501460023009302202622EDF712FEBA
:10F66000002800D081208CBDFEB505000E000020D2
:10F6700079498860794C606AC00504D5402211063A
:10F68000280000F0C3FA606AC00705D568227449F3
:10F690002800443000F0BAFA280040300021C1664A
:10F6A000616A8025ED01294008D0016F002905D14C
:10F6B0000121C166616A6B4A0A4062626A4909684F
:10F6C0000160A06AC00706D524226849882040004E
:10F6D000301800F09BFAA06AAF08384006D0242208
:10F6E00063499A204000301800F090FAA06A054063
:10F6F00006D024225F49AC204000301800F086FA82
:10F70000A06AC00605D558225B493000B83000F029
:10F710007DFAA06AC00505D53022584930008830EE
:10F7200000F074FAA06A400505D530225449300033
:10F73000583000F06BFAA06A800205D52C22822195
:10F74000C905300000F062FAA06A000205D52C223B
:10F750004C4930002C3000F059FA216B0120014057
:10F7600008D00199484A126802231A400A60474AA1
:10F7700012684A60216A029D08400DD02022912122
:10F78000C90594204000281800F040FAA022404902
:10F790002800883000F03AFA206A400305D50C2290
:10F7A0003C4928007C3000F031FA206AC00306D5BD
:10F7B000394801682967416869678068A867206AD5
:10F7C000074005D0182235492800583000F01EFAAD
:10F7D000206A400705D52C229021C905280000F099
:10F7E00015FA206A000705D52C222D4928002C3057
:10F7F00000F00CFAA4204000281821680160A168DC
:10F800004160216A8160A16AC16000200021254A0F
:10F810001368503B099A1C680D06AD0D5451491CE4
:10F820001B1DCCB2142CF6DB08991F4A13680B6021
:10F830001E4B1B684B6083001D4CE458CB189C602A
:10F84000401C0828F7DB90698862D6480268CA62C3
:10F8500040680863F7BD0000040000203000404805
:10F8600000200040FFBFFFFF0410004000200041C7
:10F870000030004100700041006000410050004134
:10F880000040004100100041541600602814006040
:10F890000000704800006048000030480000204828
:10F8A000000010480010041008ED00E000E100E046
:10F8B00000E400E0FFB581B0AC30BB4C002501682E
:10F8C00000290BD00560606A8021C9010143616293
:10F8D000606A8021C901084000900098B3488068A0
:10F8E000002800D15CE10020B1490A68503A0B9928
:10F8F00003069B0DCB581360401C121DC3B2142B82
:10F90000F6DB0A99AB4A086810604868AA4B186091
:10F910000023AA4F98000E18B6683E505B1C082BB7
:10F92000F8DB049E886A90619E480A6B426085609D
:10F93000C96A01608C2040003718386B2060786BF2
:10F94000A060B86B2062F86BA062206AC00717D570
:10F9500020229420400031189120C00500F056F973
:10F9600030008C30056045618562C563056545667C
:10F9700085673D60A02231008831914800F046F94A
:10F98000206A400305D50C2231007C318D4800F0FF
:10F990003DF9206AC00306D58B48316F0160716F55
:10F9A0004160B16F8160206AC00405D51822310022
:10F9B0005831864800F02AF9206A40070BD590207C
:10F9C000C005316A0162716A4162716941612C222C
:10F9D000310000F01BF9206A00070BD57C48F16C60
:10F9E0000162316D4162316C41612C2231002C3158
:10F9F00000F00CF9606AC00504D540220199100698
:10FA000000F004F9606AC0070ED50198466C406C9E
:10FA100001218843019948646E4D6822019944315F
:10FA2000280000F0F3F82E60029D0198006C6A49EE
:10FA30000860A06A882149006E18C00714D5306894
:10FA400000903068402188433060644F0C223100C0
:10FA5000380000F0DBF8142290204000291860489C
:10FA600000F0D4F800983860A06A4027FF43C00433
:10FA700015D5706A0090706A384070620C229A2026
:10FA800040002918574800F0C1F81422A220400075
:10FA90002918554800F0BAF8009852490860A06A41
:10FAA000400415D5B06C0090B06C0740B7644F4E61
:10FAB0000C22AC2040002918300000F0A7F81422D6
:10FAC000B420400029184A4800F0A0F8009830609F
:10FAD000A06AC00605D558222900B831454800F073
:10FAE00095F8A06A0126F643C00517D52800843092
:10FAF00040680090280084304068304029008431FC
:10FB000048603D4F242229008831380000F07EF8FB
:10FB100028008430006BF86200983860A06A4005C5
:10FB200010D5A86D0090A86D3040A865334F2422F1
:10FB300029005831380000F069F884202858F8620C
:10FB400000983860A06A80020CD52F682868304081
:10FB50002860202229008220C00500F057F882206A
:10FB6000C0050760A06A00020BD5EF6AE86A06408C
:10FB7000EE62234E202229002C31300000F046F89E
:10FB80003760206BC0070BD503980168002904D0AB
:10FB90001C490A68022313430B6040681A49086035
:10FBA00005B0F0BD10E000E0300040480400002047
:10FBB0000010041008ED00E000E100E000E400E0C7
:10FBC00000007048000060480000304800002048F5
:10FBD00000001048002000400410004000200041B8
:10FBE0001020004100300041103000410070004101
:10FBF0001070004100600041005000410040004191
:10FC000000100041541600602814006030B5002335
:10FC100003E09C000D5905515B1C9408A342F8D3E6
:10FC200030BD0000014880470148004749E0061008
:10FC3000ADFF061081B0A34801688903FCD5816837
:10FC400002220A438260002102E000BF0099491CA1
:10FC5000009100990629F8DB816804220A4382603A
:10FC600001B0704798480168890703D501684807C3
:10FC7000C00F704700207047FEB5032000F046F922
:10FC80000026924C2680A6700125FFF7EBFF002886
:10FC900000D025708B4F3868C00608D501206070F1
:10FCA0000103FDF783FF69030120FDF77FFF38683B
:10FCB0000427384000D0A570032000F028F98448BC
:10FCC000B0214550C621890061180191B9218900F0
:10FCD00061180091C4214900631808396218211D78
:10FCE000FFF7C2FC029602A8FAF752FC79487A495B
:10FCF00001617A4981630168A9430160784801681C
:10FD00000F430760052000F001F9FFF7C1FAF7BDC6
:10FD10007CB5744E6B4C6D4D687801280AD17248E1
:10FD2000716901407161B1690840B06120681021BA
:10FD300001432160A878012803D1206804210143F0
:10FD4000216067480168042291430160C620800059
:10FD500028180190B920800028180090C420400085
:10FD60002B1808382A18291D5948FFF7A3FD05202C
:10FD700000F0CDF8042000F0C9F820688003FCD51D
:10FD80002878012805D1FFF755FF20685749014021
:10FD900021606878012802D120688006FCD5A87807
:10FDA000012802D120680007FCD5206EC00703D5CA
:10FDB0004F4800680F28FBD04E488068002801D0CB
:10FDC000FAF72EFC3068C005FCD5042000F09FF83F
:10FDD00073BD3EB5002000F099F800203B4C208018
:10FDE000A0700125FFF73EFF002800D025700021FC
:10FDF000C0208001FAF7A4FB002000F088F8344806
:10FE0000B0214550C621890061180191B9218900AE
:10FE100061180091C4214900631808396218211D36
:10FE2000FFF722FC2B4C2C4820612C48A063029544
:10FE300002A8FAF7ADFB2068A843206028480168B3
:10FE400004220A430260022000F060F8FFF720FA63
:10FE5000022000F05CF837BD3EB52148016804225D
:10FE600091430160194CC620800020180190B920F0
:10FE7000800020180090C420400023180838221861
:10FE8000211D1348FFF716FD012000F03FF80D4D2E
:10FE900028688003FCD52078012805D1FFF7CAFE29
:10FEA000286812490140296012488068002801D062
:10FEB000FAF7B6FB0B480068C005FBD5012000F03F
:10FEC00026F837BD00004048080040487022002056
:10FED000582E002000005048FFBF0000FFFF000028
:10FEE00010ED00E014005048FFCFFFFFFFDFFFFFE1
:10FEF000101800600400002080B500F009F8FAF73F
:10FF000040FB01BD80B500F00BF801BD70477047A4
:10FF100002480168022291430160704710E000E04E
:10FF20000248016802220A430260704710E000E0C4
:10FF3000024841680278891841607047280500200E
:10FF4000FEE7FEE77047704780B5FFF7F1FF01BDA0
:10FF500080B51448FAF7DDFB01BD704780B5EBF7BB
:10FF600067F901BD80B5EBF769F901BD80B5EBF725
:10FF70006BF901BD80B5EAF787F901BD80B5EAF7F5
:10FF8000BBF901BD80B5EAF78EF901BD06480268EC
:10FF9000410D0A4000D1704780B50160ECF786FD45
:10FFA00001BD0000883200201C00004005480146C9
:10FFB00003B4684680F3098800BF00BF00BF00BFDC
:10FFC00000F002F8A5EDF5FE00F00DF8002801D0D4
:10FFD00000F00CF800BF00BF002000BF00BFEBF72F
:10FFE0008FFC00F017F801207047000010B507499A
:10FFF00079441831064C7C44163404E0081D0A6824
:020000041007E3
:10000000891888470100A142F8D110BD8CB90000C1
:10001000C8B9000080B500F001F801BD07463846B8
:1000200000F002F8FBE7000080B500BF00BF024A05
:1000300011001820ABBEFBE72600020010B50446F5
:100040000A4800680069902101221346DCF726FA6D
:10005000002804D0014644609020DCF77BFA044875
:1000600000688421425C521C425410BDD0320020F2
:10007000E4320020FEB53B4D2868103000210629EF
:1000800005D004C8528801AB5A52891CF7E772B6F2
:10009000286804680027076062B6E00702D00020E5
:1000A00000F064F8A00702D5012000F05FF86007B7
:1000B00002D5022000F05AF8200702D5032000F0F4
:1000C00055F8E00648D5042000F050F844E07800E8
:1000D00001A90E5A0097BF002868C019006901885D
:1000E0000288B2422AD08908891C89004418A17864
:1000F00003220A40012A02D0002A03D11EE0817A9D
:1001000008300446480603D42046EBF77AF90AE0A3
:10011000E078132807D2800013490A58211D204691
:100120009047002805D12868C019006921880180FE
:10013000D5E70020DCF75AFCDCF7B4FC72B628687F
:10014000C019006941880288914202D100210180D2
:10015000418062B6009F7F1C032FB8D100F014F8D5
:10016000FEBDC046D0320020601B0410E0B501AADD
:10017000D070012090701020507004211170104632
:10018000ECF7E1FC8CBD000010B586B015480468A2
:1001900002A801A96A4600F027F800281FD002A88B
:1001A0000178E089C840C00719D0019A009B03A8D4
:1001B000082484701C0EC4721C0C84721C0A4472C5
:1001C0000372C2718171FF2141708221017000218F
:1001D000417104220271C1700C21ECF7B4FC06B02D
:1001E00010BDC046E432002070B5034609480468DB
:1001F00072B6207C00252574257B0F262E401E70AC
:10020000237B1B090B70A1681160411E884162B6F7
:1002100070BDC046E4320020F0B587B031480468B4
:1002200006A9049100200190087005AE01203070ED
:10023000FFF78CF95D200394275C781E3D468541CD
:100240002020384044420290444104983146EBF764
:10025000F7F9002F01D101283ED12C4038D105A853
:100260000078002834D0039C20465D30C07B0028F5
:1002700034D02834029D002D03D021780020D2F7FD
:1002800088FD06A80078012802D10020D2F7C5FD1C
:10029000DCF750FA002804D100200121DCF7C8FA6D
:1002A0000190002D0AD021780120D2F772FD00289C
:1002B00004D00198002801D0DCF7E2FA06A8007803
:1002C000012809D10620DCF791FBDCF7EBFB03E00A
:1002D00001200146DCF7ACFA07B0F0BD0020012197
:1002E000F8E7C046D4320020B0B55E2806D10C48ED
:1002F00004685D3400256057002800D4B0BD6078E4
:100300000228FBD1557080201070C8B21146DCF76E
:10031000F7FA657020787F2101402170B0BDC0469A
:10032000D4320020074909685D228A5C88231A427A
:1003300004D0723109884140080501D0002070477F
:1003400001207047D4320020B0B5044680880025D3
:10035000800501D4284606E062892189022000F048
:1003600027F8002800D0B0BD20896189042902D176
:10037000DCF788FEEEE7F3F7E9F961892089F3F706
:10038000FBF900202081094909684B6BA34205D085
:100390001A461B69A342FBD1103201E00A463432EF
:1003A000236913600A6B22610C63B0BDD832002050
:1003B000F8B50446C00608D40D461948006849211E
:1003C000405C800703D4002727E0862725E01646F7
:1003D000144800686107C90E4018006959220323B8
:1003E0002146DCF75BF8002816D0014606738572BB
:1003F0000C204872022008720027CF7106208871F5
:10040000FF20487182200871300A4873280AC87298
:100410002046DCF79FF800E007273846F8BDC046C5
:10042000E4320020D032002080B581080A480068FC
:100430003430006800280ED042788A4201D0103053
:10044000F7E70121490282880A4382800720DCF70E
:10045000CDFADCF727FB80BDD832002080B540699B
:10046000014900F003F880BD29040710FEB5029190
:1004700005464778006AC45DDBF73CFFC008019081
:100480002046C2B2BA420DD053006E6AF35A2E789B
:10049000761D0199F140591A09B2012903DC286A35
:1004A000805CEEE73846296AC855C6B22846314610
:1004B000EBF7FEF8E0B2B04206D0296A0F5C0C54AC
:1004C000029988473C46F5E7FEBD00007CB504462E
:1004D0008068418904291AD160688189491C89B2E0
:1004E000DDF77CF90546172800D817251D4E308A00
:1004F000854200D30546A3689888C0060FD41989A1
:1005000002202A4600F030F8002814D07CBDC368D1
:10051000022000210622F6F7D9FF86207CBDD8886C
:10052000A8420ED00833422003210222E0F7F4FC57
:100530000028EBD105E0A068C580818810220A431D
:100540008280308A01AB587003251D70000A9870B4
:10055000A068C468A18920462A46F3F7B8F86580E8
:1005600000207CBD58310020F8B50446C00608D4F0
:100570000D46194800684921405C400703D4002714
:1005800027E0862725E01646144800686107C90E53
:10059000401800695A22032721463B46DBF77EFFBD
:1005A000002815D00146067385720C2048720F7220
:1005B0000027CF7106208871FF20487182200871C2
:1005C000300A4873280AC8722046DBF7C3FF00E0F0
:1005D00007273846F8BDC046E4320020D03200205C
:1005E00070B5234D2868866C002E40D03446366A9C
:1005F000207801070CD44007F6D42046F9F7B6FB63
:100600008828F1D10C20DCF7F1F9DCF74BFAEBE7A5
:10061000A179113902290AD3C006C01781230340EA
:10062000A2886188022000F025F80028DCD120464D
:10063000203029688B6CA34209D01A461B6AA3425A
:10064000FBD103681362002B08D1203205E00A4673
:10065000483203681360002B00D1CA640022226272
:10066000496D0C600121217029684865BCE770BDA7
:10067000D8320020F8B50446C00628D41F461646D6
:100680000D46154800686107C90E401800695C22D4
:1006900003232146DBF702FF00281AD00146067328
:1006A00085720C204872102008723A460027CF71DC
:1006B000072088718A73FF20487182200871300AF0
:1006C0004873280AC8722046DBF744FF02E08627F9
:1006D00000E007273846F8BDD032002080B5024838
:1006E0000068804780BDC04660050020F0B595B029
:1006F00005460488DEF72EF901462046F9F724FB6B
:100700008626002800D108E204462F882846DEF716
:1007100021F901463846E3F72DFF08902078FB21A8
:10072000014021700C273846DCF760F9DCF7BAF994
:100730002846FEF746FB012807D16088FFF7F2FD47
:10074000002860D0204600F049FA207800220107F6
:1007500057D4A379591E112900D9DEE10792490027
:100760007944898849008F44C50002010F0199002E
:1007700099001F01640175017C01B901A600A60062
:10078000B8001100B00011001100B000C00600D583
:10079000A7E0A28861880A202B4600F02BFA0028E7
:1007A00000D0B4E1A079112800D1B2E1637A2169C7
:1007B0000891102800D0D0E10693A889401C81B28E
:1007C0002846DDF70BF80590A889C01C81B22846A1
:1007D000DDF704F80026A2896988491F9142049038
:1007E00000D0CFE1384606994843089A101880682F
:1007F000618941182846154600F02EFA069B0390A1
:10080000C4E1164689E109A90FAA0EAB284600F0FB
:100810002EFA00282BD02846DEF729F90EA80078FA
:10082000122808D160880421E3F7A4FE8188012200
:1008300092020A438280A079012804D1089B9988FA
:100840000422914399800EA909780A2908D0072922
:1008500002D10A2800D175E7217810220A432270BC
:100860000E2800D171E7102800D16EE76AE709A8C9
:1008700000780790A38862880FA8008821460EACF4
:100880002478009001940C46022011461A46079BDA
:1008900000F008FA0028BED006463EE1A288618832
:1008A0000A202B4600F044FA002800D02FE1284609
:1008B00000F070FAC8E0A28861880A200B2B00D0F3
:1008C00020E12B4600F07CFA1FE1A288618802201B
:1008D00000F0A8FA002800D019E12846DEF7C7F892
:1008E00017E16089002800D113E1002626720F204D
:1008F000A07112E1A889401C81B22846DCF76EFF86
:100900000646172800D81726B348008A8642089F53
:1009100000D30646B888C00614D5F888B04211D076
:100920003B460833422003210222E0F7F5FA002873
:1009300000D0ECE02078102101432170B888042118
:100940008843B8802078C00600D5FE8861880220E0
:100950003246FFF709FE002800D0D8E0FE80B888B4
:100960000821014304208143B9802046DCE0A288AD
:1009700061880A202B4600F091FA002800D0C6E0DA
:10098000284600F0BDFA0BE0A28861880A202B46B9
:1009900000F0CCFA002800D0B9E0284600F0F8FAC0
:1009A0008C49884253D1B4E0284600F0FEFA089002
:1009B00060890EA9088020460C30079009A80C30E9
:1009C00005900FA8401D06900026F7B20FAA2846F2
:1009D000394600F0F1FA002800D0A1E00898072875
:1009E00005D109A8102101740222059803E009A885
:1009F0008021017410220699DBF7F1FB0EA80FA9E4
:100A00000222DBF7ECFB09A8079900F0F1FA0028B5
:100A10000DD1A28861880898009001954743B81CC1
:100A200083B2022000F014FB002800D082E0761C84
:100A3000CBE7A28861880A202B4600F05FFB0028E4
:100A400065D1284600F08CFB6189884261D2401C48
:100A5000208161E0A28861880A202B4600F09AFB81
:100A600053E0284600F0A1FA064606946088FFF796
:100A700059FC089002246888A3B2834253D2089894
:100A800001280ED1A889001981B20FAF284632463D
:100A90003B46F2F708FE5E2031463A46FFF724FC5B
:100AA0001AE0069FBA88798800960195022000F026
:100AB000CFFA00282BD1387F10280DD10698008B53
:100AC0004249884208D1069840880421E3F752FD44
:100AD00081883F4A11408180A419CCE7A2886188AF
:100AE0000A202B4600F088FB002810D10898C08807
:100AF000411E6888401E82B291420AD86189081856
:100B0000608109E02B4600F0A9FB002801D0842673
:100B100003E0204600F062F8079E304615B0F0BDB5
:100B20000EA800880AE0069800F058F82846DDF77D
:100B30009EFFF1E70E98401E0EA90880618982B2DF
:100B40008A4202D2401C208102E0204600F046F892
:100B50002846DDF78CFF0026DFE76189089AA08927
:100B60004018608180B25F43D11989888842D3D10F
:100B7000207A401E984224D900266681607A401C63
:100B80006072CAE7F0430390069B089D39465943BB
:100B90006A5A2846059D95420BD1024641184A885B
:100BA00061898A18049DAA4203D10246039800284D
:100BB000D5D026720F20A07120781021014321701A
:100BC000ABE7012020720F20A071A5E72A2B0000BF
:100BD000FFFB0000FFFF00005831002080B50178C6
:100BE00008220A4302700C20DBF700FFDBF75AFFF4
:100BF00080BD0000F8B50546C00621D40E46134856
:100C000000684A21405C002400071AD5174600936B
:100C10000F4800686907C90E401800690E220323B7
:100C20002946DBF73BFC00280DD001460098C86040
:100C30004F810E81074848602846DBF78BFC00E0B7
:100C400086242046F8BD0724FBE7C046E432002096
:100C5000D0320020D540071080B50B4642888189EC
:100C6000491D89B2521F92B2F6F778FA80BDFEB5DF
:100C70000E464188052912D11C4615468189052258
:100C800001AF3B46F2F70FFD78783070B878F9780D
:100C9000090208182880029820700020FEBD8620D6
:100CA000FEBD0000F8B50446C00608D40D461E4837
:100CB00000684A214056002804D4002700E0862717
:100CC0003846F8BD1F461646184800686107C90E29
:100CD000401800695D2204232146DBF7DFFB002872
:100CE00020D00146079A06980090C8730E738D7243
:100CF0000C234B7211230B7238460027CF710A2345
:100D00008B714A748873FF224A7182220A7100989B
:100D1000000A0874300A4873280AC8722046DBF7B4
:100D200019FCCDE70727CBE7E4320020D0320020C2
:100D3000F8B50546C00621D40E461348006849217F
:100D4000405C002480061AD5174600930F480068BF
:100D50006907C90E40180069092203232946DBF7F9
:100D60009DFB00280DD001460098C8604F810E8180
:100D7000074848602846DBF7EDFB00E08624204664
:100D8000F8BD0724FBE7C046E4320020D032002043
:100D90008D420710BCB504468089401C81B22046B4
:100DA000FBF7B1FE6188081AA189401881B20222BE
:100DB00001AD20462B46F2F776FC2888BCBD00002A
:100DC000F8B50546C00621D40E46134800684A21EE
:100DD000405C0024C0071AD0174600930F480068F3
:100DE0006907C90E401800690C2203232946DBF766
:100DF00055FB00280DD001460098C8604F810E8138
:100E0000074848602846DBF7A5FB00E0862420461B
:100E1000F8BD0724FBE7C046E4320020D0320020B2
:100E20001D430710F8B50446C00608D40D461948FE
:100E300000684A21405CC00603D4002727E08627CB
:100E400025E01646144800686107C90E401800697D
:100E50005B2203232146DBF721FB002816D0014645
:100E6000067385720C2048720D2008720027CF711E
:100E700006208871FF20487182200871300A48736B
:100E8000280AC8722046DBF765FB00E007273846D2
:100E9000F8BDC046E4320020D0320020F8B5054647
:100EA000C00621D40E46134800684A21405C002445
:100EB00080071AD5174600930F4800686907C90EC6
:100EC000401800690D2203232946DBF7E7FA0028C2
:100ED0000DD001460098C8604F810E8107484860D8
:100EE0002846DBF737FB00E086242046F8BD0724C0
:100EF000FBE7C046E4320020D0320020FD4107105D
:100F0000BCB504468089401C81B22046FBF7FBFD3E
:100F10006188081AA1894018801C81B2022201ADA3
:100F200020462B46F2F7BFFB2888BCBDF8B5054626
:100F3000C00621D40E46134800684921405C0024B5
:100F4000C0061AD5174600930F4800686907C90EF6
:100F500040180069082203232946DBF79FFA00287E
:100F60000DD001460098C8604F810E810748486047
:100F70002846DBF7EFFA00E086242046F8BD072478
:100F8000FBE7C046E4320020D0320020AD3F07101E
:100F90001CB5818942885118891E89B2022201AC90
:100FA0002346F2F780FB20881CBD80B58189491C4F
:100FB00089B2FEF71DFB80BD70B514460E4605468E
:100FC0008089401C81B22846FBF79DFD02464643BE
:100FD000B01C6988884208D2A989081881B22846BD
:100FE0002346F2F760FB002070BD862070BD000034
:100FF00070B58AB00C46014605AD14262846324627
:10100000DBF7EDF8684621463246DBF7E8F8287C46
:10101000802807D005AC0D490C222046DBF7DFF80D
:101020000020E0816846007C802807D06C46074994
:101030000C222046DBF7D3F80020E08105A86946A2
:101040001022DBF7D7F80AB070BDC046CFBA071040
:10105000F0B587B00546C00643D40E462448006864
:101060004B21405C002480073CD5049205930C9AE8
:10107000204800686907C90E401800691E49069299
:10108000511803220A43113291088BB25E2229467D
:10109000DBF704FA002828D007460D99069800903F
:1010A00003910191381D3146049A059B00F008F91F
:1010B000280704D50398DDF7DAFCF72005400C205B
:1010C000787212203872FF20787182203871069869
:1010D000C01DB871000AF87128463946DBF73AFAA4
:1010E00000E08624204607B0F0BD0724FAE7C0469A
:1010F000E4320020D0320020FDFF0300FEB504469C
:10110000C00624D41646134800684922805C002596
:1011100000071DD51F46019102950F480068610721
:10112000C90E401800690725032321462A46DBF72C
:10113000B5F900280CD00146C760468101980881A6
:10114000064848602046DBF705FA029D00E0862548
:101150002846FEBDE4320020D03200202540071092
:10116000BCB504468089401C81B22046FBF7CBFC0D
:101170001121C943012800D10E3160884018A1898E
:10118000081881B2022201AD20462B46F2F78BFAF5
:101190002888BCBDF8B50546C00621D40E461348C4
:1011A00000684921405C002440061AD51746009388
:1011B0000F4800686907C90E401800690A22032316
:1011C0002946DBF76BF900280DD001460098C8606E
:1011D0004F810E81074848602846DBF7BBF900E0E5
:1011E00086242046F8BD0724FBE7C046E4320020F1
:1011F000D032002015440710F8B50546C00621D4AA
:101200000E461348006849214056002400281AD58C
:10121000174600930F4800686907C90E4018006917
:101220000B2203232946DBF739F900280DD00146AC
:101230000098C8604F810E81074848602846DBF758
:1012400089F900E086242046F8BD0724FBE7C04664
:10125000E4320020D032002081410710F8B5054665
:10126000C00621D40E46134800684B21405C002480
:1012700040071AD5174600930F4800686907C90E42
:1012800040180069132203232946DBF707F90028D9
:101290000DD001460098C8604F810E810748486014
:1012A0002846DBF757F900E086242046F8BD0724DE
:1012B000FBE7C046E4320020D032002099430710FB
:1012C0007CB51D46044602728171100A6072080ADC
:1012D000E071079EB089C01881B2022201AB30468E
:1012E000F2F7E1F90698801E20730199A172090AAC
:1012F000E172B1896918891C89B20D34C2B23046D5
:101300002346F2F7D0F97CBDF0B589B017460D46FB
:10131000064600787488042845D0032877D1716880
:10132000086A00287DD00A7D102A74D1098A494AAA
:10133000914270D10097012107AA08AB284600F01E
:101340008DF800286ED12888F6F77CF907AA117865
:1013500007230B40059313707168096A8B683E4937
:10136000C97A49084A1C0421049003920293F6F7B3
:101370007BF9059A01461140814257D102980090AD
:1013800004210498039BF6F74DFD7068006A00780D
:10139000C0073AD02E882846DDF7DCFA024608A8B6
:1013A000008807A94CE071688869002839D00A7D57
:1013B000102A30D1098A264A91422CD10097022165
:1013C00006AA08AB284600F049F800282AD106A84A
:1013D000008805907088801E81B20220F6F77AFBA3
:1013E000002821D005998907890E406800780840B7
:1013F000884219D106A8028828883146F6F728FDC8
:10140000706880690078C00712D100200AE00320CC
:101410003870862006E021462A463B4600F042F816
:1014200000E0842009B0F0BDFD20F1E71320EFE7D4
:101430002E882846DDF78EFA024608A8008806A9FD
:101440000090019102203146234600F057F8E9E769
:1014500002290000292B000058310020F8B51D4654
:1014600014460F460646F5F7F1FF0E21C943D22870
:1014700000D00C317088081882B20699BA4205D99A
:101480000D20087000202880862709E000270F70B3
:101490002880B089C01C81B230462346F2F703F998
:1014A0003846F8BDFEB516460C460546826881886A
:1014B000009302AB3046FFF7D1FF002800D0FEBDFD
:1014C0002878810703D4A98802AA118001E0029933
:1014D0006980C00701D10020FEBD37883046DDF7A6
:1014E00039FA024602A80088A968009001910220FA
:1014F0003946234600F002F8FEBD0000F0B585B085
:101500000546C00645D4264800684924005D0024ED
:10151000C0073FD00293039204910A9E21480068BD
:101520006907C90E40180069711E03220A4311326F
:1015300091088BB258222946DAF7B0FF00282CD048
:1015400007460B9801903E740299B973039B3B7355
:10155000049ABA72300A7874080AF873180A787311
:10156000100AF8723846123001993246DAF737FE1F
:101570000C207872012038720A36300AF871BE7178
:10158000FF2078718220387128463946DAF7E2FF69
:1015900000E08624204605B0F0BD0724FAE7C046E7
:1015A000E4320020D0320020F0B589B0054604AC0A
:1015B000284914222046D0F7EDFF0120264E31465F
:1015C0002246FCF757F80024002804D0014628687A
:1015D0008288120603D42746384609B0F0BD2A791E
:1015E000FE2313408627042BF6D0008901220292A5
:1015F000F6F788FA8128EED028688188CA0502D5D6
:1016000000F030F8E7E7029A14022143818028793C
:101610000228E1D128890128DED16889B042DBD1D6
:10162000EA68107C1028D7D190890C498842D3D120
:1016300001203146FCF71EF80028CDD003A8048015
:1016400029680989009001200027054B3A46E2F7F6
:1016500013FFC1E7101A0410FFFF00002A2B00003F
:10166000D3950710E0B5C121490001AA1180018975
:10167000009201200022024BE2F7FEFE8CBDC04624
:10168000C795071070B58AB0044605AD0DA11426A4
:1016900028463246D0F77EFF68460FA13246D0F783
:1016A00079FF20462946FFF7A3FC002807D06946AA
:1016B0002046FFF79DFC01464042484100E00120E2
:1016C0000AB070BDFB349B5F8000008000100000FA
:1016D0000028000010000000FB349B5F80000080A9
:1016E000001000000128000010000000B0B58AB012
:1016F00004468088000601D400254BE00120010249
:1017000009AA1180218900920025244B2A46E2F77C
:10171000B3FEA18889073DD400283BD104AD204900
:1017200014222846D0F736FF01201E492A46FBF72F
:10173000A1FF002812D00546FBF7BCFF00280DD002
:1017400001462089F5F771FF800712D42089002116
:101750000122F6F7D7F9054681281BD109A8802177
:1017600001802189009001200022104BE2F784FEC5
:101770000FE00D48039001AA042050806888108073
:1017800003A8029061892089009202220123F6F7C2
:1017900021FA054628460AB0B0BDC046BB950710E1
:1017A000241A0410FFFF00000100FFFFC795071077
:1017B00070B514244443144D144800684821405C1B
:1017C000000713D52868C06A065B11480068806965
:1017D000062202210B46DAF761FE002806D00146F8
:1017E0000C4848600E810220DAF7B4FE2868C06A0F
:1017F000011900228A718A78F92313408B70005BEB
:10180000FF21F2F77DFC70BDE0320020E4320020C1
:10181000D0320020E1A20710FEB50446DDF71AFC25
:1018200005462C20285CFE210140022958D1029453
:101830002F46E6373A79D00619D4F02401921440A5
:1018400001212846E0F74EFF064600212846E0F732
:1018500049FF304306D00298E0F7B6FF002801D1D7
:1018600020200443019A10262643788827E0C026CA
:101870001C4800683921405600281CD5688F01900B
:1018800019480068806942211446232202252B460C
:10189000DAF704FE224600280DD00146019AC271F3
:1018A00085715720487104200871100A087242207F
:1018B000DAF750FE2246164078883988081A0A233B
:1018C000434372B638798242029902D1032006431B
:1018D0003E7162B603480068A0300122E0F70DFFB8
:1018E000FEBDC046E4320020D0320020F8B51E46CE
:1018F0000446012911D1002A48D0062A50D129488E
:1019000001682920B0700B20707003203070F01C2B
:10191000C9310A22DAF763FC42E000212046DFF7F2
:1019200013FA05462046E0F7F3FDB178292929D1BD
:101930000078012826D12046E0F7EAFD0746F01C92
:101940003E460C360A2200903146DAF753FC002856
:1019500018D00A2230460099DAF741FC1148016894
:101960001637C93138463246E0F73FFE012809D123
:101970002046E0F7AEFD002804D01220DBF736F851
:10198000DBF790F8002120462A4607E00125204693
:101990002946DFF7D9F9024620462946DFF7E8F95C
:1019A000FF20F8BDE4320020F8B51E4614460D466F
:1019B0000746DFF7C9F9FF23062C24D80246C046A4
:1019C0007C4424796400A744030D1E071E1E1400E6
:1019D000012D01D1132316E0384629461C46DFF7B6
:1019E000C7F904E0002138461C46F6F79FFE23465F
:1019F00009E00120707003203070012D01D1122008
:101A000000E01320B0701846F8BD0000F0B591B0AA
:101A10000C9316460D460446DDF71CFB0A90204643
:101A2000E0F7EAFE012D0B904ED1099601260794AE
:101A300020463146DFF788F905780890877800203E
:101A40000390C443D1F749FC05948440A74338462A
:101A500000F000FB034604963540099E0B988088F1
:101A60008104CF0FFF22002E51D0032E59D0062E15
:101A700000D056E20692089CA678D1F72EFC059974
:101A800081408E43F0B200F0E5FA401EC0B20B99DF
:101A90000818007D2479002D00D09AE00C99487137
:101AA0000C71CE70232088700420487003200870C9
:101AB000002F069A00D134E20B9B9888E049014040
:101AC000E048081898802CE2074600252046294661
:101AD000DFF73AF90346FF22002E43D0062E46D008
:101AE000012E00D01DE206920C9EB07823280893A8
:101AF000079400D08EE0384601278088D2494A1CDE
:101B0000104200D145E10840CE49401843E1002D84
:101B100000D0C8E0002F00D044E1CB49491C084365
:101B200044E10C9CA0781128069200D1E9E0242819
:101B30000B9F00D0FBE0581E052166560097C4B2EB
:101B4000304621460A9A089D2B4600F08BFAF0B2E7
:101B50007E2800D167E17F28049E00D07AE17F20B3
:101B600068719FE10021204614461A469FE01878CC
:101B7000C00700D09FE00692B4480068006E09904C
:101B8000DC7800200A90C6431D46D1F7A6FB8640AC
:101B9000B443204600F05EFA401EC0B239180C7DF6
:101BA000012181402E79BA7B0A40C240012A00D02F
:101BB00000E10421795E002900D5FCE0FA7B7F2A50
:101BC00000D1F8E00999085651B20F1AF817874367
:101BD000F6E005460EA80DA9DAF74BFB0C99CE707E
:101BE000252088700520487003200870FE202840BA
:101BF0007E28069A039B09D00EA80078281A434233
:101C000043410DA80078854200D19B1C8D714C7119
:101C10000B7186E18E4CA0470990F678A0472246CA
:101C2000EC43214681400898C07808400899C87064
:101C30009047089B049484403046A043D9780143E0
:101C4000D970202105960998A8423FD03046E84037
:101C5000C00726D006200C990C560097EFB22046FC
:101C600039460A9A00F0FEF9E0B200217E2806D03B
:101C70007F2807D17F20089B58710B9F11E00B9F95
:101C8000089B0EE00C9A0E4611795279089C6271FD
:101C900040B23A460B9F3B4600F005FA3146059E9E
:101CA00023466D1CCFE7012107981446089ADFF7F9
:101CB0005FF8224635E158780C9908712320C870E6
:101CC000112088700320487008709AE0002912D112
:101CD000DC78D1F702FB08990978FD220A400899BF
:101CE0000A70049981408C4320460A99089A3B4621
:101CF000F6F7A9FE089B002107981A46DFF738F887
:101D00000EE1089D287880070B9F00D4F2E00A9826
:101D1000418F20797F2200240092019402920222B6
:101D2000FBF704FE2878FD2101402970E2E0089CC1
:101D3000207880070ED50A98418F00207E220092DD
:101D4000019002901A200222FBF7F0FD2078FD217D
:101D5000014021702120BE4C0A9E3146A04722201E
:101D60003146A04723203146A047D1F7B6FAB34900
:101D70000968096E0022049D904206D02B469340CC
:101D80000C7C9C430C74521CF6E7087CB873089DCD
:101D9000B0E0790308430B99888074797E2C35D1A3
:101DA0001E26B5E0A7490840A54940180B99888030
:101DB0002422B6E0B988A248401E0840B880FF2718
:101DC00010A80FA9DAF755FA24200C99887005207D
:101DD000487003200870FE2020407E28069A0A9949
:101DE00009D010A80078201A414241410FA800787C
:101DF000844200D1891C0C98877144710671C170AE
:101E00000B9FB8888F490140B9808AE0F578202679
:101E1000002D7DD0681E28427AD1D1F71AF800280B
:101E200072D0F02071E000206871049E3046A0401E
:101E300082490968096E0A7C82430A74BA7331E0E8
:101E4000FF5F00000080FFFFFF3F0000E432002042
:101E5000DB3204100C9A91790991D17812796A7168
:101E600040B222463B4600F01EF909992346481E1F
:101E7000C0B240087E2816D8484241B238461A46B9
:101E80001C46E0F70DFD234600280CD002462871C1
:101E900030469840A9790143A9710023079831463B
:101EA000D7F73EF9234634469C40E0B20A9E3146BD
:101EB0002A461D463B46F6F7C6FD28463146089A97
:101EC0003B4600F0FBF8B87B2040E840089D012825
:101ED00010D1B888049909020A460C320240042A3B
:101EE00008D10843B88042200A99085AF988401856
:101EF000801DB881012107982A46DEF739FFB8888E
:101F000051490140B9800BE0FE20089B28420BD0CC
:101F10005E7018783843187000210798F6F706FCB1
:101F2000069A104611B0F0BD284600F093F80490D0
:101F300000200990C643D1F7D0F931468140089876
:101F4000C07808400899C870D1F7C7F9089B059672
:101F5000314681408D43DE782E43DE700498401E6A
:101F6000C5B23946A9400B9A907B0840E840012849
:101F7000099837D104917F2C08D00B98401918216B
:101F800040567D2801DC201A00E0002058710B9E8D
:101F9000009660B229460A9A1C4600F063F80C9835
:101FA00001790029099814D049B230462A46E0F751
:101FB00077FC0546002809980BD02571A079049973
:101FC0000843A071002107980A460B46D7F7A8F8E6
:101FD00028462071B0881D490140B1803246E6781C
:101FE0002346099858701878FE21014019701D4643
:101FF0001446D1F772F9059981408E43F0B20C90E6
:1020000000F028F8401EC0B20A9E31462A462346F8
:1020100000F054F82878FD21014029700C983146D1
:102020002A462346F6F70FFD7802A1880143A180D6
:102030001220DAF7DBFCDAF735FD6DE7E432002039
:102040000080FFFFFF5F0000FF3F0000FFE7000090
:10205000893207100021002802D04008491CFAE705
:10206000C8B27047F8B51D4614460E46069F79184B
:102070000A7EC3B29A4215D0183108701220DAF7DE
:10208000B5FCDAF70FFD7F20F873204601242246C5
:10209000B240E9791143E971D6F7ECFFA002B988A3
:1020A0000143B980F8BD10B5CC0701D09C1820774A
:1020B000890702D599182022885410BDF0B587B041
:1020C00005469888C0072FD014460127AF40907965
:1020D0003840E840012827D104915819067D06A808
:1020E00005A9DAF7C6F8FE2030407E2801D100208D
:1020F00009E006A80078311A4842484105A9097844
:102100008E4200D1801C042162560499498F73B21B
:10211000009301900292681CC3B200200246FBF7B4
:1021200005FCA079B843A07107B0F0BDF8B50C4626
:102130009421655A038A428A21462E3126469036DA
:10214000AA420CD13588AB4209D13589C78AAF4242
:1021500005D1F588878AAF4201D1002510E0338090
:10216000B280C28A3281828AF280828872814288F9
:10217000F281C288B28142897282C089308201258F
:102180000878E0F76FFA002804D08179042905D097
:10219000012908D1F088C0080E3810E00088022814
:1021A00005D0012004E0F08880080F3807E0032004
:1021B000F188084A8918C14007480818C00882B247
:1021C0003188914200D3014671802046F3F7F6FD35
:1021D0002846F8BD88FEFFFFB5FF0700F0B585B0C3
:1021E0001F4614460E460546DCF734FF02462846D5
:1021F000039631461646DEF7A7FD611E062973D801
:10220000034630462C30C0467944097949008F4452
:1022100003036B296B2E5A000078032864D10293C4
:10222000F81C044600F063F8002855D0387A019075
:102230007F7A05222046029C2146D0F73DFC3802D9
:102240000199401882B23046214600F06BF8022214
:102250002846039C214600F071F82846214600F0EC
:1022600081F841E0B878012831D02A2130E03146A8
:10227000FA310A88318FC08A1C4600F083F804A91D
:1022800001910880204602942946D0F7D2FF012010
:10229000B8700820787003203870F91C0522204699
:1022A000D0F70AFC08370222019C20463946D0F7B5
:1022B00003FC22883046029900F034F8284603993E
:1022C00000F067F810E0284603991A460AE0232137
:1022D000304600F06DF807E02846DCF781FD28461F
:1022E0000399029ADEF744FDFF2005B0F0BDB0B5BA
:1022F000014600791F2811D8002002460346252AEE
:102300000FD007241440D5084D5DE540EC0703D0FD
:102310005B1CDCB2022C03D0521CF0E70020B0BDE5
:102320000120B0BDA823C1500921490142524018E3
:10233000817908220A43827170470000B0B51446C3
:102340000D46F3F7EBF8022C09D80C21694340182D
:10235000401DE100024ACA40017811430170B0BD3E
:102360000204080010B50C46F3F7D8F8817F01226B
:102370000A4382770C2161434018417940220A4385
:10238000427110BD491C514306224A43101880B2C5
:10239000704710B50C244C43DCF75CFE0119FF229A
:1023A0000E328B5C40241C438C5400F00FF810BD9F
:1023B00010B504462D2021544B2080002018DEF754
:1023C000D9F82D34207DDEF733FB10BD882140582D
:1023D000018804220A43028070470000F0B591B0E2
:1023E0000B9314460E460746DCF734FE05460C9761
:1023F00038460A963146DEF7A7FC0646601E0628D8
:1024000000D9D4E02F462C372C46FA347844007992
:10241000400087440303CC1ECC2C7C003878032872
:1024200000D0C4E00B9F7B893A89F888248800217A
:102430000091019102940990014608920793F6F7E2
:102440001BFD00280C9C00D1B4E02046DCF7C8FC42
:10245000A8E00B98807823210F280A4600D02A2272
:10246000002800D011462846FFF7A2FF9FE00B98F6
:10247000801C0890DCF7E4FD09902288298FF88AF7
:10248000FFF780FF07462820012107913154308B48
:10249000718B081840081090B08B0590F48B0DA834
:1024A0000C99017110A90F910D96D0F7E2FE1098CA
:1024B000308306973904091904910C230B9F7B7014
:1024C00003233B7005990F0407430898604A84C0B2
:1024D000049A026058022203F160326107994902AE
:1024E00003C609980068718B0902083E884200D330
:1024F0000846706110984002B06028463146069A3E
:1025000000F0A8F80C980A99FFF743FF4FE0282045
:10251000305C00280C9C45D00DA804710D96D0F7B6
:10252000ACFE494800683621415C890634D5363016
:10253000407A400730D5F08B0B90B08B0990308BF0
:1025400008906D8F4148006800698021242204248E
:102550002346D9F7A3FF00281ED001460B304D7249
:10256000089F07700795099D4D730B9B037100220F
:102570000A720322CA710A228A713E224A710C71C0
:10258000079A120A8A723A0A42702A0A8A731A0A47
:1025900042718020D9F7DEFF00210C9C20460A46BC
:1025A000F3F7CEFB20460A993246DEF7E1FBFF2027
:1025B00011B0F0BDF878002800D146E70999491E0E
:1025C000082900D3082181420B9900D23DE78A886F
:1025D00009998A4200D938E70799F183089FB783A0
:1025E000099B3383738309035B02520240028DC649
:1025F0003160EA6C0120103E9A4209D1AA6E9142E4
:102600000B9F06D1288F0899081A411E884100E0C7
:102610000B9F28217054099810900DA8047110A9DF
:102620000F910D96D0F725FEBA892846314600F065
:1026300011F8022220460A9D2946FFF77FFE204618
:102640002946FFF78FFEB2E7E4320020D0320020A7
:1026500000030100A423C15009214901425240183E
:10266000817904220A43827170470000F8B506465A
:10267000DDF7FEFA1C4F3868C068DDF72DFB00253A
:1026800000282FD0009534462A343046DDF755FB1C
:10269000D9F7FFFD054600F02BF828186077386859
:1026A000C068DDF735FB002805D0608B401C6083D7
:1026B000304600F029F83868C068DDF72DFB0125A9
:1026C00000280FD13868C068DDF70EFB002809D15B
:1026D0002078DDF742FC042803D104480068C007D5
:1026E00000D1009D2846F8BDE8320020B0160060F9
:1026F000044800685821405E0D2141434031C81113
:102700007047C046E43200207047000070B50446B0
:10271000DDF7AEFA2A20255C2046DDF70EFB2A34D1
:10272000074E7078012804D12846D9F7C8FD022049
:102730007070608B401C608301203070032070BD7E
:10274000F83200200148002101707047F832002063
:10275000F0B58BB01C4616460F460546DCF77AFCF2
:10276000024607952846069739461746DEF7ECFAE3
:102770003B46052E07D13D211846FFF719FEFF26DF
:1027800030460BB0F0BD0246014628313D462C359F
:102790002878022826D10878401EFF260B28EFD87B
:1027A0000F46400078448088400087440B00970023
:1027B0009A00B400BC00C0001B011F014501530179
:1027C000600163010A20A070012161700320207064
:1027D00007980A461C46FFF7B1FD204600F0E2FAD2
:1027E000022042E1012E05912AD1002048701646B0
:1027F00000271D4618463946DFF774FFA1780329E4
:1028000050D1002863D1E01C3146303108220292B9
:10281000174B984720460B3031462E310222144B7D
:10282000984720460D303146029A114B984715348F
:1028300020360422204631460D4B9847052135E0CD
:102840004878FF260D289BD8E537400078448088DB
:10285000400087440F00100053015C0165018801AE
:10286000C701D8012402EA012902F6010E021B0267
:10287000B92A0410BBE70B20A0700122627003206C
:1028800020700220059948700024079821461D46B3
:10289000FFF754FD284600F085FA2846214600F04F
:1028A00088FA6DE7012812D101273946284605AD7F
:1028B00034CD5170177100F08DFA00222846214660
:1028C000FFF73CFD28462146F5F730FF57E707980C
:1028D00006993246DEF74CFA2B464CE70320387057
:1028E00013E1A0780B2800D045E7042038700221BE
:1028F00018461D4600F05DFA0124079F3846214620
:10290000F5F714FF002238462146FFF717FD284649
:1029100000F060FA34E70B20A07001206070032003
:1029200020700520A1E006203870012185E1029683
:102930002546A61C0024204603930492FA498847A2
:10294000069009902046F8498847F7490A902046A2
:102950008847044617206870032028700894387A46
:102960000002797A09044018B97A09064018C01C97
:102970003060049D2846333000F034FA70600698C9
:102980000006E98D09020818F97B4018B06009AD0E
:10299000681C00F027FAF060200669794018A979D0
:1029A00009024018E97909044018306108AC6078E0
:1029B000A17809020818E178090440187061029EA4
:1029C00008222846049D2946D0F776F820350422AF
:1029D00020462946D0F770F8072038700121079863
:1029E0000A46F9E0082038700426C9E6A0781128C4
:1029F0005BD0072859D00D2857D0042800D0BAE65C
:102A000009203870E01C11460831164608221F467E
:102A1000D0F752F80B343146243104222046D0F747
:102A20004BF82E66012100220798FFF787FC3846F5
:102A300000F0D0F90526A3E6A078112843D00D2890
:102A400041D0052800D096E601210798F5F76EFEE3
:102A50000A200AE00620A070012060700320207088
:102A60000221184600F0C9F90B20387088E60C20C6
:102A7000387017E1A078062800D07CE60492002088
:102A80003870C34800682C21405CC007C10E6F201D
:102A9000C04348401D465A8F3979C0B2012900D041
:102AA00012E1114600F0BAF912E1B94800682C2190
:102AB000405C0001C043802101439020084017463C
:102AC0005A8F1A210CE0B24800682C21405C0001AA
:102AD000C043802101439020084017465A8F0621A9
:102AE0001D46002300F0CCF9284600F0FBF92846EB
:102AF00000F000FA079806993A46FCE00320059991
:102B000048700121184600F054F90B2638E6A078E9
:102B10000B2800D02FE604200599487003262FE6E5
:102B2000A078032800D026E6052005994870E01C0F
:102B300011463031082517462A46994B98472046BA
:102B40000B3039462E310222954B984720460D30E6
:102B500039462A46924DA84715342037042220468C
:102B60003946A84768E0002706978C4D38460393FE
:102B70000492A84709903846A8470A903846A847C3
:102B800004210191A1700D21617003212170089031
:102B9000E11C09A8009002960826814B324698470E
:102BA0000B3408AF38462146019D2A467C4B984796
:102BB000049C2146083100983246029E784B984783
:102BC000774B2434214638462A46984706200599F3
:102BD0004870012207980699FFF7B0FB039800F0B0
:102BE000E1F8CDE56B4800683621415C890604D5E3
:102BF0003630407AC00600D58BE000210798F5F703
:102C000095FD0D27C1E0059FF878002876D00520B6
:102C1000A07001206070032020702A6600211846F1
:102C200000F0EBF808207870AAE5A078062800D01C
:102C3000A1E50A200599487000210798F5F776FD6F
:102C40009EE504920020059D019068705048006840
:102C50002C21405CC007C10E6F20C04348405A8FF2
:102C6000297901290393C0B234D1114600F0D6F876
:102C700034E01846154600F035F9079806992A46BB
:102C8000DEF776F800200599487079E52046194668
:102C90001C4600F039F90C200599487035E00920F0
:102CA0000599487006266BE506202146A070012490
:102CB0004C70032008700B20059948701846214677
:102CC00000F09BF83C705BE50021012300F0D8F890
:102CD000069C07E00021012300F0D2F8039D069C2A
:102CE00001993970284600F0FDF8284600F002F9F5
:102CF00007982146049ADEF73BF841E5204619463D
:102D00001C4600F001F90C207870204600F0F2F823
:102D100036E51F4800682C21405CC007C00E0296B3
:102D2000154603D0192202E06FC504100A226F2154
:102D3000C9434840C1B2E88D01905C8F16480068D5
:102D40000069042307910693D9F7A8FB07270028F9
:102D50001AD006460472200A707230460A303035A6
:102D600008222946D9F73BFA0199080AF074B17490
:102D70000520F0710D20B0713E2070710698307101
:102D800007983146D9F7E6FB029E05984770F7E4AD
:102D9000CC320020E4320020D03200206FC5041075
:102DA000B92A041088214058018880220A430280F1
:102DB000704788228058002907D0012903D0018854
:102DC00040220A430280202100E0402102880A4379
:102DD00002807047882140580188012212020A436C
:102DE00002807047017842781202511882781204EA
:102DF0008918C07800060818704788228058002972
:102E000007D0012903D0018810220A43028008213B
:102E100000E0102102880A4302807047B0B50D46D9
:102E20000446C00606D414480068342140560028E1
:102E300004D4B0BDBF200440072200E017220F4891
:102E400000686107C90E4018006902232146D9F7BE
:102E500025FB0028EDD0014605720020C871032033
:102E600088713020487104200871280A4872204671
:102E7000D9F770FBB0BDC046E4320020D03200204C
:102E8000F8B51E4615460F460446C00606D413483C
:102E900000682F214056002804D4F8BDBF2004400C
:102EA000062200E016220E4800686107C90E40188D
:102EB000006902232146D9F7F1FA0028EDD0014636
:102EC00005728672C7710420887108224A710871E0
:102ED000280A48722046D9F73DFBF8BDE4320020AD
:102EE000D0320020882140580188802291430180FF
:102EF00070470000882140580188024A0A40028039
:102F00007047C046FFFE000070B5044603260670F9
:102F100002252846DFF71CFA002804D0062020717D
:102F20001120354601E006260D20E670A070657080
:102F300070BD0000F0B5C7B01F46154604460791A6
:102F4000DDF702FF08902046DCF784F8FF22062D0B
:102F500000D962E1064606944920800033183446C1
:102F60002C346D007D44AD886D00AF440600100028
:102F700056012900560156015E000799012962D1C8
:102F800008984079002800D1A8E02C2245E1144699
:102F9000B8780E2801D0082877D1F8780021089A4F
:102FA00051719071FA1CB878082806D11078000782
:102FB00003D41888202101431980002040216CE0AF
:102FC000B878072800D18BE01F212C2800D194E08D
:102FD000092800D0BFE004930592FD1C0020402189
:102FE00002902A46334600F01DF908980079C1077F
:102FF00007D0089C2068002208232946F5F73BF9F2
:1030000020798007089D07D5E879002804D00A2098
:103010003856002800D5F8E0049B18882021014389
:10302000198002990391059AADE003203870089E3B
:103030007079002805920AD01B2078700798012823
:1030400033D02C2032E006981446089AD9E00920A3
:1030500006907870FD1C002608222846314604920E
:10306000D9F7C1F83F21012230462B46FBF72CFA55
:10307000B879F7210140B971079801286FD12078FC
:103080000228059A78D1049877E038790899487130
:10309000C0214843803880B27A1D334600F0C2F820
:1030A00000210698F5F742FBADE02B20B870012413
:1030B0002046FBF72DFBF870707938717D1D0021DB
:1030C00018222846D9F78FF87079C02148438038F4
:1030D00080B222462B46FBF7F7F99DE009229CE0DF
:1030E0002078032843D10320314614461D4600F0C2
:1030F000CBF82B4622461A203AE00391188820216B
:1031000001431980089D69793C798C423BD1049335
:103110000592C0214C43803CA0B27A1D03923346F5
:1031200000F080F82879C00707D0E008F8220240B4
:10313000286818230399F5F79EF8EA79FC78A242EB
:10314000069800D3224669799142049B17D2491C04
:10315000697101215EE003910021089D13E006984A
:10316000B870F878089989790140F97054E01F2007
:103170000390089D697906E00E20B8704DE00020AC
:103180000390059A214614462879C0072CD0029155
:10319000049309ADF8212846CFF718FA089840792A
:1031A0001823434308330898006800272946089DE0
:1031B0003A46F9F77DF928680321F1F771F82F6095
:1031C000728F2879800705D4022009AB0399F5F79F
:1031D000B5F808E0687909A90090019102200399E7
:1031E000029BF5F7EDF8049B188820210143198014
:1031F0000B480068417FFD220A40427706980799F4
:103200002A46DDF7B5FD224607E06879401C687163
:1032100001210698F5F78AFA059A104647B0F0BDE5
:10322000E4320020FEB5029301920024154D009176
:103230000E2C26D02E88864220D3361AB7B28F4263
:103240001CD22606F10E0726FB083740019AD35CF4
:10325000FB40DB0726400127B740002B06D0029B2E
:103260005A1883235B00D65C3E4305E0029B5A1844
:1032700083235B00D65CBE43D6540099AD1C641C0E
:10328000D6E7FEBD6893071010B50C46F2F73AFD7D
:10329000C108C9B2012909D8072210400122824081
:1032A000601883214900435C9343435410BD0000E0
:1032B000FEB500910646C01C02AD0227204C2946EF
:1032C0003A46A047701DA91C3A46A047F01D01AC24
:1032D00021463A461A4B98470936A11C30463A46D1
:1032E000174B984729881222FB290ED81B290CD38B
:1032F00002A84088134B984207D8FF224832521C3C
:10330000904201D3002200E0122201A8038800208D
:10331000FB2B13D81B2B11D301AC6488094DAC4295
:103320000CD8E508292D09D3002A07D1009A11816C
:10333000D481938102A8408850810120FEBDC046FF
:10334000B92A041090420000F0B585B002931746E8
:1033500006460491DDF7F8FC03903046DBF77AFE71
:10336000FF22062F00D9DDE0054604469034C04612
:103370007F443F797F00BF440309D520D5D5440061
:103380000498002800D18BE01522CBE01446029867
:10339000039D2946FFF78CFF002800D198E03046B6
:1033A000DBF758FE49218900425A40231343435218
:1033B00030460499F5F7BAF992E002988178072926
:1033C00000D18FE0152900D0ACE00192039F39466F
:1033D000FFF76EFF002800D197E03846294600F03D
:1033E000A7F838462946FEF7A1FE012800D093E051
:1033F000A388E2882188688F2489009400F0CAF8A5
:103400008AE001923046DBF725FE49218900405AC7
:10341000402505400498012811D1002D0FD000212E
:103420003046DDF791FC039CA1888180E188C18052
:10343000304600F0EBF80121304622466FE00920CB
:10344000029948700320087004980128039F0ED049
:10345000DBF7F6FD818A3980C08A7880002D06D09E
:103460006089B880A089F880304600F0CFF8029ECD
:10347000F11C02252D4C38462A46A047B81C711D68
:103480002A46A047381DF11D2A46A047B81D3146DF
:1034900009312A46A0470498012833D1142032E08C
:1034A0000192039F3846294600F042F838462946E3
:1034B000FEF73CFE012807D1A388E2882188688FA7
:1034C0002489009400F066F800213046039A26E033
:1034D0003046DBF785FC304604992A46DDF748FC88
:1034E00022461FE0052029461546FFF7CDFE039A28
:1034F000108B6081508BA08130460499DDF738FC39
:103500002A460FE01520B0700BE03046DBF768FC70
:10351000388B6081788BA081304604993A46DDF77C
:1035200027FC019A104605B0F0BDC046B92A041028
:1035300070B504460088A289904200D3104660828C
:10354000A0882289904200D3104620826688E089B4
:10355000864200D30646E682E5886089854200D32C
:103560000546A5822E20085CDFF77CF800280FD0E6
:10357000A9210901C279042A03D18E4200D80E463E
:10358000E6828079042803D18D4200D80D46A582B9
:1035900070BD0000F8B50D4604461A480068362193
:1035A000415C89062CD53630407A400628D51F4626
:1035B00016461548006800698021262204230093DE
:1035C000D8F76CFF00281BD00146069808748F734B
:1035D0000E738D720C720722CA710B228A713E2201
:1035E0004A71009A0A71000A4874380AC873300A8E
:1035F0004873280AC872200A48728020D8F7AAFFA8
:10360000F8BDC046E4320020D032002080B5DBF7A0
:1036100021FD49218900425A40239A43425280BDEC
:10362000F0B587B0039317460C460546DBF712FD4D
:103630000646284601942146DDF786FB04462846C7
:10364000DFF710F8FF23072F00D97DE104950294DE
:1036500009214901751834462C347F007F44BF8806
:103660007F00BF4407001C0046006E008A00710105
:103670002700910020780199012900D0D4E0022888
:1036800000D010E10298007C032800D15FE10128FE
:1036900000D059E1022002990874172354E1039ADB
:1036A000D07805A988701079C87004981C4600F07D
:1036B000A0F948E12E462178019A012A00D08FE036
:1036C0000229029A049D00D0CDE0117C022900D18C
:1036D00050E1002900D037E11620039988700320BB
:1036E00048700870D07CC870107D0871012010747B
:1036F0002AE100930127049D28463946F1F7DEFAB6
:103700000446062800D0022705A88771039AD178BD
:1037100081701179C1702846DBF79CFC06460021B8
:103720002846DDF711FB02462C20305C022800D031
:103730008DE0FF2006301082062C00D1A7E02A2061
:10374000A6E0039A9078072800D1B1E02F4611280F
:10375000049D00D1C0E0182800D1D3E0172800D084
:10376000F2E005A900200871D07888701079C8703F
:1037700028461C4600F09BF9E5E0039880781C463B
:1037800016286BD02A216AE000939636049F3846AB
:10379000029900F01FFA617D384600F038FA617D29
:1037A000029C384600F034FA6188208832889042C2
:1037B00002D17288914207D07180308072B6A879A8
:1037C00040210143A97162B672B6A8792021014354
:1037D000A97162B6049801992246DDF7C9FA5CE046
:1037E0000229029A049D48D1117C052900D1E1E00B
:1037F000002900D0A8E000931821039B99700521AF
:103800005970174603241C70017AD970407A1871D8
:10381000591D02223046CFF74FF93C7430880028FA
:103820003BD028460199BEE0022838D1029E307C68
:10383000032800D082E01C46707C05A90871049D15
:103840002846324600F0E5F9002853D17BE0062CEB
:103850002BD105A9284600F0CCF81EE023213046E4
:10386000FEF7A6FD6FE016200399887003204870CC
:103870000870D07CC870107DA5E01720039988706F
:10388000032048700870507DC870907D9BE0232015
:10389000907400212846F4F749FF009B54E002226F
:1038A0000498FEF74BFD18234EE00021284694E7CC
:1038B0001E4605A90720887000204870D07808703F
:1038C000029F787CC870049D284600F0FAF92078A1
:1038D0003C46032827D02AE005A911208870D0781B
:1038E000087010794870029E707CC87028461C468B
:1038F00000F0E7F92846314600F06CF928460199B6
:1039000032461EE01E46D01C05AC05222146CFF7EC
:10391000D3F8029A507C207128462146144600F0C4
:1039200078F9002851D02846214600F053F928465E
:1039300001992246DDF71CFA334605E00498324629
:103940001C46DDF715FA2346184607B0F0BD1C46A5
:10395000029E707C05A90871049D2846324600F03D
:1039600058F9002842D02846314600F033F90121A9
:103970002846C5E700931821039B997005215970CB
:10398000174603241C70017AD970407A1871591DAA
:1039900002223046CFF790F83C743088002800D1DE
:1039A0007BE701212846FEF7F4FCB07910210143A2
:1039B000B17172E716200399C87011208870032036
:1039C00048700870907C0871BEE7019C012C04D1FE
:1039D000012102222846FEF7B1FC28462146FEF7C7
:1039E000C1FCB87910210143B971A5E704203074F6
:1039F000A9E7F0B585B00F460446DBF72BFB05467B
:103A0000002120460291DDF79FF906460120019032
:103A10007074B878F074F87830759220285AF08174
:103A200003A804710396CFF75CFC2C20285C2C358E
:103A3000022808D1707C38712046394600F037F8EA
:103A40000298307425E02046DEF70CFE817871750F
:103A5000C778B775337D0B40DBB2002B19D0817965
:103A60008B4216D0D90702D0019A114601E00221FB
:103A7000019A5B0700D50421F37C1F407B0703D428
:103A8000C079001F42424241009601232046F5F7CB
:103A90002DF800212046F4F749FE2878022804D1A9
:103AA000002102222046FEF749FC05B0F0BDFEB51C
:103AB0000D460446DEF7D6FD064628790128029019
:103AC00014D1002520462946DDF73EF90746027D40
:103AD000C37C9342019505D1032B02D3042B019D96
:103AE00000D10125F0781840B37814E00121204678
:103AF0000191DDF729F90746AB784375EA788275BD
:103B00000025934204D1032B01D3042B00D10125BE
:103B1000387D1840FB7C1340002D02D083420346C1
:103B200007D10021002B0A460AD0DA0704D001226F
:103B300003E0002211460DE004229B0700D502227B
:103B4000002807D0C10701D0012100E0042180072F
:103B500000D50221B37900209A42034600D01346D3
:103B60003372F279914200D0084670722046DBF73A
:103B700071FA0546FA35717A002902D1317A0029A5
:103B800018D0034642332A88018F1888FEF7FAFBC3
:103B9000E884317A00290FD0F07900970840400777
:103BA000C20F01232046F4F7A1FF317A2046F4F733
:103BB000E5FF01E00020E8840298012809D02046B2
:103BC000019D2946F4F7B2FD022220462946FEF760
:103BD000B5FBFEBDBCB50D460446DEF743FD00282F
:103BE00007D08179C079042807D128460C300122FA
:103BF00005E0A81D0022012101E0A81D0022008887
:103C00006880009500232046F4F770FFBCBD704724
:103C10007047FEB501920C460646DBF71BFA0746D5
:103C20003046DEF71FFD05462C200297395C03293C
:103C300013D127780120042F30D8032F2ED062789B
:103C4000042A2BD8032A29D009235B010298C31820
:103C50006A722F7262881A8000E02F7A002F02D1D8
:103C60006A7A002A16D00020032917D1697A002920
:103C700014D0EA79019B00933A405207D20F0446D0
:103C800001233046F4F732FF697A3046F4F776FFC5
:103C9000204603E021790120002900D0FEBD044622
:103CA000E97903204A0700D50146029A528FAB7981
:103CB0000091590700D5034680200021DEF7F8FE69
:103CC000E6E77CB50E460546DEF7CCFC0446284602
:103CD000DBF7C0F90546B078072809D10820294646
:103CE000FFF7D2FA0B202946FFF7CEFA1A2100E09F
:103CF0007178F078002800D07CBDE6790320720747
:103D000000D506466A8FA37900965C0700D5034666
:103D10008020DEF7CDFE7CBDF0B585B01C46164692
:103D20000F460546DDF710F802902846DBF792F9BA
:103D3000FF22062E00D9B2E00346C0467E44367903
:103D40007600B744031AAC25ACAC3F00012F4AD132
:103D5000492080001C18185AC105029E6CD52846BF
:103D6000314600F0A1F8012128463246DDF700F87F
:103D700021884C480840FF225FE01E4601922846F9
:103D8000F4F770FA00283BD028463946029A68E0DA
:103D9000A0780C2800D082E0E01C01920522029E4F
:103DA00031461C46CEF788FE284639463246DCF7B7
:103DB000DFFF608F314600F089F82846314600F079
:103DC00073F850E0164604A830210180012F50D12D
:103DD00049208100585A820547D501212846029A78
:103DE000DCF7C6FF45E0284639461446029E3246B7
:103DF000DCF7BEFF2846314600F056F822464EE07A
:103E0000E01C05220092029C2146CEF755FE314669
:103E10003C312046009ACEF74FFE492081007018B1
:103E2000715A0A060DD4012252021143018028461C
:103E30003946F4F77BFC16E00C2280218843208071
:103E40002DE00122120211430180708F029C214655
:103E500000F03CF82846214600F026F8284639466E
:103E60002246DCF785FF019A19E059188022104399
:103E700008801020E0700C20A070062060700320E5
:103E80002070211D04A802252A46CEF715FE03A89E
:103E900020210180A11D2A46CEF70EFE3246104693
:103EA00005B0F0BDFFFE000010B50C46DBF7D2F800
:103EB0000146492080000A5A102313430B523C311B
:103EC00005222046CEF7F8FD10BD000070B50C4667
:103ED0000546104800683021405C000719D50E489F
:103EE00000688069022121220323D8F7D7FA00282D
:103EF0000FD00646001D29462246E2F7B5FD0820F0
:103F0000B0710C2070710420307102203146D8F756
:103F100021FB70BDE4320020D0320020FEB5044603
:103F2000AE20275C01253D40BA07D00F281879073D
:103F3000C90F4018401EC0B2AE34267CB0420FD12B
:103F4000019201200290D8F7A1FA012E0AD0022E88
:103F50000ED1C0B20621CFF7A3FE12A0405C12E042
:103F6000607C11E002990840002D04D10CA108E00A
:103F7000B808381A07E00199002901D407A100E028
:103F800005A10818007860747100C2B2CA4003200D
:103F900010402430FEBDC04606090000070D000099
:103FA0000B0E00001B1E272D36390000B0B5FFB0E8
:103FB00083B00C4605468B68CA8889886846801D90
:103FC00000F01AF8280702D5A068DAF750FD684615
:103FD000817A8900CA1D8270120AC270052202719C
:103FE000044A02800C2242710B31E8F7ACFD7FB02D
:103FF00003B0B0BD82FF0000B0B51C465B88150A57
:10400000C57082700A0A42700170591E8A080271D6
:10401000A589431D8AB2681C81B22046EFF743FB95
:10402000B0BD0000B0B5FFB083B00C4605468B684C
:10403000CA8889886846801D00F01EF8280702D5C6
:10404000A068DAF714FD6846C17A039A1202511883
:104050000A4609328270120AC27004220271054AAD
:1040600002800C2242710D3189B2E8F76CFD7FB0FD
:1040700003B0B0BD82FF000070B51C4605465E88E7
:10408000100AE870AA70080A687029709889401CA4
:1040900081B2184600F00EF8B11E0A0AAA716971C1
:1040A0002871A089EB1D8AB2801C81B22046EFF7EF
:1040B000FAFA70BD1CB51F2903D801AA1180406807
:1040C00005E0406801AC2246DAF710FE218840186E
:1040D00000791CBDB0B5FFB083B00C4605468B68B7
:1040E000CA8889886846801D00F01AF8280702D51A
:1040F000A068DAF7BCFC6846C1890A460C328270B7
:10410000120AC2700C220271044B038042711031FA
:1041100089B2E8F718FD7FB003B0B0BD82FF0000A0
:10412000FEB51C46174602910546588801909889AD
:10413000401C81B21846D9F751FB0646A089C01C25
:1041400081B22046D9F74AFB0199491F0A0A6A72CF
:104150002972A871320A6A712E713A0AEA70AF7038
:10416000029B1A0A6A702B70000AE871A0890A354E
:104170008AB2401D81B220462B46EFF794FAFEBD6D
:10418000B0B5FFB083B00C4605468B68CA888988F5
:104190006846801D00F01CF8280702D5A068DAF7F1
:1041A00066FC684641890A4608328270120AC2706B
:1041B00008220271054A02800C2242710C3189B238
:1041C000E8F7C1FC7FB003B0B0BDC04682FF00007D
:1041D000B0B51C465B88150AC57082700A0A427029
:1041E0000170591E01710A0A4271A589831D8AB2A4
:1041F000681C81B22046EFF756FAB0BDB0B5FFB0EB
:1042000083B00C4605468B68CA8889886846801D3D
:1042100000F01EF8280702D5A068DAF728FC6846E7
:10422000C17A039A120251180A4609328270120AA0
:10423000C2700A220271054A02800C2242710D31BD
:1042400089B2E8F780FC7FB003B0B0BD82FF000008
:1042500070B51C4605465E88100AE870AA70080A08
:10426000687029709889401C81B21846FFF722FFB8
:10427000B11E0A0AAA7169712871A089EB1D8AB260
:10428000801C81B22046EFF70EFA70BDB0B5FFB0CA
:1042900083B00C4605468B68CA8889886846801DAD
:1042A00000F01EF8280702D5A068DAF7E0FB6846A0
:1042B000C17A039A120251180A4609328270120A10
:1042C000C27006220271054A02800C2242710D3131
:1042D00089B2E8F738FC7FB003B0B0BD82FF0000C0
:1042E00070B51C4605465E88100AE870AA70080A78
:1042F000687029709889401C81B21846FFF7DAFE71
:10430000B11E0A0AAA7169712871A089EB1D8AB2CF
:10431000801C81B22046EFF7C6F970BDB0B5FFB082
:1043200083B00C4605468B68CA8889886846801D1C
:1043300000F01CF8280702D5A068DAF798FB684659
:1043400041890A4608328270120AC270092202713B
:10435000054A02800C2242710C3189B2E8F7F3FB66
:104360007FB003B0B0BDC04682FF0000B0B51C46B0
:104370005B88150AC57082700A0A42700170591E66
:1043800001710A0A4271A589831D8AB2681C81B233
:104390002046EFF788F9B0BDB0B5FFB083B00C464A
:1043A00005468B68CA8889886846801D00F01CF81D
:1043B000280702D5A068DAF75AFB684641890A4601
:1043C00008328270120AC2701E220271054A0280EF
:1043D0000C2242710C3189B2E8F7B5FB7FB003B013
:1043E000B0BDC04682FF0000B0B51C465B88150A10
:1043F000C57082700A0A42700170591E01710A0A62
:104400004271A589831D8AB2681C81B22046EFF7EC
:104410004AF9B0BDB0B5FFB083B00C4605468B6815
:10442000CA8889886846801D00F01CF8280702D5D4
:10443000A068DAF71CFB684641890A460832827098
:10444000120AC27007220271054A02800C224271D0
:104450000C3189B2E8F777FB7FB003B0B0BDC0463E
:1044600082FF0000B0B51C465B88150AC5708270DB
:104470000A0A42700170591E01710A0A4271A58927
:10448000831D8AB2681C81B22046EFF70CF9B0BDDB
:10449000F8B50446C00628D41F4616460D461548F2
:1044A00000686107C90E4018006962220323214693
:1044B000D7F7F4FF00281AD00146067385720C2046
:1044C00048721C2008723A460027CF710720887175
:1044D0008A73FF20487182200871300A4873280AC5
:1044E000C8722046D8F736F802E0862700E0072792
:1044F0003846F8BDD0320020F0B5FFB086B00C468B
:1045000005460B89CA8889886089A6892769009031
:104510000196029703A8801D00F01CF8280702D519
:104520002069DAF7A4FA03A8C1890A460C3282701E
:10453000120AC2701B220271054A02800C224271CB
:10454000103189B2E8F7FFFA7FB006B0F0BDC0467F
:1045500082FF000070B515460446059A0272049861
:10456000A0712371A5702170160A6672000AE071AD
:10457000180A6071280AE070080A6070069881893C
:104580000A34491D89B22346EFF78DF870BD00004B
:10459000F8B50446C00620D41F4616460D461148FD
:1045A00000686107C90E40180069122205232146E0
:1045B000D7F774FF002812D001460898079A069B87
:1045C00048610A82CB818F814E810D810648486007
:1045D0002046D7F7BFFF0020F8BD8620F8BD072092
:1045E000F8BDC046D0320020F9440710B0B5FFB086
:1045F00083B00C4605468B68CA8889886846801D4A
:1046000000F01CF8280702D5A068DAF730FA039901
:104610000A460A3268468270120AC2700E2202717D
:10462000054A02800C2242710E3189B2E8F78BFAFA
:104630007FB003B0B0BDC04682FF0000F8B51C4695
:1046400017460E460546588800909889401C81B24E
:104650001846D9F7C3F80099C91E0A0AEA71A97168
:1046600028713A0AEA70AF70320A6A702E70000A36
:104670006871A08908358AB2C01C81B220462B46D9
:10468000EFF711F8F8BD0000F8B50446C00625D4D0
:1046900016460D46144800686107C90E40180069A7
:1046A000602203232146D7F7F9FE002818D00146DF
:1046B000067385720C204872172008720027CF718C
:1046C00006208871FF20487182200871300A4873E3
:1046D000280AC8722046D7F73DFF02E0862700E08F
:1046E00007273846F8BDC046D0320020F8B504464A
:1046F000C0062ED41F4616460D46184800686107AE
:10470000C90E40180069612204232146D7F7C6FE6E
:10471000002820D00146069808748F730E738D729E
:104720000C224A7219220A722B460025CD710A22E8
:104730008A71FF224A7182220A71000A4874380A7B
:10474000C873300A4873180AC8722046D7F702FFA8
:1047500002E0862500E007252846F8BDD03200207B
:10476000F0B5FFB086B00C4605460B7ACA8889883A
:104770006089A689276900900196029703A8801D89
:1047800000F01EF8280702D52069DAF770F903A8AF
:10479000417B827B120251180A460B328270120A48
:1047A000C2701A220271054A02800C2242710F3136
:1047B00089B2E8F7C8F97FB006B0F0BD82FF00000B
:1047C000B0B515460446059AC2710498607123710C
:1047D000A5702170130A2372000AA071280AE070E4
:1047E000080A6070069881890934C91C89B2234679
:1047F000EEF759FFB0BD0000F8B50446C00620D45E
:104800001F4616460D46114800686107C90E40183C
:104810000069112205232146D7F740FE002812D057
:1048200001460898079A069B48610A82CB810F735C
:104830004E810D81064848602046D7F78BFE002048
:10484000F8BD8620F8BD0720F8BDC046D032002054
:104850006147071080B540690149FBF707FE80BD3D
:1048600025A30710F0B5C3B00C4608796946087156
:10487000CD1D103401260027C0B287421FD2A81ECA
:104880002146083909780170681EE11F0978017016
:10489000A11F06222846D7F7A2FC2278AA716168D8
:1048A000E81DD7F79CFC20782918227ACA7136189F
:1048B0000A360A3514347F1C68460079DCE76846FE
:1048C0000221C17004490180711C8170F1B2091D7F
:1048D000E8F739F943B0F0BD043E0000F8B51F46D3
:1048E00016460D460446C0060BD41748006836210C
:1048F000415C890627D53630C07A800723D51F2230
:1049000002E0BF2004401122104800686107C90E70
:104910004018006903232146D7F7C0FD002812D0B4
:1049200001460F20C872FF2088720F734E720D72FD
:104930001220C871062088713E2048710420087139
:104940002046D7F707FEF8BDE4320020D032002021
:10495000F0B5C5B00C46087902AF38710E37113486
:1049600001220021274EC0B281423BD2384609388D
:10497000019121460939098801700092FA1FE31F4D
:104980001B781370090A4170B81FA11F06252A461B
:10499000B0470520205A7871217839706178797094
:1049A000A178B970E178F97021793971E179F971FB
:1049B000000AB87138460830214608312A46B04707
:1049C000A27BBA730F20215838460F30B047009AA7
:1049D0000199A07B1218183219371C34491C02A8FF
:1049E0000079C0E702A80D21C17005490180511C62
:1049F0008170D1B2091DE8F7A6F845B0F0BDC046F8
:104A0000043E0000DFC1041070B588B004460028E1
:104A100005D06846FF212022D7F7E5FB04E02031CE
:104A200068462022D7F7DBFB194800682C21405C40
:104A3000C007C50E01D10C220AE0164800683621D5
:104A4000415C890622D53630807AC0071ED01B22F1
:104A5000122045401048006880690A232946D7F78C
:104A60001DFD002812D00646047209306946202236
:104A7000D7F7B5FB0920F0712220B0713E2070718C
:104A80000420307128463146D7F764FD08B070BD68
:104A9000CC320020E4320020D0320020F0B5C5B086
:104AA0000C46C87902ADE87109792971617969719B
:104AB000A179A9710E35103404270021C0B28142BA
:104AC00027D2A81F01912146083909780170681F73
:104AD000E11F09780170281FA11F09780170E81EE5
:104AE000611F09780170A81E211F09780170681ED6
:104AF000E61E3278027021682846D7F770FB0199CC
:104B000030783818871DED1D0C34491C02A8C07977
:104B1000D4E702A82821C17004490180791C817062
:104B2000F9B2091DE8F70FF845B0F0BD043E0000EA
:104B300070B590B0044600280CD10D46204800689E
:104B400064302022D7F74BFB2035684640222946A7
:104B5000D7F745FB1B4800682C21405CC007C50EF9
:104B60001FD10B221220454017480068806912238C
:104B70002946D7F793FC00281ED006460472093058
:104B800069464022D7F72BFB0820F0714220B07114
:104B90003E2070710420307128463146D7F7DAFC88
:104BA0000AE0074800683621415C890604D53630A2
:104BB00009214056002801D410B070BD1A22D1E757
:104BC000E4320020CC320020D0320020F8B50E466E
:104BD0000546154800683621415C890622D53630E5
:104BE000C07A40071ED51446104800684069A121CC
:104BF0002B220323D7F752FC002813D00746467216
:104C000005720A3006222146D7F7E9FA1320F87117
:104C10000920B8713E20787104203871A1203946EE
:104C2000D7F798FCF8BDC046E4320020D03200200F
:104C3000054800688421415C84308078814201D835
:104C40000020704701207047E432002005480068CA
:104C50008521415C85308078814201D800207047F1
:104C600001207047E432002080B50349C97A8142AF
:104C700001D3FCF79DFD80BD5831002080B540690F
:104C80000149FBF7F3FB80BD694C0710F0B58BB011
:104C900001930092044641208500DDF7FBF90146AF
:104CA0006059B422A25800F06FF80746A420205A99
:104CB000000725469435002805D40120D7F757FC76
:104CC0002E490140CF192646B4362046F3F7C2FDDF
:104CD0002868698A002902D1F179012903D0C11B12
:104CE00031D500282FD0B07900282CD0288A000791
:104CF0001ED509A900228A80099202A801234376C1
:104D00003C238376FF238375C2811D4B8382636FAF
:104D10001C7A04768281C27503910933029306924C
:104D20000491DBF79BFEB07B800701D5CEF7E6F957
:104D30000220F3F791FF0124012809D16A8A002A91
:104D400009D03C2108E00098076001980760022420
:104D500020460BB0F0BD43210A4800682C23C05CFC
:104D60000001C043A1230343B12018402B7D9A1AB0
:104D7000D3B2AA7DFFF7B2FDEAE7C046FF0F0000FD
:104D8000FFFF0000CC32002070B50346012400264E
:104D90008B42254600D335468018984200D33446CE
:104DA000254201D18842F1D370BD0000F0B58FB02B
:104DB0000546DBF7B3FC064600F0E8F807462C464C
:104DC000A0340895C735079500F0ECF8002F36D0D1
:104DD000059000F0F3F8049000250E950D953078BD
:104DE000C0090DA90870481C3146083106273A460B
:104DF000D7F7F5F90C950B9530784006C00F0BA945
:104E00000870481CB11C3A46D7F7E9F90696307885
:104E10000F270740052F01D1D7F77DFAE37B2279D1
:104E2000029509AE01960898843000900BA8394687
:104E3000CEF7C9F841087E2909D8014608E00023C9
:104E400000281E465CD100262680012358E001215F
:104E50003170089A526F13680D9EB34227D1526881
:104E60000E9B9A42069E23D10546FF3D6A1E954140
:104E7000032F1DD1FF281BD0A0880125800717D53F
:104E80000498012814D1607E012808D160893D4A28
:104E9000904204D0C0B209AA521CFFF797FE012627
:104EA000079806700021089800F092F825E0069E09
:104EB000A088C0071FD0052F1DD1304600F0B6F8DE
:104EC000012818D10A990998F3F7DAFA41424141C9
:104ED000294001290FD1049801280CD109AA08986A
:104EE0003146CEF716FA002849D0D7F714FAFF203A
:104EF0002077042540E00026268005984342434160
:104F00002188A27F002A17D0002917D1D7F703FAEA
:104F1000002507980570A07F401EA077A088032178
:104F20000140481E8141480020800121089800F07E
:104F30004FF8D7F7F9F91AE0002912D00025002B15
:104F400015D1607C012801D00F4900E04621089866
:104F50001430DAF778FF2088401E2080DAF788FEC8
:104F600005E0D7F7D8F9E088401EE0800325002E41
:104F700002D02088401E208028460FB0F0BD0026B9
:104F8000BBE7C046FCFF0000EE02000080B504480D
:104F90000068C068DAF7BCFE411E884180BDC0468B
:104FA000E832002080B504480068C068DAF7B8FE2F
:104FB000411E884180BDC046E832002080B5F0F730
:104FC00075FB02480068007880BDC046E8320020CA
:104FD000F8B50D460446B120205CDBF71BFA064607
:104FE0002746B137F87A3146DBF7A7F8F87A314629
:104FF000DBF76EF8F87ADBF790F82046002D09D041
:10500000FEF78CFF0146F87ADBF715F82046DAF751
:10501000EFFE01E0DAF791FEDAF72AFEDAF7AEFDED
:105020000246B87D214600F067F8F8BDF0B587B0BC
:105030000446007E617E09020D186A1E082A00D30C
:105040000822A07E0490E07E0390607D0121284F1D
:105050000191B8470646A07DE17D090208180021AC
:1050600006912A46B8472B46029505463543214806
:1050700000682D21415C1920C20118460592B847ED
:105080003B4606462E430398000204994718FF2228
:10509000F43238460699984705463543781C0299FC
:1050A0004843800881B20A2900D80A21207F627F04
:1050B00012021018059A0E4EB04705432320215CBA
:1050C0001F20084005211022B047284301D0069830
:1050D0000CE0204622300078C00606D11E2022288F
:1050E000F5D0215C401C0029F9D0019807B0F0BD33
:1050F000092D0410CC320020FEB514464F6F002855
:1051000034D0CB6B42310888851DC0B20290042098
:10511000064620703878C00703D02078402101432C
:105120002170012E14D13E4608363078C00703D0D6
:1051300020788021014321706570A01C791C062510
:105140002A46D7F74CF80834711C20462A460AE054
:105150006570A01C791C06221D46D7F740F808345C
:1051600020462946029AD7F73AF8FEBD0846A430F1
:105170000288500712D4032002408B6AC88D851D17
:10518000C0B202900620022AC2D0504250414000D4
:105190002070002A13D00193002605E00126267016
:1051A00000200C2502900190DCF76EFF002804D04F
:1051B000217820200843019BABE7019BAAE7022648
:1051C000A8E70000801EC1B2022904D840B2400006
:1051D0000249085A704728207047C04662220410CE
:1051E000FEB50C468021415C49060CD48030218AF2
:1051F0006288521A93B2458AAB4209D9207AF722C3
:105200000240227201E0218A257B1020019005E0F6
:10521000E069431E9841000101901546002902D122
:10522000207A800701D4012000E0022002900E487D
:1052300000688827C059001DE28951181F260E40BA
:10524000A9198AB2A16900F011F860612573064BB3
:105250001868C05930180199029A11438170186872
:10526000C0593018C570FEBDE432002010B5521E82
:105270001F2313439AB2531C9AB29A4201D00022C0
:105280000DE053090A460021541864684450091D72
:105290002029F9D1116820305B1E1C04F2D1104680
:1052A00010BD0000F0B599B00646008E401C308657
:1052B0002D20305C002808D04120345CD7F72BF833
:1052C0002046DBF7B5FB0426B4E2FF2420460E306F
:1052D0003018089030462C300B90354680353746D4
:1052E000AC373046E4300A90F1480068C068DAF71D
:1052F00017FD099000280C950D963CD03C4637468A
:1053000014363046DAF719FD3046DAF711FD287801
:10531000800775D408963846DAF71AFD064628370E
:105320000B980078032800D0A2E00898DAF710FD67
:105330000546BE4213D0317803200A460240032AB4
:1053400008D1890600D40220305C062802D10D98CD
:10535000FDF7D0FD0C9A10684021014311602878B8
:1053600031780143C80600D588E00C980078C00663
:1053700000D581E08DE0049405973046DAF7DDFC36
:105380003046DAF7D5FC0EAC00202076A0740790EA
:10539000E07500F09FFC0646C54F3868C068DAF734
:1053A000A3FC0546401E8541354365753868C068D5
:1053B000DAF7B9FC0746401E394681412174012DB8
:1053C0002BD1D6F7A8FF0A9DA868002802D0C18873
:1053D000491CC180E86800280B9C09D0607DDAF781
:1053E000A5FD4000E96808189421425A521C425217
:1053F00025460EA8012484740C9A10680026DCE06F
:10540000D6F789FF13200B99487000200899487639
:105410000873087004260A9CD5E1A54908680C4663
:10542000C068DAF775FC0546401E294681410EA882
:10543000039141740C9E31784909012206928A43F6
:1054400002752068C068DAF743FC04469848006893
:10545000C068DAF745FC002C78D03078C00600D55B
:1054600082E0DAF705FC306810210143316080E00A
:10547000286840210143296001250DE0DCF70AFE80
:105480000D9A516C081A6168401802D4D16E884296
:10549000F2D2D6F740FF00250D98EFF70AF902285F
:1054A0003DD10C9880680068C10615D4400636D5F9
:1054B0000B98407DDAF7DEFC0C9B9868016840226F
:1054C0009143016018680821884318601320D7F7BA
:1054D0008DFAD7F7E7FA22E0079500200F900E909B
:1054E0000B9D687DDAF7D6FC687D0EA9DAF7B1FD71
:1054F0002878032803D10B98407DDAF7C3FD0C9B75
:1055000098680168102291430160186808210143DE
:1055100019601320D7F76AFAD7F7C4FA079DBE427D
:105520000A9F01D0388A7882002D089806D0216819
:10553000DAF789FC00260C9D3C4644E13C46B868FD
:10554000032600280C9D00D03AE13CE16942694104
:10555000424242410A4324D00C9A106810218843E9
:1055600010600026069622E0D6F7D5FE0EA8069912
:1055700081740A9D0B9C079EA868002802D0418870
:10558000491C4180E868002809D0607DDAF7CEFC2C
:105590004000E96808184A21425A521C42520C9AAB
:1055A00006E0D6F7B8FE0EA83D2606760C9A0B9CB0
:1055B0002546116820200843069C794279418901DB
:1055C0004023984340181060002C05D00EA8047E9C
:1055D000002C44D1002644E0079602930D98143025
:1055E000DAF7B6FB06460F900178032001400EACB7
:1055F000069161733178890600D40220305CE07333
:10560000EFF73CFA20730D9A916E51660123002F3B
:1056100009D00C990968194005D01624D6F77BFEED
:105620000EA804761BE00C9989684978C907039A8B
:1056300012D0110610D00699032908D13D24122852
:10564000ECD8194681401B48014205D1E6E7707845
:10565000002801D03D24E1E7079C002C2ED06C707F
:1056600004260EA8407D00280A9C0C9D00D09BE0DB
:105670000D98806C002875D016A8DCF71BF801285F
:1056800010D1CDF7E6FB012853D10B9880780E217D
:1056900041430948006890228058C06B80684018D8
:1056A000C07947E0D6F737FE0EA80121817459E092
:1056B000E832002002000600E432002007930D9833
:1056C0001446DAF745FB05460EA800218175C17422
:1056D00010950E912006019100D141E10B980078C0
:1056E000022815D1307829780143C8060BD5DCF79C
:1056F000D1FC0D9A516C081A116D401803D40D9904
:10570000C96E884204D2D6F706FE0EA80121817424
:105710007478002C00D123E10C980068082505401E
:1057200000D1A0E0CDF78DFB012800D18AE01C203C
:1057300089E001200D9F7C6C169DDAF72BFD281A5D
:105740007864B96C091B0818059A5168814201D91F
:10575000081A506000210D988164416300F0C6FA78
:105760000A9C0C9D0EA8007D012803D10D99886E1E
:10577000486604E01220D7F739F9D7F793F9A06803
:10578000002802D00188491C0180E06800280B9F96
:1057900007D0787DDAF7CAFB4000E1680A5A521C4C
:1057A0000A52B878CDF77DFD0EA8807C01280AD179
:1057B0002868102188432860A0680326002802D0AA
:1057C0008188491C81800D9800F0BEFAF01E0128E6
:1057D0001BD82F46ED68002D19D00B9C607DDAF7A1
:1057E0008BFB02462946103101232846EEF71AFFAB
:1057F000607D0A9CDAF77AFB0146203508222846AC
:10580000CDF75AF90020F86001E0DAF731FA00F03C
:1058100061FA099900290DD100280BD1D6F739FD7D
:105820007F2804D00546FCF763FF281820700D98E8
:10583000CDF73BFD0120F7F7C3F8D7F733F9304632
:1058400019B0F0BDFC2020420DD07078001F7070A0
:1058500002200A9988711320D7F7C8F8D7F722F9E0
:105860000EA8407B06900698032811D10EA8C47B91
:10587000022C0A9F18D10F984078022814D10EA844
:10588000012181750C9E306802210143316041E0A5
:105890000B9E307803280A9F16D17878002813D001
:1058A00002200E9901434CE00D98F7F72BFA0028DF
:1058B0000C9E1FD00B9C607DDAF762FC002D29D076
:1058C000607D00F058FA25E00F9C6578CDF7B9FAB5
:1058D000012801D01F200490049828401FD00546BD
:1058E0000D9801990167FFF7A3F900281AD002204B
:1058F0000E9029E00B980078032808D1272C06D1B8
:105900000F9840780B2802D10EA80121C1750EA86E
:105910000121C174306880210143316017E0019892
:105920000E9014E020788006C00F2A180D9C618F1D
:105930000798DDF7E7FC2067002801D0079900E011
:1059400002210E91880702D5707DDAF719FC0F98B5
:105950000078398A7982202101400EA88173109D38
:1059600001210D9C20460691EEF756FE2246283274
:10597000A76F002F11D0397A09070ED5F9690029D0
:105980000BD0854209D0954207D014460C9A116875
:10599000029B99431160224604E00EA9097C00296C
:1059A0000C9E17D08542079218D095422AD078696C
:1059B000B861397B019C3C733A8A511839828AB2AA
:1059C0007B889A4219D2FA895118C90617D1006802
:1059D000B86114E0DAF74CF90B9DE0E003210D9C6F
:1059E0002046EEF786FE2046DAF7A1F9A8782728A8
:1059F00008D10EA80121C17504E0FF6904240E98A6
:105A000020430E900D9C204600F0C7F90546204625
:105A1000EEF74FFE0EA98C7D002C20D101281ED15F
:105A200001270D9D28463946EEF7F6FD0446284627
:105A30002146DAF79FF92078800607941FD4214683
:105A40002C46887827280C9E48D002284ED1A06E7C
:105A50000721089A505030683843306046E0FFF71D
:105A6000F5F800281BD0DAF703F90EA8407C0028CF
:105A70000BD00D9C0C9E07990B9D06980AE02C46B6
:105A80002846DAF776F90C9E30E011200D9C0C9E2A
:105A900007990B9D20852046DAF76CF973E0002FFB
:105AA000E1D0012DDFD0012CDDD0DAF7E1F8884814
:105AB000006888214058398AFA8951181F220A4003
:105AC0001018811C0D9C20460791DAF753F92046E7
:105AD0003946FFF785FB67670C9E53E00B9A907D74
:105AE0004871D07D887100200A990882B0680068EA
:105AF000010716D4800611D50B98407DDAF7BAF964
:105B0000B068016820229143016030680421884315
:105B100030601320D6F76AFFD6F7C4FFDAF7A8F88B
:105B200021E00020179016900B9D687DDAF7B2F9FE
:105B3000687D16A9DAF7D7FA2878022803D10B98DE
:105B4000407DDAF7DDFADAF793F8B06801680822E9
:105B50009143016030680421014331601320D6F77E
:105B600045FFD6F79FFF02212046EEF7C2FDB06841
:105B700001684A0706D50422914301600899487ECE
:105B8000384348760B9D01212046DCF7ABFD012808
:105B9000079904D14878002801D0001D48700E985C
:105BA000810706D53178090703D5687D00F0E3F851
:105BB0000E98410706D50D987830D8F766FFEEF7B6
:105BC0009BFF0E98C00728D00F984478CDF739F97D
:105BD000012801D01F2200E0FF2222400D9C206FEF
:105BE00042800F990B789B0602D40023037302E0D6
:105BF00001230373521C4068891C00F0D4F8206F05
:105C00000024C4610F99097803220A40017A1143E4
:105C10000172FAF713FA0D9804670EA8C07C0128E8
:105C200045D10F980178890601D5032100E00221B2
:105C3000405C0EA9C8732A2801D01C2803D1E88A29
:105C40001521089A505200210D98EEF7E5FC064602
:105C50000F98007830700F9840787070CDF7E8F9A1
:105C60000546EFF745FEEAB2C1B21046D9F7E2F8B1
:105C70000EA9897B202901D0022100E003210C9D7F
:105C80000F9A5118001FC3B252789A4200D30246AD
:105C9000D2B2B01CD6F7A3FA6868016801220A43A1
:105CA00002601620D6F7A2FED6F7FCFE0B9D0EACC6
:105CB0000D982146CDF761F9A07B202800D085E41E
:105CC0000F98807881090D9800F084F87EE4C04632
:105CD000E432002080B504480068C068DAF71CF898
:105CE000411E884180BDC046E832002070B50446A0
:105CF00006462C360546AC35CDF7ABF801280BD15E
:105D0000B0780E2141430E48006890228058C06B45
:105D100080684018C07900E00120DAF73BFA0949B1
:105D20004843000A103028603278032A07D1626B9A
:105D3000A36C5B009A185143090A0818286070BDCB
:105D4000E432002071020000B0B5054641202C5C11
:105D50002046DAF7DFF880216958002805D0480787
:105D600005D42046DAF786F8B0BD0807F9D52046F5
:105D7000DAF790F8B0BD1CB504466946DAF7DDF8ED
:105D80000098411E0091002802D10198401E019008
:105D900069462046DAF75DF91CBD88214058008825
:105DA000C0B2C0097047B0B5521E1F2313439AB248
:105DB000531C9AB29A420CD15209031D00240D596A
:105DC0001D51241D202CFAD100682031521E1304CD
:105DD000F3D1B0BD70470000F8B50546D9F7B8FF5C
:105DE0000446012628463146EEF716FC2C21695C54
:105DF00002293AD1844238D028462830844205D03E
:105E0000696F2846FFF7ECF9002621E02F4680371E
:105E10002846FFF7C2FF3978490619D4AF6F002F23
:105E200016D0002814D11148006888214058398ABA
:105E3000FA8951181F220A401018841C284621464E
:105E4000D9F798FF28463946FFF7CAF96F67DBE7AD
:105E500001212846DCF746FC002E06D16178002996
:105E600003D0002801D0081D6070F8BDE432002086
:105E7000F0B58DB00024022913D01D460746943793
:105E80000646B43601290ED1707C0226002800D0C7
:105E90009CE0DCF7FFF8B968CA43801800D495E0AD
:105EA0002960264692E00392049501468120400035
:105EB0000991081801227274317A017041780192B7
:105EC00011434170022102914458801C0890DCF774
:105ED000E1F807903546069605970C203E5E286847
:105EE0000419012E18DBB87F871B781C80B2254669
:105EF0003446099E3146F0F7EBF80A90B8B2059F98
:105F0000069A314626462C461546F0F7E1F8711EF2
:105F1000B9810A99081A04E00120D6F728FB2D4917
:105F200008402418A879002813D03B68181B7A8AE7
:105F3000002A04D0002B0CD000280AD534E0ED79DB
:105F400043210022012D30D0002B069D01D00028D6
:105F50002BD4002E03DC09982146DCF7DDFE0898DF
:105F60000068844202D307988442B6D3012E0FDB27
:105F70000220E874B868001B7860B87E01210140F7
:105F80008207D20F89184007C00F0818401EA87258
:105F90000398046078680BA90CAAD9F785FD00194D
:105FA00004990860029E11E03C210B4800682C23F4
:105FB000C05C0001C043A1230343B12018403B7DD6
:105FC0009A1AD3B2BA7DFEF789FC019E30460DB015
:105FD000F0BDC046FF0F0000CC320020F0B593B0FA
:105FE0000546C520285C2C4698342F46B937002832
:105FF00059D00E46FEF7D6FF002822D07879002827
:106000001FD0D6F788F911A8DBF754FB6068274644
:106010002C46119D7B35401B38600FA90DAAD9F77E
:1060200043FD3146461925463C460E602846EC3075
:1060300000F060FA972149007A7E032A44D00B468B
:1060400043E00820205E002858D4D6F764F9208960
:10605000002800D0DEE1DCF71DF86168081A8438FA
:1060600000D58CE10A968120400008900320B87387
:106070000FAE11AB2946324600F045FA0790317851
:10608000E07E00263246D6F795F80921C94309314A
:106090002181D0302060207B80073A48099600D1CA
:1060A00070E1208183E10B940EA800210A91017018
:1060B0000CA801210170B87B0628099101D00528A0
:1060C00020D12C463C351FE02F4B042A01D0194625
:1060D00000E0B4310227814200D39CE1F0436168C3
:1060E000081800D596E12846D9F782FE01213046EE
:1060F0000A46D6F70BF9002800D08CE1D9F7B8FD95
:10610000002788E12C462835FEF74CFF0646FEF7AF
:106110003DFF0890687C0A996974A9880818A880CE
:106120000B9DE87EDAF776F902462889EE49884227
:106130001AD1002E18D038791546D9F7B3FF266D3D
:1061400000270097942039462A462B46D9F75AFD56
:1061500001463046D9F753FE0B98C07E401E0228F8
:106160001BD3E049193119E0E049401806282546BB
:106170001BD8C04678440079400087440716168E25
:10618000BE16D100F6FF0000D5020000D6F7C3F816
:106190002846CDF7C2F804273DE14621206D143092
:1061A000D9F751FED9F764FD35E10898002800D1F0
:1061B0002AE10892286D1430D9F7CAFD0646007806
:1061C0000F240440707803210A91052C02D0032C7F
:1061D00000D046E1222800D943E1821C2846C8307D
:1061E000C34B314607949847002412941194307899
:1061F000C00911A90870481C3146083106220592D1
:10620000BB4B984710940F9430784006C00F0FA9ED
:1062100006910870481C0496B11C059AB44B984727
:106220000B98C37D027B286D0146303128302E4605
:10623000843500950190029106980799CCF7C3FE2A
:10624000316D282206928C5441087E29099B00D882
:106250000346316D069D4A5D1A434A553546716FB6
:106260000A68119B9A4200D0DAE04968129A91427A
:10627000049A079B00D0D5E00446FF3C611E8C4188
:10628000032B00D0CEE0FF2800D1CBE00B98808913
:10629000800700D5E7E00124C4E0286D1446D9F753
:1062A000A7FD2E6D0998009097204000C63002216E
:1062B00022462346D9F7A6FC01463046D9F79FFD72
:1062C0000620B873397AF9710EAF0DAB29463A46FC
:1062D00000F019F9064639780B9CE07E00273A4613
:1062E000D5F768FFD03020602846EFF7EAFD284652
:1062F000DCF725FC002E3ED08DE01446D6F70BF8D7
:10630000286DD9F775FD2D6D00210091942022464E
:106310002346D9F777FC01462846D9F770FD75E08A
:10632000387AF8712E6D0998009097204000C63099
:1063300002211346D9F766FC01463046D9F75FFDC6
:106340000420B8730EAE0DAB2946324600F0DBF8E0
:10635000099031780B9CE07E0A9F3A46D5F72AFFD8
:10636000D03020602846EFF7ACFD2846DCF7E7FB8D
:10637000099800284FD15C48C01D20814BE00020C7
:10638000387347E00799002948D0E07EDAF742F8F1
:1063900002462E6D0120009097204000C630022159
:1063A0001346D9F72FFC01463046D9F728FD089847
:1063B0002818089028462830DCF7B0FB0646284607
:1063C0003C30DCF7ABFB002E02D0797BC90704D14F
:1063D000002805D0787B800702D52846F2F71EFA00
:1063E000099838733879089A107050780121014360
:1063F00051702846DCF7A3FB286DD9F7F9FC6068DB
:106400000A990860022706E0D5F785FF0B99C8892D
:10641000401EC8810327384613B0F0BDC01D40E6BA
:10642000049A079B0B998889C00717D0052B15D1B3
:106430001046FEF7FBFD0B9901280FD1296D886AE4
:10644000C96AF2F71DF841424141214001290B99E7
:1064500004D10CA92846CCF764FF51E6C889401E38
:10646000C8810A9FD7E7286DD9F767FC0520B87364
:106470000EAA0DAB294600F046F8002813D01A48A2
:10648000801D0B9C20812E6D0120009097204000E4
:10649000C6300221089A1346D9F7B4FB01463046AC
:1064A000D9F7ADFC03E01048C01D0B9C2081D9F743
:1064B000DFFB0EA80178E07E00221646D5F77AFEB3
:1064C000D03020602846DCF73AFB3878012807D125
:1064D0002A6D0698115CA07C2832521CFEF776FBD0
:1064E000374698E7D5020000F6FF00000700FFFFDF
:1064F000DFC1041010B50446F7F718FF206A83388F
:1065000000D2002010BDF0B58FB01F460D460446E6
:10651000FE202040082803D1AE6FE86F08360DE05A
:1065200020460A38C0B280280AD80AAE284621463A
:106530000792324600F01EF8079AE86F012309E03F
:10654000601FC0B2022801D3282000E03C202E1892
:1065500000232846A421415A08A8059009A80490C0
:10656000039702920196009500222046F6F7CAFD95
:106570000FB0F0BD10B514460A39C9B2EEF73FFFAF
:106580000021002803D002784068012302E00B4676
:106590000A460846A160E16061742374E280A1802C
:1065A000206010BDB0B50024E5430C49891C042DC2
:1065B00012D08A1D6D1C098881421146F7D1101F27
:1065C0000078E0F7BBF9002806D005480068007F96
:1065D000E840C00700D001242046B0BDAE2504101D
:1065E000E432002080B540690149F9F73FFF80BDE2
:1065F000FFAA0710FEB51446054602910190002A35
:1066000002D07F20C14300E00221184800683622F2
:10661000825C920601AE002A26D53630C07B000788
:1066200022D5022008408000114A12681018006923
:10663000C9B23F2203230091D5F730FF002813D0C1
:106640000746711C057209300622D5F7C8FD3420B3
:10665000F8710920B8713E20787104203871FC73FC
:1066600000983946D5F776FFFEBDC046E4320020DB
:10667000D032002070B504460C480068902145587F
:10668000483526460E36052230462946D5F7B2FD56
:1066900000280AD0052230462946D5F7A0FD012062
:1066A000E0726A20205A0A30A08170BDE4320020D6
:1066B00070B584B00C466F21415C866F002907D00D
:1066C0006F304179002901D0491E00E00179417104
:1066D00010480068C068D9F723FB0325002815D0AF
:1066E0003046083000F018F8307800280ED101A8A4
:1066F000DAF7E0FF0198CD302060706803A902AAA4
:10670000D9F7D2F92168081A20600125284604B07B
:1067100070BDC046E8320020417C0022427482886D
:106720005118818070470000B0B50446856F10484D
:106730000068C068D9F7F4FA002802D02878002849
:1067400006D0012028700835284600F013F8B0BDA7
:106750006C20205CA17AD9F76EFC20461430F6F745
:106760005BFDA0720921204600F007F8B0BDC046CD
:10677000E832002000218180704770B58AB00C4655
:10678000054609AA08AB08462946FFF7BCFE687A09
:1067900000280ED003AE284621463246FFF7EAFE17
:1067A000A98800950196002201232046EFF7A3FB5C
:1067B0001EE028466F300178002901D0427800E0C1
:1067C0000022E86FB321405C09A90978D5F7F2FCF3
:1067D000CD30AE6F7060A9883046083000950190CA
:1067E000002201232046EFF786FB414241413170F0
:1067F0000AB070BDF0B593B00746846F00F032F96F
:10680000064600F03BF9002804D000F043F9454269
:10681000454100E00025002E14D0D9F729FAFD6F7C
:1068200032203E21EEF7F8FD8C4941430E0AB32099
:10683000285CFEF7C7FC311824342046D9F703FB47
:10684000002008E13E4627464037D5F764FD002189
:1068500008AA07AB05963046069100F027F9002DEF
:1068600000D1AEE0D9F75AFF064600780F2101406B
:10687000082900D0A5E070780E2800D0A1E0B078FB
:106880000D2800D09DE0F078C10700D199E0800785
:1068900000D496E006980D900C9030784006C00F1A
:1068A0000CAD2870681C311D0622D5F798FCCCF77A
:1068B00015FC0490012811D1287801280ED10CA8CC
:1068C0008079C0210140402908D1654800689021A5
:1068D000405880685D21405C002872D00BA83D467E
:1068E0000C350090019523465C330CA8032100224F
:1068F0000392CCF773FBFF2863D0287003980A90AB
:1069000009903078C00909A90870481C0A36062287
:106910003146D5F764FC049801280BD15048006833
:106920009021405880685D21405C002802D02346B9
:10693000443301E02346543338790BA90978009099
:10694000019109A8032100263246CCF74FFBFF280E
:1069500037D00598856FC16FA220285CF24333467B
:1069600004960CAE3281FF22069202323282F37319
:106970000222B281AA22895CB1724021695CF17263
:10698000294640310C310D91294664310C91D9F7DB
:10699000EBFAB0748820285811908C352846DAF725
:1069A000E8FEDAF75FFAB0733046DAF7EBFE0598E7
:1069B000417A2046049A1346D9F7FAFD0698787072
:1069C00048E02646A2340598407A04903878D9F7F2
:1069D00024FEFF253D702078DAF72AF80596304628
:1069E0000499069C22462346D9F7E2FD7D7009A949
:1069F0008C8009943A7D0CA844763E238376857575
:106A0000C481E34383823B460D330C933B7B037687
:106A1000022313400D4601D015373D46059C224602
:106A20007C320E95002B01D05D3421460D911178FA
:106A300053781B02591881819178D3781B02591819
:106A4000018211795279069BC37512025118418255
:106A5000DAF704F8042013B0F0BDC046710200005C
:106A6000E432002080B504480068C068D9F758F9BE
:106A7000411E884180BDC046E832002080B50448F0
:106A80000068C068D9F744F9411E884180BDC046FE
:106A9000E832002080B504480068C068D9F72CF9B6
:106AA000411E884180BDC046E8320020F0B591B05B
:106AB0000B930A920646006D0790706D10906A2045
:106AC0000890305A0FAC2080707AB76F01280C9074
:106AD00002D83046503000E0381D0068069030463D
:106AE0006A3080780990D5F705FC0590A4203D58C0
:106AF0003046FFF7BFFD0DA804900EA80390029446
:106B000010A80190069800900598401B29460C9A01
:106B1000079B00F028F80898315A079125883552CC
:106B2000109870650E9CFC630D987874304600F0E8
:106B30004BF80798A8420FD00998D9F7BBF9B96B61
:106B40000C9A009201900291314614310123099868
:106B50002A46D9F72DFBB0720A9804600B9804609E
:106B6000022011B0F0BDF0B585B01F4603920B9A1C
:106B7000049212680292891A0C1820461946CDF721
:106B80008FF805460A9E301901976F43F94308189C
:106B90003146CDF785F80C990A885319029ABC182A
:106BA0000E9A0D9D039FB84202D24643A61904E0F7
:106BB000019826185B1C00203446049F3C600B8023
:106BC0002E60107005B0F0BDF0B581B00446C07AFB
:106BD00000281ED026466036A0897189814218D3CC
:106BE0000020E072307B25460E352946D9F7E1F9C1
:106BF000377820465C3005222946D5F7F0FAE020A8
:106C00003840317801433170143420462946D8F792
:106C100083FF01B0F0BD0000F8B50F4606461C48E2
:106C200000683621415C890604D536300D21405676
:106C3000002800D4F8BD1C4615460C2058430830E7
:106C40008308144800684069A1210522D5F726FC75
:106C50000028EFD001460698CC724F720E720E4A91
:106C60004A606A426A418A7200221546AC420AD0E2
:106C70008E18FF2737822B18F373B773074BB38136
:106C80000C326D1CF2E7A120D5F764FCF8BDC046BC
:106C9000E4320020D032002093A307107F7F000051
:106CA000F0B59BB00D9315460F910E90D9F736FDB8
:106CB0000027012200920192029711AE10903146F6
:106CC0003B46DBF787F86C426C41357DD5F7E1FA3E
:106CD0000C90FBF70DFD24490A683621515C8906AA
:106CE00040D536320D21515600293BD5717B089194
:106CF0003F21CB430B90109A9178C94319435078A8
:106D00004018317C0991C0B20A90401E0321014312
:106D10001531880883B2154800684069A121052211
:106D2000D5F7BCFB0B9900281CD006460C984018E0
:106D30001099089A8918C0B200950190099802909C
:106D40000D98039004970A9805900691301D0E99AE
:106D50000F9A234600F00EF805487060A1203146D6
:106D6000D5F7F8FB1BB0F0BDE4320020D032002094
:106D70009D4A0710B0B51446099A4273089D0573E1
:106D8000079DC572069D8572059D4572049D05721D
:106D90000125C57183714471017103461433036188
:106DA0000A991846D5F71BFAB0BD0000F0B593B0AC
:106DB0001C460746012923D1154601213846D9F73B
:106DC000C3FF0646062D26D13846D8F743F942219F
:106DD000435AC26C416CB07A002816D005A80EC088
:106DE000F088D9F7B1FB002815D00546007A0028B5
:106DF00011D0012817D101213846F1F797FC0FE097
:106E000020463946CCF746F90AE000943046CCF7E4
:106E10003BF9002804D0012138463246D9F7A8FFB3
:106E2000FF2013B0F0BD29465A310291308908AFD6
:106E300038800888B880E86F0490B81D29465C3116
:106E40000522304EB04738460B30294661310422C6
:106E50000192B04738460F3029466531032203922C
:106E6000B047049B1846B33040793876029EB1791A
:106E7000E0220A40596F0B78DB07DB0E0343134314
:106E80003B7638461A30491C06221E4B9847019A19
:106E9000308AF882B321049B595C032900D00A464A
:106EA0007A7606994900059A89184A426B6D9918B5
:106EB00003D5296DCB18401CF9E708AA079B13845A
:106EC0005082981C9082901C0022D9F7C1FA687AEF
:106ED0000399217000280BD02A20A0702B2060700D
:106EE00008A922312846CCF7B3F86078421E04E0A6
:106EF0001C20A070232060702222E01C08A9D5F776
:106F00006EF98DE7DFC1041080B540690149F9F7DA
:106F1000ADFA80BDD9B10710F0B585B00391054633
:106F2000B120285C0490B020285CEC6EAE7D2F462A
:106F3000AA37002801D039780FE02846723002883D
:106F4000A86D0023009301900293294684313046B6
:106F5000D9F72EF901460120B8713046D9F76BF800
:106F60000B484443210A09180498032801D04B31E7
:106F700002E0FF2014300918039C28463030D8F76F
:106F800062FF2846214600F005F805B0F0BDC04676
:106F90007102000070470000F0B5DBB008910646B2
:106FA0008C480068C068D8F7B3FEFF221146023152
:106FB0000DAF39810992110279807221715A39809D
:106FC00000240E94314670310A913546AA350028C6
:106FD0000C960B9533D03D460935D9F79FFB10AE83
:106FE000802131731AA91191012100910194079117
:106FF0000291314622462346DAF7ECFE0C983146E0
:1070000022462B4600F0E8F802281FD000280C9EEC
:107010000B9D5CD1B81D0590BF1C287A00F02AF9A1
:10702000A9790129049006971BD1F0650220A87167
:10703000EC7010A841890A9A1180007D15E0A879AA
:1070400001280AD10DA80021417240E00B9D68790A
:107050004021014369710C9E39E00DA802210171A4
:1070600035E010A8007D7F2800D028732F4610AD92
:107070002A7B1199304600F00AF9687B0DAD6871E2
:107080001498E8703A7A0598069900F047F9E87183
:10709000706EB0661099002915D0787ADAF716FB71
:1070A000F0660DA90C72079A0A7110A9C97B397094
:1070B0001099049A89184008081A089A10603046F6
:1070C000FFF72AFF02E00798B874F4663D46687936
:1070D00040060DD40DA8007A41424141C900327DDD
:1070E000F723134059183175002803D0032702E015
:1070F000042700E001270DA8407A002866D030461A
:1071000000F00EF96879800760D507974120860066
:107110001AA83146CBF75AFA00F07EF90DA9097981
:107120000229089001D102270CE0D9F7F7FA0146AD
:1071300044780DAD6F791AA83246D5F750F8E01BA8
:10714000841C2F79E5B20898854200D90127D5F72C
:10715000A0F80646FBF7CCFA014610A8C772099AB8
:107160000272089FBD423A4600D8224609928272B6
:10717000711841730B99097B01730A9949898180C0
:107180000DA9CA7842720D9AC28049791AAA51187B
:107190001091CBF7CBFFBD420ED910A80E99C1724A
:1071A000E11B81720DA949791AAA5118099AD2B224
:1071B00089181091CBF7BAFF0DA9CB788A79C879D5
:1071C000897800910C9900F03DF9079F38465BB033
:1071D000F0BDC046E8320020F8B505464F20285CD7
:1071E00001271F702C467034AF35002A009102D160
:1071F0006A78012A0CD1CA7CFF2A04D0824204D1C9
:107200002878400714D4002419E00124002714E052
:1072100026880024164A964211D04A89B2420ED0DE
:10722000C97C002481420AD001202746044604E09C
:10723000488921880024814201D1002018701E460F
:10724000DBF75EFE002F10D001280ED12878000752
:107250000BD50098007CFF2800D104206979C1403B
:10726000C80702D00020307002242046F8BDC04676
:10727000FF0F0000BCB5D8F770FE044601A8DAF78E
:1072800019FA019D2046D8F785FF281ABCBDF0B534
:1072900087B00490002A3FD00C46049807467A37FE
:1072A0000146B3310691511E059101467C31029190
:1072B00074300190012000260397C0B2205C28287A
:1072C0000BD0F5B22C281FD1601906990B780499C0
:1072D000CA6D398800F0B7F816E001200699887168
:1072E000F5B22F19F91D02220198D4F778FFB91CC5
:1072F000039F05220298D4F772FFB8794109069AD4
:1073000011701F210140B971605D3018461CF1B247
:10731000481C059A8A42D0D807B0F0BD00207047BB
:10732000F0B58FB00746AF20385C00076FD53D46FB
:1073300048353C46AC34D9F7DFFCFF21049001818D
:1073400009A80026067361798173E179C173698E9A
:107350004181E178F7220A40E270E97901742978E5
:1073600003914173396E490AC180681C0990CBF7BB
:107370007BFE012831463346304610D102957D6CA4
:107380006E202E5C286E2349CCF78AFC0190686E33
:107390007D21CCF785FC019BE96D029D490A09AA74
:1073A0001075D374917456742078FF2820D0D7F7C5
:1073B00051FE0446CBF792FE012811D1B86CF96C4E
:1073C00005AA009206AA07ABD8F77CFA002807D0D6
:1073D00002200799014309A8417307A8401C09909E
:1073E000618F09A88180298E0181CBF7A3FE0EE071
:1073F00004980C30F6F718FBE07B002804D002203C
:107400000399014309A8417309A8CBF797FE0FB070
:10741000F0BDC046E204000080B5CBF725FE002891
:1074200009D0074800683621415C890603D536300B
:10743000407BC00601D4F72080BDF42080BDC0464B
:10744000E432002070477047F0B5E7B00546E64CDF
:107450002068C068D8F75CFC07462068C068D8F789
:107460005FFC11AE0021B1710F91B180FF221102BA
:1074700071807221695A31806C6C6F23E15CF1710B
:10748000DA491391294670310D911095AD35002FD1
:107490000E957FD00B930C92D9F740F907460078F0
:1074A0000F210840052800D0A8E008912E46109D25
:1074B0006C6C7079D8F731FE079430342046D8F7D9
:1074C0003CFCD8F7D5FBB0780990A86CE96C279103
:1074D00026A90F9ACA7126901D921C9238784006F0
:1074E000C00F1CAE3070701CB91C0622D4F777FE9A
:1074F0000A973F78CBF7F2FD012812D131780129A4
:107500000FD11CA98A79C0211140402909D1B8495D
:107510000A68902151588A685D21515C002900D188
:1075200018E10690089807401BA8029015A8019042
:1075300026A800901CA8012239460F9BCBF743FDDB
:10754000FF28109F0E9D00D106E108941BA80F9004
:1075500000780027012215AB39460392CBF7AAFD2C
:107560000A990C781997E60919A806701A970590D8
:10757000401C083106220492D4F731FE179717AD4C
:107580002E70189760B2002800DB92E0E548016891
:107590004F3190E0002871D026466F36707AD7F7C9
:1075A00059FD0F9011A800210B91C172109DA87D6B
:1075B0000C90D9F7B3F826AFFF21B972012212025D
:1075C0003A820B9AFA730431B9810D99498939814C
:1075D000717AF972483527950E9D26900C98D8F748
:1075E000C3FCB87441200F99085CB8733846DAF7C9
:1075F000C9F830342046D8F7FBFB52E030460B3058
:107600000B90F5F763FC38461CAF8021397326A92F
:107610001D910124009401940F9A02923946134659
:10762000DAF7D8FB109839460A9422460B9BFFF7ED
:10763000D3FD022837D00028109F00D0E5E0B01D10
:107640000690B01C079068797E6C34466F340896BB
:107650007436FFF70FFE0146E87801280B9609946F
:107660004AD10F9828700220E8702198687211980A
:1076700030802078002844D1F96542E00C92F5F77B
:1076800025FCA87800070CD411A8FF2101712E4613
:107690000125109F3846294600F048F9B41CB678F9
:1076A000BFE0AE7837E1A87840210143A970109F70
:1076B000ABE09D480168681C049AD4F790FD1CA9B2
:1076C00005982A460F9BCBF7F1FC0246FF3A511E64
:1076D0008A410F92FF28109F089C3CD006980128F1
:1076E0000E9D39D11BA8007817AB039E3146324658
:1076F000CFF74EFF0F962FE01CA8007D7F2800D00B
:1077000068721CAE327B0C461D993846FFF7BFFDF0
:107710000A98E87311AF0F987872707B787120988F
:10772000F8706A7906980799FFF7F8FDB872109F0C
:1077300008990C678C65099800780B9A9070496CD1
:10774000085CD07070890D990880786EB8660F98C3
:10775000F8665AE0109F0E9D099800074AD40F98CA
:10776000002847D06879FFF785FD0B99079A515C8F
:10777000002900D1F86590650024786EB866FC6633
:107780000A98FDF753FC0546B86CF96CF0F778FEE3
:10779000012D0E9D36D1002834D1D8F7EFF90546DA
:1077A000082028701798C007400E08302870032161
:1077B000E9700D21A9700E2169701599C901081889
:1077C000287017A8411C281D06263246D4F707FD4D
:1077D00015A8411C0A3528460E9D3246D4F7FFFCF9
:1077E00011A804720EE0C046E83200200101000139
:1077F000E4320020F5F76AFB6879D8F753FC20469D
:10780000D8F7F6FA11A80021C17211AC617A384696
:1078100000F08CF8AE782946257AE07A002878D0F6
:107820008C1C3846FFF77CFD2078800771D511A8A5
:10783000C079796C4831CCF74EFA002869D04120E4
:10784000870026A83946CAF7C1FEFFF7E5FD11A952
:107850000979FF290F9012D0D8F760FF01464078D0
:107860000C9011AC60790B9026A83A46D4F7B7FC7F
:107870000F980C990B9A891A8A1C217901E0002231
:107880000C99D4B284420B9201D80C9101E00120F2
:107890000C90D4F7FEFC0746FAF72AFF01461CA815
:1078A0000C9AC2720F9A944200D80B9A0C92827270
:1078B000791841730E99497A01730D99498981802C
:1078C00011A9CA784272119AC280CA7902724979A2
:1078D00026AA51181C91D0F7B1F80F9A94420FD9EB
:1078E0001CA81299C1720B99891A817211A9497940
:1078F00026AA51180C9AD2B289181C91D0F79EF87A
:1079000011A9CB788A79887A897800911099FFF744
:1079100099FD002D00D00325700600D504252846CA
:1079200067B0F0BDE4320020CC320020B0B50D4687
:107930007221415A446C6F20225C20467C3000F05A
:1079400027F8FF2821D0002D06D00C2141436018D4
:107950007C30D4F719FDB0BD2146DD3108700C2113
:10796000414360188321405C216E626E424350188F
:1079700000022721C90040180449CCF791F9A16DF4
:10798000411807222046D4F7D3FCB0BD7102000095
:10799000B0B50023FF24082B0AD08579954202D088
:1079A0000C305B1CF6E782888A4202D0D4F7ECFCEC
:1079B0002346D8B2B0BD0000F8B5466C7720345CE1
:1079C000DC25705D3146DC314F78D8F7A6FB705D61
:1079D0002146D8F730FB0C207843301801467C3123
:1079E0000C7AC56F6C20365AD8F7C8F80721017099
:1079F000710605D4611C41700321002202230CE0B2
:107A000002218170E11C4170C17840220A43C2709A
:107A1000064909684A7905210423C25440182946B9
:107A20002246D4F7DCFB0120F8BDC046E43200203A
:107A3000F0B589B00546466C6F20325CB0202B5CF7
:107A4000EF6E2C46B03461780891A078002B1AD1E3
:107A50002B46723331466E3105921A8804920A78A9
:107A6000A96D0790736C00920191029329468431AD
:107A7000012006900798049A069BD8F799FB07986F
:107A8000059A06992170716C895CD8F7D4FA0B4875
:107A90004743390A09180898032801D04B3102E0FE
:107AA000FF201430091828463030D8F7CCF9E96D9A
:107AB0002846FFF76FFA012009B0F0BD71020000FF
:107AC000F0B58DB0099317460E46044612980A90F9
:107AD00080002518D4F70EFC01461E31A8230B9513
:107AE000E9500D46FF21DA3161182246B032022EEC
:107AF00011D0012E3CD11E21C943081AF4210B9A42
:107B000051584018DC215158401800D5A8E0099878
:107B100005600026A5E0C879052101400026052959
:107B200000D19EE0174630200A9D68432018807DD2
:107B30000C90D8F7EFF9002800D092E0F5F7C6F9DD
:107B40003A682046294600F0EDF838607149414313
:107B5000090A0B9CA06ED8F776F9A06ED8F7EDF85D
:107B60000C98D8F79FFAD4F7DFFBD8F781F878E0C4
:107B70000393049108920697872040000B9F394693
:107B8000A8310C9130210A9A514362189169CB4374
:107B9000EB1803D5D26855180C990D602018059084
:107BA0001E200190C0430795E943081ADC217D5847
:107BB00046191E3EF420029039583A46EC323846B7
:107BC000F430002377187F1E05D569180023136051
:107BD00001600123F6E7E4260B9FBE591768FF43B7
:107BE000F61904D569180023136001600123069F6C
:107BF000CD43079E751902D50C9D2960079100257C
:107C0000156008990E6D002E07D00899C96C8E1961
:107C1000079FFF43F619069F26D4002B059E03D02D
:107C200020460A9900F09EF83078FF2812D0CBF752
:107C30008CFB002801D003260AE0012608E0A800FA
:107C400020189C2140580C990968DAF749FA6D1CF4
:107C5000AE42F4D80C9A1068099908601068386030
:107C6000022630460DB0F0BD089B5B6D002B20D086
:107C70005918089EF164156001210A9A5140890043
:107C80006118EC228D50F26C0C9B1A60F26C039B15
:107C9000CA50F26C0260F06C029A88500498007826
:107CA0000228059EBCD1452080002018F1F7C8F8B5
:107CB000B6E7194800682C21405CC007C10E01D10D
:107CC00010220BE0154800683622825C01269206DD
:107CD000C7D53630C07AC007019AC2D04E20C04303
:107CE00041400F4800684069CCB201262146334626
:107CF000D4F7D4FB0028B4D001461120C871012666
:107D00008E713E204871042008712046D4F722FC71
:107D1000A7E7C04671020000CC320020E432002008
:107D2000D0320020B0B5144605463020484328180C
:107D3000FEF7E0FBA04200D80446FF200830844252
:107D400001D20020B0BDE00A204601D00120C002CF
:107D50000F214901695C05220A40052A00D020460E
:107D60008338B0BDB0B5FF22E032825C40182121DB
:107D7000CB00C15CC018002A0FD00323DB43253998
:107D80005B1C0FD2491CCCB2032C00D10021CCB219
:107D90001546E540EC07F3D004E02439CAB2032AC3
:107DA00000D1002125310170B0BD0000F0B5CDB08B
:107DB00011910746F44C2068C068D7F7A9FF1290CC
:107DC0002068C068D7F7ACFF1390FDF7F7F80546B9
:107DD000DAF734FA5A2100243E467C54FF23194630
:107DE000DC31425CBF271740475444AA002D5DD0C8
:107DF00010933146543605460346983313980028AD
:107E000009D01868001DD7F798FFD7F731FFB07871
:107E1000401CB070E4E008460F960E91ED21490039
:107E20006C18129800280D952AD00A920B93D4F75B
:107E300038FAE17903220A4080001018E071D7F780
:107E400017FF2F6EB8783978139100230F998B7133
:107E500036A97F228A82109ACA743693802139917A
:107E600014A937910F2180060C9425D0F878C0070B
:107E7000129125D10F98C079002829D0002435E02F
:107E80000F9DAA780221012A0AD0042A08D0032AC9
:107E900005D10D981E4600F0ADFA334667780021F3
:107EA000A971780702D4002058639863D4F733FA95
:107EB000042000273E468BE010931E460F9D48E0AD
:107EC00001200F99C871284600F0BEFA04460DE063
:107ED0000021459110984490227844A80091019087
:107EE0000346D7F739FDFF3844424441F87800266D
:107EF000800704D410960D9A0F9D129912E0002C61
:107F00000D9A0F9D129904D0B87883090120109022
:107F10000CE034A9104600F0EBFA12990D9A0446D1
:107F200001201090B8788309002C12D00C98007AA8
:107F300000280AD1D43210462E461D46CBF702F94E
:107F40002B4635460C9908721299002800D000245F
:107F50002646139A0A40002E23D1072A21D11392D4
:107F60001293A87800260196009641424141C01E16
:107F7000424242410A43029236AC384621463246DA
:107F80003346D9F727FFE07CFF2808D00F980088F8
:107F900036A909898142129B139A02D008E0129BEC
:107FA000139A002E0CD1002B0AD0082A0E991AD150
:107FB000A878012801D0042805D10220A87102E088
:107FC000002E0E9914D0F4F781FF0420012600271B
:107FD000002E01D1044600E00124002F00D1044608
:107FE00020464DB0F0BD072A02D1A8780028E0D184
:107FF00016461293887ED7F7B0FF04460127AF716B
:10800000042801D0214600E00221072E4ED10E980F
:1080100034300890369A501E1346834109930792D4
:10802000002A58D0F4F752FF44A8D9F743FB36A8EA
:108030001390807B06214143C8B23699D9F746FB9D
:108040000646EB487043C009059044980A902046C4
:10805000D8F7A0F806907D200001059909180B9C1F
:108060002068369A0592001DD7F7EDFE7008069934
:1080700040180A99059A8918081A119908601398E6
:10808000C07B68710E9800F085FA2068001DD7F754
:10809000AFFEA8780021042848D003280D9C49D0C1
:1080A0000126002800D1AE700B460EE13446F4F7ED
:1080B0000DFF0020A8710126082C09D1A8780628F8
:1080C0000C9B03D15878402101435970314681E11E
:1080D00031460C9B7EE1A8780022002813921346BB
:1080E0000D9C43D10023129800283ED0E878201838
:1080F00085225200805C012837D134A800780C9A80
:10810000527852071BD4129A022A3B462DD1FD28E1
:108110003B462AD0012200262046334600F064FA6E
:108120000D9C00283B4620D002201BE00126334650
:108130000D9CCAE00420A87001263346C5E0129ABF
:10814000012A3B4611D1FD283B460ED000260123D3
:108150000D98324600F048FA0D9C00283B4604D0AA
:10816000AE710520A870334649E0A878801E042827
:1081700013D8C046784400794000874402070719A5
:108180000200002616E0C046E832002020461C46C9
:1081900000F0B6FA2346012013901193F4F796FEEF
:1081A0000D9C0126119800283146139B07D08CE0C6
:1081B0000026AE71002B3346314600D085E036A84C
:1081C000407D00281BD0E87900281AD02046B53021
:1081D000017942791202511840AA9180B521615C5F
:1081E0004278120251188278C07800028018000488
:1081F000401840902046BB300B9A147F1AE031465D
:1082000063E00E9C20463530017942791202511804
:1082100040AA91803521615C42781202511882781F
:10822000C078000280180004401840900899C81DCA
:108230000C780B9A13930A9920310A91FF2C19D1CB
:1082400014460D9B1846D530017942791202511817
:1082500040AA9180D521595C427812025118827847
:10826000C078000280180004401840903C20245C34
:108270001846DB30039436AB0593D97C1191007816
:108280000690187B379942AA0492CAF776FF0A999A
:1082900048700020087044AC039820762879E07577
:1082A000049846900598163045902046193040A90C
:1082B0000622CAF76FF9119806990143E177204623
:1082C000CAF744FF31460D9C139B11912988204623
:1082D000099A139300F039FA002803D00020A871FE
:1082E0000C9B6FE02246089CE07D17210140E17560
:1082F000106E0A90E978104600F06BFA2076297922
:108300000D9800F07CFAE0763B98A076D3F7C1FF99
:108310000546FAF7EDF90A9A281860769078C02198
:108320000140802903D100200E9948640BE036A853
:10833000407B10180E9948643F20C0439178C94390
:108340000143507840180C9BA07536A8C07CFF28CC
:108350000F9D00D0207736A8407D012801D0002055
:1083600000E03C98A082E07D0799002901D02021FF
:1083700008431399002901D00821084312990843A2
:10838000E075E979002906D00B9AD169126A0E9C32
:108390006163A263089C1099002909D03599349A29
:1083A0000A4305D03599349A0E9CE2632164089CF7
:1083B0000E9AD16B002902D1116C002902D0042140
:1083C0000843E0751398002803D000200B994863F8
:1083D00088631199187A002801D00020A87100291B
:1083E00003D0002E00D0F0E560E50020F0E5C046A7
:1083F00071020000B0B543218B00C15AFF25DC3566
:10840000425DC41840193F2A05D8CB091B0604D089
:108410000121090202E0002302E0490021804023FB
:108420003F252A401A43027088B2012801D1012059
:1084300008E00120D4F72AF8C0B22188491ECBF702
:108440002FFC481C6071B0BDF0B585B00446006ECD
:10845000017800220492039202785206D30F03AAF5
:1084600013700F270F40F91F0225022901D3294657
:1084700000E004214118501C0622D3F7B0FE8720EB
:1084800040002018ED21490061182646B436042F1B
:1084900006D0082F01D1032502E04A785207D50FF4
:1084A000377E01223A4032760278FF2A00D0411C02
:1084B0000A7830462030EF21490061180091019080
:1084C0003346183303A82946CAF788FD3776316A40
:1084D000002902D1716A002903D0316A726A06C686
:1084E000083E3070FF3841424141084605B0F0BDBA
:1084F000F0B585B002910546006E01780F240C405E
:10850000C909012C01D1082205E0C278D20701D0A7
:108510000A2200E004220026039603AF3970049675
:108520008118781C0622D3F75AFE04980399014358
:1085300003D102980660466029E0ED20400028182B
:10854000C435042C03D0082C03D1032104E00221FC
:1085500002E041784907C90F2C78012222402A7095
:10856000027800790094019003A82B46CAF73EFDDB
:108570002C70FE2802D13D1D039900E002CD029A25
:108580001160296810705160FF38464246413046FC
:1085900005B0F0BDF8B505465824D9F74FFE07469B
:1085A000285DAC7ED7F736FF064620463146D7F722
:1085B0008FFD20463146D7F7C0FD98203F58002058
:1085C00000909620012132463346D7F71BFB014627
:1085D000381DD7F714FC583569782046D7F72BFD9E
:1085E0002046D7F75FFDF8BDFEB50646FF270446D7
:1085F000BC34002A12D03846123030180378002BD1
:1086000003D05B1E0370180611D102910192706EA7
:1086100003210170706E0C2141700FE01D46029124
:108620000192A069E169EFF72BFF002801D0002635
:1086300061E0304602992A46CAF7D0FDDE37F019CC
:10864000716E0A780378DB075B0E13430B70316E93
:108650000978490080220A40716E0B7813430B7031
:108660000178890702D43046C43011E0A168E2687D
:1086700006C4407801210A46083C2346CAF71AFD81
:10868000706E01782278D207520E0A43027020469B
:10869000726E411C901C0625184F2A46B847306E52
:1086A00002780F211140072900923B4601D0022198
:1086B00000E004214718706E083039462A461D46EE
:1086C00098470298800030189C214058001D716E18
:1086D0000E22A8470126019800280CD00020206116
:1086E000606100984006C00F2074113406222046B5
:1086F0003946D3F774FD3046FEBDC046DFC10410D5
:10870000B0B543218B00C15AFF25DC354257C41850
:108710004019002A01D4802306E0012901D8012153
:1087200000E04908218040233F252A401A43027077
:108730000120012907D0D3F7A9FEC0B22188491E24
:10874000CBF7AEFA481C6071B0BDF0B587B00691AA
:10875000FF263146DA31415C002907D00546014643
:10876000B431012B059203D0012202E000262DE056
:10877000022290C9B4430392A118452080000190C1
:10878000281832069743049002913A46069E3346D3
:1087900000F04BF810280DD133460026059801282B
:1087A000304600D003980443049821463A4600F02E
:1087B0004FF80BE001260599002907D10C21414310
:1087C00068180299019A815080184760304607B0B6
:1087D000F0BDB0B5012908D1FF21E231405C03258D
:1087E0002840012803D02C4602E0012405E004249F
:1087F00000F03EF8012800D02C462046B0BD70B5F0
:108800000C46FF21E231455C0326664000F030F85B
:108810000121414031430C222A40042A204600D144
:108820001046002900D0204670BDB0B500249BB290
:10883000102C0BD005688D4205D14568954202D1B8
:1088400005899D4202D00C30641CF1E7E0B2B0BD56
:1088500070B5C024065D0C2575434151711CCEB224
:10886000102E00D10021015540190381426070BDD6
:1088700080B52920FDF796FE80BD0000F0B5A5B0BB
:108880000D920A910746FC4C2068C068D7F740FA61
:1088900008902068C068D7F743FA0646FF2407947B
:1088A000DC34FCF78BFB395DBF220A403A550FAB35
:1088B00000251D703B23DB00FC183B46B0330B93B7
:1088C00000280E97099509D0002E00D19BE00807DB
:1088D00000D5C5E040200143E170CEE00C94069540
:1088E0002F460D9CA0000E9D2E18D9F7D3FBA82172
:1088F0007158EC22B3581818401AB0503046A830BE
:108900000890002F07D0099DD9F7C4FB089908608B
:108910000A99086052E02746D3F7FDFC0C9AD078FC
:10892000EF210140D1706420C443D9F7B3FB211A71
:10893000BA00AF18F422BA585218DC23FB58D218E8
:108940000325002A3AD4EC363268E423FB58D64398
:108950009E1933D4089C246805940B9C266D002E28
:1089600003D07118E66C891928D40599081A9A1A47
:1089700021680818824200D30246002A1ED00E9DAC
:1089800028460D9E3146FFF7CDF9002800D19FE122
:108990003021714369188C7DBA6EB8494143090A88
:1089A0001046D7F750FAB86ED7F722FA2046D7F715
:1089B00079FBD3F7B9FCD7F75BF9A4E70C9CE07817
:1089C0000527384001285BD10A950698002804D075
:1089D0000B99486A896A00F05BFA0FA800780028B2
:1089E0000FD00E98016E099109780F250D40291FAF
:1089F0004B424B41002631463246FFF7A6FE002887
:108A000055D00A9D3CE0089800280C943BD0D3F741
:108A100048FC6072D7F72CF9386E01780FAA264609
:108A2000002414700B9A54609460B472F278F723A7
:108A30001340F370119410940F250D400126012D61
:108A400069D0072D68D1C0788107CC0FC00763D1EA
:108A500000200690002C374630460C9C68D17DE003
:108A6000A72001401031E1700D9880003818806E09
:108A7000D7F763F9D7F7FCF8E17888080425854330
:108A8000284625B0F0BDC8060D9E03D53846FFF731
:108A9000B1FCE2785007002700280697344600D53D
:108AA00020E700270B99CF610F6206971AE7089716
:108AB0000C941CAFFE76BE820B98416880681D90B6
:108AC0000B911C91D3F7E5FB0446F9F711FEBE7537
:108AD000201878762096072D059071D1099988780D
:108AE00080091CAEF075C978490004220A401418A8
:108AF000F4750E980D99FFF76CFE307612A8C07CC5
:108B000030771798B07611981F9010981E90002318
:108B10001846089E63E034463846FFF795FC01216D
:108B2000002C0CD006910028374630460C9C09D109
:108B300010A90E98FFF7DCFC411E884102E0069167
:108B40000C9C3746002808D00E98D430CAF7FAFAA1
:108B5000A072002856D0002000E0384608900FA8E8
:108B600000210E46017010A8E178CA0615D40078DD
:108B7000072D00D084E002220A4000D080E0F4F704
:108B8000A5F90FA806990091019012A910AA0E98B4
:108B90000D9C2346CAF70DFB2EE1F4F797F9042D3F
:108BA0000D9C3546089E00D028E10E98FFF7A8FDE1
:108BB00000250B98C56105620FA8012101701DE118
:108BC00033461CA807990177012101767F21817620
:108BD0001F961E96012D3046089E7BD137E10C99D9
:108BE000C978890712D40699002902D11CA9079ACD
:108BF0000A700C990C70C1B2E3B21CA80022CAF72B
:108C0000F5FAFEE6F4F762F90D9CFFE010A9097889
:108C1000FE2971D19B4800683621415C89061CAE53
:108C2000002900D4EDE63630807A400700D4E8E62B
:108C3000954800684069A1211D220623D3F72EFC28
:108C4000002800D1DDE60446731C099A0832012190
:108C5000059840B2009101920290201D0B9AD2B269
:108C600000F093F90B20E0711220A0713E2060719A
:108C700004202071A1209EE0E83200207102000053
:108C800049074BD4062D02D0002D00D0ABE005974C
:108C90000D9A0E991746891885225200895C002585
:108CA000012900D0B9E0FD28089E00D1B6E00122DC
:108CB00000250E98294604922B46FFF795FC0028C4
:108CC00000D1ABE0E07808210143E170049DA5E00C
:108CD000022519E609984078062800D291E6252851
:108CE00000D98EE6801F010600D1A2E01CA988757C
:108CF000099B083320939EE00B99C9B2FE2903D14A
:108D00001CA901220B920A70210721D4E1B203248D
:108D10000A462240032A7BD100211AE0002D5CD0B4
:108D2000012D0D9C5CD1FD285AD000250E982946B6
:108D30002A462B46FFF758FC0028089E5ED0A0006C
:108D40000E990818806E1430D6F7F7FF012555E00C
:108D500004210D911D464A4909682C22895CC907E6
:108D6000C90E1CAA0E92002929D109224E23DB43E9
:108D70005940C7B2781E032303431D33980883B2BA
:108D8000414800684069CEB23146D3F787FB0028DE
:108D900000D136E604460E98431C059840B2009078
:108DA00001970295201D0B99CAB20D9900F004F9A4
:108DB0003648606030462146D3F7CCFB21E6314A85
:108DC00012683623D35C9B0600D41AE63632527AF8
:108DD000920700D415E60022C8E7FD280D9CA4D117
:108DE000F4F774F808E0F4F771F8681E012802D867
:108DF0000FA8012101700D9C3546089E002E02D15E
:108E00000FA800210170002D00D06BE5002769E557
:108E10000E40052E08D101219BE7089E0FA80121D5
:108E200001703C46059FE9E7890700D502240D94AF
:108E300090E700231846062D21D8C0467D442D79A1
:108E40006D00AF440C040F0312031800C7E61CA901
:108E50001524CC7511991F9110991E91BFE61CA97C
:108E600013240AE01CA9102407E00C99097818249F
:108E70000C431CA901E01CA91224CC75AFE6AEE698
:108E8000CC320020E4320020D032002065480710A8
:108E9000F0B58BB00D460646EFF7F6FC04463820D9
:108EA000205C002802D03006400E01D00BB0F0BD8F
:108EB0006068A1680AAA01230093019232462B46FA
:108EC000D6F71AFC0028F1D0049560680AA9097841
:108ED000C9004018C0790790C0002168069005912C
:108EE0000D18D3F7D6F90746F9F702FC381840B247
:108EF000A979002917D0052169568842D6DB029549
:108F0000FF25D7F70BFC017800230993089302781B
:108F10005206D20F08AF3A700F220A40072A039375
:108F200006D0022105E0042169568842BEDD22E018
:108F30000421029A3346AB430293951D4118781CD5
:108F40000622D3F74CF9387801280BD108A880798C
:108F5000C021014040290499029A05D1022006430C
:108F6000F6B201E00499029AF0B210430122FDF733
:108F700041FB03982870069805990B58103401227C
:108F800020460799D9F7B9FB90E7B0B5044682713E
:108F9000417101202071E01D062519462A46D3F7AC
:108FA0001EF90498607320460E3005992A46D3F7BF
:108FB00016F906982075B0BD10B5044642720172CC
:108FC0000120207120460A3006221946D3F707F9FE
:108FD00020461C306061039A22740499D3F7FFF88D
:108FE0000298207610BD0000F0B585B00E4605460B
:108FF00001270029384600D00320D7F70BFA049048
:10900000B0002C18EC202058E4216158081A3902CD
:1090100069582F46B037002906D0FA6C5118A8229B
:10902000A2588A1A824200D3024628463146FEF7E9
:1090300079FE002833D03860A06ED6F7D9FEA81983
:109040002121C900415C302070432818857D2846C5
:10905000D6F7F1FF28460397049F3946D7F738F82B
:1090600028463946D7F769F8A06E02900020009094
:109070009620012631463A463B46D6F7C3FD0146C7
:109080000298D6F7BCFE2846D7F70CF8A06E0399D5
:109090000968054A4A43110AD6F7D5FE00E00026C2
:1090A000304605B0F0BDC0467102000070B50B4DF2
:1090B0002868046A002C10D0EFF3108672B6296875
:1090C00020312046ECF7E4F986F310882069016925
:1090D0000029EDD0606A8847EAE770BDE8320020D9
:1090E00080B50349C97A814201D9F8F795FB80BD63
:1090F0005831002080B540690149F7F7B7F980BDC4
:10910000E190071010B5044600200121074B2246CC
:10911000DAF70CFE06480068A8214058E100425CDE
:10912000CF2313402033435410BDC046204E0000CF
:10913000F0320020F8B5294E3168A8254959C400FD
:109140000A5DD3060ED4930646D50919930735D088
:10915000FC231340521E03241440E2180A70FFF748
:10916000D1FFF8BDFFF7CEFF306840590019841CCD
:109170006920C64337466937194800683421405C86
:109180007F1C874228D215480068A42540598019C1
:1091900074366C3006222146D3F72CF80028EBD128
:1091A0000E4800684059815DFB2915D11021815579
:1091B0000E20D3F71BFCD3F775FCF8BD3546002411
:1091C000082208462146D3F70EF83068B0214454EF
:1091D0004121425C521E4254F8BDC046F03200208C
:1091E000CC32002080B5022802D8FFF7A3FF80BD53
:1091F0000449C97AC91C814203D9C01EC0B200F01B
:1092000003F880BD58310020FEB505467420029059
:1092100045430F480068A4210191405847193989F6
:1092200002200124002622463346EAF731FB384665
:109230002146EAF7BFFA3889EAF7A2FA044800683B
:109240000199405840193146029AD2F7CCFFFEBD31
:10925000F032002080B540690149F7F707F980BD79
:10926000E5910710F401FA00960064004B0032000B
:109270001E001400F401FA00960064004B00320056
:109280001E001400010000000000010002000000A8
:1092900001000300000001000400000001000500BF
:1092A00001000100060002000100070002000100A9
:1092B0000800030001000B00030001000C00050082
:1092C00001000D00060001000E0006000100110063
:1092D0000700010012000700010013000800010050
:1092E0001400080001001500070001001600070027
:1092F0000100170007000100180006000100190016
:10930000060001001A00090000001B000000010017
:109310001C00090001001D00090001001E000A00D8
:1093200001001F000A00010021000B0001002200C3
:109330000B00010023000B000100240006000100C7
:1093400025000F00010027000C0001002800050087
:1093500001002B000D0001002C000E0001003F0059
:10936000000000004000040012001A002600270040
:109370001D0002000300050008000B002100220070
:109380002300190070B5FFB099B006000D0014005D
:1093900000206946888001A8009002AB96229200C6
:1093A00029003000CAF735FA002808D1220002A8A7
:1093B00000906846838829003000E9F725FE0120E7
:1093C0007FB019B070BD80B5417882781206120C5A
:1093D0001143C2780078E4F75DFEC0B202BD38B533
:1093E0000400201DF2F700FF05002000F2F7FCFE4C
:1093F0002900C8F762FE32BD10B50400F2F7F4FE92
:109400002179C8F761FE10BD80B502009178D0784F
:109410000006000C0143107853781B061B0C184300
:10942000D3F7C0FB02BD38B58379C1790906090CB1
:109430000B43027941790906090C0A438178C47803
:109440002406240C2143047845782D062D0C2C434A
:109450002000FFF797FF32BD80B502009178D078E9
:109460000006000C0143107853781B061B0C1843B0
:10947000D3F7ABFB02BD38B503009C79D879000661
:10948000000C04431A7958790006000C02439978BD
:10949000D8780006000C014318785D782D062D0C55
:1094A0002843083300932300D3F781FB32BD38B53E
:1094B00003009C79D8790006000C04431A79587986
:1094C0000006000C02439978D8780006000C01438E
:1094D00018785D782D062D0C28430833009323005F
:1094E000D3F76CFB32BD80B502009178D0780006CE
:1094F000000C0143107853781B061B0C184312799B
:10950000E4F7CFFDC0B202BD38B58379C179090651
:10951000090C0B43027941790906090C0A43817849
:10952000C4782406240C2143047845782D062D0C9C
:109530002C432000E4F77AFC32BD3EB50200D4791A
:10954000107A0006000C0443537990790006000C51
:1095500003439178D0780006000C014310785578C9
:109560002D062D0C2843150009350195009412791C
:10957000E4F706FC3EBD7CB503001D7A587A000670
:10958000000C05439C79D8790006000C04431A7935
:1095900058790006000C02439978D8780006000C30
:1095A000014318785E783606360C30430A3301934F
:1095B00000952300E4F772FC76BD09888088084096
:1095C00000D086207047098882888A4382800020E4
:1095D0007047098882880A43828000207047B0B5AE
:1095E00005468068428901894220FBF74DF8044610
:1095F000002810D1A868428901890120EAF796F86D
:10960000A86881880A0603D5F8F72CF8A86881882D
:109610000222914381802046B0BD10B504460078F7
:10962000002801D0002010BD60688189491C89B2E2
:10963000F3F734FF0346A068428901890220FAF754
:1096400027FF002800D010BDA068C06881891922BA
:10965000F4F7DBF8A068C06801214180842010BDC8
:10966000F0B591B0074609AC102020747868818964
:10967000491D89B2D4F7B2F8A08178680FAE0EAD5B
:1096800031462A46EDF752FF368878680697B96862
:109690004488C868818907220290F4F7B6F8E01F71
:1096A000298804910121059180B2039001960598C3
:1096B00087B23C1D06988068C08884423CD8B0B20E
:1096C00009AA0499F3F7D6FF002835D0054610A85B
:1096D0000090002208AB0698294600F03DF8862845
:1096E00028D0002836D16E880898436806984068CC
:1096F0008189C91D89B2039F3A46EDF72FFD08996C
:109700000988B94216D1002814D107AF3E70300A3B
:1097100078702846EDF77EFF0646B870000AF870AC
:1097200002988189059A891889B204223B46E9F793
:10973000CEFF0594761CBAE7012F07D106200A2236
:109740000199029BEDF7C2FE862003E0029805997D
:109750004180002011B0F0BDFEB51F460646089DB1
:1097600000242C700078012807D1306900281FD010
:109770000C363E600020287029E00292B068008913
:1097800001913A462B4600F024F8002812D0842894
:109790001DD101984388B0684289018902980090E0
:1097A0000220FAF7A3FF002811D17B20C0430EE06E
:1097B0000E2005E038680188029A914203D2072002
:1097C0002870862003E04168891841602046C0B2B5
:1097D000FEBDF8B51C4600920E460746012208461B
:1097E0003946F3F797FF20708625002808D13846C0
:1097F0003146009ADAF7DCFF862802D10E2020706D
:109800002846F8BDF0B58FB00146406801918968DF
:10981000CF680DAD0EAC29462246EDF787FE2888AD
:109820000790DAF78BFF02462088029000252B462E
:1098300000950395002A069550D05088079002990C
:1098400088424BD8A8B2C01801998968C988884253
:1098500044D81C4608AD059210462946DAF780FF29
:109860002E7C0398000606D00098864239D1C008A5
:109870000490069D16E0B98905223846F3F7C5FF26
:10988000102E01D0022200E00122069DB889401C62
:1098900081B238460392F3F7B8FFAD1CF00804908C
:1098A000841C0096B889401981B23846079AD5F7CA
:1098B000E5F9B8892818861C08A800F020F80346A6
:1098C000B1B20498C2B23846E9F701FFE0B22D18F0
:1098D0000598DBF7B1F802462346ABE7039800068C
:1098E00003D006987880002007E0079881B2042012
:1098F0000A223B46EDF7EAFD86200FB0F0BD017C61
:10990000802900D00C30704770B586B004460078CE
:10991000002814D0A589A068C188491FA94200D891
:109920000D46AAB22369C0688189491D89B2E9F749
:10993000CEFE681DA168C9684880002040E06068CC
:109940008189491C89B2D3F749FF0546032205AB3B
:109950002046294600F036F8002808D00246A068C4
:10996000C36816202946EDF7B1FD862028E060681F
:109970008189C91C89B2D3F731FF06466068A168A6
:109980004A89098943885B1F9BB200960193029024
:109990000A202B46FAF7FCFD002811D103AB5D70BD
:1099A000280A9870DE7017201870300A1871A068A5
:1099B000C06881890522E9F78AFE00206060842062
:1099C00006B070BDF0B585B01E4614460F4605467C
:1099D00001A801810271A9680191F7F7E5FD8628C8
:1099E00001D112200CE03846EDF702FE306000286D
:1099F00005D0A96809892246F3F78CFE00E0012012
:109A000005B0F0BDF0B597B00446406815A914AA9A
:109A1000EDF78CFD0A9460688189491D428889B2FE
:109A2000072A05D1D3F7DAFE0FA98881102004E0B8
:109A300010220FABE9F737FE80200FA908740A98AF
:109A40004078102801D0022100E0042107910A9AF1
:109A50009168CC68CB8805931278002A04940AD0C8
:109A60006588022D15D3A089401C81B22046F3F7EA
:109A700015FD06460EE015AA1588102812D10FA86C
:109A8000F7F700FE002800D1B8E00895A18911225F
:109A90001BE00026A089401981B22046D3F79EFE24
:109AA000089018E00BA8058102220271149A4281E5
:109AB0000B910FA90E91F7F777FD862802D116A812
:109AC00012229DE00895A18909222046F3F79DFE08
:109AD0000125658000260598801E019014A8008845
:109AE00003900996F6B20695AFB2B8190599884267
:109AF00074D8089885B20FAA28460399F3F7BAFDDF
:109B000000286BD00446029516A8009000250BABE8
:109B10000A9821462A46FFF71FFE00284FD10B98CE
:109B2000008807990918012F11D1FF2900D3FF21BF
:109B30000198814200D301990991CAB2049EB0896B
:109B4000401C81B23046F3F760FE022703E0B142C9
:109B5000049E069F5CD165882046EDF75BFD08906A
:109B6000B089C01981B230462A46D5F787F80798E0
:109B700009990A1A3C46BF1C0A98407810280AD155
:109B8000B089C01981B23046089D17462A46D5F7DC
:109B900075F83A46271D2C46B089C01981B20B983A
:109BA0004368D5B230462A46E9F791FD7D197580A4
:109BB00002200A990870601C0890099E91E7862887
:109BC000069A16D084280546049821D181898918DF
:109BD00089B2029AD5F752F8842519E0012F06D1EF
:109BE00016A80A22027015A80588049C09E0002521
:109BF0000EE016A80278049C089D02E016A8102228
:109C000002700A984078A9B22346EDF75FFC8625DA
:109C1000284617B0F0BDF0B58BB005468068C46823
:109C2000C7882878002824D02E460C360596686808
:109C30008089401C81B2042204AB2046E9F733FD41
:109C4000308869787F1E0C2903D1874253D204994A
:109C5000401A80B2874200D30746BAB27368A0891F
:109C6000401C81B22046E9F732FD781C608000205C
:109C70004DE068780C28029707D168688189C91C73
:109C800089B2D3F7ABFD0D2201E00B22002004AF17
:109C900003903880A1892046F3F7B7FD6868818971
:109CA000491C89B2D3F79AFD0646788007A8068139
:109CB00001270771A9680791F7F776FC862801D17B
:109CC000122715E03046EDF793FC002810D001462E
:109CD00006A8009005AB2846039AFFF73DFD002833
:109CE00017D0842818D0862811D106A8077807E055
:109CF00006A8077004E006A80B27077004A846888A
:109D0000687831463A462346EDF7E0FB86200BB0F3
:109D1000F0BD059E029F93E7A089401C81B20422FA
:109D200004AB2046E9F7D3FC8420F0E7F0B58DB012
:109D30008168CE68C988069101780029079009D00A
:109D40007788B089C01981B23046D3F747FD0799AB
:109D500002460CE040780E2801D0212200E00F22BC
:109D6000B1893046F3F751FD01221746079948683B
:109D70008078801AC0B2450808780028029666D01C
:109D8000079908460C300190EDB2FF35E8B2002388
:109D90000393A84200D1B3E0BCB20698A04200D819
:109DA000AEE0486881890592891889B202220CAB1D
:109DB0000492E9F778FC07990878012802D1019804
:109DC00008900DE00CA80088EDF712FC01460798FA
:109DD0008068008908AADAF7EBFC0799842865D027
:109DE0000698041B48780E2809D1B089C119089833
:109DF0000288944200DB144689B2A2B213E0B08913
:109E0000C01981B2089A304616883246D4F736FF18
:109E1000A41EB44200D33446A2B2BF1C029EB08935
:109E2000C01981B2089843683046E9F750FC3F19E1
:109E30007780079948782028059A04D10698C01B96
:109E400080B202285CD304980870921C9CE7002121
:109E50000592079C88B2A84292D20491490060689A
:109E600082895118491C89B202220CABE9F71BFC0C
:109E700008A8012606710C990181A1680891F7F7DD
:109E800093FB86282AD00CA80088EDF7B1FB0028A8
:109E900027D00799896809890122F3F73BFC00283C
:109EA0001ED10499491C029E059AD3E70CA8038889
:109EB000886842890189002000900220FAF716FC88
:109EC00003900028059A1BD17780B089C01981B210
:109ED00092B23046D4F7D2FE842010E0122600E081
:109EE00006460CA80188079840780E2801D10E205C
:109EF00000E020203246029BEDF7E8FA862003902E
:109F000003980DB0F0BDF0B589B004460078002884
:109F100001D000203BE06068A168C96806914688CE
:109F20008189491C89B2D3F759FC0546F11E607836
:109F3000002752280CD0D2280ED1A06840890428CE
:109F400024D10F3E052201270020049005960EE043
:109F50000591042204970AE00591069EB189132217
:109F60003046F3F752FC012004907080032207ABC7
:109F700020462946FFF726FD024608A80270002A5F
:109F800007D060782946069BEDF7A0FA862009B035
:109F9000F0BD002F08D06168A068008900F023F8A8
:109FA000002801D00022ECE76168079808AAF7F7BB
:109FB000ABF90028EBD0842812D16068A1684A89E7
:109FC0000989059B9BB20095019302900A20049B8E
:109FD000FAF712FC0028DAD1002060608420D6E76E
:109FE00008A80278CDE7F0B58DB00D464F88D9F7B7
:109FF0002FFE002805D00446407C400603D4B12043
:10A0000034E0022032E021464C3105A81022D2F77C
:10A01000E6F8083FB9B20C2202AE28463346E9F70B
:10A0200042FB3078717809020818B17809044018A9
:10A03000F17809064118206F814201D8401C10D1E7
:10A040000191FAB205A809AE29463346F4F7ACFFF0
:10A0500002A8001D083608223146D2F7CBF80028A6
:10A0600001D0052002E00198206700200DB0F0BD6E
:10A07000F8B51D460446012912D1002A23D0062A2C
:10A080002BD12046D8F744FA0078E87003202870D6
:10A09000042068702820A8700520287168711CE0D1
:10A0A000002720463946D6F74FFE0646A8782828CE
:10A0B00005D1E878012812D92046D4F791FE002175
:10A0C0002046324607E0012520462946D6F73CFEC9
:10A0D000024620462946D6F74BFEFF20F8BD2879D8
:10A0E000401F9128E8D86879401F9128E4D820467D
:10A0F000D8F70EFA0178EA78012A0BD12A796B7920
:10A10000837042700029DAD1012101702046D8F70E
:10A1100015FAD4E70129D2D10770D0E7B0B50029EC
:10A1200001D00120B0BD1C4615464621415C0229E4
:10A1300003D129688069401802E0D7F7ABFF55309A
:10A14000286020600220B0BD0120704780B52A2120
:10A15000405CD6F76DFC80BDF0B5FFB08CB00C460E
:10A1600005468B68CA88898807A8801D00F034F8E6
:10A17000280702D5A068D4F77AFC07A84189059181
:10A1800001890391C18802910C3004900025049E3E
:10A19000A8B2059988421CD231188AA806900224D8
:10A1A0002246D2F71CF8A81C80B2311889AF384675
:10A1B0002246D2F714F8281D84B230193B8806993C
:10A1C0000A8800900298039900F01CF83888251836
:10A1D000DEE77FB00CB0F0BDB0B51C465B88150A59
:10A1E000C57082700A0A42700170591E01710A0A14
:10A1F0004271A589831D8AB2681C81B22046E9F7A5
:10A2000052FAB0BDB0B5FFB083B01C466D462B739B
:10A21000AA722972A8711B0A6B73120AEA72090AE0
:10A220006972000AE87128460E3086992246D1F7F5
:10A23000D6FF20460A30A870000AE8700F20287167
:10A24000FF206870822028700C2068710E34A1B243
:10A250002846E2F778FC7FB003B0B0BDB0B5FFB0E0
:10A2600085B00C4605468B68CA88898802A8801D7F
:10A2700000F011F8280702D5A068D4F7F8FB02AC6B
:10A28000A38962892189E0880E340094FFF7BAFF20
:10A290007FB005B0B0BDF8B51C4617460E46054662
:10A2A000588800909889401C81B21846D3F796FAD6
:10A2B0000099C91E0A0AEA71A97128713A0AEA705E
:10A2C000AF70320A6A702E70000A6871A089083572
:10A2D0008AB2C01C81B220462B46E9F7E4F9F8BDEA
:10A2E00010B5FFB083B089886C46A01D00F014F84B
:10A2F000217A481DA070000AE07001202071FF2023
:10A300006070822020700820607109312046E2F7D9
:10A310001AFC7FB003B010BD017000228270090AE0
:10A320004170704780B5022807D0012809D0002865
:10A3300006D10020C8F751FD80BD0020C8F749FDB7
:10A3400080BD0020F5F768FF80BD80B58088C9F723
:10A350007DFC002804D0BA21405C411E884180BDAC
:10A36000002080BD80B5EEF78FFA3821415C0029CE
:10A3700003D0007A411E884180BD002080BD80B599
:10A380000179407900024018C9F760FC411E8841FC
:10A3900080BD70B5A8B0684604220270CA79C27147
:10A3A0000B7903714B7943718B7983710C23534380
:10A3B00008300024A3420FD00D192E7A06706E7A51
:10A3C0004670AE7A8670EE7AC6702E7B06716D7B13
:10A3D0004571801D0C34EDE768462821C1703E218F
:10A3E0004170062151434A1D8270C9B20831E2F71B
:10A3F000AAFB28B070BD1CB589886C46E01C00F033
:10A400000BF80520A0701320607004202070082134
:10A410002046E2F798FB1CBD002202710122C270A7
:10A4200041700270090A8170704700207047002057
:10A430007047002070470020704770B504462830F0
:10A44000D8F76CFB05462646C63620463C30D8F782
:10A4500065FB002D02D03178C90704D1002805D052
:10A460003078800702D52046EEF7D8F9D5F786FB7D
:10A47000024670782146FAF73FFE70BD10B5012400
:10A480002146FAF7A5FD204610BDB0B504460546A5
:10A49000BA35A878D6F7CCFABA2000212152FF2489
:10A4A000AC70A87AFF2801D0D6F7B7F8AC72B0BD6F
:10A4B00070477047F0B58DB0029301920746422075
:10A4C0003C5A4B2080003D18786C0390D1F712FF66
:10A4D00001462846099100F089F805463846C8F734
:10A4E0009CFE93204600012D03D1384600F08BF8E6
:10A4F00000E001200A90B8190590384642300790D4
:10A5000038462D3008903846803006900B97FA3741
:10A51000049700200C90A1B20B9F38460A9AC8F706
:10A520003EFDF96C41437A6C56187E640C994118D3
:10A530000C912418A5B23846294600F0AFF807461A
:10A54000002802D10998301AE5D4069A10688021B3
:10A5500088431060079E3088A84205D90498008877
:10A560000B99F831C8F755FE3480002F089E1DD195
:10A570000B98416C039A8D1A294600F01FF9074683
:10A58000002813D17078294600F027F907460028E3
:10A590000CD10B9829460C9A019C234600F043F9F4
:10A5A0000746206802990860002F06D03770002007
:10A5B0000599087001200DB0F0BD0B9EB06F00280A
:10A5C00001D0C46900E000247836002C0CD0254668
:10A5D000E469287A0007F8D530462946D4F770FB9D
:10A5E0002846D4F744FAF0E70220E4E780B5826910
:10A5F000531A01D4012080BDD2435218416850182B
:10A60000C9F74EFB80BDF8B505462C20285C012417
:10A61000032841D1288F00283ED02F462C375426BE
:10A62000B85D800638D52846D5F792FB29462831F3
:10A63000884231D1B85D0006800F2DD12846E33025
:10A640000078800728D42E46F6363088002823D19B
:10A65000B87801242146EBF769FB0090B878002117
:10A66000EBF764FB0099084302D1288F441C13E0E8
:10A670009320400028180078C0070DD0F88A718D0B
:10A68000081A81B2022907D3441EA1B2288F401CA8
:10A6900082B2914200D30446A0B2F8BDFEB50A468C
:10A6A000044693204300E05CC10725462C35002971
:10A6B0007FD02746E237F98F8A1A160404D010B2E9
:10A6C000002876D52820FEBDE61842B2002A0FD415
:10A6D000410713D4000736D4A878C8F706FE00282F
:10A6E0005DD0A878012100221346C8F7E6FD56E0A8
:10A6F000A878FFF7DDFE30787F214EE0606CAF6F09
:10A70000796840186064B9683A682878022802912C
:10A71000019227D1687DD5F727FC042801D00628AF
:10A7200000D1022080002118786988650028029BEA
:10A73000019903D0984200D3184620654808616CFF
:10A74000081860641AE0E96F687DD5F732FC387844
:10A75000012804D1E96FBC342046D5F7DDF9307803
:10A76000F7211AE0D4F76CFC029B01996163406801
:10A77000002803D0984200D318462065F868208747
:10A780003869E16C0A186266A066994203D0E364F6
:10A790002046F2F7FDFA3078FB2101403170307825
:10A7A000FC210140881C30701620D2F71FF9D2F727
:10A7B00079F9A878C8F7A9FD0020FEBD426E511AAC
:10A7C0004166491E01D4002070478021405C80060C
:10A7D00001D5082070473E207047FEB5029105461E
:10A7E000EAF79CFE07467D20460400240194022CD3
:10A7F00015D07879C0070FD0E1B22846EAF75EFAA3
:10A80000FD21084208D03868411E0AD4B0423146C2
:10A8100001D80299411A39600C37641CE7E70198A6
:10A82000FEBD2220FEBDF0B587B00693059105461A
:10A830004120285C13210C01E221695C2E462C3654
:10A8400001290DD1D5F736FBF28A777D00230093DD
:10A85000019002932946BC313846D5F7A9FC10E097
:10A860001746D5F74FFB049404464743F0783F184A
:10A87000B8B2E9F725FFF070381B049C80B2E9F705
:10A880001FFF01462F19707DD5F76EFC3078022826
:10A8900011D12846D5F7ACFA2846D5F76EFA707D67
:10A8A000D5F73BFCE86C3860288E401C2886686C25
:10A8B0000699086026E0AC6C688D0599E9F710FFF1
:10A8C0000019A96C002900D10D30E96C49083E3906
:10A8D000884201D9082016E0A8642C46143420468A
:10A8E000D5F786FA2046D5F748FA707DD5F7DAFB1A
:10A8F0002A46443207CA3A60401A06990860288EF0
:10A90000401C2886002007B0F0BDB0B50D460446B7
:10A910004120205CD5F728FB022102460A43062A83
:10A9200000D00146002D0BD020462C3000780328A3
:10A9300007D0022804D188002018806D002800D09C
:10A94000B0BD4D208000201801694269511A02688B
:10A950008A42F5D0531A01D95908511A42689142D6
:10A96000EED30160B0BD70B504462C20205C2646B5
:10A97000AC3603280DD14B2080002518284600F066
:10A9800018F80146206D814202D2284600F011F8E5
:10A9900070602046EBF712FA2046FBF7A7F9204635
:10A9A000FBF7D2F9316814342046D5F74CFA012070
:10A9B00070BD0146896A00290ED0427D4B7D9342CD
:10A9C000F8D38269CB69DB43D2184368D218F1D43B
:10A9D000C0698969081A00E0406883387047B0B5DB
:10A9E00004462E20255C2846FFF763FD2846C8F75D
:10A9F000C8FB002803D12E34E07CD6F719F81620C6
:10AA0000D1F7F4FFD2F74EF8B0BD002070477CB507
:10AA10000446F9F783FA0146BC26A05DD5F70BFB87
:10AA2000B120205CD5F7F6FC0546A05D2946D5F798
:10AA300084FBA05D2946D5F74BFBC720205C21464F
:10AA4000A431062801D0052802D122463C3201E07B
:10AA50002246283209880094019200221346EBF71F
:10AA60004AFA7CBDB0B50446C520205C002810D051
:10AA70000D46FAF797FA00280BD0002D09D1204691
:10AA8000BE300178002904D0491E01702046FFF72E
:10AA9000BEFFB0BD80B5C521415C002902D0FFF7E3
:10AAA000B6FF01E0D8F74BF8012080BDB0B50446F1
:10AAB000BA2000212152BA34A07AFF2801D0D5F75C
:10AAC000ACFDFF25A572A078D5F7B2FFA570E078A0
:10AAD000D5F7AEFFE570B0BD10B50C46EBF712F937
:10AAE000C108C9B2012909D80722104001228240B9
:10AAF000601883214900435C1343435410BD70B573
:10AB00000446EDF7C1FE05463820285C00281FD01A
:10AB10002E46383600213170287AC00008300A46A7
:10AB20000832904212D06B685918C979A142114677
:10AB3000F6D19818011F0968083800680022FBF751
:10AB400059FDE00029680818012181710120307049
:10AB500070BDF0B585B002290CD0044601290BD197
:10AB60009C342468D7F796FA001B8230810F0220AC
:10AB7000884336E0002034E0164627466A372046F0
:10AB80000493FBF777FD256DD7F784FA014620463D
:10AB90008030FFF72BFD4543616D491961653160D8
:10ABA000398808183880606D049908602046FCF7E1
:10ABB0000BF8B878D5F77EF93A88BD780023009372
:10ABC00001900293214614312846D5F7F1FAA0727C
:10ABD000A46F08342046FBF7CDFD2046D7F79EFF33
:10ABE000022005B0F0BD80B50821FBF7C6FD80BD91
:10ABF00010B504466C20205CA17AD5F71CFA2046DB
:10AC00001430F2F709FBA072012010BD10B5044604
:10AC10008030D6F7AEFD00212046D8F7DFF810BD12
:10AC2000F0B593B00F460546046D406D12906A2052
:10AC3000285A11A90880697AAE6F012902D82846DE
:10AC4000503000E0301D022F01D10020A0E00B9415
:10AC50000A9309920E9100680C902C466A34A078F1
:10AC600008903046D83000680D90D1F743FB01467C
:10AC7000012F06D10D98C0430818810F0220884388
:10AC800086E030464130069028460791FBF7F2FCFB
:10AC90000FA80590049010A8039011AF029712A876
:10ACA00001900C9800900D990798401A0E9A0B9BF2
:10ACB000FBF759FF129868652188079139880D9133
:10ACC000218010993746F163059A1478069A127814
:10ACD00094420DD1661CF2B20E9B9A420A9B0C9ACA
:10ACE00009D30FAA002616700B9A8018421A02E0A8
:10ACF000002226460A9B7E74009328463946099B0B
:10AD0000D5F71EFD7C743C4638462430D5F770F8E4
:10AD10002846FBF759FF0D9F0798B84212D00C96B2
:10AD2000089E3046D5F7C6F8A16B0E9A00920190A6
:10AD3000029129461431012330460C9E3A46D5F73C
:10AD400037FAA872E07D400613D12046BD303106A7
:10AD50000E9900D03146491EC9B200784018E17DF5
:10AD6000A27D521CD3B2984201D2E1750DE0801A47
:10AD7000E075E86FAA21405C00220E992346D5F7C2
:10AD800063FD002800D07F1C27840020E07402208F
:10AD900013B0F0BDF0B58FB00F460446066D406DA0
:10ADA0000E906A20205A0DA90880657AA16F012DA6
:10ADB00002D82046503000E0081D022F01D10020AB
:10ADC00061E0099106A94CC100680A9026469836B0
:10ADD000D1F790FA3168012F05D1C9430818810FC6
:10ADE000022088434FE022466A3205920BAF049757
:10ADF0000CAA03920DAA02920EAA01920A9A00923C
:10AE0000401A2A46089E3346FBF7ADFE4120099BB7
:10AE1000185C3F7887420AD17F1C0BA80770F8B2F4
:10AE2000A8420799069A06D20C980A9E04E00C984C
:10AE30000799069A02E00E9880190C90106008603D
:10AE40005E7C059800880DA90988814208D1F8B276
:10AE5000F1B2814216D22046D5F736FF761CF6E7CE
:10AE6000F1B2A94204D22046D5F72EFF761CF7E7AF
:10AE70000025F8B2E9B2814204D22046D5F724FF7A
:10AE80006D1CF6E702200FB0F0BDF0B58BB00546A3
:10AE9000876FB8680890F86B0790D1F72BFA0646D1
:10AEA000BC7CF8680690797C04956A7A38460991EA
:10AEB000D5F7B8FC0546089807994018301A069946
:10AEC000C8F7EEFE0246FF2D07D003206843F9695C
:10AED000496808180790867802E000200790164617
:10AEE0003D461746089524352846D4F726FFF8B284
:10AEF0000396F1B20690059181423A4625D9029215
:10AF0000501C089FB8740AA90498D5F7CFFB0646D1
:10AF10000420D4F7BDFE28463146D4F794FFD1F77C
:10AF2000E9F901460A98411A573905D400210A4621
:10AF3000D1F7ECF9002801D0D1F7F6F9D4F798FE53
:10AF4000079D002D029A04D149E0079D002D089F1E
:10AF50004BD0287801283ED16878069981423AD3AF
:10AF600006980599884200D803920498C06FAA21D8
:10AF7000465AF87C0890FBF781FD002807D003981B
:10AF8000051BFBF787FD002806D06D1C02E0039827
:10AF9000001B451C002000E00120049028060FD073
:10AFA000E0B20090E8B219282F4600D31927FBB26F
:10AFB000F0B20999089AFBF72FFEED1B3C19EDE75B
:10AFC00004980028079D06D0F0B20399CBB20999E6
:10AFD000089AFBF765FE06980599814201D9002081
:10AFE00007E00020A870687028703F20D4F750FE5A
:10AFF00003200BB0F0BD10B5846FFBF733FDE07498
:10B00000032010BDF0B585B0029201910746406C57
:10B010003B4648330ECB3C4654340FC43D465C356A
:10B020003846643004903C465434384688300390A7
:10B03000C8F754F8012822D12678B00710D5284641
:10B040002146CCF735FB2078012108400E40B04264
:10B0500006D0049B1978BF220A408001101818708E
:10B060002E7801212846CCF723FA2878B04206D062
:10B07000049B19787F220A40C001101818703E46C0
:10B080007A3638466630611C06242246D1F7A7F886
:10B090006C37691C38462246D1F7A1F8039C256815
:10B0A00022210022019F3846D1F784F8FD210F406C
:10B0B000042F02D00121890201E003214902029AF2
:10B0C00089180F18E81BB1784902F2785204511818
:10B0D000002807D4CA19D243AA180CD4C8F7E0FD37
:10B0E0007D1808E0E843381844182046C8F7D8FD12
:10B0F0006019039C451AE81B410A31702560400C19
:10B100007070D4F73BFD24220499D1F768F805B09C
:10B11000F0BD10B5427A846F617C2046D5F782FB82
:10B12000FF2809D003214143E0694068425C022ABC
:10B1300002D140180121017010BDB0B50446806FE6
:10B14000457CA01DC8F7C2FE0A35E9B22046FBF7D0
:10B1500014FBB0BDB0B50546846FA220205C617CB5
:10B16000A26B515CD4F767FFE86FB321405CD5F761
:10B1700051F90146E26B2046FFF744FF0120B0BDC4
:10B18000B0B50546846FE07C002811D0BC20205C5F
:10B19000617CA26B515CD4F74EFF00212846D5F7A5
:10B1A00085FA014624342046D4F74DFE0120B0BD77
:10B1B0000020B0BD10B56C21425C846F607CA16B37
:10B1C000095C1046D4F737FF0020E074012010BD61
:10B1D00080B5FFF71BFD80BD80B5002800D080BD85
:10B1E000D5F7FEFF80BDF8B5022904D0012904D1AE
:10B1F000FFF70BFC16E00020F8BD1C46154606467E
:10B20000D6F748FF01463046FFF7F0F90746FFF74B
:10B21000FCFB304639462A4600F008F8002803D0E7
:10B22000286820600220F8BD0120F8BDFEB502921A
:10B230000E460446BC20205C214672312546AA35C4
:10B240000028019103D00020A87488888619276EF1
:10B25000774320463946324600F021F80021002885
:10B260001BD020460091394600F02AF800990028AA
:10B2700013D0E06DC019E065FF2129700021A9718C
:10B28000019A118889191180E16E4908401A0299C2
:10B290000860204600F029F801210846FEBDAF23D2
:10B2A000C35C1B07836E04D48B420A4604D2002081
:10B2B0007047D1435918FAD4991A81660120704712
:10B2C00010B50446B320205CD6F700FAE16E0029E1
:10B2D00001D040180D38216E49083E39884202D20B
:10B2E000E066012010BD002010BDB0B50446B920B5
:10B2F000205C002814D020467230018840888842A3
:10B300000ED82046B93000210170A07D25467C353D
:10B310002946D4F74EFE843420462946D4F7FCFB58
:10B32000B0BD80B5C16DFBF7F7FD012080BDFEB556
:10B330001D4617460C460646FFF767FB002C01D05A
:10B34000002418E001970295756CD6F7A3FE074616
:10B3500001243046214600F010F800280BD0A86DDB
:10B36000C1437918F4D5F16E4908401A0199086073
:10B370000299086002242046FEBDF0B585B0049114
:10B380000446456C6E20295C2E466E3677782A4638
:10B390004832384600F047F82346AF33B8420390AE
:10B3A00007D9C11BEF6D4F4318780007049A25D5C4
:10B3B0002AE0214672315A7B002A029605D00022EB
:10B3C0005A738A88049E961900E0049E00225A70DF
:10B3D000088880190880E06D31460496266E4E4339
:10B3E0008019E065E86D01902046FFF77EFF049A22
:10B3F0000398C01B019948438719029E204639468D
:10B40000FFF74DFF00280BD020463946FFF758FFC5
:10B41000002805D003997170A96DC919A96500E0CC
:10B42000002005B0F0BD70B514460D460646F0B2DA
:10B43000401C2946C8F734FC0E4608462146C8F78A
:10B440004AFC0028F3D0F0B270BD0420704780B5EC
:10B45000FFF7DBFA80BDB0B55F21CC43456C002C13
:10B4600009D02819E221415CFF2902D0DC30D0F755
:10B470008BFF0C34F3E7B0BDF8B50446456CFFF71D
:10B48000C4FA606C7821405CD3F7E4FD06464120A5
:10B49000375C4B2080003018D6F75AFD002807D1C2
:10B4A0002C363846D5F7C4FA00203070FF2070756E
:10B4B0002846D5F75FF8DC20285CD5F7B9FA204696
:10B4C000EDF7FCFBF8BD1CB501240094FCF7F8FA7D
:10B4D0001CBD1CB500240094FCF7F2FA1CBDF0B5AD
:10B4E00087B006910546D6F7A9FE0446FF231E46FF
:10B4F000DC36805D0521014001294ED105942C46A2
:10B500005A356878002808D00599D43103C91F46F8
:10B51000FDF7BEFC3B46687800E000202746343744
:10B52000297802292AD001292546059C35D1029087
:10B53000B97D0A46E53A00D200220492FA7D480815
:10B540000390722803D9019320231A43019B029888
:10B55000002800D13B700498081AC1B2D3B200226F
:10B560003846C7F743FE0398732816D3FB7D04982B
:10B57000C1B2E5223846C7F739FE0EE00021B975A1
:10B5800025466164F87D40220243DF231340FB75AA
:10B5900038460A46C7F72AFE059C069800281CD0A4
:10B5A000A0190078400618D58720400020180078A0
:10B5B000FF2812D0A87ED4F7D0FC042801D0024680
:10B5C00000E0022220462946C7F7FCFD2046D4F7BA
:10B5D000D1FF30342046D4F7CDFF07B0F0BD70B5B1
:10B5E0000446FCF7D7FFD6F729FE05469826805972
:10B5F000001DD4F7FDFBA859001D2168D4F723FCDA
:10B60000012070BD80B50122FDF738F980BD80B5FD
:10B61000002907D0FF21DC31415C490602D5012118
:10B62000C7F7C3FD80BD80B50121FDF7DDFC80BDFE
:10B6300080B5012100F001F880BDF8B50091044605
:10B6400087204000FF272754DC37E35D20221A4083
:10B65000E2552018002686703025284648432018D9
:10B66000D6F787F801200099484068432018D4F79E
:10B6700081FFE51970346878864209D22068001D80
:10B68000D4F778FF01CC001DD6F773F8761CF2E7EB
:10B69000F8BD80B50022FDF7F1F880BD80B5002926
:10B6A00007D0FF21DC31415C490602D50021C7F7F4
:10B6B0007CFD80BD80B50021FDF796FC80BD80B586
:10B6C0000021FFF7BAFF80BDF0B587B0059314469F
:10B6D0000E46D3F7BFFC054606902C35012E10D13F
:10B6E000A87801273946D5F72FFB06462878022887
:10B6F00027D1009706983146059A234600F0A8F80E
:10B70000A3E02F78AE78002130460491D5F71CFBDA
:10B710000246022F1FD1012C28D103922620FAF7CE
:10B7200041FF00283AD001213046EAF7FFFA00280D
:10B730004AD001213046E9F7C1FA0F287ED12320F3
:10B740007DE0002C22D0062C22D1262230460599FD
:10B7500000F096F879E00024069821461546224626
:10B76000D6F740FE304621462A462AE0907A002845
:10B7700016D0062C23D11120059B98700320187039
:10B780002621D9705870907A18715EE027205DE00C
:10B7900005998878112808D10A7907E01A204EE027
:10B7A0000498009006981146A6E700220124069806
:10B7B0002146D6F717FEA8782146324601E0A87840
:10B7C0000021D5F7D5FA40E00598C11C0A22039F55
:10B7D0003846D0F704FDB88805907B883A88069DE6
:10B7E000E96CFC88388900940190084611461A4695
:10B7F000059BD3F7CCFA3B2100281CD1FC353888B7
:10B80000EA88904217D8AA887B88934213D36B8822
:10B81000BC889C420FD82B893C899C420BD8904213
:10B8200000D81046039A1080D0882988884200D812
:10B830000846D08004990398817202E02A20039977
:10B84000887200213046ECF771FFFF2007B0F0BD91
:10B8500070B50C46062B06D12723204611461A4602
:10B8600000F00EF870BD0546049E00223146D6F762
:10B87000B9FD2E20285C31462246D5F779FA70BDF5
:10B88000BFB58A7003230B70112A05D12622CA7016
:10B890004B70807A0871BFBD038801AC2380858816
:10B8A000A58005892581272A09D1C2885B1E9CB203
:10B8B000A24200D31A46C2800B224A7004E00B2237
:10B8C0004A70428801AB5A80801D008801ABD88045
:10B8D000C81C0A221946D0F782FCBFBD70B40123F0
:10B8E000002413E00168001D194202D04D4669187A
:10B8F000491E0C60091D121F042AFAD20D0096077A
:10B9000001D50C80AD1C1A4000D02C700268001DBF
:10B91000002AE7D170BC7047F1B401684118436850
:10B9200058080A1800988068DB0701D54B46C018F4
:10B9300091422DD00D78491C032403262E4002D1BC
:10B940000E78F61C491C2B090F2B07D10B780F33EF
:10B95000491C03E00F78491C0770401C761EF9D182
:10B96000002BE5D00E78491CAD082C40032C01D1EA
:10B970000C78491C24023419654244190025AE1E76
:10B980009E42D5D02678641C0670401C6D1CF6E7DC
:10B9900000980C30F2BC704745FFFFFF0400000028
:10B9A000300000203C0000005C000020982D0000CA
:10B9B0006C0500200000000061FFFFFF1F01000078
:10B9C00014000000C000002051FFFFFF190100001B
:10B9D000860100005C030020BD1A3CCDA6B8995832
:10B9E00099B740EB7B60FF4A503F10D2E3B3C97474
:10B9F000385FC5A3D4F6493F000C000208001102CD
:10BA000000011703010D03010100010100130200F1
:10BA100003090003090001010001010004060012EE
:10BA20000200030901141800141800120300070192
:10BA300001070100050901050901060302060300CB
:10BA40000605001403000902020901000823001082
:10BA500002011002010D24020D09020D10000E0456
:10BA6000000A04020A05000A05000F0B020F0B0072
:10BA70000B04010C0B00082B00031B00031B006CC4
:10BA8000888391AAF5A53860370BDB5A6083BEE640
:10BA90009D350E480103CCDBFDF4AC1191F4EFB9F8
:10BAA000A5F9E9A7832C5E2CBE97F2D203B0208BB8
:10BAB000D28915D08E1C742430ED8FC24563765C1C
:10BAC00015525ABF9A32636DEB2A65499C80DCFBA4
:10BAD000349B5F8000008000100000F2FF0001F145
:10BAE000FF01F16A01100303000000320410038C0F
:10BAF000310020FF0120150000FFFF03070800FBB5
:10BB0000349B5F800000800010000002290007B015
:10BB10000600B81804100207001C43002A1C61012B
:10BB2000E0025C03002024D20124F2029448D204F3
:10BB300024F202A024D2A62412AC24B001220709C8
:10BB40002443882B2412010412708C212FE148D247
:10BB5000C948F202C46CC3F52B2412D024B1F88278
:10BB6000186861012602481174D2034C6540C30471
:10BB70001944F20201446101620214F3041F00013E
:10BB800052FF01A11E614832045432100811627242
:10BB90004804B324F49843032880000A378B041028
:08BBA00031CC0610010401EA9A
:040000051006FFAD35
:00000001FF
