:020000041004E6
:100000000000012095830510BD860510BF860510F0
:1000100000000000000000000000000000000000E0
:10002000000000000000000000000000C186051074
:100030000000000000000000C3860510C586051002
:100040000B8804107F8D04105F8E04101F8F041026
:10005000000000000000000000000000538F0410AA
:10006000CD8605105F9004108B9A0410D3A4041061
:1000700083A50410E9860510000000001B87051009
:1000800029870510DFAB041003870510000000006E
:10009000FB8605100000000013870510F38605108D
:1000A00037AC04100B8705101BB604102BB80410D6
:1000B000C3BA0410000000000000000000000000AF
:1000C000D8110020062300001100010200001E00CC
:1000D000F7000000FFFFFFFF6400011008000003AD
:1000E000F70001000001010202020200000100030A
:1000F000000400004572726F7220696E20424C4508
:100100005F535441434B5F496E697428292030780E
:10011000253032780D0A000020204661696C2020CD
:10012000203A206163695F68616C5F7365745F7416
:10013000785F706F7765725F6C6576656C20636F52
:100140006D6D616E642C20726573756C743A20302D
:1001500078253032580A0000202053756363657398
:10016000733A206163695F68616C5F7365745F7483
:10017000785F706F7765725F6C6576656C20636F12
:100180006D6D616E640A000020204661696C20205C
:10019000203A206163695F676174745F7372765F90
:1001A00070726F66696C655F696E697420636F6DEC
:1001B0006D616E642C20726573756C743A203078B2
:1001C000253032580A0000002020537563636573A0
:1001D000733A206163695F676174745F7372765FFD
:1001E00070726F66696C655F696E697420636F6DAC
:1001F0006D616E640A00000020204661696C202059
:10020000203A206163695F6761705F696E6974207D
:10021000636F6D6D616E642C20726573756C743ADA
:10022000203078253032580A000000002020537515
:1002300063636573733A206163695F6761705F69C7
:100240006E697420636F6D6D616E640A000000005A
:1002500020205374617469632052616E646F6D2055
:10026000426C7565746F6F74682041646472657365
:10027000733A20253032783A253032783A253032B8
:10028000783A253032783A253032783A253032784B
:100290000A00000020204661696C2020203A204797
:1002A00061705F70726F66696C655F7365745F64BF
:1002B00065765F6E616D65202D20446576696365A6
:1002C000204E616D652C20726573756C743A203018
:1002D00078253032580A0000202053756363657317
:1002E000733A204761705F70726F66696C655F7307
:1002F00065745F6465765F6E616D65202D20446571
:1003000076696365204E616D650A000020204661B4
:10031000696C2020203A204761705F70726F6669B7
:100320006C655F7365745F617070656172616E6347
:1003300065202D20417070656172616E63652C20AF
:10034000726573756C743A203078253032580A0023
:100350002020537563636573733A204761705F7043
:10036000726F66696C655F7365745F6170706561FB
:1003700072616E6365202D20417070656172616EDF
:1003800063650A0020204661696C2020203A2061C4
:1003900063695F6761705F7365745F696F5F6361F5
:1003A000706162696C69747920636F6D6D616E64F0
:1003B0002C20726573756C743A2030782530325871
:1003C0000A0000002020537563636573733A20614F
:1003D00063695F6761705F7365745F696F5F6361B5
:1003E000706162696C69747920636F6D6D616E64B0
:1003F0000A00000020204661696C2020203A20611C
:1004000063695F6761705F7365745F73656375725D
:100410006974795F726571756972656D656E747303
:1004200020636F6D6D616E642C20726573756C74E2
:100430003A203078253032580A00000020205375C9
:1004400063636573733A206163695F6761705F73AB
:1004500065745F73656375726974795F72657175D0
:100460006972656D656E747320636F6D6D616E6426
:100470000A00000020204661696C2020203A20619B
:1004800063695F6761705F636F6E666967757265E8
:100490005F66696C7465725F6163636570745F61E8
:1004A0006E645F7265736F6C76696E675F6C69739B
:1004B0007420636F6D6D616E642C20726573756C52
:1004C000743A203078253032580A000020205375C5
:1004D00063636573733A206163695F6761705F632B
:1004E0006F6E6669677572655F66696C7465725F69
:1004F0006163636570745F616E645F7265736F6C76
:1005000076696E675F6C69737420636F6D6D616E81
:10051000640A0000536572766963657320616E64D6
:10052000204368617261637465726973746963738F
:10053000206372656174696F6E0A0000456E642005
:100540006F6620536572766963657320616E6420FF
:10055000436861726163746572697374696373205F
:100560006372656174696F6E0A0000003E3E3D3D36
:10057000204843495F444953434F4E4E45435449F5
:100580004F4E5F434F4D504C4554455F4556545F69
:10059000434F44450A00000020202020202D204306
:1005A0006F6E6E656374696F6E2048616E646C6512
:1005B0003A2020203078253032580A202020202070
:1005C0002D20526561736F6E3A20202020307825EF
:1005D0003032580A000000003E3E3D3D204843496D
:1005E0005F4C455F434F4E4E454354494F4E5F5518
:1005F00050444154455F434F4D504C4554455F5323
:1006000055424556545F434F44450A002020202060
:10061000202D20436F6E6E656374696F6E20496E86
:1006200074657276616C3A20202025642E25303264
:1006300064206D730A20202020202D20436F6E6ED1
:10064000656374696F6E206C6174656E63793A20BE
:1006500020202025640A20202020202D2053757082
:100660006572766973696F6E2054696D656F757414
:100670003A2020202564206D730A00003E3E3D3D57
:10068000204143495F4741505F50524F435F434FC2
:100690004D504C4554455F56534556545F434F4467
:1006A000450A00003E3E3D3D204143495F474150E1
:1006B0005F4B455950524553535F4E4F544946493D
:1006C000434154494F4E5F56534556545F434F4440
:1006D000450A00003E3E3D3D204143495F474150B1
:1006E0005F504153534B45595F5245515F565345F7
:1006F00056545F434F44450A000000003D3D3E3ED6
:10070000206163695F6761705F706173736B6579A6
:100710005F72657370203A204661696C2C207265A7
:1007200061736F6E3A203078253032580A0000002D
:100730003D3D3E3E206163695F6761705F7061733C
:10074000736B65795F72657370203A2053756363CC
:100750006573730A000000003E3E3D3D2041434961
:100760005F4741505F4E554D455249435F434F4DA2
:1007700050415249534F4E5F56414C55455F565379
:100780004556545F434F44450A0000003D3D3E3E00
:10079000206163695F6761705F6E756D6572696323
:1007A0005F636F6D70617269736F6E5F76616C7598
:1007B000655F636F6E6669726D5F7965736E6F20DA
:1007C0003A204661696C2C20726561736F6E3A2025
:1007D0003078253032580A003D3D3E3E2061636945
:1007E0005F6761705F6E756D657269635F636F6D82
:1007F00070617269736F6E5F76616C75655F636F50
:100800006E6669726D5F7965736E6F203A205375FD
:1008100063636573730A00003E3E3D3D20414349DA
:100820005F4741505F50414952494E475F434F4DEA
:10083000504C4554455F56534556545F434F4445CD
:100840000A00000020202020202D205061697269BC
:100850006E67204B4F0A20202020202D20537461EA
:100860007475733A203078253032580A20202020C1
:10087000202D20526561736F6E3A2030782530321A
:10088000580A00003E3E3D3D204143495F474154E8
:10089000545F5352565F524541445F565345565438
:1008A0005F434F44450A00003D3D3E3E20636F6E6E
:1008B0006E656374696F6E5F636F6D706C65746590
:1008C0005F6576656E74204661696C2C2053746197
:1008D0007475733A203078253032580A00000000D1
:1008E0003E3E3D3D206863695F6C655F636F6E6E81
:1008F000656374696F6E5F636F6D706C6574655F5F
:100900006576656E74202D20436F6E6E6563746925
:100910006F6E2068616E646C653A203078253034E3
:10092000580A000020202020202D20436F6E6E6585
:100930006374696F6E2065737461626C6973686556
:1009400064207769746820403A253032783A25303F
:1009500032783A253032783A253032783A253032BA
:10096000783A253032780A0020202020202D20439C
:100970006F6E6E656374696F6E20496E7465727612
:10098000616C3A20202025642E25303264206D735E
:100990000A20202020202D20436F6E6E656374692D
:1009A0006F6E206C6174656E63793A20202020257B
:1009B000640A20202020202D2053757065727669EE
:1009C00073696F6E2054696D656F75743A20256484
:1009D000206D730A000000006863695F6C655F72D8
:1009E0006561645F706879206661696C7572653AEB
:1009F00020726561736F6E3D3078253032580A0081
:100A00003D3D3E3E206863695F6C655F7365745F62
:100A10007068792050485920506172616D202054CF
:100A2000583D2025642C2052583D202564202D203F
:100A3000000000006163695F6761705F7465726DDB
:100A4000696E617465206661696C7572653A2072C1
:100A50006561736F6E3D3078253032580A000000B2
:100A60003D3D3E3E206163695F6761705F74657202
:100A70006D696E617465203A2053756363657373A5
:100A80000A0000006163695F676174745F636C747E
:100A90005F65786368616E67655F636F6E666967DF
:100AA000206661696C7572653A20726561736F6E5C
:100AB0003D3078253032580A000000003D3D3E3E72
:100AC000206163695F676174745F636C745F6578EC
:100AD0006368616E67655F636F6E666967203A2061
:100AE000537563636573730A000000003D3D3E3E2D
:100AF000206163695F6761705F7365745F616476CD
:100B00006572746973696E675F636F6E6669677536
:100B1000726174696F6E202D206661696C2C207281
:100B20006573756C743A203078253032580A0000AD
:100B30003D3D3E3E20537563636573733A206163A8
:100B4000695F6761705F7365745F61647665727415
:100B50006973696E675F636F6E66696775726174EA
:100B6000696F6E0A000000003D3D3E3E20616369F2
:100B70005F6761705F7365745F61647665727469E5
:100B800073696E675F64617461204661696C656456
:100B90002C20726573756C743A2030782530325889
:100BA0000A0000003D3D3E3E20537563636573734C
:100BB0003A206163695F6761705F7365745F616448
:100BC000766572746973696E675F646174610A0047
:100BD0003D3D3E3E206163695F6761705F73657490
:100BE0005F6164766572746973696E675F656E6173
:100BF000626C65204661696C65642C207265737552
:100C00006C743A203078253032580A003D3D3E3E23
:100C100020537563636573733A206163695F67612D
:100C2000705F7365745F6164766572746973696E11
:100C3000675F656E61626C650A00000044697361FC
:100C4000626C65206164766572746973696E672091
:100C50002D206661696C2C20726573756C743A2066
:100C60003078253032580A003D3D3E3E20446973BD
:100C700061626C65206164766572746973696E6720
:100C8000202D20537563636573730A006163695F88
:100C90006C326361705F636F6E6E656374696F6EF3
:100CA0005F706172616D657465725F7570646174A7
:100CB000655F726571202D206661696C2C207265FC
:100CC00073756C743A203078253032580A00000071
:100CD0003D3D3E3E206163695F6C326361705F63DE
:100CE0006F6E6E656374696F6E5F706172616D6562
:100CF0007465725F7570646174655F726571202DD3
:100D000020537563636573730A00000020204661F9
:100D1000696C2020203A206163695F676174745FA9
:100D2000636F6E6669726D5F696E64696361746931
:100D30006F6E20636F6D6D616E642C2072657375CC
:100D40006C743A2030782578200A000020205375F2
:100D500063636573733A206163695F676174745F8D
:100D6000636F6E6669726D5F696E646963617469F1
:100D70006F6E20636F6D6D616E640A0020204661A6
:100D8000696C2020203A206163695F676174745F39
:100D90007372765F6164645F736572766963652000
:100DA000636F6D6D616E643A204449532C20657207
:100DB000726F7220636F64653A2030782578200A5C
:100DC000000000002020537563636573733A20614F
:100DD00063695F676174745F7372765F6164645F97
:100DE0007365727669636520636F6D6D616E643AD9
:100DF00020444953200A000020204661696C20727B
:100E000065676973746572696E6720444953206829
:100E1000616E646C6572730A0000000002100000CD
:100E2000FB349B5F8000008000100000292A000036
:100E3000100000000000000000000000B4010020CD
:100E400002100000FB349B5F800000800010000057
:100E5000242A000010000000000000000000000034
:100E6000C001002002100000FB349B5F8000008066
:100E700000100000232A0000100000000000000005
:100E800000000000CC010020FB349B5F800000804C
:100E9000001000000A18000010000000010000000F
:100EA0000000000000000000030000001C0E041001
:100EB00000000000020000003000002000000000E0
:100EC00008000000E4010020000000000100000014
:100ED0007E0500200100000001000000C811002074
:100EE0000000000001000000C91100200000000007
:100EF000020000007C0500200000FFFF0000000051
:100F000004000000F80E04100000000002000000C1
:100F10003200002000000000010000008AD504100B
:100F20000100000001000000CA11002020000000A4
:100F3000FB349B5F8000008000100000052A000049
:100F400010000000010000002C030020FC0E041023
:100F50000A000000FB349B5F80000080001000004E
:100F6000292B00001000000000000000000000001D
:100F7000080F041002000000FB349B5F800000801B
:100F8000001000002A2B00001000000000000000EC
:100F9000000000000000000002000000FB349B5F26
:100FA00080000080001000003A2B000010000000BC
:100FB0000000000000000000140F04104143495FCE
:100FC000474154545F4154545249425554455F4D32
:100FD0004F4449464945445F56534556545F434F35
:100FE0004445204854535F54454D4D5F494E444954
:100FF000434154455F44495341424C45445F455643
:10100000540A00004143495F474154545F415454DE
:101010005249425554455F4D4F4449464945445F06
:1010200056534556545F434F4445204854535F54EC
:10103000454D4D5F494E4449434154455F454E41FE
:10104000424C45445F4556540A0000004143495F05
:10105000474154545F4154545249425554455F4DA1
:101060004F4449464945445F56534556545F434FA4
:101070004445204854535F494E545F4E4F544946AF
:10108000595F44495341424C45445F4556540A0018
:101090004143495F474154545F415454524942557A
:1010A00054455F4D4F4449464945445F5653455664
:1010B000545F434F4445204854535F494E545F4E5C
:1010C0004F544946595F454E41424C45445F455651
:1010D000540A00004143495F474154545F4154540E
:1010E0005249425554455F4D4F4449464945445F36
:1010F00056534556545F434F4445204854535F4D23
:1011000045495F494E4449434154455F4449534131
:10111000424C45445F4556540A0000004143495F34
:10112000474154545F4154545249425554455F4DD0
:101130004F4449464945445F56534556545F434FD3
:101140004445204854535F4D45495F494E44494307
:101150004154455F454E41424C45445F4556540A13
:101160000000000020204661696C2020203A2061A8
:1011700063695F676174745F636F6E6669726D5FE8
:10118000696E6469636174696F6E20636F6D6D6110
:101190006E642C20726573756C743A2030782578F3
:1011A000200A00002020537563636573733A206141
:1011B00063695F676174745F636F6E6669726D5FA8
:1011C000696E6469636174696F6E20636F6D6D61D0
:1011D0006E640A0020204661696C2020203A20615C
:1011E00063695F676174745F7372765F6164645F83
:1011F0007365727669636520636F6D6D616E643AC5
:10120000204854532C206572726F7220636F64659E
:101210003A2030782578200A0000000020205375FD
:1012200063636573733A206163695F676174745FB8
:101230007372765F6164645F73657276696365205B
:10124000636F6D6D616E643A20485453200A00004C
:1012500020204661696C20726567697374657269E4
:101260006E67204854532068616E646C6572730A1F
:101270000000000020100000FB349B5F8000008015
:10128000001000001C2A00001000000001000000F7
:10129000700300200000000002100000FB349B5F80
:1012A00080000080001000001D2A000010000000D7
:1012B0000000000000000000C40300201010000027
:1012C000FB349B5F80000080001000001E2A00009D
:1012D00010000000010000008C030020000000004E
:1012E0002A100800FB349B5F800000800010000083
:1012F000212A00001000000001000000A8030020C7
:10130000D0030020FB349B5F8000008000100000B1
:10131000091800001000000001000000000000009B
:101320000000000004000000741204102020466138
:10133000696C2020203A206163695F676174745F83
:101340007372765F6E6F746966792054454D4D20D7
:10135000636F6D6D616E642C206572726F722063B5
:101360006F64653A2030782532580A002020537582
:1013700063636573733A206163695F676174745F67
:101380007372765F6E6F746966792054454D4D2097
:10139000636F6D6D616E640A00000000202046617D
:1013A000696C2020203A206163695F676174745F13
:1013B0007372765F6E6F7469667920494E5420634C
:1013C0006F6D6D616E642C206572726F7220636F39
:1013D00064653A2030782532580A00002020537581
:1013E00063636573733A206163695F676174745FF7
:1013F0007372765F6E6F7469667920494E5420630C
:101400006F6D6D616E640A0020204661696C20205A
:10141000203A206163695F676174745F7372765FFD
:101420006E6F74696679204D454920636F6D6D61FB
:101430006E642C206572726F7220636F64653A204F
:1014400030782532580A0000202053756363657395
:10145000733A206163695F676174745F7372765F6A
:101460006E6F74696679204D454920636F6D6D61BB
:101470006E640A000100000001000000CB11002092
:101480000100000001000000CC110020010000005C
:1014900001000000CD1100204854535F4150505FBF
:1014A000496E7465726D65646961746554656D70CB
:1014B000657261747572653A202564200A00000027
:1014C00053746F726564206D6561737572656D65C7
:1014D0006E742025642C20696E646578206F662008
:1014E0006669727374206D656173757265207361CE
:1014F0007665643A2025640A0000000096C298D8F8
:101500004539A1F4A033EB2D817D0377F240A4632C
:10151000E5E6BCF847422CE1F2D1176BF551BF3735
:101520006840B6CBCE5E316B5733CE2B169E0F7C08
:101530004AEBE78E9B7F1AFEE242E34F00F00B106E
:1015400000080000AA02000000F80B10F8070100D4
:101550000000000096C298D84539A1F4A033EB2DC5
:10156000817D0377F240A463E5E6BCF847422CE1B5
:10157000F2D1176BF551BF376840B6CBCE5E316BF9
:101580005733CE2B169E0F7C4AEBE78E9B7F1AFEBD
:10159000E242E34F758605108186051045850510EA
:1015A000CD850510D58305107B840510686A6C74A1
:1015B0007A4C00007072696E74665F733A20256E13
:1015C00020646973616C6C6F776564007072696E1A
:1015D00074663A2062616420256E20617267756DC1
:1015E000656E74007072696E74665F733A20626132
:1015F0006420257320617267756D656E740000004C
:10160000000000006E616E004E414E00696E660083
:10161000494E460030002E00FB349B5F8000008066
:1016200000100000292B000010000000FB349B5F1D
:101630008000008000100000052A0000100000005B
:10164000020000000300000003000000060000008C
:1016500003000000030000003C00000070000000D8
:1016600070000000D003000070000000C301000003
:1016700045880510A3C0041087C1041023CB0410B3
:1016800083C8041001260410CDDF0510CB270410F9
:10169000D3270410DB270410E3270410EB270410E2
:1016A000D98D05109B2704108B270410A327041045
:1016B000BFD20410ABBE0410C5260410DD260410F2
:1016C000B5260410EDDC0510BD2604100300000053
:1016D00097EC051029000000D7EC05103F00000032
:1016E000BDEC0510C58C051021E205107DE005104C
:1016F00021E4051033E6051033E6051049E705102F
:1017000021E4051023E9051023E9051023E905105C
:1017100025E3051037E00510FBDF051049E705104C
:10172000112604101926041023ED05102BED0510C9
:1017300027ED05103926041041260410492604100F
:10174000512604108FEC0510612604106926041040
:101750007126041059260410B1EC0510B9EC0510DF
:10176000EBEC051093EC0510B5EC05102FED051012
:1017700071ED051009CB0510000000007FED05108C
:10178000DDC9051011DC051063F20510D9D0051074
:1017900007F20510DBF20510A9ED0510F0B595B0C4
:1017A000062104A800F02AFD0620694608730020DF
:1017B000C881904C08A82100342200F027FD08A819
:1017C00000F05AFD010005D02000343000F08AFD01
:1017D00000F045FE1821002000F046FE002805D04C
:1017E00001002000583000F07DFD03E0200098301B
:1017F00000F078FD07A9891C012000F039FE0028BF
:1018000005D001002000C83000F06CFD04E0842009
:101810004000201800F066FD0121002000F05CFE71
:10182000002806D001009C204000201800F05AFD3E
:1018300004E0B6204000201800F054FD06A80090F7
:1018400006AB9B1C07AA0021012000F04DFE04AA54
:1018500003A9802000F0D0FE04A80178029141780D
:10186000019181780091C37802794179C8204000C4
:10187000201800F037FD00BF5FA21821002000F003
:1018800068FE002806D00100EA204000201800F081
:1018900029FD04E086208000201800F023FD03AA23
:1018A000921C0221002000F05AFE002806D0010000
:1018B00093208000201800F015FD04E0A420800093
:1018C000201800F00FFD8B4D01260120287000F03C
:1018D00094FF002806D00100B1208000201800F0FD
:1018E00001FD04E0C1208000201800F0FBFC6E70B8
:1018F0000820E87010202871AE70002000900026AB
:101900007D4DA85DA9194978092922D0FF293CD12C
:101910003021AA1991700099D170022111718D2185
:1019200051718A2191710099D171009911720099B8
:10193000517204A94A79AB199A720A79DA72CA7893
:101940001A738A785A734A789A730978AA19D173E4
:101950001BE0311869180A78582A16D14A1E1378E4
:10196000582B12D16B461B7C1B096F463F7C3F07EF
:101970003F0F092B01DD373300E030331370092F9F
:1019800001DD373700E030370F703618761CB6B2FD
:101990001E2EB6DB0020029010200190082000903F
:1019A000002301220121012000F02BFF002806D096
:1019B0000100CD208000201800F094FC04E0DF201E
:1019C0008000201800F08EFC012000F05DFF002850
:1019D00006D00100ED208000201800F083FC03E019
:1019E0004648201800F07EFC09A000F07BFC15B0F2
:1019F000F0BD0000C00004104865616C7468546854
:101A000065726D6F6D657465722053656E736F726C
:101A10003D3D3E3E20456E6420424C455F496E6927
:101A2000742066756E6374696F6E0A0080B501205C
:101A300000F03AFF00F03BFF012000F036FF01BD4F
:101A400080B501F00FF801BD80B50021022016E03D
:101A500080B502F0CEF901BD80B5FFF7F5FF01BDFD
:101A600080B502F0F9F9FFF7EFFF0121042006E04D
:101A700080B502F045FA01BD80B50121012002F0D8
:101A8000B7FA01BD38B51E4A0021012002F0A3FAC1
:101A90001C4A0021022002F09EFA1B4A0021042069
:101AA00002F099FA02F006FB02F08EFB0021C94316
:101AB000884201D100F0D3FCFFF770FE0D480021F1
:101AC00081731249818112A4200000F00BFC114D9A
:101AD000280000F007FC02F0B3FB02F0BDFC280078
:101AE000283000F0FFFB200000F0FCFB012000F09C
:101AF000BDFA31BD2C110020940100200C0400001F
:101B00002D1A0410411A0410511A0410FFFF00008E
:101B10000A00000014050410F8B584B00500287808
:101B2000042802D0822802D0B5E1EF1C00E02F1D6E
:101B30006978BA4EBA4C052908D0102900D19BE12A
:101B40003E2939D0FF2900D1FCE0A1E1287969794B
:101B50000906090C0843B189884210D1CF48B081E9
:101B60000020B073200000F0BDFB297968790006E1
:101B7000000C0143AA7920002C3000F0B3FB00F0E8
:101B800033FB01243474287969790906090C084368
:101B900070823000103002F051FB34752879697979
:101BA0000906090C0843F0823000143002F038FCBA
:101BB000012000F05BFA6EE1E978012900D19EE096
:101BC000032906D00A2900D18AE00C2900D183E03C
:101BD000B5E020006C3000F085FBE879297A090631
:101BE000090C084302F076FE0022AD4B02F08CFE99
:101BF000002280235B0302F049FFE879297A21D88B
:101C00000906090C0843EE79297A0906090C0E43E6
:101C100002F060FE0022A24B02F076FE00900191DD
:101C2000300002F057FE00229D4B02F06DFE02F0E4
:101C300055FF02F05FFE02000B000098019902F0D0
:101C4000D9FF1EE00906090C0843EE79297A090636
:101C5000090C0E4302F03EFE0022914B02F054FEAE
:101C600002F03CFF02F046FE00900191300002F0CD
:101C700031FE00228B4B02F047FE009A019B02F0DE
:101C800056FF0022884B02F03FFE02F027FFEA7A5F
:101C9000297B0906090C0A436B7AA97A0906090C03
:101CA0000B43E9792E7A3606360C31430A25554323
:101CB000009506001D00080002F00CFE0022784B83
:101CC00002F022FE02F00AFF01002B003200200089
:101CD000A03000F007FBDEE0012002F099F9DAE025
:101CE000E87F6D1CE97F6D1E0906090C08436A7FB9
:101CF000A97F0906090C0A43EB7E297F0BE0E87CEB
:101D0000297D0906090C08436A7CA97C0906090C8F
:101D10000A43EB7B297C0906090C0B436979AC79F2
:101D20002406240C214303900292019328000930D9
:101D300000902B7AEA79287900F00AF9ABE000BF2D
:101D40005AA0A6E0387879780906090C0843001FE4
:101D5000F4D0BE49401A49D0401E12D0401F0AD0CC
:101D6000801E20D0401E09D0C91F401AE6D0233162
:101D7000401A57D079E08820400035E09C20400090
:101D800032E0B4204000201800F0ACFAB049B0892D
:101D900000F045FD002803D00100C82040001FE0EE
:101DA000E220400020E0F6204000201800F09AFADF
:101DB000381D02F0A5FF010043A000F093FA381D82
:101DC00002F09EFF010000BF46A000F08BFA012147
:101DD000B08900F028FD002804D001008820800090
:101DE000201856E09B208000201813E0AB208000D4
:101DF000201800F077FA3979002906D07A79B620D0
:101E00008000201800F06EFA03E000BF3BA000F055
:101E100069FA90A000F066FA3DE000BF2C110020A6
:101E20006C050410C6208000201800F05BFAB97918
:101E3000F8790006000C014336A000F053FABA7995
:101E4000F8790006000C0243397978790006000C15
:101E50000143B878FB781B061B0C18430023019341
:101E60000093082300F0FCFC15E039787878000630
:101E7000000C01432BA00CE0E87804280BDABFF338
:101E80004F8F754875490860BFF34F8F00BFFDE75E
:101E90002AA000F027FA05B0F0BD0000FFFF000007
:101EA0000000F43F0000F4BF000059404843495F80
:101EB0004C455F4D4554415F4556543A2030782596
:101EC0003032580A0000000020202020202D206EF3
:101ED000756D657269635F76616C7565203D20255F
:101EE000640A000020202020202D204865785F769D
:101EF000616C7565203D2025780A00002020202097
:101F0000202D2050616972696E6720537563636587
:101F100073730A0048616E646C6520307825303434
:101F2000580A00004843495F56454E444F525F45AA
:101F300056543A203078253034580A004843495FD7
:101F40004556454E543A203078253032580A000024
:101F5000F8B588B04F4C0026020005D0010040487B
:101F600000F0C0F9A6736CE00F9F0E9D684681815A
:101F70003C4800F0B7F92878029068780190A8787A
:101F80000090EB782A796979374800F0ABF938008E
:101F900002F0A0FC06AA03C206A80CC800208B49C8
:101FA00002F0B2FC6A4603C2684603C802F096FD1E
:101FB000050002F09FFC04AA03C2684603C8002281
:101FC00080235B0302F062FD06D8684603C804AABA
:101FD0000CCA02F00FFE0AE006A803C87C4B02F010
:101FE00093FC02000B0004A803C802F0A0FD00222D
:101FF000784B02F089FC02F071FD02001198109BF1
:102000000A21414300912900734800F06BF9A07B3D
:10201000012801D1032000E00220A07368468089D6
:10202000A08126746846808960822000103002F00A
:1020300005F9267568468089E0822000143002F098
:10204000EFF909B0F0BD6548807B7047FD030000E3
:1020500007B201000A0000000400FA050CED00E0E0
:10206000A8080410E008041024090410F1B58EB08B
:1020700080200B90A0275A4C064E0EAA1278052AF3
:1020800042D801A39B5C9F440E041C7E325C042555
:1020900043E000BF2C110020C820C0000B90FA279D
:1020A0003F01052539E0002500220021002002F033
:1020B00032FE010000D17EE0992012E0C827BF0067
:1020C0000B970025FA21490089B20091ABB23A0082
:1020D0000B9989B2B08900F0D0FB00286ED00100C6
:1020E000AD20800061E01321B08900F082FB002860
:1020F00003D0010020005C3058E02000883000F060
:10210000F1F800F076F85EE00EA80078012804D916
:10211000801EC9D0801ED7D055E006210CA800F043
:102120006DF800200A900990012008900020079087
:102130000120069000200590049003900290072053
:10214000019000970B9B13220221002002F0E7FD73
:10215000002806D001008A204000201800F0C2F8B4
:1021600005E0B573AC204000201800F0BBF81D4B13
:102170001E220321002002F007FE002806D00100E5
:10218000C8204000201800F0ADF804E0E620400030
:10219000201800F0A7F80CAA0121012002F0BBFDD5
:1021A000002806D00100FC204000201800F09AF81A
:1021B00009E08D2003E0B573A42000E0BE2080007C
:1021C000201800F08FF80FB0F0BD00000000F43FC1
:1021D0000000F4BF00005940680904102C110020D1
:1021E000D80904109401002080B5012001F010FFEF
:1021F00001BD80B5012001F015FF01BD002200BF27
:10220000094202D0491E4254FCD1704770B4103AC2
:1022100003D378C9103A78C0FBD2530701D318C949
:1022200018C001D508C908C0D20704D30B880380A1
:10223000891C801C002A01D50B78037070BC704784
:102240008B0701D18307E1D0124205D00B78491CDE
:102250000370401C521EF9D1704701002000090094
:10226000010026000F0001002900050001002F00D9
:102270001000010049001000B0B50546C07A1224D4
:10228000802829D8298C172926D31448821D9142E9
:1022900022D8298A17291FD381421DD8A87E002859
:1022A0001AD002F075FD002808D0E87E002813D06F
:1022B000802811D8287F401E0E280DD808483422C7
:1022C000294602F067FD02F0D1FD002803D403F097
:1022D00045F8002400E087242046B0BDFA03000042
:1022E000781000200EB4C0B5020003A801900020B1
:1022F000009001AB0121044878440C3003F098F8B9
:10230000029906B0084700BFADBC010081B0314959
:1023100001E081B030490A6802430A600968084058
:102320000090009801B070477CB504F025F800F0EB
:102330005DF800F081F80820FFF7E8FF0420FFF7C0
:10234000E5FF00F0B3FA00BF46A000680090234C00
:10235000206A0125ED430126304008D12068304332
:1023600020602068284020600120FFF7D2FFC020B5
:10237000C0050090684604F011F86846002100226C
:1023800006C0206A304008D12068064326602068D5
:10239000054025600120FFF7BCFF114800681028A8
:1023A000FBD36846A0214900018000218170019182
:1023B00000F0BBFA0B480C49016004F0AFF90028AB
:1023C00001D000F04CF8002004F018FA04F036FBBD
:1023D000FCE7000050004048600040484000404892
:1023E000101800607C1100200000304880B588B0D3
:1023F000182102A8FFF702FF68460021002206C04C
:10240000032002908020400203901020059002A833
:1024100004F014FC002801D000F021F80020009006
:10242000202001900021684604F030FD002801D0F2
:1024300000F015F809B000BD80B586B018216846D7
:10244000FFF7DCFE02200090C0020590684604F011
:10245000B9FD002801D000F002F807B000BD72B647
:10246000FEE700000000000080B504F04DFE80BDD6
:10247000F8B506000F0000203880154C200000F051
:10248000D6F9010023D1200000F0D5F90400114D48
:10249000F00705D52100280000F0D1F9010016D180
:1024A000280000F0D0F9388021002800243000F006
:1024B000C6F901000BD121002800483000F0BFF917
:1024C000010004D1210028006C3000F0B8F9F2BD01
:1024D000480300202C0F041080B5022801D91220D7
:1024E00080BD04F035FE80BDFEB50C00089F0025C0
:1024F000158002990D803D800521014027D0394E7D
:10250000300000F094F9010022D168460470364C86
:10251000200000F098F9019908802000243000F094
:1025200092F902990880300000F085F93D806946F3
:102530000978022906D1010020006C3000F07FF9F3
:10254000010005D12AA20821002000F002F8002095
:10255000FEBD70B504000D001600234804E070B500
:1025600004000D001600214800F06DF933002A0028
:102570002100401C80B200F001F870BDF3B581B0BD
:1025800017001D000024184E69460880242060436F
:10259000301800F058F9002804D0401C694609881A
:1025A000884202D0641C072CF0D3072C0BD068465D
:1025B0000389242044433419206A8188DA1991421E
:1025C00001DB002801D11220FEBD29003A008068FD
:1025D000C018FFF735FE206A0178890700D54780CB
:1025E0000020FEBD04030020080200202C02002071
:1025F00053544D333257423080B504F003FE80BD52
:1026000080B504F075FE01BD80B504F097FE01BDF4
:1026100080B504F0BBFE02BD80B504F0DFFE02BD54
:1026200080B504F009FF02BD80B504F007FF02BDCC
:1026300080B504F005FF02BD80B504F01DFF02BDAA
:1026400080B504F04BFF02BD80B504F063FF02BD0E
:1026500080B504F07BFF02BD80B504F0B7FF02BD7A
:1026600080B504F0F9FF02BD80B505F025F802BD84
:1026700080B505F03FF802BD80B505F057F802BD02
:1026800080B505F08DF802BD80B505F08BF801BD71
:1026900080B505F0A5F801BD80B505F0E1F802BDF3
:1026A0001CB56C46247D01946C46247C009405F096
:1026B0002DF913BD80B505F0D9F901BD80B505F040
:1026C000F1F901BD80B505F009FA01BD80B505F04D
:1026D0005BFA01BD80B505F0AFFA01BD80B505F02C
:1026E00005FB01BD80B505F08FFB02BD80B505F08F
:1026F000DFFB01BD80B505F0E3FB02BD80B505F051
:10270000E9FB02BD80B505F003FC01BD80B505F015
:1027100075FC02BD80B505F0BDFC02BD18B587B0E3
:1027200010AC247806940FAC247805940EAC247871
:1027300004940DAC247803940CAC247802940BAC74
:10274000247801940AAC2478009405F0DBFC08B0EE
:1027500010BD80B505F004FD01BD80B505F01AFD82
:1027600001BD80B505F034FD01BD80B505F07AFDF1
:1027700001BD80B505F096FD02BD80B505F0AEFD4A
:1027800002BD80B505F0D8FD01BD80B505F0F4FDB2
:1027900001BD80B505F0D2FE01BD80B505F0E9FEB2
:1027A00001BD80B505F0EAFE01BD80B505F0ACFFC6
:1027B00002BD80B505F0FEFF02BD80B506F026F82B
:1027C00001BD80B506F070F801BD80B506F0D0F807
:1027D00001BD80B506F0DEF801BD80B506F002F956
:1027E00001BD80B506F022F901BD80B506F0DAF929
:1027F00001BD80B506F0ECF902BD80B506F0ECF93C
:1028000002BD1FB508AC247802946C46247F019465
:102810006C46247E009406F0E7F904B010BD80B544
:1028200006F026FA02BD80B506F02EFA02BD80B58C
:1028300006F032FA02BD80B506F032FA02BD80B56C
:1028400006F032FA02BD80B506F032FA02BD1CB5C0
:10285000059C01946C46248A009406F02DFA16BD5E
:102860001CB5059C01946C46248A009406F033FA4A
:1028700016BD80B506F038FA02BD1CB56C46248A38
:10288000009406F035FA16BDE0B501A908700122E2
:102890000846114606F039FA002800D08CBD01A880
:1028A000007806F050FA8CBD70477047704780B5CD
:1028B000002006F065FA80BD010005D40121C006A4
:1028C000C00E8140664801607047C1680322914391
:1028D00002220A43C260704709E0C0688007800F87
:1028E000022801D1012070470020704700BFC16855
:1028F00003229143C16070470161704700697047CE
:10290000816AC04A0A4082627047816A4800C00FEB
:10291000704700697047816A802292050A4382628B
:10292000704780687047C0687047F1B50127B648A6
:10293000C06B3843B449C8630846806B384388632A
:102940001720FFF7B9FF1420FFF7B6FF0098406883
:10295000002800D00120AD4C20700025000603D1D6
:1029600000988078002813D0A948C1683940FBD06E
:1029700017210160C1683943C1604560C1683940B1
:10298000FCD02000103000F01FFBE069206209E05D
:10299000C82040032062E061AD48A061AD482061DD
:1029A000AD48606100984068002802D1A020C005B1
:1029B0000DE000030A2106F037FA6060A74E3000F0
:1029C00000F060FA01006068884202D3300000F035
:1029D00059FA6060257300980088A14E3060A169A3
:1029E00000F073FB00208C2160540021320008327B
:1029F00003C285480068306100203200183203C2EB
:102A000030216054974AA169606806F029FAA060F5
:102A1000207821008C31087420008C3085602000E3
:102A20008C30077321008C314D7321008C31CD81A6
:102A300020006130057045708570A565E5658A48A0
:102A4000A064656500F025FA6268002312184B4106
:102A50002000403000F066FB012000F0E1FAF1BDFB
:102A600000E100E0F8B58CB0002069460870674FBF
:102A700038009930019028E0401C1CE0046905737F
:102A80008168002900D088472000F7D1694694204A
:102A9000385800F0CBFB9421785068460078012824
:102AA0000DD1EFF3108172B601980078421C019BA2
:102AB0005B789A42E0D1019A107081F310880198F6
:102AC000407804994018019948700198407801991C
:102AD00009780A1A02D28020400012180026002A23
:102AE00029D0049294203C5803940294002502E0DB
:102AF000260024696D1C002C0FD0207B0028F7D005
:102B000000F0C7F902000B0003CC083C801A994181
:102B10000029EDDB01DC0628EAD328000025002887
:102B200002D03561039400E0029503989421785017
:102B300002980028A9E7387B002847D0A2480068FF
:102B4000012420405BD03E73A048C178002904D105
:102B50008178002901D0867026E0387800281CD0C2
:102B600002A800F031FA0499B86E80B200F0ADFA14
:102B7000EFF3108572B630203C54039878610498C6
:102B8000B861029838610598F86100F0B9FB85F3E7
:102B90001088002000F044FA06E0EFF3108472B6CB
:102BA00000F0AEFB84F31088012000F0F3FB380046
:102BB000403000F09CF900F06CF97A68002312189C
:102BC0004B413800403000F0ADFA18E0387800286A
:102BD00015D000F05EF93A6F7B6FFA24640300258C
:102BE000A4185D418D420AD801D3844207D238002F
:102BF000403000F07CF93800403000F077FA0DB03A
:102C0000F0BD0000FFFFFFBF10180060580C00204F
:102C100004100060F8B5040088480668EFF31085DA
:102C200072B600F0C3FA864F3B00803303CB083BFB
:102C300003C4083C9A4AF9699868801B06F010F9A9
:102C4000020085F3108803CC0023801A9941F4BD5B
:102C5000C2F528008D5B0000ECEB6501FFEFFFFF84
:102C6000C00C002026030000ED300410F8B586B03B
:102C7000734D28008C30407B29008C31897B884241
:102C80002FD1287B00282CD1032400F002F904AABC
:102C900003C202A800F045FC290061316122AA5C50
:102CA000002A02D14A78002A01D0012802D189786D
:102CB000002918D0AA6DEB6D04A803C88C242E5DE2
:102CC000002736184F41A86E002180197941002451
:102CD000523061418B4227D301D8824224D302244F
:102CE00005E0002039E002281ED001281CD06D4BE1
:102CF0009A68002A30D0107B00282DD003CA083AE9
:102D00000090019104A803C806000F00A86E0021DE
:102D100080197941002652307141009E019F8F42F7
:102D200004D801D3864201D2012016E0032C12D12F
:102D3000106900280FD12800403082420BD10120B9
:102D4000D873002000F0C0FA824801688F4A0A4018
:102D50000260032001E00224200007B0F0BDF8B5B6
:102D60000B0000D00123364E350058352B7311006F
:102D700000D00121297200246C72EC720121A97229
:102D8000EFF3108772B600F003F903C5083D024661
:102D90000B462800283003C8121A8B418748A342EB
:102DA00001D8824204D3AC7287F310880120F2BDAF
:102DB000002000F0EFFA040087F31088012000F0F3
:102DC00083FA2000F2BD000010100060F10C00201A
:102DD00070B50320C0437B490A6802400A600A6854
:102DE0001040086020480168684A0A400260144C9C
:102DF00020005830002545724581EFF3108672B6E9
:102E000000F047F8A26DE36D121A8B418C20205C14
:102E10000021121A8B4186F31088002B04DC01DBA1
:102E2000012A01D2012070BD002B04DC01DB0F2A36
:102E300001D2022070BD002070BD000014000060AF
:102E4000580C0020EFF3108072B65D4909685D4AA6
:102E5000091D516011680323994302230B4313603A
:102E600080F3108870470000281800607047AB4856
:102E70000100613100226123C05C002800D00A708B
:102E80008A70704780B5064AA449C96905F0E8FF11
:102E900002BD80B500F08AF9A14803C804BD000056
:102EA00035060000E40C0020F8B504000D00FFF723
:102EB000F0FF06000F00290D28030A22002305F069
:102EC000F0FF8019794102000B00200000F02AF980
:102ED0000400012000F0F8F9E0B2F2BD10B500F0F6
:102EE00021F90400012000F0EFF9E0B210BDF8B5BF
:102EF000AC4C21680E00002300250A0001E03500DB
:102F00003669002E07D08642F9D137698E4201D149
:102F10003A0000E02F616D462B70037320689042E9
:102F200015D06946100000F081F9206068460078ED
:102F300000280DD0EFF3108072B661794A1CA37996
:102F40009A4200D0491C617180F31088F1BD226063
:102F5000F1BD00003018006018B500200090009806
:102F600091480168094A0A400260AD490A78531C39
:102F70004C78A34200D0521C0A700121C2690A4356
:102F8000C261C0690140009111BD0000FFFFFFBF99
:102F900010B5040000F00AF9614803C80A00844231
:102FA00000D2521C1100200010BD9E4881680122F1
:102FB0000A438260002101607047000066FEFFFF47
:102FC000101800600C00006070B50400964D2800D9
:102FD000FFF7A7FC06002800FFF7A3FC8642F6D106
:102FE000002EF4D0B74932124A43F3B24B431912C0
:102FF000511810314911E16026602800FFF793FC59
:1030000006002800FFF78FFC8642F6D1002EF4D090
:10301000B011B849484380300012A060666070BDAE
:10302000F8B50700B44D687A7D214843C90005F022
:10303000E7FE461CF6B2394CB04AA1691B2005F0E8
:103040000FFF2870687800F02AF83D216054E87876
:10305000801900F024F8382160542879801900F094
:103060001EF839216054687900F019F83A2160544B
:10307000A87900F014F83B216054002F06D0E878BE
:10308000801900F004F81B303C216054F1BD682128
:103090004143090ADB225043000C0818704700B571
:1030A00002001E4840690021002305F039FF032279
:1030B000002305F035FF8022D204002312184B4173
:1030C000D20E58010243100000BD80B58B4A05F0B6
:1030D000C7FEAB49884201DD080002E0102800DA93
:1030E00010200005000EA749086001BD10B5A64CD0
:1030F000207B002806D12078002801D0FFF755FF5B
:1031000001202073FFF7C5FE002264305141020008
:103110000B002000403000F005F810BD580C0020D6
:10312000D80C0020FEB500256C462570017B0029D7
:1031300001D00120FEBD0CC0083801210173194CDB
:1031400026680196070001E035003669002E08D098
:103150000CCE083E03CF083F8B42F5D301D8824204
:10316000F2D338000661002D01D1019000E0286102
:103170000199814213D1694600F058F820606846F1
:10318000007800280BD0EFF3108072B661794A1CEA
:10319000A3799A4200D0491C617180F31088684677
:1031A0000078FEBDEC0C002030180060F8B584B04B
:1031B000EFF3108672B6744C206F616F02AA03C2DF
:1031C0007248FFF7A6FB030027008037BB60704DF5
:1031D00002A803C8009001912A00E169A06F181AA3
:1031E00005F03EFE0021009A019B801859410CCF4A
:1031F000083F99420FD801D390420CD20090019120
:103200002A00E1690020C04305F02AFE0021009A4F
:10321000019B8018594103C786F3108805B0F0BDA3
:10322000F10C00200810006000100060F1B584B0BF
:103230000F0004460020387000E02469002C3ED0C6
:10324000207B0028F9D0EFF31080009072B6FFF7D2
:10325000ADFF4D4D03CC083C2A0080320CCA801AC9
:10326000994102AA03C202A803C800291DDB01DCA0
:1032700001281AD3214AAB6902A803C8190005F036
:10328000EFFD0500202D00D82025C24E3000FFF7AD
:1032900040FB40190830F0623000FFF73CFB306B18
:1032A0008021C9050143316301E001203870009895
:1032B00080F310883878002801D0049800E02000BE
:1032C00005B0F0BDF6BC080010B5B3490C00983449
:1032D000002808D0207800280BD108004030FFF7E4
:1032E00005FF012004E008004030FFF700FE002049
:1032F000207010BD53070000C50000202603000009
:1033000070B52248FFF705FB1F4C25008035A860EB
:103310001F4E3200216AA36FC01A05F0A1FD226F73
:10332000636F002180185941206761672078002869
:1033300013D1A868A16F401AA16888420DD232004B
:10334000216A0020C04305F08BFD0200206F616FF1
:10335000002312184B4122676367206F616F03C51A
:10336000083DA868A067226F0B466068002180189E
:1033700059412200283203C2E069206270BD00007A
:10338000FF0F000008180060580C002000180060B3
:1033900035060000F0B585B000216A4611707E4CFC
:1033A00025006035A978002900D1B6E0EFF310813F
:1033B000049172B6012801D1FFF7F8FE20002830F1
:1033C000C0C8A26DE36DC820800200218019794138
:1033D0008B4210D301D882420DD3B9225200002370
:1033E00092197B412800203003C88B4201D802D3B8
:1033F000824200D38EE02800203003C800220A3029
:103400005141A26DE36D00264C3AB34199427DD8FB
:1034100001D390427AD23C20265C6020205C29793E
:10342000012905D1002801D0382006E0392004E028
:10343000002801D03A2000E03B20205C0190A26DE2
:103440002800203003C8101A0390544AA169039839
:1034500005F006FD0290A86AC027FF05A96871184B
:10346000C831039A914202991AD24D4A1278891AA8
:10347000019A8E1A8019474948623800FFF72CFAE2
:103480003800FFF733FA4348806A8021C9050143B9
:1034900040488162FFF73FFA01984149097811E0FD
:1034A0003D22A25C891A019A8E1A81193800FFF711
:1034B00023FA3848FFF724FA3800FFF706FA019894
:1034C0003D21615C4018A96A029A891822008C3259
:1034D00051603218411D8A420CD23800FFF7FCF9C6
:1034E0003800FFF703FA2B48FFF70AFA0120694674
:1034F000087005E02B4AE16905F0B2FC8C216054AC
:103500000020A87001206870E87003E0AE70012010
:1035100069460870049880F310886846007805B002
:10352000F0BD38B504001B4D2800FFF7EEF9002868
:1035300003D0686A2060032032BDC025ED05280055
:10354000FFF7CBF9002805D02800FFF7D7F9206056
:10355000012032BDE8688007800F032805D12800CC
:10356000FFF7CCF92060022032BD002032BD80B5CB
:10357000FFF7F2FCFEF770FA01BD81B00020009069
:1035800000980948016801220A430260006800901F
:1035900001B0704700180060580C0020260300009E
:1035A000C50000203506000074000060016800229C
:1035B00002814281828182730B78FF2B05D0FE2B22
:1035C00009D103895B1C03810AE04268511A091F73
:1035D000818100207047002B0DD143895B1C438102
:1035E0004A88D21C032313435B1CC9184A1D436835
:1035F0009A42E1D3EDE703207047F3B5079C0899A1
:10360000250005D06D466C80FE242C706C4600E0D1
:10361000446885684668AE4217D22678FF2E14D0DB
:10362000067B002E04D0002606732678002E0ED1CD
:1036300046686488E41C032727437F1CF419446010
:10364000AC4202D22678FF2EEFD10420F6BDFE2E2A
:1036500001D00320F6BD6E463679FF2E04D0667881
:103660006F463F79BE42E3D14068001D106060881C
:103670001880002901D0607808700020F6BD7FB561
:1036800015001C00099E002232800B9A01926A46A6
:10369000128D009202AB03AAFFF7AFFF010013D116
:1036A000694609898D4201D306200DE0089A481B1E
:1036B000904200DA0200200003994919FEF7C0FD8C
:1036C000684600893080002004B070BDFEB5BB4D57
:1036D0000D40491B6B4619700024070016000AE0D4
:1036E0000422311901A8FEF7ABFD019A3919002017
:1036F00005F030FC241DAC42F2DB0020C0430190F9
:1037000068460278711901A8FEF79AFD019A7919A5
:10371000002005F01FFCF7BD70B544688668B44210
:1037200002D22678FF2E01D1042070BD007B002834
:1037300001D1FE2E01D0052070BD6588A94201D3BC
:10374000062070BD10001A00231D591805F078FCE2
:10375000002801D00020C04370BD7CB5079C002527
:10376000069E3580250005D06D466C80FE242C70A9
:103770006C4600E0446845688668B54202D2267807
:10378000FF2E01D1042076BD007B002801D1FE2E42
:1037900001D0052076BD6088814201D3062076BD28
:1037A000401A984200DA030010001A002B1D591825
:1037B000FEF746FD608806990880002076BDF8B5C2
:1037C00084B007000E001500B44C254203D105F06B
:1037D00037FC002820D001A80C21FEF70FFDCD48B2
:1037E0003818C00A0290681E0443641C6003000E6F
:1037F0000390694601A805F033FC00240AE060103C
:10380000800F00190321884332583919002005F030
:10381000A1FB241DAC42F2D305B0F0BD0121017023
:103820000021418081807047F1B588B00C001500FF
:103830001E0000200090FF2229002000FEF7E0FC7F
:10384000FE206946087507946846458206960E9DD7
:10385000009C05AE19E06846008A6988401A401E3F
:1038600003240443641CA4B268886946098A0A1ABE
:10387000521E03211143491C89B28F4242DB0120B1
:103880000022B94228706A8040D06846408A071BEF
:103890003F1FBFB22878002826D0701C0390A8884C
:1038A000029004A8019000970798001D03190022B8
:1038B000FF210898FFF7E3FE6946098AA980010005
:1038C0000ED16846008A7080042205A90798001965
:1038D000FEF7B6FC7088C01C032101436418C1E7E1
:1038E00006990C8009B0F0BDA888019004A800904A
:1038F0003B000798021969880898FFF72EFF01001E
:10390000A9D0EFE700212970C01968806846408A75
:10391000069908800020E5E7F8B5AE4CA544AE490D
:10392000020014235A438F187989002901D10020FD
:1039300040E004A900F013F9059D02A8FFF76EFF0F
:103940008026360102A8009001AB320008A904A825
:10395000FFF76AFF0400042C06D0002C2AD1684629
:103960008088B042EED103E068468088002808D005
:103970006846828808A92800FFF721FFAD19002CAE
:10398000E0D008A80C21FEF739FC62482818400353
:10399000000E09900698401E711E0143491C481BE9
:1039A0004003000E0A90694608A805F059FB38004C
:1039B000FFF7FCFD89498D44F0BD0000FCFF0000CD
:1039C000F8B5844CA54400216A4691710022002379
:1039D000814906000BE0B0680C245C43005D1424B0
:1039E000604308184089002800D001225B1C307910
:1039F0008342F0DB002A25D080221201FF2108A893
:103A000005F076FB0025802424010DE002A8FFF7D5
:103A100005FF02A8009001ABE21B92B208A8C119F1
:103A200004A8FFF701FF6D1C307985420CDAB068FD
:103A30000C226A43011D8F5804A9805C00F08FF8A6
:103A40000028E3D000201BE0220008A93068FFF71F
:103A5000B6FE614C370069468D7900260CE0B868E7
:103A60000C217143405C142148432018FFF79EFD50
:103A7000010000D00500761C38798642EFDB280073
:103A800056498D44F0BD96498A79824201D102207F
:103A90007047897C8142FAD000207047FF07000000
:103AA000F8B54C4CA54404000E0080221201FF2101
:103AB00008A805F01DFB0025684604718024240138
:103AC0001CE00C276F43B068C05D6A4612799042D3
:103AD00013D004A900F043F8B068C019476802A8E1
:103AE000FFF79CFE02A8009001AB9B1CE21B92B268
:103AF00008A8C11904A8FFF797FE6D1C307985420C
:103B0000DFDB220008A93068FFF759FE00203349A7
:103B10008D44F0BD0000FCEF10B5002470480C216E
:103B2000614341188A792C4814235343C018036811
:103B3000002B10D1012A0EDC0A6802608B88D21893
:103B4000426009890182FFF731FD010004D1641C44
:103B5000012CE3DD01E0012010BD002010BD10B5F7
:103B60000200022A01DB012010BD1B4B142462431A
:103B70009A1813684B6052688A6001220A730870B1
:103B80000020487310BD7FB56A4C05781426754334
:103B90006419A47B002C01D00A2008E0039402944D
:103BA000099C01946C46248C0094FFF768FD04B0D6
:103BB00070BD7CB55F4C0578142675436419A47BF1
:103BC000002C01D00A2076BD0194069C0094FFF7DA
:103BD000C4FD76BDE0F7FFFFE010002024080000E0
:103BE000FAB583B017000325791E03260E43761C11
:103BF0000CE00C78FF2C18D0FE2C01D0002C6BD1DF
:103C00004A88D21C2A43521C891841608268416844
:103C10004B1D9342EDD38B49007814225043081872
:103C20004089002856D1022057E00290501A864B56
:103C3000984201D2521A00E01A46824C92B2B0B2B7
:103C40006B461B8DC018001D82423BDB6846007B23
:103C5000019100210091FE216A4611706946487069
:103C60006846008D30184880009A0199002005F0C0
:103C700071F9049AB1B20198001DFFF727FD0B9A64
:103C80006846018D0198B6B28019001DFFF71EFD30
:103C90002000083002990978142251434018018805
:103CA000491C01800298007814214843201881891A
:103CB0006A46128DBA18521E1543491B491F81814D
:103CC00000200AE002980078142148432018408917
:103CD0000028A8D00B2000E0032005B0F0BD0000B4
:103CE0003C15041010B504006168A06881421ED222
:103CF0000878FF281BD0FE2817D1FF22D2430020CE
:103D000005F028F94F4801000831227814235A435E
:103D100089180A88521E0A802178142251434018BB
:103D20004189491C4181002010BD052010BD04209F
:103D300010BD0000E010002078B585B0040000261A
:103D400000966946FFF79FFE3E4D02281ED11420C3
:103D500044432C19256802A80C21FEF74FFA3B4872
:103D600028184003000E03906068401E3849014344
:103D7000491C481B4003000E049001A902A805F04D
:103D80006FF92000FFF712FC00201AE0012817D17C
:103D900000992000FFF784FE04000FD10AE000988C
:103DA00080680C217143405C142148432818FFF7B8
:103DB000FDFB761C009800798642F0DB200000E0D5
:103DC000012006B070BD1CB50400002000906946BB
:103DD0002000FFF758FE022803D12000FFF79CFDCA
:103DE00016BD012803D10098FFF7EAFD16BD01209A
:103DF00016BD38B5174800214356DAB2114C1425C8
:103E0000554364196589002D03D0A589248AA542EC
:103E100007D3521CD2B2022A00D100229A42EDD11D
:103E200006E0531C5CB2022C00D10023190001E013
:103E30000022D2430170100602D4D0B2FFF7C3FFB4
:103E4000002032BDE0100020FFFF00000000FCEF6A
:103E5000FF070000CF110020F0B581B025490C68A4
:103E60000025657405F04EF9234E3068C06805F0F2
:103E700087FB002801D0042723E03068C06805F0E4
:103E800069FB002801D001271BE03068C06805F0FD
:103E900065FB002801D0022713E03068C06805F0F8
:103EA00077FB052700280CD13068C06805F074FB4B
:103EB000002806D13068C06805F03CFB00282F467A
:103EC0000BD00120B8400D4909680A6802430A6016
:103ED000002005F0C9FDFDF7CFFD607C012807D16A
:103EE000217B0F200840A268090905F0CDFD65740B
:103EF00001B0F0BDB4110020B8110020A4110020C1
:103F000080B505F0C3FD80BDBCB5584CA1690091DA
:103F10000840A06135E0521CD300E51803000B40B7
:103F20002F681F40F7D02A68104001406868084099
:103F300002D10020C04368606868084000F09AF829
:103F400001006A680120884082436A606162EFF381
:103F5000108172B6626A01209040C243206910400D
:103F600020610220C300E318083B1D6815401D6056
:103F7000401EF7D181F310883D48616A890040589E
:103F800080472369E2696069256AA16903400B40A3
:103F900003D0154001D10022BEE70020C04360627B
:103FA000206A104014D102F04FFDEFF3108572B675
:103FB0002169E06962690A40A169114004D1216A5E
:103FC000014001D102F041FD85F3108805F074FD38
:103FD0000098A061B3BD38B51400EFF3108572B638
:103FE00000F048F8800022490C5085F3108831BD5C
:103FF00010B5EFF3108272B61C4B1C6904431C61B0
:10400000C90059180B681843086082F3108810BD66
:10401000EFF3108172B6154AD3691843D06181F36A
:1040200010887047F8B5114D696A00910022D2439B
:10403000914201D1002701E001278F402E6A2862BA
:10404000040003E02100380005F037FDE869204056
:10405000F8D000986862EFF3108072B6E969A14366
:10406000E96180F310882E62F1BD00008C0400200D
:104070008C0D00200021020C120401D1102100043B
:10408000020E120601D108310002020F120701D1FF
:10409000091D00011F22511A02A2000F105C081A0C
:1040A000C0B27047040302020101010100000000D8
:1040B0000000000010B5FFF72FFD424C211D00202D
:1040C000FFF74DFD210014310120FFF748FD201DB1
:1040D000206010BD3EB53B4D022802D12C001434A7
:1040E00000E02C1D2C6001936B461B8B00930B0092
:1040F00001002000FFF774FD002805D0022801D13F
:10410000002000E00120C0433EBDF8B584B00E00A1
:1041100019002C4C022E03D125001435012301E097
:10412000251D00230700256028466D466A810391FE
:104130000A9D022F08D102A900912B00039A69461B
:104140004989FFF736FD0FE0002F03D10100180069
:10415000FFF705FD02A801900095039B6846428980
:1041600031002068FFF70FFD010001D1002005E0BC
:10417000042801D1022000E00120C04305B0F0BDB9
:1041800010B5140023000A0001000E480068FFF774
:10419000C3FA002804D001D5200010BD0220C0437E
:1041A00010BD80B5022807D106490868143188423D
:1041B00007D0FFF797FD01BD032802D10020FFF7CC
:1041C000BBFD01BD081100200120FFE7194908606F
:1041D000002070470120C04316490968012900D119
:1041E000002070470020EFF3108172B6114A136867
:1041F000012B02D00120C04301E00323136081F3AF
:10420000108870470020EFF3108172B6094A1368D6
:10421000032B02D00120C04301E00123136081F38E
:104220001088704780B50A00034905F091FC02BD73
:10423000000000008804002054150410704700009E
:104240001CB505F0EDFE09A000906C46042020711D
:104250006946002005F015FF05A000900920207197
:104260006946012005F00DFF13BD000053544D00B9
:10427000343530322D312E3000000000F8B5070003
:104280000126AB4CAB4D3878082845D801A1095C14
:104290008F4400BF0A9CE21C3A4CE2AACE002800E0
:1042A0004030FEF724FEFA208000A08001462EE078
:1042B00031A0FEF717F80320687028002830FEF7B9
:1042C00016FEFA218900E1802800283046E000BF70
:1042D00030A0FEF707F8022068702800283048E078
:1042E00034A0FDF7FFFF788A002821D0A884798ABE
:1042F00035A0FDF7F7FFA87804283CD0FA27BF00C7
:104300002878002809D1A98C7943A18089B2280096
:104310004030FEF7C9FD2E70F1BD28004030FEF799
:10432000E6FDA98C7943A18089B22800403015E0D0
:1043300028004030FEF7DBFD00202870F1BD00BFF3
:1043400027A0FDF7CFFF0520A87028005830FEF702
:10435000CEFDFA21C900218128005830FEF7A4FDC6
:10436000F1BD00BF26A0FDF7BDFF0420A870280006
:104370005830FEF7BCFDF1BD4854535F494E545FC1
:104380004E4F544946595F454E41424C45445F4566
:1043900056540A004854535F494E545F4E4F544997
:1043A00046595F44495341424C45445F4556540A7F
:1043B000000000004854535F4D45495F5245414459
:1043C0005F4556540A0000004854535F4D45495F0D
:1043D000524541445F4556543A202564200A000066
:1043E0004854535F4D45495F494E44494341544504
:1043F0005F454E41424C45445F4556540A0000001B
:104400004854535F4D45495F494E444943415445E3
:104410005F44495341424C45445F4556540A0000AD
:1044200010B5444C0178002902D0012904D010BDF8
:1044300040887021605210BD3F48702160522000BA
:104440004030FEF754FD20002830FEF750FD2000DC
:104450005830FEF74CFD10BDFEB5364C3648702185
:10446000605205F042FF354A00214020FFF7B3FDBE
:10447000B14A002180204000FFF7ADFDAF4A002186
:104480008020FFF7A8FD00256574022021216054DB
:104490006074AB4820830426A6760127E776A583BF
:1044A000A57769460F71A74803210170A670009097
:1044B0006946032005F050FFA348206620202754BA
:1044C0002120205C0421014321202154607C0643EB
:1044D0006674022060709D48A06425709C4820632B
:1044E00013480021C94301704570F7BD80B5002114
:1044F00080204000FFF77CFD0D480189B748FEF79A
:10450000D3FC01BD80B500214020FFF771FD0848B4
:104510008188C748FEF7C8FC01BD80B50021802016
:10452000FFF766FD0248C188C248FEF7BDFC01BD29
:10453000DC030020F00E0020FFFF000049450410BE
:104540007047704770470000F8B588B0BA4C607883
:10455000032805D1B9488078012801D1606805E0B9
:104560000120B649887000F075F9253060610100BE
:10457000BDA0FDF7B7FEA07FA18C0A224A43801898
:10458000617F01E0C430491CC2B23C2AFADA227FC2
:1045900001E0C431521CCBB23C2BFADAE37E01E0DD
:1045A000E8325B1CD5B2182DFADAA57E01E0E133C2
:1045B0006D1CDEB21E2EFADC268B01E0F535761C72
:1045C000EFB20C2FFADAA5762683E37622776177AD
:1045D000A0770026994DFDF736FD022801D12078FD
:1045E000012800D07CE02956ADA728000C300A0134
:1045F0008058002835D000BFA2A0FDF773FE5148B7
:1046000029000C310122AA5612018958017000902C
:10461000012069460871002005F09EFE7020225A94
:104620006946002005F0B8FE002802D03800FDF7EA
:1046300059FE0120285629000C3102018E50401CE1
:1046400041B20A2900D10020687020004030FEF7F6
:104650004EFCFA218900A98020004030FEF724FC9E
:1046600067E020004030FEF742FC7549A980200039
:104670004030FEF719FC2120215C04A8017062691A
:104680004270130A8370130CC370120E027105225C
:1046900089070ED5218B4171090A8171A17EC171F3
:1046A000E17E0172217F4172617F8172A17FC172BF
:1046B0000C222021615C81540290521C02A80271DC
:1046C00002A9002005F048FE7020225A02A900200D
:1046D00005F062FE00282CD03800FDF703FE28E02C
:1046E0002878401C41B20A2900D1002029000C3151
:1046F0000206121589580123EB5642B29A4207D19D
:10470000002905D0421C53B20A2B00D100226A7046
:10471000287001202A564B48FDF7E4FD10222100A5
:10472000143128000C300023EB561B01C018FDF794
:1047300087FD09B0F0BD0000E147041055470410A3
:10474000E7070000600B0020ED440410054504104D
:104750001B45041010B586B000F07CF82530364CAF
:1047600060606178032936D101003748FDF7BAFD52
:10477000617C02A8017062684270130A8370130C96
:10478000C370120E0271052289070ED5218941716D
:10479000090A8171A17AC171E17A0172217B4172AA
:1047A000617B8172A17BC1720C22217C81540090BB
:1047B000521C684602716946022005F0CDFD70204A
:1047C000225A6946022005F0E7FD002803D000BF09
:1047D00033A0FDF787FD06B010BD0000480F002094
:1047E0001CB5154CA18C1948814201D0491C00E030
:1047F0000121A18489B200BF2FA0FDF773FDA08C19
:1048000013490870000A4870009102206946087137
:10481000032005F0A1FD7020225A6946032005F00F
:10482000BBFD002803D000BF1DA0FDF75BFD13BD3D
:10483000300F0020180F0020F00E0020DC030020B5
:1048400010270000C014041098140410FFFF00008B
:10485000600B0020E0B5684605F004FE684600786D
:104860008007800F0EBD00004854535F4150505FD9
:104870004D6561737572656D656E743A20256420AF
:104880000A00000053656E642073746F72656420C3
:104890006D6561737572656D656E742025640A00BF
:1048A0004854535F4E6F7469667956616C75652024
:1048B0006661696C730A00004D6561737572656DA0
:1048C000656E7420496E74657276616C3A20256459
:1048D000200A0000010042221201D21E004207D02D
:1048E00002D4521E0018FCD5C10A400512058918D1
:1048F000704700000100EED54042F446FFF7EBFFA1
:104900000122D20711436047F0B50E005E40012539
:10491000ED072E40B446AE0ADF184C18F44208D218
:10492000F7420ED2640D01D07F0D12D100206146F6
:10493000F0BD05D1F74201D87F0D05D10020C1435C
:10494000F0BDFBD1640DF9D00020C14349054908F1
:104950008FE0E419C902DB0229432B43DB0A460D31
:10496000C00231438E4630B487B295B27D432E0CDF
:10497000ADB2140C7C43A419260C240425439CB22C
:104980007C43A419190C7943270CC919A4B20F044C
:104990003C43090C000C97B247432E0CBE1935431B
:1049A000ADB2170C4743360CBF19A6B2BF193E046F
:1049B0003543240C3E0C36199FB24743BF19BCB295
:1049C0003E0C89191F0C47437F183E043443390CB1
:1049D000704680B297B247432E0CBE193543ADB234
:1049E000170C4743360CBF19A6B2BF193E04354316
:1049F000240C3E0C36199FB24743BF19BCB23E0C83
:104A000089191F0C47437F183E043443390C7746FD
:104A10003F0C90B278432E0C80190604ADB22E43A1
:104A2000050CA0B22D18120C7A435019020C80B25A
:104A3000240CA4189AB27A43121914042043120CBD
:104A400089181B0C7B43C91830BCEF0A394203D1CB
:104A5000B61940414941641E6F12BF0DE41B0BDBC8
:104A6000FF19BC4211DA240500274208AE41784103
:104A7000614166463143F0BD641C05D1401C614173
:104A8000CF0201D34908F4E750E75DE730B40124D1
:104A900064054D00EC420BD85D00EC4208D80C00D8
:104AA0001C4364000443144304D28B4200D182426D
:104AB00030BC7047FCD09942FAD19042F8E78300AD
:104AC000850007000700830085000500070003003C
:104AD00003000F000500820081000500F4464A181B
:104AE00005D200F00FF801D580174008604700F0AC
:104AF00009F80121C907884200D9080040426047EF
:104B00004A1812D2400DC90208430121C9070843BF
:104B1000520D40210901521A521C06D452421F3232
:104B200001D4D0407047C017704700207047F0B4E0
:104B30000125ED070F005F404FD48B4200D1824228
:104B400005D98446100062468C4619006346DF187A
:104B50004C18640D7F0D3AD0661C760537D0E61BE5
:104B6000352E34DCDB022B43DB0A0C0DC902294352
:104B7000C912202E0DDB1700203E06D01F00F74182
:104B8000F3405F400026012A7741C01871410DD2E1
:104B900017E01700F741F2405740F3415A40B34045
:104BA000F3405A400026801859410AD3A21C5205EE
:104BB0000FD0C207012F724117004008CB071843DE
:104BC0004908641C24054208AF4170416141F0BCB2
:104BD0007047641C21050020F9E76B4010E06B4032
:104BE000ABE7F742F3D1E943F1E72442EFD10020EC
:104BF0000021ECE7F0B40125ED070F005F40EED493
:104C00000C00871A9C4105D2C01BA141D2196341F7
:104C100069406B40AE0ADF184C18F442E1D2640DD3
:104C20007F0DE2D0E61B362ED1DCDB022B43DB0A04
:104C3000A4460C0DC9022943C90A012E28DC04D15F
:104C4000D6075208DF073A435B08EF0A76429041E5
:104C5000994114D039423BD1B61940414941761CA3
:104C6000394204D1761C001849413942FAD0B9437F
:104C70006746B74208D9A41B24052143A7E7004291
:104C8000EAD13642E8D1A2E7E40AE10700209EE734
:104C9000202E0BDD203E1F00F340F7415F40012A2C
:104CA000002257417E42984191410BE01700F741A5
:104CB000F2405740F3415A40B340F3405A407E42DD
:104CC000904199410A0303D2641EB61940414941FB
:104CD0000027641E24054208AE4178416141F0BCC2
:104CE00070470300FFFFFFFFFFFFFFFFFFFFFFFF16
:104CF000FFFF010000000000FFFF01000000FFFFB8
:104D0000C3788278417800781B021A4309021204A2
:104D100008431043704780B505F0ACFB80BDF0B58B
:104D200093B01F4615460E4612901C9C084611462D
:104D3000224605F0A3FB002824D122980D901FAB3A
:104D40000DCB11901E980F901D980E901B980C90F3
:104D50001A9919981097189F089209930D9A0A9218
:104D60000097019002910C98039004940E9805907E
:104D70000F98069011980790129831462A46109B7A
:104D800005F08FFB13B0F0BD80B505F09CFB80BD36
:104D90000020704780B505F09DFB01BD80B50B007C
:104DA00011001A00FDF72CFA01BD80B504F048F996
:104DB00002BD7FB504000D001600684605F0F0FB4B
:104DC00068460178217041782970807830707FBD05
:104DD00080B5FFF727FA02BD80B504F0B9FE02BD29
:104DE00080B505F021FC01BD80B505F05FFC02BD7A
:104DF00080B505F07DFC02BD80B505F0ADFD02BDBE
:104E000080B505F001FE01BD80B505F005FE01BDD0
:104E100080B505F013FE02BD80B505F011FE02BDA0
:104E200080B505F00FFE01BD80B501F019FC02BD93
:104E300080B5FEF72EF804BD80B5FEF74FF802BD31
:104E400080B5FEF754F801BD80B5FDF788FFC0B20C
:104E500002BD80B5FDF7BCFFC0B202BD80B5FDF755
:104E6000D9FE04BD80B5FDF7EDFF01BDF0B59BB0E7
:104E7000EC4C7F20C643FDF7D7FBEB4D012802D059
:104E8000E87A002810D0274634467834FDF7CCFB6A
:104E9000E97A6143784338184418FDF7C5FBE349C4
:104EA0004843E97A414364186234FDF7BDFB0128A9
:104EB0000ED1304678302989414330465C30AA7A99
:104EC00042435018314660312A7B4A43801800E043
:104ED00000200490E889149005F0F0FD012801D02D
:104EE00005F0EEFDFDF79CFB0128159409D1344631
:104EF0005034FDF799FB6043E97A414308390A9140
:104F000001E000200A90CA4C05F0DAFD0128204695
:104F100016D005F0D3FD0128204611D02920285CA9
:104F2000002820460CD12520285C0028204607D1E7
:104F30002620285C002801D0204601E030463C3085
:104F4000139020462030169005F0BAFD012815D0A8
:104F500005F0B4FD012811D02920285C00280DD1CE
:104F60002520285C002809D12620285C002802D0B2
:104F70002046203001E030465430169005F0A0FD68
:104F80001190A87E0190E87F1090FDF74DFB1290E4
:104F9000E87F029005F096FD0990E87F0390FDF709
:104FA0006FFB002705F090FD012838461A961997E7
:104FB00060D1E87F112787400324274302218140E5
:104FC0004E1E264305F07CFD012817D117960F943D
:104FD000687F0A2800D30A201A9C24344443C03C2A
:104FE000002605F073FD0128189620D1FDF71CFB63
:104FF000012805D01A9B18466C3004E0002031E0EF
:105000001A9B18466030D3496431AA7F4A4310186E
:1050100029461D467835C97F2A468A408618FDF7FD
:1050200003FB012803D1C948C07A45437619A51965
:10503000FFF7AEFE064605F049FD04463440FDF795
:10504000F3FA204001281898179E09D1BF49C87E5D
:10505000401E0F9A1043897FE0224A43D143081A29
:105060002818BA4DB919BA4A511A08181A301A9E96
:10507000B84C199F0890FDF7D7FA0128394609D195
:1050800005F026FD0128394604D12220285C31464E
:105090002C3141430F9105F019FD0128384620D1EC
:1050A00020465830A97E414330466030EA7A424378
:1050B00054180025FFF76CFE012810D1FDF7B4FA53
:1050C00001280CD130467030A04B197F4143304647
:1050D0007430DA7E42435018E4389D7E45436019AF
:1050E0009A4D0E9005F0F6FC0128384636D1FDF7B2
:1050F0009BFA012803D02C463546743505E030462E
:1051000078302C46ED7A45430C3D2327E05D0026A0
:105110000028304605D0FDF787FAE05D40420321C4
:10512000884340192425615D1A9A7C324A438718C6
:1051300005F0CAFC01280DD105F0C2FC012809D1F7
:1051400005F0C4FC012805D18048465D002E01D041
:105150001A9E6836B8197D4D1A9E199F0D90FDF75D
:1051600063FA0128394609D105F0B6FC0128394611
:1051700004D130465C30E97A414314390C91FDF793
:1051800053FA0128394608D105F0A8FC0128394610
:1051900003D130466430E97A41430B9126201890C0
:1051A000285C069025201790285C05903E4629270C
:1051B000E85D079005F084FC044605F087FCE042BA
:1051C00034461AD01898285C2821695C1A9E344607
:1051D00078344C43F43C444305F076FC00280AD074
:1051E0001798295C2720285C6C364643594880195B
:1051F0000C30484300E000200419E85D002819D075
:10520000FDF712FA0028049B15D02A20285C51498A
:1052100070314143E85D1A9A50434018383819906C
:1052200009E0C0467CFBFFFF781000206CFDFFFF0B
:10523000DCFEFFFF049B159818181A9B19465C3179
:10524000149A514340180A99401813994018169916
:105250004018194678310A46109EB2408018119ABB
:10526000012A07D13B4A683A019E72431018132263
:1052700012018018099F069A059EB218129E012EEF
:1052800002D1029EB1404018199E07995118012F72
:1052900005D11A463032039FBA4010187038089A68
:1052A00080180F9A80180E9A80180D9A80180C9A00
:1052B00080180B9A8018002904D01A4648324A43B5
:1052C00010180C38001984192820285C1990189897
:1052D0002F5C2A20285C18902720285C16901798AD
:1052E0002E5CFDF7A1F9012805D12B20285C1A9925
:1052F00038314143641805F0F3FB012801D1164809
:1053000024181998189A16994E43B1184743B8189B
:10531000C84208D01A9B1A4658324A434433434382
:1053200098180419183C094D686820180321C943CE
:10533000EA8DD21C0A40AB8DDB1C0B409A182B8ED9
:10534000DB1C0B40D118401A1BB0F0BD78100020B8
:105350006CFDFFFFDCFEFFFF14F6FFFFF0B595B01C
:105360000120810414912E480160BFF34F8FBFF3D9
:105370006F8F04F0BDF8FFF76CFD00201290C04362
:1053800004F0A4F805F09AFB1390FDF749F9119089
:1053900005F096FB109005F095FB0F90FDF770F966
:1053A00005F092FB0E9005F093FB0D9005F08EFB3F
:1053B0000C90FFF7EDFC0B9005F08CFB044605F01C
:1053C0008BFB0546FDF730F9064605F087FB0746DF
:1053D00005F086FBC0B2F9B208910990F0B2E9B2CB
:1053E000E2B20B9BDBB20C9CE4B20D9DEDB20E9EC3
:1053F000F6B2129F009701960295039404930592CA
:10540000069107901398C0B21199C9B20F9AD3B2FE
:10541000109A05F067FB03481499016015B0F0BDC0
:1054200080E100E000E100E0010020200843704737
:10543000FDB5B2B03A98049102A93B2288540020ED
:105440000D9024A8401C2F900DE00498329A9047AC
:105450000490002801D100F0B7FE0D98401C0D907B
:105460003398401C339033980178002910D02529B7
:10547000EBD100200790089009900A900B900C90B7
:10548000002102240120149008201290339D05E091
:105490000D9800F09BFE0800149901436D1C2878BC
:1054A0002028F8D023280BD02B2804D02D2804D076
:1054B000302808D00AE02143F0E708000421ECE797
:1054C00008000821E9E708001021E6E72A280FD1A3
:1054D000349802681068121D349B1A600F900028DF
:1054E00004D542420F920800042101436D1C12E0D2
:1054F00000200F90644A09E00F9B934205DA9E005A
:10550000F3185B00181830380F906D1C28780300D2
:10551000303B0A2BF0D328782E2803D00020C0433C
:105520000E9027E06D1C28782A2808D1349800684E
:105530000268001D349B18600E926D1C1AE02D2825
:1055400002D12D226D1C00E0002200200E900CE004
:10555000002A09D10E9B4C4EB34205DA9E00F31887
:105560005B00181830380E906D1C28780300303B13
:105570000A2BEDD302A801872E78310040487844E9
:10558000FF30401E05F022FB002801D06D1C00E01A
:10559000002602A83A214654405C682804D12878A5
:1055A00068280BD1622005E06C2807D128786C2888
:1055B00004D1712002A93A2288546D1C15A80690C6
:1055C000287869460870681C339068460278100095
:1055D000253833D01C3800D1CCE1001F022800D878
:1055E000C8E1133801D100F019FD093800D1C1E13B
:1055F000801E01D100F0AFFD401E01D100F05CFD26
:10560000401E022800D8B5E1001F01D100F054FD72
:10561000401F00D108E1401E01D100F0FFFC401EF8
:1056200000D1F0E0C01E0ED0801E01D100F0F6FCCB
:10563000C01E01D100F0F2FC00F098FD1498079014
:10564000252015A97CE1349800680468001D349970
:1056500008600594002C00D0C1E002A83B21405C0A
:10566000002800D1B5E00024E44306487844143013
:1056700005F0B6FA201A01D000F0A6FD00F083FD77
:105680002CBFFFFF60BFFFFFCBCCCC0C01236A46D1
:1056900002A9280000F054FE002801D000F094FD7B
:1056A000641EF3D13295079D15AC002D0FD0329EAC
:1056B00021780498B0470490002801D100F084FDBF
:1056C0000D98401C0D90641C6D1EF1D13296302057
:1056D000694608700A9C002C0DDD329D01236A4644
:1056E00002A9280000F02CFE002801D000F06CFD7B
:1056F000641EF3D13295059C089D002D0FD0329E7B
:1057000021780498B0470490002801D100F05CFD96
:105710000D98401C0D90641C6D1EF1D132963027FF
:1057200069460F700B9C002C0DDD329D01236A46EB
:1057300002A9280000F004FE002801D000F044FD7A
:10574000641EF3D13295059808994418099D002DDF
:105750000FD0329E21780498B0470490002801D1E0
:1057600000F032FD0D98401C0D90641C6D1EF1D1AF
:105770003296684607700C9C002C0DDD329D01238B
:105780006A4602A9280000F0DBFD002801D000F0E5
:105790001BFD641EF3D1329502A83821405C4007FE
:1057A00000D460E62020694608700198002800DCDB
:1057B00059E6019C329D01236A4602A9280000F0A7
:1057C000BFFD002801D000F0FFFC641EF3D132952C
:1057D00049E61B4878446830059000F0D4FC0E9DE3
:1057E000002D03D5200005F01FFA09E02A00002152
:1057F000200005F021FA002801D0001B00E028005D
:10580000089000F0C0FC349800680268001D3499CC
:1058100008600020C0430021104002AA03C215A85E
:105820000590782100F093FC02A83B21415C0029FF
:1058300008D00024E4434B487844FF30293017E770
:10584000C0BDFFFF3A21405C62286AD0682819D0A9
:105850006A2845D06C2806D071284FD0742831D0E2
:105860007A2821D06FE0349800680168001D349ACE
:10587000106000297AD10024E4433B487844FF308B
:105880001738F5E6349800680168001D349A1060F6
:10589000002905D10024E44333487844CA30E7E6C0
:1058A0000D98088000F06FFC349800680168001DB6
:1058B000349A1060002959D10024E4432A487844DE
:1058C000A630D5E6349800680168001D349A10604F
:1058D00000294BD10024E443234878448A30C7E6AA
:1058E000349800680268001D34990860002A13D1BA
:1058F0000024E4431C4878446E30B9E634980068CC
:105900000268001D34990860002A05D10024E44390
:10591000154878445230ABE60D98C11703C200F029
:1059200032FC349800680168001D349A1060002928
:1059300005D10024E4430C4878442C3098E60D98B7
:10594000087000F020FC349800680168001D349A4B
:10595000106000290AD10024E44303487844083049
:1059600086E600BF50BCFFFF64BCFFFF0D980860D7
:1059700000F009FC34980068C31D07208343349865
:10598000036003CB349D2B6002AB03C32023C80FFD
:1059900004D007982D2115AB19540DE002A8008FF3
:1059A000204204D007982B2115AB195404E0C007FE
:1059B00004D5079815A90B54401C079015A8079902
:1059C000401813901398059024AD02A8C0C86846EB
:1059D00000782021014368468170807861280BD0CF
:1059E0000E98002801D5062005E005D1684680788C
:1059F000672801D114980E9002A803C808004B0034
:105A00005B150024E443A3420ED109030CD003200C
:105A10000890613A1A2A03D21949794462310FE099
:105A2000184979445E310BE0A3420ED100030CD13A
:105A300003200890613A1A2A1DD31349794448314A
:105A400003221398FCF7FCFB9DE301AA02A803C8FC
:105A500005F0FDF802AA03C26846807861281CD1CF
:105A6000059830210170811C0591694609786129EA
:105A70000ED178210DE0054979441031E0E700BFEF
:105A800084BBFFFF84BBFFFF88BBFFFF80BBFFFF22
:105A9000582141700798801C079002A803C822462D
:105AA000530802400B4004D1002A02D100240026F2
:105AB00052E168468078612800D099E00E9800286D
:105AC00001D5212000E0401C13901398401C2E901B
:105AD000300039000022002305F0CEF802A830C8BB
:105AE00002D28020000645400198001F019024A9A1
:105AF0000A7024A8461C2E98002832DD2E9F200014
:105B00002900002280235B03FEF7C0FF29D81C2256
:105B100005F0CBF804000D00FEF7E0FF2E90FF1F0C
:105B2000002F09DDFEF7E6FE02000B002000290031
:105B3000FFF760F804000D00F01D07212E9A002ADF
:105B40000ADD491E08D4401E13071B0F03701211F3
:105B5000F5E7401E00220270491EFAD5C61D002F2F
:105B6000CDDC24A82F99711A24AA551C139A0C0075
:105B7000914200DD1400002C33D48C4205DA411C24
:105B8000095D082901DB0F2100E00021220024AB80
:105B90009B1801E0641E5B1E521E1E788E42F9D0D7
:105BA0000F2904D1411C895C491C401C8154002AE6
:105BB00004D524AD641C0198001D0190611E10D411
:105BC0006A186846007813783033DEB23A2E01DB6B
:105BD000C318C6331370491E521E0029F3D56946F7
:105BE00008700E98002800D4B5E0601E0E90B2E058
:105BF0007F007F08019866494843664903F000F931
:105C0000019007200199401A002805DD02003000AC
:105C1000390000F06FFB0AE0424200205E4900F0CC
:105C200069FB02000B003000390005F076F86A4687
:105C30009278662A02D1019A0A3200E006220E9B6F
:105C40009A18142A00DD142224AB30241C705C1C2A
:105C500002E030A803C8139A002A3CDD30AB03C32E
:105C6000139230A803C8FEF74BFF2E900646083467
:105C7000042530000A2103F0D7F80F0030000A2174
:105C800003F0D2F806003037601E077030000A219A
:105C900003F0CAF80F0030000A2103F0C5F806002F
:105CA000A41E303727706D1EE3D1083413980838CE
:105CB00013900028CDDD2E98FEF70CFE02000B009D
:105CC00030A803C8FEF796FF0022344BFEF71CFEF7
:105CD00030AA03C2C5E72F98201A24A94D1C04E05E
:105CE000401E0199491E01916D1C29783029F7D079
:105CF00069468978662902D10199491C06E06946FE
:105D00008978652901D1149900E000210E9A541870
:105D1000A04200DA441E002C1DD4844204DA285D1F
:105D2000342801DD392100E030212200681E83186B
:105D300001E0641E5B1E521E1E788E42F9D0392986
:105D400002D1A95C491CA954002A04D50500641C91
:105D50000198401C0190019E1395684600786946A1
:105D6000487005F03BF8406A0078694608700E9D5F
:105D700020B2002804DC149C044878440E301390B0
:105D80006846807866280BD1761C23E088B8FFFF30
:105D900097750000A08601000000F03F84D797416E
:105DA00068468078672846D130B20321C9438842CB
:105DB00047DBA84245DA761C02A8008F1299C0B2D0
:105DC000084203D120B2A84200DC050030B22D1AEF
:105DD00000D5002537B2002F00DDBAE00898411C3D
:105DE00008913021059A1154002D05DC02A8008F7E
:105DF0001299C0B2084206D00898411C0891694621
:105E00000978059A11547842854200DA6E4236B21A
:105E100070420B90AD1920B2854200DA2C0024B2FA
:105E20000994220013990598089BC018FCF708FAFA
:105E3000281B0C90DAE068464078612818D1702061
:105E40001BE020B2A84206DA02A9098F129AC9B251
:105E5000114200D105006D1E00D50025684640782E
:105E6000672802D16520694607E04520694604E0BD
:105E700068464078412801D1502048700898411C5C
:105E8000089113990978059A11541398411C002D13
:105E900005DC02A8008F129AC0B2104219D00898EF
:105EA000421C08926A461278059B1A54002D10DD98
:105EB000641E20B2854200DA2C0022B20598089BAD
:105EC000C018FCF7BDF924B2089800190890281BE7
:105ED0000B9005980899401869464978017031B2CD
:105EE000002903D42B214170871C03E02D2242702E
:105EF000871C4E42002412AD300008E00A2102F057
:105F00007FFF30AA03C229703098641C6D1C00B258
:105F10000028F3DC012C08DC68464078202101438E
:105F2000652902D1302038707F1C002C09D1302027
:105F300038707F1C07E0641E12A8005D3030387096
:105F40007F1C002CF7DC059808994018381A099036
:105F50004CE020B231B288421DDA22B21399059882
:105F6000089BC018FCF76CF924B208980019089037
:105F7000391B0B91002D05DC02A9098F129AC9B2B9
:105F8000114206D069460978059A11540998401CB7
:105F900009900C952AE032B213990598089BC01815
:105FA000FCF74EF90898C0190890A41B002D05DCD9
:105FB00002A9098F129AC9B2114205D0411C089159
:105FC00069460978059A115420B2854200DA2C00FE
:105FD00022B21398C1190598089BC018FCF730F934
:105FE00024B2089800190890281B0B9002A83821A9
:105FF000405C14210140102900D0C4E007980899A2
:1060000040180B994018099940180C9940180F999D
:10601000884200DBB7E0081A0A90B4E002AA3A20EE
:10602000105C622808D068280ED06A2814D06C282A
:106030001DD0712810D01AE0349801680868091D35
:10604000349B1960C0B218E0349801680868091DD3
:10605000349B196080B210E034980068C31D07209B
:1060600083433498036003CB349C236006E0349868
:1060700001680868091D349B1960002102AB03C345
:10608000108F1299C0B208425BD002A803C8002941
:1060900001D1002855D06846007820210143782995
:1060A0004FD1079815A930220A54401C421C079270
:1060B0006A4612780A5444E002AA3A20105C622828
:1060C00008D068280ED06A2814D06C281DD07128FA
:1060D00010D01AE0349801680868091D349B1960D3
:1060E00040B218E0349801680868091D349B1960B3
:1060F00000B210E034980068C31D07208343349831
:10610000036003CB349D2B6006E034980168086877
:10611000091D349B1960C11702AB03C3002902DAC1
:1061200007982D2109E0108F204202D007982B21DB
:1061300003E0C00705D50798202115AA1154401C7B
:10614000079015A80799401805906846017802A89D
:1061500000F03EF817E01498079034980068016842
:10616000001D349A106015A801700CE01498079077
:10617000252015A9087068460078002803D00794E8
:106180006846007848700F980799401A0A99401A93
:106190000899401A0B99401A0999401A0C99401A0B
:1061A000019002A83821405C400701D5FFF77BFA37
:1061B0002020694608700198002801DCFFF773FA77
:1061C000019C329DFFF762FA0020C04335B0F0BD5C
:1061D000F2B586B0040025696F2901D1082707E0D0
:1061E0000846FFF721F9782801D00A2700E0102798
:1061F0003C2603CC083C04AA03C26A46127E642AE9
:1062000003D06A46127E692A09D1002907DA04A858
:1062100003C800220023121A8B4104A80CC004A852
:1062200003C800290DD100280BD1206B002808D10C
:10623000082F3DD13820205C000739D53B2630207F
:1062400035E00294009504A830C8761E019620001F
:1062500029003A00FB1702F024FE3032D0B23A286F
:106260000DDA00988255200029003A00FB1702F051
:1062700018FE04000D0007D1002C05D10AE0684685
:10628000007E8218AF32ECE70298C0680099891945
:106290008842DAD3029C009D082F09D13820205C67
:1062A000000705D5A85D302802D0761E3020A855FD
:1062B0003C20801BA061A919E160216B884206DAAD
:1062C000081A2062208F1C490140218710E0002914
:1062D0000ED53821615C14220A40102A08D1616B66
:1062E0006269891A226A891A081A002800DD206268
:1062F00007B0F0BDF8B50026104F04000D00009265
:1063000014E0C00707D532003B0020002900FEF74B
:10631000FBFA04000D000098401000903000390096
:1063200032003B00FEF7F0FA06000F00009800284C
:10633000E7D120002900F4BDEFFF00000000244059
:10634000F8B50024002B11D007000E0014001D002A
:106350002178B068B847B060002809D0F06A401CC6
:10636000F0620020641C6D1EF2D104002000F2BD1A
:106370000020C043F9E7704710B50024032004F063
:1063800033FD002801D0012401E004F05EFD20006F
:1063900010BD014880687047B4040020FEB5C84CA9
:1063A0002169CC4A914214D121682268256823686A
:1063B0002468640D382727405B025C0F0F232D0CE7
:1063C0001D40160AF02232400192090A0B40009348
:1063D00005E0082500957021019103241827BE4E81
:1063E00000213171002801D004F05FFD0320C0437B
:1063F000BA4989680140B94A9160114689680840E4
:1064000011468860B6480068B6490140B44801604A
:10641000B5490F20C0430A6B024015430D63CA6A99
:10642000F0239A43019B1343CB62CA6A1040009A3F
:106430000243CA6208680722904304430C6008685C
:106440003822904307430F605523FF20C043A74ADB
:10645000146804401C431460D46804406625254336
:10646000D560146A044023431362136C03401D2457
:106470001C431464D36B034059241C43D463536CF2
:10648000034032241C4354640123546A1C43546265
:10649000974C25687F27BD431F272F4327606568DA
:1064A0003F27BD4309272F4367607768914D3D40E3
:1064B0009F032F43776077688F4D3D40FC27BF03D4
:1064C0002F43776075682D022D0A90273F052F43D3
:1064D0007760B768884D3D40B427FF032F43B7600E
:1064E000B5682D022D0AC827BF052F43B760B568D0
:1064F00005405A272F43B760B7687E4D3D40C827F7
:10650000BF012F43B760F7687B4D3D401F052F4308
:10651000F760F768794D3D40C0277F052F43F7604E
:106520000425376907402F433761F768384014273F
:106530000743F760F7686F483840A027FF0007431C
:10654000F7607069054375617069DD050543756124
:1065500070695D0705437561B0697F25A843B06127
:10656000674803745E2545740D6B8574C3745D259F
:106570000575CD6A457583755225C575096801761F
:106580004376122181761168C17603771521417710
:10659000D1688177C3771A2120254155116A2125B9
:1065A0004155012122254155222123254155116CB8
:1065B00024254155012125254155212126254155D7
:1065C000D16B272541550121282541552321292516
:1065D0004155516C2A25415501212B2541551B213F
:1065E0002C254155516A2D22815401212E2281549E
:1065F00090212F228154216830228154012131229F
:1066000081549121322281546168332281540022C5
:106610000021342401550100103101604160010066
:106620000C318160C26000683168306035480360B9
:1066300071699A070A437261816919438161274828
:106640000068264908602648C06918432449C86183
:106650000846806903430846836120480068F7BD07
:10666000294908684A681202FF231B021340C0B27E
:106670001843896801D00C2901D37F200EE006223F
:106680005143773901E0891D40081F28FBD2FF22C2
:10669000A23250431D4A8018800A081840B2704741
:1066A00070B50E4CA56926682660FCF7E0FB2E430A
:1066B0003000FBF7D5F9FCF7D9FB206870BD00006E
:1066C000E81E001010B5124C20682060FBF7D0F9CE
:1066D000206810BDCCECBCFCC000002004000060B1
:1066E00028180060FFFFFFBF4816006048150060D3
:1066F00040170060FF00FFFFFFFF00FFFFFFFFC02C
:106700003C10002010140060A4160060A046000099
:106710002C14006080B504F0CAF901BDF8B505007D
:1067200000260124002D25D02879002802D1280038
:1067300004F0A8FB04F05AFC022129710700286824
:10674000016821400CD1046004F050FCC01B0A49D0
:106750008842F4D303260420A8602E713000F2BDD5
:106760008068D02149030143286881600020A86027
:106770002C71F3E70120F2BDE9030000F8B5040035
:10678000216808688004800E0D684E68012739056D
:106790000D4206D00E4204D0A2683A43A26022689D
:1067A000916049080D4207D00E4205D0A26802232D
:1067B0001343A3602268916024280AD12068F8213D
:1067C000090140580C49884203D0A06808210143C0
:1067D000A160A068002802D0200003F087FA7804A6
:1067E000054007D0064005D0216888602771200049
:1067F00003F076FAF1BD00000DD6000038B584B084
:106800000020FCF751F8002004F009FC012004F0FE
:1068100006FC022004F003FC012004F033FC0025F8
:10682000854C25700120282160540220502160549D
:106830000121002004F033FC0121012004F02FFC91
:106840000121022004F02BFC0121080404F036FD94
:106850000121202004F032FD0121880504F02EFDE5
:106860009F4A00210820FDF7B6FB9E4A0021102018
:10687000FDF7B1FB9C4A00212020FDF7ACFB9B48B3
:106880002821694361180861C9616D1C032DF7D384
:10689000684600BF19A11022FBF7B8FC694600202A
:1068A00004F065FCEFF31080012181F3108890491A
:1068B0000A68202313430B6080F310888D48016819
:1068C000FF22914340220A430260802040008A490F
:1068D000086004F077F8002801D0FBF7C0FD03F052
:1068E0008DFE03F017F9FBF7CDF804F065FD0020ED
:1068F000FBF7DBFF002005B030BD000000C2010047
:1069000000000000000000000000000010B5446915
:10691000207804F01BFC202160542178491C00BF22
:106920008DA0FBF7DFFC2078002803D0022807D0D9
:1069300003D310BD0021082004E00021102001E055
:1069400000212020FDF754FB10BD0000F8B56B4E70
:1069500080214900775AFF2F00D96BE000780D287D
:1069600063D1310081A0FBF7BDFC334C002764A14B
:10697000300004F06DFD002806D100BF7FA0FBF7BA
:10698000B1FC2021675424E05EA1300004F060FDDA
:10699000002805D17BA0FBF7A5FC4821675426E021
:1069A00059A1300004F054FD002805D177A0FBF771
:1069B00099FC7021675428E0012500BF75A13000C3
:1069C00004F046FD002807D175A0FBF78BFC2020C2
:1069D0002554002108201AE075A1300004F038FD8C
:1069E000002807D175A0FBF77DFC48202554002125
:1069F00010200CE075A1300004F02AFD002809D118
:106A000075A0FBF76FFC7020255400212020FDF7B6
:106A1000EFFA04E0310000BF73A0FBF763FC8021B4
:106A200049003000FBF7EAFB01E0F0557F1C8020B5
:106A300040003752F1BD0000780E002080B50020E4
:106A4000C043FDF761FA01BD704718B58FB0002053
:106A500000216A460B069B0DD05000BF491CCAB2EC
:106A60000A2AF6DB04F0FEFC002828D0FCF7FEF82A
:106A7000040003F063F8032C00DB0324A04200D9D8
:106A8000200000281BD0022809D002D303280CD0F4
:106A900013E00121012004F094FC01210AE000210F
:106AA000012004F08EFC012104E00021012004F00B
:106AB00088FC0021012004F096FC04F0A6FC10B034
:106AC00010BD80B51149282250430818002120220A
:106AD0008154FA2149000830FCF7E6F901BD0000B5
:106AE000776304100F7F04107B8504100D69041078
:106AF0000040004108E400E000E100E05C0A002002
:106B0000535731005357320053573300780E00204B
:106B100010B50400E00302D50020FFF7D2FFA00665
:106B200002D50120FFF7CDFF600202D50220FFF75A
:106B3000C8FF10BD80B5012901D1002008E020293F
:106B400001D1012004E08020C001814202D1022055
:106B5000FFF7B7FF01BD0000427574746F6E20250A
:106B60006420707265737365640A00007265636502
:106B7000697665642025730A0000000053573120B0
:106B80004F4B0A00535732204F4B0A0053573320C4
:106B90004F4B0A005357315F4C4F4E4700000000E7
:106BA0005357315F4C4F4E47204F4B0A00000000B7
:106BB0005357325F4C4F4E47000000005357325F2F
:106BC0004C4F4E47204F4B0A000000005357335F95
:106BD0004C4F4E47000000005357335F4C4F4E4719
:106BE000204F4B0A000000004E4F54205245434FA7
:106BF000474E495A454420434F4D4D414E44203A5B
:106C00002025730A0000000081B00B480168890349
:106C1000FCD5816802220A438260002102E000BFA5
:106C20000099491C009100990629F8DB816804222B
:106C30000A43826001B0704700004048F8B5040084
:106C400001D10120F2BD8E4D2078C0062FD5A0685D
:106C50000028A86807D104218843A860A8680221F9
:106C60008843A86006E002210143A960A8680421C6
:106C70000143A960A06804280DD104F0B7F906000B
:106C800028684105C90F12D004F0B0F9801B6528AF
:106C9000F6D30320F2BD04F0A9F9060028684005E8
:106CA00005D404F0A3F9801B6528F7D3F1E7207819
:106CB000C00738D573480168734A0A4080218901AA
:106CC00011430160016880220A430260016870225A
:106CD000914330220A430260606880214902884261
:106CE000286801D1014301E0AC4901402960606896
:106CF00000280BD004F07AF906002868800312D42B
:106D000004F074F9801B6528F7D3C2E704F06EF92C
:106D1000060028688103C90F05D004F067F9801BBD
:106D20006528F6D3B5E70427FF432078400733D51D
:106D300020690028286820D038402860286801078A
:106D4000C90FFBD12868102188432860A86896499C
:106D50000140802040020843A860286804210143C4
:106D6000296004F043F906002868000714D404F0F1
:106D70003DF9801B0328F7D38BE73840286004F0E7
:106D800035F9060028680107C90F05D004F02EF96F
:106D9000801B0328F6D37CE72078800746D5286837
:106DA00007402F601020C0432968014029602968EE
:106DB0008A06D20FFBD17D497D4A13680B401360D0
:106DC000536819405160A968774A0A408021090236
:106DD0001143A960E9686022914320220A43EA60D6
:106DE000E168102903D128680143296002E029687D
:106DF00008402860E06800280BD004F0F7F806008F
:106E00002868800612D404F0F1F8801B6528F7D3B7
:106E10003FE704F0EBF8060028688106C90F05D0AB
:106E200004F0E4F8801B6528F6D332E720780007E9
:106E300024D5402660694028286801D1304300E00D
:106E4000B0432860606900280BD004F0CFF804003C
:106E50002868304012D104F0C9F8001B6528F7D328
:106E600017E704F0C3F8040028684106C90F05D0ED
:106E700004F0BCF8001B6528F6D30AE70020F2BD39
:106E80000000404898004048FFC0FFFFFEB50400E6
:106E900051D0009147480068302188430099014350
:106EA00044480160444D2068022814D1A868042198
:106EB0008843A860A86802218843A8602868400524
:106EC00039D528683D4901402960A868E0218843F8
:106ED00061680143A960E020C04301908027FF0062
:106EE000206800281CD12868384024D028688003F6
:106EF00021D52868F9000143296004F077F80600DD
:106F00002868400406D404F071F8801B0228F7D9E1
:106F10000320FEBDA8680199014060680843A8608D
:106F2000206801280FD1FFF76FFE2868074002D1C3
:106F30002868800301D40120FEBDA86801990140A2
:106F400060680843A86030271A4C009821683940CF
:106F5000884212D02068B84300990143216004F0B0
:106F600045F8009D060020683840A84205D004F08E
:106F70003DF8801B0228F6D9CAE7002002E000BFD6
:106F80000098401C009000980628F8DB04F00BFBEA
:106F9000FFF7FFF903F028FFFEBD0000FFFFFEFF33
:106FA0000748006870470000FF7FFEFFFFCFFFFF2C
:106FB000280050480410004000004048FFDFFFFF59
:106FC000F004002044490278D20705D58A6D0423D5
:106FD0009A43036913438B650278920705D50A68C3
:106FE0003E4B134042691A430A600278120705D5E6
:106FF0000A683B4B134042681A430A600278D20683
:1070000005D50A68374B1340C2681A430A60806886
:10701000820604D50A68344B1340184308600020E8
:10702000704701000020314A012908D002290DD003
:10703000082917D0102930D0202935D07047116E7B
:107040000422114022D0042917D070479168802271
:107050005201114002D0914202D07047244870473B
:107060002448704791680907116808D5890332D50B
:107070009268C0210904114004D11F487047490497
:10708000F6D470478022D203914201D11B48704749
:10709000520091421FD11A4870479068802189019F
:1070A00008408842E9D10FE09168C02252020A40AC
:1070B000802109028A4207D049008A4207D0C021B4
:1070C00049028A4206D07047802000027047FA20A9
:1070D000C00170470B48704708004048FFEFFFFFB2
:1070E000FFFF3FFFFFDFFFFFFF7FFEFF0000404885
:1070F00000127A0000093D000024F4000048E80175
:107100000090D003127A0000F8B50E46054612240E
:10711000FDF77EFEB04217D3012D15D80B4800684D
:10712000817900918571477946712846FDF778FE8F
:107130000024B74202D10098A84205D0FF207F2248
:1071400001210B4604F068FA2046F8BDB411002076
:10715000F0B585B0054604A8002707701224012960
:1071600001D9204648E00E4624480068009004F00B
:1071700055FA002840D100995C310878C00711D138
:10718000C87830430E46C87003A807210170002D4F
:1071900012D0022D08D0012D20462DD104A8102197
:1071A000017009E00C2027E004A82021017003A948
:1071B00004F0B2FA00281FD104F0B0FA00281BD165
:1071C0000098603004F0ACFA002815D10498012131
:1071D00031740843307004F0A7FA01AC204604F083
:1071E000B3FA204604F0E8FAF8430190044802900C
:1071F000204604F0F1FA384605B0F0BDA811002091
:10720000FF9F0020F0B58BB015460C4636490B6841
:107210000646283E062212210B2E10D900281CD02B
:10722000FF2835D0082817D0182815D080283CD042
:10723000812847D0FE284BD006280BD013E0C0464B
:107240007E4436797600B744050E050E110E080E01
:107250000E0E0E18022200E0102222701918284685
:10726000FDF798FD002108460BB0F0BD012020700D
:107270002C21595C01402970F4E704F0BDFA01A902
:107280000870012628463246FDF784FD2670E9E79E
:1072900001A804F0B9FA00281DD001A90426284647
:1072A0003246FDF777FD002117E00620207001A887
:1072B00004F0ACFA002812D02278FF212846FDF70E
:1072C0006DFDCFE706222270084801686631C6E7E7
:1072D00000202070C7E7122100262670C3E722781D
:1072E00001A92031BBE7C046A0110020A811002051
:1072F0001CB51148046804F096FA882807D00C28B9
:1073000005D05D34002808D1022060701CBD052026
:1073100002F0AAFBFAF7B0FB1CBD002060702078D9
:107320007F210140217001A98620487080200870CB
:10733000022004F07BFA1CBDA8110020BCB5114846
:107340000068446D03F0BCFB002802D00E48807E2C
:1073500000E00120C5B21134002D11D020780028A2
:107360000BD020460F380078800706D560786A4633
:1073700010700020012103F07DF814346D1EEBE73E
:10738000BCBDC046A811002078100020B0B5096827
:1073900083240022002912D0CD690024CC61087A10
:1073A000C00603D4002004F0A3FA02E0084604F06B
:1073B000D9FA012200282946ECD083240AE0D0071C
:1073C00008D072B6044800688521425C521E4254BF
:1073D00062B60024E0B2B0BDB411002010B50C6854
:1073E000207BC00708D000210122204604F0C8FA03
:1073F000207BFE21014021730D4800682C21405C58
:10740000C00703D1204604F0CEFA02E0204604F083
:1074100059FB002801D0832010BD72B605480068D2
:107420008421425C521E425462B6002010BDC04608
:10743000A0110020B41100200120704701207047E6
:1074400070B50B4C012504222046294604F06EFB42
:10745000084E306006222046294604F067FB31685A
:10746000086030680168002088804880087070BD1E
:10747000741000209C11002010B50C460879497941
:107480000902081804F064FB2079617909020818E0
:1074900004F09EFB207961790902081804F0C6FB0C
:1074A00004F0EEFB207961790902081804F0EAFB88
:1074B000094800682F21405CC0060BD5207961790E
:1074C00009020A18A379E178022004F0FDFB0028E4
:1074D00000D010BD002010BDB411002010B504462E
:1074E00008794A7912021218C978062004F020FCA3
:1074F000074800682F214056002801D4002010BD05
:107500001620E070A078BF210140A170842010BD3A
:10751000B411002010B5044608794A7912021218F5
:10752000C978072004F004FC07480068342140565D
:10753000002801D4002010BD1720E070A078BF21E2
:107540000140A170842010BDB4110020B0B50D46DB
:107550000446087900281DD16879A979090208181C
:1075600004F066FC6879A979090208182A7AE97991
:107570002B46093304F080FC6879A97909020818C0
:1075800004F094FC6879A97909020818E97904F0F3
:10759000ADFC28796979AA7912025118EA7904F0C8
:1075A000B4FC0948016836200A5C002092060AD51E
:1075B0003631497AC90706D01820E070A078BF217B
:1075C0000140A1708420B0BDB4110020FEB50D466D
:1075D00004460879002823D16879A9790902081896
:1075E00004F026FC2A7AE9796879AB792E461536BB
:1075F0002F460F37009701961B0218182B460933A8
:1076000004F08DFC6879A9790902081804F04EFC91
:107610006879A97909020818E97904F067FC2879E2
:107620006979AA7912025118EA7904F06EFC0948C6
:10763000016836200A5C002092060AD53631897A24
:10764000890706D51C20E070A078BF210140A170F9
:107650008420FEBDB411002070B50446144E30687D
:107660003625405D00280ED108794A79120210189B
:107670008A7BCB7B1B029A18891D04F077FC30684B
:10768000405D002811D00B4801684A5D0020920639
:107690000AD53631497AC90606D51920E070A07896
:1076A000BF210140A170842070BD002070BDC04684
:1076B000A0110020B411002010B504460879491D1E
:1076C000FAF7E2FF0A48016836200A5C00209206B9
:1076D00004D5363109228956002900D410BD1A205C
:1076E000E070A078BF210140A170842010BDC04689
:1076F000B411002010B504460879491DFAF7C8FFF7
:107700000948016836200A5C002092060AD5363105
:10771000897AC90706D01B20E070A078BF210140FC
:10772000A170842010BDC046B4110020F8B5184CDB
:1077300001250422174E20462946B047164F3860CF
:10774000102220462946B047396808600C2220469E
:107750002946B04739680968C860104DE989242274
:107760002046B047014638680268D0688160002131
:10777000082903D000235352891CF9E7E989D180F5
:1077800000211181E989418004F070FCF8BDC046F8
:10779000741000202DBB0410BC11002078100020B4
:1077A0000120704770B50D4D2A684224135D7F2675
:1077B0001E401655002802D004F074FC70BD084627
:1077C00004F08CFC2868015DF7220A4002550E2067
:1077D00002F04AF9FAF750F970BDC046C011002016
:1077E00070B51D4E32684225535DDB0628D5002852
:1077F00016D0A432194800683421405C74214143FA
:10780000002399421CD01068002807D0C0180489B2
:10781000002C03D017240457002C12D47433F0E743
:1078200049208000101820242246FDF7B3FA306862
:10783000415D214341550E2002F016F9FAF71CF97B
:1078400070BD0B210022012304F05AFC3068415D19
:10785000CF220A40425570BDC0110020A011002067
:10786000F8B505460120682104F05EFC234F38601E
:10787000234EF07A1424214604F056FC0146386861
:10788000C162012D10D15C3004F058FC2225705DDE
:10789000342104F049FC39684863705D40001021D0
:1078A00004F042FC39688864F07A411C154D0122CD
:1078B000284604F03BF939680862F17A022228462A
:1078C00004F034F93D686862F17A0F4A07232846CC
:1078D00004F038FC386817210185318C172901D252
:1078E0008620F8BD4185F17A4C43C06A00212246CA
:1078F000FDF754FA04F03BFCF8BDC046B01100207F
:107900007810002074100020CDC90510F0B589B0A2
:10791000012B00D0A1E000AB07C30F980E99039193
:1079200029214F4C615C4A1E9141E27F089204F08C
:1079300020FC0690E67A049601271821494C384627
:10794000A0472346484C216890254959C8634021E7
:107950003846984721684959C96B08605720840008
:10796000304621463F4A90473F4909684959C96B0B
:1079700048600898874004F007FCF8B20821394AAB
:1079800090473949096808954959C96B0968242203
:1079900000268E54086224314F70059404984443A5
:1079A0000794069D089C0798B0421BD001273846D3
:1079B000294604F0B9FB2C4909680959C96B496883
:1079C0008919842288503846294604F0ADFB26499F
:1079D00009680959C96B496889198822885005982E
:1079E0003618E0E700980128049C09D10E212046B2
:1079F00004F09AFB1C490968089A8958C96B886089
:107A00000198012809D10821204604F08DFB164970
:107A10000968089A8958C96BC860029801280FD173
:107A20002421204604F080FB0F4D2968089A8958CC
:107A3000C96B08610120112104F076FB29680866F2
:107A40000398012809D11C21204604F06DFB06494A
:107A50000968089A8958C96B486109B0F0BDC046E9
:107A60007810002029C10410B411002070B5002442
:107A7000204604F0BFFB0546094E30683421415CC6
:107A80008C420CD2E321695CC90703D0284604F07C
:107A9000BFFB3068572189006D18641CEEE770BD8C
:107AA000A011002070B50024204604F0A3FB054679
:107AB000094E30683421405C84420CD2284604F0E0
:107AC00049FC002802D0284604F044FC57208000DE
:107AD0002D18641CEDE770BDA0110020F8B500243E
:107AE000204604F087FB05460126264A27461068F3
:107AF0003421405C84423DD22C20285CFE21014090
:107B000002292BD1284604F095FE0028304623D1C7
:107B1000284604F0AAFE002830461DD1284604F06D
:107B2000A6FE0028304617D1E0B2009004F0A1FE76
:107B30000028304610D1009804F09DFE0028304601
:107B40000AD1284604F099FE0028304604D1009856
:107B500004F095FE411E88410A4A00E00020411EC3
:107B600088413906374600D10746572080002D1836
:107B7000641CBCE7380603D01220012104F082FE09
:107B8000F8BDC046A0110020FEB5064687680479FE
:107B9000204604F02FFB0546204604F087FE00280F
:107BA00044D08079042841D17802E96C81423DD0EB
:107BB00028462C300295923539683D2212016B8897
:107BC0009B019A18EB889A4200D81346184A4A43F8
:107BD00011463668007802280BD1164818188142E1
:107BE00007D201911249009301F01EF9009B0199FF
:107BF00038602888F0844B2080001818091A00D2B9
:107C0000002168892A8A904200D310468142029B53
:107C100000D8084682B2A92109018A4200D8084644
:107C2000B08401212046324604F054FEFEBDC04619
:107C3000E2040000BC0B0000FEB505680679304682
:107C400004F0D8FA0746304604F030FE002847D04A
:107C50008079042844D13C469034A88CE188814244
:107C60003ED0E080002130462A463B4604F032FEFA
:107C70001C4800683621415C890631D53630407A8F
:107C800040062DD52689A588E0880190208802909D
:107C90007F8F15480068006980212622042423462E
:107CA00004F044FE00281BD0014606748573019B36
:107CB0000373029A827207720720C8710B208871C1
:107CC0003E2048710C71300A4874280AC873180A9B
:107CD0004873100AC872380A4872802004F082FE85
:107CE000FEBDC046B4110020A4110020F0B589B03B
:107CF0000024204604F07EFA0090012008904048BD
:107D000000683421405C844278D25720800005947A
:107D1000604300990D182C20285CFE2101400229A7
:107D200069D10121009C2046079104F068FE0646B7
:107D300000212046019104F062FE411E8841002E80
:107D40000899049100D104902B462846E83003900E
:107D50002846E6300290EA33089F06931C78F02606
:107D600026400F252540032D1FD0022D0BD0012DBD
:107D70002BD1049800282CD01320012104F082FD7F
:107D8000069B022525E00398008802990988081AB5
:107D90000A2343431B4800680599C9B2A030012259
:107DA00004F038FE069B032513E0A00611D50498C5
:107DB00000280CD00598C0B204F093FE002801D032
:107DC000D02626400898069B04E0019802E0D026C1
:107DD0002640089872B619788C4203D12E431E7043
:107DE000002102E007990F4039464A1E914162B6D0
:107DF00000270842B2D1059C641C80E709B0F0BDA1
:107E0000A0110020B4110020FEB5044604F0F2F9E0
:107E1000054693204700204604F048FDE95DC90669
:107E2000CA0F43D02C462C342178022906D1017A7E
:107E3000002900D181798171467A05E0417A0029D3
:107E400000D181798171067A002E00D1C679C67180
:107E50000429029205D10088012805D0384604275C
:107E600004E038464F0801E03846062728180190FC
:107E7000607D394601F0B2FD042E00D07608607DA9
:107E8000314601F076FD0020009096200121324617
:107E90003B4601F0C6FA01461435284601F0F9FBCD
:107EA000019A1078EF2101401170029A1046FEBD30
:107EB00080B50620014904F02CFE80BDC1B4051038
:107EC00080B504F02FFE0249C161002080BDC0468C
:107ED0000200070770B50D4604F0E8FC002814D036
:107EE000044604F01FFE064600210E222046FCF741
:107EF00055FF042D01D1284601E00120A840E07182
:107F0000A071F08B6080B08B2080002070BD704726
:107F1000F0B587B0044604F06DF90546932047009C
:107F2000EE19204604F0C2FC0446EF5D78062B46AD
:107F300048D5304800683621415C89063ED5363048
:107F4000407A40063AD5903528890190A888029059
:107F5000E888039028880490588F05902648006888
:107F6000006980212622042506932B4604F0DEFCBE
:107F7000069B002822D00146019A0274029B83735B
:107F80000398087304988872059808720720C871CE
:107F90000B2088713E2048710D71100A4874180A30
:107FA000C8730398000A48730498000AC8720598B9
:107FB000000A4872802004F015FD069B3078BF212E
:107FC00001403170B80612D5E17903204A0700D587
:107FD00001465A8FA3790091590700D503468020A6
:107FE000002104F0A9FD3078DF210140317007B095
:107FF000F0BDC046B4110020A4110020F0B589B036
:1080000001920291044601F0E4FAFCF722FF0320FA
:10801000C043C01C03AD2881012028826873AA27B1
:10802000E05DA8722646AA36B07EE87201980490F8
:1080300002980390B07C01F0E0FBA874E05B144967
:10804000401A411E8841E87328732046EC3004F042
:10805000A9FDF420002102912150FF27B77404F0FC
:10806000A9FDA873284604F0CDFD2046283005F070
:10807000F1F83C34204605F0EDF8B77602983074FC
:10808000307E800701D505F0F6F8012009B0F0BD7B
:10809000FCFF0000F8B50446C420FF212154A420B1
:1080A000255A01272F402646C436002F04D005F05C
:1080B000E3F83070FF2822D0A43404F07BFD207652
:1080C000FF2813D00021E8061AD40D4604F072FDF3
:1080D00029466076FF2813D1002F02D0307805F0B2
:1080E000E7F8207E05F0ECF8072109E00721002FD2
:1080F00006D030780C4605F0DBF8214600E00C2174
:108100000846F8BDB0B588B0129C0694119C059441
:10811000109D04950F9D03950E9D02950D9D019553
:108120000C9D009505F0E2F8012C10D105F02CFA19
:1081300005F02CFA0748C17A07480068A030074AC2
:10814000052303F0FFFF05F0A9FA05F0B3FA08B024
:10815000B0BDC04678100020B411002035DD0510F8
:1081600080B50146C07C401E032812D878440079AF
:108170004000874401050B01002005F09CFA80BDFA
:10818000B5208872C87E401CC87680BD084605F0C0
:10819000DDFA80BDE0B502684068D17C022909D1D2
:1081A000D169D37E5B1ED94001230B407F21C94397
:1081B0005B1800E000230549096800904C32DBB2EF
:1081C00008466430E43105F00DFB8CBDC011002081
:1081D000FEB5B0C80668BA20307000203860E07C78
:1081E00002281AD0042837D11C48016802AD009536
:1081F00022463C3223464C330846E430643105F0D5
:1082000021FBC1203070284605F052FB144900F0D4
:108210000BFE208905F058FBFEBD10480168E0699F
:10822000E27E01920095521ED040802202438123BB
:10823000134022463C320846E430643105F0D2FA5D
:108240002C34102228462146FCF7AFFD38600198F7
:10825000132801D8B4203070FEBDC046C0110020E4
:1082600040420F00B0B5002814D00B4D28684221C1
:10827000425C0823134343546430084920242246B7
:10828000FCF788FD2868843005492246FCF782FD0A
:1082900005F04CFBB0BDC046C0110020DFF4051056
:1082A000FFF4051070B50546C67D0024300710D5D3
:1082B000288905F049FB002801D0102409E0064870
:1082C00000684221425C04231343435401200643C7
:1082D000EE75204670BDC046C0110020B0B5044602
:1082E00014480268643200254021284605F04CFB02
:1082F000002803D003F0D6FE122519E0E07D6021AE
:108300000140602914D0202202406421635C0121D5
:1083100019408A1807D19B210840E075204605F0D6
:1083200045FB054604E08425002901D04006F5D42C
:108330002846B0BDC011002070B50468E67D310745
:1083400008D50579FE200640208905F0FDFAE6757E
:10835000002800D070BD002D01D0342000E00420A2
:10836000C0430449096842228B5C03408B5403F0EC
:1083700099FE70BDC0110020F8B500276B4B6C4A08
:108380003D4618683421405C854200D3CDE010683A
:10839000A4214058002800D1B2E0C4192089002847
:1083A00000D1ADE0A07A0146D13905295DD300287E
:1083B00000D1A5E0FE2800D18AE0A22859D0AA2841
:1083C00000D181E0B22854D0B42800D18AE0BA2884
:1083D0007AD0BF2800D189E0F02800D18BE01028A6
:1083E00000D090E00121204605F012FB002800D1CA
:1083F00096E00026A67205F021FB00284B4B4C4A64
:108400007ED06420205CC0077AD005F023FB484A68
:10841000464B002874D0E079C021014040296FD13B
:10842000444800684821405C000769D524894248D7
:10843000006880694A2202210B4604F077FA3C4A20
:108440003A4B00285CD001460420487208220A7288
:10845000CE7188718C72FF20487182200871200AC9
:10846000C872022004F0BEFA48E0204605F0F6FA91
:1084700044E0E07D01260007304613D52046FAF798
:108480007CF9002806D0122804D00E2001F0ECFA66
:10849000F9F7F2FAE07D6021014060394842484135
:1084A000224B234AE17C022904D1E17B10220A40BD
:1084B00016091F4A002823D0002E21D06420205CFA
:1084C000C00724D04B2023E02046FAF762F915E0DC
:1084D00064202056002813D5002174222046FCF782
:1084E0005DFC0BE0204605F05BFB07E00021204629
:1084F00005F067FB02E0204605F098FB0C4A0B4BA9
:1085000074376D1C3DE7204605F0CEFB0AE05B208A
:10851000C043A0720E2001F0A7FAF9F7ADFA01E00E
:10852000F120A072014B024AEAE7F8BDA011002039
:10853000C0110020B4110020A411002010B5044681
:10854000C07D00070DD5204605F0B0FB002803D004
:10855000842806D0882805D10E2001F085FAF9F785
:108560008BFA10BD0B2100220123204603F0C8FD29
:1085700010BD80B503F096FD80BD7047FEB5604F1D
:10858000604C38680168002900D1B8E005F0EAFBCA
:108590000546008805F0F0FB0028F2D00646386852
:1085A000B021405C00280ED0082100220123304673
:1085B00003F0A6FD00280ED0FD2800D096E0284646
:1085C00005F0FCFBDDE76868007A05280CD1284639
:1085D000314605F001FC284605F0F0FB0E2001F0C5
:1085E00043FAF9F749FACCE7B17AF12901D0002929
:1085F0000AD16421725C0121114001D10B28DED126
:10860000002901D00128DAD1F07D000706D50296B5
:10861000019501A8FAF7CDF8FC28CBD16420305C95
:10862000C00707D10296019501A805F001FCFC28BE
:10863000C0D122E06868007A042831D0032837D0FE
:1086400001281AD1B07A002803D0FB2847D0F1289E
:10865000B5D1308905F0EEFB0246002001462346E5
:1086600005F008FC307E810702D5032108433076EF
:108670002846314605F024FCD9E72846314605F066
:108680006BFCFC2803D0862899D0842892D1F07DF9
:10869000000794D50296019501A8FAF786F889E7B4
:1086A000B07AB6288BD12846314605F0F7FCBEE7F4
:1086B000B07AB22809D0B42807D0B52800D07EE718
:1086C0002846314604F0F7FFB1E7F07C022800D0DD
:1086D00075E738684021415C032908D16FE709211B
:1086E00000220123304603F00BFDA0E7386829463D
:1086F00005F064FD0F2001F0B7F9F9F7BDF9FEBDF3
:10870000C01100203075000070B505686968097AED
:10871000FD240E2946D14668F07DC00642D5F07C86
:1087200002283FD1307B02283CD16420305CC00756
:10873000B07A01D1A23800E0B238032832D801283B
:1087400030D0308905F076FB02460024164B2046D7
:10875000214605F08FFB154800684821405C400623
:1087600020D536896868457A1148006880690221F9
:108770004C22032304F0DAF8002813D00146867255
:10878000042048720A2008720024CC7105208871E8
:108790000D73FF20487182200871300AC8720220D0
:1087A00004F020F9204670BD30750000B41100209F
:1087B000A411002080B50146006849684268127A19
:1087C0000D2A0FD00C2A15D18A7A10231343FF22C9
:1087D000B22B18D16423CB5CDB07CB7D0CD19B067D
:1087E0000CD410E08A7A10231343BB2B0AD105F076
:1087F000EEFC05E0FC2206E05B0604D405F024FD57
:10880000024600E0FF22104680BDFEE7F8B52920B1
:10881000C10001241F4D2046A8471F4E30601F4F46
:10882000F87A7421A8473168A422885005F072FDB7
:1088300028212046A8473168AC228850F87AC01C0D
:10884000C0B2411C164D2846224603F06FF931682C
:108850008862F87AC01CC1B20222284603F066F989
:108860003168C862084603F069FC05F05FFD3068B6
:108870004221002545544021032242540949046302
:108880004163443010212A4605F064FD2846F9F77B
:108890006CFFF8BD29C10410C01100207810002021
:1088A0007410002007100707F8B50120982103F085
:1088B0003BFC2B4E30602B4FF87A397B0818142480
:1088C000214603F031FC326800255563D562F97A00
:1088D00003462F46B9420AD01D615F701F7032688F
:1088E000D36225467D43451914337F1CF2E70023EC
:1088F00013631C4A127B5218CDB2AA420AD96543AF
:10890000FF27475545192B61697033681D63491C62
:108910002B46F1E79006000E411C134C0122204625
:1089200003F004F9316808620E4DE87A297B0818D3
:108930008006010E0222204603F0F8F834686062D7
:10894000E87A297B08188006010E084A072320468A
:1089500003F0F8FB05F016FD05F02CFDF8BDC04650
:10896000AC1100207810002074100020558C0510E8
:10897000E0B500200090064B0146024605F01EFDC2
:10898000002804D0072001F06FF8F9F775F88CBDC6
:10899000418B051010B505F03FFD002801D00224E1
:1089A00000E00124002005F047FD0D49098A25312A
:1089B0004909491C00F038FA844204D908200021F2
:1089C00003F060FF10BD82B24220002105F042FD9D
:1089D000002804D0082001F047F8F9F74DF810BD41
:1089E00078100020F0B585B00F4F3868403005F0A2
:1089F00063FD0446200414D06D46002028703868BA
:108A0000403005F0AFF90190068805F05EFD0146A3
:108A1000304605F05FFD0290284605F06DFD641EAE
:108A2000E8E705B0F0BDC046AC110020F0B5D3B00A
:108A300000250C950B950A950995412082000DACF7
:108A400020462946FCF7AAF925711020449016907B
:108A500009A80F902046FCF7C7F9DC3401940120E7
:108A600005F01CFE06464EA80C300290494D002E23
:108A700041D03078032839D04EAF3046394605F022
:108A80001FFE387C102831D1708804A908804EA8B8
:108A900080893E49411805291CD33D4941180429C4
:108AA00003D329210902884220D10DAF022404AA50
:108AB00038462146A84738462146029AA847002052
:108AC00005AA314605F024FE05984268018838461B
:108AD000A8470BE00DAC022704AA2046394605F052
:108AE00027FF20463946029A05F022FF304605F05E
:108AF00053FF0646BBE70198828C002A06D00DA8DA
:108B0000202101710146E031FCF772F90DA84EAC4D
:108B100004AA2146FCF770F905AD1026012328466A
:108B20002146324605F04CFF1B4F396883312846F9
:108B30003246FCF73AF900281AD03868833005A984
:108B40001022FCF727F98120400003AD2880009512
:108B50000024124B20462146224605F02FFC80209F
:108B6000288000950E4B20462146224605F026FC23
:108B700038685C21425CFD23134043540B2000F015
:108B800073FFF8F779FF53B0F0BDC046FFD6FFFF83
:108B900000D8FFFF31E90410AC110020E3DF05101D
:108BA000EFDF0510E0B50021009102200422074B01
:108BB00005F004FC002801D0812800D18CBD0B20D9
:108BC00000F052FFF8F758FF8CBDC046E99D051034
:108BD00080B505F005FF80BD80B5042801D91220BD
:108BE00080BD05F001FF80BDF0B589B0054608469F
:108BF00028431224012836D80E9F072F33D3102F75
:108C000031D80F9810282ED8B8422CD30E46109980
:108C1000022928D80191029003930492F9F730FDBC
:108C2000012806D1049902291DD8039A012A07D9DF
:108C300019E0039A10460499084301D0112412E068
:108C400005AC019820730948E08002986071277193
:108C5000E270A1706670257005F0D6FE6073204644
:108C600005F0DCFE0446204609B0F0BD0707000011
:108C700080B5044A914201D9122080BD05F0F8FE6A
:108C800080BDC0463F420F0080B5012902D805F0E3
:108C900008FF80BD122080BD80B505F021FF80BD9A
:108CA00080B505F0BDFF80BD80B505F0C3FF80BD78
:108CB00080B506F04FF880BDBFB51C4602AB089DDD
:108CC0005D801A80099A039200930123224606F0E0
:108CD0004BF804B0B0BD1CB5059C0194049C0094F5
:108CE00006F087F800201CBD80B506F08AF880BD2C
:108CF000BFB501AC089D2581E380A2806180208002
:108D0000204606F089F804B0B0BDB0B5044600783E
:108D1000002801D0042801D3122000E000201225F1
:108D2000002A2A4600D00246012900D81546002D07
:108D300007D101F0C7FE002803D12078FD210140B2
:108D400021702846B0BD70B594B0044606F0DEF838
:108D500006466D463E35684606F0E0F800280BD121
:108D6000002E09D1684640780121014020462A465C
:108D700006F0E8F80646EEE7F0B214B070BDFEE784
:108D800070B51D4D296872B60A6800260E604B68E2
:108D900013434B6062B600280CD028684168CA07AC
:108DA00008D001225140416072B628680168114321
:108DB000016062B62C681034206800280DD020466F
:108DC00006F0CAF880002968081872B682688660C2
:108DD00048681043486062B6EEE72868041D074DF6
:108DE0002068002806D0204606F0B6F881006958B1
:108DF0008847F5E770BDC046C41100207016041006
:108E0000CA0F00D0494203105A400DD004B500D318
:108E1000404200F009F8009AD20701D349421242B9
:108E200000D5404204BD0000094214D088420FD34F
:108E30000122030C01D100041204002300185B413D
:108E40008B4200D35B1A5241F8D3190010007047CF
:108E500001000020704708B506F09EF808BDFEE747
:108E600010B5904216D98AB2030C090C0C4659432E
:108E700080B25343444350431B191A041B0C10186F
:108E8000594180225203002312184B41520DD8023F
:108E9000104310BD4843802252031218520D104651
:108EA00010BD12422DD0994231D970B500251B4218
:108EB00009D00C00002112E01100FFF7B5FF0A00F5
:108EC0000021002370BD0942F6D000240126491874
:108ED0006441944200D3A41A7641F8D331000126AC
:108EE00001E0764109D2001864416D41A41A9D4108
:108EF000F7D2A4185D41B619F5D3300022002B003B
:108F000070BD1B42CFD108B506F048F808BD01D1AD
:108F10009042CAD202000B00002100207047FEE7F9
:108F200030B4434351435D18010C0C00130C5C43F7
:108F30002D1980B2434392B251430024C9186441B1
:108F400024040B04090C09195043C018694130BCB2
:108F50007047FEE7F4B507000E00354C2078012875
:108F600001D10220F2BD0120207000256560FA20A9
:108F7000800000F011F801000CD130000099002FA2
:108F800002D100F02EF801E000F03AF8FA2080005B
:108F900000F002F82570F2BD38B5040002F026F8A2
:108FA000050024488168C9070AD40020C0438442D0
:108FB000F7D002F01BF8401BA042F2D3032032BDD1
:108FC0000C2182680A400C2A09D1194A53680468A6
:108FD0001C435460826811438160012032BD00202F
:108FE00032BD10B5144A13690F241C431461134B8E
:108FF000C0184003C00B906111643320106010BD95
:1090000010B50D4A13690F241C4314610B4BC01893
:109010004003C00B90610868106448685064886819
:109020009064C868D064CC20106010BD00000000BF
:109030004411002008100040001000400000FCEF28
:10904000A446521E08D303780C78401C491CA34246
:10905000F7D0181B64467047002064467047FEE74F
:10906000FEB50024204D2B78012B01D10220FEBD3E
:1090700001232B706C60FA27BF000368FF2B0AD115
:109080001A4801690F220A43026122210160380057
:10909000FFF782FF19E00023DB430B604668009076
:1090A0000191002000E0761C00994968009A9268BE
:1090B00089188E4209D2300000F009F83800FFF715
:1090C0006BFF0100EFD001990E602C70FEBD0749C7
:1090D0000A690F2313430B61C0024003C00B886170
:1090E000112008607047000044110020001000406B
:1090F00010B504000800110002002000F9F780F804
:10910000200010BDF0B585B0944F3968C8604A782A
:10911000E32313401A1D4A7000F036FA05463868FA
:10912000C06800F021FA064638684469C06800F05B
:1091300001FA012228431FD1384617460068C0684B
:1091400000F01EFA002815D184480068C06800F0BD
:1091500001FA00280ED181480068C06800F0FEF9CD
:10916000002807D17D480068C06800F011FA002887
:1091700000D1DDE03A46794F002E07D0002D05D111
:10918000002C03D038684078C0070CD1386840788C
:10919000C00700D09FE0002C00D19CE0E07D0121C1
:1091A0000143E17597E0039205F0FAFE20786075BF
:1091B000E07DF9210140081DE07500250495606AF5
:1091C00021698A6804A990470646204605F004FFF5
:1091D00038684068E061022E04D10499002901D169
:1091E000049001E0022E1ED12E46257DFBF731FEB4
:1091F000E80735460BD10499204605F00DFF0028FD
:109200002ED0207D0121014003264E4013E0A069AD
:10921000A168E2680818C04304990818801800285B
:1092200008DA022607E0002E3BD0FBF712FE012EE3
:10923000E1D000E00326B01EC0B2022836D839685B
:109240001831204605F02AFF386800254561042EB4
:10925000029507D0032E09D1204605F029FF08E02A
:10926000012623E0204605F037FF02E00498E06184
:109270002546284605F042FF01200190294605F0C9
:10928000ADFF38684069002803D0A84201D1029D93
:109290000CE0002D09D0E87D01210843E8750D465A
:1092A00004E000F02BF92E4600E0019D2069C26821
:1092B000002A02D0606A29469047032E00D100247C
:1092C000002E02D005F0FAFF04E038684178102241
:1092D0000A434270039A002A1CD038684569FBF79C
:1092E000B8FD002D11D0E969284605F095FE00284B
:1092F00010D0FBF7AEFD39680020486118312846D0
:1093000005F0CCFE284605F0D3FE002005F0F6FE61
:1093100005F0D4FF38684178FB220A40427040696A
:10932000002803D10020214605F058FF05B0F0BD0C
:109330000A480068C06800F02FF900283A46074F35
:1093400000D019E73868407801210140484248417F
:10935000611E22468A4102400EE7C046B811002035
:10936000694A5C23584310180268684B1340C906C9
:10937000802212051140194301607047624A5C2344
:1093800058431018C269FF239A43C9B21143C161FF
:1093900070475D4A5C2358431018026A120C12048D
:1093A00089B211430162704757495C225043081843
:1093B000C16A80220A43C262704753495C2250430B
:1093C0000818C16A80229143C16270474268012334
:1093D0009A43CB07DB0F134343607047426808236F
:1093E0009A43C90003E0426810239A4309011940D7
:1093F000114341607047426820239A434901F6E7D0
:109400004268494B134009028022520005E042683D
:10941000444B13404902802292001140194341609D
:1094200070475CB504B40200069C002000260129A8
:1094300035D1684601781800084301D106203BE089
:1094400008200E0003D1012B06D1052034E0012EA7
:109450000CD1190005D12FE0062BEFD0042B2BD116
:10946000ECE7062B28D0042B07D125E0062E01D0EF
:10947000042E07D11E0002D11DE0012BEFE70E00E4
:10948000062E01D0042E03D1012BD7D0062901D0FE
:10949000042911D1062B0ED0042B0DD10BE00B00AB
:1094A00004D10720012C0DD199260CE0022902D00D
:1094B000032908D1F6E70720012C01D19B2602E001
:1094C0003D2600E03B26911B081A5EBD1C490A6838
:1094D0001C4B13401C4A29E01C48016808220A431F
:1094E000026070471948016801220A430260704710
:1094F0001748016880229143016070471448016851
:1095000080220A4302607047DC000020FFFFFFF763
:109510000F490A687F239A434006400E10430860B3
:1095200070470000FFFDFFFFFFFEFFFF02401A43F0
:109530000A60704701009948084070470000000029
:10954000040000604F000200B0FFFDFF1800006043
:10955000C40000208021C9030840704700207047E4
:109560008021C90508407047802189040840704760
:1095700080218901084070478021C9020840704756
:1095800080214902084070478021890308407047C4
:1095900080218900084070478021090108407047F8
:1095A00080210906084070478021C904084070479F
:1095B000402108407047802149040840704780B529
:1095C0000021FFF70BFF01BD4168802291434160FC
:1095D000704780B50021FFF7F9FE01BD8068704734
:1095E00080B51021F8F70AFE01BD80B50121FFF713
:1095F00002FF01BD80B50121FFF7F5FE01BD80B579
:109600000121FFF7EBFE01BD826881607047416870
:1096100080220A4342607047C1688022D2050A4313
:10962000C2607047C168802292040A43C2607047DA
:10963000C168802212060A43C2607047C168802256
:10964000D2040A43C2607047C168802252040A43B0
:10965000C2607047416804220A4342607047026852
:109660000160704780B50021FFF7CAFE01BD704759
:1096700080B50121FFF7C4FE01BD416840220A43C5
:109680004260704780B50121FFF7A0FE01BD80B5A3
:109690001FE0C268120D12050903090B1143C160D6
:1096A0007047C168802252030A43C2607047C16894
:1096B000802212040A43C2607047C1688022D2032C
:1096C0000A43C260704780B541688022D2000A43D5
:1096D00042600121FFF79BFE01BD72480268724B98
:1096E00013400902714A0EE180B50121FFF738FEEF
:1096F00001BD6F4A5C23584310180029016803D04C
:1097000040220A4302607047402291430160704743
:10971000000067495C22504308180168654A0A4006
:109720000260016A654A0A400262704700006249AD
:109730005C22504308180168802292030A430260A9
:10974000016A802292050A430262704700005A496A
:109750005C2250430818406A7047574A5C235843BC
:109760001018C26A120C0A70C26A120E4A70026B9A
:109770008A70026B120ACA70006B8002800E087138
:1097800070474D495C22504308183830704700003C
:1097900049495C22504308184030704730DFC90007
:1097A00045495C2250430818C06A8004800E704707
:1097B00041495C22504309580806C00F70473E4992
:1097C0005C22504308588004800E70473A4A5C235C
:1097D00058431018C269120A0A60036A1B06134331
:1097E0000B60006A0004000E4860704732495C223A
:1097F000504308584000400F70472F495C225043A7
:1098000008584001400F70472B495C22504309180B
:10981000C86AC006C00EC96A090602D51F2800D151
:109820002020704710B504005C21234822005C23EF
:109830005A438018F8F7E2FC01212000FFF759FF96
:1098400010BD854A5C2358431018426A4162704734
:1098500010B5814A5C2358431018C26A92B20B7843
:109860004C7824021C4323041343C362026B920D01
:1098700092058B78CC7824021C4309790904214392
:109880008902890A1143016310BD734A5C2358435E
:109890001018826A120E12060902090A1143816227
:1098A00070470000D0000020FF0000F000FFFF0F15
:1098B000DC000020FFFFDFFFDC000020FFFFFFDFF8
:1098C000654A5C2358431018826A1202120A09067C
:1098D000114381627047604A5C2358431018C26A82
:1098E0005E4B13400902FC2292010A401A43C262F5
:1098F0007047594A5C23584310180268574B13406D
:109900000902FC2292010A401A430260704710B516
:10991000514A03005C246343D218D369DBB20C685C
:1099200024021C43D4614A6812020968090E1143DB
:10993000FFF72FFD10BD80B5474902005C235A4355
:109940008918096A8AB2802109021143FFF721FDB3
:1099500001BD41495C2250430818016880229143AF
:10996000016070473C4A5C2358431018826881604C
:109970007047394A5C23584310180268384B13402B
:109980000907E022D205BEE738B50A68324B040069
:109990005C256C431B199C699A614968FFF7EEFCD2
:1099A00031BD80B52C4902005C235A438918C9692E
:1099B000CAB280211143FFF7E1FC01BD26495C22B8
:1099C00050430818016880220A4302607047224A07
:1099D0005C23584310184268416070471E4A5C235C
:1099E0005843101802681F4B13400906E022D204A6
:1099F00089E770B505000C001F26202C02D1FFF767
:109A0000D3FC02E0FFF7D9FC264013485C214D430C
:109A10004019C16A1F2291430E43C66270BD0E4AAF
:109A20005C235843101802683F239A438906890E25
:109A300011430160704708495C22504308180168CF
:109A4000802212024A4002607047042801D19D2002
:109A50007047122070470000DC000020FFC0FFFFAD
:109A6000FFFFFF8FFFFFFFF81F21014001228A4007
:109A700072B604490968400980000B5813430B5023
:109A800062B67047C41100207047FEE710B5094C5C
:109A900021684A69002A0CD0C0070AD010690368FF
:109AA000002B02D0506A984721684878012202436F
:109AB0004A7010BDB8110020704780B5C043FAF756
:109AC00023FA01BD70B50023A04D05E0146886009F
:109AD000AC51121D401C5B1C8B42F7DB70BD9B4BD5
:109AE0008000181804E013680360121D001D491E51
:109AF0000129F8DA0021016041607047934B800032
:109B0000181804E003681360001D121D491E012986
:109B1000F8DA704780B5FAF757FBB348016880223E
:109B200052030A4302600168802212030A43026062
:109B30000168802292020A43026001BD80B5FAF7F3
:109B400049FB002801D1032002BD012002BD000015
:109B5000F8B505000E001400FAF744FB002801D008
:109B6000012055E02000AF4CA066002081006A581B
:109B7000230008335A50401C0828F7DB2F00002030
:109B8000350081006A58230028335A50401C1028A1
:109B9000F7DB0126280000F09CF9002807D00320FD
:109BA000606026602A0020322900380038E0002753
:109BB000676026609C4E3200290000BF1AA000F0AA
:109BC00015F960680128FCD100F0ABF800281AD024
:109BD00032002100483100BF13A000F007F960688F
:109BE0000228FCD100F09DF800280CD0210048315B
:109BF0002000283000F01AF960680328FCD100F03A
:109C00007CF8002806D127606760FAF7FBFA02208B
:109C1000C043F2BD22004832210028312000083024
:109C200000F096F80020F2BD0001000000000000E6
:109C300070B5050000267B4C26606660FAF7E2FAF4
:109C4000AC490D60B0002218926808180264761CB6
:109C5000082EF7DB0020C043A26E904770BD70B5A0
:109C6000A44C00266F4D10E0002081002A0008322D
:109C700052586250401C0828F7DB21004031200078
:109C8000203000F015F90E2068602868012826D1E0
:109C90006868002808D0012808D0022808D00328C6
:109CA000E2D00E2807D017E0012002E0022000E0F9
:109CB0000320686070BD2E606E60FAF7A3FAB000F2
:109CC0002900083109582150761C082EF7DB2100A5
:109CD0000020AA6E904770BDA020FFF7A9FF70BDBD
:109CE00080B5FFF7BCFF05F00DFB01BD80B58068B6
:109CF000FFF79EFF05F006FB01BDE0B5082200213D
:109D00006846FFF7F5F96A460221B8208000FFF7A0
:109D1000F5FE00987849884201D101200EBD00204F
:109D20000EBDE0B5082200216846FFF7E1F96A465A
:109D30000221A6208000FFF7E1FE00986F498842CB
:109D400001D101200EBD00200EBD000000043048EE
:109D5000F8B507000E001500234C20686849014043
:109D6000882080010843206020680421014321608D
:109D700066A202210020FFF7A5FE00BF65A2022116
:109D80000220FFF79FFE00BF64A202210420FFF71C
:109D900099FE00BF73A208210620FFF7A0FE00BFB6
:109DA00060A208211C20FFF79AFE00BF65A20821CF
:109DB0003220FFF794FE3A0008214820FFF78FFE7B
:109DC000320008215E20FFF78AFE2A000821742055
:109DD000FFF785FE6068C103C90FFBD1206802212F
:109DE00001432160F1BD00000000304870B50E0055
:109DF0001500444C2168424A0A40C0210901114320
:109E00002160020002210220FFF75CFE32000821DF
:109E1000C8204000FFF763FE2A000821852080004B
:109E20003BE000000C0E0020249F041070B50600DB
:109E30000D00344C206832490140A02080010843C5
:109E4000206000BF33A202210220FFF73BFE00BFCB
:109E500032A202210420FFF735FE00BF41A20821F3
:109E60000620FFF73CFE00BF2EA208211C20FFF7B2
:109E700036FE320008215E20FFF731FE2A0008215D
:109E80007420FFF72CFE00BF2EA208213220FFF71E
:109E900026FE00BF3BA208214820FFF720FE606895
:109EA000C103C90FFBD1206802210143216070BDAD
:109EB00010B502000C00002A03D008215E20FFF735
:109EC0001DFE002C04D0220008217420FFF716FE8E
:109ED00010BD10B500210C4A8B00D458C3589C42C9
:109EE00003D1491C1029F7DB01E0002010BD01203F
:109EF00010BD00005C0000200DD600006A9100003B
:109F0000FFC0FFFF00003048FC14041000010000F7
:109F1000000000000001000000000000010000003F
:109F200000000000FFFFFFFFFFFFFFFFFFFFFFFF3D
:109F30000000000000000000000000000100000020
:109F4000FFFFFFFF0200000005000000030000000B
:109F5000FEFFFFFFF9FFFFFFFBFFFFFFFCFFFFFF1F
:109F6000FCFFFFFF030000000000000000000000F5
:109F700000000000000000000000000000000000E1
:109F8000000000004B60D2273E3CCE3BF6B053CCE5
:109F9000B0061D65BC86987655BDEBB3E7933AAA2B
:109FA000D835C65A38B50100002408784A78120618
:109FB000120C1043424A801A1FD00B382ED18B79D5
:109FC000C8790006000C03433E4A5B1E5588AB422D
:109FD00011D08B79CD792D062D0C2B435B1E9588E6
:109FE000AB4208D08B79CD792D062D0C2B43591E11
:109FF000D288914212D1012410E08878CA781206E2
:10A00000120C10430421F8F734FC01002E4802D052
:10A01000F8F768F902E04030F8F764F9200032BD43
:10A02000F8B52A4805F070F9294D862040002F1810
:10A030003800F8F7FCFB040004D021002800F8F7F2
:10A0400051F903E028004830F8F74CF91D4E38006C
:10A05000F8F7F1FB30802800A030F8F7F4FB7080AF
:10A060002800C430F8F7EFFBB0802800E830F8F79C
:10A07000EAFBF080002C03D028007C30F8F732F99E
:10A08000F1BD80B50200134803D0022A0ED006D3DA
:10A0900014E00A79202A00D9202209680CE00A7904
:10A0A000202A00D920220968203005E00A79082AF0
:10A0B00000D9082209684030F8F7C2F8002002BD34
:10A0C0000E0C0000881100200C0D0410A59F041038
:10A0D0007C0D0410B80F0020F0B587B00024027882
:10A0E00041780906090C0A430126A849A84D02AF88
:10A0F000A84BD21A08D00D3A00D1DDE00B3A6DD052
:10A10000521E00D190E0EDE08278C3781B061B0C54
:10A110001A43BA818279C3791B061B0C1A43FA8150
:10A12000027A437A1B061B0C1A433A7202000A3267
:10A1300003928279C3791B061B0C1A43921E4B882B
:10A140009A4211D10124807A002802D0022805D039
:10A15000C8E02800F8F7C6F83E7091E028004830C3
:10A16000F8F7C0F800208AE08279C3791B061B0C3F
:10A170001A43921ECB889A4212D10124807A002879
:10A1800002D0012806D0ADE028009030F8F7AAF8F8
:10A19000042074E02800D430F8F7A4F803206EE01F
:10A1A0008279C3791B061B0C1A43921E09898A42C5
:10A1B00005D10124807A002802D0022807D091E03E
:10A1C0008C2040002818F8F78DF8082057E0072069
:10A1D000387002A8FAF752F8B0207FE08279C3798C
:10A1E0001B061B0C1A43521E8B889A4201D1012474
:10A1F00078E08279C3791B061B0C1A43521E0B8927
:10A200009A426FD101248279C3791B061B0C1A4331
:10A210008578C3781B061B0C1D4308000E30019087
:10A2200002200090002342E0C279037A1B061B0C37
:10A230001A43521E09898A4254D10124C17A027BF1
:10A2400012028D1802D021048D421DD2417A827AE9
:10A250001206120C1143C279037A1B061B0C1A4317
:10A260008678C3781B061B0C1E430B3001900091AF
:10A27000002304213000F8F7F3FA7D8205203870BE
:10A2800002A8F9F7FBFF2DE0417A827A1206120C40
:10A290001143C279037A1B061B0C1A438578C378D5
:10A2A0001B061B0C1D430B300190009180230421E1
:10A2B0002800F8F7D5FA15E08278C1780906090C6C
:10A2C0000A4304211000F8F7D4FA010005D0D42085
:10A2D00040002818F8F706F804E0F4204000281899
:10A2E000F8F700F8200007B0F0BDF8B5594805F0C0
:10A2F0000BF8594D982040002F183800F8F797FABE
:10A30000040004D021002800F7F7ECFF03E0280048
:10A310004830F7F7E7FF1D4E3800F8F78CFA308029
:10A320002800A030F8F78FFA70802800C430F8F7C2
:10A330008AFAB0802800E830F8F785FAF0808620A5
:10A3400040002818F8F77FFA3081002C03D028004D
:10A350007C30F7F7C7FFF1BD80B50C4B012802D068
:10A36000032808D010E00A79002A00D001220968E9
:10A3700018000C3006E00A79022A00D90222096886
:10A3800018000E30F7F75CFF002002BD5C110020C2
:10A39000BC0F0410010C0000FEB5160012252F4C56
:10A3A0002F4F002804D0022816D0032829D04EE0D1
:10A3B000086801900879009002237A88521C92B2B2
:10A3C00004213000F8F743FA050002D029002000EC
:10A3D00035E02000403038E00868019008790090AE
:10A3E0000023FA88521C92B204213000F8F72FFAA9
:10A3F000050003D029002000703020E02000B0309C
:10A4000023E008796A4610720A79022A00D90222EA
:10A410000D68290038000E30F7F712FF01956846E5
:10A42000007A009002233A89521C92B20421300033
:10A43000F8F70DFA050005D029002000DC30F7F709
:10A4400051FF04E08E2040002018F7F74BFF280052
:10A45000FEBD0000D9A00410D41104102C13041068
:10A460005C11002010B508210024224603F072FF81
:10A47000204610BD80B504F085FF80BD431E022B31
:10A4800009D300280CD0032809D1012001404942FA
:10A49000122008407047002A01D110467047122050
:10A4A00070471FB51C4608460A9903910999029105
:10A4B0000899019107990091069B1146224604F0E4
:10A4C00099FF04B010BD80B51946104604F0E4FFB2
:10A4D00080BDFEE78B0707D0521E22D30B78491CA4
:10A4E0000370401C8B07F7D1830730D0DB4219D0B3
:10A4F000401E121F08D308C943701B0A43801B0C5F
:10A500000371001D121FF6D2D20707D30B884370C8
:10A5100001D08A78C2701B0A8370704701D00B7813
:10A5200043707047121F06D308C903801B0C438079
:10A53000001D121FF8D2D20705D30B88038005D067
:10A540008B788370704701D00B780370704770B4BC
:10A55000103A03D378C978C0103AFBD2530701D31D
:10A5600018C918C001D508C908C0D20704D30B8880
:10A570000380801C891C002A01D50B78037070BCF5
:10A580007047FEE781B01B4800684003800F0090D1
:10A590000098002801D101200090009801B0704778
:10A5A00010B50400FF2020708020C0054168124AC9
:10A5B000914201D10621217001680F220909114041
:10A5C000617001680A40A2704068606009480068D4
:10A5D00080B2401C8000A060FFF7D4FF002804D0A8
:10A5E000FFF7D0FF401C800301E0C020C001E06005
:10A5F00010BD0000141000404120030281B0284922
:10A600000A6A012002400CD10A6802430A600A6803
:10A6100082430A600A6A02430A62096A084000909B
:10A620000098002001B07047F3B51E490B785B1C01
:10A630000B7001231C4C6F460D78019E3668266016
:10A64000019E76686660019EB668A660019EF66807
:10A65000E66006682661466866618668A661C66827
:10A66000E66164263E70266B1E4326636E4636788E
:10A67000761E3E70666B1E4003D06E463678002E06
:10A68000F4D16E463678266A1660666A5660A66A07
:10A690009660E66AD6600E78B542CDD10020F6BD50
:10A6A00040004048CE1100202800006010B5040092
:10A6B00007D002230022A16804F000FF010003D0AC
:10A6C0000CE06120400110BD0020102222610246F2
:10A6D00083001B19401C5A610428F9DB606A1028AA
:10A6E00001D0024810BD084610BD00001D0C00003E
:10A6F000F7B500258AB00E460446002804D0002E87
:10A7000006D10C98002803DD612040010DB0F0BD9A
:10A710000C98002804DB102804DA2079800601D484
:10A720008C48F3E72079410701D4810702D5894895
:10A73000401CEBE74021084320712046143008906C
:10A740001CE0002081004A199219537817781B02E7
:10A750003B4397785BBA1B043F02D2783B431343D9
:10A760000A195269401C534004AA53500428E9DBDB
:10A77000A26804A8089904F0F3FE009D0C992846ED
:10A78000103000908842DCDB207980061ED400293E
:10A790001CDD002081004A199219537817781B029A
:10A7A0003B4397785BBA1B043F02D2783B43134389
:10A7B0000A195269401C534004AA53500428E9DB8B
:10A7C000A26804A8089904F0CBFEC0E00020009025
:10A7D00001900290039069460846A26804F0C0FE0A
:10A7E00000998722C80F5043019A4900D20F1143A4
:10A7F00000910199029A4900D20F114301910299E7
:10A80000039A4900D20F1143029103990C9A49000F
:10A81000414028461030039190421AD10020810017
:10A820004A1993195A781F7812023A439F7852BAFC
:10A8300012043F023A43DB786F461A430B195B69F7
:10A840007F58401C7B405A4004AB5A500428E6DB3A
:10A8500074E0009A8723D00F5843019B5200DB0F0E
:10A860001A430092019A029B5200DB0F1A43019295
:10A87000029ACB0F52001A4302924A0042400392BE
:10A880000C9A0020531BDA179C46920F62449210D8
:10A89000964616E081004A1993195A781F781202D9
:10A8A0003A439F7852BA12043F023A43DB786F462C
:10A8B0001A430B195B697F587B405A4004AB5A50CE
:10A8C000401C8645E6DC81000A196B4652695B58DC
:10A8D00067465A4004AB5A507F1A00224B19BC46B7
:10A8E0009E460BE073469B18F35CD7001825ED1BC2
:10A8F000AB4004AD6F587B406B50521C9445F1DC6B
:10A90000002A09D0D600182204AB961B5D5880227D
:10A91000B24055405D5005E004AA53580125ED07AB
:10A920006B40535004AB6A4605E081000D196D6918
:10A93000565875405D50401C0428F6DBA268184646
:10A94000089904F00DFE20790421084320710020AD
:10A95000DCE600001D0C0000F8B516460F460400AA
:10A9600009D0002E07D025468035E86D401E1028FE
:10A9700004D31348F8BD61204001F8BD207940069A
:10A9800004D4002211462046FFF7B2FE20790221AE
:10A9900008432071002018210CE0C217920F1218F2
:10A9A00092089200121983075269DB0ECB1ADA4023
:10A9B0003A54401CEA6D8242EFDC00203260F8BD60
:10A9C0001F0C000081B08020C00218490A680243B1
:10A9D0000A600968084000900098154802E0154A8E
:10A9E0000A40026001680902090C0168F7D10122DE
:10A9F000914301604168C907FCD4406804210840C4
:10AA000000D0012001B070470B490A68D206FCD57E
:10AA1000496801800020704707490A68D206FCD5C2
:10AA20004968016000207047000000005000404865
:10AA300000006048FF0000FF0400604820207047CD
:10AA40001F20704710B51A490A78030003D013007D
:10AA500004D1012202E0012A00D100220A70154926
:10AA60008B6880229200134020D18B6854002340D1
:10AA7000A3421BD08B681A438A600A685307DB0F16
:10AA8000FBD104220F23DB430028886804D0034055
:10AA90000E201843886002E0034013438B608868EF
:10AAA000054B03408B6008681040FCD010BD704718
:10AAB000D011002014005048FFFDFFFF0020704718
:10AAC000002070470020704700207047002070472A
:10AAD000002070470020704700207047002070471A
:10AAE00000207047F0B58DB0099308920E4607908C
:10AAF00004F074FD01243821204601F015FB2D21BE
:10AB0000062242542E49C97A342281542D4F38608E
:10AB1000302101850CAD0BA90AAA2846FAF749F99C
:10AB20000A9800022978090101430B9800030843A1
:10AB3000001D396848851821204601F0F5FA2249A0
:10AB400008600021017504F04FFD1A980690199CC9
:10AB500005941898049017980390169802901598E9
:10AB60000190139D00950798089F079631463A4635
:10AB7000099BF7F7D3FDF7F77FFD1B9E012C01D151
:10AB8000F7F756FD04F03AFD012E01D104F092FDD5
:10AB90000C4800682C21405CC0070ED1012C06D166
:10ABA0001498F7F779FDF7F708FEF7F70AFE07980C
:10ABB00039462A46234604F07FFD0DB0F0BDC0465D
:10ABC00078100020A0110020C4110020C9B2027822
:10ABD0008A4203D0401C002AF9D100207047FEE7CA
:10ABE00080B5002801D100BF07A006490B68002BE3
:10ABF00003D022220021984701E004F0BDFD22206D
:10AC000002BD000098110020636F6E737472616959
:10AC10006E742068616E646C65723A2062616420B3
:10AC20006D65737361676500431C0178401C0942C0
:10AC3000FBD1C01A7047FEE7C9B2521E05D3037894
:10AC4000401C8B42F9D1401E70470020704710B560
:10AC5000144600F002F8226010BD4A0053155B1C38
:10AC600008D0520D06D003231B02FE3AD21A130558
:10AC7000C91A70470022704730B4012464054D00A2
:10AC8000EC420BD85D00EC4208D80C001C43640079
:10AC90000443144304D2994200D1904230BC70471F
:10ACA000FCD08B42FAD18242F8E7124217D400233B
:10ACB000DB435B0D9C464B005B0D06D0634504D027
:10ACC0009B18634502D21205891870476246090D28
:10ACD00011430905002000B500BF00BF00BD52426E
:10ACE0004B005B0DF1D05B1C5B05EED25B0D93411D
:10ACF00002D91205891A70470BD10B031B13C90F18
:10AD0000C907821C002043411343E4D912051143B3
:10AD1000E1E7C90FC9070020DDE7F0B40E005E408F
:10AD20000125ED072E40B446AE0ADF184C18F44258
:10AD30003BD2F74241D2640D43D07F0D38D0E41BA3
:10AD4000C902DB0229432B43CF0ADB0A0600B61AED
:10AD50009F4104D2641EB6197F41B6185F41681244
:10AD6000800D24180018844222DCE80C0021B6195A
:10AD70007F41B61A9F4102D2B6185F413F1C404145
:10AD80004941F4D3241C21DD2405B6197F41B61AAC
:10AD90009F4105D33743C60737430026012F704133
:10ADA000614166463143F0BC7047FCD1F74205D2A1
:10ADB0000020C14349054908F3E704D00020C143FE
:10ADC000F1E77F0DFAD000206146ECE72442FAD18A
:10ADD000401C61410F03F6D30020E2E701487047B1
:10ADE00000000000F4040020F8B506000024104D17
:10ADF0002878002819D0FCF7D3F80700FA20800043
:10AE00002978FEF711F801003800FEF70DF804F07C
:10AE1000E4FC002809D1042E07D2002231000020D2
:10AE2000C04304F0CCFCAE6000E001242000F2BD81
:10AE3000B404002081B064490A6802430A600968CA
:10AE400008400090009801B0704780B50F210020A5
:10AE500004F0E0FCF0210901002004F002FD5B4950
:10AE6000012004F0FEFC5A49012004F0D3FC8020AC
:10AE7000400058490A6802430A6009680840009087
:10AE8000009801BD00685449884200D0704780B5E1
:10AE900080204002FFF7CEFF002201210D2004F0A8
:10AEA0008EFC0D2004F090FC01BD18B587B00400A5
:10AEB000182101A8F7F7A2F92068C021C905884226
:10AEC00035D1012401940420059001A8FCF77AF8FB
:10AED000002801D0F7F7C3FA4048016A21400CD19D
:10AEE0000168214301600168A1430160016A2143B7
:10AEF0000162006A044000940098F7F7D7FC002232
:10AF00000021122004F05BFC122004F05DFC002202
:10AF10000021192004F053FC192004F055FC0022F4
:10AF20000021162004F04BFC162004F04DFC08B064
:10AF300010BD38B586B0040014216846F7F75EF9F5
:10AF40002068274988423DD18020C00025490A68F1
:10AF500002430A6009680840059005980820FFF739
:10AF600069FF0420FFF766FF01200090022401948E
:10AF7000002502950395049569461B4804F0A4FC3E
:10AF80000094019402950395049469469020C005AD
:10AF900004F09AFC0121012004F056FC022100205B
:10AFA00004F052FC0121012004F075FC0221002074
:10AFB00004F071FC00220121082004F000FC0820AC
:10AFC00004F002FC07B030BD50004048C93000001A
:10AFD00036C000005400404800003048400040485F
:10AFE00000400041580040480000104801484068B7
:10AFF000704700BFB4040020021D13688B43136028
:10B00000026811430160704781B08A490A680243AF
:10B010000A60096808400090009801B0704730B598
:10B0200085B004000820FFF7EFFF80486100451855
:10B030002988009101210191029102210391A1002F
:10B0400044186946A06804F03FFC79480068C006CF
:10B0500010D5A0689021C905884203D1009976488F
:10B06000FFF7CAFFA0687549884203D1009980485C
:10B07000FFF7C2FF01222988A06804F0D3FC00205A
:10B0800005B030BD80B5694B0022FFE74100595A39
:10B0900080001818806804F0C5FC002002BD70B55F
:10B0A00086B006000C00300001D1042000E008202A
:10B0B000FFF7AAFF20006F4D7100695A019101212D
:10B0C000039102210491B1006C18010006D1002007
:10B0D000029001A9E06804F0F7FB1FE001281DD1F0
:10B0E0008020400064490A6802430A6009680840F9
:10B0F0000090009880204002029001A9E06804F0CE
:10B10000E3FB28000830851900220321002028567F
:10B1100004F055FB0020285604F056FB4448006814
:10B12000C00610D5E0689021C905884203D1019975
:10B130004148FFF761FFE0684049884203D1019927
:10B140004B48FFF759FF002006B070BD80B5494A53
:10B150004100515A80001018C06804F05DFC401E88
:10B160008041C00F02BD80B504F062FC01BDF0B5A6
:10B1700087B00F0000260024002F02D10124E443F1
:10B1800050E03E4994224243891800913C49800096
:10B190000858009908600420FFF736FF0820FFF7E1
:10B1A00033FF8020C00037490A6802430A600968FB
:10B1B000084001900198022002900390059001251B
:10B1C0000495069002A99020C00504F07DFB184864
:10B1D0000068C00603D502991748FFF70DFF0295D6
:10B1E000069602A9154804F06FFB0325ED433900CC
:10B1F000009804F037FC002800D02C0000210098B3
:10B2000004F066FC002800D02C000021009804F017
:10B2100078FC002800D02C00009804F03BFC0028AB
:10B2200000D02C00200007B0F0BD0000C0040020BA
:10B23000000050485000404820005048000010488E
:10B24000F8B500240D4E0091150094270BE0FA2369
:10B250009B000122009801190B48007878433018B0
:10B2600004F0D8FC641CAC42F1D32800F2BD00000D
:10B2700028005048D404002054004048F80C002016
:10B28000EC04002058004048D11100203F4881685C
:10B2900004229143816001684905FCD5816802223E
:10B2A00091438160704781B039490A6802430A605E
:10B2B000096808400090009801B07047020C80B205
:10B2C000354B0129596804D101435960D96A1143AA
:10B2D00003E081435960D96A9143D96219680843F0
:10B2E0001860986A02439A6270472C49086882B2D3
:10B2F000886A000410430A60020C8A62704728487A
:10B30000016804229143016030BF704770B50400AA
:10B3100000261E4D2068002807D128681021884388
:10B3200028602868042188432860296E0120014094
:10B3300002D10126FFF7B7FF1A480168890007D438
:10B340008168490004D40168802212060A43026021
:10B35000002E03D0286E0121884328660D4801681D
:10B36000802252000A430260A8680826304001D0BB
:10B37000FFF78CFF2068002805D128688006FCD4E0
:10B3800028683040F9D1002070BD0000000040481E
:10B3900060004048040050480800504810005048E1
:10B3A00010ED00E02818006080B5FFF79EFF002830
:10B3B00001D0FBF7ADFB01BD2348002101604160D6
:10B3C000704710B5EFF3108272B61F4B1C6800294E
:10B3D00004D0012903D12043040000E084431C6011
:10B3E00082F3108810BD10B5EFF3108272B6164BC1
:10B3F0005C68002904D0012903D12043040000E047
:10B4000084435C6082F3108810BD38B5EFF310847C
:10B4100072B60E4D0C480168002904D02868804798
:10B42000686880470BE04068002804D0A86880471F
:10B43000E868804703E0286980476869804784F3AB
:10B44000108831BD000000009011002094150410F8
:10B4500002780B78002A03D0401C491C9A42F7D08E
:10B46000D01A704780B504F03DFE002804D104488E
:10B470000068C079002801D0002080BD032080BD75
:10B48000B411002038B54F494F4C504A0120504B61
:10B490001B68002B10D1CB68002B02D14B6B002B0B
:10B4A0000AD0906004F042FEBFF34F8F49486060BD
:10B4B000BFF34F8F00BFFDE7474B23602368136145
:10B4C00020220B6813430B600B6840241C430C6064
:10B4D0000B6880241C430C600B68404C1C400C60C3
:10B4E0000B695B07FCD58B693024A34313438B6145
:10B4F0008B693B4C1C408C618B6904021C438C6142
:10B5000038490968384B99422BD038490B681E24BA
:10B51000A34310241C430C600B68184308600868A0
:10B52000334B0340F8204005184308600868930433
:10B5300003430B602F4801682F4B0B40A02189006B
:10B540001943016001680A43026001682B4A0A40FE
:10B55000C02149011143016001688022D2000A43E1
:10B56000026000235CB2E10018250D40FF22AA40D2
:10B57000D143C022AA40250004D4214CAD08AD001F
:10B58000641906E01F4D2407240F083CA408A400FA
:10B590002C19256829400A4322605B1CD9B2202956
:10B5A000E0DB62B631BD1848016800684005400F15
:10B5B000890702D51549401E00E01549C1401548CC
:10B5C000016070470400504808ED00E004000020CE
:10B5D000940040480400FA0500000410FFFEFFFF3D
:10B5E000FFFBFFFFF81E0010CCECBCFC0C00404839
:10B5F000FFFFFFC0940050483FFCFFFFFFC7FFFF65
:10B6000000E400E01CED00E0080040480048E801CC
:10B610000090D003F00400207047FEE7F0B595B02D
:10B620003948006800900BA800F0F0F8002831D0ED
:10B6300001AF06240025354B384621462A46984757
:10B640007879C021014379710BAE30462030304B00
:10B6500039462246984707AC1027204639462A46E5
:10B660002A4B9847304621463A46294B984703AC27
:10B67000204639462A46254B984730461030214609
:10B680003A46234B9847304604F068FD002803D122
:10B69000054603E0002501E00E20C5431D4C22684D
:10B6A0002E32002606273046394602F06DF90BA9E6
:10B6B000002801D0203101E021682E31009860304F
:10B6C0003A46F9F767FB226808321021304602F04B
:10B6D0005BF9002805D0206808300BA91022F9F783
:10B6E00059FB226818320020102102F04DF9002881
:10B6F00006D00BA91031206818301022F9F74AFB48
:10B70000E8B215B0F0BDC046A811002055E3041002
:10B71000954D0410A01100201220704700207047A2
:10B7200080B504F027FD80BD064800685C21415CBF
:10B730008906890F04D05C30C17802220A43C270A6
:10B740007047C046A8110020B0B504460021082566
:10B750002A46F9F723FB2078DF2101432170607826
:10B76000092101436170A1782943A1701149096839
:10B770005C22895C890602D50F2108436070FFF7BF
:10B780009FF9012807D16078122101436170A078E8
:10B7900007210143A170FFF799F9C0B2012807D131
:10B7A0006078E02101436170A07880210143A1709D
:10B7B000B0BDC046A811002010B53F21054A472959
:10B7C00006D043183F3B1B7814686354491CF6E7C6
:10B7D000002010BDB411002010B52F21054A3729D3
:10B7E00006D043182F3B1B7814686354491CF6E7B6
:10B7F000002010BDB4110020024800686C21405C9C
:10B800007047C046A811002000207047E0B50346ED
:10B8100026200090022100200246F8F776FC00283E
:10B8200000D081208CBD00207047FEE7F8B50029CC
:10B8300016D00E46054609780024C80720461FD1B9
:10B8400088070FD448070FD408070FD4C8060FD4B1
:10B8500088060FD448060FD408060FD507200FE03E
:10B8600012243CE001200BE0022009E0032007E065
:10B87000042005E0052003E0062001E00020C0438D
:10B8800030701848006847214056002827D51648D0
:10B890002818032101430D31880883B2134800683A
:10B8A00080690221492201F041F8002816D007469C
:10B8B000001D2946324604F061FC042078720720FE
:10B8C0003872E81C010AF971B871FF207871822082
:10B8D00038710220394601F085F800E0072420463F
:10B8E000F8BDC046B4110020FDFF0300A4110020E4
:10B8F000BCB50C4605464888001F4880084602F043
:10B90000E4FD011F02290CD806281AD005281DD0F5
:10B91000042811D10420A0812846214604F03BFCD4
:10B9200018E03F2808D020385F2805D86846057001
:10B93000019404F06AFC0DE02846214604F06CFCFA
:10B940000EE02846214604F06DFC03E0284621461F
:10B9500004F09EFC002803D06188091D6180BCBDF5
:10B960000020BCBDB0B504460188022004F0B4FD3F
:10B970000546002802D1204602F020FA2846B0BD34
:10B9800070B591420ED215460E460446406804F04A
:10B99000C7FD751B606804F04EFE281881B2204672
:10B9A00004F055FE70BDF0B5C3B00446008804F045
:10B9B0005DFE00287CD00546207A032707402869D1
:10B9C0002A460C32022F039208D100282FD011886A
:10B9D0008426042954D30121029131E000284AD061
:10B9E0006688002E26D00021019104A802902046EE
:10B9F0003246029B04F056FE2869406800902046BB
:10BA000004F059FE0146009804F05AFEA9892869FD
:10BA10003246029B04F05AFEA8898019A88181B29F
:10BA2000286904F014FE039A0198608002E02C61FA
:10BA30006088A881108804281BD3286900260296F4
:10BA40000021019104F04BFE001D81B2AA898A42B7
:10BA500016D812D1296948800120FFF749FF002834
:10BA60002DD028698426A04226D10198A88128617A
:10BA700022E0002618E0002602E00298002813D0F9
:10BA8000A87810210143A9704220012102222B46EF
:10BA900004F036FE2869002806D002F08FF9002055
:10BAA0002861039900200880002E05D1012F03D1C1
:10BAB000204602F083F90026304643B0F0BD0198DD
:10BAC000EEE7FEE7F0B585B004468778781E0321DF
:10BAD000049108430930800883B2207A03902088BB
:10BAE000029011480068806902254022294600F032
:10BAF0001DFF002814D00646009701940498039A6D
:10BB00000240301D002702993B4604F033FE357198
:10BB10002846314600F066FF204602F04FF900E06B
:10BB20000727384605B0F0BDA411002070B51446B3
:10BB300005464C430068401E032101434E1C002172
:10BB400030462246F9F72AF930192860304670BD90
:10BB5000F8B5044604F025FE1C480068466B002E2C
:10BB600032D0374636693889A042F8D100257A8923
:10BB7000E8B2032804D8214604F022FE6D1CF6E743
:10BB80002046114604F02CFE7989204604F03EFE42
:10BB9000002038810D480068426BBA4205D011463A
:10BBA0001269BA42FBD1103101E0014634313A69E1
:10BBB0000A607989042903D1C16A3961C762CEE775
:10BBC000016B39610763CAE7F8BDC046AC110020BC
:10BBD00010B502F0D1F8002825D00446008902F003
:10BBE00029F90246012000210F4B02F043F9208978
:10BBF00004F010FE6420205CC007A07A04D16030FD
:10BC0000C0B2512804D307E05030C0B2402803D856
:10BC10000221204604F018FEFE20A0720E20FDF73F
:10BC200023FFF5F729FF10BD30750000F8B5044675
:10BC300004F02EFE05461048C07A85421BD20F4EF6
:10BC40003068294604F03CFE14276F433068C06A10
:10BC50000025C553C0190069002809D002F0AEF8CC
:10BC60003068C06AC01905613068C06AC019858132
:10BC7000204604F047FEF8BD78100020B0110020E7
:10BC800070477047F8B50E48006806683078401E67
:10BC900030700C49098A25314F097C1C000606D1F9
:10BCA00000252846214604F02FFE7580BC1C01208B
:10BCB000214604F029FEB088001BB080F8BDC046C4
:10BCC0009C11002078100020F8B51E4615460F463E
:10BCD0000446C00607D4144800682F21405CC00603
:10BCE0001ED5152202E0BF20044005220F4800683F
:10BCF0006107C90E401800690223214600F016FEB4
:10BD000000280FD0014605728672C7710420887121
:10BD100005224A710871280A4872204600F062FE26
:10BD20000020F8BD0720F8BDB4110020A4110020A8
:10BD3000F8B50F460646104602F01EF800285CD003
:10BD400004460546002F0BD00020A87208340122BB
:10BD5000062E38D129891646062F15D0052214E063
:10BD6000E87A01210143E972284604F0DDFD00284C
:10BD700015D0062E03D1E87AF9210140E972E87D59
:10BD8000000708D5042007E004220220002304F065
:10BD9000EDFD324617E00220E97A0143E972A87A04
:10BDA000AD2805D0AE2805D0BC2827D1BF2002E0A1
:10BDB000AF2000E0F020A87208340E20FDF754FEFA
:10BDC000F5F75AFE00226420285CC0070BD1A87E3C
:10BDD000C10605D5EF210140A97641B2002918D44A
:10BDE000002A19D109E0287EFC210140297603218F
:10BDF0000140481E81410A430ED1F8BD062EDBD119
:10BE0000F128D9D1298902200022134604F0AEFD81
:10BE1000D2E76F210840A876208802F00BF802468E
:10BE200001200021014B02F025F8F8BD307500001B
:10BE3000F8B50F48006805682878411C29700D4F37
:10BE4000398A25314E09741C002809D10020214669
:10BE500004F0C8FD388A25304009401C6880B41CB5
:10BE60000120214604F0BEFDA8880019A880F8BD75
:10BE70009C11002078100020F0B589B0049315467D
:10BE80000591074606AE08AC3046214604F0EAFDAF
:10BE90002278002000950499019102903846059976
:10BEA000334604F003FE09B0F0BD7047F8B5044610
:10BEB0000D4E3068C56A2969C1622F88002114229D
:10BEC0002846F8F76BFF042068811720E8802C8152
:10BED0002F803068416B45632961204604F066FE7F
:10BEE000204604F067FEF8BDAC110020B0B50C464A
:10BEF0000546002004F0BAFB002805D0012181800E
:10BF00000580614261418170B0BD80B5002A03D0D7
:10BF1000084604F053FE80BD04F057FE80BDF0B526
:10BF200089B004931746059106460E9C204604F0FE
:10BF30004DFE0F9D002808D007A806222146F8F7DD
:10BF400029FF06A80122027005E007A806AC2146D9
:10BF500004F088FD2278009704980190029507ABC1
:10BF60003046059904F0A2FD09B0F0BDF0B589B0E6
:10BF700015460E4601F000FF002870D00446807A76
:10BF8000BC2806D1278908A80021018026462C3626
:10BF900056E027463437E17D090709D420462C3086
:10BFA00008223146F8F7F6FE3D70280A7870A07A2C
:10BFB0002189029108A900220A8026462C36BC2835
:10BFC0003DD025462035F1280FD1E07D000736D43D
:10BFD00007AA01922846314604F004FE0222019885
:10BFE0003946F8F7E2FE002821D03846314622468D
:10BFF00004F02EFE00281AD0029D284604F038FED8
:10C00000207E80070CD0284601F014FF0246012054
:10C010000021154B01F02EFF207EFC2101402176EE
:10C02000022003220023294604F0A0FC17E00D485B
:10C030000068083008AA2946334604F027FE029F0C
:10C0400003AD002110222846F8F7A8FE227C2846DE
:10C050003146F8F79FFE3846294604F02AFE09B01B
:10C06000F0BDC046A011002030750000F0B581B0D1
:10C07000054640888624002810D0AE68002E0DD0DA
:10C0800000246C602C80274634602846314604F03A
:10C090001FFE24367F1C68888742F5D3204601B0F6
:10C0A000F0BD7047B0B50C4D28684224005D90216A
:10C0B000084200D0B0BD04F023FE002805D00D20BA
:10C0C000FDF7D2FCF5F7D8FCB0BD2868015D8022F1
:10C0D0000A430255B0BDC046C011002080B50146DC
:10C0E000064800684222825C120704D46430402271
:10C0F000F8F750FE80BD01F019FC80BDC011002092
:10C10000F8B51C4613460D460646052219462B4631
:10C1100004F012FE0746882804D0304629462246FD
:10C1200004F024FE3846F8BD80B50A4601460248B0
:10C13000FFF7FCFC80BDC0467410002000210160A8
:10C140004060704710B5122400280ED0002A0CD091
:10C150000B2B0AD841700370036A5954491E4B1CBB
:10C16000FAD3026100240475C061204610BD00208E
:10C170007047024630200129014600D02021012AC3
:10C1800000D008467047704770B511200421FFF7B2
:10C19000CBFF164D296890268959C96B09684863F9
:10C1A0002B201349085CC97A0818841C48212046B2
:10C1B000FFF7BAFF29688959C96B0A6800219163A2
:10C1C000002C11D0382214238354C1632A68925959
:10C1D000D26B1268926B42642A689259D26B1268D1
:10C1E0009063641E4830EBE770BDC046B411002078
:10C1F00078100020572189004143044800689022AC
:10C200008058C06B406840187047C046B411002089
:10C21000F0B589B00446FA20255AE66CF8F708FE16
:10C22000E321625CFE231340635435210901401869
:10C2300075436900421872B6616CCB43D21800D4C2
:10C2400085E004962722D200A218059222462F32BA
:10C2500008922246423206922246E2320792081A99
:10C26000002708214AB2002A0CD4CBB22A469A40B1
:10C27000904202D301269E40BF19821A00D3104675
:10C28000491EEFE70799088B4743069A1088C01BA1
:10C290001080BDB20898807C0978012910D116461B
:10C2A000FDF755FA368808998A7C0023009301909F
:10C2B00002932146BC311046324604F091FD10E055
:10C2C000FDF76EFA25210E1A774308980078381882
:10C2D00080B204F0B9FD08990870301880B204F0FB
:10C2E000B3FD089A0146059E049F907CFDF797FBDD
:10C2F0007D43606C401B6064608D294604F0B4FD92
:10C30000A26C824204D9121A0D2A00D80D22A2640E
:10C31000606E401960664B2080002018616C891A9D
:10C32000E36E5200D3183468A34200D233600A4649
:10C3300004F0A4FD00280AD0079A50780121014397
:10C3400051701420FDF790FBF5F796FB346062B650
:10C3500009B0F0BDF0B597B004464B20800020181E
:10C3600004F0C6FD21462C3100280291079400D12B
:10C3700085E0432080002518204604F0C2FD0328F4
:10C380000AD1288B410707D5002169770422904301
:10C390002883204604F0BBFD0695204604F0C8FD26
:10C3A000002800D1A4E02120C00025180298807840
:10C3B0000A90012100262846324604F0C8FD0746AF
:10C3C00028463146324604F0C2FD384300D08FE0A3
:10C3D0000021204604F0D2FD064647788178029875
:10C3E000027809910846394604F0CEFD002879D03C
:10C3F0000698807B04280BD10698007B0999884217
:10C4000076D0012230460A9904F07EFE00286FD1D2
:10C41000029802780998394604F096FE002800D167
:10C42000E5E10221284604F009FF00285DD0054619
:10C43000618FBF1C01203A4604F034FFE8630028F6
:10C4400000D1E8E1478000213A46334604F03EF946
:10C45000099804F04DFF38216854572080000A994C
:10C460004843F249096890228958C96B49680818FD
:10C47000112109014118284604F046FF35E04878AB
:10C48000002200282BD004922746B437487D0A901A
:10C490008D78284604F044FF26467836A06F0028A1
:10C4A00001D004F063FF3046FFF748FE03CF04F0ED
:10C4B0007DFF029E7178079C608F04F08BFF204601
:10C4C00004F0BEFF284604F0D3FF284605F010F81C
:10C4D000002803D0012030700A987075049AD0B2F9
:10C4E00017B0F0BD0A9805F005F8204605F014F8DD
:10C4F0002120C0002018039000200490C543112083
:10C500000601069F012DE9D0681C0A90388B032193
:10C5100005910840012808D1387FFF2805D0204622
:10C5200004F0EFFC002800D1DFE00996A419A01E5A
:10C5300008900078401E042800D924E1784400794E
:10C540004000874402236C95B30057208000029975
:10C5500089784143B548006890228058C06B406894
:10C56000401809994058002800D10CE13821415C5D
:10C570000D2900D9D9E001228A40AD490A4200D1F3
:10C58000D3E0E11E0A7820211143D0E0079804F09F
:10C59000B8FC01900A98C6B20122039F3846314682
:10C5A00004F0D5FC0546002238463146134604F017
:10C5B000BAFFE71E3978C90600D4E4E001990029E2
:10C5C00000D0E0E0002D00D0DDE0002800D0DAE06F
:10C5D000029DA878314604F0BFFF04F0C7FF019028
:10C5E0000121079804F0CAFC03463878EF21014086
:10C5F0003970A87806223146019DA8473878C107CE
:10C600004FD0C00600D5BEE0059808990870201FDD
:10C61000FF2101700121079804F079FCB3E007982D
:10C6200004F06FFC032800D0ADE0029FB8780A99AF
:10C63000CEB2314604F090FF04F098FF0546B8787A
:10C64000002731463A463B46A847251F28700798E1
:10C65000394604F05CFCE01E0078C10721D040069A
:10C6600000D58DE02878FF2800D187E0042088E0FD
:10C67000079804F05DFC002800D184E00021079DAC
:10C68000284604F07BFC01460A98C6B203232846DC
:10C69000324604F079FF002875D0E01E0078C1070B
:10C6A0003CD10398314605F041F86CE00698807E55
:10C6B000800768D5029CA0780A99CEB2314604F072
:10C6C0004BFF04F053FF002809D00546A07807224D
:10C6D00000233146A8470398314605F027F8069A0B
:10C6E000907EFD21014091764DE0354601262046A1
:10C6F000314604F043FC022181704170059A0270BA
:10C700003A7FC270388B084338832046314604F0A4
:10C71000FEFB787B30432E46787365E040062FD4CD
:10C72000201F0078FF282ED128E0E11E0978012281
:10C730000A43E41E2270002D069A16D0C06B428870
:10C7400000250BAE2946334603F0ACFF01230798C2
:10C7500031462A4604F018FF002814D02078C1077B
:10C760000AD10A98C1B203989DE702209073507BCA
:10C7700010210143517306E0400601D4022000E07D
:10C78000052008990870069F388B0007079C22D562
:10C79000204604F0B6FB00281DD100210122039899
:10C7A00004F0D5FB002816D101262046314604F0BE
:10C7B000E5FB072181700221417005990170797FA5
:10C7C000C170388B042101430820814339832046FE
:10C7D000314604F09CFB08980078FE2101400229B4
:10C7E00001D101200490099E0C360A9D8AE6069824
:10C7F0008078042800D078E6069800780999884265
:10C8000000D175E6002230460A9904F07DFC00282C
:10C8100000D06DE669E60548006890214058C06B7D
:10C820000068816B696485635FE6C046B4110020CF
:10C830004520000070B50546FF262836805DC007FC
:10C8400001D100240FE0688F0024214622462346B0
:10C8500004F07EFF072801D1012404E0A819017823
:10C86000FE220A400270204670BD00207047002062
:10C87000704700207047002070470020704700205C
:10C88000704770471F2202400123934072B689000F
:10C89000054A126851184009800008188168194338
:10C8A000816062B67047C046C411002010B50446CE
:10C8B000F5F7B6FE012809D10E2060430449096846
:10C8C00090228958C96B8968081810BD002010BDD6
:10C8D000B4110020F8B51C4615460E461F46903789
:10C8E000FFF7E4FF002802D00088022801D00120D1
:10C8F00000E00320A98C0B4A8918C1400A48081897
:10C90000C00881B23888884200D30846002E02D081
:10C91000E98C814200D301467980204604F0B8FFBB
:10C92000F8BDC04688FEFFFFB5FF0700FEB51546FF
:10C930000C460646080614D402AA01AF3046194632
:10C940003B4604F0F9FF00281FD0600634D402985B
:10C950008178FC220A408270019901807180012750
:10C960002BE072B602AA01AF304619463B4604F0EE
:10C97000E3FF00280BD002998A78FC2313408B70C8
:10C98000019A0A807280012702E0002703E0002755
:10C9900062B6002811D172B6A0060AD41048006809
:10C9A000016808220A4302600020FDF75DF8F5F7F0
:10C9B00063F862B600260AE00027029EF570A00028
:10C9C00060210140B078032202405018B070002F5F
:10C9D00004D00020FDF748F8F5F74EF83046FEBDCC
:10C9E000A411002080B5400605D48878FC220240BE
:10C9F000901C887080BD084604F0DBFF80BD0029D4
:10CA000001D0022100E0032180228258CA40012087
:10CA100010407047F0B585B0122600285ED01F4642
:10CA20000D46044643788B4258D9207805210903E6
:10CA300081408F4252D804920293F8F7F9F90246E6
:10CA40002378206A405DA8420CD00498002845D085
:10CA50002046039129460493164603F031FF0399BB
:10CA60003246049B332078430E46010A0818010C15
:10CA700008187107D20851184218581DC0B2C24098
:10CA800001956800616A04920A52F8F7D1F9C0086A
:10CA900003906278206A17463B46C75D97420DD0E7
:10CAA0007D00666A755B2678761D0399F1406D1AE4
:10CAB0002DB2049E711A09B28D42EDDDC15C019A5E
:10CAC0008154206AC2540298834206D1049801B26C
:10CAD000204604F094FF064600E00026304605B0EC
:10CAE000F0BDB0B505460024204604F0AFFF002895
:10CAF00009D0024638200721115401242846214636
:10CB000004F0ACFF03E013200121FFF7BBFE204639
:10CB1000B0BDB0B50C46850004F0BCFF00684451C0
:10CB2000B0BD70470348006890214058C06B006852
:10CB30007047C046B4110020F8B50446C0062CD496
:10CB40000F46164800683621415C890625D53630E7
:10CB5000807A000721D51E461546114800686107F6
:10CB6000C90E40180069272203232146FFF7DEFE85
:10CB7000002812D0014606984D720873CE720F72CB
:10CB80000C20C871062088713E204871042008716D
:10CB9000280A88722046FFF725FFF8BDB41100204F
:10CBA000A411002010B50446807D00F089FBFF2011
:10CBB000A07510BDF8B51148006800901048C27A01
:10CBC000002004460346904212D2E1B201258D4076
:10CBD000DEB200990F69B95D0D420BD0641CE5B25D
:10CBE000082D00D15B1C082D00D10024401CEAE771
:10CBF000FF2001E02943B955C0B2F8BDB8110020AB
:10CC000078100020F0B5ABB00146C07A0C462091F8
:10CC1000FFF7F0FA0746FFF785FF179024682220F8
:10CC2000215C1F2631402154607D0A90A07B219019
:10CC3000E07B1D90207C1E90607C1F90A07C1A9051
:10CC4000E07C1590207D1890A07D0990E07D0890F3
:10CC5000207E1090607E0F90A07E1390E07E129058
:10CC6000207F1490607F119020781B902046223006
:10CC7000457804F019FF1690422000223A522D20E8
:10CC80003A54EC203A50E4207F213952079504961B
:10CC900035402F2019953D54209DA87B4121785483
:10CCA000E87A2E2178548820385802608420385839
:10CCB000026080203A503846EC301C9242600120DD
:10CCC0000C9038850F980002109940180E9080B291
:10CCD0000321890241434002F86411980002149A2A
:10CCE0008018149080B200037966B8661598000227
:10CCF0001A994018189909044018159078651298E7
:10CD00000002139940181390388704F0D3FE7887F7
:10CD1000FF200F902830381811901D98000221999B
:10CD200040181E99090440181F99090640181890C8
:10CD300038462C301D903A46E2321E341A94219720
:10CD4000169801280B9206D1287C012803D12020B7
:10CD50001B99084004D1287BFE21014002291AD1E9
:10CD600001201070A87B1A9E3146FCF771FD3C46ED
:10CD7000BC342046314604F0CFFE1D98407D002291
:10CD8000009218990191029221461992134604F0DB
:10CD900027F81C9001E01C981070384690301E90C7
:10CDA0008320400038180021022216910592F7F7DF
:10CDB000F5FF1220FA4C219E3146A0471A20314639
:10CDC000A04727203146A047032012903146A047B4
:10CDD00005203146A04708203146A0472120109069
:10CDE0003146A047119E3078FE210D9108403070E9
:10CDF000A97CE87AF5F782FCAC7C2920C00006907B
:10CE0000A9200501FDF75AFE01281F97179A14D192
:10CE100010891B280DD1042C07D1D089A84208D134
:10CE20001B201E99888008800EE090890699884210
:10CE300003D030780421014331701B201E99888073
:10CE40000880042C00D0069D219C129E1E990D8105
:10CE5000CD808D811B20488148804D820D82D08AF3
:10CE6000C881209FF87A154604F071FEF87A04F024
:10CE70006FFEF87A04F06DFE2846214604F06AFE43
:10CE8000F87A04F071FEF87A04F07CFE204604F093
:10CE90007BFE1098C0001F99081804F093FEBC7C1C
:10CEA0002046FCF7D2FD054624A804F09DFE387B01
:10CEB000032804D002280AD12498401B05E0249DB1
:10CEC0000E21204604F09CFE281A3E380AE02098E5
:10CED000417B2498401B002901D0903002E0812141
:10CEE00049004018209D169F1B9B5906042C06D014
:10CEF0002A7B0D9E3240022A00D10C920C9EDA0948
:10CF00001092C90F119129681B91697B002931D0BA
:10CF100008990902099A8918079A33465609591837
:10CF20004C022018249004F087FE054612963046E5
:10CF300004F088FE03211D9A11700A994902219A72
:10CF4000516340195085D16C179A5268914200D3B1
:10CF50001146219E316580B2214603F085FF0D30D8
:10CF6000B0644000716B40180C901B99891C119B98
:10CF7000209D28E021998F644F851D98059B0370A3
:10CF800068692490042C00D0234698001F9A10183A
:10CF9000806DCE6C00280C4602D086420BD20BE08E
:10CFA0001846059304F056FE864201D2E66C03E073
:10CFB000059804F04FFE06461B9908310C9626652D
:10CFC0002646109B12972498706422A88780229787
:10CFD0009D4800683622825C920606D53630827BF8
:10CFE000D20706D1807A800703D41D463B460E9FA8
:10CFF0003BE0686804680D9B234022AA022B0B4685
:10D000000E9E00D01346E4B2697B00291B930CD01E
:10D0100022A9109A002A16D029684A7BC0231340FF
:10D0200022AA402B0ED011460DE022A9119A002A07
:10D0300009D02A68D179C0230B4022A9402B02D104
:10D04000911C00E00831AA7A24AB9A752A899A8249
:10D050001B9A259226913B463746FE2C03D003218E
:10D060000C40254600E00125411C1E9A1C465362D7
:10D07000012328461B9318402423D0549462104661
:10D080002430401C062211920E46F7F783FE24A896
:10D09000847605761299C17514994182139901829B
:10D0A0008781219F798FC181209D697B417624965C
:10D0B00004F0F0FDE87B002803D0A97A788F04F013
:10D0C0001FFF287B002804D00B980178788F04F08C
:10D0D00055FF4B2017901E99486A896A04F07AFF21
:10D0E000687B1E90AC7CAE7B3046FCF78DFB1490C9
:10D0F0003046FCF797FB30462146FCF76FFC304684
:10D100002146FCF736FC30461A99FCF7A1FB304665
:10D110001899FCF796FB30461C99FCF780FC3046CA
:10D120001999FCF7D8FB30461599FCF7AEFB304651
:10D130003946FCF74CFC1F9D143530462946FCF758
:10D1400011FC30461499FCF754FCFDF7C3FC002891
:10D1500002D13046FCF7C8FA179887001E980028BD
:10D1600003D03046FCF7F5FB02E03046FCF726FC26
:10D170001F98C71928301F90FDF7A0FC01281E97A3
:10D180002F4601D10F980FE0FDF7A0FC01280F9862
:10D190000AD004F033FF012804D0049804E0C0460C
:10D1A00007F305101698C043C1B23046FCF788FB60
:10D1B0000094219D28461F993246234604F020FF03
:10D1C0000094002138463246234604F019FF2846D1
:10D1D000FCF779FA3846FCF75AFA6C6CA86C1F9089
:10D1E0001E9F384604F06AFF184838611848388096
:10D1F0001D9E707DB875F87D1B990843F87528460B
:10D2000004F066FFF8603178032904D0022918D1B0
:10D210000C99814200D80146119A1F9D219878628D
:10D22000C06C7860B9602098407B0128134600D01C
:10D230000723611BBB70012800D10422384604F08B
:10D2400095FF2BB0F0BDC046B41100208417041028
:10D25000040B000010B5017C022909D101240474DB
:10D2600001688268C3680CC0A12004F0ABFF00E035
:10D270000024204610BD704710B500242046FEF75C
:10D28000B9FF0A4909683422895C2C30A14207D0D1
:10D290000278002A06D0572292008018641CF5E715
:10D2A000FF2401E001210170E0B210BDA0110020B7
:10D2B00080B5FEF79FFF2C210022425480BD7047AD
:10D2C00010B50849C97A81420BD9C108064A1268CB
:10D2D0001269535CCC00001BC0B201248440A343FC
:10D2E000535410BD78100020B8110020F0B591B053
:10D2F0000B9316460D910C909F48C17E0A91017FB9
:10D300000991817E0891C77F0125D8212846FEF723
:10D310000BFF9A4C206058212846FEF705FF216834
:10D32000344690220792885004F086FF384604F075
:10D330009DFF072139400B9804F0A8FF179805902E
:10D3400001901C98009019AB0ECB0D9804910D9391
:10D35000F5F7A6F9012E00D008950020012C00D089
:10D360000990012C00D00A9041208500012C0694E0
:10D3700009D1294620310120FEF7D6FE7F490968F0
:10D380008822885033E025267B48815D284620305E
:10D39000002901D0014600E044212627764AD25DCB
:10D3A000002A00D001462924734A125D002A00D0C9
:10D3B00001460C9A012A00D101460120FEF7B4FE75
:10D3C0006E490968882288500C98012829460FD098
:10D3D0006948005D002829460AD16748C05D0028D9
:10D3E000294605D16448805D002800D1C1E0294666
:10D3F00018980B90169803900127614C3846A04767
:10D400005E4E31688C22885004213846A04731682E
:10D410009422885058210C973846A04731689822AA
:10D4200088500898C6B2183530462946A0470546A8
:10D43000069C012C05D15C213046FEF775FE0246A4
:10D4400000E000223046294604F070FF10AB099836
:10D45000D8700A9898700D9F5F700B9818702046CE
:10D46000059D2946324604F0BDFF039E3046214605
:10D4700004F0B9FF304621462A4604F0B5FF304695
:10D4800021462A463B4604F0B0FF0097304621462D
:10D490002A460B9B04F0AAFF04F0C0FF012C07D121
:10D4A000012D05D104F0BBFF012E01D104F0B8FF1E
:10D4B0000D98012801D104F0B4FF04F0B3FF0498E3
:10D4C000314622462B4604F0AEFF2B4FF87A411C22
:10D4D0002C4D28460C9AFEF729FB284E3168C022B5
:10D4E0008850F97A02222846FEF720FB3168374639
:10D4F000C4228850204604F097FF04F096FF04F001
:10D5000095FF04F0C1FF04F0E1FF04F0E0FF04F038
:10D51000DFFFF7F781FC316800248C7148712046E9
:10D52000F7F77EFC05F00CF83068006E05F014F893
:10D530003068079D40590C3005F00FF80C9E3046BE
:10D5400005F00EF83868415940228C540A4A128B73
:10D5500082821F200F90E0430E9048310EA80522D2
:10D5600004F0FFFF38684059F1025422815211B093
:10D57000F0BD2C213CE7C04678100020B4110020FB
:10D5800029C104107410002070470100FEB53E4C04
:10D59000206890254059C06B02683220002616543E
:10D5A0003A484069010C192901D319200004106080
:10D5B0000292506004F0DEFF20684059C06B07689B
:10D5C000FDF77CFA012801D01B2000E0FB20388207
:10D5D000FDF774FA04462920C0000090A920050137
:10D5E000F5F71EF8012C019507D10128284D009C64
:10D5F0000CD0284DFDF76EFA05E00128009C05D0FF
:10D60000FDF768FA2546012800D108357D82FDF72F
:10D6100055FA012801D01B2000E0FB20B882FDF75D
:10D620004DFA0546F4F7FCFF012D07D10128019DB5
:10D6300017490DD0FDF74EFA164906E00128019D65
:10D64000294605D0FDF746FA2146012800D10831C8
:10D650007C831B203883FD81BC817C813881F982E9
:10D6600004F096FFF5F746F8029804F0DBFF0A4C49
:10D6700020683421415CF0B2884203D203F0F8FE06
:10D68000761CF5E7FEBDC046B411002078100020DE
:10D690009042000048080000A011002003480068E4
:10D6A0008421034A425000207047C046B411002034
:10D6B000000003037047F0B589B00C46074609899E
:10D6C00000251522284603F0EDFD002813D006465C
:10D6D000002F06D023462C3305211022384602F0B5
:10D6E000E1FFE07D000708D421464C3105AA204621
:10D6F00004F0A2FF07E0882019E005A80290019439
:10D7000001A8F5F72AF811207080706803210172D2
:10D710000521102205AB304602F0D8FF20463146E5
:10D7200005F02EF8002802D1B620A072284609B0D4
:10D73000F0BD010102010201FF0201FF020202012C
:10D7400002010101010102FF0201FF0070B588B072
:10D75000044605F02FF8012824D10025012207AB4B
:10D760002046294605F042F8022206AB204629460B
:10D7700005F03CF81A480068079A02AE0096E430BB
:10D7800001462B4600F02EF8069810223146F7F796
:10D790000CFB002806D00421002201232046FEF7BE
:10D7A000AFFC1AE0607B03210140012906D10C483F
:10D7B0000068443000211022F7F7F0FA6420205C62
:10D7C000C00701D0492000E05620C043A0720E20BF
:10D7D000FCF74AF9F4F750F9002008B070BDC046D4
:10D7E000C0110020F0B59DB0029303920191014653
:10D7F0000CAD20270124124E28463A462346B04756
:10D800002846203001993A462346B0473746402003
:10D810000299295408AE10220292304603992346F9
:10D82000B847412104AF284632463B4605F000F890
:10D8300022983946029A2346014CA0471DB0F0BDFC
:10D84000C1E90410F0B59FB0019302920091014626
:10D850000BAD20270124154E28463A462346B047F3
:10D860002846203000993A462346B0473746284696
:10D8700040301026019932462346B84707AF384654
:10D88000029932462346094EB047502103AE28463E
:10D890003A46334604F0CCFF0C3624980422314635
:10D8A0002346024CA0471FB0F0BDC046C1E904109A
:10D8B0000178427812025118827812048918C078CF
:10D8C0000006081870470000B0B50D46044615481C
:10D8D00000684821405C800623D5134800688069B1
:10D8E00002214B220323FFF721F8002819D001461B
:10D8F0000573847204204872092008720020C871E0
:10D9000008208871FF20487182200871280EC87392
:10D91000280C8873280A4873200AC8720220FFF76F
:10D9200061F8B0BDB4110020A411002080B50448F6
:10D930000068643003492022F7F72CFA80BDC04606
:10D94000B411002028F4051070B50D49096834227F
:10D95000895C74224A430B490B68A43300210C46AE
:10D96000A2420AD01D682D19EE7DF60702D02D893E
:10D97000854201D17434F3E70121084670BDC046E9
:10D98000A0110020C011002070B50346012000291D
:10D9900009D0002426462546965D9E4204D16D1C82
:10D9A000EEB28E42F8D370BD204670BDF8B5044685
:10D9B000018900254522284603F074FC002814D074
:10D9C00006464120708070680C2101720F4F3B6841
:10D9D000643305214022304602F078FE204631466D
:10D9E00004F0CEFE002802D0F8BD8120F8BDE07D15
:10D9F00020210143E17539684222895C090702D57B
:10DA000024210843E0752846F8BDC046C011002017
:10DA100070B594B00E4604464178801C6A4604F006
:10DA200024FF0546002E05D0002D03D1684621466F
:10DA300004F04CFF284614B070BD00000448006894
:10DA40005C21415C30200840411E88417047C0463F
:10DA5000A811002080B504F07BFF80BDF0B589B02F
:10DA6000044608A80026068021891522304603F0C6
:10DA700019FC00282BD00546E07AC00609D42046C0
:10DA800020300221002200F065FCE07A10210143E1
:10DA9000E172A07AD138042876D8C046784400795B
:10DAA000400087440219384E60003C480068214617
:10DAB0002031083008AA04AE334603F0E7F868685E
:10DAC0000621017211206880227C052158E00E2079
:10DAD0000021FEF7D7FE5FE004AE0821029100228C
:10DAE0003046019600F036FC2046203008AF314623
:10DAF0003A4603F077F80B206880686807260672BC
:10DB00000521022228463B4602F0E0FD2846314628
:10DB1000029A019B36E01120688068680821017232
:10DB200004A800211022F7F739F9FFF787FF002832
:10DB300002D004A804F010FF0521102204AB2846EF
:10DB400020E003A8067004AE314604F015FF08205B
:10DB5000688068680921017268680399417206212A
:10DB600028460A460DE01120688068680A21017283
:10DB70002046203004AE314604F016FF0521102265
:10DB80002846334602F0A2FD2046294604F0F8FD5F
:10DB9000002801D1DD20A07209B0F0BDA011002045
:10DBA00010B504464C301021002200F0D3FBE07D7C
:10DBB000000702D4B520A07210BD2046F4F7C9FDBD
:10DBC00010BD80B5012911D1427C530705D0C37D1A
:10DBD0001B071DD506231A401AD16422835C01223B
:10DBE0001A40002906D0002A19D103E0002900D0EC
:10DBF00080BD0022817CCB0704D0C37D1B0701D4EC
:10DC0000D12109E08B0706D4490708D5D52103E0C7
:10DC1000D021817280BDD3218172002A02D004F00C
:10DC2000D1FE80BDFFF71AFF80BD000070B504462D
:10DC3000807B03210140258903290AD1204604F075
:10DC4000D6FE002805D008210122204603F08EF8D8
:10DC500070BD284600F0EEF8024601200021114B6D
:10DC600000F008F9E07C032802D1002004F04AFF0C
:10DC700020461830002608223146F7F78FF8204654
:10DC8000314602F0E1FD6420215CEF220A4022547B
:10DC9000F120A072022029463246334602F066FE89
:10DCA00070BDC0463075000070470000F0B593B0FD
:10DCB00004462B4D28684227C15D30220A40302A95
:10DCC00015D149218E00811905A82022F7F762F8A5
:10DCD0002868C15DCF220A40C2556420205CC0077D
:10DCE00007D10DA8009012A90FAA11AB06E084205D
:10DCF00033E00FA8009011A90DAA12AB204604F042
:10DD00000FFF12A8037811A80078296822462C3248
:10DD10000492891903910DA9029101900FA8009016
:10DD200021463C3122464C3205A804F00FFF4D201D
:10DD3000800029680A180121204604F075FF002898
:10DD40000BD1204664300078C00703D1204605F08F
:10DD500023F802E0BB20A072002013B0F0BDC04643
:10DD6000C011002001460068C2690A60002A00D183
:10DD700049600021C1617047F0B5014600200029CB
:10DD800017D00C4A12683423D35C74225A4373238D
:10DD9000DD43094B1B68A4332C467434A24208D0DF
:10DDA0001E6875197C27ED5B4D402D052546F4D185
:10DDB0003019F0BDA0110020C011002080B5027AFA
:10DDC000110601D5012100E00321520600D50021F2
:10DDD000001F05F011F880BDB0B50C466421615CF0
:10DDE00001220A40A37A4068417A02D19F2B02D8CF
:10DDF000B0BDB02B14D3F02B15D9F12B0ED10F29B8
:10DE00000CD125465D350F210122204602F0AEFFE0
:10DE100029785E34204605F003F8B0BD002AE7D02B
:10DE2000207E8007E4D00122204602F09FFFB0BD93
:10DE30001F207047B0B50D4909683422895C00285D
:10DE400011D00B4A1268A4320023DCB28C420AD2F1
:10DE5000742565431468641924894440240501D05D
:10DE60005B1CF2E71946C8B2B0BDC046A011002045
:10DE7000C011002010B5002906D0862401291BD12D
:10DE8000022A19D8002100E0032101280AD0002825
:10DE900011D18818C1B20948006808300122FEF784
:10DEA000B9FD06E08818C1B204480068083002F0E5
:10DEB00007FD044600E00024204610BDC0110020EC
:10DEC000F8B50C4605460126304604F0BBFF022893
:10DED0001BD807466420205CC00616D4284604F0F0
:10DEE000CBFF00281AD001461A480068B122825C94
:10DEF000002A03D0B130BE40B24302700022012399
:10DF00002046FEF7FDF8054606E0102100252046D4
:10DF10002A462B46FEF7F4F82846F8BD2046643022
:10DF20002775017810220A430270E07AEF21014040
:10DF3000E17201212846224604F0C2FF204604F087
:10DF4000D1FF002801D00025E6E7204605F00EF8B5
:10DF5000D9E7C046C0110020F0B585B0074640683B
:10DF6000057AA81F042823D80C46887A8626D0284C
:10DF70001FD120465D3001902089FFF75BFF0246EC
:10DF80000020454B02900146FFF774FF062D05D097
:10DF9000092D11D0082D34D0072D3DD1E07D00078B
:10DFA00007D4607CC00704D0062D44D12C342CE06B
:10DFB0008426304605B0F0BD607C8007F9D503AB00
:10DFC00000269E800396062138460A4605F072F820
:10DFD000002847D07868407A019D287023465E3338
:10DFE000062138460A4602F05DFB2878012803D155
:10DFF000A8798009032847D3617C202008436074F6
:10E0000031E0607C8007D4D53C34052110223846AD
:10E01000234602F047FB35E0607C4007C9D5234624
:10E020004C3305211022384602F03CFB607C402135
:10E030000143617419E0204622307968497A017001
:10E040007968897A417023462433072108223846AB
:10E0500002F028FB607C8021014361744007800F3F
:10E0600010D102E0607C4007A3D40198C079C007BA
:10E0700005D1002620463146FFF7A3FD99E720464B
:10E08000FFF7D4FD029E94E70821002201232046D9
:10E09000FEF736F806468CE730750000F0B58BB019
:10E0A0000D4606460024029409891522204603F0F5
:10E0B000F9F8002820D007462B463C3305211022D2
:10E0C00030461E4602F0EEFAE87D000716D40094B2
:10E0D000344603AE28462146324604F0ADFA2946BE
:10E0E0002C31102230462646009CF6F75EFE01A930
:10E0F000BC220A7002900CE0882459E001A80A9022
:10E1000002A8099003A80890079507A8F4F729FB2F
:10E110000298002806D00421012328463A46FDF73C
:10E12000EFFF1BE0112078807868042101722B46F4
:10E130004C3305211022384602F0C8FA28463946E9
:10E1400004F01EFB002809D10198A8721A48006843
:10E150003521405C297C814200D92874029800282E
:10E1600026D1E87D000723D407A8002410222146E9
:10E17000F6F714FEE87C03280BD0022810D1E869DA
:10E1800007A90870020A4A70020C8A70000EC87053
:10E1900006E009480168443107A81022F6F7FAFDA5
:10E1A00029464C312C3507A832462B4604F08BFF0C
:10E1B00020460BB0F0BDC046C01100200268CA6105
:10E1C000002A02D10A461C32426001607047F0B555
:10E1D0008BB00E460521102507AF2A463B4602F0BC
:10E1E00061FA002103AC029630460191224604F008
:10E1F0001BFD0646384621462A46F6F7D6FD002E78
:10E2000015D1002813D16420029C205CC00715D1D1
:10E21000207C2A1A20182C300021F6F7BFFDA07EA2
:10E2200002210143A176204604F065FF0AE00B219C
:10E23000002201230298FDF763FF03E0204604F06B
:10E24000ABFD01980BB0F0BDF8B52F4F3B684224F1
:10E250001A57002A20D40091E4330521402202F00D
:10E2600021FA396808466430E43120252A46F6F759
:10E270009CFD06463868643024492A46F6F795FD29
:10E28000002E0BD1002809D00B2100250123009876
:10E290002A46FDF735FF07E03A2505E03868015DBD
:10E2A0009022114202D038252846F8BDE43004F00F
:10E2B00025FF1F2826D005461228E5D0002DF3D1D2
:10E2C0003868015D10220A430255009CE17DC0229E
:10E2D0000A43E275E4300D4920252A46F6F765FD2C
:10E2E0000646412080003968081809492A46F6F791
:10E2F0005CFD304300250028D6D1E07D0421014398
:10E30000E175D1E70821C0E7C0110020DFF4051056
:10E31000FFF4051080B503200821FDF705FF024931
:10E320000968A822885080BDC011002080B5064829
:10E33000C17A064800680830C91CC9B2044A0723DC
:10E34000FDF700FF80BDC04678100020C0110020FE
:10E3500095DE05107CB50C4605460020C6B2A642E7
:10E360000ED2002004F0F0FEA85501A90870000AA2
:10E3700069460870711CA14200D26854B01CEDE7D8
:10E380007CBD000010B5084C20684030FDF7D6FE7B
:10E3900020683830FDF7D2FE044805493C22F6F7E4
:10E3A000F9FC04F0D9FE10BDAC11002000100020D3
:10E3B000E416041080B504F0E1FE80BDF0B585B030
:10E3C00004930192029107460220384003900124F1
:10E3D0003C401048056834350A9E2D68002D16D043
:10E3E000002F0CD0002C03D02889029988420CD130
:10E3F0000398002803D068890199884205D12846EE
:10E400003146049A9047002802D11035E5E70020F4
:10E4100005B0F0BDAC11002080B504F0D7FE054971
:10E42000098A25314909884201D8002080BD012090
:10E4300080BDC0467810002080B5012801D101467A
:10E4400000E00321002800D10146084604F0CAFE7E
:10E4500080BD0000F8B50446C00625D416460D461A
:10E46000144800686107C90E401800695F22032341
:10E470002146FEF75BFA002818D001460673857224
:10E480000C204872162008720027CF710620887170
:10E49000FF20487182200871300A4873280AC87228
:10E4A0002046FEF79FFA02E0862700E0072738465D
:10E4B000F8BDC046A411002000210068002802D049
:10E4C0001C30491CF9E788B2704780B5022102F080
:10E4D00006F980BD074A126834321268002A07D054
:10E4E0001389834202D153898B4201D01032F4E761
:10E4F00010467047AC110020F0B585B00446007896
:10E50000002807D1606804F08BFE6070A568E86899
:10E5100000283CD06578284604F088FE0E2808D8EC
:10E5200080005C490958002903D0204688470746E7
:10E5300007E0A068C36800210622284604F0B0FE68
:10E5400086276168002919D0882F03D0842F0CD02A
:10E55000072F10D150480068403004F0B5FE092064
:10E56000FBF782FAF3F788FA08E04B480068383086
:10E5700004F0AAFE09E00846FFF720FC862F01D030
:10E58000002F02D1A06804F0A6FE05B0F0BD6768B8
:10E59000384604F045FE064604F048FE7988EA88CD
:10E5A00004230293002391423ED80E283CD80193C5
:10E5B0004200354B9A5A354BC340DB0705D18023C7
:10E5C0009A439142019B03D02EE09142019B2BD3B1
:10E5D000411E032901D307280DD104A903AA0292E1
:10E5E00038460F4604F093FE3B8802980088834229
:10E5F00018D8002B16D06668304604F011FE074686
:10E6000035883046FFF761FF01462846FFF762FF75
:10E6100005461E2F1ED0402038401BD1162F1CD17E
:10E62000718827E00120029086271E2E89D0402085
:10E63000304086D1019305210022284604F07AFE5D
:10E64000E86000281ED0034630460199029A04F083
:10E6500027FE76E70020E8605CE7384604F0E6FD38
:10E660000E2800D96CE740000949095AE888814220
:10E6700000D301460022284604F05CFEE860002832
:10E6800000D047E788275CE7BE4A0410CC4F000063
:10E69000E24C041000100020AC11002080B504F002
:10E6A00063FE0549884205D0C00004490968496EE7
:10E6B000081880BD002080BDFFFF0000AC110020C5
:10E6C00080B510220A740278042A0DD87A4412798F
:10E6D000520097440A16120202004068031D1422D9
:10E6E00008461946F6F756FB80BD0522D20240685F
:10E6F000007D012809D18A8180BD0520C002C01C8F
:10E7000004E00520C002801C00E0501C888180BD10
:10E71000F0B585B006460878042811D815460C4691
:10E720007844007940008744020D4A697E007B4EA0
:10E73000306801467031C166606804F02DFE57E014
:10E740008626E1E0754F386801467031C16663681E
:10E75000012076490026324604F033FE01A90880E4
:10E76000002800D1BBE004F035FE04F045FE02A90C
:10E77000009108803868C06E01A902273A46F6F772
:10E7800009FB66480068C06E801C00993A46F6F79F
:10E7900001FB6248006868270421C15361680A7C54
:10E7A000102A00D09FE0C06E0C31001D0222F6F747
:10E7B000F1FA5A480068C15B891CC15393E0574E77
:10E7C000306801467031C1666168097870228154F1
:10E7D00061884A1C03A90A8071300222F6F7DAFA2E
:10E7E0003068C16E6068001DC91C04F0D5FDC01CF6
:10E7F0003168682288526831296084E06068017D50
:10E80000102939D14749491C028A8A4234D14348E8
:10E81000016868312960006868211022425201466F
:10E820008331C1666FE060688069002853D03B4F38
:10E830003868683028606068017D10294DD1018AF0
:10E84000374A914249D104213046FFF743FE002860
:10E850005DD0386868210225455201467031C16695
:10E860003046214604F0D3FD04A908803868C06E04
:10E870002A46F6F78FFA46E0006A00282BD0274F89
:10E880003868683028606068017D10292ED1018ABF
:10E89000244A91422AD104213046FFF71BFE00286A
:10E8A00035D0386868210122425201467031C16674
:10E8B000304604F0B9FDFF282BD06168096A8B68E7
:10E8C0001949C97A49084A1C042104F0BFFD396876
:10E8D0007022885417E0842616E0806907E03868C3
:10E8E000682100224252683028600DE0006A0178F9
:10E8F000890701D5022100E00421415A80683A6865
:10E900006823D152D0660026304605B0F0BD0226FD
:10E91000FAE73868702100264654F5E7AC1100206C
:10E9200002290000292B000078100020FFFF0000C2
:10E93000F0B585B003920C460121090241180491FB
:10E940000290E0300190200423D004980088102821
:10E9500007D1102202980199F6F74AFA002004998B
:10E96000088010210D1AA9B2A2B2914200D3254607
:10E97000AFB202990818E030039E31463A46F6F7E6
:10E9800009FA0499088828180880641BF619039668
:10E99000D9E705B0F0BD000080B504F06BFD074974
:10E9A000096860228A5A401C80B2904203D2496EA4
:10E9B000C000081880BD002080BDC046AC110020FA
:10E9C000F0B5002A0BD00024E543002B264600D0EA
:10E9D00056190F5D87556D1E641CA242F5D1F0BD1E
:10E9E00080B504F05BFD80BD10B5044604F074FDF5
:10E9F000002801D00C2010BD02480068402144547A
:10EA0000002010BDC0110020034800685F21415C58
:10EA1000012008407047C046A811002010B50446E8
:10EA200004F05AFD6178012903D1002805D102467E
:10EA300004E000280FD00C2216E00C220B490968D4
:10EA40004023CB5C032B01D16E22D243032B0BD08E
:10EA5000002802D008E0054801683031102208463D
:10EA60002146F6F797F90022D0B210BDC011002060
:10EA700010B50C46FFF780F900280ED0C17C0229A2
:10EA80000DD1C461C17B10220A43C2730E20FAF774
:10EA9000EBFFF2F7F1FF002010BD022010BD0C20AB
:10EAA00010BD10B50C46FFF767F9002807D0817A32
:10EAB000C12906D1002C06D0BA21817208E00220BB
:10EAC00010BD0C2010BD0C2100220123FDF718FB06
:10EAD0000E20FAF7C9FFF2F7CFFF002010BD0000AB
:10EAE000FEB5044604F01EFD0C25002825D0122694
:10EAF000002C23D0207D401E01281FD8207C802898
:10EB00001ED010281AD1A089012188430321C902EF
:10EB1000884215D10120FFF7C1FD002810D00178EF
:10EB2000002907D141680A7C102A03D18989A2896A
:10EB30008A4202D0FFF730FFEFE72E463046FEBD97
:10EB4000002004F0FFFC002806D04168C98A002993
:10EB500004D04088401804E0012002E004F008FDE1
:10EB6000401C82B2002630463146234604F010FD98
:10EB7000002820D0F743E18A491E029100900194B9
:10EB80007F1C217E8F4218D2E18A002904D0029A8C
:10EB900011043AD0521E0292351D401C019CE169BD
:10EBA0008B5982B20120002104F0F2FC00282E468D
:10EBB000E6D187262EE08726C0E7184800685C214A
:10EBC000425C0223134343540A20FAF74DFFF2F745
:10EBD00053FF606A00260028B0D02020205C002867
:10EBE000ACD021462031029100252F460195854267
:10EBF00000990CD2606AC01900F01CF8002808D1F6
:10EC00002437029800786D1CF1E7122602E0019E7D
:10EC100094E70646009804F0FBFC8FE7AC11002057
:10EC200080B5034601200249002204F0CAFB80BDE2
:10EC3000FFFF0000FEB50E46044604F073FC0028FA
:10EC400066D01225002C64D0207D802813D0102897
:10EC50005FD1208A3C4988420DD1206A002858D0D3
:10EC600082883A49C97A4908491C8A4251D3806846
:10EC70000021F6F793F8A0782421084203D06078A9
:10EC8000C01F092845D8304604F0A4FB002840D016
:10EC90000646007800283CD1207E811C304604F0D6
:10ECA000E1FC0546002834D1304604F0A5FB0546BA
:10ECB00004F090FB0146681C86B2022738463246B3
:10ECC000234604F065FCB04225D1304604F082FBB7
:10ECD0000146A81C82B20320234604F059FC0028F8
:10ECE00029D001970296E069002816D0207E0028DE
:10ECF00013D00026374687420FD2E0698019029967
:10ED000004F0CAFC002818D11C36207E7F1CF2E7D4
:10ED10000C252846FEBD8725FBE70D4800685C21D1
:10ED2000425C019B1A4342540A20FAF79DFEF2F717
:10ED3000A3FE0025EDE7872501E00546029E30464B
:10ED400004F032FDE5E7C046292B000078100020D2
:10ED5000AC11002080B5034601200249022204F0D4
:10ED600030FB80BDFFFF0000F0B585B01D461646A4
:10ED700007460491FFF7AEFB002820D00446022D81
:10ED80000AD3022E32D000210422384604F036FD88
:10ED9000812801D10C202AE00A98022E11D2029675
:10EDA00003956D1C019006466D1E16D031880836FD
:10EDB0001022204604F050FD0028F5D017E0022074
:10EDC00015E0022E12D102960395019001882022AF
:10EDD000204604F041FD002809D1019800903846F2
:10EDE0000499029A039B04F071FD00E0122005B023
:10EDF000F0BD1CB5059C0194049C009404F03AFEFF
:10EE00001CBDFEB501AA918050801E2010701046D6
:10EE100004F084FE06B080BDF0B587B0018904918E
:10EE2000C18805918488468807880020069006A935
:10EE3000384605F027F8054600285AD10396029473
:10EE400006988078C00751D1002410222046394608
:10EE500002F028FA00284BD007462A48039A911F4F
:10EE600089B2122581423DD2029E062E3AD3801DE0
:10EE7000864237D2B24235D8059A91087C2931D8DA
:10EE8000511C7143049B9A0091422BD80A2B29D321
:10EE9000834227D20194786812210172786806991A
:10EEA0000979417206210825174C38462A46A047A1
:10EEB00038462946039AA0470A2138463246254655
:10EEC000A0470C2438462146059AA8470E2138460B
:10EED000049AA8477C800520394604F0E9FF002801
:10EEE0000AD081253846FEF769FF02E00C2500E0D4
:10EEF0008825284607B0F0BD0699122005F014F8C1
:10EF0000019DF6E77B0C0000BD65051080B5C007CC
:10EF100001D1002080BD05F00FF880BDB0B50446DA
:10EF2000074D2878002803D105F00AF80120287041
:10EF3000204605F00BF8002801D000212970B0BD53
:10EF4000D411002080B5C00701D1002080BD084643
:10EF5000114605F00DF880BD72B601684A420A40BC
:10EF60005140016003485043C00E03A1085C62B6E3
:10EF70007047C046DF3A650400010206030B071024
:10EF8000040E0C150817111A1F050A0F0D14161977
:10EF90001E0913181D121C1B70470000704700004B
:10EFA0001CB50C4C20684078000711D46846F5F772
:10EFB00055FF2168009A4A6088604B7808241C43FA
:10EFC0004C70101A400B42424241980810400870A1
:10EFD0001CBDC046B811002010B50446C07D800796
:10EFE00017D4FFF7DDFFE07D02210143E175E06901
:10EFF000216A0818074909684A68D1434118831AE9
:10F000000020832B024600D31A46002900D4104664
:10F01000206210BDB8110020F8B50D460446C07D31
:10F02000C0070DD01C4800684178FE263140417071
:10F03000FAF752FAA07DFAF76BFAE07D3040E075FE
:10F04000F5F7F6FE144F39684860227D110701D4A8
:10F05000281A05E0C143491911D4281A66280ED38D
:10F060008626002815D49007C10F5007C20F2846E6
:10F07000F5F7EAFE002804D0207D000709D5F5F752
:10F08000F1FEFAF73BFA3868417810220A434270E1
:10F0900000263046F8BDC046B8110020826AC36A17
:10F0A000002A02D0D362C36A00E04B601A60704746
:10F0B00080B54168002909D0C17DFB220A40C27594
:10F0C00004490968283104F068FF80BD00F004F8A5
:10F0D00080BDC046B811002080B5016909690029CA
:10F0E00009D005490968203104F057FF1520FAF7C7
:10F0F000BBFCF2F7C1FC80BDB8110020FEB500904A
:10F1000001A8029000200190334F38688569002DD6
:10F110003BD0E868AC6A296A814205D3E9693A685C
:10F120005268D243891830D539682A7DD2071AD05F
:10F130004A681018C043AA691018AA68801812D427
:10F140000121284604F039FF06463968183128465F
:10F15000FFF7A4FF022E0AD0012E10D12846FFF798
:10F16000BBFF2546D3E718312846FFF797FF28460F
:10F1700004F04CFF2846FFF79BFF2546C7E701A98F
:10F18000284604F00AFF2546C1E7009800281AD057
:10F1900001A904F002FF16E0E07D02210143E175C0
:10F1A000A069E169A2681018401A206201A92046EE
:10F1B000FFF774FFE07DF7210140E17539681831F0
:10F1C000204604F02CFF019C002CE5D138688069B2
:10F1D000012104F051FFFEBDB8110020F8B50091E7
:10F1E00004460027344B3D467F1C186806461836F7
:10F1F0003668002E50D0F168326A8A4201D2283631
:10F20000F6E7009886420ED0F07D01210143F175AA
:10F21000F5F70EFE284909684860002C03D0F16913
:10F22000081AE92841D830694168002903D0706A7A
:10F230008847002817D0F1693046FFF7EDFE1E49D8
:10F240000968002832D018313046FFF727FFF07DDB
:10F2500040070ED47078717D491CCAB2824200D832
:10F260000846707505E01448016818313046FFF70C
:10F2700015FF3046FFF71CFF002C01D100F01EF8EF
:10F28000092D0D4BAFD304F0EDFFA1200621002284
:10F29000134601F035FAF8BD002C04D100201C46BD
:10F2A00004F0E2FF206800214161F8BD4E61304664
:10F2B00004F0DAFFF8BDC046B811002070B5104D5B
:10F2C0002868283000260068002816D0761E2830CE
:10F2D000F9E729688C6A28312046FFF7DFFE002114
:10F2E000204604F06AFE012803D12046FFF7F4FE11
:10F2F00002E0204604F0EEFF761C002EE9D170BD3E
:10F30000B8110020704700001D490A7A022A02D174
:10F310000020C043704792008850087A401C087251
:10F3200000207047F8B50400002600202178042949
:10F3300013D0822920D1251D6178FF291CD129787D
:10F340006A781206120C1143FC2212020A40C021F4
:10F3500009018A4210D10A4F08E0E51CECE72800B9
:10F36000890079588847012809D0761C3A7AF1B289
:10F370009142F4D3002802D12000F2F7CDFBF1BD79
:10F380006C110020F8B5044619480068476D002C40
:10F390000DD0387C002823D00020014604F0B6FFB1
:10F3A0000546002822D105F00BF8064600E00C26A1
:10F3B000204605F023F80546002817D100252046F1
:10F3C00029462A4605F02CF8002C0BD00120787431
:10F3D000002E0BD100252846294605F081F805E0CE
:10F3E000D32503E000257D7405F0A2F82846F8BD7A
:10F3F000A8110020F0B58BB015460F460146FA065D
:10F400001220002A3FD51C4601239A0395423AD880
:10F41000944238D80A93139809901298089011983A
:10F4200006901098079019480068466D00200490D7
:10F430007070317005F09AF80590384605F0AAF81A
:10F4400002467078202101437170042A08D81721E0
:10F45000D140C90704D051B20DA3595C0843707064
:10F4600006980090089801900798029009980390D8
:10F47000A8B2A1B2059B05F0A6F800280A9902D10E
:10F480000498B07431740BB0F0BDC046A8110020D0
:10F490002870287030000000B0B50C460546C0B298
:10F4A00005F0F2F8002800D0B0BD03490968496DA5
:10F4B0008D814C60B0BDC046A8110020F0B5002879
:10F4C00007D0002905D05B079C0F002A04D1012C2E
:10F4D00002D061204001F0BD436A102B03D0182BED
:10F4E00001D0202B05D1012C05D005696D1E102DF2
:10F4F00001D31A48F0BD102B02D01848801EF0BD71
:10F50000C2600379F9252B400371012C20D0002320
:10F510001C469D002D185B1C6C61042BF9DB00233D
:10F5200013E0DC17A40FE418A408A40025182E4645
:10F530001436B4461C1BD65CE40018276D693C1BCE
:10F54000A640354366465B1C356004699C42E8DC96
:10F550000279D20700D181600020F0BD1F0C0000AD
:10F56000F8B58CB00D0000240023D15C08AE5F42DA
:10F57000F619F1735B1C0F2BF7DD0023594289004C
:10F58000411804AA9E009219CE681670CE68360AF9
:10F590005670CE68360C9670C968090ED1705B1C27
:10F5A000032BEBDD6A4608A904A8FBF73DF8684683
:10F5B000A1004018C1780906827812040A434178F4
:10F5C000090211430078084329000C31624292007D
:10F5D0008850641C032CEADD0DB0F0BD0148416881
:10F5E00001607047741000200348006800218160AA
:10F5F000C160016101607047C4110020F8B50120AD
:10F600001C21294A9047294F3860294DA88D401E5A
:10F6100003263043401C8008C01C04242146224A93
:10F62000904739684860E88D401E3043401C800890
:10F63000C01C21461C4DA8472A46396888601C4DCD
:10F64000288E401E3043401C8008C01C2146904735
:10F650003968C86005F040F83868426800211180B8
:10F66000518083681980D180AF8D7F1E37437F1C06
:10F67000BF0897805980D980EF8D7F1E37437F1C4C
:10F68000BF089F80C768398002614361F9802A8E74
:10F69000521E3243521C9208BA80798087612246FA
:10F6A000F5F77CFBF8BDC04629C10410A411002069
:10F6B0007810002070470000FEB51F4601920291AD
:10F6C0000546012478212046FCF72EFDE121890022
:10F6D0005A228152244E3060012D17D1012006217B
:10F6E000FCF722FD014630688163012F0ED1012510
:10F6F0000E2728463946FCF717FD3168C8642846AE
:10F700003946FCF711FD014630680165029901296F
:10F710000BD10198012805D11C200121FCF704FD23
:10F720003168C8621148847E01E00021C162142161
:10F730002046FCF7F9FC316848650D4C0421012294
:10F740002046FCF7F3F931680862032502222046BF
:10F750002946FCF7EBF931684862064A0723084658
:10F760002946FCF7EFFCFEBDA81100207810002010
:10F77000741000203DC7051080B5012004F0B6FFCD
:10F7800001BD000010B5C20018231340FF249C40A7
:10F79000E2438907090E9940030004D419489B08E5
:10F7A0009B00C01806E0184B0007000F08388008BF
:10F7B0008000181803681A401143016010BD80B51D
:10F7C000FFF7E0FF01BD0000010005D40121C006E4
:10F7D000C00E81400D480160704710B5401E802169
:10F7E0004904884201D3012010BD094C6060032107
:10F7F0000020C043FFF7C6FF0020A0600721216062
:10F8000010BD000000E400E01CED00E000E100E0BD
:10F8100010E000E010B502000020CB43284C002A85
:10F8200002D0012A07D00DE02268114321606168EF
:10F830000B40636010BDA2681143A160E1680B40FA
:10F84000E36010BD012010BD02000020CB431C4925
:10F85000002A02D0012A01D001E029E02CE0012099
:10F86000704710B502000020CB43154C002A02D08F
:10F87000012A07D00DE062681143616021680B40E6
:10F88000236010BDE2681143E160A1680B40A360F2
:10F8900010BD012010BD02000020CB430949002A01
:10F8A00002D0012A01D001E002E005E0012070470A
:10F8B0000A6813400B6070478A6813408B6070477A
:10F8C0002000504824005048FCB50A0000230321C2
:10F8D0000091010014E0019C344000040DE0019F00
:10F8E000374006043E43AE605668F60307D5EE681F
:10F8F0009027FF05B942EED134402043E8605B1CFD
:10F900001068D84000D186E0C007F8D55C000098A8
:10F91000A040C54301955068009D0540012D03D0CE
:10F92000009D0540022D11D18868019D0540D068D9
:10F93000A040284388604D68012001269E40B543C1
:10F940005668360930409840284348605068009D0A
:10F950000540032D1CD0C868019D05409068A0405B
:10F960002843C8605068009D0540022D10D1D8087A
:10F9700080000D18286A9F001C263E400F27B740C4
:10F98000B8431769BC4637006646BE4006432E6240
:10F990000868019D05405068009E0640A6402E4321
:10F9A0000E605568C02080022840A8D001209840F1
:10F9B0000404E6430196C4436D030ED5274D2D681C
:10F9C0009026F605B14202D12540054303E0019E91
:10F9D0002E4005043543214E3560204D5668F60211
:10F9E0000CD56E689027FF05B94202D12640064328
:10F9F00003E0019F374006043E436E60566876027E
:10FA000000D471E7AE689027FF05B94200D066E7E1
:10FA10002640064367E7F3BD0069084000D0012097
:10FA2000C0B27047002A01D081617047816270477F
:10FA3000E0B50A040B000A4D9026F605B0422F6887
:10FA400001D11F4000E01740002F06D0B04201D185
:10FA50002B6000E02A60F7F76DF8E0BD0C00004075
:10FA60001C00004080B50A6842604A688260082233
:10FA70008A5EC2600A228A5E02610C224261895E4D
:10FA8000816180210902C16100210162416200F0AF
:10FA90008BF802BD38B5040084342178012901D1E6
:10FAA000022032BD012121702421616001680A68B1
:10FAB0000B680125AB430B6069074166114302687F
:10FAC000116000F043F8202060600020207032BDFB
:10FAD00070B50400250084352878012801D1022062
:10FAE00070BD0120287024206860206806680268C4
:10FAF00001239A43026020688268D200D208114331
:10FB000017E070B50400250084352878012801D15C
:10FB1000022070BD012028702420686020680668DB
:10FB2000026801239A43026020688268064B1340F2
:10FB300019438160200000F009F820680660202049
:10FB400068600020287070BDFFFFFFF1F8B5040069
:10FB5000606E002802D10120012517E0206881682D
:10FB60000901490F00918068410F00BF0CA600BF3A
:10FB700009A7785CC000715CF9F742F905000098AC
:10FB8000385CC0000099715CF9F73AF921006831DE
:10FB90004D800880F1BD0000010101030701000054
:10FBA000080402040801010138B5040001D1012054
:10FBB00032BD250084356868002803D128702000F4
:10FBC000FBF7B7F92420686020680168012291439F
:10FBD0000160A06A002802D0200000F01DF920007A
:10FBE00000F08AF8012811D020684168084A0A40CC
:10FBF0004260206881682A22914381602068016800
:10FC000001220A430260200000F06AF932BD0000C0
:10FC1000FFB7FFFFF1B584B01F0006465436706B86
:10FC2000202866D10C0050D068460280002A4CD0B3
:10FC30000498806880214901884205D104980069B0
:10FC4000002801D1E00740D40025F563212070632E
:10FC5000FBF7CCF9010068460088308068460088D0
:10FC600070803A000498806880235B01984209D133
:10FC700004980069002805D12500049F0192029193
:10FC8000040004E02000F8E77088401E708070884F
:10FC900000281CD001980090029B0022802138008F
:10FCA00000F08EF9002820D13868002C05D1298871
:10FCB000C905C90D8162AD1C02E021788162641C16
:10FCC000706B212101402129DED0012012E0380093
:10FCD000029B019900910022402100F071F9002857
:10FCE00003D120207063002004E0202070630320F3
:10FCF00000E0022005B0F0BDF8B5050000242F6833
:10FD00003868A3490140A868084329690143686924
:10FD10000843E9690143396078689E490140E86811
:10FD200008437860A9693548874202D00A00296AE9
:10FD30001143BA68984B13401943B960F96A0F220E
:10FD400091436A6A0A43FA622DA6874222D11020A3
:10FD5000F7F767F9002846D0696A4900715AF9F740
:10FD600063F86A685100891888423BD311038142C5
:10FD700038D3070E0602500800218019794100236C
:10FD8000F9F78FF885494118854A91422AD22968A6
:10FD9000C86028E08348696A4900715AF9F744F855
:10FDA000696800914908804EEA6980231B029A42E3
:10FDB0000DD1400040180099F9F736F801001039CC
:10FDC000B1420FD206400007400F304308E0401810
:10FDD0000099F9F729F801001039B14202D280B236
:10FDE000F86000E001242800683001214180018092
:10FDF0000021C16001612000F2BD000000500041FF
:10FE0000010002000400060008000A000C001000B7
:10FE100020004000800000012821415C090706D530
:10FE200001684A68614B1340826B1A434A6028217B
:10FE3000415CC90706D501684A685D4B1340C26A38
:10FE40001A434A602821415C890706D501684A683F
:10FE5000584B1340026B1A434A602821415C490702
:10FE600006D501684A68544B1340426B1A434A60F6
:10FE70002821415CC90606D501688A684F4B1340AA
:10FE8000C26B1A438A602821415C890606D5016845
:10FE90008A68744B1340026C1A438A602821415CC3
:10FEA000490611D501684A686F4B1340426C1A43EA
:10FEB0004A60426C80235B039A4205D14A686B4BCF
:10FEC0001340826C1A434A602821415C090606D51A
:10FED00001684A68664B1340C06C1843486070471D
:10FEE000FEB50600370084370024FC60FBF77EF87F
:10FEF0000190202530680068000717D55D48009004
:10FF0000019B00222904300000F05AF800280DD08F
:10FF1000EFF31080012181F3108831680A68802393
:10FF20009A430A6080F310887D6026E0306800689C
:10FF3000400725D54F480090019B002269043000FE
:10FF400000F03EF800281BD0EFF31080012181F370
:10FF5000108831680A68484B13400B6080F31088A2
:10FF6000EFF31080012181F3108831688A68012342
:10FF70009A438A6080F31088BD603C700320FEBD08
:10FF80007D60BD60F46634673C700020FEBD0000FB
:10FF9000F369FFCFFFCFFFFFFFF4FF1100FDFFFF6D
:10FFA00000FD0F000024F400F0FF0000FF7FFFFFC2
:10FFB000FFFFFDFFFFFFFEFFFFFFFBFFFFEFFFFF68
:10FFC000FEB580273F010824002506000191684600
:10FFD000027002933068C069019901400198814222
:10FFE00001D1012000E0002069460978884236D11D
:10FFF00008980021C9438842ECD0FAF7F7FF02992C
:020000041005E5
:10000000401A0899814201D3002901D10320FEBD85
:10001000306800684007DDD501988028DAD0402894
:10002000D8D03068C0692040306803D1C0693840FA
:10003000D0D009E00462300000F020F830008430B5
:10004000C46005700120FEBD30680762300000F01A
:1000500015F8300084302021C1600570D6E70020FB
:10006000FEBD0000FFDFFFFFFFFFEFFFFFFF9FFF71
:10007000FFFFF7FFFFFFFF01DFFEFFFF10B5EFF30C
:100080001081012282F3108802681368134C1C400F
:10009000146081F31088EFF31081012282F310883D
:1000A000026893680E4C1C40946081F31088C16E06
:1000B00001290BD1EFF31081012282F3108802682D
:1000C00013681024A343136081F3108820218C222D
:1000D00081500021C166416710BD0000DFFEFFFFB7
:1000E000FEFFFFEF03480068016800690843411EF6
:1000F00088417047C4110020EFF31482EFF30981A7
:10010000002080F31488BFF36F8FF0B543464C4650
:1001100055465E466746F8B40F4CEFF308836360BC
:1001200006B4BFF34F8F30BF00BF00BF0A4C6468F6
:1001300084F3088882B003BCF8BC9846A146AA465E
:10014000B346BC46F0BC04BC80F3098881F3148834
:10015000BFF36F8F1047000004000020E0B5014698
:100160000023009302202622F3F7B4FF002800D0DA
:1001700081208CBD80B504F0C3FA80BD10B5137822
:10018000837153788C1E0472C3710930911CE2B2E2
:10019000F4F700FE10BDBCB50C46002813D025882E
:1001A0002046FEF792F901462846FEF793F900280B
:1001B00009D06088002806D0A1891F2908D801A885
:1001C000018060680AE02046FDF7F8FD0020BCBD14
:1001D000606801AD2A4604F0ABFA2988401800791E
:1001E000C10704D11B2808D01D2806D009E01E280D
:1001F00003D302210843232803D1204604F0A8FAA0
:10020000BCBD204604F088FBBCBD80B541680078C9
:1002100000F002F8002080BD80B50846FDF7CEFD55
:1002200080BD0000B0B50C4605460888FDF7A4FD6A
:10023000002825D0002D0FD0012D21D16088412824
:100240001ED812480068214603F03EF80F20F9F747
:100250000BFCF1F711FC16E06168097A0B2909D152
:10026000017E03220A40012A0AD1FC221140891C86
:10027000017605E08A1FD2B2042A01D804F0B4FB4B
:100280002046FDF79BFD0020B0BDC046C0110020F8
:10029000F0B587B00E4604460F88384600F0F8FAED
:1002A00005468548C07A854205D214216943834AB0
:1002B0001268D26A5318049671680E7A0022012CD3
:1002C0001DD0002C54D11446854213D2192E0DD8BE
:1002D0000120B0407E49084208D0784800680122D9
:1002E0001E467C4B2946FCF795FB33469878FD214A
:1002F000014099700498FDF761FD20465BE0039290
:10030000854254D20193487A02900621049C2046EB
:10031000009100F0E4F9001D61888842029C35D10B
:10032000132E27D801221046B0406549084221D03B
:100330006148C07AA8423AD9144604984068427A83
:10034000037A012B39D014205C490968C96A132B40
:1003500051D0122B2BD103466B43CB189E78F70755
:1003600076D15A7104980088002311461A4613E08A
:10037000104620E0304604F060FB002806D005A8B7
:1003800005710499059104F05AFB07E00198447146
:10039000002238462146134604F053FB122804D8A5
:1003A00001218140494A114201D1862803D1049894
:1003B000FDF704FD039807B0F0BD01272846394634
:1003C00004F09EFB0028F2D1049804883D480068A0
:1003D0008069422154220323FCF7A8FA0028E6D0C2
:1003E0000546061D30462146049A04F0BBFBF80280
:1003F0000A30082251E0684308188078C007D6D137
:100400001321284604F07CFB0028D0D10821049851
:1004100000F065F906462C4800684821405C8007DA
:10042000C5D50498078827480068806942214E2274
:100430000323FCF77BFA0028B9D0054606738772C0
:10044000300A6873380AE8722E1DE002009A24E030
:100450007307ACD468430B18122011461A4604F0F7
:10046000A5FB194800684821405CC0079FD004984C
:10047000078814480068806942214F220523FCF751
:1004800055FA002893D00546061D30463946049A91
:1004900004F094FBE002801C0F22FF217170822186
:1004A0003170010A697228720020E871AA71422035
:1004B0002946FCF797FA7AE778100020B01100205F
:1004C00002000C00A4110020B4110020050004005B
:1004D0004000940230750000B0B50446C00616D442
:1004E0000D460D4800686107C90E401800690222D8
:1004F00021461346FCF71AFA00280AD0014607489D
:1005000048600D812046FCF76DFA0020B0BD8620C2
:10051000B0BD0720B0BDC046A4110020EFEC05100F
:10052000F0B58DB0914200D383E013460646002912
:100530000CD00C463546002D0BD0A0B2202809D394
:100540002D68203C2004F6D1002403E00024354629
:1005500000E000251F463246002A08D0B8B2202805
:1005600006D31268203F3804F6D1002700E00022AD
:1005700020040AD00291291D0492A2B205A8039377
:10058000F4F708FC0299039B049A002E019506D00B
:1005900000203668401C002EFBD1400100E0002006
:1005A000002A3DD0C91A0D18280439D00492202100
:1005B000C81B82B2ABB29A4200D32846029582B2DF
:1005C0000D1BA9B2914200D30546AAB2A0B205A95B
:1005D0000818B9B2049E7118091DF4F7DBFB2C1939
:1005E000EF190397B8B2202803D132680020039096
:1005F00000E03246A0B220280AD1019C201D05A9A6
:1006000004922022F4F7C6FB049A24680194002483
:10061000039F002A07D00298451B2804C6D102E098
:10062000A0B2202805D00198001DA2B205A9F4F7B8
:10063000B1FB0DB0F0BD002806D000210068491CB8
:100640000028FBD1480100E0002080B2704780B54F
:100650000A46037A190601D5012100E003215B0651
:1006600000D50021406804F0E1FA80BD70B50B4967
:10067000C97A14224A43143209490B6800210D46F5
:100680000C461434A24206D0DE6A755B85422546CC
:10069000F7D131191439084670BDC04678100020D2
:1006A000B011002010B514460A464068194623468A
:1006B00004F0F8FA10BD011F00220A60406870477C
:1006C000024600680028FBD11160704710B514463F
:1006D0000A4640681946234604F01DFB10BDE0B5EC
:1006E000022201ABFFF7DEFF002801D0002004E06A
:1006F00001A8017840780002401880B28CBD00004B
:10070000F8B50446C0062DD415460F460093184888
:1007100000686107C90E40180069511E03220A4390
:10072000093291088BB242222146FCF7FFF80028DB
:100730001AD00646C57287720C3000992A46F4F723
:1007400029FB0027777206203072281D010AF171FB
:10075000B071FF2070718220307120463146FCF765
:1007600041F902E0862700E007273846F8BDC04679
:10077000A4110020B0B51446049AC2704170150A45
:1007800005710F252D020D40A107890C49199B0306
:10079000C918090A8170431D05980021FFF782FFDF
:1007A000B0BD80B5FDF7E8FA002806D06421425CB0
:1007B000802313434354002080BD812080BD00006E
:1007C00010B504460846114604F0E0FA800000190E
:1007D000C1B20248006800F073F810BDAC110020EF
:1007E00070B50C46054604F0E5FA074E3268403213
:1007F0002846214604F0D2FB32683832284621468A
:1008000004F0CCFB70BDC046AC11002080B504F0F4
:10081000DFFB80BDF8B50A4D05400A4E3068076819
:10082000002F0CD03C46FF692088A842F8D13068E0
:10083000214604F007FC2046FDF7C0FAF0E7F8BDBA
:10084000FF0F0000C0110020BCB56422825CD207FB
:10085000827A04D16032D2B2512A04D30FE05032EE
:10086000D2B2402A0BD8094A1268B123D35C002BBC
:1008700005D0B132047D0125A540AB4313706A4613
:10088000117100901046F1F77CFFBCBDC011002033
:10089000B0B50949CA7A09490B68002421468A4241
:1008A00006D0DD6A2D5B854203D01434491CF6E77F
:1008B0001146C8B2B0BDC04678100020B01100206B
:1008C000F8B505461220002D1BD00C466A788A42E6
:1008D00017D92B6A195DA14201D10020F8BD174636
:1008E0003E46DF5D974201D0A742F9D100209742F2
:1008F00005D09955964202D1284604F0B9FB296AE1
:100900000C55F8BD70470000B0B50C4605490968A4
:100910000D680321224604F0BFFB2889001B2881B3
:10092000B0BDC046BC11002001466420085CC00771
:10093000887A02D19F2802D816E0B02814D3F12873
:100940000AD2CA7C0020012A05D0022A02D1C97D20
:10095000090700D501207047F12805D1C97A062082
:100960000840411E8841704700207047F8B5044692
:10097000C00608D40D46194800684721405C80072E
:1009800003D4002628E0862626E01F461646144893
:1009900000686107C90E40180069472203232146F9
:1009A000FBF7C4FF002816D0014685720420487268
:1009B0000120087232460026CE71062088714F73DE
:1009C0000A73FF20487182200871280AC8722046E5
:1009D000FCF708F800E007263046F8BDB411002007
:1009E000A4110020BCB50C4601461C4800680568EF
:1009F0002889EA685288131AA34226DAA11A08182D
:100A000001A90880164800688069422103230A462C
:100A1000FBF78CFF002817D004460222C27209207F
:100A2000A07220460C3001A9F4F7B4F900206072DE
:100A300006212172E071A171FF2060718220207176
:100A400042202146FBF7CEFFBCBD0320224604F026
:100A500023FB288900192881BCBDC046BC11002099
:100A6000A4110020B0B50D4604460F4800685C2173
:100A7000405C8006800F05D001202870204604F0DD
:100A80001DFB0EE003F072FD002805D00120287048
:100A9000204604F01DFB04E000202870204604F0EE
:100AA00021FB0020B0BDC046A8110020F0B587B0E2
:100AB00000AC0DC43A4A12683423D05C7427474313
:100AC0000025EC43374B1E68A4360C9A06920E9A0A
:100AD00003920D9A05920494AF425FD033685A197D
:100AE00012897435641C002AF6D1844256D25F19EB
:100AF00038466C38009A02803846743805220270F5
:100B000038460F38019A02700125294038461038BE
:100B10000190017038460E380622234B0299164682
:100B20009847FE20069908402940022800D00D462B
:100B300006913C46733C257002280598039900D025
:100B400001463D46723D28463246174B9847384687
:100B50001738069901703846163805993246124BF7
:100B6000984738465C3800210822F4F717F9381FF7
:100B70006A3F10213970049901602078294604F0F9
:100B8000BBFA002805D001980078C00701D0FB20EF
:100B900038700E20F8F768FFF0F76EFF07B0F0BD71
:100BA000A0110020C0110020954D041080B504F064
:100BB000C3FA80BD80B504F05FFB80BD80B5002026
:100BC00004F05CFB03F0B4FC80BD704700210A46D2
:100BD000062905D0435C002B00D00122491CF7E711
:100BE000D0B27047F0B591B001920091054608A9C6
:100BF0000320088007AA00241480144800681830D5
:100C000003AF3B4600F042F80DAE102230462146BD
:100C1000F4F7C4F8082230460099F4F7BBF809ACA1
:100C200038463146224604F091FB02AE022230469D
:100C30002146F4F7AFF8287802994140019A1170E3
:100C4000707869784140517011B0F0BDA01100205A
:100C5000B0B594B014466A4604F09AFB05460028E5
:100C600003D16846214601F031FE284614B0B0BDDC
:100C700010B5044604F0AEFBFF2805D08120002209
:100C8000214604F0C3FB10BD022010BDBFB50D7896
:100C90006C462570497861701178A1705178E170C7
:100CA000002103910291019121461A4604F04EFB66
:100CB000BFBDB0B50C46054604F08CFBFF2805D03F
:100CC00000202946224604F0A1FBB0BD0220B0BDA1
:100CD00010B5002913D000220C462346521C24686C
:100CE000002CFAD172B644681C60416001888918F2
:100CF000018062B6002004F0B5FBF0F7BDFE10BD28
:100D000010B588B068462021F1F778FA00246846CB
:100D1000202C04D00019F4F777F8241DF7E70549D3
:100D2000F4F756F8801C01D0002000E03A2008B00B
:100D300010BDC04681C80510B0B51C461546002937
:100D400007D101890020062200F0ACFA01460028F4
:100D500009D002204880486805724868447206201D
:100D600003F0A6F8B0BD8820B0BD0000F8B5164667
:100D70000C4605460089FDF75DF802460120002774
:100D8000164B3946FDF776F82889FFF743FD002E0C
:100D900003D002212846FFF757FD284618300822C5
:100DA0003946F3F7FBFF6420295CEF220A402A54FE
:100DB000E87B2F210140E973102C06D0002E04D0CF
:100DC0006878A91C04F060FBFB27AF722989022018
:100DD00002462346FFF7CAFDF8BDC0463075000045
:100DE000F0B58BB0059317460D4609A9F8F7B5FC89
:100DF000119C10980690002818D00495129E00258A
:100E00000698A84210D00498039009A8029008A858
:100E1000019007A80090EBB220463946059A04F0ED
:100E20009FFB70556D1CEBE730780AE0039509A82D
:100E3000029000220192009220463946134604F0A7
:100E40008FFB0BB0F0BD000006494143090C242282
:100E5000D2434A43101881B2242900D92538C0B2A0
:100E60007047C046EB060000FF220E324243100AD4
:100E700089084143880C401C70470000F8B51E46A5
:100E800015460F46044600F033F800281AD0EFF359
:100E9000108272B6154801684869A04217D00092C6
:100EA000A660A761E56118312046FEF7F7F82046F5
:100EB00003F010FAFEF702FA04F0B2FB009880F398
:100EC000108802E0A761E561A6600020F8BDE06936
:100ED0004968081A823003D482F310888620F8BD4E
:100EE000009204F0ABFB01480168D9E7B81100207B
:100EF00010B5EFF3108472B604F0B4FB84F31088DD
:100F000010BD88214058018803200840704780B5F3
:100F100088228058028803239A430280194002885D
:100F20000A4302801620F8F79FFDF0F7A5FD80BD6B
:100F300010B5044604F0B0FB002804D02046FFF7AB
:100F4000E0FF032801D1002010BD012010BD4B425D
:100F50004B410C21594340184179CB070020002B0D
:100F60000BD0022A05D0012A05D0002A05D1880716
:100F700002E0080700E04807C00F704789004018EA
:100F800084214058801C7047B0B5034600202C2BAC
:100F900000D9B6E003245C435A4D2C1964788C4286
:100FA00000D0AEE0D41E604260412C2B00D9A7E0F7
:100FB000990001A251588F46031105100311051025
:100FC0006D1005100311051071100510711005103A
:100FD0006D1005106D100510031105106D10051032
:100FE000031105106D1005106D1005106D10051022
:100FF0007110051001110510011105106D1005107B
:101000006D1005106D1005107F1005107F10051074
:101010009110051097100510A11005100111051071
:101020008510051085100510A71005106D1005100E
:101030006D1005108B100510AD1005108B100510EC
:10104000B7100510791005107910051079100510EA
:10105000BD100510C7100510CD100510DF100510CC
:10106000EF1005106D1005106D1005100120B0BDBA
:10107000601E84412046B0BDF9F72EFD3DE0F9F732
:101080001DFD3AE0F9F726FD37E000F0B7FF1FE05D
:10109000F1F7C6FA31E0601E8441F1F7C1FA22E0AF
:1010A000F1F7BEFA14E0F9F711FD22E0601E844169
:1010B00000F0A4FF17E000F0A1FF1EE0601E8441D5
:1010C00004F0F0FA0FE004F0EDFA01E0F9F706FDA4
:1010D0000146401E8141604260410840B0BD601E33
:1010E0008441F9F7FBFC411E88412040B0BDF3F775
:1010F0004FFE002804D0F9F7E7FC411E8841B0BD3F
:101100000020B0BD48F40510F8B5054687780846BC
:10111000114600F021FA064601240D2F01D1012EBF
:101120000FD0112F01D0072F0AD1ED78284600F0FB
:10113000DFF8864204D1284604F0B6FA002800D130
:1011400000242046F8BD0000B0B5034600202C2B3B
:101150006BD803245C43384D2C1964788C4264D1DD
:10116000D11E484248412C2B5ED89A0001A39A58C0
:101170009746C0462B1205102B1205102912051098
:101180002B1205102912051029120510291205101D
:10119000291205102B120510291205102B1205100B
:1011A000291205102D1205102912051031120510F3
:1011B0002912051029120510291205102D120510EB
:1011C000291205102D120510291205102D120510D7
:1011D0002912051029120510291205102D120510CB
:1011E000291205102D1205102D12051029120510B7
:1011F0002B12051029120510291205102D120510A9
:101200002D120510291205102D1205102D12051092
:101210002D1205102D1205102D1205102D1205107E
:101220002D120510291205100020B0BD0120B0BDFF
:10123000481E81410846B0BD48F40510B0B50C46C3
:10124000054600F027FC022C03D307D0032C08D05E
:1012500013E00119097A00290FD102E0A98B4A0590
:1012600006D5C17A002901D0032406E0002115E04B
:10127000012292021143A98302240949096890229C
:101280008958C96B0A68916B4023CC544B6C9363AB
:1012900000224A640019027A521E02720846B0BD4A
:1012A000B4110020B0B50D46012801D1044600E07C
:1012B0000324002800D10446501E1F210143213180
:1012C00089B2204604F0FCF900280BD08580016823
:1012D000816003210C40621E51425141002C03D019
:1012E000C90102E00020B0BD40210173001DB0BD66
:1012F0002C2804D8032141430248405C7047142045
:101300007047C04648F405100A68002A04D0114608
:10131000526C002AFBD144310022426408607047BD
:10132000F8B5044604F010FA05460027022F19D03C
:101330005720800060430C49096890228958C96B86
:10134000496808180C2179434018112109014618F1
:101350003168002904D02846324604F005FAF7E740
:101360007F1CE3E7F8BDC046B411002010B5044669
:10137000007AF721014021720A4800680069902133
:1013800000220123FBF7D2FA002804D00146446072
:101390009020FBF727FB044800688521425C521C23
:1013A000425410BDA4110020B4110020F8B50A4623
:1013B0000146074800689023C058C06B006802AB24
:1013C000019303AB00932030012304F0DBF98FBDC0
:1013D000B411002070B50D460446164800682C2153
:1013E000405CC007C10E01D1052206E0124800682A
:1013F0002F22805CC0061CD515226F20C0434140BF
:101400000E4800680069CEB202233146FBF78EFA1F
:1014100000280ED00146047285720020C871042095
:10142000887105224A710871200A48723046FBF71C
:10143000D9FA70BDA0110020B4110020A411002021
:1014400010B50446EA20205C01280DD020462E303D
:10145000017806480068A030FFF732FAE620002144
:101460002152E6346180217110BDC046B4110020C4
:10147000B0B557218A00424318490B6890215B5848
:10148000DB6B5B689C1880220023A3502E22A054A3
:101490008C22A350E322A3544122FF25A554104AD5
:1014A0006250A3850121218519210904A165E16507
:1014B00021660C496187214690312922D2008A8118
:1014C000094A0A4B4B608A6004F098F9204604F000
:1014D000C9F978342046FAF731FEB0BDB4110020C6
:1014E0001B001B00FFFF000048011B001B00480100
:1014F0000020704710B5FAF77DFE04460021FFF783
:101500003DFD8078FF212A31605449208000215A16
:1015100008220A43225210BD84214058018801222A
:10152000914301807047B0B50C460546002B03D0AF
:10153000104604F09FF905E00C206043281840791C
:101540008006C00F002805D0022228462146FFF75A
:10155000FEFCB0BD0020B0BD80B504F09DF90028B0
:1015600002D03821405C80BD142080BD10B50146FA
:101570001239032901D2002010BD840000F08AFA3C
:101580000068005910BD0000F0B58BB001931546FE
:1015900005918A78D11FCEB2012300240B2E194663
:1015A00000D321460894604CF4400C4002940C2473
:1015B00027466F432121C9004618F7192E210390B1
:1015C000405C0990304629460A92FFF7ACFF07902D
:1015D00030462946089AFFF7BAFC089004973F79ED
:1015E0000695284604F06CF90246444331190879FF
:1015F0008979079B002B08D0089B04290A9D14D1E8
:10160000A84212D1002B06D118E0089B002B0A9D9E
:1016100014D0042937D1029900292FD005980999AF
:101620001446FFF771FD22462BE0099F384611460C
:10163000FFF792FF06460125042450E0002401989C
:1016400003282BD0012861D1099F38460699FFF75E
:1016500083FF064601243846214604F034F9002869
:1016600036D0FF201A30039908180778284604F06E
:1016700001F9012500282DD12C462CE0401B411EEC
:101680008841002808D0099F38461146FFF764FFBB
:1016900006460125052422E0002437E0099D28465E
:1016A0000699FFF759FF06460298002809D00598C9
:1016B0002946069AFFF728FD002827D0054603246F
:1016C0000CE00A98874224D12F460125032406E026
:1016D000254604E00224B80600D42C46099F304673
:1016E000FFF744FF002808D00646384604990F1D2E
:1016F00006992246059BB0473870E01EC0B24008EC
:101700007E2802D80398FFF707FF2C4620460BB02F
:10171000F0BD012EFAD1039804F0DFF80028F5D0CF
:10172000012505242E46D9E74104000080B50C228E
:101730004A437D2149048150801801218171002193
:1017400041711620F8F790F9F0F796F980BD000086
:10175000F0B5C7B01E4615460F46044609A8F82145
:10176000F0F74CFD204604F0BFF800281AD00446DC
:10177000079505462C352878032805D103202146F6
:1017800004F0D8F8002834D0AC7801250322204694
:101790002946069204F0E3F8002F05D1002803D073
:1017A000002647E0022645E004940596384600F0FE
:1017B0004DF9072600283DD00446002003902071F3
:1017C000002F1ED0182705984743083703200290A2
:1017D000394603F075FF206000282BD009A90022AC
:1017E0003B4603F098FA207905432571029A02439B
:1017F0000AE0492080002018008880061DD41A269F
:1018000018E0002020600222382006992154059813
:10181000E071039E66710798002806D022711B486C
:101820000068417F02220A43427701210498224640
:1018300000F014F9304647B0F0BD35460026002FC1
:10184000F8D009A908AA204604F09CF8002D0ED073
:1018500008A8058828463F38C021F7F7E5FA628FC7
:1018600009A9019100213F2D08D8084607E0628FA1
:101870008020002109AB04F0ADF8DBE7401CC3B2C7
:101880000093022004F0E8F8D4E7C046B411002029
:10189000F0B585B004464126805DF7F7AEFF0546FA
:1018A000A05DF7F7A3FF92236D1EE9B2274692379A
:1018B00070260322052903920496314605D869B2A1
:1018C0008A001A4989581A4DAA580294E35A7E8808
:1018D000401EC5B2052D07D840B28000134D2C58CC
:1018E0000494134D28580390934058180002152172
:1018F0000C012546E83540190E49F7F795FA019095
:101900000398864004983018000240190949F7F7F7
:101910008BFA80B2F988814200D8084601990818EC
:1019200000190299C86605B0F0BDC04658160410EB
:101930004016041071020000F8B500924588AC080A
:101940001C80491C8AB2A6188788BE4200D9091B90
:101950000A199200BE4200D96D1C03263540521967
:101960001A80A3001B180833009C236092B20588DC
:10197000521B1746374084886743354052199208F6
:10198000D21995B2C688B54200D9C280A5420AD8FC
:1019900009B2002907D59978FC220A40511C997098
:1019A000083000990860A54201D90020F8BD012047
:1019B000F8BD70B58678C578041D2846214604F028
:1019C00091F800281AD0142D04D8B00822682146B6
:1019D000904770BD3F2D04D80020214604F098F8B0
:1019E00070BD412D04D80020214604F098F870BD48
:1019F000622D03D80020214604F09CF870BDFEB58E
:101A00000191044607460837F3F712FA02900D4693
:101A10002678207D002804D03846F3F711FA227882
:101A200000E03246701D029CE108C1400198401A56
:101A300000B2401EC117083204F088F802194D4167
:101A400038462B46F3F7F8F9C0B2FEBD80B54142E7
:101A500041410020FFF7F2FB80BD000010B5572385
:101A60009B0043430A48006890240059C06B4068BB
:101A7000C0180C234B43C01811210901411810460E
:101A8000FFF742FC1620F7F7EFFFEFF7F5FF10BD69
:101A9000B41100200348006890214058C06B0068D2
:101AA00034307047B411002080B504F061F84E2145
:101AB000405C80BDFEB515480068902102914158F8
:101AC00054200190085ACF6B124C451CA9B2090A48
:101AD0000E2901D90E494518002F0FD00026206885
:101AE0003421415CF0B2884208D2FAF783FB761CBD
:101AF000A9B2408F8142F2D12846E6E70348006848
:101B00000299405801994552A8B2FEBDB411002077
:101B100002F1FFFFA011002070B50D460446401CE5
:101B2000002625223146F3F739F93046252E0CD20E
:101B300007213140F208AA5CCA40D10703D0C1B2E4
:101B400061184E70401C761CF0E7207070BD704725
:101B50007047704780B50346FC3128330A22084697
:101B60001946F3F717F980BD80B5FAF743FB412119
:101B7000405C034909684979F7F73BFF80BDC046DF
:101B8000B41100207047000010B5C26C0146E63168
:101B90008B8A5343028F0A325A43120B93B2084C7A
:101BA000A34200D823465B1DE6240353012008719D
:101BB0004A801320F7F758FFEFF75EFF10BDC046CD
:101BC000B30B00000021182909D07D225204425095
:101BD000421801239371002353710C31F3E7818B79
:101BE00001220A438283704710B50446FDF7D8F9F5
:101BF0000248006881682160007810BDB81100209B
:101C0000042805D0012806D1FF20A430074A04E0AB
:101C1000044A054801E0064A064841438818000A7C
:101C20007047C046E9260100381A0000061200007D
:101C3000C62000004703000001480068808A704702
:101C4000B41100204007000F0149085A7047C046F0
:101C5000A4DE0510B0B5042801D00C4C00E00A4CFD
:101C6000042802D02920050101E0A9204501F8F748
:101C700025FF012800D02C469634A0B20449F7F77E
:101C8000D3F8401CB0BDC0462085FFFF9010000077
:101C900071020000F0B58DB00446954800682C2113
:101CA000405CC007C50E6F20C6436E40F3F770F866
:101CB0009049096836228B5C202213403631002877
:101CC00066D0002B00D110E1887BC00763D0002DC7
:101CD00000D11222A08A0C90A77DE07D0890608A36
:101CE0000B90208A0990A0890A902068059060686E
:101CF0000790A0680690207E0390607E0490E5899E
:101D0000A07E02907C4800680069F1B20A23FAF7CD
:101D10000DFE002800D1E8E00446019707461F3772
:101D20004572039820730498E07202982072280A82
:101D3000A07220460D30062505992A466F4B98471C
:101D40002046133006992A466C4B98476B4B204629
:101D5000193007992A4698472120099921542520AE
:101D6000089A225420462130090A41700A99080A2B
:101D7000787039700B99080A787139710C99080AD2
:101D8000787239720198F871201D29212222A2E06F
:101D9000002B00D1A9E0887A800745D4487AC00793
:101DA00000D1A2E008200543E07D0C90608A0B90F2
:101DB000208A0990A0890A9020680890207E0690C9
:101DC000607E0790E789A07E05904B480068006917
:101DD000F1B206232A46FAF7A9FD002800D184E0D3
:101DE0000446054613354772069820730798E0723B
:101DF00005982072380AA07220460D3006220899F4
:101E0000F2F7C8FF0999080AA07561750A99080ACE
:101E1000687029700B99080A687129710C986076AE
:101E2000201D0121132256E0002D01D01C2200E0CC
:101E30000D22E07D0A90678A208A0B90A0890C9081
:101E40002068079060680990A0680890207E05903F
:101E5000607E0690E589A07E0490274800680069AE
:101E6000F1B20923FAF762FD00283ED00446039739
:101E700007461F374572059820730698E07204984C
:101E80002072280AA07220460D30062507992A469E
:101E90001A4B98472046133008992A46174B984703
:101EA000164B2046193009992A46984721200B9A4B
:101EB000225425200A992154201D21462131120A3D
:101EC0004A700C9A110A79703A70039A110A797162
:101ED0003A710A211F22042323713E234370E171CA
:101EE000A271F0B22146FAF77DFD0DB0F0BDC046FB
:101EF000A0110020B4110020A4110020954D041061
:101F000070B50D4604461A4800682C21405CC00795
:101F1000C10E01D111220AE0164800683622825C07
:101F2000920624D53630C07A800720D51F224E2055
:101F3000C0434140104800684069CEB20323314697
:101F4000FAF7F4FC002812D00146847200200873CE
:101F50004D7208721220C871062088713E204871A7
:101F600004200871200AC8723046FAF73BFD70BDA4
:101F7000A0110020B4110020A4110020B0B50D461E
:101F80000446124800683621415C89061CD536306B
:101F9000C07A000718D50E4800684069A1212C229C
:101FA0000223FAF7C3FC00280ED0014604728572A2
:101FB0001420C871042088713E224A710871200AD9
:101FC0004872A120FAF70EFDB0BDC046B411002042
:101FD000A4110020F8B50A4601460748006890237E
:101FE000C058C06B006802AB019303AB0093203074
:101FF000012303F0C5FD8FBDB41100200020704700
:10200000F8B51D4617460E460446F7F7E9FA20468E
:10201000F7F7F0FA2046F7F705FB20462146F7F7D9
:102020001EFB2046F7F729FB20463946F7F71FFB32
:102030002046F7F736FB2046F7F724FB2046F7F754
:10204000E6FA2046F7F706FB069B002E0ED000218D
:10205000009194202A46F7F7E4F901462046F7F765
:1020600018FB20463146F7F7CFFAF8BD1248006852
:102070008C21465800200090962001212A46F7F72F
:10208000D0F901462046F7F704FB2046F7F7D0FACF
:102090002046F7F7D9FA2046F7F7D0FA2046F7F7A7
:1020A000BBFAB11C2046F7F7AFFA2046F7F7E0FA83
:1020B0002046F7F702FBF8BDB411002010B5044626
:1020C00000213022F2F76AFEFF20A07510BD00004B
:1020D000FEB504464126805DF7F78FFB0546A05DFF
:1020E000F7F784FB009092206B1ED9B226469236F9
:1020F0007027032505292A46394605D859B28A0092
:1021000017498958174B9A580191235A0296748897
:102110000098401EC1B2052905D840B28000104980
:102120000F5810490D589340019818180002472184
:102130003E46CF00C0190C49F6F776FE0190AC4040
:10214000A0190002C0190849F6F76EFE80B2029984
:10215000C988814200D80846019908187B30FEBD25
:1021600058160410401604107102000010B5816169
:10217000C369002B02D0DB435B1800D4C161017836
:1021800041750F210A400275C168832900D8832157
:10219000C160EFF3108472B602F09CF80848006842
:1021A0004078400701D4FDF789F884F31088EFF3F5
:1021B000108472B603F034FA84F31088002010BD46
:1021C000B8110020F8B50446C0062DD416460D46B9
:1021D000184800686107C90E4018006943220423AB
:1021E0002146FAF7A3FB002820D001460A300671E9
:1021F000057000274F7210220A72CF710A228A716D
:10220000FF224A7182220A71320EC271320C82712F
:10221000320A42712A0EC2702A0C82702A0A427057
:102220002046FAF7DFFB02E0862700E00727384662
:10223000F8BDC046A4110020B0B5012430212046CD
:10224000F9F772FF074D28600748C07AC01DC00823
:10225000401E03210143491C2046F9F765FF296808
:102260000861B0BDB81100207810002010B501241D
:10227000844008212046F9F757FF03490968902256
:1022800089584C74C86010BDB4110020F8B50028FE
:1022900046D00E46012568212846F9F745FF214F13
:1022A0003968902409598860B540EEB2082130465B
:1022B000F9F73AFF3968095989684D724860009604
:1022C00075001126212E0FD008212846F9F72CFF82
:1022D0003968095989688919491F0860386800599F
:1022E000806885550836EDE728210098F9F71CFF2E
:1022F00039680959896808600B4802250126294672
:102300003246F9F713FC3968095989688864064828
:1023100031462A46F9F70AFC396809598968C864C0
:10232000F8BDC046B411002074100020F0B585B08F
:1023300004920F4606464D2403F01AFC065507602A
:10234000039001464D31012002914870C004019074
:102350000025EC27049CF0B285423CD2039800682B
:10236000C6193046FFF7AAFE304630381B4A0280B5
:10237000304628381A490180314632390020088019
:10238000314642390A8031463839019A0A6031466D
:102390005C39086031466039086031466C390A6042
:1023A000314670390A6031462639087031462A397B
:1023B000087031463E3907220A800499002902D06C
:1023C00060659C3E3460472080003F185C34029872
:1023D00006786D1CBFE705B0F0BDC046FFFF0000EA
:1023E000FF010000704770477047704710B5012823
:1023F00010D101290ED1012A0CD10024204603F06E
:1024000003FC44300449897F002903D00460C030B4
:10241000491EF9E710BDC04678100020704770478C
:1024200070477047704770477047704770B5134EDC
:1024300030680569002430222146F2F7AFFC1048CD
:10244000C07AC01DC008401E032101434A1C284613
:102450002146F2F7A3FC30680561014628310246A7
:102460001832034620338461C2610462436284628D
:10247000C162044800680482047370BDB811002072
:1024800078100020B4110020B0B50E4800689821E3
:102490004458462000252554F8F71CFB01280FD18D
:1024A00003F0C2FB242208498A5C002A2A4600D095
:1024B0000268E2642322895C002900D04568256512
:1024C000B0BDC046B411002078100020704770479E
:1024D000F8B5184E3068002444771E301122164F8C
:1024E0002146B84730682F30FF2505222946B847D6
:1024F000306834211F22425401463431CA722022EE
:102500008A704C70403007222146B8473068473007
:1025100008222946B84730681C3001222146B847B6
:1025200006480068352144543068562144525630DC
:102530004480F8BDB41100209D4D0410A01100206E
:1025400080B5044800685C3000210422F2F726FCC4
:1025500080BDC046B4110020704700210171704752
:102560007047002A05D003780B70521E491C401C8E
:10257000F7E7704780B50548006890214058C06B68
:1025800000682030FFF7E9FF80BDC046B41100208D
:1025900010B51B48006890214058C06B0068FF21AF
:1025A000023181871749CA7A3E23C2542B22895CA3
:1025B0003F22815401201449144CA04703201449A0
:1025C000A04704201349A04707201349A047002033
:1025D0001249A04702201249A04703F02DFBF0F753
:1025E00085F803F02FFB03F033FB03F037FB03F018
:1025F0003BFB03F044FB03F04DFB03F051FB10BD2C
:10260000B4110020781000204DA7051013CB041042
:1026100031AF0510D1BB0510ADA0051015A40510F4
:1026200015A205100021034A8162C2621921C90165
:102630000186704701000100F0B59BB01446069179
:1026400007460FAE00252E2230462946F2F7A6FB9C
:102650003046103010220699F2F79CFB2036F87CA9
:1026600003280BD0022810D1F8690FA90870020ABC
:102670004A70020C8A70000EC87006E03E4801687D
:1026800044310FA81022F2F785FB387D0121059116
:1026900003F00CFB0290387D294603F007FB019004
:1026A0006520385CF07106960FAE3046283039460A
:1026B000663106220092314B04909847787806994B
:1026C000087030462130B91C0390009A2B4B984774
:1026D0002948006801994118B4310BAF38460930D8
:1026E00007220192254B9847234800680299411818
:1026F000B431B81C019A214B9847781C0699C91D22
:10270000059A1E4B98471D4B38460699059A9847DF
:102710001036102D07D0705D0BA9495D414007A808
:1027200041556D1CF5E70FA807A9224602F00EFEE1
:102730000BAE0025102230462946F2F72FFB062764
:10274000304604993A46F2F725FBB01D03993A4604
:10275000F2F720FB102D07D0605D0BA9495D4140C9
:1027600007A841556D1CF5E70FA807A9224602F0FE
:10277000EDFD1BB0F0BDC046C0110020954D04100A
:1027800070B50D460646062001F092FB044600286F
:1027900003D02846FBF712FB08E03089FBF74AFB21
:1027A00002460020024B0146FBF764FB204670BD49
:1027B00030750000B0B504460B480068AC214058A5
:1027C0004578801CA11C0622F2F7EFFA0146002092
:1027D000002900D0B0BD61788D42FBD1617B012022
:1027E00001436173B0BDC046C0110020B0B51C46A6
:1027F0001546002804D0FFF7DDFF002802D113E0C2
:10280000002911D1022D05D208480068AC2140589A
:10281000083006E0022D07D104480068AC2140587A
:10282000183020600020B0BD1220B0BDC0110020C3
:10283000F0B5B9B01C460E46074601AD2020287100
:10284000102038900A900392002000902846F2F75A
:10285000CBFA284639463246F2F7CAFA6A46284683
:102860002146F2F7C9FA39B0F0BDFEB51446064666
:1028700001250291012905D17079C021014040292B
:1028800000D1002501F05CFB20463E300190274638
:102890001E37204601F05AFB002815D1002D0BD021
:1028A00060780121014002988142F2D1062201980C
:1028B0003146F2F77AFA03E03046394603F0FCF984
:1028C0000028E6D10020FEBDB320FEBDF8B50C46C1
:1028D000054601208873E8780874084620302946A8
:1028E00044310226194F3246B84720462230291D6E
:1028F0003246B84720462430A91D0822B847204652
:102900002C3029460E3110263246B84720463C303E
:1029100029461E313246B84720464C3029462E31D2
:102920003246B847A86CE066E86C206768781621E4
:102930000140E172E0210140607C08436074A878A6
:10294000010702D5FE210840E075F8BD954D041041
:1029500080B503F0C3F980BDE0B5034601A90120AD
:1029600008806A4600201080024800681830FEF790
:102970008DF98CBDA011002080B50A4A12683D2354
:10298000D25C0270012A05D0002A08D1084602F064
:10299000A9FB02E0084602F09BFB002080BD8620D8
:1029A00080BDC046C0110020E0B50B46014601AA1B
:1029B00001201080024800680830FEF767F98CBDDE
:1029C000A011002080B56421415CC90706D1112106
:1029D0004156002902D5817E8A0602D4FBF726F9EA
:1029E00080BD04221143817600F085FB80BDF0B5E7
:1029F00097B0044603AE002150223046F2F7CEF9DC
:102A00005D20205C01210140717030463E3021463E
:102A10005E3106252A46F2F7BDF9207CF070E07D94
:102A2000010716D411202056002804D503A84178A8
:102A300080220A43427003AE301D21462231022219
:102A4000F2F7A8F9B01D214624310822F2F7A2F9C5
:102A500003E0FE21084003A9887003A80E30214638
:102A60002C3110263246F2F795F9607C81060CD5A0
:102A700003AF38461E3021463C311022F2F78AF966
:102A80007878202101437970607C40060BD503AF34
:102A900038462E3021464C311022F2F77BF97878F7
:102AA000402101437970A07C052108420AD003AF80
:102AB00038464430214620310222F2F76BF978780B
:102AC000304301E003A84078E17A2940014303A89C
:102AD0004170E16E226F1591169203F012F90546CE
:102AE00000280CD0A11C01AC06222046F2F752F9B6
:102AF000A5714220052107222346FDF701FE284645
:102B000017B0F0BD80B52822504304490968AC23B2
:102B1000C95808180021F2F741F980BDC011002002
:102B200070B51C4605466520285C0870294666314C
:102B3000062610463246F2F72DF968782070A91C57
:102B400004983246F2F726F970BD0000F0B5A9B03E
:102B500004930292019105901BAD35210691284600
:102B6000EFF74CFB28462530039001248473652041
:102B7000287129486880622068700FAF2022009277
:102B8000384605992346254EB047254A17AB05938D
:102B9000244E38460099B047681D102700970199C8
:102BA0003A4623461D4EB0472846153002993A460C
:102BB0002346B047252004992954284626302E99CB
:102BC00006273A462346B0472F980399C8712846EE
:102BD0002D3030993A462346B0470BAF2846069928
:102BE000059A3B460F4EB04731983946009E324613
:102BF00023460A4FB8472C7007AF28460699059A16
:102C00003B46084DA8473298394632462346034C86
:102C1000A04729B0F0BDC046746C0000C1E90410A3
:102C2000CFF4051031280510F0B595B007920F4686
:102C3000064613A80021017012A8017009A81022ED
:102C40000891F2F7ABF8F07C022808D1F06909A9E5
:102C50000870020A4A70020C8A70000EC870012FB8
:102C600021D14C4804684020205C14AD2870707B52
:102C7000012101406970307D002103F017F800192F
:102C8000B721405CA870F07C032827D13046FFF7BD
:102C900091FD002822D0002101220DAB3046FFF724
:102CA000A5FD0D9916E0307B14AC2070707B800779
:102CB000C00F6070307D012102F0F8FFC01CC0B26F
:102CC000344909680818B422805CA070F07C03289D
:102CD00004D1443109A81022F2F75CF86420315C79
:102CE00001221140012F06D1002904D135464C356F
:102CF00034463C341BE0481E0C4684417B427B41F9
:102D0000234004D035464C3534463C340BE008466D
:102D1000384304D08620012F2BD1002929D03546F5
:102D20003C3534464C34012F25D1002923D00EA840
:102D3000009013A910AA12AB3046FFF7F1FE089ECF
:102D4000079B1448006813A9097812AA1278059302
:102D50000EAB0493039210AA0292019114A9009160
:102D600049218900401809AB21462A4602F0ECFFB0
:102D7000304615B0F0BD3943481E814153401942D9
:102D800005D110A8009012A90EAA13ABD4E7862093
:102D9000EFE7C046C0110020F8B5054601890024C0
:102DA00015222046FEF77EFA00281BD00646112089
:102DB000708070680D2101724D2080000D490968F6
:102DC0000B18052110223046FDF780FC64202F5C93
:102DD00028463146FFF7D4FC002808D1F80703D075
:102DE000432002E0882402E05420C043A872204619
:102DF000F8BDC046C0110020B0B50D46044602F033
:102E0000EFFF0146284602F0F3FF0448006800681F
:102E1000C0682146FDF75CFFB0BDC046BC11002074
:102E2000BFB50D46044601AA0846214602F0F8FF48
:102E3000002801D103F00EF82846214603F00FF8D0
:102E400004B0B0BD10B50B490A68B121535CB13272
:102E50000021032905D001248C401C4203D0491CC9
:102E6000F7E7032103E0002801D023431370C8B221
:102E700010BDC046C01100201CB5042107226C46BD
:102E80002346FDF70FFC62780A21042A13D86A460C
:102E90009278012A0FD86A46D27892070BD4074954
:102EA000096834228A5C69460979914202D3112962
:102EB000014600D3062108461CBDC046C0110020B3
:102EC00080B5127D1201002900D00832D1B2044A27
:102ED00012685318B43304210722FDF7E3FB80BDC9
:102EE000C011002070B50546008902F0DAFF4642A5
:102EF00046411B4909683C22895C022904D0002410
:102F000001292AD1002828D108200143A975154894
:102F100000684721405C012480071ED52D89124896
:102F20000068806902214D220323F9F7FFFC002885
:102F300013D001468572042048720B2008720020CD
:102F4000C871052088710E73FF20487182200871B6
:102F5000280AC8720220F9F745FD204670BDC04618
:102F6000C0110020B4110020A4110020F0B587B0DA
:102F7000044606A80025057021890B222846FEF785
:102F800091F900281DD00590B020A0720395E57539
:102F9000E07B2F210140E173454E3568207D012102
:102FA000049102F083FE4019B721475C306832215A
:102FB000405C022807D10820384004D10321059F36
:102FC00054E0882664E0207EC00705D106AD28467F
:102FD00002F082FF287802E0607D06A908700740B1
:102FE00018203840E17D0143E175080702D4B4257B
:102FF000059F07E02046EFF7BCFB01460028059F30
:1030000034D1B2252046FFF7D5FB06984107C90FFA
:10301000E173C007800FA073204602F077FF2046BF
:1030200002F0C0FF0146002820D1204603F00CF832
:10303000842803D00146002801D017E0B2251C489F
:1030400000683521405C06A90B78627B617CA77C17
:1030500000AE83C60221059F384603F049F820469A
:103060003946FFF78DFB0146002814D01048006850
:10307000B122825C002A05D0B130237D049D9D40A1
:10308000AA430270012320463A46F9F739F806466A
:10309000304607B0F0BDE07AF8210140E1723846D1
:1030A000039E31462246FFF70BFFA572F0E7C046AC
:1030B000C011002010B514460A4640681946234640
:1030C00003F034F810BDF0B585B0009317460546FF
:1030D00001AE3046083008242246F1F75BFE304648
:1030E00039462246F1F756FE28463146009A02F04C
:1030F0002DF905B0F0BD1F2070470000F0B591B06C
:1031000005460F4F3A686432002420212046FAF722
:103110003BFC002801D01F240EE001AE40223046C7
:103120002946F1F737FE38686430064A3146F1F730
:1031300053FEC01C00D11224204611B0F0BDC04681
:10314000B4110020EDC705101CB501AC2046F1F705
:1031500057FE20881CBD000080B506480089163047
:1031600080B203F023F8044800685C210122425435
:1031700080BDC04678100020AC11002070B5114C05
:10318000A07A2421F8F7D0FF0F490B6800221D46D2
:1031900050351E4648369A64DE641A655D65A47A29
:1031A000002C0CD002620B685B6D18600123037069
:1031B000054620350B685D652430641EF0E79A658E
:1031C00070BDC04678100020AC1100200448006893
:1031D00000680189C0684088401A80B27047C046C4
:1031E000BC1100200D4909680A6872B60621515EBB
:1031F000002905D5032802D162B600220BE0002188
:103200004300D25E002A01DC0A4600E08A18032847
:1032100000D10A4662B690B27047C046BC11002089
:1032200080B5818902F0D2FF80BD0000811E1E2979
:1032300016D800207944097949008F4418170F17D0
:1032400019171B171D171F172117231725171717D6
:1032500027172917171717172B172D00012070474D
:1032600052281BD0D22801D10A2070470F20704766
:1032700002207047032070470420704705207047E4
:103280000620704707207047082070470B207047C2
:103290000C2070470D2070470E20704709207047A2
:1032A000BCB5002B0FD01C466B469970587001209E
:1032B00018701A71080AD870A189052520462A4677
:1032C000FDF704FA6580BCBD0022CA614268116046
:1032D0001C314160704710B50446C068002815D005
:1032E0004188091D89B2FDF7B2F9E168608902F0F1
:1032F0007DFF002808D1628921890020FDF760FA4E
:10330000A08801218843A0800020E06010BD70B536
:1033100014460D4606468089401C81B23046FDF7B2
:10332000DEF92880B089C01C81B23046FDF7D7F99C
:10333000208070BD70B50D4604464689042E00D02D
:103340000626002A05D0FBF767F8002802D00320E4
:1033500000E0002071198AB22189FDF7A3FF00283F
:1033600000D0868170BD000070B509490A686021EF
:10337000535A00210225074C8B4206D0566E765BCD
:10338000864203D20835491CF6E7214688B270BD53
:10339000AC110020FFFF000010B50A460146007C7A
:1033A000202804D0102805D10C31022403E00C3170
:1033B000042400E0102410462246F1F7EBFC2046DE
:1033C00010BD80B502F028FF002801D0408880BDE4
:1033D000002080BD80B502F057FF0549884205D026
:1033E000C00004490968496E081880BD002080BDEE
:1033F000FFFF0000AC11002080B5017802220A43D3
:10340000022A02D102F056FF80BD408880BD10B56F
:103410000C4600F009F8616889698B688A88022186
:1034200000F014F810BD000007490968343109683C
:10343000002904D00A89824203D01031F7E7FF2027
:10344000704708787047C046AC11002010B548435B
:10345000C408A4B2944201D9002010BD0722104034
:103460001A5DC2402020411A0020C043C8401040CD
:1034700010BD000008490A68516E6223D25AD2007A
:103480005218083A824202D3401AC00801E00020D4
:10349000C04380B27047C046AC11002010B50C4646
:1034A0000146020A12200E2A11D81A2C0FD8012226
:1034B000A240084B1A420AD0084602F015FA00282A
:1034C00006D02121C9004018214602F0F8FE10BDA7
:1034D000022010BD2000080470B510480068342197
:1034E000405C742141430E480268A4320020034628
:1034F000994212D01468E518AC7A6426AD5DED07E8
:1035000004D16034E4B2512C04D205E05034E4B26A
:10351000412C01D37433EBE7012070BDA0110020D2
:10352000C011002010B502F0D9FE0024002806D1F9
:1035300002F0ECFE002802D102F0FAFE012420463F
:1035400010BD000010B509490A686021535A1904DA
:1035500009D0516E9CB2E400611808390C785B1EEA
:103560008442F4D100E00021084610BDAC110020D7
:10357000064800686021415A002905D0406EC90004
:103580000818801F0088704700207047AC11002089
:10359000F0B585B0174604901C4D28686024065B82
:1035A000024660325288964217D202940393002951
:1035B00017D001970846FFF75DFF441C2868B1B299
:1035C000A2B291420BD3C900406E4018014608399F
:1035D0000822F1F7DFFB761EF0E7002712E0019FDB
:1035E00000E03446406EA1B2C900049A425440182B
:1035F000039A42602868029BC25A521CC252406E13
:1036000040184780384605B0F0BDC046AC110020D8
:1036100010B50446FFF786FF00280AD02046FFF7C2
:10362000D9FE01461220002902D00A78002A02D0D1
:1036300010BD0C2010BD084602F03CFE014620469D
:1036400002F08AFE064800685C21425C02231343B4
:1036500043540A20F6F708FAEEF70EFA002010BDE0
:10366000AC110020B0B50D460446FFF7C5FE6168F9
:10367000C98A002908D0C04308186188401880B260
:10368000A84206D30020B0BD0020FFF75BFFA04298
:10369000F8D00C20B0BD0000F8B50E460446FFF788
:1036A00041FF002875D01225002C73D0207D802882
:1036B00001D010286ED1102808D1218A29221202A7
:1036C000921C914202D1A169002963D0A1782422E1
:1036D000114203D06278D21F092A5BD8102815D175
:1036E000208A2F4A8218052A10D8012393403122BC
:1036F00013420BD02278012A4CD100294AD129212A
:103700000902884202D1A069002843D03046FFF761
:1037100061FE00283ED00746007802283AD10025F5
:103720002846314602F05AFE002835D02E460121A7
:10373000FFF798FF054600282CD13846FFF75CFEBE
:103740000546FFF747FE01466D1CAAB2042023463A
:10375000FFF71EFF854221D1207D10280BD1208A42
:1037600029210902891C884205D1A06982888068C4
:103770000021F1F713FB0B4800685C21425C022337
:10378000134343540A20F6F76FF9EEF775F93546FF
:1037900000E00C252846F8BD8625FBE78725F9E7DC
:1037A00000D7FFFFAC11002010B50446FFF7BAFEAA
:1037B00000281ED02046FFF70DFE014612200029EA
:1037C00016D00A78022A13D1084602F073FD01468A
:1037D000204602F0C1FD084800685C21425C0223DB
:1037E000134343540A20F6F73FF9EEF745F900205A
:1037F00010BD0C2010BDC046AC11002070B586B0C5
:1038000014460E46054601A810491422EEF718FD8D
:10381000002E07D101200E4901AA02F0F7FD06464D
:10382000002810D02846FFF7FFFD7168096A8B68F1
:103830000849C97A49084A1C0421FFF707FE2042BB
:1038400001D0002000E0812006B070BD18160410E1
:10385000FFFF00007810002070B5154604461A4896
:1038600000685C22805C82078120002A29D4A2881B
:10387000120626D4481E80B2FFF7ACFD002810D0F7
:103880004168097829421DD002F0E0FD00280AD0E5
:1038900006462189032202F009FE002805D0C02037
:1038A00070BD122070BD862070BD102D01D0022584
:1038B00000E0012520893146FFF7A9FD054201D02E
:1038C000002070BD0C2070BDAC110020F0B58BB095
:1038D0000A9314460D460746FAF7FCFD002812D05D
:1038E0000646049780880C27410700D583E0022C08
:1038F00001D180077FD402950394109C0A9B012B71
:1039000003D8032503E0122775E09800451CA01C8E
:103910001946002904D0028855190830491EF8E7D5
:10392000F088022B02D3A9B2814264D803998A1E7F
:10393000511E8A41A9B2814200D30546A9B2304640
:103940000691FFF7F7FC00280ED0074603980228DF
:10395000079701960FD1B9891D22384602F021FE42
:103960000A9801280FD04EE00820F6F77DF8EEF710
:1039700083F888273FE0B9890A9801283ED11B22A5
:10398000384602F00EFE2288B889401C81B23846C3
:1039900002F014FE6368B889E91E8AB2C01C81B2C5
:1039A0003846FCF793FE07984580039D022D0CD105
:1039B00001200499029A02F00BFE0028019C0CD011
:1039C00007460798FAF7FAF915E0E807019C04D0D2
:1039D000079A107A0821014311720298079902F0A0
:1039E00005FC0746022D06D1002F04D1A088022134
:1039F0000143A180002738460BB0F0BD2322384692
:103A000002F0CFFD0A98A71C012105950028CAD015
:103A10000A90079DA8894018089181B2BB1E022414
:103A200028462246124EB047A889089E3018801CAE
:103A300081B22846099422463B460D4CA047311DD1
:103A4000A88940188EB206998A1B39888A4200DB01
:103A50000A4609997B5881B294B228462246044D01
:103A6000A847A11908370A98401E059DCEE7C04611
:103A7000CD060510F0B589B01F4603920E460546E7
:103A8000FAF728FD002845D00446C068002841D038
:103A900002970F9801900E9800901F4807683837DA
:103AA0003F68002F0FD03888A84204D13846FAF773
:103AB0000CFDB04201D01C37F2E7174800683830DF
:103AC000394601F0BFFAE068FFF7AAFB411E0298F1
:103AD000002813D0C8B21E2807D04022114004D1BC
:103AE000E3680399029AFFF7DBFB2046FFF7F3FB3D
:103AF000002F0FD03846FAF761F90BE004A8009ABE
:103B00008281417001210170019908910694059705
:103B1000FAF7F2FC09B0F0BDAC110020F8B505468B
:103B200081884088FAF7D6FC002808D00446287817
:103B30001E2806D1A188490639D40C2697E1022611
:103B400095E1410606D4CC49CC4A0A60A188890691
:103B500000D571E1E188821E86261E2A00D995E0F3
:103B6000032752007A449288520097442200800131
:103B70001E008001A3008001A600800122008001B8
:103B80001E008001980080013101800194008001B5
:103B900080018001AD008001B000800180018001C2
:103BA00080018001210080019800052701E0E18863
:103BB00001277F221040523842424241B8B2884227
:103BC00000D30F460097BFB220463946FFF7B2FB3D
:103BD00000282ED006462A78818902F00DFD28782B
:103BE000811E16292CD849007944898849008F44C0
:103BF00016000D0170000D0177000D0193000D01FD
:103C0000A1000D01AA000D01BA000D01C0000D01B7
:103C10002F000D010D010D01CE000D01E6009848A9
:103C2000028AB089401C81B2304602F0C7FC0320F2
:103C3000EBE00820F5F718FFEDF71EFF882616E1E8
:103C4000202800D1CAE0522802D0D22800D0DDE0DE
:103C50002A89B089401C81B2304602F0AFFCEB6883
:103C60006A89B089C01C81B23046FCF72FFD2878E4
:103C7000122800D1B8E0D22800D0C7E000980C3854
:103C800070802089314602F0C4FCBFE0522802D087
:103C9000D22800D0EBE0D22808D0032207E02A7A0D
:103CA0005200571C8F4200D883E7E0E00F226B8957
:103CB0009F187EE7EA89D71D7BE7EA68127C802A95
:103CC00000D089E0152774E7AA89571D71E70227FC
:103CD0006FE76A892989304602F0CBFC052094E021
:103CE0006A892989304602F0C4FCAA89B089401D3E
:103CF00081B2304602F062FCE889C01DB84200D8AB
:103D00000746F81F82B22B69B089C01D81B23046C8
:103D1000FCF7DCFC072078E06A892989304602F04C
:103D2000A8FCB089401DEB68197C80295ED181B266
:103D300010225EE02A89B089401C81B2304602F030
:103D40003DFC0B2061E02A89B089401C81B23046DD
:103D500002F034FC6A89B089C01C81B2304602F09E
:103D60002DFC0D2051E02846314602F094FC0F2036
:103D70004BE06A892989304602F07BFCB089401DFE
:103D8000EB68197C802939D181B2102239E02A8967
:103D9000B089401C81B2304602F010FC6A89B089BB
:103DA000C01C81B2304602F009FC2B69AA89B08997
:103DB000401D81B23046FCF789FC172025E02A7AA5
:103DC000B089401C81B2304602F016FC19201CE07C
:103DD000EA68127C802A4CD00727EAE6284631465A
:103DE00002F059FC212010E013200EE081B20C33C8
:103DF00002223046FCF76AFC092006E081B20C334F
:103E000002223046FCF762FC1120A07000987080FE
:103E10002A78B189304602F0EFFB2878410611D4A8
:103E20001E280FD062892189032002F0D1FB0028CF
:103E300004D03046F9F7C2FF842618E0A08820217C
:103E40000143A1806089314602F0D0F9002801D0F9
:103E500081260CE0287800261E2808D16289218955
:103E60000220FCF7ADFCA08840218843A0803046AA
:103E7000F8BD11279DE6C04678050020E98D0510A4
:103E800078100020B0B50C460546FCF7EFFB014664
:103E900020600220002D09D0002907D008790028D1
:103EA00003D089780620084000D00C20B0BD000067
:103EB000FEB50C46011F0646022921D8628800255E
:103EC0002046294602F07AFB022720463946324630
:103ED00002F074FB2582E581257360686061A06152
:103EE0006088001D6080207A38432072204602F0EE
:103EF000DEFB002814D06088001F608081250FE061
:103F0000A0253F280CD020385F2809D801A886803A
:103F10002221044A515C8171019402F0D2FB0546D2
:103F20002846FEBD7810002088710879C87188780D
:103F3000062202438A70704780B502F0C5FB80BD3F
:103F40000148002101707047D31100201CB50346C1
:103F5000064C20785021009100210A46F0F7D5F850
:103F60000121217002F0CAFB1CBDC046D311002004
:103F7000E0B5022801D3FF280DD1002200926B4644
:103F800018700192581C0622F0F704FF019900985E
:103F900002F0C2FB8CBD12208CBD00228262024660
:103FA00028320B68002B04D04B68C36218604A604B
:103FB000704705C10839C16270477CB50D4604469B
:103FC0008069E1690190009120694669002E05D061
:103FD000606A01AA6B462946B04700E00120012D26
:103FE00008D1A169A268E3685118C943009A511821
:103FF000C91809D5012801D101207CBD0099E161D2
:10400000022802D10198A06102207CBD4178427D46
:10401000521CD3B28B4200D8114641757047B0B5DF
:104020000A68002A09D0C369DC431346002B09D073
:10403000DD692D190ED59B6AF8E7002282620860BF
:10404000C16204E0002282624A68C26210602830C5
:104050004860B0BD9A4207D0D96A8362C162D96A0A
:1040600008602830D862B0BD03462833D36282622C
:104070000860C162B0BD0000FEB50091002800D10B
:10408000EDE005462E46AD6A002D00D1E7E0B069AF
:10409000B1680A18EF69D01B8230714801684C6919
:1040A00065D4F369A64201D0029308E0D843019495
:1040B00034464E68029630182646019CF4D4687D3A
:1040C000737D83425FD304D1307DC0070BD10027BD
:1040D00028E0AC4201D101F0B1FAE87D08210143AA
:1040E000E975012728E00298391AF368994206D247
:1040F000287DC00705D1EA7D00210F4608E0002792
:1041000009E000202862E87D0222024301271946C7
:1041100008201043E8753162F07D02210143F175FA
:10412000A64204D0AC4207D101F088FA04E002981C
:10413000F061304602F02CFB287DC00714D1307DA1
:10414000C00711D16878697D491CCAB2824200D883
:10415000084668754248016818312846FAF79EFFFC
:104160002846FAF7A5FF3546002F8CD18AE7A542ED
:1041700005D1F068316A814201D301F05FFA0098FD
:1041800000286CD07EE7307DC00717D1A6422F46AD
:1041900000D0374678787A7D521CD3B2834200D85B
:1041A0001046787518313846FAF778FF3846FAF72E
:1041B0007FFFA64200D02E46354663E702983F1A9D
:1041C000833F00D20027306A874200D30746F06859
:1041D00087421ED2D043AA691018AA68801825D435
:1041E000A64207D14878400733D401F027FA1C488B
:1041F0000168737D70785A1CD3B2834200D8104690
:10420000707518313046FAF749FF3046FAF750FF1B
:1042100038E73762F07D02210143F175A64212D0E2
:10422000AC4200D02EE701F009FA2BE70020306203
:10423000F17D02200843F075A64202D101F0FEF99B
:10424000F07D082108E00298F061304602F0A0FA03
:1042500018E73762F07D0A210143F17512E7FEBDD0
:10426000B81100207047000070B5044600280AD03D
:10427000A07802F0A7FA16490D682E4608360028E5
:1042800005D0297B07E0124805682E460836297BB1
:1042900010291BD30020FF2202322A8200010906C6
:1042A000090F40182873002C01D0E06901E002F0EA
:1042B0009DFA3060287B0F210140E889C840C00783
:1042C00004D00020F5F7D0FBEDF7D6FB70BDC0465B
:1042D000B411002010B504468069E169A268101885
:1042E000401A2062E07DF5210140881CE0750648F7
:1042F000016818312046FFF792FE204602F080FA4E
:104300000021FFF7B9FE10BDB8110020F8B5284A0A
:10431000927E12258A4225D9002800D10146142216
:104320004A4324480068436D99184C78A006C60F8C
:104330000020002E02D01027274014D1002E02D1D9
:10434000082634400FD19E5C4C688889214602F0D3
:104350006FFA1949884208D00019817848070BD4B0
:10436000D42000E02846C0B2F8BD032E2846FAD873
:10437000F1001248C840F6E7032E2846F3D8C0469D
:104380007E4436797600B74401060D0103200140D2
:1043900005D10846E7E703200140012906D02B207C
:1043A000C043E0E7032001400229F8D10020DAE70A
:1043B00078100020A8110020FFFF000000D4D400D6
:1043C000BCB50D4D28685F21405C800701D40C24EA
:1043D0000FE06C46204602F043FA2046F7F7A0F9BA
:1043E0000446002805D12868663069460622F0F7A1
:1043F000D1FC2046BCBDC046A811002010B5044623
:104400000220012102F056FA002800D010BD012C34
:1044100001D9122010BD204602F05AFA10BD00004A
:1044200070B50346002900D10A4629480068416D4D
:10443000012B0CD114235343CA5C012A33D0022A26
:104440003ED1CA1894780420204390703AE0142397
:104450005343C9188E1C8978890721D50024214629
:10446000FCF72EFA1B4800684721405CC00717D0B4
:104470001948006880694622022529462B46F8F72C
:1044800055FA00280CD001468571C4710472FF20D2
:10449000487182200871042048722846F8F7A2FA71
:1044A0000020307070BDC9184A788B7813430222FF
:1044B0001A438A7000210122084BF8F7ABFA70BD4D
:1044C000C8188078C9184A7802438A7070BDC046FF
:1044D000A8110020B4110020A411002020BF020068
:1044E000B0B502461048006805465A35002908D183
:1044F000A97889060024890F14D0697902230B401A
:1045000010D0002A01D0094B03E07D21C9002B887F
:104510004B43012421462246F8F77CFA6879FD21B5
:10452000014069712046B0BDA8110020307500001F
:104530007CB50D4C25685C20285C8006800F12D06D
:104540005C35E878022630400DD101A8694602F0BA
:10455000D9F96978014306D1E8783043E8702068DA
:104560000121FCF7ADF97CBDA811002008480068C6
:104570005C21415CCA0606D4890606D45C30C17849
:104580000120084070470120704703207047C04653
:10459000A81100200146103905290AD80020C0467C
:1045A0007944097949008F4402080A09080C03205C
:1045B00070471D2801D10120704705207047022057
:1045C000704704207047F0B589B01D4616460F4667
:1045D000049002200124214602F06CF9002850D1F9
:1045E00003971220042E4CD80290EEF71DF8012EEE
:1045F00003D8002801D1112043E0119800901098B1
:1046000001900F990E9805AF3872FD713E710398B5
:10461000788004983880384609300622F0F7BAFBD3
:104620000099B971019878713879042801D001286E
:1046300004D105A9097A022902D321E003291FD850
:1046400001280ED102F096F905A9C979814217D83F
:1046500005A840794007029813D005A802F08CF90C
:104660000FE005A8008820280AD3A103884207D8B4
:1046700005AA5288202A03D38A4201D89042E1D960
:10468000029809B0F0BD0000F8B50C46054601F0EF
:104690006FFA074602F0E8F90D4E304602F002FAD2
:1046A0000C4988420AD102F019FAFF280DD047219F
:1046B0008900414338684018AA21465203213046F8
:1046C0002A46234602F020FAF8BD0120F8BDC04674
:1046D000FCFF0000FFFF0000034800680021017498
:1046E000C18101737047C046B411002080B500BF7E
:1046F00000BF024A11001820ABBEFBE726000200F3
:10470000B0B50446F6F7E0F9012806D1FF25DC35FF
:1047100002F06AFA405DC00706D102F0A5F903482D
:10472000214602F069FAB0BD0C20B0BDFCFF0000CC
:10473000002908D0002809D08BB2202B04D30068B0
:1047400020390B04F6D100211180704700207047FA
:10475000F8B504460588F9F7B8FE01462846F9F78A
:10476000B9FE0546204602F089FA1D2803D0232809
:1047700001D01B280ED16188EA88914205D803290F
:1047800003D3232867D1042965D82046F9F716FBFF
:104790000020F8BD204602F071FAA9888A066ED57D
:1047A000012802D0AA78904269D120208143A980B3
:1047B0006A89298903263046FCF702F86188E8886F
:1047C0000091814200D99AE0204602F057FA421E39
:1047D0000121CA410023102A00D988E092001F4617
:1047E00001A39A583B4697469F480510A3480510D9
:1047F000AF480510CD4805102D480510F5480510A7
:10480000F5480510F54805102D4805109B48051082
:10481000EF480510A74805109B480510EF48051004
:10482000EF480510EF480510F5480510092802D19A
:10483000009904295BD3112802D10098062856D389
:10484000A089401C81B2204602F01DFA3B46002898
:104850004DD0014643E01D280DD1A888400612D452
:104860006A892989022001F0B3FE00284CD1A8886A
:1048700040210143A980204602F015FAF8BD2046E8
:1048800002F081FAF8BD08354220032102222B46AE
:10489000FBF736FF002837D177E70B4627E00523E3
:1048A00025E0334623E0009B042B1FD91FE000982E
:1048B00006281CD3A089401C81B2204602F0E3F9EF
:1048C00001280BD002281AD1122108E000980228F2
:1048D0000DD3009B581E800708D108E00421009EDC
:1048E000B01EF4F7A1FA0029334600D00023009847
:1048F000984204D1074801682046884702E02046D4
:1049000002F054FA842801D18420F8BD0020A87058
:10491000F8BDC04678050020F0B587B0044605888C
:10492000F9F7D3FD01462846F9F7D4FD05462046A0
:10493000FEF776FC0646FEF779FC0F281AD11E2EEC
:1049400048D04020304045D1052100222846FEF7BE
:10495000F1FC002845D007460021062230463B46A0
:10496000FEF79EFC6889394601F040FC07460028A6
:1049700034D12FE0019500251E2E2F4616D0402061
:1049800006402F4612D1019B9888C00718D15A893A
:1049900019890026304601F01BFE0746002805D184
:1049A000019A9088012101439180374602A8058031
:1049B00006950595019904910394F9F79DFD0DE085
:1049C0000833422003210222FBF79AFE002801D07F
:1049D000842703E02046F9F7F1F90027384607B0AD
:1049E000F0BD8827FAE7000080B5827ADD2A23D15E
:1049F0008A1F042A1ED8D2217A4412795200974481
:104A0000180211070A00817C8A0702D5D32110E021
:104A1000817C49070CD46421415CC90704D1FDF7AE
:104A2000D1FF80BDD42104E00121F9F7CAF880BD8F
:104A3000D5218172F9F712F880BD0020704700205F
:104A40007047F0B585B01E4604920D460746FBF749
:104A50000DFE00280FD00446039640791226A84286
:104A60000AD10499022907D8A078800707D4012920
:104A700007D0042006E00226304605B0F0BD0C2623
:104A8000FAE70220002900D108460290821D002684
:104A9000304639460192FCF705FC002827D007462E
:104AA000406801210172786845720298801C82B2C8
:104AB0000621384601F082FD08213846049D2A4629
:104AC00001F07CFD002D05D00A213846029A039B97
:104AD000FBF7FCFD0198788005203946FFF7E8F9DF
:104AE000002806D03846F9F769F98126C4E78826F8
:104AF000C2E7A671A078FB210140A170BCE70000CD
:104B0000F8B503461424444315480068C56A2D19B6
:104B1000AC7866078624002E20D5AE79761C8E42AE
:104B200001D001291AD1AE1CAF1D002A04D0E979A9
:104B3000914201D1002400E012241946FBF7C0FE87
:104B400000203870E8713078FB21014031702879FD
:104B5000411CC8B2884200D0012028712046F8BD0F
:104B6000B0110020F8B515460E4604465068407A4C
:104B7000009006211046FBF7B2FD074608212846A3
:104B8000FBF7ADFDB91EE1726072009A2272320A23
:104B9000E271A671000AA072CAB2A8890C34801D05
:104BA00081B228462346FBF77DFDF8BD9071517117
:104BB000907804210143917070470000F0B585B0F2
:104BC0001746039104465068407A04900621164D1A
:104BD0001046A847029008213846A84701900A21AC
:104BE0003846A84706460C213846A8472A460546B7
:104BF0000E21384690476074290A2174E573310A02
:104C0000A1736673019A110A2173E272029A110A62
:104C1000A1726272039A110AE171A2710499217260
:104C2000000AA07405B0F0BDDF060510FEB58124B2
:104C3000002832D0064602910194194800680068A5
:104C40000090501E1F2101434C1CA7B23046FBF7B9
:104C5000F2FC054687420CD9601B81B2029800F035
:104C60002FFD0028019C18D001463046FBF728FD97
:104C700012E0AF4210D20098C06831463A4602F0C6
:104C8000AAF80446781E4009691E4909081A81B22B
:104C9000029801F0ADF800E000242046FEBDC046B9
:104CA000BC110020F0B581B00D460646002A08D0A0
:104CB000002E2AD090B2202806D33668203A10045D
:104CC000F6D1002E21D00022002B20D02020841AE3
:104CD000A0B299B2884200D31C46A7B290B2301855
:104CE000011D28463A460093F0F754F8009B1B1B21
:104CF000180404D0ED1936680022002EE6D198B2CF
:104D0000002805D07E20C04302E0812000E0002082
:104D1000C0B201B0F0BDF0B581B00646500904063E
:104D200004D0002E2DD03668401EF8E71C465B1ECE
:104D300020469841002C1FD0002E1DD01F2002407D
:104D40002020851AA8B2A3B2984200D32546009528
:104D5000AFB2B018001D3A460D46F0F71BF80098A8
:104D6000241AA1B24A1E08469041002904D0E9192C
:104D700036680022002EE3D1002803D07E20C043F5
:104D800000E08120C0B201B0F0BD0000084A126806
:104D900034321268002A07D01389834202D1538922
:104DA0008B4203D01032F4E7FF20704750787047F1
:104DB000AC110020F0B5A1B0042900D0DEE0074618
:104DC00002F02EF86E4C6F4E012800D0A0E00BAD23
:104DD0006D4914222846EDF733FA10A83446002610
:104DE00044223146EFF7DAFF012021462A4601F03E
:104DF0000DFB00280FD004463846FEF715FB61680E
:104E0000096A8B686149C97A49084A1C0421FEF77E
:104E10001DFB10A90874042104973846F9F75AFBC2
:104E200010A9097C012903D18088C005800F06D113
:104E300057480168833110A81022EFF7ABFF01201B
:104E40000390F9F72BFC054610A812300290059646
:104E50004B4C002D34D0B7B2632F31D828780428BA
:104E60000BD0022827D16868017D102921D1008A42
:104E7000494988421DD103981CE06868017D1029CA
:104E800019D1008AA04216D104982946FEF7BFFA2C
:104E9000044602980090E2B202213223384601F023
:104EA000C5FF0598012801D110A84474761C344C24
:104EB00001E0002005902846F9F76EFD0546C8E799
:104EC000012109AA08AB049F384601F0C5FF00285C
:104ED0001CD1B0B240002F4940188008133082B274
:104EE00008A8017809A810AB01F0ECFF00280DD04C
:104EF000044606AD09A906222846EFF74BFFAC7120
:104F00004220042107222B46FBF7FAFB1D4E1C4CC6
:104F10000120F9F7C3FB0546002812D028780428A1
:104F20000BD16868017D102907D1008AA04204D105
:104F300000223846294601F0F7FF2846F9F72CFDF4
:104F4000E9E710AC104914222046EDF779F9012069
:104F50003146224601F05AFA00280FD0044638465E
:104F6000FEF762FA0949C97A6268126A9268009289
:104F700049084B1C0421002201F058FF21B0F0BD6C
:104F800002290000FFFF000018160410781000200E
:104F9000AC110020FEFF0300052A0000F8B50D4605
:104FA000064600921468002C11D02746E469388820
:104FB000B042F8D13846F9F788FAA842F3D1009800
:104FC000394600F03FF83846F8F7F8FEEBE7F8BD51
:104FD00070B51A4A12681446483400232468002C1D
:104FE0000CD06588854207D1A5888D4204D12378ED
:104FF00018251D43257001232034EFE7042916D11D
:10500000916D0D46002D0BD02C46AE680025002E6C
:10501000F8D0B58885423546F4D1B568A560F1E78A
:10502000002904D08C88844201D188689065002BC7
:1050300002D003480068804770BDC046AC11002014
:105040007405002003688B4209D01A46DB698B4245
:10505000FBD1CB69D361002B07D11C3204E0CA69B4
:105060000260002A01D1024642600020C8617047F8
:1050700010B542788A4207D1017D0024002909D069
:105080000830EFF7DDFE05E04900426A515EFCF7AB
:10509000B6FC0446204610BD10B5074B1B681B68C4
:1050A00072B640001C5AA41A1C524800195A89189A
:1050B000195262B610BDC046BC11002080B503492C
:1050C000096866310622EFF765FE80BDA811002051
:1050D00080B50349096860310622EFF75BFE80BDA9
:1050E000A811002080B5034909680622EFF752FE97
:1050F00080BDC046A0110020F8B50C460720C04373
:105100000C4E05460835182D10D03168A827C9590E
:1051100008180A3006222146EFF747FE00282846E5
:10512000F0D13068C059405DC00601D40020F8BD00
:105130000120F8BDC0110020F0B5A1B0044601F077
:105140006FFE012814D107A8454914252A46EDF71A
:1051500077F802A843492A46EDF772F844200F90E9
:1051600001210DAA0CAB204601F076FE002801D0EB
:1051700021B0F0BD0CA801780DA80FAA10AB01F06A
:10518000E4FE0028F4D10F984428F1D80120364DD0
:1051900002AA294601F03AF9002810D00646204616
:1051A000FEF742F910A90A7C3049C97A73681B6A74
:1051B0009B68009349084B1C042101F037FE2C48E2
:1051C0000168833110A81022EFF7EFFD00281FD0EF
:1051D000012007AA294601F019F90028C8D001F0DA
:1051E00035F90028C4D0054604212046F9F772F9A4
:1051F000818880220A43828010A8427C204629466A
:1052000001F092FE0B20F4F72FFCECF735FCAFE732
:105210000120F9F743FA064610AD12350027002E9B
:10522000A6D0B8B26328A3D83178042912D1716806
:105230000A7D102A0ED1098A0E4A91420AD1022112
:1052400032222B46FEF702F902462046314601F093
:105250006BFE7F1C3046F9F79FFB0646DFE7C04632
:105260002C16041018160410FFFF00007810002000
:10527000AC1100200229000070470000F8B5044678
:10528000684600250570F5F71BFC002805D06D4623
:105290002046294601F07CFE2D78F5F711FC002808
:1052A00002D02648837E00E0012314267543244F54
:1052B0003868416D4C19A57802222A4002D0A41CFE
:1052C000002525701131DBB2002B0AD00C78002CA0
:1052D00004D00C460F3C2478A40726D45B1E14315E
:1052E000F2E7002A21D000242146FBF7E9FA15480D
:1052F00000684721405CC00717D0134800688069E8
:105300004622022529462B46F7F710FB00280CD031
:1053100001468571C4710472FF20487182200871B2
:10532000042048722846F7F75DFB6846007846433C
:105330003868406D801900214174F8BD7810002054
:10534000A8110020B4110020A4110020F0B58FB0E6
:105350000292074607A8019010250C4E2A46B04736
:105360000BAC204639462A46B04703AF00260198C9
:1053700021463A46334601F029FE029839462A462C
:10538000024B984730460FB0F0BDC046954D041013
:10539000FEB5144601910646FEF7D2FD2746443776
:1053A0002046FEF7D3FD002811D16078C006F7D55E
:1053B00002AD384601992A46FBF714FC0222284622
:1053C0003146EFF7F2FC0028EAD10020FEBD812033
:1053D000FEBD0000F8B50446FF250A4884420FD000
:1053E0000026094F38683421415CF0B2884207D268
:1053F000F6F700FF408FA04201D0761CF2E7354659
:10540000E8B2F8BDFFFF0000A0110020F8B5144677
:105410000646084600F068FA2E214156002905D4B8
:105420002C300078022803D1122518E0022516E05E
:10543000CFB200253846294601F0CCFD3846294632
:1054400000F02AFA01462B30002E01D0057006E04C
:1054500001220270103110222046FDF782F8284602
:10546000F8BD00001F21014001228A4072B60549A3
:10547000096840098000081801691143016162B69A
:105480007047C046C4110020FEB501910320029070
:105490000027304A3D4616461068A8240059C01916
:1054A000801C06220199EFF780FC002831D0029879
:1054B0000328324609D110680059C05D8006800F6C
:1054C00001D0032000E0E8B2029008376D1C032DE4
:1054D000E1D110684125415DA830022936D80299F2
:1054E000CF000068C019801C164606220199EFF70C
:1054F00051FC306800591021C1550298C2B20020F9
:105500000121154BF8F7B6FC3068415D491C415547
:10551000FEBD30680059C35DCF2119401031032210
:105520001A40531C032A02D0DC2421401943C155E0
:10553000032A00D1134609A0C05C7D21CB00434360
:10554000EAB200200121F8F795FCFEBD01210172AD
:10555000FEBDC046C0110020B80B000003050A14B0
:10556000F0B589B0154608AA00261670002D0693DE
:105570001A4600D12A46070C474011980790002D83
:1055800004D10023069801281C4638D810980590AD
:10559000794051400C46022E07D8A0B201F02AFDF6
:1055A00011214143CC19761CF5E72046784086B29C
:1055B0003046FBF749FC242815D8C108059A525CEF
:1055C000C900411AC9B2CA40D1070CD008A9087055
:1055D000079A511C127800239A420DD0CE5C864265
:1055E0000BD05B1CF8E7079908784643330CC818C2
:1055F000407808A9087000E02523002D0ED10F99EE
:105600000E9808ADBAB200900192079802900395E7
:10561000A2B2DBB2069801F00FFD287809B0F0BD08
:1056200080B5054800684069002800D080BD002092
:105630000146F9F7D3FD80BDB811002080B501F017
:10564000FCFC074800684169002242614278EE2371
:1056500013404370C87D01220243CA7580BDC04615
:10566000B81100200B4909680A4618321368002B4C
:1056700004D01A4628328342F8D107E028310A685C
:10568000002A05D0114628318242F8D10120704706
:1056900000207047B8110020842140580188012063
:1056A00008407047002070472C2805D8032141434B
:1056B00002484018807870471420704748F405105D
:1056C000F0B585B01E4A1268146872B60622A55E4F
:1056D000EA172F4697431B4A039189184E09711CFC
:1056E000049100220328029001D110460EE04100EF
:1056F000635E012B09DB0498191A4842019009B234
:10570000C81301990840DF1900E00498E368995E26
:1057100036B2B1420FDD39B2B1420CDD281AE08059
:1057200002984000215A049A891A21521846039976
:1057300001F08AFC024662B6104605B0F0BDC046D4
:10574000BC110020FFFF1F0057218900414305487D
:10575000006890228058C06B406840182121C90021
:1057600040187047B411002080B513688B4204D0F4
:105770001A465B6C8B42FBD144324B6C136001F0D8
:1057800087FC80BDF0B587B00F4601460079002642
:105790000C9C00282FD0039008680491496805925A
:1057A00006AD009301953A46059B01F0A3FC002845
:1057B00021D0029005940D9A049C236806A90978CB
:1057C000CD005B19DB7913700398401E0390C0B2C3
:1057D000814223460BD01D68CEB2F600AF19BA68DD
:1057E000FC68AA517C60491CCAB28242F3D103987A
:1057F0001871029E059C267007B0F0BDF8B5112106
:1058000009010A464C32009042435118144802687C
:1058100090241259D26B52680225002D12D00668CE
:105820003659F66B7668002777505618B31E1F70EE
:10583000331FFF271F80083E7D235B0433600C313C
:105840006D1EEAE757218900009841435018252131
:10585000C900FF2242544921890000224250F8BD6C
:10586000B4110020F42100224250F4300121090437
:105870004160704710B5002306A11A46042B03D0DF
:105880008C5C531C8442F8D1042A01D3002010BD43
:10589000012010BD0100161F572292004243074805
:1058A00000689023C058C06B406880180C224A439F
:1058B00080181121090140587047C046B4110020DA
:1058C00041424841704710B50C244C43FFF73CFF60
:1058D000001941790120084010BD882140580088F6
:1058E000C005C00F7047000010B5014600200D4AEA
:1058F000914215D00C4A12683423D25C521C0B4BD7
:105900001B6890241B59DB6B5B68521E08D0572420
:10591000A4001C195B8F8B422346F6D10448201843
:1059200010BDC046FFFF0000A0110020B4110020F0
:10593000A4FEFFFF10B50C4601F040FCC108C9B23F
:1059400001290AD807221040611883225200895C7D
:10595000C140C80701D0012010BD002010BD70B5A6
:1059600014460D460646FFF7AEFF002807D0304626
:105970002946FBF7F1FD011B4842484170BD00205C
:1059800070BD0000F8B500900023138010480E2B66
:105990001DD007251E462E401F06FF0E009CE7194E
:1059A000832464003C5DF440E4070DD00688354054
:1059B0000124AC40F508EDB24F5D27434F551588E3
:1059C000B54200D835461580801C5B1CDFE7F8BD6A
:1059D00098DF0510FEB50546C00633D417461C48AF
:1059E00000683622825C002492062CD53630407A3C
:1059F000000728D501910293164800686907C90E6F
:105A0000401800692522042329460093F6F78EFFEB
:105A100000281AD00646477201983072380AB072D0
:105A200030460B3008220299EFF7B4F90099F17172
:105A30000C20B0713E207071317128463146F6F766
:105A4000D1FF00E086242046FEBD0724FBE7C046C8
:105A5000B4110020A4110020FEB50546C00638D4BC
:105A600016461E4800683622825C0024920631D514
:105A70003630807B40072DD501910293184800688D
:105A80006907C90E401800693E2241232946009249
:105A9000F6F74CFF00281FD00746099908987E7238
:105AA00038730298F87201983872300AB872384622
:105AB0000D30F822EFF76EF92B20F871FE20B87147
:105AC000009878710420387128463946F6F78AFF25
:105AD00000E086242046FEBD0724FBE7B411002029
:105AE000A4110020B0B51F22D443084A234608332E
:105AF0000AD014192025645D84421C46F7D1D018C1
:105B0000C26908469047B0BD0120B0BDCC16041054
:105B100080B508468978C91CF9F704FC80BD80B5BA
:105B20000846C978027912025118491D89B2F9F75D
:105B3000F9FB80BD80B508468978C27812025118F9
:105B4000091D89B2F9F7EEFB80BD0000D2B2203A00
:105B500003D301009140002070475242D04152428D
:105B6000203291404140D040904041407047000079
:105B700002480068902140587047C046B411002088
:105B8000F0B589B015460F4604460679006861688D
:105B900008AA009301923A462B4601F0ABFA002185
:105BA0000F9B0E9A0028079226D106976779BE426E
:105BB00022D202930390049508A90878059686429C
:105BC0000DD0059F2268FDB2ED0056193346083B03
:105BD0000ACB515173607F1EF9B28142F2D1216824
:105BE000C000069A0A500818049941600598401CA4
:105BF000207101210398029B089A079C227018705B
:105C0000084609B0F0BD0000C021414305480068C6
:105C10009022805840689822805800680068401898
:105C20007047C046B41100200248006890214058D7
:105C3000006D7047B411002080B505200021F6F7F3
:105C400068FF80BD80B508200021F6F762FF80BDA7
:105C500080B509200021F6F75CFF80BD80B50A20E1
:105C60000021F6F756FF80BD10B50B200024214619
:105C7000F6F74FFF0C202146F6F74BFF10BD10B58D
:105C80000D2000242146F6F744FF0E202146F6F7AA
:105C900040FF10BD80B50F200021F6F73AFF80BD10
:105CA00080B510200021F6F734FF80BD00010029E7
:105CB00000D00830C0B27047BCB50A460446C11CCB
:105CC00001AD10462A4601F08DFA032228462146EE
:105CD000EFF76BF8002800D08120BCBDBCB50024D4
:105CE000214620460D460094C0B221462246234656
:105CF000EEF70BFAC21C691C0120002AF2D1E8B2AF
:105D0000BCBDB0B594B004464178012529403E3071
:105D10006A46FCF7AAFD00280CD1694650222046AD
:105D2000EFF743F8002808D06946487828403E310C
:105D300000F095F86078102801D2002002E020469B
:105D400001F06EFA14B0B0BDF0B59DB001930092B1
:105D500002900CAE102403940125204F30462246B9
:105D60002B46B84730461030009922462B46B8479C
:105D700030462030019922462B463C46B8473046F3
:105D80003030229903222B46B847332023993154CF
:105D900030463430249906273A462B46A0473046F1
:105DA00033302599C17130463B3026993A462B460F
:105DB000A04704AF38460299039A2B46A0474121D9
:105DC00008AC30463A462346FCF732FD2798214678
:105DD000039A2B46014CA0471DB0F0BDC1E9041049
:105DE0000021002802D00068491CFAE788B27047F9
:105DF00010B50A4A1268126872B64300D05E4418A1
:105E0000D4520BB2C318012B02DB4342C10B194021
:105E1000D0880818D08062B610BDC046BC110020E2
:105E2000F8B514460D46064601F006FA671C2046F2
:105E300001F008FA00280BD1062228463946EEF771
:105E4000B4FF0028F3D12078B042F0D10020F8BD93
:105E5000B320F8BD80B50220EEF7A3F980BDF0B500
:105E600095B00C460546FEF76BF801AE3E36B327FB
:105E700001A8FEF76BF8002810D106223046214613
:105E8000EEF793FF01A9497801220A40AA42EFD117
:105E90000028EDD1FFF7DEFF0027E9E7F8B215B0E3
:105EA000F0BDB0B5F7F768FF002811D00446002513
:105EB0002946F7F7ADFD00280BD0A17AF12905D1CD
:105EC000A17BCA0702D0890700D50020054600E063
:105ED00002252846B0BD00000B49096830228A5CC3
:105EE0000123134030314A78D207520FD218CB78B1
:105EF000DB07DB0ED21889784B080B43D907090F53
:105F0000511801707047C046C0110020F0B52449F7
:105F10000968027D12010832D2B28B18B5241C5DCB
:105F20000473B6241B5D012B03D1437B02241C4365
:105F300044730B463633032515430C46B434655D74
:105F400001262E40877B3743877304263540C77B65
:105F50002F43C7731643A55D057405251543645D7E
:105F60006425455DED070ED11D782C4007252C409A
:105F70008474062422438918B422895C5A780A4022
:105F80002A404274F0BD5D782540457406242243C2
:105F90008918B422895C1A780A408274F0BDC04620
:105FA000C011002070B50446007B617BCA0701D098
:105FB0008A0704D4E27D120703D5890701D003259F
:105FC0001CE0E17B0523194213D01D490D684022D6
:105FD000AD5C43431B4EF3185D5DE574FF2D0ED1A0
:105FE000E37D1B0707D4012807D10868805C0128DE
:105FF00003D1012502E0042500E00225E5746420B8
:10600000205CC00703D11A202056002812D4204655
:106010000F300078C00704D02046FAF785FC00282E
:106020000CD0E17D0020090703D5022D01D100200D
:10603000E07670BD024800683130EAE7032070BDA9
:10604000C011002032D70410F8B5C17C022910D14C
:10605000C17BEF220A40C273224909684022895C51
:106060000026022910D3042905D002290BD0FF26CF
:106070000AE000242EE0017B022904D304292BD05E
:10608000022901D0F3E70126174909684722895CF4
:10609000842449071ED507891448006880690225B1
:1060A000482203232946F6F741FC002812D0014676
:1060B0008772042048720D720020C8710520887113
:1060C0000E73FF20487182200871380AC872284672
:1060D000F6F788FC2046F8BD6421415C01260E409D
:1060E000D2E7C046C0110020B4110020A411002046
:1060F00010B507244480446821720B490968402484
:10610000095D4468617201211140426891724168E1
:10611000CB724168029A0A734168039A4A734068D5
:106120000499817310BDC046C0110020F0B583B042
:1061300001910646002A08D0002E34D090B22028C3
:1061400006D33668203A1004F6D1002E2BD0002258
:10615000002B009321D000201D4603462020841AE6
:10616000A0B2A9B2884200D32C460294A7B20198EB
:10617000C11890B23018001D3A461C46EEF715FEC5
:1061800000280FD1E01983B202982D1A280405D0F7
:1061900036680022002EE1D100E000231846009B63
:1061A0001B1A00E00346184603B0F0BD10B50446C4
:1061B0000821F5F7B9FF04490968602200238B52D2
:1061C000486660314C8010BDAC1100201CB51F2901
:1061D00003D801AA1180406805E0406801AC22465E
:1061E000FEF7A6FA2188401800791CBDB0B50C4610
:1061F00005464888001D81B22046FAF728FA28464D
:106200002146FDF755FE002804D02046F7F7D6FDBD
:106210008120B0BD0020B0BDFEB50293154600221E
:10622000884223D80C4616490F686021795A002904
:106230001CD000920191FDF797F806462046FDF725
:1062400093F80199491E814200D3014689B2B2B246
:106250008A420DD8786ED300C45CAC4204D1C01819
:106260004368029CA34205D0761CF0E71046FEBDB1
:106270000098FEBD03498A4200D10020FEBDC04601
:10628000AC110020FFFF000010B50446FDF76CF8CC
:106290000649884207D0C200054B1B685B6E9A18FE
:1062A0005288A24200D0084610BDC046FFFF000041
:1062B000AC11002080B500F0D7FF408880BD80B5CC
:1062C000828B920708D4202281541620F3F7CCFB4E
:1062D000EBF7D2FB002080BD3A2080BD10B50A4804
:1062E000046838342468002C09D02046FCF798FF55
:1062F0001E2802D04021084003D01C34F2E70020C1
:1063000010BD012010BDC046AC110020E0B501A8B1
:106310000221018000900020044B01460246F8F75C
:106320004DF88638414248418CBDC046D7DF051044
:1063300070B5084D2868846B002C0AD0E66928687F
:1063400038302146FEF77EFE2046F7F737FD34460B
:10635000F2E770BDAC110020FEB50D460446FDF716
:1063600007F9002834D0AC4232D80646A0422FD3D9
:106370002046FFF789FF04461648844228D0AE42E3
:1063800000D32E463046FFF77FFF13490F68602683
:10639000B95B4A1E824217D90190054602948BB21E
:1063A0006D1CAAB29A420DD2796EA0B2C000081834
:1063B000D20089180822EEF7EDFC07480768B95BA0
:1063C000641CECE7029C0198C243A2185118B9530F
:1063D000FEBDC046FFFF0000AC11002010B5044612
:1063E0000846FCF7C1FF08490968496E82B2D2002D
:1063F0008B5CA34205D0421E00041046F6D100205B
:1064000010BD881810BDC046AC110020F0B585B095
:1064100014460D46F8F742F906460020002E12D029
:106420007188A9420FD86F4630463946F8F748F9C7
:106430002046394600F042FF002803D03046F8F7E6
:10644000ABFAE9E7304605B0F0BD000070B58AB0A0
:10645000054605A810A11422EBF7F2FE2878FE21CC
:1064600001400024022914D12846F8F795FA054680
:1064700000280ED0287802280BD06E4628463146D8
:10648000F8F71EF905A8314600F018FF0028EBD1F7
:106490002C4620460AB070BDFB349B5F8000008014
:1064A000001000000229000010000000F0B585B0C7
:1064B0001546019101460478002702230E20032C83
:1064C0001A463E4612D30BD0042C5ED148680178A0
:1064D0008C07C9078A0F002C00D54C32411C02E002
:1064E0004868411C0278801C0E780778012D03D182
:1064F00010461840184648D00320032D02D1082129
:10650000114042D0042D02D1042111403DD0052D6F
:1065100002D140210A4038D004A903AA02AB019C51
:10652000204600F0E2FE022802D1002F0FD12BE01E
:10653000012D00D0FF08052D0BD104A800780228FA
:1065400005D102A8007802281AD1002019E00E20F7
:106550001BE00021002F11D003A802780520BB0703
:1065600001D5042A11D3FB0701D0032A0DD37807E4
:1065700008460AD5022A0AD20F2006E0084604E09F
:10658000052001210F4000D1384605B0F0BD20465E
:10659000314600F0DCFEB62801D00020F5E70C20E3
:1065A000F3E7BCB514464068202904D301AD2A4660
:1065B000FEF7BEF8298840180471BCBDE0B501ABF8
:1065C0001A70120A5A700222FAF780F88CBD000085
:1065D00010B5044608461146FEF7D8FB80000019A6
:1065E000C1B2034800680022024BF6F713FA10BD4F
:1065F000AC11002030750000BCB51446406820295D
:1066000004D301AD2A46FEF793F829884018047197
:10661000BCBDF0B589B00E46F7F7AEFB002825D01B
:106620000546203005A90091FCF7BEF974882B4679
:106630006C33271DB9B204223046FAF747F8FAB294
:1066400001AF009831463B4600F091FE08372046E6
:10665000083081B2082230463B46FAF737F80C344E
:106660007480E86E401CE866002000E0022009B05B
:10667000F0BDB0B514460A4605468089401C81B27B
:106680002846FFF79BFFA889C01C81B228462246F6
:10669000FFF794FFB0BD10B50C46C3688989007A36
:1066A0004200481C81B22046FAF710F810BD10B520
:1066B0000024C46100F0F7FE842800D08124204625
:1066C00010BD002070470000B0B50124204600F046
:1066D0000BFF0546204600F02FFF28430AD106484D
:1066E0000068902140580C30FBF737FF00F03EFF68
:1066F0000020B0BD0C20B0BDB4110020C01CC0B241
:10670000042802D37E20C04302E0C1000148C840F3
:10671000C0B27047B3B7B400F0B587B00C460546B9
:10672000069105900126304600F0DEFE0746304611
:1067300000F002FF38431DD1E8B2FF2805D10590D3
:10674000FF2109060C400694054610480068902178
:10675000405803A9019104A900910C300123294656
:106760002246FFF70DFA002806D005A8012100F007
:10677000FEFE05E00C2006E003A80078002801D00A
:10678000002000E0072007B0F0BDC046B411002093
:106790007CB5044600694669002E12D0A069E16903
:1067A00001900091606A022501AA6B462946B04714
:1067B000002806D0FEF742FF00202062E07D28433B
:1067C000E0757CBD142803D840B202A1085C704774
:1067D00008207047000101030303020508080808A8
:1067E00008080808080808070600000080B5F8F740
:1067F000D7FB02480068406880BDC046B811002041
:1068000001460846C96A4968096800290AD0CA7D54
:106810001207F6D4CA690B6AD218C3699A1A843A65
:10682000EFD470470148006880697047B8110020B4
:10683000B0B50A4A03280FD300239DB24C5D022C49
:1068400003D16D186D78012D05D01B195B1C9CB20E
:106850008442F2D300E01A4690B2B0BDFFFF0000C0
:10686000F0B587B0009003AE3046FCF775F800270E
:106870003846FCF769FC010A02AD69703F24044008
:1068800040343846FCF760FCAC70287001AF3046ED
:1068900029463A4600F0A6FC0326009C20463946CD
:1068A0003246EEF777FAE01C29463246EEF772FAE6
:1068B00007B0F0BD054A12683523D35C034201D00E
:1068C0000C2070473532117000207047A011002055
:1068D000BCB5044600F0C8F8002300930121074D21
:1068E00020462A4600F044FE0446054801684F3120
:1068F000284600F081F92046BCBDC046FCFF0000E0
:10690000B4110020F8B50546002606700124009158
:106910000C7016480068476D00F0AAFF002801D0EF
:106920001348847EE1B211373046324600290FD039
:106930003B78002B09D0022B00D101203A460F3AB8
:10694000137801229B0700D516461437491EEDE740
:10695000012A01D101212970012802D0F0B20128B9
:1069600002D1002000990870D0B2F8BDA811002013
:106970007810002001207047F8B50446FFF7F8F8BA
:106980000546354E304600F08DF83449884214D122
:1069900000F0A4F8FF283CD0472189004143286833
:1069A0004118AA200E524C2000220A5438200A54C2
:1069B000CA630A648A62CA620AE0472189004143C5
:1069C00028684118BA20085C012801D10C2541E053
:1069D000B92000250D546079AE2288540E46AE369B
:1069E0000120F070A0797070208800020090C867C4
:1069F000084684300B46B4332779042F16D8C04696
:106A00007F443F797F00BF4402060B0D0F00F32146
:106A10000BE007251EE0124FCF67FD21018406E041
:106A2000F22102E0F02100E0F5210184009F217AAB
:106A3000E279056045601F609A73D973217A01700D
:106A4000401C093406222146EEF7A4F905480068E7
:106A50004079B0702846F8BDFCFF0000FFFF000041
:106A6000DC050000B41100201FB50C4800F01AF836
:106A70000B49884210D16C46002121720120C002CE
:106A80002080072000020190204609300622EEF700
:106A900085F92046FFF770FF1FBDC046FCFF0000D0
:106AA000FFFF000070B50446FFF762F84D21415C1E
:106AB000094D0022AA2391420BD00668F65AA6423D
:106AC000164600D02E464725AD005B19521C3546B0
:106AD000F1E7A8B270BDC046FFFF000010B5FFF798
:106AE00047F84D21425C0021AA238A4208D004685D
:106AF000E45A240B05D14724A4001B19491CF4E7D0
:106B0000FF21C8B210BD0000FEB5029314460F4627
:106B10000546FFF72DF806463148854201D11F2072
:106B200007E001200221FFF7C5FE002800D0FEBDCE
:106B30002C481221A04201D20846FEBD01912846F0
:106B4000FFF7B0FF472189004143306846182046CF
:106B5000314600F091FE0028E9D1BA20315C38209E
:106B6000305C042F12D1002937D00028019A20D0A0
:106B70001B4885421DD1F08D00281AD0A420305A20
:106B80001021014021431046D1D10CE03546383563
:106B9000002910D0032F06D102202870F48600208F
:106BA000B08602983063A236304600F067FE0020BF
:106BB000FEBD1046FEBD374628370028029A05D094
:106BC0003968A120029AFBF7FDFA029A3A60012087
:106BD0002870F4850020B085FEBD0198FEBDC0463A
:106BE000FCFF000072060000024800689021405837
:106BF00040687047B4110020F8B50C460546FFF711
:106C000051FF0321C943C91C1A4FBD4204D08AB2A7
:106C1000904201D112262BE089B288421ED0472132
:106C20008E004643FEF7A4FF00688019AA21455252
:106C3000A421415CC90705D0BA21415C012901D1D9
:106C40000C2615E08C210122425001468C31002295
:106C50004A608D3006222146EEF79CF80026BD42A0
:106C600006D1054800684F3006222146EEF792F81B
:106C70003046F8BDFCFF0000B411002080B58189CA
:106C800000F001F880BD1CB51F2903D801AA1180AE
:106C9000406805E0406801AC2246FDF749FD2188C7
:106CA000401800791CBDF0B585B004460588808980
:106CB000461C204600F0F2FD232810D0B1B21B285C
:106CC00022D12046F9F70BFD0146284600F0ECFDE5
:106CD00000283DD02046F7F771F8002550E067887E
:106CE000B1B22046B9422AD2F9F7F9FC014628464A
:106CF00000F0DAFD0028EDD1B01C81B22046F9F792
:106D0000EEFC3018061DEBE72046F9F7E8FC0146DB
:106D1000284600F0C9FD002824D06E467580204624
:106D2000F7F7D3FBB0801E2030703046FCF7F6FE3C
:106D30000546002820D12046F7F740F81CE0F7F779
:106D4000C4FB02460A202946234600F0D3FD12E088
:106D50002046F7F7BAFB02460A202946234600F0F0
:106D6000FBFD08E02046F7F7B0FB02460A20294663
:106D7000234600F023FE0546002D01D07B20C543AD
:106D8000E8B205B0F0BD1CB50446008801AB188020
:106D9000422002210A46F9F7B3FC002801D08420E2
:106DA0001CBD2046F7F70AF800201CBD10B504886A
:106DB000F7F78BFB0146204600F032FE002808D092
:106DC000017818220A4302700C20F2F74DFEEAF710
:106DD00053FE002010BD70B5002400290AD0002603
:106DE0000D460968334620339EB296420ED20029E2
:106DF000F6D101E023462546D11A89B200F024F9E4
:106E0000286000280AD17920C44307E0002904D073
:106E1000F9F75EFF00242C6000E00024E0B270BDB2
:106E200080B5FFF73EF84142484180BDB0B54843C8
:106E3000C408A4B29C420ED8049B072528402025F4
:106E4000691A0025ED43CD402A4082408540185DF7
:106E5000A84310431855B0BDF8B51C4615460F465B
:106E6000F6F78AFF002816D00646811C062228461F
:106E7000EDF790FF707869460870002F1FD000284A
:106E80001DD0012809D1F1798A090120022A16D8DA
:106E9000402903D213E00220F8BDF179C020084058
:106EA000402808D1694630462A4600F0CBFD00282C
:106EB00003D08120F8BD8620F8BD68460078207098
:106EC0000020F8BDF0B585B01E4617460D460446B5
:106ED00002AA08462146FEF7A3FF00280BD104981A
:106EE000B84206D1BAB20C203146EDF749F9002874
:106EF00016D0FEF7AFFF019602AE3570701C062269
:106F00002146EDF747FF04973046019900F0B1FDA7
:106F1000002805D0064628462146FEF7A0FF00E0DF
:106F20000026304605B0F0BDBCB514460D46FCF752
:106F30007BFA696889698B888968009103210C4014
:106F400002212246FFF772FFBCBDB0B598B01C46C7
:106F5000154601AAFBF789FC002816D101A94A7839
:106F6000012010403E3115AAFEF75AFF002801D03B
:106F7000B3200AE029681798884201D9872004E0E5
:106F8000286081B2204600F080FD18B0B0BD00003E
:106F900070B502460B48847E0B480068456D10357D
:106FA000002003469C4208D02E78002E08D0AE78F0
:106FB000964204D014355B1CF4E7234600E0012020
:106FC0000B7070BD78100020A811002080B5EDF77F
:106FD00007FF80BD10B50C244C43FEF7B5FB00192C
:106FE000417910220A4342711620F2F73DFDEAF77B
:106FF00043FD10BD41000A4A0A40400809490140CA
:1070000088188100084A0A40800808490140881809
:107010000101074A0A4000090649014088187047E3
:10702000AAAA010055550000CCCC0700333300005C
:10703000F0F000000F0F0000704780B5EDF709FF7A
:10704000F2F750FA80BD0000F0B5104A89184909DE
:107050004A1C94B272B60021002C13D003889C42C3
:1070600010D8641E41680D4606D000260D462D68D6
:10707000761CB7B2BC42FAD82C68446000242C605D
:107080009A1A028062B60846F0BDC046FFFF1F0094
:10709000F8B50D4606464024FAF7FCFC02462F5D83
:1070A0002C463834E86B0028394608D0009616463E
:1070B000F6F784FE3246009E0020E863217A142011
:1070C0002070022903D1B08B08490140B1830848E0
:1070D000006890214058C06B0068816B69648563CB
:1070E000D019017A491C0172F8BDC046FFFB0000AF
:1070F000B4110020F0B587B0044608060D9D52D0AB
:107100000195FF2015468543012605930C9B1F46DC
:107110000096374003977E421640F2B2521906920B
:10712000254D059F3A462A401E469D07ED173D40D6
:10713000049003062B409B18022030400290481E0A
:107140000590C8B241080026C8B2C200A018456820
:107150000298002801D118480540A0580246049F13
:10716000BA43039F002F01D1384600E0C0B2821815
:107170000698904201D1AB4218D0AB4203D804D15B
:107180000698904201D94E1C01E0481E05900598D2
:10719000801BC0B2401CC2B2510889198242D3D0B0
:1071A0000020019D04E00021084601E0019D0098B7
:1071B000297007B0F0BDC046FFFFFF0010B50021E9
:1071C000064B074A0E2905D01C88844203D09B1C1D
:1071D000491CF7E7114688B210BDC04698DF05107C
:1071E000FFFF0000F0B589B000920F46054605AEDE
:1071F000002110223046EDF7D1FD032430463946F8
:107200002246EDF7C7FD01AF284631463A46FEF764
:107210009DF8009839462246EDF7BCFD09B0F0BD57
:10722000E0B501460020009050220346ECF752FFE3
:10723000FFF764FA8CBD000001480021017070471F
:10724000D2110020BCB50346064D28780C210091D0
:10725000012400222146ECF758FF2C70FFF74EFA6C
:10726000BCBDC046D2110020F8B5047802252146E5
:10727000294302291ED1FCF7FDF80F490968602255
:107280008B5A401C82B29A4210D2002C08D0022C99
:10729000F7D1D7004E6EF75D2F43022FF1D106E0F4
:1072A000D7004E6EF75D002FEBD100E04E6ED000A0
:1072B00080190838F8BDC046AC11002080B5027CAA
:1072C0000B7C9A4206D1202A07D0102A09D189893D
:1072D000808908E00020C04380BD1022EDF765FDE5
:1072E00080BDC968C068401A80BDFEB517460E460D
:1072F00000240C70147002931C70F6F73DFD0028FA
:1073000009D00546807A002807D0F12805D0FB284F
:1073100016D1B02419E0862417E0012001903070C6
:107320002846214600F0BCFB387001280DD1022010
:107330003070E97A4907890F04D00299087004E097
:107340000C2402E00298019901702046FEBD10B5A0
:107350000C46F6F711FD002805D0817AF12902D1FB
:10736000007CA04201D2B62010BD002010BDF0B5B7
:1073700095B0019317460391002514951395129526
:10738000119511A90DAC04902246FDF7DFFF0F20E7
:107390000290265609A9204600F0A0FB002E67D4D3
:1073A00009A80299445605A900F098FB002C6CD45A
:1073B00011A8002410222146EDF7F0FCFDB2112D9A
:1073C00021D3201D81B210220DAB0398F9F76AF981
:1073D0000020102807D00DA9095C11AA135C4B40AE
:1073E0001354401CF5E711AD0DAE04982946324602
:1073F000FDF7ACFF102228463146EDF7CBFC103FDD
:107400001034A4B2DAE7102D08D1201D81B2102269
:107410000DAB0398F9F746F909A814E00DA800216F
:107420001022EDF7BBFC380608D00DA8431B103323
:10743000201D81B203982A46F9F734F90DA8401BA4
:107440008021C17305A8019A0021102909D00DAB34
:107450005C5C435C634011AD6C5C5C406C54491CEB
:10746000F3E711A90498FDF771FF002015B0F0BDF6
:1074700011A8872101700F2D92D009A8415D11AA92
:10748000525D4A4042556D1CF5E711A887210170F5
:1074900000200F288CD005A90A5C11AB1B5C53405F
:1074A0000B54401CF5E7B0B505460088FEF71CFA02
:1074B000002815D0044672B678302946FBF704FF41
:1074C0004B208000201862B60B2100F01CFB2C2002
:1074D000205C8425032804D12046F4F799FE00E0BF
:1074E00002252846B0BD0000F8B50090FEF740FB2D
:1074F00001464D200A5C472083005A4300200D4D71
:107500000646B24212D00F68BF19AA243C5BAC42B7
:1075100003D0BA243C5D012C01D0F618F1E70098A5
:10752000002804D0AF20385C411E8841F8BD0120FE
:10753000F8BDC046FFFF0000B0B505460024F3F7D4
:10754000C3FA012810D1FFF74FFBFF21DC31415C6A
:10755000C90709D0002D06D0ED2149004018007858
:107560000124044000E001242046B0BD704770476C
:10757000F0B58BB00A9316460F4605460743FEF753
:10758000F7FA0446002F07D03046FFF78BFAB549CB
:1075900088421AD1422615E025464D350026374649
:1075A0000A96287886420CD22068C019BA21415C1C
:1075B000012901D100F0AEFA472080003F18761C67
:1075C000EFE70A9E30460BB0F0BD47218A00114616
:1075D000414323685C18BA21615C012D21D14243EB
:1075E0009F18C220385C01252840002920D000289F
:1075F0000AD08C203858B96F3A468C32526805C18F
:10760000786FB96F7967B8679420385800260028DA
:10761000D8D094370A980403EDF70AFC2018386094
:10762000D0E700260129CDD1204600F073FAC9E742
:10763000002807D08C203858002803D190203858D3
:10764000002806D0A420385AC10704D0F98DF529A6
:1076500001D91226B6E7122601463140022903D18C
:107660004221795A00293AD000070CD57C48AA213A
:10767000795A814201D00A9800E080208028A1D860
:107680000A9000289ED01098A62178520A990903E2
:107690009422B950002801D0BB217D54A8217852F2
:1076A0002046EBF737F8064600288BD13946C23121
:1076B000384664303A4654327A67B8673E46783680
:1076C0000978C9070DD100210160B96666480168D3
:1076D000204665300622EDF75DFB306808E00C2699
:1076E00070E78C2179583A468C32526806C00838C7
:1076F000842179583A46843252688160C2602046BB
:1077000000F01EFA002802D000F036FA05E03846F4
:1077100074300168326802603160384694300A90F3
:10772000B020395CBC26B85D00953B461433224638
:10773000089300F023FA204600F04EFA11210901C7
:107740007C50F8217850B4203958F0203950B85D79
:1077500081225200B854FF220432BB5C2B43BB543D
:10776000CA087D2A01D37D21C9003E46A436F422F1
:10777000B9502521F2F7A4F8EDF75AFB02460A9911
:107780000868B532002801D0101808603946BC31AD
:107790003088C00609960A9104D42046114600F0AC
:1077A00036FA44E03846EC3005900E46069200F07A
:1077B00031FA039000F036FA0490B120385C00F002
:1077C00039FA0790204600F043FA307802900026FC
:1077D000009694203146079A1346F1F722FE03469D
:1077E000009520460299039A00F04BFA0A98007817
:1077F0000390009696202946079A1346F1F711FE4A
:1078000003460096019508980399049A00F074FACB
:10781000EE203D54FC2015493950ED200721395404
:1078200002210598017006220699FAF79FFC064688
:10783000002811D00A980078F5F742FDBD20385C89
:10784000F5F73EFD09980088C00700D1BAE6C420CC
:10785000385CF5F72DFDB5E6BA3425700026B1E6A3
:10786000FCFF0000FFFF0000A01100206C170410B7
:1078700080B5F3F725F980BD0020704710B50446A8
:107880000020FBF761FC044901402088401A424275
:1078900042414A40228010BDFF0F000080B581891F
:1078A00000F069FA80BD0000BFB5044600F074FA2C
:1078B0000546002806D10E48014600F06DFA05463F
:1078C000002802D02878022801D200200DE003A968
:1078D00002AA01AB2046FFF708FD002804D1287852
:1078E00002A909788142F0D2C02004B0B0BDC046E0
:1078F000FFFF0000F8B50546C00621D40E46134828
:1079000000684B21405C002400071AD517460093FD
:107910000F4800686907C90E401800691422032344
:107920002946F5F703F800280DD001460098C860F5
:107930004F810E81074848602846F5F753F800E06C
:1079400086242046F8BD0724FBE7C046B41100207A
:10795000A41100209DEA0510F8B50546C00621D403
:107960000E46134800684A21405C002440061AD5A0
:10797000174600930F4800686907C90E4018006950
:10798000102203232946F4F7D1FF00280DD0014629
:107990000098C8604F810E81074848602846F5F777
:1079A00021F800E086242046F8BD0724FBE7C04606
:1079B000B4110020A4110020A1EB0510F8B5054674
:1079C000C00621D40E46134800684A21405C0024BA
:1079D00080061AD5174600930F4800686907C90E3C
:1079E000401800690F2203232946F4F79FFF00285F
:1079F0000DD001460098C8604F810E81074848604D
:107A00002846F4F7EFFF00E086242046F8BD07245F
:107A1000FBE7C046B4110020A4110020D5C4051016
:107A2000074A126848321268002A07D053888342F6
:107A300002D193888B4201D02032F4E71046704780
:107A4000AC11002070B594B014460E464178801CED
:107A50006A46FAF70AFF0546002807D10020307071
:107A600069463E3106222046EDF794F9284614B0C7
:107A700070BDE0B50B4601460089009001200C2244
:107A8000ECF728FBFEF73AFE8CBDE0B5034600910B
:107A9000022001210C22ECF738FBFEF72FFE8CBDF3
:107AA000B0B50246C37A847A0120F12C04460ED187
:107AB0005D07AC0F05D0147C0322102C03D01446B4
:107AC00002E0022403E00424002D00D41446DA0767
:107AD00000D02046002900D02046B0BD10B5027865
:107AE00052000A70491C00220F2A0BD083185B78C1
:107AF0005B008B548456002C02D5012423438B5405
:107B0000521CF1E710BDEFF3108272B6417582F39B
:107B10001088704710B50446EC3000F04FF9BA20D9
:107B200000212152BA34A07AFF2801D0F5F7C0FB1A
:107B3000FF20A072207A800701D5F5F79CFB10BDCD
:107B4000B0B50446C220205C800701D40020B0BD3F
:107B500025468435284600F04FF9A16F284600F0ED
:107B60004CF9A06F0830002100F048F9606FA16F58
:107B70006167A0670120B0BD70470000F8B51D46E1
:107B800016460F460446F1F74DFE11492046F1F71F
:107B900058FE10492046F1F778FE20463946F1F7A5
:107BA00028FF20463146F1F712FF20462946F1F71B
:107BB000D9FE0698012803D12046F1F7FFFEF8BD53
:107BC0002046F1F7C6FE01212046F1F784FEF8BDFC
:107BD000D6BE898E555555000146AE31CA78FF2173
:107BE0006831032A01D0B32301E00B46F333042AA2
:107BF00000D01946AE22805C012202408307DB0FD1
:107C00009A184007C00F10184843BB3070478620B1
:107C10007047000002480068882140587047C046FD
:107C2000B4110020024800688C2140587047C046BB
:107C3000B4110020801EC0B2032801D3002002E04E
:107C4000C1000248C840C0B27047C04601040600E7
:107C5000C721002242540146A0318A8803231340E1
:107C60005A1E93415A00A023C252887B012202402F
:107C70008307DB0FD2184007C00F1018401E88770B
:107C80007047F8B51E4617460D460446F1F7A8FCA6
:107C90002046F1F7AAFC2046F1F7DCFC20462146FD
:107CA000F1F7DDFC20463946F1F7AEFC20463146BF
:107CB000F1F7EFFC069F002E02D02046F1F7F1FC11
:107CC0002046F1F781FC2046F1F7ACFC2046F1F7A5
:107CD000FAFC2046012F09D12946F1F7C8FC2046BD
:107CE000F1F7D0FC2046F1F7E2FCF8BDF1F7E5FC36
:107CF0002046F1F7B7FCF8BDF8B51E4617460D460D
:107D00000446F1F76DFC2046F1F76FFC2046F1F7D1
:107D1000A1FC20462146F1F7A2FC20463946F1F7A6
:107D200073FC20463146F1F7B4FC079F002E02D0C9
:107D30002046F1F7B6FC2046F1F79AFC2046F1F711
:107D400043FC2046F1F76EFC2046F1F7B6FC2046D6
:107D5000F1F76EFC2046F1F79AFC012F07D120467F
:107D60002946F1F784FC2046F1F733FCF8BD2046A4
:107D7000F1F788FCF8BD1CB51F2903D801AA1180B2
:107D8000406805E0406801AC2246FCF7D1FC218840
:107D9000401800791CBD0000074A1268583212686A
:107DA000002A07D09388834202D153888B4201D0A6
:107DB0000832F4E710467047AC110020B0B5044615
:107DC000EFF3108572B6FDF74DFC00280FD020466A
:107DD00000F016F8F7F772FAFDF722FC85F3108829
:107DE00020690169002904D0606A884701E085F3B1
:107DF00010880020E061B0BD7047704770470000F8
:107E000070B50446144E3168084628300268002ACE
:107E100008D010462830A242F8D128312046F7F782
:107E20003DF970BD4869A04201D1FDF707FCE06A49
:107E300040680068002803D0FEF7E2FC054600E039
:107E4000A56A316818312046F7F728F9002128463D
:107E5000FCF712F970BDC046B8110020FEB5050050
:107E600000276F4887606F4CE06CC00504D5402246
:107E70001106280000F082FAE06C0126304005D09F
:107E8000642269492800443000F078FAE06C8007E9
:107E900005D5642265492800A83000F06FFAE06C2F
:107EA000400706D56422624986204000281800F069
:107EB00065FAB820400029180F60E26CB003024058
:107EC00007D04A68002A04D10E60E16C594A0A4082
:107ED000E264594909682964216D009D084005D074
:107EE000242256492800E43000F048FA206DC006EC
:107EF00005D55822524928008C3000F03FFA206DF9
:107F0000C00508D52068800405D430224D492800DA
:107F10005C3000F033FA206D400505D530224A4927
:107F200028002C3000F02AFA206D800205D52C2282
:107F30008221C905280000F021FAA06D304003D04D
:107F40000198424909680160A06C029D06400DD06D
:107F500020229121C905CE204000281800F00EFAF9
:107F6000A0223B492800FC3000F008FAA06C400336
:107F700005D5882237492800743000F0FFF9A06C3D
:107F8000C00302D5344800682867A06CC00405D53A
:107F9000182232492800583000F0F0F9A06C400750
:107FA00005D52C229021C905280000F0E7F9A06C26
:107FB000000705D52C222A4928002C3000F0DEF9D4
:107FC000DE2040002818A16A0160216B4160A16C8D
:107FD0008160216DC160002022490A68503A0999E8
:107FE00013680406A40D0B51401C121DC3B2142BC0
:107FF000F6DB08981C490A6802601C4A1268426055
:10800000BA001B4B9B58821893607F1C082FF7DB2C
:1080100089698162C3490A68C26249680163F7BD20
:1080200004000020080040480020004000500040AC
:1080300000600040FFBFFFFF0410004000700041DF
:1080400000600041005000410040004128140060E1
:1080500000007048000060480000304800002048E0
:10806000000010480000041008ED00E000E100E00E
:1080700000E400E0FFB581B0B82149004018AA4CE7
:108080000025016800290BD00560E06C8021C90142
:108090000143E164E06C8021C90108400090009830
:1080A000A2488068002800D13AE10020A0490A686F
:1080B000503A0B9903069B0DCB581360401C121DC0
:1080C000C3B2142BF6DB0A999A4A08681060486814
:1080D000994B18600023994F98000E18B6683E50CF
:1080E0005B1C082BF8DB049E886A90618D480A6B44
:1080F00042608560C96A0160C62040003718386B4D
:10810000A062786B2063B86BA064F86B2065A06CEC
:10811000C00718D52022CE20400031189120C0057C
:1081200000F02CF980204000301805604561856220
:10813000C5630565456685673D60A0223100FC3159
:108140007F4800F01BF9A06C400305D58822310060
:1081500074317C4800F012F9A06CC00305D57A4850
:10816000D02149038160316F0160A06CC00405D546
:10817000182231005831754800F000F9A06C04272E
:1081800038400BD09020C005316A0162716A4162AB
:10819000716941612C22310000F0F0F8A06C0007F9
:1081A0000BD56B48F16C0162316D4162316C4161FC
:1081B0002C2231002C3100F0E1F8E06CC00504D530
:1081C00040220199100600F0D9F8E06CC00711D5E3
:1081D0000198406C00900198406C012188430199FE
:1081E00048645C4D642201994431280000F0C6F8CF
:1081F00000982860E06C019DA83580070DD528689F
:108200000090286801218843286064222900524890
:1082100000F0B4F8009850490860E06C074010D0B6
:10822000686E0090686E0121884368664B4D642239
:108230000198862149004118280000F09FF8009815
:108240002860029D0198006C45490860206D40043B
:108250001AD528008830C06D009028008830C06D85
:108260004021884329008831C8653E4E0C222900F0
:10827000E431300000F082F814222900F4313A4849
:1082800000F07CF800983060206DC00605D55822BB
:1082900029008C31354800F071F8206DC00514D5E7
:1082A0002068800411D4E86D0090E86D01218843B6
:1082B000E8652F4E242229005C31300000F05EF882
:1082C00088202858F06200983060206D0126F6431F
:1082D00040050FD5E86A0090E86A3040E862254F13
:1082E000242229002C31380000F048F8A86DF862EB
:1082F00000983860206D80020BD52F6828680640F2
:108300002E608226F60520222900300000F036F883
:108310003760A06DC00703D5039800681649086050
:1083200005B0F0BD10E000E0080040480400002067
:108330000000041008ED00E000E100E000E400E0CF
:1083400000007048000060480000304800002048ED
:108350000000104800200040005000400060004035
:1083600004100040007000411070004100600041A6
:1083700000500041004000412814006030B5002347
:1083800003E09C000D5905515B1C9408A342F8D3EF
:1083900030BD0000014880470148004785B4041003
:1083A0004D87051081B0A64801688903FCD5816816
:1083B00002220A438260002102E000BF0099491CAA
:1083C000009100990629F8DB816804220A43826043
:1083D00001B07047FEB5032000F056F900270020D9
:1083E0000026002596498968090700D50120954C8B
:1083F000207093480068C00608D50126310301208B
:10840000F7F72FFA71030120F7F72BFA8C48006871
:10841000400700D50125032000F037F98A480121E3
:10842000BA2252008150C521890061180191B821FA
:10843000890061180091882149006318091F62189A
:10844000211DFFF70BFD029702A8F2F75FFF7F489F
:108450007F490161FF21816301680122914301602D
:108460007C48016804220A430260052000F00CF9F0
:10847000F7F742FEA5706670F7BD7CB5764E704C7E
:10848000704D687801280AD17448716A01407162A0
:10849000B16A0840B0622068102101432160A878C9
:1084A000012803D120680421014321606948016843
:1084B000042291430160C520800028180190B82053
:1084C000800028180090882040002B18001F2A18D0
:1084D000291D5D48FFF7CEFD052000F0D6F80420E9
:1084E00000F0D2F830685E490140316020688003B6
:1084F000FCD52878012805D1FFF754FF2068594999
:10850000014021606878012802D120688006FCD5EE
:10851000A878012802D120680007FCD5206EC0078A
:1085200003D5514800680F28FBD0504880680028C8
:1085300001D0F2F739FF3069C005FCD5042000F006
:10854000A4F873BD3EB5002000F09EF800203D4C1D
:1085500000212180A070464800680125000700D551
:108560002570C0208001F2F7A9FE002000F08DF8F0
:108570003548BA2149004550C5218900611801914B
:10858000B821890061180091882149006318091FEA
:108590006218211DFFF762FC2C4C2D482061FF2042
:1085A000A063029502A8F2F7B1FE2068A8432060FC
:1085B0002848016804220A430260022000F064F89F
:1085C000F7F79AFD022000F060F837BD7CB521482E
:1085D00001680422914301601A4CC52080002018D4
:1085E0000190B820800020180090882040002318B7
:1085F000001F2218211D1448FFF73CFD012000F048
:1086000043F8154D28681649014029600C4E306822
:108610008003FCD52078012805D1FFF7C3FE306820
:1086200010490140316011488068002801D0F2F7FC
:10863000BBFE2869C005FCD5012000F026F873BDFB
:108640000000404880050020E40800200000504859
:10865000FFFF000010ED00E004005048FFCFFFFFD7
:10866000FFFEFFFFFFDFFFFF101800600400002087
:108670000800404880B500F009F8F2F740FE01BD5F
:1086800080B500F00BF801BD7047704702480168E3
:10869000022291430160704710E000E00248016847
:1086A00002220A430260704710E000E0024841687D
:1086B0000278891841607047B40400207047FEE7D3
:1086C0007047704780B5FFF7F1FF01BD1C48016896
:1086D000890600D4704780B580686946087001211A
:1086E0006846EEF733F901BD80B51648EEF746F857
:1086F00001BD80B5EAF73BFF01BD80B5EAF73DFF5C
:1087000001BD80B5EDF7CCFF01BD80B5EEF702F8F5
:1087100001BD80B5EDF7D6FF01BD80B501219020E8
:10872000C005F2F720FD01BD10B5074C2021200047
:10873000F2F719FD8021C9012000F2F714FD10BDE8
:108740001C4000417C1100200000104805480146F3
:1087500003B4684680F3098800BF00BF00BF00BFB4
:1087600000F002F8A5EDF5FE00F00DF8002801D0AC
:1087700000F00CF800BF00BF002000BF00BFE9F709
:10878000D3FD00F017F801207047000010B507492D
:1087900079441831064C7C44163404E0081D0A68FC
:1087A000891888470100A142F8D110BD3C6C000037
:1087B000786C000080B500F001F801BD074638462E
:1087C000FBF794FFFBE7000080B50D497944303199
:1087D0000C4A7A442E32914203D00B4900BF00BFAD
:1087E00002BD6946087001220120F2F729FD012827
:1087F00002D16846007802BD0020C04302BD00BF20
:108800000078FAEFFC77FAEF2C05002010B504464B
:108810000A4800680069902101221346F4F786F89F
:10882000002804D0014644609020F4F7DBF80448A7
:1088300000688421425C521C425410BDA4110020E7
:10884000B4110020FEB53B4D2868103000210629E8
:1088500005D004C8528801AB5A52891CF7E772B69A
:10886000286804680027076062B6E00702D000208D
:1088700000F064F8A00702D5012000F05FF860075F
:1088800002D5022000F05AF8200702D5032000F09C
:1088900055F8E00648D5042000F050F844E0780090
:1088A00001A90E5A0097BF002868C0190069018805
:1088B0000288B2422AD08908891C89004418A1780C
:1088C00003220A40012A02D0002A03D11EE0817A45
:1088D00008300446480603D42046F9F76AF80AE04F
:1088E000E078132807D2800013490A58211D20463A
:1088F0009047002805D12868C019006921880180A7
:10890000D5E70020F1F7B0F8E9F7B6F872B62868B5
:10891000C019006941880288914202D1002101807A
:10892000418062B6009F7F1C032FB8D100F014F87D
:10893000FEBDC046A411002020170410E0B501AA16
:10894000D0700120907010205070042111701046DA
:10895000F6F7E8FC8CBD000010B586B01548046839
:1089600002A801A96A4600F027F800281FD002A833
:108970000178E089C840C00719D0019A009B03A87C
:10898000082484701C0EC4721C0C84721C0A44726D
:108990000372C2718171FF21417082210170002137
:1089A000417104220271C1700C21F6F7BBFC06B0C4
:1089B00010BDC046B411002070B5034609480468D4
:1089C00072B6207C00252574257B0F262E401E7054
:1089D000237B1B090B70A1681160411E884162B6A0
:1089E00070BDC046B4110020F0B587B031480468AE
:1089F00006A9049100200190087005AE0120307096
:108A0000F2F792FE5D200394275C781E3D46854177
:108A10002020384044420290444104983146FDF7FA
:108A200071FF002F01D101283ED12C4038D105A87B
:108A30000078002834D0039C20465D30C07B00289D
:108A400034D02834029D002D03D02178002000F07E
:108A500033F806A80078012802D1002000F02EF893
:108A6000FBF7AEFC002804D100200121FBF738FD04
:108A70000190002D0AD02178012000F01DF8002877
:108A800004D00198002801D0FBF752FD06A8007819
:108A9000012809D10620F0F7E7FFE8F7EDFF03E032
:108AA00001200146FBF71CFD07B0F0BD00200121AD
:108AB000F8E7C046A81100200020704780B500F0FC
:108AC00001F880BD80B505490968496D497C0129D7
:108AD00002D1FBF793FC80BD002080BDA8110020CF
:108AE000B0B55E2806D10C4804685D340025605797
:108AF000002800D4B0BD60780228FBD155708020DA
:108B00001070C8B21146F2F791FE657020787F218F
:108B100001402170B0BDC046A81100200749096876
:108B20005D228A5C88231A4204D072310988414050
:108B3000080501D00020704701207047A8110020CF
:108B4000B0B5044680880025800501D4284606E09B
:108B500062892189022000F027F8002800D0B0BDEA
:108B600020896189042902D1F2F7F2FFEEE7F7F7D5
:108B700037FE61892089F7F749FE002020810949E5
:108B800009684B6BA34205D01A461B69A342FBD16F
:108B9000103201E00A463432236913600A6B226105
:108BA0000C63B0BDAC110020F8B50446C00608D473
:108BB0000D46194800684921405C800703D400270E
:108BC00027E0862725E01646144800686107C90E8D
:108BD00040180069592203232146F3F7A7FE002815
:108BE00016D00146067385720C2048720220087266
:108BF0000027CF7106208871FF20487182200871FC
:108C0000300A4873280AC8722046F3F7EBFE00E0EA
:108C100007273846F8BDC046B4110020A411002033
:108C200080B581080A4800683430006800280ED0FA
:108C300042788A4201D01030F7E701214902828848
:108C40000A4382800720F0F70FFFE8F715FF80BD89
:108C5000AC11002080B54069014900F003F880BDE7
:108C6000218C0510FEB5029105464778006AC45D67
:108C7000ECF7DEF8C00801902046C2B2BA420DD02F
:108C800053006E6AF35A2E78761D0199F140591AF5
:108C900009B2012903DC286A805CEEE73846296ABC
:108CA000C855C6B228463146FCF7E2F9E0B2B042F8
:108CB00006D0296A0F5C0C54029988473C46F5E7B8
:108CC000FEBD00007CB504468068418904291AD1A4
:108CD00060688189491C89B2F7F701FD05461728AC
:108CE00000D817251D4E308A854200D30546A3685B
:108CF0009888C0060FD4198902202A4600F030F85F
:108D0000002814D07CBDC368022000210622FAF797
:108D1000C7FA86207CBDD888A8420ED008334220EE
:108D200003210222F7F7ECFC0028EBD105E0A06854
:108D3000C580818810220A438280308A01AB587036
:108D400003251D70000A9870A068C468A189204698
:108D50002A46F7F7BBFC658000207CBD7810002018
:108D6000F8B50446C00608D40D46194800684921E4
:108D7000405C400703D4002727E0862725E01646FD
:108D8000144800686107C90E401800695A22032779
:108D900021463B46F3F7CAFD002815D0014606736D
:108DA00085720C2048720F720027CF7106208871DF
:108DB000FF20487182200871300A4873280AC8725F
:108DC0002046F3F70FFE00E007273846F8BDC046FF
:108DD000B4110020A411002080B50248006880472B
:108DE00080BDC04674050020F0B595B005460488E6
:108DF000F5F76BFB01462046FEF712FE862600289B
:108E000000D108E204462F882846F5F75EFB0146AC
:108E10003846F5F75FFB08902078FB210140217070
:108E20000C273846F0F720FEE8F726FE2846FEF726
:108E300035FD012807D16088FFF770FE002860D05B
:108E4000204600F049FA20780022010757D4A37980
:108E5000591E112900D9DEE1079249007944898819
:108E600049008F44C50002010F01990099001F01BC
:108E7000640175017C01B901A600A600B8001100CB
:108E8000B00011001100B000C00600D5A7E0A28814
:108E900061880A202B4600F02BFA002800D0B4E1AC
:108EA000A079112800D1B2E1637A216908911028D4
:108EB00000D0D0E10693A889401C81B22846F7F77C
:108EC0000EFC0590A889C01C81B22846F7F707FC64
:108ED0000026A2896988491F9142049000D0CFE101
:108EE000384606994843089A1018806861894118E5
:108EF0002846154600F02EFA069B0390C4E116465C
:108F000089E109A90FAA0EAB284600F02EFA002825
:108F10002BD02846F4F752FF0EA80078122808D16B
:108F200060880421F5F7D6FA8188012292020A436B
:108F30008280A079012804D1089B9988042291435A
:108F400099800EA909780A2908D0072902D10A2890
:108F500000D175E7217810220A4322700E2800D133
:108F600071E7102800D16EE76AE709A8007807903A
:108F7000A38862880FA8008821460EAC2478009050
:108F800001940C46022011461A46079B00F008FA8D
:108F90000028BED006463EE1A28861880A202B4602
:108FA00000F044FA002800D02FE1284600F070FAC3
:108FB000C8E0A28861880A200B2B00D020E12B4654
:108FC00000F07CFA1FE1A2886188022000F0A8FA74
:108FD000002800D019E12846F4F7F0FE17E1608977
:108FE000002800D113E1002626720F20A07112E1A3
:108FF000A889401C81B22846F7F771FB064617285E
:1090000000D81726B348008A8642089F00D3064638
:10901000B888C00614D5F888B04211D03B46083352
:10902000422003210222F7F76BFB002800D0ECE07E
:109030002078102101432170B88804218843B8802A
:109040002078C00600D5FE88618802203246FFF7EE
:1090500087FE002800D0D8E0FE80B88808210143B0
:1090600004208143B9802046DCE0A28861880A2080
:109070002B4600F091FA002800D0C6E0284600F008
:10908000BDFA0BE0A28861880A202B4600F0CCFADA
:10909000002800D0B9E0284600F0F8FA8C49884250
:1090A00053D1B4E0284600F0FEFA089060890EA97A
:1090B000088020460C30079009A80C3005900FA8B6
:1090C000401D06900026F7B20FAA2846394600F048
:1090D000F1FA002800D0A1E00898072805D109A8D6
:1090E000102101740222059803E009A8802101746F
:1090F00010220699EBF74EFE0EA80FA90222EBF7FD
:1091000049FE09A8079900F0F1FA00280DD1A288BC
:1091100061880898009001954743B81C83B20220EB
:1091200000F014FB002800D082E0761CCBE7A28878
:1091300061880A202B4600F05FFB002865D1284695
:1091400000F08CFB6189884261D2401C208161E083
:10915000A28861880A202B4600F09AFB53E028463B
:1091600000F0A1FA064606946088FFF7D7FC089045
:1091700002246888A3B2834253D2089801280ED1F2
:10918000A889001981B20FAF284632463B46F7F74F
:1091900089FA5E2031463A46FFF7A2FC1AE0069FA4
:1091A000BA88798800960195022000F0CFFA00284D
:1091B0002BD1387F10280DD10698008B4249884268
:1091C00008D1069840880421F5F784F981883F4A40
:1091D00011408180A419CCE7A28861880A202B461F
:1091E00000F088FB002810D10898C088411E6888CC
:1091F000401E82B291420AD861890818608109E054
:109200002B4600F0A9FB002801D0842603E020466D
:1092100000F062F8079E304615B0F0BD0EA8008839
:109220000AE0069800F058F82846F4F7C7FDF1E781
:109230000E98401E0EA90880618982B28A4202D22D
:10924000401C208102E0204600F046F82846F4F752
:10925000B5FD0026DFE76189089AA0894018608182
:1092600080B25F43D11989888842D3D1207A401EC9
:10927000984224D900266681607A401C6072CAE751
:10928000F0430390069B089D394659436A5A284685
:10929000059D95420BD1024641184A8861898A187A
:1092A000049DAA4203D1024603980028D5D0267215
:1092B0000F20A0712078102101432170ABE701201D
:1092C00020720F20A071A5E72A2B0000FFFB0000F1
:1092D000FFFF00007810002080B5017808220A43C3
:1092E00002700C20F0F7C0FBE8F7C6FB80BD000061
:1092F000F8B50546C00621D40E46134800684A2139
:10930000405C002400071AD5174600930F480068F8
:109310006907C90E401800690E2203232946F3F796
:1093200005FB00280DD001460098C8604F810E81D2
:10933000074848602846F3F755FB00E0862420469E
:10934000F8BD0724FBE7C046B4110020A41100209B
:10935000BDBF051080B50B4642888189491D89B281
:10936000521F92B2F9F7A6FE80BDFEB50E464188A7
:10937000052912D11C4615468189052201AF3B46BD
:10938000F7F790F978783070B878F978090208180A
:109390002880029820700020FEBD8620FEBD0000BF
:1093A000F8B50446C00608D40D461E4800684A2198
:1093B0004056002804D4002700E086273846F8BD30
:1093C0001F461646184800686107C90E4018006914
:1093D0005D2204232146F3F7A9FA002820D0014694
:1093E000079A06980090C8730E738D720C234B7207
:1093F00011230B7238460027CF710A238B714A74F0
:109400008873FF224A7182220A710098000A087448
:10941000300A4873280AC8722046F3F7E3FACDE70A
:109420000727CBE7B4110020A4110020F8B50546AA
:10943000C00621D40E46134800684921405C002430
:1094400080061AD5174600930F4800686907C90EB1
:1094500040180069092203232946F3F767FA002818
:109460000DD001460098C8604F810E8107484860C2
:109470002846F3F7B7FA00E086242046F8BD072413
:10948000FBE7C046B4110020A411002075C10510EF
:10949000BCB504468089401C81B22046FDF7F3FB31
:1094A0006188081AA189401881B2022201AD2046C4
:1094B0002B46F7F7F7F82888BCBD0000F8B505463D
:1094C000C00621D40E46134800684A21405C00249F
:1094D000C0071AD0174600930F4800686907C90EE5
:1094E000401800690C2203232946F3F71FFA0028CD
:1094F0000DD001460098C8604F810E810748486032
:109500002846F3F76FFA00E086242046F8BD0724CA
:10951000FBE7C046B4110020A411002005C20510CD
:10952000F8B50446C00608D40D46194800684A211B
:10953000405CC00603D4002727E0862725E01646B6
:10954000144800686107C90E401800695B220323B4
:109550002146F3F7EBF9002816D001460673857211
:109560000C2048720D2008720027CF7106208871E8
:10957000FF20487182200871300A4873280AC87297
:109580002046F3F72FFA00E007273846F8BDC0461B
:10959000B4110020A4110020F8B50546C00621D45E
:1095A0000E46134800684A21405C002480071AD503
:1095B000174600930F4800686907C90E40180069F4
:1095C0000D2203232946F3F7B1F900280DD00146F7
:1095D0000098C8604F810E81074848602846F3F71D
:1095E00001FA00E086242046F8BD0724FBE7C046C8
:1095F000B4110020A4110020E5C00510BCB504463C
:109600008089401C81B22046FDF73DFB6188081A25
:10961000A1894018801C81B2022201AD20462B4650
:10962000F7F740F82888BCBDF8B50546C00621D438
:109630000E46134800684921405C0024C0061AD534
:10964000174600930F4800686907C90E4018006963
:10965000082203232946F3F769F900280DD00146B3
:109660000098C8604F810E81074848602846F3F78C
:10967000B9F900E086242046F8BD0724FBE7C04680
:10968000B4110020A411002095BE05101CB58189DD
:1096900042885118891E89B2022201AC2346F7F78D
:1096A00001F820881CBD80B58189491C89B2FEF76C
:1096B00062FB80BD70B514460E4605468089401C8D
:1096C00081B22846FDF7DFFA02464643B01C69889E
:1096D000884208D2A989081881B228462346F6F79D
:1096E000E1FF002070BD862070BD000070B58AB01B
:1096F0000C46014605AD142628463246EBF74AFBD8
:10970000684621463246EBF745FB287C802807D087
:1097100005AC0D490C222046EBF73CFB0020E08114
:109720006846007C802807D06C4607490C222046FA
:10973000EBF730FB0020E08105A869461022EBF72B
:1097400034FB0AB070BDC0461FF50510F0B587B0F8
:109750000546C00643D40E46244800684B21405CB1
:10976000002480073CD5049205930C9A2048006899
:109770006907C90E401800691E4906925118032254
:109780000A43113291088BB25E222946F3F7CEF8D4
:10979000002828D007460D99069800900391019162
:1097A000381D3146049A059B00F008F9280704D5B6
:1097B0000398F4F703FBF72005400C207872122081
:1097C0003872FF207871822038710698C01DB871F8
:1097D000000AF87128463946F3F704F900E08624B8
:1097E000204607B0F0BD0724FAE7C046B4110020B8
:1097F000A4110020FDFF0300FEB50446C00624D4DA
:109800001646134800684922805C002500071DD5D4
:109810001F46019102950F4800686107C90E401864
:1098200000690725032321462A46F3F77FF800281D
:109830000CD00146C76046810198088106484860FF
:109840002046F3F7CFF8029D00E086252846FEBDAE
:10985000B4110020A41100200DBF0510BCB50446B2
:109860008089401C81B22046FDF70DFA1121C943C1
:10987000012800D10E3160884018A189081881B2F2
:10988000022201AD20462B46F6F70CFF2888BCBD0E
:10989000F8B50546C00621D40E4613480068492194
:1098A000405C002440061AD5174600930F48006814
:1098B0006907C90E401800690A2203232946F3F7F5
:1098C00035F800280DD001460098C8604F810E8100
:1098D000074848602846F3F785F800E086242046CC
:1098E000F8BD0724FBE7C046B4110020A4110020F6
:1098F000FDC20510F8B50546C00621D40E46134832
:10990000006849214056002400281AD517460093C4
:109910000F4800686907C90E401800690B2203232D
:109920002946F3F703F800280DD001460098C860D7
:109930004F810E81074848602846F3F753F800E04E
:1099400086242046F8BD0724FBE7C046B41100205A
:10995000A411002069C00510F8B50546C00621D441
:109960000E46134800684B21405C002440071AD57E
:10997000174600930F4800686907C90E4018006930
:10998000132203232946F2F7D1FF00280DD0014608
:109990000098C8604F810E81074848602846F3F759
:1099A00021F800E086242046F8BD0724FBE7C046E6
:1099B000B4110020A411002081C205107CB51D4601
:1099C000044602728171100A6072080AE071079EF3
:1099D000B089C01881B2022201AB3046F6F762FEB0
:1099E0000698801E20730199A172090AE172B1895B
:1099F0006918891C89B20D34C2B230462346F6F785
:109A000051FE7CBDF0B589B017460D46064600787C
:109A10007488042845D0032877D17168086A002823
:109A20007DD00A7D102A74D1098A494A914270D1A9
:109A30000097012107AA08AB284600F08DF80028FE
:109A40006ED12888F9F7F0FC07AA117807230B409C
:109A5000059313707168096A8B683E49C97A490891
:109A60004A1C0421049003920293F9F7EFFC059A33
:109A700001461140814257D1029800900421049878
:109A8000039BFDF7D3F97068006A0078C0073AD0ED
:109A90002E882846F4F719FD024608A8008807A971
:109AA0004CE071688869002839D00A7D102A30D1CD
:109AB000098A264A91422CD10097022106AA08ABB6
:109AC000284600F049F800282AD106A80088059009
:109AD0007088801E81B20220FCF780FC002821D013
:109AE00005998907890E406800780840884219D195
:109AF00006A8028828883146FDF716FA7068806942
:109B00000078C00712D100200AE0032038708620B8
:109B100006E021462A463B4600F042F800E0842059
:109B200009B0F0BDFD20F1E71320EFE72E882846AD
:109B3000F4F7CBFC024608A8008806A90090019122
:109B400002203146234600F057F8E9E702290000D9
:109B5000292B000078100020F8B51D4614460F464A
:109B60000646F9F75DFB0E21C943D22800D00C311F
:109B70007088081882B20699BA4205D90D2008707B
:109B800000202880862709E000270F702880B089F0
:109B9000C01C81B230462346F6F784FD3846F8BD36
:109BA000FEB516460C46054682688188009302ABD6
:109BB0003046FFF7D1FF002800D0FEBD287881078E
:109BC00003D4A98802AA118001E002996980C00724
:109BD00001D10020FEBD37883046F4F776FC0246FE
:109BE00002A80088A9680090019102203946234606
:109BF00000F002F8FEBD0000F0B585B00546C006D5
:109C000045D4264800684924005D0024C0073FD0A1
:109C10000293039204910A9E214800686907C90EC5
:109C200040180069711E03220A43113291088BB259
:109C300058222946F2F77AFE00282CD007460B98C6
:109C400001903E740299B973039B3B73049ABA72F4
:109C5000300A7874080AF873180A7873100AF872D0
:109C60003846123001993246EBF794F80C2078729E
:109C7000012038720A36300AF871BE71FF207871FF
:109C80008220387128463946F2F7ACFE00E086247F
:109C9000204605B0F0BD0724FAE7C046B411002005
:109CA000A4110020F0B589B0054604AC284914225F
:109CB0002046E8F7C5FA0120264E31462246FCF739
:109CC000A5FB0024002804D00146286882881206DB
:109CD00003D42746384609B0F0BD2A79FE23134045
:109CE0008627042BF6D0008901220292F9F786FD1F
:109CF0008128EED028688188CA0502D500F030F8A6
:109D0000E7E7029A14022143818028790228E1D1F1
:109D100028890128DED16889B042DBD1EA68107C4D
:109D20001028D7D190890C498842D3D101203146DF
:109D3000FCF76CFB0028CDD003A8048029680989B2
:109D4000009001200027054B3A46F4F737FBC1E7A6
:109D500018160410FFFF00002A2B0000EFDF05108B
:109D6000E0B5C121490001AA1180018900920120BA
:109D70000022024BF4F722FB8CBDC046E3DF051046
:109D800070B58AB0044605AD0DA1142628463246AA
:109D9000E8F756FA68460FA13246E8F751FA20462E
:109DA0002946FFF7A3FC002807D069462046FFF7A5
:109DB0009DFC01464042484100E001200AB070BDD0
:109DC000FB349B5F80000080001000000028000032
:109DD00010000000FB349B5F80000080001000003A
:109DE0000128000010000000B0B58AB00446808849
:109DF000000601D400254BE00120010209AA1180D0
:109E0000218900920025244B2A46F4F7D7FAA1882D
:109E100089073DD400283BD104AD204914222846AF
:109E2000E8F70EFA01201E492A46FCF7EFFA00284F
:109E300012D00546FCF70AFB00280DD00146208908
:109E4000F9F7E5FA800712D4208900210122F9F7F9
:109E5000D5FC054681281BD109A8802101802189D4
:109E6000009001200022104BF4F7A8FA0FE00D48F3
:109E7000039001AA042050806888108003A80290F3
:109E800061892089009202220123F9F71FFD05460E
:109E900028460AB0B0BDC046D7DF05102C16041006
:109EA000FFFF00000100FFFFE3DF0510FEB50C46D9
:109EB0000546222012490290085C00270326114B18
:109EC0000195C1B28F4219D21968496B8A19D21E05
:109ED0001288AA420FD1FF2C02D0895DA1420AD17B
:109EE000F8B225461C4600F00FF823462C46019D8B
:109EF00002980349085C34367F1CE2E7FEBDC04689
:109F000078100020B011002070B5044622201049BE
:109F1000085CA0421BD90F4D296830200A5C521CF6
:109F20000A543422544330314868001983781B079F
:109F300005D5C378112B02D34B785B1E4B70468935
:109F40000021EAF72BFF2868406B0019468170BD9D
:109F500078100020B011002070B514244443144D33
:109F6000144800684821405C000713D52868C06A7F
:109F7000065B114800688069062202210B46F2F751
:109F8000D5FC002806D001460C4848600E8102200E
:109F9000F2F728FD2868C06A011900228A718A78C0
:109FA000F92313408B70005BFF21FFF77FFF70BD2B
:109FB000B0110020B4110020A411002025EC0510E0
:109FC000FEB50446F2F716F905462C20285CFE2162
:109FD0000140022958D102942F46E6373A79D0063B
:109FE00019D4F0240192144001212846F2F707FD0C
:109FF000064600212846F2F702FD304306D00298BB
:10A00000F2F76FFD002801D120200443019A1026A9
:10A010002643788827E0C0261C480068392140562E
:10A0200000281CD5688F019019480068806942217A
:10A030001446232202252B46F2F778FC22460028FC
:10A040000DD00146019AC2718571572048710420D4
:10A050000871100A08724220F2F7C4FC224616402A
:10A0600078883988081A0A23434372B638798242BD
:10A07000029902D1032006433E7162B6034800688C
:10A08000A0300122F2F7C6FCFEBDC046B41100208C
:10A09000A411002080B504490968902289584831EC
:10A0A0000522EAF777FE80BDB4110020F8B51E4600
:10A0B00014460D460746FBF7EFFBFF23062C24D87A
:10A0C0000246C0467C4424796400A744030D1E0761
:10A0D0001E1E1400012D01D1132316E03846294617
:10A0E0001C4600F015F804E0002138461C46FCF739
:10A0F00071FF234609E00120707003203070012DAC
:10A1000001D1122000E01320B0701846F8BD000005
:10A11000F0B585B00491002A30D014460646572089
:10A12000870035467D433046FBF70EFB039014490C
:10A13000096890228958C96B486843190C22049D0C
:10A1400055435D1911231B01ED58A5420CD115464D
:10A1500004994D4303994919019149790291FE25CA
:10A1600002990D4001994D71049D6A437743C119CD
:10A170008918CA1803982146FBF7F6FA05B0F0BD16
:10A18000B4110020FEB5029301920E460546F2F787
:10A1900031F80446074690342846F2F787FB0899C1
:10A1A000042E06D1002804D0019A002A0CD00A22DD
:10A1B0000BE088880880012E02D1C0080E3801E02B
:10A1C00080080F38029E0FE00822029E8A5A0A80F9
:10A1D0000088022801D0012000E003200B4BD21898
:10A1E000C2400B481018C00883B222889A4200D39C
:10A1F0000246002E03D093B2C889984200D310467D
:10A2000060803846F7F744FBFEBDC04688FEFFFF7E
:10A21000B5FF0700F0B585B01F4614460E4605464B
:10A22000F1F7E8FF02462846039631461646FBF74B
:10A2300033FB611E062973D8034630462C30C046D6
:10A240007944097949008F4403036B296B2E5A0026
:10A250000078032864D10293F81C044600F063F8E8
:10A26000002855D0387A01907F7A05222046029C3A
:10A270002146F8F776F938020199401882B2304643
:10A28000214600F06BF802222846039C214600F08C
:10A2900071F82846214600F081F841E0B87801289D
:10A2A00031D02A2130E03146FA310A88318FC08A14
:10A2B0001C4600F083F804A901910880204602940E
:10A2C0002946FFF7E7FE0120B870082078700320C8
:10A2D0003870F91C05222046F8F743F908370222A6
:10A2E000019C20463946F8F73CF92288304602990D
:10A2F00000F034F82846039900F067F810E028468B
:10A3000003991A460AE02321304600F06DF807E071
:10A310002846F7F7EFF828460399029AFFF7F8FE68
:10A32000FF2005B0F0BDB0B5014600791F2811D857
:10A33000002002460346252A0FD007241440D508E2
:10A340004D5DE540EC0703D05B1CDCB2022C03D072
:10A35000521CF0E70020B0BD0120B0BDA823C150C1
:10A360000921490142524018817908220A43827129
:10A3700070470000B0B514460D46FBF7E5F9022C16
:10A3800009D80C2169434018401DE100024ACA4027
:10A39000017811430170B0BD0204080010B50C46ED
:10A3A000FBF7D2F9817F01220A4382770C216143B6
:10A3B0004018417940220A43427110BD491C514363
:10A3C00006224A43101880B2704710B50C244C4343
:10A3D000F1F710FF0119FF220E328B5C40241C4361
:10A3E0008C5400F00FF810BD10B504462D202154F8
:10A3F0004B2080002018FDF7E1FC2D34207DF2F782
:10A400005FFF10BD88214058018804220A43028062
:10A4100070470000F0B591B00B9314460E46074606
:10A42000F1F7E8FE05460C9738460A963146FBF7E9
:10A4300033FA0646601E062800D9D4E02F462C3792
:10A440002C46FA3478440079400087440303CC1E3C
:10A45000CC2C7C003878032800D0C4E00B9F7B898B
:10A460003A89F8882488002100910191029409908A
:10A4700001460892079300F009F900280C9C00D1CE
:10A48000B4E02046F7F736F8A8E00B98807823214F
:10A490000F280A4600D02A22002800D0114628465C
:10A4A000FFF7A2FF9FE00B98801C0890F2F73AFBA1
:10A4B00009902288298FF88AFFF780FF0746282015
:10A4C000012107913154308B718B0818400810908E
:10A4D000B08B0590F48B0DA80C99017110A90F9108
:10A4E0000D96E8F7F3F810983083069739040919A8
:10A4F00004910C230B9F7B7003233B7005990F0481
:10A5000007430898604A84C0049A026058022203F4
:10A51000F16032610799490203C609980068718B9E
:10A520000902083E884200D3084670611098400234
:10A53000B06028463146069A00F0D4F80C980A9983
:10A54000FFF743FF4FE02820305C00280C9C45D0EB
:10A550000DA804710D96E8F7BDF84948006836214A
:10A56000415C890634D53630407A400730D5F08BCF
:10A570000B90B08B0990308B08906D8F414800682C
:10A5800000698021242204242346F2F7CFF9002811
:10A590001ED001460B304D72089F07700795099D2C
:10A5A0004D730B9B037100220A720322CA710A22A7
:10A5B0008A713E224A710C71079A120A8A723A0A0B
:10A5C00042702A0A8A731A0A42718020F2F70AFA44
:10A5D00000210C9C20460A4600F08FF820460A997C
:10A5E0003246FFF795FDFF2011B0F0BDF878002846
:10A5F00000D146E70999491E082900D30821814264
:10A600000B9900D23DE78A8809998A4200D938E738
:10A610000799F183089FB783099B338373830903E9
:10A620005B02520240028DC63160EA6C0120103E8E
:10A630009A4209D1AA6E91420B9F06D1288F0899A0
:10A64000081A411E884100E00B9F28217054099888
:10A6500010900DA8047110A90F910D96E8F736F827
:10A66000BA892846314600F03DF8022220460A9D6C
:10A670002946FFF77FFE20462946FFF78FFEB2E707
:10A68000B4110020A41100200003010070B504469D
:10A69000134800682D25465D1220A6421CD81925B6
:10A6A000ED01AC4218D88E4216D8A94214D8A14266
:10A6B00012D394087C2C0FD8059C049EB4420BD373
:10A6C0000A2B09D3AB4207D80698521C4A4342438F
:10A6D0009008834201D8122070BD002070BDC04692
:10A6E000A0110020A423C150092149014252401861
:10A6F000817904220A4382717047B0B515460C4631
:10A70000F1F778FDE621435A002D1A4600D0224683
:10A71000C46C0146E6318D8A6543008F0A30684378
:10A72000000B84B2641D944200D3224694B2A3422B
:10A730000BD048800A800879012806D002200871D1
:10A740001320EFF791F9E7F797F9B0BDF0B58BB0AB
:10A750001C4616460F460546F1F74CFD0246079586
:10A760002846069739461746FBF796F83B46052ECE
:10A7700007D13D211846FFF737FEFF2630460BB0C4
:10A78000F0BD0246014628313D462C352878022886
:10A7900026D10878401EFF260B28EFD80F46400030
:10A7A00078448088400087440B0097009A00B400EA
:10A7B000BC00C0001B011F01450153016001630182
:10A7C0000A20A070012161700320207007980A46BA
:10A7D0001C46FFF7CFFD204600F0E2FA022042E1DE
:10A7E000012E05912AD100204870164600271D46EB
:10A7F00018463946F2F703F9A178032950D1002809
:10A8000063D1E01C3146303108220292174B984741
:10A8100020460B3031462E310222144B98472046F9
:10A820000D303146029A114B9847153420360422D8
:10A83000204631460D4B9847052135E04878FF26E4
:10A840000D289BD8E5374000784480884000874435
:10A850000F00100053015C0165018801C701D80198
:10A860002402EA012902F6010E021B0263250510EB
:10A87000BBE70B20A0700122627003202070022031
:10A88000059948700024079821461D46FFF772FD80
:10A89000284600F085FA2846214600F088FA6DE740
:10A8A000012812D101273946284605AD34CD517013
:10A8B000177100F08DFA002228462146FFF75AFD55
:10A8C00028462146FCF786FB57E70798069932464B
:10A8D000FFF71EFC2B464CE70320387013E1A078ED
:10A8E0000B2800D045E704203870022118461D4689
:10A8F00000F05DFA0124079F38462146FCF76AFB09
:10A90000002238462146FFF735FD284600F060FA60
:10A9100034E70B20A0700120607003202070052018
:10A92000A1E006203870012185E102962546A61C8B
:10A930000024204603930492FA4988470690099020
:10A940002046F8498847F7490A9020468847044638
:10A9500017206870032028700894387A0002797AEA
:10A9600009044018B97A09064018C01C3060049DDB
:10A970002846333000F034FA706006980006E98DFE
:10A9800009020818F97B4018B06009AD681C00F096
:10A9900027FAF060200669794018A9790902401861
:10A9A000E97909044018306108AC6078A17809029F
:10A9B0000818E178090440187061029E08222846B0
:10A9C000049D2946F7F7CDFD20350422204629466F
:10A9D000F7F7C7FD07203870012107980A46F9E00C
:10A9E000082038700426C9E6A07811285BD0072813
:10A9F00059D00D2857D0042800D0BAE60920387065
:10AA0000E01C11460831164608221F46F7F7A9FD3B
:10AA10000B343146243104222046F7F7A2FD2E667E
:10AA2000012100220798FFF7A5FC384600F0D0F975
:10AA30000526A3E6A078112843D00D2841D005288B
:10AA400000D096E601210798FCF7C4FA0A200AE034
:10AA50000620A0700120607003202070022118469B
:10AA600000F0C9F90B20387088E60C20387017E127
:10AA7000A078062800D07CE6049200203870C348F5
:10AA800000682C21405CC007C10E6F20C0434840C5
:10AA90001D465A8F3979C0B2012900D012E1114602
:10AAA00000F0BAF912E1B94800682C21405C0001BD
:10AAB000C043802101439020084017465A8F1A2135
:10AAC0000CE0B24800682C21405C0001C0438021AA
:10AAD00001439020084017465A8F06211D46002347
:10AAE00000F0CCF9284600F0FBF9284600F000FA07
:10AAF000079806993A46FCE0032005994870012121
:10AB0000184600F054F90B2638E6A0780B2800D040
:10AB10002FE604200599487003262FE6A078032825
:10AB200000D026E6052005994870E01C114630311A
:10AB3000082517462A46994B984720460B30394638
:10AB40002E310222954B984720460D3039462A4631
:10AB5000924DA84715342037042220463946A8478D
:10AB600068E0002706978C4D384603930492A84767
:10AB700009903846A8470A903846A8470421019111
:10AB8000A1700D216170032121700890E11C09A8BA
:10AB9000009002960826814B324698470B3408AF46
:10ABA00038462146019D2A467C4B9847049C214605
:10ABB000083100983246029E784B9847774B2434F0
:10ABC000214638462A4698470620059948700122B2
:10ABD00007980699FFF7CEFB039800F0E1F8CDE562
:10ABE0006B4800683621415C890604D53630407ACE
:10ABF000C00600D58BE000210798FCF7EBF90D2784
:10AC0000C1E0059FF878002876D00520A0700120CB
:10AC10006070032020702A660021184600F0EBF8CF
:10AC200008207870AAE5A078062800D0A1E50A20BF
:10AC30000599487000210798FCF7CCF99EE504922D
:10AC40000020059D01906870504800682C21405CF0
:10AC5000C007C10E6F20C04348405A8F297901298F
:10AC60000393C0B234D1114600F0D6F834E0184650
:10AC7000154600F035F9079806992A46FFF748FA75
:10AC800000200599487079E5204619461C4600F0D9
:10AC900039F90C200599487035E00920059948706C
:10ACA00006266BE506202146A07001244C70032087
:10ACB00008700B20059948701846214600F09BF853
:10ACC0003C705BE50021012300F0D8F8069C07E00A
:10ACD0000021012300F0D2F8039D069C01993970F0
:10ACE000284600F0FDF8284600F002F907982146B2
:10ACF000049AFFF70DFA41E5204619461C4600F07C
:10AD000001F90C207870204600F0F2F836E51F4873
:10AD100000682C21405CC007C00E0296154603D087
:10AD2000192202E0FBCA05100A226F21C9434840DC
:10AD3000C1B2E88D01905C8F164800680069042359
:10AD400007910693F1F7F2FD072700281AD006466F
:10AD50000472200A707230460A30303508222946C3
:10AD6000EAF718F80199080AF074B1740520F07137
:10AD70000D20B0713E2070710698307107983146F1
:10AD8000F1F730FE029E05984770F7E4A01100200D
:10AD9000B4110020A4110020FBCA05106325051082
:10ADA00088214058018880220A4302807047882207
:10ADB0008058002907D0012903D0018840220A4386
:10ADC0000280202100E0402102880A43028070476F
:10ADD000882140580188012212020A4302807047EC
:10ADE0000178427812025118827812048918C078CA
:10ADF00000060818704788228058002907D00129CA
:10AE000003D0018810220A430280082100E01021AB
:10AE100002880A4302807047B0B50D460446C0065A
:10AE200006D41448006834214056002804D4B0BD2C
:10AE3000BF200440072200E017220F480068610786
:10AE4000C90E4018006902232146F1F76FFD002862
:10AE5000EDD0014605720020C871032088713020B2
:10AE6000487104200871280A48722046F1F7BAFD9B
:10AE7000B0BDC046B4110020A4110020F8B51E4694
:10AE800015460F460446C00606D4134800682F2115
:10AE90004056002804D4F8BDBF200440062200E03C
:10AEA00016220E4800686107C90E40180069022387
:10AEB0002146F1F73BFD0028EDD001460572867270
:10AEC000C7710420887108224A710871280A4872E3
:10AED0002046F1F787FDF8BDB4110020A411002031
:10AEE00088214058018880229143018070470000EA
:10AEF000882140580188024A0A4002807047C046B3
:10AF0000FFFE000070B504460326067002252846A1
:10AF1000FAF710FD002804D00620207111203546D4
:10AF200001E006260D20E670A070657070BD00007F
:10AF3000F0B5C7B01F46154604460791FAF7ACFCBA
:10AF400008902046F1F756F9FF22062D00D962E15C
:10AF50000646069449208000331834462C346D0090
:10AF60007D44AD886D00AF440600100056012900F5
:10AF7000560156015E000799012962D1089840796F
:10AF8000002800D1A8E02C2245E11446B8780E280C
:10AF900001D0082877D1F8780021089A5171907172
:10AFA000FA1CB878082806D11078000703D418884E
:10AFB000202101431980002040216CE0B878072847
:10AFC00000D18BE01F212C2800D194E0092800D06B
:10AFD000BFE004930592FD1C0020402102902A4608
:10AFE000334600F01DF908980079C10707D0089C86
:10AFF0002068002208232946F9F78DFE2079800772
:10B00000089D07D5E879002804D00A203856002882
:10B0100000D5F8E0049B188820210143198002998B
:10B020000391059AADE003203870089E70790028DE
:10B0300005920AD01B2078700798012833D02C2065
:10B0400032E006981446089AD9E0092006907870F4
:10B05000FD1C00260822284631460492E9F79EFE90
:10B060003F21012230462B4600F00CF9B879F72138
:10B070000140B971079801286FD120780228059AFC
:10B0800078D1049877E0387908994871C02148430D
:10B09000803880B27A1D334600F0C2F8002106984D
:10B0A000FBF798FFADE02B20B8700124204600F09C
:10B0B00047F9F870707938717D1D002118222846F3
:10B0C000E9F76CFE7079C0214843803880B222468F
:10B0D0002B4600F0D7F89DE009229CE02078032859
:10B0E00043D10320314614461D4600F039F92B4662
:10B0F00022461A203AE00391188820210143198042
:10B10000089D69793C798C423BD104930592C0211A
:10B110004C43803CA0B27A1D0392334600F080F885
:10B120002879C00707D0E008F822024028681823D1
:10B130000399F9F7F0FDEA79FC78A242069800D36A
:10B14000224669799142049B17D2491C69710121F9
:10B150005EE003910021089D13E00698B870F8782E
:10B16000089989790140F97054E01F200390089DE7
:10B17000697906E00E20B8704DE000200390059A32
:10B18000214614462879C0072CD00291049309ADBA
:10B19000F8212846E7F732F8089840791823434306
:10B1A00008330898006800272946089D3A46F9F7B1
:10B1B00079FD28680321F7F71FFE2F60728F287929
:10B1C000800705D4022009AB0399FAF703FC08E0D5
:10B1D000687909A90090019102200399029BFAF76E
:10B1E0003BFC049B18882021014319800B48006810
:10B1F000417FFD220A404277069807992A46FEF7CA
:10B2000087FF224607E06879401C68710121069893
:10B21000FBF7E0FE059A104647B0F0BDB4110020E0
:10B22000FEB5029301920024154D00910E2C26D0FC
:10B230002E88864220D3361AB7B28F421CD22606F9
:10B24000F10E0726FB083740019AD35CFB40DB0771
:10B2500026400127B740002B06D0029B5A188323B3
:10B260005B00D65C3E4305E0029B5A1883235B00DB
:10B27000D65CBE43D6540099AD1C641CD6E7FEBD17
:10B2800098DF0510FEB50093019202910646E32077
:10B29000C4430027264A002C26D01019E621455A1F
:10B2A000B5421ED302998D421BD80199002906D0C0
:10B2B0003946204B1940162913D0252911D0E821F1
:10B2C000405C00F061F81A4A00280AD0A81B072148
:10B2D000014001228A40C008009B195C1143144AB6
:10B2E0001954A41D7F1CD6E71348841C0027052F82
:10B2F0001DD02588B54217D30298854214D8A0786E
:10B3000000F042F800280FD00C480068007FF84099
:10B31000C00709D0A81B0721014001228A40C008AC
:10B32000009B195C11431954A41D7F1CDFE7FEBD6F
:10B33000B4DE0510FF7F00005A220410B411002073
:10B3400010B500F06BF80446403880B21821EDF7D4
:10B350006BFD402C01D3401C00E00020C0B210BDAA
:10B3600010B50C46FBF72AFFC108C9B2012909D85C
:10B370000722104001228240601883214900435C6B
:10B380009343435410BD000010B50F2811D8014657
:10B390000120C0467944097949008F440B070C0FFE
:10B3A0001215181B1E24272A2D30333AEFF786FB7F
:10B3B00031E0002010BDEFF785FB2CE0E7F730F916
:10B3C00029E0EFF781FB26E0EFF77AFB23E0EFF7C8
:10B3D0007DFB20E0EFF77EFB1DE0EFF77BFB0446F3
:10B3E000EFF774FB13E0F6F709FE14E000F066F8DF
:10B3F00011E0EFF771FB0EE0EFF770FB0BE0E9F700
:10B40000C7FC08E0EFF760FB0446E9F7C1FC6043C6
:10B4100001E0FAF747F9411E884110BDFEB50190E1
:10B42000E320C6430024214F2246002E20D0B81925
:10B43000E621455A91B28D4217D902941446E8216B
:10B44000405CFFF7A1FF00280DD00198002822469C
:10B45000029C06D0204616490840162805D025280B
:10B4600003D02A4601E02246029CB61D641CDCE79C
:10B470001048841C0026052E16D0258890B28542DF
:10B480000FD91746A078FFF77FFF002808D00A4899
:10B490000068007FF040C0073A4602D02A4600E02C
:10B4A0003A46A41D761CE6E790B2FEBDB4DE051058
:10B4B000FF7F00005A220410B411002000207047C2
:10B4C000F0B587B0039317460C460546F0F792FE99
:10B4D0000646284601942146FAF7DEF90446284636
:10B4E000F1F7E4F9FF23072F00D97DE104950294D9
:10B4F00009214901751834462C347F007F44BF88E8
:10B500007F00BF4407001C0046006E008A007101E6
:10B510002700910020780199012900D0D4E0022869
:10B5200000D010E10298007C032800D15FE10128DF
:10B5300000D059E1022002990874172354E1039ABC
:10B54000D07805A988701079C87004981C4600F05E
:10B55000A0F948E12E462178019A012A00D08FE017
:10B560000229029A049D00D0CDE0117C022900D16D
:10B5700050E1002900D037E116200399887003209C
:10B5800048700870D07CC870107D0871012010745C
:10B590002AE100930127049D28463946F5F7DCFF90
:10B5A0000446062800D0022705A88771039AD1789F
:10B5B00081701179C1702846F0F71CFE0646002103
:10B5C0002846FAF769F902462C20305C022800D0A0
:10B5D0008DE0FF2006301082062C00D1A7E02A2043
:10B5E000A6E0039A9078072800D1B1E02F461128F1
:10B5F000049D00D1C0E0182800D1D3E0172800D066
:10B60000F2E005A900200871D07888701079C87020
:10B6100028461C4600F09BF9E5E0039880781C461C
:10B6200016286BD02A216AE000939636049F38468C
:10B63000029900F01FFA617D384600F038FA617D0A
:10B64000029C384600F034FA6188208832889042A3
:10B6500002D17288914207D07180308072B6A87989
:10B6600040210143A97162B672B6A8792021014335
:10B67000A97162B6049801992246FEF749FD5CE083
:10B680000229029A049D48D1117C052900D1E1E0EC
:10B69000002900D0A8E000931821039B9970052190
:10B6A0005970174603241C70017AD970407A1871BA
:10B6B000591D02223046F6F754FF3C7430880028AA
:10B6C0003BD028460199BEE0022838D1029E307C4A
:10B6D000032800D082E01C46707C05A90871049DF7
:10B6E0002846324600F0E5F9002853D17BE0062CCD
:10B6F0002BD105A9284600F0CCF81EE023213046C6
:10B70000FEF772FE6FE016200399887003204870E0
:10B710000870D07CC870107DA5E017200399887050
:10B72000032048700870507DC870907D9BE02320F6
:10B73000907400212846FBF74DFC009B54E0022248
:10B740000498FEF717FE18234EE00021284694E7E0
:10B750001E4605A90720887000204870D078087020
:10B76000029F787CC870049D284600F0FAF9207882
:10B770003C46032827D02AE005A911208870D078FC
:10B78000087010794870029E707CC87028461C466C
:10B7900000F0E7F92846314600F06CF92846019997
:10B7A00032461EE01E46D01C05AC05222146F6F7A7
:10B7B000D8FE029A507C207128462146144600F09B
:10B7C00078F9002851D02846214600F053F9284640
:10B7D00001992246FEF79CFC334605E00498324668
:10B7E0001C46FEF795FC2346184607B0F0BD1C46E4
:10B7F000029E707C05A90871049D2846324600F01F
:10B8000058F9002842D02846314600F033F901218A
:10B810002846C5E700931821039B997005215970AC
:10B82000174603241C70017AD970407A1871591D8B
:10B8300002223046F6F795FE3C743088002800D18D
:10B840007BE701212846FEF7C0FDB07910210143B6
:10B85000B17172E716200399C87011208870032017
:10B8600048700870907C0871BEE7019C012C04D1DF
:10B87000012102222846FEF77DFD28462146FEF7DB
:10B880008DFDB87910210143B971A5E7042030740A
:10B89000A9E7F0B585B00F460446F0F7ABFC0546C6
:10B8A000002120460291F9F7F7FF0646012001909A
:10B8B0007074B878F074F87830759220285AF08156
:10B8C00003A80471039600F077F92C20285C2C352E
:10B8D000022808D1707C38712046394600F037F8CC
:10B8E0000298307425E02046F0F7E0FF817871750A
:10B8F000C778B775337D0B40DBB2002B19D0817947
:10B900008B4216D0D90702D0019A114601E00221DC
:10B91000019A5B0700D50421F37C1F407B0703D409
:10B92000C079001F42424241009601232046FEF7A3
:10B9300029FC00212046FBF74DFB2878022804D182
:10B94000002102222046FEF715FD05B0F0BDFEB530
:10B950000D460446F0F7AAFF064628790128029012
:10B9600014D1002520462946F9F796FF0746027DA7
:10B97000C37C9342019505D1032B02D3042B019D77
:10B9800000D10125F0781840B37814E00121204659
:10B990000191F9F781FF0746AB784375EA78827524
:10B9A0000025934204D1032B01D3042B00D10125A0
:10B9B000387D1840FB7C1340002D02D083420346A3
:10B9C00007D10021002B0A460AD0DA0704D0012251
:10B9D00003E0002211460DE004229B0700D502225D
:10B9E000002807D0C10701D0012100E00421800711
:10B9F00000D50221B37900209A42034600D01346B5
:10BA00003372F279914200D0084670722046F0F706
:10BA1000F1FB0546FA35717A002902D1317A002905
:10BA200018D0034642332A88018F1888FEF7C6FCD7
:10BA3000E884317A00290FD0F07900970840400758
:10BA4000C20F01232046FEF79DFB317A204600F00D
:10BA5000BEF801E00020E8840298012809D02046C1
:10BA6000019D2946FBF7B6FA022220462946FEF739
:10BA700081FCFEBDBCB50D460446F0F717FF00285B
:10BA800007D08179C079042807D128460C300122DB
:10BA900005E0A81D0022012101E0A81D0022008868
:10BAA0006880009500232046FEF76CFBBCBD704704
:10BAB0007047FEB501920C460646F0F79BFB074621
:10BAC0003046F0F7F3FE05462C200297395C032937
:10BAD00013D127780120042F30D8032F2ED062787D
:10BAE000042A2BD8032A29D009235B010298C31802
:10BAF0006A722F7262881A8000E02F7A002F02D1BA
:10BB00006A7A002A16D00020032917D1697A002901
:10BB100014D0EA79019B00933A405207D20F0446B1
:10BB200001233046FEF72EFB697A304600F04FF8CD
:10BB3000204603E021790120002900D0FEBD044603
:10BB4000E97903204A0700D50146029A528FAB7962
:10BB50000091590700D5034680200021F0F7ECFF43
:10BB6000E6E77CB50E460546F0F7A0FE04462846FB
:10BB7000F0F740FB0546B078072809D10820294690
:10BB8000FFF7EEFB0B202946FFF7EAFB1A2100E046
:10BB90007178F078002800D07CBDE6790320720728
:10BBA00000D506466A8FA37900965C0700D5034648
:10BBB0008020F0F7C1FF7CBD0068A92109018181C7
:10BBC0002922D200C2804181018182807047704762
:10BBD000F0B585B01C4616460F460546F9F75CFEE3
:10BBE00002902846F0F706FBFF22062E00D9B2E0AD
:10BBF0000346C0467E4436797600B744031AAC2526
:10BC0000ACAC3F00012F4AD1492080001C18185AC3
:10BC1000C105029E6CD52846314600F0A1F80121ED
:10BC200028463246FEF774FA21884C480840FF2225
:10BC30005FE01E460192284600F0A3F800283BD0A2
:10BC400028463946029A68E0A0780C2800D082E0A5
:10BC5000E01C01920522029E31461C46F6F781FC4B
:10BC6000284639463246FEF753FA608F314600F0D7
:10BC700091F82846314600F073F850E0164604A8C3
:10BC800030210180012F50D149208100585A82056E
:10BC900047D501212846029AFEF73AFA45E02846A0
:10BCA00039461446029E3246FEF732FA284631469D
:10BCB00000F056F822464EE0E01C05220092029C5D
:10BCC0002146F6F74EFC31463C312046009AF6F705
:10BCD00048FC492081007018715A0A060DD40122CF
:10BCE00052021143018028463946FBF773F916E0EA
:10BCF0000C228021884320802DE001221202114372
:10BD00000180708F029C214600F044F828462146AD
:10BD100000F026F8284639462246FEF7F9F9019A3E
:10BD200019E059188022104308801020E0700C2080
:10BD3000A0700620607003202070211D04A8022539
:10BD40002A46F6F70EFC03A820210180A11D2A46F1
:10BD5000F6F707FC3246104605B0F0BDFFFE0000C6
:10BD600010B50C46F0F746FA0146492080000A5A01
:10BD7000102313430B523C3105222046F6F7F1FB0A
:10BD800010BD80B5F0F736FA49218900405CC00645
:10BD9000C00F80BD70B50C460546104800683021C4
:10BDA000405C000719D50E480068806902212122F5
:10BDB0000323F0F7BBFD00280FD00646001D2946DF
:10BDC000224600F00FF80820B0710C20707104209A
:10BDD000307102203146F0F705FE70BDB41100202D
:10BDE000A411002001710023C370090A4171117868
:10BDF0008171517893780372C171D178127982720E
:10BE000041727047FEB50446AE20275C01253D40D7
:10BE1000BA07D00F28187907C90F4018401EC0B2C2
:10BE2000AE34267CB0420FD1019201200290F7F788
:10BE30008BF9012E0AD0022E0ED1C0B20621ECF7EA
:10BE4000F3FF12A0405C12E0607C11E00299084010
:10BE5000002D04D10CA108E0B808381A07E00199B8
:10BE6000002901D407A100E005A10818007860743A
:10BE70007100C2B2CA40032010402430FEBDC0464B
:10BE800006090000070D00000B0E00001B1E272DE9
:10BE900036390000B0B5FFB083B00C4605468B685C
:10BEA000CA8889886846801D00F01AF8280702D5DC
:10BEB000A068F1F783FF6846817A8900CA1D827005
:10BEC000120AC27005220271044A02800C224271D9
:10BED0000B31F3F727FA7FB003B0B0BD82FF00004B
:10BEE000B0B51C465B88150AC57082700A0A42709C
:10BEF0000170591E8A080271A589431D8AB2681C07
:10BF000081B22046F4F7CEFBB0BD0000B0B5FFB063
:10BF100083B00C4605468B68CA8889886846801DB0
:10BF200000F01EF8280702D5A068F1F747FF684621
:10BF3000C17A039A120251180A4609328270120A13
:10BF4000C27004220271054A02800C2242710D3136
:10BF500089B2F3F7E7F97FB003B0B0BD82FF00000C
:10BF600070B51C4605465E88100AE870AA70080A7B
:10BF7000687029709889401C81B2184600F00EF84C
:10BF8000B11E0A0AAA7169712871A089EB1D8AB2D3
:10BF9000801C81B22046F4F785FB70BD1CB51F29BB
:10BFA00003D801AA1180406805E0406801AC224630
:10BFB000F8F7BEFB2188401800791CBDB0B5FFB072
:10BFC00083B00C4605468B68CA8889886846801D00
:10BFD00000F01AF8280702D5A068F1F7EFFE6846CE
:10BFE000C1890A460C328270120AC2700C22027198
:10BFF000044B03804271103189B2F3F793F97FB09B
:10C0000003B0B0BD82FF0000FEB51C46174602918A
:10C010000546588801909889401C81B21846F4F76B
:10C020005EFB0646A089C01C81B22046F4F757FB90
:10C030000199491F0A0A6A722972A871320A6A7143
:10C040002E713A0AEA70AF70029B1A0A6A702B705E
:10C05000000AE871A0890A358AB2401D81B22046E3
:10C060002B46F4F71FFBFEBDB0B5FFB083B00C4606
:10C0700005468B68CA8889886846801D00F01CF8D0
:10C08000280702D5A068F1F799FE684641890A465B
:10C0900008328270120AC27008220271054A0280B8
:10C0A0000C2242710C3189B2F3F73CF97FB003B036
:10C0B000B0BDC04682FF0000B0B51C465B88150AC3
:10C0C000C57082700A0A42700170591E01710A0A15
:10C0D0004271A589831D8AB2681C81B22046F4F79B
:10C0E000E1FAB0BDB0B5FFB083B00C4605468B6831
:10C0F000CA8889886846801D00F01EF8280702D586
:10C10000A068F1F75BFE6846C17A039A12025118E3
:10C110000A4609328270120AC2700A220271054A66
:10C1200002800C2242710D3189B2F3F7FBF87FB027
:10C1300003B0B0BD82FF000070B51C4605465E88A6
:10C14000100AE870AA70080A687029709889401C63
:10C1500081B21846FFF722FFB11E0A0AAA7169715F
:10C160002871A089EB1D8AB2801C81B22046F4F7A9
:10C1700099FA70BDB0B5FFB083B00C4605468B6828
:10C18000CA8889886846801D00F01EF8280702D5F5
:10C19000A068F1F713FE6846C17A039A120251189B
:10C1A0000A4609328270120AC27006220271054ADA
:10C1B00002800C2242710D3189B2F3F7B3F87FB0DF
:10C1C00003B0B0BD82FF000070B51C4605465E8816
:10C1D000100AE870AA70080A687029709889401CD3
:10C1E00081B21846FFF7DAFEB11E0A0AAA71697118
:10C1F0002871A089EB1D8AB2801C81B22046F4F719
:10C2000051FA70BDB0B5FFB083B00C4605468B68DF
:10C21000CA8889886846801D00F01CF8280702D566
:10C22000A068F1F7CBFD684641890A460832827062
:10C23000120AC27009220271054A02800C22427160
:10C240000C3189B2F3F76EF87FB003B0B0BDC046D1
:10C2500082FF0000B0B51C465B88150AC57082706D
:10C260000A0A42700170591E01710A0A4271A589B9
:10C27000831D8AB2681C81B22046F4F713FAB0BD60
:10C28000B0B5FFB083B00C4605468B68CA88898874
:10C290006846801D00F01CF8280702D5A068F1F759
:10C2A0008DFD684641890A4608328270120AC270C2
:10C2B0001E220271054A02800C2242710C3189B2A1
:10C2C000F3F730F87FB003B0B0BDC04682FF000086
:10C2D000B0B51C465B88150AC57082700A0A4270A8
:10C2E0000170591E01710A0A4271A589831D8AB223
:10C2F000681C81B22046F4F7D5F9B0BDB0B5FFB0E7
:10C3000083B00C4605468B68CA8889886846801DBC
:10C3100000F01CF8280702D5A068F1F74FFD684629
:10C3200041890A4608328270120AC27007220271DD
:10C33000054A02800C2242710C3189B2F2F7F2FFF9
:10C340007FB003B0B0BDC04682FF0000B0B51C4650
:10C350005B88150AC57082700A0A42700170591E06
:10C3600001710A0A4271A589831D8AB2681C81B2D3
:10C370002046F4F797F9B0BDF8B50446C00628D4B6
:10C380001F4616460D46154800686107C90E40183D
:10C390000069622203232146F0F7C8FA00281AD068
:10C3A0000146067385720C2048721C2008723A46BA
:10C3B0000027CF71072088718A73FF20487182207F
:10C3C0000871300A4873280AC8722046F0F70AFB41
:10C3D00002E0862700E007273846F8BDA4110020B8
:10C3E000F0B5FFB086B00C4605460B89CA8889882F
:10C3F0006089A689276900900196029703A8801D8D
:10C4000000F01CF8280702D52069F1F7D7FC03A833
:10C41000C1890A460C328270120AC2701B22027154
:10C42000054A02800C224271103189B2F2F77AFF7C
:10C430007FB006B0F0BDC04682FF000070B5154663
:10C440000446059A02720498A0712371A5702170A8
:10C45000160A6672000AE071180A6071280AE07014
:10C46000080A6070069881890A34491D89B22346FA
:10C47000F4F718F970BD0000F8B50446C00620D4E2
:10C480001F4616460D46114800686107C90E401840
:10C490000069122205232146F0F748FA002812D03D
:10C4A00001460898079A069B48610A82CB818F81D2
:10C4B0004E810D81064848602046F0F793FA00202F
:10C4C000F8BD8620F8BD0720F8BDC046A4110020A5
:10C4D000E1C30510B0B5FFB083B00C4605468B68CC
:10C4E000CA8889886846801D00F01CF8280702D594
:10C4F000A068F1F763FC03990A460A326846827025
:10C50000120AC2700E220271054A02800C22427188
:10C510000E3189B2F2F706FF7FB003B0B0BDC0465E
:10C5200082FF0000F8B51C4617460E46054658889F
:10C5300000909889401C81B21846F4F7D0F8009911
:10C54000C91E0A0AEA71A97128713A0AEA70AF7025
:10C55000320A6A702E70000A6871A08908358AB2A2
:10C56000C01C81B220462B46F4F79CF8F8BD0000B1
:10C57000F8B50446C00625D416460D461448006892
:10C580006107C90E40180069602203232146F0F7B5
:10C59000CDF9002818D00146067385720C20487228
:10C5A000172008720027CF7106208871FF2048717C
:10C5B00082200871300A4873280AC8722046F0F7B2
:10C5C00011FA02E0862700E007273846F8BDC0468A
:10C5D000A4110020F8B50446C0062ED41F46164606
:10C5E0000D46184800686107C90E401800696122AD
:10C5F00004232146F0F79AF9002820D00146069836
:10C6000008748F730E738D720C224A7219220A728B
:10C610002B460025CD710A228A71FF224A7182229F
:10C620000A71000A4874380AC873300A4873180A35
:10C63000C8722046F0F7D6F902E0862500E007250B
:10C640002846F8BDA4110020F0B5FFB086B00C4616
:10C6500005460B7ACA8889886089A689276900906F
:10C660000196029703A8801D00F01EF8280702D546
:10C670002069F1F7A3FB03A8417B827B12025118CA
:10C680000A460B328270120AC2701A220271054ADF
:10C6900002800C2242710F3189B2F2F743FE7FB063
:10C6A00006B0F0BD82FF0000B0B515460446059AFD
:10C6B000C271049860712371A5702170130A2372EE
:10C6C000000AA071280AE070080A60700698818943
:10C6D0000934C91C89B22346F3F7E4FFB0BD00005A
:10C6E000F8B50446C00620D41F4616460D4611482C
:10C6F00000686107C90E4018006911220523214610
:10C70000F0F714F9002812D001460898079A069B02
:10C7100048610A82CB810F734E810D8106484860C3
:10C720002046F0F75FF90020F8BD8620F8BD07200D
:10C73000F8BDC046A411002049C6051080B5406967
:10C740000149FCF78FFA80BD69EC051004480068C8
:10C750005821405E0D2141434031C8117047C04609
:10C76000B4110020034909683522895C0840411E44
:10C7700088417047A0110020F8B51F4616460D46A7
:10C780000446C0060BD4174800683621415C890670
:10C7900027D53630C07A800723D51F2202E0BF207C
:10C7A00004401122104800686107C90E4018006952
:10C7B00003232146F0F7BAF8002812D001460F20D3
:10C7C000C872FF2088720F734E720D721220C871EA
:10C7D000062088713E204871042008712046F0F739
:10C7E00001F9F8BDB4110020A411002070B588B083
:10C7F0000446002805D06846FF212022E8F7CEFA3B
:10C8000004E0203168462022E8F7C4FA194800689D
:10C810002C21405CC007C50E01D10C220AE016484D
:10C8200000683621415C890622D53630807AC007FF
:10C830001ED01B22122045401048006880690A2340
:10C840002946F0F773F8002812D006460472093022
:10C8500069462022E8F79EFA0920F0712220B07183
:10C860003E2070710420307128463146F0F7BAF846
:10C8700008B070BDA0110020B4110020A411002048
:10C8800070B590B0044600280CD10D4620480068D1
:10C8900064302022E8F77EFA203568464022294697
:10C8A000E8F778FA1B4800682C21405CC007C50EE9
:10C8B0001FD10B22122045401748006880691223BF
:10C8C0002946F0F733F800281ED0064604720930D6
:10C8D00069464022E8F75EFA0820F0714220B07104
:10C8E0003E2070710420307128463146F0F77AF806
:10C8F0000AE0074800683621415C890604D53630D5
:10C9000009214056002801D410B070BD1A22D1E789
:10C91000B4110020A0110020A4110020F8B50E468B
:10C920000546154800683621415C890622D5363017
:10C93000C07A40071ED51446104800684069A121FE
:10C940002B220323EFF7F2FF002813D0074646728D
:10C9500005720A3006222146E8F71CFA1320F87106
:10C960000920B8713E20787104203871A120394621
:10C97000F0F738F8F8BDC046B4110020A41100202B
:10C98000054800688421415C84308078814201D868
:10C990000020704701207047B4110020054800684E
:10C9A0008521415C85308078814201D80020704724
:10C9B00001207047B411002080B50349C97A814233
:10C9C00001D3FDF7C9FA80BD7810002080B5406919
:10C9D0000149FCF747F980BDB9C90510F0B58BB026
:10C9E00001930092044641208500F9F7FFFE0146BD
:10C9F0006059B422A25800F06FF80746A420205ACC
:10CA0000000725469435002805D4012000F075F86C
:10CA10002E490140CF192646B4362046FBF718F9B7
:10CA20002868698A002902D1F179012903D0C11B44
:10CA300031D500282FD0B07900282CD0288A0007C3
:10CA40001ED509A900228A80099202A801234376F3
:10CA50003C238376FF238375C2811D4B8382636FE2
:10CA60001C7A04768281C27503910933029306927F
:10CA70000491F5F70FF9B07B800701D5F0F7FBFBC8
:10CA80000220FFF76FFE0124012809D16A8A002ADB
:10CA900009D03C2108E00098076001980760022453
:10CAA00020460BB0F0BD43210A4800682C23C05C2F
:10CAB0000001C043A1230343B12018402B7D9A1AE3
:10CAC000D3B2AA7DFFF758FEEAE7C046FF0F000089
:10CAD000FFFF0000A011002070B5034601240026CE
:10CAE0008B42254600D335468018984200D3344601
:10CAF000254201D18842F1D370BDE0B501A8E8F725
:10CB000083F901988CBD0000F0B58FB00546FBF7A6
:10CB100089F8064600F0E8F807462C46A034089548
:10CB2000C735079500F0ECF8002F36D0059000F0DF
:10CB3000F3F8049000250E950D953078C0090DA9E5
:10CB40000870481C3146083106273A46E8F722F9B2
:10CB50000C950B9530784006C00F0BA90870481C47
:10CB6000B11C3A46E8F716F9069630780F270740C9
:10CB7000052F01D1E8F76DF9E37B2279029509AE23
:10CB800001960898843000900BA8394600F0CEF842
:10CB900041087E2909D8014608E0002300281E46E6
:10CBA0005CD100262680012358E001213170089ACB
:10CBB000526F13680D9EB34227D152680E9B9A4262
:10CBC000069E23D10546FF3D6A1E9541032F1DD1C8
:10CBD000FF281BD0A0880125800717D504980128BD
:10CBE00014D1607E012808D160893D4A904204D06A
:10CBF000C0B209AA521CFFF791FE012607980670E1
:10CC00000021089800F0B9F825E0069EA088C0072A
:10CC10001FD0052F1DD1304600F0DEF8012818D1B5
:10CC20000A99099800F03EF9414241412940012901
:10CC30000FD1049801280CD109AA08983146E5F7CC
:10CC400065FD002849D0E8F704F9FF202077042586
:10CC500040E0002626800598434243412188A27F78
:10CC6000002A17D0002917D1E8F7F3F80025079814
:10CC70000570A07F401EA077A08803210140481EB8
:10CC80008141480020800121089800F076F8E8F7FB
:10CC9000E9F81AE0002912D00025002B15D1607C9C
:10CCA000012801D00F4900E0462108981430ECF724
:10CCB00014FD2088401E2080ECF720FC05E0E8F7FA
:10CCC000C8F8E088401EE0800325002E02D02088AE
:10CCD000401E208028460FB0F0BD0026BBE7C046AE
:10CCE000FCFF0000EE02000080B504480068C06848
:10CCF000ECF756FC411E884180BDC046B8110020AB
:10CD000080B504480068C068ECF752FC411E8841B9
:10CD100080BDC046B811002080B5F2F741F9024845
:10CD20000068007880BDC046B8110020F0B587B01B
:10CD3000CD1EFF21FD2425421CD1002A1AD00D9EB4
:10CD40000C990C68059406934B6882C8FF20000676
:10CD50003C46844312C603930598029006980190BE
:10CD6000684268410090C8B25207D30F3A4600F0BB
:10CD7000BBF80146084607B0F0BDF8B50D460446BD
:10CD8000B120205CFAF756FF06462746B137F87AFD
:10CD90003146ECF723FEF87A3146ECF7EAFDF87AF3
:10CDA000ECF70CFE2046002D09D0FFF72BF80146CA
:10CDB000F87AECF79EFD2046ECF764FC01E0ECF716
:10CDC00008FCECF79BFBFAF725FF0246B87D2146ED
:10CDD00000F0BAF8F8BD0000F0B587B00446007E58
:10CDE000617E09020D186A1E082A00D30822A07E5F
:10CDF0000490E07E0390607D0121284F0191B847A7
:10CE00000646A07DE17D09020818002106912A4608
:10CE1000B8472B46029505463543214800682D2129
:10CE2000415C1920C20118460592B8473B460646A8
:10CE30002E430398000204994718FF22F432384623
:10CE40000699984705463543781C0299484380085F
:10CE500081B20A2900D80A21207F627F12021018AD
:10CE6000059A0E4EB04705432320215C1F20084041
:10CE700005211022B047284301D006980CE0204637
:10CE800022300078C00606D11E202228F5D0215C71
:10CE9000401C0029F9D0019807B0F0BD8DEA0510BB
:10CEA000A0110020BFB50C460546EFF73BFE32212E
:10CEB000405C002801D0002011E00A480068902161
:10CEC0004058C06B0168086A496A03AA01230093AD
:10CED0000192FE2295432A462346FAF70BF904B045
:10CEE000B0BDC046B411002070B584B015460A46E6
:10CEF0000446002B07D00A9882421FD10B98684045
:10CF000000021BD11BE0099808990123002902D0D7
:10CF100006461E4004D1002911D1022108400ED03E
:10CF20000848006890214158C868096903AE009319
:10CF300001962B46FAF7DEF8002800D1FF242046A0
:10CF400004B070BDB4110020FEB514464F6F002828
:10CF500034D0CB6B42310888851DC0B202900420CA
:10CF6000064620703878C00703D02078402101435E
:10CF70002170012E14D13E4608363078C00703D008
:10CF800020788021014321706570A01C791C062542
:10CF90002A46E7F7FFFE0834711C20462A460AE0BD
:10CFA0006570A01C791C06221D46E7F7F3FE0834C5
:10CFB00020462946029AE7F7EDFEFEBD0846A4305A
:10CFC0000288500712D4032002408B6AC88D851D49
:10CFD000C0B202900620022AC2D050425041400006
:10CFE0002070002A13D00193002605E00126267048
:10CFF00000200C2502900190F4F756FD002804D083
:10D00000217820200843019BABE7019BAAE7022679
:10D01000A8E70000FEB50C468021415C49060CD40F
:10D020008030218A6288521A93B2458AAB4209D96C
:10D03000207AF7220240227201E0218A257B10200B
:10D04000019005E0E069431E9841000101901546FA
:10D05000002902D1207A800701D4012000E00220BB
:10D0600002900E4800688827C059001DE2895118B7
:10D070001F260E40A9198AB2A16900F011F860615B
:10D080002573064B1868C05930180199029A11434C
:10D0900081701868C0593018C570FEBDB4110020E9
:10D0A00010B5521E1F2313439AB2531C9AB29A42D0
:10D0B00001D000220DE053090A460021541864688B
:10D0C0004450091D2029F9D1116820305B1E1C0431
:10D0D000F2D1104610BD0000F0B599B00646008EA2
:10D0E000401C30862D20305C002808D04120345C64
:10D0F000E7F7AFFE2046F0F7E3F80426B4E2FF249A
:10D1000020460E303018089030462C300B903546B3
:10D1100080353746AC373046E4300A90F148006835
:10D12000C068ECF745FA099000280C950D963CD0A4
:10D130003C46374614363046ECF74BFA3046ECF7AF
:10D1400043FA2878800775D408963846ECF746FAF3
:10D15000064628370B980078032800D0A2E00898EC
:10D16000ECF73CFA0546BE4213D0317803200A465C
:10D170000240032A08D1890600D40220305C062828
:10D1800002D10D98FDF7B4FE0C9A106840210143BE
:10D190001160287831780143C80600D588E00C98E2
:10D1A0000078C00600D581E08DE0049405973046F4
:10D1B000ECF70FFA3046ECF707FA0EAC00202076B9
:10D1C000A0740790E07500F09FFC0646C54F3868D4
:10D1D000C068ECF7D1F90546401E854135436575B9
:10D1E0003868C068ECF7E7F90746401E39468141C8
:10D1F0002174012D2BD1E7F72CFE0A9DA868002889
:10D2000002D0C188491CC180E86800280B9C09D065
:10D21000607DECF7D4FA4000E96808189421425A7E
:10D22000521C425225460EA8012484740C9A1068A0
:10D230000026DCE0E7F70DFE13200B994870002074
:10D24000089948760873087004260A9CD5E1A54918
:10D2500008680C46C068ECF7A3F90546401E29464D
:10D2600081410EA8039141740C9E31784909012235
:10D2700006928A4302752068C068ECF771F904468B
:10D2800098480068C068ECF773F9002C78D03078C3
:10D29000C00600D582E0ECF731F930681021014377
:10D2A000316080E0286840210143296001250DE0BC
:10D2B000F9F79CFA0D9A516C081A6168401802D46B
:10D2C000D16E8842F2D2E7F7C4FD00250D98F3F73E
:10D2D00018FE02283DD10C9880680068C10615D45C
:10D2E000400636D50B98407DECF713FA0C9B9868F6
:10D2F0000168402291430160186808218843186042
:10D300001320ECF7B1FBE4F7B7FB22E00795002010
:10D310000F900E900B9D687DECF709FA687D0EA9C1
:10D32000ECF7F5FA2878032803D10B98407DECF749
:10D3300002FB0C9B986801681022914301601868F9
:10D340000821014319601320ECF78EFBE4F794FBEE
:10D35000079DBE420A9F01D0388A7882002D089826
:10D3600006D02168ECF7B9F900260C9D3C4644E153
:10D370003C46B868032600280C9D00D03AE13CE109
:10D3800069426941424242410A4324D00C9A1068E2
:10D390001021884310600026069622E0E7F759FD29
:10D3A0000EA8069981740A9D0B9C079EA868002808
:10D3B00002D04188491C4180E868002809D0607D7E
:10D3C000ECF7FDF94000E96808184A21425A521C5E
:10D3D00042520C9A06E0E7F73CFD0EA83D26067681
:10D3E0000C9A0B9C2546116820200843069C794224
:10D3F000794189014023984340181060002C05D0E2
:10D400000EA8047E002C44D1002644E00796029327
:10D410000D981430ECF7E2F806460F9001780320DF
:10D4200001400EAC069161733178890600D4022068
:10D43000305CE073F3F75CFF20730D9A916E5166D8
:10D440000123002F09D00C990968194005D0162432
:10D45000E7F7FFFC0EA804761BE00C998968497871
:10D46000C907039A12D0110610D00699032908D1D2
:10D470003D241228ECD8194681401B48014205D1B1
:10D48000E6E77078002801D03D24E1E7079C002CF6
:10D490002ED06C7004260EA8407D00280A9C0C9D9E
:10D4A00000D09BE00D98806C002875D016A8F4F78A
:10D4B0009BFB012810D1E5F7B3F8012853D10B9855
:10D4C00080780E2141430948006890228058C06B43
:10D4D00080684018C07947E0E7F7BBFC0EA801213F
:10D4E000817459E0B811002002000600B411002038
:10D4F00007930D981446ECF771F805460EA8002125
:10D500008175C17410950E912006019100D141E101
:10D510000B980078022815D1307829780143C80685
:10D520000BD5F9F763F90D9A516C081A116D401873
:10D5300003D40D99C96E884204D2E7F78AFC0EA87D
:10D54000012181747478002C00D123E10C980068CB
:10D550000825054000D1A0E0EDF7B0FA012800D180
:10D560008AE01C2089E001200D9F7C6C169DECF761
:10D570006CFA281A7864B96C091B0818059A516866
:10D58000814201D9081A506000210D9881644163DD
:10D5900000F0C6FA0A9C0C9D0EA8007D012803D15C
:10D5A0000D99886E486604E01220ECF75DFAE4F706
:10D5B00063FAA068002802D00188491C0180E06855
:10D5C00000280B9F07D0787DECF7F9F84000E16860
:10D5D0000A5A521C0A52B87800F0D0FA0EA8807C81
:10D5E00001280AD12868102188432860A0680326F2
:10D5F000002802D08188491C81800D9800F0BFFA74
:10D60000F01E01281BD82F46ED68002D19D00B9C69
:10D61000607DECF7BDF8024629461031012328460B
:10D62000F9F7D4FC607D0A9CECF7ABF80146203595
:10D6300008222846F4F795FF0020F86001E0EBF798
:10D640005DFF00F061FA099900290DD100280BD186
:10D65000E7F7EAFB7F2804D00546FFF777F828189C
:10D6600020700D9800F0A2FA0120F7F7FBFEE4F716
:10D6700003FA304619B0F0BDFC2020420DD070787E
:10D68000001F707002200A9988711320ECF7ECF9E2
:10D69000E4F7F2F90EA8407B06900698032811D112
:10D6A0000EA8C47B022C0A9F18D10F98407802283C
:10D6B00014D10EA8012181750C9E3068022101430E
:10D6C000316041E00B9E307803280A9F16D17878AC
:10D6D000002813D002200E9901434CE00D98F7F773
:10D6E000DBFF00280C9E1FD00B9C607DECF7A3F99C
:10D6F000002D29D0607D00F05AFA25E00F9C657856
:10D70000EDF7DCF9012801D01F200490049828408F
:10D710001FD005460D9801990167FFF731F90028E0
:10D720001AD002200E9029E00B980078032808D127
:10D73000272C06D10F9840780B2802D10EA8012182
:10D74000C1750EA80121C174306880210143316088
:10D7500017E001980E9014E020788006C00F2A1878
:10D760000D9C618F0798F3F79DFD2067002801D07D
:10D77000079900E002210E91880702D5707DECF731
:10D780005AF90F980078398A7982202101400EA831
:10D790008173109D01210D9C20460691F3F7EEFB4D
:10D7A00022462832A76F002F11D0397A09070ED5EB
:10D7B000F96900290BD0854209D0954207D014465B
:10D7C0000C9A1168029B99431160224604E00EA94D
:10D7D000097C00290C9E17D08542079218D09542EB
:10D7E0002AD07869B861397B019C3C733A8A511818
:10D7F00039828AB27B889A4219D2FA895118C906AD
:10D8000017D10068B86114E0EBF778FE0B9DE0E0FB
:10D8100003210D9C2046F3F77AFB2046EBF7CFFE61
:10D82000A878272808D10EA80121C17504E0FF6956
:10D8300004240E9820430E900D9C204600F0C9F958
:10D8400005462046F3F75DFB0EA98C7D002C20D108
:10D8500001281ED101270D9D28463946F3F78EFB7E
:10D86000044628462146EBF7CFFE20788006079431
:10D870001FD421462C46887827280C9E48D00228A1
:10D880004ED1A06E0721089A50503068384330605E
:10D8900046E0FFF783F800281BD0EBF72FFE0EA819
:10D8A000407C00280BD00D9C0C9E07990B9D069880
:10D8B0000AE02C462846EBF7A2FE0C9E30E0112031
:10D8C0000D9C0C9E07990B9D20852046EBF79CFE36
:10D8D00073E0002FE1D0012DDFD0012CDDD0EBF77C
:10D8E0000DFE8848006888214058398AFA89511805
:10D8F0001F220A401018811C0D9C20460791EBF74F
:10D9000083FE20463946FFF785FB67670C9E53E090
:10D910000B9A907D4871D07D887100200A99088209
:10D92000B0680068010716D4800611D50B98407DB9
:10D93000EBF7EFFEB0680168202291430160306888
:10D940000421884330601320ECF78EF8E4F794F854
:10D95000EBF7D4FD21E00020179016900B9D687D19
:10D96000EBF7E5FE687D16A9ECF70EF8287802289B
:10D9700003D10B98407DECF714F8EBF7BFFDB068CE
:10D98000016808229143016030680421014331603D
:10D990001320ECF769F8E4F76FF802212046F3F75B
:10D9A000B6FAB06801684A0706D5042291430160BF
:10D9B0000899487E384348760B9D01212046EFF7B1
:10D9C0001EF80128079904D14878002801D0001DCD
:10D9D00048700E98810706D53178090703D5687D10
:10D9E00000F0E5F80E98410706D50D987830F0F76D
:10D9F000B9F9F3F7BBFC0E98C00728D00F9844780C
:10DA0000EDF75CF8012801D01F2200E0FF22224040
:10DA10000D9C206F42800F990B789B0602D4002347
:10DA2000037302E001230373521C4068891C00F059
:10DA3000D6F8206F0024C4610F99097803220A40A8
:10DA4000017A11430172FAF7E1FE0D9804670EA8FE
:10DA5000C07C012845D10F980178890601D50321A2
:10DA600000E00221405C0EA9C8732A2801D01C28BE
:10DA700003D1E88A1521089A505200210D98F3F736
:10DA80007DFA06460F98007830700F9840787070D5
:10DA9000EDF71CF80546F4F7B1FAEAB2C1B2104648
:10DAA000EEF767FB0EA9897B202901D0022100E057
:10DAB00003210C9D0F9A5118001FC3B252789A424D
:10DAC00000D30246D2B2B01CE7F764F96868016877
:10DAD00001220A4302601620EBF7C6FFE3F7CCFFF2
:10DAE0000B9D0EAC0D98214600F090F8A07B2028ED
:10DAF00000D085E40F98807881090D9800F087F8B0
:10DB00007EE4C046B411002080B504480068C068B7
:10DB1000EBF74AFD411E884180BDC046B811002088
:10DB200070B5044606462C360546AC35E4F778FD5C
:10DB300001280BD1B0780E2141430E480068902295
:10DB40008058C06B80684018C07900E00120EBF776
:10DB50007CFF09494843000A103028603278032AC4
:10DB600007D1626BA36C5B009A185143090A08182D
:10DB7000286070BDB4110020710200007047B0B57C
:10DB8000054641202C5C2046EBF712FE80216958A7
:10DB9000002805D0480705D42046EBF7BAFDB0BDF4
:10DBA0000807F9D52046EBF7C2FDB0BD70471CB59C
:10DBB00004466946EBF70AFE0098411E00910028D2
:10DBC00002D10198401E019069462046EBF79FFE66
:10DBD0001CBD882140580088C0B2C0097047B0B54C
:10DBE000521E1F2313439AB2531C9AB29A420CD16D
:10DBF0005209031D00240D591D51241D202CFAD15A
:10DC000000682031521E1304F3D1B0BD7047704735
:10DC1000F8B50546EBF7E2FC0446012628463146F6
:10DC2000F3F7ACF92C21695C02293AD1844238D04F
:10DC300028462830844205D0696F2846FFF7EAF964
:10DC4000002621E02F4680372846FFF7C2FF3978AB
:10DC5000490619D4AF6F002F16D0002814D11148EF
:10DC6000006888214058398AFA8951181F220A40D1
:10DC70001018841C28462146EBF7C6FC2846394676
:10DC8000FFF7C8F96F67DBE701212846EEF7B7FE1B
:10DC9000002E06D16178002903D0002801D0081D8C
:10DCA0006070F8BDB411002004480068902140580D
:10DCB00040683D21C90040187047C046B41100209B
:10DCC000B0B5044600252846F7F79EFF0649897F30
:10DCD000491C491E06D07A22825AC030A242F8D18D
:10DCE000C038B0BD2846B0BD7810002070B50B4DCF
:10DCF0002868046A002C10D0EFF3108672B62968E9
:10DD000020312046F1F7CAF986F3108820690169AD
:10DD10000029EDD0606A8847EAE770BDB81100209D
:10DD200080B50349C97A814201D9FCF749F980BD20
:10DD30007810002080B540690149FAF793FF80BD53
:10DD400021DD051010B5044600200121074B2246B5
:10DD5000F0F790F806480068A8214058E100425CBE
:10DD6000CF2313402033435410BDC046204E000043
:10DD7000C0110020F8B5294E3168A8254959C400C2
:10DD80000A5DD3060ED4930646D50919930735D0FC
:10DD9000FC231340521E03241440E2180A70FFF7BC
:10DDA000D1FFF8BDFFF7CEFF306840590019841C41
:10DDB0006920C64337466937194800683421405CFA
:10DDC0007F1C874228D215480068A4254059801935
:10DDD00074366C3006222146E6F7E7FF0028EBD1C7
:10DDE0000E4800684059815DFB2915D110218155ED
:10DDF0000E20EBF739FEE3F73FFEF8BD3546002471
:10DE0000082208462146E6F7C9FF3068B02144548D
:10DE10004121425C521E4254F8BDC046C011002050
:10DE2000A011002080B5022802D8FFF7A3FF80BD13
:10DE30000449C97AC91C814203D9C01EC0B200F08E
:10DE400003F880BD78100020FEB5054674200290CE
:10DE500045430F480068A42101914058471939896A
:10DE600002200124002622463346F2F77FFD384681
:10DE70002146F2F7E9FC3889F2F7CCFC0448006847
:10DE80000199405840193146029AE6F787FFFEBDD6
:10DE9000C011002080B540690149FAF7E3FE80BD5A
:10DEA00025DE0510F401FA00960064004B003200F4
:10DEB0001E0014000100000000000100020000002C
:10DEC0000100030000000100040000000100050043
:10DED000010001000600020001000700020001002D
:10DEE0000800030001000B00030001000C00050006
:10DEF00001000D00060001000E00060001001100E7
:10DF000007000100120007000100130008000100D3
:10DF100014000800010015000700010016000700AA
:10DF20000100170007000100180006000100190099
:10DF3000060001001A00090000001B00000001009B
:10DF40001C00090001001D00090001001E000A005C
:10DF500001001F000A00010021000B000100220047
:10DF60000B00010023000B0001002400060001004B
:10DF700025000F00010027000C000100280005000B
:10DF800001002B000D0001002C000E0001003F00DD
:10DF9000000000004000040012001A0026002700C4
:10DFA0001D0002000300050008000B0021002200F4
:10DFB0002300190038B505000C002000FAF704FC16
:10DFC000A04200D00025280032BD704780B5012056
:10DFD000FAF778FD80BD09888088084000D0862047
:10DFE0007047098882888A438280002070470988A8
:10DFF00082880A43828000207047B0B50546806859
:10E00000428901894220FEF7B3FA0446002810D164
:10E01000A868428901890120F2F7D2FBA8688188AB
:10E020000A0603D5FBF79CFEA8688188022291436B
:10E0300081802046B0BD10B504460078002801D08C
:10E04000002010BD60688189491C89B2F8F7BEF8CC
:10E050000346A068428901890220FEF78DF9002855
:10E0600000D010BDA068C06881891922F8F799FA1C
:10E07000A068C06801214180842010BDF0B591B036
:10E08000074609AC1020207478688189491D89B23F
:10E09000F2F725FBA08178680FAE0EAD31462A4617
:10E0A000F5F735F9368878680697B9684488C868FE
:10E0B000818907220290F8F774FAE01F29880491F9
:10E0C0000121059180B203900196059887B23C1D0D
:10E0D00006988068C08884423CD8B0B209AA0499E6
:10E0E000F8F794F9002835D0054610A800900022D2
:10E0F00008AB0698294600F03DF8862828D000286D
:10E1000036D16E8808984368069840688189C91D91
:10E1100089B2039F3A46F4F7CDFF08990988B942BE
:10E1200016D1002814D107AF3E70300A7870284607
:10E13000F5F762F90646B870000AF870029881890E
:10E14000059A891889B204223B46F2F7BFFA059472
:10E15000761CBAE7012F07D106200A220199029BFB
:10E16000F5F79EF8862003E002980599418000208B
:10E1700011B0F0BDFEB51F460646089D00242C7068
:10E180000078012807D1306900281FD00C363E6086
:10E190000020287029E00292B068008901913A4677
:10E1A0002B4600F024F8002812D084281DD10198B5
:10E1B0004388B06842890189029800900220FEF7E6
:10E1C00009FA002811D17B20C0430EE00E2005E0A3
:10E1D00038680188029A914203D20720287086206D
:10E1E00003E04168891841602046C0B2FEBDF8B521
:10E1F0001C4600920E460746012208463946F8F7AB
:10E2000055F920708625002808D138463146009AF5
:10E21000F0F77EFA862802D10E2020702846F8BD3D
:10E22000F0B58FB00146406801918968CF680DADA7
:10E230000EAC29462246F5F76AF828880790F0F7D1
:10E240002DFA02462088029000252B460095039562
:10E25000002A069550D050880790029988424BD8E2
:10E26000A8B2C01801998968C988884244D81C4658
:10E2700008AD059210462946F0F722FA2E7C039845
:10E28000000606D00098864239D1C0080490069D49
:10E2900016E0B98905223846F8F783F9102E01D027
:10E2A000022200E00122069DB889401C81B2384656
:10E2B0000392F8F776F9AD1CF0080490841C0096E0
:10E2C000B889401981B23846079AF8F777F9B889C2
:10E2D0002818861C08A800F020F80346B1B204985C
:10E2E000C2B23846F2F7F2F9E0B22D180598F0F70D
:10E2F00053FB02462346ABE70398000603D006987B
:10E300007880002007E0079881B204200A223B466B
:10E31000F4F7C6FF86200FB0F0BD017C802900D045
:10E320000C30704770B586B004460078002814D0D1
:10E33000A589A068C188491FA94200D80D46AAB284
:10E340002369C0688189491D89B2F2F7BFF9681D48
:10E35000A168C9684880002040E060688189491C44
:10E3600089B2F2F7BCF90546032205AB20462946DF
:10E3700000F036F8002808D00246A068C3681620CE
:10E380002946F4F78DFF862028E060688189C91C42
:10E3900089B2F2F7A4F906466068A1684A8909893A
:10E3A00043885B1F9BB20096019302900A202B4684
:10E3B000FEF762F8002811D103AB5D70280A98704F
:10E3C000DE7017201870300A1871A068C068818943
:10E3D0000522F2F77BF900206060842006B070BD52
:10E3E000F0B585B01E4614460F46054601A80181CA
:10E3F0000271A9680191FBF755FC862801D1122012
:10E400000CE03846F4F7E6FF3060002805D0A96834
:10E4100009892246F8F74AF800E0012005B0F0BD6E
:10E42000F0B597B00446406815A914AAF4F76FFF39
:10E430000A9460688189491D428889B2072A05D1FA
:10E44000F2F74DF90FA98881102004E010220FABDC
:10E45000F2F728F980200FA908740A98407810284C
:10E4600001D0022100E0042107910A9A9168CC684A
:10E47000CB8805931278002A04940AD06588022D6F
:10E4800015D3A089401C81B22046F7F79FFE0646AF
:10E490000EE015AA1588102812D10FA8FBF770FC02
:10E4A000002800D1B8E00895A18911221BE00026C0
:10E4B000A089401981B22046F2F711F9089018E0BE
:10E4C0000BA8058102220271149A42810B910FA9B7
:10E4D0000E91FBF7E7FB862802D116A812229DE0D9
:10E4E0000895A18909222046F8F75BF80125658087
:10E4F00000260598801E019014A8008803900996B4
:10E50000F6B20695AFB2B8190599884274D8089842
:10E5100085B20FAA28460399F7F778FF00286BD039
:10E520000446029516A8009000250BAB0A982146D8
:10E530002A46FFF71FFE00284FD10B980088079945
:10E540000918012F11D1FF2900D3FF210198814221
:10E5500000D301990991CAB2049EB089401C81B2CE
:10E560003046F8F71EF8022703E0B142049E069FEA
:10E570005CD165882046F4F73FFF0890B089C01948
:10E5800081B230462A46F8F719F8079809990A1A0D
:10E590003C46BF1C0A98407810280AD1B089C0199F
:10E5A00081B23046089D17462A46F8F707F83A46E2
:10E5B000271D2C46B089C01981B20B984368D5B28B
:10E5C00030462A46F2F782F87D19758002200A99B2
:10E5D0000870601C0890099E91E78628069A16D05C
:10E5E00084280546049821D18189891889B2029A24
:10E5F000F7F7E4FF842519E0012F06D116A80A22B7
:10E60000027015A80588049C09E000250EE016A8F4
:10E610000278049C089D02E016A8102202700A9855
:10E620004078A9B22346F4F73BFE8625284617B06A
:10E63000F0BDF0B58BB005468068C468C7882878FF
:10E64000002824D02E460C36059668688089401C28
:10E6500081B2042204AB2046F2F724F830886978AE
:10E660007F1E0C2903D1874253D20499401A80B2ED
:10E67000874200D30746BAB27368A089401C81B2B2
:10E680002046F2F723F8781C608000204DE068787F
:10E690000C28029707D168688189C91C89B2F2F7F2
:10E6A0001EF80D2201E00B22002004AF03903880F9
:10E6B000A1892046F7F775FF68688189491C89B2EE
:10E6C000F2F70DF80646788007A806810127077142
:10E6D000A9680791FBF7E6FA862801D1122715E011
:10E6E0003046F4F777FE002810D0014606A80090C7
:10E6F00005AB2846039AFFF73DFD002817D0842874
:10E7000018D0862811D106A8077807E006A8077058
:10E7100004E006A80B27077004A8468868783146ED
:10E720003A462346F4F7BCFD86200BB0F0BD059EAB
:10E73000029F93E7A089401C81B2042204AB2046CB
:10E74000F1F7C4FF8420F0E7F0B58DB08168CE68A2
:10E75000C988069101780029079009D07788B08987
:10E76000C01981B23046F1F7BAFF079902460CE0B2
:10E7700040780E2801D0212200E00F22B1893046D6
:10E78000F7F70FFF01221746079948688078801A2B
:10E79000C0B2450808780028029666D00799084656
:10E7A0000C300190EDB2FF35E8B200230393A8428C
:10E7B00000D1B3E0BCB20698A04200D8AEE04868F1
:10E7C00081890592891889B202220CAB0492F1F773
:10E7D00069FF07990878012802D1019808900DE097
:10E7E0000CA80088F4F7F6FD0146079880680089B8
:10E7F00008AAEFF78DFF0799842865D00698041BB7
:10E8000048780E2809D1B089C11908980288944225
:10E8100000DB144689B2A2B213E0B089C01981B2FC
:10E82000089A304616883246F7F7C8FEA41EB4424E
:10E8300000D33446A2B2BF1C029EB089C01981B277
:10E84000089843683046F1F741FF3F1977800799F0
:10E8500048782028059A04D10698C01B80B2022867
:10E860005CD304980870921C9CE700210592079CD9
:10E8700088B2A84292D204914900606882895118F6
:10E88000491C89B202220CABF1F70CFF08A8012643
:10E8900006710C990181A1680891FBF703FA86289B
:10E8A0002AD00CA80088F4F795FD002827D00799F6
:10E8B000896809890122F7F7F9FD00281ED104991A
:10E8C000491C029E059AD3E70CA8038888684289F0
:10E8D0000189002000900220FDF77CFE03900028B3
:10E8E000059A1BD17780B089C01981B292B23046A7
:10E8F000F7F764FE842010E0122600E006460CA81C
:10E900000188079840780E2801D10E2000E02020D1
:10E910003246029BF4F7C4FC8620039003980DB0A6
:10E92000F0BDF0B589B004460078002801D0002081
:10E930003BE06068A168C968069146888189491CE6
:10E9400089B2F1F7CCFE0546F11E60780027522807
:10E950000CD0D2280ED1A0684089042824D10F3EC3
:10E96000052201270020049005960EE0059104225F
:10E9700004970AE00591069EB18913223046F7F705
:10E9800010FE012004907080032207AB2046294628
:10E99000FFF726FD024608A80270002A07D060781B
:10E9A0002946069BF4F77CFC862009B0F0BD002FB9
:10E9B00008D06168A068008900F023F8002801D021
:10E9C0000022ECE76168079808AAFBF71BF800280B
:10E9D000EBD0842812D16068A1684A890989059B17
:10E9E0009BB20095019302900A20049BFDF778FEEC
:10E9F0000028DAD1002060608420D6E708A80278D9
:10EA0000CDE7F0B58DB00D464F88EFF7B5F900288A
:10EA100005D00446407C400603D4B12034E00220F7
:10EA200032E021464C3105A81022E6F7B3F9083F41
:10EA3000B9B20C2202AE28463346F1F733FE3078E5
:10EA4000717809020818B17809044018F1780906AC
:10EA50004118206F814201D8401C10D10191FAB2B7
:10EA600005A809AE29463346F8F781FC02A8001D27
:10EA7000083608223146E6F798F9002801D005202B
:10EA800002E00198206700200DB0F0BD904201D84F
:10EA9000884201D21220704700207047F0B5FFB0C5
:10EAA0008CB00C4605468B68CA88898807A8801DEB
:10EAB00000F034F8280702D5A068EFF77FF907A81F
:10EAC0004189059101890391C18802910C3004901C
:10EAD0000025049EA8B2059988421CD231188AA844
:10EAE000069002242246E6F755F9A81C80B2311898
:10EAF00089AF38462246E6F74DF9281D84B2301911
:10EB00003B8806990A8800900298039900F01CF847
:10EB100038882518DEE77FB00CB0F0BDB0B51C46D4
:10EB20005B88150AC57082700A0A42700170591E0E
:10EB300001710A0A4271A589831D8AB2681C81B2DB
:10EB40002046F1F7AFFDB0BDB0B5FFB083B01C46B5
:10EB50006D462B73AA722972A8711B0A6B73120A75
:10EB6000EA72090A6972000AE87128460E3086992D
:10EB70002246E6F70FF920460A30A870000AE8702E
:10EB80000F202871FF206870822028700C20687187
:10EB90000E34A1B22846F0F7C5FB7FB003B0B0BD7C
:10EBA000B0B5FFB085B00C4605468B68CA88898829
:10EBB00002A8801D00F011F8280702D5A068EFF721
:10EBC000FDF802ACA38962892189E0880E340094A3
:10EBD000FFF7BAFF7FB005B0B0BDF8B51C461746C9
:10EBE0000E460546588800909889401C81B2184608
:10EBF000F1F775FD0099C91E0A0AEA71A971287119
:10EC00003A0AEA70AF70320A6A702E70000A6871B0
:10EC1000A08908358AB2C01C81B220462B46F1F784
:10EC200041FDF8BD10B5FFB083B089886C46A01DCA
:10EC300000F014F8217A481DA070000AE07001204D
:10EC40002071FF20607082202070082060710931DF
:10EC50002046F0F767FB7FB003B010BD01700022C3
:10EC60008270090A4170704780B5022807D00128D8
:10EC700009D0002806D10020E3F7C6FC80BD0020A3
:10EC8000FFF7A3F980BD0020F9F7AEFE80BD00209C
:10EC900070470020704780B58088FFF711F8002882
:10ECA00004D0BA21405C411E884180BD002080BD57
:10ECB00000207047002070470020704780B5FEF7A5
:10ECC000F3FF3821415C002903D0007A411E8841BE
:10ECD00080BD002080BD80B50179407900024018D8
:10ECE000FEF7EEFF411E884180BD002070471CB535
:10ECF00089886C46E01C00F00BF80520A0701320FA
:10ED000060700420207008212046F0F70BFB1CBD2A
:10ED1000002202710122C27041700270090A8170E2
:10ED2000704700207047002070470020704770B582
:10ED300004462830EEF78EFA05462646C6362046AB
:10ED40003C30EEF787FA002D02D03178C90704D1A4
:10ED5000002805D03078800702D52046F8F7F0FE6D
:10ED6000F8F758FF024670782146FEF7EDF870BDBF
:10ED700010B501242146FEF700F8204610BDB0B5BD
:10ED800004460546BA35A878EEF79AFABA2000216B
:10ED90002152FF24AC70A87AFF2801D0EEF788FA40
:10EDA000AC72B0BD70477047F0B58DB00293019260
:10EDB000074642203C5A4B2080003D18786C039057
:10EDC000E6F736F801462846099100F089F805462D
:10EDD000384600F092F893204600012D03D13846C2
:10EDE00000F08CF800E001200A90B8190590384630
:10EDF0004230079038462D300890384680300690D3
:10EE00000B97FA37049700200C90A1B20B9F38465D
:10EE10000A9A00F0BEF8F96C41437A6C56187E6489
:10EE20000C9941180C912418A5B23846294600F0D7
:10EE3000B2F80746002802D10998301AE5D4069A9C
:10EE40001068802188431060079E3088A84205D949
:10EE5000049800880B99F83100F02DF93480002FC8
:10EE6000089E1DD10B98416C039A8D1A294600F01B
:10EE700023F90746002813D17078294600F02BF9B2
:10EE8000074600280CD10B9829460C9A019C234672
:10EE900000F047F90746206802990860002F06D065
:10EEA000377000200599087001200DB0F0BD0B9E51
:10EEB000B06F002801D0C46900E000247836002C2F
:10EEC0000CD02546E469287A0007F8D53046294653
:10EED000F6F7B8F82846EEF771FFF0E70220E4E70E
:10EEE00080B58269531A01D4012080BDD2435218E3
:10EEF00041685018E9F798FF80BD7047F8B505469E
:10EF00002C20285C0124032841D1288F00283ED0E2
:10EF10002F462C375426B85D800638D52846EAF7A8
:10EF20005DFB29462831884231D1B85D0006800F4B
:10EF30002DD12846E3300078800728D42E46F636B7
:10EF40003088002823D1B87801242146F6F7BBFC8D
:10EF50000090B8780021F6F7B6FC0099084302D17A
:10EF6000288F441C13E09320400028180078C00725
:10EF70000DD0F88A718D081A81B2022907D3441E78
:10EF8000A1B2288F401C82B2914200D30446A0B2A5
:10EF9000F8BD10467047FEB50A460446932043006C
:10EFA000E05CC10725462C3500297FD02746E23793
:10EFB000F98F8A1A160404D010B2002876D52820BA
:10EFC000FEBDE61842B2002A0FD4410713D4000751
:10EFD00036D4A878E3F786FB00285DD0A878012115
:10EFE00000221346ECF718FB56E0A878FFF7DAFE8C
:10EFF00030787F214EE0606CAF6F796840186064B4
:10F00000B9683A68287802280291019227D1687D70
:10F01000EAF7F3FB042801D0062800D10220800083
:10F020002118786988650028029B019903D09842CD
:10F0300000D3184620654808616C081860641AE01F
:10F04000E96F687DEAF704FC3878012804D1E96F9C
:10F05000BC342046F2F760FD3078F7211AE0EDF776
:10F0600061FD029B019961634068002803D09842CA
:10F0700000D318462065F86820873869E16C0A18C3
:10F080006266A066994203D0E3642046F6F7EAFB85
:10F090003078FB21014031703078FC210140881C20
:10F0A00030701620EAF7E0FCE2F7E6FCA878E3F718
:10F0B00029FB0020FEBD7047426E511A4166491E71
:10F0C00001D4002070478021405C800601D50820D3
:10F0D00070473E207047FEB502910546F6F734FBB7
:10F0E00007467D20460400240194022C15D078792F
:10F0F000C0070FD0E1B22846F2F72EFAFD210842F0
:10F1000008D03868411E0AD4B042314601D802996D
:10F11000411A39600C37641CE7E70198FEBD2220D4
:10F12000FEBDF0B587B00693059105464120285CE9
:10F1300013210C01E221695C2E462C3601290DD1E8
:10F14000EAF705FBF28A777D002300930190029392
:10F150002946BC313846F1F743FE10E01746EAF77E
:10F160001FFB049404464743F0783F18B8B2F1F708
:10F170006BFEF070381B049C80B2F1F765FE01460F
:10F180002F19707DEAF74BFC3078022811D1284600
:10F19000EAF778FA2846EAF73AFA707DEAF70EFCC1
:10F1A000E86C3860288E401C2886686C06990860D8
:10F1B00026E0AC6C688D0599F1F756FE0019A96C34
:10F1C000002900D10D30E96C49083E39884201D947
:10F1D000082016E0A8642C4614342046EAF752FAB8
:10F1E0002046EAF714FA707DEAF7B3FB2A46443268
:10F1F00007CA3A60401A06990860288E401C288683
:10F20000002007B0F0BDB0B50D4604464120205C9B
:10F21000EAF7F3FA022102460A43062A00D0014621
:10F22000002D0BD020462C300078032807D0022870
:10F2300004D188002018806D002800D0B0BD4D207A
:10F240008000201801694269511A02688A42F5D08B
:10F25000531A01D95908511A42689142EED30160FC
:10F26000B0BD70B504462C20205C2646AC36032881
:10F270000DD14B2080002518284600F018F80146D3
:10F28000206D814202D2284600F011F870602046BD
:10F29000F2F7FEFA2046FEF743FC2046FEF76FFC2D
:10F2A000316814342046EAF718FA012070BD01468F
:10F2B000896A00290ED0427D4B7D9342F8D3826942
:10F2C000CB69DB43D2184368D218F1D4C06989698D
:10F2D000081A00E0406883387047B0B504462E2015
:10F2E000255C2846FFF75FFD2846F2F701F9002864
:10F2F00003D12E34E07CEDF7E3FF1620EAF7B4FBF0
:10F30000E2F7BAFBB0BD10B50C46F7F757FFC108DE
:10F31000C9B2012909D80722104001228240601891
:10F3200083214900435C1343435410BD70B401234F
:10F33000002413E00168001D194202D04D466918EF
:10F34000491E0C60091D121F042AFAD20D009607EF
:10F3500001D50C80AD1C1A4000D02C700268001D35
:10F36000002AE7D170BC7047F1B4016841184368C6
:10F3700058080A1800988068DB0701D54B46C0186A
:10F3800091422DD00D78491C032403262E4002D132
:10F390000E78F61C491C2B090F2B07D10B780F3365
:10F3A000491C03E00F78491C0770401C761EF9D1F8
:10F3B000002BE5D00E78491CAD082C40032C01D160
:10F3C0000C78491C24023419654244190025AE1EEC
:10F3D0009E42D5D02678641C0670401C6D1CF6E752
:10F3E00000980C30F2BC704745FFFFFF040000009E
:10F3F00030000020600000005C000020580C00007D
:10F40000800500200000000061FFFFFF1F010000D9
:10F4100008000000C000002051FFFFFF13010000A2
:10F42000AA02000094010020BD1A3CCDA6B899584C
:10F4300099B740EB7B60FF4A503F10D2E3B3C974E9
:10F44000385FC5A3D4F6493F000C00020800110242
:10F4500000011703010D0301010001010013020067
:10F460000309000309000101000101000406001264
:10F470000200030901141800141800120300070108
:10F480000107010005090105090106030206030041
:10F4900006050014030009020209010008230010F8
:10F4A00002011002010D24020D09020D10000E04CC
:10F4B000000A04020A05000A05000F0B020F0B00E8
:10F4C0000B04010C0B00082B00031B00031B006C3A
:10F4D000888391AAF5A53860370BDB5A6083BEE6B6
:10F4E0009D350E480103CCDBFDF4AC1191F4EFB96E
:10F4F000A5F9E9A7832C5E2CBE97F2D203B0208B2E
:10F50000D28915D08E1C742430ED8FC24563765C91
:10F5100015525ABF9A32636DEB2A65499C80DCFB19
:10F52000349B5F8000008000100000F2C20001C028
:10F5300010020106060948545F5858030309180FC2
:10F54000FF30000110010300200260040000B80F2A
:10F5500000200C12D80C100101000802300100003C
:10F56000F8181001000032041003AC100020FF0155
:10F5700020150000FFFF03070800FB349B5F80009D
:10F5800000800010000002290007B00600D40E041D
:10F59000100207001C43002A1C6101E002D8010090
:10F5A0002024D20124F202B048D20424F202BC2466
:10F5B000D2A62412C824B0012207092443882B2490
:10F5C00012010433EC01F3E20048D2C948F202E030
:10F5D0006CC3F52B2412EC24B1F882186861011277
:10F5E000020C17080254D14C6540C3200F44F202AC
:10F5F00001446101F10744F00207741404101CF285
:10F600000A801C128C1C12016A216C2B68110432B6
:10F6100002B0476A112423E80302F2900001F206C7
:10F6200002A352FF01A11F65581204081602062109
:10F6300008150E624804391F34034000000F10EA19
:10F6400071181114F00707410024F4008BD5041041
:10F65000046170E3161614116C1C02040101685C4D
:10F66000032D780352680421616108F4060F7005C8
:10F6700000205C0500206E000983BC0410876D0526
:04F680001001040170
:040000051005874D0E
:00000001FF
