:020000041004E6
:1010000000000120D1DB061025E0061027E00610C5
:101010000000000045554C420000000000000000A8
:1010200000000000000000000000000029E00610A1
:1010300000000000000000002BE006102DE006106C
:101040006F2A04104338041053390410F339041084
:10105000FF440410EB450410D34B0410EB6B041059
:1010600035E00610B36C0410C76F0410F371041060
:101070002F7604103FE006100000000089E0061003
:1010800097E0061049E0061071E00610000000002D
:1010900069E006100000000081E0061059E006102B
:1010A00061E0061079E0061000000000000000007A
:1010B0000000000000000000000000000000000030
:1010C000103000207E6800003C0008080600AA00DE
:1010D000F7000000FFFFFFFF640002100804020495
:1010E000F7000800000101020201010000010003F5
:1010F000000400001D0400008DC70510010C000055
:10110000C7C70510490C0000F1C70510630C0000AB
:1011100027C805107C0C000053C805100110000002
:10112000ADC805100514000027C9051003200000F4
:1011300087C905100F200000D1C905101420000038
:101140000DCA0510162000003DCA05101D20000024
:1011500075CA05101E200000A7CA05101F20000038
:10116000DDCA05102220000025CB05102420000038
:1011700083CB051025200000C9CB05102A200000D4
:10118000FDCB05102B20000041CC05102C200000C9
:101190008DCC05102F200000E1CC0510312000007F
:1011A00051CD05103220000087CD051033200000FE
:1011B000D7CD0510342000000DCE05103F200000D3
:1011C00045CE0510402000007FCE051044200000D1
:1011D000C5CE0510452000001FCF05104620000099
:1011E0004FCF0510472000008BCF0510482000008E
:1011F000C1CF051049200000F9CF05104A2000009A
:101200002BD005104D20000067D005104E200000A7
:10121000B1D0051059200000E9D005105A20000077
:1012200029D105105B2000008FD105105C20000043
:10123000E5D105105D20000049D2051076200000A0
:1012400093D205107720000003D30510782000000A
:101250003DD30510792000009DD305107A200000B1
:10126000E9D305107B20000037D405107C20000056
:1012700095D405107D200000CBD405107E20000001
:1012800035D5051082200000B1D50510832000005F
:101290004BD6051084200000BDD605108620000026
:1012A00019D70510882000008DD7051001FC00001B
:1012B000C9D7051002FC00008DD805100CFC0000F9
:1012C0005BD905100DFC000097D905100FFC00003C
:1012D00019DA051014FC000059DA051015FC00009D
:1012E0009DDA051016FC0000D3DA051017FC00008B
:1012F00005DB051018FC000069DB05101CFC000074
:10130000A7DB051035FC0000E7DB051036FC00000C
:101310002BDC051037FC0000B3DC051081FC00005D
:10132000EDDC051085FC000023DD051086FC0000C7
:1013300057DD051088FC0000A1DD05108AFC0000C7
:10134000E3DD05108DFC00004DDE051090FC000073
:101350008FDE051092FC0000E7DE051093FC000014
:1013600019DF051094FC000059DF051096FC000001
:101370008BDF05109CFC0000CBDF05109DFC0000FE
:1013800003E005109EFC000037E00510A0FC000003
:10139000CBE00510A3FC00001BE10510A4FC00003D
:1013A000C3E10510A5FC0000F9E10510A6FC000052
:1013B00039E20510A7FC000079E20510A8FC000046
:1013C0000DE30510AAFC000053E30510ABFC000080
:1013D00089E30510ACFC00000FE40510ADFC000033
:1013E000A1E40510AEFC0000DDE40510AFFC000038
:1013F00019E50510B0FC000065E50510B1FC000022
:10140000E9E50510B2FC000033E60510B3FC00006E
:101410006BE60510B4FC0000E9E60510BAFC00001C
:101420001DE70510BBFC000051E70510CAFC0000D9
:1014300083E70510CBFC00001BE80510CCFC000086
:10144000ADE8051001FD00003FE9051002FD0000B8
:1014500085E9051003FD00002BEA051004FD0000DE
:1014600087EA051005FD000067EB051006FD00008A
:101470007FEC051007FD0000DFEC051008FD000003
:101480001DED051009FD00005BED05100AFD0000D3
:1014900099ED05100BFD0000CFED051010FD0000CB
:1014A0000DEE051011FD000081EE051012FD00008B
:1014B000CBEE051013FD00000DEF051014FD00002C
:1014C0008FEF051015FD0000E5EF051016FD00007B
:1014D00043F0051017FD0000E1F0051018FD0000B5
:1014E00037F1051019FD00008BF105101AFD000001
:1014F00029F205101BFD00007FF205101CFD000005
:10150000E9F205101DFD000053F305101EFD00005B
:10151000CFF3051023FD000043F4051024FD000067
:10152000ABF4051025FD00000BF5051028FD0000AB
:1015300053F505102AFD000093F505102EFD00005F
:1015400063F605102FFD0000A3F6051031FD000025
:1015500017F7051033FD000061F7051035FD000099
:10156000EBF7051036FD0000BFF8051037FD000051
:101570001FF9051038FD0000D1F9051039FD0000F4
:101580008FFA05103AFD0000F9FA051081FD000000
:1015900043FB051082FD0000ADFB051083FD00003C
:1015A00049FC051084FD0000AFFC051085FD00001E
:1015B00061FD051086FD0000CBFD051087FD0000D4
:1015C00013FE05108AFD000073FE05108BFD000060
:1015D000E9FE051000FE000033FF051001FE0000CB
:1015E00091FF051002FE0000E1FF051003FE000060
:1015F0002B00061004FE00005F0006100000000033
:1016000000000000050000009F75071000000000AA
:1016100000000000000000000000000010000000BA
:10162000B775071011000000D175071004080000FD
:10163000E17507100D080000FF750710010C000090
:101640004F7607100F0C000087760710100C000073
:10165000BF760710160C000031760710190C000039
:10166000E17607101A0C0000137707101B0C00001E
:101670004F7707100000000000000000000000008D
:101680000200000000300020000000000800000000
:101690006803002000000000010000006A0500202F
:1016A0000100000003000000C82F0020000000001F
:1016B00001000000063000200000000002000000D1
:1016C000680500200000FFFF00000000040000008B
:1016D000C41604100000000005000000B82F002010
:1016E00000000000010000005E8604100100000000
:1016F00003000000CC2F002020000000FB349B5F83
:101700008000008000100000052A0000100000008A
:1017100001000000B0040020C81604100A000000F8
:10172000FB349B5F8000008000100000292B00002C
:10173000100000000000000000000000D41604109B
:1017400002000000FB349B5F80000080001000005E
:101750002A2B000010000000000000000000000024
:101760000000000002000000FB349B5F800000804E
:10177000001000003A2B00001000000000000000E4
:1017800000000000E016041000F007100008000040
:10179000AA02000000F80710F8070100000000008E
:1017A00096C298D84539A1F4A033EB2D817D0377FB
:1017B000F240A463E5E6BCF847422CE1F2D1176B96
:1017C000F551BF376840B6CBCE5E316B5733CE2B69
:1017D000169E0F7C4AEBE78E9B7F1AFEE242E34F98
:1017E000A5DE0610B1DE06107FDD061005DE061050
:1017F00025DC0610BDDC0610FB349B5F80000080FA
:1018000000100000292B000010000000FB349B5F3B
:101810008000008000100000052A00001000000079
:1018200002000000030000000300000006000000AA
:1018300003000000030000003C00000070000000F6
:1018400070000000D003000070000000C301000021
:10185000000000002183071085070710000000002A
:1018600025830710F58207105D08071021830710F4
:10187000250807100000000025830710F5820710D7
:101880008DE10610AF2C0410D72C0410EF2C04109F
:10189000E72C0410372B0410A72B0410F53104108B
:1018A000FD310410053204100D32041015320410FD
:1018B000F5E70610BD310410A5310410C531041040
:1018C000592E0410EB820410432D04100F30041025
:1018D000332D0410857207103B2D04100300000007
:1018E0002385071029000000578507103F000000DE
:1018F0003D850710E5E50610DD79071039780710FA
:10190000DD7B0710EF7D0710EF7D0710057F0710C7
:10191000DD7B0710DF800710DF800710DF800710F6
:10192000E17A0710F3770710B7770710057F0710E4
:1019300000000000698C0710B5410710398C0710B2
:10194000818C071049400710AF2B0410B72B0410EF
:10195000038607100B86071007860710FF2B04105D
:10196000072C04100F2C0410172C04103F2C04100B
:10197000272C04102F2C0410372C04101F2C0410BB
:10198000472C04104F2C0410572C04105F2C04100B
:10199000672C04100F86071051860710852F07103B
:1019A000000000005F860710652E0710B13F07108A
:1019B0003B8B07107D340710DF8A0710B38B0710AD
:1019C00089860710BB8D0710C58D07108948071041
:1019D00001490710E18D0710278D07100000000056
:1019E00029930710CD4907100000000000000000F7
:1019F000854C07100F93071089930710CB910710A0
:101A000000000000A5930710698F0710E7920710E8
:101A1000559307105F9007100000000000000000C1
:101A2000F58D071000000000F794071071510710A2
:101A300000000000B95F0610BB9307100000000013
:101A4000915B07101F960710000000002B960710EF
:101A50000000000000000000095C0710215607107C
:101A6000239607104D9607100395071000000000FD
:101A7000B3970710855F0710B396071000000000AA
:101A80000000000000000000FB970710D997071026
:101A9000E3970710059807109B96071000000000B9
:101AA0008998071067980710719807109398071086
:101AB000A796071080B500F0A7FA00F06FFB01BDF4
:101AC000F0B587B0050000206C4660711224FE2D31
:101AD00005D10DA80078002801D0122026E10C9F26
:101AE000684602720E000492069339004AD1FE2D18
:101AF0004BD0F02D23DA042E21DC01A8801C0090AD
:101B000001AB02AAD21C02A9491C280000F0B6FBB6
:101B1000002800D0CDE06846C08814210140142977
:101B20000DD06846C0882040022808D06846C0888A
:101B3000C00605D5032E02D1049820280EDBF4E060
:101B4000032E05D100243900280000F0CDFA85E0ED
:101B5000042E03D06846007A0028F0D06846407A08
:101B600000286DD0032EEDD0042E3CD10DA80078B6
:101B700001900097069B6846027A0421280000F035
:101B80008AF9D3E0012F39D1FE2D2ED0042E1DDA93
:101B900003A8009001AB01AA921C02A9491C2800CD
:101BA00000F06CFB002837D168468089800703D499
:101BB0006846007A002809D16846808920401228AA
:101BC00005D1032E02D10498202806DBADE0032EB8
:101BD000B8D06846007A0028F8D06846407A0028D5
:101BE0002ED0032EAED00C249FE00120694648720F
:101BF000032EF9D104982028A4DB96E0042EFCDC07
:101C000001A8801C009002AB9B1C01AA02A9491CE0
:101C1000280000F033FB00284BD1684600790028EB
:101C2000E1D00498FD28E8DA032E8BD0042E9DD055
:101C30006846807A0028D6D16846007A002874D099
:101C40000024300007D0022E05D001D3042E8DD001
:101C500000D278E702E0012069464871009703ABA3
:101C60009B1C68464279017A280000F0F8F905903B
:101C7000002803D16846007A002806D16846C0894A
:101C8000049941182A4A914215DB0DA80078019069
:101C90000097002300220321280000F0FCF83900FF
:101CA000280000F062FA3900280000F01DFA072031
:101CB0003CE0422439E069460A7A0699059B1818E7
:101CC00000F038FB6846C0896946097A4218022E3E
:101CD00012D0032E10D0012E27D10DA8007801902C
:101CE0000097002300220321280000F0D4F83900D7
:101CF000280000F03AFA18E00DA80078019000974B
:101D0000059B92B20321280000F0C5F8040008D119
:101D10003900280000F029FA3900280000F01AFAEA
:101D200003E03900280000F0DFF9200007B0F0BD23
:101D3000730600001CB500240194022412E1F1B5E1
:101D400096B00D00140005A8402100F00FFB16A866
:101D50000078F02814DA02A8009001AB01AA521C06
:101D600001A9891C16A8007800F088FA060001D0A5
:101D7000422054E068460570002D01D0102D01DB93
:101D800012204CE000F06AFA69460978884201D2D4
:101D90000C2044E0049469464E70002405AF16E020
:101DA00000F02AFA060020D0E000381829780170E7
:101DB00069784170A9788170E978C170EA786968BA
:101DC000300000F0B7FA381DE1004650641C684648
:101DD0000078039084420CDA0498E1004518E87812
:101DE000FA28DDDB072069464870684644780025FC
:101DF00011E06846017805AA16A8007800F0BEFA3E
:101E000004000BD0F3E7002105A8001DEA0080586C
:101E100000F0C9F96D1C03988542F4DB200017B06F
:101E2000F0BDF8B584B004000F0015001E000BA82B
:101E30000078F82804DA00F0F7F90390002801D1BF
:101E400007201AE00BA802780C99039800F072FAA8
:101E5000039802900BA8007801900AA800780090DF
:101E600033002A003900200000F0B0FA040003D04B
:101E70000121039800F097F9200005B0F0BD80B56E
:101E8000814201D000F03CF9012002BD80B500F094
:101E90008AF9012002BDF8B51500069A079E1700C1
:101EA00010D1002E03D02A0000F0BCFBE6BDFE28B6
:101EB00004D11900E8B200F0B9FBE6BD2A0000F039
:101EC000DDFBE6BD012A12D1002E04D01A00290044
:101ED00000F044FCE6BDFE2804D11900E8B200F091
:101EE00041FCE6BD1A00290000F062FCE6BD2A00B4
:101EF00000F0AEFCE6BD80B502000800D10706D5B3
:101F0000022100F0A0F8012801D10C2002BD002020
:101F100002BDF8B5012817D100240F00160000E01B
:101F2000641CBC4210DA0620604335180021287872
:101F300000F089F8012805D00121287800F083F805
:101F40000128EDD10C20F2BD0020F2BD80B5FFF7D5
:101F5000E0FF02BD1CB501240194002402E01CB581
:101F6000012401940094FFF7ABFD16BDB8B5BFB0D6
:101F7000140001D0F22C01D312201AE01F000D0032
:101F80000190F42102A800F0F1F9220002A9380022
:101F900000F062FC4598009002AB220029000198F5
:101FA00000F063FC010001D1093400E000244499F1
:101FB0000C7040B0B0BDF0B5BFB01400FF2A01D125
:101FC00012201CE01D000E000700F82101A800F0FF
:101FD000CDF901A800902B0022003100380000F05C
:101FE0004FFC0500449807D14599F7340470E2B2DC
:101FF00001A800F031FC01E00021017028003FB091
:10200000F0BD1800500150010020FF21504A282344
:102010004343D21811701175401C0328F6DB70473A
:1020200010B503290DDA0022494B282461435918C1
:102030000B78834201D1881810BD14220B7D834296
:10204000F9D0002010BD80B5FFF7EAFF002802D0CC
:10205000C068002801D1002002BD012002BDFEB5EC
:1020600006000F0000241C8008A801783000FFF74C
:10207000D7FF05000BD108A80178FF20FFF7D0FF9C
:1020800005001BD02E706C60AC60EC602C82684642
:10209000007900280FD1686800280FD1E86800286F
:1020A00001D000F079FC38001AD000F04FFC002875
:1020B00017D03C0015E0E868002801D10020FEBDE3
:1020C000298AC91989B200F073FC002805D0298A31
:1020D000029A1180298ACC1903E0E86800F05CFCC0
:1020E00000202C82E860FEBD10B5FFF799FF0400C8
:1020F00005D0E06800F050FC0020E060208210BDB8
:10210000002800D1704738B500250022002310496F
:1021100028245443091914245C430C196168814232
:1021200006D0A168814207D05B1C012BEFDD0AE0DD
:1021300000F032FC656031BD080000F02DFCA560A8
:10214000FF20207031BD521C022ADFDD31BD0000AE
:10215000C82C002080B5FFF763FF002804D0C168B9
:1021600081600021C160018201BD80B5FFF758FF89
:10217000002803D0816841600021816001BD010019
:1021800020000900010026000F00010029000500C1
:1021900001002F0010000100490010003648002106
:1021A00041600170704730B50122334B0024002993
:1021B00002D001290FD030BDF921614359180831EF
:1021C000884203D0641C082CF6D330BD5868A24066
:1021D0009043586030BDF92161435918FA25ED004C
:1021E0004919884203D0641C082CEEDAF3E718780A
:1021F000A2409043187030BD10B500201E494A68B7
:1022000001231400C4401C4002D0401C0828F8D30D
:10221000082801D1002010BD834013434B60F922F0
:1022200050430818083010BD10B5002012490A7834
:10223000012301248440224202D0401C0828F8DBFC
:10224000082801D1002010BD834013430B70F922F0
:1022500050430818FA21C900401810BD0021002081
:10226000054A5368CB40DB0700D4401C491CCBB265
:10227000082BF6D3C0B270476C050020F0B585B0CE
:10228000019300920391074600F0DCFB4D21415C75
:102290004722920051438B1800250A990291AC18ED
:1022A000A34220D006687519AA21695AB942254669
:1022B000F5D13019014662390978039A1170014647
:1022C00078390988029A11800C49401804A900F055
:1022D000C1FB002809D00120009908700498007AF9
:1022E000411E884104E0422005E00020009908706A
:1022F00001990870002005B0F0BDC046E4FEFFFF64
:1023000070B4103A03D378C9103A78C0FBD253079F
:1023100001D318C918C001D508C908C0D20704D311
:102320000B880380891C801C002A01D50B78037060
:1023300070BC70478B0701D18307E1D0124205D0F2
:102340000B78491C0370401C521EF9D17047830062
:1023500085000700070083008500050007000300D3
:1023600003000F000500820081000500002200BF6D
:10237000094202D0491E4254FCD170477CB5144634
:102380000D4606460120022100F072FB002800D015
:102390007CBD01210F22284600F078FB0028F7D1F0
:1023A000684646700570019400F010FD7CBD030086
:1023B000FFFFFFFFFFFFFFFFFFFFFFFFFFFF01002A
:1023C00000000000FFFF01000000FFFFF0B591B02A
:1023D0001C4617460D461090012002210E9000F079
:1023E00047FB002821D117980D900026894A1098A4
:1023F0003146894B98470A950C900F947F243846B4
:1024000031462246844DA8470B9707460C98074350
:102410000F9831462246A84704463C43FB220D98BC
:102420003146A84720430F9C01D011B0F0BD0C9657
:10243000109801F09FF9002814D0169F7B1C466C61
:10244000316E1090726E5A43501800022721CD0051
:102450004019724901F0B8F9F16D401A3F3803D4C0
:102460001220E2E74220E0E70995089748360B98EA
:10247000314601F0C4F9214604460846314601F0D0
:10248000BEF901460C20002CCFD000290D9A0A9DE0
:10249000CBD010980146B131466C6C20305A097887
:1024A00001F0C1F90446706E0002099940185B49B9
:1024B00001F08AF9C04320183E3001D44520B4E72A
:1024C000189C0F980B9A824208D10D9800900194A5
:1024D00010982946089B01F0B5F9A6E71098416CC1
:1024E00074200591095AA9420C9B0D9E07D24620E3
:1024F0004B4A954299D100290C9B0D9E95D106948B
:102500001098723007901A46059B1C466F34184687
:1025100074300990039424787C3304936F1C0A92DE
:10252000029707980388BAB2462093424AD8099A7C
:10253000927808D10F9D0B9B9D4243D2E3B2AB42F0
:102540003B460CD93EE00B9DAA423BD3E5B20F9E21
:10255000B54203D90B9DAE4234D25B1C0D9E89B2AD
:102560009DB28D4202D10F9882422ED00A98002847
:1025700002D0462022461DE0049F384629460F9E81
:10258000324601F0B5F9002800D04EE70D980090D2
:1025900006980190384629463246089B01F0BCF95E
:1025A0000C90FF2834D00398027800200E990A91ED
:1025B0000D9E029FD1B2E3B28B4203D009980188ED
:1025C0001446AEE7059C0C9F13E0059C0A98002872
:1025D0000C9F06D0F8B20C224243A0188222FF239F
:1025E000835400960698019010980F9A089B01F06A
:1025F00029F9002800D118E70A99002900D114E729
:10260000F9B20C224A43A1188222FF238B540CE713
:1026100007200AE7FF0E00008D2A04107102000057
:10262000FFFF000080B500F063FA80BDF8B50C46EE
:10263000054600F007FA074601F08CF90D4E3046CA
:1026400001F0A6F90C4988420AD101F0BDF9FF2832
:102650000DD047218900414338684018AA214652CD
:10266000032130462A46234600F008F8F8BD012031
:10267000F8BDC046FCFF0000FFFF0000FEB502935E
:1026800014460F46054600F0DDF9064631488542FE
:1026900001D11F2007E00120022100F0E9F9002804
:1026A00000D0FEBD2C481221A04201D20846FEBD3A
:1026B0000191284601F06CF94721890041433068B7
:1026C00046182046314600F0FAFC0028E9D1BA202D
:1026D000315C3820305C042F12D1002937D000281B
:1026E000019A20D01B4885421DD1F08D00281AD0B8
:1026F000A420305A1021014021431046D1D10CE0D2
:1027000035463835002910D0032F06D10220287015
:10271000F4860020B08602983063A236304601F07D
:1027200069F90020FEBD1046FEBD37462837002857
:10273000029A05D03968A120029A01F06BF9029A39
:102740003A6001202870F4850020B085FEBD019814
:10275000FEBDC046FCFF00007206000080B500F020
:10276000C3F980BDF8B50C46054600F06BF9074685
:1027700001F0F0F80C4E304601F00AF90B4988429E
:102780000AD101F021F9FF280CD0472189004143EB
:1027900038684018AA21465230462946224600F0A1
:1027A00007F8F8BD0120F8BDFCFF0000FFFF0000A6
:1027B000F8B514460D46074600F044F9064622488F
:1027C000874201D11F2007E00120022100F050F9CB
:1027D000002800D0F8BD1D48A84201D21220F8BD43
:1027E000384601F0D5F84721890041433068461842
:1027F0002846314600F063FC0028EBD1BA20305C5B
:10280000002809D04C20022131544A203552482159
:10281000002070527464F8BD4C20305C32464C325B
:1028200037463C37002806D03968A120009222465E
:1028300001F0F0F8009A42203552402100207052F9
:102840003C6001211170F8BDFCFF00007206000021
:1028500080B500F09FFA80BD002A05D003780B7088
:10286000521E491C401CF7E770471CB554087A2CCF
:1028700001D912201CBD049C009401F005F91CBD77
:102880001CB5FF2A04D0049C009401F043F91CBD40
:1028900012201CBD6A4A516011600880108100201E
:1028A00048804860704766490A68904203D1406892
:1028B000086070470A00002A04D051688142F9D1AB
:1028C00040685060704770B55D490A68002825D09F
:1028D000002A01D1020021E0904202D242600200AF
:1028E00012E0140000E02C006568002D01D0A84221
:1028F000F9D24560606025886619864204D1466831
:1029000066600688AD192580456804880319AB42C6
:1029100004D16B6843602B88E31803800A6070BDA4
:1029200010B502000C001088011B8BB20D2B0CD3CC
:10293000200008388008800010180830018000212D
:1029400041804160FFF7BFFF200010BD38B5002572
:102950003B490968401E03240443641DA4B209E0F6
:102960000888A04205DB002D02D02A88904200D2C0
:102970000D0049680029F3D1002D0BD02800FFF786
:1029800092FF21002800FFF7CBFF288001206880FC
:10299000281D32BD002032BD002800D1704780B50F
:1029A0000021831E19800160001FFFF78CFF01BD0D
:1029B000F8B504000E00701E03210143491D271FB6
:1029C00038888BB2984204D389B23800FFF7A8FF49
:1029D0001FE0091A6A461180001F80088000251830
:1029E00017484168008980000818854214D2688819
:1029F000002811D128886946098888420CD328000C
:102A0000FFF751FF684601882800FFF789FF3988E2
:102A1000081838802000F2BD3000FFF797FF05004E
:102A20000BD03A88121F92B2964200DA320021008F
:102A300001F09EF82000FFF7AFFF2800F2BD000074
:102A4000942F002002480068902140587047C046EB
:102A5000EC2F002010B50C4601F0E1F8002804D05E
:102A60002068C06F411E884110BD002010BDFEE7E8
:102A7000054A12683523D35C034201D00C2070470D
:102A80003532117000207047D42F0020904201D8B9
:102A9000884201D2122070470020704730B58BB0B9
:102AA00018AC24780A9417AC2478099416AC2478CE
:102AB000089415AC2478079414AC247806946D46D9
:102AC0004C242C57059412AC24780494119C039444
:102AD00010AC247802940FAC247801940E9C0094DE
:102AE00001F0AAF80BB030BD80B501F043F902BD8A
:102AF00080B501F063F902BD80B501F083F902BD34
:102B00001CB56C46247C009401F002FA16BD80B519
:102B100001F04AFA02BD80B501F07CFA02BD80B531
:102B200001F090FA02BD80B501F0E4FA02BD80B573
:102B300001F01AFB02BD80B501F038FB01BD80B584
:102B400001F05AFB01BD80B501F07AFB02BD80B5F2
:102B500001F08AFB02BD80B501F012FC01BD80B519
:102B600001F034FC01BD80B501F058FC01BD80B519
:102B700001F05BFC01BD80B501F058FC02BD80B5E1
:102B800001F06EFC02BD80B501F0A9FC02BD80B56C
:102B900001F0B6FC02BD80B501F0D0FC02BD80B5ED
:102BA00001F0F8FC02BD80B501F01AFD01BD80B551
:102BB00001F01CFD02BD80B501F040FD02BD80B5F5
:102BC00001F06AFD02BD80B501F068FD02BD80B56F
:102BD00001F066FD02BD80B501F064FD02BD80B567
:102BE00001F062FD02BD80B501F060FD02BD80B55F
:102BF00001F05EFD02BD80B501F05CFD02BD80B557
:102C000001F074FD02BD80B501F0A2FD02BD80B5EA
:102C100001F0BAFD02BD80B501F0D2FD02BD80B564
:102C200001F00EFE02BD80B501F050FE02BD80B580
:102C300001F07CFE02BD80B501F096FE02BD80B5BC
:102C400001F0AEFE02BD80B501F0C8FE02BD80B548
:102C500001F0DAFE02BD80B501F0F4FE02BD80B5E0
:102C600001F006FF02BD80B501F01EFF02BD80B578
:102C700001F060FF02BD80B501F096FF02BD80B596
:102C800001F094FF02BD80B501F092FF02BD80B556
:102C900001F0A0FF01BD80B501F0BAFF01BD80B514
:102CA00001F0F6FF02BD80B501F0F4FF02BD80B572
:102CB00002F042F801BD80B502F00AF901BD80B50D
:102CC00002F03EF902BD80B502F090F902BD80B578
:102CD00002F0A2F902BD80B502F00EFA01BD80B586
:102CE00002F0FAFA02BD80B502F06CFB01BD80B5BE
:102CF00002F08CFC01BD80B502F0C6FC02BD80B5BF
:102D000002F018FD01BD1CB56C46247D01946C4693
:102D1000247C009402F078FD13BD80B502F024FEFF
:102D200001BD80B502F066FE02BD80B502F096FEE0
:102D300002BD80B502F09AFE01BD80B502F0B2FE80
:102D400001BD80B502F0CAFE01BD1FB5089C02940A
:102D5000079C0194069C009402F016FF04B010BD7D
:102D60001CB5059C0194049C009403F047F816BD23
:102D70001CB56C46247D01946C46247C009403F0C1
:102D800055F916BD80B503F0A7F901BD80B503F074
:102D900039FA01BD80B503F049FA02BD80B503F0F0
:102DA000D7FA02BD80B503F04DFC02BD80B503F03B
:102DB0008BFC01BD80B503F0D9FC02BD80B503F0EA
:102DC000D7FC02BD80B503F0F7FC01BD80B503F070
:102DD0006FFD02BD80B503F0ADFE02BD80B503F00E
:102DE000CAFE01BD80B503F0D2FE01BD80B503F07F
:102DF000FAFE02BD80B503F0F9FE01BD80B503F017
:102E000029FF01BD80B503F041FF01BD1CB5049C45
:102E1000009403F04FFF16BD80B504F00FF801BD1C
:102E200080B504F0D1F801BD80B504F0D5F801BD3E
:102E300080B504F0F5F802BD80B504F03DF902BD9F
:102E400080B504F073F901BD80B504F07BF901BDD4
:102E500080B504F0C1F901BD80B504F0CBF901BD26
:102E600080B504F08BFA02BD80B504F089FA01BD8B
:102E700080B504F0AFFA01BD80B504F0C7FA01BD1A
:102E800080B504F0D9FA01BD80B504F0EDFA01BDBA
:102E900080B504F001FB01BD80B504F007FB01BD66
:102EA00080B504F01FFB01BD80B504F053FB02BDEB
:102EB00080B504F057FB01BD80B504F067FB01BD90
:102EC00080B504F077FB01BD80B504F087FB02BD3F
:102ED00080B504F0ADFB01BD80B504F085FD01BDFA
:102EE0001CB56C46247C009404F08CFD13BD80B5A9
:102EF00004F0B2FD01BD80B504F0C4FD01BD80B594
:102F000004F034FE02BD80B504F04EFE02BD80B573
:102F100004F066FE02BD80B504F08CFE02BD80B5F3
:102F200004F0D2FE01BD80B504F002FF01BD80B502
:102F300004F032FF01BD1CB5059C01946C46247C55
:102F4000009404F077FF13BD80B505F051F801BD82
:102F500080B505F093F801BD80B505F0F1F801BD2D
:102F600080B505F061F901BD80B505F0A1F901BD9D
:102F700080B505F0BBF901BD80B505F025FA02BDAD
:102F80001CB56C46247C009405F078FA13BD80B51E
:102F900005F0BEFA01BD80B505F0C5FA01BD80B5EA
:102FA00005F0D2FA01BD80B505F0E5FA02BD80B5A5
:102FB00005F02CFB01BD80B505F030FB01BD80B5EF
:102FC00005F037FB02BD80B505F056FB01BD80B5AD
:102FD00005F07EFB01BD80B505F08AFB02BD80B522
:102FE00005F0CFFB02BD80B505F0CEFB01BD80B57D
:102FF00005F0D8FB01BD80B505F022FC01BD80B510
:1030000005F076FC01BD80B505F0CCFC01BD80B5B6
:1030100005F0D0FC01BD80B505F05AFD01BD80B5BD
:1030200005F086FD01BD80B505F0A7FD01BD80B5A9
:1030300005F0C0FD01BD80B505F0F0FD01BD80B516
:1030400005F00EFE01BD80B505F08CFE02BD80B519
:1030500005F082FF01BD80B505F086FF02BD80B599
:1030600005F098FF02BD80B505F096FF01BD80B563
:1030700005F0DCFF02BD80B506F02CF801BD80B57F
:1030800006F030F802BD80B506F036F802BD80B516
:1030900006F050F801BD80B506F0C2F802BD80B55B
:1030A00006F00AF901BD80B506F04EF901BD80B504
:1030B00006F086F902BD80B506F0BAF902BD80B50A
:1030C00006F0D8F902BD80B506F0F2F902BD80B570
:1030D00006F070FA02BD80B506F06EFA02BD80B54A
:1030E00006F0C4FA02BD80B506F01AFB02BD80B539
:1030F00006F032FB02BD18B587B010AC24780694F8
:103100000FAC247805940EAC247804940DAC24788C
:1031100003940CAC247802940BAC247801940AAC90
:103120002478009406F0A2FB08B010BD80B506F02C
:10313000CBFB02BD80B506F00DFC02BD80B506F0EC
:10314000B9FC02BD80B506F0CFFC01BD80B506F02C
:10315000E3FC01BD80B506F0F9FC01BD80B506F0C9
:103160000DFD02BD80B506F02FFD01BD80B506F056
:1031700059FD01BD80B506F073FD01BD80B506F0B7
:10318000B9FD01BD80B506F0D5FD02BD80B506F0E4
:10319000EDFD02BD80B506F017FE02BD80B506F05C
:1031A0003DFE01BD80B506F059FE01BD80B506F0BB
:1031B00037FF01BD80B506F04EFF01BD80B506F0BA
:1031C00072FF01BD80B506F073FF01BD80B507F049
:1031D00035F802BD80B507F087F802BD80B507F06D
:1031E000AFF802BD80B507F0E3F801BD80B507F088
:1031F0002DF901BD80B507F08DF901BD80B507F04F
:103200009BF901BD80B507F0BFF901BD80B507F09E
:10321000DFF901BD80B507F097FA01BD80B507F071
:10322000A9FA02BD1FB56C46248C02946C46A48B8F
:1032300001946C46248B009407F0A0FA04B010BDF2
:103240001CB56C46A48A01946C46248A009407F04D
:10325000A0FA16BD1FB56C46248C02946C46A48B54
:1032600001946C46248B009407F0A5FA04B010BDBD
:1032700080B507F0B3FA02BD80B507F0B7FA02BD1A
:1032800080B507F0C9FA02BD80B507F0CDFA02BDDE
:1032900010B588B011AC2488079410AC248806942B
:1032A0006C46A48F05946C46248F04946C46A48EBF
:1032B00003946C46248E02940B9C01940AAC2478EF
:1032C000009407F0C1FA08B010BD80B507F002FB0A
:1032D00002BD80B507F038FB02BD80B507F04CFB9E
:1032E00002BD1FB508AC247802946C46247F01947B
:1032F0006C46247E009407F047FB04B010BD80B5F7
:1033000007F086FB02BD80B507F08FFB02BD80B5DC
:1033100007F094FB02BD80B507F09CFB02BD1CB515
:10332000049C009407F09EFB16BD1CB5059C0194FF
:103330006C46247C009407F09FFB16BD80B507F017
:10334000AEFB02BD80B507F0B2FB02BD80B507F051
:10335000B3FB02BD80B507F0B4FB02BD80B507F03A
:10336000BAFB02BD80B507F0C4FB02BD80B507F013
:10337000CBFB02BD80B507F0CBFB02BD80B507F0EB
:10338000CBFB02BD80B507F0CBFB02BD80B507F0DB
:10339000CBFB02BD80B507F0CBFB02BD80B507F0CB
:1033A000CBFB02BD80B507F0CBFB02BD80B507F0BB
:1033B000CBFB02BD80B507F0CBFB02BD80B507F0AB
:1033C000CBFB02BD1CB5059C01946C46248A00947D
:1033D00007F0C6FB16BD1CB5049C009407F0CFFB9C
:1033E00016BD1CB5059C01946C46248A009407F018
:1033F000CCFB16BD80B507F0D1FB02BD80B507F050
:10340000D5FB02BD80B507F0D5FB02BD80B507F046
:10341000D5FB02BD80B507F0DFFB02BD80B507F02C
:10342000DFFB02BD80B507F0DFFB02BD80B507F012
:10343000ECFB02BD1CB5059C01946C46247C0094F9
:1034400007F0EEFB16BD80B507F006FC02BD80B5A7
:1034500007F008FC02BD80B507F00FFC02BD80B587
:1034600007F013FC02BD1CB5059C01946C46247C3E
:10347000009407F012FC16BD80B507F02AFC02BDCF
:1034800080B507F034FC02BD1CB5049C009407F025
:103490003CFC16BD80B507F047FC02BD1CB5049C82
:1034A000009407F04FFC16BD80B507F05AFC02BD32
:1034B00080B507F066FC02BD1CB5059C01946C4606
:1034C000248A009407F077FC16BD80B507F084FCD1
:1034D00002BD80B507F088FC02BD80B507F088FC0E
:1034E00002BD3EB56C46247F01946D4618242C57CE
:1034F000009407F095FC3EBD1CB56C46248A0094F0
:1035000007F096FC16BD18B585B00CAC2478049471
:103510000BAC247803946C46248D02946C46A48CE6
:1035200001946C46248C009407F08FFC06B010BD0B
:103530001CB56C46247D01946C46247C009407F0F5
:1035400097FC16BD1FB5089C02946C46247F01941D
:103550006C46248B009407F0BBFC04B010BD1CB576
:10356000049C009407F008FD16BD80B507F00AFD25
:1035700002BD1CB5049C009407F008FD16BD80B583
:1035800007F016FD02BD80B507F01DFD02BD1CB59C
:10359000049C009407F01BFD16BD80B507F01DFDCF
:1035A00002BD80B507F01DFD02BD80B507F01EFD10
:1035B00002BD80B507F050FD02BD80B507F054FD97
:1035C00002BD80B507F064FD02BD80B507F06CFD5B
:1035D00002BD80B507F084FD02BD80B507F084FD13
:1035E00002BD80B507F087FD02BD80B507F087FDFD
:1035F00002BD80B507F088FD02BD18B585B00CACE2
:10360000247804940BAC247803940AAC24780294B4
:1036100009AC2478019408AC2478009407F092FD5A
:1036200006B010BD80B507F015FE02BD80B507F0ED
:1036300025FE02BD80B507F027FE02BD1CB56C4615
:10364000247C009407F036FE16BD80B507F03DFEE1
:1036500002BD80B507F03DFE02BD1CB56C46A48AD4
:1036600001946C46247C009407F037FE16BD80B5AB
:1036700007F03BFE02BD80B507F03BFE02BD80B502
:1036800007F03BFE02BD1CB56C46248A009407F08F
:1036900038FE16BD80B507F03FFE02BD80B507F0CD
:1036A00042FE02BD80B507F050FE02BD80B507F0B6
:1036B0005EFE02BD80B507F065FE02BD80B507F075
:1036C0006DFE02BD80B507F07AFE02BD1FB508ACE5
:1036D000247802946C46A48B01946C46248B00944D
:1036E00007F078FE04B010BD80B507F08CFE02BD77
:1036F00080B507F093FE02BD80B507F09CFE02BDC9
:1037000080B507F0A6FE02BD80B507F0B3FE02BD8E
:1037100080B507F0BEFE02BD1CB56C46248A00943D
:1037200007F0CAFE16BD1CB56C46A48A01946C460F
:10373000248A009407F0C6FE16BD80B507F0CAFEC5
:1037400002BD80B507F0DDFE02BD30B585B06D4627
:1037500030242C5704940B9C03940AAC24780294D4
:1037600009AC2478019408AC2478009407F0E2FEB8
:1037700005B030BDB0B504460025284607F0FCFE74
:103780000649897F491C491E06D07A22825AC030D8
:10379000A242F8D1C038B0BD2846B0BD702E00207E
:1037A000CA0F00D0494203105A400DD004B500D3CF
:1037B000404200F009F8009AD20701D34942124270
:1037C00000D5404204BD0000094214D088420FD306
:1037D0000122030C01D100041204002300185B41F4
:1037E0008B4200D35B1A5241F8D319001000704786
:1037F00001000020704708B507F0CEFE08BD202864
:1038000001D2002209E0602801D3032200E0022255
:10381000402800D201221F23184092008958C1403D
:1038200001200840704780B50B46400601D50320B3
:1038300000E001208018C1B20022184607F0AEFE59
:1038400080BDFEE7F0B587B0069316460F46446C80
:1038500025467C35284600F04BF8002844D10597D2
:103860000496206E616E069A5143081800022721C3
:10387000C90040181D49FFF7A7FF216F4718FE43F5
:1038800007F02CFF81194620B5312DD53E46234641
:1038900074342188059FB94226D10390A078049AF8
:1038A00090421CD139461F461C46DD340D980C9BB6
:1038B000009301902846069B00F02EF82070FF2808
:1038C0000FD00F223846314607F026FF00280AD0D5
:1038D00020780C21414378187C3007F049FF039889
:1038E00002E0072000E0002007B0F0BD71020000F8
:1038F000B0B55F23DB43002B0AD0C4186425655B99
:103900008D4203D16625645D944203D00C33F2E707
:103910000020B0BD0C20B0BDFCB500920191002587
:10392000089F079A2C46602D06D04619B179FF29C9
:1039300004D00C35641CF6E7FF2408E072B647514A
:103940003272F3710098B0710198B08062B6E0B243
:10395000FCBDFEE71FB50C4800F01AF80B49884281
:1039600010D16C46002121720120C0022080072066
:103970000002019020460930062207F028FE20466A
:1039800007F000FF1FBDC046FCFF0000FFFF000066
:1039900070B50446FFF756F84D21415C094D0022F1
:1039A000AA2391420BD00668F65AA642164600D0CA
:1039B0002E464725AD005B19521C3546F1E7A8B2EB
:1039C00070BDC046FFFF000010B5FFF73BF84D216A
:1039D000425C0021AA238A4208D00468E45A240BDE
:1039E00005D14724A4001B19491CF4E7FF21C8B2E4
:1039F00010BDFEE710B50446002007F03BFF044968
:103A000001402088401A424242414A40228010BD73
:103A1000FF0F0000F8B50446C0062DD416460D462B
:103A2000184800686107C90E401800694322042342
:103A3000214607F027FF002820D001460A300671F2
:103A4000057000274F7210220A72CF710A228A7104
:103A5000FF224A7182220A71320EC271320C8271C7
:103A6000320A42712A0EC2702A0C82702A0A4270EF
:103A7000204607F063FF02E0862700E0072738466C
:103A8000F8BDC046D82F0020F0B5CFB01E46144672
:103A90000F4605460120010209A8FEF767FC002C2D
:103AA00033D054980890079500252846069507F0CE
:103AB00052FF05964DAE3070010EF170010CB170E1
:103AC000000A7070284607F046FF3071049449AD33
:103AD000304639462A4607F044FF09AF059800A949
:103AE00091C10B4A01230798294607F048FF052298
:103AF000089C2046314607F066FD601D04990A1DAA
:103B0000394607F060FD069800E012204FB0F0BD86
:103B10006B050020F0B5CBB00A2A24D31F46164609
:103B20000D465099059101210691090207AC0490B8
:103B30002046FEF71BFC47AA03923846294607F0A9
:103B400010FF781D751F21462A46FEF785FEA8B294
:103B50000094019005980290044A04980399069BEA
:103B600007F027FF00E086204BB0F0BD6B0500207A
:103B70008B0707D0521E22D30B78491C0370401CC0
:103B80008B07F7D1830730D0DB4219D0401E121FBC
:103B900008D308C943701B0A43801B0C0371001D26
:103BA000121FF6D2D20707D30B88437001D08A7850
:103BB000C2701B0A8370704701D00B784370704746
:103BC000121F06D308C903801B0C4380001D121F5F
:103BD000F8D2D20705D30B88038005D08B78837089
:103BE000704701D00B780370704770B4103A03D35C
:103BF00078C978C0103AFBD2530701D318C918C04E
:103C000001D508C908C0D20704D30B880380801CE3
:103C1000891C002A01D50B78037070BC70470028FE
:103C200007D0006D002804D0406D0860411E884117
:103C30007047002008607047F0B59FB015460446F5
:103C40001E93020912200E2A00D98DE02026032996
:103C500003D02A46324000D086E01B911DAF20469B
:103C6000394607F0CFFE39784048807E81422DD218
:103C700068003040AA00082313401B181420484352
:103C80003B490968496D0F187B707A1C6E070F97C6
:103C9000109107D510261E4316702F0703D5502606
:103CA000334313701E462A99EB0702D001231E43AB
:103CB00016702C9E042703290B4616900E9707D0EA
:103CC000042B1B9907D10323119306E087204BE0B7
:103CD00011971B9901E0002711972E9814902D98A9
:103CE00013902B9F299A1992289A27981790269813
:103CF000159025981290032E1B931A97189205D0B1
:103D0000042E169806D103273E4604E00E9F109A13
:103D1000169801E00027109A115407F091FE1CA993
:103D20000896139A0992149A0A92119A0B920C9778
:103D30000D91129900910190159802901798039097
:103D400018980490199805901B9806901A98079057
:103D50001EAA24AB2046294607F086FE002803D180
:103D60000F9A9474012111741FB0F0BD702E0020C1
:103D7000DC2F00207CB5064600090E2801D9122050
:103D80007CBD14460D463046FEF712FD002800D0DB
:103D90007CBD01A9304607F035FE0028EFD001A810
:103DA00000781421414304480068406D4018C581E3
:103DB000846000207CBDC046DC2F00207CB5064618
:103DC00000090E2801D912207CBD1C46154630463C
:103DD000FEF754FC002800D07CBD01A9304607F056
:103DE00011FE0028EFD001A80078142141430448B7
:103DF0000068406D40188581446000207CBDC0464D
:103E0000DC2F0020F0B585B005463F48807E884213
:103E100001D2122774E016460C463C480068406DFB
:103E20000290012D019514D10394641C3546641E43
:103E300012D0287804A907F0E5FD00283ED0AD1D7A
:103E400004A80178012007F0C5FE0028EFD007463E
:103E500056E00C20009004E007F016FF0090019D52
:103E6000039C28462146324607F02CFF07460028CF
:103E700046D1002C24D0002C34D00394307804A9EF
:103E800007F0C0FD3079002802D17088002813D0D7
:103E9000022404A80778012128463A4607F060FF6B
:103EA000002D00D12C461420784302990818447440
:103EB000B61D039C641EDEE70124EAE7D3271FE05A
:103EC000029E11360024104FB87E84420AD2E2B21C
:103ED00000250121284607F043FF3570019D143667
:103EE000641CF1E7012D08D10098002807D10027B4
:103EF0003846394607F094FF02E007F0B9FF002783
:103F0000384605B0F0BDC046702E0020DC2F0020E2
:103F1000F0B599B00393049205910690204800688B
:103F2000014630311791169101463C311391816B56
:103F30001891C16C006D149115901E98097B012990
:103F400001D102210843002116A60F460C291ED0DC
:103F50003278024218D016AA52581388FCB22401B3
:103F600007AD2B532B1952885A8013AA5258148824
:103F70009C805488DC8094881C81D4885C8114895E
:103F80009C815289DA817F1C761C091DDEE707A916
:103F90000090019103AB0FCB07F088FF19B0F0BD83
:103FA000DC2F002001020400F0B587B00A46019022
:103FB000164908680346303305930090836B0693D7
:103FC000002305AC1E46022B13D011A0C75C17427C
:103FD0000CD0F7B2062179432768387902AD6854CE
:103FE00068183988418079888180761C241D5B1C83
:103FF000E9E729200099095C02AB019807F070FFFE
:10400000122800D1D12007B0F0BDC046DC2F00201F
:1040100001040000B0B505460022134607F075FF05
:104020000446002D06D106480068C06A00211C2203
:1040300007F0CDFA122C01D12E20C443E0B2B0BD5E
:10404000DC2F0020F0B585B002930392049107465F
:104050002748046807F0F4FC05465E200021019122
:10406000215426465D363806800F0DD03078C006C4
:10407000800F05D000200146FEF74DFD002835D108
:1040800004980090002322E078071DD4F806810FE1
:1040900029D02834002804D560780221014303295F
:1040A00023D1380704D560780221014302291CD1AD
:1040B00007F0C6FC0499FEF72AFD002816D12178E6
:1040C0000120FEF728FD07E00498009001230298E4
:1040D00003992A46FEF714FD002807D130783843AB
:1040E0003070019802E0122000E0D12005B0F0BD50
:1040F000DC2F0020F8B504461220002C16D0611EDB
:104100000C4213D1174E37685D20385C20420ED028
:10411000C4210C420DD007F00EFFA10706D00028E5
:1041200004D13068022107F00AFF0020F8BD0C20FE
:10413000F8BDE106890F01D04006ECD400252846E1
:104140002946FEF7E8FC0028E7D15D3769464D7047
:104150000C703D70022007F015FF07F089FE28461D
:10416000DBE7C046DC2F002010B586B001AC08A10B
:1041700014222046FEF7DEF80A4800687221405AF1
:10418000009404210122084B07F05EFF06B010BD29
:10419000FB349B5F8000008000100000002A0000BC
:1041A00010000000DC2F0020FFFF00001CB51148AC
:1041B0000468FEF7BCFC882807D00C2805D05D34C5
:1041C000002808D1022060701CBD052007F050FFB8
:1041D00007F0A8FF1CBD0020607020787F210140FF
:1041E000217001A98620487080200870022007F005
:1041F000C9FE1CBDDC2F0020BCB5104A14685D222E
:10420000A25C00280AD18020104007D0723421809F
:10421000052007F02DFF07F085FF0CE0DC200242AF
:104220000BD05D3401A900254D7002400A700220B8
:1042300007F0A8FE257007F01BFEBCBDDC2F002098
:10424000012903D101890120084070470821405607
:10425000042802D802A1085C704700207047C046BD
:104260000101000001000000F0B587B001291AD15A
:10427000034608331F8801263A077CD40291019334
:10428000817A03460B33046AC57FF80604930391D1
:1042900014D40022184608F013F801285DD0002835
:1042A00002990CD067E0027A042A01D1012662E06B
:1042B0004469057C00200490039000E002992F4897
:1042C00000680127BAB20026AA421BD213195B1E4E
:1042D0001B78002B16D0A25C7F1C012A01D0FF188E
:1042E000F0E75D22825CD30708D192070AD5BAB203
:1042F000A25C03261640721E964103E0BAB2A25C8D
:1043000001261640012936D1002E24D001990988B2
:1043100070220A40202AC9D10026F443C06AC71F70
:10432000032C28D005A90020887188800590FF1DE6
:104330000722384607F052F90006641C0028EFD126
:10434000032C0AD806223846049C214607F03BF984
:104350000399B97103E000260DE0049C03990198CC
:104360000088202202404032402A9FD10126204668
:10437000324607F0A5FF304607B0F0BDDC2F002025
:104380001CB51148046800200146FEF7C4FB01A9D2
:1043900048705D20205CC1075D34002905D001A96B
:1043A00001220A70FE2108402070810705D501A96D
:1043B00002220A70FD2108402070022001A907F0A6
:1043C000E1FD07F055FD1CBDDC2F0020BCB51148F8
:1043D0000068446DFEF77BFE002802D00E48807E08
:1043E00000E00120C5B21134002D11D02078002842
:1043F0000BD020460F380078800706D560786A46D3
:10440000107000200121FEF777FB14346D1EEBE7DE
:10441000BCBDC046DC2F0020702E002080B50846B1
:1044200007F076FF07F024FD80BD7047B0B50C465D
:1044300005460A4800685A21405A07F0D1FF01207A
:1044400007F0DAFF002801D08620B0BD28782021AF
:1044500001432970092020700020B0BDDC2F00200E
:10446000F0B589B014460D460646C00705D028466B
:10447000214607F0D5FF00282FD1B00701D4002036
:104480002BE005AA2046294607F0DFFF002804D0CC
:1044900005A80021102207F09AF801AF384607F06E
:1044A000E7FF05A807F0F4FF0646384607F0F0FFDF
:1044B000002E03D1002801D012200EE005AA01AB86
:1044C0002846214607F0F2FF002806D1002E04D02E
:1044D00001222846214606F04AFF09B0F0BD10B57A
:1044E0000446C00704D008F003F8002800D010BD2F
:1044F000A00701D4002010BD07F0FEFF10BDFEE7AD
:10450000F8B504460020C5430A480068466D1236D7
:10451000094F6D1CB87E854207D23078143621468B
:1045200007F0EEFF0028F4D0F8BD204607F0ECFFBE
:10453000F8BDC046DC2F0020702E0020F0B58DB0F5
:104540000BA8002484800B94104D114E2746A87EA2
:10455000874218D200220A92012008900792069002
:104560007F20059004920BA80390029207200190EF
:104570000096F8B2099002212023FFF75DFB7F1C13
:104580000028E4D000E020460DB0F0BD702E0020E1
:10459000FFFFFF00FEB504460F4DA87E0F490968D6
:1045A0004E6D113600270097C1B28F4212D231787A
:1045B00001290CD101AA0020107150807078107070
:1045C0000121204607F07EFB002804D1A87E143686
:1045D0007F1CE9E70098FEBD702E0020DC2F002034
:1045E00080B50120FFF7D6FF80BDFEE7B0B50968B2
:1045F00083240022002912D0CD690024CC61087ADE
:10460000C00603D4002007F083FF02E0084607F04D
:10461000B9FF012200282946ECD083240AE0D00704
:1046200008D072B6044800688521425C521E42548C
:1046300062B60024E0B2B0BDEC2F002010B50C68CB
:10464000207BC00708D000210122204607F0A8FFE8
:10465000207BFE21014021730D4800682C21405C25
:10466000C00703D1204607F0AEFF02E0204608F065
:1046700039F8002801D0832010BD72B605480068C3
:104680008421425C521E425462B6002010BDC046D6
:10469000D42F0020EC2F002003207047012070470A
:1046A00001207047012070470120704701207047AA
:1046B0000120704770B50B4C012504222046294685
:1046C00008F044F8084E306006222046294608F0DB
:1046D0003DF83168086030680168002088804880B3
:1046E000087070BD6C2E0020D02F002010B50C4635
:1046F000087949790902081808F03AF820796179AF
:104700000902081808F074F820796179090208187C
:1047100008F09CF808F0C4F82079617909020818BB
:1047200008F0C0F8094800682F21405CC0060BD58E
:104730002079617909020A18A379E178022008F04A
:10474000D3F8002800D010BD002010BDEC2F0020B1
:1047500010B5044608794A7912021218C978062061
:1047600008F0F6F8074800682F214056002801D4C9
:10477000002010BD1620E070A078BF210140A1707C
:10478000842010BDEC2F002010B5044608794A792A
:1047900012021218C978072008F0DAF807480068F2
:1047A00034214056002801D4002010BD1720E070AD
:1047B000A078BF210140A170842010BDEC2F002003
:1047C000B0B50D460446087900281DD16879A9794D
:1047D0000902081808F03CF96879A9790902081853
:1047E0002A7AE9792B46093308F056F96879A979CC
:1047F0000902081808F06AF96879A9790902081805
:10480000E97908F083F928796979AA7912025118AF
:10481000EA7908F08AF90948016836200A5C002024
:1048200092060AD53631497AC90706D01820E070B9
:10483000A078BF210140A1708420B0BDEC2F0020E2
:10484000FEB50D4604460879002823D16879A97978
:104850000902081808F0FCF82A7AE9796879AB7936
:104860002E4615362F460F37009701961B02181853
:104870002B46093308F063F96879A9790902081809
:1048800008F024F96879A97909020818E97908F08B
:104890003DF928796979AA7912025118EA7908F064
:1048A00044F90948016836200A5C002092060AD5BE
:1048B0003631897A890706D51C20E070A078BF219F
:1048C0000140A1708420FEBDEC2F002070B504468D
:1048D000144E30683625405D00280ED108794A799B
:1048E000120210188A7BCB7B1B029A18891D08F0D4
:1048F0004DF93068405D002811D00B4801684A5DD1
:10490000002092060AD53631497AC90606D5192003
:10491000E070A078BF210140A170842070BD00200C
:1049200070BDC046D42F0020EC2F002010B50446E7
:104930000879491DFEF7ABF90A48016836200A5C80
:104940000020920604D5363109228956002900D468
:1049500010BD1A20E070A078BF210140A170842012
:1049600010BDC046EC2F002010B504460879491D43
:10497000FEF791F90948016836200A5C002092068A
:104980000AD53631897AC90706D01B20E070A07895
:10499000BF210140A170842010BDC046EC2F002033
:1049A000B0B5054600240846214608F06FF90028F6
:1049B00010D0094800683621415C89060AD5363096
:1049C000407A800706D50020E870A878BF21014012
:1049D000A97084242046B0BDEC2F002009490A6844
:1049E0003621535C00219B060AD53632927A520753
:1049F00006D51D21C1708178BF220A4082708421B2
:104A000008467047EC2F0020B0B504460125084643
:104A1000294608F03BF90146002000290FD008493B
:104A2000096836228A5C920609D53631897AC90628
:104A300005D5E570A078BF210140A1708420B0BDEC
:104A4000EC2F002009490A683621535C00219B069F
:104A50000AD53632D27AD20706D01E21C1708178AB
:104A6000BF220A408270842108467047EC2F002044
:104A700010B504464A7908791146FEF774F80948DA
:104A8000016836200A5C002092060AD53631C97AC0
:104A9000890706D51F20E070A078BF210140A170D2
:104AA000842010BDEC2F0020FEB50D460446087989
:104AB000002823D16879A9790902081807F0C8FFEE
:104AC0002A7AE9796879AB792E4615362F460F3761
:104AD000009701961B0218182B46093308F02FF88F
:104AE0006879A9790902081807F0F0FF6879A979AF
:104AF00009020818E97908F009F828796979AA798A
:104B000012025118EA7908F010F8094801683620B5
:104B10000A5C002092060AD53631897BC90706D087
:104B20002020E070A078BF210140A1708420FEBD4C
:104B3000EC2F0020F8B5184C01250422174E204612
:104B40002946B047164F3860102220462946B04704
:104B5000396808600C2220462946B0473968096840
:104B6000C860104DE98924222046B04701463868C4
:104B70000268D06881600021082903D000235352C5
:104B8000891CF9E7E989D18000211181E9894180F7
:104B900008F096F8F8BDC0466C2E00204DC70410F2
:104BA000F42F0020702E00200C2070470120704749
:104BB000B0B505460024204608F09EF8002801D034
:104BC0000C2404E0012D02D10120FEF7D7FA204683
:104BD000B0BDFEE770B50D4D2A684224135D7F26F7
:104BE0001E401655002802D008F0A6F870BD0846F1
:104BF00008F0BEF82868015DF7220A4002550E2031
:104C000007F036FA07F08EFA70BDC046F82F002084
:104C100070B51D4E32684225535DDB0628D500284D
:104C200016D0A432194800683421405C74214143F5
:104C3000002399421CD01068002807D0C0180489AE
:104C4000002C03D017240457002C12D47433F0E73F
:104C50004920800010182024224606F0B4FC306859
:104C6000415D214341550E2007F002FA07F05AFA40
:104C700070BD0B210022012308F08CF83068415DE3
:104C8000CF220A40425570BDF82F0020D42F0020BB
:104C900001207047F8B52226254B995D86204029D2
:104CA00002D81A7B8A4200D9F8BD224D28683022EA
:104CB000815430300024447034224A4340682146F5
:104CC0001F4606F084FCB95D28680A22A14206D07E
:104CD000436B671C40349C5234323C46F6E7383014
:104CE00008F06CF82868403008F068F8296800205F
:104CF0000A4654320B464C33C8640B6548658A65D6
:104D00000B4A925D52000346DCB2A242CCD9240188
:104D1000896C09190026CE6029688E6C3619096DD8
:104D20000E6029688E6C34190C340C655B1CEBE743
:104D3000702E0020E82F0020F0B587B00027604ECD
:104D4000604B05972220305C874200D3B6E03424C4
:104D50007C431A68556B2819C178002900D1ABE053
:104D60000379002B00D192E0192B0CD02E5B4589E2
:104D7000072B38D0162B75D0062B7FD1304629460D
:104D800008F020F879E05E2978D10297156C0020B0
:104D90000590012003904B4B002D7AD02E461868C9
:104DA000406B005BED6931888142F5D100213046CE
:104DB000049108F089F807460221304608F084F88B
:104DC000404B1968496B09190A8A9042E4D1488B13
:104DD0008742E1D9032007F04BF907F0A3F98420BB
:104DE00005900498D6E7D02948D1417930462A4623
:104DF00008F07AF80590002843D1334800684E2126
:104E0000405C80071FD531480068806942215022EC
:104E1000032306F037FD002815D00146057386727E
:104E200008204872042008720020C871062088718A
:104E3000FF20487182200871280A4873300AC8721E
:104E4000422006F07BFD1F480068406B0019817806
:104E5000090728D50089272825D13046294608F09A
:104E6000A7F820E0112909D12021435CC28806A8B7
:104E700000903046294608F0C1F8059005980028B2
:104E800011D0012007F0F4F807F04CF90C4E0D4B4F
:104E900012E00398C007029FF3D00A480068406BF5
:104EA00000195F21C170074B1868406B0019002181
:104EB000C18005910171024E7F1C43E707B0F0BD30
:104EC000702E0020E82F0020EC2F0020D82F00208B
:104ED000F8B50446222018490090085C00270326F4
:104EE000164DC1B28F4212D22968496B8A19D21E5F
:104EF0001288A24208D1895D002905D0F8B208F0D5
:104F000007F900980C49085C34367F1CE9E710204B
:104F10000125002621462A46334608F021F92020A3
:104F200021462A46334608F01BF9204629463246D8
:104F300008F042F9F8BDC046702E0020E82F00208E
:104F4000F8B501460079274AD27A904221D2096801
:104F50004B681A7A961F0024142E1BD81422424341
:104F6000214D2D68ED6AAD180A885B7A7E4436794A
:104F70007600B7440A110F0F0F0F0F0F0F0F0F0F0F
:104F80000F0F14181C20262B3100284608F064F956
:104F90000BE002242046F8BD08F0CCF9FAE72846D9
:104FA00008F032FAF6E708F0F1FA0446F2E728468C
:104FB00008F09EFBEEE700931723284608F016FC46
:104FC000E8E70093182308F06BFDE3E7009319234B
:104FD000284608F0ADFEDDE700931A2308F0C2FF73
:104FE000D8E7C046702E0020E82F0020801FC1B2F5
:104FF000142903D840B202A1085C70470020704712
:10500000010100000000000000000000000001019C
:105010000101010101000000F8B50178446801298F
:1050200021D000295FD12588204609F009F82946BA
:1050300009F00CF822212E4A515C884253D2217A81
:10504000DF220A402272342141432A480068406B23
:105050004018C17F80220A43C277042007F008F875
:1050600007F060F842E066882588284609F00CF8C9
:1050700007460221204607F027FF0096002E32D077
:10508000002F30D011220646294609F019F82221B6
:10509000174A515C884226D23046294609F034F836
:1050A0003421414313480068426B511821228B5C24
:1050B000CA89002B00D1921C009B92B293420BD85C
:1050C0004A8C002A08D02231521E0A8038302146EC
:1050D00009F03CF80220C1E706200871012006F023
:1050E000C7FF07F01FF8204609F037F80020F8BD89
:1050F000702E0020E82F0020F0B585B072480068BF
:10510000816B002900D1DCE0383009F034F8044626
:105110000588284608F0B8FF074602262046314693
:1051200007F0D2FE294608F0EFFF002F4DD00546CC
:1051300022206649085C854247D234276F43624883
:105140000068416BC819C278112A3ED16288002AD2
:105150003BD0049221220392825C002A06D0531E87
:10516000012B50D8C28C808C042321E004212046DE
:1051700007F0AAFE54490B68596BCA19029292892A
:105180000190904219D80093049B022B1DD30298E2
:10519000826A002A00D08FE00122039BC2540022C1
:1051A000C284019B83841846049B9B1E04930623A0
:1051B000801A049A92B290420BDAC8190621017142
:1051C000012006F055FF06F0ADFF204608F0C5FFB0
:1051D00094E72846214608F0D9FF3B480068416B18
:1051E000C819C28C049BD318C384828C9BB293428F
:1051F00002D20399465453E02130934202D1032254
:10520000027002E00278032A4AD1C8198278120794
:1052100011D50289272A0ED1816A012009F000F8F0
:10522000002841D128480068406BC0190021039A2A
:105230008154816234E0264A12684E23D25C920681
:105240002ED5C95B0491818C0391468C47892148F6
:105250000068806942215522042306F013FB0028D0
:1052600022D00146039B0374324686730773049E63
:105270008672082048720D2008720020C8710A202A
:105280008871FF20487182200871180A4874100A3A
:10529000C873380A4873300AC872422006F04EFBC1
:1052A000284608F0F7FF29E7022006F0E1FE06F0A5
:1052B00039FF05480068009000983830214609F011
:1052C0000BF805B0F0BDC046E82F0020702E00207E
:1052D000EC2F0020D82F0020F0B585B0818804681D
:1052E000807904AA10702222344B9A5C6588268843
:1052F000904208D104AB30462A4608F0F7FF002858
:1053000058D104A800783421039148432C4F3968C0
:10531000496B0818018A304609F014F839680028EA
:1053200003D004A80278039F21E0C86C002843D072
:1053300002950A464C32C368136005460C35019548
:10534000002B00D10A6504AA1278039F3B46534301
:105350004D6BEB181B8A00258560C560896D086060
:10536000068043801648016801988865029D7A434B
:10537000486B8018028A0221204608F0F5FF0426B7
:10538000204631462A4608F0EFFF0D4D28685C3074
:10539000214608F0DBFE304606F06AFE06F0C2FE4B
:1053A00004A8007878432968496B0818817F491C54
:1053B0008177002005B0F0BD8820FBE7702E00202B
:1053C000E82F0020F0B587B08C4E3068406D059016
:1053D000059F002F00D10FE1F86805903988788883
:1053E00008F034FE22258649495D8842F0D23423F4
:1053F00043433068406BC018C0785F2801D0112843
:10540000E6D1BC68002C049312D0A01C03906288E3
:10541000002A22D0207A8006DAD43068406BC11886
:105420001F23CE56FB88002E029168D4734E73E082
:105430007988388808F0A2FF04463068002C4FD0E5
:105440005C30214608F0B2FF6088BC600021F98022
:10545000B8806180A01C0390049B3068406BC0182A
:10546000818B0029B4D0FE88B9888A1B91B2808ACA
:10547000814200D30246002E00D1921C029292B2C9
:10548000002E00D0B61CB1B20191204608F06CFF8E
:10549000B01C81B27A88204608F066FF0298001D91
:1054A00003990880002020822073E6816068606193
:1054B000A061217A2943217206AA019908F08CFF84
:1054C000A061204608F098FF002800D08FE04B4EE6
:1054D0003068406B04994018818B491E818377E7BF
:1054E00039460C31436DBB4228D01A46DB68BB42BB
:1054F000FBD10B68D360002B27D10C3224E01F3185
:1055000001917F210E4001990E70002B01D10121E4
:10551000CB433A4E9B18FB80B9889AB28A420BD192
:105520000625A581638002980089272814D10020D0
:10553000214608F075FE4AE0049B90E7024654328B
:105540000B681360002B00D182650022FA60006DA9
:105550000760306801653BE7204608F0FEFD2948FA
:1055600000684E21405CC00631D524480068406B7D
:1055700004994018868B40890290BC883888039033
:1055800021480068806942215222042306F07AF9FA
:1055900000281CD0014606748473029B0373039A8F
:1055A0008272082048720D720020C8710A2088712A
:1055B000FF20487182200871300A4874200AC8739D
:1055C000180A4873100AC872422006F0B7F9002082
:1055D000B8600A4E3068406B04994018817F491EBC
:1055E00081770598002800D007460597F0E604204B
:1055F00006F03EFD06F096FD07B0F0BDE82F002056
:10560000702E0020EC2F0020D82F0020F8B51D4C64
:105610002068403008F0FAFE010431D00090206884
:10562000403008F0A8FD05464688341DA1B208F0B8
:10563000F6FE002728463946324608F095FE6C8073
:10564000104C2F82EF812F7368686861A861287AF7
:10565000022101432972284608F0CEFE00280CD012
:105660006888001F688020684030294608F06EFD79
:10567000032006F0FDFC06F055FD0098401ECBE728
:10568000F8BDC046E82F0020F8B505460120682186
:1056900008F0D4FE234F3860234EF07A14242146BC
:1056A00008F0CCFE01463868C162012D10D15C3093
:1056B00007F084FB2225705D342108F0BFFE3968B5
:1056C0004863705D4000102108F0B8FE39688864B6
:1056D000F07A411C154D0122284607F037F8396849
:1056E0000862F17A0222284607F030F83D686862C5
:1056F000F17A0F4A0723284608F0AAFE38681721D6
:105700000185318C172901D28620F8BD4185F17AB7
:105710004C43C06A0021224605F059FFFDF7C3FA49
:10572000F8BDC046E82F0020702E00206C2E00200F
:10573000552E0710F0B589B00546C87D012861D106
:105740000C462F462C37294680313878022805919F
:1057500006D1A068C11C06A80A2205F034FF1CE08F
:105760006068C11C06AE0A22304605F02CFFB388E3
:105770003188E86CF2883689009201960A4608F072
:105780007CFE002809D0B87808F0A0FE0598406893
:10579000016801229143016032E02E46F43606A8EA
:1057A000018800890003F2888A4212D106AA9288F1
:1057B0002B8F934211D106AAD28804923288039388
:1057C000049B9A42039B07D1AA6E82421A4604D1D7
:1057D00011E006AA928800E01A462A87F1806866DE
:1057E000A86606A8C0887080308001200002059A53
:1057F000116801431160F98A06A808F079FEB080AB
:105800000020E07509B0F0BDF0B589B0012B00D0E3
:10581000A1E000AB07C30F980E99039129214F4CCB
:10582000615C4A1E9141E27F089208F079FE069081
:10583000E67A049601271821494C3846A0472346AA
:10584000484C216890254959C863402138469847FB
:1058500021684959C96B08605720840030462146A9
:105860003F4A90473F4909684959C96B48600898C1
:10587000874008F05FFEF8B20821394A904739495D
:10588000096808954959C96B0968242200268E5475
:10589000086224314F700594049844430794069D90
:1058A000089C0798B0421BD001273846294608F0CB
:1058B000C5FD2C4909680959C96B496889198422B1
:1058C00088503846294608F0B9FD26490968095923
:1058D000C96B496889198822885005983618E0E70D
:1058E00000980128049C09D10E21204608F0A6FD4D
:1058F0001C490968089A8958C96B88600198012871
:1059000009D10821204608F099FD16490968089A2E
:105910008958C96BC860029801280FD124212046FC
:1059200008F08CFD0F4D2968089A8958C96B0861E9
:105930000120112108F082FD2968086603980128DA
:1059400009D11C21204608F079FD06490968089A0A
:105950008958C96B486109B0F0BDC046702E00205F
:105960003DE40410EC2F0020FEB502910190204888
:10597000006800273C4690254159C96B09682422DC
:105980008A5C944232D2096ACA5D012A0FD1CE19CB
:10599000B279C0231340402B09D1C9597268002342
:1059A000029808F0FDFD002804D11148006808376E
:1059B000641CE0E70198076840680290304608F0F0
:1059C00013FE064672B60A4800684059C06B00686C
:1059D0002030E1B208F02EFE3846029C214608F045
:1059E00047FE62B6B4203750B4367460FEBDC04680
:1059F000EC2F0020F8B516460F46044608F04CFE82
:105A00000546F820225A3846294608F050FEA8429A
:105A100001D1464302E0711E4D432E180125012E8F
:105A20001AD009204701204608F052FEB042014634
:105A300000D33146E219002800D131469079C007E1
:105A400009D0423420881288101A80B2022803D369
:105A5000451E8D4200D30D462846F8BDB0B504461C
:105A6000322508F063FE44550020B0BD70B5002417
:105A7000204608F065FE0546094E30683421415C39
:105A80008C420CD2E321695CC90703D0284608F098
:105A900065FE3068572189006D18641CEEE770BD03
:105AA000D42F002070B50024204608F049FE05469A
:105AB000094E30683421405C84420CD2284608F0FC
:105AC000EFFE002802D0284608F0EAFE57208000AA
:105AD0002D18641CEDE770BDD42F0020F8B500240C
:105AE000204608F02DFE05460126264A2746106866
:105AF0003421405C84423DD22C20285CFE210140B0
:105B000002292BD1284609F03BF90028304623D141
:105B10002846FDF748FA002830461DD12846FDF7F3
:105B2000E2FA0028304617D1E0B20090FDF747FABC
:105B30000028304610D10098FDF74DFA0028304675
:105B40000AD1284609F037F90028304604D10098D8
:105B5000FDF779FA411E88410A4A00E00020411E03
:105B600088413906374600D10746572080002D1856
:105B7000641CBCE7380603D01220012109F01EF98D
:105B8000F8BDC046D42F0020F0B595B0CD1E6F42B1
:105B90006F41FF24FD2635421AD1002A18D00E92FB
:105BA000089407911A990A680692496814C8D0B2F5
:105BB0000B901C9E1B980D900F9210060993059157
:105BC0000C9607D0200CC2B2402A07D3002006E072
:105BD00020460DE1002001460E9E0CE001200E9EA5
:105BE0000B99491E4B424B411840C0210A40403A94
:105BF00051425141194072077E4E0A942346334068
:105C00000D9C0F9E266063600C9C002C01D08023AD
:105C10002370D40F784E326890230493D258926840
:105C20005D23D35C002B13D0002811D0002C0DD1A4
:105C3000012007990329099A03D11146014000D197
:105C4000D6E002210A40D11900D1D1E00898CFE076
:105C5000002B4CD000294AD00B940A9B14930F9C24
:105C6000139412A800260670116A03C910AA0096A0
:105C70000192224609F0B6F8691E8D410E990F096E
:105C80002F40012300280E935BD008970B9D5A48A4
:105C90000068049940588068016A096810AA12785F
:105CA000D2008A1807215156002931460D9C5BD538
:105CB00012787F21114011AA117028224A430368EB
:105CC00040689A182623D25CD20083185B688058FB
:105CD000DA0F484F3B4009C412A802700C98083CE8
:105CE000002800D00170002633460E993CE008439E
:105CF00019D10F980A9909F0D9F8010613D428216F
:105D000041433068049A8058806800684018252113
:105D1000455C09F0EFF841424141002D00D00121DE
:105D20000129089864D1009709980190069802907B
:105D3000059803900B980F990A9A234609F0E6F804
:105D400056E013A809F012F9002F50D008970B9DC8
:105D500012A8009011AA20460A990D9C234609F02A
:105D600027F9064600231946207802221043002D09
:105D700010D10127099D2F407C427C412A40574287
:105D80005741079D032D00D03C46002B15D0002C19
:105D90002BD12CE0721E964100290E9900D131467C
:105DA000012924D12168069A914220D16168059A7F
:105DB0005140104A11421AD11AE0731E9E41002927
:105DC0000E9B194600D13146012909D112A9097843
:105DD0004A1E9141002C00D10B46002B07D007E052
:105DE000504250410899014201D0FE2000E0FF20BE
:105DF00015B0F0BDFFFFFF00EC2F0020F0B58DB017
:105E000006910768039041683806139E129D05931A
:105E1000079208950FD00C46080CC1B2C0220A4068
:105E2000403A50425041FAB2531E5A425A41402918
:105E300005D3002104E00C460020014602E00121C8
:105E4000104011408025089A1570764B22461A4062
:105E5000376004967260744A12689026925992686C
:105E60005D23D35C002B17D0002915D00798C007FD
:105E700000D0D3E001200699002900D1CFE0059998
:105E800009688F4200D0C9E0059949686140654AB8
:105E9000114200D0C2E0C2E0002B16D0002814D07E
:105EA00021460C943C460B97069803281FD10AA85C
:105EB00000902046089A049C234609F079F80028AF
:105EC0005DD0217802200843A9E0421E90410143A1
:105ED0002FD03846214608F0E9FF40B20028089943
:105EE00000D40870009104980190039841E00B469B
:105EF000116A03C909AA0027009701920394224658
:105F00001C4608F06FFF00283ED0474B18688059A8
:105F10008068006A006809A90978C900401807214B
:105F20004156002934D40898057001200022049DB0
:105F30004CE0039F03CF083F08F0B8FF0106089D1F
:105F400013D4394909688959896809682870282251
:105F5000424388182521445C08F0CCFF414241416E
:105F6000002C00D00121012958D1009504980190FE
:105F700038460699079A059B09F064F84FE00798A0
:105F800000284BD1FE204AE00BA808F0EFFF45E0C7
:105F900000787F220240089802700AA80770282023
:105FA00050431A6892599268136852681818262349
:105FB000C05CC00013185B681058DA0F194D2B40F5
:105FC000049D09C502230343D8B2083D079BDB07A4
:105FD0000DD1059B197801290ED19979C0220A406B
:105FE000402A09D11968039A8A420AD00FE0002991
:105FF00014D5002A13D111E019682A688A4206D103
:106000006C6859686140074A11404F424F41FD2179
:10601000069A0A4051425141394300D1FF200DB048
:10602000F0BDC046FFFFFF00EC2F0020F0B581B0AF
:106030001546009103218A0542C832400127B80560
:106040005040CAB27A401218504250411C68A142D6
:1060500003D15A687240120219D0002815D01D4889
:1060600000689022805880685D22825C002A22D0DD
:10607000079A130614D4282353430068C01810301D
:106080000123324608F08CFA0FE0FF211EE0069A49
:106090000028084601D10220C043920715D415E01C
:1060A00001220846314609F011F8002803D00220E9
:1060B000044321460AE0A8070021C94300280846F6
:1060C00000D5F843009A032A00D00146C8B201B0B7
:1060D000F0BDC046EC2F0020F0B591B0012800D0F3
:1060E0008BE0012900D088E01D461446FCF7AAFC8D
:1060F000002800D181E000680C9000287DD028782D
:1061000001287AD16878012877D1B0213C4E204609
:106110000A91B04732460990AE780B94EF78F0219F
:106120000B98079114469047069010210B98A047B2
:106130000F9039010B98A0470590062171430B98E9
:10614000A04704900B983146A04703900322029287
:106150007243FB00780001900B9C08967000009041
:1061600000200646A64248D04721890071430C9D75
:106170006918096D00293DD07F240E9004400D91CF
:1061800021010F984118254601984543ED000598D7
:1061900047190098444302984443049805190A9CFF
:1061A000744330461096099E3419079E464306985C
:1061B0008019A067FF2666720D9E7465109C6406A8
:1061C000640D0F9E3419846108340D90C46100265B
:1061D000102E06D08F518C196560FF18AD18083647
:1061E000F6E70899109E7143039841180D98816352
:1061F0000B9C0E98401C761CB4E711B0F0BDC04655
:106200003DE4041080B5FCF71DFC4D21415C0068A5
:106210005030002909D00268526D0023D3671372F1
:10622000472292008018491EF3E780BDF0B585B083
:10623000039316460C4605460027EF223946FCF725
:1062400025FC0146002819D102962846FDF7A0FB3F
:106250003E4988420FD047218D004543FCF7F2FBB1
:106260000068401904A9FCF7F5FB002805D0049844
:10627000417A002905D0422100E00C21084605B0F2
:10628000F0BD856F2E460836304608F04FFF0346B6
:106290000498027A042C0BD11221002AEED0002B94
:1062A000ECD0029A002AE9D1EA89002A36D1E5E742
:1062B00001932549002A024601D002465032156852
:1062C00000970AB202993B4608F034FF854201D29A
:1062D0004521D3E701466F220498825C002A0CD046
:1062E00001466F314B780A7901210091029D2946C0
:1062F00008F020FF0146049800E0029D80300A4625
:1063000008F02DFF0498017A00290BD0032C05D149
:10631000304603992A4608F029FF0498801DFDF7AE
:1063200069FB0EE0019800283446039E04D02168E2
:10633000A1203246FDF76EFB204631462A4608F082
:106340001CFF39469AE7C04681FF0000FFFF0000AE
:10635000F0B5ADB0044618A9FCF77CFB002100287D
:1063600000D164E11898007A002800D15FE1264648
:106370009C363568204608F007FF401918990A7ABC
:10638000012A074600D04F6DFA43821807D40C6DDE
:10639000C01B2146FDF718FA401C6043C719781B43
:1063A00017A916AA08F0F6FE1798400B4142414182
:1063B000189A107A012800D039E1109115466035FD
:1063C0009C48012115910170022012901072B06951
:1063D0004008C019506517469748006890214458F6
:1063E000483410460E30149005262146324605F0FA
:1063F000EAF838465C302146324605F0E4F8384683
:1064000014300C90214608F0FDFE08F017FF2978A3
:1064100040010843287008F01BFF6870010AA9704A
:10642000010CE970000E2871159805F094FA687156
:10643000010AA97100266E812E81000CE87168782E
:10644000A978EA782B792C960902081811044018CB
:10645000190640180A902B9068791390A8790E902D
:10646000E8790F902C7B29A9FF2048700D910C70C2
:1064700008F0FAFE28962790269638463C3025905C
:106480002496786D23902296284620300B902190F8
:1064900011977F7A2046149909F001F90E980002AD
:1064A000139943180F98040423A825A927AA0F9726
:1064B000002F19D0001D091D121D1D460D9B5B1CD0
:1064C000274621AC20942AAC1F943C461E901D9375
:1064D0001C911B922BA81A901198199019A8FCF7DF
:1064E00071FC2846129D42E00D940E93119F384690
:1064F00081300990384684300890B86F012112919C
:1065000001706A891395287B002400940A990191EF
:1065100002940C99234609F0C1F92AA90870009445
:106520007E20C24338462146234608F003FE054636
:106530000B9C204609F0E5F90999089A3F48D0607C
:10654000042020700A200870CD2D00D8CD25082009
:106550004870119911621398007B9074086D21C2E4
:106560001560D07A129D2843D0720E980D9C0019A8
:1065700013901295AF0029ADB74221D0002E159C83
:1065800000D002242BA8825928782B490968497920
:10659000002305930694002E01D0092400E00E2468
:1065A000049425ACA419039427ACA4190294149C58
:1065B00001940093139B09F0ADF96D1C361DDBE7C8
:1065C000119EF06FB321405C09F09AFA044629A8A5
:1065D0000078214609F027F90F98002807D029A84C
:1065E0004078214609F0EAF8304609F097FA2A98EF
:1065F000B07229AC129F3D46002D07D02AA8017821
:10660000207809F08EF8641C6D1EF5E7304609F01D
:1066100094FA21AC23AD0AA6002F07D0327802CD20
:1066200001CC05F079F8761C7F1EF5E71099084635
:106630002DB0F0BD0A300020EC2F0020C41904104A
:10664000070D0000FEB50446007A022836D10D463B
:1066500027466837E06F08F097FD79880291666DEC
:106660001849097800290FD14019F14341180BD47A
:10667000801B216D0191FDF7A7F8401C02990918B4
:106680000291019941438E19711B20465830012512
:106690002A4609F053FA0B4B197801290BD12146F0
:1066A000983100221A70626D101A086048606065A7
:1066B0002046FCF797FB0298388000E0002528462A
:1066C000FEBDC0460A300020F8B50E460446C76F2E
:1066D000480701D4002503E07520205C10700125D7
:1066E0003007009206D55119E3880122384609F097
:1066F0005DFAAD1CB037F00608D500984019FB785C
:10670000A27AA16F496809F05FFAED1C700601D406
:10671000009905E0387809F079FA009948556D1C20
:1067200070B2002800D4F8BDE07A002813D0082009
:1067300048550F464E1928207070B01C21460E3166
:10674000052204F040FFF01D21460C31022204F026
:106750003AFF093500E00F46204609F060FA0028AC
:10676000E1D07919204609F063FAF8BD012070479D
:1067700070B5002802D1084609F05CFA04460020F2
:10678000002C18D0A56F4121695CFF2913D02E463B
:10679000403628468C3009F063FA72B6617A0022DE
:1067A0002846134609F07AFA62B6FF2070703078F6
:1067B00009F0A9FA012070BDF0B587B0C469049052
:1067C0000568A86F0390C03060602846503006907E
:1067D00028466A3005900026334F082E11D0A05964
:1067E00009F08FF8687A0228069801D3A86F001D77
:1067F000A1594D6200684860A05907611837361DDD
:10680000EBE720680599897881750A21817027490D
:106810000180C17D012206921143C175F921002733
:1068200028463A4609F076FA21683E308860CF6003
:10683000BC20039E315C049F3A691170305C616832
:1068400088750B20887019480880F068C8606A6DE8
:10685000F263327C42438A60C87D069A1043C87551
:106860007969284609F098FA059802888078697A4B
:106870007B681B68B46B0091019302941435294620
:10688000069B09F00BF8B969087009F0BDFAB96800
:106890000860F86831462431016008F0D9FC3060A6
:1068A0007968486007B0F0BDF4190410080A0000C8
:1068B000F0B599B007464078FDF76AF89C498842E0
:1068C00054D047218C004443FCF7BCF80068001901
:1068D00018A9FCF7BFF80C23002848D01898417A73
:1068E0001591002943D00E93806F067C81690F912A
:1068F000C16907910146223108911290C830069073
:106900003878C00010900830139000242546149762
:10691000119608351398A8422CD07E68375D002167
:106920007F223846FCF7B2F8002800D0F3E0159833
:10693000874200D3F1E03019C1784A0812237C2A3B
:1069400015D84278119E964211D9B21A80788242A7
:106950000DDB1898012209F0DDF9129989683E399A
:1069600088422C46149FD4D9452300E04223184680
:1069700019B0F0BD129C72B66A201899085A0D9091
:10698000E06B0590607C1190208C0C90089800784A
:1069900003902546267D647DA87D0B9008220F98E4
:1069A000079904F010FE3246E87D7F210140E97529
:1069B00062B600260E949442314604D001D90E9856
:1069C00000E01598811A0598E83805900291C8B240
:1069D0000A90FF2004903146039D13911098B04215
:1069E0000E9C3ED07868875D384621460B9AFCF7AE
:1069F0004DF80C23002800D096E0381BC0B20A994D
:106A0000401801248440139908462040000600D015
:106A100089E02C4200D087E00D980C9A904202D079
:106A20001198874213D111988742149F77D315D1BB
:106A30001898803009F0F0F900280AD004F04EFED2
:106A40000599081A11980490139907D567E0149FC7
:106A500004E00D980C998842139960D021430836C0
:106A6000BBE70298001B0E900021099610988842FF
:106A700020D07B685A18D4785B5C0E98C318DDB2BE
:106A8000EB000F980668F454F31854685C60032315
:106A90006B434468E6185578B57075709278002A93
:106AA00003D0B61CAA18521E32700222E2540831DA
:106AB000099EDBE71720129C205600231099B14253
:106AC00000D054E7002800D555E7607C1199814239
:106AD00000D050E772B60F98E06103981399014314
:106AE00008980170607C0499C9B2814211D118984C
:106AF00016A9009100221D4617AB214609F096F910
:106B000006980368169A1799C034204609F0C6F90A
:106B10002B4662B62BE7034629E70E9B27E7129820
:106B2000C07D462323E712231298C07D1FE7C0468D
:106B3000FFFF000010B5437A0022002B19D0037A22
:106B4000022B16D1826F13680B701C0A4C701C0C40
:106B50008C701B0ECB70407A08715068400A4871E7
:106B60009068400A8871D06805224243100AC871B3
:106B70000122104610BD10B50C46891CFFF7DAFF44
:106B8000002803D0322060700920207010BDF8B5B5
:106B9000427A002A26D00546846F406DE0630026C5
:106BA00066742046314609F0B3F92746D837FF28E6
:106BB00005D003214143E069406840184678A67437
:106BC0006A20285A20846946284609F0E5F800988A
:106BD00038607860E86FAA21405C697A0122234618
:106BE00009F0A8F9F8BD01207047FEE7F0B589B0BB
:106BF000467A002E2AD00446876FD6203D5C384660
:106C0000C03009F02DF8284609F088FA0025204602
:106C10002946FFF7ADFD00280FD002A8022181769A
:106C2000058369468D80049103910291084907917B
:106C300006950595009509F087FA3D75E9B2B142D0
:106C400004D2204609F0B6FB6D1CF7E709B0F0BD91
:106C5000FFFFFF00B0B5012815D1012913D1012A8A
:106C600011D1012B0FD109F0BDFB04460648C57AAE
:106C700001200C2107F0E2FB60600821284607F0A4
:106C8000DDFB61688860B0BD702E0020B0B50546A0
:106C900009F0B4FB0446284609F0BCFBA1790029A1
:106CA00005D02288028062884280A2888280817119
:106CB000B0BDFEE7F0B595B01F46069205910646B9
:106CC00080880AADFCF756FD002800D1A1E00446FB
:106CD00003970795723001902546B13530890AAF88
:106CE0003880266E700AB880B81D21467C31052296
:106CF000504B98474F4BB87A0495A9784901014306
:106D0000B97238460B3021465831042200921D4694
:106D1000984738460F302146813103220292A84716
:106D20004F20205CA16CC907C90E0143397608F0D9
:106D300085FA4001109901433976FCF791F8012852
:106D40000BD10498807A002807D0102010990143B5
:106D50000AA80176206D616D01E0A06CE16C0991DB
:106D600008900AAF38461A3008A9491C062204F0D8
:106D70002AFC01980088F882049909780329009A6E
:106D800000D00A460799223107911A9D7A76E16D63
:106D9000059A891A069A5200891A039B002902D57E
:106DA0008919401CFAE70AAA13845082981C908221
:106DB000901C00273A4608F0C1FE666C002E2AD0CF
:106DC0006E20305C002826D030466E302A21059196
:106DD000A9702B21697002992970B46E0695079DE0
:106DE0002C70210A6970210CA97000782871F06D4F
:106DF000400A6871306E1049FCF7E6FCA871706EAD
:106E00007D21FCF7E1FC059AE871200EE870069DF3
:106E100008E001270AE01C20A8702320687002986F
:106E200028702222E81C0AA904F0CDFB384615B0D0
:106E3000F0BDC046C7B50410E2040000F0B5A3B031
:106E40000C46099000270846394609F0F3FA024635
:106E50002046394609F002FB1AAD204609F0DAFA5D
:106E60000646807900281ED0707900281BD0099929
:106E70004878C91C421E08950DAD284604F0A3FBB6
:106E8000697E07200840687604280CD80125294629
:106E900081401620014206D00DA8801C079009F001
:106EA00017FB002801D023B0F0BD09F03BFB069092
:106EB0000028F8D009F04CFBFF281ED00295059061
:106EC000069D284676300490AC35687A0D9903917A
:106ED00009F066FB0499039848800598A8712C7006
:106EE00030880880307928727088000306994866D7
:106EF000717903290AD0022009E01AAB0920187021
:106F0000A1200A21012209F07DFBCCE706200129FE
:106F100000D83846E978014308200843E8700AA8F9
:106F200000900DA80CAA0BAB214609F0A5FB002888
:106F3000B9D00898203008900998807809900AA85C
:106F4000008803900B9804900C9805900DA8407E43
:106F5000042802D10DA803214176002018900DAD20
:106F60002F7EF906C90F18AE31701990701C294692
:106F70001A31062204F027FB0F203840F071099BDC
:106F800018462A38414241410898417002990170DF
:106F90001AA8847503998182069A0499D166697E3C
:106FA000C17507981B901A9205981E90189820900A
:106FB000199821902A2B02D10DA822301C901AA8D2
:106FC00000F036FB6FE7FEE780B50820014909F0C5
:106FD000C4FB80BD854F071070B50D4604460068A0
:106FE000616807F063FF010616D4282141430B486E
:106FF000006890228058806800684618304607F084
:1070000079FF002808D0284604F0A5FC0146304648
:107010002A46234609F0AAFB70BDC046EC2F00208B
:10702000F0B583B01468C0C8F0B2A64203D152686C
:107030007A4012023AD0FF25012838D1032080057A
:10704000384001229205904231D11A4800689022BE
:107050000292805880685D22805C002827D0002042
:107060001A56002A05D503C9019307F01FFF019B9B
:10707000024610061BD4D0B2282141430D480068B7
:107080000092029A8058806800684018103001937E
:10709000012331463A4607F083FA0099019A1170AC
:1070A000002804D002200443E5B200E0054628464B
:1070B00003B0F0BDEC2F0020F0B585B0040600262B
:1070C000002C2DD4039204932825454316480068CC
:1070D000902280588068006801904419029100292C
:1070E000274601D027461037384607F003FF2421F2
:1070F000615C002914D0002812D00298002804D026
:1071000001984019016A039C04E0039C204604F0A6
:1071100022FC014638462246049B09F027FB012643
:10712000304605B0F0BDC046EC2F002080B584B0DD
:1071300003460068596802AA009203AA07F038FFC4
:1071400004B080BDB0B50146204C20689025405960
:10715000806800290DD05D21002242542830012191
:107160001B4A082307F074F92068405980681949C0
:107170000165001D09F02CFB206840598068417AA8
:10718000002907D00268243200231370491E2832D8
:107190000029F9D10C3009F01BFB206840598068A8
:1071A000143009F015FB2068405980685C210022EA
:1071B000425401465C3101230B714A80014614316F
:1071C00002460C32C2610162B0BDC046EC2F002005
:1071D000E1500710A0BB0D0010B50C4602684168D5
:1071E000104607F063FE012100222346FFF764FFEB
:1071F00010BDFEE7F0B58BB05F4D28689022805837
:1072000080685C23C15C002900D1B2E00393059241
:10721000416D0791816D0691017A002923D0FF21EC
:10722000079A8A4302920022072408920168406864
:10723000055D7F2004900540282068430F18002634
:1072400038460799069A334607F0AAF900284ED126
:10725000089A521C484D2868059940588068017A60
:1072600008348A42E1D309A800900AAA00240798AA
:107270000699234609F0B0FA0028059E71D02868C7
:10728000805981685E200A5CC9690B680AA90D787B
:10729000ED005B19DC717F2A374600D37F22364E22
:1072A0003368DB599B68DB691B680D78ED005B195F
:1072B000DD791543DD7135463268D2599268D2695D
:1072C00012680B78DB00D4543268D2599268D269C4
:1072D00012680978C900535C80241C4354543168F7
:1072E000C95989680A5C521C0A543E4639E008961E
:1072F00009A8009002982843802420430AAA012369
:10730000069909F069FA00281B4D059E29D00794BB
:107310002868805980685E21415CC06902790368F1
:107320000AA80478E4001B19089CDC71521AD1B237
:10733000002900D0511E049BCAB27F2A059E079CDB
:1073400000D319462A6892599268D2691268007867
:10735000C0001018C2790A432243C27127200A993B
:10736000395409F099FA2868805980680021039AF5
:1073700081540BB0F0BDC046EC2F002001207047B7
:10738000F0B583B00C46124909689027C95989683D
:107390004D6889680CC802A801260096019028460D
:1073A00007F020FD002810D0601E8441E00108494C
:1073B0000968C9598968496802AA1278D2008918EF
:1073C000CA797F2313401818C87103B0F0BDC046B6
:1073D000EC2F002070B50C48026890215258946838
:1073E000227A002A0ED0002207236468E55C7F26FB
:1073F0002E40E65404686458A468257A0833521C69
:10740000AA42F2D370BDC046EC2F002070B5094DE2
:1074100028689026805980685F24015D002905D185
:1074200009F054FA286880598068015D491C0155AB
:1074300070BDC046EC2F002080B50A48006890213E
:10744000405880685F21415C002905D002465F32C8
:10745000491E1170090600D080BD2830002104F0BB
:107460006EFD80BDEC2F002010B50268416810460B
:1074700007F01CFD01060CD428244443002004F02E
:107480006AFA0449096890228958896809680919C3
:10749000086210BDEC2F002003490968902289582A
:1074A0008968602288547047EC2F0020B0B508F03E
:1074B00099FFFF2101810A4CE17F07220A40012147
:1074C000914041740C3009F083F90025A17FE8B2A6
:1074D000884203D209F064F86D1CF7E7B0BDC046DE
:1074E000702E0020F8B501282CD101292AD1012ABB
:1074F00028D11548C07F009001241421134A20464A
:107500009047134F396890254959496898268959F9
:1075100008600D48807FC0210C4A9047396849595E
:107520004968895909680860072000990840844023
:1075300008212046054A90473968495949688959C0
:107540000968C860F8BDC046702E00203DE40410F4
:10755000EC2F002080B508F045FF007AFF38411E6F
:10756000884180BD80B50849096836228A5C920648
:1075700003D53631497BC90602D409F0DFF980BD55
:1075800009F026FA80BDC046EC2F002080B50849DE
:10759000096836228A5C920603D53631497B890612
:1075A00002D409F069FA80BD09F0BEFA80BDC04678
:1075B000EC2F002080B50849096836228A5C9206C3
:1075C00003D53631497B090702D409F015FB80BD8C
:1075D00009F05EFB80BDC046EC2F00207FB504465D
:1075E00008F000FF0646007AFF2812D0256864687C
:1075F00003F0C2FFAF21415CC9070CD1816CA942E5
:1076000007D1C16C6140FF200006814348424841D8
:107610000BE0002009E0F068316903AA0123009320
:1076200001922A46234607F0DDFB04B070BDFEE759
:10763000F0B58BB004462020205C27462037002878
:107640001BD0606840880226062800D27AE12568AF
:1076500041026A6E8A4200D874E1E96E00023E3847
:10766000814200D36EE12069E86579782846FBF70E
:1076700052FC002854D0064665E108F0B3FE0246ED
:10768000007A0126FF2800D15CE1517A002900D060
:1076900058E1079203F070FF06460546AF35207E9D
:1076A0008107C90F29730122104020762660AF2080
:1076B000305CC007089209D1A069B16C814203D146
:1076C000E069F16C814214D016463BE1A069059057
:1076D000E06906900798C36801690AA8032200922E
:1076E00001901846059A069B07F07CFB089A002833
:1076F000EAD0287B00280BD008F086FB002101226D
:10770000326571655136011D0622304603F05BFF7C
:10771000606808F0DDFE002800D1F7E0089E11E166
:10772000206806906668813031460D31032203F0EF
:107730004AFF707A0590B27AF37A0796307B04900C
:1077400006990846AA30E67D0890C6710E461102D9
:107750000598081819044018049909064018B065DE
:107760003878002803D020461430079B02E0079B9E
:10777000184610302946813105912946B1310491CE
:1077800000881A7A72217052AA20FF213154588839
:10779000410231660620B0660020089BD87350096C
:1077A0005872706E401EFCF70FF8401E81B23346CF
:1077B00072339A888A4200D99880079A107A1F21DA
:1077C0000140117230467C300390111D0522079351
:1077D00003F0F9FEA069E169B064F16430468430D9
:1077E000039907F00FFD30462146FBF798FB0898F8
:1077F000007A079908817878069004984678089668
:10780000007808F07DF90790304607F032FFA96D47
:10781000304607F03DFF059A1078517809020818A4
:10782000917809044118304607F056FF6C4800680B
:107830004179304608F002F800213046059107F002
:1078400062FF29467C31304607F029FFFF21304690
:1078500007F04EFF304607F09BFF3046079907F0D0
:10786000ADFF2E4630360898314607F09AFF08984B
:1078700007F066FE304607F0E3FD304607F0E5FD11
:10788000304607F013FE3046314607F014FE08F08C
:10789000BBFA0146304607F0E3FD304607F0BEFD77
:1078A000304607F0EBFD3046089907F00CFE3046F5
:1078B00007F014FE304607F0CDFD304607F013FE0A
:1078C000304607F026FE304607F0F8FD304607F058
:1078D000DBFD069800280ED0059800909620012127
:1078E000079A134607F004FD0146304607F0FDFDF8
:1078F000304607F002FE79782846FBF7FCFA7878E4
:10790000002827D02068FBF70EFB21E06068418843
:107910000226062916D349022268526E8A4211D9DC
:107920003A7825460C35294609F00EFA002809D088
:1079300028680028089E05D02046FBF7E8FA06468E
:1079400000281DD02568022E02D1284608F088F9AB
:107950000BB0F0BD20682349B222825C8275C26DF3
:10796000036EC47D01252543C5754360833B836059
:10797000C160C16E4908511A052203F0CDFEE7E748
:1079800026686568287A0890E07D08F0B9F80590C7
:107990006888069009A809F003FA0998F065059827
:1079A00007F06EFFF16D091AE0680918F165297892
:1079B0006978890601D57B2100E00C210918089817
:1079C000400909F0F9F9069909023E39884205D2C1
:1079D0000121079A5172F066256846E62568B4E7EA
:1079E000EC2F00208A020000B0B50024044DA97FCE
:1079F000E0B2884203D200F02FF8641CF7E7B0BD74
:107A0000702E0020F8B5012823D1012921D1012AA7
:107A10001FD1012B1DD1069801281AD10024204620
:107A200003F0AAFD054644350A4FB87F844210D2C0
:107A30000126E021304606F001FD286007F061FFD5
:107A4000F97E304606F0FAFC29684864C035641CAB
:107A5000EBE7F8BD702E0020B0B509F0B7F9044689
:107A6000456C0021E02203F0B2FD7821FF20605434
:107A7000DC21605465648221E22902D060540C311B
:107A8000FAE7B0BDFEB500296DD004468130019003
:107A90002646B136656C307808F032F80746029019
:107AA000767830353046294607F0B6FE30463946FE
:107AB00007F0B9FE284607F0C3FC284607F0C5FCCE
:107AC000284607F0F3FC2846294607F0F4FC07F0A7
:107AD000CBFB0146284607F0C3FC284607F09EFC76
:107AE000284607F0CBFC284607F0B4FC284607F0F0
:107AF00016FD284607F007FD2846314607F0E3FC4F
:107B0000284607F0DBFC284607F0E8FC606CDC2127
:107B1000475C866E384607F0ACFD3846314607F0C4
:107B2000B7FD019A10785178090208189178090474
:107B30004118384607F0D0FD0B48006841793846B7
:107B400007F07CFE0021384607F0DDFD7C34384626
:107B5000214607F0A4FD3846294607F05DFE384669
:107B6000029907F060FEFEBDEC2F0020B0B50028A2
:107B70000ED0401E01240023E4B20D5DDCB2322D94
:107B800008D00C5D1B195B1CDDB26C1CA842F3D83D
:107B90000020B0BD6018811C082310461A4603F06F
:107BA00012FD0120B0BD7047B0B505460024204647
:107BB00003F0E2FC11380949897F491C491E0AD0AB
:107BC00055228258C0307823D25CAA42F6D1007880
:107BD000800600D401242046B0BDC046702E00208F
:107BE000F8B52121415C00291ED084682079012646
:107BF00080220F4F3146B847009060790621FF255B
:107C00002A46B847074600980743A079FE22314626
:107C1000074B984706463E43E079022421462A4610
:107C2000034B9847304300D100242046F8BDC0469E
:107C30008D2A0410FEB5002931D0054608F088FCD5
:107C4000FF2834D0044608F083FCFF282CD00646D9
:107C500009F0CCF8FF2824D002966E6C01903046D3
:107C600007F04FFEB4751648002783217760B16096
:107C7000F760306175620E20B07012483080F07D80
:107C800001210143F175019D284606F059FDDC21D3
:107C90007454782175544121029A42540DE0002712
:107CA0000BE0304608F03AFA204608F037FAAF20E9
:107CB000295C80220A432A5402273846FEBDC0466A
:107CC0003C1A04100A0A0000B0B502462120085CE4
:107CD000002828D01448C47E8B681879A04200D3AD
:107CE0002046516C6E240855D46D8C651C785D78E7
:107CF0002D022C199D782D046419DD782D06641948
:107D00008C66022802D35A79520200E0126ECA65CC
:107D10009A79064C54430C66DA797D2353434B66BB
:107D2000483109F07FF8B0BD702E0020E204000059
:107D3000B0B5C16E0346B133426CD46D002C00D196
:107D4000046EC26D4460114C0461114C04800D241A
:107D500084705C788475C47D01252543C5750D4C00
:107D600025464D432D0A2C191B78032B01D04B348B
:107D700002E0FF231433E4188460C46040624908C1
:107D8000511A052203F0C8FCB0BDC046541A0410B5
:107D9000080A000071020000F0B58BB0049104469F
:107DA00087204000215CFF2940D025180195FF263F
:107DB00030460296DE302018039003F0A0FC206EBF
:107DC000007805AF1A493981BE720121B98129783D
:107DD000F9720021F97379748006C00F3874049920
:107DE000880025189C26A859001D05902046B4300F
:107DF0000690302048432418A07D07F02BFCB8746F
:107E0000029801990870A85900680A9003980078B0
:107E1000800701D5FBF734F8204609F020F808F078
:107E200097FB05A98873084609F022F80BB0F0BD4E
:107E3000FFFF0000F0B58FB00A9309920F46FF24B0
:107E4000DC34015D8A08012319469143159D297090
:107E500000263E737E607E750B90006E0096019644
:107E600002933946324609F02BFB3868002800D1CE
:107E7000B6E02E70B87C022800D9B1E008960B9DC0
:107E800028192946983106911499059146780EA82B
:107E900008F086FFB87B06214143C8B2396808F074
:107EA0008BFF049044080E980D900A988006000EEF
:107EB00007F0E6FC2018079739680D9A5118081A40
:107EC0000D9070354B2080000C900B952F46354659
:107ED000002D12D03868001D09F0B0FB002809D031
:107EE0003C68E0690D99401AC117401848400C9948
:107EF000884211D33F1D6D1EEAE70B9C002E6FD008
:107F00002068817EFF2904D0001D09F097FB00281E
:107F100006D0241D761EF1E70D98E061206202E094
:107F20002468002C5CD02F4804994843C0097D2167
:107F3000090140180B9027464B3725465435261D1E
:107F4000304609F07BFB002806D00D98E0612062E6
:107F50000999079E089A2EE00496079EB07C401C63
:107F6000C0B2FF21089A03F019FB03900A98E87049
:107F7000F07B6871B07C401C2871A17E0698006877
:107F8000001D0122089B09F063FB0C98039940181F
:107F90001C301549A1801549089AA260E060226151
:107FA00061610520A071A4620C2204980D9903F070
:107FB000B3FB089A0999059BEB710B982060AA7096
:107FC0003A703089288003C9E0632164002B05D012
:107FD0000699C869096A6063A16301E06263A263EC
:107FE0000FB0F0BD71020000040400006C1A041010
:107FF000F0B58BB005469000281802909C220392A1
:10800000805800900C300491897E0191296E091DE1
:10801000062203F0D8FA05AF00203882F873022058
:10802000B881FF24BC721448388187204600A85DBF
:10803000F8722846B43006900098001D059001980B
:1080400007F008FBAC55B87403980299085800680B
:108050000A90DE34285D800701D5FAF711FF0498F5
:10806000001D08F0FCFE08F073FA05A988730846A5
:1080700008F0FEFE0BB0F0BDFFFF0000FEB50646A7
:108080002D480068902140584468FAF7DBFC0290C4
:108090002A48407F752189000025655485225200B9
:1080A000A554A21895716718FD72012139732346F2
:1080B0009C33192189021964019399647D72FF210F
:1080C0001171FD710A2800D30A20012E00D0284624
:1080D0003872204607F015FC2046303007F011FCBE
:1080E000029E143607F090FE206666669C2020589B
:1080F000001D2422294603F06AFA387A002818D095
:10810000019E7068001D002524220292294603F07A
:108110005EFAB068001D2946029A03F058FA7034DE
:10812000387A854205D201CC001D07F0EAFB6D1CB0
:10813000F6E709F0C7FAFEBDEC2F0020702E0020F4
:10814000F8B5012869D145200091C1000125334AC5
:1081500028469047324C21689027C9594860282604
:10816000284631462D4A90472168C95949689C22C2
:10817000885028463146294A90470099012940D124
:10818000274C2168C9594968A02288500126282512
:1081900030462946214CA04721490968C9594968F8
:1081A000A422885030462946A0471D490968C9596C
:1081B0004968886630462946A047194A116815461D
:1081C000C9594968C8662C213046A0472968C95951
:1081D0004968982288500025124E707F0A2800D3E3
:1081E0000A20ECB2A04216D901205C2106F026F943
:1081F0000B490968C9594968A200891808676D1CAC
:10820000EBE707490968CA5952689066C85940683F
:1082100098210022425009F071FAF8BD3DE40410A3
:10822000EC2F0020702E0020F8B517460D460446AE
:10823000406E05210170002A06D109F09BFA400129
:10824000616E0A7802430A70606E22214170022D2D
:10825000009101D0144E00E0124E012F00D0134EB9
:1082600009F08EFA3718022D01D0284600E00420CC
:10827000009909F08FFA3E18A80025189C27E859A4
:10828000314609F0A3FAE8590168891B4A0A827647
:10829000490CC176E9591231606E0E30162203F096
:1082A00092F9F8BD3E0600003E0400003E020000C8
:1082B00070B504460F204001205C400710D52646CB
:1082C000463601252046294609F098FAE06E3178B5
:1082D0000022134609F0BCF92046294609F0D0FADD
:1082E0000221204609F08AFA70BD7047F0B595B0BA
:1082F0001493054600690C902F4800682C23C05C3D
:10830000C007C40E287A1390A88A1190687E0D9039
:10831000A87E0E90287F1090E87E0F90287E0B900C
:108320002878129002D116460F220BE023480068ED
:108330003623C35C9B063CD53630807AC00638D5E0
:10834000164601224E20C04344400A91481E032392
:1083500003432533980883B2194800684069E7B29F
:10836000394603F08FFA002823D004460C98801970
:108370006B1C09350A99089109900D9840B20E9925
:1083800049B20B9A00920F9A0192109A02920391AD
:10839000049011980590139806900795201D149944
:1083A000129A09F097FA074860603846214603F0B0
:1083B000C5FA15B0F0BDC046D42F0020EC2F002028
:1083C000D82F0020292B0710F8B50C4605460F20A2
:1083D0004001085CC00708D008F0BAF8FF284AD06E
:1083E000A075E07D01210143E175A87A002801D044
:1083F000002541E0772080002618307940070AD513
:1084000008F0A6F8FF2833D0214646310870487896
:10841000012202434A7027467037002500953078C4
:1084200085420BD208F094F8FF2809D002CF887655
:10843000C87E01220243CA766D1CF0E7009D1BE056
:108440002806009D18D13079C10706D0204608F0D3
:1084500006FD204607F055FA3079072540070BD571
:108460003034204608F0FBFC204607F04AFA03E0CF
:10847000204608F0F4FC07252846F8BDF0B589B081
:1084800004460293039105AD0FC5FF26DC3609F0C3
:108490004BFA07468019049087204000385C06F0AC
:1084A0004FF90190194D0E9E022E0FD0200A284040
:1084B000B1088A00BA18E423D05020022840DC23F7
:1084C000D050781885214900012242547008850057
:1084D0007C199C27E059001D05A909F02DFA029886
:1084E000000A0A49084001994A19906558320398D0
:1084F0000004C009314609F075FAE1590860049A90
:10850000107804210143117009B0F0BD00FFFF0095
:10851000B0B504460025602D04D0601907F0A0FB1B
:108520003035F8E7B0BD70B502280CD30C460546CF
:108530000E8801200004801B2946FBF745F9401CEA
:1085400068438019208070BD70B5F421465A002E12
:1085500010D00546F4356988B1420BD14230AA8863
:10856000EC880088214606F0A2F8A04202D086429C
:1085700000D9688070BDF8B50446FF202830205C23
:10858000002780073FD549208000251820462C3041
:10859000817800910078022810D128880126800671
:1085A00032D52620214609F049FA002822D00021A0
:1085B0000F22009809F057FA002825D101263046ED
:1085C00009F063FA00281FD00246FC3438200F213E
:1085D00011542088D08060889080A0881080E08826
:1085E000508020891081002090720121009809F0AC
:1085F00053FA04E001211A22204609F069FAE878CA
:10860000FD210140E9703E463046F8BD80B50F209F
:10861000014908F0A2F880BD9D98071010B50446E6
:10862000084609F0C3FA01460522204602F0CBFFB6
:1086300010BDB0B5044606F083F82C21415C00253E
:1086400002290AD12121C900401809F0B4FA0028F2
:1086500003D0204609F0B3FA05462846B0BD010113
:108660000102010201FF0201FF02020201020101F7
:1086700001010102FF0201FFB0B5054609F0BEFA93
:108680000446284606F05CF805462C20285C0328A2
:1086900003D10020E0702070B0BD20460C300021D6
:1086A0000A2202F094FF094800689021415848319D
:1086B00020461630052202F086FF0120207021207E
:1086C000C000281809F0A6FAB0BDC046EC2F002063
:1086D000B0B5064D2868C93000240A22214602F0B0
:1086E00076FF2868C8214454B0BDC046EC2F002056
:1086F000FEB5044606F024F801462120C60088197C
:108700002C22895C032908D109F089FA00282FD08E
:10871000204609F089FA054631E009F0D3FA002530
:1087200000282CD0204606F00BF80746204609F01A
:1087300065FA029027200197394609F07FF90299DE
:10874000097801291BD1002819D00025284609F0F5
:108750009CF900280ED0024638200B21115401212B
:10876000204609F099F90198801909F0AFFA06E05E
:10877000002504E00198801909F04CFA01252846EB
:10878000FEBD01207047000080B50B20034907F0B3
:10879000E4FF0C20024907F0E0FF80BD498207108A
:1087A00005FA0610F0B585B00291FAF718FC0490AE
:1087B00000250120039002F091FF01902E461F48F2
:1087C00000683421405CF7B287422ED2384605F06B
:1087D000B7FF002827D00446384609F00FFA0246B2
:1087E0002C20205C02280ED10498012807D11046C5
:1087F00016300C32029909F06EFA012813D138466E
:1088000009F0DDF909E0049901290CD103280AD106
:1088100001989060384609F007FA411E8841290600
:10882000039D00D10546761CC9E7280604D0122016
:1088300003F01EFC03F076FC05B0F0BDD42F002041
:10884000FEB5064687680479204605F079FF05469F
:10885000204609F07DFA002844D08079042841D1CF
:108860007802E96C81423DD028462C300295923541
:1088700039683D2212016B889B019A18EB889A4255
:1088800000D81346184A4A43114636680078022831
:108890000BD116481818814207D201911249009352
:1088A000FAF792FF009B019938602888F0844B20EA
:1088B00080001818091A00D2002168892A8A90427B
:1088C00000D310468142029B00D8084682B2A921FB
:1088D00009018A4200D80846B08401212046324668
:1088E00009F04AFAFEBDC046E2040000BC0B0000DD
:1088F000FEB505680679304605F022FF074630468A
:1089000009F026FA002847D08079042844D13C4653
:108910009034A88CE18881423ED0E080002130462E
:108920002A463B4609F028FA1C4800683621415C7B
:10893000890631D53630407A40062DD52689A5885E
:10894000E0880190208802907F8F154800680069B8
:10895000802126220424234602F094FF00281BD005
:10896000014606748573019B0373029A8272077233
:108970000720C8710B2088713E2048710C71300AA5
:108980004874280AC873180A4873100AC872380A4B
:108990004872802002F0D2FFFEBDC046EC2F0020BE
:1089A000D82F002080B50520014907F0D6FE80BDF4
:1089B00021150710F0B589B00024204605F0C0FE4F
:1089C000009001200890404800683421405C8442B7
:1089D00078D2572080000594604300990D182C2010
:1089E000285CFE210140022969D10121009C20461A
:1089F000079109F0EDF9064600212046019109F0A2
:108A0000E7F9411E8841002E0899049100D1049095
:108A10002B462846E83003902846E6300290EA3399
:108A2000089F06931C78F02626400F252540032D2D
:108A30001FD0022D0BD0012D2BD1049800282CD053
:108A40001320012106F0BAF9069B022525E00398C0
:108A5000008802990988081A0A2343431B480068C2
:108A60000599C9B2A030012209F0BDF9069B032582
:108A700013E0A00611D5049800280CD00598C0B2C8
:108A800009F018FA002801D0D02626400898069B45
:108A900004E0019802E0D0262640089872B61978C2
:108AA0008C4203D12E431E70002102E007990F4033
:108AB00039464A1E914162B600270842B2D1059C50
:108AC000641C80E709B0F0BDD42F0020EC2F0020FB
:108AD000F8B509F007FA044614480068066EFAF77C
:108AE000BEFA0546F0206060307CA0730836009620
:108AF0000027BD4215D00120B840A17B01407E2651
:108B0000F940304604D00098C057012109F0F6F929
:108B1000E11920227F238B540B770E7608757F1C7A
:108B2000E7E77F20E07300202081F8BDEC2F0020D4
:108B3000BCB50446FAF793FA054601A8694602F067
:108B40008CFD0020854215D0C921215421180F2207
:108B50000A71009A02230B730A7201218140227C60
:108B60000A432274401CEDE70120A840217C814388
:108B700021746D1C072DF7D9BCBDB0B5054609F0B1
:108B8000B1F90446284609F0DFF9401EC0B20121C0
:108B90008140A27B0A40C2400BD0284605F0D0FDA0
:108BA0004221405A6189884203D060812089401C5B
:108BB0002081B0BDFEB505462E27C05D09F092F9B3
:108BC00004460F2020560290E85D134909680E6E96
:108BD00009F0BAF9401EC7B2E019007E0190E42006
:108BE0002956F019027B029802F04BFDE073212018
:108BF000294608F023FF00280DD00120B840A17BB2
:108C00000140F94007D001987E2804D1122003F0DA
:108C10002FFA03F087FAFEBDEC2F002070B5044652
:108C200009F060F90546204609F08EF9401EC6B2EB
:108C30000120B040A97B01402046F1400DD005F055
:108C40007FFD4121445CA8191421405602F0FDFC2F
:108C50000146204606F0F2FD70BD09F089F970BDAD
:108C6000F0B587B002930746FF28044605D13C487B
:108C700000683423C05C471E002400296AD0049297
:108C800001200690C002039025460597F8B2EEB287
:108C900086425FD8304609F025F90746304609F08C
:108CA00053F9401EC2B206989040B97B0140D140B2
:108CB000012938D1049E002E10D00298012815D128
:108CC00004997F290ED1BE18307D01907F200121AB
:108CD00009F014F930750199461A07E07F20F873FE
:108CE000002603E0384609F051F9064630061AD04E
:108CF000B88806994902014015D00399084012D15D
:108D0000002008F0C2FE00280DD038210A2242546B
:108D100038600671B88803990843B880122003F0C0
:108D2000A7F903F0FFF96D1C059FAFE7284609F08E
:108D3000D9F80646284609F007F9401EC0B20121BD
:108D40008140B27B0A40C240012A02D12846FFF787
:108D500065FF641CF8B2E5B28542E7D907B0F0BD03
:108D6000D42F0020F0B58BB0044609F0BBF80546BF
:108D70000994204609F0E8F8411ECBB201242246AE
:108D80009A40A87B1040D8403ED007930492AE880A
:108D90007007089506914DD5288902284AD32B7C67
:108DA000687CA97CEA7C0AAF00900191029203974B
:108DB000F0B287092846079E31463A4609F0F2F894
:108DC000B84230D00146A819007E7E282BD00998E1
:108DD0000E4605F0B5FC3246032E0DD0032F0BD006
:108DE000A988CB0512D58B069B0F93420ED1422149
:108DF000415AAB898B4216D20AA90F78408F394667
:108E00002B4609F011F910E0002785E024024223E7
:108E1000C05AEB881818A8814D4801409007800E71
:108E200040182043A8800AA80778FF2F01D100200E
:108E30002881AE88300519D501270A2209983946BC
:108E400009F030F9B10511D500280FD1089A106842
:108E500004214356099900910190029238460699DF
:108E60008840C2B20020394609F03CF90F20089D25
:108E70002C5601270A2209983946059209F012F961
:108E80000028079E2ED1E1B27F292BD031480068FF
:108E9000026E905792190423D256831AA34202DC21
:108EA0001218A2421EDAC3B2AA1918201056591A73
:108EB0004EB27E2833D130460106064612D000203D
:108EC00008F0E3FD00280DD03821059A4254099995
:108ED0000091019002950498C2B273B2002001463D
:108EE00009F000F9A888C00416D50127384608F013
:108EF000CCFD002810D03821059A425409990091E0
:108F0000019002950127384606998840C2B2002098
:108F10000146034609F0E6F838460BB0F0BD012ED5
:108F20000ADB202151567F29C9D07F28C7D0081AD3
:108F3000C5DBB042C0DBC2E71C2151567F29BAD045
:108F40007F28B8D08142B6DC081AB042B3DDB3E75F
:108F5000CFFE0000EC2F002080B50A20014907F069
:108F6000FCFB80BD25FB06101CB50A46044601A982
:108F7000104609F001F9002800D01CBD01A80078B6
:108F800008F0B0FFC07B20707F2801D000201CBDFE
:108F90001F201CBD04207047F8B50468007905F057
:108FA000CFFB9E21435AA0210546415A8B4200D354
:108FB0000B46E3809C212846695AA222AA5A914274
:108FC00000D31146A180A9221201934200D8134672
:108FD000A3812846EB6C144D5D432B0A009394301B
:108FE00008250C2D1FD0082D01D00C2600E00626E8
:108FF000A65B3D273F0103889B01DF19B74200D8DC
:109000003E464B239B00F318009EF61A00D2002622
:109010008E420F4600D83746BEB2964200D816465A
:109020006653AD1CDDE7F8BD71020000FEB50446D5
:1090300005F086FB054693204700204608F088FE91
:10904000E95DC906CA0F43D02C462C342178022989
:1090500006D1017A002900D181798171467A05E033
:10906000417A002900D181798171067A002E00D1E0
:10907000C679C6710429029205D10088012805D05D
:109080003846042704E038464F0801E038460627F2
:1090900028180190607D394606F0C5FB042E00D0EB
:1090A0007608607D314606F089FB0020009096200E
:1090B000012132463B4606F01BF90146143528468D
:1090C00006F013FA019A1078EF2101401170029A0C
:1090D0001046FEBD80B50620014907F03EFB80BD6D
:1090E000F917071080B505F021FB0249C161002086
:1090F00080BDC0460200070770B50D4608F028FE87
:10910000002814D0044605F011FB064600210E226B
:10911000204602F05CFA042D01D1284601E001202E
:10912000A840E071A071F08B6080B08B208000209F
:1091300070BD0000F0B587B0044605F001FB0546A0
:1091400093204700EE19204608F002FE0446EF5D2A
:1091500078062B4648D5304800683621415C8906A0
:109160003ED53630407A40063AD590352889019070
:10917000A8880290E888039028880490588F05906A
:1091800026480068006980212622042506932B4684
:1091900002F078FB069B002822D00146019A027457
:1091A000029B837303980873049888720598087269
:1091B0000720C8710B2088713E2048710D71100A7C
:1091C0004874180AC8730398000A48730498000A80
:1091D000C8720598000A4872802002F0AFFB069B17
:1091E0003078BF2101403170B80612D5E1790320F3
:1091F0004A0700D501465A8FA3790091590700D537
:1092000003468020002108F0C9FF3078DF210140AB
:10921000317007B0F0BDC046EC2F0020D82F0020E1
:10922000F0B589B001920291044606F0FCF802F014
:1092300066FA0320C043C01C03AD288101202882A8
:109240006873AA27E05DA8722646AA36B07EE87247
:109250000198049002980390B07C06F0FBF9A87482
:10926000E05B1449401A411E8841E8732873204688
:10927000EC3007F0F4FDF420002102912150FF278B
:10928000B77407F065F9A873284607F0F1FD20468A
:10929000283008F0B9FF3C34204608F0B5FFB77617
:1092A00002983074307E800701D5F9F7E9FD01207E
:1092B00009B0F0BDFCFF0000F0B589B0044602F033
:1092C0001EFA03AD1F48288100200190288201204A
:1092D000E873FF2002900430A881AA20205CA872C5
:1092E0002646AA36B07EE8722046C8300390206D2C
:1092F00028300490BD27E05D06F0ACF9A874E05D6D
:1093000006F00CFF0298E055B07C06F007FF029FC4
:10931000B77407F01DF9A873284607F0A9FD204689
:10932000283008F071FF3C34204608F06DFFB77616
:1093300001983074307E800701D5F9F7A1FD09B09E
:10934000F0BDC046FFFF0000B0B5044600250D701B
:10935000006D06F068F806F001F8C72007212154D7
:10936000606F8560606FC560606F017A2246C732AA
:1093700052785206D20F0A430272606F2146CA31F8
:109380000930062202F01FF9206D3021405C636F26
:10939000083301222946F9F74FFDB320205C294606
:1093A0002A4602F0FBF87B30982160502046983026
:1093B00002490181204608F038FFB0BDF9FF0000E6
:1093C000F8B50446C420FF212154A420255A0127C2
:1093D0002F402646C436002F04D007F007FD30701A
:1093E000FF2822D0A43407F0B3F82076FF2813D04A
:1093F0000021E8061AD40D4607F0AAF8294660763F
:10940000FF2813D1002F02D0307806F07CFC207E9C
:1094100006F084FE072109E00721002F06D03078EE
:109420000C4606F070FC214600E00C210846F8BD11
:10943000F8B504460226EC27F9F704FB0546002E92
:1094400014D02868C019014630390978A14204D0E7
:1094500001462F390978A14203D108F0EFF800281E
:1094600006D1472080003F18761EE8E70020F8BDAF
:109470000120F8BD70B50C460546084608F0F0FE20
:1094800006462046294608F006FF8119B4202058D8
:10949000002281420AD92346B4339D794520012D0B
:1094A00005D080342468A14201D81960104670BDEF
:1094B000F0B58DB0099105460BA905911F200871E3
:1094C00000200A90C0430B9005F0CEFE07460690A0
:1094D0002E46A03606F098FC0890317F07960120B2
:1094E0000490009028463A460A9B08F0E1FE284680
:1094F00005F0EAFFBD24285D317C2A6D049E0096AC
:109500001346143308F010FF285D059906F0C7F8DC
:10951000285DFF2106F0ECF8B320285C06F0F0FA95
:109520000746285D0590286D03900A9900919420C4
:109530003A463B4605F0DCFE034600960398059943
:10954000069A08F0B5FE285D06902C6D0A980090EA
:10955000962031463A463B4605F0CAFE03460A9835
:1095600000900196143420460699089A08F00AFFE4
:10957000286D05F0A9FFEC200C4929520798807C42
:10958000A02168522C46EC34094820610220A070CA
:109590006068A0602846099D294608F033FF07222D
:1095A0002046294602F0B8F80DB0F0BD04070000CF
:1095B0003019041001207047F0B585B0F9F742FA70
:1095C00002904D30039000273C46019703980078A5
:1095D000874245D2029800680519BA20285C0C26FB
:1095E00001283ED004A92846F9F734FA002803D010
:1095F0000498007A002834D12846BA30AA211A4AA1
:109600006A52002606703820285C002804D0A96A17
:10961000A1200022FAF7FEF94C20285C002804D093
:10962000E96BA1200022FAF7F5F90498002812D07E
:10963000417A00290CD1856F297E002905D0A968BF
:10964000A1200022FAF7E6F90498AE60EE602E76CB
:10965000012108F039FF4720800024187F1CB5E75E
:10966000019E304605B0F0BDFFFF0000BCB50446CA
:10967000F9F7E8F94D21415C00228A424AD247239A
:109680009B0053430568ED18AA23EB5A521CA342D2
:10969000F3D1BA20285C0C2401283CD001A928462B
:1096A000F9F7D8F9002803D00198007A002832D1C0
:1096B0002846AA302946BA3100240C701749018087
:1096C0003820285C002804D0A96AA1200022FAF7DB
:1096D000A1F94C20285C002804D0E96BA1200022CD
:1096E000FAF798F90198002815D0417A00290DD190
:1096F000856F297E002905D0A968A1200022FAF7EC
:1097000089F901980021A960E9602976012108F012
:10971000DBFE00E042242046BCBDC046FFFF000047
:1097200070B50446FF262836805D400701D4002529
:1097300010E004F0FBFF8168608F00252A4608F0E6
:10974000CBFE072801D1012504E0A0190178FB22F6
:109750000A400270284670BDF0B589B003930292AA
:109760000691079004F0E2FF0446F9F72CFA059001
:10977000F9F729FA0546A92006013A4FF9F72BFA1D
:10978000012D0897009604D101283E460AD0364E96
:1097900003E0012806D02920C60008F027FF012891
:1097A00000D108360496029D039FF9F70CFA019048
:1097B000F9F709FA0646F9F70EFA012E07D1012842
:1097C0003E462F46069D079B14D0274809E00128F6
:1097D000009808903E462F46069D079B0AD02920F8
:1097E000C000089008F002FF012802D10898083054
:1097F0000890079B72B6E682A78265822382FB22CD
:109800001B2001990129114600D00146059C012C1D
:10981000089C00D0024630209A42024600D3002223
:109820001B2B034600D31346049AAA42024600D3D8
:109830001A46EB08292B034600D31346B9420146CA
:1098400000D319461B2F024600D30A46B4420146F4
:1098500000D31146F208292A00D3084662B609B09F
:10986000F0BDC0469042000048080000B0B588B086
:10987000129C0694119C0594109D04950F9D0395D0
:109880000E9D02950D9D01950C9D009508F0B0FE72
:10989000012C10D1F9F720FB08F0F8FF0748C17A36
:1098A00007480068A030074A052304F0D1FD09F0FD
:1098B00075F8F9F78CFB08B0B0BDC046702E0020DB
:1098C000EC2F0020CD720710F0B585B00446AC2017
:1098D000A072A07E81070CD40521084234D0204616
:1098E0002230017840780002461825462435AE27FC
:1098F00007E001AD002610222846314601F067FE40
:10990000AD272089B2B223462C33294609F052F8FC
:109910000C2810D0054607280DD0002D0CD1A07EB4
:109920000121014001D00E22D743A772F822104036
:1099300009010143A17600250E2002F099FB02F0F7
:10994000F1FB284605B0F0BDF8210840A0760C25B3
:10995000F7E70000F0B587B00568A97E0C24CA06B9
:1099600000D5A2E0837946790779002E03D0080656
:109970000CD5832499E04E4800683222825C92071D
:1099800004D53230007C400700D58EE080200140B5
:10999000A976A87A00280DD0F12800D085E0F80734
:1099A00008D10121284604911C4609F021F82346DC
:1099B000844229D90593298900240B22204609F0E5
:1099C00035F800280AD00490012009F055F8032842
:1099D00006D3049804F0C1FB382466E0882464E0D0
:1099E000A021A9722875E87B2F210140E973B807EF
:1099F00003D5A87E20210143A976002E05980CD01E
:109A000006A909F053F80BE0A87E04990843A8764C
:109A10002846F9F78BFB044647E006A809F062F8F0
:109A2000284609F079F8224800683521415C06AAE9
:109A300013786A7B353047788078009101970290DF
:109A40000127049E3046394609F082F828463146FF
:109A500009F09CF800280CD015480068B121415C41
:109A60008124002921D0B1302A7D9740B94301706B
:109A70001BE0284620303C22214601F0A8FD06A824
:109A8000007818210140E975A97BC207920F0A43AB
:109A9000AA73E97B4007C00F0843E87330462146AC
:109AA0002A4609F08DF8A120A872204607B0F0BD23
:109AB000F82F002080B5016840684968C97A094AD2
:109AC00012683223D25C022A04D108220A4001D152
:109AD000032080BDE7221143C27D0A40C275F9F719
:109AE00051FB80BDF82F002080B5C17C491E0329A1
:109AF00011D8C0467944097949008F4401040A010C
:109B0000A521817280BDC17E491CC17609F06AF829
:109B100080BD09F09DF880BD80B50146C07C401E27
:109B2000032812D8784400794000874401050B01CE
:109B3000002009F0D9F880BDB5208872C87E401C8D
:109B4000C87680BD084609F083F880BD1CB50A4977
:109B5000096802684068D369D47E0090601EC340E3
:109B6000802018438123034008466430E4313C32AE
:109B700009F0F8F81CBDC046F82F00201CB502689B
:109B80004068D17C0024022906D0032923460CD149
:109B9000AA209072EB2412E0D169D37E5B1ED940DB
:109BA00001230B407F21C9435B18064909680090D7
:109BB0004C32DBB20846E430643109F0D3F8204679
:109BC0001CBDC046F82F0020BCB50446C07C01284F
:109BD00021D002281AD004281FD11048016801ADF5
:109BE000009522463C3223464C3308466430E4312B
:109BF00009F0E8F8C120A072284609F019F90849CF
:109C0000F9F7E2FD208909F01FF9BCBDE07E1328B9
:109C100001D8A42000E0AA20A072BCBDF82F00202B
:109C200040420F00E0B502684068D17C022909D1AA
:109C3000D169D37E5B1ED94001230B407F21C943EC
:109C40005B1800E000230549096800904C32DBB244
:109C500008466430E43109F085F88CBDF82F002007
:109C6000FEB5B0C80668BA20307000203860E07CCD
:109C700002281AD0042837D11C48016802AD00958B
:109C800022463C3223464C330846E430643109F026
:109C900099F8C1203070284609F0CAF81449F9F73C
:109CA00093FD208909F0D0F8FEBD10480168E069F5
:109CB000E27E01920095521ED04080220243812311
:109CC000134022463C320846E430643109F04AF839
:109CD0002C3410222846214601F080FC386001987F
:109CE000132801D8B4203070FEBDC046F82F0020E4
:109CF00040420F00B0B5002814D00B4D2868422117
:109D0000425C08231343435464300849202422460C
:109D100001F059FC286884300549224601F053FCC3
:109D200009F0C4F8B0BDC046F82F0020639C0710AE
:109D3000839C071070B50546C67D0024300710D5FA
:109D4000288902F0D9FF002801D0102409E0064834
:109D500000684221425C042313434354012006431C
:109D6000EE75204670BDC046F82F0020B0B5044601
:109D700014480268643200254021284609F0A4F8FE
:109D8000002803D002F0D8FF122519E0E07D602101
:109D90000140602914D0202202406421635C01212B
:109DA00019408A1807D19B210840E075204609F028
:109DB0009DF8054604E08425002901D04006F5D42D
:109DC0002846B0BDF82F0020BCB5134D2A68643278
:109DD00000244021204609F077F8002801D006240D
:109DE00017E028684221415C9022114201D03A24B8
:109DF0000FE044301021224609F0AAF82A681046E4
:109E0000543000901046643044320146234608F036
:109E1000A9FF2046BCBDC046F82F002070B50468DD
:109E2000E67D310708D50579FE200640208902F03D
:109E300063FFE675002800D070BD002D01D03420EE
:109E400000E00420C0430449096842228B5C0340BF
:109E50008B5402F071FF70BDF82F0020F8B5002779
:109E60006B4B6C4A3D4618683421405C854200D3F8
:109E7000CDE01068A4214058002800D1B2E0C419F8
:109E80002089002800D1ADE0A07A0146D13905290A
:109E90005DD3002800D1A5E0FE2800D18AE0A228E9
:109EA00059D0AA2800D181E0B22854D0B42800D1DA
:109EB0008AE0BA287AD0BF2800D189E0F02800D102
:109EC0008BE0102800D090E00121204609F057F8DF
:109ED000002800D196E00026A67209F065F8002857
:109EE0004B4B4C4A7ED06420205CC0077AD009F0EE
:109EF00067F8484A464B002874D0E079C0210140F9
:109F000040296FD1444800684821405C000769D56A
:109F100024894248006880694A2202210B4601F0E8
:109F2000B1FC3C4A3A4B00285CD001460420487200
:109F300008220A72CE7188718C72FF2048718220CB
:109F40000871200AC872022001F0F8FC48E020469F
:109F500009F03AF844E0E07D01260007304613D5C9
:109F60002046F9F713F9002806D0122804D00E2055
:109F700002F07EF802F0D6F8E07D60210140603901
:109F800048424841224B234AE17C022904D1E17B2B
:109F900010220A4016091F4A002823D0002E21D083
:109FA0006420205CC00724D04B2023E02046F9F732
:109FB000FDF815E064202056002813D500217422F6
:109FC000204601F004FB0BE0204609F09FF807E073
:109FD0000021204609F0ABF802E0204609F0DCF849
:109FE0000C4A0B4B74376D1C3DE72046F9F7E2F83D
:109FF0000AE05B20C043A0720E2002F039F802F0A4
:10A0000091F801E0F120A072014B024AEAE7F8BDA5
:10A01000D42F0020F82F0020EC2F0020D82F002074
:10A0200010B50446C07D00070DD5204609F0F2F8B2
:10A03000002803D0842806D0882805D10E2002F0FD
:10A0400017F802F06FF810BD0B2100220123204603
:10A0500002F0A0FE10BD80B502466420105CC0076F
:10A0600010D1907AAF2809D0A9280CD0AC2816D0EE
:10A07000A42807D1104609F029F980BD0121104616
:10A0800009F055F880BD0020114609F031F900288B
:10A09000F8D00E2001F0ECFF02F044F880BD10462D
:10A0A000F9F744F880BD80B502F046FE80BD00009F
:10A0B000FEB5604F604C38680168002900D1B8E0F7
:10A0C00004F059F80546008809F056F90028F2D046
:10A0D00006463868B021405C00280ED008210022D6
:10A0E0000123304602F056FE00280ED0FD2800D095
:10A0F00096E0284604F031F8DDE76868007A052824
:10A100000CD12846314609F059F9284604F025F8C3
:10A110000E2001F0ADFF02F005F8CCE7B17AF1298D
:10A1200001D000290AD16421725C0121114001D1C2
:10A130000B28DED1002901D00128DAD1F07D0007FB
:10A1400006D50296019501A8F9F744F8FC28CBD171
:10A150006420305CC00707D10296019501A8F9F789
:10A160003DF8FC28C0D122E06868007A042831D08C
:10A17000032837D001281AD1B07A002803D0FB2851
:10A1800047D0F128B5D1308909F044F902460020C2
:10A190000146234609F05EF9307E810702D503218E
:10A1A000084330762846314609F07AF9D9E728463F
:10A1B000314609F0C1F9FC2803D0862899D08428BB
:10A1C00092D1F07D000794D50296019501A8F8F789
:10A1D000FDFF89E7B07AB6288BD12846314609F0D1
:10A1E0004DFABEE7B07AB22809D0B42807D0B52816
:10A1F00000D07EE72846314608F076FDB1E7F07CD6
:10A20000022800D075E738684021415C032908D155
:10A210006FE7092100220123304602F0BBFDA0E7D1
:10A220003868294604F058F80F2001F021FF01F0AA
:10A2300079FFFEBDF82F00203075000070B505686D
:10A240006968097AFD240E2946D14668F07DC0066A
:10A2500042D5F07C02283FD1307B02283CD16420DB
:10A26000305CC007B07A01D1A23800E0B2380328D0
:10A2700032D8012830D0308909F0CCF802460024C9
:10A28000164B2046214609F0E5F81548006848219C
:10A29000405C400620D536896868457A11480068D8
:10A2A000806902214C22032301F0ECFA002813D02C
:10A2B00001468672042048720A2008720024CC717C
:10A2C000052088710D73FF20487182200871300AC3
:10A2D000C872022001F032FB204670BD30750000CC
:10A2E000EC2F0020D82F002080B501460068496877
:10A2F0004268127A0D2A0FD00C2A15D18A7A1023BF
:10A300001343FF22B22B18D16423CB5CDB07CB7D38
:10A310000CD19B060CD410E08A7A10231343BB2B7C
:10A320000AD109F03BFA05E0FC2206E05B0604D402
:10A3300009F072FA024600E0FF22104680BD0000DC
:10A3400010B5014600684268127A931EFC22092B60
:10A350002BD849687B441B795B009F44040A142670
:10A3600026262626261A8A7AA12A1BD109F0BAFAAD
:10A3700016E08A7AA22A17D0A42A15D0A52A11D1CC
:10A3800008F0B6FF0CE08A7AA62A0BD109F0F4FA9D
:10A3900006E08A7AF12A01D0002A03D109F064FB91
:10A3A000024602E0FD2200E0FF22104610BD000040
:10A3B000F8B52920C10001241F4D2046A8471F4E93
:10A3C00030601F4FF87A7421A8473168A422885062
:10A3D00009F0AAFB28212046A8473168AC22885002
:10A3E000F87AC01CC0B2411C164D2846224602F025
:10A3F000ADF931688862F87AC01CC1B202222846E1
:10A4000002F0A4F93168C862084602F0D7FC09F0EE
:10A4100097FB3068422100254554402103224254D5
:10A42000094904634163443010212A4608F090FD35
:10A430002846F8F7A3FEF8BD3DE40410F82F0020ED
:10A44000702E00206C2E002007100707F8B50120A1
:10A45000982103F0F3FF2B4E30602B4FF87A397BB5
:10A4600008181424214603F0E9FF326800255563DB
:10A47000D562F97A03462F46B9420AD01D615F7052
:10A480001F703268D36225467D43451914337F1C03
:10A49000F2E7002313631C4A127B5218CDB2AA4282
:10A4A0000AD96543FF27475545192B616970336801
:10A4B0001D63491C2B46F1E79006000E411C134C0E
:10A4C0000122204602F042F9316808620E4DE87A16
:10A4D000297B08188006010E0222204602F036F978
:10A4E00034686062E87A297B08188006010E084A01
:10A4F0000723204603F0ACFF09F036FB09F04CFBC4
:10A50000F8BDC046E02F0020702E00206C2E0020E9
:10A5100075E50610E0B500200090064B01460246A6
:10A5200009F03EFB002804D0072001F0A1FD01F056
:10A53000F9FD8CBD61E4061010B509F05FFB002841
:10A5400001D0022400E00124002009F067FB0D493E
:10A55000098A25314909491CF9F736F9844204D999
:10A560000820002104F02AFC10BD82B24220002104
:10A5700009F062FB002804D0082001F079FD01F009
:10A58000D1FD10BD702E0020F0B585B00F4F38689A
:10A59000403003F03BFF0446200414D06D460020F9
:10A5A00028703868403003F0E6FD0190068803F01B
:10A5B00047FD0146304609F071FB0290284609F03C
:10A5C0007FFB641EE8E705B0F0BDC046E02F002029
:10A5D000F0B5D3B000250C950B950A95099541204F
:10A5E00082000DAC2046294600F0F1FF25711020B5
:10A5F0004490169009A80F90204601F00EF8DC3424
:10A600000194012009F02EFC06464EA80C30029061
:10A61000494D002E41D03078032839D04EAF304616
:10A62000394609F031FC387C102831D1708804A9F2
:10A6300008804EA880893E49411805291CD33D4910
:10A640004118042903D329210902884220D10DAFE2
:10A65000022404AA38462146A84738462146029AD1
:10A66000A847002005AA314609F036FC0598426843
:10A6700001883846A8470BE00DAC022704AA204603
:10A68000394609F039FD20463946029A09F034FD71
:10A69000304609F065FD0646BBE70198828C002A2A
:10A6A00006D00DA8202101710146E03100F0B9FF6C
:10A6B0000DA84EAC04AA214600F0B7FF05AD102648
:10A6C000012328462146324609F05EFD1B4F3968BA
:10A6D00083312846324600F081FF00281AD03868BE
:10A6E000833005A9102200F06EFF8120400003ADE9
:10A6F000288000950024124B20462146224609F06E
:10A700004FFA8020288000950E4B20462146224695
:10A7100009F046FA38685C21425CFD23134043543B
:10A720000B2001F0A5FC01F0FDFC53B0F0BDC046CC
:10A73000FFD6FFFF00D8FFFFF9400510E02F0020F3
:10A740009F770710AB770710E0B50021009102203A
:10A750000422074B09F024FA002801D0812800D1F7
:10A760008CBD0B2001F084FC01F0DCFC8CBDC046EC
:10A7700005F8061080B509F017FD80BD1FB5089CCF
:10A780000294079C0194069C009409F011FD04B00A
:10A7900010BDBFB502AC2371099B6380089B238069
:10A7A0006B4600259D70597018701846214609F0B7
:10A7B0000BFD04B0B0BDBFB5044668460125057366
:10A7C0000A9D4581099D0581089DC5808380428041
:10A7D0000180214609F022FD04B0B0BD80B51346CA
:10A7E0000A460146402009F047FD80BDE0B56A46B3
:10A7F000002393800093052807D840B204A2105C80
:10A8000000226B4609F038FD8CBD12208CBDC0467D
:10A81000010204081020000080B513460A460146D4
:10A82000802009F029FD80BD80B5072805D840B2F9
:10A8300003A1085CF8F777F980BD122080BDC046FF
:10A840000102040810204080F0B58DB007461220A8
:10A85000FF2F38D0FF2936D004A80EC019981899B8
:10A86000179A169B159C149D09AEF081B1817281D7
:10A870003381F480B5801548099008A907AA3846A5
:10A8800009F058FD00281DD01398129908AA1278D3
:10A8900009AB521E01249440E2B2009101A90DC1FE
:10A8A000384604AB0ECB09F056FD00280BD1084802
:10A8B00001685D200A5C402313430B545D31002086
:10A8C000487000E042200DB0F0BDC0460400040016
:10A8D000DC2F0020F8B5044619480068456D68462D
:10A8E0000026067020090E2801D91220F8BD6946FD
:10A8F000204601F087F8002805D0204609F078FDB1
:10A90000002802D0F8BD4220F8BD684604780D4FFB
:10A91000E1B2B87E401E88420CD91422104648434A
:10A920002818037C002B05D00146143100F04BFEA3
:10A93000641CEDE714204843281806823046F8BD11
:10A94000DC2F0020702E002080B509F05EFD00286D
:10A9500000D080BD0649897E064A1268526D1032C9
:10A960000029F6D0002313801432491EF8E7C046B0
:10A97000702E0020DC2F002080B5042801D9122081
:10A9800080BD09F04DFD80BDF0B589B00546084693
:10A9900028431224012836D80E9F072F33D3102FB7
:10A9A00031D80F9810282ED8B8422CD30E461099C3
:10A9B000022928D80191029003930492F8F75FF9D5
:10A9C000012806D1049902291DD8039A012A07D922
:10A9D00019E0039A10460499084301D0112412E0AB
:10A9E00005AC019820730948E080029860712771D6
:10A9F000E270A1706670257009F022FD6073204638
:10AA000009F028FD0446204609B0F0BD0707000004
:10AA100080B503461220002906D0042904D8032A51
:10AA200002D8184609F040FD80BD80B5012902D842
:10AA300009F0A8FD80BD122080BD000080B5044A49
:10AA4000914201D9122080BD09F0DBFD80BDC046D6
:10AA50003F420F0080B5042901D9122080BD09F0C2
:10AA6000E9FD80BD1CB5022801D912201CBD049C43
:10AA7000009409F0FFFD1CBDBCB504461220012C5A
:10AA80000CD8022B0AD8012908D8069D102D05D80C
:10AA9000079800950190204609F00AFEBCBD80B5DC
:10AAA000012902D809F056FE80BD122080BDE0B514
:10AAB00001AB09F06DFE8CBD80B509F09BFE002056
:10AAC00080BD10B5144607224A43D2B21946234628
:10AAD00009F094FE10BD80B594B0012806D8034655
:10AAE0006A460846194609F0C1FE00E0122014B07B
:10AAF00080BD80B5012805D802460846114609F0F8
:10AB0000E6FE80BD122080BD80B509F0F3FE80BD59
:10AB100080B509F08FFF80BD80B509F0B5FF80BD1D
:10AB200080B509F0BBFF80BD80B50AF007F880BD95
:10AB300080B50AF029F880BD80B50AF039F880BDEB
:10AB400080B50AF0C5F880BD80B50AF0EBF880BD8D
:10AB500080B50AF0F1F880BD80B50AF075F980BDC6
:10AB6000BFB51C4602AB089D5D801A80099A03920E
:10AB70000093012322460AF071F904B0B0BD1CB560
:10AB8000049C00940AF06AF91CBD1CB5059C019454
:10AB9000049C00940AF0A7F900201CBD80B5134660
:10ABA0000A46014600200AF0A7F980BD80B50AF0E8
:10ABB000A3F980BD80B50AF0D7F980BDE0B501905A
:10ABC00004480068493001A9042200F0FCFC002080
:10ABD0008CBDC046EC2F002080B50AF01BFA80BD6A
:10ABE00080B50AF025FA80BDB0B586B00C460546A2
:10ABF00001A819460AF044FA002804D101AA2846FF
:10AC000021460AF054FA06B0B0BD10B50446122031
:10AC1000002A04D09A4202D820460AF05DFA10BDFC
:10AC2000F0B587B007461220002A13D01C461546FF
:10AC30009A420FD80E460D990C9A02A80AF020FAF3
:10AC4000002807D102A80090384631462A462346FC
:10AC50000AF050FA07B0F0BD80B5521C92B20AF06B
:10AC60005DFA80BD10B504461220002A04D09A4235
:10AC700002D820460AF060FA10BD80B5002A02D042
:10AC80000AF086FA80BD122080BD80B5002A02D06D
:10AC90000AF08BFA80BD122080BDF0B587B0074660
:10ACA0001220002A13D01C4615469A420FD80E4691
:10ACB0000D990C9A02A80AF0E3F9002807D102A81E
:10ACC0000090384631462A46234601F0BDF907B0C8
:10ACD000F0BD70B554000025AC4205D05E5BAD1CE4
:10ACE000002EF9D1122070BD0AF06DFA70BD70B55A
:10ACF00054000025AC4205D05E5BAD1C002EF9D19E
:10AD0000122070BD0AF06DFA70BDBCB51224002A85
:10AD100008D0069D002B01D0002D03D000950AF02D
:10AD20006EFA04462046BCBD10B504461220002928
:10AD300003D0002A02D0002B00D110BD20460AF01B
:10AD40006EFA10BDBCB51224002A08D0069D002B57
:10AD500001D0002D03D000950AF071FA0446204678
:10AD6000BCBD10B5034614881220002C08D094886E
:10AD7000002C02D09468002C02D018460AF06FFA1A
:10AD800010BDF8B500910C2151430026B1420CD002
:10AD90009F5B1224002F0CD09F19BD88002D02D07C
:10ADA000BD68002D05D00C36F0E700990AF066FA70
:10ADB00004462046F8BD7CB51224002A0AD0079D1F
:10ADC000069E002E01D0002D04D0009601950AF0B9
:10ADD00066FA044620467CBD80B5012A01D91220BE
:10ADE00080BD0AF072FA80BD80B50AF07BFA80BDA2
:10ADF00010B50146122000290ED04A88002A0BD037
:10AE00008C88064B9C4201D19A4205D10A78042ACB
:10AE100002D808460AF072FA10BDC046FFFF0000D3
:10AE20001CB5059C0194049C00940AF07DFA1CBD9D
:10AE3000BFB501AC089D2581E380A28061802080A0
:10AE400020460AF0AFFA04B0B0BDBFB56C460A9D0B
:10AE5000A581099D6581089D2581E380A28061808F
:10AE600020800B990C9A20460AF016FB04B0B0BD66
:10AE70007CB504461220002926D0FF2924D8172AA1
:10AE800022D3172B20D3114DAB421DD8079D002D87
:10AE90001AD0069E012E0BD0002E15D1272913D0D3
:10AEA000012D11D10120009020460AF04DFB7CBD00
:10AEB000402A09D3402B07D3052D05D80120009047
:10AEC000019520460AF0D6FB7CBDC046FDFF000080
:10AED000F0B589B01227002934D01546172A31D38E
:10AEE0001C46172B2ED30E4622498C422AD80F9986
:10AEF000002927D0069108AA079031460AF050FC95
:10AF0000002820D1079B10990E9A08A800780128E4
:10AF100012D0002816D10B2A14D8069801283846DA
:10AF200011D10120009001920291184631462A4623
:10AF300023460AF059FC06E0402D03D3402C01D3F0
:10AF40000F2A02D9384609B0F0BD069805283846C0
:10AF5000F9D81F460020012300930192069A02921D
:10AF600003910490384631462A4623460AF0DAFC1B
:10AF7000E9E7C046FDFF00001CB5049C009402F008
:10AF80003DF81CBD80B501F01DFF80BDBCB5044679
:10AF90001220402909D3402A07D3044DAA4204D8DD
:10AFA0000698009020460AF053FEBCBDFDFF00004D
:10AFB00080B503461220002904D0042A02D818467E
:10AFC0000AF0F6FE80BD80B50AF080FF80BD1CB59A
:10AFD000049C00940AF0B0FF1CBD80B50AF0F6FF97
:10AFE00080BD80B50BF006F880BD0000F8B50546C1
:10AFF0000024009469460BF06DF8002803D08428E3
:10B0000024D0044622E0124800683021405C00074A
:10B01000002400281AD5009E0E480068806902218D
:10B020002122032300F02EFC00280FD00746001D2C
:10B03000294632460BF07AF80820B8710C20787156
:10B04000042038710220394600F078FC2046F8BD13
:10B05000EC2F0020D82F002080B5012100221346BC
:10B060000BF074F880BD000080B50A2901D91220C8
:10B0700080BD0B4605490968497F890704D4012131
:10B080000A460BF063F880BD0C2080BDEC2F002039
:10B0900010B50C4601462046F7F7DDFF002801D029
:10B0A0007F21217010BD000010B588B068462021B6
:10B0B000F7F75CF900246846202C04D0001900F052
:10B0C000BCFA241DF7E7054900F09BFA801C01D06B
:10B0D000002000E03A2008B010BDC046092D07103E
:10B0E00080B50BF0D3F880BD80B512045118012251
:10B0F00007F0F2F980BD80B50BF0F2F880BD80B5A5
:10B100000BF01EF980BD0000B0B50C4605460120CD
:10B110000221F7F7ADFC002800D0B0BD0021EF22DE
:10B120002046F7F7B3FC0028F7D1054928460BF075
:10B1300018F90028F1D1284621460BF017F9B0BDC7
:10B14000FCFF0000F0B58FB01F4616460D46079075
:10B150000BF08CF9002879D1149C00218022204624
:10B160000691F7F793FC002870D13948C07EA042C1
:10B1700001D207206AE01898059017980290169857
:10B18000039015980490002C3FD0012C01D101961A
:10B1900011E0284600942146F8F716FB0246FF28E6
:10B1A00000D3FF220621049C2046F7F76FFC0028FD
:10B1B0000194009C4AD10121FF2205980092F7F7E3
:10B1C00065FC002842D10198C0B20190421E0121C5
:10B1D0000398F7F75BFC002838D103980199091A06
:10B1E0000A2048430599F8F7EFFA0104090E00D048
:10B1F00000980599012901D1029006E082B202214E
:10B200000298F7F743FC002820D10DA8C78086805C
:10B21000458007994170047006990C910BAA117032
:10B220000CA90BF04DF9002C10D000280ED108A865
:10B23000059901710299C170039981700499417057
:10B240000B9901700C990A910BF0A4F90FB0F0BDA5
:10B25000702E0020F8B514460D460646012702213F
:10B260003846F7F705FC002800D0F8BD009700220B
:10B270003046294623460BF0DBF9F8BDE0B5002344
:10B2800000930BF0D5F98CBDFEB5029315460E4622
:10B290000746012402212046F7F7EAFB002800D0E8
:10B2A000FEBD00970194002031462A46029B0BF018
:10B2B0001FFAFEBD1CB51C46002300910193049BA0
:10B2C000114622460BF014FA1CBD80B50BF062FA51
:10B2D00080BD80B50BF07EFA80BD1CB5059C019445
:10B2E000049C00940BF0C7FA1CBD80B50BF020FB4A
:10B2F00080BD80B50BF0A0FB80BD80B50BF01CFCC1
:10B3000080BD10B5029C24042018120251181A04A2
:10B3100089180BF036FC10BD10B504460BF026FD65
:10B320002070002010BDBCB5012801D91220BCBD81
:10B3300014466D462870681C062200F044F900206F
:10B34000294622460BF01CFDBCBDBCB5012801D925
:10B350001220BCBD14466D462870681C062200F001
:10B3600032F90120294622460BF00AFDBCBD80B50A
:10B3700003461220012B04D8012A02D818460BF0EC
:10B3800041FD80BD80B50246030912200E2B04D872
:10B39000032902D810460BF063FD80BD70B514463A
:10B3A0000D46064601200221F7F762FB002800D077
:10B3B00070BD2846314622460BF07EFD70BD80B53B
:10B3C00001200221F7F754FB002800D080BD0BF0CC
:10B3D000A7FD80BDFEB51C4615460E46074601205A
:10B3E0000221F7F745FB002800D0FEBD0A98099915
:10B3F000089A009201910290384631462A46234627
:10B400000BF09CFDFEBD80B501200221F7F730FB5B
:10B41000002800D080BD0BF00FFE80BD10B50446A3
:10B4200001200221F7F724FB002800D010BD2046A0
:10B430000BF023FE10BDB0B5044601200221F7F742
:10B4400017FB0546002802D10BF037FE2070284676
:10B45000B0BD70B514460D46064601200221F7F72F
:10B4600007FB002800D070BD2846314622460BF06D
:10B4700029FE70BDB0B50C46054601200221F7F744
:10B48000F7FA002800D0B0BD284621460BF04DFE4B
:10B49000B0BDF8B51C4615460E46074601200221F0
:10B4A000F7F7E6FA002800D0F8BD384631462A46BC
:10B4B00023460BF055FEF8BD1CB5049C00940BF020
:10B4C000A7FE1CBD1CB5059C0194049C00940BF0C8
:10B4D000BEFE1CBDF0B585B001920D46064602AF1A
:10B4E00000240C223846214600F071F8FC700198C7
:10B4F000B8707D703E7002AA07CA0BF001FF05B05C
:10B50000F0BDF0B585B0009315460E46074601AC78
:10B5100000211022204600F05AF87D202073009868
:10B52000E070A5706670277001AB0FCB0BF02EFF9B
:10B5300005B0F0BDF0B585B01F4616460D4600902B
:10B5400001AC00211022204600F041F80C98A071B7
:10B550000B9860710A9820710E982073E770A6709E
:10B560006570009820700D9A03920299049B0198CF
:10B570000BF00CFF05B0F0BDC02141430548006849
:10B5800090228058406898228058006800684018CF
:10B590007047C046EC2F00207047000080B50BF0CC
:10B5A0006BFF00022721C90040180249F8F70CF987
:10B5B00080BDC04671020000424A50235843101813
:10B5C000426A4162704780B5F8F7D2FA01BD80B592
:10B5D0000B0011001A00F6F7CBFE01BD80B50BF091
:10B5E0006BFF02BD7FB504000D00160068460BF02E
:10B5F00081FF684601782170417829708078307029
:10B600007FBD80B50BF0EAFF02BD80B50CF07DF880
:10B6100002BD80B50CF016F901BD80B50CF054F9EF
:10B6200002BD80B50CF072F902BD80B50CF0A2FA33
:10B6300002BD80B50CF0EDFA01BD80B50CF0F1FA59
:10B6400001BD80B50CF002FB02BD80B50CF01EFB05
:10B6500002BD80B50CF030FB02BD80B50CF060FB84
:10B6600001BD80B50CF058FB02BD80B50CF056FB57
:10B6700002BD80B50CF062FB01BD80B50CF000FE90
:10B6800002BD80B50CF000FC02BD80B50BF064FF7C
:10B6900002BD0E4841680E4A11600B490068C86639
:10B6A00000200860704780B50A490968891C89062E
:10B6B000890E80220A4304490A600749FFF77CFF8C
:10B6C00001BD0000DC000020A4150060A82F0020B0
:10B6D00094005048901600602941767180B50DF0B5
:10B6E000AFF904BD80B50DF0B7F902BD80B50DF01E
:10B6F000BCF901BD80B50DF0ADF8C0B202BD80B59A
:10B700000DF026F9C0B202BD80B50CF0FBFF04BD00
:10B7100080B50DF05FF901BD10B58161C369002BE3
:10B7200002D0DB435B1800D4C161017841750F2161
:10B730000A400275C168832900D88321C160EFF3F4
:10B74000108472B60DF0BCFD0848006840784007D0
:10B7500001D40DF0D1FD84F31088EFF3108472B69C
:10B760000DF0EEFD84F31088002010BDF02F0020B6
:10B7700010B504460168802001220DF0EFFDFF2086
:10B78000A07110BDF8B50446F7F75CF90546354ED3
:10B790003046F8F7FDF83449884214D1F8F714F927
:10B7A000FF283CD047218900414328684118AA203E
:10B7B0000E524C2000220A5438200A54CA630A64EC
:10B7C0008A62CA620AE04721890041432868411819
:10B7D000BA20085C012801D10C2541E0B9200025E0
:10B7E0000D546079AE2288540E46AE360120F070BA
:10B7F000A0797070208800020090C86708468430E5
:10B800000B46B4332779042F16D8C0467F443F79BE
:10B810007F00BF4402060B0D0F00F3210BE007254C
:10B820001EE0124FCF67FD21018406E0F22102E005
:10B83000F02100E0F5210184009F217AE279056082
:10B8400045601F609A73D973217A0170401C0934D6
:10B8500006222146FFF7B7FE054800684079B07020
:10B860002846F8BDFCFF0000FFFF0000DC050000DB
:10B87000EC2F00201CB501AC2046FFF7DAFE208833
:10B880001CBD0000FEB515460C460646080614D43D
:10B8900002AA01AF304619463B460DF091FD002843
:10B8A0001FD0600634D402988178FC220A4082704E
:10B8B00001990180718001272BE072B602AA01AFC5
:10B8C000304619463B460DF07BFD00280BD002990F
:10B8D0008A78FC2313408B70019A0A8072800127BA
:10B8E00002E0002703E0002762B6002811D172B6FB
:10B8F000A0060AD410480068016808220A430260C2
:10B90000002000F0B5FB00F00DFC62B600260AE056
:10B910000027029EF570A00060210140B07803224C
:10B9200002405018B070002F04D0002000F0A0FB9F
:10B9300000F0F8FB3046FEBDD82F002080B5400651
:10B9400005D48878FC220240901C887080BD08468F
:10B950000DF073FD80BDE0B501A8FFF76EFE019804
:10B960008CBDB0B514460D46014605222046FFF7B2
:10B970002AFE601D08222946FFF725FEB0BDF0B55E
:10B9800085B0039106460B9C01940A9F00970DF029
:10B990007AFD04900C9D0095304603993A46234663
:10B9A0000DF0EEFD281904A90422FFF70CFE05B0E6
:10B9B000F0BDF0B587B003AC0EC4074602900D98F9
:10B9C000051F0C9C611906A80422FFF7FCFD0E9EC2
:10B9D0000096ADB23846039F394622462B460DF0FD
:10B9E000CFFD0096019502983946049A059B0DF00B
:10B9F0004AFD0699884201D0812000E0002007B06E
:10BA0000F0BD000070B502460B48847E0B4800680C
:10BA1000456D1035002003469C4208D02E78002E3C
:10BA200008D0AE78964204D014355B1CF4E7234668
:10BA300000E001200B7070BD702E0020DC2F002074
:10BA4000084800685C21415CCA0606D4890606D411
:10BA50005C30C17801200840704701207047032006
:10BA60007047C046DC2F0020F0B589B00093164621
:10BA70000F460446012002252946F6F7F9FF002863
:10BA800011D101A80470200912240E280AD8F7F752
:10BA9000AAF8002801D1F8070ED101A84780B805FF
:10BAA000400F02D0204609B0F0BDF80606D4F807D2
:10BAB00010D13807F6D413E01120F4E7132F13D078
:10BAC00008203A468243152A0AD0384628431228CD
:10BAD00006D0E7E73D4008203A4602405019E1D140
:10BAE000B80601D5B807DDD1274601AC201D314687
:10BAF0000DF07FFD0834204600990DF07AFD029884
:10BB0000202801D23846CEE7039920293A4627D388
:10BB1000884225D80E9801A90873400720D00F98B5
:10BB200001AC6073F7F74BF8617B8142EAD810985B
:10BB300001A988730128E5D8129C119901AD284606
:10BB40000F300622FFF73FFD6C75032CDAD8149CEA
:10BB50001B9D13987F2805D11D480068407903E09C
:10BB60001046A0E7FFF76DFD01AEB075FFF771FD60
:10BB70002870F475FD2121401120012993D11699D7
:10BB8000159A01AB99765A7600298CD003298AD868
:10BB90001A98199901AAD07611760429B2D80428E6
:10BBA000B0D801A8012C03D0408810210140A9D1B0
:10BBB000179801A908770F28A4D8189801A94877E1
:10BBC0000128384600D96EE701A80DF01BFD6AE791
:10BBD000EC2F0020F8B5284A927E12258A4225D9FA
:10BBE000002800D1014614224A4324480068436DCE
:10BBF00099184C78A006C60F0020002E02D01027FE
:10BC0000274014D1002E02D1082634400FD19E5C6B
:10BC10004C68888921460DF0FFFD1949884208D0FB
:10BC20000019817848070BD4D42000E02846C0B220
:10BC3000F8BD032E2846FAD8F1001248C840F6E7AE
:10BC4000032E2846F3D8C0467E4436797600B744A2
:10BC500001060D010320014005D10846E7E7032056
:10BC60000140012906D02B20C043E0E7032001401A
:10BC70000229F8D10020DAE7702E0020DC2F002006
:10BC8000FFFF000000D4D400BCB50D4D28685F2133
:10BC9000405C800701D40C240FE06C4620460DF078
:10BCA000D3FD2046F6F773FF0446002805D1286827
:10BCB000663069460622FFF786FC2046BCBDC046BA
:10BCC000DC2F0020FEB514460D4606460120022159
:10BCD000F6F7CEFE00280BD11221012E07D81F48FF
:10BCE000807EA84203D3002E04D0002D02D1084646
:10BCF000C0B2FEBD0191002728463043394607D126
:10BD0000002000902946024603460DF0C7FD01467B
:10BD1000FBB2AB420846EBD20297062108465843D5
:10BD2000225C17090E2F16D85B1CDFB2AF4204D27B
:10BD30004F43E75D9742F7D10DE020184388007923
:10BD40000090304629460DF0A9FD029F7F1C00217E
:10BD50000028DDD0CCE70198CAE7C046702E00204D
:10BD600070B50346002900D10A4629480068416D94
:10BD7000012B0CD114235343CA5C012A33D0022A6D
:10BD80003ED1CA1894780420204390703AE01423DE
:10BD90005343C9188E1C8978890721D50024214670
:10BDA00000F0CDF81B4800684721405CC00717D061
:10BDB0001948006880694622022529462B46FFF76C
:10BDC00061FD00280CD001468571C4710472FF200A
:10BDD000487182200871042048722846FFF7AEFDA2
:10BDE0000020307070BDC9184A788B781343022246
:10BDF0001A438A7000210122084B05F0F4FF70BD40
:10BE0000C8188078C9184A7802438A7070BDC04645
:10BE1000DC2F0020EC2F0020D82F002020BF0200B4
:10BE2000B0B502461048006805465A35002908D1C9
:10BE3000A97889060024890F14D0697902230B4060
:10BE400010D0002A01D0094B03E07D21C9002B88C6
:10BE50004B4301242146224605F0C5FF6879FD21A8
:10BE6000014069712046B0BDDC2F00203075000014
:10BE70007CB50D4C25685C20285C8006800F12D0B4
:10BE80005C35E878022630400DD101A869460DF0F6
:10BE900085FE6978014306D1E8783043E870206870
:10BEA000012100F04CF87CBDDC2F0020F0B585B0FE
:10BEB000049315460E460746012402212046F6F754
:10BEC000D7FD00280AD10B980A990091019002949D
:10BED000384631462A46049B0DF098FE05B0F0BD69
:10BEE000F8B51C4615460E46074601200221F6F716
:10BEF000BFFD002800D0F8BD002000903846314634
:10BF00002A4623460DF0F4FFF8BDFEB51D46144643
:10BF10000F46064601200221F6F7AAFD002800D0B0
:10BF2000FEBD684600218172477206720195009439
:10BF30000EF07AF8FEBD80B50EF07AF980BDF8B546
:10BF400005461220002D1BD00C466A788A4217D96C
:10BF50002B6A195DA14201D10020F8BD17463E466B
:10BF6000DF5D974201D0A742F9D10020974205D06A
:10BF70009955964202D128460EF0B6F9296A0C5519
:10BF8000F8BD0000F8B5002916D00E460546097820
:10BF90000024C80720461FD188070FD448070FD4B4
:10BFA00008070FD4C8060FD488060FD448060FD44C
:10BFB00008060FD507200FE012243CE001200BE01B
:10BFC000022009E0032007E0042005E0052003E04B
:10BFD000062001E00020C043307018480068472167
:10BFE0004056002827D516482818032101430D3153
:10BFF000880883B213480068806902214922FFF74C
:10C0000041FC002816D00746001D294632460EF096
:10C010007FF90420787207203872E81C010AF97150
:10C02000B871FF2078718220387102203946FFF7FD
:10C0300085FC00E007242046F8BDC046EC2F002018
:10C04000FDFF0300D82F002010B58AB001AC63813A
:10C0500022810922A271A180608020460C300C99B7
:10C060001422FFF7B0FA20460EF060F90AB010BDB6
:10C070001F21014001228A4072B604490968400923
:10C0800080000B5813430B5062B67047FC2F002002
:10C0900000B58DB068467B493422F6F731F9684621
:10C0A0000EF0B6F9002801D00EF0CAFA0DB000BDAE
:10C0B00080B501200EF0C8FA0EF0C9FA01200EF08A
:10C0C000C4FA01BD80B50CF037FA01BD80B500217E
:10C0D00002202AE080B50EF0E2FE01BD80B50EF030
:10C0E00099FF01BD80B5012110201EE080B50FF041
:10C0F000F5F901BD80B5FFF7E9FF01BD80B5FFF798
:10C10000E5FF01BD80B50FF02FFAFFF7DFFF01213A
:10C1100004200FF0F1FA0FF075FB01BD80B50FF0B0
:10C120000CFC01BD80B5012101200FF0E5FA01BD35
:10C1300038B592B0544A002101200FF0D0FA534A8A
:10C14000002102200FF0CBFA514A002104200FF009
:10C15000C6FA504A002108200FF0C1FA4E4A0021C9
:10C1600010200FF0BCFA0FF0EDFB0025ED430BF0B3
:10C1700007FAA84201D10EF063FAFFF789FF474999
:10C180004748F6F787FBF5F795FC802080000FF015
:10C190006BFC0EF008FF08A80BF0D5F9414C606964
:10C1A00001280BD1684600BF43A10CC90CC0002078
:10C1B00060612A00072168460EF0DCFF0120E1687B
:10C1C0008A0001D5052006E04A0001D5062002E0DC
:10C1D0000A0100D50720344C344DC90004D5089914
:10C1E0002940A14200D1082013F06FFF08980540B4
:10C1F000A54215D10020079006901198059010983F
:10C2000004900F9803900E9802900D9801900C984E
:10C2100000900B9B0A9A09990898C0B213F06AFF24
:10C2200013B030BD80B50FF035FC002002BD80B5E5
:10C2300011001A00029B0FF02FF902BD80B511000A
:10C240001A00029B0FF01EF902BD80B50FF02EF907
:10C25000002802D0FFF746FF012002BD80B5FFF79E
:10C2600041FF01BD80B5012108205EE701200D4995
:10C270004861BFF34F8F0E480E490860BFF34F8FE0
:10C2800000BFFDE7C0100410B1C00410C5C0041009
:10C29000D5C00410DDC00410EDC004108C9800203F
:10C2A0007C140000040000200000ECBC0000FFFF34
:10C2B0000400FA050CED00E0040E0401030C00007C
:10C2C000FEB500920291074610480068C46A002635
:10C2D00001961C2E0DD0A519062228463946FFF7D7
:10C2E0007DF9000603D1A8790299884204D0F61D91
:10C2F000EFE7019C2046FEBD012400980028F9D0FC
:10C30000002107222846FFF762F9F3E7DC2F00201F
:10C31000F8B50446684600250570F6F7D8FE0028F3
:10C3200005D06D4620462946FFF76CFB2D78F6F7C1
:10C33000CEFE002802D02648837E00E0012314268A
:10C340007543244F3868416D4C19A57802222A4064
:10C3500002D0A41C002525701131DBB2002B0AD0BD
:10C360000C78002C04D00C460F3C2478A40726D46B
:10C370005B1E1431F2E7002A21D000242146FFF78A
:10C38000DEFD154800684721405CC00717D0134800
:10C39000006880694622022529462B46FFF772FA7B
:10C3A00000280CD001468571C4710472FF204871C9
:10C3B00082200871042048722846FFF7BFFA6846B9
:10C3C000007846433868406D801900214174F8BDFB
:10C3D000702E0020DC2F0020EC2F0020D82F002012
:10C3E00080B5411E0909E02903D813F079FF002028
:10C3F00080BD122080BD000010B5044613F098FFE8
:10C40000002801D00C2010BD04480068902140583D
:10C4100080685D214454002010BDC046EC2F0020F0
:10C42000E0B5022801D3FF280DD1002200926B460F
:10C4300018700192581C0622FFF7C5F80199009860
:10C4400013F096FF8CBD12208CBDB0B594B014468D
:10C450006A4608F00BFA0546002805D169461E31E8
:10C4600010222046FFF7AFF8284614B0B0BD0000F8
:10C47000E0B5034601A9012008806A46002010802B
:10C4800002480068183013F0AFFF8CBDD42F002095
:10C49000F8B50021039102910191009169461022A3
:10C4A000FFF79CF84142484104B080BDF0B58BB025
:10C4B000012801D9122016E01C46164601AD28704D
:10C4C000681C0622094B9847E81D102731463A465A
:10C4D000064B98472846173021463A46034B984763
:10C4E000284613F095FF0BB0F0BDC046C7B5041049
:10C4F00080B514F0F5F880BD80B514F00BF980BD5F
:10C5000080B514F015F980BD80B514F053F980BDE5
:10C51000BCB50C4605464888001F4880084601F017
:10C520008FFD011F02290CD806281AD005281DD01E
:10C53000042811D10420A0812846214601F070FE74
:10C5400018E03F2808D020385F2805D868460570D5
:10C550000194F6F7BCFB0DE02846214614F042F9A1
:10C560000EE02846214614F043F903E02846214610
:10C5700014F074F9002803D06188091D6180BCBDE6
:10C580000020BCBDB0B504460188022014F08AFA30
:10C590000546002802D1204601F0DFFD2846B0BD47
:10C5A00070B591420ED215460E460446406814F00E
:10C5B0009DFA751B606814F024FB281881B2204690
:10C5C00001F02DFF70BDF0B5C3B00446008801F046
:10C5D0005BFD00287CD00546207A032707402869A8
:10C5E0002A460C32022F039208D100282FD011883E
:10C5F0008426042954D30121029131E000284AD035
:10C600006688002E26D00021019104A802902046C1
:10C610003246029B14F001FB2869406800902046D6
:10C6200014F004FB0146009814F005FBA989286961
:10C630003246029B14F005FBA8898019A88181B2BB
:10C64000286901F0ECFE039A0198608002E02C61F9
:10C650006088A881108804281BD3286900260296C8
:10C660000021019100F030FC001D81B2AA898A42AC
:10C6700016D812D1296948800120FFF749FF002808
:10C680002DD028698426A04226D10198A88128614E
:10C6900022E0002618E0002602E00298002813D0CD
:10C6A000A87810210143A9704220012102222B46C3
:10C6B00003F0A8FF2869002806D001F04EFD0020F5
:10C6C0002861039900200880002E05D1012F03D195
:10C6D000204601F042FD0026304643B0F0BD0198EF
:10C6E000EEE70000F0B585B004468778781E032198
:10C6F000049108430930800883B2207A039020888F
:10C700000290114800688069022540222946FFF7FF
:10C71000B9F8002814D00646009701940498039AAB
:10C720000240301D002702993B4614F093FA357100
:10C7300028463146FFF702F9204601F00EFD00E0E1
:10C740000727384605B0F0BDD82F002070B5144635
:10C7500005464C430068401E032101434E1C002146
:10C7600030462246FEF733FF30192860304670BD50
:10C77000F8B5044614F085FA1C480068466B002E94
:10C7800032D0374636693889A042F8D100257A89F7
:10C79000E8B2032804D8214614F082FA6D1CF6E7AB
:10C7A0002046114614F08CFA7989204614F09EFA3E
:10C7B000002038810D480068426BBA4205D011460E
:10C7C0001269BA42FBD1103101E0014634313A69B5
:10C7D0000A607989042903D1C16A3961C762CEE749
:10C7E000016B39610763CAE7F8BDC046E02F00203E
:10C7F00010B506F0C1FD002825D00446008906F0DA
:10C8000009FE0246012000210F4B06F023FE20897D
:10C8100014F070FA6420205CC007A07A04D1603064
:10C82000C0B2512804D307E05030C0B2402803D82A
:10C830000221204614F078FAFE20A0720E20FFF7A5
:10C8400017FCFFF76FFC10BD30750000F8B504460B
:10C8500014F08EFA05461048C07A85421BD20F4E5E
:10C8600030682946FFF76BFB14276F433068C06AB6
:10C870000025C553C0190069002809D001F06DFCDE
:10C880003068C06AC01905613068C06AC019858106
:10C890002046F6F710FAF8BD702E0020E82F002091
:10C8A00070470000F8B50E48006806683078401EF2
:10C8B00030700C49098A25314F097C1C000606D1CD
:10C8C00000252846214614F06BFA7580BC1C012017
:10C8D000214614F065FAB088001BB080F8BDC04650
:10C8E000D02F0020702E0020F8B51E4615460F46AA
:10C8F0000446C00607D4144800682F21405CC006D7
:10C900001ED5152202E0BF20044005220F48006812
:10C910006107C90E4018006902232146FEF7B2FFE5
:10C9200000280FD0014605728672C77104208871F5
:10C9300005224A710871280A48722046FEF7FEFF58
:10C940000020F8BD0720F8BDEC2F0020D82F0020D4
:10C95000F8B50F460646104606F00EFD00285CD0DE
:10C9600004460546002F0BD00020A872083401228F
:10C97000062E38D129891646062F15D0052214E037
:10C98000E87A01210143E972284614F019FA0028D7
:10C9900015D0062E03D1E87AF9210140E972E87D2D
:10C9A000000708D5042007E004220220002314F029
:10C9B00029FA324617E00220E97A0143E972A87A9F
:10C9C000AD2805D0AE2805D0BC2827D1BF2002E075
:10C9D000AF2000E0F020A87208340E20FFF748FBDB
:10C9E000FFF7A0FB00226420285CC0070BD1A87EC3
:10C9F000C10605D5EF210140A97641B2002918D41E
:10CA0000002A19D109E0287EFC2101402976032162
:10CA10000140481E81410A430ED1F8BD062EDBD1EC
:10CA2000F128D9D1298902200022134614F0EAF90D
:10CA3000D2E76F210840A876208806F0EBFC02467A
:10CA400001200021014B06F005FDF8BD3075000006
:10CA5000F8B50F48006805682878411C29700D4F0B
:10CA6000398A25314E09741C002809D1002021463D
:10CA700014F004FA388A25304009401C6880B41C40
:10CA80000120214614F0FAF9A8880019A880F8BD01
:10CA9000D02F0020702E0020F0B589B004931546E9
:10CAA0000591074606AE08AC3046214614F026FA3A
:10CAB000227800200095049901910290384605994A
:10CAC000334614F03FFA09B0F0BD0000F8B5044653
:10CAD0000D4E3068C56A2969C1622F880021142271
:10CAE0002846FEF774FD042068811720E8802C8119
:10CAF0002F803068416B45632961204614F0A2FA0B
:10CB0000204614F0A3FAF8BDE02F0020B0B50C4683
:10CB10000546002001F0B8FA002805D001218180E7
:10CB20000580614261418170B0BD80B5002A03D0AB
:10CB30000846F6F71CF880BDF6F701F880BDF0B5A1
:10CB400089B004931746059106460E9C204614F0C2
:10CB500081FA0F9D002808D007A806222146FEF77B
:10CB600032FD06A80122027005E007A806AC2146A6
:10CB700014F0C4F92278009704980190029507AB4D
:10CB80003046059914F0DEF909B0F0BDF0B589B072
:10CB900015460E4606F0F0FB002870D00446807A59
:10CBA000BC2806D1278908A80021018026462C36FA
:10CBB00056E027463437E17D090709D420462C305A
:10CBC00008223146FEF7FFFC3D70280A7870A07AF3
:10CBD0002189029108A900220A8026462C36BC2809
:10CBE0003DD025462035F1280FD1E07D000736D411
:10CBF00007AA01922846314614F038FA0222019819
:10CC00003946FEF7EBFC002821D038463146224653
:10CC100014F062FA00281AD0029D284614F06CFA2B
:10CC2000207E80070CD0284606F0F4FB0246012047
:10CC30000021154B06F00EFC207EFC2101402176E0
:10CC4000022003220023294614F0DCF817E00D48E7
:10CC50000068083008AA2946334613F0C5FB029F36
:10CC600003AD002110222846FEF7B1FC227C2846A5
:10CC70003146FEF7A8FC3846294614F04BFA09B0B5
:10CC8000F0BDC046D42F00203075000080B50B4A9F
:10CC900012685D23D25C930605D4D3069B0F04D0A3
:10CCA000F5F751FF80BD012080BD1B231A4202D041
:10CCB000F5F74DFF80BD002080BDC046DC2F002071
:10CCC000F0B581B0054640888624002810D0AE68B3
:10CCD000002E0DD000246C602C802746346028463E
:10CCE000314614F026FA24367F1C68888742F5D333
:10CCF000204601B0F0BD000070B50D49096834222E
:10CD0000895C74224A430B490B68A43300210C460A
:10CD1000A2420AD01D682D19EE7DF60702D02D899A
:10CD2000854201D17434F3E70121084670BDC04645
:10CD3000D42F0020F82F0020B0B50C4D28684224D5
:10CD4000005D9021084200D0B0BDFEF7ADF900288B
:10CD500005D00D20FFF78CF9FFF7E4F9B0BD286886
:10CD6000015D80220A430255B0BDC046F82F002065
:10CD700080B50146064800684222825C120704D44E
:10CD800064304022FEF71FFC80BD06F08FF880BDA6
:10CD9000F82F0020F8B51C4613460D46064605221E
:10CDA00019462B4614F0DDF90746882804D0304692
:10CDB0002946224614F0EEF93846F8BD00210160FC
:10CDC00040607047FEB50E460446002002900846BB
:10CDD000214601F099F9074602A9204614F014FAF9
:10CDE0000546002868D122203449085C87423AD29F
:10CDF0003421794332480068406B4018C0781128CC
:10CE000033D1019100250C222846214605F00EFE63
:10CE100000282CD007464068062101727868029AE3
:10CE20001279427204223846264B984724480068FB
:10CE3000406B01994018028A082100913846214B25
:10CE400098470A21384632461E4B9847009878800A
:10CE50000520394614F0EEF900280AD0384601F0D2
:10CE60007CF9812528E0122526E00C2524E0882580
:10CE700022E00299062014F019FA11480068406B6C
:10CE8000019FC019D021C170102021462A46334687
:10CE900000F066F90A4E3068406BC019038A202002
:10CEA00021462A4600F05CF93068406BC019028ABE
:10CEB0002046294600F080F92846FEBD702E00204D
:10CEC000E82F002069E30410E0B5022201AB13F063
:10CED000A4FE002801D0002004E001A801784078D9
:10CEE0000002401880B28CBDF0B585B016460F46E2
:10CEF000054600200490062204AB284614F0DEF913
:10CF0000044600284BD13046294601F0FDF8222284
:10CF10002449895C1224884241D232463426464351
:10CF200021490968496B8919C978D02937D10392F9
:10CF3000029000240C222046294605F077FD0028A7
:10CF400025D0054618480068406B8019008A01907A
:10CF50006868072101726868477206210422134E2F
:10CF60002846B047082728463946039AB0470A2181
:10CF70002846019AB0476F800520294614F05AF9D7
:10CF8000002806D0284601F0E8F8812407E088242C
:10CF900005E0049814F0B0F9029800F0B9F82046C2
:10CFA00005B0F0BD702E0020E82F002069E30410CA
:10CFB00070B5054606F072FE00281CD00446002617
:10CFC000F0B2032805D86289294613F069FE761C61
:10CFD000F6E709480068426BA24205D01146126983
:10CFE000A242FBD1103101E00146343122690A60CE
:10CFF000016B2161046370BDE02F0020F0B585B0A6
:10D00000049314460F46054601F03EF8002828D048
:10D0100006463846294601F077F801462220394A6B
:10D02000125C122091421DD2049A012A1AD8327938
:10D030000C20002A16D034234B43334A1268526B1B
:10D040000292D2180392D278112A0BD1019308468A
:10D0500014F05AF90499002906D00399498C441A0E
:10D0600006E0022005B0F0BDA04201D28620F9E71B
:10D0700020043CD0039400200C22294605F0D6FC65
:10D08000002824D00546406816210172686831796D
:10D090004172062104221D4C2846A047234608243D
:10D0A000284621463A461F4698473B46039FBAB258
:10D0B0000A21284698476C800520294614F0BAF8C2
:10D0C000002806D0284601F048F88120CAE78820C9
:10D0D000C8E70D4D2868406B01994018418CC9196B
:10D0E0004184304614F026F92868406B02900A9873
:10D0F0000199029A51182022049B8B54498C01807B
:10D100000020AFE7702E0020E82F002069E3041014
:10D1100070B5044622201049085CA0421BD90F4D6F
:10D12000296830200A5C521C0A543422544330319E
:10D130004868001983781B0705D5C378112B02D3E3
:10D140004B785B1E4B7046890021FEF740FA286839
:10D15000406B0019468170BD702E0020E82F002022
:10D16000FEB5019302920E46202805D0102820D14A
:10D1700010480768383702E00E48076840373D68B6
:10D18000002D16D02C4602212846FFF79DFEED69A2
:10D190002188B142F4D10299012902D00199884233
:10D1A000EED13846214601F001F9204600F0D5FFC6
:10D1B000E6E7FEBDE82F0020FEB5029106462548B1
:10D1C0000068456D0192002D28D02946ED680B8836
:10D1D000B342F8D1029B012B02D04B889342F2D18B
:10D1E000476D0B460C338F4209D03C46FF688F4297
:10D1F000FBD1E560002D019A08D10C3405E004460E
:10D2000054342560002D019A00D184650024CC603F
:10D21000006D01600F4800680365D4E7C46D0D4DD3
:10D22000002C16D02746E4693888B042F8D102981D
:10D23000012805D0384600F003FF01998842EFD15C
:10D2400028685C30394601F0B1F8384600F085FFB7
:10D25000E6E7FEBDE82F0020F0B585B00E46044697
:10D260000F884868407A039008213046FFF72CFE6B
:10D2700005460A213046FFF727FEA1780026490718
:10D2800051D4019402902846394600F03DFF2221F6
:10D29000264A515C884236D234254543244A1068D8
:10D2A000406B4019008A029C844203993BD10620BE
:10D2B0001446019A14F046F82068406B4019D021BA
:10D2C000C17043891020002639463246FFF748FFD7
:10D2D0002068406B4019038A202039463246FFF708
:10D2E0003FFF38463146029AFFF766FF2068406BE1
:10D2F000401903994171072101710120FEF7B8FE21
:10D30000FEF710FF0FE004AB1D70280A587002985A
:10D3100098700399019A5171000AD8700222384618
:10D3200014F017F80646304605B0F0BD702E002008
:10D33000E82F0020F8B50D460C8849684A7A072185
:10D3400014F066F8002800D0F8BD082628463146BB
:10D35000FFF7BAFD07460A212846FFF7B5FD009002
:10D36000214600F0D1FE2221234A515C8842EBD2B3
:10D3700034254543214B1968496B49190A8ABA4239
:10D38000E2D1C978D029DFD11F46FFF7C1FE1C4882
:10D3900000684E21405C80071FD51A4800688069EC
:10D3A000422150220323FEF76DFA002815D00146D2
:10D3B000009A027384724672042008720020C871B9
:10D3C00006208871FF20487182200871100A487376
:10D3D000200AC8724220FEF7B1FA3868406B401943
:10D3E00081780907B0D500892728ADD1204600995A
:10D3F000FFF7DEFDF8BDC046702E0020E82F0020AC
:10D40000EC2F0020D82F0020F0B591B00E46817887
:10D41000490700D5AEE00C9030880D907068477ACF
:10D42000007A0B9000242046314614F023F80A2895
:10D4300016D10C98477110AC0021022520462A46CF
:10D44000FEF7C5F80A213046FFF73EFDA070000A3E
:10D45000E0700D9839462A46234613F07AFF89E09A
:10D46000054604940A970821434F30460391B84774
:10D4700009900A213046B84705900C213046B8473C
:10D4800008900E2130460291B8470790102430468C
:10D490002146B8470690002D00D00BE00EAF009754
:10D4A000002101220FAB0D9814F04CF8411E884169
:10D4B00085003B780B982221304A515C8B420A9FB1
:10D4C0001BD2002D19D134214B432D4A1268526BC7
:10D4D000D5180223AB700EAD2B784B43D318DC70FC
:10D4E0002B784B43D218069991830799918208991A
:10D4F0005182059911820999118139460C9A13F0CC
:10D5000021FF204800684E21405CC00732D01E48F1
:10D5100000688069422156220523FEF7B3F90028EE
:10D5200028D00146069E0675079D8574089B0374E6
:10D53000099A82730D98887203984872029808724B
:10D54000049CCC710F208871012088754F730C7377
:10D55000FF20487182200871300A4875280AC87473
:10D56000180A4874100AC8730D98000AC87242203D
:10D57000FEF7E4F911B0F0BDC9CE0410702E002002
:10D58000E82F0020EC2F0020D82F0020F0B589B024
:10D590000F460D8808A90D8079684A7A097A13F038
:10D5A00037FF044600280AD04220E121022208ABBE
:10D5B00003F028F8122C00D08CE008A8058801217F
:10D5C000102228460591069214F018F805462220EC
:10D5D0004249085C85427DD2002C0BD1012039469E
:10D5E00013F048FF064610213846FFF76DFC049003
:10D5F000064305D02846FFF78BFD002C6AD124E0B6
:10D600000821374E3846B04701900A213846B047C6
:10D6100000900C213846B047324606460E21384667
:10D62000904734226A432F490968496B8A1802904F
:10D630009083039696820098064650820198108245
:10D640001121D170508907A90880274800684E2110
:10D65000405CC10708A800293CD00788234800681F
:10D660008069422157220623FEF70CF9002831D0A9
:10D6700005460F3033466E73AF72039E06700097F7
:10D68000029F6F74049A0271002101912973059918
:10D690006975190AA9730099090AE972310A41707A
:10D6A000390AA974110A41712846163007A90222C5
:10D6B000FDF789FF082068720F2028720198E87131
:10D6C0000698A871FF20687182202871422029469F
:10D6D000FEF734F9204609B0F0BDC046702E002098
:10D6E000C9CE0410E82F0020EC2F0020D82F0020F6
:10D6F000F0B587B00D4642790E8849684C7A94425D
:10D7000032D90590082128460491FFF7DDFB0696E3
:10D7100006460A2128460391FFF7D6FB0746304606
:10D72000069900F093FC22212B4A515C88424FD28B
:10D730003421414329480068406B4018C1781129C1
:10D7400046D1002F44D0818B254A4A40974210D2BF
:10D7500002461C32CE191680224909684E22895C85
:10D7600049070AD404202FE0012C33D1012AC8D163
:10D7700030E006210171012026E0408901901A481D
:10D78000006880694221512204230293FEF77AF84F
:10D79000002818D00746B0B20090381D06992A46D6
:10D7A000019B13F051FF0498787205203872002015
:10D7B000F8710398B871FF20787182203871422087
:10D7C0003946FEF7BBF80298FEF752FCFEF7AAFCBA
:10D7D0000598447107B0F0BD702E0020E82F00209E
:10D7E000FFFF0000EC2F0020D82F0020F0B59BB0E9
:10D7F000169202461AA80026067095780424254041
:10D8000003D09079172800D03AE112940C93209815
:10D810000D90084608211AAF14900E923A4613F064
:10D8200029FF0E9A01241472119696723F7857724E
:10D83000002D00D0A0E013970B940821914D159076
:10D84000149C20460691A84707460A2120460F91BE
:10D85000A8470A900C2620463146A84709900E2179
:10D8600020460591A84739460890159F002F07913B
:10D8700000D195E0129838430428159700D0BDE0F8
:10D8800000241198C0B2119012941398844200D1D0
:10D89000B4E06000103081B21498FFF715FB034626
:10D8A0001298C0B2119988422BD20922002B23D0A2
:10D8B000402B21D310937F2B1ED822207449095C62
:10D8C000342048437149096800231A46984211D010
:10D8D0004E6BF518EF78002F0AD0F65A169FBE420D
:10D8E00006D12D8A109EB5420F9D00D015462A46BE
:10D8F0003433EBE7130607D01599080600D00A4623
:10D9000015921398641CC1E70B9AA2400E9DAB7A46
:10D910001343AB723322D24315463435A842F0D0BC
:10D920004B6B9A183726925D002A2A46F5D1581972
:10D93000468900213422FDF74AFE5448006801461A
:10D9400030314968169A4A533022835C5B1E8354F7
:10D950004819611C817510990182468107990181DE
:10D960004C49418008998183099981820A994182B1
:10D970001298401C1290C4E717200D9D294613F001
:10D98000E1FC049417A80390029712980190119853
:10D990000090402216982946134607F0C3FF6FE017
:10D9A00002201590002929D00846FF290E9D26D86F
:10D9B0000A98402805D30999402902D33248814268
:10D9C00001D915961BE008980028159617D02F4806
:10D9D00000683121405C2E49097B0A1AD0B21399A4
:10D9E000814200D80A4681420B9900D800210028C4
:10D9F00002D011928F003DE70B2015900E9D0C98E0
:10DA00000D9C21462A4613F09DFC1598E872224889
:10DA100000684E21405CC00732D020480068806911
:10DA2000422156220523FDF72DFF002828D001466C
:10DA3000089F0775099E86740A9D0574079B83736A
:10DA4000169A827206984872059808720020C8716A
:10DA50000F208871139888754C730B980873FF20FA
:10DA6000487182200871380A4875300AC874280A3B
:10DA70004874180AC873100AC8724220FDF75EFF86
:10DA80001BB0F0BDC9CE0410FDFF0000E82F002040
:10DA9000702E00200A100000EC2F0020D82F00204C
:10DAA000F0B595B00A9114A90A801A9A194613F094
:10DAB000AFFC002805D04220E121022214AB02F085
:10DAC000A1FD0821934C0A9E3046A04705460A2135
:10DAD0003046A04706900C213046A04704900E2106
:10DAE0003046A0470795402D02900FD30246069876
:10DAF00040280BD388480699814207D8049800280B
:10DB000004D0012A02D0102A00D201E1122413AA63
:10DB10000025157008210A98019113F0ABFD029AB7
:10DB20000C2A00D9E7E0012191407C4A114200D142
:10DB3000E1E014A80088102113F0B8FD13A80570C7
:10DB400009950DA805810E950D9510AF01200B903C
:10DB500007980390089505950998A8426DD00C95F3
:10DB60006800103081B20A98FFF7AEF9064600242B
:10DB70003D463C8000280B9F20D014A801883046E9
:10DB800000F064FA2221664A515C884215D23421A1
:10DB90000B464343634A1268526BD318DB78002B61
:10DBA00027460BD041435018062101710120FEF792
:10DBB0005FFAFEF7B7FA0B9F00E0274614A800882B
:10DBC0000121102213F01AFD2221554A515C88428E
:10DBD00003D2002F06D0FFF79BFA2F460C9DBF1CE7
:10DBE0006D1CB9E7342141434E480068406B401832
:10DBF000817809072F46F1D54189089CE2B252008D
:10DC00000DAB9952418939801121C17004998183EA
:10DC1000069981820799418206820189641C0894D1
:10DC2000272908D18089039989B2814200D30390C2
:10DC300027200590D2E70591D0E73A4800683121C6
:10DC4000425C089BD21842540598272807D114A893
:10DC50000088039989B2DAB20DAB13F055FD324852
:10DC600000684E21405CC10714A800294AD00488EE
:10DC700009984600701E032101431531880883B2BC
:10DC80002A480068806942215722FDF7FBFD0028E1
:10DC900038D007460F30079A7A73BC72069B037020
:10DCA000049D7D740C94029C0471012139730999BF
:10DCB0007975110AB9730C99090AF972190A417038
:10DCC000290AB974210A41713846163010A9324622
:10DCD000FDF779FC019878720F2038720E36300A01
:10DCE000F871BE71FF207871822038714220394668
:10DCF000FDF724FE06E0044306D014A80088102196
:10DD000013F0D4FC15B0F0BD13A80078099018E703
:10DD10000024FCE6C9CE0410FDFF0000E419000059
:10DD2000702E0020E82F0020EC2F0020D82F00209C
:10DD3000F0B599B00D4617A900240C71179414A9D9
:10DD40000C81159414948178490700D5ADE01746ED
:10DD5000109011931E9E13AA14700421284612914C
:10DD600013F088FC122800D18AE00A900F963E46F4
:10DD700008212846FFF7A8F807460A212846FFF79A
:10DD8000A3F80E97402F03D20E9C0546374604E0B9
:10DD90004028374603D20E9C05460F9E70E06E4920
:10DDA00088420F9E04D86D490968498D884202D97E
:10DDB0000E9C054664E005940494234608900C9755
:10DDC00013A909788C4272D20793600006900C3038
:10DDD00081B22846FFF778F8014603201290099196
:10DDE00000294BD022205E49085C0D905B480068FA
:10DDF0000B90002214230D9890423DD00B98406B5D
:10DE0000C6183146143909880C9FB94204D1311F14
:10DE10000988099FB94202D03433521CEBE73146DE
:10DE200011390978112927D13146123909780907A2
:10DE300022D50B9531460A390988129114AF0699FB
:10DE4000129D7D5217A90A55C05A049989B2814280
:10DE500000D80490B01E0388059881B299420898B2
:10DE60000B9D00D80593641C079B5B1C0D998A428F
:10DE70000C9F0F9EA4D31BE00C9F0F9E0E9C089D31
:10DE800011983146109A13F05DFA13A8007814A97E
:10DE9000AAB2A3B200930192029003911298C2B267
:10DEA00000213846334613F06FFC19B0F0BD23460D
:10DEB000059989B20E9C8C4202D20121129178E719
:10DEC0001D4604998BB20121002212939842084604
:10DED00000D3104613AB1B78012B00D81146084025
:10DEE000411E02468A41510000282DD10A9812286D
:10DEF0002AD0EDB217AE089A002D27D03C463078D4
:10DF00003427474315480068406BC019C11C129B59
:10DF10009A420CD25E220A700F9941711921017147
:10DF20000120FEF7A5F8FEF7FDF8089A01E05F2052
:10DF300008700A480068406BC01942830E9901833B
:10DF4000761C6D1E2746D7E7129198E700201290A5
:10DF50000F9E0E9C154693E7FDFF0000E82F002062
:10DF6000702E0020F0B58BB014460E4608A900278D
:10DF70000F8109970897109D19462A4613F048FA11
:10DF8000002857D108213046FEF79EFF0690222038
:10DF90002949095C342048432849096804970797B0
:10DFA0002B460590B8422FD04D6BEA5BA24229D197
:10DFB000EE19F2785B2A25D1084619462346728964
:10DFC000079CE5B26D0008AC6253069A002A04D0A3
:10DFD0001C460B46014605980FE0358BB581728BC8
:10DFE000F2813289272A1C460B460146059804D146
:10DFF000728A954200D315460495079A521C0792DF
:10E000001122F2703437CDE708A80021079AD6B262
:10E01000009101910296039001212046069A13F087
:10E02000B3FB049881B2402904D908AB204632469C
:10E0300013F0FAFB0BB0F0BD702E0020E82F00208B
:10E0400080B50221FEF740FF80BD0000F0B522221E
:10E050000B4B9B5C0B4A14680022102593420BD09B
:10E06000666B775B874204D17619103E36888E4204
:10E0700003D03435521CF1E71A46D0B2F0BDC04689
:10E08000702E0020E82F002070B50B49C97A1422A9
:10E090004A43143209490B6800210D460C461434DA
:10E0A000A24206D0DE6A755B85422546F7D131195A
:10E0B0001439084670BDC046702E0020E82F00209D
:10E0C000F8B5009222230E4CE45C0E4B1A68002334
:10E0D0000A269C4211D0576BBD5B85420AD1BF19FD
:10E0E0003D460A3D2D888D4204D1FD1F2D78009FAD
:10E0F000BD4203D034365B1CEBE72346D8B2F8BDF3
:10E10000702E0020E82F0020F0B522220D4B9B5CE2
:10E110000D4A146800220A25934210D0666B775B83
:10E12000874209D1761937460A3F3F888F4203D18B
:10E13000F61F3678012E03D83435521CECE71A4608
:10E14000D0B2F0BD702E0020E82F00200022CA615E
:10E15000426811601C314160704780B5027A110637
:10E1600001D5012100E00321520600D50021001F46
:10E1700013F06CFB80BD01460068C2690A60002A8A
:10E1800000D149600021C16170470000F0B5C1B005
:10E190000C4634264643214F3868406B80192121B4
:10E1A000415C022908D0012936D10621A18161886C
:10E1B000891E618084622FE01D4602AB01932046D8
:10E1C0002946154612F029FD3868406B8019806A8F
:10E1D0004768204612F02AFD0146384612F02BFD12
:10E1E0000E480068406B8119886AC98C891D89B204
:10E1F0002A46019B12F025FD08480068406B8019F3
:10E20000C18C4919826A5180806A891D89B200F0E7
:10E2100006F92046FFF7A1FF41B0F0BDE82F00202E
:10E22000BCB50C46002813D025882046FFF708FF10
:10E230000146284605F032FD002809D060880028F4
:10E2400006D0A1891F2908D801A8018060680AE0CA
:10E250002046FFF782FF0020BCBD606801AD2A4662
:10E2600000F0BAF8298840180079C10704D11B28AA
:10E2700008D01D2806D009E01E2803D30221084338
:10E28000232803D1204613F0F5FABCBD204613F035
:10E29000D5FBBCBD10B5342141430E4A1268526B08
:10E2A00054182021615C012913D113F02DF8618CE1
:10E2B000411A00D2002100290BD0012901D10228E6
:10E2C00007D8E180162020710120FDF7D1FEFDF76F
:10E2D00029FF10BDE82F00200268CA61002A02D180
:10E2E0000A461C324260016070470000F8B51C46C7
:10E2F00015460F460646FFF7C7FE00281BD03846D6
:10E300003146FFF701FF22210C4A525C1221904254
:10E3100012D2002D10D034214143094A1268526BA9
:10E320005218D3780C21112B06D1528AAA4203D35A
:10E330002070002100E002210846F8BD702E002068
:10E34000E82F0020074A126854321268002A07D0CA
:10E350001388834202D153888B4201D00C32F4E7F8
:10E3600010467047E82F0020E0B501AB1A70120A82
:10E370005A70022212F065FC8CBD000070B50C468C
:10E380000546094806685C363668002E09D0308894
:10E39000A84204D13046FFF753FEA04201D01C36FC
:10E3A000F2E7304670BDC046E82F002003688B427C
:10E3B00009D01A46DB698B42FBD1CB69D361002BB4
:10E3C00007D11C3204E0CA690260002A01D102466A
:10E3D00042600020C8617047002908D0002809D099
:10E3E0008BB2202B04D3006820390B04F6D1002116
:10E3F000118070470020704710B50024C46113F0ED
:10E4000084FB842800D08124204610BD00210068B0
:10E41000002802D01C30491CF9E788B2704780B54B
:10E420000A46037A190601D5012100E003215B06A3
:10E4300000D50021406813F089FB80BD80B50A46F5
:10E4400001460248FEF782F980BDC0466C2E0020CE
:10E4500010B5122400280ED0002A0CD00B2B0AD89D
:10E4600041700370036A5954491E4B1CFAD3026170
:10E4700000240475C061204610BD70B5044612200A
:10E48000002922D0002A20D0FF25F4356E1CB2428C
:10E490001BD8914219D80499914216D2AB4214D894
:10E4A00005990A2911D31925ED01A9420DD85B1C44
:10E4B00053437D229200934207D8002C04D0E20AF5
:10E4C0005A4392B28A4200D2002070BD10B500F0CB
:10E4D00037F90446002113F075FB8078FF212A31BB
:10E4E000605449208000215A08220A43225210BD5C
:10E4F000B0B54588AA0B032A0DD3084A91420AD821
:10E500000488022C07D3684280B22146F5F75CF9F3
:10E51000401C60434519A8B2B0BDC046FFBF000013
:10E52000024630200129014600D02021012A00D0D6
:10E530000846704770B511200421FFF77FFF164D84
:10E54000296890268959C96B096848632B201349AB
:10E55000085CC97A0818841C48212046FFF76EFF22
:10E5600029688959C96B0A6800219163002C11D070
:10E57000382214238354C1632A689259D26B1268DB
:10E58000926B42642A689259D26B12689063641E3F
:10E590004830EBE770BDC046EC2F0020702E002005
:10E5A000F0B589B00C46014600680F1DE0CF054369
:10E5B000354300203D4313D0089007900690049007
:10E5C000039002900190074D2A40059205A801AAE8
:10E5D00013F0FEFA01982840210A411A48424841A6
:10E5E00009B0F0BDFFFFFF00B0B5014600200029D3
:10E5F0001BD00E4A12683423D25C0D4B1B6890244A
:10E600001B59DB6B5B68002A0FD0B4241C590D68C2
:10E61000AC4204D1B8241C594D68AC4204D05724F4
:10E62000A4001B19521EEEE71846B0BDD42F0020DF
:10E63000EC2F0020F0B581B002798A4214D9521E25
:10E640000092D3B28B420BD00468CDB2ED006619B4
:10E65000B768F26867517260491CCAB29A42F3D136
:10E6600000990171012000E0002001B0F0BD000020
:10E67000F8B50A460146074800689023C058C06BA9
:10E68000006802AB019303AB00932030012313F029
:10E69000A3FA8FBDEC2F0020F621415AF630002955
:10E6A00003D0491E01800120704780887047B0B5B3
:10E6B0000C4602290AD3851A28462146F5F770F838
:10E6C000080402D0012D00DA0024641AA0B2B0BD03
:10E6D000FEB504468020205C0026400624D5012596
:10E6E0002046294613F06EFA0746204613F0B7FA83
:10E6F000022819D1B878272816D1F91C6E460A22AB
:10E700003046FCF760FFF08800280CD142342488A2
:10E710006D4628462146FFF7EBFE02462988204633
:10E72000FFF7C5FF05462E463046FEBD034800688C
:10E7300090214058C06B00687047C046EC2F002005
:10E740005721890041430448006890228058C06BDB
:10E75000406840187047C046EC2F0020F0B589B0E3
:10E760000446FA20255AE66CFCF7B8FFE321625C08
:10E77000FE23134063543521090140187543690095
:10E78000421872B6616CCB43D21800D485E004966F
:10E790002722D200A218059222462F320892224642
:10E7A000423206922246E2320792081A00270821D6
:10E7B0004AB2002A0CD4CBB22A469A40904202D3E5
:10E7C00001269E40BF19821A00D31046491EEFE76A
:10E7D0000799088B4743069A1088C01B1080BDB26A
:10E7E0000898807C0978012910D1164600F0D8FEDF
:10E7F000368808998A7C0023009301900293214671
:10E80000BC311046324601F049F810E000F0F0FE4D
:10E8100025210E1A774308980078381880B213F033
:10E8200025FA08990870301880B213F01FFA089A78
:10E830000146059E049F907C01F00CF87D43606CBE
:10E84000401B6064608D294613F020FAA26C82425E
:10E8500004D9121A0D2A00D80D22A264606E401944
:10E8600060664B2080002018616C891AE36E5200AC
:10E87000D3183468A34200D233600A4601F00EFB7D
:10E8800000280AD0079A50780121014351701420C2
:10E89000FDF7EEFBFDF746FC346062B609B0F0BD53
:10E8A000F0B597B004464B208000201802F0C6FE59
:10E8B00021462C3100280291079400D185E04320A5
:10E8C00080002518204613F0CAF903280AD1288BA6
:10E8D000410707D500216977042290432883204609
:10E8E00013F0DDF90695204613F0EAF9002800D16F
:10E8F000A4E02120C0002518029880780A90012108
:10E9000000262846324613F0EAF9074628463146E3
:10E91000324613F0E4F9384300D08FE0002120465E
:10E9200013F050F9064647788178029802780991E9
:10E930000846394613F0EAF9002879D00698807B1A
:10E9400004280BD10698007B0999884276D00122D1
:10E9500030460A9913F09AFA00286FD1029802788B
:10E960000998394613F0B2FA002800D1E5E10221F6
:10E97000284613F025FB00285DD00546618FBF1C9B
:10E9800001203A4604F052F8E863002800D1E8E19B
:10E99000478000213A46334612F053F9099813F0A4
:10E9A00043FB38216854572080000A994843F249B4
:10E9B000096890228958C96B496808181121090112
:10E9C0004118284613F03CFB35E048780022002827
:10E9D0002BD004922746B437487D0A908D7828467C
:10E9E00013F03AFB26467836A06F002801D013F0CA
:10E9F00059FB3046FEF7E2F903CF13F073FB029E9A
:10EA00007178079C608F13F081FB204613F0B4FBF4
:10EA1000284613F0C9FB2846F4F775FA002803D0FE
:10EA2000012030700A987075049AD0B217B0F0BD0A
:10EA30000A98FFF74BFD204613F0F6FB2120C0009B
:10EA40002018039000200490C54311200601069F62
:10EA5000012DE9D0681C0A90388B032105910840EC
:10EA6000012808D1387FFF2805D0204613F0F7F899
:10EA7000002800D1DFE00996A419A01E08900078B4
:10EA8000401E042800D924E17844007940008744DE
:10EA900002236C95B3005720800002998978414386
:10EAA000B548006890228058C06B406840180999AA
:10EAB0004058002800D10CE13821415C0D2900D9D3
:10EAC000D9E001228A40AD490A4200D1D3E0E11EDB
:10EAD0000A7820211143D0E0079813F0C0F8019084
:10EAE0000A98C6B20122039F3846314613F0F7F860
:10EAF0000546002238463146134613F09CFBE71EBC
:10EB00003978C90600D4E4E00199002900D0E0E09A
:10EB1000002D00D0DDE0002800D0DAE0029DA878CA
:10EB2000314613F0A1FB13F0A9FB019001210798D6
:10EB300013F048F803463878EF2101403970A8787F
:10EB400006223146019DA8473878C1074FD0C0063C
:10EB500000D5BEE0059808990870201FFF210170BC
:10EB60000121079813F09BF8B3E0079813F077F8AA
:10EB7000032800D0ADE0029FB8780A99CEB23146A2
:10EB800013F072FB13F07AFB0546B8780027314684
:10EB90003A463B46A847251F28700798394613F088
:10EBA0007EF8E01E0078C10721D0400600D58DE038
:10EBB0002878FF2800D187E0042088E0079813F028
:10EBC0007FF8002800D184E00021079D284612F03C
:10EBD000F9FF01460A98C6B203232846324613F0CD
:10EBE0005BFB002875D0E01E0078C1073CD103987C
:10EBF000314613F023FC6CE00698807E800768D5D0
:10EC0000029CA0780A99CEB2314613F02DFB13F086
:10EC100035FB002809D00546A0780722002331469D
:10EC2000A8470398314613F009FC069A907EFD210F
:10EC3000014091764DE0354601262046314612F0DE
:10EC4000C1FF022181704170059A02703A7FC27043
:10EC5000388B084338832046314613F020F8787B00
:10EC600030432E46787365E040062FD4201F00788D
:10EC7000FF282ED128E0E11E097801220A43E41E74
:10EC80002270002D069A16D0C06B428800250BAE6C
:10EC90002946334611F0C1FF0123079831462A4621
:10ECA00013F0FAFA002814D02078C1070AD10A9884
:10ECB000C1B203989DE702209073507B102101435D
:10ECC000517306E0400601D4022000E005200899B7
:10ECD0000870069F388B0007079C22D5204612F04B
:10ECE000BEFF00281DD100210122039812F0F7FF7A
:10ECF000002816D101262046314612F063FF072175
:10ED000081700221417005990170797FC170388B43
:10ED1000042101430820814339832046314612F003
:10ED2000BEFF08980078FE210140022901D1012090
:10ED30000490099E0C360A9D8AE60698807804287D
:10ED400000D078E6069800780999884200D175E6E7
:10ED5000002230460A9913F099F8002800D06DE699
:10ED600069E60548006890214058C06B0068816BD7
:10ED7000696485635FE6C046EC2F002045200000F3
:10ED800070B50546FF262836805DC00701D10024F6
:10ED90000FE0688F002421462246234607F0D6F96B
:10EDA000072801D1012404E0A8190178FE220A40B5
:10EDB0000270204670BD0020704700001F220240F4
:10EDC0000123934072B68900054A12685118400920
:10EDD0008000081881681943816062B67047C04698
:10EDE000FC2F0020F0B587B0044608060D9D52D0D8
:10EDF0000195FF2015468543012605930C9B1F4670
:10EE00000096374003977E421640F2B2521906929E
:10EE1000254D059F3A462A401E469D07ED173D4069
:10EE2000049003062B409B18022030400290481E9D
:10EE30000590C8B241080026C8B2C200A0184568B3
:10EE40000298002801D118480540A0580246049FA6
:10EE5000BA43039F002F01D1384600E0C0B28218A8
:10EE60000698904201D1AB4218D0AB4203D804D1EE
:10EE70000698904201D94E1C01E0481E0590059865
:10EE8000801BC0B2401CC2B2510889198242D3D043
:10EE90000020019D04E00021084601E0019D00984A
:10EEA000297007B0F0BDC046FFFFFF00F0B583B08A
:10EEB0000B4602460E4C20689025405981684868F0
:10EEC000896802AE012700970196FFF78BFF0028A3
:10EED0000BD0206840598068406802A90978C900B1
:10EEE0004018C1797F20084000E0802003B0F0BDC9
:10EEF000EC2F0020026841688368C0681143194301
:10EF00000143481E814108467047000070B584B037
:10EF100015460A460446002B07D00A9882421FD1A4
:10EF20000B98684000021BD11BE009980899012347
:10EF3000002902D006461E4004D1002911D1022129
:10EF400008400ED00848006890214158C8680969F7
:10EF500003AE009301962B46FFF744FF002800D133
:10EF6000FF24204604B070BDEC2F002010B50F49DF
:10EF7000096890228A5892685C23D35C002B00D0E9
:10EF800010BD13465C33903101241C700368536537
:10EF9000FF2212064068904309688968886510203E
:10EFA000FDF766F8FDF7BEF810BDC046EC2F002057
:10EFB000F0B589B00891079021480068902106912A
:10EFC000405880685D21415C0024002935D0017AD9
:10EFD000002932D0029203930E9901910026042752
:10EFE0004168CA19121F12680592C9590491490053
:10EFF0004D0E282169430068401801240799089A9A
:10F000002346FFF7CDFA00280BD1761C0C48006888
:10F01000069940588068017A08378E42E0D3002470
:10F020000BE002980570FF200006049BD90F834374
:10F030000398059A0CC001980170204609B0F0BDF4
:10F04000EC2F0020F0B585B01D4650C80B981D4F21
:10F0500033463B4004604360032901D120462DE044
:10F06000E0B20390D00713D12A68002094420246F0
:10F0700004D16A683A409B1A5A425A41039BFF2BBB
:10F0800000D02046FD23194218D0002A15D015E0E3
:10F090000D48006890214158C868096904AA0123F5
:10F0A0000093019222463346FFF79CFE002804D0CD
:10F0B0000398FF28D2D1002000E0FF20C0B205B0A5
:10F0C000F0BDC046FFFFFF00EC2F0020F0B583B07D
:10F0D000029201910646144800689027C059816841
:10F0E000087A00281CD00024072503C9495D7F2227
:10F0F0000A4028215143401810303146019A029BA2
:10F10000FFF74EFA002808D1641C07490968C9595D
:10F1100089680A7A08359442E7D3411E884100E0A5
:10F12000002003B0F0BDC046EC2F0020007C411E43
:10F13000884170477FB515460A46044603A80290E9
:10F14000089E01960093012021462B4613F087F973
:10F15000002E02D07321039A625404B070BD816006
:10F1600083328A4200D81146C1607047022303747B
:10F17000C281002282818160704701230374C280B2
:10F18000002282800160704780B5002103F083F87F
:10F19000803080BDB0B50C46154941430D0A154974
:10F1A00088420DD301201070144A002128460B46D6
:10F1B00013F018FA681A40084018000A10490CE0C9
:10F1C000002111700C4A28460B4613F00BFA681AFE
:10F1D0004008401800091D21C943414320604819D7
:10F1E00000022721C90040180149F4F7EDFAB0BD2B
:10F1F000710200001F890100121111114F1BE8B4A8
:10F20000D4FEFFFF70B50D460446401C00262522A3
:10F210003146FCF7DCF93046252E0CD2072131406F
:10F22000F208AA5CCA40D10703D0C1B261184E707F
:10F23000401C761CF0E7207070BD000080B50348CC
:10F240000068808A13F0E8F980BDC046EC2F0020EA
:10F2500010B50120FCF77FFB044613F0EDF9002800
:10F26000F7D0204610BD00000248006888214058B1
:10F270007047C046EC2F0020474A502358431018CF
:10F28000C269FF239A43C9B21143C1617047424A20
:10F29000502358431018026A120C120489B2114309
:10F2A00001627047426801239A43CB07DB0F134387
:10F2B00043607047426810239A43090103E04268A3
:10F2C00020239A4349011940114341607047426825
:10F2D000324B134009028022520005E04268304B55
:10F2E0001340490280229200114019434160704747
:10F2F00030B5039B0022002401290BD00D0004D15E
:10F300000722012B0DD1B3240CE0022902D00329DE
:10F3100008D1F6E70622012B01D1B52402E04324EF
:10F3200000E04124001B801A30BD1E490A684F23AB
:10F3300013404F22904317E01B48016808220A43FC
:10F34000026070471848016801220A430260704752
:10F350001648016880229143016070471348016894
:10F3600080220A430260704718430860704783494F
:10F370000A687F239A434006400E05E00B490A685D
:10F38000944B13400004EFE71043086070470100FE
:10F39000A048084070470000DC000020FFFEFFFF8F
:10F3A000FFFDFFFF0400006018000060C4000020A3
:10F3B0008021C90308407047002070478021C9059B
:10F3C00008407047802189040840704780218901E6
:10F3D000084070478021C9020840704780214902D7
:10F3E00008407047802189030840704780218900C8
:10F3F00008407047802109010840704780210906B4
:10F40000084070478021C9040840704740210840E7
:10F410007047802149040840704770474168802246
:10F4200091434160704780B50021FFF73BFF01BD6C
:10F430004168802252010A434260704780687047E9
:10F4400080B51421F2F792FF01BD80B50121FFF7CD
:10F4500036FF01BD80B50121FFF72CFF01BD7047CC
:10F46000826881607047416880220A434260704729
:10F47000C1688022D2050A43C2607047C1688022F9
:10F4800092040A43C2607047C168802212060A4390
:10F49000C2607047C1688022D2040A43C2607047CC
:10F4A000C168802252040A43C26070474168042246
:10F4B0000A434260704702680160704780B50021CE
:10F4C000FFF705FF01BD704780B50121FFF7FFFE83
:10F4D00001BD416840220A434260704780B5012166
:10F4E000FFF7E0FE01BD80B51FE0C268120D1205F6
:10F4F0000903090B1143C1607047C16880225203A0
:10F500000A43C2607047C168802212040A43C26085
:10F510007047C1688022D2030A43C260704780B539
:10F5200041688022D2000A4342600121FFF7D6FEE3
:10F5300001BD374802688C4B134009028B4AFAE040
:10F540007047924A5023584310180029016803D08D
:10F5500040220A4302607047402291430160704795
:10F560008A495022504308180168914A0A400260B3
:10F57000016A904A0A40026270470000C4000020FD
:10F580008D495022504308180168802292030A4393
:10F590000260016A802292050A43026270470000FD
:10F5A0008549502250430818406A7047824A5023C8
:10F5B00058431018C26A120C0A70C26A120E4A70BE
:10F5C000026B8A70026B120ACA70006B8002800E96
:10F5D00008717047FFFF00FF774950225043081819
:10F5E00038307047744950225043081840307047F3
:10F5F0007149502250430818C06A8004800E704739
:10F600006D495022504309580806C00F704700004A
:10F61000D000002030DFCB009C49502250430858D6
:10F620008004800E7047994A502358431018C269CD
:10F63000120A0A60036A1B0613430B60006A000487
:10F64000000E4860704791495022504308584000CE
:10F65000400F70478D495022504308584001400FD9
:10F6600070478A49502250430818C06AC006C00E2D
:10F67000704710B5040050218448220050235A439B
:10F680008018F2F773FE01212000FFF75AFF10BD2A
:10F690007E4A502358431018426A4162704710B5A1
:10F6A0007A4A502358431018C26A92B20B784C78A9
:10F6B00024021C4323041343C362026B920D920580
:10F6C0008B78CC7824021C430979090421438902F0
:10F6D000890A1143016310BD6C4A50235843101826
:10F6E000826A120E12060902090A114381627047EA
:10F6F000664A502358431018826A1202120A0906F9
:10F70000114381627047214A502358431018C26A3E
:10F710005F4B13400902FC2292010A401A43C26265
:10F7200070471A4A5023584310180268584B134028
:10F730000902FC2292010A401A430260704710B588
:10F74000524A030050246343D218D369DBB20C68D9
:10F7500024021C43D4614A6812020968090E11434D
:10F76000FFF795FD10BD0000FF0000F000FFFF0F48
:10F7700080B54649020050235A438918096A8AB263
:10F78000802109021143FFF782FD01BDDC0000204A
:10F790003E4950225043081801688022914301607D
:10F7A00070473A4A50235843101882688160704766
:10F7B000FFFFDFFFFFFFFFDFDC000020334A5023A5
:10F7C000584310180268334B13400907E022D20552
:10F7D000B1E738B50A682D4B040050256C431B195E
:10F7E0009C699A614968FFF747FD31BD80B527499B
:10F7F000020050235A438918C969CAB280211143B3
:10F80000FFF73AFD01BD2149502250430818016815
:10F8100080220A43026070471C4A50235843101844
:10F82000426841607047194A5023584310180268D3
:10F83000194B13400906E022D2047CE7134A5023F7
:10F8400058431018C26A1F239A43C906C90E1143B0
:10F85000C16270470D4A50235843101802683F2375
:10F860009A438906890E1143016070470749502267
:10F87000504308180168802212024A400260704713
:10F88000042801D19D20704712207047DC00002021
:10F89000FFC0FFFFFFFFFF8FFFFFFFF8F0B58BB04A
:10F8A000059317460D4609A9FFF780FE119C109895
:10F8B0000690002818D00495129E00250698A842AC
:10F8C00010D00498039009A8029008A8019007A8F6
:10F8D0000090EBB220463946059A12F0F5FE7055BD
:10F8E0006D1CEBE730780AE0039509A8029000222E
:10F8F0000192009220463946134612F0E5FE0BB005
:10F90000F0BD10B5044600213022FBF760FEFF2059
:10F91000A07510BDF0B58DB009920A900120169E19
:10F920003446044002220394002C089000D0104674
:10F930003240039F00D007460192320908981040D8
:10F940000890F5087007C00F0C90B00717980B903F
:10F9500042D00B9800281FD113980690129805905A
:10F9600000930A9C204607920291FFF782FE2046F0
:10F970000999FFF78DFE20460099FFF7ADFE20465E
:10F980000299FFF75BFF20460599FFF7BCFE204672
:10F990000699FFF784FE079A74080398002813D08D
:10F9A0000C98002804D10A980792FFF7F1FE079AF5
:10F9B0000B98002808D10A980792FFF7C1FDFF2194
:10F9C0000A98FFF795FE079A0C98204204D00A98EF
:10F9D0001446FFF718FF224618980990159C1498B2
:10F9E00006900820064008988019059015430120CC
:10F9F00002900540079500250497BD427ED0681E01
:10FA00002E4686410C9846400B98002802D0002EC6
:10FA10003ED15FE0AF00E059FFF712FDE059FFF77C
:10FA200014FDE059FFF742FDE0590146FFF743FDA1
:10FA30000698C159E059FFF713FDE059FFF7EEFCB6
:10FA4000E059FFF71BFDE0590A99FFF73CFDE71964
:10FA50000998032809D00998012801D1002E04D162
:10FA60000998022804D1002E02D13868FFF736FD2C
:10FA70003868FFF7EFFC3868002E1ED0FFF74FFD07
:10FA80003868FFF740FD39680A98FFF7C5FE049F04
:10FA90000798002830D00898002801D0029801E08B
:10FAA0000298401B03990029294600D00146C8B29C
:10FAB00080002058FFF708FD1EE0FFF714FD3868AE
:10FAC000FFF727FD3868FFF7DFFC39680A98FFF772
:10FAD00068FE049F059800280ED00120089900298F
:10FAE00000D1401B01990029294600D00146C8B227
:10FAF00080002058FFF7E2FC6D1C7EE70DB0F0BDE2
:10FB0000801EC0B2032801D3002002E0C1000248D9
:10FB1000C840C0B27047C0460104060010B5846FEB
:10FB2000C06FB321405CE1683E3912F02DFE014602
:10FB3000BC20205CFFF7DCFD10BD70477CB504469F
:10FB400000260196684606701648814200D90126B3
:10FB5000814207D9002A03D000221146164610E040
:10FB6000114A89184B1E0022834209D201AA6D4610
:10FB7000084611462A46FFF70DFB2A78019901E055
:10FB80001146104621705301C904C90E5918002AA4
:10FB900001D10A4601E040220A43002E00D10A4664
:10FBA00062707CBDAE5B0F0052A4F0FFA230002A51
:10FBB00000D10388807D0B700F2212021A400003CF
:10FBC0008018000A487070477CB5154604465E1ED2
:10FBD00000208029024608D301AB6A460846194630
:10FBE000FFF7D8FA0098C20101983F210D40154354
:10FBF000257060701F21090400020840022E00D306
:10FC0000022671054018000CA0707CBD10B5FBF7F2
:10FC100020FD044612F0C2FD201840B210BD80B590
:10FC2000C06FAA21405C12F0C5FD411E884180BD15
:10FC3000704700001CB5F3F7ABFE084988420BD0B3
:10FC400047218C004443F2F7FDFE0068001901A92A
:10FC5000F2F700FF01981CBD00201CBDFFFF000053
:10FC6000B0B50446EFF3108572B612F0A5FD00287A
:10FC70000FD0204612F0BAFD09F03EFB09F060FB00
:10FC800085F3108820690169002904D0606A8847DB
:10FC900001E085F310880020E061B0BDFFB502935C
:10FCA000039241220446805CFF282BD0267D01234D
:10FCB000627D9642009301D89A1B01E0B2188A1A1D
:10FCC000A37D22340194D2180024D2B2E7B2974225
:10FCD00018D2A319DDB28D4200D35B1ADBB2834286
:10FCE00001D0641CF2E702990029019800D008466F
:10FCF000009BBB400178039A002A01D0194300E021
:10FD000099430170FFBD80B5FEF71AFD2C2100223A
:10FD1000425480BDFEB501920D4606466D20335C0F
:10FD2000F06FB321425CB1880A20029212F08CFD80
:10FD300037466D37BC78002C01D1FB210840C0B29A
:10FD40000121324612F0DEFD0146029B032B01D158
:10FD500000220AE00198002801D0002200E01422CD
:10FD6000002802D0002C00D0FA78002D0CD10025FC
:10FD700030460C462946164612F017FE32462146FA
:10FD8000029B002800D005784819401CC1B21846D3
:10FD9000FBF704FCFEBD0000FEB502910546846F32
:10FDA000A17CA068E668019171430F1832203946A2
:10FDB00012F008FE029B4208002B04D0B81AE16B37
:10FDC0004018C01E186017466A7A617C204600F011
:10FDD0009FF80B494E43320AFF2809D003234343BF
:10FDE000E0694068C0188078019BC01A401C4243FB
:10FDF000794304480818000A80189638FEBDC046AA
:10FE00007102000053070000024800688C2140582E
:10FE10007047C046EC2F0020034909684969091A58
:10FE2000484248417047C046F02F0020F0B585B0E9
:10FE3000039302920E460746427A497C304600F010
:10FE400067F83446C834FF2808D003214143F069DD
:10FE50004068401845788078401C01E0002501206A
:10FE600000900A980190B57404A93846FFF794FFF2
:10FE70000098401BC2B23846314612F0BAFD6168A4
:10FE8000884200D8084620600498029940180399D7
:10FE900008600199086005B0F0BD0000F8B51E4685
:10FEA00015460F46044601F0C9FB00281AD0EFF3AF
:10FEB000108272B6154801684869A04217D00092B6
:10FEC000A660A761E5611831204612F0B7FD204613
:10FED00009F0F6F909F010FA09F032FA009880F307
:10FEE000108802E0A761E561A6600020F8BDE06926
:10FEF0004968081A823003D482F310888620F8BD3E
:10FF0000009212F0A5FD01480168D9E7F02F00200A
:10FF1000007D081A00D28018C1B2054B1B7F9342A6
:10FF200000D31346994201D30020C043C0B27047AA
:10FF3000702E0020F0B58BB000907548077F8F427F
:10FF400000D30F46D86909901D4622350024002AA7
:10FF500026460894039422460593079706953BD1BD
:10FF60002A786878FF2444401440002602942246F0
:10FF7000D40705D1F4B2BC4202D25208761CF7E78E
:10FF8000F0B20890002800D1B7E0DA7D7F24144059
:10FF90009A7D1219501C002217460446401AE5B2F9
:10FFA00001228D42F8D20397029A002A2246049435
:10FFB00003D00598027D9219501AC3B2AB42049D3A
:10FFC000079F00D80546D4B28C42059B00D32A4631
:10FFD0000898029CC440049E5E751A750AAB1C709A
:10FFE000B818441EE0B28842274600D3671AF5B21B
:10FFF000D2B2AA4200D82746FAB28A42069D00D35E
:020000041005E5
:100000004F1E0496BA1B501C0190C0B2079C021BE5
:1000100000260290A042059800D23246BA1A827594
:100020000122FFF73BFE0A9828706E700898201A8C
:100030000690099DF7B20698B84214DDF8002968C9
:100040000818089AB218D4B2E20089180822FBF7FF
:10005000BAFA032257436968C81954430919FBF7D0
:10006000B2FA761CE6E7F0B203244443C100099DCE
:10007000079EB74212D2286840180026082208912D
:100080003146FBF7A4FA6868001903223146FBF7F2
:100090009EFA0899E41C08317F1CE9E70298864221
:1000A00000D3019E1B4800683621415C8906059CEF
:1000B000049D1CD53630407B400618D51648006894
:1000C0004069A1213D220223FBF7DCFB00280ED072
:1000D000014686724572009808722720C871042074
:1000E00088713E224A710871A120FBF727FC80200D
:1000F000E0750398C0B20BB0F0BDD97D7F20014000
:10010000491C4AB2002A00DA0146D9750020F1E7FD
:10011000702E0020EC2F0020D82F002010B50849A9
:10012000C97A81420BD9C108064A12681269535C28
:10013000CC00001BC0B201248440A343535410BD23
:10014000702E0020F02F0020F0B58DB004469548A9
:1001500000682C21405CC007C50E6F20C6436E406E
:10016000F2F744FE9049096836228B5C2022134046
:100170003631002866D0002B00D110E1887BC00703
:1001800063D0002D00D11222A08A0C90A77DE07DC3
:100190000890608A0B90208A0990A0890A902068B4
:1001A000059060680790A0680690207E0390607EAE
:1001B0000490E589A07E02907C4800680069F1B255
:1001C0000A23FBF75FFB002800D1E8E00446019713
:1001D00007461F374572039820730498E07202980F
:1001E0002072280AA07220460D30062505992A465D
:1001F0006F4B98472046133006992A466C4B984718
:100200006B4B2046193007992A46984721200999B7
:1002100021542520089A225420462130090A417091
:100220000A99080A787039700B99080A787139713F
:100230000C99080A787239720198F871201D2921E9
:100240002222A2E0002B00D1A9E0887A800745D4C1
:10025000487AC00700D1A2E008200543E07D0C9059
:10026000608A0B90208A0990A0890A9020680890E3
:10027000207E0690607E0790E789A07E05904B481F
:1002800000680069F1B206232A46FBF7FBFA002852
:1002900000D184E004460546133547720698207362
:1002A0000798E07205982072380AA07220460D3037
:1002B00006220899FBF787F90999080AA075617564
:1002C0000A99080A687029700B99080A68712971DF
:1002D0000C986076201D0121132256E0002D01D0DC
:1002E0001C2200E00D22E07D0A90678A208A0B9094
:1002F000A0890C902068079060680990A068089019
:10030000207E0590607E0690E589A07E04902748B7
:1003100000680069F1B20923FBF7B4FA00283ED067
:100320000446039707461F374572059820730698C1
:10033000E07204982072280AA07220460D3006252B
:1003400007992A461A4B98472046133008992A469F
:10035000174B9847164B2046193009992A4698475B
:1003600021200B9A225425200A992154201D214630
:100370002131120A4A700C9A110A79703A70039A64
:10038000110A79713A710A211F22042323713E2335
:100390004370E171A271F0B22146FBF7CFFA0DB0C4
:1003A000F0BDC046D42F0020EC2F0020D82F002015
:1003B000C7B50410B0B5856F12F05EFBFF280FD0F3
:1003C0000446C000E969096808184168A1200022B4
:1003D00008F0C4FF0120A04023216A5C02436A5454
:1003E000B0BD000004480068902140584068982142
:1003F000405800687047C046EC2F00200448006851
:1004000090214058406898214058006840687047E3
:10041000EC2F0020064909689022895849689822E3
:100420008958096849688968C00008187047C0463B
:10043000EC2F002057229200424307480068902387
:10044000C058C06B406880180C224A4380181121A4
:10045000090140587047C046EC2F0020F0B585B028
:100460000491002A30D014460646572087003546AE
:100470007D43304612F028FB03901449096890220E
:100480008958C96B486843190C22049D55435D196E
:1004900011231B01ED58A5420CD1154604994D437B
:1004A00003994919019149790291FE2502990D405C
:1004B00001994D71049D6A437743C1198918CA187F
:1004C0000398214612F010FB05B0F0BDEC2F002080
:1004D000B0B5417A827A12025118C27A1204891890
:1004E000007B00060D1800242046FBF745F87A3003
:1004F0000A49897F0A4AA1420AD00388934204D05C
:100500000346223B1B68AB4202D0C030641CF2E7BA
:100510008C4201D30020B0BD0120B0BD702E002060
:10052000FFFF000010B500242046FBF725F807491F
:10053000897F491C491E06D0B222825CC030FF2A46
:10054000F8D1C03810BD204610BDC046702E002026
:10055000F8B51148006800901048C27A002004469F
:100560000346904212D2E1B201258D40DEB20099DD
:100570000F69B95D0D420BD0641CE5B2082D00D1A6
:100580005B1C082D00D10024401CEAE7FF2001E09D
:100590002943B955C0B2F8BDF02F0020702E0020BD
:1005A000F8B50546FAF7E8FF0446476C0026C02276
:1005B0003146FBF70CF8AC20FF21215470200D4A86
:1005C00022522046AC3045726764817121467031F9
:1005D000094A4A81F143A1657F2181722046FFF7D4
:1005E00090F906482080064820610920A0706462C6
:1005F000F8BDC046FF0F0000FFFF00000408000028
:10060000241A0410F8B50446C0062DD415460F462A
:100610000093184800686107C90E40180069511E10
:1006200003220A43093291088BB242222146FBF78A
:1006300029F900281AD00646C57287720C30009935
:100640002A46FAF7C0FF0027777206203072281D6D
:10065000010AF171B071FF20707182203071204663
:100660003146FBF76BF902E0862700E007273846A2
:10067000F8BDC046D82F0020F0B58BB00993089282
:100680000C460746801C0AA9012200F05DFB0025EC
:1006900000285FD006462046FEF752F8BB88002BA4
:1006A00058D0079691214900465AB98A891B09B248
:1006B000CA138C185440A2B2940B4BD1109C0394D3
:1006C0007C8A01943C8C0494044642345D023B7E57
:1006D0005B0905932388F31AC46C6343406C1818B4
:1006E00002900A9800290696009402D5624382423D
:1006F0000BD26143471838462946F3F765F881B2B3
:1007000069437D1A0199081A0BE0171A38462946E1
:10071000F3F75AF801990818401C411A89B2694345
:10072000CD1B039908800298401908990860059E1E
:100730003046394600F040FB099C20600698049939
:10074000401A80B2009948432918304600F034FB23
:100750002060079D28460BB0F0BDB0B50C46850063
:1007600012F0D0F900684451B0BD0000F0B58DB072
:1007700001AC0DC4154801400818401C0C90002421
:100780000B940A940994089408AD0CAE03272846EC
:1007900031463A46FAF717FF0794069405940494F5
:1007A00004AC284601992246029B11F011FA039DE0
:1007B000681C21463A46FAF706FF281D31463A469C
:1007C000FAF701FF012028700DB0F0BDFFFF3F00D8
:1007D0000021017170470000F0B587B004931746FF
:1007E0000A4601462B480068902680598068C069F7
:1007F00006AC009701940025029103922B4611F05C
:10080000EBF90C99059100281ED1217800291BD104
:100810000024204612F080F90499002905D0002810
:1008200005D1012012F078F901E000282BD01948F9
:10083000006880598068C06906A90097019100236B
:100840000299039A11F0C8F900282C461BD01149CF
:10085000096889598968CB691A79002A12D01B68FE
:10086000002407255D57002D08D51D787F262E40D2
:10087000282575430E6875192726AC550833641C66
:10088000A242EED10446069805990870204607B0AA
:10089000F0BDC046EC2F0020B0B50B4C2068902571
:1008A00040598068C269016AC161026208681168C2
:1008B0001279D200FAF787FE206840598068C16932
:1008C000006A00790871B0BDEC2F0020F0B581B04E
:1008D000194C20689025405980686021415C0029AE
:1008E00021D0017A002919D0002607270095016838
:1008F0004068C05D7F2202402820504325460C18E6
:100900000020FBF728F820622C46009D2068405903
:100910008068017A0837761C8E42E8D312F04EF9CF
:10092000206840598068036D28300021012201F0C1
:100930005AFA01B0F0BDC046EC2F0020F0B585B0EA
:100940002149096836228A5C92063BD53631897A7C
:10095000490637D501680491847AC17A0191417AB8
:100960000291417B0391057B8788601E032101432F
:100970000D31880883B2154800684069A1212922F9
:10098000FAF780FF00281DD006460772847301988D
:100990007073029830730398F072B572380A7072EF
:1009A00030460F3004992246FAF70DFE0F20F07101
:1009B0000834B4713E20707104203071A12031469A
:1009C000FAF7BCFF05B0F0BDEC2F0020D82F0020B7
:1009D000F0B587B02649096836228A5C920645D56B
:1009E0003631497BC90641D501680691847AC17ABE
:1009F0000491017A0591C788417A0191417B029166
:100A0000017B03918588601E032101431131880811
:100A100083B2184800684069A1213B22FAF732FFEF
:100A2000002823D006464773057244740498307436
:100A30000598F073019830730298F0720398B072C1
:100A4000380AB073280A707230461230069922466E
:100A5000FAF7B9FD2520F0710B34B4713E207071A6
:100A600004203071A1203146FAF768FF07B0F0BDCD
:100A7000EC2F0020D82F0020F0B587B02849096856
:100A800036228A5C920649D536310B2289560029D6
:100A900044D5C17B0691C1880491817B0591016891
:100AA0000391417B0191017C0291468904898788E9
:100AB000007B00901B480068006980212E220623DD
:100AC000FAF7E0FE002829D005464673C472477243
:100AD000019828740298E87300982872300AA87365
:100AE000200A2873380AA872284611300622039972
:100AF000FAF769FD0499080A687629760698A876B7
:100B00000598E8751820E8711420A8713E206871D6
:100B10000420287180202946FAF710FF07B0F0BDA5
:100B2000EC2F0020D82F0020F0B58BB03049096899
:100B300036228A5C920658D53631497B890654D5CF
:100B4000017D0691C17C0791817C0891417C0991CE
:100B5000C17B0A91C1880491817B05910168039151
:100B6000417B0191017C0291478905898688007B40
:100B7000009020480068006980213C220723FAF792
:100B800081FE002831D004464773C5724672019831
:100B900020740298E07300982072380AA073280A23
:100BA0002073300AA0722046113006220399FAF70A
:100BB0000AFD0499080A607621760698A0770798BE
:100BC0006077089820770998E0760A98A0760598CB
:100BD000E0752620E0711820A0713E20607104208D
:100BE000207180202146FAF7A9FE0BB0F0BDC04667
:100BF000EC2F0020D82F0020F0B585B022490968DD
:100C000036228A5C92063CD53631897A890638D5F7
:100C1000C17B0491C688817B039101680291417B6D
:100C20000091017C01914789057B184800680069A3
:100C3000802128220523FAF725FE002821D004462A
:100C40004772009820730198E0722572380AA072EA
:100C500020460D3006220299FAF7B5FC300A60757D
:100C600026750498A0750398E0740E20E07110209A
:100C7000A0713E2060710420207180202146FAF787
:100C80005DFE05B0F0BDC046EC2F0020D82F00203F
:100C9000F0B589B02A49096836228A5C92064CD59B
:100CA0003631497B090748D5017D0491C17C059106
:100CB000817C0691417C0791C17B0891C788817B2B
:100CC000039101680291417B0091017C0191468969
:100CD000057B1C480068006980213A220623FAF748
:100CE000D1FD002829D0044646720098207301984F
:100CF000E0722572300AA07220460D300622029959
:100D0000FAF761FC380A607527750498A076059893
:100D10006076069820760798E0750898A075039885
:100D2000E0742420E0711420A0713E206071042042
:100D3000207180202146FAF701FE09B0F0BDC046BF
:100D4000EC2F0020D82F0020F8B50D4601780124A3
:100D5000A3034778380203401F2636020640711865
:100D60004B26B000BF0604D4002B13D11E224A43E9
:100D700008E04143002B01D10A4603E0002A09D0D4
:100D8000F2038A18110240180C300449F2F71CFDD6
:100D9000286000E000242046F8BDC0467102000033
:100DA00010B5044611F058FF0248006881682160C0
:100DB000007810BDF02F002080B54007000F024AD8
:100DC000105A11F0FFFD80BD3C740710C021414353
:100DD0000548006890228058406898228058006832
:100DE00000684018406C7047EC2F002010B50024BC
:100DF0002046FDF7A5FC0A4909683422895C2C309D
:100E0000A14207D00278002A06D05722920080180B
:100E1000641CF5E7FF2401E001210170E0B210BD80
:100E2000D42F0020F0B51F22024020239E1A002359
:100E3000DC432546F540401E4009C0B2042B0DD0CE
:100E4000002A274600D02F469842264600D13E462B
:100E5000984200D2002640C15B1CEFE7F0BD10B500
:100E60000446807DFFF75AF9FF20A07510BD0000F1
:100E7000F0B5ABB00146C07A0C462091FDF760FC9E
:100E80000746FDF753FC179024682220215C1F269B
:100E900031402154607D0A90A07B2190E07B1D9021
:100EA000207C1E90607C1F90A07C1A90E07C1590A6
:100EB000207D1890A07D0990E07D0890207E109004
:100EC000607E0F90A07E1390E07E1290207F1490A1
:100ED000607F119020781B9020462230457800F0EA
:100EE00049FC1690422000223A522D203A54EC2020
:100EF0003A50E4207F2139520795049635402F203F
:100F000019953D54209DA87B41217854E87A2E21E3
:100F10007854882038580260842038580260802035
:100F20003A503846EC301C92426001200C903885D3
:100F30000F980002109940180E9080B20321890288
:100F400041434002F86411980002149A80181490EA
:100F500080B200037966B866159800021A994018A5
:100F60001899090440181590786512980002139991
:100F700040181390388711F08BFE7887FF200F9070
:100F80002830381811901D980002219940181E9998
:100F9000090440181F9909064018189038462C304B
:100FA0001D903A46E2321E341A9421971698012871
:100FB0000B9206D1287C012803D120201B990840E0
:100FC00004D1287BFE21014002291AD10120107092
:100FD000A87B1A9E3146FEF762FB3C46BC34204695
:100FE0003146FEF70FF91D98407D002200921899B6
:100FF00001910292214619921346FEF74FFC1C9074
:1010000001E01C981070384690301E9083204000FC
:1010100038180021022216910592FAF7D8FA122008
:10102000FA4C219E3146A0471A203146A04727207E
:101030003146A047032012903146A0470520314693
:10104000A04708203146A047212010903146A047F4
:10105000119E3078FE210D9108403070A97CE87A0D
:10106000F2F711F8AC7C2920C0000690A9200501F8
:10107000F1F7A9FD01281F97179A14D110891B2891
:101080000DD1042C07D1D089A84208D11B201E996C
:10109000888008800EE090890699884203D03078D5
:1010A0000421014331701B201E9988800880042C84
:1010B00000D0069D219C129E1E990D81CD808D81B0
:1010C0001B20488148804D820D82D08AC881209F94
:1010D000F87A154611F00EFEF87AF1F79CFFF87ACF
:1010E000F1F771FF2846214611F005FEF87AF1F775
:1010F000A2FFF87AF1F786FE204611F007FE10985D
:10110000C0001F99081811F01FFEBC7C2046FEF796
:10111000B7FB054624A8FFF743FE387B032804D01D
:1011200002280AD12498401B05E0249D0E21204668
:1011300000F030FB281A3E380AE02098417B2498C2
:10114000401B002901D0903002E081214900401865
:10115000209D169F1B9B5906042C06D02A7B0D9EB2
:101160003240022A00D10C920C9EDA091092C90F6B
:10117000119129681B91697B002931D008990902D6
:10118000099A8918079A3346560959184C022018AB
:10119000249011F0EBFD05461296304611F0ECFD5F
:1011A00003211D9A11700A994902219A516340192D
:1011B0005085D16C179A5268914200D31146219EF6
:1011C000316580B2214610F061FD0D30B064400001
:1011D000716B40180C901B99891C119B209D28E075
:1011E00021998F644F851D98059B03706869249031
:1011F000042C00D0234698001F9A1018806DCE6CE6
:1012000000280C4602D086420BD20BE0184605930C
:1012100011F0BAFD864201D2E66C03E0059811F0A8
:10122000B3FD06461B9908310C9626652646109B91
:1012300012972498706422A8878022979D4800689E
:101240003622825C920606D53630827BD20706D1E2
:10125000807A800703D41D463B460E9F3BE06868BA
:1012600004680D9B234022AA022B0B460E9E00D041
:101270001346E4B2697B00291B930CD022A9109A73
:10128000002A16D029684A7BC023134022AA402B8B
:101290000ED011460DE022A9119A002A09D02A6821
:1012A000D179C0230B4022A9402B02D1911C00E030
:1012B0000831AA7A24AB9A752A899A821B9A2592B8
:1012C00026913B463746FE2C03D003210C40254691
:1012D00000E00125411C1E9A1C465362012328464A
:1012E0001B9318402423D054946210462430401C91
:1012F000062211920E46FAF766F924A8847605763E
:101300001299C17514994182139901828781219F95
:10131000798FC181209D697B41762496FEF714FF69
:10132000E87B002803D0A97A788F11F04DFD287B47
:10133000002804D00B980178788F11F083FD4B20A2
:1013400017901E99486A896AFDF792F9687B1E908A
:10135000AC7CAE7B3046FEF784F914903046FEF745
:1013600088F930462146FEF75EFA30462146FEF700
:1013700025FA30461A99FEF792F930461899FEF789
:1013800087F930461C99FEF765FA30461999FEF741
:10139000BAF930461599FEF79FF930463946FEF7FF
:1013A0003BFA1F9D143530462946FEF7FAF93046C0
:1013B0001499FEF743FA01F019F9002802D13046DA
:1013C000FEF7BEF8179887001E98002803D0304615
:1013D000FEF7DEF902E03046FEF715FA1F98C7194E
:1013E00028301F90F1F7EFFB01281E972F4601D1FF
:1013F0000F980FE0F1F7DEFC01280F980AD011F0EA
:101400004DFD012804D0049804E0C046AD8C0710BF
:101410001698C043C1B23046FEF76AF90094219D88
:1014200028461F993246234611F03AFD00940021C8
:1014300038463246234611F033FD2846FEF76FF852
:101440003846FEF750F86C6CA86C1F901E9F38460B
:10145000FEF757FA18483861184838801D9E707D8D
:10146000B875F87D1B990843F875284611F076FD8C
:10147000F8603178032904D0022918D10C998142EF
:1014800000D80146119A1F9D21987862C06C78603F
:10149000B9602098407B0128134600D00723611BC8
:1014A000BB70012800D104223846FAF735F92BB079
:1014B000F0BDC046EC2F0020AC190410040B000056
:1014C000FEB50C4687783F213D4600910D400190C6
:1014D000C6780020002A014612D00291E081FF2147
:1014E00021747F22A282E174514AA2602060E81C2C
:1014F0006073002D00D186E0F0070AD00A2709E0CA
:101500000A99BA09002B3DD0521E022A42D2A721C5
:10151000E3E70427029AB00700D5BF1D700707D57F
:10152000500703D40198C05D80092074012007434F
:1015300030070FD510070CD43E48019BDA5DDB194C
:101540005B781D09E5741B029A1822811040029AEB
:101550006081BF1CF0062CD5D00629D4019AD05743
:10156000D219537892784506ED0FA573009D05407A
:10157000E5735509A574D206D20CD21800280DDAED
:101580002D490CE0089B002B45D00999002947D034
:101590003321A2E700293CD0A4219EE78A315143A0
:1015A000002801DA092000E00520029AC1402160EC
:1015B000FF1CB0060CD5900609D40198C11920462D
:1015C00016301222F9F7FFFF029A012060751237D8
:1015D000700603D50198C05D20757F1C60680028E7
:1015E00014D07F2A0FD8617BC91B0A060FD0CAB25C
:1015F000267BB24200D80E46F2B2F9B2019B5918CE
:10160000F9F7E1FF01E0002666602673FEBD0026C3
:10161000FBE7BC2161E7521E022A03D236215CE7B8
:1016200023215AE7002901D0062156E72F2154E74C
:101630000000FF0FFF0F0000C3F5000010B5EFF32F
:10164000108472B611F0B8F884F3108810BD000051
:10165000F0B585B0029317460C4605461848006859
:101660004179032000902E461436204632462B4600
:1016700000F05AFE002F09D003A91F200871002096
:10168000C04303902046FEF70AF808E027212046D1
:10169000FEF747F80298002801D0252100E0FF213D
:1016A0002046FEF725F82046FDF74AFF3046214642
:1016B000FDF709FF28462146FDF705FF05B0F0BDFF
:1016C000EC2F002080B50A48C07F012181400948E5
:1016D0000068902280584068FF22F23281543F22F5
:1016E000D2008018C9B2044A0423FCF7B1FE80BDC1
:1016F000702E0020EC2F0020BD470710F8B51A48C7
:10170000C07F012529468140CCB2082620463146BB
:10171000FCF794FE154909689027C95949683D228C
:10172000D200885020463146FCF788FE0F4E3168C3
:10173000C95949687B2292008850611C0C482A468E
:10174000FBF704F83168C95949684322D200885030
:10175000022207482146FAF7F9FF3168C95949685A
:10176000872292008850F8BD702E0020EC2F0020B8
:101770006C2E002080B5F1F765F94E21405C80BDEC
:1017800080B511F069FA02480068406880BDC04623
:10179000F02F0020042805D0012806D1FF20A43016
:1017A000074A04E0044A054801E0064A0648414366
:1017B0008818000A7047C046E9260100381A000060
:1017C00006120000C62000004703000070B5027F2B
:1017D000437F1B029A1810D052025442651A0368C4
:1017E000EE18761E03D4E61806609B1AF8E7C94384
:1017F000CC1802D59B180360FAE770BDF0B585B030
:101800000346481E424242419500012905D88800FE
:101810001818846E0494143404E098201C58201D79
:1018200004901834586E039000270097942039468E
:101830002A4602932B46FDF75BFD034603260096DE
:1018400020463946039A00F033FD0298046E009753
:10185000962001212A462B46FDF74AFD03460097B4
:101860000196049D28463946224600F08BFD284605
:10187000FDF710FE2846FDF731FE05B0F0BD000073
:1018800010B530224A43104B8352002901D0042462
:1018900000E0032483189C70002901D00C4A00E06A
:1018A0000A4A1A6189004118DC228C585C608A5807
:1018B0009A60CD225200DA605862A82009580D22A1
:1018C0001846F9F729FF10BD010300009C1A041007
:1018D000841A041070B504468272018101202071BF
:1018E00020460B3006250F4E19462A46B0470A9867
:1018F00020760998E0820898607507982075069808
:10190000E0740598A07404986074204619300B990F
:101910002A46B0472046243020620C9AE2770D997F
:10192000B04770BDC7B50410024800689021405808
:1019300040687047EC2F0020F8B500910446FDF791
:1019400087FCA073010AE173010C2174000E60741E
:101950000125214E2846B04707462846B047009A41
:10196000A774390AE17420759088A5750021E17586
:1019700040021A4940182903884201D8400A00E071
:101980000820607590882076000A60761089A0761D
:10199000000AE07650892077000A607710480068D6
:1019A00090214158483120461E300522F9F70BFEA0
:1019B0002846094988470F2505400B2D03D94006C5
:1019C000400F2D180C3DFDF739FC40012818401D33
:1019D00023216054F8BDC04675B8041000FEFFFF17
:1019E000EC2F0020FEB514460F460546F9F776FEAB
:1019F00040190290A900401801900426022F304699
:101A000000D038461B21FFF7C5FE01A90091470011
:101A10003E3702AB38462946324611F0EDFA014610
:101A200002988330002900D0FEBD0199091AC91916
:101A3000CA4323689A18F7D42160FEBD10B50C463E
:101A400011F036FCC108C9B201290AD8072210409A
:101A5000611883225200895CC140C80701D001206F
:101A600010BD002010BD70B514460D46064611F09D
:101A700033FC002807D03046294610F0F5FB011B47
:101A80004842484170BD002070BD80B5414241418F
:101A9000002010F095FA80BD10B557239B004343FA
:101AA0000A48006890240059C06B4068C0180C2395
:101AB0004B43C018112109014118104610F0C0FA1B
:101AC0001620FAF7D5FAFAF72DFB10BDEC2F0020FF
:101AD000F0B587B01546044680202658012007023D
:101AE0003E4003D1012901D0002D58D02D48006877
:101AF0003621415C890643D53630407B40073FD5CF
:101B00002046F43001880391218F0691C08805900A
:101B1000608F0490A06E01902348006880690221C4
:101B2000392204230293F9F7ADFE002828D001469C
:101B30000198030B01930A460B32049848720598EA
:101B4000107006984873039810714B740D7223231C
:101B5000CB710C238B713E234B71029B0B71049B49
:101B60001B0A8B72059B1B0A5370069B1B0A8B7307
:101B7000030A53710198000A88740220F9F7DEFE07
:101B8000002E0CD020462E308034007800210A46EA
:101B900011F0ACFB72B62068B843206062B607B0A3
:101BA000F0BDC046EC2F0020D82F002080B500F0FB
:101BB00025F8163080BDC07F0007C00F7047F8B50C
:101BC000044610F081FF054601263046FFF75DFF11
:101BD00000280DD00746382002213954284611F03C
:101BE000AEFB012120463A46FFF756FF002602E0F1
:101BF000284611F0A9FB3046F8BD00001C214143E6
:101C00000348006890228058C06B406940187047B4
:101C1000EC2F0020C17F20220A43C2777047C07F8B
:101C2000C006C00F70470000F8B50546FFF7E6FF95
:101C300004460078002701283FD1F9F74FFD0646FA
:101C4000A1781F484143A268B21A511835D5E178EE
:101C5000002908D0617848436168711A0818002883
:101C600001DA002700E001272846FCF769FD002F74
:101C700018D0009000273846FFF707FF002815D03E
:101C8000024638200C211154012128460D46FFF749
:101C900003FF6660E5702120C0000099081811F06C
:101CA00058FB0AE02121C900401803E02120C000B0
:101CB0000099081811F052FB01273846F8BDC046BC
:101CC00000C0FEFFC07F8006C00F7047C17FDF22CB
:101CD0000A40C2777047FEB515460E46009001AF28
:101CE000FF2104223846F9F772FC1F2038710020CA
:101CF00001464A281BD0062202408B08F45CD440DF
:101D000003273C40032C06D0002D0DD0EB5CD340C4
:101D10003B40032B08D107220A4001239340CA0805
:101D200001ACA75C9F43A754801C491CE1E701A8B4
:101D30000522009C2146F9F751FC002806D001A994
:101D400005222046F9F73FFC0120FEBD0020FEBD24
:101D500010B50446F0F73FFF012809D10E2060437B
:101D60000449096890228958C96B8968081810BD10
:101D7000002010BDEC2F0020F8B51C4615460E467D
:101D80001F469037FFF7E4FF002802D000880228A2
:101D900001D0012000E00320A98C0B4A8918C14022
:101DA0000A480818C00881B23888884200D308461B
:101DB000002E02D0E98C814200D301467980204672
:101DC00011F0D2FAF8BDC04688FEFFFFB5FF07004C
:101DD000002901D0022100E0032180228258CA405C
:101DE000012010407047F0B585B0122600285ED063
:101DF0001F460D46044643788B4258D9207805216A
:101E0000090381408F4252D804920293F9F766FC8D
:101E100002462378206A405DA8420CD0049800282E
:101E200045D020460391294604931646FAF787F8D1
:101E300003993246049B332078430E46010A081862
:101E4000010C08187107D20851184218581DC0B269
:101E5000C24001956800616A04920A52F9F73EFC9B
:101E6000C00803906278206A17463B46C75D9742D8
:101E70000DD07D00666A755B2678761D0399F1406A
:101E80006D1A2DB2049E711A09B28D42EDDDC15C4E
:101E9000019A8154206AC2540298834206D1049860
:101EA00001B2204611F0B4FA064600E000263046A2
:101EB00005B0F0BDB0B5054600242046FFF7E5FDAE
:101EC000002809D002463820072111540124284651
:101ED0002146FFF7E1FD03E013200121FCF76EFF2F
:101EE0002046B0BD24214143034800689022805819
:101EF000C06B006940187047EC2F00207CB57E282D
:101F000003DB10480068407908E00446012902D14B
:101F100010F044FC041960B2F9F797FBF9F799FB4C
:101F2000044601AD6E4628463146F9F796FB00217E
:101F3000685671568C4200DC2146844200DB08461C
:101F400040B27CBDEC2F002080B5FCF7F9FB4121AD
:101F5000405CFDF77FFB042803D840B202A1085C77
:101F600080BD042080BDC0460102040403000000BF
:101F700080B5FCF7E5FB4121405C034909684979DC
:101F8000FDF75CFC80BDC046EC2F0020B0B5841886
:101F9000257D681840B20021FFF7B0FF2075401B77
:101FA00040B2B0BD70B50F240557079C7F2D17D0E8
:101FB0004018182140567F2812D07E2810D0411B8F
:101FC00000DC002104AE61CE2170022A0CD0012A6F
:101FD00012D0002A1AD17219C9B28A4210D31EE057
:101FE000FF202070032070BDAA1BC9B28A4216DAF6
:101FF000181A884211DA14E0AA1BC9B28A420EDA12
:10200000FF2B0AD0C018884207D20AE0C8B2A84203
:1020100005D9FF2B01D0984203D8012070BD0020C4
:1020200070BD022070BD0000F8B51C460E46054686
:102030009888C02188439107090E40189880164857
:1020400000683621415C890620D536300C21405687
:1020500000281BD5174611480068806936220221E6
:102060000B46F9F70FFC002810D001460572C77225
:1020700086722020C871052088713E204871042096
:102080000871280A48720220F9F758FCA088044910
:1020900001400831A180F8BDEC2F0020D82F00208E
:1020A000F7FE000010B557239B0043430C4800681F
:1020B00090240059C06B4068C0180C234B43C018D3
:1020C0001121090140180068002806D03821415C20
:1020D00044309142F7D1012010BD002010BDC04610
:1020E000EC2F0020FEB5019316460F4604460898D3
:1020F0000290FCF725FB099D012F05D00146212008
:10210000FFF79CFC00282BD00A98002F01D019491A
:1021100000E0174982880A408280781E8741601E4D
:10212000844160002978FC220A401018C0192870E8
:102130000024E743F0F793FF39468140A878084030
:10214000A870F0F78CFF019929718740BE43A878E9
:102150003043A870012102982A46FFF79DFC04E055
:102160000298294611F07BF91A242046FEBDC0468C
:10217000FFEFFFFFFFF7FFFF10B50C46010A0E2926
:1021800007D811F075F92070FF38414241414800ED
:1021900010BDFF202070122010BD0000F8B50446CD
:1021A000C0062CD40F46164800683621415C8906CB
:1021B00025D53630807A000721D51E4615461148B0
:1021C00000686107C90E40180069272203232146D1
:1021D000F9F758FB002812D0014606984D72087393
:1021E000CE720F720C20C871062088713E20487193
:1021F00004200871280A88722046F9F79FFBF8BD71
:10220000EC2F0020D82F002010B5017C022909D125
:102210000124047401688268C3680CC0A120F1F72E
:10222000F9FB00E00024204610BD7CB5044611F007
:102230003BF9C725665D2046F0F7B0FD0246A420B5
:10224000215A605D731F022B02D32346283301E01D
:1022500023463C3300940193002311F03FF97CBDE9
:102260000146AE31CA78FF216831032A01D0B32379
:1022700001E00B46F333042A00D01946AE22805CFD
:10228000012202408307DB0F9A184007C00F101885
:102290004843BB307047F8B50A460146002000901D
:1022A000019002907E23DB4310F0D9F804B080BD8A
:1022B000F8B51E4617460D460446FDF7C1F8204600
:1022C000FDF7C3F82046FDF7F1F820462146FDF75B
:1022D000F2F820463946FDF7C3F820463146FDF7AF
:1022E00004F9069F002E02D02046FDF706F920468D
:1022F000FDF794F82046FDF7C1F82046FDF70FF9E9
:102300002046012F09D12946FDF7DDF82046FDF7CB
:10231000E5F82046FDF7F7F8F8BDFDF7FAF8204696
:10232000FDF7CCF8F8BD0000F8B51D4616460F467F
:102330000446FDF79EF911492046FDF7A9F9104919
:102340002046FDF7C9F920463946FDF777FA2046C1
:102350003146FDF761FA20462946FDF722FA069834
:10236000012803D12046FDF74EFAF8BD2046FDF7BF
:102370000FFA01212046FDF7C6F9F8BDD6BE898EB9
:1023800055555500F8B51E4617460D460446FDF74F
:1023900057F82046FDF759F82046FDF787F8204604
:1023A0002146FDF788F820463946FDF759F82046C2
:1023B0003146FDF79AF8079F002E02D02046FDF720
:1023C0009CF82046FDF780F82046FDF727F82046C8
:1023D000FDF754F82046FDF79CF82046FDF754F829
:1023E0002046FDF780F8012F07D120462946FDF74A
:1023F0006AF82046FDF717F8F8BD2046FDF76EF89D
:10240000F8BD0000F0B587B00591064601200390A5
:10241000F9F730FA06A90880306D00210091418655
:102420003046403001903446A0343046C0300290EF
:102430003227244D522F0AD006A811F02BF928403C
:10244000316DCA5B1018C9194880BF1CF2E7A07C27
:102450002080F18D3046FFF71EFF0490A07C656957
:1024600001466943059A8F18314611F023F93F1848
:102470000498281AC5193046FFF7F2FE3A180521CC
:1024800004982B4611F022F9009BA3810221029DA2
:10249000E971B385019A1380C8300599411A916595
:1024A000D065A07B039A02408107C90F51184007ED
:1024B000C00F0818401EA07711F0B4F9287007B0BB
:1024C000F0BDC046FF0F0000002901D00021C16708
:1024D0000021017270470000F0B587B014460691E4
:1024E00011F0B2F9002840D00646052528463146AD
:1024F000FFF7A4FA00283AD006A8012111F0CAF982
:1025000000286ED130469030018806AA12888A428F
:1025100004D1C08806A9498881425FD02E36307820
:10252000069E0490FCF70CF90746FCF7FFF80290B2
:10253000C08A0390300C0590F0F74DFB012832D192
:102540000B203946FFF77AFA002812D00498FFF7DB
:10255000FFFB002827D08079042824D1A92000017E
:10256000059981421FD805901DE0022039E01A200C
:1025700037E000961C4E083600F038F80128019626
:1025800000D0194E05998E4200D8059600F02EF81D
:102590000128009E01D014480190039801998842B7
:1025A00001D3084603912046FFF76FFA002817D0A1
:1025B00002469A37382015540599D18096800298A2
:1025C000808A1080039850803888108378885083E0
:1025D00079803E8001210498FFF75EFA002000E038
:1025E000072007B0F0BDC046480800000020704733
:1025F000F0B591B00B9316460D910C909F48C17E9B
:102600000A91017F0991817E0891C77F0125D82118
:102610002846FBF713FF9A4C206058212846FBF709
:102620000DFF2168344690220792885011F056F928
:10263000384611F06DF9072139400B9811F078F9FF
:102640001798059001901C98009019AB0ECB0D982F
:1026500004910D93F0F757FB012E00D00895002050
:10266000012C00D00990012C00D00A904120850057
:10267000012C069409D1294620310120FBF7DEFE0A
:102680007F4909688822885033E025267B48815D90
:1026900028462030002901D0014600E044212627A9
:1026A000764AD25D002A00D001462924734A125D81
:1026B000002A00D001460C9A012A00D101460120CF
:1026C000FBF7BCFE6E490968882288500C980128E7
:1026D00029460FD06948005D002829460AD167487D
:1026E000C05D0028294605D16448805D002800D1DE
:1026F000C1E0294618980B90169803900127614C69
:102700003846A0475E4E31688C22885004213846F6
:10271000A04731689422885058210C973846A0472A
:102720003168982288500898C6B218353046294634
:10273000A0470546069C012C05D15C213046FBF7DD
:102740007DFE024600E000223046294611F040F9A5
:1027500010AB0998D8700A9898700D9F5F700B980D
:1027600018702046059D29463246F0F70BFB039E64
:1027700030462146F0F7F0FB304621462A46F0F776
:102780008FFB304621462A463B46F0F737FB009741
:10279000304621462A460B9BF0F7A2FB11F074F954
:1027A000012C07D1012D05D111F06FF9012E01D1B6
:1027B00011F06CF90D98012801D111F068F911F0B0
:1027C00067F90498314622462B4611F062F92B4FE7
:1027D000F87A411C2C4D28460C9AF9F7B7FF284E81
:1027E0003168C0228850F97A02222846F9F7AEFFF4
:1027F00031683746C42288502046F0F7A9FBF0F72D
:102800004BFB11F047F911F073F9F0F7BFFA11F033
:1028100091F911F091F9F8F728FF316800248C71D3
:1028200048712046F8F725FF11F0BEF93068006EB8
:10283000F0F7F5FB3068079D40590C30FDF7C8FFF5
:102840000C9E3046F0F700FB3868415940228C540A
:102850000A4A128B82821F200F90E0430E9048316B
:102860000EA80522EFF7F8FF38684059F10254220C
:10287000815211B0F0BD2C213CE7C046702E0020E3
:10288000EC2F00203DE404106C2E0020FEB53E4CE1
:10289000206890254059C06B0268322000261654EB
:1028A0003A484069010C192901D31920000410602D
:1028B0000292506011F084F920684059C06B07689B
:1028C000F0F781F9012801D01B2000E0FB203882BD
:1028D000F0F779F904462920C0000090A9200501ED
:1028E000F0F779F9012C019507D10128284D009CBA
:1028F0000CD0284DFFF77AFE05E00128009C05D09A
:10290000FFF774FE2546012800D108357D82F0F7D7
:102910005AF9012801D01B2000E0FB20B882F0F713
:1029200052F90546F0F757F9012D07D10128019D0D
:1029300017490DD0FFF75AFE164906E00128019D00
:10294000294605D0FFF752FE2146012800D1083163
:102950007C831B203883FD81BC817C813881F98296
:1029600011F03CF9F0F78BFB029811F081F90A4C59
:1029700020683421415CF0B2884203D20FF014FC8D
:10298000761CF5E7FEBDC046EC2F0020702E00201F
:102990009042000048080000D42F0020034800683F
:1029A0008421034A425000207047C046EC2F00208B
:1029B000000003037CB51C460D46064601A80280B4
:1029C000304610F055FD0146320A02200E2A0ED87C
:1029D000FF290CD0084611F055F9002801D00C2031
:1029E0007CBD01AA30462946234611F04DF97CBD35
:1029F000B0B50246C37A847A0120F12C04460ED188
:102A00005D07AC0F05D0147C0322102C03D01446B4
:102A100002E0022403E00424002D00D41446DA0767
:102A200000D02046002900D02046B0BDB0B50D46EC
:102A3000012801D1044600E00324002800D1044607
:102A4000501E1F210143213189B2204611F06CF93B
:102A500000280BD085800168816003210C40621E34
:102A600051425141002C03D0C90102E00020B0BD09
:102A700040210173001DB0BD10B50B490A68B1219A
:102A8000535CB1320021032905D001248C401C4243
:102A900003D0491CF7E7032103E0002801D02343BA
:102AA0001370C8B210BDC046F82F002010B5012227
:102AB0000228104600D800208000094B1B683024F3
:102AC0001C5D144020183033DA78D207D20E8018FB
:102AD0009A7853081343DA07120F8018087010BD54
:102AE000F82F00200B49096830228A5C012313402B
:102AF00030314A78D207520FD218CB78DB07DB0E81
:102B0000D21889784B080B43D907090F5118017067
:102B10007047C046F82F0020B0B504460B48006847
:102B2000AC2140584578801CA11C0622F8F756FDC0
:102B300001460020002900D0B0BD61788D42FBD154
:102B4000617B012001436173B0BDC046F82F0020B6
:102B500010B507244480446821720B490968402459
:102B6000095D4468617201211140426891724168B7
:102B7000CB724168029A0A734168039A4A734068AB
:102B80000499817310BDC046F82F002070B50D4622
:102B9000064606200EF04EFB0446002803D02846C9
:102BA000FBF7DBFA08E0308900F034FC0246002035
:102BB000024B014600F04EFC204670BD307500000F
:102BC00080B5127D1201002900D00832D1B2044A2A
:102BD00012685318B433042107220EF01EF880BD8A
:102BE000F82F0020B0B588B00446018900201522D6
:102BF000FFF71CFF002829D00546E07D000706D41A
:102C000021463C3104AA204611F0D2F805E004A880
:102C1000019000946846F0F79DFA1120688068687A
:102C2000032101720521102204AB28460EF009F899
:102C300020462946FFF7AAFF002807D120464C303E
:102C400004A91022F8F7BFFCA520A07208B0B0BDFF
:102C500070B588B00446FFF75FFF012824D1002536
:102C6000012207AB2046294611F046F9022206ABA5
:102C70002046294611F040F91A480068079A02AE2A
:102C80000096E43001462B4600F06CF806981022BE
:102C90003146F8F7A3FC002806D0042100220123C6
:102CA0002046FAF777F81AE0607B032101400129FA
:102CB00006D10C480068443000211022F8F787FC48
:102CC0006420205CC00701D0492000E05620C043AA
:102CD000A0720E20F9F7CCF9F9F724FA002008B019
:102CE00070BDC046F82F0020F0B589B00C460746ED
:102CF0000989002515222846FFF798FE002813D0E1
:102D00000646002F06D023462C33052110223846D4
:102D10000DF083FFE07D000708D421464C3105AA61
:102D2000204611F00BF907E0882019E005A8029071
:102D3000019401A8F0F71AFA11207080706803213D
:102D400001720521102205AB30460DF07AFF2046B6
:102D50003146FFF71BFF002802D1B620A07228469B
:102D600009B0F0BDF0B59DB0029303920191014608
:102D70000CAD20270124124E28463A462346B04780
:102D80002846203001993A462346B047374640202E
:102D90000299295408AE1022029230460399234624
:102DA000B847412104AF284632463B4611F06AF944
:102DB00022983946029A2346014CA0471DB0F0BD27
:102DC00089410510F0B59FB0019302920091014630
:102DD0000BAD20270124154E28463A462346B0471E
:102DE0002846203000993A462346B04737462846C1
:102DF00040301026019932462346B84707AF38467F
:102E0000029932462346094EB047502103AE284668
:102E10003A46334611F036F90C36249804223146EE
:102E20002346024CA0471FB0F0BDC04689410510A3
:102E30000178427812025118827812048918C078F9
:102E40000006081870470000B0B50D460446154846
:102E500000684821405C800623D5134800688069DB
:102E600002214B220323F8F70DFD002819D001465B
:102E70000573847204204872092008720020C8710A
:102E800008208871FF20487182200871280EC873BD
:102E9000280C8873280A4873200AC8720220F8F7A1
:102EA0004DFDB0BDEC2F0020D82F002080B5044888
:102EB0000068643003492022F8F785FB80BDC046D6
:102EC000EC2F0020AC9B071070B5034601200029B1
:102ED00009D0002426462546965D9E4204D16D1CED
:102EE000EEB28E42F8D370BD204670BDF8B50446F0
:102EF0000189002545222846FFF798FD002814D0B7
:102F000006464120708070680C2101720F4F3B68AB
:102F100064330521402230460DF093FE20463146B1
:102F2000FFF734FE002802D0F8BD8120F8BDE07D17
:102F300020210143E17539684222895C090702D5E5
:102F400024210843E0752846F8BDC046F82F00202C
:102F50007CB50C4605460020C6B2A6420ED2002023
:102F6000F8F788FCA85501A90870000A694608709E
:102F7000711CA14200D26854B01CEDE77CBD70B555
:102F800094B00E4604464178801C6A4601F06EFCFF
:102F90000546002E05D0002D03D16846214611F0CC
:102FA0008FF8284614B070BD044800685C21415C6D
:102FB00030200840411E88417047C046DC2F002069
:102FC00080B511F0BFF880BDF0B589B0044608A8FF
:102FD00000260680218915223046FFF727FD0028AC
:102FE0002BD00546E07AC00609D4204620300221C5
:102FF0000022FFF7ADFFE07A10210143E172A07AD1
:10300000D138042876D8C0467844007940008744F7
:103010000219384E60003C480068214620310830D3
:1030200008AA04AE33460DF0DFF968680621017284
:1030300011206880227C052158E00E200021FBF73A
:10304000BDFE5FE004AE08210291002230460196E9
:10305000FFF77EFF2046203008AF31463A460EF09B
:1030600005F80B2068806868072606720521022291
:1030700028463B460DF0E5FD28463146029A019B65
:1030800036E01120688068680821017204A80021D8
:103090001022F8F79CFAFFF787FF002802D004A857
:1030A000F9F7E6F90521102204AB284620E003A831
:1030B000067004AE314611F049F80820688068684F
:1030C00009210172686803994172062128460A465F
:1030D0000DE01120688068680A21017220462030C6
:1030E00004AE314611F04AF8052110222846334635
:1030F0000DF0A7FD20462946FFF748FD002801D125
:10310000DD20A07209B0F0BDD42F002010B5044618
:103110004C3010210022FFF71BFFE07D000702D496
:10312000B520A07210BD2046F0F710F810BD80B594
:10313000012911D1427C530705D0C37D1B071DD542
:1031400006231A401AD16422835C01221A40002906
:1031500006D0002A19D103E0002900D080BD00224A
:10316000817CCB0704D0C37D1B0701D4D12109E0AA
:103170008B0706D4490708D5D52103E0D0218172F9
:1031800080BDD3218172002A02D011F005F880BDE4
:10319000FFF71AFF80BD000070B50446807B032155
:1031A0000140258903290AD1204611F00AF8002898
:1031B00005D00821012220460DF0ECFF70BD284605
:1031C00000F028F9024601200021114B00F042F9DD
:1031D000E07C032802D1002011F07EF82046183050
:1031E000002608223146F8F7F2F9204631460DF064
:1031F0009BFD6420215CEF220A402254F120A07242
:1032000002202946324633460DF0FCFD70BDC04613
:1032100030750000F0B593B004462B4D2868422766
:10322000C15D30220A40302A15D149218E00811912
:1032300005A82022F8F7C7F92868C15DCF220A4007
:10324000C2556420205CC00707D10DA8009012A9C8
:103250000FAA11AB06E0842033E00FA8009011A95B
:103260000DAA12AB204611F045F812A8037811A858
:103270000078296822462C320492891903910DA9FD
:10328000029101900FA8009021463C3122464C3219
:1032900005A811F045F84D20800029680A18012181
:1032A000204611F0ABF800280BD12046643000789E
:1032B000C00703D1204611F059F902E0BB20A072EB
:1032C000002013B0F0BDC046F82F002010B5044612
:1032D0003C3010210022FFF73BFEE07D000703D4C5
:1032E0002046FFF77FFC10BD2046EFF72BFF10BDF7
:1032F000F8B50C4607460989002515222846FFF730
:1033000095FB002825D00646002F06D023462C33F7
:103310000521102238460DF080FC20464C30214615
:103320002C311022F8F75AF9002814D0112070809F
:1033300070680421017223463C3305211022304677
:103340000DF07FFC20463146FFF720FC00280FD00F
:10335000F8BD8820F8BDE07D000702D5E07C02289A
:10336000E4D10421012320463246F9F713FDF8BDCC
:10337000A620A0722846F8BDF0B50146002000291D
:1033800017D00C4A12683423D35C74225A43732337
:10339000DD43094B1B68A4332C467434A24208D089
:1033A0001E6875197C27ED5B4D402D052546F4D12F
:1033B0003019F0BDD42F0020F82F0020B0B50C46F6
:1033C0006421615C01220A40A37A4068417A02D1FB
:1033D0009F2B02D8B0BDB02B14D3F02B15D9F12BF5
:1033E0000ED10F290CD125465D350F210122204633
:1033F0000DF0D0FE29785E34204601F068FAB0BDA9
:10340000002AE7D0207E8007E4D0012220460DF07C
:10341000C1FEB0BDB0B50D4909683422895C0028F1
:1034200011D00B4A1268A4320023DCB28C420AD2BB
:10343000742565431468641924894440240501D027
:103440005B1CF2E71946C8B2B0BDC046D42F0020BD
:10345000F82F002010B5002906D0862401291BD1A1
:10346000022A19D8002100E0032101280AD00028EF
:1034700011D18818C1B20948006808300122FEF74E
:10348000B2FC06E08818C1B2044800680830F8F7BA
:1034900056FD044600E00024204610BDF82F002011
:1034A000F8B50C46054601263046FFF7E5FA022836
:1034B0001BD807466420205CC00616D4284611F0AD
:1034C00085F800281AD001461A480068B122825CAB
:1034D000002A03D0B130BE40B24302700022012363
:1034E0002046F9F757FC054606E010210025204646
:1034F0002A462B46F9F74EFC2846F8BD2046643094
:103500002775017810220A430270E07AEF2101400A
:10351000E172012128462246FFF752FB204611F0B6
:1035200079F8002801D00025E6E7204611F0B6F82A
:10353000D9E7C046F82F0020F0B585B007464068AF
:10354000057AA81F042823D80C46887A8626D02816
:103550001FD120465D3001902089FFF75BFF0246B6
:103560000020454B02900146FFF774FF062D05D061
:10357000092D11D0082D34D0072D3DD1E07D000755
:1035800007D4607CC00704D0062D44D12C342CE035
:103590008426304605B0F0BD607C8007F9D503ABCA
:1035A00000269E800396062138460A4611F01AF935
:1035B000002847D07868407A019D287023465E3302
:1035C000062138460A460DF028FB2878012803D149
:1035D000A8798009032847D3617C202008436074C0
:1035E00031E0607C8007D4D53C3405211022384678
:1035F00023460DF012FB35E0607C4007C9D5234619
:103600004C330521102238460DF007FB607C402129
:103610000143617419E0204622307968497A0170CB
:103620007968897A41702346243307210822384675
:103630000DF0F3FA607C8021014361744007800F34
:1036400010D102E0607C4007A3D40198C079C00784
:1036500005D1002620463146FFF769FD99E720464F
:10366000FFF79AFD029E94E70821002201232046DD
:10367000F9F790FB06468CE730750000F0B58BB08B
:103680000D46064600240294098915222046FFF7BC
:10369000CDF9002820D007462B463C3305211022C7
:1036A00030461E460DF0B9FAE87D000716D40094A6
:1036B000344603AE28462146324610F03FFC2946E8
:1036C0002C31102230462646009CF7F787FF01A9CF
:1036D000BC220A7002900CE0882459E001A80A90EC
:1036E00002A8099003A80890079507A8EFF742FDE4
:1036F0000298002806D00421012328463A46F9F70B
:1037000049FB1BE0112078807868042101722B4668
:103710004C330521102238460DF093FA28463946DD
:10372000FFF734FA002809D10198A8721A480068F6
:103730003521405C297C814200D9287402980028F8
:1037400026D1E87D000723D407A8002410222146B3
:10375000F7F73DFFE87C03280BD0022810D1E86979
:1037600007A90870020A4A70020C8A70000EC8701D
:1037700006E009480168443107A81022F7F723FF43
:1037800029464C312C3507A832462B4611F033F828
:1037900020460BB0F0BDC046F82F0020F0B58BB02E
:1037A0000E460521102507AF2A463B460DF035FA97
:1037B000002103AC029630460191224610F01EFE15
:1037C0000646384621462A46F7F708FF002E15D14F
:1037D000002813D16420029C205CC00715D1207CF6
:1037E0002A1A20182C300021F7F7F1FEA07E0221C2
:1037F0000143A1762046EFF799FC0AE00B21002255
:1038000001230298F9F7C6FA03E0204610F0AEFE55
:1038100001980BB0F0BD0000F8B52F4F3B68422473
:103820001A57002A20D40091E433052140220DF0DC
:10383000F4F9396808466430E43120252A46F7F760
:10384000CDFE06463868643024492A46F7F7C6FE9E
:10385000002E0BD1002809D00B2100250123009850
:103860002A46F9F797FA07E03A2505E03868015D3E
:103870009022114202D038252846F8BDE43010F0DD
:10388000D3FF1F2826D005461228E5D0002DF3D1FE
:103890003868015D10220A430255009CE17DC02278
:1038A0000A43E275E4300D4920252A46F7F796FED3
:1038B0000646412080003968081809492A46F7F76A
:1038C0008DFE304300250028D6D1E07D0421014340
:1038D000E175D1E70821C0E7F82F0020639C0710AD
:1038E000839C07107CB50C46054610F06FFE014620
:1038F000002834D1E07D000701D4A42608E001941B
:1039000000956846EFF71AFC0146002827D1A22649
:10391000A07BFE210140A173E07BFB210140E1730C
:10392000E07AEF210140E172012128462246FFF7AB
:1039300047F9204610F09EFF204610F0E7FF0146B1
:1039400000280CD1204611F033F80146842801D11B
:103950005D20C643A672842901D1002109E0002917
:1039600007D0882905D0002201232046F9F712FA52
:10397000014608467CBD0000F0B58DB00C460D46F2
:103980004C35052110222B460DF047F9E07D00074C
:1039900006D409AA2046294610F00AFA00270AE0B0
:1039A00009A80690059405A8EFF7D8FB0746EB2871
:1039B00001D1002753E026462C3609A810223146B3
:1039C000F7F70CFE002806D00421002220461346FB
:1039D000F9F7E0F942E0234A10683521405C217C88
:1039E000814200D92074E07D000714D4174605A851
:1039F00000211022F7F7EBFDE07C03280FD002280E
:103A000013D1E06905A90870020A4A70020C8A7095
:103A1000000EC87009E02046EFF7A4FB1FE03968EC
:103A2000443105A81022F7F7CEFD22463C3205A806
:103A300001AF29463B4610F0DEFE00211022304641
:103A4000F7F7C5FD227C30463946F7F7BCFDA07E6E
:103A500002210143A1762046EFF768FB074638466E
:103A60000DB0F0BDF82F0020FEB50C46897A60310C
:103A7000C9B2002651293DD36421615CC90639D4FD
:103A80004068467A264800683221405C02280AD104
:103A90000820304007D10321002201232046F9F7F6
:103AA00079F9064626E0A07E80210143A17620898F
:103AB000FFF7B0FC024600251A4B28462946FFF7BF
:103AC000C9FCA07A0227F12807D1700705D5E07A52
:103AD000062101404D424D4103271F2006406675D7
:103AE000204610F097FD002806D02801A17D014353
:103AF000A17500263046FEBD01A8877100264671DB
:103B000005710194EFF716FB0028F3D0A17E7F2208
:103B10000A40A276882801D18826EBE70821BBE776
:103B2000F82F00203075000080B503200821FAF737
:103B300085FC02490968A822885080BDF82F002022
:103B400080B50648C17A064800680830C91CC9B269
:103B5000044A0723FAF77CFC80BDC046702E002083
:103B6000F82F00202D74071010B5084C2068403045
:103B7000F9F724F920683830F9F720F904480549A5
:103B80003C22F7F720FD10F067FF10BDE02F00206A
:103B9000302E0020F418041080B510F06FFF80BDA7
:103BA000F0B585B004930192029107460220384097
:103BB000039001243C401048056834350A9E2D6866
:103BC000002D16D0002F0CD0002C03D0288902998C
:103BD00088420CD10398002803D068890199884253
:103BE00005D128463146049A9047002802D1103565
:103BF000E5E7002005B0F0BDE02F002080B510F013
:103C000065FF0549098A25314909884201D8002004
:103C100080BD012080BDC046702E002080B50128E7
:103C200001D1014600E00321002800D101460846E9
:103C300010F058FF80BD0000F8B50446C00625D43A
:103C400016460D46144800686107C90E4018006901
:103C50005F2203232146F7F715FE002818D00146FE
:103C6000067385720C204872162008720027CF71E7
:103C700006208871FF20487182200871300A48733D
:103C8000280AC8722046F7F759FE02E0862700E0AE
:103C900007273846F8BDC046D82F0020074A1268CB
:103CA00034321268002A07D01389834202D1538923
:103CB0008B4201D01032F4E710467047E02F00200D
:103CC000F0B585B004460078002807D1606810F090
:103CD00027FF6070A568E86800283CD06578284612
:103CE00010F024FF0E2808D880005C4909580029EC
:103CF00003D020468847074607E0A068C368002134
:103D00000622284610F04CFF86276168002919D04A
:103D1000882F03D0842F0CD0072F10D15048006873
:103D20004030FAF713FA0920F8F7A2F9F8F7FAF990
:103D300008E04B4800683830FAF708FA09E008460E
:103D4000FAF70BFA862F01D0002F02D1A06810F0ED
:103D50003BFF05B0F0BD6768384610F0E1FE06464F
:103D600010F0E4FE7988EA8804230293002391424C
:103D70003ED80E283CD801934200354B9A5A354B19
:103D8000C340DB0705D180239A439142019B03D0B6
:103D90002EE09142019B2BD3411E032901D307281A
:103DA0000DD104A903AA029238460F4610F028FF4D
:103DB0003B8802980088834218D8002B16D066688A
:103DC000304610F0ADFE074635883046FAF738F930
:103DD00001462846FFF762FF05461E2F1ED04020F1
:103DE00038401BD1162F1CD1718827E0012002908A
:103DF00086271E2E89D04020304086D10193052190
:103E00000022284610F00FFFE86000281ED003466D
:103E100030460199029A10F0C3FE76E70020E86070
:103E20005CE7384610F082FE0E2800D96CE74000AF
:103E30000949095AE888814200D3014600222846F0
:103E400010F0F1FEE860002800D047E788275CE723
:103E50004E230410CC4F0000AE230410302E00205F
:103E6000E02F002080B510F0F7FE0549884205D00C
:103E7000C00004490968496E081880BD002080BD53
:103E8000FFFF0000E02F002080B510220A740278A6
:103E9000042A0DD87A441279520097440A16120265
:103EA00002004068031D142208461946F7F78BFBF1
:103EB00080BD0522D2024068007D012809D18A8197
:103EC00080BD0520C002C01C04E00520C002801C8B
:103ED00000E0501C888180BDF0B585B006460878AA
:103EE000042811D815460C467844007940008744D0
:103EF000020D4A697E007B4E306801467031C16612
:103F0000606810F0C1FE57E08626E1E0754F386822
:103F100001467031C1666368012076490026324649
:103F200010F0C7FE01A90880002800D1BBE010F006
:103F3000C9FE10F0D9FE02A9009108803868C06E51
:103F400001A902273A46F7F73EFB66480068C06EB3
:103F5000801C00993A46F7F736FB624800686827EC
:103F60000421C15361680A7C102A00D09FE0C06E12
:103F70000C31001D0222F7F726FB5A480068C15B8E
:103F8000891CC15393E0574E306801467031C166B9
:103F9000616809787022815461884A1C03A90A80EB
:103FA00071300222F7F70FFB3068C16E6068001DA8
:103FB000C91C10F069FEC01C316868228852683143
:103FC000296084E06068017D102939D14749491C86
:103FD000028A8A4234D14348016868312960006806
:103FE00068211022425201468331C1666FE0606849
:103FF0008069002853D03B4F38686830286060687B
:10400000017D10294DD1018A374A914249D10421BD
:104010003046FFF743FE00285DD03868682102254E
:10402000455201467031C1663046214610F067FEA8
:1040300004A908803868C06E2A46F7F7C4FA46E03B
:10404000006A00282BD0274F3868683028606068E5
:10405000017D10292ED1018A244A91422AD10421BE
:104060003046FFF71BFE002835D038686821012252
:10407000425201467031C166304610F04DFEFF28B5
:104080002BD06168096A8B681949C97A49084A1CAA
:10409000042110F053FE39687022885417E08426FA
:1040A00016E0806907E038686821002242526830D3
:1040B00028600DE0006A0178890701D5022100E03F
:1040C0000421415A80683A686823D152D06600269C
:1040D000304605B0F0BD0226FAE7386870210026A8
:1040E0004654F5E7E02F002002290000292B0000AC
:1040F000702E0020FFFF0000F0B585B003920C4643
:1041000001210902411804910290E030019020043D
:1041100023D004980088102807D110220298019912
:10412000F7F77FFA00200499088010210D1AA9B230
:10413000A2B2914200D32546AFB202990818E030EE
:10414000039E31463A46F7F73EFA04990888281844
:104150000880641BF6190396D9E705B0F0BD00008E
:1041600080B510F0FFFD0749096860228A5A401C9B
:1041700080B2904203D2496EC000081880BD002072
:1041800080BDC046E02F0020F0B5002A0BD00024EF
:10419000E543002B264600D056190F5D87556D1E4E
:1041A000641CA242F5D1F0BD80B510F0EFFD80BDDA
:1041B0001FB5089C0294079C0194069C009410F083
:1041C00003FE04B010BD0000F8B516460C460546C7
:1041D00010F04CFE074610F04EFE012E04D10E48A2
:1041E0000168084630300AE001461220042E11D141
:1041F000002F0FD000290DD007480168886B2A22B4
:104200008B5C33438B542A880A8506222146F7F7B4
:10421000DAF90020F8BDC046DC2F0020F8B50D46C5
:10422000044610F023FE064610F029FE074610F063
:1042300022FE012D03D10F4800683C3013E0022D0F
:1042400007D1002F05D0002803D00A480068C06CB1
:1042500009E01221042D0BD1002E09D0002807D02F
:1042600004480068006D0E222146F7F7ACF90021E2
:104270000846F8BDDC2F0020FEB5029301920D46E2
:1042800007462B48066810F0FAFD440010F0EEFDDA
:1042900080002043401C2840A84216D134462A34CE
:1042A00020782840A84212D1DF20074203D0EEF741
:1042B0009AFC002807D030465D300078402F09D1A5
:1042C000E721084208D00C2402E0122400E0D124A7
:1042D0002046FEBD0028F6D1F7F7D6FC0146232084
:1042E000074205D038460C46294610F0CDFD11E0B6
:1042F000E80702D0A07F002817D0680703D5306DEB
:10430000007B002811D038460C462946019A029BB2
:10431000EEF705FC21460446002CD9D00029D7D160
:1043200000200146F7F77CFDD2E7D224F4E7C0462F
:10433000DC2F0020B0B514460D46FBF77BFC0028AF
:1043400005D0C16FB322895C2970012100E00021F2
:1043500020600846B0BDF0B587B015460F4604464C
:104360000F990E9A0D9E0C98FF2C01D0FF2F16D19D
:104370002740FF2F11D114460F46059606901E4682
:10438000EEF72DFC012830D10094019728463146E4
:10439000069A059BF7F78AFD28E0122026E0049292
:1043A0000D460690059301200221EEF761FB0028DF
:1043B0001CD10021EF222046EEF768FB002815D122
:1043C00000217F223846EEF761FB00280ED1042041
:1043D000688028800096049801900295204639460E
:1043E000059A069B10F08EFD00E00C2007B0F0BD92
:1043F00010B5044601200221EEF73AFB002800D058
:1044000010BD2046EEF76BFE10BD80B501200221E5
:10441000EEF72EFB002800D080BDEEF75CFE80BDDD
:1044200010B5044610F020FE002801D00C2010BD6D
:104430000248006840214454002010BDF82F00209D
:10444000034800685F21415C012008407047C04676
:10445000DC2F002010B5044610F006FE617801291B
:1044600003D1002805D1024604E000280FD00C2219
:1044700016E00C220B4909684023CB5C032B01D1C9
:104480006E22D243032B0BD0002802D008E005484F
:1044900001683031102208462146F7F794F80022CF
:1044A000D0B210BDF82F0020FEB515460E46FEF71F
:1044B00063FF002821D00446807A002801D0F1282B
:1044C0001DD1002720463946FEF792FA012E22D050
:1044D000B04220D8E90701D1B0421CD0284800687A
:1044E0003221425C032111403230002915D0027C78
:1044F00090231A4211D03A270DE002270BE0607892
:10450000A11C10F0D7FD002804D0A07AFB2801D10F
:10451000B02700E00C273846FEBD032E0DD3827B6A
:104520009127032AF7D0042E07D10029F3D0C178B0
:104530001029F0D3007C40071FD46420215CC807F9
:1045400015D12346643301A8867101224271057199
:104550001D461022114319700194EEF7EBFD07463A
:104560000028D8D02878EF2101402970D3E72046D1
:10457000314610F0BFFD0746CDE73827CBE7C046F0
:10458000F82F0020BCB50D46FEF7F6FE002805D03A
:104590000446817D080703D48620BCBD0220BCBD33
:1045A000002D0DD06420205CC00717D16846002282
:1045B00082714271090901710094EEF7BBFD10E0B0
:1045C000218900200622FEF731FA002817D0024682
:1045D000052101232046F8F7DDFB02E0204610F01C
:1045E0005DF8002800D0BCBDA07DF7210140A17579
:1045F0000E20F7F73DFDF7F795FD0020BCBD8820A4
:10460000BCBD10B50C46FEF7B7FE00280ED0C17C2D
:1046100002290DD1C461C17B10220A43C2730E204E
:10462000F7F726FDF7F77EFD002010BD022010BD34
:104630000C2010BD10B50C46FEF79EFE002814D0CD
:104640000346C17C0C2002290ED1D97DC9060BD5A9
:10465000074909684022895C022905D100210E2200
:10466000184623460CF07DFD10BD022010BDC0464B
:10467000F82F0020F8B51C461226022803D20B485A
:104680000568443503E00ED1084805685435069F97
:10469000084611460FF05AFD064610222270384691
:1046A0002946F6F790FF3046F8BDC046F82F0020A7
:1046B000F0B585B01D4616460F46039000240494BD
:1046C00010F0D2FC012801D10C243EE02A460296CB
:1046D0000B990A9B039800281BD001910393002596
:1046E00004AB284629460FF007FC044600282CD1CD
:1046F00017480068AC2140584770801C0622029978
:10470000F6F761FF04980199039AF6F75CFF2C46CF
:104710001BE0002B05D0022A0BD20D480068443064
:104720000CE0EEF7ACFA01280CD1EEF733FD0446AD
:104730000BE0022A08D10648006854301A46F6F702
:1047400042FF02E0112400E01224204605B0F0BD33
:10475000F82F002010B50C46FEF70EFE002807D0FB
:10476000817AC12906D1002C06D0BA21817208E0D5
:10477000022010BD0C2010BD0C2100220123F8F7EF
:1047800009FB0E20F7F774FCF7F7CCFC002010BDF6
:10479000FEB517460E4600240C70147002931C7070
:1047A000FEF7EAFD002809D00546807A002807D0E8
:1047B000F12805D0FB2816D1B02419E0862417E093
:1047C00001200190307028462146FEF711F938701B
:1047D00001280DD102203070E97A4907890F04D0F1
:1047E0000299087004E00C2402E00298019901701B
:1047F0002046FEBD80B510F0B2FC80BDF0B597B08C
:104800001C4601920291074600261E7010F0ACFC77
:104810003546BD4207D2002E05D103A810F0AAFCF0
:1048200006466D1CF5E7002E019E02D0002017B051
:10483000F0BD03AF3E37002503A810F09BFC002815
:10484000F4D1E8B2C01DB042F0D803A840780121ED
:104850000140029841554019401C06223946F6F79E
:10486000B2FE2078401C2070ED1DE5E7FEB5144631
:10487000064601250291012905D17079C021014028
:10488000402900D1002510F06FFC20463E300190F9
:1048900027461E37204610F06DFC002815D1002D4C
:1048A0000BD060780121014002988142F2D10622AA
:1048B00001983146F6F792FE03E03046394610F093
:1048C0006BFC0028E6D10020FEBDB320FEBDBFB5C5
:1048D0000D46044601AA0846214610F06FFC002848
:1048E00001D110F085FC2846214610F086FC04B06A
:1048F000B0BD0000FEB5044610F0A1FC0C25002858
:1049000025D01226002C23D0207D401E01281FD840
:10491000207C80281ED010281AD1A089012188432C
:104920000321C902884215D10120FFF79BFA002814
:1049300010D00178002907D141680A7C102A03D1E0
:104940008989A2898A4202D0FFF70AFCEFE72E4646
:104950003046FEBD002010F081FC002806D04168E2
:10496000C98A002904D04088401804E0012002E0F0
:1049700010F08AFC401C82B20026304631462346A5
:1049800010F092FC002820D0F743E18A491E0291E2
:10499000009001947F1C217E8F4218D2E18A002969
:1049A00004D0029A11043AD0521E0292351D401CC6
:1049B000019CE1698B5982B20120002110F074FC46
:1049C00000282E46E6D187262EE08726C0E7184825
:1049D00000685C21425C0223134343540A20F7F72A
:1049E00047FBF7F79FFB606A00260028B0D0202025
:1049F000205C0028ACD021462031029100252F46B2
:104A00000195854200990CD2606AC01900F0D0F877
:104A1000002808D12437029800786D1CF1E712268F
:104A200002E0019E94E70646009800F003F88FE745
:104A3000E02F002010B5044610F001FC00280AD039
:104A4000204610F03FF901461220002902D00A78D2
:104A5000002A02D010BD0C2010BD084610F064FCE6
:104A60000146204610F066FC064800685C21425C66
:104A70000223134343540A20F7F7FAFAF7F752FBDD
:104A8000002010BDE02F002080B503460120024920
:104A9000002210F00EF980BDFFFF0000FEB50D46AC
:104AA00007460C2410F0CBFB00280ED002953846A8
:104AB00010F008F91225002806D0064600780028D4
:104AC00002D10298874202D12C462046FEBD3046D4
:104AD00010F00AF9019010F0F5F807460078012867
:104AE000F3D80121304610F067FC04460028ECD1D1
:104AF000029810F0E7F80028E6D0017800292C464B
:104B0000E3D143680198441CA2B20120394610F059
:104B1000CBFB84420DD1084800685C21425C022333
:104B2000134343540A20F7F7A3FAF7F7FBFA0024DC
:104B3000CBE78724C9E7C046E02F002010B5044624
:104B400010F07DFB00281BD0204610F0BBF801467A
:104B50001220002913D00978012910D120462146BE
:104B600010F0E8FB074800685C21425C0223134315
:104B700043540A20F7F77CFAF7F7D4FA002010BD67
:104B80000C2010BDE02F0020B0B50C46054610F0FB
:104B900099F8002809D010F0A7F80146681C80B2E7
:104BA0000122234610F085F8B0BD0020B0BD000002
:104BB000FEB50E46044610F042FB002866D01225D2
:104BC000002C64D0207D802813D010285FD1208A4B
:104BD0003C4988420DD1206A002858D082883A4941
:104BE000C97A4908491C8A4251D380680021F6F7E6
:104BF000EEFCA0782421084203D06078C01F092869
:104C000045D8304610F05EF8002840D006460078BF
:104C100000283CD1207E811C304610F0CDFB05469B
:104C2000002834D1304610F05FF8054610F04AF8FD
:104C30000146681C86B2022738463246234610F0E9
:104C400033FBB04225D1304610F03CF80146A81C99
:104C500082B20320234610F027FB002829D00197B9
:104C60000296E069002816D0207E002813D0002686
:104C7000374687420FD2E0698019029900F05CF84C
:104C8000002818D11C36207E7F1CF2E70C25284610
:104C9000FEBD8725FBE70D4800685C21425C019B57
:104CA0001A4342540A20F7F7E3F9F7F73BFA0025D5
:104CB000EDE7872501E00546029E304600F008F842
:104CC000E5E7C046292B0000702E0020E02F0020D1
:104CD00010B5044610F0B3FA00281ED020460FF09D
:104CE000F1FF01461220002916D00A78022A13D1BA
:104CF000084610F019FB0146204610F01BFB08483F
:104D000000685C21425C0223134343540A20F7F7F6
:104D1000AFF9F7F707FA002010BD0C2010BDC04610
:104D2000E02F002080B503460120024902220FF047
:104D3000C0FF80BDFFFF0000F8B50E46044610F02E
:104D40007EFA002875D01225002C73D0207D802893
:104D500001D010286ED1102808D1218A29221202F0
:104D6000921C914202D1A169002963D0A17824222A
:104D7000114203D06278D21F092A5BD8102815D1BE
:104D8000208A2F4A8218052A10D801239340312205
:104D900013420BD02278012A4CD100294AD1292173
:104DA0000902884202D1A069002843D030460FF0A2
:104DB00089FF00283ED00746007802283AD1002516
:104DC0002846314610F012FB002835D02E4601212E
:104DD00010F0F2FA054600282CD138460FF084FF77
:104DE00005460FF06FFF01466D1CAAB20420234652
:104DF00010F05AFA854221D1207D10280BD1208A4B
:104E000029210902891C884205D1A069828880680D
:104E10000021F6F7DCFB0B4800685C21425C0223B2
:104E2000134343540A20F7F723F9F7F77BF9354684
:104E300000E00C252846F8BD8625FBE78725F9E725
:104E400000D7FFFFE02F002080B503460120024974
:104E500004220FF02EFF80BDFFFF0000F0B585B0EB
:104E60001D46164607460491FEF718FF002820D07D
:104E70000446022D0AD3022E32D0002104223846E5
:104E800010F0CCFA812801D10C202AE00A98022ED9
:104E900011D2029603956D1C019006466D1E16D028
:104EA000318808361022204610F0E6FA0028F5D0A6
:104EB00017E0022015E0022E12D102960395019010
:104EC00001882022204610F0D7FA002809D1019845
:104ED000009038460499029A039B10F007FB00E00B
:104EE000122005B0F0BD1CB5059C0194049C0094F3
:104EF00010F0D0FB1CBD00007CB51C4615460646D4
:104F000008460FF0DFFE01461220002915D00A786E
:104F1000042A08D0032A11D14A68137D102B0DD121
:104F2000128A104B05E04A68137D102B06D1128AB5
:104F30000B4B9A4202D1002E04D17CBD002E01D031
:104F400081207CBD01AA3046FEF7C6FF0028F4D1BF
:104F50000198018829804068206000207CBDC046FF
:104F600002290000292B0000FEB5019302920C4695
:104F700007460FF0D1FE1225FF2828D0064620460E
:104F80000FF0A0FE002822D001460078042820D08F
:104F9000032836D149680A7D8120102A30D10A8A37
:104FA0001A4B9A422CD102980128284628D1184839
:104FB000C07A019A1378096A8968009107221A4019
:104FC0004008431C0421304610F0B8FB17E0284687
:104FD000FEBD4A68137D8120102B11D1128A0A4B25
:104FE0009A420DD102980228284609D1019A1078D8
:104FF00052781202101882B2384610F0B5FB002029
:10500000FEBD8620FEBDC04602290000292B0000FF
:10501000702E002080B58AB001A901228A71042275
:105020008A804880084605F081F90AB080BD0000FA
:10503000F0B58FB00091074601AC0CA114252046B5
:105040002A46EDF777F906AE012030810220B071D3
:105050000098B080778030460C3021462A46F6F71B
:10506000B2FA304605F062F90FB0F0BDFB349B5F39
:1050700080000080001000000028000010000000E8
:1050800010B50446022A08D0012A0ED120460C3061
:105090000222F6F798FA102004E010222046F6F7D4
:1050A00092FA80202074002010BD122010BD10B58F
:1050B0008AB0134601AC012222810322A271A18091
:1050C000608020460C3014221946F6F77CFA204600
:1050D00005F02CF90AB010BD10B58AB001AC63819F
:1050E00022810522A271A1806080204605F01EF970
:1050F0000AB010BD10B58AB001AC638122810622CE
:10510000A271A180608020460C300C991422F6F721
:105110005AFA204605F00AF90AB010BD10B58AB057
:1051200001AC638122810722A271A18060802046A8
:1051300005F0FCF80AB010BDF0B591B00093174629
:10514000019102900CAC0DA1142520462A46EDF7E2
:10515000F1F803AE0098708137810420B071019896
:10516000B0800298708030460C3021462A46F6F70F
:105170002AFA304605F0DAF811B0F0BDFB349B5F37
:1051800080000080001000000228000010000000D5
:1051900080B58AB001AB1A8108229A719980588033
:1051A000184605F0C3F80AB080BD10B58AB001AC4E
:1051B000638122810A22A271A1806080204605F0CD
:1051C000B5F80AB010BD10B58AB001AC22720B223E
:1051D000A271A18060800493204605F0A7F80AB070
:1051E00010BD10B58AB001AC22720C22A271A18050
:1051F00060800493204605F099F80AB010BD10B500
:1052000086B001ACA1806080638122815220207031
:1052100008980490204610F0B9FA06B010BDB0B559
:1052200086B001AC0425A580608062812181D220F6
:1052300020700493204610F0A9FA06B0B0BD10B556
:105240008AB001AC638122810D22A271A1806080AD
:105250000C980490204605F069F80AB010BD10B50E
:105260008AB001AB0E249C71998058800592012070
:105270000390184605F05AF80AB010BDB0B58AB0D0
:1052800001AC1025A571A180608000206081607252
:1052900022720593204605F049F80AB0B0BDB0B5BA
:1052A0008CB003AC1125A571A1806080684610996F
:1052B0008180438002800790012005901198029020
:1052C000204605F033F80CB0B0BD80B58AB001AB14
:1052D0001A7212229A7199805880184605F026F8A1
:1052E0000AB080BDFEB501AA918050801E201070CA
:1052F000104610F04BFA06B080BD000010B5044611
:1053000080880849884202D162888A4204D00421F8
:10531000FEF7C4FC002803D0204610F0EBFB10BDC4
:10532000022010BDFFFF0000FEB51127002934D078
:105330000C46019002921E4619480068006E0090CB
:10534000099DEDF78CFE042D27D82A46A042029D28
:1053500023D33346E811291841407F20401A40B238
:1053600071B21227884218DB0198012815D8601EF7
:10537000C0B201218140009E377C019C012C09D1E3
:105380001C46089B0F433774355430180471037260
:10539000027301E08F43377400273846FEBDC046D4
:1053A000EC2F0020F0B587B001890491C1880591E8
:1053B0008488468807880020069006A938460BF0A6
:1053C00023FF054600285AD1039602940698807858
:1053D000C00751D10024102220463946FDF726FB94
:1053E00000284BD007462A48039A911F89B21225FC
:1053F00081423DD2029E062E3AD3801D864237D28C
:10540000B24235D8059A91087C2931D8511C714394
:10541000049B9A0091422BD80A2B29D3834227D28E
:1054200001947868122101727868069909794172AD
:1054300006210825174C38462A46A04738462946F3
:10544000039AA0470A21384632462546A0470C2435
:1054500038462146059AA8470E213846049AA8479F
:105460007C80052039460BF0E5FE00280AD0812516
:105470003846F8F772FE02E00C2500E08825284641
:1054800007B0F0BD069912200BF010FF019DF6E762
:105490007B0C000069E30410F0B585B016460D469C
:1054A0000746002004903888122204AB0BF006FF58
:1054B0000446002802D0204605B0F0BD0396398886
:1054C00000240A222046FDF7B1FA002819D006462A
:1054D0000398002817D0F8880390BB887A88398809
:1054E0003C897889BF89009401900297084611464B
:1054F0001A46039BFEF75CFE0446401E2746874182
:1055000002E08824D7E701277068132101727068D0
:1055100045720625022230462946F8F725FF082164
:1055200030463A46F8F720FF7580052031460BF0EB
:1055300081FE002804D03046F8F70FFE8124BAE738
:1055400004980BF0D9FEB6E7F0B58BB01E46079273
:105550000691054600270A970AA90BF055FE044656
:1055600000287FD141480068408D1224B04279D391
:1055700005961098002802D0012873D101270390C6
:10558000002012222946FDF751FA8824002869D00C
:10559000049008A800900021012609AB28460D467A
:1055A00032460BF0CFFF002803D00498F8F7D5FD62
:1055B00058E001960295049E70681421017270688B
:1055C0000A990979417206210A24294D304622465A
:1055D000A84708213046069AA84709A802883046FD
:1055E0002146A8470C213046079AA8472C460E258D
:1055F00030462946059AA0472346102430462146C6
:105600003A4698477580052031460BF013FE002876
:1056100008D008A80078F7F77BFD3046F8F79DFD25
:1056200081241FE00A9914200BF040FE08A801789D
:10563000342251430D4B1B685B6B5918CC700178B9
:1056400051435918019C8C70007850431818202140
:10565000039A425447840599C1810799818106992B
:105660000181029C20460BB0F0BDC046E82F00200F
:1056700069E30410F0B58FB01E4615460C46074688
:1056800000200E900EA938460BF0BEFD002860D118
:1056900040480068408DB04201D2122059E0079680
:1056A0000895159D6A000692103200200490394634
:1056B000FDF7BCF900280CD0059009A80090012145
:1056C0000BAB38462A460BF03DFF002803D0882458
:1056D0003BE088203DE0069A10460C3003900832EB
:1056E000059F78681721017278680E9909794172CF
:1056F0000621294E3846B047082138462246B04791
:105700000A213846089AB0470C213846079AB04714
:105710000E21012238460292B04710210BAB3846C9
:10572000069A0BF08EFA03987880052039460BF024
:1057300081FD00280FD009AC002D05D02078F7F7A7
:10574000E7FC641C6D1EF7E781240598F8F705FD5A
:1057500020460FB0F0BD029E149F0E9917200BF04B
:10576000A5FD0C48006809A9002D11D00B78342242
:105770005A43436B9A182023D7545684079BD381EE
:10578000089B93811481054B5380491C6D1EEBE7E8
:105790000498DEE7E82F002069E3041009100000F8
:1057A00070B514460D460646F8F76EFC0146022019
:1057B000002E13D0002911D08A780C2093070DD425
:1057C00052070BD54879A84209D1897900201429BC
:1057D000024602D0172904D10122227070BD122086
:1057E00070BD862070BD0000F0B587B005931646E9
:1057F0000C46054600270697142206AB0BF05EFD0B
:10580000002801D007B0F0BD039404960D9B002B37
:1058100010D03E460221102228461F460BF0EEFE15
:105820003946042F15D022223C49895C884210D386
:105830000C20E7E738480068428D122005998A421B
:10584000E0D33E460C990029E4D00129DAD10126A3
:10585000E0E702900020122201902946FDF7E6F8C9
:10586000002836D00446406815210172606803990B
:105870004172062103960A25294E20462A46B04742
:1058800034210298414324480068406B009140183D
:10589000428908212046B04720462946049AB0474D
:1058A0000C212046059AB0470E2520462946039A2A
:1058B000B047102120463A46B04765800520214672
:1058C0000BF0B8FC002806D02046F8F746FC8120F3
:1058D00098E7882096E7009E0F4D039C06980BF0F2
:1058E0000BFD002F05D0042F13D00298F7F710FC02
:1058F0000FE00E982968496B8919202201238B54E7
:105900004C84059ACA81049A8A811122CA704989F5
:105910000180019876E7C046E82F0020702E002015
:1059200069E30410F0B59BB00F93144600251A9557
:1059300017AA15811895179514AA15811595149510
:1059400012AA1571129517221AAB11900E910BF035
:10595000B5FC0746002802D038461BB0F0BD229B9C
:10596000219E24991A98827A1092427A0D910029E8
:1059700048D00C960A9208935A00099210320026D9
:1059800030461199FDF752F8002845D001460D9890
:1059900000280B94049141D00596099E30460C30A6
:1059A000109032460832049C6068182101726068C9
:1059B0000E9941720621A54F2046B847082120467E
:1059C0000B9AB8470A2120460F9AB8470C210122AA
:1059D0002046B8470E2120460C9AB847102117AB35
:1059E000204632460BF02DF91098608005202146A4
:1059F0000BF020FC002800D1D2E02046F8F7ADFBE8
:105A00008127A9E70121002E079100D1AEE09A423B
:105A100000D8ACE00426B6E088279DE7002426469F
:105A200027460A9A0597A2425DD01098E040C00729
:105A300005D112A8FF210155641C761CF3E70296DC
:105A40000695222180480191465C601C03907D48A8
:105A5000016800221546AE4212D04B6B9F5A119836
:105A600087420AD19B18DF78102F06D19F780A2F22
:105A700003D19B7DE31A5B1C0FD234326D1CEAE725
:105A8000304631460A9A059F069D039C029E069168
:105A9000C9B28142C6D1761CC4E7059FF9B2089805
:105AA000814201D3002100E001212A4607980140EC
:105AB000012908D112A90A5511467F1C0A9A069D90
:105AC000039C3046E2E7D0B2F7F722FB12A8FF2191
:105AD00001555D480199405C2946029E761C0A9A50
:105AE000069D039CD3E7F0B2F9B2081886279042CE
:105AF00000D031E70C98002802D1300600D02BE707
:105B0000E80700D049E74F4800680390002317AE2C
:105B100012AC0699002A00D18FE02778FF2F21D000
:105B2000089434247C430398406B00190124448476
:105B30000F99C1810B9981814189318041890791F8
:105B400010961E460692DAB2520014AB079999528B
:105B5000069A20214454089C00218175408A731CB8
:105B6000109E3946641CB61C521ED3E7C67A00202C
:105B70000A2E36D80121B1401F461346304A114241
:105B80001A463B4630D02F480068408D12270F99A7
:105B9000884200D2E0E60C969A4200D3EAE6DBE6C1
:105BA00000270D98002800D0D6E61A980BF0A4FB29
:105BB000E80700D0D0E623981090224C206812A964
:105BC0000A9D069B002D13D00A78FF2A06D03423A5
:105BD0005343466BF3181126DE701346491C6D1EA5
:105BE000F0E70C960D4601E00C96079D0790C1E684
:105BF000D8B2342141432068406B401881780907AE
:105C00000FD5008927280CD1089A90B20B998842A9
:105C100000D8114689B20598C2B214AB11980BF0A6
:105C200073FD17A90A221098F5F7CDFC20683121E1
:105C3000425C059BD21842548EE608900691ACE671
:105C400011060000E82F0020702E002069E30410E8
:105C5000F0B58BB0079316460C46074600250A950B
:105C60000AA90BF0D1FA002800D080E02B46079D4E
:105C700005974C480068418D1220B14277D3002D22
:105C800075D0052D73D8039402960490109F08AA2E
:105C900001971E460693059B002D29D038880028C1
:105CA00024D03C46174611221946F8F709FA22215A
:105CB0003D4A515C884219D23A46387034214143FA
:105CC00038480068406B4018C189069F8F4200D851
:105CD0000F4680898642059B00D80646BFB20697CC
:105CE000B6B22746A71C521C6D1ED5E704983EE0AD
:105CF0000C2003998E423AD807990229029A02D3BE
:105D0000069C944233D84E0032460C320024204682
:105D10001946FCF78BFE002828D007462546406828
:105D20001921017278680A9909794172321D062198
:105D30001E4C3846A04708213846039AA0470A213E
:105D40003846029AA0470C2138463246019B0AF099
:105D500078FF08367E80052039460BF06BFA002864
:105D600007D03846F8F7F9F9812000E088200BB019
:105D7000F0BD0A9919200BF099FA0A480068446BA3
:105D800008A92846079D029E039F002DEFD00A78A0
:105D900034235343E218568317835B23D370491C83
:105DA0006D1EF2E7E82F0020702E002069E304103A
:105DB000F0B587B015460F46044600260696192210
:105DC00006AB0BF07BFA002801D007B0F0BD002D28
:105DD00024D000200A2202902146FCF727FE00284A
:105DE0002FD0064640681A21017270684772062754
:105DF000022230463946F8F7B7FA082130462A46DB
:105E0000F8F7B2FA7780052031460BF013FA002834
:105E100019D03046F8F7A1F98120D6E72220294988
:105E2000095C3420484328490968B042D1D04A6B04
:105E3000935BA34203D19219D2785E2A34D03436D0
:105E4000F3E78820C1E706980BF056FA002D36D10B
:105E500022201C49095C342048431B49096800235F
:105E60001D4600930191984220D04E6BF75AA742ED
:105E700018D1F718FE785F2E14D17E89EAB252004D
:105E800003A98E523E8B7E82798BB982398927296C
:105E900004D1B989B14200D3314600916D1C112162
:105EA000F97001993433DEE70C208EE7009881B257
:105EB000402904D9EAB203AB20460BF0B5FC0298A6
:105EC00083E7C046702E0020E82F0020F0B585B093
:105ED0001D4616460C46074604ABF8F707FA00289D
:105EE00026D104A802783420504312490968496B2E
:105EF00008180089272801D1862019E00192B01DD9
:105F000082B200203946FCF791FD00280FD00746E9
:105F100046800621818132462B460AF092FE02A875
:105F20000199817184800297ECF7D9FE00E0882006
:105F300005B0F0BDE82F0020FEB5029316460C46D2
:105F40000746F8F7A1F80546112220463946F8F72A
:105F5000B7F8002D10D0044622201A49085C84426C
:105F60000CD23427674318480068406BC019018978
:105F7000272906D1862502E0022500E012252846C1
:105F8000FEBD2121405C032819D10191089B2046C8
:105F90003146029A0FF0CAFD05460028EFD10A48A3
:105FA0000068406BC0190025019945542046F8F758
:105FB00071F90220F6F75CF8F6F7B4F8DFE70C2584
:105FC000DDE7C046702E0020E82F0020012801D018
:105FD000122100E02E21064A1268C823D25C8242B8
:105FE00000D10021002800D1014608467047C04674
:105FF000EC2F0020F0B589B00590F5F76FFB334921
:106000000A68902102911446515840228A5C012A64
:1060100004D14A6C821A2E4BD21851D448644031B4
:106020000120039008702146C93106A80A22019177
:10603000F5F7C9FA002001460490252822D007234D
:106040000340C408059A145DDC40E20703069B0E7A
:1060500006ACE55C8407660F2F46F7400324274013
:10606000002A05D0491C002F0AD0B440A54303E004
:10607000032F05D0B440254306AAD554039A0492B1
:10608000401CDAE7C8B2022801D212241BE00498AF
:10609000012817D106A90A220198F5F794FA0B48AE
:1060A000056802982E584836C935002430462946DE
:1060B0002246FBF710FE30462946ECF798FF02E037
:1060C0000C2400E00024204609B0F0BDEC2F002095
:1060D00000C0F9FF70B50C460DF0CAF945B2F8F7EB
:1060E0002FFB002D1ED40646EDB228460FF044FDCE
:1060F000002813D149208000305A80050ED4012099
:10610000FBF7C3FC00280FD00246382004211154AD
:1061100001212846FBF7C0FC842070BD3C36266078
:10612000002070BD022070BD072070BD01710023EA
:10613000C370090A417111788171517893780372A3
:10614000C171D1781279827241727047F0B5C7B0CF
:106150001E4615460F46044609A8F821ECF706F935
:1061600020460DF071FB00281AD00446079505461D
:106170002C352878032805D103202146FBF75EFC47
:10618000002834D0AC780125032220462946069207
:10619000FBF769FC002F05D1002803D0002647E05B
:1061A000022645E0049405963846FBF76EFC072668
:1061B00000283DD00446002003902071002F1ED0FF
:1061C00018270598474308370320029039460DF0F9
:1061D000ABFD206000282BD009A900223B460FF020
:1061E000D4FC207905432571029A02430AE0492034
:1061F00080002018008880061DD41A2618E0002090
:10620000206002223820069921540598E071039EEF
:1062100066710798002806D022711B480068417FEC
:1062200002220A434277012104982246FBF734FCFC
:10623000304647B0F0BD35460026002FF8D009A9FA
:1062400008AA20460FF0DCFC002D0ED008A8058817
:1062500028463F38C021EDF7B7FA628F09A90191AE
:1062600000213F2D08D8084607E0628F80200021DA
:1062700009AB0FF0EDFCDBE7401CC3B2009302203A
:106280000FF028FDD4E7C046EC2F002070B50C4677
:1062900006460FF065FD0C25002801D0284670BD8C
:1062A00030460DF0D1FA002815D0002C15D001464B
:1062B000FA310988C26C4A43018F491C5143090BCA
:1062C00089B2A142EAD82E300078012221460DF091
:1062D0000DF80025E2E70225E0E71225DEE70000E1
:1062E00070B50C4605461226F8F720FA1B2D23D36D
:1062F000FB2D21D8E10829291ED310498C421BD837
:106300004483058372B6018AA94200D80D4629212B
:106310000581428AA24200D81446C9004481A922BC
:1063200012019442234600D81346C3818C4200D800
:106330000C46848162B60026304670BD9042000053
:10634000F8B51C4615460E460746F8F7EFF9018AE0
:106350003980418A3180818A2980C08A208000204A
:10636000F8BD084000D0122070470000FEB504467A
:106370000846EDF70DFB06463B48864201D1422414
:106380006EE00194472087003C467443ECF75AFBCB
:106390000568281902A9ECF75DFB0C2400285FD0E2
:1063A0000198C00714D1029D287A0024002857D0F4
:1063B0002C722846ECF71EFD6C202E5CFF2E4FD071
:1063C00080352846F9F74CFC3046F9F7A7FE47E040
:1063D0007743E819A421405A3321084240D102985A
:1063E000017A002400293BD1457A0727FAF7B0F853
:1063F000FF2834D006460298002D07D0856FFAF7A3
:10640000A7F8FF2828D0BC21685416E0806F083018
:10641000F8F78CFE002810D0124A02980021009153
:1064200012B20B46F8F786FE0299096D814204D23A
:106430003046F9F773FE452412E06C2002990E54A1
:106440000120087208466C30019A9207D20F427000
:10645000881DEDF7CFFA03E03046F9F75FFE3C46C2
:106460002046FEBD81FF0000FFFF0000F8B51C467E
:1064700015460E46074601200221ECF7F9FA0028DE
:1064800000D0F8BD0021EF223846ECF7FFFA0028D3
:10649000F7D10A4F3A46403206212846ECF7F6FA81
:1064A0000028EED1062130462A46ECF7EFFA002804
:1064B000E7D120463946FFF754FFF8BDBFFF000083
:1064C000F0B585B015460F4606464078EDF760FA00
:1064D00004462F48844201D1422154E0019703969B
:1064E00002954720860037466743ECF7ABFA05680C
:1064F000EF1904A93846EDF792FB0C21002842D091
:106500006643A819A422805A3322104201D01221D6
:1065100039E00498027A002A35D1C36F002B01D0EC
:10652000002606E001466E310022C272C7670A806B
:106530000126039D2978AA885702002901D03B46ED
:1065400015E003931149002400940AB22146234622
:10655000F8F7F0FD874206D245210398002812D1B2
:106560000498C4670FE02978AA88530204985A2433
:10657000025307600365417201990860E9888180D0
:10658000029806700021084605B0F0BD81FF0000AA
:10659000FFFF0000FEB505468468A66F7068029094
:1065A000687840027060B0680190A8784002B060DE
:1065B000307C009028793074E8780002401D052175
:1065C000EDF702F9F768F06020460FF01BFC627AE5
:1065D0000321514322688A1882420DD200983074F8
:1065E000029870600198B060F76029781220002945
:1065F00001D00021E167FEBD287800280BD030468D
:1066000022303246BD320023F375FF2404704370FC
:1066100001231370C477002002469142EBD0F36946
:106620005B6800249C549B189C705C70D21CF4E73F
:10663000F0B585B004931546019100262A4A2B4FE8
:1066400003903146B8470446029528463146264A0B
:10665000B84705462543049CEF2220463146B847FB
:10666000284301D005B0F0BD2746029C03980DF0E9
:10667000EBF8002813D0014619200091FBF7DEF952
:1066800000280ED00A9D002D0DD03846F9F7D2FA19
:10669000002825D0007A00280AD10C20E2E7022049
:1066A000E0E71A20DEE72046EDF764F8002817D06F
:1066B0000120FBF7EAF9002814D00246382008210F
:1066C000115495720198108103981080D78094809E
:1066D0002E200099085C0121FBF7DEF93046C1E766
:1066E0004220BFE70720BDE7FF0E00008D2A0410FF
:1066F000F0B585B01C4603920F460025234A244E70
:1067000000902946B04733460646FF22F4320197EF
:106710003846049529461F469847E82102942140AF
:1067200000D01221039B0E4306430125AA030A2130
:1067300018463C46B847074637430A9E0322304670
:106740000499A04738431CD1029C172C01D10C207E
:1067500017E00B98002802D0F9F750FE08E00098E7
:106760000DF072F800280ED02E21405CF9F752FE91
:10677000467104710399418001990180801D057063
:10678000049805B0F0BD0220FBE7C046FF0E0000F4
:106790008D2A0410FEB51C4615460E4602A9FBF7CD
:1067A000EBFC0746002801D03846FEBD1127002E1D
:1067B000FAD0ECF754FCB042F6D302A80078FBF70D
:1067C00091FB3018C07C287001A82146F4F745FFE2
:1067D0000027E9E7F0B585B00E4604A9FBF7CCFC2D
:1067E0000446002802D0204605B0F0BD1124002E3A
:1067F000F9D0ECF734FCB042F5D304A8057828466C
:10680000FBF770FB0446761E8088400519D40127EB
:10681000B740A07B3840F040012828D10120FBF789
:1068200034F9002825D038210A22425400950190DD
:106830000294FAB2012000210B46FBF753FC0446F8
:10684000D1E72846F7F77CFF039001272846394611
:10685000F9F7F0FD02460078022101431170B740BC
:10686000F8B2039923460FF0D9FA0024BBE70C24B1
:10687000B9E70724B7E7F0B58BB01E4617460D46BB
:1068800004460AA9FBF778FC002801D00BB0F0BD44
:10689000119912200029F9D0079110990891FF2130
:1068A00032464A40B242334600D81346089A9342D1
:1068B000ECD3FF2D0BD06940A9422A4600D80A46E6
:1068C000BA42E3D3E91B089A92198A42DEDC0AA88D
:1068D00000780690FBF706FB05900698FBF734FB63
:1068E00005990A790692089BCB748E744F740D74C7
:1068F0000A460799D18009A900970196029303914E
:10690000401EC1B2069886091746104632462B46ED
:10691000FBF748FB0246B888400707D5964205D0EA
:1069200009A8017820463B46FBF77EFB0020ADE737
:10693000F0B587B00F4606A9FBF71EFC04460028F9
:1069400047D1012F01D9122443E006A8067830462A
:10695000FBF7C8FA0446858805963046FBF7F4FA3B
:106960002246401EC0B201268640A17B3140C14074
:106970000C2401292DD1D08800282AD004200540DC
:106980000024012F1ED1002D23D191880143918035
:1069900012200492F5F76CFBF5F7C4FB01270A25DA
:1069A000059839462A46FBF77DFB049A9188002812
:1069B00012D03803014391801220F5F759FBF5F707
:1069C000B1FB06E0002D04D090881A490140C03187
:1069D0009180204607B0F0BD480514D40127384601
:1069E000FBF753F800281FD0382145540599009132
:1069F000019004980290F2B2002001460346FBF792
:106A000071FB0446E5E7C8050598E2D43D02164649
:106A1000F7F796FEB1882943B1804221405AF188A8
:106A20004018801DB081D4E73803049DA988014334
:106A3000A980C1E733FE0000F0B587B016460D46C9
:106A400006A9FBF799FB0446002872D11224012DF8
:106A50006FD8012E6DD8681E854106A8047820469F
:106A6000FBF740FA0246808801270146B9434919DD
:106A70009180002E2BD026460024800759D4304622
:106A80000592FBF761FA059A431ED8B23D46854050
:106A9000917B2940C14001291ED1908802210143E8
:106AA000918040051AD401270A22304639460492C3
:106AB000FBF7F8FA002828D03803059A918801439B
:106AC00091801220F5F7D4FAF5F72CFB31E0022083
:106AD0008143918000242CE00C242AE03546304686
:106AE00039460493F9F7A6FC06462846F7F728FE30
:106AF00001463078FD220240327004988740F8B297
:106B00003246059B0FF08AF913E001273846FAF761
:106B1000BCFF0028D0D03821049A4254009601903E
:106B200005980290EAB2002001460346FBF7DAFA24
:106B30000446204607B0F0BDF8B515460C460126C0
:106B4000064004D11121072C19D8002C17D002219E
:106B5000084004D11121072D11D8002D0FD007278F
:106B6000002801D03D4600E03D40F7F7DFFDC57746
:106B7000002E01D03C4600E03C40847700210846CE
:106B8000F8BDF0B58BB00F46064680B20CF05CFE47
:106B9000002824D0054608202946FAF74FFF002890
:106BA00006D10B202946FAF749FF002800D180E0E2
:106BB000380AFB0705D1C1B21124072910D80029D2
:106BC0000ED0390CBF0705D4CAB21124072A07D842
:106BD000002A05D0360C022E05D9112400E002242B
:106BE00020460BB0F0BD05930724204008AA04926C
:106BF00010702140069707AF39702E202D5CF7F7F3
:106C000095FD0699002901D507461F3703902846B0
:106C1000F7F796FD069002952846FBF799F83D7820
:106C200005990029049901D003991E31097805912D
:106C30008170C5702640074600D03E8004200122A6
:106C4000E907014600D0114602230495AD0700D59F
:106C5000194603931346FE79B14200D10491059A77
:106C6000D50700D01846920700D503980397BD7941
:106C7000A84200D10590069F2C37B1421BD1A842F3
:106C800019D10320710700D5064606994A8F009650
:106C9000690700D505460220002421462B46FBF754
:106CA0007DFA032D53D10398008801284BD004218D
:106CB0004AE01A2494E701200190FAF7E6FE002842
:106CC0008ED00546069A9232382006212954108823
:106CD000E88109A8029E06710995ECF7C4F9387895
:106CE000032822D1039B9F790420042F0146059C91
:106CF000019A0AD06107014607D4012F114600D03E
:106D00002146C907114600D10221DB790095042BE9
:106D100002D0049A10408208012330460FF0D0F8C8
:106D2000304621460FF014F902E000202874059C3B
:106D300004982875EC7400246C74012130462A46AE
:106D4000FAF7AAFE4CE70621787DF8F76CFD032ED2
:106D500000D045E703980088012801D0042100E015
:106D60000621787DF8F72AFD3AE70000034800681D
:106D7000902140588068407A7047C046EC2F002030
:106D8000F0B583B01446064600270197087801AA9B
:106D900010700297551C491C06222846F4F713FC74
:106DA00002990198F8F782F8014602060220002AAB
:106DB00023D4134A12689023D25892681368002E85
:106DC00009D0282048431818016A1030002201AB6E
:106DD000F9F7CCFC0BE028254D4359192723C95C52
:106DE000FF290AD0C800116A09680818451C062244
:106DF00020462946F4F7E7FB384603B0F0BDC0460D
:106E0000EC2F0020F0B583B015460E46074609F07A
:106E10008FFA002801D00C241CE00024019401A862
:106E200007700294401C06223146F4F7CCFB02990D
:106E30000198F8F73BF801060BD428214143074895
:106E400000689022805880680068401825214554C9
:106E500000E00224204603B0F0BDC046EC2F002025
:106E6000F0B581B00C46064601200FF073F80746D6
:106E700002200FF06FF807434225002F17D00D4F67
:106E8000002807D03046ECF783FDF91C89B2884210
:106E900003D10CE03846ECF77BFD47218D004543DC
:106EA000EBF7D0FD00684019C62144540025284660
:106EB00001B0F0BDFCFF0000F0B587B015460F46ED
:106EC0000646F0F747FB002801D00C2425E01224E9
:106ED000012F22D80F2D20D8F9F784FA0290002430
:106EE000059405A90F700694481C0F4606223146EA
:106EF000F4F769FBFD710599069A03AD019504A8A5
:106F0000009002980C3003230AF066FE002800D19E
:106F100007242878012800D11224204607B0F0BDAC
:106F200080B5F0F717FB002801D00C2080BDF9F7E1
:106F300059FA0C30F9F74CFC002080BDF0B589B04F
:106F40001C4615460F4606460C200590F0F702FB3E
:106F500000286ED1109917296BD0304630061222C6
:106F60000592C00E65D123460E9CA0087C2860D8EF
:106F70000F9A0A2A5DD301208003824259D8E82063
:106F8000084056D104920022079206923046F0073C
:106F90001CD112200F2F05904BD80194029203911F
:106FA000012D46D8284606AD2870681C06221946D1
:106FB000F4F709FBEF71069807990EF0D5FF00284A
:106FC0000399029A019C01D00B2031E001940292B6
:106FD0000391F9F7A7FA04460720002C059028D062
:106FE000F9F7B6FAFF2824D0274676372546AF357D
:106FF0000590A879F9F7D4FAA879EBF778FF01980A
:1070000038800598E87003986871049800036066FA
:1070100007980699A164E064072006400A207040A2
:10702000297801432970F9F7DDF9A97901720298ED
:107030000590059809B0F0BD70B5F0F78BFA0028FF
:1070400018D0F9F7CFF9007AF4F796FA0446AF2092
:10705000215C10220A4322542046FAF7EFFA064632
:107060002046F8F7FDFD0025002E04D120460EF045
:10707000A3FF00E00C25284670BD10B5010A0E29BB
:1070800001D9122010BDECF775FB00280ED0044684
:10709000AF20215C20220A4322542046FAF7CEFA80
:1070A000002805D02046F8F7DBFD04E0422010BDA3
:1070B00020460EF081FF002010BD80B5F9F792F94F
:1070C000407C80BDF0B587B015460F46064606A841
:1070D0000270F0F73FFA002801D00C2422E01224BD
:1070E000012F1FD80F2D1DD8F9F77CF9029000242D
:1070F000049404A90F700594481C0F4606223146DB
:10710000F4F761FAFD710499059A06A8019003ADA0
:10711000009502980C3003230EF0DAFF287800283F
:1071200000D14224204607B0F0BD10B50C46014600
:10713000020A12200E2A0FD8032C0DD80846ECF7AD
:1071400019FB002809D0AF21425CF9231340A207A4
:10715000520F9A184254002010BD422010BD00006A
:10716000F0B589B0039315460E460027264A0290D3
:107170003946EBF78BFC0446012180220495284612
:10718000EBF784FC05462543344620493046FFF79B
:10719000E8F8284301D009B0F0BD02AE61CE0EF090
:1071A000D3FF00281CD0029404466C34A27812232A
:1071B0003146B24212D301902E460498B84211D003
:1071C0001D46F05D00217F22EBF760FC0028E2D134
:1071D000F05D7F1CA17888422B46EED31846DAE793
:1071E0004220D8E70298208005AC04983146224618
:1071F0000EF0B3FF72B60198483010222146F4F722
:10720000E2F962B60020C6E7FF0E0000BFFF0000F3
:10721000F0B585B014460F4606460A9D04930093C8
:107220000195002031463A4603942346F7F725F9A5
:107230000446002808D1F7F779FA0586C7858685C0
:107240000399418504990185204605B0F0BDF0B54C
:1072500087B00E46010A0E2901D9122042E01D46D0
:1072600014460CF0F1FA002839D007460D992B4648
:1072700025460C9CC06C00940591019131462A462C
:107280000693F7F7FAF800282CD10495069D03948D
:10729000FF2028303C182078810722D439462C3131
:1072A0003A46FC3209780229029205D1118D8906ED
:1072B0001AD40121084320700399049A059B029F68
:1072C0003B81FA80BE807D8039800221014321709C
:1072D0001220F4F7CDFEF4F725FF002002E0022093
:1072E00000E03A2007B0F0BD26203946FAF7A6FBA9
:1072F0000028049A02D020780399DFE71A20F1E7EA
:10730000F0B587B0C7B21223272F01D9184639E04C
:107310000D460646010ACCB21120002C32D0042CB6
:1073200030D8300CC0B20490012818462AD8280C56
:10733000019003922B0A300E029005A801220092C0
:107340004271019A0271C3708570029A4270017095
:107350000EF027FF039A002814D1FF2000060640F4
:1073600004980004801921024018C01929460EF023
:107370001BFF002806D104480068417F009A114392
:107380004177002007B0F0BDEC2F0020F0B589B0A8
:107390000593174606910646C4B21225EBF713FC77
:1073A000272C0DD80497FF270128384600D0252028
:1073B000310ACAB2824203D8300CC3B2072B02D9B9
:1073C000284609B0F0BD310E11200029F9D00392F2
:1073D0000429F6D80293069A100C0090100A019026
:1073E00007A800224271009B03710092C270019AAB
:1073F0008270069A427001700EF0D3FE029B002844
:10740000DFD1059800067F210A06904204D03F2173
:10741000490688421CD181210598B8431A46CBB24F
:107420000343FF2000060640100480190399090257
:10743000401800190699049A0EF098FF0028C0D150
:107440000C480068417F01220A4342770098B8E760
:10745000812109068842B3DB0549884206DB7D218C
:107460000906884205992846ABD1D5E70599D3E7A7
:1074700001000014EC2F002010B5801EC3B2022BB7
:1074800006D840B2830006A0C05808A4E35801E023
:107490005020032399400818D100401810BDC04661
:1074A0002C000000D0020000CE010000020000000D
:1074B0000600000004000000A446521E08D3037812
:1074C0000C78401C491CA342F7D0181B6446704737
:1074D000002064467047000081B0244800684003E3
:1074E000800F00900098002801D1012000900098A2
:1074F00001B0704710B50400FF2020708020C00547
:1075000041681B4A914201D10321217001680F2279
:1075100009091140617001680A40A270406860600A
:107520001448006880B2401C8000A060FFF7D4FFC0
:10753000002804D0FFF7D0FF401C800301E0C020EA
:10754000C001E06010BD10B50B4C21002822EAF705
:10755000D7FE0020206010BD084800688007800F1B
:10756000022801D101207047002070479000504848
:1075700041E001021410004034000020B016006009
:107580000120FFE719490860002070470120C0432F
:1075900016490968012900D1002070470020EFF347
:1075A000108172B6114A1368012B02D00120C0432A
:1075B00001E00323136081F3108870470020EFF38C
:1075C000108172B6094A1368032B02D00120C04310
:1075D00001E00123136081F31088704780B50A0031
:1075E000034900F092F802BD00000000F4040020FE
:1075F000A017041080B5FFF7E1FF00F0B5F80FF019
:1076000065F801BD80B5FFF7D9FF0FF05FF801BD48
:1076100010B50B00521E815C9C5C091B01D1002A35
:10762000F8D1080010BD0000F8B50E00634D2C78AD
:1076300001281AD1202200BF6FA13000FFF7E8FF18
:10764000002801D404201BE0FB2121405C4B0022D8
:107650000024A700F059DF193860641C082CF8DBFF
:1076600020331A6029700020F2BD00BF5AA1022801
:107670000ED120223000FFF7CBFF002804D40120D8
:10768000204328700120F2BDFE2121404D4BDEE752
:107690000328F7D120223000FFF7BAFF002801D4D9
:1076A0000220EDE7FD212140474BD0E7012808D11A
:1076B00043480022835C8B54521C202AFADB0020B2
:1076C0007047022801D13F48F3E7032801D13E4823
:1076D000EFE70120704780B5FFF752FF3B48016894
:1076E00008220A430260016804220A43026001681A
:1076F00001220A43026001BD80B5FFF747FF002861
:1077000001D1032002BD012002BD70B505000C00AF
:107710001600FFF743FF002801D0012017E02900E1
:10772000264846660120FFF77FFF01280CD0210084
:107730000220FFF779FF012806D021002031032025
:10774000FFF772FF012804D1FFF738FF0220C04382
:1077500070BD1F48016801220A43026001680122CE
:1077600091430160002070BD10B5144C20780028B2
:107770001AD118480068002816D16021201DEAF7A8
:10778000F5FD211D0120FFF791FF2100243102208A
:10779000FFF78CFF210044310320FFF787FFFFF73D
:1077A0000DFF211D002005E0FFF708FF03206060AA
:1077B000211DC043626E904710BD0000402D002087
:1077C0006C04304890043048B40430480800304815
:1077D0000000304800043048FFFFFFFFFFFFFFFFBD
:1077E000FFFFFFFF0000000000000000000000009D
:1077F00001000000FFFFFFFF512563FCC2CAB9F37F
:10780000849E17A7ADFAE6BCFFFFFFFFFFFFFFFF57
:1078100000000000FFFFFFFF81B028490A6A012035
:1078200002400CD10A6802430A600A6882430A6077
:107830000A6A02430A62096A084000900098002020
:1078400001B07047F3B51E490B785B1C0B70012328
:107850001C4C6F460D78019E36682660019E766846
:107860006660019EB668A660019EF668E6600668DE
:107870002661466866618668A661C668E661642618
:107880003E70266B1E4326636E463678761E3E702B
:10789000666B1E4003D06E463678002EF4D16E46DD
:1078A0003678266A1660666A5660A66A9660E66A48
:1078B000D6600E78B542CDD10020F6BD40004048DC
:1078C000073000202800006010B5040007D0022314
:1078D0000022A1680EF0FCFE010003D00CE0612044
:1078E000400110BD002010222261024683001B19B6
:1078F000401C5A610428F9DB606A102801D0024854
:1079000010BD084610BD00001D0C0000F7B5002595
:107910008AB00E460446002804D0002E06D10C98EA
:10792000002803DD612040010DB0F0BD0C98002857
:1079300004DB102804DA2079800601D48C48F3E7B0
:107940002079410701D4810702D58948401CEBE723
:107950004021084320712046143008901CE000208C
:1079600081004A199219537817781B023B43977884
:107970005BBA1B043F02D2783B4313430A19526996
:10798000401C534004AA53500428E9DBA26804A811
:1079900008990EF0EFFE009D0C99284610300090DB
:1079A0008842DCDB207980061ED400291CDD002003
:1079B00081004A199219537817781B023B43977834
:1079C0005BBA1B043F02D2783B4313430A19526946
:1079D000401C534004AA53500428E9DBA26804A8C1
:1079E00008990EF0C7FEC0E00020009001900290C0
:1079F000039069460846A2680EF0BCFE00998722F3
:107A0000C80F5043019A4900D20F114300910199C8
:107A1000029A4900D20F114301910299039A490039
:107A2000D20F1143029103990C9A49004140284614
:107A30001030039190421AD1002081004A19931905
:107A40005A781F7812023A439F7852BA12043F02C2
:107A50003A43DB786F461A430B195B697F58401C29
:107A60007B405A4004AB5A500428E6DB74E0009A8D
:107A70008723D00F5843019B5200DB0F1A4300921B
:107A8000019A029B5200DB0F1A430192029ACB0F1C
:107A900052001A4302924A00424003920C9A00207C
:107AA000531BDA179C46920F62449210964616E0DA
:107AB00081004A1993195A781F7812023A439F7825
:107AC00052BA12043F023A43DB786F461A430B194D
:107AD0005B697F587B405A4004AB5A50401C864536
:107AE000E6DC81000A196B4652695B5867465A40CA
:107AF00004AB5A507F1A00224B19BC469E460BE03D
:107B000073469B18F35CD7001825ED1BAB4004AD02
:107B10006F587B406B50521C9445F1DC002A09D011
:107B2000D600182204AB961B5D588022B240554007
:107B30005D5005E004AA53580125ED076B405350F2
:107B400004AB6A4605E081000D196D695658754011
:107B50005D50401C0428F6DBA268184608990EF018
:107B600009FE20790421084320710020DCE6000092
:107B70001D0C0000F8B516460F46040009D0002E73
:107B800007D025468035E86D401E102804D31348E1
:107B9000F8BD61204001F8BD2079400604D40022E0
:107BA00011462046FFF7B2FE2079022108432071DA
:107BB000002018210CE0C217920F121892089200B0
:107BC000121983075269DB0ECB1ADA403A54401C73
:107BD000EA6D8242EFDC00203260F8BD1F0C00002D
:107BE00081B08020C00216490A6802430A60096811
:107BF00008400090009813480168042291430160F6
:107C00004168C907FCD54068104000D0012001B090
:107C100070470D490A68D207FCD5496801800020E9
:107C200070470121084A13680B40FCD05368038059
:107C300013680B40FCD05168418000207047000061
:107C400050004048000060480400604801009D4822
:107C50000078002802D000BF1FA200E026A200206A
:107C6000C3B2D3568B4203DA401CC3B2202BF7DBDE
:107C7000C3B2D256914202DAC1B2022902D2C1B2D3
:107C8000202900D1401EC0B2704700008D490978FC
:107C9000002901D010A200E017A20121CBB2D356D7
:107CA000834203DA491CCBB2202BF7DBC8B2202871
:107CB00000D11F21C8B27047B6490978002901D008
:107CC00005A100E00CA1020001D0202801DB7F20EB
:107CD0007047085670470000C4EDEEEFF0F1F2F384
:107CE000F4F5F6F7F8F9FAFBFCFDFDFEFF000102E2
:107CF0000308080808080808C4E9EAEBECEEEFF00E
:107D0000F1F2F3F3F4F5F6F7F8F9FAFBFCFDFDFEFA
:107D1000FF000203040505061F2070471F2070475F
:107D20009C4A1278002A03D01222D243082302E090
:107D30001622D243062302700B707047F8B5614DCE
:107D40002E7880218904944A0123DB430124070013
:107D50001BD0002E27D12C704D0C904E37682F432E
:107D60003760366835400095009D5568254355605D
:107D700095681D40956015682B401360D3682343B8
:107D8000D3601461864A11600DE0012E0BD10026EC
:107D90002E70D5682B40D360824B1960BFF34F8F94
:107DA000BFF36F8F146180498B686202134020D14A
:107DB0008B6854002340A3421BD08B681A438A600F
:107DC0000A685307DB0FFBD104220F23DB43002893
:107DD000886804D003400E201843886002E0034006
:107DE00013438B608868714B03408B6008681040B8
:107DF000FCD0F1BD33480078002800D1704710B5A1
:107E00006B48026801210A400CD06A4A536CDB06B9
:107E1000136803D502241C43146002E00224A34328
:107E20001360016010BD4000634BC018C0030129FE
:107E300002D18021890102E0022901D15F49401865
:107E4000D10006220A435E490A60DC31C20DD2002D
:107E500043025B0F13430B650003000B401C000B38
:107E6000C864002088641920486409200860032041
:107E7000544A106039200860534800680428FBD138
:107E80003B200860704700007F2801D10800704740
:107E90007F2909D0052A07D2091A00BF4EA39A5696
:107EA0005143C910401840B2704701207047202943
:107EB00001DA022801DB1220704745484171002099
:107EC0007047000009300020B8B587B0404D2A79CE
:107ED000002A4DD16A46107068460078282802D2E0
:107EE0000F00032F01D3122043E0002403AA01A9AD
:107EF000E0B20EF07DFC002001A9095C002937D119
:107F0000401C0828F8DB641C002CEFDD01A800BF32
:107F100033A11422EAF7F4F928780190E8780028D0
:107F200003D001988021014301912A4C01A920002E
:107F30000EF0C8FC0022297820000EF06BFD012213
:107F4000A8782978014020000EF064FDE878002828
:107F500004D00122802120000EF05CFD6A793900F6
:107F600068460078FFF75FFF01202871002000E0DD
:107F70000C2008B0B0BD16490879002807D0134A74
:107F8000002010600F4B18605064087170470C207F
:107F900070470000093000202C0000405400404889
:107FA00000E100E080E100E014005048FFFDFFFF29
:107FB0003C000040541600606209000000E0FFFF32
:107FC000141500600814006098160060F015006039
:107FD000F80400200000104807050302010000001B
:107FE0000000000001000000000000000000000090
:107FF00000000000F8B584B00124BD4B1969BD4AEA
:10800000914215D119681A681D681E687602760FAC
:1080100003961B685B015F0F02940F232D0C1D401C
:10802000160AF02232400192090A0B40009305E043
:10803000082500957021019100210291AE4E00218A
:108040003171002801D00EF040FD0320C043AB4940
:1080500089680140A94A9160114689680840114623
:108060008860A7480168A74A0A400260A6490F2213
:10807000D2430B6B13401D430D63CB6AF025AB431A
:10808000019D1D43CD62CB6A1A40009B1343CB6216
:10809000029A002A0FD00A6807239A43039B5B07C2
:1080A0005B0F13430B600A6838239A43FB003825A3
:1080B0001D4015430D605523944A1568FF27BD43A5
:1080C0001D431560D568BD4366272F43D760156AE9
:1080D000FF27BD432B431362136CBB431D251D4378
:1080E0001564D36BBB4359251D43D563536CBB4308
:1080F00032251D435564536A23435362844B75688C
:108100001D40A7032F4377607768824D3D40FC27D1
:10811000BF032F43776075682D022D0A90273F0516
:108120002F437760B7687B4D3D40E827FF032F431F
:10813000B760B5682D022D0AE027BF052F43B76051
:10814000B568FF27BD4376272F43B760B5681D404C
:10815000E827BF012F43B760F7686E4D3D40270504
:108160002F43F760F7686C4D3D40C0277F052F43D4
:10817000F7603569FF27BD4305272F433761F56851
:10818000FF27BD4314272F43F760F5682B40A02538
:10819000ED001D43F560736904251D437561736926
:1081A000E5051D437561736965071D4375615B4B8B
:1081B0001C745E255D740D6B9D74DC745D251D75EE
:1081C000CD6A5D759C755225DD75096819765C76FA
:1081D000122199761168D9761C7715215977D168C3
:1081E0009977DC771A2120255955116A212559558F
:1081F000012122255955222123255955116C242569
:108200005955012125255955212126255955D16B2F
:108210002725595501212825595523212925595507
:10822000516C2A25595501212B2559551B212C25E7
:108230005955516A2D229954002100222E255A5554
:108240001A0010321A605A601A000C329A60D96013
:1082500019683268316032490C607269A3071343B0
:1082600073618A6922438A6124490A680A60C26983
:108270002243C261826914438461086805B0F0BD7D
:10828000284908684A681202FF231B021340C0B243
:108290001843896801D00C2901D37F200EE0062203
:1082A0005143773901E0891D40081F28FBD2FF2286
:1082B000A23250431C4A8018800A081840B2704706
:1082C00070B50E4CA5692668266000F0A4FB2E430D
:1082D0003000F3F717FF00F08EFB206870BD10B57B
:1082E000124C20682060F3F719FF206810BD0000D1
:1082F000E81E0010CCECBCFCC000002004000060B4
:1083000028180060FFFFFFBF481600604815006096
:10831000FF00FFFFFFFF00FFFFFFFFC0D82E002080
:1083200010140060A4160060A04600002C14006029
:1083300080B5FFF75FFD01BD010005D40121C00636
:10834000C00E81407A4801607047C16803229143A2
:1083500002220A43C260704709E0C0688007800FAC
:10836000022801D1012070470020704700BFC1687A
:1083700003229143C1607047C0688007800F0328C3
:1083800001D10120704700207047016170470069EA
:108390007047816A8022D2050A4382627047816AEF
:1083A000644A0A4082627047816A4800C00F704781
:1083B0004162704700697047816A802292050A43D2
:1083C00082627047C948026807239A434907490FE8
:1083D00011430160704780687047C0687047F1B50D
:1083E0000127C348C06B3843C149C8630846806B46
:1083F000384388631720FFF79FFF1420FFF79CFF87
:10840000BB48406B3843BA4948630846006B384361
:1084100008631820FFF790FF00980088C92800DA49
:10842000C820B44D29008C3148610098406800286C
:1084300000D0012028700026000603D10098807823
:10844000002813D0AC48C1683940FBD01721016027
:10845000C1683943C1604660C1683940FCD028001A
:10846000103000F089FBE869286209E0C820400369
:108470002862E861A148A861A1482861B048686104
:1084800000984068002802D1A020C0050DE000033C
:108490000A21EBF799F96860AA4C200000F0C6FAAF
:1084A00001006868884202D3200000F0BFFA6860CB
:1084B0002E7300980088A866A96900F0E3FBA24C1F
:1084C0000020207000212A006832083203C2884848
:1084D0000068290068310861002000212A00683204
:1084E000183203C230216854984AA96968680EF0AE
:1084F000B5FBA86028782074A66027736673E681B0
:1085000028006130067046708670AE65EE65904852
:10851000A8646E6500F094FA6A68002312184B4153
:108520002800403000F0DCFB012000F053FBF1BDDF
:1085300000E100E0FFFFFFBFF8B58CB00020694606
:1085400008708448019028E0401C1CE00569047311
:108550008168002900D088472800F7D16946029831
:10856000C06A00F051FC0299C86268460078012890
:108570000DD1EFF3108172B601980078421C019B77
:108580005B789A42E0D1019A107081F310880198CB
:1085900040780499401801994870019840780199F1
:1085A00009780A1A02D28020400012180025002AF9
:1085B00029D00492A5480290C46A0026039427009B
:1085C00002E0260024696D1C002C0FD0207B0028BF
:1085D000F7D000F035FA02000B0003CC083C801AFB
:1085E00099410029EDDB01DC0628EAD320000024B4
:1085F000002D02D03461039000E000270398029917
:10860000C8623800A9E73B4C207B002851D0904835
:1086100000680127384067D025734E4EF078002857
:1086200004D1B078002801D0B5702AE02078002865
:108630001ED002A800F0A0FA0499A06E80B200F04B
:1086400021FBEFF31080019072B63021675403983C
:1086500060610498A061029820610598E06100F0D3
:1086600093FC019880F31088002000F0B3FA08E032
:10867000EFF31080019072B600F086FC019880F351
:108680001088F07A002802D0F57262202754012069
:1086900000F0C6FC2000403000F0E7F900F0D0F90F
:1086A0006268002312184B412000403000F018FB94
:1086B0001AE02078002817D000F0C2F922006832B2
:1086C00008320CCAFA2676030027B6185F418F429B
:1086D0000AD801D3864207D22000403000F0C5F905
:1086E0002000403000F0DFFA0DB0F0BD2818006027
:1086F00010180060002B002004100060C2F5280054
:108700008D5B0000F8B504008F480668EFF3108514
:1087100072B600F031FB8B4F3B00803303CB083B3C
:1087200003C4083C894AF9699868801B0EF096FAE0
:10873000020085F3108803CC0023801A9941F4BD10
:10874000ECEB6501FFEFFFFF8C2B00202603000000
:10875000A78C0510992B0020F8B586B0794D28001C
:108760008C30407B29008C31897B88422FD1287B3B
:1087700000282CD1032400F063F904AA03C202A844
:1087800000F04EFD290061316122AA5C002A02D16D
:108790004A78002A01D0012802D18978002918D00E
:1087A000AA6DEB6D04A803C88C242E5D0027361833
:1087B0004F41A86E00218019794100245230614157
:1087C0008B4227D301D8824224D3022405E0002023
:1087D00039E002281ED001281CD07D4B9A68002A5F
:1087E00030D0107B00282DD003CA083A00900191A8
:1087F00004A803C806000F00A86E00218019794163
:10880000002652307141009E019F8F4204D801D34F
:10881000864201D2012016E0032C12D110690028F3
:108820000FD12800403082420BD10120D8730020A4
:1088300000F08EFB81480168844A0A4002600320F0
:1088400001E00224200007B0F0BD0000682B0020EA
:1088500010100060FEB5002500270B0000D001239A
:108860007B4C2373110000D0012121726572E572E7
:108870000121A172EFF31081029172B600F064F948
:1088800003C4083C2F48826D0B462000283003C8E3
:10889000121A8B416F48AB4201D8824205D3A572B0
:1088A000029880F310880120FEBDE06B002803D100
:1088B00000F0B6FB07003CE0224E0CC82000283038
:1088C00003C88B4216D301D8824213D3B06DF16D29
:1088D00000900191A0203058002180185941009A41
:1088E000019B8B4206D301D8824203D3E06B007B0D
:1088F000002814D1002000F093FB0700E46BB26D58
:10890000F36D03CC083C8B4213D301D8824210D3C1
:10891000207B00280DD001209D21705409E086485D
:1089200001784906490E017000218174C57400F078
:1089300064FC029880F31088012000F009FB3800E5
:10894000FEBD0000002B0020140000603506000072
:10895000F8B50320C0437A490A6802400A600A68F1
:108960001040086083480168384A0A400260644C3D
:1089700020005830002646724681EFF3108772B609
:1089800000F05EF8A26DE36D121A8B418C20205C22
:108990000021121A8B4114001D0087F310888C48A7
:1089A0000068C005C00D222801D000F026FC002D73
:1089B00004DC01DB012C01D20120F2BD002D04DC1E
:1089C00001DB0F2C01D20220F2BD0020F2BD00001D
:1089D0008C2B0020EFF3108072B658490968584A72
:1089E000091D516011680323994302230B4313604F
:1089F00080F31088704710B5C024E4052000FFF70D
:108A0000ACFC002806D12000FFF7B6FC002801D1FD
:108A100000F0F3FB10BD3A480100613100226123F0
:108A2000C05C002800D00A708A70704780B5944AF4
:108A30003349C9690EF012F902BD00003018006018
:108A400080B500F099F9A44803C804BDFFFFFFBF3B
:108A5000582B002066FEFFFF10B500F041F904001E
:108A6000012000F075FAE0B210BDF8B59B4C21680A
:108A70000E00002300250A0001E035003669002EB3
:108A800007D08642F9D137698E4201D13A0000E021
:108A90002F616D462B7003732068904215D0694694
:108AA000100000F0B1F920606846007800280DD071
:108AB000EFF3108072B661794A1CA3799A4200D014
:108AC000491C617180F31088F1BD2260F1BD1CB5B5
:108AD000002400940098012000F0A2FAA248017836
:108AE000002902D0047000F00DF801209F490A68A7
:108AF00002430A6009680840009013BD00000000AE
:108B0000002B002018B500200090009998490871AA
:108B1000984802680B4B134003600A78531C4C784A
:108B2000A34200D0521C0A700121C2690A43C261EB
:108B3000C0690140009111BDC40000201018006000
:108B40000C000060FFFFFFBF10B5040000F014F937
:108B5000614803C80A00844200D2521C1100200060
:108B600010BDA348816801220A4382600021016090
:108B7000704700002818006070B504009D4D280063
:108B8000FFF729FC06002800FFF725FC8642F6D1F6
:108B9000002EF4D0984932124A43F3B24B431912D3
:108BA000511810314911E16026602800FFF715FCCB
:108BB00006002800FFF711FC8642F6D1002EF4D003
:108BC000B0118E49484380300012A060666070BDCD
:108BD00004ED00E0F8B50700894D687A7D2148432F
:108BE000C900EAF7DDFD461CF6B2804C854AA16952
:108BF0001B200EF033F82870687800F02AF83D2129
:108C00006054E878801900F024F8382160542879FD
:108C1000801900F01EF839216054687900F019F8C5
:108C20003A216054A87900F014F83B216054002FD9
:108C300006D0E878801900F004F81B303C2160541D
:108C4000F1BD68214143090ADB225043000C08189A
:108C5000704700B50200654840690021002309F013
:108C6000C1FC0322002309F0BDFC8022D2040023B2
:108C700012184B41D20E58010243100000BD0000F3
:108C80003506000080B55F4A0DF0E8FFBB49884219
:108C900001DD080002E0102800DA10200005000EB7
:108CA000B749086001BD10B5504C207B002806D1A3
:108CB0002078002801D0FFF754FF01202073FFF730
:108CC000BFFE00226430514102000B002000403002
:108CD00000F006F810BD0000802B0020942B00202F
:108CE000FEB500256C462570017B002901D00120CE
:108CF000FEBD0CC0083801210173C34C26680196E3
:108D0000070001E035003669002E08D00CCE083E81
:108D100003CF083F8B42F5D301D88242F2D338000B
:108D20000661002D01D1019000E028610199814286
:108D300014D1694600F068F8206068460078002881
:108D40000ED0EFF3108072B661794A1CA3799A4273
:108D500000D0491C617180F3108801E000F04DFAE9
:108D600068460078FEBD00009D2B0020441800607E
:108D7000992B002030180060F8B584B0EFF310860E
:108D800072B61A4C206F616F02AA03C29F48FFF7A8
:108D900011FB030027008037BB609D4D02A803C86C
:108DA000009001912A00E169A06F181A0DF056FF9A
:108DB0000021009A019B801859410CCF083F99422D
:108DC0000FD801D390420CD2009001912A00E169A2
:108DD0000020C0430DF042FF0021009A019B801843
:108DE000594103C786F3108805B0F0BD002B002061
:108DF0000810006000100060F6BC08005307000077
:108E0000C500002026030000F3B589B00446002009
:108E1000087000E02469002C00D196E0207B002837
:108E2000F8D0EFF31080029072B6FFF7A5FF002094
:108E30006946087000F0F4F87648019003CC083CCD
:108E4000019AC0CA0B00821BBB4106AD0CC50125AF
:108E500006AA0CCA002B6DDB01DC012A6AD36E4E18
:108E6000B26DF36D04AE0CC604AAC0CA019A126AB0
:108E7000002312184B419F4210D801D396420DD2C5
:108E8000664A1278002A09D004AA0CCA8B4207D37A
:108E900001D8824204D30198457701E06846057005
:108EA000384A5D48836906A803C819000DF0D6FE4C
:108EB0000600202E00D82026544D2800FFF77AFA0D
:108EC00086190836EE622800FFF776FA286B8021B3
:108ED000C90501432963C027FF053800FFF73DFAA4
:108EE000002829D13800FFF747FA002824D1684626
:108EF0000078002820D000F077F931000F2081435E
:108F00002800FFF755FA00212800FFF75BFA280038
:108F1000FFF73FFA2800FFF74FFA3F49080061309A
:108F200042786123C95C114300D0012141700021C6
:108F3000017001E00A980570029880F310880A9881
:108F40000078002801D0099800E020000BB0F0BDA7
:108F500010B531490C009834002808D0207800283A
:108F60000BD108004030FFF79EFE012004E008000E
:108F70004030FFF77AFD0020207010BDFF0F000089
:108F8000081800602603000070B52048FFF712FAA9
:108F9000214C25008035A860C04E3200216AA36FA5
:108FA000C01A0DF05BFE226F636F002180185941DB
:108FB000206761672078002813D1A868A16F401A44
:108FC000A16888420DD23200216A0020C0430DF012
:108FD00045FE0200206F616F002312184B4122678B
:108FE0006367206F616F03C5083DA868A067226FA3
:108FF0000B4660680021801859412200283203C2C4
:10900000E069206270BD0000942B00200018006011
:1090100035060000802B0020002B0020612B002053
:10902000F0B585B000216A4611709D4C2100603179
:109030008978002900D1D3E0EFF31081049172B652
:10904000012801D1FFF798FE20006030203003C8CE
:1090500002AA03C29348C0C80125A26DE36DC820CF
:1090600080020021801979418B420FD301D88242BE
:109070000CD3B9225200002392197B4102A803C8E5
:109080008B4201D802D3824200D3A3E002A803C8D6
:1090900000220A305141A26DE36D00264C3AB341E3
:1090A000994201D802D3904200D38DE03C20265C47
:1090B0006020205C210060310979012905D1002858
:1090C00001D0382006E0392004E0002801D03A2001
:1090D00000E03B20205C0190A26D02A803C8101A9A
:1090E0000390714AA16903980DF0B8FD0290200029
:1090F0006030806A6D4F2100603189687118C83115
:10910000039A914202991CD27A78891A019A8E1A8E
:1091100081196748FFF74CF900216548FFF752F9BC
:10912000C020C005FFF718F9C020C005FFF71EF9E1
:109130005F48FFF72EF95E48FFF73EF9019879780E
:1091400013E03D22A25C891A019A8E1A8119C0206F
:10915000C005FFF71AF95648FFF721F9C020C005EE
:10916000FFF7F3F801983D21615C40182100603160
:10917000896A029A891822008C32516039788022DB
:109180000A433A70F021B974FF21F9743218411D75
:109190008A420DD2C024E4052000FFF7DDF820004C
:1091A000FFF7E4F84248FFF7FAF869460D7005E06A
:1091B0003A4AE1690DF052FD8C2160543D4800218E
:1091C00081704570C57008E0210060318E7068467E
:1091D000057002E020008C300576049880F310883A
:1091E0006846007805B0F0BD304801784906490E60
:1091F000017000218174C17470471CB52E4C694602
:109200002068FFF701FE206068460078012806D13B
:109210006079411CA279914200D0401C607113BD5D
:1092200038B50400224D2800FFF7BEF8002803D00F
:10923000686A2060032032BDC025ED052800FFF7D5
:109240008CF8002805D02800FFF7A1F82060012045
:1092500032BD2800FFF790F8002804D02800FFF75F
:1092600096F82060022032BD80B5FFF74BFCF2F784
:1092700045FF01BD80B5F2F73DFFFFF728FC01BDBA
:1092800081B00020009000980C48016801220A4338
:1092900002600068009001B07047000035060000D1
:1092A000002B0020282B002026030000C4000020F3
:1092B00000180060602B0020942B002074000060D8
:1092C00010B504468069E169A2681018401A20624E
:1092D000E07DF5210140881CE075064801681831E1
:1092E00020460DF0DCFC20460DF006FD00210DF0BF
:1092F0001BFD10BDF02F002070B5104D28682830E0
:1093000000260068002816D0761E2830F9E7296864
:109310008C6A2831204609F091FB002120460DF08F
:10932000F9FD012803D120460DF01EFE02E0204683
:10933000FFF7C6FF761C002EE9D170BDF02F00208C
:1093400080B5054800684069002800D080BD002035
:1093500001460DF01BFE80BDF02F0020F8B504463D
:10936000C00626D416460D46144800686107C90E8B
:1093700040180069442203232146F2F783FA0028AB
:1093800019D0014685720027477211200872CF71EB
:10939000072088718E73FF20487182200871280E83
:1093A0004873280C0873280AC8722046F2F7C6FAD8
:1093B00002E0862700E007273846F8BDD82F0020B6
:1093C000F8B500924588AC081C80491C8AB2A618E2
:1093D0008788BE4200D9091B0A199200BE4200D9F3
:1093E0006D1C0326354052191A80A3001B18083340
:1093F000009C236092B20588521B17463740848830
:109400006743354052199208D21995B2C688B542C1
:1094100000D9C280A5420AD809B2002907D5997897
:10942000FC220A40511C9970083000990860A5423E
:1094300001D90020F8BD0120F8BD70B58678C57847
:10944000041D284621460DF011FE00281AD0142DC7
:1094500004D8B00822682146904770BD3F2D04D83B
:10946000002021460DF018FE70BD412D04D80020CB
:1094700021460DF018FE70BD622D03D80020214654
:109480000DF01CFE70BDF0B59FB01C46079209910F
:10949000014600261296119610960F960E960D967E
:1094A0000C960B961BA810220192F2F78CF82599C6
:1094B000080A069013A8821C0592401C0490089488
:1094C000200A03900A91481E0009C01C24990291A9
:1094D000C5B23746F8B20021854242D9169115919E
:1094E00014911391012813D0002820D113AC4920E6
:1094F00020700D2204980999F2F765F80A98E07334
:109500000698A07317A810222146F2F75CF821E014
:1095100013AC002110222046F2F759F8089A627025
:109520000398207005980799F2F74DF80CE0B0B257
:10953000029909180A9A141A102C00D3019C13A836
:109540002246F2F740F836190BA813A917AA0423EC
:109550000DF0BFFD17A81BA90BAA0DF0C4FD7F1CC1
:10956000B8E713AC099822460DF0CDFD1BA90FAA50
:1095700020460DF0B8FD0B990F9848401FB0F0BD84
:10958000F0B591B01F4603920291014600260C9659
:109590000B960A9609960DA810220092F2F713F87E
:1095A000012416980190380421D0A1B205AD02988B
:1095B0002A460DF0A8FD0DA909AA284604920DF02F
:1095C00092FDB8B210283D4600D3009D681E800869
:1095D000401CC3B2B6B20398801901998A19049944
:1095E0000DF077FD7F1BA8B23618641CDBE711B0C5
:1095F000F0BD8A7812044B781B029A18097851182A
:1096000001607047F0B5CBB00446E9F71BFA054698
:10961000207804A90291EAF7BBF9064660680702C0
:109620007B488642039737D04720870004A83946F5
:10963000E8F79CFE394671432A685518BA21695CDF
:109640000C20012900D1E0E06388D90606D539460F
:1096500071435118C98D1F2900D9D6E00821019303
:109660008B43152B06D1394671435118C98D0029FA
:1096700000D0CAE07743D219116D0029039B6FD047
:10968000496D00292CD0097A002929D03321019B6A
:109690000B421FD01220B8E0EAF796F9FF2817D046
:1096A000472189004143286845182078AA2168523B
:1096B0008C20002129504C20295438202954E9635A
:1096C0002964A962E96228468C304160029748E02B
:1096D00007209AE0B321515CA37E8B4200D094E036
:1096E000D78D002F039B3BD01046029E3146803120
:1096F0003346AE33B43604AA0092D785019A8A84E1
:10970000039A02963260227B1A70627E1A71A268F6
:1097100012020A60227EFD273A40042103260196A8
:10972000012A0E4600D0019EE27D032A00D0164693
:10973000DE70E27E3A40012A00D001992E30A27EEE
:10974000032A039E00D01146597123960088009980
:10975000E9F7B5FC002801D0452056E002980368DF
:109760000293207BAE216854207FB821685428469C
:10977000AE30617D4170A17D8170617E0171217E7D
:10978000FD231940042203260129114600D0314649
:10979000E77D032F00D03946C170E17E19400129D1
:1097A00000D03246A17E032900D00A4642712846E5
:1097B000A230EAF71FF9607FB9216854607BC221AB
:1097C0006854A07BC3216854A068000280216850BF
:1097D00060882F468037002179600E46B960039972
:1097E000E967B884A07B3871284685300F3406229B
:1097F0002146F1F7E8FE2846B430B98C09070299F2
:1098000001D50449E967016030464BB0F0BDC04660
:10981000FFFF0000DC050000B0B50A4A03280FD3A3
:1098200000239DB24C5D022C03D16D186D78012D83
:1098300005D01B195B1C9CB28442F2D300E01A468F
:1098400090B2B0BDFFFF0000F0B587B0009003AE4E
:109850003046F2F70DFE00273846F2F70BF8010A02
:1098600002AD69703F24044040343846F2F702F8F4
:10987000AC70287001AF304629463A460DF051FCD5
:109880000326009C204639463246F1F79CFEE01C38
:1098900029463246F1F797FE07B0F0BDF0B58BB020
:1098A0000A9316460F4605460743E9F7CBF80446E8
:1098B000002F07D03046EAF76BF8B54988421AD135
:1098C000422615E025464D35002637460A9628786B
:1098D00086420CD22068C019BA21415C012901D10D
:1098E0000DF03DFC472080003F18761CEFE70A9EF4
:1098F00030460BB0F0BD47218A0011464143236832
:109900005C18BA21615C012D21D142439F18C2200D
:10991000385C01252840002920D000280AD08C205E
:109920003858B96F3A468C32526805C1786FB96FB2
:109930007967B8679420385800260028D8D0943723
:109940000A980403F1F7CAFE20183860D0E7002611
:109950000129CDD120460DF002FCC9E7002807D02F
:109960008C203858002803D190203858002806D081
:10997000A420385AC10704D0F98DF52901D912263F
:10998000B6E7122601463140022903D14221795A15
:1099900000293AD000070CD57C48AA21795A814287
:1099A00001D00A9800E080208028A1D80A900028E1
:1099B0009ED01098A62178520A9909039422B95092
:1099C000002801D0BB217D54A82178522046E9F718
:1099D0006EFB064600288BD13946C23138466430CA
:1099E0003A4654327A67B8673E4678360978C907EE
:1099F0000DD100210160B9666648016820466530D6
:109A00000622F1F7E0FD306808E00C2670E78C21B3
:109A100079583A468C32526806C008388421795801
:109A20003A46843252688160C26020460DF0ADFB38
:109A3000002802D0E9F720FA05E0384674300168C2
:109A4000326802603160384694300A90B020395C48
:109A5000BC26B85D00953B46143322460893F8F7C0
:109A600063FC2046F8F7FCFB112109017C50F8212A
:109A70007850B4203958F0203950B85D8122520016
:109A8000B854FF220432BB5C2B43BB54CA087D2A66
:109A900001D37D21C9003E46A436F422B9502521C8
:109AA000F5F726FEF1F71AFE02460A990868B53264
:109AB000002801D0101808603946BC313088C00633
:109AC00009960A9104D420461146E9F7FCFA44E0CD
:109AD0003846EC3005900E460692F5F7C5FB03902C
:109AE000F6F792F90490B120385CF6F709F8079080
:109AF00020460DF066FB30780290002600969420F8
:109B00003146079A1346F5F7F3FB034600952046C6
:109B10000299039AF8F7CCFB0A9800780390009614
:109B200096202946079A1346F5F7E2FB034600966E
:109B3000019508980399049AF8F724FCEE203D5407
:109B4000FC2015493950ED20072139540221059890
:109B5000017006220699F1F7DFFD0646002811D0B4
:109B60000A980078F6F7DAFABD20385CF6F7D6FAEC
:109B700009980088C00700D1BAE6C420385CF6F71F
:109B8000C2F8B5E6BA3425700026B1E6FCFF000045
:109B9000FFFF0000D42F002094190410F8B50546EB
:109BA00000260670012400910C7016480068476D6D
:109BB0000BF061F9002801D01348847EE1B211371F
:109BC0003046324600290FD03B78002B09D0022BBB
:109BD00000D101203A460F3A137801229B0700D5A5
:109BE00016461437491EEDE7012A01D101212970DB
:109BF000012802D0F0B2012802D10020009908709B
:109C0000D0B2F8BDDC2F0020702E0020F0B593B04C
:109C10001A9D0124002D08930B9101D0214600E0EC
:109C2000032100279142214600D33946079206902E
:109C30000128204600D8384608430C901898024660
:109C400022408107C90F0592891842070392D20F5B
:109C500089180D91199E049608360E900146083910
:109C60001922D301C8B20A900F93E00736D00C989E
:109C7000002800D095E0E9F7F3F8012801D0012091
:109C800000E003200B99122488420F9B00D22CE1A4
:109C90000220084303280CD1099510AD28460DF089
:109CA000A9FA2846099D07F0D5F90F9B002800D195
:109CB0001BE10E98012811D00A98F92801D300243D
:109CC00000E00124E8F787FF4142414121430F9B17
:109CD00000D006E10E98022800D102E13046083893
:109CE0000088002D0AD1012189031224884200D95D
:109CF000FBE0B21F12888A4200D9F6E01224042841
:109D000000D2F2E0B11F0988042900D2EDE08142BF
:109D100000D9EAE0301F0188062900D2E5E0994227
:109D200000D9E2E0B01E0088062800D2DDE09842AB
:109D300000D9DAE0814200D9D7E031888A087C2A4C
:109D400000D9D2E072880A2A00D2CEE09A4200D925
:109D5000CBE0491C48438008824200D8C5E0F08827
:109D6000B188814200D9C0E010367F1C00240D98D4
:109D7000874200D279E70025109510AC0798207033
:109D80001195601C06220899F1F71DFC2046E9F7A1
:109D900057F8119910980DF037FA012807D10B24C4
:109DA000A3E00698012800D99EE012249DE0F7F771
:109DB000BBFD0646FF20DC30305C0C24C00700D021
:109DC00093E0872040003718F7F710F83870FF2825
:109DD00000D18AE0ED20400030180F90CC360D966F
:109DE000049CA0890990E0890290208901906689ED
:109DF000A3880C97E7882288618801200A90009048
:109E0000080480183904C9183204019BD218029B37
:109E10001B04099E9B19EEF731FB0E98400805992B
:109E20000840000121188A890992CA8902920A8988
:109E300001924F898B88CA88205A49880226009649
:109E4000090408181104C9183A04019BD218029B8E
:109E50001B04099FDB19E9F793F80E980640700878
:109E6000059908180399C9170140080121188A8922
:109E70000992CA8905920B894E898F88CA88205A0F
:109E8000498804240094090408181104C9193204EB
:109E9000D218059B1B04099C1B19E9F771F80B9854
:109EA0000F99C8700E98887106980C9A50700870B7
:109EB0000C460A9E96700D990D604D6007980870CB
:109EC000481C06220899F1F77EFB10A806816178EC
:109ED0008907C90F81721195109500F0A5F8044605
:109EE00003E0002900D160E71124204613B0F0BD43
:109EF000F0B58DB00A93144609910890F7F714FD58
:109F0000FF21DC31415CC90700D082E08521490096
:109F100041180291ED21490041180191CC30049083
:109F200012980790FA202040411E88416542654101
:109F300005430126600703943440C00F00940019C4
:109F4000069000270620059078430A9A11188C88FD
:109F5000105A0C9048880B90E8F782FF012801D036
:109F6000304600E003200021089A9042304600D39A
:109F70000846099A032A324600D80A4610434BD1B4
:109F8000E90749D10B9800040C9941180A061220E0
:109F9000520E3FD1079A012A06D1224A914239D85E
:109FA00001229203944235D88A0C33D0042C31D349
:109FB000090CA1422ED37F1C002506988742C1D3ED
:109FC000039D01998D71099808700898C870002048
:109FD000049C20606060009900290146029E09D01F
:109FE0000A9B99885A881B783370120222610902F1
:109FF000A16101216A070DD5059D4D430A9B5919A1
:10A000008A8849885B5D7370090261611102E161B0
:10A0100000E00C200DB0F0BD002801D11120F9E7BF
:10A020001220F7E7FFFF0040F0B58BB00546F7F7C9
:10A030007BFC0746FF200146DA317918DC303E5CB4
:10A0400001231E40287A3A46002817D012240128FE
:10A0500000D0E6E00891A97A012900D00221687AAF
:10A06000814200D2DDE007922968002919D06A6890
:10A07000002A16D0D001814216D3D2E00024002E4F
:10A0800000D1CEE0204615460E460DF0DFF82846FA
:10A09000E8F77DFF3079800700D4C2E0E8F7F0FEF2
:10A0A000BFE0022800D1BCE00593089800790221A6
:10A0B00004910843032809D109A806900DF09AF8E5
:10A0C000069806F0C7FF002800D1AAE0002E0CD1A8
:10A0D00028460799E8F750FF0446002800D0A0E082
:10A0E0004520800038180DF0BAF843208000381859
:10A0F0000390A83703CDC90406910403083DF1F786
:10A10000EDFA089A9178C90753D10121039A517148
:10A1100002911180002179640191B964697ABC656A
:10A12000002C069B00D12346FB65089A11707D2107
:10A13000C9004118F964396539607960002C0798C5
:10A1400000D1214679650DF090F83748026837480C
:10A15000006801997961B961089909793975C90768
:10A1600001D04F300246069238461530062411467B
:10A170002246F1F728FA7869B969F86139620798D7
:10A18000406E801C06992246F1F71DFA089908795D
:10A19000800702D5E8F770FE08998878A97A012926
:10A1A00001D104990843079A0299084308998870D5
:10A1B0000FE072B6697A1170002C1146069A00D130
:10A1C0002246BC65FA65002C079A00D120467865C6
:10A1D00062B60024002E24D1C879C00718D000210F
:10A1E00010461646F7F70AFBB06EB17DAA7A002A30
:10A1F000059B04D1039A1279521E53425341002702
:10A200003A46F7F725FA30463946F7F739FB324632
:10A21000A87A002802D11046E8F7A6FE01200DF02A
:10A2200015F820460BB0F0BDD42F0020EC2F0020F5
:10A23000F0B58BB004A8022181760024048302A823
:10A24000848006900590049026480990089407940D
:10A250000294FF26DC36F7F767FB0546805D202178
:10A260000143A955A91972B611200001285C0128E3
:10A2700002D10878C0071ED1019162B6E743E8F722
:10A28000E1FB054600684D35AA307F1C29788F42D6
:10A290000ED2472189004618017800242046E8F7AD
:10A2A0008DFD00283046F0D004A8F5F74DFF00E002
:10A2B0000C24019A0EE0872040002F1862B604A8F3
:10A2C0000E46F5F741FF3878F5F71DFD2846E8F70B
:10A2D0005EFE32461078DF210140117020460BB03F
:10A2E000F0BDC046FFFFFF0010B542788A4207D19B
:10A2F000017D0024002909D00830F1F7F7F905E0C5
:10A300004900426A515E09F083F80446204610BDB8
:10A3100010B51378837153788C1E0472C3710930A1
:10A32000911CE2B2F1F74FF910BD0000F8B50446F8
:10A33000344835490160A1886088F9F7AFFC0028EE
:10A3400014D00746A079012803D1B8880007800FF0
:10A350000AD12E480668356D002D09D0A188608885
:10A360000CF09AFF002805D00C2636E0022634E0D7
:10A37000882632E030465030296A0160002900D139
:10A380007065284620300090242228462146F1F7A7
:10A390001AF90120287028460CF090FF06460C2878
:10A3A0001A4A12D0122E10D0812E0ED0862E0CD02A
:10A3B000A879012803D1B88804210143B980882EE7
:10A3C0000DD1A0791138022809D200202862106826
:10A3D000406D05601068009941653046F8BD002663
:10A3E0002E621068C06C05602878FC210140881C32
:10A3F000287010680099C1640C20F1F739FEF1F75C
:10A4000091FEEAE760050020F9E60610E02F002043
:10A41000B0B50546C07A1224802829D8298C17297E
:10A4200026D31448821D914222D8298A17291FD386
:10A4300081421DD8A87E00281AD0E8F7D7FC002852
:10A4400008D0E87E002813D0802811D8287F401E2D
:10A450000E280DD8084834222946F1F7B4F80DF03B
:10A4600005F8002803D40DF079FA002400E08724D1
:10A470002046B0BDFA030000702E002081B04D4987
:10A4800001E081B04C490A6802430A60096808404B
:10A490000090009801B070477CB50DF0C5FA00F04F
:10A4A00097F800F0BAF80420FFF7E8FF0820FFF75C
:10A4B000E5FF00F0CBF80120FFF7E0FF00220221CA
:10A4C00011200DF0E0FA11200DF0E2FA5DA0006815
:10A4D00000903A4C206A0125ED430126304008D116
:10A4E0002068304320602068284020600120FFF76A
:10A4F000C8FFC020C00500906846FDF77BFD684698
:10A500000021002206C0206A304008D1206806439E
:10A5100026602068054025600120FFF7B2FF28482B
:10A5200000681028FBD36846A02149000180002460
:10A5300084700194FDF753FF224D28009430224986
:10A5400001600DF0CBFA002801D000F079F81F4827
:10A550002860E12000036860AC60EC602C610C2096
:10A560006861AC61EC612C626C62AC6228000DF039
:10A570001FFB002801D000F063F8002128000EF036
:10A580006EF8002801D000F05BF8002128000EF0E2
:10A590007FF8002801D000F053F828000EF042F8B0
:10A5A000002801D000F04CF800200EF0FBF80EF06F
:10A5B0001CF9FCE75000404860004048400040481B
:10A5C00010180060A82B0020000030480040004117
:10A5D00080B588B0182102A8E7F7C8FE68460021B8
:10A5E000002206C003200290802040020390102029
:10A5F000059002A80EF05CF9002801D000F020F8C8
:10A60000002000900190102168460EF079FA002891
:10A6100001D000F015F809B000BD80B586B0182152
:10A620006846E7F7A3FE02200090C0020590684646
:10A630000EF002FB002801D000F002F807B000BDC8
:10A6400072B6FEE70000000070477047704780B5A3
:10A6500000200EF02BFB80BD0168002202814281A8
:10A66000828182730B78FF2B05D0FE2B09D10389E1
:10A670005B1C03810AE04268511A091F8181002096
:10A680007047002B0DD143895B1C43814A88D21C43
:10A69000032313435B1CC9184A1D43689A42E1D344
:10A6A000EDE703207047F3B5079C0899250005D016
:10A6B0006D466C80FE242C706C4600E04468856812
:10A6C0004668AE4217D22678FF2E14D0067B002EA5
:10A6D00004D0002606732678002E0ED146686488C2
:10A6E000E41C032727437F1CF4194460AC4202D2C8
:10A6F0002678FF2EEFD10420F6BDFE2E01D00320D8
:10A70000F6BD6E463679FF2E04D066786F463F79E7
:10A71000BE42E3D14068001D1060608818800029A7
:10A7200001D0607808700020F6BD7FB515001C00D0
:10A73000099E002232800B9A01926A46128D009285
:10A7400002AB03AAFFF7AFFF010013D169460989E5
:10A750008D4201D306200DE0089A481B904200DA92
:10A760000200200003994919E7F7E4FD68460089D3
:10A770003080002004B070BDFEB5BB4D0D40491BBC
:10A780006B4619700024070016000AE004223119F4
:10A7900001A8E7F7CFFD019A391900200EF0C6FA9B
:10A7A000241DAC42F2DB0020C043019068460278D1
:10A7B000711901A8E7F7BEFD019A791900200EF082
:10A7C000B5FAF7BD70B544688668B44202D22678FF
:10A7D000FF2E01D1042070BD007B002801D1FE2E88
:10A7E00001D0052070BD6588A94201D3062070BD47
:10A7F00010001A00231D5918FCF75EFE002801D036
:10A800000020C04370BD7CB5079C0025069E3580A6
:10A81000250005D06D466C80FE242C706C4600E04F
:10A82000446845688668B54202D22678FF2E01D179
:10A83000042076BD007B002801D1FE2E01D005202A
:10A8400076BD6088814201D3062076BD401A9842C9
:10A8500000DA030010001A002B1D5918E7F76AFDF3
:10A86000608806990880002076BDF8B584B007009E
:10A870000E001500B44C254203D1FCF71DFE002844
:10A8800020D001A80C21E7F771FDCD483818C00A87
:10A890000290681E0443641C6003000E0390694626
:10A8A00001A80EF0B3FA00240AE06010800F00192E
:10A8B000032188433258391900200EF037FA241D3D
:10A8C000AC42F2D305B0F0BD0121017000214180FE
:10A8D00081807047F1B588B00C0015001E00002083
:10A8E0000090FF2229002000E7F742FDFE20694684
:10A8F000087507946846458206960E9D009C05AE35
:10A9000019E06846008A6988401A401E03240443FF
:10A91000641CA4B268886946098A0A1A521E032177
:10A920001143491C89B28F4242DB01200022B94207
:10A9300028706A8040D06846408A071B3F1FBFB21C
:10A940002878002826D0701C0390A888029004A8BC
:10A95000019000970798001D03190022FF21089815
:10A96000FFF7E3FE6946098AA98001000ED1684617
:10A97000008A7080042205A907980019E7F7DAFC1D
:10A980007088C01C032101436418C1E706990C803C
:10A9900009B0F0BDA888019004A800903B0007987A
:10A9A000021969880898FFF72EFF0100A9D0EFE788
:10A9B00000212970C01968806846408A069908807D
:10A9C0000020E5E7F8B5AE4CA544AE4902001423DB
:10A9D0005A438F187989002901D1002040E004A949
:10A9E00000F013F9059D02A8FFF76EFF80263601DF
:10A9F00002A8009001AB320008A904A8FFF76AFF83
:10AA00000400042C06D0002C2AD168468088B0426D
:10AA1000EED103E068468088002808D06846828826
:10AA200008A92800FFF721FFAD19002CE0D008A8E5
:10AA30000C21E7F79BFC624828184003000E0990A0
:10AA40000698401E711E0143491C481B4003000E1E
:10AA50000A90694608A80EF0D9F93800FFF7FCFD06
:10AA600089498D44F0BD0000FCFF0000F8B5844C1E
:10AA7000A54400216A469171002200238149060005
:10AA80000BE0B0680C245C43005D1424604308189C
:10AA90004089002800D001225B1C30798342F0DB22
:10AAA000002A25D080221201FF2108A80EF0F6F915
:10AAB0000025802424010DE002A8FFF705FF02A86D
:10AAC000009001ABE21B92B208A8C11904A8FFF7DD
:10AAD00001FF6D1C307985420CDAB0680C226A43A4
:10AAE000011D8F5804A9805C00F08FF80028E3D086
:10AAF00000201BE0220008A93068FFF7B6FE614C79
:10AB0000370069468D7900260CE0B8680C21714346
:10AB1000405C142148432018FFF79EFD010000D03F
:10AB20000500761C38798642EFDB280056498D44B3
:10AB3000F0BD96498A79824201D102207047897C12
:10AB40008142FAD000207047FF070000F8B54C4C56
:10AB5000A54404000E0080221201FF2108A80EF077
:10AB60009DF9002568460471802424011CE00C270F
:10AB70006F43B068C05D6A461279904213D004A951
:10AB800000F043F8B068C019476802A8FFF79CFEC0
:10AB900002A8009001AB9B1CE21B92B208A8C1194D
:10ABA00004A8FFF797FE6D1C30798542DFDB220099
:10ABB00008A93068FFF759FE002033498D44F0BDE5
:10ABC0000000FCEF10B5002470480C2161434118CF
:10ABD0008A792C4814235343C0180368002B10D1E2
:10ABE000012A0EDC0A6802608B88D218426009894B
:10ABF0000182FFF731FD010004D1641C012CE3DD6B
:10AC000001E0012010BD002010BD10B50200022A95
:10AC100001DB012010BD1B4B142462439A181368FA
:10AC20004B6052688A6001220A73087000204873E2
:10AC300010BD7FB56A4C0578142675436419A47B52
:10AC4000002C01D00A2008E003940294099C01948E
:10AC50006C46248C0094FFF768FD04B070BD7CB591
:10AC60005F4C0578142675436419A47B002C01D031
:10AC70000A2076BD0194069C0094FFF7C4FD76BDC2
:10AC8000E0F7FFFF082F002024080000FAB583B08A
:10AC900017000325791E03260E43761C0CE00C7862
:10ACA000FF2C18D0FE2C01D0002C6BD14A88D21C6E
:10ACB0002A43521C89184160826841684B1D9342A7
:10ACC000EDD38B490078142250430818408900289E
:10ACD00056D1022057E00290501A864B984201D27A
:10ACE000521A00E01A46824C92B2B0B26B461B8DEB
:10ACF000C018001D82423BDB6846007B01910021A9
:10AD00000091FE216A461170694648706846008DC0
:10AD100030184880009A019900200EF007F8049A34
:10AD2000B1B20198001DFFF727FD0B9A6846018D0F
:10AD30000198B6B28019001DFFF71EFD20000830F3
:10AD4000029909781422514340180188491C018056
:10AD50000298007814214843201881896A46128D90
:10AD6000BA18521E1543491B491F818100200AE071
:10AD70000298007814214843201840890028A8D060
:10AD80000B2000E0032005B0F0BD00008817041080
:10AD900010B504006168A06881421ED20878FF28BF
:10ADA0001BD0FE2817D1FF22D24300200DF0BEFF9A
:10ADB0004F4801000831227814235A4389180A8821
:10ADC000521E0A8021781422514340184189491C9F
:10ADD0004181002010BD052010BD042010BD0000E1
:10ADE000082F002078B585B004000026009669463B
:10ADF000FFF79FFE3E4D02281ED1142044432C191C
:10AE0000256802A80C21E7F7B1FA3B48281840034F
:10AE1000000E03906068401E38490143491C481BDE
:10AE20004003000E049001A902A80DF0EFFF2000DE
:10AE3000FFF712FC00201AE0012817D1009920002A
:10AE4000FFF784FE04000FD10AE0009880680C210F
:10AE50007143405C142148432818FFF7FDFB761C22
:10AE6000009800798642F0DB200000E0012006B067
:10AE700070BD1CB504000020009069462000FFF75B
:10AE800058FE022803D12000FFF79CFD16BD0128C3
:10AE900003D10098FFF7EAFD16BD012016BD38B5B5
:10AEA000174800214356DAB2114C14255543641952
:10AEB0006589002D03D0A589248AA54207D3521C99
:10AEC000D2B2022A00D100229A42EDD106E0531CF0
:10AED0005CB2022C00D10023190001E00022D24311
:10AEE0000170100602D4D0B2FFF7C3FF002032BDBC
:10AEF000082F0020FFFF00000000FCEFFF0700000C
:10AF000008300020F7B5010A04240125A64EA74FFA
:10AF1000C719082F06D27278002A0CD13570002686
:10AF20001A0026E0A24FC219152AF8D23278002A58
:10AF300001D17570F3E70C22AA4FB8420ED0363714
:10AF4000B8420BD07F1CB84208D01C700E265E7031
:10AF50009C70DD70187159719A7107E01C700F2692
:10AF60005E709C70DA701D71587199710720FEBD7A
:10AF7000761CF3000093A04B009FDB5B002B09D0F5
:10AF80009842F5D16846038C01890198AB4CE4598D
:10AF9000A047FEBD14700F2353709470D5701571C7
:10AFA00050719171E2E710B5A54C042322001432D0
:10AFB000A449A54820180DF07BFF0423A3482218BC
:10AFC00087218900A24820180DF072FF0020207010
:10AFD00004216170FF21A1700A21E1700221217119
:10AFE0006071A21D00210EF069F8402299482118D5
:10AFF00099480DF075FB10BD0A0091490B7C002BA0
:10B0000000D0704780B501230B74010092480CF00A
:10B0100005FE01BDF0B5914CA544002669468E8021
:10B02000874C607C002802D0667400F0FAFB8648EA
:10B0300020180DF045FF002810D0207C00280DD1ED
:10B040006A4601A9804820180EF01EF8002805D194
:10B05000684681880098001DFFF7CEFF7C482018C5
:10B060000DF02EFF002835D088AA01A978482018B5
:10B070000DF0F6FF88A80078012888A83FD147780E
:10B0800081780906090C0F430425A1498F420BD191
:10B09000207C0128FCD09F4801680906FBD5016887
:10B0A0004906FCD5F1F7E2F886208000009002AB5B
:10B0B00068468088421B92B288A841193800FFF781
:10B0C00021FF0122010002A800F054F86048201876
:10B0D0000DF001FF207801280ED100960023621C9C
:10B0E0000D21594820180DF027FF002804D12670A3
:10B0F000A21D00210DF0E2FF87488544F0BD0078D5
:10B10000812807D188A8477881780906090C0F4360
:10B110000525BAE74E4820180DF0DDFEECE780B5B6
:10B1200002000020009000237C480DF005FFF1F79D
:10B1300099F801BD7CB5069C00940DF0FDFE002839
:10B1400015D069461C200C56402C10D201253C4ECF
:10B150003570B01D0DF0C2FFB21D0123A3401C00CD
:10B16000DD1704430D43200029000DF0A7FFF1F780
:10B1700079F873BD0B0000D17047E0B50192002251
:10B180000092002302006648FFF7D4FF07BD3EB5DA
:10B190000C0008D06D4618242C5701940092020030
:10B1A0005F48FFF7C7FF37BD02300020FADFFFFF1F
:10B1B000CADFFFFF1CB55A4C20000DF071FF2000C4
:10B1C0000DF07EFE00280CD001AA694620000DF08B
:10B1D0005BFF002805D1684601880198001DFFF734
:10B1E0000BFF13BD0D20000080B50020144908742A
:10B1F000FFF7E0FF01BD0000F410041038B5402156
:10B2000080228058006840680C1AA4B20C4D698AEC
:10B21000A14212D068180F4BC018A14202DA611A7D
:10B2200089B207E04022511A89B20DF06DFF21006A
:10B23000084828180DF068FF6C8231BDF810041022
:10B2400004150020FC080000440D0000280B00003D
:10B25000540D0000640D0000A82B0020C4FBFFFF6C
:10B26000F2B504002078042825D160783E2812D158
:10B2700000202C4900E0401C0204520B8B5A002B8A
:10B2800022D0E5789D42F6D1201D091D89588847B6
:10B29000002834D12CE0FF2816D00020224900E0FD
:10B2A000401C0204520B8B5A002B0DD065789D4236
:10B2B000F6D1E01CE9E782281AD16178201DFF2928
:10B2C00016D10023194A03E06178E01CF7E75B1C04
:10B2D0001904490B555A002D0AD0067847783F06C5
:10B2E0003F0C3E43AE42F2D1801C121D5158CEE7B6
:10B2F000684601880022D2432000FFF73BFFF1BDE2
:10B3000080B501200A494874F0F7ACFF01BD000088
:10B31000030C00001C4000413C04000058220020A7
:10B320004822002014160410041604101C160410E1
:10B3300004150020F0B5C1B00E00894C2178002919
:10B3400001D00C2028E069460B8117004881F821C4
:10B3500003A8E7F70BF80025E560039503A8019023
:10B3600068460089009000237A1C92B20421684646
:10B370004089E8F727F801000ED1684640896080CF
:10B38000A680E7806846008920810120E060207067
:10B390006570F0F763FF002041B0F0BDF8B5C0B0B4
:10B3A0006F4C2378002B01D00C2022E016000F00F8
:10B3B00069468880F82102A8E6F7D8FF0025E560F5
:10B3C000029502A8009033003A0004216846808864
:10B3D000E8F75AF801000CD1684680886080E78061
:10B3E00026810120E060022020706570F0F736FFB2
:10B3F000002041B0F0BD10B55A4B1C78002C01D094
:10B400000C2010BD002A01D1012200E002221A7096
:10B410005880998000209860D860186110BD50480D
:10B420000178002901D10C20704705E04D480178D2
:10B43000002901D10C2070470021017000207047C5
:10B4400030B5484C658885421AD1A088884217D10A
:10B450001878597809020143987805040D43D87883
:10B4600000062843E168884202D02169491C216115
:10B47000401CE060A068401CA060A282012030BD9A
:10B48000002030BD10B5374C2478012C02D1FFF7D5
:10B49000D7FF10BD002010BD10B5324C2478022C0F
:10B4A00002D1FFF7CDFF10BD002010BD2C48017860
:10B4B000002903D00021417001207047002070470F
:10B4C0002748C0687047274A002801D0938A038024
:10B4D000002901D0106908609068704738B5C0B085
:10B4E0001F4C6078002839D12078012501281BD114
:10B4F000F82102A8E6F73AFFE06801E00298401C54
:10B50000029002A80190208900900023E288521C3A
:10B5100092B204216088E7F755FF0028EED0882812
:10B5200000D16570029818E0022817D1F82101A80F
:10B53000E6F71CFFE06801E00198401C019001A8BB
:10B5400000902389E28804216088E7F79DFF0028A6
:10B55000F2D0882800D165700198E06041B030BD1C
:10B56000842F0020542F0020F0B581B025490C68AD
:10B57000002565740DF06EFE234E3068C068F3F749
:10B580002DFF002801D0042723E03068C068F3F7BE
:10B590000FFF002801D001271BE03068C068F3F7D7
:10B5A0000BFF002801D0022713E03068C068F3F7D2
:10B5B0001DFF052700280CD13068C068F3F71AFF7B
:10B5C000002806D13068C068F3F7E1FE00282F4656
:10B5D0000BD00120B8400D4909680A6802430A608F
:10B5E0000020F0F745FDF0F79DFD607C012807D1B4
:10B5F000217B0F200840A26809090DF059FF6574EE
:10B6000001B0F0BDEC2F0020F02F0020D82F00203B
:10B61000BCB5414CA16900910840A06135E0521CC5
:10B62000D300E51803000B402F681F40F7D02A68AD
:10B63000104001406868084002D10020C0436860A3
:10B640006868084000F06CF801006A6801208840D2
:10B6500082436A606162EFF3108172B6626A012010
:10B660009040C2432069104020610220C300E318CB
:10B67000083B1D6815401D60401EF7D181F31088FE
:10B680002648616A8900405880472369E2696069F9
:10B69000256AA16903400B4003D0154001D1002267
:10B6A000BEE70020C0436062206A104014D10DF054
:10B6B000A2F8EFF3108572B62169E06962690A4069
:10B6C000A169114004D1216A014001D10DF094F823
:10B6D00085F310880DF0EDFE0098A061B3BD38B57C
:10B6E0001400EFF3108572B600F01AF880000B49D1
:10B6F0000C5085F3108831BD10B5EFF3108272B68F
:10B70000054B1C6904431C61C90059180B68184398
:10B71000086082F3108810BD00050020482C00202E
:10B720000021020C120401D110210004020E1206A5
:10B7300001D108310002020F120701D1091D0001D9
:10B740001F22511A02A2000F105C081AC0B27047E3
:10B7500004030202010101010000000000000000DA
:10B7600038B588B0119C129D069507AD0595109DC2
:10B7700004950F9D03950E9D02950D9D01950C9DC1
:10B78000009500F004F80799218009B030BDFFB59D
:10B7900083B00F9F109E119D12980DF08BFE002418
:10B7A00068468460446001A8009002AB9B1C01AA1B
:10B7B000921C02A9C01C0DF083FE012003990870A1
:10B7C0000521049A1170059A1470069908700C9856
:10B7D00004800F206946098901400D9A117069465D
:10B7E00089880906090F0E9A1170694689880840F0
:10B7F000387068468088C00B30701548286000207B
:10B8000007B0F0BD1348418802888A4200D17047D2
:10B8100080B5521C028092B28A4201D1FFF770FDBE
:10B8200001BD1CB50024019468460DF05BFE01A823
:10B830000DF068FE019880B204F0ADFCEFF31080CB
:10B8400072B604490C804C8080F3108813BD000050
:10B85000EF0D49003000002080B5FFF76BFD02BD01
:10B8600080B5FFF79BFD02BD80B5FFF7C4FD02BDAB
:10B8700080B5002802D0012804D006E0FFF7CFFDF4
:10B88000002002BDFFF7D2FDFAE7122002BDF8B595
:10B8900005000C0017001E00FFF712FE28603100A3
:10B8A0003800FFF710FE20600020F2BDF8B503005D
:10B8B000100000930322114201D1134001D0122045
:10B8C000F2BD00250CE0002603243702AE00361935
:10B8D000865D3E43641EF8D5009CAF00E6516D1CAA
:10B8E0008C08A542EFD30020F2BDF7B504000A0092
:10B8F0001800019403210A4201D1214001D01220F5
:10B90000FEBDEFF31081009172B600210BE0019BA8
:10B910008D005E5900238F00FF18C655360A5B1C48
:10B92000042BF8DB491C93089942F0D30298009944
:10B9300081F3108802700020FEBD80B50DF0EAFD95
:10B9400080BD000010B5FFF73DF9424C211D0020DD
:10B95000FFF75BF9210014310120FFF756F9201D94
:10B96000206010BD3EB53B4D022802D12C0014349E
:10B9700000E02C1D2C6001936B461B8B00930B0089
:10B9800001002000FFF782F9002805D0022801D12C
:10B99000002000E00120C0433EBDF8B584B00E0099
:10B9A00019002C4C022E03D125001435012301E08F
:10B9B000251D00230700256028466D466A810391F6
:10B9C0000A9D022F08D102A900912B00039A694613
:10B9D0004989FFF744F90FE0002F03D10100180057
:10B9E000FFF713F902A801900095039B684642896E
:10B9F00031002068FFF71DF9010001D1002005E0AA
:10BA0000042801D1022000E00120C04305B0F0BDB0
:10BA100010B5140023000A0001000E480068FEF76C
:10BA2000D1FE002804D001D5200010BD0220C04363
:10BA300010BD80B5022807D1064908681431884234
:10BA400007D0FFF7A5F901BD032802D10020FFF7B9
:10BA5000C9F901BD302F002080B5B74800214160F1
:10BA600001600DF06DFD01BD10B50400FFF7F4FF9E
:10BA7000200005D0E6F76AFF002802D1002400E08C
:10BA80000020010020000DF05FFD3C21AB48E6F7EF
:10BA90006DFC10BD38B5040000F04DFE0021200003
:10BAA0000DF05EFD0025A5480C21694340188188F2
:10BAB000A14202D10C21E6F759FC6D1C042DF2DDE8
:10BAC00031BDF3B581B017001E001020E6F73EFF30
:10BAD000040007D01021E6F749FC2820E6F736FFDE
:10BAE000050001D18720FEBD684606702821280088
:10BAF000E6F73CFC002620216E5468460078E88278
:10BB00002F752E762A0002996846007900F0D4FD40
:10BB10002800E7F72BFC07000DD12800E7F72EFCE3
:10BB20006080A66065602670200000F05DFD608882
:10BB30000899088005E06068E6F72EFF2000E6F728
:10BB40002BFF3800FEBDF8B507000C001600E7F724
:10BB500019FC050016D10DF02BFEA04202D10DF00C
:10BB60002CFE0AE00DF00FFFA04202D10DF010FFF5
:10BB700003E0200000F093FD406801003800E7F783
:10BB800009FC30802800F2BDF7B58EB01E00C14917
:10BB90008E4201D31220C2E01020E6F7D7FE040047
:10BBA00029D01021E6F7E2FB2420E6F7CFFE0500BE
:10BBB0001ED0199F2421E6F7D9FB2A1D10990FA842
:10BBC000007800F079FD6F7016A80078287017A82B
:10BBD0000078A870002028766560B01D80B2E6F776
:10BBE000B5FEA0600246002A07D16068E6F7D4FEE1
:10BBF0002000E6F7D1FE872091E01A9818996B464D
:10BC00001F8F5680020000D00122A0680270A06839
:10BC10008680A06841703100A068801DE6F7A6FB11
:10BC200039002800E7F7BAFB06007AD11B9F2800ED
:10BC3000E7F7BCFB3880401C6080012020702000AA
:10BC400000F0D2FC17A8007828240440287830217E
:10BC500001401DD0032109A8E6F788FB8E486946FC
:10BC6000088508A80790002006900720059001206D
:10BC7000049003200390029409A8019003200090EF
:10BC800003230AAA0121388800F05AF8060020D1BF
:10BC90002878C0071FD508A8002101704170CC4842
:10BCA0006946088508A8801C079000200690072098
:10BCB00005900120049003200390029408A80190AD
:10BCC0000220009002230AAA0121388800F038F8E7
:10BCD0000600300022D1287800061FD508A80021D0
:10BCE00001704170A42080016946088508A8801C65
:10BCF0000790002006900720059000200490012066
:10BD000003900020029008A80190022000900223D6
:10BD10000AAA0121388800F013F80600300011B09B
:10BD2000F0BDA068E6F738FE6068E6F735FE200053
:10BD3000E6F732FEF2E70000A02F0020F42D0020ED
:10BD4000F3B583B014001D0087206946087051497F
:10BD50008D4201D312209AE01020E6F7F7FD07008C
:10BD600000D192E01021E6F701FB1C20E6F7EEFD82
:10BD7000060000D181E01C21E6F7F8FA7E6001940C
:10BD80000E9C6846007C012824D101980088424915
:10BD9000884202D0891E88421CD10C20E6F7D6FDCD
:10BDA000B061002866D00021002200230EC02800C8
:10BDB000E6F7CCFDB1698860002850D069460A8D4D
:10BDC0000B99E7F7D5FEB0698580E10720D5012101
:10BDD00001701DE0A81D80B2E6F7B8FDB86000282C
:10BDE0003DD069460A8D0B99801DE7F7C1FE684674
:10BDF000008DB968488010A80078002800D0012084
:10BE0000B9680870B8688580B86844700020B0616F
:10BE10000F9C0D9D321D01996846007C00F04CFC82
:10BE20007470A807800F30700CA80078B070684656
:10BE300081893000E7F7BEFA6946087068460078E5
:10BE400000280CD1119C3000E7F7B8FA78802080E8
:10BE500002203870380000F0C7FB002017E0B069FE
:10BE6000002807D08068002801D0E6F795FDB0696A
:10BE7000E6F792FD3000E6F78FFDB868002801D0A4
:10BE8000E6F78AFD3800E6F787FD6846007805B0DA
:10BE9000F0BD0000010200000229000038B50500D5
:10BEA000E7F780FA040008D16D1CA8B200F0F7FB98
:10BEB000002802D0012100F0B1FB200032BD38B5CE
:10BEC0000500E7F757FA040007D1280000F0E7FB68
:10BED000002802D0002100F0A1FB200032BD80B577
:10BEE000E7F754FA02BDB8B50BB482B015006A4644
:10BEF000194668460089E7F77DFA04006846878995
:10BF00000FD104980088C11BA94201DAC21B00E0CE
:10BF10002A000A98028092B200990B98E7F728FE4F
:10BF200025E0008900F0BBFB002801D112241EE0AF
:10BF3000806841886A4692898A4201D3122017E0BC
:10BF40006A469289891A049A11804188CA1BAA42BA
:10BF500003DA6A4692898A1A00E02A000A990A805E
:10BF600092B2C019811D0B98E7F702FE0024200051
:10BF700006B0B0BDF8B507000C0015001E000DF0AE
:10BF800076FC002823D0380000F089FB002804D07C
:10BF9000836899886219914201DA1220F2BD017812
:10BFA000022909D14068017D102905D1008A534931
:10BFB000884201D10C20F2BD1878012800D15D80A3
:10BFC0002A0031001819801DE7F7D2FD0020F2BDCC
:10BFD0000329000038B505000C00D220204032D1E2
:10BFE00028000DF0D1FB812810D1210028000DF090
:10BFF00098FC81280AD1280000F051FB002822D0AB
:10C000000178012903D140688470002032BD0229E3
:10C0100019D14068017D1029F6D1018A374A914231
:10C0200002D0521C914203D10521214009D1EBE7F6
:10C03000D21E914205D0121D914202D0521C914253
:10C04000E2D10C2032BD122032BD7CB516001C009E
:10C050006B46E7F7D3F9050008D13288112A01DBD6
:10C06000072076BD20000099E7F782FD280076BD05
:10C0700038B500240223CA0700D502240822194239
:10C0800000D014430423194202D0250004242C4379
:10C09000114202D0210040240C43050021000DF084
:10C0A0005DFB010014D0210028000DF014FC0100FC
:10C0B0000ED0280000F0F3FA00281CD001780129E6
:10C0C00007D140680178B1220A401443047000206F
:10C0D00032BD02290FD14068017D1029F2D1018AB9
:10C0E000074A914205D0521C914202D0521F914200
:10C0F000E8D10C2032BD122032BD00000229000020
:10C1000004290000F0B585B00A9C250004D0082D54
:10C1100002D0803D202D14D20025002704956E46C4
:10C12000B081684641810281037120004ED1002414
:10C130000B9E002B11D16846008900F0B0FA002850
:10C1400001D1122051E080684188B14201D2072418
:10C1500040E00F008019801D11E00C9D122B10D1C2
:10C160000D980190009533006846028941898089C5
:10C170000DF066FA002800D009242F000D980490D5
:10C1800028E0102B01D0112B20D16846008900F047
:10C1900086FA0600B06881882A00914201D20D24F7
:10C1A00003E00D99801DE7F7E3FCB06801780129F1
:10C1B00000D145804178C90708D5801D00902B002B
:10C1C000684602894189808904F059F868460079F7
:10C1D000112809D00498019000972300684602892D
:10C1E00041898089E7F7FDF8002005B0F0BDF3B57F
:10C1F00085B004000026012A24D1002500276846C6
:10C20000848002AC09E08388801D00902A00002110
:10C210006846808804F033F8002502AB2A0000212C
:10C22000684680880DF0E0F900283ED128001BD137
:10C2300068460589284600F032FA070014D10E2618
:10C24000684684886846058B002120000DF088F937
:10C250000020019000903300002229002000E7F721
:10C26000C0F8002007B0F0BD002F01D10A26E7E793
:10C27000B868838861888B4201D20726E0E7A288EC
:10C280009C460B4699188C450DDB0499C018801DFF
:10C29000E7F76EFCB86801780129BED16188A288F1
:10C2A00089184180B9E70D26CAE72800C8D0002FB9
:10C2B000B2D0B8684178C907AED501780129A2D1BA
:10C2C0004388A1E77FB515001C006B460A000021DA
:10C2D0000DF072F906000CD1099808996A46138886
:10C2E0002B805388238093880B8092880299E7F7EC
:10C2F0003FFC300004B070BDF3B581B017001E00E4
:10C3000081256846038C0122808800F0ECF9040046
:10C310001CD009996068078046806A46128C82802A
:10C3200022000C3282606846028C20000C30E7F755
:10C330001FFC6268684601898088E7F7B5F8050048
:10C3400004D068460189808800F0F5F92800FEBD18
:10C35000F3B581B017001E0081256846038C0122C9
:10C36000808800F0C0F904001CD00999606807803B
:10C3700046806A46128C828022000C3282606A46B5
:10C38000128C8068E7F7F4FB636801226846018934
:10C390008088E7F78DF8050004D068460189808819
:10C3A00000F0C9F92800FEBDF3B581B016001F00EA
:10C3B000812501226846808800F095F9040015D097
:10C3C00008993A000C30E7F7D3FB20000C300090BE
:10C3D0003B003200684601898088E7F75FF8050076
:10C3E00004D068460189808800F0A5F92800FEBDC8
:10C3F00070B50B0011001A0001D1122070BD00258C
:10C40000AC4C0C236B43261DF65A864203D1A61C66
:10C41000F65A964203D06D1C042DF2DD02E0E15481
:10C42000002070BD00230C255D436519AE88002EE9
:10C4300002D16E88002E03D05B1C042BF3DD0DE0CF
:10C44000A8806A8029702800E7F747F8040003D025
:10C450000C212800E5F78AFF200070BD072070BD81
:10C46000F8B584B004000D001600184600F017F966
:10C47000070048D0B8686946CC818D810A9D0B9928
:10C480004278920710D5002E01D0102300E011232E
:10C490000291EDB20195002000906846028A8189E0
:10C4A000C08903F0B6FE2EE08288AA4201D20D2494
:10C4B00004E02A00801DE7F75BFB0024B8680178E0
:10C4C000012900D14580012E09D100200190009062
:10C4D00023006846028A8189C089E6F782FF002C22
:10C4E00011D1B8684178C9070DD50178012901D16A
:10C4F000438800E08388801D00906846028A818915
:10C50000C08903F0BCFE012005B0F0BDF6B583B0D4
:10C5100007001C000025002602956846008A00F0EE
:10C52000BEF8002801D101231CE08068002801D159
:10C530000E2317E0417849070AD50295019500942A
:10C5400000236846028A8189380003F062FE12E007
:10C550004188A14201D2072304E00E000019801D8A
:10C56000029000230298019000966846028A818911
:10C570003800E6F736FF012005B0F0BDF3B583B013
:10C5800014001E000A9F0B9D200000F088F8002870
:10C590001ED033008068407880070BD50295FFB22B
:10C5A00001970093122322006846018A808903F0D4
:10C5B00030FE16E00195009722006846018A8089C6
:10C5C0000DF03EF8002801D0092302E0002300E02E
:10C5D00001230195009722006846018A8089E6F7C9
:10C5E00000FF012005B0F0BD10B561494A68002A7E
:10C5F00003D148600021C16010BD43885488A34224
:10C6000003D2C260486010BD0A00D168002902D080
:10C610004C88A342F8D2C160D06010BDF2B50500CD
:10C62000534C00E03D00002D35D0EF6860680028D5
:10C630000FD0698842888A4203D1C068606008E0F0
:10C640001000C268002A04D053888B42F8D1D16808
:10C65000C1602878012802D002281DD00BE068684C
:10C66000066A002E07D0B068002801D0E6F794F9DA
:10C670003000E6F791F9A868002801D0E6F78CF9B8
:10C680006868E6F789F92800E6F786F93878694698
:10C6900009788842C6D1F1BD68688669E1E7010082
:10C6A0003348406800E0C068002802D042888A42CF
:10C6B000F9D17047F42D002010B51400012808D1DD
:10C6C000022220000C30E7F753FA102020740020DB
:10C6D00010BD022805D110222000E7F749FA80207A
:10C6E000F4E7122010BDF8B504000F001500180083
:10C6F0000C3080B2E6F72AF906001AD00C20684305
:10C70000E6F724F970600025002804D13000E6F730
:10C7100043F900260DE0B560348077801448016845
:10C72000002902D1066004E0010088680028FBD1DE
:10C730008E603000F2BD70B500250D4A13681C00F4
:10C7400001E02500A468002C11D026888642F8D18B
:10C7500066888E42F5D1A0689C4201D1106000E04D
:10C76000A8606068E6F718F92000E6F715F970BDD3
:10C77000A02F002080B508000421FFF78BF90020CE
:10C7800002BD80B5FFF7D7FF002002BD10B5140031
:10C790001222E270062B01DC002010BD022908D114
:10C7A000017842781206120C11430800E6F7FDFEEC
:10C7B000E070042020700F216170A07001212171B0
:10C7C0001D21617117E210B514001222A271062B0F
:10C7D00001DC002010BD082902D10DF0E5F8A071A0
:10C7E000042020700E216170A0700120E07015E01F
:10C7F00010B514001222A271062B01DC002010BD1E
:10C80000012903D10078E6F7C8FEA071042020704A
:10C810000E216170A0700120E070492020710C2071
:10C820006071072010BD10B514001222A271062BF2
:10C8300001DC002010BD082902D10DF0C5F8A0715F
:10C84000042020700E216170A0700120E070632030
:10C85000E4E738B514001222A271092B01DA002096
:10C8600032BD050004290CD1A978E8780006000C37
:10C87000014328786A781206120C1043E6F7A9FEE5
:10C88000A071287869780906090C0843E071000A4C
:10C890002072042020700E2060700620A0700120FD
:10C8A000E0707C2020710C2000F06EFC3EB514007E
:10C8B00000206D466A46686090601220A0710F2BC0
:10C8C00001DA00203EBD00290BD101A8801C009098
:10C8D00002AB01AA02A9891C01A8401C0CF0F0FDC2
:10C8E000A07168464079E071684640892072000A6C
:10C8F000607268460079A07268460089E072000A9A
:10C9000020736846C0886073000AA07304202070FA
:10C910000E2060700C20A0700120E07020711020AB
:10C9200060710F203EBD38B5140000226D462A709C
:10C930001222A271092B01DC002032BD0500022960
:10C9400008D1287869780906090C08436946E6F792
:10C9500038FEA071287869780906090C0843E0714F
:10C96000000A2072684600786072042020700E2051
:10C9700060700720A0700120E07005202071142055
:10C9800060710A2032BD3EB51400684600220025C1
:10C9900024C01220A0710F2B01DA00203EBD002917
:10C9A00003D168460DF020F8A07108226946E01D09
:10C9B000E7F7DEF8042020700E2060700C20A070D5
:10C9C0000120E07003202071202060710F203EBD07
:10C9D0001CB5140000206A4610701220A071072BAD
:10C9E00001DC002016BD002903D168460DF006F8D1
:10C9F000A07168460078E071042020700E206070FD
:10CA00000520A0700120E0700F2014E110B5140083
:10CA10001222A271062B01DC002010BD052902D1D3
:10CA2000E6F7BFFDA071042020700E216170A07098
:10CA30000120E070142020712020F1E610B51400D0
:10CA40001222E270062B01DC002010BD022908D161
:10CA5000017842781206120C11430800E6F7A9FD8E
:10CA6000E070042020700F216170A07001202071FF
:10CA70001620BEE010B514001222A271062B01DCB4
:10CA8000002010BD012903D100780CF0BEFFA07179
:10CA9000042020700E216170A0700120E0701D2024
:10CAA00020712020BCE610B514001222A271062BC2
:10CAB00001DC002010BD032905D18278417800787F
:10CAC0000CF0B6FFA071042020700E216170A070E0
:10CAD0000120E0701E2020712020A1E61CB514006A
:10CAE00000206A4610801220A071092B01DA002074
:10CAF00016BD002903D168460CF0F4FCA07168460D
:10CB00000088E071000A2072042020700E206070FE
:10CB10000620A0700120E0701F202071202060718D
:10CB2000092016BD38B514001222A271092B01DAB2
:10CB3000002032BD0500062911D12A796879000646
:10CB4000000C0243A978E8780006000C014328781D
:10CB50006B781B061B0C1843E6F73FFDA071287885
:10CB600069780906090C0843E071000A2072042064
:10CB700020700E2060700620A0700120E07022203E
:10CB800000E310B514001222A271062B01DC002074
:10CB900010BD04290DD18178C2781206120C114300
:10CBA000027843781B061B0C1A431000E6F719FDA8
:10CBB000A071042020700E216170A0700120E0702F
:10CBC0002420207120202BE610B514001220E070E4
:10CBD000062B01DC002010BD002902D1E6F7F5FC90
:10CBE000E070042020700F216170A070012020717E
:10CBF000252060712020A071072010BD1CB51400F5
:10CC000000206A4610701220A071072B01DC002062
:10CC100016BD002903D16846E6F73CFDA0716846C1
:10CC20000078E071042020700E2060700520A07054
:10CC30000120E0702A20207120206071082016BD9C
:10CC4000FEB505000E0014001F0006216846E5F73A
:10CC50008DFB1220A0710D2F01DA0020FEBD072EE2
:10CC600005D16A46691C2878E6F718FDA0710622EE
:10CC70006946E01DE6F77CFF042020700E206070FE
:10CC80000A20A0700120E0702B2024E0FEB50500F2
:10CC90000E0014001F0006216846E5F767FB12200E
:10CCA000A0710D2F01DA0020FEBD072E05D16A46C6
:10CCB000691C2878E6F7F6FCA07106226946E01D9B
:10CCC000E6F756FF042020700E2060700A20A07046
:10CCD0000120E0702C202071202060710D20FEBD0D
:10CCE0001CB5140000206A46506010601220A0712C
:10CCF0000F2B01DA002016BD002907D16B46921CCC
:10CD000001A901A8801CE6F770FCA0716846C088E4
:10CD1000E071000A2072684680886072000AA07282
:10CD200068464088E072000A207368460088607395
:10CD3000000AA073042020700E2060700C20A070E8
:10CD40000120E0702F202071202060710F2016BD7F
:10CD500010B514001222A271062B01DC002010BDB8
:10CD6000032905D1827841780078E6F788FCA07124
:10CD7000042020700E216170A0700120E07031202D
:10CD8000207120204CE538B514001222E270062BE9
:10CD900001DC002032BD072911D1417982791206C8
:10CDA000120C1143057842781206120C15430091BB
:10CDB0000379C27881782800E6F765FCE0700420EA
:10CDC00020700F216170A0700120207132206071ED
:10CDD000202002F0D7F910B514001222A271062B00
:10CDE00001DC002010BD032905D18278417800784C
:10CDF000E6F7A3FCA071042020700E216170A070E2
:10CE00000120E07033202071202009E510B51400C6
:10CE10001222A271062B01DC002010BD042906D1CC
:10CE2000C378827841780078E6F78BFCA071042003
:10CE300020700E216170A0700120E07034202071FC
:10CE40002020EDE410B514001222A271062B01DCA3
:10CE5000002010BD8278C91E914205D1C31C4178C3
:10CE60000078E4F767FFA071042020700E21617044
:10CE7000A0700120E0703F2020712020D0E438B560
:10CE800014001222A271062B01DC002032BD0229FF
:10CE90000CD1050069782878E5F72DF8A0710028F5
:10CEA00004D169782878E6F7A4FBA07104202070EB
:10CEB0000E216170A0700120E070402020712020C0
:10CEC00000F0B0FE1FB514001222E270062B01DC48
:10CED000002022E00E2914D1C17A027B1206120C26
:10CEE0001143427A837A1B061B0C1A43437B02933D
:10CEF00001910092C31C827841780078E6F7E6FB46
:10CF0000E070042020700F216170A070012020715A
:10CF1000442060712020A071072004B010BD10B51E
:10CF200014001220A071062B01DC002010BD002986
:10CF300002D1E6F7D9FBA071042020700E216170A8
:10CF4000A0700120E07045202071202068E410B519
:10CF500014001222A271062B01DC002010BD022950
:10CF600008D1017842781206120C11430800E6F746
:10CF7000BFFBA071042020700E216170A070012001
:10CF8000E0704620207120204AE410B514001222DF
:10CF9000A271062B01DC002010BD082905D1C27941
:10CFA000411C0078E6F78AFBA071042020700E2156
:10CFB0006170A0700120E0704720207120202FE4D4
:10CFC00010B514001222A271062B01DC002010BD46
:10CFD000082905D1C279411C0078E6F791FBA071C0
:10CFE000042020700E216170A0700120E0704820A4
:10CFF00020712020FFF714FC10B514001220A0713E
:10D00000062B01DC002010BD002902D1E6F75AFBF7
:10D01000A071042020700E216170A0700120E070CA
:10D02000492020712020FFF7FBFB1CB514000020D5
:10D030006A4610701220A071072B01DC002016BD7B
:10D04000002903D16846E6F757FBA07168460078CF
:10D05000E071042020700E2060700520A070012077
:10D06000E0704A20E7E510B514001222A271062BE9
:10D0700001DC002010BD04290ED18178C27812068F
:10D0800012141143027843781B061B141A4309B289
:10D0900010B20CF0E5FCA071042020700E2161702C
:10D0A000A0700120E0704D2020712020FFF7B8FB18
:10D0B00010B514001222A271062B01DC002010BD55
:10D0C000082905D1C279411C0078E6F7EFFAA07172
:10D0D000042020700E216170A0700120E0704E20AD
:10D0E00020712020FFF79CFB10B514001222A271C2
:10D0F000062B01DC002010BD032909D102784178FC
:10D100000906090C0A4381781000E6F7FDFAA071C0
:10D11000042020700E216170A0700120E070592061
:10D1200020712020FFF77CFB38B514001222A27179
:10D13000092B01DA002032BD0500062911D12A7918
:10D1400068790006000C0243A978E8780006000C14
:10D15000014328786B781B061B0C1843E6F766FA28
:10D16000A071287869780906090C0843E071000A63
:10D170002072042020700E2060700620A070012014
:10D18000E0705A20207120206071092032BD38B52E
:10D1900014001222A271092B01DA002032BD050011
:10D1A00005290DD1A978E8780006000C01432878FC
:10D1B0006A781206120C10432A79E6F733FAA07146
:10D1C000287869780906090C0843E071000A207282
:10D1D000042020700E2060700620A0700120E070F6
:10D1E0005B20CFE738B514001222A271092B01DAB7
:10D1F000002032BD0500082914D16B79A8790006FA
:10D20000000C0343EA7828790006000C02432878D2
:10D2100069780906090C0843E9790091A978E6F7CD
:10D220000DFAA071287869780906090C0843E071A5
:10D23000000A2072042020700E2060700620A0706A
:10D240000120E0705C209DE710B514001222A2714D
:10D25000062B01DC002010BD06290ED1C278017911
:10D260000906090C0A43417883781B061B0C1943F5
:10D2700043790078E6F7DEF9A071042020700E21D2
:10D280006170A0700120E0705D2020712020FFF708
:10D29000C7FA38B5140000226D462A801222A27106
:10D2A0000B2B01DC002032BD050003290BD12878AF
:10D2B00069780906090C08436B4600AA521CA97834
:10D2C000E6F7C3F9A071287869780906090C0843C4
:10D2D000E071000A2072A878607268464078A072F7
:10D2E00068460078E072042020700E2060700920EB
:10D2F000A0700120E07076202071202060710C2049
:10D3000032BD10B514001222E270062B01DC0020A1
:10D3100010BD032909D1027841780906090C0A4396
:10D3200081781000E6F795F9E070042020700F2155
:10D330006170A0700120207177205AE43EB514007E
:10D340001222A271092B01DA00203EBD0500082936
:10D3500012D1A979E8790006000C014328786A788F
:10D360001206120C10430191697900912B79EA7829
:10D37000A978E6F772F9A071287869780906090C8E
:10D380000843E071000A2072042020700E206070B3
:10D390000620A0700120E07078208AE138B51400E2
:10D3A0001222A271092B01DA002032BD05000329E7
:10D3B00008D1287869780906090C0843A978E6F7A6
:10D3C00056F9A071287869780906090C0843E071BC
:10D3D000000A2072042020700E2060700620A070C9
:10D3E0000120E0707920CDE638B514001222A27138
:10D3F000092B01DA002032BD0500042909D1287863
:10D4000069780906090C0843EA78A978E6F733F940
:10D41000A071287869780906090C0843E071000AB0
:10D420002072042020700E2060700620A070012061
:10D43000E0707A20A6E630B585B01400C21D85796B
:10D4400052191225A571062B01DC002020E08379FA
:10D450000839994210D1002151560491C11D039100
:10D4600002934179019101790091C37882784178E2
:10D470000078E6F76AF9A071042020700E2161702F
:10D48000A0700120E0707B202071202060710720B7
:10D4900005B030BD10B514001222A271062B01DCBC
:10D4A000002010BD022904D141780078E6F702F986
:10D4B000A071042020700E216170A0700120E07026
:10D4C0007C2020712020FFF7ABF9F8B51400122260
:10D4D000A271062B01DC0020F2BD0A291DD1067ABB
:10D4E000417A0906090C0E438379C1790906090CB2
:10D4F0000B43027941790906090C0A438178C57802
:10D500002D062D0C2943057847783F063F0C3D43F7
:10D5100028000096E6F700F9A071042020700E2183
:10D520006170A0700120E0707D202071202060716A
:10D530000720F2BDFEB514001222E270062B01DCBA
:10D540000020FEBD0C2927D1857AC17A0906090C75
:10D550000D43067A417A0906090C0E438379C17995
:10D560000906090C0B43027941790906090C0A43A3
:10D570008178C7783F063F0C39436F46398101787F
:10D5800047783F063F0C39430800019500966946ED
:10D590000989E6F7C8F8E070042020700F21617057
:10D5A000A070012020717E206071202001F00CFF0E
:10D5B000F7B5FFB085B012219171072B01DC002077
:10D5C00040E00400002600206178432916D36670ED
:10D5D00022E02118891CF2006B469B180D781D7003
:10D5E0004D786F467F1CBD548A789A70CA78DA707D
:10D5F0000A1D5A60C9784018001D761C61788E4259
:10D60000E7DB85AA1288921E824205D16A462078FD
:10D61000E4F795FB8699887120788699C871042073
:10D62000869908700E208699487005208699887022
:10D6300001208699C87082208699087120208699D9
:10D64000487108207FB008B0F0BD3EB5140012222A
:10D65000A271082B01DC00203EBD05000839E879E5
:10D66000814215D1A978E8780006000C014328789A
:10D670006A781206120C10432A0008320292EA79E4
:10D680000192AA7900926B792A79E4F7CAFBA0711A
:10D69000287869780906090C0843E071000A2072AD
:10D6A000042020700E2060700620A0700120E07021
:10D6B000832020712020607109203EBD38B5140000
:10D6C0001222A271092B01DA002032BD0500481F89
:10D6D000297988420ED1A978E8780006000C014328
:10D6E00028786A781206120C10436B1D2A79E6F727
:10D6F0000FF8A071287869780906090C0843E071D1
:10D70000000A2072042020700E2060700620A07095
:10D710000120E070842035E530B585B01400122278
:10D72000A271072B01DC00202EE005000C291CD182
:10D730006B79A8790006000C0343EA782879000683
:10D74000000C02436978A8780006000C0143E87ACF
:10D750000490A87A0390687A0290287A0190E87978
:10D7600000902878E5F749FFA0712878E07104203F
:10D7700020700E2060700520A0700120E0708620CF
:10D78000207120206071082005B030BD10B5140054
:10D790001222E270062B01DC002010BD032909D102
:10D7A000027841780906090C0A4381781000E5F7F0
:10D7B00004FFE070042020700F216170A070012030
:10D7C00020718820FFF715FA30B58BB014000020C7
:10D7D00008AD28606A4610856D46E86150621225E2
:10D7E000A571152B50DB002919D109A80690801CC2
:10D7F000059007A80490401C039007A8801C029085
:10D8000007A8C01C01900AA8009008AB08AA521CE7
:10D8100008A9891C08A8C01CFDF7A2FFA07108A8D0
:10D82000C01C0078E07108A8801C0078207208A84D
:10D83000401C0078607208A80078A0726846008DCD
:10D84000E072000A20736846C07F60736846807F7C
:10D85000A0736846407FE0736846007F2074684686
:10D86000C08C6074000AA0746846808CE074000A62
:10D870002075042020700E206070A5700120E070DB
:10D880002071FC20607115200BB030BD30B58BB01D
:10D890001400002008AD28606D46E8610A906A46D1
:10D8A00050621220A071172B01DA002053E00029EA
:10D8B0001AD109A806900AA8059007A80490401C50
:10D8C000039007A8801C029007A8C01C019009A81B
:10D8D000801C009008AB08AA521C08A9891C08A843
:10D8E000C01CFDF754FFA07108A8C01C0078E071AF
:10D8F00008A8801C0078207208A8401C007860727C
:10D9000008A80078A0726846C08CE072000A2073F4
:10D910006846C07F60736846807FA0736846407F1A
:10D92000E0736846007F2074210011310A980CF0E2
:10D93000BFF86846808C6075000AA07504202070CE
:10D940000E2060701420A0700120E0700220207171
:10D95000FC20607117200BB030BD10B514001222EE
:10D96000A271062B01DC002010BD4378891E99426C
:10D9700005D1821C190000780CF0A4F8A0710420D5
:10D9800020700E216170A0700120E0700C202071C9
:10D99000FC20FEF745FFF8B5FFB087B007000E008A
:10D9A00014000020694608708521890001A8E4F769
:10D9B000DDFC1220A07186A80588072D13DB012E3F
:10D9C00005D101AA694638780CF080F8A071072DBE
:10D9D00009DD68460078E071024686A801881000DB
:10D9E0000830814201D2002013E001A92000083054
:10D9F000E6F7BEF8E079801C042121700E216170E9
:10DA0000C11CA1700121E1700D212171FC21617106
:10DA1000801D7FB008B0F0BD38B514001222A2718D
:10DA2000062B01DC002032BD02290CD105006978EB
:10DA30002878FAF73CFAA071002804D16978287890
:10DA40000CF048F8A071042020700E216170A070C5
:10DA50000120E0700F20E3E01CB5140000200090CE
:10DA60001220A0710B2B01DA002016BD002903D172
:10DA700068460BF047FDA071E11D00980CF018F806
:10DA8000042020700E2060700820A0700120E0703B
:10DA900014202071FC2060710B2016BD10B51400FD
:10DAA0001222A271062B01DC002010BD022904D134
:10DAB00041780078FAF708FAA071042020700E214E
:10DAC0006170A0700120E07015202071FC20FEF72D
:10DAD000A7FE10B514001220A071062B01DC002057
:10DAE00010BD002902D1FAF746FAA0710420207077
:10DAF0000E216170A0700120E07016202071FC20C2
:10DB0000FEF78EFEF8B586B014006A4600250026A2
:10DB100060C20027E0C215601222A2711F2B01DA39
:10DB200000201FE0012905D102AA6946007808F00B
:10DB30005FFEA07108226946E01DE6F719F8102281
:10DB400002A920000F30E6F713F8042020700E2001
:10DB500060701C20A0700120E07017202071FC2054
:10DB600060711F2007B0F0BD10B514001222A27121
:10DB7000062B01DC002010BD022908D10178427873
:10DB80001206120C114308000BF0A8FFA07104202C
:10DB900020700E216170A0700120E07018202071AB
:10DBA000FC20FEF73DFE1CB514001222A271062BCC
:10DBB00001DC002016BD06290CD141790191042118
:10DBC00041560091C3780221425641780078E5F72A
:10DBD00088FCA071042020700E216170A0700120CB
:10DBE000E0701C20B0E338B5050014001220A071CD
:10DBF000062B01DC002032BD481F2979884207D15D
:10DC000028000BF073FF6A1D2979FDF74FFEA07104
:10DC1000042020700E216170A0700120E07035207A
:10DC20002071FC206071072032BDF8B5FFB087B0CD
:10DC300006000F0014000020694608708521890045
:10DC400001A8E4F793FB1220A07186A80588072D90
:10DC500016DB052F08D130000BF048FF01AB6A46F8
:10DC60003179FDF742FEA071072D09DD6846007885
:10DC7000E071024686A8018810000830814201D276
:10DC8000002013E001A920000830E5F771FFE079DA
:10DC9000801C042121700E216170C11CA170012122
:10DCA000E17036212171FC216171801D7FB008B0C7
:10DCB000F0BD10B514001222A271062B01DC002069
:10DCC00010BD042906D1C378827841780078FAF72C
:10DCD000ECF8A071042020700E216170A07001206A
:10DCE000E07037202071FC20FEF79AFD10B514007B
:10DCF0001222A271062B01DC002010BD022904D1E2
:10DD0000417800780BF0FDFEA071042020700E21F8
:10DD10006170A0700120E07081202071FC20FEF76E
:10DD20007FFD10B514001222A271062B01DC002029
:10DD300010BD012903D10078E5F7CFFAA0710420C6
:10DD400020700E216170A0700120E070852020718C
:10DD5000FC20FEF765FD1FB514001222A271062BF0
:10DD600001DC00201AE007290CD181790291417968
:10DD7000019101790091C378827841780078E5F7C4
:10DD8000B0FAA071042020700E216170A0700120F3
:10DD9000E07086202071FC206071072004B010BD67
:10DDA00038B5050014001220A071062B01DC0020FC
:10DDB00032BD06290CD1A81C0BF098FE2A78697890
:10DDC0000906090C0A4301001000E5F7A0FAA0714A
:10DDD000042020700E216170A0700120E070882066
:10DDE0001EE73EB5140000226D462A816A601222A9
:10DDF000A2710D2B01DA00203EBD022909D101A933
:10DE0000009101AB9B1C02AA417800780BF0DEFC6C
:10DE1000A07168460089E071000A20726846C088D7
:10DE20006072000AA07268468088E072000A20735F
:10DE3000042020700E2060700A20A0700120E07085
:10DE40008A202071FC2060710D203EBD10B51400A9
:10DE50001222A271062B01DC002010BD04290AD178
:10DE6000037841780906090C0B43C27881781800C1
:10DE7000E5F745FAA071042020700E216170A070B2
:10DE80000120E0708D202071FC20FEF7C9FC38B520
:10DE9000140000226D462A801222A271082B01DC98
:10DEA000002032BD02290BD1037841780906090C04
:10DEB0000B436A4600A9491C1800E5F743FAA07114
:10DEC00068464078E071684600782072042020702F
:10DED0000E2060700620A0700120E070902020715C
:10DEE000FC20FFF751F910B514001222A271062B85
:10DEF00001DC002010BD082902D10BF00AFEA07140
:10DF0000042020700E216170A0700120E07092202A
:10DF10002071FC20FEF784FC10B514001222E27080
:10DF2000062B01DC002010BD032909D102784178BD
:10DF30000906090C0A4381781000E5F76FF9E070D3
:10DF4000042020700F216170A070012020719320A7
:10DF50006071FC20FEF74FFE10B514001220A07176
:10DF6000062B01DC002010BD002902D1E5F7EEF9F7
:10DF7000A071042020700E216170A0700120E0705B
:10DF800094202071FC20FEF74BFC10B514001222E7
:10DF9000A271062B01DC002010BD032909D10278F3
:10DFA00041780906090C0A4381781000E5F7ABF9BE
:10DFB000A071042020700E216170A0700120E0701B
:10DFC00096202071FC20FEF72BFC10B514001222C5
:10DFD000E270062B01DC002010BD082905D1821C4F
:10DFE00041780078E5F744F9E070042020700F21B3
:10DFF0006170A070012020719C206071FC20FEF7F0
:10E00000FAFD10B514001222E270062B01DC00208C
:10E0100010BD012903D10078E5F736F9E07004203E
:10E0200020700F216170A070012020719D2060710F
:10E03000FC20FEF7E0FDF8B584B014001222E27077
:10E04000062B01DC00203EE00E2930D1027B417B13
:10E050000906090C0A43857AC17A0906090C0D43A1
:10E06000067A417A0906090C0E438379C1790906BB
:10E07000090C0B43017947793F063F0C39436F4642
:10E08000F9818178C7783F063F0C39436F46B981E3
:10E09000017847783F063F0C39430800029201950A
:10E0A00000966946CA898989E5F7BCF8E0700420C2
:10E0B00020700F216170A070012020719E2060717E
:10E0C000FC20A071072005B0F0BDFEB505000E00D4
:10E0D00014001F0006216846E4F748F91220A071D9
:10E0E0000D2F01DA0020FEBD062E04D1694628005E
:10E0F0000BF022FDA07106226946E01DE5F738FD10
:10E10000042020700E2060700A20A0700120E070B2
:10E11000A0202071FC20FEF7E0FDF8B5FFB087B02D
:10E1200006000F001500002469460C708521890047
:10E1300001A8E4F71BF91220A87186A80088072817
:10E140002CDB022F06D101AB6A4671783078E5F7F7
:10E1500001F9A87186A8008807281FDD68460078A5
:10E16000E871022686A8078806E00622491C0930C5
:10E17000E5F7FEFCB61D641CE879844210DAF11D57
:10E180008F420BD3E000011B681801AA51180A78CE
:10E190000272761C33000C339F42E6DA00200DE059
:10E1A000042028700E206870F01CA8700120E87010
:10E1B000A3202871FC206871B61DB0B27FB008B0F2
:10E1C000F0BD10B514001222A271062B01DC002054
:10E1D00010BD072904D1411C0078E5F7BFF8A071F4
:10E1E000042020700E216170A0700120E070A42036
:10E1F0002071FC20FEF714FB10B514001222A2714E
:10E20000062B01DC002010BD032909D102784178DA
:10E210000906090C0A4381781000E5F78FF8A07110
:10E22000042020700E216170A0700120E070A520F4
:10E230002071FC20FEF7F4FA10B514001222A2712E
:10E24000062B01DC002010BD032909D1027841789A
:10E250000906090C0A4381781000E5F75CF8A07103
:10E26000042020700E216170A0700120E070A620B3
:10E270002071FC20FEF7D4FAF1B588B00D0014002F
:10E280001E00002769464F71062102A8E4F76EF8C8
:10E290006846077104A80021002200238EC01220C6
:10E2A000A071202E01DA00202EE02800089D012810
:10E2B00009D104A8009001AB02AA01A9491C287841
:10E2C000E5F72DF8A07168464079E071062202A9B1
:10E2D00020000830E5F74CFC2878A07368460079E8
:10E2E000E073102204A920001030E5F741FC04205F
:10E2F00020700E2060701D20A0700120E070A7200B
:10E300002071FC206071202009B0F0BD1CB5140004
:10E310001222A271062B01DC002016BD1A290BD196
:10E3200001000A310191417A0091037A821C4178FF
:10E330000078E4F7FAFFA071042020700E216170CC
:10E34000A0700120E070A8202071FC2060710720DF
:10E3500016BD10B514001222A271062B01DC00209C
:10E3600010BD072904D1411C0078E4F7FBFFA07120
:10E37000042020700E216170A0700120E070AA209E
:10E380002071FC20FEF74CFA78B58BB014001222F5
:10E39000A271062B01DC002037E01B2929D10500E2
:10E3A00008300BF0A3FB0600281D0BF09FFBAA789A
:10E3B000E9780906090C0A43A97E0A91697E099148
:10E3C000297E0891E97D0791A97D0691152169565D
:10E3D0000591297D049129000E310391697B0291F9
:10E3E000297B019100960300697828780BF0A8FB3F
:10E3F000A071042020700E216170A0700120E070D7
:10E40000AB202071FC20607107200CB070BDF2B50C
:10E41000FFB085B014001221A171062B01DC002091
:10E420003BE0002200234178592901D3427028E0C3
:10E43000050011E0E818801C694606265643891934
:10E4400006780E70467887783F063F0C3E434E8034
:10E45000C07808711B1D521C69788A42EADB84A8C7
:10E460000088801E98420CD16A462878E3F76EFD3A
:10E47000A071002805D16A46697828780BF095FBD1
:10E48000A071042020700E216170A0700120E07046
:10E49000AC202071FC20607107207FB006B0F0BD79
:10E4A00010B514001222A271062B01DC002010BD51
:10E4B0008278C91E914205D1C31C41780078E3F7E8
:10E4C00049FDA071042020700E216170A070012010
:10E4D000E070AD202071FC20FEF7A2F910B5140009
:10E4E0001222A271062B01DC002010BD8278C91E09
:10E4F000914205D1C31C41780078E3F730FDA0714B
:10E50000042020700E216170A0700120E070AE2008
:10E510002071FC20FEF784F91CB514001222A271B0
:10E52000062B01DC002016BD082912D18179C279A1
:10E530001206120C1143027943791B061B0C1A4375
:10E5400001910092C378827841780078E4F778FEF0
:10E55000A071042020700E216170A0700120E07075
:10E56000AF20F1E6F8B584B014001222A271062B98
:10E5700001DC002036E00D2928D1C27A017B090692
:10E58000090C0A43457A817A0906090C0D43C679BC
:10E59000017A0906090C0E43437981790906090CB1
:10E5A0000B43C17807793F063F0C39436F46B98169
:10E5B000417887783F063F0C3943029201950096D7
:10E5C0006A4692890078E4F745FEA0710420207025
:10E5D0000E216170A0700120E070B0202071FC203D
:10E5E0006071072005B0F0BD10B514001222A271B1
:10E5F000062B01DC002010BD06290ED103794179DC
:10E600000906090C0B438278C1780906090C0A43F4
:10E6100041780078E4F730FEA071042020700E21CC
:10E620006170A0700120E070B1202071FC20FEF725
:10E63000F7F810B514001222A271062B01DC00209D
:10E6400010BD082905D1821C41780078E4F718FE36
:10E65000A071042020700E216170A0700120E07074
:10E66000B2202071FC20FEF7DBF8F3B5FFB086B0D6
:10E6700017001221B971072B01DA002031E00024C4
:10E68000002581784D2901D384701EE006000EE03C
:10E69000E000001B69460B187119C9781970062231
:10E6A0003018011D581CE5F763FAED1D641CB278A3
:10E6B0009442EDDB86A80088C01EA84205D16B46B7
:10E6C000717830780BF075FAB871042038700E212B
:10E6D0007970B8700120F870B3203871FC2078711F
:10E6E00007207FB008B0F0BD10B514001222A2714F
:10E6F000062B01DC002010BD012903D100780BF0AE
:10E700006EFAA071042020700E216170A0700120AB
:10E71000E070B4202071FC20FEF782F810B51400E0
:10E720001222A271062B01DC002010BD012903D1A9
:10E730000078E4F7CAFDA071042020700E216170FA
:10E74000A0700120E070BA202071FC20FEF768F86C
:10E7500010B514001220A071062B01DC002010BDA2
:10E76000002902D1E4F7B5FDA071042020700E212C
:10E770006170A0700120E070BB202071FC20FEF7CA
:10E780004FF8F0B589B014001222E270062B01DCBC
:10E79000002040E0172932D1427D817D0906090C15
:10E7A0000A4369460A84C17C027D1206120C114399
:10E7B000427C837C1B061B0C1A43C37B057C2D0605
:10E7C0002D0C2B43457B867B3606360C3543C67AAB
:10E7D000077B3F063F0C3E436F463F8C07970691F1
:10E7E0000592049303950296411D019101790091D0
:10E7F000C378827841780078E4F74AFDE07004201D
:10E8000020700F216170A07001202071CA206071FA
:10E81000FC20A071072009B0F0BDF8B5FFB089B0A9
:10E8200006000F0014000020694608728521890047
:10E8300003A8E3F79BFD1220A07188A80588072D87
:10E840001BDB3000027E193F97420AD103A90191D8
:10E8500002A900910300193301001031E3F786FB90
:10E86000A071072D09DD6846007AE071024688A88C
:10E87000018810000830814201D2002013E003A972
:10E8800020000830E5F774F9E079801C042121703C
:10E890000E216170C11CA1700121E170CB21217199
:10E8A000FC216171801D7FB00AB0F0BDF8B5FFB0EA
:10E8B00089B006000F001400002069460872852107
:10E8C000890003A8E3F752FD1220A07188A80588EB
:10E8D000072D1BDB3000027E193F97420AD103A9A6
:10E8E000019102A900910300193301001031E3F7EF
:10E8F00062FBA071072D09DD6846007AE0710246CF
:10E9000088A8018810000830814201D2002013E05D
:10E9100003A920000830E5F72BF9E079801C0421D9
:10E9200021700E216170C11CA1700121E170CC2108
:10E930002171FC216171801D7FB00AB0F0BD38B536
:10E94000140000226D462A801222A271092B01DADE
:10E95000002032BD012904D1694600780AF0CEFEBC
:10E96000A07168460088E071000A207204202070BF
:10E970000E2060700620A0700120E0702071FD2044
:10E98000FEF702FCDBB587B00078012603240128DE
:10E9900001D1032004E0022801D1112000E0012070
:10E9A0001700079908180290002269468A801220F1
:10E9B000B871092B01DA002035E0079800780128AA
:10E9C00001D1022202E0022800D110220798411C46
:10E9D00003A8E5F7CDF807980078012804D00228AD
:10E9E00001D1112400E001246946098C891EA1424D
:10E9F00008D101A9009102994B780A7803A9FDF783
:10EA000060F8B87168468088F871000A387204208E
:10EA100038700E2078700620B870FE7002203871B1
:10EA2000FD20787109200AB0D0BD38B5140000224D
:10EA30006D462A801222A271092B01DA002032BD14
:10EA400004290ED102009178D0780006000C014311
:10EA5000107853781B061B0C18436A46FDF773F8B1
:10EA6000A07168460088E071000A207204202070BE
:10EA70000E2060700620A0700120E070032020713D
:10EA8000FD20FEF781FB33B58DB00400A07805258D
:10EA9000012801D1052004E0022801D1132000E063
:10EAA0000320069220180790002269460A8412204B
:10EAB00006998871092B01DA002052E0A07801281C
:10EAC00001D1022202E0022800D11022E11C09A893
:10EAD000E5F74EF8A078012804D0022801D11325CB
:10EAE00000E003256846008FC01FA84221D1079887
:10EAF000037841780906090C0B43207861780906F0
:10EB0000090C084308A90591079989790491079987
:10EB1000497903910799097902910799C978019177
:10EB200007998978009109AAA178FDF72DF806992F
:10EB3000887106986946098CC171090A017204201E
:10EB4000069A10700E21069A51700621069A91704D
:10EB50000121069AD17006990871FD200699487125
:10EB600009200FB030BDF3B58FB00400A0780327A3
:10EB70001326012803D1651D0520009007E0022817
:10EB800003D125001335009601E0E51C009708929B
:10EB9000A878E9780906090C084300990818201894
:10EBA000001D0A90002269468A8412200899887103
:10EBB000092B01DA002060E0A078012801D10222AF
:10EBC00002E0022800D11022E11C0BA8E4F7D0FFDC
:10EBD000A078012801D1052602E0022800D00326F2
:10EBE00010A80088A978EA781206120C1143093897
:10EBF0007118884228D1A978E8780006000C0143F2
:10EC00002B7868780006000C03432078627812069F
:10EC1000120C104309AA07920A9A127906920A9ACC
:10EC2000D27805920A9A927804920A9A52780392BC
:10EC30000A9A127802922A1D019200910BAAA178D9
:10EC4000FDF77EF80899887108986946898CC1712A
:10EC5000090A01720420089908700E20089948706A
:10EC600006200899887001200899C8700520089925
:10EC70000871FD2008994871092011B0F0BD38B520
:10EC800014001222A271062B01DC002032BD030009
:10EC900018795A791206120C1043891F814212D139
:10ECA0001A7958790006000C02439978D878000642
:10ECB000000C014318785D782D062D0C28439B1D10
:10ECC000FDF758F9A071042020700E216170A0702A
:10ECD0000120E07006202071FD20FEF7A3FF10B593
:10ECE00014001222A271062B01DC002010BD0229A3
:10ECF00008D1017842781206120C11430800FDF782
:10ED0000CDF8A071042020700E216170A070012048
:10ED1000E07007202071FD20FDF782FD10B5140082
:10ED20001222A271062B01DC002010BD022908D19D
:10ED3000017842781206120C11430800FDF7BFF863
:10ED4000A071042020700E216170A0700120E0707D
:10ED500008202071FD20FDF763FD10B5140012227C
:10ED6000A271062B01DC002010BD022908D1017818
:10ED700042781206120C11430800FDF7B0F8A0719A
:10ED8000042020700E216170A0700120E070092025
:10ED90002071FD20FDF744FD10B514001222A27170
:10EDA000062B01DC002010BD042904D10AF09EFED0
:10EDB000E4F72CFBA071042020700E216170A0707C
:10EDC0000120E0700A202071FD20FDF729FD10B51B
:10EDD00014001222E270062B01DC002010BD022973
:10EDE00008D1017842781206120C11430800E4F7AA
:10EDF00011FBE070042020700F216170A0700120D1
:10EE000020710B206071FD20FDF7F5FEFEB51400AA
:10EE10001222E270062B01DC0020FEBD0200107AF7
:10EE2000537A1B061B0C18430A3981421FD1167AEC
:10EE3000507A0006000C06439379D0790006000C46
:10EE40000343157950790006000C05439178D0787A
:10EE50000006000C0143107857783F063F0C3843FA
:10EE60000A32019200962A00E4F726FBE0700420A3
:10EE700020700F216170A070012020711020A1E28C
:10EE800010B514001222E270062B01DC002010BD28
:10EE900005290ED102009178D0780006000C0143BC
:10EEA000107853781B061B0C18431279E4F70DFBFE
:10EEB000E070042020700F216170A070012020718B
:10EEC00011206071FD20FDF796FE38B51400122563
:10EED000E570062B01DC002032BD04290DD18178BC
:10EEE000C2781206120C1143027843781B061B0CE1
:10EEF0001A431000E4F792FAE070042020700F210A
:10EF00006170A0700120207165713AE17FB50D003C
:10EF100014001221E170062B01DC002035E0060010
:10EF20003079012801D1022204E0022801D1102207
:10EF300000E00022711D6846E4F71AFE30790128CE
:10EF400001D1072004E0022801D1152000E00520AE
:10EF500085420ED1B178F0780006000C014330787C
:10EF600072781206120C10436B463279E4F75AFAA3
:10EF7000E070042020700F216170A07001202071CA
:10EF800013206071FD20A071072004B070BD70B522
:10EF900014001222E270062B01DC002070BD08294B
:10EFA00017D18379C1790906090C0B43027941799C
:10EFB0000906090C0A438178C5782D062D0C2943D2
:10EFC000057846783606360C35432800E4F73FFAD4
:10EFD000E070042020700F216170A070012020716A
:10EFE000142029E070B514001222E270062B01DC17
:10EFF000002070BD082917D18379C1790906090C51
:10F000000B43027941790906090C0A438178C578D6
:10F010002D062D0C2943057846783606360C3543E7
:10F020002800E4F703FAE070042020700F216170DB
:10F03000A0700120207115206071FD20A0710720B3
:10F0400070BD70B586B00E0014001221E170062B61
:10F0500001DC002042E00500287A012801D10222CB
:10F0600004E0022801D1102200E000222900093129
:10F0700002A8E4F77DFD287A012801D10B2004E0E5
:10F08000022801D1192000E0092086421AD1AB796B
:10F09000E8790006000C03432A7968790006000C21
:10F0A0000243A978E8780006000C014328786E78BE
:10F0B0003606360C304302AE01962D7A0095E4F701
:10F0C000B9F9E070042020700F216170A070012058
:10F0D000207116206071FD20A071072006B070BD60
:10F0E00070B514001222E270062B01DC002070BD06
:10F0F000082917D18379C1790906090C0B430279D4
:10F1000041790906090C0A438178C5782D062D0C32
:10F110002943057846783606360C35432800E4F74F
:10F1200092F9E070042020700F216170A07001201E
:10F130002071172080E738B514001222E270062BE8
:10F1400001DC002032BD062912D103001A7958795A
:10F150000006000C02439978D8780006000C0143A1
:10F1600018785D782D062D0C2843E4F774F9E070CB
:10F17000042020700F216170A070012020711820E0
:10F180006071FD20A071072032BDF8B586B00F0078
:10F1900014001221E170062B01DC002042E0050082
:10F1A000287A012801D1022204E0022801D110228C
:10F1B00000E000222900093102A8E4F7D9FC287AEE
:10F1C0001926012801D10B2004E0022801D11920C1
:10F1D00000E0092087421AD1AB79E8790006000CDB
:10F1E00003432A7968790006000C0243A978E8787D
:10F1F0000006000C014328786F783F063F0C384327
:10F2000002AF01972D7A0095E4F72DF9E070042004
:10F2100020700F216170A070012020716671FD20A7
:10F22000A071072007B0F0BD70B514001222E27083
:10F23000062B01DC002070BD082917D18379C17924
:10F240000906090C0B43027941790906090C0A43A6
:10F250008178C5782D062D0C294305784678360629
:10F26000360C35432800E4F7FAF8E07004202070EB
:10F270000F216170A070012020711A20DCE678B5A2
:10F28000FFB086B014001222E270062B01DC0020D1
:10F2900027E00E00050028794200691D6846E4F762
:10F2A00067FC701F2979490088420ED1A978E87857
:10F2B0000006000C014328786A781206120C1043ED
:10F2C0006B462A79E4F7D8F8E070042020700F210B
:10F2D0006170A070012020711B206071FD20A07161
:10F2E00007207FB007B070BD7CB514001222E27019
:10F2F000062B01DC002076BD03009879DA7912062E
:10F30000120C10430839814219D19D79D879000631
:10F31000000C05431A7958790006000C02439978CD
:10F32000D8780006000C014318785E783606360C53
:10F330003043083300932B00FDF736F8E0700420CB
:10F3400020700F216170A070012020711C2000F03E
:10F35000A9FCFEB514001222E270062B01DC00208D
:10F36000FEBD0200107A537A1B061B0C18430A39A3
:10F3700081421FD1167A507A0006000C0643937919
:10F38000D0790006000C0343157950790006000C73
:10F3900005439178D0780006000C01431078577827
:10F3A0003F063F0C38430A32019200962A00FCF7D0
:10F3B000A3FFE070042020700F216170A070012075
:10F3C00020711D206071FD20A0710720FEBDFEB5DB
:10F3D00014001222E270062B01DC0020FEBD0200A8
:10F3E000107A537A1B061B0C18430A3981421FD12D
:10F3F000167A507A0006000C06439379D0790006FD
:10F40000000C0343157950790006000C05439178F0
:10F41000D0780006000C0143107857783F063F0C67
:10F4200038430A32019200962A00FCF791FFE070FF
:10F43000042020700F216170A070012020711E2017
:10F44000C0E77CB514001222A271062B01DC00205B
:10F4500076BD03009879DA791206120C1043083948
:10F46000814219D19D79D8790006000C05431A799B
:10F4700058790006000C02439978D8780006000CF1
:10F48000014318785E783606360C30430833009313
:10F490002B00E3F7F9FFA071042020700E216170AA
:10F4A000A0700120E070232030E138B51400122252
:10F4B000A271062B01DC002032BD030018795A79B5
:10F4C0001206120C1043891F814212D11A79587901
:10F4D0000006000C02439978D8780006000C01431E
:10F4E00018785D782D062D0C28439B1DE3F7D2FF7D
:10F4F000A071042020700E216170A0700120E070C6
:10F5000024202071FD20FEF78DFB10B5140012227F
:10F51000A271062B01DC002010BD04290DD18178D9
:10F52000C2781206120C1143027843781B061B0C9A
:10F530001A431000E3F7CDFFA071042020700E21C4
:10F540006170A0700120E07025202071FD20FDF782
:10F5500067F910B514001222A271062B01DC0020FD
:10F5600010BD032909D1027841780906090C0A4324
:10F5700081781000FCF72EFDA071042020700E2170
:10F580006170A0700120E07028202071FD20FDF73F
:10F5900047F9F8B5FFB089B006000F00140000204D
:10F5A000694688608521890003A8E2F7DFFE122002
:10F5B000A07188A80588062D30DD062F16D1327976
:10F5C00070790006000C0243B178F0780006000C58
:10F5D0000143307873781B061B0C184303AB01936F
:10F5E00002AB00939B1CFCF77EFCA071092D15DB80
:10F5F00068464089E071000A20720B2D0EDB6846D8
:10F6000000896072000AA072607AA17A0906090C6A
:10F61000084388A909880B30814201D200201DE0EF
:10F62000627AA07A0006000C024303A920000B3086
:10F63000E4F79EFA607AA17A0906090C0843401D96
:10F64000042121700E216170C11CA1700121E170A3
:10F650002A212171FD216171801D80B27FB00AB025
:10F66000F0BD10B514001222A271062B01DC00209F
:10F6700010BD032909D1027841780906090C0A4313
:10F6800081781000FCF7F4FCA071042020700E219A
:10F690006170A0700120E0702E202071FD20FDF728
:10F6A000BFF87CB514001222A271072B01DA0020EA
:10F6B00076BD0300D8791A7A1206120C1043093964
:10F6C00081421BD1DD79187A0006000C05431A79B6
:10F6D00058790006000C02439978D8780006000C8F
:10F6E000014318785E783606360C30431E00093622
:10F6F000019600959B79E3F765FEA07104202070C8
:10F700000E216170A0700120E0702F202071FD207B
:10F710006071072076BD10B514001222A271062B6D
:10F7200001DC002010BD05290ED102009178D078AF
:10F730000006000C0143107853781B061B0C18437D
:10F740001279FCF754FDA071042020700E21617025
:10F75000A0700120E07031202071FD20FDF760F8DD
:10F76000F8B584B014001222A271062B01DC00202F
:10F7700039E00200907AD37A1B061B0C18430C392F
:10F78000814224D1937AD07A0006000C0343167A82
:10F79000507A0006000C0643157950790006000CDB
:10F7A00005439178D0780006000C01431078577813
:10F7B0003F063F0C384317000C370397029301961E
:10F7C000D379009393792A00FCF79CFCA071042064
:10F7D00020700E216170A0700120E0703320207134
:10F7E000FD206071072005B0F0BDFCB5FFB08AB008
:10F7F00006000F00140000206A4690816946886068
:10F800008521890004A8E2F7B1FD1220A0718AA821
:10F810000588072D30DB032F0FD13078717809066A
:10F82000090C084304A9019102A9009102AB9B1C99
:10F8300003AAB178FCF746FDA071092D1CDB6846D0
:10F840008089E071000A20720B2D15DB6846408923
:10F850006072000AA0720D2D0EDB68460089E0720E
:10F86000000A2073E07A217B0906090C08438AA963
:10F8700009880D30814201D200201DE0E27A207B10
:10F880000006000C024304A920000D30E4F770F9D3
:10F89000E07A217B0906090C0843C01D0421217070
:10F8A0000E216170C11CA1700121E170352121710F
:10F8B000FD216171801D80B27FB00CB0F0BD38B504
:10F8C00014001222A271062B01DC002032BD0300BD
:10F8D00018795A791206120C1043891F814212D1ED
:10F8E0001A7958790006000C02439978D8780006F6
:10F8F000000C014318785D782D062D0C28439B1DC4
:10F90000E3F780FDA071042020700E216170A070CB
:10F910000120E07036202071FD20FEF783F9F8B554
:10F92000FFB087B006000F00140000206946088071
:10F930008521890001A8E2F719FD1220A07186A88F
:10F940000588072D21DB042F0ED1B178F078000651
:10F95000000C0143307872781206120C104301AB90
:10F960006A46FCF772FBA071092D0EDB6846008821
:10F97000E071000A2072E079217A0906090C084337
:10F9800086A909880930814201D200201DE0E27970
:10F99000207A0006000C024301A920000930E4F798
:10F9A000E7F8E079217A0906090C0843C01C042114
:10F9B00021700E216170C11CA1700121E1703721FD
:10F9C0002171FD216171801D80B27FB008B0F0BD52
:10F9D000F6B5FFB086B012219171062B01DC002034
:10F9E00052E0002300224179432901D3437139E0D9
:10F9F00001001CE0881D8418267860780006000C41
:10FA00000643D80001AD2D182E80A678E7783F0672
:10FA10003F0C3E4301AFBF1C3E52201D6860A078E2
:10FA2000E5782D062D0C28431218121D5B1C487911
:10FA30008342DFDB85A80088801F904212D18C783A
:10FA4000C8780006000C044308784A781206120CA5
:10FA5000104301AA00924B790A792100E3F7BBFC1D
:10FA6000869988710420869A10700E21869A5170AA
:10FA70008699887001208699C87038208699087107
:10FA8000FD208699487107207FB008B0F0BD78B599
:10FA9000FFB086B014001222E270062B01DC0020B9
:10FAA00027E00E00050028794200691D6846E4F74A
:10FAB0005FF8701F2979490088420ED1A978E8784B
:10FAC0000006000C014328786A781206120C1043D5
:10FAD0006B462A79E3F7D4FCE070042020700F21F4
:10FAE0006170A0700120207139206071FD20A0712B
:10FAF00007207FB007B070BD10B514001222A271AC
:10FB0000062B01DC002010BD05290ED102009178E2
:10FB1000D0780006000C0143107853781B061B0CAC
:10FB200018431279FCF764FCA071042020700E21A8
:10FB30006170A0700120E0703A202071FD20FCF778
:10FB40006FFEF8B514001222E270062B01DC0020D3
:10FB5000F2BD0A291DD1067A417A0906090C0E4325
:10FB60008379C1790906090C0B43027941790906A9
:10FB7000090C0A438178C5782D062D0C2943057898
:10FB800047783F063F0C3D4328000096E3F7B4FC5E
:10FB9000E070042020700F216170A070012020719E
:10FBA00081206071FD20A0710720F2BDF8B586B0FC
:10FBB00014001222A271062B01DC002042E0102961
:10FBC00034D101000A7B487B0006000C02438D7A89
:10FBD000C87A0006000C05430E7A487A0006000C2D
:10FBE00006438B79C8790006000C034308794F79E6
:10FBF0003F063F0C38436F46F8828878CF783F063F
:10FC00003F0C38436F46B88208784F783F063F0C68
:10FC10003843CF7B0497897B03910292019500962C
:10FC20006946CA8A898AE3F76EFCA07104202070B5
:10FC30000E216170A0700120E07082202071FD20F3
:10FC40006071072007B0F0BD7CB514001222E2708D
:10FC5000062B01DC002076BD0A291BD10500AB79FB
:10FC6000E8790006000C03432A7968790006000C45
:10FC70000243A978E8780006000C014328786E78E2
:10FC80003606360C30436E7A01962D7A0095E3F7EE
:10FC90004FFCE070042020700F216170A0700120E3
:10FCA000207183206071FD20A071072076BDFCB516
:10FCB000FFB08AB006000F0014008521890004A857
:10FCC000E2F754FB1220A0718AA80588072D2DDBCE
:10FCD0000A2F20D1F079317A0906090C084373798B
:10FCE000B1790906090C0B43F27831790906090C40
:10FCF0000A43317877783F063F0C39436F46B98124
:10FD000004A90291717A01910090B17868468089C6
:10FD1000E3F718FCA071072D08DD707AE07142004E
:10FD20008AA8018810000830814201D2002014E026
:10FD300004A920000830E3F71BFFE0794000801C95
:10FD4000042121700E216170C11CA1700121E1709C
:10FD500084212171FD216171801D7FB00CB0F0BD47
:10FD60003EB5140000226D46AA801222A271092B12
:10FD700001DA00203EBD072915D103001A79587910
:10FD80000006000C02439978D8780006000C014365
:10FD900018785D782D062D0C284301AD00959B79D0
:10FDA000E3F7DDFBA07168468088E071000A2072ED
:10FDB000042020700E2060700620A0700120E070EA
:10FDC00085202071FD20FDF776FC10B5140012226D
:10FDD000E270062B01DC002010BD04290DD18178D2
:10FDE000C2781206120C1143027843781B061B0CD2
:10FDF0001A431000E3F7B9FBE070042020700F21D4
:10FE00006170A0700120207186206071FD20FCF7D8
:10FE1000F2FE38B514001222A271062B01DC00207C
:10FE200032BD030018795A791206120C1043891F4B
:10FE3000814212D11A7958790006000C0243997850
:10FE4000D8780006000C014318785D782D062D0C3B
:10FE500028439B1DE3F797FBA071042020700E211F
:10FE60006170A0700120E07087202071FD20FDF7F7
:10FE7000D9FE70B5FFB087B014001222A271062B14
:10FE800001DC00202DE00E000500A8794200E91DEC
:10FE900001A8E3F76DFEF01FA9794900884214D14B
:10FEA0002A7968790006000C0243A978E8780006F0
:10FEB000000C014328786B781B061B0C184301AB20
:10FEC0000093AB79E3F755FBA071042020700E215D
:10FED0006170A0700120E0708A202071FD206071A7
:10FEE00007207FB007B070BD10B514001222A271B8
:10FEF000062B01DC002010BD05290ED1C278017946
:10FF00000906090C0A43037841780906090C0B43DA
:10FF100081781800E3F733FBA071042020700E21D4
:10FF20006170A0700120E0708B202071FD20FCF733
:10FF300077FC70B514001222A271062B01DC0020A0
:10FF400070BD082917D18379C1790906090C0B43C3
:10FF5000027941790906090C0A438178C5782D0692
:10FF60002D0C2943057846783606360C3543280093
:10FF7000FBF772FCA071042020700E216170A0704C
:10FF80000120E07000202071FE206071072070BD0C
:10FF900038B514001222A271062B01DC002032BDFC
:10FFA000062912D103001A7958790006000C024381
:10FFB0009978D8780006000C014318785D782D06F2
:10FFC0002D0C2843FBF74CFCA071042020700E215F
:10FFD0006170A0700120E0702071FE20FDF722FE0C
:10FFE00010B514001222A271062B01DC002010BDF6
:10FFF00005290ED102009178D0780006000C01434B
:020000041006E4
:10000000107853781B061B0C18431279FBF72CFC55
:10001000A071042020700E216170A0700120E0709A
:1000200002202071FE20FCF7FBFB10B51400122209
:10003000A271062B01DC002010BD012903D100783C
:10004000FBF716FCA071042020700E216170A070D7
:100050000120E07003202071FE20FCF7E1FB38B5A1
:1000600084B014000020039002906D462880019017
:100070001225A571152B26DB002906D101AB6A4696
:1000800002A903A8FBF703FCA071E11D039809F086
:100090000FFD21000B31029809F00AFD6846008827
:1000A000E073000A207421001131019809F000FD6D
:1000B000042020700E216170A5700121E170207173
:1000C000FE206071152005B030BDE0B5694688712D
:1000D00082200870FF204870032088700020C870BC
:1000E00001220A71487108220721FFE76846FBF7E1
:1000F00041F807BDF6B5FFB088B01E00949D959FEE
:100100006C466071A11D879809F0D2FC21000A316C
:10011000889809F0CDFC21000E31300009F0C8FCB0
:10012000210012318E9809F0C3FC210016318F98FE
:1001300009F0BEFC21001A31909809F0B9FC2100A9
:100140001E31919809F0B4FC21002231929809F0F7
:10015000AFFC21002631939809F0AAFC2A202554EF
:100160002A00390020002B30E3F702FD0420207024
:10017000FF20607028002830A0700320E07000206D
:1001800020710022D2432B3529006846FAF7F2FF8E
:100190007FB00AB0F0BDE0B569468871000AC87149
:1001A00082200870FF204870042088700020C870EA
:1001B00007220A7148710022D243082196E730B520
:1001C00085B01400089A01ADA871000AE87129727F
:1001D000090A6972AC72240AEC7218002873000ACA
:1001E000687382202870FF20687018000A30A87099
:1001F00018000A300012E870072028710820687182
:100200000020C04300900E2101A8FAF7C0FF05B0FE
:1002100030BD78B5FFB088B01E008D9D8E9B6C46BA
:10022000A071000AE0712172090A6172A272120AB9
:10023000E27226738CA800886073000AA073E573CD
:100240002A00190020001030E3F792FC8220207071
:10025000FF20607028000C30A070290008000C30CE
:10026000000AE0701D2020710C2060710022D24332
:1002700010316846FAF77EFF7FB009B070BD30B527
:10028000FFB088B01D008A9B6C46A071000AE07127
:100290002172090A6172A272120AE27228002073A6
:1002A000000A60732A00190020000E30E3F760FC9A
:1002B00082202070FF20607028000A30A070280083
:1002C0000A300012E070012020710C2060711422AD
:1002D0000E35A9B26846FAF74DFF7FB008B030BDC1
:1002E000F0B581B0114E31689027C9598A68146DF4
:1002F0007D21CD00454328320021104609F07FFCC6
:1003000001463068C0598068056500290BD42A1B56
:100310008B18012B05DB283000210122F1F763FD4A
:1003200001E0F0F7D3FA01B0F0BDC046EC2F002099
:10033000F0B581B00D4800689021405880685D217B
:10034000475C0025284609F075FC0446284609F05C
:1003500099FC0646E2F7A8FD002F04D0344304437D
:10036000601E84412546284601B0F0BDEC2F0020D8
:10037000F0B587B00C46054606910590012630463B
:1003800009F058FC0746304609F07CFC38431DD183
:10039000E8B2FF2805D10590FF2109060C4006941C
:1003A0000546104800689021405803A9019104A90E
:1003B00000910C3001232946224601F00DFC002853
:1003C00006D005A80121E2F74FFD05E00C2006E06C
:1003D00003A80078002801D0002000E0072007B023
:1003E000F0BDC046EC2F0020BFB50D786C462570DF
:1003F000497861701178A1705178E1700021039102
:100400000291019121461A4609F056FCBFBD000039
:10041000F0B58FB00546FFF78BFF002801D00C2008
:1004200059E100270D9728780DA908700E97481CF0
:10043000691C0622EBF7C7F8A84800689026805987
:1004400080680E9A0D990BAC01940CAB0093001DC3
:100450000123069301F0C0FB217800290A9638D0C9
:100460009E4800688059806841680CAA1278D200C2
:100470008918C9797F240C402821614300684018FD
:10048000EE1D102209903146EBF7A8F81735002829
:1004900008D0102209983146EBF795F82720FF2164
:1004A000099A1154099E1036102230462946EBF75E
:1004B00095F8002809D0102230462946EBF783F83A
:1004C0000020EBF748FA09990862089483480A99D2
:1004D00074E0002816D0814800680A994058816865
:1004E0000868497A00290FD0024624320023089375
:1004F0001378002B08D02832089B5B1C0893994284
:10050000F6D101E00720E6E00899CAB22821079158
:100510000392514346180C980990E91D1024304667
:100520002246EBF750F83046103017352946224660
:10053000EBF749F800252846EBF70DFA2721FF22B3
:1005400033467254262609999955012199841862D7
:100550000D980E9909F0D2FB0028089802D080204F
:10056000089908435D4B19680A9C095989684968CC
:100570000CAA1278D2008918CA790243CA71186885
:1005800000598268137A002B15D0106809905268C0
:10059000D21D3046079E194613787F241C407443B1
:1005A000099B1B191D540B4608326D1CA942F2D140
:1005B0004A480A9901E021464848039C28220492AF
:1005C0005443006840588068C1690A79002A03943E
:1005D0007AD0006800190990273005903C460797AB
:1005E0000868C159C0194268002609983346EDF7DA
:1005F000D7FF0A9B0028394D53D02868C05881681E
:10060000C8690068C2190723D256002A2ED4D0B276
:10061000314609F087FB28680A99405881685E20B6
:100620000A5CC9690B790968C919CE71991ACAB2ED
:100630007F2A2A463D4600D37F2112680A9FD2595D
:100640009268D26912685219D3790B4380211943F9
:10065000D17122490968C95989680A5C521E0A5435
:10066000C86900683B462F461C4D0AE0C25D7F23E7
:100670001340049A53430968C9182722FF238B5457
:100680000A9B05990C70C6552868C0588068C069D7
:100690000068C15D089A114380220A43C25506983A
:1006A00007902868C0588068C1690A790837641CB7
:1006B000944295D30799002906D01C46F0F7ECF830
:1006C00006480068005980680068039941180DA821
:1006D000E2F723FB00200FB0F0BDC046EC2F002056
:1006E000B0B50124204609F0A5FA0546204609F0D8
:1006F000C9FA28430AD106480068902140580C30B6
:10070000F0F766F8E2F7B4FB0020B0BD0C20B0BDF6
:10071000EC2F002010B5FFF70BFE002801D00C24B1
:1007200003E000242046E2F78FFB204610BD0000C6
:10073000F8B50C460546E3F72BF90321C943C91C5C
:100740001A4FBD4204D08AB2904201D112262BE04A
:1007500089B288421ED047218E004643E2F772F9E3
:1007600000688019AA214552A421415CC90705D01F
:10077000BA21415C012901D10C2615E08C2101220E
:10078000425001468C3100224A608D3006222146BB
:10079000EAF719FF0026BD4206D1054800684F3030
:1007A00006222146EAF70FFF3046F8BDFCFF0000A5
:1007B000EC2F0020B0B50446E2F711FA012806D16B
:1007C000FF25DC35F1F7B0F8405DC00706D1E3F74F
:1007D000C1F803482146FFF7ABFFB0BD0C20B0BD08
:1007E000FCFF000080B50846EDF7B7FC80BD0000B7
:1007F000B0B50C4605460888F2F7BEFD002825D0A6
:10080000002D0FD0012D21D1608841281ED812481B
:1008100000682146EDF79AFC0F20EBF729FCEBF777
:1008200081FC16E06168097A0B2909D1017E032257
:100830000A40012A0AD1FC221140891C017605E0F8
:100840008A1FD2B2042A01D809F0A8FA2046EDF78F
:1008500084FC0020B0BDC046F82F0020F0B587B062
:100860000E4604460F88384600F082FA0546854851
:10087000C07A854205D214216943834A1268D26A3C
:100880005318049671680E7A0022012C1DD0002C9A
:1008900054D11446854213D2192E0DD80120B040F0
:1008A0007E49084208D07848006801221E467C4BE9
:1008B0002946F1F798FA33469878FD21014099705E
:1008C0000498EDF74AFC20465BE00392854254D23F
:1008D0000193487A02900621049C20460091ECF78F
:1008E000F3FA001D61888842029C35D1132E27D867
:1008F00001221046B0406549084221D06148C07AC3
:10090000A8423AD9144604984068427A037A012BE7
:1009100039D014205C490968C96A132B51D0122BB5
:100920002BD103466B43CB189E78F70776D15A71CB
:1009300004980088002311461A4613E0104620E070
:100940003046E2F7C0F9002806D005A805710499E1
:100950000591E2F7B4F907E00198447100223846A6
:100960002146134600F0F5FC122804D801218140ED
:10097000494A114201D1862803D10498EDF7EDFBD5
:10098000039807B0F0BD01272846394600F040FD26
:100990000028F2D1049804883D480068806942210B
:1009A00054220323EAF76EFF0028E6D00546061D11
:1009B00030462146049A09F01AFAF8020A30082251
:1009C00051E0684308188078C007D6D11321284623
:1009D00000F01EFD0028D0D108210498ECF774FA2D
:1009E00006462C4800684821405C8007C5D504981D
:1009F000078827480068806942214E220323EAF7CE
:100A000041FF0028B9D0054606738772300A687323
:100A1000380AE8722E1DE002009A24E07307ACD475
:100A200068430B18122011461A4600F08BFC194837
:100A300000684821405CC0079FD00498078814488C
:100A40000068806942214F220523EAF71BFF002836
:100A500093D00546061D30463946049A09F0ECF954
:100A6000E002801C0F22FF21717082213170010A87
:100A7000697228720020E871AA7142202946EAF7BB
:100A80005DFF7AE7702E0020E82F002002000C00A6
:100A9000D82F0020EC2F0020050004004000940215
:100AA00030750000B0B50446C00616D40D460D489A
:100AB00000686107C90E40180069022221461346EA
:100AC000EAF7E0FE00280AD00146074848600D8199
:100AD0002046EAF733FF0020B0BD8620B0BD0720D6
:100AE000B0BDC046D82F0020CF850710F0B58DB01F
:100AF000914200D383E01346064600290CD00C46F1
:100B00003546002D0BD0A0B2202809D32D68203CFB
:100B10002004F6D1002403E00024354600E000253F
:100B20001F463246002A08D0B8B2202806D31268E1
:100B3000203F3804F6D1002700E0002220040AD02C
:100B40000291291D0492A2B205A80393EAF73BFD86
:100B50000299039B049A002E019506D00020366866
:100B6000401C002EFBD1400100E00020002A3DD0B7
:100B7000C91A0D18280439D004922021C81B82B24A
:100B8000ABB29A4200D32846029582B20D1BA9B29D
:100B9000914200D30546AAB2A0B205A90818B9B27D
:100BA000049E7118091DEAF70EFD2C19EF19039721
:100BB000B8B2202803D132680020039000E032460A
:100BC000A0B220280AD1019C201D05A90492202250
:100BD000EAF7F9FC049A246801940024039F002A90
:100BE00007D00298451B2804C6D102E0A0B22028F5
:100BF00005D00198001DA2B205A9EAF7E4FC0DB0EA
:100C0000F0BD002806D000210068491C0028FBD157
:100C1000480100E0002080B2704710B514460A4633
:100C200040681946234609F03FF910BD011F002214
:100C30000A6040687047024600680028FBD11160D6
:100C4000704710B514460A4640681946234604F01A
:100C50009CFF10BDB0B51446049AC2704170150ACD
:100C600005710F252D020D40A107890C49199B0321
:100C7000C918090A8170431D05980021FFF7CDFFAF
:100C8000B0BD80B5F2F778FB002806D06421425C45
:100C9000802313434354002080BD812080BD000089
:100CA00010B504460846114609F038F980000019CD
:100CB000C1B202480068EBF742F910BDE02F0020F6
:100CC00070B50C46054609F03DF9074E32684032D2
:100CD0002846214609F02AFA326838322846214649
:100CE00009F024FA70BDC046E02F002080B509F05D
:100CF00037FA80BDF8B50A4D05400A4E30680768DE
:100D0000002F0CD03C46FF692088A842F8D13068FB
:100D10002146EDF74BFB2046EDF71FFAF0E7F8BD53
:100D2000FF0F0000F82F0020BCB56422825CD207C0
:100D3000827A04D16032D2B2512A04D30FE0503209
:100D4000D2B2402A0BD8094A1268B123D35C002BD7
:100D500005D0B132047D0125A540AB4313706A462E
:100D6000117100901046E2F719FABCBDF82F00206F
:100D7000B0B50949CA7A09490B68002421468A425C
:100D800006D0DD6A2D5B854203D01434491CF6E79A
:100D90001146C8B2B0BDC046702E0020E82F00201A
:100DA000B0B50C46054909680D680321224609F0D3
:100DB00011FA2889001B2881B0BDC046F42F0020FD
:100DC00001466420085CC007887A02D19F2802D8B7
:100DD00016E0B02814D3F1280AD2CA7C0020012AD8
:100DE00005D0022A02D1C97D090700D5012070472C
:100DF000F12805D1C97A06200840411E8841704774
:100E000000207047F8B50446C00608D40D461948BE
:100E100000684721405C800703D4002628E086262E
:100E200026E01F461646144800686107C90E4018A0
:100E30000069472203232146EAF724FD002816D043
:100E4000014685720420487201200872324600264D
:100E5000CE71062088714F730A73FF20487182207B
:100E60000871280AC8722046EAF768FD00E00726E4
:100E70003046F8BDEC2F0020D82F0020BCB50C4622
:100E800001461C48006805682889EA685288131AD8
:100E9000A34226DAA11A081801A90880164800689A
:100EA0008069422103230A46EAF7ECFC002817D0A8
:100EB00004460222C2720920A07220460C3001A909
:100EC000EAF781FB0020607206212172E071A171B6
:100ED000FF2060718220207142202146EAF72EFD1A
:100EE000BCBD0320224609F075F928890019288124
:100EF000BCBDC046F42F0020D82F0020B0B50D4651
:100F000004460F4800685C21405C8006800F05D0D5
:100F100001202870204609F06FF90EE0EAF790FDF5
:100F2000002805D001202870204609F06FF904E060
:100F300000202870204609F073F90020B0BDC0469B
:100F4000DC2F0020F0B587B000AC0DC43A4A12681F
:100F50003423D05C742747430025EC43374B1E688D
:100F6000A4360C9A06920E9A03920D9A0592049456
:100F7000AF425FD033685A1912897435641C002A55
:100F8000F6D1844256D25F1938466C38009A0280F6
:100F9000384674380522027038460F38019A0270BC
:100FA00001252940384610380190017038460E3826
:100FB0000622234B029916469847FE2006990840C0
:100FC0002940022800D00D4606913C46733C25700E
:100FD00002280598039900D001463D46723D2846F7
:100FE0003246174B984738461738069901703846ED
:100FF000163805993246124B984738465C3800211E
:101000000822EAF7E4FA381F6A3F10213970049980
:1010100001602078294604F04DF8002805D0019899
:101020000078C00701D0FB2038700E20EBF720F8C5
:10103000EBF778F807B0F0BDD42F0020F82F002090
:10104000C7B5041080B509F0F5F880BD80B509F08A
:1010500091F980BD00210A46062905D0435C002B8A
:1010600000D00122491CF7E7D0B27047F0B591B02B
:1010700001920091054608A90320088007AA0024D0
:10108000148014480068183003AF3B46FFF7ACF9F2
:101090000DAE102230462146EAF799FA0822304672
:1010A0000099EAF790FA09AC38463146224608F032
:1010B00003FE02AE022230462146EAF784FA28787F
:1010C00002994140019A11707078697841405170DD
:1010D00011B0F0BDD42F0020B0B594B014466A46CC
:1010E00009F049F90546002803D16846214602F077
:1010F000E7FF284614B0B0BD10B5044602F0B8F9B9
:10110000FF2805D081200022214609F055F910BDA5
:10111000022010BDB0B50C46054602F0A9F9FF2823
:1011200005D000202946224609F046F9B0BD02202C
:10113000B0BD10B5002913D000220C462346521C26
:101140002468002CFAD172B644681C6041600188A2
:101150008918018062B6002009F05AF9EAF7E2FF27
:1011600010BDB0B51C461546002907D101890020E5
:101170000622F1F75BFC0146002809D002204880D6
:101180004868057248684472062000F053F8B0BD04
:101190008820B0BDF8B516460C4605460089F2F722
:1011A00039F9024601200027164B3946F2F752F969
:1011B0002889FFF79FFD002E03D002212846FFF764
:1011C000B3FD2846183008223946EAF700FA6420B1
:1011D000295CEF220A402A54E87B2F210140E97361
:1011E000102C06D0002E04D06878A91C09F022F932
:1011F000FB27AF722989022002462346FFF702FE31
:10120000F8BDC04630750000B0B50C460546ECF799
:101210003BFF014620600220002D09D0002907D0A5
:101220000879002803D089780620084000D00C20D7
:10123000B0BD0000FEB50C46011F0646022921D8AC
:101240006288002520462946EDF78EF802272046C1
:1012500039463246EDF788F82582E58125736068C6
:101260006061A0616088001D6080207A3843207230
:101270002046EDF7C1F8002814D06088001F608078
:1012800081250FE0A0253F280CD020385F2809D801
:1012900001A886802221044A515C81710194E1F702
:1012A0001EFD05462846FEBD702E00208871087977
:1012B000C8718878062202438A707047F8B51E46C6
:1012C00015460C460746ECF7DFFE0146306002206B
:1012D000002F0ED000290CD08A780C20930708D458
:1012E000520706D58A79AA4203D14879A04201D093
:1012F0001220F8BD0020F8BD002181718178FB2209
:101300000A4082707047000080B53421414308488C
:101310000068406B4018C189002905D080890818F1
:10132000401EE2F751FA00E0002080B280BDC046C6
:10133000E82F002001794A1CD1B2914200D001214E
:10134000017170479071517190780421014391703F
:101350007047F0B585B01E4604920D460746ECF77F
:1013600093FE00280FD00446039640791226A84227
:101370000AD10499022907D8A078800707D4012947
:1013800007D0042006E00226304605B0F0BD0C264A
:10139000FAE70220002900D108460290821D0026AB
:1013A000304639460192F1F741FB002827D0074625
:1013B000406801210172786845720298801C82B2EF
:1013C00006213846ECF7D0FF08213846049D2A460E
:1013D000ECF7CAFF002D05D00A213846029A039B7C
:1013E000FFF72FFC0198788005203946FFF722FF90
:1013F000002806D03846ECF7B0FE8126C4E78826E0
:10140000C2E7A671A078FB210140A170BCE70000F3
:10141000F8B503461424444315480068C56A2D19DD
:10142000AC7866078624002E20D5AE79761C8E42D5
:1014300001D001291AD1AE1CAF1D002A04D0E979D0
:10144000914201D1002400E012241946EAF777FD09
:1014500000203870E8713078FB2101403170287924
:10146000411CC8B2884200D0012028712046F8BD36
:10147000E82F0020FEB50C460546002807D01021B5
:101480002046EBF721FD0B2810D90B204FE0082157
:101490002046EBF719FD01460220002947D0FF291D
:1014A00045D8272943D001950C2701E001950A274B
:1014B000B81E81B21F4D2046A847029020463946EB
:1014C000A8470646B91C2046A84701460B20172E00
:1014D0002DD317292BD3184A914228D8029A002AD3
:1014E00025D0402A019922D37F2A01D8002000E08C
:1014F0000B207F2A1BD8002919D122200F49085C14
:10150000342141430E4802680020034699420ED020
:10151000566BF518EF78002F07D0F65A2788BE4291
:1015200003D12D8A029EB54202D03433EEE7FEBDD0
:101530000A20FEBDC9CE0410FDFF0000702E002061
:10154000E82F0020F0B587B006462A480468302707
:10155000E55D882095424AD3002903D1012A01D0B4
:10156000862044E0012906D1303464782249097B81
:10157000091B91423BD30397049605930C98029064
:10158000002701970692974230D022201A49095C21
:101590001848026800250A24A94224D0536B181960
:1015A000C61F3678002E02D034346D1CF4E71E5B63
:1015B0000A3800213422EAF70AF80E48006801468A
:1015C000303149680E53039BC25C521EC254081945
:1015D000C11F0A38049A02807800059A1652012029
:1015E00008700298C5557F1C069ACCE7019807B091
:1015F000F0BDC046E82F0020702E0020FCB5009200
:10160000019122220E4B9C5C0E4A11680023022697
:101610009C4212D04D6BAF19BA1E1288824209D17A
:10162000AA5D03251540019A954203D17A78009D61
:10163000AA4203D034365B1CEAE72346D8B2FCBD8D
:10164000702E0020E82F002070B51E460D4604467F
:101650000A211046EBF738FC04990A0A62732173D9
:10166000A072310A61722672290AE171A571000A1D
:10167000E07270BD70B514460D460621EBF724FCF0
:101680000146AA1C0C208A420ED84A1B7F239B00CD
:1016900016461E400B2E07D89B1C13405B198B422D
:1016A00002D150082070002070BD0000FEB50C462D
:1016B0000546222012490290085C00270326114BA0
:1016C0000195C1B28F4219D21968496B8A19D21E8D
:1016D0001288AA420FD1FF2C02D0895DA1420AD103
:1016E000F8B225461C46EBF713FD23462C46019D18
:1016F00002980349085C34367F1CE2E7FEBDC04611
:10170000702E0020E82F0020F0B585B01C4615464D
:10171000039104901B48006801463431049B09681A
:10172000002904D00A899A4205D01031F7E7002138
:101730000291FF2105E00322D2018B88134002931E
:1017400009780191002D1BD0066B31690163777810
:10175000002114223046E9F73AFF0398F0807770B1
:101760000198307020880499318170810298B0808E
:1017700004480068416B46633161A41C6D1EE1E7BB
:1017800005B0F0BDE02F0020FEB5029105462448CB
:1017900000684E21405C000740D516460A9801902B
:1017A0004400601E03210143153188081F4683B29F
:1017B0001C480068806942215322EAF763F8002838
:1017C0002CD0394607460B9800900998089AB874AF
:1017D0003A747E73BD72019B3B75F973029B3B7338
:1017E000000AF874100A7874300AB873280AF8727C
:1017F0003846153000992246E9F7E5FE0820787250
:10180000092038720D34200AF871BC71FF207871FC
:101810008220387142203946EAF790F8FEBDC04672
:10182000EC2F0020D82F0020F8B51C4615460E4698
:101830000746002D09D021883846F2F72FFA0028F4
:1018400000D0C680A41C6D1EF3E7F8BDB0B50D46F0
:10185000044608F05BFE0146284608F05FFE044897
:1018600000680068C0682146FFF763FCB0BDC04651
:10187000F42F0020F8B504460588ECF7E1FB01469B
:101880002846F2F70BFA0546204608F05FFE1D28B1
:1018900003D0232801D01B280ED16188EA88914209
:1018A00005D8032903D3232867D1042965D8204606
:1018B000ECF753FC0020F8BD204608F047FEA9884D
:1018C0008A066ED5012802D0AA78904269D12020DC
:1018D0008143A9806A89298903263046FFF7E0F908
:1018E0006188E8880091814200D99AE0204608F09A
:1018F0002DFE421E0121CA410023102A00D988E092
:1019000092001F4601A39A583B469746C3190610FA
:10191000C7190610D3190610F1190610511906102F
:10192000191A0610191A0610191A0610511906105C
:10193000BF190610131A0610CB190610BF1906108E
:10194000131A0610131A0610131A0610191A061085
:10195000092802D1009904295BD3112802D10098EB
:10196000062856D3A089401C81B2204608F0F3FD1A
:101970003B4600284DD0014643E01D280DD1A888E4
:10198000400612D46A892989022008F0F5FD002852
:101990004CD1A88840210143A980204608F000FED0
:1019A000F8BD204608F06CFEF8BD08354220032142
:1019B00002222B46EEF726FE002837D177E70B46AA
:1019C00027E0052325E0334623E0009B042B1FD9A5
:1019D0001FE0009806281CD3A089401C81B2204635
:1019E00008F0B9FD01280BD002281AD1122108E015
:1019F000009802280DD3009B581E800708D108E0EC
:101A00000421009EB01EE1F7DFFE0029334600D01E
:101A100000230098984204D107480168204688476F
:101A200002E0204608F03FFE842801D18420F8BD62
:101A30000020A870F8BDC04664050020F0B587B04E
:101A400004460588ECF7FCFA01462846F2F726F929
:101A50000546204603F064F8064603F067F80F28B1
:101A60001AD11E2E48D04020304045D105210022F9
:101A7000284603F0D8F8002845D007460021062262
:101A800030463B4603F08CF86889394608F020FE62
:101A90000746002834D12FE0019500251E2E2F4641
:101AA00016D0402006402F4612D1019B9888C007CF
:101AB00018D15A8919890026304608F05DFD07467D
:101AC000002805D1019A9088012101439180374671
:101AD00002A8058006950595019904910394F2F7F3
:101AE000EFF80DE00833422003210222EEF78AFDD1
:101AF000002801D0842703E02046ECF72EFB0027C6
:101B0000384607B0F0BD8827FAE7B0B5054600882B
:101B100001F09AFE002815D0044672B678302946A6
:101B2000ECF714FB4B208000201862B60B2108F064
:101B3000E5FD2C20205C8425032804D12046ECF709
:101B40000DFE00E002252846B0BD0000FEB5812450
:101B5000002832D0064602910194194800680068B6
:101B60000090501E1F2101434C1CA7B23046FFF7C6
:101B700048F8054687420CD9601B81B2029802F0F2
:101B8000D3F80028019C18D001463046FFF753F8DF
:101B900012E0AF4210D20098C06831463A4608F0D1
:101BA000B4FD0446781E4009691E4909081A81B22D
:101BB000029808F0B3FC00E000242046FEBDC046B9
:101BC000F42F00208900401884214058801C704761
:101BD00080B5E9F71EFD80BDF0B589B015460F460A
:101BE000044606790068616808AA009301923A46A3
:101BF0002B46EDF7F7F800210F9B0E9A002807926D
:101C000026D106976779BE4222D2029303900495AB
:101C100008A90878059686420DD0059F2268FDB276
:101C2000ED0056193346083B0ACB515173607F1EB5
:101C3000F9B28142F2D12168C000069A0A50081810
:101C4000049941600598401C207101210398029B72
:101C5000089A079C22701870084609B0F0BD8821C8
:101C6000405801880320084070470000064941435E
:101C7000090C2422D2434A43101881B2242900D9E6
:101C80002538C0B27047C046EB060000FF220E3276
:101C90004243100A89084143880C401C704780B5B4
:101CA00088228058028803239A43028019400288C0
:101CB0000A4302801620EAF7DBF9EAF733FA80BD1F
:101CC00010B5044608F046FD002804D02046FFF772
:101CD000C6FF032801D1002010BD012010BD4B42DA
:101CE0004B410C21594340184179CB070020002B70
:101CF0000BD0022A05D0012A05D0002A05D1880779
:101D000002E0080700E04807C00F7047B0B503467F
:101D100000202C2B00D9B6E003245C435A4D2C192B
:101D200064788C4200D0AEE0D41E604260412C2B1F
:101D300000D9A7E0990001A251588F46871E0610CE
:101D4000871E0610F11D0610871E0610F51D0610D1
:101D5000F51D0610F11D0610F11D0610871E061058
:101D6000F11D0610871E0610F11D0610F11D06104C
:101D7000F11D0610F51D0610851E0610851E0610A5
:101D8000F11D0610F11D0610F11D0610031E0610B0
:101D9000031E0610151E06101B1E0610251E06101B
:101DA000851E0610091E0610091E06102B1E0610A1
:101DB000F11D0610F11D06100F1E0610311E061033
:101DC0000F1E06103B1E0610FD1D0610FD1D061001
:101DD000FD1D0610411E06104B1E0610511E06105A
:101DE000631E0610731E0610F11D0610F11D06106D
:101DF0000120B0BD601E84412046B0BDE0F7E7FE83
:101E00003DE0E0F7E0FE3AE0F0F7F0FB37E001F00C
:101E100045F81FE0E0F7DFFE31E0601E8441E0F7A7
:101E2000DAFE22E0E0F7D7FE14E0E0F7C3FF22E09D
:101E3000601E844101F032F817E001F02FF81EE037
:101E4000601E8441E0F7D3FE0FE0E0F7D0FE01E032
:101E5000E1F7C5F80146401E8141604260410840FB
:101E6000B0BD601E8441E1F7BAF8411E88412040B0
:101E7000B0BDE0F7BBFF002804D0E0F7B0FE411E84
:101E80008841B0BD0020B0BDCC9B0710F8B5054619
:101E900087780846114600F0E7F9064601240D2F21
:101EA00001D1012E0FD0112F01D0072F0AD1ED78CB
:101EB000284600F0B9F8864204D1284608F050FCC4
:101EC000002800D100242046F8BD0000B0B503462C
:101ED00000202C2B6BD803245C43384D2C196478DC
:101EE0008C4264D1D11E484248412C2B5ED89A00C6
:101EF00001A39A589746C046AF1F0610AF1F0610A1
:101F0000AD1F0610AF1F0610AD1F0610AD1F061047
:101F1000AD1F0610AD1F0610AF1F0610AD1F061037
:101F2000AF1F0610AD1F0610B11F0610AD1F061023
:101F3000B51F0610AD1F0610AD1F0610AD1F061011
:101F4000B11F0610AD1F0610B11F0610AD1F061001
:101F5000B11F0610AD1F0610AD1F0610AD1F0610F5
:101F6000B11F0610AD1F0610B11F0610B11F0610DD
:101F7000AD1F0610AF1F0610AD1F0610AD1F0610D7
:101F8000B11F0610B11F0610AD1F0610B11F0610BD
:101F9000B11F0610B11F0610B11F0610B11F0610A9
:101FA000B11F0610B11F0610AD1F06100020B0BDF6
:101FB0000120B0BD481E81410846B0BDCC9B071032
:101FC000B0B50C46054600F09DFD022C03D307D0AA
:101FD000032C08D013E00119097A00290FD102E07F
:101FE000A98B4A0506D5C17A002901D0032406E051
:101FF000002115E0012292021143A983022409491C
:10200000096890228958C96B0A68916B4023CC54A7
:102010004B6C936300224A640019027A521E0272CA
:102020000846B0BDEC2F00202C2804D803214143E2
:102030000248405C704714207047C046CC9B071094
:102040000A68002A04D01146526C002AFBD14431A0
:102050000022426408607047F8B5044600F034FD81
:1020600005460027022F19D05720800060430C49F5
:10207000096890228958C96B496808180C2179436E
:1020800040181121090146183168002904D028465A
:10209000324600F029FDF7E77F1CE3E7F8BDC046B4
:1020A000EC2F002010B50446007AF7210140217280
:1020B0000A4800680069902100220123E9F7E2FB49
:1020C000002804D0014644609020E9F737FC04481A
:1020D00000688521425C521C425410BDD82F00205C
:1020E000EC2F0020F8B50A46014607480068902307
:1020F000C058C06B006802AB019303AB0093203063
:10210000012303F0E5FF8FBDEC2F002070B50D46D5
:102110000446164800682C21405CC007C10E01D15E
:10212000052206E0124800682F22805CC0061CD5FC
:1021300015226F20C04341400E4800680069CEB2AE
:1021400002233146E9F79EFB00280ED001460472B7
:1021500085720020C8710420887105224A710871B7
:10216000200A48723046E9F7E9FB70BDD42F002001
:10217000EC2F0020D82F002010B50446EA20205C68
:1021800001280DD020462E30017806480068A03086
:10219000E9F7D5FEE62000212152E6346180217165
:1021A00010BDC046EC2F0020B0B557218A00424335
:1021B00018490B6890215B58DB6B5B689C18802288
:1021C0000023A3502E22A0548C22A350E322A35418
:1021D0004122FF25A554104A6250A3850121218583
:1021E00019210904A165E16521660C496187214631
:1021F00090312922D2008A81094A0A4B4B608A60B9
:1022000008F0BAFA204608F0EBFA78342046EAF7EC
:10221000D5FDB0BDEC2F00201B001B00FFFF000010
:1022200048011B001B0048018421405801880122FD
:10223000914301807047B0B50C460546002B03D092
:10224000104608F0D5FA05E00C20604328184079C4
:102250008006C00F002805D0022228462146FFF73D
:102260003EFDB0BD0020B0BD80B5EEF7E3F800281C
:1022700002D03821405C80BD142080BD10B50146DD
:102280001239032901D2002010BD840000F03AFC6D
:102290000068005910BD0000F0B58BB001931546E1
:1022A00005918A78D11FCEB2012300240B2E194646
:1022B00000D321460894604CF4400C4002940C2456
:1022C00027466F432121C9004618F7192E21039094
:1022D000405C0990304629460A92FFF7ACFF079010
:1022E00030462946089AFFF7FAFC089004973F7990
:1022F0000695284608F08EFA0246444331190879BB
:102300008979079B002B08D0089B04290A9D14D1CA
:10231000A84212D1002B06D118E0089B002B0A9D81
:1023200014D0042937D1029900292FD00598099992
:102330001446FFF7ABFD22462BE0099F38461146B5
:10234000FFF792FF06460125042450E0002401987F
:1023500003282BD0012861D1099F38460699FFF741
:1023600083FF064601243846214600F0B5FF0028C9
:1023700036D0FF201A30039908180778284608F04D
:1023800037FA012500282DD12C462CE0401B411E98
:102390008841002808D0099F38461146FFF764FF9E
:1023A00006460125052422E0002437E0099D284641
:1023B0000699FFF759FF06460298002809D00598AC
:1023C0002946069AFFF762FD002827D00546032418
:1023D0000CE00A98874224D12F460125032406E009
:1023E000254604E00224B80600D42C46099F304656
:1023F000FFF744FF002808D00646384604990F1D11
:1024000006992246059BB0473870E01EC0B24008CE
:102410007E2802D80398FFF707FF2C4620460BB012
:10242000F0BD012EFAD1039808F0F7F90028F5D095
:10243000012505242E46D9E74104000080B50C2271
:102440004A437D2149048150801801218171002176
:1024500041711620E9F70CFEE9F764FE80BDF0B586
:1024600091B01746189A00921A46089000280791D2
:1024700019D0164608466D30CD6FB322002F03D118
:1024800007998C6FE7890799AA5C0C928A88069253
:10249000009A1680324600780590086D0190082059
:1024A000049009200FE00846A430002F00D1CF8D02
:1024B000C17B0C91008806900120059000200190BE
:1024C00003200490042003900898454245410020D1
:1024D0007F33044600D017980C99022901D30A943F
:1024E00001E014210A910899002901D108990A9163
:1024F000002B01D016990A9101210B9123461094CB
:10250000029406460997BFB2002F04D1002D02D1D4
:1025100010B200285FD40B98C0B2002815D0154621
:10252000012803D102200B90049802E000200B90B8
:10253000039806990C9A059B00F086F9C0B2089999
:10254000079A00F0DFF9431C2A4610B200240D90D0
:102550000028204600DC032099B2CF190546FF353C
:10256000AF420F940E9601D8381A00E0E0431C46A3
:10257000164691B2002900D10A91C1B20A98C2B29E
:102580000C98E9F70BF810990818AF4204D80F9D82
:102590002F463246234605E0099F23463F19FF3F59
:1025A00032460F9D0E9C0D99CD301090C813C0433C
:1025B000121820062846A4D001981099814204D907
:1025C0000298C0B20099088000240298401C029032
:1025D0000025204695E71098002800D0CD3811B08E
:1025E000F0BD000030B4434351435D18010C0C00B2
:1025F000130C5C432D1980B2434392B25143002423
:10260000C918644124040B04090C09195043C0186B
:10261000694130BC70470000064A0E320821491E4D
:1026200005D0931E128882421A46F8D300E000219A
:10263000C8B270474C74071070B505464008684032
:102640008108014340080843C10801438801002470
:1026500040302ED119490222284608F0E4F800281B
:1026600027D1EEB216487043E84222D0284608F03F
:10267000E5F818281DD810483F2189062940421C3A
:102680002A4000D11046084308F0D8F8022810D399
:10269000304608F0D9F803280BD328B20949014085
:1026A000A8B2081808F0CAF80C2801D3002400E0EA
:1026B0000124204670BDC046FFFFFF03D6BE898EB1
:1026C000FFFEFEFE0000FFFFF0B589B0154608AA28
:1026D00000261670002D06931A4600D12A46070CD4
:1026E000474011980790002D04D100230698012837
:1026F0001C4638D810980590794051400C46022E5F
:1027000007D8A0B208F0BAF811214143CC19761CC1
:10271000F5E72046784086B23046FFF7A7FA24282E
:1027200015D8C108059A525CC900411AC9B2CA40FD
:10273000D1070CD008A90870079A511C1278002301
:102740009A420DD0CE5C86420BD05B1CF8E707990D
:1027500008784643330CC818407808A9087000E090
:102760002523002D0ED10F990E9808ADBAB2009016
:102770000192079802900395A2B2DBB2069808F086
:102780009FF8287809B0F0BD80B5034A4A43110A82
:1027900008F098F880BDC046710200000448006847
:1027A0005621405E0D2141434031C8117047C0465B
:1027B000EC2F0020002070470B4909680A461832A8
:1027C0001368002B04D01A4628328342F8D107E060
:1027D00028310A68002A05D0114628318242F8D1F2
:1027E0000120704700207047F02F002070B504468C
:1027F000144E3168084628300268002A08D0104676
:102800002830A242F8D12831204600F017F970BDD7
:102810004869A04201D100F01BF9E06A40680068F5
:10282000002803D004F068FA054600E0A56A316884
:102830001831204600F002F90021284604F074FA0D
:1028400070BDC046F02F0020F0B54524A4004D0611
:10285000ED0F861E072E0AD8201DC0467E4436790D
:102860007600B7440A0F03130317191DF0BD8B2818
:102870001BD1002D20D0B1202BE01821002D1DD11F
:1028800008461CE088071ED580241DE0002D1FD0BF
:10289000C5201EE00320F0BD002B1CD088202DE0B9
:1028A000002B00D008342046F0BD0A38802822D8FA
:1028B000002B22D0782021E071200AE05820022A43
:1028C000D4D80846F0BD6C34002806D0082005E0B6
:1028D00085202018F0BD802010E038204A0802230F
:1028E00013408906C90FC91808182043A9010143DC
:1028F00001204840F0BD0020F0BD70202118A80143
:102900000843F0BD70B50446002801D1062300E05D
:102910000723651E2046A841E50700D01846A307F7
:1029200000D5801D6307DB0FC018230700D5801C6E
:10293000E30600D5C01CA30600D512306306DB0FEA
:10294000C51860B200282ED5002A2CD0002913D03B
:10295000D67A002E00D00935701E8641D06FAA218C
:10296000405CFFF727FF002818D0406B2A21405C0D
:10297000002810D03B200FE0106D002600280DD05D
:10298000406D00280AD0417A002907D0007A022839
:1029900004D10A3501E02320451901268020444056
:1029A000344300D12546E8B270BD10B5846F00F005
:1029B00063F8FF2804D0C000E1690968081810BD59
:1029C000002010BDB0B50C46054600F0CFF9401907
:1029D00082B20025204629462B46FFF703FEFF2240
:1029E0000E322B46FFF7FEFD0901000F40180E3096
:1029F000B0BD70B5012A1DD10646C06FB321445C3D
:102A0000B088402101438B20002522462B46FFF74A
:102A10001BFFC0B201213246FFF774FF0838C1B274
:102A2000032C00D0142520462A46E8F7B7FD0246BD
:102A30003E3201E0C8684243104670BD826AC36AF4
:102A4000002A02D0D362C36A00E04B601A6070476C
:102A500080B507F063FF07480068416900224261C2
:102A60004278EE2313404370C87D01220243CA75A9
:102A700080BDC046F02F0020F8B50C460546427ACE
:102A8000866F3046EDF744FAFF2801D1FF201AE0A7
:102A90003346223319785A78DB7F0093337D012740
:102AA000A3423B4605D96A23EB5A358C5D1B6B422A
:102AB0006B4187400F42E9D01740E7D10099A1420E
:102AC000E4D0002BE2D0F8BD5721890041430548EE
:102AD000006890228058C06B406840182121C900CE
:102AE00040187047EC2F002080B513688B4204D04B
:102AF0001A465B6C8B42FBD144324B6C136007F07F
:102B000013FF80BD0348006890214058C06B0068E7
:102B100034307047EC2F0020F0B581B004462648D1
:102B20000068902280588068C0690179002910D01F
:102B300000920268D31D00221D7880276F40FF0994
:102B4000BC4202D07F273D4005D00833521C914241
:102B5000F2D100202DE0D1B2EBF76CFD16480068F1
:102B6000009940588068C2691179002911D0126813
:102B7000002307255557002D07D515783D402826F9
:102B80006E430568AD192726AB5508325B1C994288
:102B9000EFD10020214607F0C5F80120002C08D114
:102BA00005490968009A895889685E228B5C5B1E1A
:102BB0008B5401B0F0BDC046EC2F0020FEB5DFF70E
:102BC00041FF01904D3002900026C2270298007804
:102BD00086423DD201980068C419A11F0978FF29D7
:102BE00031D025464A3DC05DC0070CD12868002180
:102BF0000160286841602868401C1649096806225F
:102C0000E8F7E1FC06E020463638016840682A68AB
:102C1000116050602078800704D5296820463E382E
:102C2000E4F7DAFA20463E38016840682A68916085
:102C3000D060286808300021E4F7CEF928684E3CBF
:102C4000216829602060472080003F18761CBDE77E
:102C5000FEBDC046D42F00201CB50C4C2068407827
:102C6000000711D46846E8F74FFD2168009A4A60D2
:102C700088604B7808241C434C70101A400B424269
:102C800042419808104008701CBDC046F02F00203B
:102C9000FEB51548006890210291415854200190DA
:102CA000085ACF6B124C451CA9B2090A0E2901D94A
:102CB0000E494518002F0FD0002620683421415CB2
:102CC000F0B2884208D2EBF73BFD761CA9B2408FE8
:102CD0008142F2D12846E6E703480068029940584D
:102CE00001994552A8B2FEBDEC2F002002F1FFFF72
:102CF000D42F0020704780B50346FC3128330A22C8
:102D000008461946E8F75FFC80BD000010B5C26CAC
:102D10000146E6318B8A5343028F0A325A43120B23
:102D200093B2084CA34200D823465B1DE62403530C
:102D3000012008714A801320E9F79AF9E9F7F2F9BE
:102D400010BDC046B30B00000021182909D07D2218
:102D500052044250421801239371002353710C31E5
:102D6000F3E7818B01220A438283704701480068A0
:102D7000808A7047EC2F00204007000F0149085A55
:102D80007047C0463C740710B0B5042801D00C4C05
:102D900000E00A4C042802D02920050101E0A92006
:102DA0004501DFF710FF012800D02C469634A0B271
:102DB0000449E0F709FD401CB0BDC0462085FFFF77
:102DC000901000007102000070B50D4604461A48CC
:102DD00000682C21405CC007C10E01D111220AE01D
:102DE000164800683622825C920624D53630C07AB6
:102DF000800720D51F224E20C04341401048006864
:102E00004069CEB203233146E8F73CFD002812D0DA
:102E100001468472002008734D7208721220C87136
:102E2000062088713E20487104200871200AC8726B
:102E30003046E8F783FD70BDD42F0020EC2F002032
:102E4000D82F0020B0B50D46044612480068362140
:102E5000415C89061CD53630C07A000718D50E486B
:102E600000684069A1212C220223E8F70BFD00280D
:102E70000ED00146047285721420C8710420887136
:102E80003E224A710871200A4872A120E8F756FDD7
:102E9000B0BDC046EC2F0020D82F00200020704786
:102EA000F8B51D4617460E460446ECF7C9FA20460B
:102EB000ECF7D0FA2046ECF7E1FA20462146ECF791
:102EC000FAFA2046ECF705FB20463946ECF7FBFA08
:102ED0002046ECF712FB2046ECF700FB2046ECF70F
:102EE000C2FA2046ECF7E2FA069B002E0ED0002133
:102EF000009194202A46ECF7FBF901462046ECF7B6
:102F0000F4FA20463146ECF7ABFAF8BD12480068F7
:102F10008C21465800200090962001212A46ECF78B
:102F2000E7F901462046ECF7E0FA2046ECF7ACFA68
:102F30002046ECF7B5FA2046ECF7ACFA2046ECF761
:102F400097FAB11C2046ECF78BFA2046ECF7BCFA56
:102F50002046ECF7DEFAF8BDEC2F0020FEB5044663
:102F60004126805DECF776FB0546A05DECF76BFB38
:102F7000009092206B1ED9B2264692367027032508
:102F800005292A46394605D859B28A001749895871
:102F9000174B9A580191235A029674880098401E44
:102FA000C1B2052905D840B2800010490F58104918
:102FB0000D58934001981818000247213E46CF0053
:102FC000C0190C49E0F700FC0190AC40A0190002C8
:102FD000C0190849E0F7F8FB80B20299C98881421C
:102FE00000D80846019908187B30FEBD3818041037
:102FF0002018041071020000F0B5FFB096B017461B
:103000000F911C689A9D296800228C4200D146E1EC
:103010000695E5430D91491900D540E112900593BD
:1030200015A8169000201590949013A914910C9057
:103030001390EFF31080119072B69B48006894AA29
:103040000392029117A901910D990091183023461E
:10305000192421463A461D4607F098FCC6B2182EA0
:1030600015D891490A6894A9039113A902911421D2
:10307000714317AB591801910D990091201AC1B2F3
:10308000283210463A462B4607F080FC80191199E9
:1030900081F3108800062C460C9A129D00D1FEE0A8
:1030A000284683301190139900290CD0C8680A690A
:1030B000002802D002610A6900E01492106015A88D
:1030C00007F0BBFCEFE79499002913D04A688868A1
:1030D000821AAA4201D20122E1E0096849420D9B0D
:1030E000091A5A18521EFBD52218D14202D0401894
:1030F00040420D906D4909910C910B9601200027DB
:103100000E941297C00728D015A8214607F0C1FCDD
:103110008320001B109011982018C543159E002E87
:1031200017D03268501914D573688333204611992B
:1031300007F0E0FC00280AD003CE109A10184018BF
:103140001299083E814200D8014612917F1CF66810
:10315000E5E70F9824180020D4E70C9A90B2B9B292
:10316000814200D3174681420E9A16460D9B00D32A
:103170000B9E814200D80A92129C002C16D1119B02
:10318000D21815AB1B68002B0CD01C68E5435519F1
:103190000C33002DF6D5A31A0E9A12939B180A939E
:1031A0000D9B03E00E9A0D9B9C1A1294814206D847
:1031B00012988018C043181801D40C9716E009988B
:1031C00080B2B9B2814204D20A9808900796099752
:1031D0000AE009D10A980799081808998919081A64
:1031E00032480C9002D5EFE730480C901298002836
:1031F0003AD00B9682180E92D043109016984068E1
:103200000068002829D004468168002923D0276857
:10321000F8430E9A101820D5109838182569686858
:103220000068EED412900E98381A0818461E3046E0
:10323000E0F7CAFAB81B40182060E068002802D006
:103240000561256900E01695286015A8214607F05C
:10325000F4FB1298D5E72069D1E70D981099401832
:103260000E9C0B9E00D448E70C9880B20F4A811A3E
:10327000481E8141099880B2821A5042504108404C
:1032800000D1079E05990E60002801D108990A9186
:1032900006990A9A0A6000280C9A00D1099A90B2FD
:1032A0007FB016B0F0BDC046F02F0020FFFF000039
:1032B00010B50021064B074A0E2905D01C88844210
:1032C00003D09B1C491CF7E7114688B210BDC046CD
:1032D00040750710FFFF000010B50C244C43FFF7AA
:1032E000F3FB001941790120084010BDB0B5154627
:1032F0000C46EBF725FAE621435A002D1A4600D07A
:103300002246C46C0146E6318D8A6543008F0A303F
:103310006843000B84B2641D944200D3224694B2E9
:10332000A3420BD048800A800879012806D00220E9
:1033300008711320E8F79CFEE8F7F4FEB0BDC17FEA
:10334000F7220A40C2777047C17F08220A43C2773A
:103350007047C17FEF220A40C2777047C17F1022B9
:103360000A43C27770470000F0B585B00446412695
:10337000805DECF76FF90546A05DECF764F99223E8
:103380006D1EE9B227469237702603220529039263
:103390000496314605D869B28A001A4989581A4DEF
:1033A000AA580294E35A7E88401EC5B2052D07D85C
:1033B00040B28000134D2C580494134D28580390AC
:1033C00093405818000215210C012546E835401994
:1033D0000E49E0F7F9F901900398864004983018F7
:1033E000000240190949E0F7EFF980B2F9888142FB
:1033F00000D808460199081800190299C86605B056
:10340000F0BDC046381804102018041071020000E6
:10341000FEB50191044607460837E8F75FF90290C8
:103420000D462678207D002804D03846E8F75EF95E
:10343000227800E03246701D029CE108C1400198EC
:10344000401A00B2401EC117083207F071FB021982
:103450004D4138462B46E8F745F9C0B2FEBD10B5E0
:103460000C46FFF731FB214607F05EFA10BD000065
:10347000F8B50446FF250A4884420FD00026094FBC
:1034800038683421415CF0B2884207D2EBF758F932
:10349000408FA04201D0761CF2E73546E8B2F8BD75
:1034A000FFFF0000D42F0020B0B50446B320205CFD
:1034B000ECF726FB0546B334A07A2946ECF7B3F9BE
:1034C000A07A2946ECF77AF9A07AECF79CF9617BAF
:1034D000A07AECF726F9EBF741FFB0BDF0B593B059
:1034E0001D4607460FA8059010A8049011A8039048
:1034F00012A8029019980E900190189C00943846DA
:103500000B9107F027FB0D90EBF7AEFE0646002D62
:1035100007D011A80178321D2046DFF747FC0021B3
:1035200089E0301D11A90A78D1070A90099203D1C8
:1035300000250C9529460AE0616F491C06220C9271
:10354000E8F741F8099A606F0078C007410E9007CC
:1035500010D50A980C9D40190891616F0931062217
:10356000E8F731F80899099A606F007AC0014118AC
:10357000AD1D0C95254698350794B8341007089171
:1035800011D5207869890A9A06950C9D51555219D2
:103590000F231B020B400003C018000A5070099A49
:1035A000AD1C0C95069DD00601D40C9C11E0F81EB4
:1035B000032804D800F036F90246607200E0227A4F
:1035C0000A980C9C0019EB7E2968ECF7FDFAE41CC4
:1035D000099A900617D569680798006D406D0C90A0
:1035E000DFF7E0FB002809D00A9800190C99583140
:1035F0001222E7F7E8FF1234099A04E0DF20099A63
:10360000024011A80270500601D40A9909E0287EF0
:103610000C941446ECF7FAFA22460C9C0A990855C9
:10362000641C50B2002805D509190798006D406D3B
:10363000DFF7D4FB089912987070072F01D007208C
:1036400000E008200143317011A800887F2101406B
:10365000F170FE210F400024022F01D0214601E02D
:103660000B9989010E9D0D9F10AA12883F231340CC
:103670005918B170C00509D5A8882968091890198A
:10368000C01C0FAA14782246E7F79DFF6C743846D9
:1036900013B0F0BD0188054A8918018088B2044939
:1036A0004143080C484080B27047C04615FCFFFFFC
:1036B000AB020000096D52228A5A030953430007E6
:1036C000C00E0818408E181870470000F0B5FFB003
:1036D0008CB008909A4250D0D043C0184DD40C46BC
:1036E0000CA80D9000270C9716460AA90B910A9773
:1036F000EFF3108572B6494800680497039702916A
:103700000EA90191059300931830192739462246D6
:103710000796334607F03AF9C6B2182E15D83F4936
:103720000A68002103910AA90291142171430EAB8A
:103730005918019105990091381AC1B228321046E2
:103740002246079B07F022F9801985F310880006AE
:1037500061D0089883300890059F0A99002911D0FC
:10376000C8680A69002802D002610A6900E00B9269
:1037700010600CA807F061F9EFE7069206987FB099
:103780000CB0F0BD26480990079E0696F143C81973
:10379000F4D407910CA83546314607F07AF90C9F0E
:1037A000049C2646002F23D0099880B21C498842E9
:1037B00008D0A1B2814205D3002E03D03868C0439F
:1037C000301815D40CCF833328460899083F07F0EA
:1037D00091F900280AD003CF0818641C083F002E76
:1037E00002D0311A843901D483300646FF68D9E704
:1037F000099880B2A1B28142059F03D220040994A6
:103800000695BBD0002EB9D0F043C019B6D40798A6
:103810003018BBD5B2E707980690AFE7F02F00202D
:10382000FFFF000010B58AB006480068902141589B
:1038300048316C462046EBF7E5FC204607F014FAC9
:103840000AB010BDEC2F002010B5014600200D4A33
:10385000914215D00C4A12683423D25C521C0B4B97
:103860001B6890241B59DB6B5B68521E08D05724E1
:10387000A4001C195B8F8B422346F6D10448201804
:1038800010BDC046FFFF0000D42F0020EC2F002009
:10389000A4FEFFFFB0B5054600881224FB2819D806
:1038A0001B2817D368880C4A904213D8C0082928CF
:1038B00010D3002400290DD0EAF738FF2988028AA6
:1038C000914200D3114629806988408A814200D301
:1038D000014669802046B0BD90420000B0B5012489
:1038E00030212046EAF7AAFD074D28600748C07A34
:1038F000C01DC008401E03210143491C2046EAF7B1
:103900009DFD29680861B0BDF02F0020702E0020B9
:1039100010B50124844008212046EAF78FFD0349B1
:103920000968902289584C74C86010BDEC2F0020A3
:10393000F8B5002846D00E46012568212846EAF74A
:103940007DFD214F3968902409598860B540EEB259
:1039500008213046EAF772FD3968095989684D72C5
:103960004860009675001126212E0FD008212846A8
:10397000EAF764FD3968095989688919491F08609F
:1039800038680059806885550836EDE72821009889
:10399000EAF754FD39680959896808600B4802251F
:1039A000012629463246E8F7D1FE39680959896867
:1039B0008864064831462A46E8F7C8FE396809593E
:1039C0008968C864F8BDC046EC2F00206C2E00202A
:1039D000F0B585B004920F4606464D24DFF732F865
:1039E00006550760039001464D3101200291487051
:1039F000C00401900025EC27049CF0B285423CD223
:103A000003980068C6193046EBF77BFF3046303824
:103A10001B4A0280304628381A4901803146323923
:103A200000200880314642390A8031463839019AEF
:103A30000A6031465C3908603146603908603146B9
:103A40006C390A60314670390A603146263908708F
:103A500031462A39087031463E3907220A800499D6
:103A6000002902D060659C3E3460472080003F18EA
:103A70005C34029806786D1CBFE705B0F0BDC04607
:103A8000FFFF0000FF01000070477047704770475C
:103A90007047704770B5134E3068056900243022B6
:103AA0002146E7F794FD1048C07AC01DC008401EAB
:103AB000032101434A1C28462146E7F788FD306868
:103AC00005610146283102461832034620338461DD
:103AD000C261046243628462C16204480068048275
:103AE000047370BDF02F0020702E0020EC2F0020FA
:103AF000B0B50E480068982144584620002525544A
:103B0000EEF774FD01280FD107F0BAF82422084916
:103B10008A5C002A2A4600D00268E2642322895C7B
:103B2000002900D045682565B0BDC046EC2F0020B7
:103B3000702E002070470000F8B5184E3068002441
:103B400044771E301122164F2146B84730682F3077
:103B5000FF2505222946B847306834211F224254E8
:103B600001463431CA7220228A704C7040300722DC
:103B70002146B8473068473008222946B8473068A0
:103B80001C3001222146B8470648006835214454BC
:103B900030685621445256304480F8BDEC2F002046
:103BA000CFB50410D42F002080B5044800685C30E5
:103BB00000210422E7F70BFD80BDC046EC2F00205A
:103BC00080B50548006890214058C06B00682030DF
:103BD000ECF7FEFD80BDC046EC2F002010B51B4861
:103BE000006890214058C06B0068FF210231818736
:103BF0001749CA7A3E23C2542B22895C3F22815442
:103C000001201449144CA04703201449A047042064
:103C10001349A04707201349A04700201249A04795
:103C200002201249A047DFF7EEF9DFF724FADFF7A9
:103C3000F7F807F02DF8DFF70AFADFF7D4F907F005
:103C40002DF8DFF7B4F907F034F810BDEC2F0020A1
:103C5000702E0020690807105B0705104D10071033
:103C6000F11E0710C1FA0610F5040710F50207103F
:103C70000021034A8162C2621921C901018670478D
:103C80000100010000207047F0B585B01D461446C4
:103C90000E46FFF7D9FD002808D0074604950546D3
:103CA0002C352878032803D10C2438E0022436E090
:103CB000039401242046EDF7E8FE002822D00146B7
:103CC0002831029401910C74014630310822154BC1
:103CD000044630461E46984721461031102204986B
:103CE000B047334626462E34022203982146984791
:103CF000002438462146EEF76BF8002804D00299DC
:103D00000A4603E007240AE006220299019B1A7082
:103D1000421E90411871A8783246EDF7BDFE20464C
:103D200005B0F0BD59280410F0B585B01E4A1268E0
:103D3000146872B60622A55EEA172F4697431B4AFF
:103D4000039189184E09711C0491002203280290E6
:103D500001D110460EE04100635E012B09DB04989F
:103D6000191A4842019009B2C81301990840DF1995
:103D700000E00498E368995E36B2B1420FDD39B2D3
:103D8000B1420CDD281AE08002984000215A049AC2
:103D9000891A21521846039906F092FF024662B62C
:103DA000104605B0F0BDC046F42F0020FFFF1F00F5
:103DB000F0B59BB01446069107460FAE00252E22A3
:103DC00030462946E7F703FC3046103010220699AA
:103DD000E7F7F9FB2036F87C03280BD0022810D136
:103DE000F8690FA90870020A4A70020C8A70000E66
:103DF000C87006E03E48016844310FA81022E7F77A
:103E0000E2FB387D294606F07FFF0290387D0121D4
:103E1000059106F079FF01906520385C30700696B8
:103E20000FAE304621303946663106220092314BC2
:103E30000490984778780699C87130462830B91CA4
:103E40000390009A2B4B9847294800680199411824
:103E5000B4310BAF3846093007220192254B984701
:103E60002348006802994118B431B81C019A214BCB
:103E70009847781C0699C91D059A1E4B98471D4BFB
:103E800038460699059A98471036102D07D0705D70
:103E90000BA9495D414007A841556D1CF5E70FA8E6
:103EA00007A9224605F008FF0BAE00251022304678
:103EB0002946E7F78CFB0627304603993A46E7F791
:103EC00082FBB01D04993A46E7F77DFB102D07D021
:103ED000605D0BA9495D414007A841556D1CF5E7A0
:103EE0000FA807A9224605F0E7FE1BB0F0BDC046AB
:103EF000F82F0020C7B50410B0B51C4615460028A1
:103F000004D0EEF709FE002802D113E0002911D1F8
:103F1000022D05D208480068AC214058083006E060
:103F2000022D07D104480068AC21405818302060A9
:103F30000020B0BD1220B0BDF82F0020F0B59BB01E
:103F40001446069107460FAE00252E22304629461C
:103F5000E7F73DFB3046103010220699E7F733FBB8
:103F60002036F87C03280BD0022810D1F8690FA95D
:103F70000870020A4A70020C8A70000EC87006E0CF
:103F80003E48016844310FA81022E7F71CFB387D3A
:103F90000121059106F0B8FE0290387D294606F011
:103FA000B3FE01906520385CF07106960FAE304686
:103FB00028303946663106220092314B04909847EA
:103FC00078780699087030462130B91C0390009A21
:103FD0002B4B98472948006801994118B4310BAF21
:103FE0003846093007220192254B9847234800683C
:103FF00002994118B431B81C019A214B9847781C9A
:104000000699C91D059A1E4B98471D4B38460699BF
:10401000059A98471036102D07D0705D0BA9495DA1
:10402000414007A841556D1CF5E70FA807A9224696
:1040300005F042FE0BAE0025102230462946E7F778
:10404000C6FA0627304604993A46E7F7BCFAB01D8F
:1040500003993A46E7F7B7FA102D07D0605D0BA930
:10406000495D414007A841556D1CF5E70FA807A918
:10407000224605F021FE1BB0F0BDC046F82F0020FF
:10408000C7B50410F0B5B9B01C460E46074601ADE1
:1040900020202871102038900A9003920020009070
:1040A0002846E7F7BAFA284639463246E7F7B9FA1A
:1040B0006A4628462146E7F7B8FA39B0F0BD000055
:1040C000F8B50C46054601208873E8780874084660
:1040D0002030294644310226194F3246B84720463F
:1040E0002230291D3246B84720462430A91D082217
:1040F000B84720462C3029460E3110263246B847A4
:1041000020463C3029461E313246B84720464C30C6
:1041100029462E313246B847A86CE066E86C206725
:10412000687816210140E172E0210140607C08437B
:104130006074A878010702D5FE210840E075F8BD3B
:10414000C7B5041080B506F0E5FD80BD80B50A4A0C
:1041500012683D23D25C0270012A05D0002A08D1E2
:10416000084606F05DF802E0084606F04FF8002029
:1041700080BD862080BDC046F82F0020E0B50B46EC
:10418000014601AA01201080024800680830FCF7AF
:104190002BF98CBDD42F002080B56421415CC90768
:1041A00006D111214156002902D5817E8A0602D40A
:1041B000EEF7F2FF80BD042211438176DEF7B6FFF1
:1041C00080BDF0B597B0044603AE002150223046C2
:1041D000E7F7FDF95D20205C012101407170304658
:1041E0003E3021465E3106252A46E7F7ECF9207C71
:1041F000F070E07D010716D411202056002804D568
:1042000003A8417880220A43427003AE301D214644
:1042100022310222E7F7D7F9B01D214624310822C6
:10422000E7F7D1F903E0FE21084003A9887003A84D
:104230000E3021462C3110263246E7F7C4F9607C57
:1042400081060CD503AF38461E3021463C31102282
:10425000E7F7B9F97878202101437970607C40064E
:104260000BD503AF38462E3021464C311022E7F7EC
:10427000AAF97878402101437970A07C0521084291
:104280000AD003AF38464430214620310222E7F7F6
:104290009AF97878304301E003A84078E17A294020
:1042A000014303A84170E16E226F1591169206F04A
:1042B00044FD054600280CD0A11C01AC0622204676
:1042C000E7F781F9A5714220052107222346ECF783
:1042D00099F9284617B0F0BD80B52822504304490B
:1042E0000968AC23C95808180021E7F770F980BDA8
:1042F000F82F002070B51C4605466520285C087024
:1043000029466631062610463246E7F75CF968789A
:104310002070A91C04983246E7F755F970BD0000DB
:10432000F0B5A9B004930292019105901BAD35211F
:1043300006912846DEF71AF8284625300390012416
:1043400084736520287129486880622068700FAFE7
:1043500020220092384605992346254EB047254A2B
:1043600017AB0593244E38460099B047681D1027B7
:10437000009701993A4623461D4EB047284615300E
:1043800002993A462346B0472520049929542846E5
:1043900026302E9906273A462346B0472F98039990
:1043A000C87128462D3030993A462346B0470BAFA6
:1043B00028460699059A3B460F4EB0473198394634
:1043C000009E324623460A4FB8472C7007AF284656
:1043D0000699059A3B46084DA84732983946324619
:1043E0002346034CA04729B0F0BDC046746C0000C2
:1043F00089410510539C071085400610F0B595B013
:1044000007920F46064613A80021017012A80170FA
:1044100009A810220891E7F7DAF8F07C022808D101
:10442000F06909A90870020A4A70020C8A70000E2D
:10443000C870012F21D14C4804684020205C14AD85
:104440002870707B012101406970307D002106F0E9
:104450005BFC0019B721405CA870F07C032827D1D1
:104460003046EEF759FB002822D0002101220DAB87
:104470003046FFF741FD0D9916E0307B14AC2070FB
:10448000707B8007C00F6070307D012106F03CFC1E
:10449000C01CC0B2344909680818B422805CA070FE
:1044A000F07C032804D1443109A81022E7F78BF8E7
:1044B0006420315C01221140012F06D1002904D172
:1044C00035464C3534463C341BE0481E0C4684418E
:1044D0007B427B41234004D035464C3534463C3446
:1044E0000BE00846384304D08620012F2BD1002949
:1044F00029D035463C3534464C34012F25D100298E
:1045000023D00EA8009013A910AA12AB3046FFF7D3
:10451000F1FE089E079B1448006813A9097812AAA7
:10452000127805930EAB0493039210AA02920191A4
:1045300014A9009149218900401809AB21462A4657
:1045400006F01EFC304615B0F0BD3943481E8141CF
:104550005340194205D110A8009012A90EAA13AB1E
:10456000D4E78620EFE7C046F82F0020F8B50546CF
:104570000189002415222046EEF758FA00281BD0A6
:1045800006461120708070680D2101724D20800058
:104590000D4909680B18052110223046FCF751FB24
:1045A00064202F5C28463146EEF7F0FA002808D147
:1045B000F80703D0432002E0882402E05420C043DF
:1045C000A8722046F8BDC046F82F00201CB5042173
:1045D00007226C462346FCF720FB62780A21042A56
:1045E00013D86A469278012A0FD86A46D278920781
:1045F0000BD40749096834228A5C694609799142DB
:1046000002D31129014600D3062108461CBDC0462D
:10461000F82F002070B50546008906F0FDFB4642E4
:1046200046411B4909683C22895C022904D00024C8
:1046300001292AD1002828D108200143A97515484D
:1046400000684721405C012480071ED52D8912484F
:104650000068806902214D220323E7F713F900283F
:1046600013D001468572042048720B200872002086
:10467000C871052088710E73FF204871822008716F
:10468000280AC8720220E7F759F9204670BDC046D3
:10469000F82F0020EC2F0020D82F0020F0B587B095
:1046A000044606A80025057021890B222846EEF74E
:1046B000BDF900281DD00590B020A0720395E575C6
:1046C000E07B2F210140E173454E3568207D0121BB
:1046D000049106F019FB4019B721475C306832217C
:1046E000405C022807D10820384004D10321059FEF
:1046F00054E0882664E0207EC00705D106AD284638
:10470000EEF7F0F9287802E0607D06A9087007400E
:1047100018203840E17D0143E175080702D4B42533
:10472000059F07E02046DEF72DFD01460028059F86
:1047300034D1B2252046EEF7EFF906984107C90FAC
:10474000E173C007800FA073204600F093F8204665
:1047500000F0DCF80146002820D1204600F028F9BE
:10476000842803D00146002801D017E0B2251C4858
:1047700000683521405C06A90B78627B617CA77CD0
:1047800000AE83C60221059F3846EEF7E1F92046C8
:104790003946EEF7FBF90146002814D010480068AE
:1047A000B122825C002A05D0B130237D049D9D405A
:1047B000AA430270012320463A46E8F7EBFA064680
:1047C000304607B0F0BDE07AF8210140E17238468A
:1047D000039E31462246EEF7F3F9A572F0E7C04694
:1047E000F82F002010B514460A46406819462346A3
:1047F00006F02CFB10BDF0B585B0009317460546BA
:1048000001AE3046083008242246E6F7DCFE30468A
:1048100039462246E6F7D7FE28463146009A05F08B
:104820004BFA05B0F0BD0000F0B591B005460F4F52
:104830003A686432002420212046EEF745FB002828
:1048400001D01F240EE001AE402230462946E6F793
:10485000BAFE38686430064A3146E6F7D6FEC01C18
:1048600000D11224204611B0F0BDC046EC2F00202C
:10487000E12B0710F0B524490968027D12010832C6
:10488000D2B28B18B5241C5D0473B6241B5D012BBA
:1048900003D1437B02241C4344730B463633032568
:1048A00015430C46B434655D01262E40877B3743A3
:1048B000877304263540C77B2F43C7731643A55D16
:1048C000057405251543645D6425455DED070ED12E
:1048D0001D782C4007252C40847406242243891817
:1048E000B422895C5A780A402A404274F0BD5D784F
:1048F00025404574062422438918B422895C1A781D
:104900000A408274F0BDC046F82F002070B50446FE
:10491000007B617BCA0701D08A0704D4E27D1207BD
:1049200003D5890701D003251CE0E17B052319424B
:1049300013D01D490D684022AD5C43431B4EF31854
:104940005D5DE574FF2D0ED1E37D1B0707D40128C3
:1049500007D10868805C012803D1012502E0042505
:1049600000E00225E5746420205CC00703D11A2012
:104970002056002812D420460F300078C00704D0FB
:104980002046FCF71DFA00280CD0E17D0020090725
:1049900003D5022D01D10020E07670BD02480068E9
:1049A0003130EAE7032070BDF82F00205F86041045
:1049B000F8B5C17C022910D1C17BEF220A40C27335
:1049C000224909684022895C0026022910D3042963
:1049D00005D002290BD0FF260AE000242EE0017B3F
:1049E000022904D304292BD0022901D0F3E70126A0
:1049F000174909684722895C842449071ED507891D
:104A00001448006880690225482203232946E6F7F6
:104A100039FF002812D001468772042048720D72B7
:104A20000020C871052088710E73FF204871822014
:104A30000871380AC8722846E6F780FF2046F8BD9C
:104A40006421415C01260E40D2E7C046F82F0020C9
:104A5000EC2F0020D82F002080B5064800891630A2
:104A600080B206F033FA044800685C210122425407
:104A700080BDC046702E0020E02F002070B5114C84
:104A8000A07A2421E9F7DAFC0F490B6800221D46C1
:104A900050351E4648369A64DE641A655D65A47A10
:104AA000002C0CD002620B685B6D18600123037050
:104AB000054620350B685D652430641EF0E79A6575
:104AC00070BDC046702E0020E02F00200448006812
:104AD00000680189C0684088401A80B27047C046AB
:104AE000F42F00200D4909680A6872B60621515E4C
:104AF000002905D5032802D162B600220BE000216F
:104B00004300D25E002A01DC0A4600E08A1803282E
:104B100000D10A4662B690B27047C046F42F00201A
:104B200080B5818906F0E2F980BD0000811E1E2952
:104B300016D800207944097949008F4418170F17B7
:104B400019171B171D171F172117231725171717BD
:104B500027172917171717172B172D000120704734
:104B600052281BD0D22801D10A2070470F2070474D
:104B700002207047032070470420704705207047CB
:104B80000620704707207047082070470B207047A9
:104B90000C2070470D2070470E2070470920704789
:104BA000BCB5002B0FD01C466B4699705870012085
:104BB00018701A71080AD870A189052520462A465E
:104BC000FCF73FF86580BCBD10B50446C0680028FE
:104BD00015D04188091D89B2E9F721FCE168608997
:104BE00005F076FD002808D1628921890020FCF7B4
:104BF00057F8A08801218843A0800020E06010BD04
:104C000070B514460D4606468089401C81B2304678
:104C1000E8F75AF92880B089C01C81B23046E8F71D
:104C200053F9208070BD70B50D4604464689042EA8
:104C300000D00626002A05D0EEF7E0FF002802D0BB
:104C4000032000E0002071198AB22189EDF7EEFE01
:104C5000002800D0868170BD70B509490A686021BE
:104C6000535A00210225074C8B4206D0566E765BC4
:104C7000864203D20835491CF6E7214688B270BD4A
:104C8000E02F0020FFFF000010B50A460146007C1F
:104C9000202804D0102805D10C31022403E00C3167
:104CA000042400E0102410462246E6F78CFC20463F
:104CB00010BD80B506F02AF9002801D0408880BDDB
:104CC000002080BD80B506F059F90549884205D01D
:104CD000C00004490968496E081880BD002080BDE5
:104CE000FFFF0000E02F002080B5017802220A4378
:104CF000022A02D100F018FB80BD408880BD10B5AB
:104D00000C4600F009F8616889698B688A8802217D
:104D100000F014F810BD0000074909683431096833
:104D2000002904D00A89824203D01031F7E7FF201E
:104D3000704708787047C046E02F002010B5484300
:104D4000C408A4B2944201D9002010BD072210402B
:104D50001A5DC2402020411A0020C043C8401040C4
:104D600010BD000008490A68516E6223D25AD20071
:104D70005218083A824202D3401AC00801E00020CB
:104D8000C04380B27047C046E02F002010B50C46EB
:104D90000146020A12200E2A11D81A2C0FD801221D
:104DA000A240084B1A420AD00846FEF74DFD0028E3
:104DB00006D02121C9004018214606F0F5F810BDA3
:104DC000022010BD20000804F0B589B00D46010A8C
:104DD0000E2901D9122047E01C461646FEF734FD85
:104DE000002806D007462C300178032903D10C2077
:104DF0003AE0022038E00894807800240F220790DF
:104E00002146ECF730FE002801D03A202CE0069431
:104E1000109A0F9C0E99FA3738880F460094059225
:104E20000192029028463146089A3B4606F0CCF89B
:104E3000002819D104940120ECF727FE002812D095
:104E400002463820069C1454059850840498108417
:104E500056831583D7830898908301210798ECF730
:104E60001BFE204600E0072009B0F0BD80B5DDF74D
:104E7000B2FEC0B280BD80B5DEF729F980BD80B535
:104E8000DDF7A9FEC0B280BDFEB50E46044603277D
:104E900007401B4801680D462835002F07D0012C1C
:104EA00000D002246878002806D0D12626E002919E
:104EB00000200190202403E002910520C00201900F
:104EC000E6F7BEFD3146DDF722FE0646002815D185
:104ED00029780120DDF71FFE064600280ED1029931
:104EE0005D310878204308700026002F06D0044862
:104EF000006802210122019BECF775FF3046FEBDE0
:104F0000DC2F0020F0B589B01C4615460E4606A9D8
:104F100005AAEFF70FFA002810D00598407A0C2266
:104F2000B0420DD90F9806A90F78791EC8401221FA
:104F3000C00701D0012C05D9084610E042200EE040
:104F400010460CE004910392DDF78AFF012801D09E
:104F5000012000E00320A842049B02D2184609B0B9
:104F6000F0BD02202843032809D107A8029002F0CF
:104F700041F90298FCF76EF8049B0028EED0012F4F
:104F800040D1109F38880428E8D379880429E5D3D4
:104F90008142E3D8BA88062AE0D31920C1018A42A7
:104FA000DCD8F8880628D9D38842D7D88242D5D809
:104FB0003A8993087C2B31D87B890A2B2ED38B42DC
:104FC0002CD8511C48438008834227D9F889B989D5
:104FD00081420498C3D80E990020079007AA049232
:104FE00014700890501C06220291E6F7ECFA04981F
:104FF000DDF726FF0899079802F006F900280FD080
:105000000B20ACE7DDF7E7FD014611200029A6D013
:10501000002FA4D0072F049BA1D8B2E704989EE7E5
:10502000DDF7DDFD01280CD1ECF77EFC1121090133
:10503000415C012905D1FF21DC3140180078C0070F
:105040000FD1059805F0ECFF0028039887D105984B
:1050500002990091019731462A46234605F0E8FF60
:105060007DE703987BE7000070B5104800683421A5
:10507000405C742141430E480268A432002003467C
:10508000994212D01468E518AC7A6426AD5DED073C
:1050900004D16034E4B2512C04D205E05034E4B2BF
:1050A000412C01D37433EBE7012070BDD42F0020D5
:1050B000F82F0020F8B50C460720C0430C4E0546DB
:1050C0000835182D10D03168A827C95908180A309A
:1050D00006222146E6F782FA00282846F0D13068F9
:1050E000C059405DC00601D40020F8BD0120F8BDC4
:1050F000F82F0020F8B50E4604460020EDF7BCFC62
:10510000022801D93820F8BD207E800701D00C206C
:10511000F8BD2189002506222846EDF787FC0028E6
:1051200013D007460220788078680B210172694607
:105130003046EDF7BBFC786800994172204639464D
:10514000EDF724FD002802D0F8BD8820F8BD0098B6
:105150006075207E0121014321762846F8BD80B587
:105160000320F6F766FC80BD0148002101707047FE
:105170000C3000201CB50346064C207850210091CD
:1051800000210A46F6F709FC0121217006F07CF89F
:105190001CBDC0460C300020BCB50A460446C11CEC
:1051A00001AD10462A4601F0BCFF032228462146E5
:1051B000E6F714FA002800D08120BCBDF8B51446EB
:1051C0000D46064606F06EF8671C204606F070F89D
:1051D00000280BD1062228463946E6F7FFF90028B9
:1051E000F3D12078B042F0D10020F8BDB320F8BD53
:1051F00080B50220F6F71DFC80BDF0B595B00C46D9
:105200000546FFF7B1FF01AE3E36B32701A8FFF711
:10521000B1FF002810D1062230462146E6F7DEF91C
:1052200001A9497801220A40AA42EFD10028EDD114
:10523000FFF7DEFF0027E9E7F8B215B0F0BD10B5C3
:1052400006F048F80024002806D106F05BF8002894
:1052500002D106F069F80124204610BD10B50949B5
:105260000A686021535A190409D0516E9CB2E400B7
:10527000611808390C785B1E8442F4D100E00021EB
:10528000084610BDE02F0020064800686021415A02
:10529000002905D0406EC9000818801F008870479B
:1052A00000207047E02F0020F0B585B0174604902D
:1052B0001C4D28686024065B024660325288964284
:1052C00017D202940393002917D001970846FFF7DD
:1052D00049FD441C2868B1B2A2B291420BD3C90067
:1052E000406E4018014608390822E6F76CF9761E30
:1052F000F0E7002712E0019F00E03446406EA1B2C3
:10530000C900049A42544018039A42602868029BDC
:10531000C25A521CC252406E40184780384605B0EF
:10532000F0BDC046E02F002080B506F011F840889F
:1053300080BD0000FEB50D460446FFF7A5FF00281E
:1053400034D0AC4232D80646A0422FD3204605F0D6
:1053500015FE04461648844228D0AE4200D32E469D
:10536000304605F00BFE13490F686026B95B4A1EF4
:10537000824217D90190054602948BB26D1CAAB2E5
:105380009A420DD2796EA0B2C0000818D2008918D6
:105390000822E6F718F907480768B95B641CECE7D0
:1053A000029C0198C243A2185118B953FEBDC046D1
:1053B000FFFF0000E02F0020B0B50D460446FFF7C8
:1053C00093FC6168C98A002908D0C0430818618825
:1053D000401880B2A84206D30020B0BD0020FFF7DD
:1053E0003DFFA042F8D00C20B0BD000010B504462F
:1053F0000846FFF731FC08490968496E82B2D200BD
:105400008B5CA34205D0421E00041046F6D100205A
:1054100010BD881810BDC046E02F002070B586B0C2
:1054200014460E46054601A810491422DCF782FFF7
:10543000002E07D101200E4901AA05F0B3FF064650
:10544000002810D02846FFF767FC7168096A8B684E
:105450000849C97A49084A1C0421FFF76FFC204219
:1054600001D0002000E0812006B070BDF8170410C4
:10547000FFFF0000702E002070B5154604461A4844
:1054800000685C22805C82078120002A29D4A288DF
:10549000120626D4481E80B2FFF714FC002810D054
:1054A0004168097829421DD005F09CFF00280AD0E8
:1054B00006462189032205F0C5FF002805D0C0203B
:1054C00070BD122070BD862070BD102D01D0022548
:1054D00000E0012520893146FFF711FC054201D08B
:1054E000002070BD0C2070BDE02F0020F0B58BB007
:1054F0000A9314460D460746EEF7D0FB002812D05B
:105500000646049780880C27410700D583E0022CCB
:1055100001D180077FD402950394109C0A9B012B34
:1055200003D8032503E0122775E09800451CA01C52
:105530001946002904D0028855190830491EF8E799
:10554000F088022B02D3A9B2814264D803998A1E43
:10555000511E8A41A9B2814200D30546A9B2304604
:105560000691FFF760FB00280ED00746039802283B
:10557000079701960FD1B9891D22384605F0DDFF46
:105580000A9801280FD04EE00820E6F771FDE6F7F3
:10559000C9FD88273FE0B9890A9801283ED11B221E
:1055A000384605F0CAFF2288B889401C81B23846C7
:1055B000E8F7DAFE6368B889E91E8AB2C01C81B2D6
:1055C0003846FBF73EFB07984580039D022D0CD122
:1055D00001200499029A04F0CFFF0028019C0CD00E
:1055E00007460798E8F7B9FD15E0E807019C04D0E5
:1055F000079A107A0821014311720298079905F061
:1056000067F80746022D06D1002F04D1A088022199
:105610000143A180002738460BB0F0BD2322384655
:1056200005F08BFF0A98A71C012105950028CAD018
:105630000A90079DA8894018089181B2BB1E0224D8
:1056400028462246124EB047A889089E3018801C72
:1056500081B22846099422463B460D4CA047311D95
:10566000A88940188EB206998A1B39888A4200DBC5
:105670000A4609997B5881B294B228462246044DC5
:10568000A847A11908370A98401E059DCEE7C046D5
:10569000430C0610F0B589B01F4603920E4605462E
:1056A000EEF7FCFA002845D00446C068002841D037
:1056B00002970F9801900E9800901F48076838379E
:1056C0003F68002F0FD03888A84204D13846E8F749
:1056D000B7FCB04201D01C37F2E7174800683830F9
:1056E0003946E8F763FEE068FFF71AFA411E0298B0
:1056F000002813D0C8B21E2807D04022114004D180
:10570000E3680399029AFFF74BFA2046FFF75CFA29
:10571000002F0FD03846E8F720FD0BE004A8009AD0
:1057200082814170012101700199089106940597C9
:10573000EEF7C6FA09B0F0BDE02F0020B0B548433F
:10574000C408A4B29C420ED8049B072528402025FB
:10575000691A0025ED43CD402A4082408540185DFE
:10576000A84310431855B0BDBCB514460D46FFF70D
:10577000D3FA696889698B888968009103210C4094
:1057800002212246FFF7DAFFBCBD0000F8B505464E
:1057900081884088EEF782FA002808D004462878ED
:1057A0001E2806D1A188490639D40C2697E1022685
:1057B00095E1410606D4CC49CC4A0A60A188890605
:1057C00000D571E1E188821E86261E2A00D995E067
:1057D000032752007A4492885200974422008001A5
:1057E0001E008001A3008001A6008001220080012C
:1057F0001E00800198008001310180019400800129
:1058000080018001AD008001B00080018001800135
:1058100080018001210080019800052701E0E188D6
:1058200001277F221040523842424241B8B288429A
:1058300000D30F460097BFB220463946FFF7F3F971
:1058400000282ED006462A78818905F083FE287824
:10585000811E16292CD849007944898849008F4433
:1058600016000D0170000D0177000D0193000D0170
:10587000A1000D01AA000D01BA000D01C0000D012B
:105880002F000D010D010D01CE000D01E60098481D
:10589000028AB089401C81B23046E8F765FD0320DA
:1058A000EBE00820E6F7E4FBE6F73CFC882616E18F
:1058B000202800D1CAE0522802D0D22800D0DDE052
:1058C0002A89B089401C81B23046E8F74DFDEB686B
:1058D0006A89B089C01C81B23046FBF7B2F92878DA
:1058E000122800D1B8E0D22800D0C7E000980C38C8
:1058F00070802089314605F03AFEBFE0522802D080
:10590000D22800D0EBE0D22808D0032207E02A7A80
:105910005200571C8F4200D883E7E0E00F226B89CA
:105920009F187EE7EA89D71D7BE7EA68127C802A08
:1059300000D089E0152774E7AA89571D71E702276F
:105940006FE76A892989304605F041FE052094E019
:105950006A892989304605F03AFEAA89B089401D36
:1059600081B23046E8F700FDE889C01DB84200D892
:105970000746F81F82B22B69B089C01D81B230463C
:10598000FBF75FF9072078E06A892989304605F03E
:105990001EFEB089401DEB68197C80295ED181B262
:1059A00010225EE02A89B089401C81B23046E8F7B7
:1059B000DBFC0B2061E02A89B089401C81B23046B3
:1059C000E8F7D2FC6A89B089C01C81B23046E8F79A
:1059D000CBFC0D2051E02846314605F00AFE0F2091
:1059E0004BE06A892989304605F0F1FDB089401DF8
:1059F000EB68197C802939D181B2102239E02A89DB
:105A0000B089401C81B23046E8F7AEFC6A89B089A3
:105A1000C01C81B23046E8F7A7FC2B69AA89B0897F
:105A2000401D81B23046FBF70CF9172025E02A7A99
:105A3000B089401C81B2304605F08CFD19201CE075
:105A4000EA68127C802A4CD00727EAE628463146CD
:105A500005F0CFFD212010E013200EE081B20C33C1
:105A600002223046FBF7EDF8092006E081B20C3344
:105A700002223046FBF7E5F81120A07000987080F4
:105A80002A78B189304605F065FD2878410611D4A1
:105A90001E280FD062892189032004F06DFD0028A3
:105AA00004D03046E8F759FB842618E0A08820216E
:105AB0000143A1806089314604F00AFE002801D02C
:105AC00081260CE0287800261E2808D162892189C9
:105AD0000220FBF7E5F8A08840218843A0803046EB
:105AE000F8BD11279DE6C0466405002005E80610B4
:105AF000702E002010B504464188808805F086FD90
:105B0000002801D0862010BD0020A06006490A6848
:105B1000916D002905D00A4689680029FBD194605F
:105B200010BD946510BDC046E02F002070B51C4626
:105B30001346342545430F4E3068406B4019828C24
:105B40008A4201D9882070BD806A0621FBF765F87A
:105B5000002800D070BD3068406B4019818C2180D6
:105B6000806AE8F7FAFA3068406B411900208862D1
:105B700070BDC046E82F002080B5E8F7E1FD49215F
:105B80008900405CC006C00F80BDF0B581B00646FC
:105B90005009040604D0002E2DD03668401EF8E7C8
:105BA0001C465B1E20469841002C1FD0002E1DD0A5
:105BB0001F2002402020851AA8B2A3B2984200D329
:105BC00025460095AFB2B018001D3A460D46E5F7E0
:105BD000FAFC0098241AA1B24A1E084690410029F6
:105BE00004D0E91936680022002EE3D1002803D042
:105BF0007E20C04300E08120C0B201B0F0BD0000B3
:105C0000F8B500900023138010480E2B1DD00725F7
:105C10001E462E401F06FF0E009CE71983246400D9
:105C20003C5DF440E4070DD0068835400124AC40CB
:105C3000F508EDB24F5D27434F551588B54200D8A2
:105C400035461580801C5B1CDFE7F8BD40750710EA
:105C5000FEB50546C00633D417461C4800683622F8
:105C6000825C002492062CD53630407A000728D575
:105C700001910293164800686907C90E401800692F
:105C80002522042329460093E5F7FCFD00281AD0BD
:105C90000646477201983072380AB07230460B30AF
:105CA00008220299E5F78FFC0099F1710C20B07180
:105CB0003E207071317128463146E5F73FFE00E025
:105CC00086242046FEBD0724FBE7C046EC2F0020BB
:105CD000D82F0020FEB50546C00638D416461E480B
:105CE00000683622825C0024920631D53630807BF3
:105CF00040072DD501910293184800686907C90E25
:105D0000401800693E22412329460092E5F7BAFD7A
:105D100000281FD00746099908987E7238730298A8
:105D2000F87201983872300AB87238460D30F8228D
:105D3000E5F749FC2B20F871FE20B87100987871C6
:105D40000420387128463946E5F7F8FD00E086243E
:105D50002046FEBD0724FBE7EC2F0020D82F0020B3
:105D6000FEB5044626480068002844D00027019765
:105D700001798F4241D23821794302900268551847
:105D80006B78DE0702D102987F1CF1E79E070CD4E6
:105D900058071CD4180730D52846214605F048FC82
:105DA00000282BD116480068EEE75118496B2C22C9
:105DB0008A5CF031D20008320026334608339A421A
:105DC000E1D00868805BA0421E46F7D116E050186B
:105DD000406B112109014118C078020110320026E0
:105DE000334610339A42CED0086880194088A042CA
:105DF0001E46F6D102E0002500E0019D2846FEBDCA
:105E0000E42F0020B0B50446856F2A7C2946FCF7B4
:105E1000F0FDA9680918607A4843B0BDF0B589B0B3
:105E20000793154606910646DDF719F90346002447
:105E300005960490A34241D001221746A74037425D
:105E40003AD0287881070DD407988088800733D509
:105E5000E8793840E040687909D100282CD07F28C3
:105E60002AD004E0FD21084028700222002008907A
:105E7000079801190B7EFE261E407E2E01D10026BA
:105E800008E00E7F981B464246412020085C834272
:105E900000D1B61C0698418F089840B25BB20093BF
:105EA00001960290601CC3B2002005F0D7FBE87990
:105EB000B843E871059E049B641CBBE709B0F0BDC4
:105EC000FEB5029301920E460546E8F739FC0446FA
:105ED000074690342846EBF73BFF0899042E06D17D
:105EE000002804D0019A002A0CD00A220BE08888EE
:105EF0000880012E02D1C0080E3801E080080F385A
:105F0000029E0FE00822029E8A5A0A800088022818
:105F100001D0012000E003200B4BD218C2400B48F7
:105F20001018C00883B222889A4200D30246002E7D
:105F300003D093B2C889984200D310466080384697
:105F4000FDF712FAFEBDC04688FEFFFFB5FF070051
:105F500070470000034909683522895C0840411EEA
:105F600088417047D42F002070B50C4605460026A6
:105F70003046E5F701FB7A300D49897F0D4AB14281
:105F80000FD00388934209D00346323B1B68AB42D3
:105F900004D103462E3B1B68A34202D0C030761CBE
:105FA000EDE78E4201D3002070BD012070BDC046D8
:105FB000702E0020FFFF0000F0B58DB00446AF202A
:105FC000205CC106890F274678372646AC36002963
:105FD00017D0EAF707FA0546F0784106C90FC2075D
:105FE00015D0002913D0BF210840F070A06CE16CDF
:105FF00005F06AFB354878800020C143A1656872CE
:1060000061E0800656D4788805F07AFB52E0FF22E2
:106010002A81020604D4002905D007A81A2209E023
:1060200007A8072206E0C00602D407A83E2201E026
:1060300007A844220273009507A800220275C274C3
:106040008274427442813078FF2807D1002905D13B
:1060500005A902920492019203920DE02246483271
:10606000F1790391717904912146493113780293B2
:10607000D279256E6B0A019307AB029D5D731A748A
:10608000049A9A73039ADA73019ADA800791FF28C7
:1060900009D0E8F755FB418F07A881803988018135
:1060A000DCF70AFF06E000980C3005F055FB07A866
:1060B000DCF706FF2046EAF7D2FE707AEAF770FABC
:1060C000707ADCF714FF0DB0F0BDC046FFFF000092
:1060D000F0B587B00F460146007900260C9C0028D9
:1060E0002FD00390086804914968059206AD00938B
:1060F00001953A46059BE8F775FE002821D00290ED
:1061000005940D9A049C236806A90978CD005B19B3
:10611000DB7913700398401E0390C0B2814223467E
:106120000BD01D68CEB2F600AF19BA68FC68AA5150
:106130007C60491CCAB28242F3D103981871029E56
:10614000059C267007B0F0BD80B5DDF713FB002875
:1061500001D0406C80BD002080BDF8B514460D46CE
:1061600006460027102220463946E5F730FA002E71
:1061700016D028782028394609D3602801D3032176
:1061800000E00221402800D201211F2210400122FC
:10619000824088002158114321506D1C761EE6E78D
:1061A000F8BD002070470000F0B591B014460F46CE
:1061B00009900C2605F0D2FA002800D1C3E0EAF7D6
:1061C000C7F9FF2800D1BEE0054608970594099855
:1061D000000A03905D4800688C2147588C30C668DF
:1061E000304614300690E9F78CFB2A2035543446AB
:1061F0002A345748A08360780121079108436070D2
:106200003046E9F71DF930463146E9F754F9B91C33
:106210003046E9F725F90020049000900398C0B2B9
:10622000811E4F424F41032800D104270898010CDA
:106230000191000A02900998000E03909620079998
:106240003A463B46E9F754F801463046E9F74DF93E
:1062500040493046E9F76DF93046E9F74EF93046E6
:10626000E9F70CF93046E9F70FF93046E9F736F966
:106270003046E9F723F93046E9F7DAF83046E9F72E
:1062800032F93046E9F712F93046E9F742F9284683
:10629000E9F7EFF92D48006841792846E9F7CEFA89
:1062A0000998C0B205F06CFA01462846E9F739FAB8
:1062B00028463146E9F7B0FA28463146E9F771FA3F
:1062C00025492846E9F7E4F924492846E9F704FA7C
:1062D00028463946E9F772FADCF775FC012801D047
:1062E000252100E0FF212846E9F702FA0AA80199D2
:1062F00001760299C17508998175039941750575F3
:106300000799417605990D91314654310E910A96BF
:10631000F16C326D0B910C9205F042FA1048049A20
:1063200062831049B161F161326270621320B0750D
:106330000D48B082B663E5F7D1F901460C22069804
:10634000E5F7EAF90646304611B0F0BDEC2F002023
:10635000017F0000FFFF000029417671555555006F
:1063600050180410FFFFFF0F01020000F0B597B0B6
:106370000F9317460E4605460C2405F0EFF900284A
:1063800000D16FE10B97EAF7E3F8FF2800D169E14C
:106390000746280E0E95290A0C91811EC8B20122CB
:1063A0000228079214D849B28900B0A25258B2A369
:1063B0005B589A180A92B3A25558B5A25258069241
:1063C000B6A251580991C000B749C140049106E0F6
:1063D00005200A9000250820099006920495300CAB
:1063E00002900D96300A0390B04800688821445806
:1063F00088300669304614300890E9F782FA2A207E
:10640000375431462A310220059008774878079A98
:1064100010430791487006994D430C98C0B2019003
:10642000401D48430A990818099948434019A04952
:10643000401880B29F49DDF7C7F906900996543697
:106440000A960F99C8B27D2803D19848006845790B
:1064500003E048B2E5F7F5F80546099E3046E8F74F
:10646000EFFF30463146E9F726F830462146E8F797
:10647000F7FF91493046E9F75CF83046E8F7FEFF50
:106480003046E9F72BF83046E9F71EF83046E8F7D2
:10649000CFFF3846E9F7EDF838462946E9F7CEF957
:1064A0000E98C0B205F06CF901463846E9F739F9A3
:1064B00038463146E9F7B0F938463146E9F771F91F
:1064C0007E493846E9F7E4F87D493846E9F704F9AA
:1064D0000498C1B23846E9F7A6F93846E9F793F9C6
:1064E00010A8029901760025C575039981750D994B
:1064F0004175077545760B99139111950A99149179
:106500001096316D129105F04BF93046E9F707F816
:106510003046E8F7CBFF0198252802D80C9F3E466D
:1065200001E025260C9FDCF74EFB012800D0374602
:106530000E98000C0E90F8B20F900D9E0F98A84286
:1065400003D0FF2060556D1CF8E767700E9820702F
:10655000ECF74CF800280CD0F0B20028059809D0D0
:1065600020782021014321700A980078A070032030
:1065700000E0059820180D90FF200B90C6010A96A8
:106580007F360F200C90420114461F3400210F98D3
:1065900081424DD0334625460E98C4B20020072CC8
:1065A0003DD8A40002A637592C461E46BF46C04619
:1065B000D1650610EB650610F7650610FB65061041
:1065C0001566061029660610F36506101D6606108E
:1065D00002202C46002825D066001640670117408F
:1065E00024097C407440401EF4E72C461E460C985B
:1065F0001AE0F02013E0552011E00A9E30464030AA
:106600009C010440D80130401E0A464066402C469A
:10661000184609E02C461E460B9805E0AA202C4699
:106620001E4601E01E4628460D9B5854491CAEE705
:1066300024480021079A51831422099B9A75224A03
:106640009A82069A1206120C9A61DA6119625862ED
:106650009B63E5F743F80146833106220898E5F786
:106660005BF80446204617B0F0BDC04602000000AB
:106670000A0000000A0000000400000025000000DD
:1066800025000000000000000300000003000000DF
:1066900001000000080000000200000004000000EB
:1066A000080000000800000001040600EC2F002094
:1066B0006903000071020000FFFF000029417671AC
:1066C000555555006818041001020000704700007D
:1066D000F0B5002807D0002905D05B079C0F002AE1
:1066E00004D1012C02D061204001F0BD436A102B7F
:1066F00003D0182B01D0202B05D1012C05D0056922
:106700006D1E102D01D31A48F0BD102B02D0184871
:10671000801EF0BDC2600379F9252B400371012C66
:1067200020D000231C469D002D185B1C6C61042B9F
:10673000F9DB002313E0DC17A40FE418A408A4007D
:1067400025182E461436B4461C1BD65CE4001827C8
:106750006D693C1BA640354366465B1C3560046989
:106760009C42E8DC0279D20700D181600020F0BDB4
:106770001F0C0000F8B58CB00D0000240023D15C84
:1067800008AE5F42F619F1735B1C0F2BF7DD002397
:1067900059428900411804AA9E009219CE681670C9
:1067A000CE68360A5670CE68360C9670C968090EE7
:1067B000D1705B1C032BEBDD6A4608A904A8F1F736
:1067C00041F86846A1004018C17809068278120491
:1067D0000A434178090211430078084329000C312B
:1067E000624292008850641C032CEADD0DB0F0BDBB
:1067F000F0B585B0C500E8B2304BDB7A5B1E834252
:1068000001D2122057E000202D4E1446082805D052
:1068100000230B542680A41C401CF7E70291274854
:10682000C07A0828039001D3082103910024019421
:1068300003998C423ED2C0B2EFB287423AD204955D
:106840001546384604F0AEFF00282BD03846DCF75A
:1068500032FC00280FD0384604F0B2FF0646184834
:1068600086421CD0012002990855DCF730FC002834
:1068700018D02E8016E0384604F0B8FF00280ED05D
:1068800006468078FE210140062905D1384604F0ED
:10689000D3FF408F2880B07804F0F2FF00E008209A
:1068A000029908552A46AA1C0448C07A049D6D1C0A
:1068B000641CBDE7019805B0F0BDC046702E0020F5
:1068C000FFFF0000FCB50A00002303210091010036
:1068D00014E0019C344000040DE0019F37400604A1
:1068E0003E43AE605668F60307D5EE689027FF0575
:1068F000B942EED134402043E8605B1C1068D840B8
:1069000000D186E0C007F8D55C000098A040C543E0
:1069100001955068009D0540012D03D0009D054064
:10692000022D11D18868019D0540D068A040284300
:1069300088604D68012001269E40B543566836099F
:1069400030409840284348605068009D0540032D22
:106950001CD0C868019D05409068A0402843C860CD
:106960005068009D0540022D10D1D80880000D18F8
:10697000286A9F001C263E400F27B740B84317697E
:10698000BC4637006646BE4006432E620868019D3D
:1069900005405068009E0640A6402E430E60556894
:1069A000C02080022840A8D0012098400404E6437B
:1069B0000196C4436D030ED5244D2D689026F6052F
:1069C000B14202D12540054303E0019E2E4005045B
:1069D00035431E4E35601D4D5668F6020CD56E6867
:1069E0009027FF05B94202D12640064303E0019FEC
:1069F000374006043E436E605668760200D471E765
:106A0000AE689027FF05B94200D066E726400643EE
:106A100067E7F3BD002A01D081617047816270474A
:106A2000E0B50A040B000A4D9026F605B0422F6827
:106A300001D11F4000E01740002F06D0B04201D125
:106A40002B6000E02A6004F02FFFE0BD0C00004046
:106A50001C00004081B076490A6802430A60096858
:106A600008400090009801B0704780B50F210020C9
:106A700004F01CFFF0210901002004F031FF6D49F2
:106A8000012004F02DFF6C49012004F00FFF80204D
:106A900040006A490A6802430A6009680840009099
:106AA000009801BD00686649884200D0704780B5F3
:106AB00080204002FFF7CEFF002201210D2000F0D0
:106AC000E2FF0D2000F0E4FF01BD18B587B004001F
:106AD000182101A8DBF74AFC2068C021C9058842BB
:106AE00035D1012401940420059001A802F0A4F8F6
:106AF000002801D0F3F7A4FD5248016A21400CD1CF
:106B00000168214301600168A1430160016A2143DA
:106B10000162006A044000940098F3F797FD002298
:106B20000021122000F0AFFF122000F0B1FF002280
:106B30000021192000F0A7FF192000F0A9FF002272
:106B40000021162000F09FFF162000F0A1FF08B0E2
:106B500010BDF1B586B014216846DBF707FC069836
:106B600000683949884260D18020C00037490A68EE
:106B700002430A6009680840059005980420FFF761
:106B800069FF8020400000900225019500240294B6
:106B9000039404949026F60569463000FFF792FEB0
:106BA00028020090019502940394049469463000F1
:106BB000FFF788FE264E274830600D2070601020B9
:106BC000B060F460802737617461B461F46145029C
:106BD0003562300004F0A0FE002801D0F3F730FD4C
:106BE0000698C6670698B0621B4E1A48143030608B
:106BF0000C207060B460F46037617461B46120206F
:106C0000F0613562300004F087FE002801D0F3F710
:106C100017FD0698C6510698B0620022022108208E
:106C200000F031FF082000F033FF07B0F0BD000096
:106C300050004048C930000036C0000054004048B1
:106C400000003048400040480040004158004048A3
:106C50005C00002008007048A82D002010B590426C
:106C600016D98AB2030C090C0C46594380B253431F
:106C7000444350431B191A041B0C1018594180221D
:106C80005203002312184B41520DD802104310BD7D
:106C90004843802252031218520D104610BDB0B561
:106CA0000A68002A09D0C369DC431346002B09D0C7
:106CB000DD692D190ED59B6AF8E700228262086013
:106CC000C16204E0002282624A68C2621060283019
:106CD0004860B0BD9A4207D0D96A8362C162D96A5E
:106CE00008602830D862B0BD03462833D362826280
:106CF0000860C162B0BD000001460846C96A496823
:106D0000096800290AD0CA7D1207F6D4CA690B6A3D
:106D1000D218C3699A1A843AEFD4704701480068C0
:106D200080697047F02F0020FEB50091002800D147
:106D3000EDE005462E46AD6A002D00D1E7E0B069D2
:106D4000B1680A18EF69D01B8230714801684C693C
:106D500065D4F369A64201D0029308E0D8430194B8
:106D600034464E68029630182646019CF4D4687D5D
:106D7000737D83425FD304D1307DC0070BD10027E0
:106D800028E0AC4201D1FBF763FEE87D0821014316
:106D9000E975012728E00298391AF368994206D26A
:106DA000287DC00705D1EA7D00210F4608E00027B5
:106DB00009E000202862E87D0222024301271946EB
:106DC00008201043E8753162F07D02210143F1751E
:106DD000A64204D0AC4207D1FBF73AFE04E0029889
:106DE000F061304604F0E9FE287DC00714D1307D03
:106DF000C00711D16878697D491CCAB2824200D8A7
:106E0000084668754248016818312846FBF716FEA7
:106E1000284604F0EDFE3546002F8CD18AE7A542C6
:106E200005D1F068316A814201D3FBF711FE009869
:106E300000286CD07EE7307DC00717D1A6422F46D0
:106E400000D0374678787A7D521CD3B2834200D87E
:106E50001046787518313846FBF7F0FD384604F0D7
:106E6000C7FEA64200D02E46354663E702983F1A79
:106E7000833F00D20027306A874200D30746F0687C
:106E800087421ED2D043AA691018AA68801825D458
:106E9000A64207D14878400733D4FBF7D9FD1C48F8
:106EA0000168737D70785A1CD3B2834200D81046B3
:106EB000707518313046FBF7C1FD304604F098FE7E
:106EC00038E73762F07D02210143F175A64212D006
:106ED000AC4200D02EE7FBF7BBFD2BE70020306271
:106EE000F17D02200843F075A64202D1FBF7B0FD08
:106EF000F07D082108E00298F061304604F05DFE64
:106F000018E73762F07D0A210143F17512E7FEBDF3
:106F1000F02F00207CB50D4604468069E1690190A0
:106F2000009120694669002E05D0606A01AA6B466F
:106F30002946B04700E00120012D08D1A169A268CF
:106F4000E3685118C943009A5118C91809D5012896
:106F500001D101207CBD0099E161022802D1019894
:106F6000A06102207CBD000080B50169096900298B
:106F700009D005490968203104F04EFE1520E5F7D7
:106F800077F8E5F7CFF880BDF02F0020F8B5009135
:106F900004460027344B3D467F1C186806461836C9
:106FA0003668002E50D0F168326A8A4201D2283603
:106FB000F6E7009886420ED0F07D01210143F1757D
:106FC000E4F78CFB284909684860002C03D0F1697C
:106FD000081AE92841D830694168002903D0706A4D
:106FE0008847002817D0F169304604F025FE1E4975
:106FF0000968002832D018313046FBF71FFDF07DBC
:1070000040070ED47078717D491CCAB2824200D804
:107010000846707505E01448016818313046FBF7E2
:107020000DFD304604F0E4FD002C01D1F2F764F9C7
:10703000092D0D4BAFD304F041FEA1200621002203
:107040001346E9F7DFFAF8BD002C04D100201C46F6
:1070500004F036FE206800214161F8BD4E613046E3
:1070600004F02EFEF8BDC046F02F0020B0B51F2260
:10707000D443084A234608330AD014192025645DF6
:1070800084421C46F7D1D018C26908469047B0BD6B
:107090000120B0BDDC18041080B508468978C91CF1
:1070A000F4F7DEF880BD80B50846C978027912028F
:1070B0005118491D89B2F4F7D3F880BD80B5084650
:1070C0008978C27812025118091D89B2F4F7C8F8FC
:1070D00080BDB0B5002B05D010C920C8654020C2C6
:1070E0005B1EF7E7B0BD70B514460D46064604F0CA
:1070F0001DFE0023304629462246FAF769FD204648
:1071000004F014FE70BDB0B514460D4601460120D2
:107110001070501C0D22E4F756FAE573280AA0738C
:10712000B0BDF0B589B000920F46054605AE00210E
:1071300010223046E4F74BFA032430463946224603
:10714000E4F741FA01AF284631463A4602F0B4FD71
:10715000009839462246E4F736FA09B0F0BD10B57A
:107160000446EC30E8F77CFDBA2000212152BA3405
:10717000A07AFF2801D0E8F7C6FDFF20A072207A90
:10718000800701D5DBF77CFE10BDB0B50446C220F8
:10719000205C800701D40020B0BD254684352846F8
:1071A000DBF772FEA16F2846DBF752FEA06F0830B6
:1071B0000021DBF739FE606FA16F6167A0670120D6
:1071C000B0BDC721002242540146A0318A88032362
:1071D00013405A1E93415A00A023C252887B0122B9
:1071E00002408307DB0FD2184007C00F1018401E63
:1071F0008877704780B5034909684F310622E4F764
:10720000E2F980BDEC2F0020BFB50C460546E7F73C
:107210008DFA3221405C002801D0002011E00A489C
:10722000006890214058C06B0168086A496A03AA47
:10723000012300930192FE2295432A462346E7F755
:10724000D1FD04B0B0BDC046EC2F002080B50028B1
:1072500002D004F078FD80BD04F0A5FD80BD80B5AE
:107260000021C422E4F7B3F980BD10B5FF21E0315D
:10727000425C910701D5262100E027212523D40770
:1072800000D01946002A00D119462122D20081548B
:107290008018417010BD0000074A12684832126819
:1072A000002A07D05388834202D193888B4201D0B1
:1072B0002032F4E710467047E02F0020F0B585B08B
:1072C0000446408804252946ECF7E8FC06468088F9
:1072D000400508D5608804F085FD002839D0B088C5
:1072E0005E490140B18060886A465080A1889180E3
:1072F000A279531E112B00D967E0C0467B441B794D
:107300005B009F44646873454040868B45564C4CF7
:107310005A08500808502669677AECF7BFFC0C231E
:107320007B43F1188F886289BF1AC088401F80B2E2
:10733000874200DC3846A081F35A6E463381B08123
:1073400048888018708116203070886880180490F2
:1073500078E0A1790C2009297DD1217F10297AD1EB
:10736000218B3F4A914276D13E49096848310968EC
:107370000029B8D062884B88934202D18A790F2ABB
:1073800069D12031F3E7684608210170364804E0EE
:1073900068460821017020460C3003903BE00B2A20
:1073A00042D0202041E0684618210170217A017204
:1073B00048E068460C2101702DE0684612210170FA
:1073C000A068E168029003913CE0862043E06846B3
:1073D0000221017036E06846102101700021C94386
:1073E00041812189018120460C3023E06846062135
:1073F00001700521C90281810021C9434181218990
:107400000181207F102817D12046183004900220D7
:1074100016E068460570A068029013E068460A21ED
:107420000170218901810DE00E2069460870207AE3
:107430000872E068039005E020460C3004901020AC
:107440006946C8816846FEF7A1F9002803D1207873
:1074500028432070002005B0F0BDC046FFFB0000AF
:107460002A2B0000E02F00204C050020F0B59BB037
:10747000EC4C7F20C643DBF7B6FBEB4D012802D076
:10748000E87A002810D0274634467834DBF7ABFB87
:10749000E97A6143784338184418DBF7A4FBE349E1
:1074A0004843E97A414364186234DBF79CFB0128C6
:1074B0000ED1304678302989414330465C30AA7A73
:1074C00042435018314660312A7B4A43801800E01D
:1074D00000200490E8891490DBF775FB012801D0A7
:1074E000DBF7F5FDDBF777FB0128159409D134466E
:1074F0005034DBF778FB6043E97A414308390A915D
:1075000001E000200A90CA4CDBF7E1FD012820468B
:1075100016D0DBF758FB0128204611D02920285C23
:10752000002820460CD12520285C0028204607D1C1
:107530002620285C002801D0204601E030463C305F
:107540001390204620301690DBF7C1FD012815D09E
:10755000DBF739FB012811D02920285C00280DD148
:107560002520285C002809D12620285C002802D08C
:107570002046203001E0304654301690DBF7A7FD5E
:107580001190A87E0190E87F1090DBF72CFB129001
:10759000E87F0290DBF764FC0990E87F0390DBF75B
:1075A0006EFB0027DBF71BFB012838461A9619975C
:1075B00060D1E87F112787400324274302218140BF
:1075C0004E1E2643DBF783FD012817D117960F9433
:1075D000687F0A2800D30A201A9C24344443C03C04
:1075E0000026DBF7E7FB0128189620D1DBF7FBFA32
:1075F000012805D01A9B18466C3004E0002031E0C9
:107600001A9B18466030D3496431AA7F4A43101848
:1076100029461D467835C97F2A468A408618DBF7F9
:10762000E2FA012803D1C948C07A45437619A51961
:10763000DBF7DCFB0646DBF7BDFB04463440DBF73B
:10764000D2FA204001281898179E09D1BF49C87E58
:10765000401E0F9A1043897FE0224A43D143081A03
:107660002818BA4DB919BA4A511A08181A301A9E70
:10767000B84C199F0890DBF7B6FA0128394609D1B2
:10768000DBF70DFB0128394604D12220285C314666
:107690002C3141430F91DBF78DFB0128384620D177
:1076A00020465830A97E414330466030EA7A424352
:1076B00054180025DBF79AFB012810D1DBF793FA69
:1076C00001280CD130467030A04B197F4143304621
:1076D0007430DA7E42435018E4389D7E4543601989
:1076E0009A4D0E90EAF782FF0128384636D1DBF733
:1076F0007AFA012803D02C463546743505E0304629
:1077000078302C46ED7A45430C3D2327E05D00267A
:107710000028304605D0DBF766FAE05D40420321E1
:10772000884340192425615D1A9A7C324A438718A0
:10773000DBF755FA01280DD1DBF7C9FC012809D187
:10774000DBF738FB012805D18048465D002E01D0CB
:107750001A9E6836B8197D4D1A9E199F0D90DBF759
:1077600042FA0128394609D1DBF731FA01283946B6
:1077700004D130465C30E97A414314390C91DBF78F
:1077800032FA0128394608D1DBF729FC01283946AD
:1077900003D130466430E97A41430B91262018909A
:1077A000285C069025201790285C05903E462927E6
:1077B000E85D0790DBF78BFC0446DBF7FBFAE04261
:1077C00034461AD01898285C2821695C1A9E3446E1
:1077D00078344C43F43C4443DBF701FA00280AD0E8
:1077E0001798295C2720285C6C3646435948801935
:1077F0000C30484300E000200419E85D002819D04F
:10780000DBF7F1F90028049B15D02A20285C5149A8
:1078100070314143E85D1A9A504340183838199046
:1078200009E0C0467CFBFFFF702E00206CFDFFFFCF
:10783000DCFEFFFF049B159818181A9B19465C3153
:10784000149A514340180A994018139940181699F0
:107850004018194678310A46109EB2408018119A95
:10786000012A07D13B4A683A019E7243101813223D
:1078700012018018099F069A059EB218129E012EC9
:1078800002D1029EB1404018199E07995118012F4C
:1078900005D11A463032039FBA4010187038089A42
:1078A00080180F9A80180E9A80180D9A80180C9ADA
:1078B00080180B9A8018002904D01A4648324A438F
:1078C00010180C38001984192820285C1990189871
:1078D0002F5C2A20285C18902720285C1690179887
:1078E0002E5CDBF780F9012805D12B20285C1A9942
:1078F00038314143641804F089FA012801D116484F
:1079000024181998189A16994E43B1184743B81875
:10791000C84208D01A9B1A4658324A43443343435C
:1079200098180419183C094D686820180321C943A8
:10793000EA8DD21C0A40AB8DDB1C0B409A182B8EB3
:10794000DB1C0B40D118401A1BB0F0BD702E00207C
:107950006CFDFFFFDCFEFFFF14F6FFFFF0B595B0F6
:107960000120810414912E480160BFF34F8FBFF3B3
:107970006F8FE7F7EDFCE3F7C2FE00201290C043E3
:10798000E7F7D3FCDBF71FF91390DBF724F911902D
:10799000DBF79DFB1090DBF763FA0F90DBF76FF9D5
:1079A000DBF71DF90E90DBF77AF90D90DBF702FAA1
:1079B0000C90DBF71BFA0B90EAF718FE0446DBF796
:1079C00006F90546DBF70FF90646DBF708FB074625
:1079D00004F01CFAC0B2F9B208910990F0B2E9B211
:1079E000E2B20B9BDBB20C9CE4B20D9DEDB20E9E9D
:1079F000F6B2129F009701960295039404930592A4
:107A0000069107901398C0B21199C9B20F9AD3B2D8
:107A1000109A04F0FDF903481499016015B0F0BD07
:107A200080E100E000E100E010B50024032004F054
:107A300063FA002801D0012401E0FFF716F82000C6
:107A400010BD0148806870472805002010B5C200AD
:107A500018231340FF249C40E2438907090E9940F4
:107A6000030004D419489B089B00C01806E0184B7B
:107A70000007000F083880088000181803681A40B3
:107A80001143016010BD80B5FFF7E0FF01BD0000AC
:107A9000010005D40121C006C00E81400D480160DF
:107AA000704710B5401E80214904884201D301204F
:107AB00010BD094C606003210020C043FFF7C6FFE2
:107AC0000020A0600721216010BD000000E400E05C
:107AD0001CED00E000E100E010E000E0F8B504007B
:107AE000002700250126002C1ED02079002802D175
:107AF0002000FEF7D7FF0220207120680168802255
:107B00000A43026020680168802291430160206876
:107B100041680D220A434260206841680D2291436A
:107B20004160A760267100E001252800F2BDF8B58C
:107B30000400206887684568012608210F420CD0A0
:107B40000D420AD0A2683243A260426811434160EC
:107B500020684168082291434160042007420ED00A
:107B600005420CD0A16802220A43A26021684A683B
:107B70001043486020684168042291434160A06836
:107B8000002802D02000EFF73DFDF807C00FE907FD
:107B9000C90F08420BD0206841683143416020681A
:107BA0004168B143416026712000EFF723FDF1BD2C
:107BB00038B5040001D1012032BD25008435686844
:107BC000002803D128702000FEF7C3FF242068603E
:107BD00020680168012291430160A06A002802D058
:107BE000200000F079FA200000F0F0F9012811D00F
:107BF00020684168084A0A404260206881682A2259
:107C0000914381602068016801220A4302602000DC
:107C100000F0C6FA32BD0000FFB7FFFF38B505001F
:107C20002C005434606B20283ED100290BD010006A
:107C300009D0A86880235B01984206D128690028F2
:107C400003D1C80701D5012032BD29652280628099
:107C50000020E06321216163A16A002917D0134B42
:107C6000CB621349A36A19631249A36A5963A16AD3
:107C7000886313002A682832296DA06A03F092FEF7
:107C8000002804D01020E06320206063DBE7402060
:107C900029680862EFF31080012181F310882968B8
:107CA0008A68802300F094FB022032BD7B8406109A
:107CB000AB840610B7850610FEB504002068C169C4
:107CC00002461268836825005C352026202717406D
:107CD000009720270F400197B54F0F400ED1019F0D
:107CE000002F10D0009F002F02D1DF0000D486E0CB
:107CF000A969002901D020008847F7BDAD4F1F407A
:107D000002D1AD4F17407AD0CF0706D5D70504D59D
:107D100001270762686B07436F63880708D5D80798
:107D200006D5022027683862686B042707436F6313
:107D30000420014207D0DF0705D527683862686B49
:107D4000022707436F63082001420AD0009F002FDB
:107D500002D1984F1F4004D0276838626F6B3843B8
:107D60006863B001014006D0510104D52168086262
:107D7000686B06436E63686B002835D00198002855
:107D800009D00098002801D1D80004D5A96900299C
:107D900001D020008847686B4026216889683140FF
:107DA00002D12821014024D0200000F037FB2068B8
:107DB0008068064019D0EFF31080012181F310880C
:107DC00021688A6840239A438A6080F31088686A31
:107DD00000280AD079498163686A03F041FE0028CF
:107DE00002D0686A816B8847F7BD200004F0AAF8CA
:107DF000F7BD200004F0A6F800206863F7BD2F69E6
:107E0000012F00D09EE01027394200D03A4200D125
:107E100098E00762002021688968490656D5696A9A
:107E200009684A6892B25C23E35A002A44D09A4215
:107E300042DA6A80696A09680968314034D1EFF32F
:107E40001081012282F31088226813685C4F1F4062
:107E5000176081F31088EFF31081012282F31088FC
:107E6000226893680127BB43936081F31088EFF386
:107E70001081012282F31088226893684027BB4357
:107E8000936081F310882E632861EFF31080012145
:107E900081F3108821680A6810239A430A6080F3EE
:107EA0001088686A03F0B5FD022068615C20205AE2
:107EB0006988411A89B241E09A4278D1086806403F
:107EC00075D0022068615C20215A37E05C21615A3C
:107ED0006A88891A6A4611806988002967D06946CC
:107EE0000988002963D0EFF31081012282F3108802
:107EF00022681368334F1F40176081F31088EFF337
:107F00001081012282F31088226893682E4F1F404F
:107F1000976081F310882E632861A861EFF31080C9
:107F2000012181F3108821680A6810239A430A60AE
:107F300080F3108802206861684601882000F3F70A
:107F40005DF9F7BDB0048027394209D0174001D14F
:107F5000034005D0E969002929D020008847F7BDF2
:107F60004023194214D0134012D0EFF310800121A6
:107F700081F3108821680A6840239A430A6080F3DD
:107F80001088EE620020E8612000F3F72DF9F7BDBC
:107F9000084005D0500003D5200003F0D4FFF7BD02
:107FA000C80104D5002A02D5200003F0CDFFF7BD9B
:107FB0000F0800000100001020010004F7850610E2
:107FC000FFFEFFFFDFFEFFFFFEFFFFEFF8B505003E
:107FD00000242E6830689E490140A868084329693A
:107FE000014368690843E969014331607068994950
:107FF0000140E86808437060A869304FBE4202D073
:108000000100286A0843B168934A0A401043B060EF
:10801000F06A0F218843696A0143F1628F4800BF0B
:1080200027A16A6A5200895ADBF7CEFB6968009182
:10803000BE4218D14B005A18904234D30A038242F0
:1080400031D3030E02024808002180185941009ADA
:10805000002303F07AFF82494118824A914222D2DA
:108060008149086020E04908804FEA6980231B02AB
:108070009A420DD1400040180099DBF7A5FB0100A2
:108080001039B9420FD207400007400F384308E0CB
:1080900040180099DBF798FB01001039B94202D271
:1080A00080B2F06000E001242800683001214180A6
:1080B00001800021C16001612000F2BD005000413B
:1080C000010002000400060008000A000C00100075
:1080D00020004000800000012821415C090706D5EE
:1080E00001684A68624B1340826B1A434A60282138
:1080F000415CC90706D501684A685E4B1340C26AF5
:108100001A434A602821415C890706D501684A68FC
:10811000594B1340026B1A434A602821415C4907BE
:1081200006D501684A68554B1340426B1A434A60B2
:108130002821415CC90606D501688A68504B134066
:10814000C26B1A438A602821415C890606D5016802
:108150008A68754B1340026C1A438A602821415C7F
:10816000490611D501684A68704B1340426C1A43A6
:108170004A60426C80235B039A4205D14A686C4B8B
:108180001340826C1A434A602821415C090606D5D7
:1081900001684A68674B1340C06C184348607047D9
:1081A000FEB50600370084370024FC6003F00CFFA6
:1081B0000190202530680068000717D55E480090C0
:1081C000019B00222904300000F05CF800280DD04B
:1081D000EFF31080012181F3108831680A68802351
:1081E0009A430A6080F310887D6026E0306800685A
:1081F000400725D550480090019B002269043000BB
:1082000000F040F800281BD0EFF31080012181F32B
:10821000108831680A68804B13400B6080F3108827
:10822000EFF31080012181F3108831688A680123FF
:108230009A438A6080F31088BD603C700320FEBDC5
:108240007D60BD60F46634673C700020FEBD0000B8
:10825000F369FFCFFFCFFFFFFFF4FF110024F4000D
:1082600000FDFFFF00FD0F000C500041F0FF00007B
:10827000FF7FFFFFFFFFFDFFFFFFFEFFFFFFFBFF95
:10828000FFEFFFFFFEB580273F0108240025060011
:1082900001916846027002933068C06901990140FB
:1082A0000198814201D1012000E00020694609784F
:1082B000884236D108980021C9438842ECD003F0A7
:1082C00083FE0299401A0899814201D3002901D105
:1082D0000320FEBD306800684007DDD50198802886
:1082E000DAD04028D8D03068C0692040306803D147
:1082F000C0693840D0D009E00462300000F08EF848
:1083000030008430C46005700120FEBD3068076213
:10831000300000F083F8300084302021C160057007
:10832000D6E70020FEBD0000FFDFFFFFFFFFEFFFED
:10833000FFFF9FFFFFFFF7FFFFFFFF0138B50500BD
:10834000A9652C005C342280002060632221216317
:10835000616A002918D0834BCB628349636A196331
:108360008249636A5963616A88631300AA6D296848
:108370002431606A03F016FB002805D010206063EA
:1083800020202063012032BD286900280CD0EFF3A3
:108390001080012181F3108829680A6880235B001E
:1083A00013430B6080F31088EFF31080012181F3F9
:1083B000108829688A68012313438B6080F3108832
:1083C000EFF31080012181F3108829688A68402327
:1083D00013438B6080F31088002032BD10B5EFF39B
:1083E0001081012282F3108802681368C024A3431D
:1083F000136081F31088EFF31081012282F310885B
:10840000026893685A4C1C40946081F310882021C4
:108410008822815010BD0000DFFEFFFF10B5EFF392
:108420001081012282F3108802681368514C1C40AD
:10843000146081F31088EFF31081012282F3108819
:10844000026893684C4C1C40946081F31088C16EA4
:1084500001290BD1EFF31081012282F31088026809
:1084600013681024A343136081F3108820218C2209
:1084700081500021C166416710BD10B50100886AB6
:108480000968096889060DD4002156228152EFF34C
:108490001081012282F31088026893688024A3432C
:1084A0009360ADE0F2F7A0FE10BD80B5806A03F0E6
:1084B00091FD01BDF1B5806A01005C3100222023ED
:1084C000009C246824681C4034D14C80EFF3108455
:1084D000012585F3108805682E68514F37402F60BD
:1084E00084F31088EFF31084012585F31088056864
:1084F000AE680127BE43AE6084F31088EFF31084AA
:10850000012585F310880568AE684027BE43AE603C
:1085100084F310880B630B69012B0BD1EFF31083ED
:10852000012484F31088046825681026B54325606B
:1085300083F310884A610B69012B0FD14A80009A9E
:10854000126852685C23C35A94B29C4200D24A809B
:108550004988591A89B2F2F751FEF1BD03F03BFD8B
:10856000F1BD0000B58406107D850610B7850610A4
:10857000FFFF7FFFDFFEFFFFFEFFFFEF38B50100CB
:10858000886A02005C32012353611369012B0FD109
:108590005C23C35A5C085480096849688DB2AB42B9
:1085A00000D351805188591A89B2F2F727FE31BDA4
:1085B00003F012FD31BD70B5846A25008835286846
:1085C0006E6821688968090604D5212802D1200037
:1085D000FFF704FF20688068400604D5222E02D1F0
:1085E0002000FFF71BFFA86810210143A9602000AD
:1085F00003F0A8FC70BD80B5806A03F0A3FC01BD48
:1086000081F31088EFF31081012282F31088006853
:10861000026840231343036081F3108810BD0000FB
:10862000FFFEFFFF30B5010084310A78012A01D135
:10863000022030BD01220A7024224A6002681368B9
:1086400014680125AC43146000224266224C1C4091
:1086500000680460202048600A70002030BD70B5BA
:108660000400250084352878012801D1022070BD3E
:1086700001202870242068602068066802680123B1
:108680009A43026020688268D200D208114317E042
:1086900070B50400250084352878012801D1022016
:1086A00070BD012028702420686020680668026878
:1086B00001239A43026020688268084B13401943E3
:1086C0008160200000F040F820680660202068608B
:1086D0000020287070BD0000FFFFFFDFFFFFFFF1EB
:1086E00038B504008C20205820282AD1002926D013
:1086F000100024D0A06880235B01984204D1206937
:10870000002801D1C8071AD40125E566002020679A
:108710002000FFF713FE010014D1E16E01290ED1F4
:10872000102122681162EFF31082012383F3108875
:1087300023681C682143196082F3108832BD012030
:1087400032BD022032BD0000F8B50400606E002882
:1087500002D10120012517E0206881680901490F35
:1087600000918068410F00BF0CA600BF09A7785C8C
:10877000C000715CDBF714F805000098385CC0009D
:108780000099715CDBF70CF8210068314D8008809E
:10879000F1BD00000101010307010000080402040B
:1087A0000801010180B50020F1F74EFF002003F021
:1087B00028FC012003F025FC022003F022FC01200C
:1087C00003F052FCEFF70CFA002801D0F1F738FF64
:1087D000EFF722F8EEF77FFFE3F7AAFC03F062FC65
:1087E0000020F1F732FF002002BD80B50020C04319
:1087F000F2F70EFF01BD704718B58FB000200021C1
:108800006A460B069B0DD05000BF491CCAB20A2A0B
:10881000F6DB03F093FC00282CD0174800780028E2
:1088200028D1EFF799FF0400EEF766FF210000D092
:108830000121884200D9080000281BD0022809D055
:1088400002D303280CD013E00121012003F02FFCF8
:1088500001210AE00021012003F029FC012104E0AC
:108860000021012003F023FC0021012003F031FC52
:1088700003F041FC10B010BDFC04002081B00B4897
:1088800001688903FCD5816802220A4382600021C5
:1088900002E000BF0099491C009100990629F8DB0D
:1088A000816804220A43826001B07047000040489A
:1088B000F8B5040001D10120F2BD8E4D2078C0062C
:1088C0002FD5A0680028A86807D104218843A86094
:1088D000A86802218843A86006E002210143A9603C
:1088E000A86804210143A960A06804280DD103F001
:1088F0006BFB060028684105C90F12D003F064FB2A
:10890000801B6528F6D30320F2BD03F05DFB060053
:108910002868400505D403F057FB801B6528F7D372
:10892000F1E72078C00738D573480168734A0A40D8
:108930008021890111430160016880220A4302609D
:1089400001687022914330220A43026060688021EE
:1089500049028842286801D1014301E0AC49014045
:108960002960606800280BD003F02EFB0600286801
:10897000800312D403F028FB801B6528F7D3C2E7DD
:1089800003F022FB060028688103C90F05D003F01D
:108990001BFB801B6528F6D3B5E70427FF4320782F
:1089A000400733D520690028286820D03840286047
:1089B00028680107C90FFBD1286810218843286067
:1089C000A86896490140802040020843A8602868B2
:1089D00004210143296003F0F7FA06002868000724
:1089E00014D403F0F1FA801B0328F7D38BE7384047
:1089F000286003F0E9FA060028680107C90F05D0CE
:108A000003F0E2FA801B0328F6D37CE72078800786
:108A100046D5286807402F601020C04329680140D0
:108A2000296029688A06D20FFBD17D497D4A1368E7
:108A30000B401360536819405160A968774A0A4097
:108A4000802109021143A960E96860229143202234
:108A50000A43EA60E168102903D1286801432960CC
:108A600002E0296808402860E06800280BD003F085
:108A7000ABFA06002868800612D403F0A5FA801B22
:108A80006528F7D33FE703F09FFA060028688106C0
:108A9000C90F05D003F098FA801B6528F6D332E79A
:108AA0002078000724D5402660694028286801D135
:108AB000304300E0B0432860606900280BD003F029
:108AC00083FA04002868304012D103F07DFA001BBD
:108AD0006528F7D317E703F077FA04002868410602
:108AE000C90F05D003F070FA001B6528F6D30AE71A
:108AF0000020F2BD0000404898004048FFC0FFFF42
:108B0000FEB5040051D000914748006830218843E9
:108B10000099014344480160444D2068022814D163
:108B2000A86804218843A860A86802218843A86037
:108B30002868400539D528683D4901402960A86862
:108B4000E021884361680143A960E020C0430190AF
:108B50008027FF00206800281CD12868384024D0D6
:108B60002868800321D52868F9000143296003F0B3
:108B70002BFA06002868400406D403F025FA801B6F
:108B80000228F7D90320FEBDA8680199014060685A
:108B90000843A860206801280FD1FFF76FFE2868FE
:108BA000074002D12868800301D40120FEBDA868D7
:108BB0000199014060680843A86030271A4C00986A
:108BC00021683940884212D02068B8430099014397
:108BD000216003F0F9F9009D060020683840A842A2
:108BE00005D003F0F1F9801B0228F6D9CAE700206E
:108BF00002E000BF0098401C009000980628F8DBB7
:108C000003F038FBFEF71DFF03F076F9FEBD000010
:108C1000FFFFFEFF0748006870470000FF7FFEFF70
:108C2000FFCFFFFF280050480410004000004048DC
:108C3000FFDFFFFF4805002017490278D20705D55E
:108C40008A6D06239A43036913438B650278920762
:108C500005D50A68114B134042691A430A6002782D
:108C6000520705D50A680E4B134042681A430A6042
:108C70000278120705D50A680A4B134082681A4326
:108C80000A60C068820604D50A68074B134018437F
:108C9000086000207047000008004048FFEFFFFF19
:108CA000FFFF7FFFFFFFBFFFFF7FFEFF70B51D4D82
:108CB000296872B60A6800260E604B6813434B6041
:108CC00062B600280CD028684168CA0708D0012283
:108CD0005140416072B6286801681143016062B674
:108CE0002C681034206800280DD0204603F0FAFAD2
:108CF00080002968081872B6826886604868104348
:108D0000486062B6EEE72868041D074D2068002819
:108D100006D0204603F0E6FA810069588847F5E757
:108D200070BDC046FC2F002080180410F4B5070069
:108D30000E00334C2078012801D10220F2BD012021
:108D4000207000256560FA20800000F011F8010015
:108D50000CD130000099002F02D100F02EF801E074
:108D600000F038F8FA20800000F002F82570F2BD1B
:108D700038B5040003F028F9050022488168C907C6
:108D80000AD40020C0438442F7D003F01DF9401BF1
:108D9000A042F2D3032032BD0C2182680A400C2A83
:108DA00009D1174A536804681C4354608268114310
:108DB0008160012032BD002032BD10B5124A136916
:108DC0000F241C4314618003000C90611164332054
:108DD000106010BD10B50C4A13690F241C431461B8
:108DE0008003000C906108681064486850648868CB
:108DF0009064C868D064CC20106010BD00000000F2
:108E00006C2F00200810004000100040FEB5002428
:108E1000204D2B78012B01D10220FEBD01232B70A8
:108E20006C60FA27BF000368FF2B0AD11A4801695A
:108E30000F220A430261222101603800FFF798FFE8
:108E400019E00023DB430B6046680090019100208D
:108E500000E0761C00994968009A926889188E4251
:108E600009D2300000F009F83800FFF781FF010057
:108E7000EFD001990E602C70FEBD07490A690F23DF
:108E800013430B61C0028003000C8861112008604D
:108E9000704700006C2F00200010004010B5040047
:108EA0000800110002002000D9F762FA200010BD6E
:108EB00010B500244480048081808260037310BD5B
:108EC000418802888A4201D3501A02E08088401A01
:108ED000801880B270470021418001807047F2B550
:108EE0000400207B5D496D462D882D186D184018B3
:108EF0008543ADB2668830002788B74201D3381A5F
:108F000002E0A688301AC019A8420EDB100069469C
:108F10000A88A168C918DAF72BFE60884019A18871
:108F2000DAF73EFC61800020F2BD0120F2BD80B581
:108F30004388FFF7D4FF02BDF8B584B004000E00EB
:108F40000025F01869460880207B444B6F463F8817
:108F50003F18FF18C1188F43BFB20397411C401E32
:108F60008143C9B20191A0880290638819002788C3
:108F700038009F4201D3411A02E0029B591A091896
:108F8000039BC918019BC918029B994227DA0A9FC3
:108F9000029202226946A3681818DAF7E9FD320046
:108FA0000299A3689C4623880198181863461818EC
:108FB000DAF7DEFD6846028A3900A0682388019F3F
:108FC000DB199B19C018DAF7D3FD208803994018E4
:108FD00001994018A188DAF7E3FB218000E0012520
:108FE000280005B0F0BD10B50400227B1B4B88188B
:108FF000C018D118884380B2628811002388934238
:1090000001D35A1A02E0A288521AD218824206DB11
:109010000818A188DAF7C4FB6180002010BD012088
:1090200010BD70B5037B0D4CC91809191B19994364
:1090300045882B000688AE4201D3F41A02E08588E9
:10904000ED1AAC1989B28C4204DB8068C01810603C
:10905000002070BD012070BD00000000FFFF000077
:1090600070B505000E00140032000221FFF75FFF0B
:10907000010008D131886B88002B00D1AB88220019
:109080002800FFF72CFF70BD38B50C001500022139
:10909000FFF7C7FF010002D129680988218032BD8E
:1090A0001CB504006A460221FFF741FF010004D10C
:1090B000684601882000FFF796FF16BD1070030A6E
:1090C00053701B0A93701B0AD37011710B0A5371F2
:1090D0001B0A93711B0AD37170470000C379827910
:1090E0001B021A434379120401791B021943C37806
:1090F000114382781B021A434378120400781B0242
:109100001A43104370470000FEB500254F4C0190F4
:10911000684601804E4F02E004232170638121786C
:1091200060888622920090425DDA28006D1C6A46B3
:10913000128880B2904256D201980278401C019069
:109140000020002900D1608063885E1C6680FA548C
:10915000638900290ED10121012ADDD0812A03D0A3
:10916000022A01D0052A01D10523D6E7FF2AD3D050
:109170000021D2E7012929D161889942CFD139460E
:109180000B78E080012B01D1CA7818E0812B02D046
:109190000022022B02D1CA780B790DE0052B07D1F2
:1091A000CA780B791B061B0C1A439204920C06E03A
:1091B000FF2B04D18A78CB781B061B0C1A43228123
:1091C000218900290BD002202070A8E70229A6D10E
:1091D000E188491CE180228989B291429FD32070A5
:1091E00000F003F89BE70800FEBD38B5174C18489F
:1091F0000178012926D0022910D0812922D0FF2907
:1092000023D122000C32618803F08CF80100A18088
:10921000012220000C30F1F7ADFF31BD8478411DF3
:10922000009101790902C27889188BB2A209A106BE
:10923000890F2402F0252D0125404078281803F0DD
:1092400091F831BD6188F1F76AFF31BD1026002029
:1092500034280020F0B585B0944F3968C8604A784A
:10926000E32313401A1D4A70E6F7BCF80546386838
:10927000C068E6F7A7F8064638684469C068E6F7AC
:1092800086F8012228431FD1384617460068C06877
:10929000E6F7A4F8002815D184480068C068E6F70E
:1092A00087F800280ED181480068C068E6F784F886
:1092B000002807D17D480068C068E6F797F80028C5
:1092C00000D1DDE03A46794F002E07D0002D05D1C0
:1092D000002C03D038684078C0070CD1386840783B
:1092E000C00700D09FE0002C00D19CE0E07D012170
:1092F0000143E17597E00392F9F7AEFC20786075C1
:10930000E07DF9210140081DE07500250495606AA3
:1093100021698A6804A990470646204603F090F820
:1093200038684068E061022E04D10499002901D117
:10933000049001E0022E1ED12E46257DE2F7DFF9D2
:10934000E80735460BD10499204602F075FC002849
:109350002ED0207D0121014003264E4013E0A0695C
:10936000A168E2680818C04304990818801800280A
:1093700008DA022607E0002E3BD0E2F7C0F9012E02
:10938000E1D000E00326B01EC0B2022836D839680A
:1093900018312046F9F752FB386800254561042E44
:1093A000029507D0032E09D1204602F021FC08E0E7
:1093B000012623E02046FDF7D7FD02E00498E06196
:1093C0002546284603F05CF8012001902946FDF768
:1093D000DDFD38684069002803D0A84201D1029D14
:1093E0000CE0002D09D0E87D01210843E8750D4609
:1093F00004E0E5F7B3FF2E4600E0019D2069C26856
:10940000002A02D0606A29469047032E00D100242A
:10941000002E02D0EFF770FF04E038684178102288
:109420000A434270039A002A1CD038684569E2F763
:1094300066F9002D11D0E969284602F0FDFB0028ED
:1094400010D0E2F75CF939680020486118312846ED
:10945000F9F7F4FA284602F0CBFB002003F010F8ED
:10946000EFF74AFF38684178FB220A4042704069B2
:10947000002803D100202146FDF788FD05B0F0BD8E
:109480000A480068C068E5F7B5FF00283A46074F6C
:1094900000D019E73868407801210140484248412E
:1094A000611E22468A4102400EE7C046F02F00208E
:1094B00070477047014901800020704797210000E4
:1094C00010B51024047006480068408D08801470A0
:1094D00030201880029820210180002010BDC04655
:1094E000D42F002080B503F03BF8002800D080BDC9
:1094F000034909684A7FFE2313404B7780BDC0466D
:10950000EC2F002010B5044603F05EF82060002028
:1095100010BD000010B5094C21684A69002A0CD022
:10952000C0070AD010690368002B02D0506A984720
:1095300021684878012202434A7010BDF02F0020B4
:1095400000206A4908807047684A694B034053808D
:10955000491E03200843401C5060002010807047C3
:10956000FEB506000D00614C07E01F680760001D96
:109570001B1D521E1704F8D1218001A80090002362
:109580002A005C49300000F088F8002813D10198C7
:109590006768C21B0389093303211943491CBC4670
:1095A00097B28BB2FB186746FB182788791A8A1A7C
:1095B0001204920CDEE7F7BD1CB51C0001AB009352
:1095C00013000A004C4900F068F801000BD1019922
:1095D000898821800199C988618001990989A180C0
:1095E00001990A31A16016BDFEB51D0000246B462D
:1095F00018810F00160000E0641C01A80090A3B2BF
:109600003A003D496846008900F047F8010016D14C
:1096100001998988320001D0B142EDD129800199A8
:10962000C988698001990989A98001990A31A960CD
:1096300001990988802212020A4301990A80FEBD1D
:10964000B8B509B481B013008620284A5288002A90
:1096500021D0089C254D2D88571BBFB222000A320D
:10966000974218D368468288204840684019028093
:109670004180838069460989C1800481220009995B
:109680000A30DAF775FA0934032020432818401C01
:1096900016490880002004B0B0BDF8B50024134D71
:1096A0006E463080100007E05B1E128909320326E7
:1096B0001643A419641CA4B22A88944213DA6A6877
:1096C000121917880E003E406F463F88BE42ECD10B
:1096D0001E04E9D1060002D05788B842E4D10698AA
:1096E00002600020F2BD0220F2BD0000B02F002079
:1096F000FCFF0000FF7F0000FFFF0000F8B5060040
:109700000F00002038802E4C2000D9F72FFE0100DA
:1097100023D12000D9F732FE04002A4DF00705D5E9
:1097200021002800D9F73AFE010016D12800D9F708
:109730003DFE3880210028002430D9F72FFE01009B
:109740000BD1210028004830D9F728FE010004D1B0
:10975000210028006C30D9F721FEF2BD70B505005C
:109760000C00194E3000D9F729FE00280AD0A84273
:1097700008D13078B12101404E202040084330709C
:10978000002070BD812070BD70B505000C000E4E2C
:109790003000D9F713FE002808D0A84206D10520D2
:1097A000204001D00C2070BDB47070BD812070BD10
:1097B00080B50348D9F7E2FD02BD014870470000BB
:1097C000CC040020F8160410B0040020FEB50400FC
:1097D0000E0000201080029908800899088005205A
:1097E000204032D06C4F3800D9F7C0FD01002DD198
:1097F0006A4D2800D9F7DAFD019908802800243045
:10980000D9F7D4FD029908803800D9F7B7FD0700D1
:10981000E00706D5390028004830D9F7BFFD010020
:1098200014D128004830D9F7C1FD08990880022ECC
:1098300006D1390028006C30D9F7B0FD010005D100
:1098400057A20821002000F002F80020FEBD70B5EC
:1098500004000D0016005148FFE7D9F7A7FD3300BB
:109860002A002100401C80B200F001F870BDF3B561
:1098700081B017001D000024484E6946088024204E
:1098800060433018D9F792FD002804D0401C694687
:109890000988884202D0641C072CF0D3072C0BD017
:1098A00068460389242044433419206A8188DA19E0
:1098B000914201DB002801D11220FEBD29003A00AF
:1098C0008068C018D8F736FD206A0178890700D56E
:1098D00047800020FEBDF8B507004E250D402F4EF5
:1098E0003000D9F763FDB124002807D0401CB842EE
:1098F00004D130780440254335700EE03000243028
:10990000D9F754FD00280AD0401CB84207D12420C2
:10991000305C04402543242035540020F2BD8120D2
:10992000F2BDF8B507000C001C4E3000D9F73EFD23
:109930000525002806D0401CB84203D12C421AD17C
:10994000B4701CE030002430D9F730FD002806D078
:10995000401CB84203D12C420DD126200EE030002D
:109960004830D9F723FD00280BD0401CB84208D15D
:109970002820204001D00C20F2BD4A203454002081
:10998000F2BD8120F2BD80B50348D9F7F7FC02BDD6
:109990000148704700000000880400208C0300206C
:1099A00053544D333257423010B52F21054A3729D1
:1099B00006D043182F3B1B7814686354491CF6E704
:1099C000002010BDEC2F002010B53721054A3F299B
:1099D00006D04318373B1B7814686354491CF6E7DC
:1099E000002010BDEC2F002010B503463F210024BD
:1099F0002046224602F0F2FD204610BD10B5044676
:109A000002F04AFE2070002010BD7FB5044601AD73
:109A100000260C2228463146E1F7D9FD6E80012050
:109A200068702C7001AA07CAEDF76AFC04B070BD1B
:109A3000F0B585B014460D46064601AF0021102250
:109A40003846E1F7C4FD7D2038730120F870BC7002
:109A50007D703E7001AB0FCBEDF798FC05B0F0BD0B
:109A6000B0B50C4605210A02122190421ADC0E4ABA
:109A7000944217DB82B20D4D29685623CB5A93428C
:109A80000DD056310880D01A0D2141434031C8090C
:109A900042B2FF2001210B46D9F7D1FA296858209C
:109AA0000C5200210846B0BD00FBFFFFEC2F002048
:109AB00084460870000A4870000A8870000AC8705E
:109AC0006046704780B502F0EFFD80BD80B502F0C2
:109AD000E5FE80BD80B502F057FF80BD02490968F0
:109AE000C88100207047C046EC2F0020C3788278E0
:109AF000417800781B021A430902120408431043FC
:109B0000704780B5022801D9122080BD02F060FFA5
:109B100080BD1CB50446684602F0B4FF002008284A
:109B200006D06946095C225C0A432254401CF6E7D1
:109B3000204602F0DFFF1CBD80B502F0EBFF80BDC8
:109B4000F0B593B01F4615460E4612901C9C084671
:109B50001146224602F0F7FF002824D122980D90EA
:109B60001FAB0DCB11901E980F901D980E901B9857
:109B70000C901A9919981097189F089209930D9AAA
:109B80000A920097019002910C98039004940E9809
:109B900005900F98069011980790129831462A4622
:109BA000109BD8F77BFF13B0F0BD80B5D8F7A4FFAA
:109BB00080BD7CB51C4615460E4601A908700846B6
:109BC00031461A4602F0D2FF002800D07CBD01A821
:109BD000007831462A46234602F0E6FF7CBDE0B518
:109BE00001A9087001220846114602F0BFFF0028B3
:109BF00000D08CBD01A8007802F0F3FF8CBDB0B599
:109C000004460020C04362788A4212D9226A525C1C
:109C10008A420ED04800616A0D5AE1F75FFDC00824
:109C200021784A1DD040281A00B205224243D010A4
:109C30008840B0BDF8B50090D8F704FF01464D202C
:109C40000A5C472083005A4300200D4D0646B2426D
:109C500012D00F68BF19AA243C5BAC4203D0BA24CF
:109C60003C5D012C01D0F618F1E70098002804D0E3
:109C7000AF20385C411E8841F8BD0120F8BDC046C8
:109C8000FFFF0000B0B505460024D8F7A8FF012863
:109C900010D1E7F749FEFF21DC31415CC90709D04B
:109CA000002D06D0ED214900401800780124044021
:109CB00000E001242046B0BDF0B58FB00292074607
:109CC00007A8019010250C4E2A46B0470BAC204641
:109CD00039462A46B04703AF0026019821463A4646
:109CE0003346F7F775FF029839462A46024B9847E4
:109CF00030460FB0F0BDC046C7B50410B0B584B053
:109D00000B4602460648006890214158C868096918
:109D100003AC012500950194E5F764F804B0B0BDEB
:109D2000EC2F0020F0B582B000901B480268902014
:109D3000019012589268D6693279002A29D00024FD
:109D400007253268505D802607467740FF09B942F3
:109D500014D07F273840009B98420FD900275755D1
:109D60000D4A1268019BD2589268D2691268535DFD
:109D7000471E1F43002900D0374357550648006847
:109D8000019A80588068C66930790835641C84421D
:109D9000D7D302B0F0BDC046EC2F002080B5827A48
:109DA000DD2A23D18A1F042A1ED8D2217A441279AF
:109DB00052009744180211070A00817C8A0702D5D5
:109DC000D32110E0817C49070CD46421415CC90790
:109DD00004D1FAF7E1F980BDD42104E00121E9F7CB
:109DE000A6F980BDD5218172E9F7EEF880BDF8B5FE
:109DF00015460E4604465068407A009006211046EB
:109E0000E3F762F8074608212846E3F75DF8B91E34
:109E1000E1726072009A2272320AE271A671000A3F
:109E2000A072CAB2A8890C34801D81B2284623468C
:109E3000F6F7F3FEF8BD0000F0B585B017460391C4
:109E400004465068407A04900621164D1046A847F3
:109E5000029008213846A84701900A213846A847B1
:109E600006460C213846A8472A4605460E213846A4
:109E700090476074290A2174E573310AA1736673EF
:109E8000019A110A2173E272029A110AA172627296
:109E9000039A110AE171A27104992172000AA07457
:109EA00005B0F0BDC9CE0410F0B581B00D46064630
:109EB000002A08D0002E2AD090B2202806D3366877
:109EC000203A1004F6D1002E21D00022002B20D001
:109ED0002020841AA0B299B2884200D31C46A7B2AF
:109EE00090B23018011D28463A460093E1F76BFB0B
:109EF000009B1B1B180404D0ED1936680022002EAD
:109F0000E6D198B2002805D07E20C04302E081202F
:109F100000E00020C0B201B0F0BD0000084A1268A5
:109F200034321268002A07D01389834202D1538940
:109F30008B4203D01032F4E7FF207047507870470F
:109F4000E02F0020F0B5A1B0042900D0DEE00746E4
:109F500002F063FE6E4C6F4E012800D0A0E00BAD06
:109F60006D4914222846D8F7E5F910A83446002692
:109F700044223146E1F72BFB012021462A4601F01D
:109F800011FA00280FD004463846FAF7C5FE61687A
:109F9000096A8B686149C97A49084A1C0421FAF7A1
:109FA000CDFE10A90874042104973846E9F776FE1F
:109FB00010A9097C012903D18088C005800F06D132
:109FC00057480168833110A81022E1F7FCFA0120FC
:109FD0000390E9F747FF054610A812300290059656
:109FE0004B4C002D34D0B7B2632F31D828780428D9
:109FF0000BD0022827D16868017D102921D1008A61
:10A00000494988421DD103981CE06868017D1029E8
:10A0100019D1008AA04216D104982946FAF76FFE9A
:10A02000044602980090E2B2022132233846FBF740
:10A0300085FB0598012801D110A84474761C344C86
:10A0400001E0002005902846EAF78AF80546C8E7AF
:10A05000012109AA08AB049F384602F0E4FD00285C
:10A060001CD1B0B240002F4940188008133082B292
:10A0700008A8017809A810AB02F00BFE00280DD04B
:10A08000044606AD09A906222846E1F79CFAAC7100
:10A090004220042107222B46E6F7B4FA1D4E1C4C41
:10A0A0000120E9F7DFFE0546002812D028780428B1
:10A0B0000BD16868017D102907D1008AA04204D124
:10A0C000002238462946FBF74FFB2846EAF748F8B6
:10A0D000E9E710AC104914222046D8F72BF90120EB
:10A0E0003146224601F05EF900280FD0044638467A
:10A0F000FAF712FE0949C97A6268126A92680092F8
:10A1000049084B1C04210022FBF718FB21B0F0BDCD
:10A1100002290000FFFF0000F8170410702E002035
:10A12000E02F0020FEFF0300052A0000F8B50D46D1
:10A13000064600921468002C11D02746E46938883E
:10A14000B042F8D13846E3F77BFFA842F3D100983C
:10A150003946E4F72BF93846E3F7FFFFEBE7F8BDA4
:10A1600070B51A4A12681446483400232468002C3B
:10A170000CD06588854207D1A5888D4204D123780B
:10A1800018251D43257001232034EFE7042916D13B
:10A19000916D0D46002D0BD02C46AE680025002E8B
:10A1A000F8D0B58885423546F4D1B568A560F1E7A9
:10A1B000002904D08C88844201D188689065002BE6
:10A1C00002D003480068804770BDC046E02F0020E1
:10A1D0006005002010B5074B1B681B6872B6400075
:10A1E0001C5AA41A1C524800195A8918195262B6EE
:10A1F00010BDC046F42F002080B5034909686631C0
:10A200000622E1F7E0F980BDDC2F002080B503498C
:10A21000096860310622E1F7D6F980BDDC2F002005
:10A2200080B5034909680622E1F7CDF980BDC04633
:10A23000D42F0020F0B5A1B0044602F0EEFC0128B6
:10A2400014D107A8454914252A46D8F773F802A85F
:10A2500043492A46D8F76EF844200F9001210DAAF1
:10A260000CAB204602F0DFFC002801D021B0F0BD8D
:10A270000CA801780DA80FAA10AB02F03CFD002835
:10A28000F4D10F984428F1D80120364D02AA29466E
:10A2900001F088F8002810D006462046FAF73CFD69
:10A2A00010A90A7C3049C97A73681B6A9B680093BD
:10A2B00049084B1C0421FBF741FA2C480168833103
:10A2C00010A81022E1F78AF900281FD0012007AA60
:10A2D000294601F067F80028C8D001F083F800286B
:10A2E000C4D0054604212046E9F7D8FC81888022A5
:10A2F0000A43828010A8427C20462946FBF734FAA4
:10A300000B20E1F7B5FEE1F70DFFAFE70120E9F71C
:10A31000A9FD064610AD12350027002EA6D0B8B212
:10A320006328A3D83178042912D171680A7D102AD4
:10A330000ED1098A0E4A91420AD1022132222B46BD
:10A34000FAF7FCFC024620463146FBF70DFA7F1C6B
:10A350003046E9F705FF0646DFE7C0460C18041053
:10A36000F8170410FFFF0000702E0020E02F0020DF
:10A37000022900007047FEB5144601910646FAF71F
:10A38000F3FE274644372046FAF7F4FE002811D1A1
:10A390006078C006F7D502AD384601992A46F6F72F
:10A3A00065FE022228463146E1F718F90028EAD175
:10A3B0000020FEBD8120FEBDF8B5144606460846C5
:10A3C000F9F742FA2E214156002905D42C300078A5
:10A3D000022803D1122518E0022516E0CFB200258D
:10A3E0003846294602F0A9FC38462946E6F722F805
:10A3F00001462B30002E01D0057006E001220270CC
:10A40000103110222046D8F727FA2846F8BD000060
:10A410001F21014001228A4072B60549096840099E
:10A420008000081801691143016162B67047C04697
:10A43000FC2F0020FEB50191032002900027304A36
:10A440003D4616461068A8240059C019801C0622F3
:10A450000199E1F7C3F8002831D002980328324669
:10A4600009D110680059C05D8006800F01D003201B
:10A4700000E0E8B2029008376D1C032DE1D11068AE
:10A480004125415DA830022936D80299CF000068E5
:10A49000C019801C164606220199E1F794F830682D
:10A4A00000591021C1550298C2B200200121154B5C
:10A4B000E8F7D0FF3068415D491C4155FEBD30686A
:10A4C0000059C35DCF211940103103221A40531C9B
:10A4D000032A02D0DC2421401943C155032A00D1AC
:10A4E000134609A0C05C7D21CB004343EAB20020A3
:10A4F0000121E8F7AFFFFEBD01210172FEBDC0469C
:10A50000F82F0020B80B000003050A1400210028D2
:10A5100002D00068491CFAE788B2704710B50A4AB1
:10A520001268126872B64300D05E4418D4520BB25F
:10A53000C318012B02DB4342C10B1940D088081815
:10A54000D08062B610BDC046F42F002080B581894E
:10A5500000F001F880BD1CB51F2903D801AA1180A5
:10A56000406805E0406801AC2246E3F735FF2188EA
:10A57000401800791CBD000010B50446084611467D
:10A58000FFF7CCFC80000019C1B20348006800222C
:10A59000024BE7F728FC10BDE02F002030750000CB
:10A5A000F0B585B0044605888089461C204602F037
:10A5B000D4FB232810D0B1B21B2822D12046E2F7C9
:10A5C00083FC0146284602F0CDFB00283DD0204602
:10A5D000E3F7C3FD002550E06788B1B22046B942D9
:10A5E0002AD2E2F771FC0146284602F0BBFB0028A4
:10A5F000EDD1B01C81B22046E2F766FC3018061D92
:10A60000EBE72046E2F760FC0146284602F0AAFB91
:10A61000002824D06E4675802046E3F711FDB080F7
:10A620001E2030703046FBF7B1F80546002820D1D7
:10A630002046E3F792FD1CE0E3F702FD02460A2004
:10A640002946234602F0B4FB12E02046E3F7F8FC6B
:10A6500002460A202946234602F0DCFB08E0204699
:10A66000E3F7EEFC02460A202946234602F004FCEA
:10A670000546002D01D07B20C543E8B205B0F0BDF2
:10A680001CB50446008801AB1880422002210A460E
:10A69000E5F7B8FF002801D084201CBD2046E3F771
:10A6A0005CFD00201CBD10B50488E3F7C9FC014621
:10A6B0002046FCF7F1FD002808D0017818220A4353
:10A6C00002700C20E1F7D4FCE1F72CFD002010BD56
:10A6D000B0B50C4605464888001D81B22046E3F718
:10A6E0009EFE28462146F6F7A5FD002804D0204608
:10A6F000E3F733FD8120B0BD0020B0BDEFF3108241
:10A7000072B6417582F31088704770B50024002935
:10A710000AD000260D460968334620339EB2964281
:10A720000ED20029F6D101E023462546D11A89B27E
:10A7300000F0C6FA286000280AD17920C44307E057
:10A74000002904D0F6F7F5FC00242C6000E000247A
:10A75000E0B270BD84214058018801200840704754
:10A760002C2805D8032141430248401880787047BF
:10A7700014207047CC9B0710F8B5112109010A4637
:10A780004C320090424351181448026890241259E8
:10A79000D26B52680225002D12D006683659F66B2E
:10A7A0007668002777505618B31E1F70331FFF2797
:10A7B0001F80083E7D235B0433600C316D1EEAE789
:10A7C000572189000098414350182521C900FF22D4
:10A7D00042544921890000224250F8BDEC2F00204C
:10A7E000F42100224250F4300121090441607047F5
:10A7F00010B5002306A11A46042B03D08C5C531C11
:10A800008442F8D1042A01D3002010BD012010BDDC
:10A810000100161F41424841704788214058008876
:10A82000C005C00F704710B51446484000F00CF842
:10A83000A04201D3002010BD012010BD80B5411001
:10A84000484000F001F880BD4108084A0A40801ADB
:10A850000749820808400A401018010908180549EC
:10A86000014005484843000E7047C04655555555B0
:10A87000333333330F0F0F0F0101010141000A4A37
:10A880000A4040080949014088188100084A0A40E6
:10A8900080080849014088180101074A0A40000958
:10A8A0000649014088187047AAAA010055550000C2
:10A8B000CCCC070033330000F0F000000F0F000095
:10A8C0007047000004280AD003280ED0022812D1B5
:10A8D0002B291CD94F20C0432430022210E0480805
:10A8E000E62814D904220C480AE008092C280ED9BD
:10A8F0000622084804E0502909D34F20C043032210
:10A900004018D040FE2803D90020C04300E00020BA
:10A91000C0B2704730FDFFFF32FEFFFF80B5E0F7A9
:10A92000EEFEE4F70FFD80BDF8B50D460646402467
:10A93000F8F7E8F802462F5D2C463834E86B00281B
:10A94000394608D000961646E3F707FC3246009ECB
:10A950000020E863217A14202070022903D1B08BF3
:10A9600008490140B1830848006890214058C06BF5
:10A970000068816B69648563D019017A491C017292
:10A98000F8BDC046FFFB0000EC2F0020F0B587B0FB
:10A99000029306920A460024E34303930F9905911C
:10A9A000002905D005990B68002B01D09B68039303
:10A9B0000E990D9B04930C9B009301920068002854
:10A9C00038D0944236D20378069DAB422ED38369A9
:10A9D0004568002D07D1DE43029FF71928D5009A5C
:10A9E000B618019A22D414266643049FBB51BB19A2
:10A9F0009D6086685E60059E002E07D0002D05D004
:10AA0000039EB54202D8059E336003950025DD60A4
:10AA10001D460C350E68002E04D04E681E61336052
:10AA20004D6002E028C108391961641C2830C5E76F
:10AA3000019AFBE7E0B207B0F0BDB0B50268002AAA
:10AA400018D013680C68E4431B1909D40B460C3367
:10AA50001361CA6001600861B0BD15682D1910D579
:10AA60001346D268002AF8D10022CA6042680A61FF
:10AA7000116003E00022CA60016008610C3141608E
:10AA8000B0BDCA6008460C301061D9600C330B6150
:10AA9000B0BDFEB50F46019005680291002D28D08B
:10AAA0002E46A96800291AD03468E043C01920D482
:10AAB00070680019C243D219F568EFD4381A081823
:10AAC000471E3846D8F780FE3819401A3060316981
:10AAD000002D06D029613169029F019804E0F568D4
:10AAE000DCE701984160029F0D603146FFF7A5FF4A
:10AAF000D4E7FEBDB0B59B18834201D3824214D97E
:10AB00000918DC430C19C9438D1805D4002C05D550
:10AB1000C443A41802D508E0002C06D4591802D565
:10AB2000D143081801D40020B0BD0120B0BD000001
:10AB3000D2B2203A03D30100914000207047524224
:10AB4000D0415242203291404140D040904041405B
:10AB500070470000F0B587B01E46144605900C9A69
:10AB6000002B03D0D06F1746154602E0002517468C
:10AB70001046B322825C012305980693F7F764FE22
:10AB8000002C01D0044602E0202104468C43002E14
:10AB900011D06D35A978002904D0E9794B424B4199
:10ABA000069303E004218C430121069129780029B2
:10ABB00001D108218C43C506E0B231463A46F7F789
:10ABC000A1FE039006980028214602D010202146BD
:10ABD0008143ED0F0491C8B231463A46F7F792FE31
:10ABE000E1050022002901D4019512E00D998B881E
:10ABF000C988C91A0B0409D0FE22131A8DB2AB42C0
:10AC000029DA0399511A0122019203E001951549AD
:10AC10000C40114602940E9B8AB255425541059A4A
:10AC2000921E561EB2412A4000D10398119D109EDB
:10AC30000F9F0C18641C1C70002A049B00D1029BFF
:10AC40003B8030802970069948424841002A00D153
:10AC5000019807B0F0BD069A534253410193049CFA
:10AC60000390D7E7FFFE000010B504460120E0F78F
:10AC700001FEC0B22178D8F7A7FD6018407810BD5A
:10AC80000248006890214058006D7047EC2F00206A
:10AC900080B509200021E5F760FD80BD10B50D20CD
:10ACA00000242146E5F759FD0E202146E5F755FD24
:10ACB00010BD80B510200021E5F74FFD80BD0000DC
:10ACC000F0B5104A891849094A1C94B272B600219D
:10ACD000002C13D003889C4210D8641E41680D4696
:10ACE00006D000260D462D68761CB7B2BC42FAD8B5
:10ACF0002C68446000242C609A1A028062B60846D0
:10AD0000F0BDC046FFFF1F000001002900D0083041
:10AD1000C0B27047BCB50024214620460D460094C1
:10AD2000C0B2214622462346F0F737FEC21C691CFA
:10AD30000120002AF2D1E8B2BCBDB0B594B00446FF
:10AD40004178012529403E306A46E9F78FFD002809
:10AD50000CD1694650222046E0F740FC002808D07C
:10AD60006946487828403E31FAF747FA607810285B
:10AD700001D2002002E0204602F0B0F814B0B0BDCD
:10AD8000F0B59DB00193009202900CAE1024039494
:10AD90000125204F304622462B46B847304610301A
:10ADA000009922462B46B84730462030019922466A
:10ADB0002B463C46B84730463030229903222B467A
:10ADC000B84733202399315430463430249906272C
:10ADD0003A462B46A047304633302599C17130465C
:10ADE0003B3026993A462B46A04704AF3846029995
:10ADF000039A2B46A047412108AC30463A462346E9
:10AE0000F9F740F927982146039A2B46014CA047B1
:10AE10001DB0F0BD89410510B0B5E8F7ADFA0028C6
:10AE200011D0044600252946E8F7A9F800280BD0E0
:10AE3000A17AF12905D1A17BCA0702D0890700D5E3
:10AE40000020054600E002252846B0BDF0B583B0DD
:10AE500001910646002A08D0002E34D090B2202856
:10AE600006D33668203A1004F6D1002E2BD00022EB
:10AE7000002B009321D000201D4603462020841A79
:10AE8000A0B2A9B2884200D32C460294A7B201987E
:10AE9000C11890B23018001D3A461C46E0F79EFBE0
:10AEA00000280FD1E01983B202982D1A280405D08A
:10AEB00036680022002EE1D100E000231846009BF6
:10AEC0001B1A00E00346184603B0F0BD10B5044657
:10AED0000821E3F7B3FA04490968602200238B5282
:10AEE000486660314C8010BDE02F00201CB51F2942
:10AEF00003D801AA1180406805E0406801AC2246F1
:10AF0000E3F76AFA2188401800791CBDFEB5029368
:10AF100015460022884223D80C4616490F68602146
:10AF2000795A00291CD000920191F9F795FE064646
:10AF30002046F9F791FE0199491E814200D301464E
:10AF400089B2B2B28A420DD8786ED300C45CAC42EA
:10AF500004D1C0184368029CA34205D0761CF0E7D8
:10AF60001046FEBD0098FEBD03498A4200D1002074
:10AF7000FEBDC046E02F0020FFFF000010B50446D4
:10AF8000F9F76AFE0649884207D0C200054B1B68E4
:10AF90005B6E9A185288A24200D0084610BDC04687
:10AFA000FFFF0000E02F002080B5828B920708D4BD
:10AFB000202281541620E1F75BF8E1F7B3F8002076
:10AFC00080BD3A2080BD000070B50446134800687B
:10AFD0002D25465D1220A6421CD81925ED01AC4254
:10AFE00018D88E4216D8A94214D8A14212D3940878
:10AFF0007C2C0FD8059C049EB4420BD30A2B09D39A
:10B00000AB4207D80698521C4A43424390088342F9
:10B0100001D8122070BD002070BDC046D42F002082
:10B02000806F4121405CFF38411E8841704700001D
:10B03000F0B597B00746407A884200D8D6E0164669
:10B040000D460E93E5F7D2FE0D241190FF2800D196
:10B05000CDE0E5F77DFAFF2800D1CBE00F951D99F3
:10B060000C911C990891BD6F0446402011992954F8
:10B0700028468C300B90E4F744FCA2200A942C5410
:10B08000A320295C0123194329547C4801687C488A
:10B0900000681295403500226A600D92AA602E71F8
:10B0A00009931E4001D04F30014610976137681D4B
:10B0B00006220792E0F787FA0D98E86028610E9C57
:10B0C0002C7328460D300899079AE0F77CFAB001F6
:10B0D000E1014018401D6421129A5054104664301A
:10B0E000222141700C9C2146E6F726FC1198E3F7DB
:10B0F00027FB0E901098C06FB321405C460811905A
:10B10000F7F742FEB1000E9E7218E189814200D32A
:10B1100008460002906558320C98808840021199C8
:10B12000E6F760FC8821129A50500F986870E4F797
:10B130009BF81590E4F768FE169030461430149092
:10B1400013964F48006840790E903A787978BE7827
:10B15000FC7838790C907B79B8790890099806903A
:10B160000D9D05950727049713AF039715AF029719
:10B17000109F0E370197009508028018320480183E
:10B180002206821818020C994018089909044318DD
:10B190000A9E30460E99E4F7BDFB1198E4F7B0FC27
:10B1A000044630462146E4F73EFB30462146E4F7AC
:10B1B00005FB1298806B0F99415C3046E4F7B1FAB9
:10B1C000139E009594202946109D22462346E4F7BD
:10B1D0008FF801463046E4F788F91398E4F78DF9C3
:10B1E000687A02280AD3A86F001D09E01224E0B291
:10B1F00017B0F0BD1198E4F786FDF8E72846503007
:10B200000F9B129A17468D37016818460E914843D6
:10B21000696D0918507C90321292984201D3286DC2
:10B2200041180F9122210026119C20463246E0F75A
:10B23000B5F90D900E2120463246E0F7AFF908210E
:10B240000B9E31700A213970129B1D620D490C2230
:10B250007A700D9A10187C300E9A1A6058609860B7
:10B26000D960062230460F99E0F756FA002801D13E
:10B270000446BCE77920C443B9E7C046D42F002078
:10B28000EC2F0020DC190410C01CC0B2042802D32B
:10B290007E20C04302E0C1000148C840C0B27047F0
:10B2A000B3B7B40001480021017070470B30002093
:10B2B000BCB50346064D28780C21009101240022DC
:10B2C0002146F0F76AFB2C70FFF7DEFFBCBDC046DD
:10B2D0000B30002010B50A48046838342468002C6C
:10B2E00009D02046F9F71CFC1E2802D04021084056
:10B2F00003D01C34F2E7002010BD012010BDC04671
:10B30000E02F0020E0B501A802210180009000207C
:10B31000044B01460246E8F743FC86384142484167
:10B320008CBDC0469377071070B5084D2868846BB4
:10B33000002C0AD0E669286838302146E3F736F851
:10B340002046E2F70AFF3446F2E770BDE02F002006
:10B35000F8B5047802252146294302291ED1F9F7C0
:10B3600001FD0F49096860228B5A401C82B29A4243
:10B3700010D2002C08D0022CF7D1D7004E6EF75D0A
:10B380002F43022FF1D106E0D7004E6EF75D002F5C
:10B39000EBD100E04E6ED00080190838F8BDC046F1
:10B3A000E02F0020F0B585B014460D46E8F75AFDB1
:10B3B00006460020002E12D07188A9420FD86F4691
:10B3C00030463946E8F760FD2046394601F091FDE8
:10B3D000002803D03046E8F7C3FEE9E7304605B061
:10B3E000F0BD000070B58AB0054605A810A1142272
:10B3F000D6F7A0FF2878FE2101400024022914D1AD
:10B400002846E8F7ADFE054600280ED02878022829
:10B410000BD06E4628463146E8F736FD05A8314682
:10B4200001F067FD0028EBD12C4620460AB070BD24
:10B43000FB349B5F800000800010000002290000A8
:10B4400010000000F0B585B0154601910146047862
:10B45000002702230E20032C1A463E4612D30BD09F
:10B46000042C5ED1486801788C07C9078A0F002C2C
:10B4700000D54C32411C02E04868411C0278801C17
:10B480000E780778012D03D110461840184648D091
:10B490000320032D02D10821114042D0042D02D1F6
:10B4A000042111403DD0052D02D140210A4038D061
:10B4B00004A903AA02AB019C2046E9F769F9022816
:10B4C00002D1002F0FD12BE0012D00D0FF08052D58
:10B4D0000BD104A80078022805D102A80078022820
:10B4E0001AD1002019E00E201BE00021002F11D0FE
:10B4F00003A802780520BB0701D5042A11D3FB0756
:10B5000001D0032A0DD3780708460AD5022A0AD2A9
:10B510000F2006E0084604E0052001210F4000D17D
:10B52000384605B0F0BD2046314601F0F9FCB6289A
:10B5300001D00020F5E70C20F3E7BCB514464068C5
:10B54000202904D301AD2A46E2F746FF2988401896
:10B550000471BCBDBCB514464068202904D301ADBC
:10B560002A46E2F739FF298840180471BCBDF0B5BE
:10B5700089B00E46E7F700FF002825D005462030A9
:10B5800005A90091F8F7FAFD74882B466C33271D46
:10B59000B9B204223046F5F754FBFAB201AF009875
:10B5A00031463B4601F0CCFC08372046083081B2DA
:10B5B000082230463B46F5F744FB0C347480E86EB5
:10B5C000401CE866002000E0022009B0F0BDB0B5E4
:10B5D00014460A4605468089401C81B22846E2F797
:10B5E000C3FEA889C01C81B228462246E2F7BCFEF1
:10B5F000B0BD10B50C46C3688989007A4200481C6A
:10B6000081B22046F5F71DFB10BD0000074A126805
:10B6100058321268002A07D09388834202D1538897
:10B620008B4201D00832F4E710467047E02F00202B
:10B63000024640788006830F0020002B0CD0526B0E
:10B6400074321268002A07D013466A331B888B4273
:10B6500001D0AC32F5E7104670470000F8B50C4653
:10B660000746174800683621415C890627D53630E1
:10B67000407BC00723D01E461546124800688069EB
:10B68000022137220323E0F7FDF8002817D00146F6
:10B690000898079A069B4C72C8738A734B730E7393
:10B6A000CD720F722120C871092088713E20487127
:10B6B00004200871200A88720220E0F73FF9F8BDE3
:10B6C000EC2F0020D82F00207FB50D460646E4F76A
:10B6D00089FE0446C068216903AA032300930192EE
:10B6E00032462B46E3F77EFB002808D0E06803A92A
:10B6F0000978C9004018C17910220A43C2717FBD80
:10B7000010B50446124800683621415C890604D50C
:10B7100036300A214056002800D410BD0D4800687C
:10B72000006980212A220223E0F7ACF80028F4D037
:10B73000014604721020C871032088713E204871B0
:10B7400004200871200A48728020E0F7F7F810BD45
:10B75000EC2F0020D82F002070470000EFF310815D
:10B7600072B6064800688269002A01D0002002E013
:10B77000826A5042504181F310887047F02F0020B8
:10B78000002803D00C2803D1262007E0252005E05F
:10B7900001D8401E02E0272800D2801EC0B27047A8
:10B7A0007047000007210140C008044A126812696E
:10B7B000125CCA40012010407047C046F02F0020A4
:10B7C000B0B50446D7F73EF9026803210648491E82
:10B7D00009D047239B00D318BC25525DA2421A46CC
:10B7E000F5D1723B1888B0BDFFFF000010B5EFF334
:10B7F000108272B60F490B68194618310968002982
:10B8000007D08C7D84420CD02831F7E7997D8142A6
:10B810000AD028331B68002BF8D182F3108800214E
:10B8200005E082F3108802E082F31088194608468A
:10B8300010BDC046F02F0020B0B501460020FF2902
:10B8400016D00C4A12683423D25C521C0A4B1B6877
:10B8500090241B59DB6B5B68521E09D05724A4004F
:10B860001C1941255B5D8B422346F5D10348201806
:10B87000B0BDC046D42F0020EC2F0020A4FEFFFF57
:10B88000142803D840B202A1085C70470820704712
:10B890000001010303030205080808080808080856
:10B8A00008080807060000007047000010B50200F5
:10B8B0000020CB43174C002A02D0012A07D00DE00C
:10B8C00022681143216061680B40636010BDA2686B
:10B8D0001143A160E1680B40E36010BD012010BD81
:10B8E00010B502000020CB430A4C002A02D0012AE6
:10B8F00007D00DE062681143616021680B4023604E
:10B9000010BDE2681143E160A1680B40A36010BD67
:10B91000012010BD2000504810B5040001D10120C5
:10B9200010BD20681C4940181421D7F74DFF800036
:10B9300060641A4820640220252160542068006851
:10B9400017490140A0680843E168014320690843A2
:10B9500061690143A0690843E1690143206A084322
:10B96000216808609120C005616C89088900401831
:10B97000A0640020A1688022D201914200D16060C1
:10B980002179C906C90EA26C1160E063012125224C
:10B99000A1542421605410BDF8FF8FB700007048F7
:10B9A0000F80FFFFF8B50400002000252426A65DC7
:10B9B000012E01D10220F2BD01262427E6550226E0
:10B9C0002527E75D012F1FD12527E655E063206875
:10B9D00006680127BE430660200000F0DAF8206800
:10B9E000216B0029016801D00E2205E00422914359
:10B9F0000160206801680A220A4302602068016829
:10BA000001220A43026002E024216054022528003A
:10BA1000F2BD30B5002809D00100243100222523D1
:10BA2000C35C022B04D00423C3630A70012030BD21
:10BA300003681C680E25AC431C6003681C68012564
:10BA4000AC431C6001234424045D3C2525400124B3
:10BA5000AC40056C6C60252403550A70002030BD95
:10BA600070B50022002401212523C35C022B03D0E2
:10BA70000422C263012418E003681D680E26B54342
:10BA80001D6003681D688D431D604423C35C3C2515
:10BA90001D400123AB40056C6B602523C15424215C
:10BAA0004254816B002900D08847200070BDFEB54C
:10BAB000016C0968029101680A6801924422825C63
:10BAC0003C2313406A46137004232022029C6D46D7
:10BAD0002D780426AE40264014D0019C1C4011D085
:10BAE0000C68224002D10A689A430A604421415CF2
:10BAF0003C220A409340016C4B60016B002947D007
:10BB00008847F7BD012302240025029EB4466E46F5
:10BB100036780227B7406646374019D0019E264046
:10BB200016D00E68324005D10A680A26B2430A6070
:10BB3000252143544421415C3C220A409440016C3D
:10BB40004C6024214554C16A002921D08847F7BDA3
:10BB5000082264466E4636780827B740274017D03B
:10BB6000019C224014D00A680E24A2430A6044219A
:10BB7000415C3C220A4001219140026C5160C36348
:10BB80002521435424214554416B002900D0884786
:10BB9000F7BD70B501244425455D3C262E40B440D8
:10BBA000056C6C60046863608068102802D1A26034
:10BBB000E16070BDA160E26070BD7CB504460069C3
:10BBC0004669002E12D0A069E16901900091606A77
:10BBD000022501AA6B462946B047002806D0F6F791
:10BBE00037FF00202062E07D2843E0757CBD000027
:10BBF00080B54168002909D0C17DFB220A40C27589
:10BC000004490968283100F007F880BDFBF7ACF95A
:10BC100080BDC046F02F00200022826202462832FA
:10BC20000B68002B04D04B68C36218604A607047F1
:10BC300005C10839C1627047F8B50D460446C07D9C
:10BC4000C0070DD01C4800684178FE263140417085
:10BC5000E3F772FBA07DE3F78AFBE07D3040E075FF
:10BC6000DFF73CFD144F39684860227D110701D48D
:10BC7000281A05E0C143491911D4281A66280ED3A1
:10BC80008626002815D49007C10F5007C20F2846FA
:10BC9000DFF730FD002804D0207D000709D5DFF74D
:10BCA00037FDE3F75BFB3868417810220A434270A6
:10BCB00000263046F8BDC046F02F00207047000037
:10BCC00070B5044600280AD0A078FFF7D9FD1649C0
:10BCD0000D682E460836002805D0297B07E012485B
:10BCE00005682E460836297B10291BD30020FF2229
:10BCF00002322A8200010906090F40182873002C1D
:10BD000001D0E06901E0E5F73BFD3060287B0F21C1
:10BD10000140E889C840C00704D00020E0F7A8F936
:10BD2000E0F700FA70BDC046EC2F002010B50F21DF
:10BD30000246072906D0435C147844541370521C01
:10BD4000491EF6E710BDFEB501F096F9044638200D
:10BD5000205C002826D0FF25DC35E5F7E5FD405DB9
:10BD60000521014001291DD12046383000270190CE
:10BD700007702046103002900726207A87420ED2A4
:10BD800003CC895DCA00831800259D718358012268
:10BD90000298083CE6F727F808367F1CEDE70120FB
:10BDA00001990870FEBDF8B501F066F90446382027
:10BDB000205C002815D020463830002700900770FE
:10BDC000254610350726207A874207D26068815DB4
:10BDD0002846E0F7B4F808367F1CF4E70120009904
:10BDE0000870F8BD0849096834310968002907D08E
:10BDF0000A89824202D14A89042A01D11031F4E72A
:10BE0000484248417047C046E02F0020002070475C
:10BE1000F0B58DB0099308920E46079001F038F9FD
:10BE2000012438212046E2F709FB2D210622425445
:10BE30002E49C97A342281542D4F38603021018532
:10BE40000CAD0BA90AAA2846DFF7CCFB0A98000222
:10BE50002978090101430B9800030843001D396844
:10BE6000488518212046E2F7E9FA224908600021B6
:10BE7000017501F013F91A980690199C0594189809
:10BE80000490179803901698029015980190139DAE
:10BE900000950798089F079631463A46099BD7F7C1
:10BEA0002AF9D6F7E4FE1B9E012C01D1D6F7A3FE9A
:10BEB00001F0FEF8012E01D101F056F90C4800689E
:10BEC0002C21405CC0070ED1012C06D11498D6F766
:10BED00012FFD7F787F9D7F789F9079839462A4625
:10BEE000234601F043F90DB0F0BDC046702E00208E
:10BEF000D42F0020FC2F0020F8B506000024104DA0
:10BF00002878002819D0FCF785FE0700FA20800069
:10BF10002978D7F759FC01003800D7F755FCFBF713
:10BF2000C0FD002809D1042E07D2002231000020D4
:10BF3000C043FBF7A8FDAE6000E001242000F2BD85
:10BF40002805002070477047704712422DD0994253
:10BF500031D970B500251B4209D00C00002112E038
:10BF60001100D7F731FC0A000021002370BD0942FF
:10BF7000F6D00024012649186441944200D3A41A43
:10BF80007641F8D33100012601E0764109D200184C
:10BF900064416D41A41A9D41F7D2A4185D41B619C0
:10BFA000F5D3300022002B0070BD1B42CFD108B565
:10BFB00001F03CF908BD01D19042CAD202000B0049
:10BFC000002100207047000001484068704700BF12
:10BFD000280500207047704770470000021D136855
:10BFE0008B431360026811430160704781B0294997
:10BFF0000A6802430A60096808400090009801B08E
:10C00000704730B585B004000820FFF7EFFF1F48E8
:10C0100061004518298800910121019102910221B6
:10C020000391A10044186946A068FAF74BFC184830
:10C030000068C00610D5A0689021C905884203D1C8
:10C0400000991548FFF7CAFFA0681449884203D138
:10C0500000991348FFF7C2FF01222988A068FAF768
:10C06000D9FC002005B030BD80B5084B0022FFE7A9
:10C070004100595A800018188068FAF7CBFC00205C
:10C0800002BD80B5FAF7CCFC01BD000034050020EC
:10C090000000504850004048200050480000104820
:10C0A000280050482348002101604160704710B5C6
:10C0B000EFF3108272B61F4B1C68002904D00129CF
:10C0C00003D12043040000E084431C6082F3108805
:10C0D00010BD10B5EFF3108272B6164B5C680029E4
:10C0E00004D0012903D12043040000E084435C60B4
:10C0F00082F3108810BD38B5EFF3108472B60E4D80
:10C100000C480168002904D0286880476868804787
:10C110000BE04068002804D0A8688047E8688047A2
:10C1200003E0286980476869804784F3108831BD3F
:10C1300000000000C02F0020E017041080B501F0BF
:10C1400077F8002804D104480068C079002801D09D
:10C15000002080BD032080BDEC2F002038B54D4964
:10C160004D4C4E4A01204E4B1B68002B10D1CB6822
:10C17000002B02D14B6B002B0AD0906001F07CF8B1
:10C18000BFF34F8F47486060BFF34F8F00BFFDE79D
:10C19000454B23602368136120220B6813430B6017
:10C1A0000B6840241C430C600B6880241C430C600B
:10C1B0000B695B07FCD58B693024A34313438B6168
:10C1C0008B693A4C1C408C618B6904021C438C6166
:10C1D00037490968374B99422AD037490B681E24E2
:10C1E000A34310241C430C600B68184308603348B9
:10C1F0000368334C1C40F0235B0523430360036852
:10C2000094041C43046008682E4B0340100118433B
:10C210000860086802430A6008682B4A0240C02090
:10C2200040011043086008688022D20002430A607F
:10C2300000235CB2E10018250D40FF22AA40D14343
:10C24000C022AA40250004D4204CAD08AD006419DA
:10C2500006E01F4D2407240F083CA408A4002C1955
:10C26000256829400A4322605B1CD9B22029E0DB03
:10C2700062B631BD1748016800680006400F8907A3
:10C2800002D51549401E00E01449C1401448016020
:10C29000704700000400504808ED00E00400002052
:10C2A000940040480400FA0500100410FFFBFFFF53
:10C2B000F81E0010CCECBCFC940050480C00404828
:10C2C000FFFFFFC03FFCFFFFFFC7FFFF00E400E0F0
:10C2D0001CED00E0080040480048E8010090D00351
:10C2E0004805002072B601684A420A405140016088
:10C2F00003485043C00E03A1085C62B67047C046B5
:10C30000DF3A650400010206030B0710040E0C154A
:10C310000817111A1F050A0F0D1416191E091318F4
:10C320001D121C1BFF2111700121517043781371E4
:10C33000002353714078042808D1BFF34F8F07487A
:10C3400007490860BFF34F8F00BFFDE7537051717D
:10C3500002209070D3700620704700BF0400FA05D9
:10C360000CED00E0F8B50E460546334800682C2178
:10C37000405CC00701D10C245BE0280A00240E2891
:10C3800057D81F462846F7F773F8FF2851D00121E8
:10C390000E4000D10221002F38D006460091FB2F1D
:10C3A00000D3FB27002029463A46E6F73FFB00284A
:10C3B0003ED00546069B4780002421463A46F4F7C6
:10C3C00040FC0721314001208840F1081B4A1268D7
:10C3D00051188A7F1042009E03D01E3182430A709A
:10C3E00002262C82EC812C7368686861A861287A27
:10C3F00030431021014329722846E1F7FDFF002850
:10C4000017D02846E1F7A9FE022412E0002E0AD137
:10C410000722024001219140C008084A1268101802
:10C42000827F0A43827702202946F4F73BFB00E033
:10C4300007242046F8BDC046D42F0020EC2F002052
:10C4400010B50446C07D800717D4F6F705FCE07DE3
:10C4500002210143E175E069216A0818074909686A
:10C460004A68D1434118831A0020832B024600D327
:10C470001A46002900D41046206210BDF02F00207B
:10C48000FEB5009001A8029000200190334F38685B
:10C490008569002D3BD0E868AC6A296A814205D3E2
:10C4A000E9693A685268D243891830D539682A7DDB
:10C4B000D2071AD04A681018C043AA691018AA688F
:10C4C000801812D401212846FAF724FD064639685F
:10C4D00018312846F6F7B2FA022E0AD0012E10D1F2
:10C4E0002846FAF741FD2546D3E718312846F6F7E6
:10C4F000A5FA284600F0D8FE2846FFF779FB254626
:10C50000C7E701A92846FFF787FB2546C1E7009842
:10C5100000281AD001A9FFF77FFB16E0E07D022179
:10C520000143E175A069E169A2681018401A206210
:10C5300001A92046F6F782FAE07DF7210140E17576
:10C54000396818312046FAF7AAFB019C002CE5D186
:10C55000386880690121FAF7E7FBFEBDF02F002063
:10C5600070B504461648006898214658354614357B
:10C570002846E5F763F800280DD04436B078022845
:10C580000BD1104801780029FCD02846E3F768FB5E
:10C590000020207007E00C2070BD2846E3F760FB08
:10C5A0003078207070786070064C6078002804D075
:10C5B000DFF76FF80020607070BD002070BDC046CE
:10C5C000EC2F0020043000200348006898214058D8
:10C5D0004421405A7047C046EC2F0020FEB500931E
:10C5E000019202910646E320C4430027264A002C0C
:10C5F00026D01019E621455AB5421ED302998D4224
:10C600001BD80199002906D03946204B194016291C
:10C6100013D0252911D0E821405C00F04FFE1A4AC2
:10C6200000280AD0A81B0721014001228A40C00827
:10C63000009B195C1143144A1954A41D7F1CD6E7B2
:10C640001348841C0027052F1DD02588B54217D319
:10C650000298854214D8A07800F030FE00280FD050
:10C660000C480068007FF840C00709D0A81B0721CC
:10C67000014001228A40C008009B195C11431954F3
:10C68000A41D7F1CDFE7FEBD5C740710FF7F000068
:10C690007E210410EC2F00200248006890214058B1
:10C6A000407C7047EC2F0020F0B585B014460D4655
:10C6B0000646774F3868002E01D1062D17D0062E7A
:10C6C00001D1022D13D0082E01D1102D0FD0182E1C
:10C6D00001D1102D0BD0282E01D1022D07D02A2EEA
:10C6E00001D1022D03D02C2E0AD1012D08D18019A1
:10C6F00021462A46DEF767FF0027384605B0F0BD21
:10C700002E2E07D1062D05D1617989090329EED294
:10C710001227F2E7D02E06D1012D04D12078D6F7CA
:10C72000B2FA0746E9E7D22E05D1012D03D12178CF
:10C7300036228154E0E7D52E0AD1042D08D104A871
:10C7400004222146DEF73FFF0498D6F794FAE8E783
:10C75000D6F739FA082D23D1D12E21D101281FD1A6
:10C7600004A8009002264C4D21463246A847A11C41
:10C7700003AF38463246A847211D02AD284632464F
:10C78000454B9847A11D01AC20463246424B984785
:10C7900023882A88398800980088D6F7A8FCC0E743
:10C7A000302E05D1012D03D12078D6F7BEFAB8E797
:10C7B0003946D32E05D1012D03D1207800F0C8FDD4
:10C7C000AFE7FF2E0FD1042D0DD104A8042221467E
:10C7D000DEF7F9FE049800F0C4FD002898D0049814
:10C7E00000F0C1FD88E71227FD2E01D1042D84D071
:10C7F000FE2E02D1052D00D17FE72F2E05D1012D70
:10C8000003D1207800F0B0FD8BE7322E12D1022D3B
:10C8100010D104AD022228462146DEF7D4FE288836
:10C82000411EC908E02900D967E71A4909685A2258
:10C83000885261E7332E0ED1012D0CD104AD0122B7
:10C8400028462146DEF7BFFE287800F0A1FD2878B3
:10C85000D6F71EFB50E7402E09D1022D07D1617893
:10C86000207800F09DFD002800D045E745E7502ED8
:10C8700000D042E7022D00D03FE72078001F0228B9
:10C8800004D808682D300222214633E7862734E792
:10C89000D42F0020DC2F0020C7B50410F0B58BB0DA
:10C8A00015460C4636490B680646283E06221221DC
:10C8B0000B2E10D900281CD0FF2835D0082817D0FF
:10C8C000182815D080283CD0812847D0FE284BD08E
:10C8D00006280BD013E0C0467E4436797600B74474
:10C8E000050E050E110E080E0E0E0E18022200E0A7
:10C8F0001022227019182846DEF765FE002108462E
:10C900000BB0F0BD012020702C21595C0140297032
:10C91000F4E700F059FD01A90870012628463246C7
:10C92000DEF751FE2670E9E701A800F055FD00286A
:10C930001DD001A9042628463246DEF744FE002118
:10C9400017E00620207001A800F048FD002812D052
:10C950002278FF212846DEF73AFECFE70622227032
:10C96000084801686631C6E700202070C7E7122139
:10C9700000262670C3E7227801A92031BBE7C04614
:10C98000D42F0020DC2F0020F8B50E4605461224D7
:10C99000DEF767FEB04217D3012D15D80B480068AB
:10C9A000817900918571477946712846DEF761FEED
:10C9B0000024B74202D10098A84205D0FF207F2270
:10C9C00001210B46D6F73BFB2046F8BDEC2F00209B
:10C9D000F0B585B0054604A8002707701224012988
:10C9E00001D9204648E00E4624480068009000F037
:10C9F00003FD002840D100995C310878C00711D1AF
:10CA0000C87830430E46C87003A807210170002D76
:10CA100012D0022D08D0012D20462DD104A81021BE
:10CA2000017009E00C2027E004A82021017003A96F
:10CA3000D6F7A1F800281FD1D6F7ADF800281BD1F2
:10CA400000986030D6F7A3F8002815D1049801218A
:10CA500031740843307000F04DFD01AC204600F009
:10CA600011F8204600F046F8F8430190044802907F
:10CA70002046FCF799FF384605B0F0BDDC2F0020BA
:10CA8000FF9F0020B0B50446002108252A46DEF7A6
:10CA90009EFD2078DF210143217060780921014348
:10CAA0006170A1782943A170114909685C22895CF1
:10CAB000890602D50F2108436070D6F708FB0128CC
:10CAC00007D16078122101436170A07807210143EA
:10CAD000A170D6F76FF9C0B2012807D16078E021C4
:10CAE00001436170A07880210143A170B0BDC046B0
:10CAF000DC2F002010B53F21054A472906D04318F6
:10CB00003F3B1B7814686354491CF6E7002010BDB6
:10CB1000EC2F002010B594B00C464179490601D4A1
:10CB200012200EE001216A46E7F7A0FE002801D09E
:10CB3000D02006E069463E3106222046DEF743FD5E
:10CB4000002014B010BD431E022B09D300280CD0C6
:10CB5000032809D1012001404942122008407047B2
:10CB6000002A01D11046704712207047B0B5044624
:10CB70000078002801D0042801D3122000E0002012
:10CB80001225002A2A4600D00246012900D815465F
:10CB9000002D07D1D6F764F9002803D12078FD21B4
:10CBA000014021702846B0BDF8B51C461546064622
:10CBB000002902D03046D5F7E6FF00273846AF42BD
:10CBC0000DD200280BD12178012904D8621C3046EF
:10CBD000D5F7D5FF00E08620E41D7F1CEFE7C0B24B
:10CBE000F8BD70B594B00446D5F7CDFF06466D4646
:10CBF0003E35684600F08EFC00280BD1002E09D18E
:10CC0000684640780121014020462A46D5F7B7FF03
:10CC10000646EEE7F0B214B070BD80B5FEF7FCF842
:10CC20004142484180BDF8B51C4615460F46E6F71F
:10CC3000A3FB002816D00646811C06222846DEF7F4
:10CC4000C2FC707869460870002F1FD000281DD0E4
:10CC5000012809D1F1798A090120022A16D8402930
:10CC600003D213E00220F8BDF179C020084040282B
:10CC700008D1694630462A4600F060FC002803D0FF
:10CC80008120F8BD8620F8BD68460078207000201D
:10CC9000F8BDF0B585B01E4617460D46044602AAFB
:10CCA00008462146F8F78AFA00280BD10498B842C2
:10CCB00006D1BAB20C203146EEF7AAFE002816D0F3
:10CCC000F8F796FA019602AE3570701C06222146DE
:10CCD000DEF779FC04973046019900F046FC002805
:10CCE00005D0064628462146F8F787FA00E00026D8
:10CCF000304605B0F0BDB0B598B01C46154601AA47
:10CD0000E7F7B4FD002816D101A94A7801201040A8
:10CD10003E3115AAF8F752FA002801D0B3200AE0F4
:10CD200029681798884201D9872004E0286081B2D9
:10CD3000204600F026FC18B0B0BD10B50C244C43C2
:10CD4000F5F7C2FE0019417910220A4342711620FC
:10CD5000DFF78EF9DFF7E6F910BD80B5818900F0C5
:10CD60001BFC80BDBFB50446FEF750FC05460028FD
:10CD700006D10E480146FEF749FC0546002802D0C0
:10CD80002878022801D200200DE003A902AA01ABF5
:10CD90002046E7F7FDFC002804D1287802A909788D
:10CDA0008142F0D2C02004B0B0BDC046FFFF0000F9
:10CDB000F8B50546C00621D40E46134800684B213D
:10CDC000405C002400071AD5174600930F480068FE
:10CDD0006907C90E40180069142203232946DEF7AB
:10CDE00051FD00280DD001460098C8604F810E818A
:10CDF000074848602846DEF7A1FD00E0862420466B
:10CE0000F8BD0724FBE7C046EC2F0020D82F0020F8
:10CE100031830710F8B50546C00621D40E461348E5
:10CE200000684A21405C002440061AD5174600934A
:10CE30000F4800686907C90E4018006910220323D3
:10CE40002946DEF71FFD00280DD001460098C86076
:10CE50004F810E81074848602846DEF76FFD00E0ED
:10CE600086242046F8BD0724FBE7C046EC2F0020AF
:10CE7000D82F002035840710F8B50546C00621D408
:10CE80000E46134800684A21405C002480061AD5EB
:10CE9000174600930F4800686907C90E40180069DB
:10CEA0000F2203232946DEF7EDFC00280DD00146B2
:10CEB0000098C8604F810E81074848602846DEF719
:10CEC0003DFD00E086242046F8BD0724FBE7C04670
:10CED000EC2F0020D82F0020C5270710E0B5014611
:10CEE0000020009050220346EEF73CFDFEF7CCF9FF
:10CEF0008CBD80B5027C0B7C9A4206D1202A07D0DB
:10CF0000102A09D18989808908E00020C04380BDAA
:10CF10001022DEF763FB80BDC968C068401A80BD7F
:10CF200010B50C46E6F728FA002805D0817AF129D9
:10CF300002D1007CA04201D2B62010BD002010BD5D
:10CF4000F0B595B0019317460391002514951395FC
:10CF50001295119511A90DAC04902246FCF7ACFE78
:10CF60000F200290265609A9204600F025FB002E2E
:10CF700067D409A80299445605A900F01DFB002CAE
:10CF80006CD411A8002410222146DEF720FBFDB24C
:10CF9000112D21D3201D81B210220DAB0398F3F780
:10CFA0003CFE0020102807D00DA9095C11AA135CD3
:10CFB0004B401354401CF5E711AD0DAE04982946C3
:10CFC0003246FCF779FE102228463146DEF7FBFA9E
:10CFD000103F1034A4B2DAE7102D08D1201D81B221
:10CFE00010220DAB0398F3F718FE09A814E00DA862
:10CFF00000211022DEF7EBFA380608D00DA8431BFB
:10D000001033201D81B203982A46F3F706FE0DA8BF
:10D01000401B8021C17305A8019A0021102909D065
:10D020000DAB5C5C435C634011AD6C5C5C406C546C
:10D03000491CF3E711A90498FCF73EFE002015B047
:10D04000F0BD11A8872101700F2D92D009A8415D74
:10D0500011AA525D4A4042556D1CF5E711A887217F
:10D06000017000200F288CD005A90A5C11AB1B5C55
:10D0700053400B54401CF5E7044800689021405889
:10D0800040683D21C90040187047C046EC2F002081
:10D0900001484168016070476C2E00200348006819
:10D0A00000218160C160016101607047FC2F002098
:10D0B000F8B501201C21294A9047294F3860294D95
:10D0C000A88D401E03263043401C8008C01C042449
:10D0D0002146224A904739684860E88D401E304317
:10D0E000401C8008C01C21461C4DA8472A463968B0
:10D0F00088601C4D288E401E3043401C8008C01C98
:10D10000214690473968C86000F06CFA3868426878
:10D1100000211180518083681980D180AF8D7F1EDE
:10D1200037437F1CBF0897805980D980EF8D7F1EC1
:10D1300037437F1CBF089F80C76839800261436105
:10D14000F9802A8E521E3243521C9208BA8079808E
:10D1500087612246DEF73BFAF8BDC0463DE4041085
:10D16000D82F0020702E002070470000FEB51F460B
:10D17000019202910546012478212046E1F75EF9EB
:10D18000E12189005A228152244E3060012D17D1AD
:10D1900001200621E1F752F9014630688163012F31
:10D1A0000ED101250E2728463946E1F747F93168A7
:10D1B000C86428463946E1F741F9014630680165FF
:10D1C000029901290BD10198012805D11C200121C8
:10D1D000E1F734F93168C8621148847E01E000212A
:10D1E000C16214212046E1F729F9316848650D4CE8
:10D1F000042101222046DFF7A9FA316808620325DD
:10D20000022220462946DFF7A1FA31684862064A21
:10D21000072308462946E1F71BF9FEBDDC2F002055
:10D22000702E00206C2E00202D2A07107047000061
:10D2300003480068016800690843411E884170473F
:10D24000FC2F0020EFF31482EFF30981002080F31C
:10D250001488BFF36F8FF0B543464C4655465E4683
:10D260006746F8B40F4CEFF30883636006B4BFF36E
:10D270004F8F30BF00BF00BF0A4C646884F308883A
:10D2800082B003BCF8BC9846A146AA46B346BC4649
:10D29000F0BC04BC80F3098881F31488BFF36F8F5E
:10D2A00010470000040000204178427D521CD3B298
:10D2B0008B4200D8114641757047000010B50F2809
:10D2C00011D801460120C0467944097949008F44AC
:10D2D0000B070C0F1215181B1E24272A2D30333A6A
:10D2E000D5F771FC31E0002010BDD5F7B9FD2CE079
:10D2F000D5F771FC29E0D5F772FC26E0D5F7E7FEFB
:10D3000023E0D5F757FD20E0E5F770F91DE0E5F7DC
:10D310006DF90446D5F74EFD13E0F5F7BFFD14E0B7
:10D3200000F06AF911E0D5F752FC0EE0D5F757FE90
:10D330000BE0D5F75BFD08E0D5F751FC0446D5F7C7
:10D3400055FD604301E0D5F752FC411E884110BDF8
:10D3500010B544424441D5F775FB4E21445400209A
:10D3600010BD002070477047B0B50446D5F737FCB4
:10D37000012809D1601E062808D8FF25E035E4F70A
:10D38000D3FA44550020B0BD1120B0BD1220B0BD6D
:10D39000024909686C2288547047C046DC2F00207F
:10D3A00010B50C46E2F746FC0146002000290AD0E1
:10D3B0004A7A002A07D0002C05D0A24203D3886FF6
:10D3C000BD214454012010BD024800686C21405C1E
:10D3D0007047C046DC2F002000207047E0B50346B0
:10D3E00026200090022100200246EEF7D6FA0028FF
:10D3F00000D081208CBD0000F0B595B039480068A0
:10D4000000900BA8FFF7EAFF002831D001AF0624F7
:10D410000025354B384621462A4698477879C02161
:10D42000014379710BAE30462030304B39462246ED
:10D43000984707AC1027204639462A462A4B98477A
:10D44000304621463A46294B984703AC2046394698
:10D450002A46254B98473046103021463A46234B02
:10D460009847304600F0CAF8002803D1054603E08B
:10D47000002501E00E20C5431D4C22682E320026F7
:10D48000062730463946E5F71FFD0BA9002801D0D5
:10D49000203101E021682E31009860303A46DEF7F5
:10D4A00092F82268083210213046E5F70DFD002879
:10D4B00005D0206808300BA91022DEF784F8226816
:10D4C000183200201021E5F7FFFC002806D00BA938
:10D4D0001031206818301022DEF775F8E8B215B068
:10D4E000F0BDC046DC2F0020512F0510C7B5041039
:10D4F000D42F0020064800685C21415C8906890F12
:10D5000004D05C30C17802220A43C2707047C04622
:10D51000DC2F0020B0B50446074D2878002803D141
:10D52000F7F722FE012028702046F7F723FE002897
:10D5300001D000212970B0BD0D30002070B594B02D
:10D5400014460E464178801C6A46E7F78FF9054677
:10D55000002807D10020307069463E31062220465F
:10D56000DEF731F8284614B070BDE0B50B46014631
:10D570000089009001200C22EEF7F4F9FDF784FEFB
:10D580008CBDE0B503460091022001210C22EEF78C
:10D5900004FAFDF779FE8CBD1CB51F2903D801AA3A
:10D5A0001180406805E0406801AC2246E0F714FFB6
:10D5B0002188401800791CBD10B5027852000A700D
:10D5C000491C00220F2A0BD083185B785B008B5418
:10D5D0008456002C02D5012423438B54521CF1E7BE
:10D5E00010BD00000348006800210174C18101736F
:10D5F0007047C046EC2F002000207047E0B5014680
:10D600000023009302202622EEF7ACF9002800D078
:10D6100081208CBDFEB505000E0000207949886090
:10D62000794C606AC00504D540221106280000F03C
:10D63000C3FA606AC00705D56822744928004430DF
:10D6400000F0BAFA280040300021C166616A8025E6
:10D65000ED01294008D0016F002905D10121C166E3
:10D66000616A6B4A0A4062626A4909680160A06A9D
:10D67000C00706D52422684988204000301800F0F1
:10D680009BFAA06AAF08384006D0242263499A204A
:10D690004000301800F090FAA06A054006D024221D
:10D6A0005F49AC204000301800F086FAA06AC0063E
:10D6B00005D558225B493000B83000F07DFAA06AE9
:10D6C000C00505D5302258493000883000F074FA82
:10D6D000A06A400505D5302254493000583000F08A
:10D6E0006BFAA06A800205D52C228221C905300080
:10D6F00000F062FAA06A000205D52C224C493000E5
:10D700002C3000F059FA216B0120014008D001991A
:10D71000484A126802231A400A60474A12684A605F
:10D72000216A029D08400DD020229121C905942034
:10D730004000281800F040FAA02240492800883014
:10D7400000F03AFA206A400305D50C223C49280033
:10D750007C3000F031FA206AC00306D539480168F0
:10D760002967416869678068A867206A074005D013
:10D77000182235492800583000F01EFA206A400768
:10D7800005D52C229021C905280000F015FA206A41
:10D79000000705D52C222D4928002C3000F00CFA6A
:10D7A000A4204000281821680160A1684160216A16
:10D7B0008160A16AC16000200021254A1368503BA6
:10D7C000099A1C680D06AD0D5451491C1B1DCCB2A5
:10D7D000142CF6DB08991F4A13680B601E4B1B685C
:10D7E0004B6083001D4CE458CB189C60401C0828FB
:10D7F000F7DB90698862D6480268CA6240680863AD
:10D80000F7BD000004000020300040480020004028
:10D81000FFBFFFFF04100040002000410030004126
:10D820000070004100600041005000410040004194
:10D830000010004154160060281400600000704879
:10D8400000006048000030480000204800001048F8
:10D850000010041008ED00E000E100E000E400E04A
:10D86000FFB581B0AC30BB4C0025016800290BD05E
:10D870000560606A8021C90101436162606A80219C
:10D88000C901084000900098B3488068002800D182
:10D890005CE10020B1490A68503A0B9903069B0DE0
:10D8A000CB581360401C121DC3B2142BF6DB0A992F
:10D8B000AB4A086810604868AA4B18600023AA4F5A
:10D8C00098000E18B6683E505B1C082BF8DB049ECF
:10D8D000886A90619E480A6B42608560C96A0160EF
:10D8E0008C2040003718386B2060786BA060B86BD4
:10D8F0002062F86BA062206AC00717D5202294200E
:10D90000400031189120C00500F056F930008C30ED
:10D91000056045618562C5630565456685673D604F
:10D92000A02231008831914800F046F9206A400376
:10D9300005D50C2231007C318D4800F03DF9206A7C
:10D94000C00306D58B48316F0160716F4160B16FC4
:10D950008160206AC00405D51822310058318648FC
:10D9600000F02AF9206A40070BD59020C005316AE3
:10D970000162716A4162716941612C22310000F0DB
:10D980001BF9206A00070BD57C48F16C0162316DF0
:10D990004162316C41612C2231002C3100F00CF9D4
:10D9A000606AC00504D540220199100600F004F910
:10D9B000606AC0070ED50198466C406C012188430F
:10D9C000019948646E4D682201994431280000F0A5
:10D9D000F3F82E60029D0198006C6A490860A06A05
:10D9E000882149006E18C00714D53068009030684F
:10D9F000402188433060644F0C223100380000F031
:10DA0000DBF81422902040002918604800F0D4F878
:10DA100000983860A06A4027FF43C00415D5706A9B
:10DA20000090706A384070620C229A2040002918D9
:10DA3000574800F0C1F81422A22040002918554888
:10DA400000F0BAF8009852490860A06A400415D561
:10DA5000B06C0090B06C0740B7644F4E0C22AC2005
:10DA600040002918300000F0A7F81422B42040002C
:10DA700029184A4800F0A0F800983060A06AC00653
:10DA800005D558222900B831454800F095F8A06A1C
:10DA90000126F643C00517D5280084304068009061
:10DAA00028008430406830402900843148603D4F70
:10DAB000242229008831380000F07EF828008430C4
:10DAC000006BF86200983860A06A400510D5A86D18
:10DAD0000090A86D3040A865334F242229005831AA
:10DAE000380000F069F884202858F86200983860FF
:10DAF000A06A80020CD52F68286830402860202258
:10DB000029008220C00500F057F88220C005076078
:10DB1000A06A00020BD5EF6AE86A0640EE62234E67
:10DB2000202229002C31300000F046F83760206BAD
:10DB3000C0070BD503980168002904D01C490A6866
:10DB4000022313430B6040681A49086005B0F0BD1A
:10DB500010E000E0300040480400002000100410F5
:10DB600008ED00E000E100E000E400E000007048A3
:10DB700000006048000030480000204800001048C5
:10DB8000002000400410004000200041102000410F
:10DB90000030004110300041007000411070004121
:10DBA0000060004100500041004000410010004171
:10DBB000541600602814006030B5002303E09C0078
:10DBC0000D5905515B1C9408A342F8D330BD0000E9
:10DBD00001488047014800475DC10610C5E00610B6
:10DBE00081B0A34801688903FCD5816802220A43F9
:10DBF0008260002102E000BF0099491C0091009959
:10DC00000629F8DB816804220A43826001B070476C
:10DC100098480168890703D501684807C00F704715
:10DC200000207047FEB5032000F046F90026924C14
:10DC30002680A6700125FFF7EBFF002800D0257095
:10DC40008B4F3868C00608D5012060700103FDF7CE
:10DC500047FE69030120FDF743FE3868042738407A
:10DC600000D0A570032000F028F98448B021455069
:10DC7000C621890061180191B921890061180091BC
:10DC8000C4214900631808396218211DFFF7C2FC3E
:10DC9000029602A800F05CF979487A4901617A4954
:10DCA00081630168A9430160784801680F430760F8
:10DCB000052000F001F9FFF7C5FAF7BD7CB5744EF9
:10DCC0006B4C6D4D687801280AD17248716901402A
:10DCD0007161B1690840B061206810210143216081
:10DCE000A878012803D120680421014321606748F6
:10DCF0000168042291430160C62080002818019029
:10DD0000B920800028180090C42040002B18083843
:10DD10002A18291D5948FFF7A3FD052000F0CDF86A
:10DD2000042000F0C9F820688003FCD52878012879
:10DD300005D1FFF755FF20685749014021606878F9
:10DD4000012802D120688006FCD5A878012802D1DC
:10DD500020680007FCD5206EC00703D54F48006837
:10DD60000F28FBD04E488068002801D000F038F919
:10DD70003068C005FCD5042000F09FF873BD3EB5A7
:10DD8000002000F099F800203B4C2080A070012575
:10DD9000FFF73EFF002800D025700021C020800141
:10DDA00000F0AEF8002000F088F83448B02145506B
:10DDB000C621890061180191B9218900611800917B
:10DDC000C4214900631808396218211DFFF722FC9D
:10DDD0002B4C2C4820612C48A063029502A800F02F
:10DDE000B7F82068A84320602848016804220A4345
:10DDF0000260022000F060F8FFF724FA022000F031
:10DE00005CF837BD3EB521480168042291430160AA
:10DE1000194CC620800020180190B92080002018DD
:10DE20000090C4204000231808382218211D1348F0
:10DE3000FFF716FD012000F03FF80D4D2868800324
:10DE4000FCD52078012805D1FFF7CAFE28681249C1
:10DE50000140296012488068002801D000F0C0F815
:10DE60000B480068C005FBD5012000F026F837BD3F
:10DE70000000404808004048A82200204C2A00200A
:10DE800000005048FFBF0000FFFF000010ED00E061
:10DE900014005048FFCFFFFFFFDFFFFF10180060A6
:10DEA0000400002080B500F0A3F800F04AF801BD9E
:10DEB00080B500F0A5F801BD704770474148816802
:10DEC00004229143816001684905FCD581680222E2
:10DED0009143816070473C480168890703D5016818
:10DEE0004807C00F70470020704781B037490A6863
:10DEF00002430A60096808400090009801B070472A
:10DF0000020C80B2324B0129596804D10143596097
:10DF1000D96A114303E081435960D96A9143D962B8
:10DF2000196808431860986A02439A627047294941
:10DF3000086882B2886A000410430A60020C8A6290
:10DF400070472548016804229143016030BF704743
:10DF500070B5040000261B4D2068002807D12868F2
:10DF60001021884328602868042188432860296E8E
:10DF70000120014002D10126FFF7B7FF17480168D1
:10DF8000890007D48168490004D401688022120600
:10DF90000A430260002E03D0286E012188432866C0
:10DFA000FFF799FF002801D0FFF788FF20680028BD
:10DFB00005D128688006FCD428680007F9D4002021
:10DFC00070BD000000004048080040486000404824
:10DFD000080050481000504810ED00E0281800607C
:10DFE00080B5FFF7A4FF002801D000F011F801BDB3
:10DFF00002480168022291430160704710E000E08E
:10E000000248016802220A430260704710E000E003
:10E0100070470000024841680278891841607047E3
:10E0200028050020FEE7FEE77047704780B5FFF740
:10E03000F1FF01BD80B51E48F9F73EFE01BD80B578
:10E040001C48F9F774FD01BD80B51B48FDF72FFD95
:10E050001A48FDF72CFD01BD80B5EBF705F901BDB0
:10E0600080B5EBF707F901BD80B5EBF709F901BD04
:10E0700080B5EAF725F901BD80B5EAF759F901BD88
:10E0800080B5EAF72CF901BD80B501219020C005CB
:10E09000FDF7F7FF01BD10B5094C20212000FDF769
:10E0A000F0FF802189002000FDF7EBFF10BD00008C
:10E0B000A82B00203C2C00205C000020A82D002074
:10E0C000000010480548014603B4684680F30988FB
:10E0D00000BF00BF00BF00BF00F002F8A5EDF5FED5
:10E0E00000F00DF8002801D000F00CF800BF00BFD0
:10E0F000002000BF00BFECF7CFF900F017F80120B7
:10E100007047000010B5074979441831064C7C442B
:10E11000163404E0081D0A68891888470100A142E6
:10E12000F8D110BD48BA000084BA000080B500F0F4
:10E1300001F801BD0746384600F002F8FBE7000091
:10E1400080B500BF00BF024A11001820ABBEFBE73C
:10E150002600020010B504460A48006800699021B4
:10E1600001221346DDF78EFB002804D001464460EF
:10E170009020DDF7E3FB044800688421425C521CD8
:10E18000425410BDD82F0020EC2F0020FEB53B4D8F
:10E19000286810300021062905D004C8528801AB38
:10E1A0005A52891CF7E772B628680468002707608E
:10E1B00062B6E00702D0002000F064F8A00702D5A4
:10E1C000012000F05FF8600702D5022000F05AF845
:10E1D000200702D5032000F055F8E00648D50420BA
:10E1E00000F050F844E0780001A90E5A0097BF00F3
:10E1F0002868C019006901880288B2422AD08908BB
:10E20000891C89004418A17803220A40012A02D0FF
:10E21000002A03D11EE0817A08300446480603D460
:10E220002046EBF70AF90AE0E078132807D28000CD
:10E2300013490A58211D20469047002805D1286817
:10E24000C019006921880180D5E70020DDF710FFA3
:10E25000DDF768FF72B62868C01900694188028836
:10E26000914202D100210180418062B6009F7F1C53
:10E27000032FB8D100F014F8FEBDC046D82F0020FF
:10E2800048190410E0B501AAD07001209070102048
:10E290005070042111701046ECF7E2FF8CBD0000B5
:10E2A00010B586B01548046802A801A96A4600F0B6
:10E2B00027F800281FD002A80178E089C840C007CD
:10E2C00019D0019A009B03A8082484701C0EC47204
:10E2D0001C0C84721C0A44720372C2718171FF218A
:10E2E0004170822101700021417104220271C170CC
:10E2F0000C21ECF7B5FF06B010BDC046EC2F002096
:10E3000070B503460948046872B6207C0025257460
:10E31000257B0F262E401E70237B1B090B70A168E6
:10E320001160411E884162B670BDC046EC2F0020CE
:10E33000F0B587B03148046806A904910020019027
:10E34000087005AE01203070FFF7D4F85D2003940B
:10E35000275C781E3D46854120203840444202908B
:10E36000444104983146EBF719FC002F01D10128F4
:10E370003ED12C4038D105A80078002834D0039C29
:10E3800020465D30C07B002834D02834029D002D0B
:10E3900003D021780020D4F7BEFB06A8007801281E
:10E3A00002D10020D4F7FBFBDDF76EFC002804D17E
:10E3B00000200121DDF734FD0190002D0AD02178E5
:10E3C0000120D4F7A8FB002804D00198002801D030
:10E3D000DDF74EFD06A80078012809D10620DDF7FB
:10E3E00047FEDDF79FFE03E001200146DDF718FD43
:10E3F00007B0F0BD00200121F8E7C046DC2F002067
:10E40000B0B55E2806D10C4804685D34002560571D
:10E41000002800D4B0BD60780228FBD15570802060
:10E420001070C8B21146DDF7ADFD657020787F2110
:10E4300001402170B0BDC046DC2F002007490968AB
:10E440005D228A5C88231A4204D0723109884140D7
:10E45000080501D00020704701207047DC2F002004
:10E46000B0B5044680880025800501D4284606E022
:10E4700062892189022000F027F8002800D0B0BD71
:10E4800020896189042902D1DEF772F9EEE7F2F7FB
:10E4900017FC61892089F2F729FC002020810949B5
:10E4A00009684B6BA34205D01A461B69A342FBD1F6
:10E4B000103201E00A463432236913600A6B22618C
:10E4C0000C63B0BDE02F0020F8B50446C00608D4A8
:10E4D0000D46194800684921405C800703D4002795
:10E4E00027E0862725E01646144800686107C90E14
:10E4F00040180069592203232146DDF7C3F900289B
:10E5000016D00146067385720C20487202200872EC
:10E510000027CF7106208871FF2048718220087182
:10E52000300A4873280AC8722046DDF707FA00E06F
:10E5300007273846F8BDC046EC2F0020D82F002012
:10E5400080B581080A4800683430006800280ED081
:10E5500042788A4201D01030F7E7012149028288CF
:10E560000A4382800720DDF783FDDDF7DBFD80BDF8
:10E57000E02F002080B54069014900F003F880BD1C
:10E5800041E50610FEB5029105464778006AC45D74
:10E59000DDF7A4F8C00801902046C2B2BA420DD0FF
:10E5A00053006E6AF35A2E78761D0199F140591A7C
:10E5B00009B2012903DC286A805CEEE73846296A43
:10E5C000C855C6B228463146EBF78EFEE0B2B042DF
:10E5D00006D0296A0F5C0C54029988473C46F5E73F
:10E5E000FEBD00007CB504468068418904291AD12B
:10E5F00060688189491C89B2DEF766FC05461728E8
:10E6000000D817251D4E308A854200D30546A368E1
:10E610009888C0060FD4198902202A4600F030F8E5
:10E62000002814D07CBDC368022000210622F6F722
:10E63000B7FA86207CBDD888A8420ED00833422085
:10E6400003210222E1F7DEFF0028EBD105E0A068FC
:10E65000C580818810220A438280308A01AB5870BD
:10E6600003251D70000A9870A068C468A18920461F
:10E670002A46F2F7E6FA658000207CBD702E002065
:10E68000F8B50446C00608D40D461948006849216B
:10E69000405C400703D4002727E0862725E0164684
:10E6A000144800686107C90E401800695A22032700
:10E6B00021463B46DDF7E6F8002815D001460673F3
:10E6C00085720C2048720F720027CF710620887166
:10E6D000FF20487182200871300A4873280AC872E6
:10E6E0002046DDF72BF900E007273846F8BDC04685
:10E6F000EC2F0020D82F002070B5234D2868866CA1
:10E70000002E40D03446366A207801070CD44007EA
:10E71000F6D42046F8F7D2FD8828F1D10C20DDF799
:10E72000A7FCDDF7FFFCEBE7A179113902290AD339
:10E73000C006C01781230340A2886188022000F030
:10E7400025F80028DCD12046203029688B6CA342B4
:10E7500009D01A461B6AA342FBD103681362002B3F
:10E7600008D1203205E00A46483203681360002BC6
:10E7700000D1CA6400222262496D0C60012121701F
:10E7800029684865BCE770BDE02F0020F8B5044655
:10E79000C00628D41F4616460D4615480068610776
:10E7A000C90E401800695C2203232146DDF76AF890
:10E7B00000281AD00146067385720C20487210207A
:10E7C00008723A460027CF71072088718A73FF20AC
:10E7D000487182200871300A4873280AC87220469E
:10E7E000DDF7ACF802E0862700E007273846F8BDE1
:10E7F000D82F002080B502480068804780BDC04601
:10E8000060050020F0B595B005460488DFF718FCD8
:10E8100001462046F8F740FD8626002800D108E290
:10E8200004462F882846DFF70BFC01463846E5F7FB
:10E8300035FA08902078FB21014021700C273846DA
:10E84000DDF716FCDDF76EFC2846FEF786FA012898
:10E8500007D16088FFF7F2FD002860D0204600F065
:10E8600049FA20780022010757D4A379591E1129AB
:10E8700000D9DEE1079249007944898849008F4434
:10E88000C50002010F01990099001F016401750183
:10E890007C01B901A600A600B8001100B00011006B
:10E8A0001100B000C00600D5A7E0A28861880A2048
:10E8B0002B4600F02BFA002800D0B4E1A0791128F3
:10E8C00000D1B2E1637A21690891102800D0D0E12B
:10E8D0000693A889401C81B22846DEF7F5FA059018
:10E8E000A889C01C81B22846DEF7EEFA0026A2896C
:10E8F0006988491F9142049000D0CFE138460699BB
:10E900004843089A101880686189411828461546BE
:10E9100000F02EFA069B0390C4E1164689E109A98E
:10E920000FAA0EAB284600F02EFA00282BD028465E
:10E93000DFF713FC0EA80078122808D160880421A4
:10E94000E5F7ACF98188012292020A438280A0791E
:10E95000012804D1089B99880422914399800EA92B
:10E9600009780A2908D0072902D10A2800D175E7B9
:10E97000217810220A4322700E2800D171E7102856
:10E9800000D16EE76AE709A800780790A38862883B
:10E990000FA8008821460EAC2478009001940C4604
:10E9A000022011461A46079B00F008FA0028BED044
:10E9B00006463EE1A28861880A202B4600F044FA10
:10E9C000002800D02FE1284600F070FAC8E0A288A5
:10E9D00061880A200B2B00D020E12B4600F07CFA46
:10E9E0001FE1A2886188022000F0A8FA002800D068
:10E9F00019E12846DFF7B1FB17E16089002800D153
:10EA000013E1002626720F20A07112E1A889401C94
:10EA100081B22846DEF758FA0646172800D817268E
:10EA2000B348008A8642089F00D30646B888C006CD
:10EA300014D5F888B04211D03B4608334220032158
:10EA40000222E1F7DFFD002800D0ECE02078102161
:10EA500001432170B88804218843B8802078C0061B
:10EA600000D5FE88618802203246FFF709FE0028A3
:10EA700000D0D8E0FE80B8880821014304208143FB
:10EA8000B9802046DCE0A28861880A202B4600F08D
:10EA900091FA002800D0C6E0284600F0BDFA0BE04D
:10EAA000A28861880A202B4600F0CCFA002800D00A
:10EAB000B9E0284600F0F8FA8C49884253D1B4E016
:10EAC000284600F0FEFA089060890EA908802046CA
:10EAD0000C30079009A80C3005900FA8401D069037
:10EAE0000026F7B20FAA2846394600F0F1FA0028AE
:10EAF00000D0A1E00898072805D109A810210174C9
:10EB00000222059803E009A88021017410220699C9
:10EB1000DCF759FD0EA80FA90222DCF754FD09A865
:10EB2000079900F0F1FA00280DD1A28861880898B1
:10EB3000009001954743B81C83B2022000F014FBFB
:10EB4000002800D082E0761CCBE7A28861880A20EA
:10EB50002B4600F05FFB002865D1284600F08CFBB7
:10EB60006189884261D2401C208161E0A28861886D
:10EB70000A202B4600F09AFB53E0284600F0A1FA49
:10EB8000064606946088FFF759FC089002246888BE
:10EB9000A3B2834253D2089801280ED1A889001944
:10EBA00081B20FAF284632463B46F2F736F85E2078
:10EBB00031463A46FFF724FC1AE0069FBA88798866
:10EBC00000960195022000F0CFFA00282BD1387F63
:10EBD00010280DD10698008B4249884208D106982A
:10EBE00040880421E5F75AF881883F4A1140818026
:10EBF000A419CCE7A28861880A202B4600F088FB84
:10EC0000002810D10898C088411E6888401E82B232
:10EC100091420AD861890818608109E02B4600F00A
:10EC2000A9FB002801D0842603E0204600F062F80A
:10EC3000079E304615B0F0BD0EA800880AE0069881
:10EC400000F058F82846DFF788FAF1E70E98401EE2
:10EC50000EA90880618982B28A4202D2401C2081BA
:10EC600002E0204600F046F82846DFF776FA002654
:10EC7000DFE76189089AA0894018608180B25F430C
:10EC8000D11989888842D3D1207A401E984224D94C
:10EC900000266681607A401C6072CAE7F0430390E8
:10ECA000069B089D394659436A5A2846059D954258
:10ECB0000BD1024641184A8861898A18049DAA42EC
:10ECC00003D1024603980028D5D026720F20A071E8
:10ECD0002078102101432170ABE7012020720F2022
:10ECE000A071A5E72A2B0000FFFB0000FFFF00003A
:10ECF000702E002080B5017808220A4302700C2093
:10ED0000DDF7B6F9DDF70EFA80BD0000F8B505466F
:10ED1000C00621D40E46134800684A21405C0024F6
:10ED200000071AD5174600930F4800686907C90EF7
:10ED3000401800690E2203232946DCF7A3FD0028B2
:10ED40000DD001460098C8604F810E810748486089
:10ED50002846DCF7F3FD00E086242046F8BD0724B2
:10ED6000FBE7C046EC2F0020D82F0020AD22071073
:10ED700080B50B4642888189491D89B2521F92B2E3
:10ED8000F5F730FD80BDFEB50E464188052912D14C
:10ED90001C4615468189052201AF3B46F1F73DFF30
:10EDA00078783070B878F9780902081828800298C5
:10EDB00020700020FEBD8620FEBD0000F8B5044690
:10EDC000C00608D40D461E4800684A214056002857
:10EDD00004D4002700E086273846F8BD1F461646B3
:10EDE000184800686107C90E401800695D220423B5
:10EDF0002146DCF747FD002820D00146079A0698F7
:10EE00000090C8730E738D720C234B7211230B721A
:10EE100038460027CF710A238B714A748873FF220A
:10EE20004A7182220A710098000A0874300A4873F5
:10EE3000280AC8722046DCF781FDCDE70727CBE71B
:10EE4000EC2F0020D82F0020F8B50546C00621D4AD
:10EE50000E46134800684921405C002480061AD5FC
:10EE6000174600930F4800686907C90E40180069EB
:10EE7000092203232946DCF705FD00280DD00146B1
:10EE80000098C8604F810E81074848602846DCF72B
:10EE900055FD00E086242046F8BD0724FBE7C04668
:10EEA000EC2F0020D82F002065240710BCB50446A5
:10EEB0008089401C81B22046FBF74DFB6188081A0F
:10EEC000A189401881B2022201AD20462B46F1F7FC
:10EED000A4FE2888BCBD0000F8B50546C00621D4B4
:10EEE0000E46134800684A21405C0024C0071AD02F
:10EEF000174600930F4800686907C90E401800695B
:10EF00000C2203232946DCF7BDFC00280DD0014666
:10EF10000098C8604F810E81074848602846DCF79A
:10EF20000DFD00E086242046F8BD0724FBE7C0461F
:10EF3000EC2F0020D82F0020F5240710F8B5044648
:10EF4000C00608D40D46194800684A21405CC00636
:10EF500003D4002727E0862725E0164614480068DA
:10EF60006107C90E401800695B2203232146DCF7C4
:10EF700089FC002816D00146067385720C20487261
:10EF80000D2008720027CF7106208871FF2048717C
:10EF900082200871300A4873280AC8722046DCF7BC
:10EFA000CDFC00E007273846F8BDC046EC2F002016
:10EFB000D82F0020F8B50546C00621D40E461348C8
:10EFC00000684A21405C002480071AD51746009348
:10EFD0000F4800686907C90E401800690D22032315
:10EFE0002946DCF74FFC00280DD001460098C86088
:10EFF0004F810E81074848602846DCF79FFC00E0FF
:10F0000086242046F8BD0724FBE7C046EC2F0020ED
:10F01000D82F0020D5230710BCB504468089401C9A
:10F0200081B22046FBF797FA6188081AA189401837
:10F03000801C81B2022201AD20462B46F1F7EDFD86
:10F040002888BCBDF8B50546C00621D40E46134835
:10F0500000684921405C0024C0061AD51746009379
:10F060000F4800686907C90E401800690822032389
:10F070002946DCF707FC00280DD001460098C8603F
:10F080004F810E81074848602846DCF757FC00E0B6
:10F0900086242046F8BD0724FBE7C046EC2F00205D
:10F0A000D82F0020852107101CB58189428851186E
:10F0B000891E89B2022201AC2346F1F7AEFD2088F9
:10F0C0001CBD80B58189491C89B2FEF765FA80BDF7
:10F0D00070B514460E4605468089401C81B228460C
:10F0E000FBF739FA02464643B01C6988884208D2C9
:10F0F000A989081881B228462346F1F78EFD002021
:10F1000070BD862070BD000070B58AB00C46014607
:10F1100005AD142628463246DCF755FA68462146E6
:10F120003246DCF750FA287C802807D005AC0D4920
:10F130000C222046DCF747FA0020E0816846007C7C
:10F14000802807D06C4607490C222046DCF73BFAA2
:10F150000020E08105A869461022DCF73FFA0AB0DA
:10F1600070BDC046A39C0710F0B587B00546C00629
:10F1700043D40E46244800684B21405C002480079D
:10F180003CD5049205930C9A204800686907C90E83
:10F19000401800691E490692511803220A43113291
:10F1A00091088BB25E222946DCF76CFB002828D040
:10F1B00007460D990698009003910191381D31463C
:10F1C000049A059B00F008F9280704D50398DEF798
:10F1D000C4FFF72005400C20787212203872FF20FF
:10F1E0007871822038710698C01DB871000AF871D4
:10F1F00028463946DCF7A2FB00E08624204607B00B
:10F20000F0BD0724FAE7C046EC2F0020D82F0020DD
:10F21000FDFF0300FEB50446C00624D4164613487D
:10F2200000684922805C002500071DD51F4601911A
:10F2300002950F4800686107C90E4018006907254C
:10F24000032321462A46DCF71DFB00280CD001468B
:10F25000C760468101980881064848602046DCF76F
:10F260006DFB029D00E086252846FEBDEC2F0020A8
:10F27000D82F0020FD210710BCB504468089401C12
:10F2800081B22046FBF767F91121C943012800D15B
:10F290000E3160884018A189081881B2022201ADA0
:10F2A00020462B46F1F7B9FC2888BCBDF8B50546C9
:10F2B000C00621D40E46134800684921405C002452
:10F2C00040061AD5174600930F4800686907C90E13
:10F2D000401800690A2203232946DCF7D3FA0028E4
:10F2E0000DD001460098C8604F810E8107484860E4
:10F2F0002846DCF723FB00E086242046F8BD0724DF
:10F30000FBE7C046EC2F0020D82F0020ED2507108A
:10F31000F8B50546C00621D40E46134800684921B9
:10F320004056002400281AD5174600930F4800685D
:10F330006907C90E401800690B2203232946DCF730
:10F34000A1FA00280DD001460098C8604F810E81B7
:10F35000074848602846DCF7F1FA00E0862420469A
:10F36000F8BD0724FBE7C046EC2F0020D82F002073
:10F3700059230710F8B50546C00621D40E46134898
:10F3800000684B21405C002440071AD517460093C3
:10F390000F4800686907C90E40180069132203234B
:10F3A0002946DCF76FFA00280DD001460098C860A6
:10F3B0004F810E81074848602846DCF7BFFA00E01D
:10F3C00086242046F8BD0724FBE7C046EC2F00202A
:10F3D000D82F0020712507107CB51D460446027207
:10F3E0008171100A6072080AE071079EB089C01826
:10F3F00081B2022201AB3046F1F70FFC0698801E65
:10F4000020730199A172090AE172B1896918891CF6
:10F4100089B20D34C2B230462346F1F7FEFB7CBD03
:10F42000F0B589B017460D46064600787488042862
:10F4300045D0032877D17168086A00287DD00A7DFD
:10F44000102A74D1098A494A914270D1009701214A
:10F4500007AA08AB284600F08DF800286ED128884E
:10F46000F5F75AFC07AA117807230B400593137090
:10F470007168096A8B683E49C97A49084A1C0421A7
:10F48000049003920293F5F759FC059A0146114046
:10F49000814257D10298009004210498039BF6F70B
:10F4A0004DF97068006A0078C0073AD02E88284667
:10F4B000DEF7C6FD024608A8008807A94CE071687F
:10F4C0008869002839D00A7D102A30D1098A264A55
:10F4D00091422CD10097022106AA08AB284600F0E1
:10F4E00049F800282AD106A8008805907088801E57
:10F4F00081B20220F5F77AFF002821D0059989070B
:10F50000890E406800780840884219D106A8028810
:10F5100028883146F6F728F9706880690078C007B6
:10F5200012D100200AE003203870862006E0214630
:10F530002A463B4600F042F800E0842009B0F0BDC6
:10F54000FD20F1E71320EFE72E882846DEF778FD4F
:10F55000024608A8008806A90090019102203146C1
:10F56000234600F057F8E9E702290000292B0000A4
:10F57000702E0020F8B51D4614460F460646F5F7D6
:10F58000CFFA0E21C943D22800D00C317088081858
:10F5900082B20699BA4205D90D2008700020288051
:10F5A000862709E000270F702880B089C01C81B22F
:10F5B00030462346F1F731FB3846F8BDFEB5164616
:10F5C0000C46054682688188009302AB3046FFF7FF
:10F5D000D1FF002800D0FEBD2878810703D4A98878
:10F5E00002AA118001E002996980C00701D10020C0
:10F5F000FEBD37883046DEF723FD024602A80088AC
:10F60000A9680090019102203946234600F002F8D3
:10F61000FEBD0000F0B585B00546C00645D42648BD
:10F6200000684924005D0024C0073FD00293039284
:10F6300004910A9E214800686907C90E40180069B4
:10F64000711E03220A43113291088BB258222946B7
:10F65000DCF718F900282CD007460B9801903E746F
:10F660000299B973039B3B73049ABA72300A787497
:10F67000080AF873180A7873100AF87238461230BC
:10F6800001993246DBF79FFF0C2078720120387217
:10F690000A36300AF871BE71FF2078718220387105
:10F6A00028463946DCF74AF900E08624204605B0B2
:10F6B000F0BD0724FAE7C046EC2F0020D82F002029
:10F6C000F0B589B0054604AC284914222046D2F78B
:10F6D00031FE0120264E31462246FBF763FE002410
:10F6E000002804D0014628688288120603D42746E1
:10F6F000384609B0F0BD2A79FE2313408627042B33
:10F70000F6D0008901220292F5F788FE8128EED01A
:10F7100028688188CA0502D500F030F8E7E7029A28
:10F7200014022143818028790228E1D12889012807
:10F73000DED16889B042DBD1EA68107C1028D7D1CD
:10F7400090890C498842D3D101203146FBF72AFE2B
:10F750000028CDD003A804802968098900900120E1
:10F760000027054B3A46E4F71BFAC1E7F8170410E7
:10F77000FFFF00002A2B0000AB770710E0B5C12186
:10F78000490001AA11800189009201200022024B48
:10F79000E4F706FA8CBDC0469F77071070B58AB0B3
:10F7A000044605AD0DA1142628463246D2F7C2FD07
:10F7B00068460FA13246D2F7BDFD20462946FFF725
:10F7C000A3FC002807D069462046FFF79DFC0146B0
:10F7D0004042484100E001200AB070BDFB349B5F0D
:10F7E00080000080001000000028000010000000D1
:10F7F000FB349B5F800000800010000001280000A7
:10F8000010000000B0B58AB004468088000601D41C
:10F8100000254BE00120010209AA118021890092F4
:10F820000025244B2A46E4F7BBF9A18889073DD47B
:10F8300000283BD104AD204914222846D2F77AFD96
:10F8400001201E492A46FBF7ADFD002812D00546CF
:10F85000FBF7C8FD00280DD001462089F5F74FFAC7
:10F86000800712D4208900210122F5F7D7FD054633
:10F8700081281BD109A880210180218900900120C5
:10F880000022104BE4F78CF90FE00D48039001AA19
:10F89000042050806888108003A802906189208924
:10F8A000009202220123F5F721FE054628460AB000
:10F8B000B0BDC046937707100C180410FFFF00007E
:10F8C0000100FFFF9F77071070B514244443144DC7
:10F8D000144800684821405C000713D52868C06AB6
:10F8E000065B114800688069062202210B46DBF79F
:10F8F000C9FF002806D001460C4848600E8102204E
:10F90000DCF71CF82868C06A011900228A718A781D
:10F91000F92313408B70005BFF21F1F7C7FE70BD28
:10F92000E82F0020EC2F0020D82F0020B9840710EA
:10F93000FEB50446DEF704FF05462C20285CFE21B8
:10F940000140022958D102942F46E6373A79D00671
:10F9500019D4F0240192144001212846E2F738FA24
:10F96000064600212846E2F733FA304306D00298D3
:10F97000E2F7A0FA002801D120200443019A1026C2
:10F980002643788827E0C0261C4800683921405665
:10F9900000281CD5688F01901948006880694221B1
:10F9A0001446232202252B46DBF76CFF2246002853
:10F9B0000DD00146019AC27185715720487104200B
:10F9C0000871100A08724220DBF7B8FF2246164081
:10F9D00078883988081A0A23434372B638798242F4
:10F9E000029902D1032006433E7162B603480068C3
:10F9F000A0300122E2F7F7F9FEBDC046EC2F00204F
:10FA0000D82F0020F8B51E460446012911D1002A3E
:10FA100048D0062A50D1294801682920B0700B200F
:10FA2000707003203070F01CC9310A22DBF7CBFD67
:10FA300042E000212046E0F7FDFC05462046E2F7C3
:10FA4000DDF8B178292929D10078012826D120466E
:10FA5000E2F7D4F80746F01C3E460C360A22009026
:10FA60003146DBF7BBFD002818D00A22304600994A
:10FA7000DBF7A9FD114801681637C931384632460F
:10FA8000E2F729F9012809D12046E2F798F8002881
:10FA900004D01220DCF7ECFADCF744FB002120460E
:10FAA0002A4607E0012520462946E0F7C3FC024626
:10FAB00020462946E0F7D2FCFF20F8BDEC2F0020BD
:10FAC000F8B51E4614460D460746E0F7B3FCFF2383
:10FAD000062C24D80246C0467C4424796400A744FE
:10FAE000030D1E071E1E1400012D01D1132316E065
:10FAF000384629461C46E0F7B1FC04E000213846B0
:10FB00001C46FDF71AF9234609E001207070032016
:10FB10003070012D01D1122000E01320B070184682
:10FB2000F8BD0000F0B591B00C9316460D460446A2
:10FB3000DEF706FE0A902046E2F7D4F9012D0B907D
:10FB40004ED109960126079420463146E0F772FC13
:10FB500005780890877800200390C443D3F77FFA94
:10FB600005948440A743384600F000FB0346049602
:10FB70003540099E0B9880888104CF0FFF22002E0C
:10FB800051D0032E59D0062E00D056E20692089C82
:10FB9000A678D3F764FA059981408E43F0B200F05D
:10FBA000E5FA401EC0B20B990818007D2479002D9B
:10FBB00000D09AE00C9948710C71CE7023208870A7
:10FBC0000420487003200870002F069A00D134E208
:10FBD0000B9B9888E0490140E048081898802CE287
:10FBE0000746002520462946E0F724FC0346FF226D
:10FBF000002E43D0062E46D0012E00D01DE20692E4
:10FC00000C9EB07823280893079400D08EE03846E5
:10FC100001278088D2494A1C104200D145E10840A2
:10FC2000CE49401843E1002D00D0C8E0002F00D09D
:10FC300044E1CB49491C084344E10C9CA0781128BD
:10FC4000069200D1E9E024280B9F00D0FBE0581E6B
:10FC5000052166560097C4B2304621460A9A089D8F
:10FC60002B4600F08BFAF0B27E2800D167E17F28A6
:10FC7000049E00D07AE17F2068719FE10021204638
:10FC800014461A469FE01878C00700D09FE00692FD
:10FC9000B4480068006E0990DC7800200A90C643E2
:10FCA0001D46D3F7DCF98640B443204600F05EFAE7
:10FCB000401EC0B239180C7D012181402E79BA7BDB
:10FCC0000A40C240012A00D000E10421795E0029E7
:10FCD00000D5FCE0FA7B7F2A00D1F8E009990856AC
:10FCE00051B20F1AF8178743F6E005460EA80DA982
:10FCF000DBF7B3FC0C99CE70252088700520487086
:10FD000003200870FE2028407E28069A039B09D015
:10FD10000EA80078281A434243410DA80078854276
:10FD200000D19B1C8D714C710B7186E18E4CA047EC
:10FD30000990F678A0472246EC4321468140089876
:10FD4000C07808400899C8709047089B0494844084
:10FD50003046A043D9780143D970202105960998EF
:10FD6000A8423FD03046E840C00726D006200C9974
:10FD70000C560097EFB2204639460A9A00F0FEF979
:10FD8000E0B200217E2806D07F2807D17F20089B83
:10FD900058710B9F11E00B9F089B0EE00C9A0E46CA
:10FDA00011795279089C627140B23A460B9F3B46EA
:10FDB00000F005FA3146059E23466D1CCFE7012170
:10FDC00007981446089AE0F749FB224635E158782F
:10FDD0000C9908712320C870112088700320487086
:10FDE00008709AE0002912D1DC78D3F738F9089925
:10FDF0000978FD220A4008990A70049981408C43D1
:10FE000020460A99089A3B46F6F708F8089B002115
:10FE100007981A46E0F722FB0EE1089D2878800734
:10FE20000B9F00D4F2E00A98418F20797F220024B2
:10FE30000092019402920222FBF710FC2878FD2127
:10FE400001402970E2E0089C207880070ED50A98CE
:10FE5000418F00207E220092019002901A200222FF
:10FE6000FBF7FCFB2078FD21014021702120BE4CD6
:10FE70000A9E3146A04722203146A0472320314622
:10FE8000A047D3F7ECF8B3490968096E0022049D36
:10FE9000904206D02B4693400C7C9C430C74521C21
:10FEA000F6E7087CB873089DB0E0790308430B9926
:10FEB000888074797E2C35D11E26B5E0A74908408C
:10FEC000A54940180B9988802422B6E0B988A24839
:10FED000401E0840B880FF2710A80FA9DBF7BDFB24
:10FEE00024200C9988700520487003200870FE209B
:10FEF00020407E28069A0A9909D010A80078201A76
:10FF0000414241410FA80078844200D1891C0C98DD
:10FF1000877144710671C1700B9FB8888F49014089
:10FF2000B9808AE0F5782026002D7DD0681E284211
:10FF30007AD1D2F750FE002872D0F02071E0002074
:10FF40006871049E3046A04082490968096E0A7CA7
:10FF500082430A74BA7331E0FF5F00000080FFFF44
:10FF6000FF3F0000EC2F00205F3004100C9A9179C5
:10FF70000991D17812796A7140B222463B4600F06D
:10FF80001EF909992346481EC0B240087E2816D89B
:10FF9000484241B238461A461C46E1F7F7FF23466D
:10FFA00000280CD00246287130469840A9790143B8
:10FFB000A971002307983146D8F752FE23463446EC
:10FFC0009C40E0B20A9E31462A461D463B46F5F764
:10FFD00025FF28463146089A3B4600F0FBF8B87BDF
:10FFE0002040E840089D012810D1B88804990902F2
:10FFF0000A460C320240042A08D10843B880422045
:020000041007E3
:100000000A99085AF9884018801DB881012107987B
:100010002A46E0F723FAB88851490140B9800BE03D
:10002000FE20089B28420BD05E7018783843187069
:1000300000210798FCF781FE069A104611B0F0BD2A
:10004000284600F093F8049000200990C643D3F7A7
:1000500006F8314681400898C07808400899C87071
:10006000D2F7FDFF089B0596314681408D43DE782F
:100070002E43DE700498401EC5B23946A9400B9A43
:10008000907B0840E8400128099837D104917F2CE3
:1000900008D00B984019182140567D2801DC201A01
:1000A00000E0002058710B9E009660B229460A9A23
:1000B0001C4600F063F80C9801790029099814D0C7
:1000C00049B230462A46E1F761FF05460028099803
:1000D0000BD02571A07904990843A07100210798DD
:1000E0000A460B46D8F7BCFD28462071B0881D494A
:1000F0000140B1803246E678234609985870187856
:10010000FE21014019701D461446D2F7A8FF05993B
:1001100081408E43F0B20C9000F028F8401EC0B22F
:100120000A9E31462A46234600F054F82878FD21DD
:10013000014029700C9831462A462346F5F76EFE99
:100140007802A1880143A1801220DBF791FFDBF741
:10015000E9FF6DE7EC2F00200080FFFFFF5F00004C
:10016000FF3F0000FFE70000C11307100021002837
:1001700002D04008491CFAE7C8B27047F8B51D46DE
:1001800014460E46069F79180A7EC3B29A4215D0CD
:10019000183108701220DBF76BFFDBF7C3FF7F20FD
:1001A000F873204601242246B240E9791143E971EF
:1001B000D8F700FDA002B9880143B980F8BD10B599
:1001C000CC0701D09C182077890702D599182022E6
:1001D000885410BDF0B587B005469888C0072FD069
:1001E00014460127AF4090793840E840012827D1D4
:1001F00004915819067D06A805A9DBF72EFAFE2002
:1002000030407E2801D1002009E006A80078311A8C
:100210004842484105A909788E4200D1801C04213A
:1002200062560499498F73B2009301900292681C40
:10023000C3B200200246FBF711FAA079B843A071BF
:1002400007B0F0BDF8B50C469421655A038A428A7E
:1002500021462E3126469036AA420CD13588AB4233
:1002600009D13589C78AAF4205D1F588878AAF425F
:1002700001D1002510E03380B280C28A3281828AA7
:10028000F280828872814288F281C288B28142897A
:100290007282C089308201250878E1F759FD002873
:1002A00004D08179042905D0012908D1F088C0083B
:1002B0000E3810E00088022805D0012004E0F08804
:1002C00080080F3807E00320F188084A8918C140E8
:1002D00007480818C00882B23188914200D301460D
:1002E00071802046F3F740F82846F8BD88FEFFFFEE
:1002F000B5FF0700F0B585B01F4614460E4605460B
:10030000DEF71EFA02462846039631461646E0F707
:1003100091F8611E062973D8034630462C30C0463A
:100320007944097949008F4403036B296B2E5A00E5
:100330000078032864D10293F81C044600F063F8A7
:10034000002855D0387A01907F7A05222046029CF9
:100350002146D2F781FA38020199401882B230461C
:10036000214600F06BF802222846039C214600F04B
:1003700071F82846214600F081F841E0B87801285C
:1003800031D02A2130E03146FA310A88318FC08AD3
:100390001C4600F083F804A90191088020460294CD
:1003A0002946D2F708FE0120B87008207870032093
:1003B0003870F91C05222046D2F74EFA083702227F
:1003C000019C20463946D2F747FA228830460299E6
:1003D00000F034F82846039900F067F810E028464A
:1003E00003991A460AE02321304600F06DF807E031
:1003F0002846DEF76BF828460399029AE0F72EF8B4
:10040000FF2005B0F0BDB0B5014600791F2811D816
:10041000002002460346252A0FD007241440D508A1
:100420004D5DE540EC0703D05B1CDCB2022C03D031
:10043000521CF0E70020B0BD0120B0BDA823C15080
:100440000921490142524018817908220A438271E8
:1004500070470000B0B514460D46F2F735FB022C8C
:1004600009D80C2169434018401DE100024ACA40E6
:10047000017811430170B0BD0204080010B50C46AC
:10048000F2F722FB817F01220A4382770C2161432C
:100490004018417940220A43427110BD491C514322
:1004A00006224A43101880B2704710B50C244C4302
:1004B000DEF746F90119FF220E328B5C40241C4303
:1004C0008C5400F00FF810BD10B504462D202154B7
:1004D0004B2080002018DFF7C3FB2D34207DDFF791
:1004E0001DFE10BD88214058018804220A43028065
:1004F00070470000F0B591B00B9314460E460746C6
:10050000DEF71EF905460C9738460A963146DFF7A6
:1005100091FF0646601E062800D9D4E02F462C37EE
:100520002C46FA3478440079400087440303CC1EFB
:10053000CC2C7C003878032800D0C4E00B9F7B894A
:100540003A89F88824880021009101910294099049
:10055000014608920793FAF737FD00280C9C00D15A
:10056000B4E02046DDF7B2FFA8E00B9880782321A5
:100570000F280A4600D02A22002800D0114628461B
:10058000FFF7A2FF9FE00B98801C0890DEF7CEF8E3
:1005900009902288298FF88AFFF780FF07462820D4
:1005A000012107913154308B718B0818400810904D
:1005B000B08B0590F48B0DA80C99017110A90F91C7
:1005C0000D96D2F718FD1098308306973904091953
:1005D00004910C230B9F7B7003233B7005990F0440
:1005E00007430898604A84C0049A026058022203B4
:1005F000F16032610799490203C609980068718B5E
:100600000902083E884200D30846706110984002F3
:10061000B06028463146069A00F0A8F80C980A996E
:10062000FFF743FF4FE02820305C00280C9C45D0AA
:100630000DA804710D96D2F7E2FC494800683621F6
:10064000415C890634D53630407A400730D5F08B8E
:100650000B90B08B0990308B08906D8F41480068EB
:1006600000698021242204242346DBF70BF90028AB
:100670001ED001460B304D72089F07700795099DEB
:100680004D730B9B037100220A720322CA710A2266
:100690008A713E224A710C71079A120A8A723A0ACA
:1006A00042702A0A8A731A0A42718020DBF746F9DF
:1006B00000210C9C20460A46F2F718FE20460A99B3
:1006C0003246DFF7CBFEFF2011B0F0BDF8780028EE
:1006D00000D146E70999491E082900D30821814223
:1006E0000B9900D23DE78A8809998A4200D938E7F8
:1006F0000799F183089FB783099B338373830903A9
:100700005B02520240028DC63160EA6C0120103E4D
:100710009A4209D1AA6E91420B9F06D1288F08995F
:10072000081A411E884100E00B9F28217054099847
:1007300010900DA8047110A90F910D96D2F75BFCD3
:10074000BA892846314600F011F8022220460A9D57
:100750002946FFF77FFE20462946FFF78FFEB2E7C6
:10076000EC2F0020D82F002000030100A423C1504B
:100770000921490142524018817904220A438271B9
:1007800070470000F8B50646DEF7E8FD1C4F3868F4
:10079000C068DEF717FE002500282FD000953446EC
:1007A0002A343046DEF73FFEDAF767FF054600F0F1
:1007B0002BF8281860773868C068DEF71FFE00281D
:1007C00005D0608B401C6083304600F029F8386803
:1007D000C068DEF717FE012500280FD13868C06811
:1007E000DEF7F8FD002809D12078DEF72CFF042879
:1007F00003D104480068C00700D1009D2846F8BD19
:10080000F02F0020B0160060044800685821405EB8
:100810000D2141434031C8117047C046EC2F0020E4
:100820007047000070B50446DEF798FD2A20255C6D
:100830002046DEF7F8FD2A34074E7078012804D1EF
:100840002846DAF730FF02207070608B401C60830E
:1008500001203070032070BD0430002001480021C9
:100860000170704704300020F0B58BB01C4616466E
:100870000F460546DDF764FF0246079528460697B2
:1008800039461746DFF7D6FD3B46052E07D13D21F9
:100890001846FFF719FEFF2630460BB0F0BD0246A2
:1008A000014628313D462C352878022826D1087883
:1008B000401EFF260B28EFD80F4640007844808862
:1008C000400087440B0097009A00B400BC00C000B1
:1008D0001B011F0145015301600163010A20A07043
:1008E000012161700320207007980A461C46FFF71B
:1008F000B1FD204600F0E2FA022042E1012E05910E
:100900002AD100204870164600271D461846394651
:10091000E1F75EFAA178032950D1002863D1E01CE9
:100920003146303108220292174B984720460B304F
:1009300031462E310222144B984720460D30314665
:10094000029A114B9847153420360422204631462E
:100950000D4B9847052135E04878FF260D289BD898
:10096000E537400078448088400087440F0010003D
:1009700053015C0165018801C701D8012402EA0125
:100980002902F6010E021B0259280410BBE70B20B6
:10099000A070012262700320207002200599487027
:1009A0000024079821461D46FFF754FD284600F015
:1009B00085FA2846214600F088FA6DE7012812D111
:1009C00001273946284605AD34CD5170177100F026
:1009D0008DFA002228462146FFF73CFD2846214695
:1009E000FCF7ABF957E7079806993246DFF736FD73
:1009F0002B464CE70320387013E1A0780B2800D079
:100A000045E704203870022118461D4600F05DFAC3
:100A10000124079F38462146FCF78FF9002238460B
:100A20002146FFF717FD284600F060FA34E70B2057
:100A3000A07001206070032020700520A1E0062036
:100A40003870012185E102962546A61C0024204627
:100A500003930492FA498847069009902046F84982
:100A60008847F7490A90204688470446172068704F
:100A7000032028700894387A0002797A0904401813
:100A8000B97A09064018C01C3060049D28463330EE
:100A900000F034FA706006980006E98D0902081823
:100AA000F97B4018B06009AD681C00F027FAF060CF
:100AB000200669794018A97909024018E9790904E2
:100AC0004018306108AC6078A17809020818E17814
:100AD000090440187061029E08222846049D294698
:100AE000D1F7BAFE2035042220462946D1F7B4FEBC
:100AF00007203870012107980A46F9E0082038706D
:100B00000426C9E6A07811285BD0072859D00D2803
:100B100057D0042800D0BAE609203870E01C1146EE
:100B20000831164608221F46D1F796FE0B3431468F
:100B3000243104222046D1F78FFE2E6601210022A7
:100B40000798FFF787FC384600F0D0F90526A3E6A2
:100B5000A078112843D00D2841D0052800D096E672
:100B600001210798FCF7E9F80A200AE00620A070A6
:100B700001206070032020700221184600F0C9F99E
:100B80000B20387088E60C20387017E1A078062812
:100B900000D07CE6049200203870C34800682C2105
:100BA000405CC007C10E6F20C04348401D465A8FAD
:100BB0003979C0B2012900D012E1114600F0BAF92A
:100BC00012E1B94800682C21405C0001C04380213B
:100BD00001439020084017465A8F1A210CE0B24872
:100BE00000682C21405C0001C0438021014390201B
:100BF000084017465A8F06211D46002300F0CCF905
:100C0000284600F0FBF9284600F000FA07980699FC
:100C10003A46FCE00320059948700121184600F08F
:100C200054F90B2638E6A0780B2800D02FE60420D4
:100C30000599487003262FE6A078032800D026E601
:100C4000052005994870E01C1146303108251746EB
:100C50002A46994B984720460B3039462E310222BE
:100C6000954B984720460D3039462A46924DA84765
:100C700015342037042220463946A84768E000276B
:100C800006978C4D384603930492A847099038463E
:100C9000A8470A903846A84704210191A1700D2168
:100CA0006170032121700890E11C09A80090029650
:100CB0000826814B324698470B3408AF3846214608
:100CC000019D2A467C4B9847049C21460831009898
:100CD0003246029E784B9847774B2434214638465B
:100CE0002A469847062005994870012207980699D8
:100CF000FFF7B0FB039800F0E1F8CDE56B48006822
:100D00003621415C890604D53630407AC00600D5CC
:100D10008BE000210798FCF710F80D27C1E0059F34
:100D2000F878002876D00520A0700120607003209C
:100D300020702A660021184600F0EBF80820787031
:100D4000AAE5A078062800D0A1E50A2005994870F8
:100D500000210798FBF7F1FF9EE504920020059D16
:100D600001906870504800682C21405CC007C10E9B
:100D70006F20C04348405A8F297901290393C0B29C
:100D800034D1114600F0D6F834E01846154600F08C
:100D900035F9079806992A46DFF760FB0020059988
:100DA000487079E5204619461C4600F039F90C20B8
:100DB0000599487035E009200599487006266BE5CD
:100DC00006202146A07001244C70032008700B20DF
:100DD000059948701846214600F09BF83C705BE589
:100DE0000021012300F0D8F8069C07E00021012330
:100DF00000F0D2F8039D069C01993970284600F056
:100E0000FDF8284600F002F907982146049ADFF71A
:100E100025FB41E5204619461C4600F001F90C204F
:100E20007870204600F0F2F836E51F4800682C2163
:100E3000405CC007C00E0296154603D0192202E09E
:100E400057B904100A226F21C9434840C1B2E88D46
:100E500001905C8F1648006800690423079106938F
:100E6000DAF710FD072700281AD006460472200A78
:100E7000707230460A30303508222946DAF7A3FB73
:100E80000199080AF074B1740520F0710D20B07159
:100E90003E2070710698307107983146DAF74EFDA2
:100EA000029E05984770F7E4D42F0020EC2F002015
:100EB000D82F002057B90410592804108821405811
:100EC000018880220A4302807047882280580029C6
:100ED00007D0012903D0018840220A430280202143
:100EE00000E0402102880A43028070478821405870
:100EF0000188012212020A43028070470178427879
:100F000012025118827812048918C0780006081855
:100F1000704788228058002907D0012903D0018812
:100F200010220A430280082100E0102102880A43AF
:100F300002807047B0B50D460446C00606D414487A
:100F4000006834214056002804D4B0BDBF200440BE
:100F5000072200E017220F4800686107C90E4018F9
:100F6000006902232146DAF78DFC0028EDD0014606
:100F700005720020C8710320887130204871042058
:100F80000871280A48722046DAF7D8FCB0BDC0467E
:100F9000EC2F0020D82F0020F8B51E4615460F462E
:100FA0000446C00606D4134800682F214056002886
:100FB00004D4F8BDBF200440062200E016220E48EB
:100FC00000686107C90E4018006902232146DAF75C
:100FD00059FC0028EDD0014605728672C7710420C5
:100FE000887108224A710871280A48722046DAF787
:100FF000A5FCF8BDEC2F0020D82F002088214058F8
:101000000188802291430180704700008821405868
:101010000188024A0A4002807047C046FFFE000075
:1010200070B504460326067002252846E0F706FD43
:10103000002804D0062020711120354601E0062644
:101040000D20E670A070657070BD0000F0B5C7B0EF
:101050001F46154604460791DFF7ECF90890204635
:10106000DDF76EFBFF22062D00D962E106460694ED
:1010700049208000331834462C346D007D44AD88FF
:101080006D00AF44060010005601290056015601BC
:101090005E000799012962D108984079002800D1A3
:1010A000A8E02C2245E11446B8780E2801D0082883
:1010B00077D1F8780021089A51719071FA1CB878AC
:1010C000082806D11078000703D41888202101438E
:1010D0001980002040216CE0B878072800D18BE00F
:1010E0001F212C2800D194E0092800D0BFE00493F0
:1010F0000592FD1C0020402102902A46334600F054
:101100001DF908980079C10707D0089C20680022C3
:1011100008232946F4F739FD20798007089D07D573
:10112000E879002804D00A203856002800D5F8E0D5
:10113000049B188820210143198002990391059A84
:10114000ADE003203870089E7079002805920AD01F
:101150001B2078700798012833D02C2032E00698A5
:101160001446089AD9E0092006907870FD1C0026E4
:101170000822284631460492DAF729FA3F21012253
:1011800030462B46FBF72AFAB879F7210140B971AE
:10119000079801286FD120780228059A78D1049801
:1011A00077E0387908994871C0214843803880B287
:1011B0007A1D334600F0C2F800210698FBF7BDFD0A
:1011C000ADE02B20B8700124204600F0E9F8F8705B
:1011D000707938717D1D002118222846DAF7F7F959
:1011E0007079C0214843803880B222462B46FBF7F5
:1011F000F5F99DE009229CE02078032843D10320E3
:10120000314614461D4600F0DBF82B4622461A20D4
:101210003AE003911888202101431980089D6979DB
:101220003C798C423BD104930592C0214C43803CD5
:10123000A0B27A1D0392334600F080F82879C007E7
:1012400007D0E008F8220240286818230399F4F731
:101250009CFCEA79FC78A242069800D32246697980
:101260009142049B17D2491C697101215EE00391F0
:101270000021089D13E00698B870F87808998979DC
:101280000140F97054E01F200390089D697906E041
:101290000E20B8704DE000200390059A21461446B8
:1012A0002879C0072CD00291049309ADF821284673
:1012B000D1F75CF80898407918234343083308981D
:1012C000006800272946089D3A46F8F7EDFD286892
:1012D0000321F0F7BBFA2F60728F2879800705D4BD
:1012E000022009AB0399F4F7B3FC08E0687909A977
:1012F0000090019102200399029BF4F7EBFC049B00
:1013000018882021014319800B480068417FFD2285
:101310000A404277069807992A46DFF79FF8224647
:1013200007E06879401C687101210698FBF705FD0C
:10133000059A104647B0F0BDEC2F0020FEB5029391
:1013400001920024154D00910E2C26D02E88864245
:1013500020D3361AB7B28F421CD22606F10E0726CA
:10136000FB083740019AD35CFB40DB07264001278E
:10137000B740002B06D0029B5A1883235B00D65C33
:101380003E4305E0029B5A1883235B00D65CBE43B4
:10139000D6540099AD1C641CD6E7FEBD40750710FD
:1013A00010B500F021F80446403880B21821D2F779
:1013B0000BFA402C01D3401C00E00020C0B210BD4D
:1013C00010B50C46F1F774FFC108C9B2012909D85C
:1013D0000722104001228240601883214900435CAB
:1013E0009343435410BD0000FEB50190E320C64373
:1013F0000024214F2246002E20D0B819E621455A5C
:1014000091B28D4217D902941446E821405CFBF753
:1014100055FF00280DD0019800282246029C06D0D6
:10142000204616490840162805D0252803D02A460C
:1014300001E02246029CB61D641CDCE71048841CB7
:101440000026052E16D0258890B285420FD9174662
:10145000A078FBF733FF002808D00A480068007F17
:10146000F040C0073A4602D02A4600E03A46A41DA2
:10147000761CE6E790B2FEBD5C740710FF7F0000AB
:101480007E210410EC2F0020FEB500910646C01C02
:1014900002AD0227204C29463A46A047701DA91CE0
:1014A0003A46A047F01D01AC21463A461A4B9847F0
:1014B0000936A11C30463A46174B98472988122214
:1014C000FB290ED81B290CD302A84088134B984245
:1014D00007D8FF224832521C904201D3002200E07C
:1014E000122201A803880020FB2B13D81B2B11D339
:1014F00001AC6488094DAC420CD8E508292D09D30C
:10150000002A07D1009A1181D481938102A84088D2
:1015100050810120FEBDC0465928041090420000B1
:10152000F0B585B00293174606460491DEF782FFB8
:1015300003903046DDF704F9FF22062F00D9DDE0E5
:10154000054604469034C0467F443F797F00BF443F
:101550000309D520D5D544000498002800D18BE09C
:101560001522CBE014460298039D2946FFF78CFF15
:10157000002800D198E03046DDF7E2F849218900E3
:10158000425A40231343435230460499FBF7D5FB9C
:1015900092E002988178072900D18FE0152900D0C8
:1015A000ACE00192039F3946FFF76EFF002800D19F
:1015B00097E03846294600F0A7F838462946FEF756
:1015C00041FE012800D093E0A388E2882188688F3B
:1015D0002489009400F0CAF88AE001923046DDF7D1
:1015E000AFF849218900405A402505400498012858
:1015F00011D1002D0FD000213046DEF71BFF039CD8
:10160000A1888180E188C180304600F0EBF801219B
:10161000304622466FE00920029948700320087086
:1016200004980128039F0ED0DDF780F8818A398065
:10163000C08A7880002D06D06089B880A089F880A3
:10164000304600F0CFF8029EF11C02252D4C3846A2
:101650002A46A047B81C711D2A46A047381DF11D17
:101660002A46A047B81D314609312A46A0470498AA
:10167000012833D1142032E00192039F38462946D5
:1016800000F042F838462946FEF7DCFD012807D174
:10169000A388E2882188688F2489009400F066F886
:1016A00000213046039A26E03046DCF70FFF304633
:1016B00004992A46DEF7D2FE22461FE0052029467D
:1016C0001546FFF77DFE039A108B6081508BA08139
:1016D00030460499DEF7C2FE2A460FE01520B070AE
:1016E0000BE03046DCF7F2FE388B6081788BA0810E
:1016F000304604993A46DEF7B1FE019A104605B02D
:10170000F0BDC0465928041070B504460088A2896F
:10171000904200D310466082A0882289904200D374
:10172000104620826688E089864200D30646E6821B
:10173000E5886089854200D30546A5822E20085C95
:10174000E0F706FB00280FD0A9210901C279042A7D
:1017500003D18E4200D80E46E6828079042803D158
:101760008D4200D80D46A58270BD0000F8B50D462B
:1017700004461A4800683621415C89062CD536306B
:10178000407A400628D51F4616461548006800696D
:101790008021262204230093DAF774F800281BD056
:1017A0000146069808748F730E738D720C720722AF
:1017B000CA710B228A713E224A71009A0A71000A8C
:1017C0004874380AC873300A4873280AC872200A55
:1017D00048728020DAF7B2F8F8BDC046EC2F00203E
:1017E000D82F002080B5DCF7ABFF49218900425A91
:1017F00040239A43425280BDF0B587B00393174609
:101800000C460546DCF79CFF064628460194214617
:10181000DEF710FE04462846E0F79AFAFF23072F6A
:1018200000D97DE1049502940921490175183446D7
:101830002C347F007F44BF887F00BF4407001C001A
:1018400046006E008A0071012700910020780199FE
:10185000012900D0D4E0022800D010E10298007CD9
:10186000032800D15FE1012800D059E1022002994C
:101870000874172354E1039AD07805A98870107969
:10188000C87004981C4600F0A0F948E12E46217863
:10189000019A012A00D08FE00229029A049D00D00B
:1018A000CDE0117C022900D150E1002900D037E1C0
:1018B000162003998870032048700870D07CC87087
:1018C000107D0871012010742AE100930127049D06
:1018D00028463946F0F7C8FC0446062800D00227FF
:1018E00005A88771039AD17881701179C170284653
:1018F000DCF726FF064600212846DEF79BFD024660
:101900002C20305C022800D08DE0FF2006301082B1
:10191000062C00D1A7E02A20A6E0039A9078072899
:1019200000D1B1E02F461128049D00D1C0E0182855
:1019300000D1D3E0172800D0F2E005A900200871FB
:10194000D07888701079C87028461C4600F09BF942
:10195000E5E0039880781C4616286BD02A216AE0BF
:1019600000939636049F3846029900F01FFA617D75
:10197000384600F038FA617D029C384600F034FAAF
:10198000618820883288904202D17288914207D0C3
:101990007180308072B6A87940210143A97162B686
:1019A00072B6A87920210143A97162B60498019901
:1019B0002246DEF753FD5CE00229029A049D48D1DD
:1019C000117C052900D1E1E0002900D0A8E00093B6
:1019D0001821039B997005215970174603241C7028
:1019E000017AD970407A1871591D02223046D0F719
:1019F00033FF3C74308800283BD028460199BEE074
:101A0000022838D1029E307C032800D082E01C4698
:101A1000707C05A90871049D2846324600F0E5F95E
:101A2000002853D17BE0062C2BD105A9284600F0D5
:101A3000CCF81EE023213046FEF746FD6FE016206D
:101A400003998870032048700870D07CC870107D9E
:101A5000A5E0172003998870032048700870507D16
:101A6000C870907D9BE02320907400212846FBF7EE
:101A700064F9009B54E002220498FEF7EBFC182363
:101A80004EE00021284694E71E4605A907208870ED
:101A900000204870D0780870029F787CC870049D40
:101AA000284600F0FAF920783C46032827D02AE09F
:101AB00005A911208870D078087010794870029EAE
:101AC000707CC87028461C4600F0E7F9284631466D
:101AD00000F06CF92846019932461EE01E46D01CE3
:101AE00005AC05222146D0F7B7FE029A507C207142
:101AF00028462146144600F078F9002851D028469F
:101B0000214600F053F9284601992246DEF7A6FC4B
:101B1000334605E0049832461C46DEF79FFC234618
:101B2000184607B0F0BD1C46029E707C05A90871DE
:101B3000049D2846324600F058F9002842D0284635
:101B4000314600F033F901212846C5E700931821FA
:101B5000039B997005215970174603241C70017A64
:101B6000D970407A1871591D02223046D0F774FEA0
:101B70003C743088002800D17BE701212846FEF71D
:101B800094FCB07910210143B17172E716200399DA
:101B9000C87011208870032048700870907C08710C
:101BA000BEE7019C012C04D1012102222846FEF748
:101BB00051FC28462146FEF761FCB879102101430B
:101BC000B971A5E704203074A9E7F0B585B00F46D8
:101BD0000446DCF7B5FD0546002120460291DEF7FC
:101BE00029FC0646012001907074B878F074F878EA
:101BF00030759220285AF08103A804710396D1F71A
:101C000032FA2C20285C2C35022808D1707C3871DF
:101C10002046394600F037F80298307425E0204617
:101C2000E0F796F881787175C778B775337D0B400A
:101C3000DBB2002B19D081798B4216D0D90702D0A4
:101C4000019A114601E00221019A5B0700D50421A7
:101C5000F37C1F407B0703D4C079001F42424241FE
:101C6000009601232046F4F72BF900212046FBF7CC
:101C700064F82878022804D1002102222046FEF7C9
:101C8000E9FB05B0F0BDFEB50D460446E0F760F88F
:101C9000064628790128029014D1002520462946BD
:101CA000DEF7C8FB0746027DC37C9342019505D150
:101CB000032B02D3042B019D00D10125F07818409D
:101CC000B37814E0012120460191DEF7B3FB07460B
:101CD000AB784375EA7882750025934204D1032BD3
:101CE00001D3042B00D10125387D1840FB7C134023
:101CF000002D02D08342034607D10021002B0A4663
:101D00000AD0DA0704D0012203E0002211460DE0D8
:101D100004229B0700D50222002807D0C10701D06A
:101D2000012100E00421800700D50221B3790020C1
:101D30009A42034600D013463372F279914200D0A2
:101D4000084670722046DCF7FBFC0546FA35717ACE
:101D5000002902D1317A002918D0034642332A885B
:101D6000018F1888FEF79AFBE884317A00290FD09A
:101D7000F079009708404007C20F01232046F4F78E
:101D80009FF8317A2046F4F7E3F801E00020E88478
:101D90000298012809D02046019D2946FAF7CDFF77
:101DA000022220462946FEF755FBFEBDBCB50D4676
:101DB0000446DFF7CDFF002807D08179C0790428D9
:101DC00007D128460C30012205E0A81D0022012180
:101DD00001E0A81D002200886880009500232046AD
:101DE000F4F76EF8BCBD70477047FEB501920C4623
:101DF0000646DCF7A5FC07463046DFF7A9FF054697
:101E00002C200297395C032913D127780120042F55
:101E100030D8032F2ED06278042A2BD8032A29D059
:101E200009235B010298C3186A722F7262881A80B4
:101E300000E02F7A002F02D16A7A002A16D0002003
:101E4000032917D1697A002914D0EA79019B0093FC
:101E50003A405207D20F044601233046F4F730F8D7
:101E6000697A3046F4F774F8204603E021790120BE
:101E7000002900D0FEBD0446E97903204A0700D5B9
:101E80000146029A528FAB790091590700D503465B
:101E900080200021E0F782F9E6E77CB50E46054692
:101EA000DFF756FF04462846DCF74AFC0546B078C3
:101EB000072809D108202946FFF782FA0B20294676
:101EC000FFF77EFA1A2100E07178F078002800D040
:101ED0007CBDE6790320720700D506466A8FA37998
:101EE00000965C0700D503468020E0F757F97CBDDB
:101EF000F0B585B01C4616460F460546DEF79AFA41
:101F000002902846DCF71CFCFF22062E00D9B2E026
:101F10000346C0467E4436797600B744031AAC25A2
:101F2000ACAC3F00012F4AD1492080001C18185A40
:101F3000C105029E6CD52846314600F0A1F801216A
:101F400028463246DEF78AFA21884C480840FF22AC
:101F50005FE01E4601922846F3F70EFE00283BD0B4
:101F600028463946029A68E0A0780C2800D082E022
:101F7000E01C01920522029E31461C46D0F76CFC03
:101F8000284639463246DEF769FA608F314600F05E
:101F900089F82846314600F073F850E0164604A848
:101FA00030210180012F50D149208100585A8205EB
:101FB00047D501212846029ADEF750FA45E0284627
:101FC00039461446029E3246DEF748FA2846314624
:101FD00000F056F822464EE0E01C05220092029CDA
:101FE0002146D0F739FC31463C312046009AD0F7E3
:101FF00033FC492081007018715A0A060DD4012261
:1020000052021143018028463946FAF796FE16E03F
:102010000C228021884320802DE0012212021143EE
:102020000180708F029C214600F03CF82846214632
:1020300000F026F8284639462246DEF70FFA019AC4
:1020400019E059188022104308801020E0700C20FD
:10205000A0700620607003202070211D04A80225B6
:102060002A46D0F7F9FB03A820210180A11D2A46AA
:10207000D0F7F2FB3246104605B0F0BDFFFE00007F
:1020800010B50C46DCF75CFB0146492080000A5A7B
:10209000102313430B523C3105222046D0F7DCFBC2
:1020A00010BD000070B50C46054610480068302190
:1020B000405C000719D50E48006880690221212282
:1020C0000323D9F7DFFB00280FD00646001D294661
:1020D0002246E4F72BF80820B0710C207071042020
:1020E000307102203146D9F729FC70BDEC2F002059
:1020F000D82F0020FEB50446AE20275C01253D40C8
:10210000BA07D00F28187907C90F4018401EC0B26F
:10211000AE34267CB0420FD1019201200290D9F753
:10212000A9FB012E0AD0022E0ED1C0B20621D1F792
:102130004BFB12A0405C12E0607C11E00299084069
:10214000002D04D10CA108E0B808381A07E0019965
:10215000002901D407A100E005A1081800786074E7
:102160007100C2B2CA40032010402430FEBDC046F8
:1021700006090000070D00000B0E00001B1E272D96
:1021800036390000B0B5FFB083B00C4605468B6809
:10219000CA8889886846801D00F01AF8280702D589
:1021A000A068DBF7DAFF6846817A8900CA1D827071
:1021B000120AC27005220271044A02800C22427186
:1021C0000B31E9F74DF87FB003B0B0BD82FF0000DE
:1021D000B0B51C465B88150AC57082700A0A427049
:1021E0000170591E8A080271A589431D8AB2681CB4
:1021F00081B22046EEF711FDB0BD0000B0B5FFB0D2
:1022000083B00C4605468B68CA8889886846801D5D
:1022100000F01EF8280702D5A068DBF79EFF68468D
:10222000C17A039A120251180A4609328270120AC0
:10223000C27004220271054A02800C2242710D31E3
:1022400089B2E9F70DF87FB003B0B0BD82FF00009E
:1022500070B51C4605465E88100AE870AA70080A28
:10226000687029709889401C81B2184600F00EF8F9
:10227000B11E0A0AAA7169712871A089EB1D8AB280
:10228000801C81B22046EEF7C8FC70BD1CB51F292A
:1022900003D801AA1180406805E0406801AC2246DD
:1022A000DCF79AF82188401800791CBDB0B5FFB062
:1022B00083B00C4605468B68CA8889886846801DAD
:1022C00000F01AF8280702D5A068DBF746FF684639
:1022D000C1890A460C328270120AC2700C22027145
:1022E000044B03804271103189B2E8F7B9FF7FB027
:1022F00003B0B0BD82FF0000FEB51C461746029138
:102300000546588801909889401C81B21846DAF732
:10231000DBFD0646A089C01C81B22046DAF7D4FD59
:102320000199491F0A0A6A722972A871320A6A71F0
:102330002E713A0AEA70AF70029B1A0A6A702B700B
:10234000000AE871A0890A358AB2401D81B2204690
:102350002B46EEF762FCFEBDB0B5FFB083B00C4675
:1023600005468B68CA8889886846801D00F01CF87D
:10237000280702D5A068DBF7F0FE684641890A46C7
:1023800008328270120AC27008220271054A028065
:102390000C2242710C3189B2E8F762FF7FB003B0C2
:1023A000B0BDC04682FF0000B0B51C465B88150A70
:1023B000C57082700A0A42700170591E01710A0AC2
:1023C0004271A589831D8AB2681C81B22046EEF74E
:1023D00024FCB0BDB0B5FFB083B00C4605468B6899
:1023E000CA8889886846801D00F01EF8280702D533
:1023F000A068DBF7B2FE6846C17A039A1202511850
:102400000A4609328270120AC2700A220271054A13
:1024100002800C2242710D3189B2E8F721FF7FB0B2
:1024200003B0B0BD82FF000070B51C4605465E8853
:10243000100AE870AA70080A687029709889401C10
:1024400081B21846FFF722FFB11E0A0AAA7169710C
:102450002871A089EB1D8AB2801C81B22046EEF75C
:10246000DCFB70BDB0B5FFB083B00C4605468B6891
:10247000CA8889886846801D00F01EF8280702D5A2
:10248000A068DBF76AFE6846C17A039A1202511807
:102490000A4609328270120AC27006220271054A87
:1024A00002800C2242710D3189B2E8F7D9FE7FB06B
:1024B00003B0B0BD82FF000070B51C4605465E88C3
:1024C000100AE870AA70080A687029709889401C80
:1024D00081B21846FFF7DAFEB11E0A0AAA716971C5
:1024E0002871A089EB1D8AB2801C81B22046EEF7CC
:1024F00094FB70BDB0B5FFB083B00C4605468B6849
:10250000CA8889886846801D00F01CF8280702D513
:10251000A068DBF722FE684641890A4608328270CD
:10252000120AC27009220271054A02800C2242710D
:102530000C3189B2E8F794FE7FB003B0B0BDC0465D
:1025400082FF0000B0B51C465B88150AC57082701A
:102550000A0A42700170591E01710A0A4271A58966
:10256000831D8AB2681C81B22046EEF756FBB0BDCF
:10257000B0B5FFB083B00C4605468B68CA88898821
:102580006846801D00F01CF8280702D5A068DBF71C
:10259000E4FD684641890A4608328270120AC27018
:1025A0001E220271054A02800C2242710C3189B24E
:1025B000E8F756FE7FB003B0B0BDC04682FF000012
:1025C000B0B51C465B88150AC57082700A0A427055
:1025D0000170591E01710A0A4271A589831D8AB2D0
:1025E000681C81B22046EEF718FBB0BDB0B5FFB055
:1025F00083B00C4605468B68CA8889886846801D6A
:1026000000F01CF8280702D5A068DBF7A6FD684695
:1026100041890A4608328270120AC270072202718A
:10262000054A02800C2242710C3189B2E8F718FE8B
:102630007FB003B0B0BDC04682FF0000B0B51C46FD
:102640005B88150AC57082700A0A42700170591EB3
:1026500001710A0A4271A589831D8AB2681C81B280
:102660002046EEF7DAFAB0BDF8B50446C00628D425
:102670001F4616460D46154800686107C90E4018EA
:102680000069622203232146D9F7FCF800281AD0FA
:102690000146067385720C2048721C2008723A4667
:1026A0000027CF71072088718A73FF20487182202C
:1026B0000871300A4873280AC8722046D9F73EF9D3
:1026C00002E0862700E007273846F8BDD82F002013
:1026D000F0B5FFB086B00C4605460B89CA888988DC
:1026E0006089A689276900900196029703A8801D3A
:1026F00000F01CF8280702D52069DBF72EFD03A89F
:10270000C1890A460C328270120AC2701B22027101
:10271000054A02800C224271103189B2E8F7A0FD0F
:102720007FB006B0F0BDC04682FF000070B5154610
:102730000446059A02720498A0712371A570217055
:10274000160A6672000AE071180A6071280AE070C1
:10275000080A6070069881890A34491D89B22346A7
:10276000EEF75BFA70BD0000F8B50446C00620D451
:102770001F4616460D46114800686107C90E4018ED
:102780000069122205232146D9F77CF8002812D0CF
:1027900001460898079A069B48610A82CB818F817F
:1027A0004E810D81064848602046D9F7C7F80020C1
:1027B000F8BD8620F8BD0720F8BDC046D82F002000
:1027C000D1260710B0B5FFB083B00C4605468B6824
:1027D000CA8889886846801D00F01CF8280702D541
:1027E000A068DBF7BAFC03990A460A326846827091
:1027F000120AC2700E220271054A02800C22427136
:102800000E3189B2E8F72CFD7FB003B0B0BDC046F1
:1028100082FF0000F8B51C4617460E46054658884C
:1028200000909889401C81B21846DAF74DFB009958
:10283000C91E0A0AEA71A97128713A0AEA70AF70D2
:10284000320A6A702E70000A6871A08908358AB24F
:10285000C01C81B220462B46EEF7DFF9F8BD000020
:10286000F8B50446C00625D416460D46144800683F
:102870006107C90E40180069602203232146D9F779
:1028800001F8002818D00146067385720C204872A2
:10289000172008720027CF7106208871FF20487129
:1028A00082200871300A4873280AC8722046D9F776
:1028B00045F802E0862700E007273846F8BDC04605
:1028C000D82F0020F8B50446C0062ED41F46164661
:1028D0000D46184800686107C90E4018006961225A
:1028E00004232146D8F7CEFF002820D001460698C1
:1028F00008748F730E738D720C224A7219220A7239
:102900002B460025CD710A228A71FF224A7182224C
:102910000A71000A4874380AC873300A4873180AE2
:10292000C8722046D9F70AF802E0862500E007259C
:102930002846F8BDD82F0020F0B5FFB086B00C4671
:1029400005460B7ACA8889886089A689276900901C
:102950000196029703A8801D00F01EF8280702D5F3
:102960002069DBF7FAFB03A8417B827B1202511836
:102970000A460B328270120AC2701A220271054A8C
:1029800002800C2242710F3189B2E8F769FC7FB0F6
:1029900006B0F0BD82FF0000B0B515460446059AAA
:1029A000C271049860712371A5702170130A23729B
:1029B000000AA071280AE070080A607006988189F0
:1029C0000934C91C89B22346EEF727F9B0BD0000CF
:1029D000F8B50446C00620D41F4616460D461148D9
:1029E00000686107C90E40180069112205232146BD
:1029F000D8F748FF002812D001460898079A069B8E
:102A000048610A82CB810F734E810D810648486070
:102A10002046D8F793FF0020F8BD8620F8BD072098
:102A2000F8BDC046D82F00203929071080B540696D
:102A30000149FBF7A7FD80BDFD840710F0B5C3B0C9
:102A40000C46087969460871CD1D1034012600270F
:102A5000C0B287421FD2A81E2146083909780170EA
:102A6000681EE11F09780170A11F06222846D8F7C9
:102A7000AAFD2278AA716168E81DD8F7A4FD207824
:102A80002918227ACA7136180A360A3514347F1C7E
:102A900068460079DCE768460221C170044901807C
:102AA000711C8170F1B2091DE8F7DAFB43B0F0BD8B
:102AB000043E0000F8B51F4616460D460446C00603
:102AC0000BD4174800683621415C890627D536307B
:102AD000C07A800723D51F2202E0BF2004401122C4
:102AE000104800686107C90E401800690323214699
:102AF000D8F7C8FE002812D001460F20C872FF2068
:102B000088720F734E720D721220C8710620887180
:102B10003E204871042008712046D8F70FFFF8BD09
:102B2000EC2F0020D82F0020F0B5C5B00C46087956
:102B300002AF38710E37113401220021274EC0B286
:102B400081423BD23846093801912146093909882A
:102B500001700092FA1FE31F1B781370090A41707D
:102B6000B81FA11F06252A46B0470520205A7871B4
:102B70002178397061787970A178B970E178F9704D
:102B800021793971E179F971000AB8713846083054
:102B9000214608312A46B047A27BBA730F2021583C
:102BA00038460F30B047009A0199A07B12181832AE
:102BB00019371C34491C02A80079C0E702A80D216E
:102BC000C17005490180511C8170D1B2091DE8F71F
:102BD00047FB45B0F0BDC046043E0000C7B5041039
:102BE00070B588B00446002805D06846FF21202231
:102BF000D8F7EDFC04E0203168462022D8F7E3FC4A
:102C0000194800682C21405CC007C50E01D10C2278
:102C10000AE0164800683621415C890622D5363024
:102C2000807AC0071ED01B22122045401048006841
:102C300080690A232946D8F725FE002812D00646C7
:102C40000472093069462022D8F7BDFC0920F071D2
:102C50002220B0713E207071042030712846314628
:102C6000D8F76CFE08B070BDD42F0020EC2F0020E8
:102C7000D82F0020F0B5C5B00C46C87902ADE87178
:102C80000979297161796971A179A9710E351034B9
:102C900004270021C0B2814227D2A81F01912146FA
:102CA000083909780170681FE11F09780170281F31
:102CB000A11F09780170E81E611F09780170A81E24
:102CC000211F09780170681EE61E327802702168A3
:102CD0002846D8F778FC019930783818871DED1D03
:102CE0000C34491C02A8C079D4E702A82821C1707D
:102CF00004490180791C8170F9B2091DE8F7B0FA26
:102D000045B0F0BD043E000070B590B00446002808
:102D10000CD10D462048006864302022D8F753FCBF
:102D20002035684640222946D8F74DFC1B480068EC
:102D30002C21405CC007C50E1FD10B22122045403C
:102D400017480068806912232946D8F79BFD0028A0
:102D50001ED006460472093069464022D8F733FC7B
:102D60000820F0714220B0713E2070710420307153
:102D700028463146D8F7E2FD0AE0074800683621C8
:102D8000415C890604D5363009214056002801D41B
:102D900010B070BD1A22D1E7EC2F0020D42F0020F4
:102DA000D82F0020F8B50E46054615480068362194
:102DB000415C890622D53630C07A40071ED51446BC
:102DC000104800684069A1212B220323D8F75AFD3F
:102DD000002813D00746467205720A3006222146A3
:102DE000D8F7F1FB1320F8710920B8713E207871F3
:102DF00004203871A1203946D8F7A0FDF8BDC0469F
:102E0000EC2F0020D82F0020054800688421415C69
:102E100084308078814201D80020704701207047BB
:102E2000EC2F0020054800688521415C85308078C2
:102E3000814201D80020704701207047EC2F00200C
:102E400080B50349C97A814201D3FCF73DFD80BDBD
:102E5000702E002080B540690149FBF793FB80BDCF
:102E6000412E0710F0B58BB001930092044641202B
:102E70008500DEF785FC01466059B422A25800F0B7
:102E80006FF80746A420205A0007254694350028ED
:102E900005D40120D8F75FFD2E490140CF19264601
:102EA000B4362046F4F78DF92868698A002902D1E2
:102EB000F179012903D0C11B31D500282FD0B07979
:102EC00000282CD0288A00071ED509A900228A8054
:102ED000099202A8012343763C238376FF2383755E
:102EE000C2811D4B8382636F1C7A04768281C27516
:102EF00003910933029306920491DDF725F9B07B23
:102F0000800701D5CFF7BCFF0220F3F723F8012497
:102F1000012809D16A8A002A09D03C2108E00098DA
:102F2000076001980760022420460BB0F0BD4321E2
:102F30000A4800682C23C05C0001C043A12303435E
:102F4000B12018402B7D9A1AD3B2AA7DFFF7B2FDAB
:102F5000EAE7C046FF0F0000FFFF0000D42F00206B
:102F600070B50346012400268B42254600D3354622
:102F70008018984200D33446254201D18842F1D3CB
:102F800070BD0000F0B58FB00546DCF73DFF06468A
:102F900000F0E8F807462C46A0340895C735079599
:102FA00000F0ECF8002F36D0059000F0F3F8049014
:102FB00000250E950D953078C0090DA90870481CA4
:102FC0003146083106273A46D8F7FDFA0C950B959D
:102FD00030784006C00F0BA90870481CB11C3A4657
:102FE000D8F7F1FA069630780F270740052F01D160
:102FF000D8F785FBE37B2279029509AE0196089804
:10300000843000900BA83946CFF79FFE41087E29F7
:1030100009D8014608E0002300281E465CD100269E
:103020002680012358E001213170089A526F1368FD
:103030000D9EB34227D152680E9B9A42069E23D121
:103040000546FF3D6A1E9541032F1DD1FF281BD069
:10305000A0880125800717D50498012814D1607E27
:10306000012808D160893D4A904204D0C0B209AA23
:10307000521CFFF797FE012607980670002108985A
:1030800000F092F825E0069EA088C0071FD0052F0B
:103090001DD1304600F0B6F8012818D10A990998D8
:1030A000F4F7B2F841424141294001290FD1049877
:1030B00001280CD109AA08983146CFF7ECFF002867
:1030C00049D0D8F71CFBFF202077042540E00026DC
:1030D00026800598434243412188A27F002A17D0C9
:1030E000002917D1D8F70BFB002507980570A07FA2
:1030F000401EA077A08803210140481E814148005E
:1031000020800121089800F04FF8D8F701FB1AE061
:10311000002912D00025002B15D1607C012801D098
:103120000F4900E0462108981430DCF702FA2088A5
:10313000401E2080DCF712F905E0D8F7E0FAE088BD
:10314000401EE0800325002E02D02088401E2080F3
:1031500028460FB0F0BD0026BBE7C046FCFF0000CC
:10316000EE02000080B504480068C068DCF746F94C
:10317000411E884180BDC046F02F002080B5044824
:103180000068C068DCF742F9411E884180BDC04636
:10319000F02F002080B5EFF75FFD0248006800784F
:1031A00080BDC046F02F0020F8B50D460446B12082
:1031B000205CDCF7A5FC06462746B137F87A314695
:1031C000DCF731FBF87A3146DCF7F8FAF87ADCF70D
:1031D0001AFB2046002D09D0FEF78CFF0146F87A35
:1031E000DCF79FFA2046DCF779F901E0DCF71BF900
:1031F000DCF7B4F8DCF738F80246B87D214600F079
:1032000067F8F8BDF0B587B00446007E617E09021C
:103210000D186A1E082A00D30822A07E0490E07EC2
:103220000390607D0121284F0191B8470646A07D9B
:10323000E17D09020818002106912A46B8472B466D
:10324000029505463543214800682D21415C19202F
:10325000C20118460592B8473B4606462E430398DE
:10326000000204994718FF22F4323846069998471D
:1032700005463543781C02994843800881B20A29E3
:1032800000D80A21207F627F12021018059A0E4E84
:10329000B04705432320215C1F2008400521102250
:1032A000B047284301D006980CE020462230007831
:1032B000C00606D11E202228F5D0215C401C002922
:1032C000F9D0019807B0F0BD8D2A0410D42F00204A
:1032D000FEB514464F6F002834D0CB6B42310888BE
:1032E000851DC0B202900420064620703878C007C1
:1032F00003D02078402101432170012E14D13E4695
:1033000008363078C00703D020788021014321702F
:103310006570A01C791C06252A46D8F754F9083494
:10332000711C20462A460AE06570A01C791C062202
:103330001D46D8F748F9083420462946029AD8F79E
:1033400042F9FEBD0846A4300288500712D403207B
:1033500002408B6AC88D851DC0B202900620022AE9
:10336000C2D05042504140002070002A13D0019337
:10337000002605E00126267000200C250290019011
:10338000DEF7F8F9002804D0217820200843019BBB
:10339000ABE7019BAAE70226A8E70000801EC1B2A6
:1033A000022904D840B240000249085A7047282038
:1033B0007047C04602200410FEB50C468021415CD7
:1033C00049060CD48030218A6288521A93B2458A09
:1033D000AB4209D9207AF7220240227201E0218A09
:1033E000257B1020019005E0E069431E9841000113
:1033F00001901546002902D1207A800701D40120CE
:1034000000E0022002900E4800688827C059001D85
:10341000E28951181F260E40A9198AB2A16900F04D
:1034200011F860612573064B1868C059301801996E
:10343000029A114381701868C0593018C570FEBDDA
:10344000EC2F002010B5521E1F2313439AB2531CB9
:103450009AB29A4201D000220DE053090A46002197
:10346000541864684450091D2029F9D1116820308E
:103470005B1E1C04F2D1104610BD0000F0B599B0DF
:103480000646008E401C30862D20305C002808D077
:103490004120345CD8F733F92046DCF73FFE0426A0
:1034A000B4E2FF2420460E303018089030462C300D
:1034B0000B90354680353746AC373046E4300A90BD
:1034C000F1480068C068DBF7A1FF099000280C955F
:1034D0000D963CD03C46374614363046DBF7A3FF0A
:1034E0003046DBF79BFF2878800775D4089638466E
:1034F000DBF7A4FF064628370B980078032800D096
:10350000A2E00898DBF79AFF0546BE4213D0317857
:1035100003200A460240032A08D1890600D402206B
:10352000305C062802D10D98FDF770FD0C9A1068EA
:10353000402101431160287831780143C80600D545
:1035400088E00C980078C00600D581E08DE00494F6
:1035500005973046DBF767FF3046DBF75FFF0EACC1
:1035600000202076A0740790E07500F09FFC0646CE
:10357000C54F3868C068DBF72DFF0546401E854102
:10358000354365753868C068DBF743FF0746401E62
:10359000394681412174012D2BD1D8F7B0F80A9D0D
:1035A000A868002802D0C188491CC180E8680028AA
:1035B0000B9C09D0607DDCF72FF84000E968081803
:1035C0009421425A521C425225460EA8012484746A
:1035D0000C9A10680026DCE0D8F791F813200B99BC
:1035E00048700020089948760873087004260A9CE1
:1035F000D5E1A54908680C46C068DBF7FFFE054623
:10360000401E294681410EA8039141740C9E3178D9
:103610004909012206928A4302752068C068DBF7D7
:10362000CDFE044698480068C068DBF7CFFE002C4A
:1036300078D03078C00600D582E0DBF78FFE3068A6
:1036400010210143316080E0286840210143296056
:1036500001250DE0DEF794F80D9A516C081A6168A7
:10366000401802D4D16E8842F2D2D8F748F800252B
:103670000D98EEF7F4FA02283DD10C9880680068A6
:10368000C10615D4400636D50B98407DDBF768FFA0
:103690000C9B9868016840229143016018680821DA
:1036A000884318601320D8F7E3FCD8F73BFD22E0ED
:1036B000079500200F900E900B9D687DDBF760FF53
:1036C000687D0EA9DCF73BF82878032803D10B9816
:1036D000407DDCF74DF80C9B9868016810229143FF
:1036E000016018680821014319601320D8F7C0FC55
:1036F000D8F718FD079DBE420A9F01D0388A78820C
:10370000002D089806D02168DBF713FF00260C9DDA
:103710003C4644E13C46B868032600280C9D00D096
:103720003AE13CE169426941424242410A4324D0C4
:103730000C9A10681021884310600026069622E03B
:10374000D7F7DDFF0EA8069981740A9D0B9C079E92
:10375000A868002802D04188491C4180E8680028F8
:1037600009D0607DDBF758FF4000E96808184A215E
:10377000425A521C42520C9A06E0D7F7C0FF0EA8DC
:103780003D2606760C9A0B9C25461168202008439E
:10379000069C794279418901402398434018106082
:1037A000002C05D00EA8047E002C44D1002644E055
:1037B000079602930D981430DBF740FE06460F90F3
:1037C0000178032001400EAC0691617331788906BF
:1037D00000D40220305CE073EEF726FC20730D9AD3
:1037E000916E51660123002F09D00C990968194088
:1037F00005D01624D7F783FF0EA804761BE00C999A
:1038000089684978C907039A12D0110610D0069921
:10381000032908D13D241228ECD8194681401B48C1
:10382000014205D1E6E77078002801D03D24E1E7A8
:10383000079C002C2ED06C7004260EA8407D00281A
:103840000A9C0C9D00D09BE00D98806C002875D0E0
:1038500016A8DDF7A5FA012810D1CFF7BCF9012889
:1038600053D10B9880780E2141430948006890227B
:103870008058C06B80684018C07947E0D7F73FFF99
:103880000EA80121817459E0F02F002002000600EB
:10389000EC2F002007930D981446DBF7CFFD05466B
:1038A0000EA800218175C17410950E91200601911A
:1038B00000D141E10B980078022815D130782978A1
:1038C0000143C8060BD5DDF75BFF0D9A516C081A52
:1038D000116D401803D40D99C96E884204D2D7F7F0
:1038E0000EFF0EA8012181747478002C00D123E111
:1038F0000C9800680825054000D1A0E0CFF763F9D7
:10390000012800D18AE01C2089E001200D9F7C6CF9
:10391000169DDBF7B5FF281A7864B96C091B0818E7
:10392000059A5168814201D9081A506000210D980A
:103930008164416300F0C6FA0A9C0C9D0EA8007DCC
:10394000012803D10D99886E486604E01220D8F74B
:103950008FFBD8F7E7FBA068002802D00188491C3C
:103960000180E06800280B9F07D0787DDBF754FECC
:103970004000E1680A5A521C0A52B878CFF753FB4C
:103980000EA8807C01280AD128681021884328606D
:10399000A0680326002802D08188491C81800D98E8
:1039A00000F0BEFAF01E01281BD82F46ED68002D4E
:1039B00019D00B9C607DDBF715FE024629461031BD
:1039C00001232846EEF704F9607D0A9CDBF704FE2C
:1039D0000146203508222846CEF73EFF0020F86039
:1039E00001E0DBF7BBFC00F061FA099900290DD179
:1039F00000280BD1D7F741FE7F2804D00546FCF7FD
:103A000003FF281820700D98CFF711FB0120F6F75F
:103A1000FFFCD8F787FB304619B0F0BDFC202042F0
:103A20000DD07078001F707002200A9988711320E1
:103A3000D8F71EFBD8F776FB0EA8407B06900698B9
:103A4000032811D10EA8C47B022C0A9F18D10F980D
:103A50004078022814D10EA8012181750C9E30688F
:103A600002210143316041E00B9E307803280A9F18
:103A700016D17878002813D002200E9901434CE02B
:103A80000D98F6F767FE00280C9E1FD00B9C607DFA
:103A9000DBF7ECFE002D29D0607D00F058FA25E020
:103AA0000F9C6578CFF78FF8012801D01F20049074
:103AB000049828401FD005460D9801990167FFF72B
:103AC000A3F900281AD002200E9029E00B98007864
:103AD000032808D1272C06D10F9840780B2802D153
:103AE0000EA80121C1750EA80121C1743068802182
:103AF0000143316017E001980E9014E020788006B1
:103B0000C00F2A180D9C618F0798DEF78FFF206782
:103B1000002801D0079900E002210E91880702D504
:103B2000707DDBF7A3FE0F980078398A7982202117
:103B300001400EA88173109D01210D9C2046069125
:103B4000EEF740F822462832A76F002F11D0397ABD
:103B500009070ED5F96900290BD0854209D0954295
:103B600007D014460C9A1168029B994311602246B3
:103B700004E00EA9097C00290C9E17D0854207920B
:103B800018D095422AD07869B861397B019C3C7382
:103B90003A8A511839828AB27B889A4219D2FA89B4
:103BA0005118C90617D10068B86114E0DBF7D6FBDD
:103BB0000B9DE0E003210D9C2046EEF770F82046B7
:103BC000DBF72BFCA878272808D10EA80121C175A6
:103BD00004E0FF6904240E9820430E900D9C2046BB
:103BE00000F0C7F905462046EEF739F80EA98C7D9E
:103BF000002C20D101281ED101270D9D28463946D1
:103C0000EDF7E0FF044628462146DBF729FC207843
:103C1000800607941FD421462C46887827280C9EBE
:103C200048D002284ED1A06E0721089A5050306823
:103C30003843306046E0FFF7F5F800281BD0DBF78B
:103C40008DFB0EA8407C00280BD00D9C0C9E079984
:103C50000B9D06980AE02C462846DBF700FC0C9EDC
:103C600030E011200D9C0C9E07990B9D208520466D
:103C7000DBF7F6FB73E0002FE1D0012DDFD0012C44
:103C8000DDD0DBF76BFB8848006888214058398A13
:103C9000FA8951181F220A401018811C0D9C2046D9
:103CA0000791DBF7DDFB20463946FFF785FB6767A9
:103CB0000C9E53E00B9A907D4871D07D8871002056
:103CC0000A990882B0680068010716D4800611D5E9
:103CD0000B98407DDBF744FCB068016820229143DB
:103CE000016030680421884330601320D8F7C0F9A0
:103CF000D8F718FADBF732FB21E000201790169076
:103D00000B9D687DDBF73CFC687D16A9DBF761FD48
:103D10002878022803D10B98407DDBF767FDDBF79D
:103D20001DFBB068016808229143016030680421DE
:103D3000014331601320D8F79BF9D8F7F3F902213A
:103D40002046EDF7ACFFB06801684A0706D50422AB
:103D5000914301600899487E384348760B9D0121C4
:103D60002046DEF735F80128079904D14878002865
:103D700001D0001D48700E98810706D531780907DB
:103D800003D5687D00F0E3F80E98410706D50D983D
:103D90007830DAF7F0F9EEF785F90E98C00728D0F9
:103DA0000F984478CEF70FFF012801D01F2200E0C2
:103DB000FF2222400D9C206F42800F990B789B06BA
:103DC00002D40023037302E001230373521C4068F2
:103DD000891C00F0D4F8206F0024C4610F99097881
:103DE00003220A40017A11430172FAF7B3F90D98E0
:103DF00004670EA8C07C012845D10F980178890678
:103E000001D5032100E00221405C0EA9C8732A28D5
:103E100001D01C2803D1E88A1521089A50520021AC
:103E20000D98EDF7CFFE06460F98007830700F988A
:103E300040787070CEF7BEFF0546EFF72FF8EAB274
:103E4000C1B21046DAF76CFB0EA9897B202901D09C
:103E5000022100E003210C9D0F9A5118001FC3B2EC
:103E600052789A4200D30246D2B2B01CD7F7ABFBCD
:103E70006868016801220A4302601620D8F7F8F842
:103E8000D8F750F90B9D0EAC0D982146CEF737FFB1
:103E9000A07B202800D085E40F98807881090D98B8
:103EA00000F084F87EE4C046EC2F002080B5044882
:103EB0000068C068DBF7A6FA411E884180BDC04695
:103EC000F02F002070B5044606462C360546AC356A
:103ED000CEF781FE01280BD1B0780E2141430E4868
:103EE000006890228058C06B80684018C07900E05C
:103EF0000120DBF7C5FC09494843000A103028605F
:103F00003278032A07D1626BA36C5B009A18514385
:103F1000090A0818286070BDEC2F0020710200000B
:103F2000B0B5054641202C5C2046DBF769FB8021BB
:103F30006958002805D0480705D42046DBF710FB58
:103F4000B0BD0807F9D52046DBF71AFBB0BD1CB59C
:103F500004466946DBF767FB0098411E0091002884
:103F600002D10198401E019069462046DBF7E7FB2D
:103F70001CBD882140580088C0B2C0097047B0B548
:103F8000521E1F2313439AB2531C9AB29A420CD169
:103F90005209031D00240D591D51241D202CFAD156
:103FA00000682031521E1304F3D1B0BD70470000E9
:103FB000F8B50546DBF742FA0446012628463146A5
:103FC000EDF700FE2C21695C02293AD1844238D0F9
:103FD00028462830844205D0696F2846FFF7ECF95F
:103FE000002621E02F4680372846FFF7C2FF3978A8
:103FF000490619D4AF6F002F16D0002814D11148EC
:10400000006888214058398AFA8951181F220A40CD
:104010001018841C28462146DBF722FA2846394628
:10402000FFF7CAF96F67DBE701212846DDF7D0FE0D
:10403000002E06D16178002903D0002801D0081D88
:104040006070F8BDEC2F0020F0B58DB0002402297F
:1040500013D01D46074694370646B43601290ED1C3
:10406000707C0226002800D09CE0DDF789FBB9684F
:10407000CA43801800D495E02960264692E0039256
:1040800004950146812040000991081801227274AC
:10409000317A0170417801921143417002210291FD
:1040A0004458801C0890DDF76BFB07903546069658
:1040B00005970C203E5E28680419012E18DBB87F96
:1040C000871B781C80B225463446099E3146EFF79F
:1040D000F1FA0A90B8B2059F069A314626462C4658
:1040E0001546EFF7E7FA711EB9810A99081A04E03C
:1040F0000120D7F730FC2D4908402418A879002862
:1041000013D03B68181B7A8A002A04D0002B0CD0ED
:1041100000280AD534E0ED7943210022012D30D06A
:10412000002B069D01D000282BD4002E03DC09981B
:104130002146DEF767F908980068844202D30798A1
:104140008442B6D3012E0FDB0220E874B868001B4E
:104150007860B87E012101408207D20F891840079C
:10416000C00F0818401EA8720398046078680BA955
:104170000CAADBF70FF8001904990860029E11E001
:104180003C210B4800682C23C05C0001C043A123E4
:104190000343B12018403B7D9A1AD3B2BA7DFEF793
:1041A00089FC019E30460DB0F0BDC046FF0F0000F7
:1041B000D42F0020F0B593B00546C520285C2C46CE
:1041C00098342F46B937002859D00E46FEF7D6FF4F
:1041D000002822D0787900281FD0D7F790FA11A8AC
:1041E000DCF7DEFD606827462C46119D7B35401BC1
:1041F00038600FA90DAADAF7CDFF314646192546DA
:104200003C460E602846EC3000F060FA97214900E9
:104210007A7E032A44D00B4643E00820205E002823
:1042200058D4D7F76CFA2089002800D0DEE1DDF7FA
:10423000A7FA6168081A843800D58CE10A968120B3
:10424000400008900320B8730FAE11AB29463246E8
:1042500000F045FA07903178E07E00263246D7F725
:104260009DF90921C94309312181D0302060207B8B
:1042700080073A48099600D170E1208183E10B94D0
:104280000EA800210A9101700CA801210170B87BD1
:104290000628099101D0052820D12C463C351FE085
:1042A0002F4B042A01D0194600E0B4310227814285
:1042B00000D39CE1F0436168081800D596E12846D8
:1042C000DBF70CF9012130460A46D7F713FA00282C
:1042D00000D08CE1DBF742F8002788E12C46283536
:1042E000FEF74CFF0646FEF73DFF0890687C0A99F2
:1042F0006974A9880818A8800B9DE87EDBF700FC8C
:1043000002462889EE4988421AD1002E18D0387901
:104310001546DBF73DFA266D0027009794203946B5
:104320002A462B46DAF7E4FF01463046DBF7DDF894
:104330000B98C07E401E02281BD3E049193119E0BA
:10434000E0494018062825461BD8C0467844007925
:10435000400087440716168EBE16D100F6FF0000F7
:10436000D5020000D7F7CBF92846CEF798FE0427F0
:104370003DE14621206D1430DBF7DBF8DAF7EEFF84
:1043800035E10898002800D12AE10892286D143000
:10439000DBF754F8064600780F24044070780321B8
:1043A0000A91052C02D0032C00D046E1222800D926
:1043B00043E1821C2846C830C34B314607949847D6
:1043C0000024129411943078C00911A90870481C77
:1043D0003146083106220592BB4B984710940F9442
:1043E00030784006C00F0FA906910870481C04964B
:1043F000B11C059AB44B98470B98C37D027B286D7E
:104400000146303128302E468435009501900291C6
:1044100006980799CEF799FC316D282206928C54A4
:1044200041087E29099B00D80346316D069D4A5DEF
:104430001A434A553546716F0A68119B9A4200D05B
:10444000DAE04968129A9142049A079B00D0D5E0BD
:104450000446FF3C611E8C41032B00D0CEE0FF28B8
:1044600000D1CBE00B988089800700D5E7E00124DC
:10447000C4E0286D1446DBF731F82E6D09980090E2
:1044800097204000C630022122462346DAF730FF4B
:1044900001463046DBF729F80620B873397AF971FE
:1044A0000EAF0DAB29463A4600F019F906463978A9
:1044B0000B9CE07E00273A46D7F770F8D03020609A
:1044C0002846EEF7F1FF2846DDF7AFFE002E3ED07E
:1044D0008DE01446D7F713F9286DDAF7FFFF2D6D3D
:1044E00000210091942022462346DAF701FF01467D
:1044F0002846DAF7FAFF75E0387AF8712E6D0998D8
:10450000009097204000C63002211346DAF7F0FEF3
:1045100001463046DAF7E9FF0420B8730EAE0DAB62
:104520002946324600F0DBF8099031780B9CE07E9A
:104530000A9F3A46D7F732F8D03020602846EEF787
:10454000B3FF2846DDF771FE099800284FD15C487B
:10455000C01D20814BE00020387347E007990029F7
:1045600048D0E07EDBF7CCFA02462E6D01200090A9
:1045700097204000C63002211346DAF7B9FE014603
:104580003046DAF7B2FF08982818089028462830F5
:10459000DDF73AFE064628463C30DDF735FE002EB4
:1045A00002D0797BC90704D1002805D0787B800729
:1045B00002D52846F2F7E9FD099838733879089A48
:1045C000107050780121014351702846DDF72DFE0F
:1045D000286DDAF783FF60680A990860022706E011
:1045E000D7F78DF80B99C889401EC8810327384634
:1045F00013B0F0BDC01D40E6049A079B0B99888953
:10460000C00717D0052B15D11046FEF7FBFD0B99FF
:1046100001280FD1296D886AC96AF2F7F5FD414278
:104620004141214001290B9904D10CA92846CEF71C
:104630003AFD51E6C889401EC8810A9FD7E7286D18
:10464000DAF7F1FE0520B8730EAA0DAB294600F08B
:1046500046F8002813D01A48801D0B9C20812E6D2F
:104660000120009097204000C6300221089A13468E
:10467000DAF73EFE01463046DAF737FF03E010482E
:10468000C01D0B9C2081DAF769FE0EA80178E07E40
:1046900000221646D6F782FFD03020602846DDF78C
:1046A000C4FD3878012807D12A6D0698115CA07CDA
:1046B0002832521CFEF776FB374698E7D5020000F9
:1046C000F6FF00000700FFFFC7B5041010B5044651
:1046D000F7F7B6FE206A833800D2002010BDF0B58F
:1046E0008FB01F460D460446FE202040082803D107
:1046F000AE6FE86F08360DE020460A38C0B2802859
:104700000AD80AAE284621460792324600F01EF823
:10471000079AE86F012309E0601FC0B2022801D3A5
:10472000282000E03C202E1800232846A421415ACE
:1047300008A8059009A80490039702920196009595
:1047400000222046F6F706FA0FB0F0BD10B5144669
:104750000A39C9B2EEF729F90021002803D00278FE
:104760004068012302E00B460A460846A160E1606A
:1047700061742374E280A180206010BDB0B5002474
:10478000E5430C49891C042D12D08A1D6D1C098833
:1047900081421146F7D1101F0078F8F78FFD0028ED
:1047A00006D005480068007FE840C00700D001241B
:1047B0002046B0BD7E210410EC2F002080B540695A
:1047C0000149F9F7DFFE80BDD38C0710FEB5144612
:1047D000054602910190002A02D07F20C14300E0EB
:1047E0000221184800683622825C920601AE002A37
:1047F00026D53630C07B000722D502200840800035
:10480000114A126810180069C9B23F2203230091AF
:10481000D7F738F8002813D00746711C0572093005
:104820000622D6F7D0FE3420F8710920B8713E2058
:10483000787104203871FC7300983946D7F77EF8F8
:10484000FEBDC046EC2F0020D82F002070B50446D6
:104850000C48006890214558483526460E360522FA
:1048600030462946D6F7BAFE00280AD0052230463F
:104870002946D6F7A8FE0120E0726A20205A0A30A5
:10488000A08170BDEC2F002070B584B00C466F2164
:10489000415C866F002907D06F304179002901D033
:1048A000491E00E00179417110480068C068DAF7DC
:1048B000ADFD0325002815D03046083000F018F86B
:1048C000307800280ED101A8DCF76AFA0198CD30C3
:1048D0002060706803A902AADAF75CFC2168081A54
:1048E00020600125284604B070BDC046F02F00208E
:1048F000417C0022427482885118818070470000F8
:10490000B0B50446856F10480068C068DAF77EFDD0
:10491000002802D02878002806D001202870083509
:10492000284600F013F8B0BD6C20205CA17ADAF7BD
:10493000F8FE20461430F6F797F9A07209212046B8
:1049400000F007F8B0BDC046F02F002000218180A4
:10495000704770B58AB00C46054609AA08AB0846F0
:104960002946FFF7BCFE687A00280ED003AE284621
:1049700021463246FFF7EAFEA988009501960022FB
:1049800001232046EEF7AAFD1EE028466F3001788D
:10499000002901D0427800E00022E86FB321405C9A
:1049A00009A90978D6F7FAFDCD30AE6F7060A988F5
:1049B0003046083000950190002201232046EEF792
:1049C0008DFD4142414131700AB070BDF0B593B0E8
:1049D0000746846F00F032F9064600F03BF90028E4
:1049E00004D000F043F94542454100E00025002E87
:1049F00014D0DAF7B3FCFD6F32203E21EDF7E2FF71
:104A00008C4941430E0AB320285CFEF7C7FC3118DD
:104A100024342046DAF78DFD002008E13E46274683
:104A20004037D6F76CFE002108AA07AB0596304642
:104A3000069100F027F9002D00D1AEE0DBF7E4F994
:104A4000064600780F210140082900D0A5E07078C3
:104A50000E2800D0A1E0B0780D2800D09DE0F078BD
:104A6000C10700D199E0800700D496E006980D9028
:104A70000C9030784006C00F0CAD2870681C311DBA
:104A80000622D6F7A0FDCEF7EBF90490012811D14C
:104A9000287801280ED10CA88079C0210140402936
:104AA00008D1654800689021405880685D21405CCD
:104AB000002872D00BA83D460C3500900195234686
:104AC0005C330CA8032100220392CEF749F9FF289A
:104AD00063D0287003980A9009903078C00909A91A
:104AE0000870481C0A3606223146D6F76CFD049839
:104AF00001280BD1504800689021405880685D2102
:104B0000405C002802D02346443301E0234654335E
:104B100038790BA909780090019109A80321002692
:104B20003246CEF725F9FF2837D00598856FC16F3B
:104B3000A220285CF243334604960CAE3281FF2259
:104B4000069202323282F3730222B281AA22895C77
:104B5000B1724021695CF172294640310C310D91EE
:104B6000294664310C91DAF775FDB0748820285815
:104B700011908C352846DCF772F9DBF7E9FCB0734D
:104B80003046DCF775F90598417A2046049A1346B9
:104B9000DBF784F80698787048E02646A23405983A
:104BA000407A04903878DBF7AEF8FF253D70207826
:104BB000DBF7B4FA059630460499069C2246234654
:104BC000DBF76CF87D7009A98C8009943A7D0CA8FC
:104BD00044763E2383768575C481E34383823B46D6
:104BE0000D330C933B7B0376022313400D4601D01B
:104BF00015373D46059C22467C320E95002B01D090
:104C00005D3421460D91117853781B02591881812A
:104C10009178D3781B025918018211795279069B39
:104C2000C375120251184182DBF78EFA042013B0CB
:104C3000F0BDC04671020000EC2F002080B5044892
:104C40000068C068DAF7E2FB411E884180BDC046BB
:104C5000F02F002080B504480068C068DAF7CEFB6A
:104C6000411E884180BDC046F02F002080B5044819
:104C70000068C068DAF7B6FB411E884180BDC046B7
:104C8000F02F0020F0B591B00B930A920646006D0C
:104C90000790706D10906A200890305A0FAC2080F9
:104CA000707AB76F01280C9002D83046503000E07F
:104CB000381D0068069030466A3080780990D6F733
:104CC0000DFD0590A4203D583046FFF7BFFD0DA80F
:104CD00004900EA80390029410A8019006980090EA
:104CE0000598401B29460C9A079B00F028F8089865
:104CF000315A079125883552109870650E9CFC63D7
:104D00000D987874304600F04BF80798A8420FD001
:104D10000998DAF745FCB96B0C9A00920190029160
:104D200031461431012309982A46DAF7B7FDB072EB
:104D30000A9804600B980460022011B0F0BDF0B531
:104D400085B01F4603920B9A049212680292891A48
:104D50000C1820461946CEF737FD05460A9E301935
:104D600001976F43F94308183146CEF72DFD0C9992
:104D70000A885319029ABC180E9A0D9D039FB842D7
:104D800002D24643A61904E0019826185B1C0020B5
:104D90003446049F3C600B802E60107005B0F0BD5F
:104DA000F0B581B00446C07A00281ED02646603691
:104DB000A0897189814218D30020E072307B25469A
:104DC0000E352946DAF76BFC377820465C30052231
:104DD0002946D6F7F8FBE02038403178014331709E
:104DE000143420462946DAF70DFA01B0F0BD000070
:104DF000F8B50F4606461C4800683621415C890616
:104E000004D536300D214056002800D4F8BD1C468C
:104E100015460C2058430830830814480068406940
:104E2000A1210522D6F72EFD0028EFD001460698D5
:104E3000CC724F720E720E4A4A606A426A418A729E
:104E400000221546AC420AD08E18FF2737822B1855
:104E5000F373B773074BB3810C326D1CF2E7A120DB
:104E6000D6F76CFDF8BDC046EC2F0020D82F0020EF
:104E70006B8507107F7F0000F0B59BB00D93154642
:104E80000F910E90DAF7C0FF0027012200920192E5
:104E9000029711AE109031463B46DCF711FB6C4295
:104EA0006C41357DD6F7E9FB0C90FBF7ADFC24494E
:104EB0000A683621515C890640D536320D2151569B
:104EC00000293BD5717B08913F21CB430B90109A71
:104ED0009178C943194350784018317C0991C0B288
:104EE0000A90401E032101431531880883B21548FA
:104EF00000684069A1210522D6F7C4FC0B9900285F
:104F00001CD006460C9840181099089A8918C0B20F
:104F100000950190099802900D98039004970A98C3
:104F200005900691301D0E990F9A234600F00EF859
:104F300005487060A1203146D6F700FD1BB0F0BDDA
:104F4000EC2F0020D82F0020752C0710B0B5144688
:104F5000099A4273089D0573079DC572069D857267
:104F6000059D4572049D05720125C57183714471CB
:104F700001710346143303610A991846D6F723FBDF
:104F8000B0BD0000F0B593B01C460746012923D1FF
:104F9000154601213846DBF74DFA0646062D26D187
:104FA0003846D9F7CDFB4221435AC26C416CB07AE6
:104FB000002816D005A80EC0F088DAF73BFE0028BE
:104FC00015D00546007A002811D0012817D10121FB
:104FD0003846F7F7B2FE0FE020463946CDF71CFF02
:104FE0000AE000943046CDF711FF002804D00121DB
:104FF00038463246DBF732FAFF2013B0F0BD2946BF
:105000005A310291308908AF38800888B880E86F3B
:105010000490B81D29465C310522304EB047384611
:105020000B302946613104220192B04738460F30D7
:105030002946653103220392B047049B1846B330DA
:1050400040793876029EB179E0220A40596F0B7898
:10505000DB07DB0E034313433B7638461A30491C0B
:1050600006221E4B9847019A308AF882B321049B8E
:10507000595C032900D00A467A7606994900059AB8
:1050800089184A426B6D991803D5296DCB18401CBD
:10509000F9E708AA079B13845082981C9082901C01
:1050A0000022DAF74BFD687A0399217000280BD0B3
:1050B0002A20A0702B20607008A922312846CDF745
:1050C00089FE6078421E04E01C20A07023206070DE
:1050D0002222E01C08A9D6F776FA8DE7C7B504109E
:1050E00080B540690149F9F74DFA80BDAD930710CD
:1050F000F0B585B003910546B120285C0490B0203E
:10510000285CEC6EAE7D2F46AA37002801D0397896
:105110000FE0284672300288A86D002300930190AA
:105120000293294684313046DAF7B8FB0146012064
:10513000B8713046DAF7F5FA0B484443210A0918EA
:105140000498032801D04B3102E0FF2014300918E5
:10515000039C28463030DAF7ECF92846214600F067
:1051600005F805B0F0BDC0467102000070470000B0
:10517000F0B5DBB0089106468C480068C068DAF7E5
:105180003DF9FF22114602310DAF3981099211021A
:1051900079807221715A398000240E943146703121
:1051A0000A913546AA3500280C960B9533D03D461A
:1051B0000935DAF729FE10AE802131731AA9119151
:1051C0000121009101940791029131462246234624
:1051D000DCF776F90C98314622462B4600F0E8F8C9
:1051E00002281FD000280C9E0B9D5CD1B81D059095
:1051F000BF1C287A00F02AF9A979012904900697A2
:105200001BD1F0650220A871EC7010A841890A9AA0
:105210001180007D15E0A87901280AD10DA8002190
:10522000417240E00B9D68794021014369710C9EF9
:1052300039E00DA80221017135E010A8007D7F281A
:1052400000D028732F4610AD2A7B1199304600F00C
:105250000AF9687B0DAD68711498E8703A7A059880
:10526000069900F047F9E871706EB0661099002950
:1052700015D0787ADBF7A0FDF0660DA90C72079ABD
:105280000A7110A9C97B39701099049A89184008CD
:10529000081A089A10603046FFF72AFF02E00798C4
:1052A000B874F4663D46687940060DD40DA8007ABE
:1052B00041424141C900327DF723134059183175ED
:1052C000002803D0032702E0042700E001270DA8EF
:1052D000407A002866D0304600F00EF968798007E1
:1052E00060D50797412086001AA83146CDF73EF8D1
:1052F00000F07EF90DA909790229089001D1022751
:105300000CE0DAF781FD014644780DAD6F791AA8FB
:105310003246D6F758F9E01B841C2F79E5B208987D
:10532000854200D90127D6F7A8F90646FBF76CFAA3
:10533000014610A8C772099A0272089FBD423A46F8
:1053400000D8224609928272711841730B99097B29
:1053500001730A99498981800DA9CA7842720D9A10
:10536000C28049791AAA51181091CDF7A1FDBD420A
:105370000ED910A80E99C172E11B81720DA949794D
:105380001AAA5118099AD2B289181091CDF790FD36
:105390000DA9CB788A79C879897800910C9900F0A9
:1053A0003DF9079F38465BB0F0BDC046F02F0020A6
:1053B000F8B505464F20285C01271F702C46703435
:1053C000AF35002A009102D16A78012A0CD1CA7C3B
:1053D000FF2A04D0824204D12878400714D4002444
:1053E00019E00124002714E026880024164A96427A
:1053F00011D04A89B2420ED0C97C002481420AD021
:1054000001202746044604E048892188002481427F
:1054100001D1002018701E46DDF7E8F8002F10D0EB
:1054200001280ED1287800070BD50098007CFF28B2
:1054300000D104206979C140C80702D00020307033
:1054400002242046F8BDC046FF0F0000BCB5DAF7C5
:10545000FAF8044601A8DBF7A3FC019D2046DAF721
:105460000FFA281ABCBDF0B587B00490002A3FD0CF
:105470000C46049807467A370146B3310691511E0F
:10548000059101467C310291743001900120002683
:105490000397C0B2205C28280BD0F5B22C281FD16E
:1054A000601906990B780499CA6D398800F0B7F82D
:1054B00016E0012006998871F5B22F19F91D022214
:1054C0000198D6F780F8B91C039F05220298D6F7F9
:1054D0007AF8B8794109069A11701F210140B97113
:1054E000605D3018461CF1B2481C059A8A42D0D83B
:1054F00007B0F0BD00207047F0B58FB00746AF2071
:10550000385C00076FD53D4648353C46AC34DAF789
:1055100069FFFF210490018109A8002606736179C3
:105520008173E179C173698E4181E178F7220A4084
:10553000E270E9790174297803914173396E490A5F
:10554000C180681C0990CDF751FC012831463346D3
:10555000304610D102957D6C6E202E5C286E23495A
:10556000CEF732F90190686E7D21CEF72DF9019BBF
:10557000E96D029D490A09AA1075D3749174567495
:105580002078FF2820D0D9F7DBF80446CDF768FC57
:10559000012811D1B86CF96C05AA009206AA07ABD4
:1055A000D9F706FD002807D002200799014309A872
:1055B000417307A8401C0990618F09A88180298E3A
:1055C0000181CDF779FC0EE004980C30F6F7C4F8B1
:1055D000E07B002804D002200399014309A841730D
:1055E00009A8CDF76DFC0FB0F0BDC046E204000085
:1055F00080B5CDF7FBFB002809D0074800683621AD
:10560000415C890603D53630407BC00601D4F720C3
:1056100080BDF42080BDC046EC2F0020704770474D
:10562000F0B5E7B00546E64C2068C068D9F7E6FE5D
:1056300007462068C068D9F7E9FE11AE0021B171B4
:105640000F91B180FF22110271807221695A31805D
:105650006C6C6F23E15CF171DA491391294670316A
:105660000D911095AD35002F0E957FD00B930C92B8
:10567000DAF7CAFB074600780F210840052800D05A
:10568000A8E008912E46109D6C6C7079DAF7BBF893
:10569000079430342046D9F7C6FED9F75FFEB078BC
:1056A0000990A86CE96C279126A90F9ACA712690D7
:1056B0001D921C9238784006C00F1CAE3070701CD2
:1056C000B91C0622D5F77FFF0A973F78CDF7C8FBB4
:1056D000012812D1317801290FD11CA98A79C02162
:1056E0001140402909D1B8490A68902151588A6867
:1056F0005D21515C002900D118E10690089807400F
:105700001BA8029015A8019026A800901CA80122B1
:1057100039460F9BCDF719FBFF28109F0E9D00D136
:1057200006E108941BA80F9000780027012215AB12
:1057300039460392CDF780FB0A990C781997E60950
:1057400019A806701A970590401C08310622049289
:10575000D5F739FF179717AD2E70189760B200284C
:1057600000DB92E0E54801684F3190E0002871D0FD
:1057700026466F36707AD8F7E3FF0F9011A8002104
:105780000B91C172109DA87D0C90DAF73DFB26AFFE
:10579000FF21B972012212023A820B9AFA73043184
:1057A000B9810D9949893981717AF97248352795FE
:1057B0000E9D26900C98D9F74DFFB87441200F9993
:1057C000085CB8733846DBF753FB30342046D9F712
:1057D00085FE52E030460B300B90F5F79FF83846C7
:1057E0001CAF8021397326A91D91012400940194D6
:1057F0000F9A029239461346DBF762FE109839463B
:105800000A9422460B9BFFF7D3FD022837D00028CD
:10581000109F00D0E5E0B01D0690B01C079068799D
:105820007E6C34466F3408967436FFF70FFE0146DF
:10583000E87801280B9609944AD10F982870022025
:10584000E87021986872119830802078002844D13F
:10585000F96542E00C92F5F761F8A87800070CD4DE
:1058600011A8FF2101712E460125109F38462946B7
:1058700000F048F9B41CB678BFE0AE7837E1A878FC
:1058800040210143A970109FABE09D480168681C4E
:10589000049AD5F798FE1CA905982A460F9BCDF7C8
:1058A000C7FA0246FF3A511E8A410F92FF28109F05
:1058B000089C3CD0069801280E9D39D11BA8007881
:1058C00017AB039E31463246D1F7F6FB0F962FE019
:1058D0001CA8007D7F2800D068721CAE327B0C466D
:1058E0001D993846FFF7BFFD0A98E87311AF0F986E
:1058F0007872707B78712098F8706A7906980799A9
:10590000FFF7F8FDB872109F08990C678C6509982D
:1059100000780B9A9070496C085CD07070890D9972
:105920000880786EB8660F98F8665AE0109F0E9D52
:10593000099800074AD40F98002847D06879FFF7E4
:1059400085FD0B99079A515C002900D1F865906597
:105950000024786EB866FC660A98FDF753FC05468D
:10596000B86CF96CF1F750FC012D0E9D36D1002872
:1059700034D1D9F779FC0546082028701798C0075C
:10598000400E083028700321E9700D21A9700E2106
:1059900069701599C9010818287017A8411C281D9D
:1059A00006263246D5F70FFE15A8411C0A352846B3
:1059B0000E9D3246D5F707FE11A804720EE0C046D0
:1059C000F02F002001010001EC2F0020F4F7A6FFCA
:1059D0006879D9F7DDFE2046D9F780FD11A80021AE
:1059E000C17211AC617A384600F08CF8AE78294665
:1059F000257AE07A002878D08C1C3846FFF77CFDA9
:105A00002078800771D511A8C079796C4831CDF71D
:105A1000F6FE002869D04120870026A83946CCF739
:105A2000A5FCFFF7E5FD11A90979FF290F9012D018
:105A3000DAF7EAF9014640780C9011AC60790B90E6
:105A400026A83A46D5F7BFFD0F980C990B9A891AEC
:105A50008A1C217901E000220C99D4B284420B9275
:105A600001D80C9101E001200C90D5F706FE074605
:105A7000FAF7CAFE01461CA80C9AC2720F9A944209
:105A800000D80B9A0C928272791841730E99497A58
:105A900001730D994989818011A9CA784272119ABE
:105AA000C280CA790272497926AA51181C91D1F78D
:105AB00059FD0F9A94420FD91CA81299C1720B99E3
:105AC000891A817211A9497926AA51180C9AD2B261
:105AD00089181C91D1F746FD11A9CB788A79887A6B
:105AE000897800911099FFF799FD002D00D00325CA
:105AF000700600D50425284667B0F0BDEC2F0020C5
:105B0000D42F0020B0B50D467221415A446C6F204D
:105B1000225C20467C3000F027F8FF2821D0002DA1
:105B200006D00C21414360187C30D5F721FEB0BD72
:105B30002146DD3108700C21414360188321405C0F
:105B4000216E626E4243501800022721C90040189E
:105B50000449CDF739FEA16D411807222046D5F73B
:105B6000DBFDB0BD71020000B0B50023FF24082B9F
:105B70000AD08579954202D00C305B1CF6E782880A
:105B80008A4202D0D5F7F4FD2346D8B2B0BD00005A
:105B9000F8B5466C7720345CDC25705D3146DC312D
:105BA0004F78D9F730FE705D2146D9F7BAFD0C2049
:105BB0007843301801467C310C7AC56F6C20365A18
:105BC000D9F752FB07210170710605D4611C4170A1
:105BD0000321002202230CE002218170E11C4170AC
:105BE000C17840220A43C270064909684A790521F2
:105BF0000423C254401829462246D5F7E4FC01206C
:105C0000F8BDC046EC2F0020F0B589B00546466CC3
:105C10006F20325CB0202B5CEF6E2C46B034617884
:105C20000891A078002B1AD12B46723331466E3181
:105C300005921A8804920A78A96D0790736C0092F5
:105C40000191029329468431012006900798049A15
:105C5000069BD9F723FE0798059A06992170716C67
:105C6000895CD9F75EFD0B484743390A0918089843
:105C7000032801D04B3102E0FF20143009182846D8
:105C80003030D9F756FCE96D2846FFF76FFA01204E
:105C900009B0F0BD71020000F0B58DB00993174650
:105CA0000E46044612980A9080002518D5F716FD76
:105CB00001461E31A8230B95E9500D46FF21DA312C
:105CC00061182246B032022E11D0012E3CD11E2185
:105CD000C943081AF4210B9A51584018DC21515835
:105CE000401800D5A8E0099805600026A5E0C8790D
:105CF000052101400026052900D19EE017463020ED
:105D00000A9D68432018807D0C90D9F779FC002803
:105D100000D092E0F4F702FE3A682046294600F0EF
:105D2000EDF8386071494143090A0B9CA06ED9F720
:105D300000FCA06ED9F777FB0C98D9F729FDD5F7B1
:105D4000E7FCD9F70BFB78E00393049108920697E0
:105D5000872040000B9F3946A8310C9130210A9AC8
:105D6000514362189169CB43EB1803D5D26855189B
:105D70000C990D60201805901E200190C0430795D6
:105D8000E943081ADC217D5846191E3EF420029092
:105D900039583A46EC323846F430002377187F1EE3
:105DA00005D569180023136001600123F6E7E42696
:105DB0000B9FBE591768FF43F61904D569180023D5
:105DC000136001600123069FCD43079E751902D51C
:105DD0000C9D296007910025156008990E6D002E15
:105DE00007D00899C96C8E19079FFF43F619069FC3
:105DF00026D4002B059E03D020460A9900F09EF879
:105E00003078FF2812D0CDF762F9002801D00326A0
:105E10000AE0012608E0A80020189C2140580C99AF
:105E20000968DBF7D3FC6D1CAE42F4D80C9A1068FD
:105E30000999086010683860022630460DB0F0BD40
:105E4000089B5B6D002B20D05918089EF1641560EB
:105E500001210A9A514089006118EC228D50F26CA0
:105E60000C9B1A60F26C039BCA50F26C0260F06CDF
:105E7000029A8850049800780228059EBCD14520DB
:105E800080002018F1F7EBF9B6E7194800682C21DB
:105E9000405CC007C10E01D110220BE0154800681C
:105EA0003622825C01269206C7D53630C07AC007FA
:105EB000019AC2D04E20C04341400F48006840695B
:105EC000CCB2012621463346D5F7DCFC0028B4D0FD
:105ED00001461120C87101268E713E2048710420B0
:105EE00008712046D5F72AFDA7E7C04671020000D9
:105EF000D42F0020EC2F0020D82F0020B0B514465E
:105F00000546302048432818FEF7E0FBA04200D8A1
:105F10000446FF200830844201D20020B0BDE00AD0
:105F2000204601D00120C0020F214901695C0522F1
:105F30000A40052A00D020468338B0BDB0B5FF2204
:105F4000E032825C40182121CB00C15CC018002ADD
:105F50000FD00323DB4325395B1C0FD2491CCCB285
:105F6000032C00D10021CCB21546E540EC07F3D05C
:105F700004E02439CAB2032A00D10021253101707E
:105F8000B0BD0000F0B5CDB011910746F44C2068CB
:105F9000C068D9F733FA12902068C068D9F736FA8A
:105FA0001390FDF7F7F80546DBF7BEFC5A210024F5
:105FB0003E467C54FF231946DC31425CBF27174024
:105FC000475444AA002D5DD01093314654360546FF
:105FD000034698331398002809D01868001DD9F794
:105FE00022FAD9F7BBF9B078401CB070E4E008465B
:105FF0000F960E91ED2149006C18129800280D950E
:106000002AD00A920B93D5F740FBE17903220A408C
:1060100080001018E071D9F7A1F92F6EB87839789F
:10602000139100230F998B7136A97F228A82109ACF
:10603000CA7436938021399114A937910F218006B3
:106040000C9425D0F878C007129125D10F98C0790B
:10605000002829D0002435E00F9DAA780221012ACA
:106060000AD0042A08D0032A05D10D981E4600F054
:10607000ADFA334667780021A971780702D4002071
:1060800058639863D5F73BFB042000273E468BE01E
:1060900010931E460F9D48E001200F99C8712846B5
:1060A00000F0BEFA04460DE000214591109844909E
:1060B000227844A8009101900346D8F7C3FFFF3827
:1060C00044424441F8780026800704D410960D9A83
:1060D0000F9D129912E0002C0D9A0F9D129904D079
:1060E000B8788309012010900CE034A9104600F024
:1060F000EBFA12990D9A044601201090B8788309A2
:10610000002C12D00C98007A00280AD1D432104604
:106110002E461D46CCF7D8FE2B4635460C99087204
:106120001299002800D000242646139A0A40002E17
:1061300023D1072A21D113921293A8780026019621
:10614000009641424141C01E424242410A430292EE
:1061500036AC3846214632463346DBF7B1F9E07CAF
:10616000FF2808D00F98008836A909898142129B20
:10617000139A02D008E0129B139A002E0CD1002B28
:106180000AD0082A0E991AD1A878012801D004282B
:1061900005D10220A87102E0002E0E9914D0F4F768
:1061A000BDFB042001260027002E01D1044600E09B
:1061B0000124002F00D1044620464DB0F0BD072A2F
:1061C00002D1A8780028E0D116461293887ED9F72C
:1061D0003AFA04460127AF71042801D0214600E0B5
:1061E0000221072E4ED10E9834300890369A501E58
:1061F0001346834109930792002A58D0F4F78EFB87
:1062000044A8DAF7CDFD36A81390807B06214143E0
:10621000C8B23699DAF7D0FD0646EB487043C0099C
:10622000059044980A902046D9F72AFB06907D20D5
:106230000001059909180B9C2068369A0592001DEB
:10624000D9F777F97008069940180A99059A8918BC
:10625000081A119908601398C07B68710E9800F0B5
:1062600085FA2068001DD9F739F9A878002104289B
:1062700048D003280D9C49D00126002800D1AE70DB
:106280000B460EE13446F4F749FB0020A8710126C5
:10629000082C09D1A87806280C9B03D158784021F6
:1062A00001435970314681E131460C9B7EE1A8786B
:1062B00000220028139213460D9C43D1002312980C
:1062C00000283ED0E878201885225200805C012802
:1062D00037D134A800780C9A527852071BD4129AFE
:1062E000022A3B462DD1FD283B462AD0012200261A
:1062F0002046334600F064FA0D9C00283B4620D02F
:1063000002201BE0012633460D9CCAE00420A87041
:1063100001263346C5E0129A012A3B4611D1FD28D9
:106320003B460ED0002601230D98324600F048FA75
:106330000D9C00283B4604D0AE710520A870334662
:1063400049E0A878801E042813D8C0467844007914
:1063500040008744020707190200002616E0C046E5
:10636000F02F002020461C4600F0B6FA23460120FC
:1063700013901193F4F7D2FA0D9C0126119800287E
:106380003146139B07D08CE00026AE71002B3346BC
:10639000314600D085E036A8407D00281BD0E87942
:1063A00000281AD02046B5300179427912025118DE
:1063B00040AA9180B521615C42781202511882781E
:1063C000C078000280180004401840902046BB307E
:1063D0000B9A147F1AE0314663E00E9C204635305C
:1063E000017942791202511840AA91803521615CED
:1063F0004278120251188278C07800028018000496
:10640000401840900899C81D0C780B9A13930A996C
:1064100020310A91FF2C19D114460D9B1846D53016
:10642000017942791202511840AA9180D521595C14
:106430004278120251188278C07800028018000455
:10644000401840903C20245C1846DB30039436AB67
:106450000593D97C119100780690187B379942AA50
:106460000492CCF74CFD0A9948700020087044ACA7
:10647000039820762879E0750498469005981630A0
:1064800045902046193040A90622CBF753FF1198BA
:1064900006990143E1772046CCF71AFD31460D9C61
:1064A000139B119129882046099A139300F039FA19
:1064B000002803D00020A8710C9B6FE02246089CA6
:1064C000E07D17210140E175106E0A90E9781046D1
:1064D00000F06BFA207629790D9800F07CFAE076CE
:1064E0003B98A076D5F7C9F80546FAF78DF90A9AD0
:1064F000281860769078C0210140802903D10020BF
:106500000E9948640BE036A8407B10180E99486439
:106510003F20C0439178C9430143507840180C9BF9
:10652000A07536A8C07CFF280F9D00D0207736A824
:10653000407D012801D0002000E03C98A082E07D51
:106540000799002901D0202108431399002901D07F
:106550000821084312990843E075E979002906D01B
:106560000B9AD169126A0E9C6163A263089C109910
:10657000002909D03599349A0A4305D03599349ABF
:106580000E9CE2632164089C0E9AD16B002902D113
:10659000116C002902D004210843E07513980028EB
:1065A00003D000200B99486388631199187A00285A
:1065B00001D00020A871002903D0002E00D0F0E502
:1065C00060E50020F0E5C04671020000B0B543214F
:1065D0008B00C15AFF25DC35425DC41840193F2AA3
:1065E00005D8CB091B0604D00121090202E00023D3
:1065F00002E04900218040233F252A401A430270CF
:1066000088B2012801D1012008E00120D5F732F934
:10661000C0B22188491ECDF7D7F8481C6071B0BDC3
:10662000F0B585B00446006E017800220492039212
:1066300002785206D30F03AA13700F270F40F91FD9
:106640000225022901D3294600E004214118501CEB
:106650000622D4F7B8FF872040002018ED2149001A
:1066600061182646B436042F06D0082F01D1032521
:1066700002E04A785207D50F377E01223A4032763F
:106680000278FF2A00D0411C0A7830462030EF21E2
:1066900049006118009101903346183303A8294638
:1066A000CCF75EFB3776316A002902D1716A002986
:1066B00003D0316A726A06C6083E3070FF38414224
:1066C0004141084605B0F0BDF0B585B002910546E0
:1066D000006E01780F240C40C909012C01D1082259
:1066E00005E0C278D20701D00A2200E00422002689
:1066F000039603AF397004968118781C0622D4F7EC
:1067000062FF04980399014303D102980660466032
:1067100029E0ED2040002818C435042C03D0082CB3
:1067200003D1032104E0022102E041784907C90FA7
:106730002C78012222402A7002780079009401907E
:1067400003A82B46CCF714FB2C70FE2802D13D1D6C
:10675000039900E002CD029A11602968107051601F
:10676000FF3846424641304605B0F0BDF8B5054613
:106770005824DBF7D9F80746285DAC7ED9F7C0F975
:10678000064620463146D9F719F820463146D9F752
:106790004AF898203F580020009096200121324668
:1067A0003346D8F7A5FD0146381DD8F79EFE58356B
:1067B00069782046D8F7B5FF2046D8F7E9FFF8BD3D
:1067C000FEB50646FF270446BC34002A12D03846E0
:1067D000123030180378002B03D05B1E03701806AC
:1067E00011D102910192706E03210170706E0C2123
:1067F00041700FE01D4602910192A069E169F0F736
:1068000003FD002801D0002661E0304602992A46A7
:10681000CCF7A6FBDE37F019716E0A780378DB0738
:106820005B0E13430B70316E0978490080220A40D9
:10683000716E0B7813430B700178890702D43046D0
:10684000C43011E0A168E26806C4407801210A461C
:10685000083C2346CCF7F0FA706E01782278D20714
:10686000520E0A4302702046726E411C901C06258F
:10687000184F2A46B847306E02780F211140072979
:1068800000923B4601D0022100E004214718706EBF
:10689000083039462A461D4698470298800030182D
:1068A0009C214058001D716E0E22A84701260198B8
:1068B00000280CD000202061606100984006C00FC5
:1068C00020741134062220463946D4F77CFE304627
:1068D000FEBDC046C7B50410B0B543218B00C15AF8
:1068E000FF25DC354257C4184019002A01D4802303
:1068F00006E0012901D8012100E049082180402358
:106900003F252A401A4302700120012907D0D4F7FD
:10691000B1FFC0B22188491ECCF756FF481C6071F8
:10692000B0BDF0B587B00691FF263146DA31415C43
:10693000002907D005460146B431012B059203D04A
:10694000012202E000262DE0022290C9B443039206
:10695000A118452080000190281832069743049022
:1069600002913A46069E334600F04BF810280DD1AE
:106970003346002605980128304600D0039804438A
:10698000049821463A4600F04FF80BE0012605999D
:10699000002907D10C21414368180299019A8150BE
:1069A00080184760304607B0F0BDB0B5012908D166
:1069B000FF21E231405C03252840012803D02C460A
:1069C00002E0012405E0042400F03EF8012800D094
:1069D0002C462046B0BD70B50C46FF21E231455C27
:1069E0000326664000F030F80121414031430C227B
:1069F0002A40042A204600D11046002900D0204613
:106A000070BDB0B500249BB2102C0BD005688D4230
:106A100005D14568954202D105899D4202D00C30CE
:106A2000641CF1E7E0B2B0BD70B5C024065D0C2572
:106A300075434151711CCEB2102E00D10021015579
:106A400040190381426070BD80B52920FDF796FE94
:106A500080BD0000F0B5A5B00D920A910746FC4C30
:106A60002068C068D8F7CAFC08902068C068D8F7CA
:106A7000CDFC0646FF240794DC34FCF78BFB395D24
:106A8000BF220A403A550FAB00251D703B23DB00A7
:106A9000FC183B46B0330B9300280E97099509D09C
:106AA000002E00D19BE0080700D5C5E0402001433F
:106AB000E170CEE00C9406952F460D9CA0000E9D33
:106AC0002E18DAF75DFEA8217158EC22B358181879
:106AD000401AB0503046A8300890002F07D0099DCA
:106AE000DAF74EFE089908600A99086052E02746D6
:106AF000D4F705FE0C9AD078EF210140D1706420C4
:106B0000C443DAF73DFE211ABA00AF18F422BA588E
:106B10005218DC23FB58D2180325002A3AD4EC364D
:106B20003268E423FB58D6439E1933D4089C24686A
:106B300005940B9C266D002E03D07118E66C891904
:106B400028D40599081A9A1A21680818824200D395
:106B50000246002A1ED00E9D28460D9E3146FFF7A4
:106B6000CDF9002800D19FE13021714369188C7D57
:106B7000BA6EB8494143090A1046D8F7DAFCB86E34
:106B8000D8F7ACFC2046D8F703FED4F7C1FDD8F700
:106B9000E5FBA4E70C9CE0780527384001285BD191
:106BA0000A950698002804D00B99486A896A00F073
:106BB0005BFA0FA8007800280FD00E98016E09919B
:106BC00009780F250D40291F4B424B4100263146C5
:106BD0003246FFF7A6FE002855D00A9D3CE00898F3
:106BE00000280C943BD0D4F750FD6072D8F7B6FB68
:106BF000386E01780FAA2646002414700B9A546050
:106C00009460B472F278F7231340F37011941094E7
:106C10000F250D400126012D69D0072D68D1C078C0
:106C20008107CC0FC00763D100200690002C3746A7
:106C300030460C9C68D17DE0A72001401031E17006
:106C40000D9880003818806ED8F7EDFBD8F786FBDA
:106C5000E178880804258543284625B0F0BDC8069C
:106C60000D9E03D53846FFF7B1FCE27850070027A8
:106C700000280697344600D520E700270B99CF61FE
:106C80000F6206971AE708970C941CAFFE76BE8237
:106C90000B98416880681D900B911C91D4F7EDFC16
:106CA0000446F9F7B1FDBE75201878762096072DB9
:106CB000059071D10999887880091CAEF075C97862
:106CC000490004220A401418F4750E980D99FFF734
:106CD0006CFE307612A8C07C30771798B076119889
:106CE0001F9010981E9000231846089E63E03446BB
:106CF0003846FFF795FC0121002C0CD006910028A6
:106D0000374630460C9C09D110A90E98FFF7DCFCE1
:106D1000411E884102E006910C9C3746002808D0AD
:106D20000E98D430CCF7D0F8A072002856D00020AE
:106D300000E0384608900FA800210E46017010A808
:106D4000E178CA0615D40078072D00D084E002222D
:106D50000A4000D080E0F3F7E1FD0FA8069900910A
:106D6000019012A910AA0E980D9C2346CCF7E3F8C7
:106D70002EE1F3F7D3FD042D0D9C3546089E00D07F
:106D800028E10E98FFF7A8FD00250B98C561056264
:106D90000FA8012101701DE133461CA80799017756
:106DA000012101767F2181761F961E96012D3046A6
:106DB000089E7BD137E10C99C978890712D40699CE
:106DC000002902D11CA9079A0A700C990C70C1B253
:106DD000E3B21CA80022CCF7CBF8FEE6F3F79EFD49
:106DE0000D9CFFE010A90978FE2971D19B4800682D
:106DF0003621415C89061CAE002900D4EDE6363010
:106E0000807A400700D4E8E6954800684069A121EF
:106E10001D220623D4F736FD002800D1DDE6044606
:106E2000731C099A08320121059840B20091019221
:106E30000290201D0B9AD2B200F093F90B20E07162
:106E40001220A0713E20607104202071A1209EE0DC
:106E5000F02F00207102000049074BD4062D02D00C
:106E6000002D00D0ABE005970D9A0E9917468918B2
:106E700085225200895C0025012900D0B9E0FD2857
:106E8000089E00D1B6E0012200250E982946049202
:106E90002B46FFF795FC002800D1ABE0E0780821F5
:106EA0000143E170049DA5E0022519E609984078A8
:106EB000062800D291E6252800D98EE6801F01061B
:106EC00000D1A2E01CA98875099B083320939EE09D
:106ED0000B99C9B2FE2903D11CA901220B920A7099
:106EE000210721D4E1B203240A462240032A7BD1A0
:106EF00000211AE0002D5CD0012D0D9C5CD1FD28F5
:106F00005AD000250E9829462A462B46FFF758FCF2
:106F10000028089E5ED0A0000E990818806E1430DC
:106F2000D8F781FA012555E004210D911D464A4903
:106F300009682C22895CC907C90E1CAA0E92002977
:106F400029D109224E23DB435940C7B2781E0323BF
:106F500003431D33980883B2414800684069CEB2AC
:106F60003146D4F78FFC002800D136E604460E984F
:106F7000431C059840B2009001970295201D0B9983
:106F8000CAB20D9900F004F93648606030462146D7
:106F9000D4F7D4FC21E6314A12683623D35C9B0631
:106FA00000D41AE63632527A920700D415E600224F
:106FB000C8E7FD280D9CA4D1F3F7B0FC08E0F3F777
:106FC000ADFC681E012802D80FA8012101700D9C9C
:106FD0003546089E002E02D10FA800210170002D19
:106FE00000D06BE5002769E50E40052E08D1012190
:106FF0009BE7089E0FA8012101703C46059FE9E729
:10700000890700D502240D9490E700231846062D29
:1070100021D8C0467D442D796D00AF440C040F0388
:1070200012031800C7E61CA91524CC7511991F91ED
:1070300010991E91BFE61CA913240AE01CA9102474
:1070400007E00C99097818240C431CA901E01CA93D
:107050001224CC75AFE6AEE6D42F0020EC2F002032
:10706000D82F00203D2A0710F0B58BB00D460646FC
:10707000F6F702F804463820205C002802D03006DB
:10708000400E01D00BB0F0BD6068A1680AAA0123D0
:107090000093019232462B46D7F7A4FE0028F1D088
:1070A000049560680AA90978C9004018C07907905A
:1070B000C0002168069005910D18D4F7DEFA074646
:1070C000F9F7A2FB381840B2A979002917D0052199
:1070D00069568842D6DB0295FF25D8F795FE0178E0
:1070E00000230993089302785206D20F08AF3A7032
:1070F0000F220A40072A039306D0022105E004214B
:1071000069568842BEDD22E00421029A3346AB4331
:107110000293951D4118781C0622D4F754FA38784A
:1071200001280BD108A88079C02101404029049989
:10713000029A05D102200643F6B201E00499029AB0
:10714000F0B210430122FDF741FB03982870069826
:1071500005990B581034012220460799DAF743FEAF
:1071600090E7B0B504468271417101202071E01DA5
:10717000062519462A46D4F726FA04986073204655
:107180000E3005992A46D4F71EFA06982075B0BD30
:1071900010B50446427201720120207120460A3067
:1071A00006221946D4F70FFA20461C306061039A74
:1071B00022740499D4F707FA0298207610BD0000D3
:1071C000F0B585B00E46054601270029384600D0A7
:1071D0000320D8F795FC0490B0002C18EC20205820
:1071E000E4216158081A390269582F46B03700293E
:1071F00006D0FA6C5118A822A2588A1A824200D3EB
:10720000024628463146FEF779FE002833D0386022
:10721000A06ED8F763F9A8192121C900415C30207C
:1072200070432818857D2846D8F77BFA28460397AF
:10723000049F3946D8F7C2FA28463946D8F7F3FAF8
:10724000A06E0290002000909620012631463A461A
:107250003B46D8F74DF801460298D8F746F928463C
:10726000D8F796FAA06E03990968054A4A43110AAD
:10727000D8F75FF900E00026304605B0F0BDC04603
:107280007102000070B50B4D2868046A002C10D004
:10729000EFF3108672B6296820312046EBF7CEFB5B
:1072A00086F31088206901690029EDD0606A88475B
:1072B000EAE770BDF02F002080B50349C97A81420A
:1072C00001D9F8F735FB80BD702E002080B54069EC
:1072D0000149F7F757F980BDB972071010B5044698
:1072E00000200121074B2246DCF7B4F8064800686D
:1072F000A8214058E100425CCF231340203343547F
:1073000010BDC046204E0000F82F0020F8B5294ED1
:107310003168A8254959C4000A5DD3060ED49306E6
:1073200046D50919930735D0FC231340521E032478
:107330001440E2180A70FFF7D1FFF8BDFFF7CEFF47
:10734000306840590019841C6920C64337466937A4
:10735000194800683421405C7F1C874228D21548B8
:107360000068A4254059801974366C3006222146E5
:10737000D4F734F90028EBD10E4800684059815DFC
:10738000FB2915D1102181550E20D4F771FED4F7B9
:10739000C9FEF8BD35460024082208462146D4F728
:1073A00016F93068B02144544121425C521E4254C7
:1073B000F8BDC046F82F0020D42F002080B5022849
:1073C00002D8FFF7A3FF80BD0449C97AC91C8142D6
:1073D00003D9C01EC0B200F003F880BD702E00209B
:1073E000FEB505467420029045430F480068A4216D
:1073F000019140584719398902200124002622466C
:107400003346E9F7FFFC38462146E9F78DFC388919
:10741000E9F770FC0448006801994058401931466A
:10742000029AD4F7D4F8FEBDF82F002080B5406949
:107430000149F7F7A7F880BDBD730710F401FA0002
:10744000960064004B0032001E001400F401FA00A4
:10745000960064004B0032001E0014000100000082
:107460000000010002000000010003000000010014
:1074700004000000010005000100010006000200F8
:1074800001000700020001000800030001000B00DA
:10749000030001000C00050001000D0006000100C2
:1074A0000E00060001001100070001001200070095
:1074B000010013000800010014000800010015007D
:1074C0000700010016000700010017000700010077
:1074D0001800060001001900060001001A0009004A
:1074E00000001B00000001001C00090001001D003D
:1074F000090001001E000A0001001F000A0001002F
:1075000021000B00010022000B00010023000B00F2
:10751000010024000600010025000F0001002700E3
:107520000C0001002800050001002B000D000100E7
:107530002C000E0001003F0000000000400004008D
:1075400012001A00260027001D000200030005009B
:1075500008000B00210022002300190070B5FFB0C5
:1075600099B006000D00140000206946888001A82B
:10757000009002AB9622920029003000CCF707F869
:10758000002808D1220002A80090684683882900BC
:107590003000E8F714FE01207FB019B070BD80B54F
:1075A000417882781206120C1143C2780078E5F710
:1075B000E1F8C0B202BD38B50400201DF2F796FA1A
:1075C00005002000F2F792FA2900CAF758FC32BDF4
:1075D00010B50400F2F78AFA2179CAF757FC10BDFA
:1075E00080B502009178D0780006000C0143107835
:1075F00053781B061B0C1843D4F714FE02BD38B594
:107600008379C1790906090C0B430279417909068E
:10761000090C0A438178C4782406240C2143047899
:1076200045782D062D0C2C432000FFF797FF32BD27
:1076300080B502009178D0780006000C01431078E4
:1076400053781B061B0C1843D4F7FFFD02BD38B559
:1076500003009C79D8790006000C04431A79587904
:107660000006000C02439978D8780006000C01430C
:1076700018785D782D062D0C2843083300932300DD
:10768000D4F7D5FD32BD38B503009C79D879000612
:10769000000C04431A7958790006000C02439978CB
:1076A000D8780006000C014318785D782D062D0C63
:1076B0002843083300932300D4F7C0FD32BD80B5C2
:1076C00002009178D0780006000C014310785378BE
:1076D0001B061B0C18431279E5F753F8C0B202BD24
:1076E00038B58379C1790906090C0B4302794179D0
:1076F0000906090C0A438178C4782406240C214326
:10770000047845782D062D0C2C432000E4F7FEFE6E
:1077100032BD3EB50200D479107A0006000C044355
:10772000537990790006000C03439178D0780006D5
:10773000000C0143107855782D062D0C28431500B8
:107740000935019500941279E4F78AFE3EBD7CB5B7
:1077500003001D7A587A0006000C05439C79D879FD
:107760000006000C04431A7958790006000C024305
:107770009978D8780006000C014318785E783606B0
:10778000360C30430A33019300952300E4F7F6FEEC
:1077900076BD09888088084000D086207047098817
:1077A00082888A43828000207047098882880A4341
:1077B000828000207047B0B5054680684289018903
:1077C0004220FBF74DF80446002810D1A8684289F2
:1077D00001890120E9F764FAA86881880A0603D5BF
:1077E000F7F7CCFFA8688188022291438180204668
:1077F000B0BD10B504460078002801D0002010BDAF
:1078000060688189491C89B2F3F770FB0346A06860
:10781000428901890220FAF727FF002800D010BD15
:10782000A068C06881891922F3F787FEA068C06844
:1078300001214180842010BDF0B591B0074609AC0C
:107840001020207478688189491D89B2D5F73CFBE6
:10785000A08178680FAE0EAD31462A46EDF7D0F91B
:10786000368878680697B9684488C868818907228D
:107870000290F3F762FEE01F29880491012105912F
:1078800080B203900196059887B23C1D06988068E7
:10789000C08884423CD8B0B209AA0499F3F782FDAB
:1078A000002835D0054610A80090002208AB0698A5
:1078B000294600F03DF8862828D0002836D16E8869
:1078C00008984368069840688189C91D89B2039F5A
:1078D0003A46ECF787FF08990988B94216D1002883
:1078E00014D107AF3E70300A78702846EDF7FCF9E6
:1078F0000646B870000AF87002988189059A8918BE
:1079000089B204223B46E9F79CF90594761CBAE754
:10791000012F07D106200A220199029BEDF740F9B9
:10792000862003E0029805994180002011B0F0BD47
:10793000FEB51F460646089D00242C7000780128DD
:1079400007D1306900281FD00C363E600020287017
:1079500029E00292B068008901913A462B4600F076
:1079600024F8002812D084281DD101984388B068DB
:1079700042890189029800900220FAF7A3FF0028AB
:1079800011D17B20C0430EE00E2005E0386801884D
:10799000029A914203D207202870862003E04168B2
:1079A000891841602046C0B2FEBDF8B51C46009261
:1079B0000E460746012208463946F3F743FD20707C
:1079C0008625002808D138463146009ADCF784FA2B
:1079D000862802D10E2020702846F8BDF0B58FB061
:1079E0000146406801918968CF680DAD0EAC29460B
:1079F0002246EDF705F928880790DCF733FA0246AE
:107A00002088029000252B4600950395002A0695B4
:107A100050D050880790029988424BD8A8B2C0181D
:107A200001998968C988884244D81C4608AD0592E6
:107A300010462946DCF728FA2E7C0398000606D06B
:107A40000098864239D1C0080490069D16E0B98995
:107A500005223846F3F771FD102E01D0022200E016
:107A60000122069DB889401C81B238460392F3F783
:107A700064FDAD1CF0080490841C0096B889401980
:107A800081B23846079AD6F76FFCB8892818861C49
:107A900008A800F020F80346B1B20498C2B23846F4
:107AA000E9F7CFF8E0B22D180598DCF759FB02464C
:107AB0002346ABE70398000603D0069878800020A1
:107AC00007E0079881B204200A223B46EDF768F8E8
:107AD00086200FB0F0BD017C802900D00C307047AB
:107AE00070B586B004460078002814D0A589A06837
:107AF000C188491FA94200D80D46AAB22369C068AF
:107B00008189491D89B2E9F79CF8681DA168C96897
:107B10004880002040E060688189491C89B2D5F71F
:107B2000D3F90546032205AB2046294600F036F876
:107B3000002808D00246A068C36816202946EDF741
:107B40002FF8862028E060688189C91C89B2D5F7A2
:107B5000BBF906466068A1684A89098943885B1FAA
:107B60009BB20096019302900A202B46FAF7FCFD87
:107B7000002811D103AB5D70280A9870DE701720C1
:107B80001870300A1871A068C06881890522E9F769
:107B900058F800206060842006B070BDF0B585B054
:107BA0001E4614460F46054601A801810271A968C8
:107BB0000191F7F785FD862801D112200CE03846A7
:107BC000EDF780F83060002805D0A96809892246C1
:107BD000F3F738FC00E0012005B0F0BDF0B597B038
:107BE0000446406815A914AAEDF70AF80A946068DB
:107BF0008189491D428889B2072A05D1D5F764F9E0
:107C00000FA98881102004E010220FABE9F705F8D6
:107C100080200FA908740A984078102801D002210A
:107C200000E0042107910A9A9168CC68CB880593FB
:107C30001278002A04940AD06588022D15D3A089F1
:107C4000401C81B22046F3F751F906460EE015AA12
:107C50001588102812D10FA8F7F7A0FD002800D131
:107C6000B8E00895A18911221BE00026A0894019DF
:107C700081B22046D5F728F9089018E00BA80581B5
:107C800002220271149A42810B910FA90E91F7F70B
:107C900017FD862802D116A812229DE00895A18919
:107CA00009222046F3F749FC012565800026059846
:107CB000801E019014A8008803900996F6B20695DC
:107CC000AFB2B8190599884274D8089885B20FAA3E
:107CD00028460399F3F766FB00286BD0044602950B
:107CE00016A8009000250BAB0A9821462A46FFF7FC
:107CF0001FFE00284FD10B98008807990918012F03
:107D000011D1FF2900D3FF210198814200D30199AD
:107D10000991CAB2049EB089401C81B23046F3F783
:107D20000CFC022703E0B142049E069F5CD16588EB
:107D30002046ECF7D9FF0890B089C01981B23046CF
:107D40002A46D6F711FB079809990A1A3C46BF1C28
:107D50000A98407810280AD1B089C01981B23046FB
:107D6000089D17462A46D6F7FFFA3A46271D2C46A5
:107D7000B089C01981B20B984368D5B230462A4603
:107D8000E8F75FFF7D19758002200A990870601C72
:107D90000890099E91E78628069A16D08428054601
:107DA000049821D18189891889B2029AD6F7DCFA20
:107DB000842519E0012F06D116A80A22027015A801
:107DC0000588049C09E000250EE016A80278049CB2
:107DD000089D02E016A8102202700A984078A9B205
:107DE0002346ECF7DDFE8625284617B0F0BDF0B53A
:107DF0008BB005468068C468C7882878002824D0DE
:107E00002E460C36059668688089401C81B2042293
:107E100004AB2046E8F701FF308869787F1E0C2903
:107E200003D1874253D20499401A80B2874200D3CB
:107E30000746BAB27368A089401C81B22046E8F7B1
:107E400000FF781C608000204DE068780C280297C5
:107E500007D168688189C91C89B2D5F735F80D2228
:107E600001E00B22002004AF03903880A189204656
:107E7000F3F763FB68688189491C89B2D5F724F858
:107E80000646788007A8068101270771A96807912F
:107E9000F7F716FC862801D1122715E03046ECF7DB
:107EA00011FF002810D0014606A8009005AB284617
:107EB000039AFFF73DFD002817D0842818D08628A4
:107EC00011D106A8077807E006A8077004E006A805
:107ED0000B27077004A84688687831463A4623463F
:107EE000ECF75EFE86200BB0F0BD059E029F93E787
:107EF000A089401C81B2042204AB2046E8F7A1FE11
:107F00008420F0E7F0B58DB08168CE68C98806910D
:107F100001780029079009D07788B089C01981B20B
:107F20003046D4F7D1FF079902460CE040780E287E
:107F300001D0212200E00F22B1893046F3F7FDFA8B
:107F400001221746079948688078801AC0B2450810
:107F500008780028029666D0079908460C300190F0
:107F6000EDB2FF35E8B200230393A84200D1B3E09D
:107F7000BCB20698A04200D8AEE04868818905925C
:107F8000891889B202220CAB0492E8F746FE0799E1
:107F90000878012802D1019808900DE00CA800880B
:107FA000ECF790FE014607988068008908AADBF785
:107FB00093FF0799842865D00698041B48780E28FB
:107FC00009D1B089C11908980288944200DB14468F
:107FD00089B2A2B213E0B089C01981B2089A3046C2
:107FE00016883246D6F7C0F9A41EB44200D33446F0
:107FF000A2B2BF1C029EB089C01981B20898436822
:108000003046E8F71EFE3F19778007994878202808
:10801000059A04D10698C01B80B202285CD304984C
:108020000870921C9CE700210592079C88B2A84228
:1080300092D204914900606882895118491C89B222
:1080400002220CABE8F7E9FD08A8012606710C999D
:108050000181A1680891F7F733FB86282AD00CA884
:108060000088ECF72FFE002827D007998968098936
:108070000122F3F7E7F900281ED10499491C029E5A
:10808000059AD3E70CA803888868428901890020F3
:1080900000900220FAF716FC03900028059A1BD1E5
:1080A0007780B089C01981B292B23046D6F75CF9B8
:1080B000842010E0122600E006460CA801880798EC
:1080C00040780E2801D10E2000E020203246029B8D
:1080D000ECF766FD8620039003980DB0F0BDF0B577
:1080E00089B004460078002801D000203BE0606899
:1080F000A168C968069146888189491C89B2D4F76C
:10810000E3FE0546F11E6078002752280CD0D228E5
:108110000ED1A0684089042824D10F3E05220127F2
:108120000020049005960EE00591042204970AE0D1
:108130000591069EB18913223046F3F7FEF901201E
:1081400004907080032207AB20462946FFF726FDE6
:10815000024608A80270002A07D060782946069BCC
:10816000ECF71EFD862009B0F0BD002F08D0616835
:10817000A068008900F023F8002801D00022ECE775
:108180006168079808AAF7F74BF90028EBD0842814
:1081900012D16068A1684A890989059B9BB2009544
:1081A000019302900A20049BFAF712FC0028DAD10E
:1081B000002060608420D6E708A80278CDE7F0B5FB
:1081C0008DB00D464F88DBF7D7F8002805D0044660
:1081D000407C400603D4B12034E0022032E0214646
:1081E0004C3105A81022D3F7EEF9083FB9B20C22A2
:1081F00002AE28463346E8F710FD30787178090260
:108200000818B17809044018F17809064118206F60
:10821000814201D8401C10D10191FAB205A809AEE3
:1082200029463346F4F78CFE02A8001D08360822C2
:108230003146D3F7D3F9002801D0052002E0019898
:10824000206700200DB0F0BDF8B51D460446012999
:1082500012D1002A23D0062A2BD12046D9F7CEFCF2
:108260000078E87003202870042068702820A87027
:108270000520287168711CE0002720463946D8F790
:10828000D9F80646A878282805D1E878012812D917
:108290002046D6F71BF900212046324607E001258B
:1082A00020462946D8F7C6F8024620462946D8F780
:1082B000D5F8FF20F8BD2879401F9128E8D86879C3
:1082C000401F9128E4D82046D9F798FC0178EA7835
:1082D000012A0BD12A796B79837042700029DAD197
:1082E000012101702046D9F79FFCD4E70129D2D1A2
:1082F0000770D0E7B0B5002901D00120B0BD1C4601
:1083000015464621415C022903D12968806940183D
:1083100002E0D9F735FA5530286020600220B0BD60
:108320000120704780B52A21405CD7F7F7FE80BD59
:10833000F0B5FFB08CB00C4605468B68CA888988BA
:1083400007A8801D00F034F8280702D5A068D5F7EB
:1083500004FF07A84189059101890391C188029111
:108360000C3004900025049EA8B2059988421CD2C6
:1083700031188AA8069002242246D3F724F9A81CB3
:1083800080B2311889AF38462246D3F71CF9281D30
:1083900084B230193B8806990A88009002980399A4
:1083A00000F01CF838882518DEE77FB00CB0F0BD6F
:1083B000B0B51C465B88150AC57082700A0A427007
:1083C0000170591E01710A0A4271A589831D8AB282
:1083D000681C81B22046E8F720FCB0BDB0B5FFB004
:1083E00083B01C466D462B73AA722972A8711B0AB2
:1083F0006B73120AEA72090A6972000AE871284668
:108400000E3086992246D3F7DEF820460A30A8704F
:10841000000AE8700F202871FF2068708220287001
:108420000C2068710E34A1B22846E2F719FF7FB024
:1084300003B0B0BDB0B5FFB085B00C4605468B6843
:10844000CA88898802A8801D00F011F8280702D583
:10845000A068D5F782FE02ACA38962892189E088F1
:108460000E340094FFF7BAFF7FB005B0B0BDF8B589
:108470001C4617460E460546588800909889401CB1
:1084800081B21846D4F720FD0099C91E0A0AEA7184
:10849000A97128713A0AEA70AF70320A6A702E70B8
:1084A000000A6871A08908358AB2C01C81B22046D2
:1084B0002B46E8F7B2FBF8BD10B5FFB083B0898852
:1084C0006C46A01D00F014F8217A481DA070000A27
:1084D000E07001202071FF20607082202070082051
:1084E000607109312046E2F7BBFE7FB003B010BDDA
:1084F000017000228270090A4170704780B502281D
:1085000007D0012809D0002806D10020CAF727FB90
:1085100080BD0020CAF71FFB80BD0020F5F708FFD3
:1085200080BD80B58088CBF725F9002804D0BA211A
:10853000405C411E884180BD002080BD80B5F4F7BD
:108540009BFD3821415C002903D0007A411E8841FF
:1085500080BD002080BD80B50179407900024018BF
:10856000CBF708F9411E884180BD70B5A8B06846B8
:1085700004220270CA79C2710B7903714B7943717D
:108580008B7983710C23534308300024A3420FD00E
:108590000D192E7A06706E7A4670AE7A8670EE7A73
:1085A000C6702E7B06716D7B4571801D0C34EDE726
:1085B00068462821C1703E214170062151434A1D61
:1085C0008270C9B20831E2F74BFE28B070BD1CB50D
:1085D00089886C46E01C00F00BF80520A070132081
:1085E00060700420207008212046E2F739FE1CBD8F
:1085F000002202710122C27041700270090A81706A
:10860000704700207047002070470020704770B509
:1086100004462830D9F7F8FD05462646C6362046DA
:108620003C30D9F7F1FD002D02D03178C90704D1D3
:10863000002805D03078800702D52046EEF7A5FD4A
:10864000D6F712FE024670782146FAF741FE70BD59
:1086500010B501242146FAF7A7FD204610BDB0B59C
:1086600004460546BA35A878D7F758FDBA20002148
:108670002152FF24AC70A87AFF2801D0D7F743FB22
:10868000AC72B0BD70477047F0B58DB002930192E7
:10869000074642203C5A4B2080003D18786C0390DE
:1086A000D3F71CF801462846099100F089F80546E1
:1086B0003846CAF774FC93204600012D03D1384692
:1086C00000F08BF800E001200A90B81905903846B8
:1086D0004230079038462D3008903846803006905A
:1086E0000B97FA37049700200C90A1B20B9F3846E5
:1086F0000A9ACAF716FBF96C41437A6C56187E64E5
:108700000C9941180C912418A5B23846294600F05E
:10871000AFF80746002802D10998301AE5D4069A26
:108720001068802188431060079E3088A84205D9D0
:10873000049800880B99F831CAF72DFC3480002F7B
:10874000089E1DD10B98416C039A8D1A294600F0A2
:108750001FF90746002813D17078294600F027F941
:10876000074600280CD10B9829460C9A019C2346F9
:1087700000F043F90746206802990860002F06D0F0
:10878000377000200599087001200DB0F0BD0B9ED8
:10879000B06F002801D0C46900E000247836002CB6
:1087A0000CD02546E469287A0007F8D530462946DA
:1087B000D5F7FCFD2846D5F7D0FCF0E70220E4E72A
:1087C00080B58269531A01D4012080BDD24352186A
:1087D00041685018CAF7F8FF80BDF8B505462C204F
:1087E000285C0124032841D1288F00283ED02F4641
:1087F0002C375426B85D800638D52846D6F71EFE9D
:1088000029462831884231D1B85D0006800F2DD12C
:108810002846E3300078800728D42E46F636308884
:10882000002823D1B87801242146EAF755FD0090AD
:10883000B8780021EAF750FD0099084302D1288F4B
:10884000441C13E09320400028180078C0070DD086
:10885000F88A718D081A81B2022907D3441EA1B289
:10886000288F401C82B2914200D30446A0B2F8BDCA
:10887000FEB50A46044693204300E05CC107254646
:108880002C3500297FD02746E237F98F8A1A160443
:1088900004D010B2002876D52820FEBDE61842B2DA
:1088A000002A0FD4410713D4000736D4A878CAF79A
:1088B000DEFB00285DD0A878012100221346CAF70C
:1088C000BEFB56E0A878FFF7DDFE30787F214EE052
:1088D000606CAF6F796840186064B9683A6828784E
:1088E00002280291019227D1687DD6F7B3FE0428B1
:1088F00001D0062800D102208000211878698865FF
:108900000028029B019903D0984200D318462065A5
:108910004808616C081860641AE0E96F687DD6F752
:10892000BEFE3878012804D1E96FBC342046D6F762
:1089300069FC3078F7211AE0D5F7F8FE029B01991F
:1089400061634068002803D0984200D31846206530
:10895000F86820873869E16C0A186266A066994257
:1089600003D0E3642046F1F73BFF3078FB21014060
:1089700031703078FC210140881C30701620D3F70C
:1089800077FBD3F7CFFBA878CAF781FB0020FEBDA9
:10899000426E511A4166491E01D400207047802161
:1089A000405C800601D5082070473E207047FEB528
:1089B00002910546EAF788F807467D204604002420
:1089C0000194022C15D07879C0070FD0E1B2284667
:1089D000E9F74AFCFD21084208D03868411E0AD454
:1089E000B042314601D80299411A39600C37641CF3
:1089F000E7E70198FEBD2220FEBDF0B587B00693E3
:108A0000059105464120285C13210C01E221695C97
:108A10002E462C3601290DD1D6F7C2FDF28A777D7C
:108A200000230093019002932946BC313846D6F7C3
:108A300035FF10E01746D6F7DBFD049404464743A4
:108A4000F0783F18B8B2E9F711F9F070381B049CC0
:108A500080B2E9F70BF901462F19707DD6F7FAFEBF
:108A60003078022811D12846D6F738FD2846D6F7A7
:108A7000FAFC707DD6F7C7FEE86C3860288E401C83
:108A80002886686C0699086026E0AC6C688D0599AC
:108A9000E9F7FCF80019A96C002900D10D30E96C48
:108AA00049083E39884201D9082016E0A8642C46BE
:108AB00014342046D6F712FD2046D6F7D4FC707D3C
:108AC000D6F766FE2A46443207CA3A60401A06992B
:108AD0000860288E401C2886002007B0F0BDB0B585
:108AE0000D4604464120205CD6F7B4FD0221024623
:108AF0000A43062A00D00146002D0BD020462C3018
:108B00000078032807D0022804D188002018806D3F
:108B1000002800D0B0BD4D208000201801694269B6
:108B2000511A02688A42F5D0531A01D95908511ACC
:108B300042689142EED30160B0BD70B504462C206E
:108B4000205C2646AC3603280DD14B20800025182A
:108B5000284600F018F80146206D814202D22846CE
:108B600000F011F870602046EAF7FEFB2046FBF7A4
:108B7000A9F92046FBF7D4F9316814342046D6F71A
:108B8000D8FC012070BD0146896A00290ED0427DC3
:108B90004B7D9342F8D38269CB69DB43D21843689B
:108BA000D218F1D4C0698969081A00E04068833896
:108BB0007047B0B504462E20255C2846FFF763FDBC
:108BC0002846CAF7A0F9002803D12E34E07CD7F755
:108BD000A5FA1620D3F74CFAD3F7A4FAB0BD0020BB
:108BE00070477CB50446F9F785FA0146BC26A05DBE
:108BF000D6F797FDB120205CD6F782FF0546A05D31
:108C00002946D6F710FEA05D2946D6F7D7FDC72026
:108C1000205C2146A431062801D0052802D1224635
:108C20003C3201E022462832098800940192002259
:108C30001346EAF753FC7CBDB0B50446C520205C62
:108C4000002810D00D46FAF799FA00280BD0002D15
:108C500009D12046BE300178002904D0491E017098
:108C60002046FFF7BEFFB0BD80B5C521415C00299D
:108C700002D0FFF7B6FF01E0D9F7D7FA012080BD97
:108C8000B0B50446BA2000212152BA34A07AFF2898
:108C900001D0D7F738F8FF25A572A078D7F73EFAAC
:108CA000A570E078D7F73AFAE570B0BD10B50C467C
:108CB000EAF7FEFAC108C9B2012909D80722104013
:108CC00001228240601883214900435C13434354CE
:108CD00010BD70B50446F4F7CFF905463820285C7E
:108CE00000281FD02E46383600213170287AC00067
:108CF00008300A460832904212D06B685918C97978
:108D0000A1421146F6D19818011F09680838006879
:108D10000022FBF75BFDE000296808180121817142
:108D20000120307070BDF0B585B002290CD004462A
:108D300001290BD19C342468D8F722FD001B823016
:108D4000810F0220884336E0002034E01646274693
:108D50006A3720460493FBF779FD256DD8F710FD9F
:108D6000014620468030FFF72BFD4543616D4919D0
:108D700061653160398808183880606D0499086031
:108D80002046FCF70DF8B878D6F70AFC3A88BD788B
:108D90000023009301900293214614312846D6F710
:108DA0007DFDA072A46F08342046FBF7CFFD20465E
:108DB000D9F72AFA022005B0F0BD80B50821FBF7EB
:108DC000C8FD80BD10B504466C20205CA17AD6F7A2
:108DD000A8FC20461430F1F747FFA072012010BD17
:108DE00010B504468030D8F73AF800212046D9F76C
:108DF0006BFB10BDF0B593B00F460546046D406D9A
:108E000012906A20285A11A90880697AAE6F012948
:108E100002D82846503000E0301D022F01D100203A
:108E2000A0E00B940A9309920E9100680C902C46D6
:108E30006A34A07808903046D83000680D90D2F798
:108E40004DFC0146012F06D10D98C0430818810F33
:108E50000220884386E0304641300690284607913C
:108E6000FBF7F4FC0FA80590049010A8039011AF35
:108E7000029712A801900C9800900D990798401A3B
:108E80000E9A0B9BFBF75BFF129868652188079190
:108E900039880D91218010993746F163059A14782D
:108EA000069A127894420DD1661CF2B20E9B9A4239
:108EB0000A9B0C9A09D30FAA002616700B9A8018E9
:108EC000421A02E0002226460A9B7E74009328463E
:108ED0003946099BD6F7AAFF7C743C4638462430B5
:108EE000D6F7FCFA2846FBF75BFF0D9F0798B842C0
:108EF00012D00C96089E3046D6F752FBA16B0E9A04
:108F000000920190029129461431012330460C9EB3
:108F10003A46D6F7C3FCA872E07D400613D120463E
:108F2000BD3031060E9900D03146491EC9B20078D5
:108F30004018E17DA27D521CD3B2984201D2E17566
:108F40000DE0801AE075E86FAA21405C00220E99BE
:108F50002346D6F7EFFF002800D07F1C278400208F
:108F6000E074022013B0F0BDF0B58FB00F46044698
:108F7000066D406D0E906A20205A0DA90880657A12
:108F8000A16F012D02D82046503000E0081D022FAD
:108F900001D1002061E0099106A94CC100680A9046
:108FA00026469836D2F79AFB3168012F05D1C9437E
:108FB0000818810F022088434FE022466A3205924A
:108FC0000BAF04970CAA03920DAA02920EAA01926B
:108FD0000A9A0092401A2A46089E3346FBF7AFFED3
:108FE0004120099B185C3F7887420AD17F1C0BA85F
:108FF0000770F8B2A8420799069A06D20C980A9E02
:1090000004E00C980799069A02E00E9880190C90DB
:10901000106008605E7C059800880DA9098881426F
:1090200008D1F8B2F1B2814216D22046D7F7C2F980
:10903000761CF6E7F1B2A94204D22046D7F7BAF976
:10904000761CF7E70025F8B2E9B2814204D2204647
:10905000D7F7B0F96D1CF6E702200FB0F0BDF0B500
:109060008BB00546876FB8680890F86B0790D2F709
:1090700035FB0646BC7CF8680690797C04956A7AD4
:1090800038460991D6F744FF0546089807994018D5
:10909000301A0699CAF798FB0246FF2D07D0032025
:1090A0006843F969496808180790867802E000204B
:1090B000079016463D461746089524352846D6F7AC
:1090C000B2F9F8B20396F1B20690059181423A46A0
:1090D00025D90292501C089FB8740AA90498D6F7A3
:1090E0005BFE06460420D6F749F928463146D6F7F6
:1090F00020FAD2F7F3FA01460A98411A573905D4F3
:1091000000210A46D2F7F6FA002801D0D2F700FB78
:10911000D6F724F9079D002D029A04D149E0079D56
:10912000002D089F4BD0287801283ED168780699F9
:1091300081423AD306980599884200D80392049850
:10914000C06FAA21465AF87C0890FBF783FD0028DF
:1091500007D00398051BFBF789FD002806D06D1C7E
:1091600002E00398001B451C002000E00120049051
:1091700028060FD0E0B20090E8B219282F4600D39D
:109180001927FBB2F0B20999089AFBF731FEED1BE3
:109190003C19EDE704980028079D06D0F0B203992A
:1091A000CBB20999089AFBF767FE069805998142A8
:1091B00001D9002007E00020A870687028703F20C7
:1091C000D6F7DCF803200BB0F0BD10B5846FFBF7C9
:1091D00035FDE074032010BDF0B585B00292019119
:1091E0000746406C3B4648330ECB3C4654340FC4D4
:1091F0003D465C353846643004903C46543438462D
:1092000088300390C9F72CFE012822D12678B007B8
:1092100010D528462146CDF7DFFF207801210840F0
:109220000E40B04206D0049B1978BF220A4080014C
:10923000101818702E7801212846CDF7CDFE287819
:10924000B04206D0049B19787F220A40C001101852
:1092500018703E467A3638466630611C062422462F
:10926000D2F7B1F96C37691C38462246D2F7ABF910
:10927000039C256822210022019F3846D2F78EF9EF
:10928000FD210F40042F02D00121890201E00321BA
:109290004902029A89180F18E81BB1784902F2783E
:1092A00052045118002807D4CA19D243AA180CD462
:1092B000CAF78AFA7D1808E0E843381844182046AF
:1092C000CAF782FA6019039C451AE81B410A3170FB
:1092D0002560400C7070D5F7C7FF24220499D2F79F
:1092E00072F905B0F0BD10B5427A846F617C2046FA
:1092F000D6F70EFEFF2809D003214143E0694068FC
:10930000425C022A02D140180121017010BDB0B5A3
:109310000446806F457CA01DCAF76CFB0A35E9B294
:109320002046FBF716FBB0BDB0B50546846FA22002
:10933000205C617CA26B515CD6F7F3F9E86FB32136
:10934000405CD6F7DDFB0146E26B2046FFF744FFA9
:109350000120B0BDB0B50546846FE07C002811D077
:10936000BC20205C617CA26B515CD6F7DAF900214D
:109370002846D6F711FD014624342046D6F7D9F801
:109380000120B0BD0020B0BD10B56C21425C846FDF
:10939000607CA16B095C1046D6F7C3F90020E0742D
:1093A000012010BD80B5FFF71BFD80BD80B50028F2
:1093B00000D080BDD7F78AFA80BDF8B5022904D065
:1093C000012904D1FFF70BFC16E00020F8BD1C4674
:1093D00015460646D8F7D4F901463046FFF7F0F9AE
:1093E0000746FFF7FCFB304639462A4600F008F8EE
:1093F000002803D0286820600220F8BD0120F8BDB5
:10940000FEB502920E460446BC20205C2146723115
:109410002546AA350028019103D00020A874888829
:109420008619276E774320463946324600F021F8E8
:10943000002100281BD020460091394600F02AF870
:109440000099002813D0E06DC019E065FF21297054
:109450000021A971019A118889191180E16E4908CA
:10946000401A02990860204600F029F801210846B8
:10947000FEBDAF23C35C1B07836E04D48B420A4638
:1094800004D200207047D1435918FAD4991A816642
:109490000120704710B50446B320205CD7F78CFC40
:1094A000E16E002901D040180D38216E49083E397F
:1094B000884202D2E066012010BD002010BDB0B588
:1094C0000446B920205C002814D020467230018860
:1094D000408888420ED82046B93000210170A07D16
:1094E00025467C352946D6F7DAF8843420462946C5
:1094F000D5F788FEB0BD80B5C16DFBF7F9FD012041
:1095000080BDFEB51D4617460C460646FFF767FBB5
:10951000002C01D0002418E001970295756CD8F753
:109520002FF9074601243046214600F010F80028A4
:109530000BD0A86DC1437918F4D5F16E4908401AD3
:10954000019908600299086002242046FEBDF0B52A
:1095500085B004910446456C6E20295C2E466E361B
:1095600077782A464832384600F047F82346AF332A
:10957000B842039007D9C11BEF6D4F43187800071D
:10958000049A25D52AE0214672315A7B002A029698
:1095900005D000225A738A88049E961900E0049E22
:1095A00000225A70088880190880E06D31460496C0
:1095B000266E4E438019E065E86D01902046FFF766
:1095C0007EFF049A0398C01B019948438719029EA5
:1095D00020463946FFF74DFF00280BD0204639467C
:1095E000FFF758FF002805D003997170A96DC919BC
:1095F000A96500E0002005B0F0BD70B514460D4629
:109600000646F0B2401C2946CAF7DEF80E46084668
:109610002146CAF7F4F80028F3D0F0B270BD042058
:10962000704780B5FFF7DBFA80BDB0B55F21CC4352
:10963000456C002C09D02819E221415CFF2902D099
:10964000DC30D2F795F80C34F3E7B0BDF8B504463A
:10965000456CFFF7C4FA606C7821405CD5F770F870
:1096600006464120375C4B2080003018D7F7E6FFD4
:10967000002807D12C363846D6F750FD0020307030
:10968000FF2070752846D6F7EBFADC20285CD6F769
:1096900045FD2046ECF790FCF8BD1CB50124009474
:1096A000FCF7FAFA1CBD1CB500240094FCF7F4FA90
:1096B0001CBDF0B587B006910546D8F735F90446CC
:1096C000FF231E46DC36805D0521014001294ED175
:1096D00005942C465A356878002808D00599D4316D
:1096E00003C91F46FDF7C0FC3B46687800E0002038
:1096F00027463437297802292AD001292546059C96
:1097000035D10290B97D0A46E53A00D20022049292
:10971000FA7D48080390722803D9019320231A4345
:10972000019B0298002800D13B700498081AC1B22E
:10973000D3B200223846C9F71BFC0398732816D30E
:10974000FB7D0498C1B2E5223846C9F711FC0EE052
:109750000021B97525466164F87D40220243DF236C
:109760001340FB7538460A46C9F702FC059C06986B
:1097700000281CD0A0190078400618D5872040008A
:1097800020180078FF2812D0A87ED5F75CFF0428A7
:1097900001D0024600E0022220462946C9F7D4FB48
:1097A0002046D6F75DFA30342046D6F759FA07B08E
:1097B000F0BD70B50446FCF7D9FFD8F7B5F80546FB
:1097C00098268059001DD5F789FEA859001D2168EB
:1097D000D5F7AFFE012070BD80B50122FDF73AF943
:1097E00080BD80B5002907D0FF21DC31415C4906EE
:1097F00002D50121C9F79BFB80BD80B50121FDF792
:10980000DFFC80BD80B5012100F001F880BDF8B516
:109810000091044687204000FF272754DC37E35D92
:1098200020221A40E255201800268670302528464E
:1098300048432018D7F713FB01200099484068439C
:109840002018D6F70DFAE51970346878864209D2E7
:109850002068001DD6F704FA01CC001DD7F7FFFAE7
:10986000761CF2E7F8BD80B50022FDF7F3F880BD65
:1098700080B5002907D0FF21DC31415C490602D5C3
:109880000021C9F754FB80BD80B50021FDF798FC8D
:1098900080BD80B50021FFF7BAFF80BDF0B587B06D
:1098A000059314460E46D4F74BFF054606902C351B
:1098B000012E10D1A87801273946D6F7BBFD064600
:1098C0002878022827D1009706983146059A234622
:1098D00000F0A8F8A3E02F78AE780021304604917C
:1098E000D6F7A8FD0246022F1FD1012C28D10392E2
:1098F0002620FAF743FF00283AD001213046E9F745
:10990000EBFC00284AD001213046E8F7ADFC0F28D7
:109910007ED123207DE0002C22D0062C22D12622CD
:109920003046059900F096F879E000240698214623
:1099300015462246D8F7CCF8304621462A462AE07A
:10994000907A002816D0062C23D11120059B987000
:10995000032018702621D9705870907A18715EE033
:1099600027205DE005998878112808D10A7907E059
:109970001A204EE00498009006981146A6E70022AF
:10998000012406982146D8F7A3F8A8782146324644
:1099900001E0A8780021D6F761FD40E00598C11CE0
:1099A0000A22039F3846D1F70EFEB88805907B88BF
:1099B0003A88069DE96CFC88388900940190084635
:1099C00011461A46059BD4F758FD3B2100281CD1AF
:1099D000FC353888EA88904217D8AA887B88934259
:1099E00013D36B88BC889C420FD82B893C899C423E
:1099F0000BD8904200D81046039A1080D08829884E
:109A0000884200D80846D08004990398817202E009
:109A10002A200399887200213046F3F78EF9FF203F
:109A200007B0F0BD70B50C46062B06D127232046A3
:109A300011461A4600F00EF870BD0546049E00223D
:109A40003146D8F745F82E20285C31462246D6F715
:109A500005FD70BDBFB58A7003230B70112A05D1B7
:109A60002622CA704B70807A0871BFBD038801AC92
:109A700023808588A58005892581272A09D1C28868
:109A80005B1E9CB2A24200D31A46C2800B224A70CF
:109A900004E00B224A70428801AB5A80801D008886
:109AA00001ABD880C81C0A221946D1F78CFDBFBD76
:109AB00070B40123002413E00168001D194202D094
:109AC0004D466918491E0C60091D121F042AFAD25E
:109AD0000D00960701D50C80AD1C1A4000D02C70EB
:109AE0000268001D002AE7D170BC7047F1B401681C
:109AF0004118436858080A1800988068DB0701D5A8
:109B00004B46C01891422DD00D78491C03240326E2
:109B10002E4002D10E78F61C491C2B090F2B07D1C1
:109B20000B780F33491C03E00F78491C0770401C69
:109B3000761EF9D1002BE5D00E78491CAD082C40DB
:109B4000032C01D10C78491C2402341965424419B4
:109B50000025AE1E9E42D5D02678641C0670401C9F
:109B60006D1CF6E700980C30F2BC704745FFFFFF14
:109B700004000000300000204C0000005C000020C9
:109B8000A42A00006C0500200000000061FFFFFF18
:109B90001F01000014000000C000002051FFFFFF63
:109BA00019010000860100005C030020BD1A3CCDB5
:109BB000A6B8995899B740EB7B60FF4A503F10D246
:109BC000E3B3C974385FC5A3D4F6493F000C000263
:109BD0000800110200011703010D0301010001013A
:109BE0000013020003090003090001010001010044
:109BF00004060012020003090114180014180012D0
:109C00000300070101070100050901050901060319
:109C10000206030006050014030009020209010000
:109C20000823001002011002010D24020D09020D8B
:109C300010000E04000A04020A05000A05000F0BBA
:109C4000020F0B000B04010C0B00082B00031B0080
:109C5000031B006C888391AAF5A53860370BDB5A8B
:109C60006083BEE69D350E480103CCDBFDF4AC11EC
:109C700091F4EFB9A5F9E9A7832C5E2CBE97F2D237
:109C800003B0208BD28915D08E1C742430ED8FC286
:109C90004563765C15525ABF9A32636DEB2A65496B
:109CA0009C80DCFB349B5F8000008000100000F291
:109CB000FF0001F1FF01F16A01100303000000320F
:109CC000041003A42E0020FF0120150000FFFF0355
:109CD000070800FB349B5F8000008000100000023A
:109CE000290007B00600A01604100207001C43005C
:109CF0002A1C6101E0025C03002024D20124F2024C
:109D00007C48D20424F2028824D2A624129424B0DF
:109D1000012207092443882B2412010412708C218C
:109D20002FE148D2C948F202AC6CC3F52B2412B81B
:109D300024B1F8821868610112020C128C74D203EB
:109D40004C6540D2EC44F20201446101620214F31A
:109D5000041F000152FF01A11E6148320454321059
:109D6000081162724804B324F49843032880000A5F
:0C9D7000A77B041081A60610010401EA84
:040000051006E0C53C
:00000001FF
