:020000041004E6
:1000000000000120317C0510517C0510537C051047
:1000100000000000000000000000000000000000E0
:10002000000000000000000000000000557C0510EA
:100030000000000000000000577C0510597C0510EE
:10004000DB610410B77C041023830410B385041013
:10005000000000000000000000000000178C0410E9
:10006000617C0510D78C04100B8D0410178E0410C2
:10007000439804107D7C051000000000AF7C051043
:10008000BD7C051033A70410977C0510000000000C
:100090008F7C051000000000A77C0510877C0510F0
:1000A000E3A704109F7C05103FAE041097AE041028
:1000B000CBB30410000000000000000000000000AE
:1000C0004C0E0020BE2300002800010200001E008C
:1000D000F7000000FFFFFFFF6400011008000003AD
:1000E000F70001000001010202020200000100030A
:1000F000000400004572726F7220696E20424C4508
:100100005F535441434B5F496E697428292030780E
:10011000253032780D0A000020204661696C2020CD
:10012000203A206163695F68616C5F7365745F7416
:10013000785F706F7765725F6C6576656C20636F52
:100140006D6D616E642C20726573756C743A20302D
:1001500078253032580A0000202053756363657398
:10016000733A206163695F68616C5F7365745F7483
:10017000785F706F7765725F6C6576656C20636F12
:100180006D6D616E640A000020204661696C20205C
:10019000203A206163695F676174745F7372765F90
:1001A00070726F66696C655F696E697420636F6DEC
:1001B0006D616E642C20726573756C743A203078B2
:1001C000253032580A0000002020537563636573A0
:1001D000733A206163695F676174745F7372765FFD
:1001E00070726F66696C655F696E697420636F6DAC
:1001F0006D616E640A00000020204661696C202059
:10020000203A206163695F6761705F696E6974207D
:10021000636F6D6D616E642C20726573756C743ADA
:10022000203078253032580A000000002020537515
:1002300063636573733A206163695F6761705F69C7
:100240006E697420636F6D6D616E640A000000005A
:1002500020205374617469632052616E646F6D2055
:10026000426C7565746F6F74682041646472657365
:10027000733A20253032783A253032783A253032B8
:10028000783A253032783A253032783A253032784B
:100290000A00000020204661696C2020203A204797
:1002A00061705F70726F66696C655F7365745F64BF
:1002B00065765F6E616D65202D20446576696365A6
:1002C000204E616D652C20726573756C743A203018
:1002D00078253032580A0000202053756363657317
:1002E000733A204761705F70726F66696C655F7307
:1002F00065745F6465765F6E616D65202D20446571
:1003000076696365204E616D650A000020204661B4
:10031000696C2020203A204761705F70726F6669B7
:100320006C655F7365745F617070656172616E6347
:1003300065202D20417070656172616E63652C20AF
:10034000726573756C743A203078253032580A0023
:100350002020537563636573733A204761705F7043
:10036000726F66696C655F7365745F6170706561FB
:1003700072616E6365202D20417070656172616EDF
:1003800063650A0020204661696C2020203A2061C4
:1003900063695F6761705F7365745F696F5F6361F5
:1003A000706162696C69747920636F6D6D616E64F0
:1003B0002C20726573756C743A2030782530325871
:1003C0000A0000002020537563636573733A20614F
:1003D00063695F6761705F7365745F696F5F6361B5
:1003E000706162696C69747920636F6D6D616E64B0
:1003F0000A00000020204661696C2020203A20611C
:1004000063695F6761705F7365745F73656375725D
:100410006974795F726571756972656D656E747303
:1004200020636F6D6D616E642C20726573756C74E2
:100430003A203078253032580A00000020205375C9
:1004400063636573733A206163695F6761705F73AB
:1004500065745F73656375726974795F72657175D0
:100460006972656D656E747320636F6D6D616E6426
:100470000A00000020204661696C2020203A20619B
:1004800063695F6761705F636F6E666967757265E8
:100490005F66696C7465725F6163636570745F61E8
:1004A0006E645F7265736F6C76696E675F6C69739B
:1004B0007420636F6D6D616E642C20726573756C52
:1004C000743A203078253032580A000020205375C5
:1004D00063636573733A206163695F6761705F632B
:1004E0006F6E6669677572655F66696C7465725F69
:1004F0006163636570745F616E645F7265736F6C76
:1005000076696E675F6C69737420636F6D6D616E81
:10051000640A0000536572766963657320616E64D6
:10052000204368617261637465726973746963738F
:10053000206372656174696F6E0A0000456E642005
:100540006F6620536572766963657320616E6420FF
:10055000436861726163746572697374696373205F
:100560006372656174696F6E0A0000003E3E3D3D36
:10057000204843495F444953434F4E4E45435449F5
:100580004F4E5F434F4D504C4554455F4556545F69
:10059000434F44450A00000020202020202D204306
:1005A0006F6E6E656374696F6E2048616E646C6512
:1005B0003A2020203078253032580A202020202070
:1005C0002D20526561736F6E3A20202020307825EF
:1005D0003032580A000000003E3E3D3D204843496D
:1005E0005F4C455F434F4E4E454354494F4E5F5518
:1005F00050444154455F434F4D504C4554455F5323
:1006000055424556545F434F44450A002020202060
:10061000202D20436F6E6E656374696F6E20496E86
:1006200074657276616C3A20202025642E25303264
:1006300064206D730A20202020202D20436F6E6ED1
:10064000656374696F6E206C6174656E63793A20BE
:1006500020202025640A20202020202D2053757082
:100660006572766973696F6E2054696D656F757414
:100670003A2020202564206D730A00003E3E3D3D57
:10068000204143495F4741505F50524F435F434FC2
:100690004D504C4554455F56534556545F434F4467
:1006A000450A00003E3E3D3D204143495F474150E1
:1006B0005F4B455950524553535F4E4F544946493D
:1006C000434154494F4E5F56534556545F434F4440
:1006D000450A00003E3E3D3D204143495F474150B1
:1006E0005F504153534B45595F5245515F565345F7
:1006F00056545F434F44450A000000003D3D3E3ED6
:10070000206163695F6761705F706173736B6579A6
:100710005F72657370203A204661696C2C207265A7
:1007200061736F6E3A203078253032580A0000002D
:100730003D3D3E3E206163695F6761705F7061733C
:10074000736B65795F72657370203A2053756363CC
:100750006573730A000000003E3E3D3D2041434961
:100760005F4741505F4E554D455249435F434F4DA2
:1007700050415249534F4E5F56414C55455F565379
:100780004556545F434F44450A0000003D3D3E3E00
:10079000206163695F6761705F6E756D6572696323
:1007A0005F636F6D70617269736F6E5F76616C7598
:1007B000655F636F6E6669726D5F7965736E6F20DA
:1007C0003A204661696C2C20726561736F6E3A2025
:1007D0003078253032580A003D3D3E3E2061636945
:1007E0005F6761705F6E756D657269635F636F6D82
:1007F00070617269736F6E5F76616C75655F636F50
:100800006E6669726D5F7965736E6F203A205375FD
:1008100063636573730A00003E3E3D3D20414349DA
:100820005F4741505F50414952494E475F434F4DEA
:10083000504C4554455F56534556545F434F4445CD
:100840000A00000020202020202D205061697269BC
:100850006E67204B4F0A20202020202D20537461EA
:100860007475733A203078253032580A20202020C1
:10087000202D20526561736F6E3A2030782530321A
:10088000580A000021212120537461727420766976
:10089000727475616C2074696D657220746F207557
:1008A0007064617465206D6F75736520636F6F721E
:1008B00064696E61746573210A0000003E3E3D3D2F
:1008C000204143495F474154545F5352565F52455C
:1008D00041445F56534556545F434F44450A000018
:1008E0003D3D3E3E20636F6E6E656374696F6E5F63
:1008F000636F6D706C6574655F6576656E742046B8
:1009000061696C2C205374617475733A20307825BA
:100910003032580A000000003E3E3D3D20686369C9
:100920005F6C655F636F6E6E656374696F6E5F6346
:100930006F6D706C6574655F6576656E74202D20D3
:10094000436F6E6E656374696F6E2068616E646C70
:10095000653A203078253034580A000020202020C5
:10096000202D20436F6E6E656374696F6E20657312
:100970007461626C6973686564207769746820408B
:100980003A253032783A253032783A253032783A82
:10099000253032783A253032783A253032780A00DC
:1009A00020202020202D20436F6E6E656374696FB8
:1009B0006E20496E74657276616C3A202020256441
:1009C0002E25303264206D730A20202020202D2017
:1009D000436F6E6E656374696F6E206C6174656ED3
:1009E00063793A2020202025640A20202020202D11
:1009F000205375706572766973696F6E2054696DE6
:100A0000656F75743A202564206D730A000000003C
:100A10006863695F6C655F726561645F70687920A7
:100A20006661696C7572653A20726561736F6E3DBF
:100A30003078253032580A003D3D3E3E20686369DB
:100A40005F6C655F7365745F7068792050485920EA
:100A5000506172616D202054583D2025642C205235
:100A6000583D202564202D20000000006163695F4F
:100A70006761705F7465726D696E6174652066612F
:100A8000696C7572653A20726561736F6E3D30787E
:100A9000253032580A0000003D3D3E3E206163692A
:100AA0005F6761705F7465726D696E617465203A2D
:100AB00020537563636573730A0000006163695FA7
:100AC000676174745F636C745F65786368616E6797
:100AD000655F636F6E666967206661696C757265D4
:100AE0003A20726561736F6E3D3078253032580A56
:100AF000000000003D3D3E3E206163695F67617418
:100B0000745F636C745F65786368616E67655F636B
:100B10006F6E666967203A20537563636573730A65
:100B2000000000003D3D3E3E206163695F676170EB
:100B30005F7365745F6164766572746973696E670B
:100B40005F636F6E66696775726174696F6E202D81
:100B5000206661696C2C20726573756C743A203064
:100B600078253032580A00003D3D3E3E20537563E3
:100B7000636573733A206163695F6761705F736572
:100B8000745F6164766572746973696E675F636FC1
:100B90006E66696775726174696F6E0A00000000A5
:100BA0003D3D3E3E206163695F6761705F736574C0
:100BB0005F6164766572746973696E675F6461749E
:100BC00061204661696C65642C20726573756C7474
:100BD0003A203078253032580A0000003D3D3E3E34
:100BE00020537563636573733A206163695F67615E
:100BF000705F7365745F6164766572746973696E42
:100C0000675F646174610A003D3D3E3E2061636937
:100C10005F6761705F7365745F6164766572746944
:100C200073696E675F656E61626C65204661696CB1
:100C300065642C20726573756C743A2030782530A9
:100C400032580A003D3D3E3E205375636365737321
:100C50003A206163695F6761705F7365745F6164A7
:100C6000766572746973696E675F656E61626C65E3
:100C70000A00000044697361626C652061647665F6
:100C800072746973696E67202D206661696C2C200F
:100C9000726573756C743A203078253032580A00CA
:100CA0003D3D3E3E2044697361626C65206164761F
:100CB0006572746973696E67202D2053756363656F
:100CC00073730A006163695F6C326361705F636FA5
:100CD0006E6E656374696F6E5F706172616D65746D
:100CE00065725F7570646174655F726571202D2037
:100CF0006661696C2C20726573756C743A2030786B
:100D0000253032580A0000003D3D3E3E20616369B7
:100D10005F6C326361705F636F6E6E656374696F81
:100D20006E5F706172616D657465725F757064612C
:100D300074655F726571202D2053756363657373ED
:100D40000A0000003D3D3E3E206163695F676170BF
:100D50005F636C6561725F73656375726974795FF7
:100D60006462202D204661696C2C20726573756C5D
:100D7000743A203078253032580A00003D3D3E3E1E
:100D8000206163695F6761705F636C6561725F7347
:100D9000656375726974795F6462202D2053756391
:100DA000636573730A00000020204661696C20208F
:100DB000203A206163695F676174745F7372765F64
:100DC0006164645F7365727669636520636F6D6DDE
:100DD000616E643A204241532C206572726F72201A
:100DE000636F64653A2030782578200A000000009F
:100DF0002020537563636573733A206163695F678D
:100E00006174745F7372765F6164645F7365727638
:100E100069636520636F6D6D616E643A2042415372
:100E2000200A000020204661696C207265676973A2
:100E3000746572696E67204241532068616E646C0C
:100E40006572730A0000000012100400FB349B5FFF
:100E50008000008000100000192A0000100000002F
:100E600001000000B4010020D0010020FB349B5F92
:100E700080000080001000000F180000100000002B
:100E80000100000000000000000000000100000060
:100E9000480E041001000000010000003C0E00207C
:100EA0002D2D2042415454455259204C4556454C15
:100EB000204150504C49434154494F4E20534552D4
:100EC000564552203A204E4F5449464943415449D1
:100ED0004F4E20454E41424C45440A002D2D2042A4
:100EE000415454455259204C4556454C2041505090
:100EF0004C49434154494F4E205345525645522088
:100F00003A204E4F54494649434154494F4E20449C
:100F1000495341424C45440A0000000020204661EC
:100F2000696C2020203A206163695F676174745F97
:100F30007372765F6164645F73657276696365205E
:100F4000636F6D6D616E643A204449532C20657265
:100F5000726F7220636F64653A2030782578200ABA
:100F6000000000002020537563636573733A2061AD
:100F700063695F676174745F7372765F6164645FF5
:100F80007365727669636520636F6D6D616E643A37
:100F900020444953200A000020204661696C2072D9
:100FA00065676973746572696E6720444953206888
:100FB000616E646C6572730A000000000210040028
:100FC000FB349B5F8000008000100000292A000095
:100FD000100000000000000000000000DC01002004
:100FE00002100400FB349B5F8000008000100000B2
:100FF000242A000010000000000000000000000093
:10100000E801002002100400FB349B5F8000008098
:1010100000100000262A0000100000000000000060
:1010200000000000F401002002100400FB349B5F6C
:101030008000008000100000282A0000100000003E
:101040000000000000000000000200200210040068
:10105000FB349B5F8000008000100000502A0000DD
:101060001000000000000000000000000C02002042
:10107000FB349B5F80000080001000000A18000015
:10108000100000000100000000000000000000004F
:1010900005000000BC0F041000000000020000006A
:1010A0003000002000000000080000002C0200209A
:1010B0000000000001000000720700200100000095
:1010C000010000003D0E00200000000001000000B3
:1010D0003E0E00200000000002000000700700200B
:1010E0000000FFFF0000000004000000E0100410FA
:1010F000000000000200000032000020000000009C
:1011000001000000D2C8041001000000010000002E
:101110003F0E002020000000FB349B5F8000008019
:1011200000100000052A000010000000010000006F
:1011300074030020E41004100A000000FB349B5FDD
:101140008000008000100000292B0000100000002B
:101150000000000000000000F01004100200000079
:10116000FB349B5F80000080001000002A2B0000F1
:10117000100000000000000000000000000000005F
:1011800002000000FB349B5F800000800010000024
:101190003A2B0000100000000000000000000000DA
:1011A000FC1004104143495F474154545F4154547B
:1011B0005249425554455F4D4F4449464945445F65
:1011C00056534556545F434F444520484944535F66
:1011D000494E5055545245505F4E4F544946595F01
:1011E00044495341424C45445F4556540A0000006F
:1011F0004143495F474154545F4154545249425519
:1012000054455F4D4F4449464945445F5653455602
:10121000545F434F444520484944535F494E50551D
:10122000545245505F4E4F544946595F454E4142D6
:101230004C45445F4556540A00000000202046619A
:10124000696C2020203A206163695F676174745F74
:10125000636F6E6669726D5F696E646963617469FC
:101260006F6E20636F6D6D616E642C207265737597
:101270006C743A2030782578200A000020205375BD
:1012800063636573733A206163695F676174745F58
:10129000636F6E6669726D5F696E646963617469BC
:1012A0006F6E20636F6D6D616E640A002020466171
:1012B000696C2020203A206163695F676174745F04
:1012C0007372765F6164645F7365727669636520CB
:1012D000636F6D6D616E643A20484944532C2065FC
:1012E00072726F7220636F64653A203078257820BF
:1012F0000A0000002020537563636573733A206110
:1013000063695F676174745F7372765F6164645F61
:101310007365727669636520636F6D6D616E643AA3
:101320002048494453200A0020204661696C2072FD
:1013300065676973746572696E6720484944532014
:1013400068616E646C6572730A000000021004002C
:10135000FB349B5F80000080001000004A2A0000E0
:10136000100000000000000000000000C804002081
:1013700004100400FB349B5F80000080001000001C
:101380004C2A0000100000000000000000000000D7
:10139000D404002002100400FB349B5F8000008016
:1013A000001000004B2A00001000000000000000A8
:1013B00000000000640400201A100000FB349B5F52
:1013C00080000080001000004D2A00001000000086
:1013D00002000000D0030020C4030020FB349B5F08
:1013E00080000080001000001218000010000000B3
:1013F00001000000000000000000000004000000E8
:101400004C13041020204661696C2020203A206192
:1014100063695F676174745F7372765F6E6F74691E
:10142000667920494E50555452455020636F6D6D7A
:10143000616E642C206572726F7220636F64653A0E
:101440002030782532580A00202053756363657375
:10145000733A206163695F676174745F7372765F6A
:101460006E6F7469667920494E505554524550202C
:10147000636F6D6D616E640A000000000100000082
:1014800001000000400E0020484944535F494E507F
:1014900055545245505F4E4F544946595F454E4151
:1014A000424C45445F4556540A00000048494453A5
:1014B0005F494E5055545245505F4E4F544946591E
:1014C0005F44495341424C45445F4556540A00002D
:1014D00053656E64696E67206F66205265706F7227
:1014E00074204D6170204661696C6564206572727C
:1014F0006F7220307825580A0000000053656E6432
:10150000696E67206F662048494420496E666F7295
:101510006D6174696F6E204661696C6564206572E7
:10152000726F7220307825580A0000004572726F81
:1015300072207768696C652073656E64696E6720D8
:1015400074686520686964207265706F72742E20FB
:10155000286572726F72203D2030782530327829EC
:101560000A00000096C298D84539A1F4A033EB2DAB
:10157000817D0377F240A463E5E6BCF847422CE1A5
:10158000F2D1176BF551BF376840B6CBCE5E316BE9
:101590005733CE2B169E0F7C4AEBE78E9B7F1AFEAD
:1015A000E242E34F00F00B1000080000AA02000026
:1015B00000F80B10F80701000000000096C298D850
:1015C0004539A1F4A033EB2D817D0377F240A4636C
:1015D000E5E6BCF847422CE1F2D1176BF551BF3775
:1015E0006840B6CBCE5E316B5733CE2B169E0F7C48
:1015F0004AEBE78E9B7F1AFEE242E34F20204661D2
:10160000696C2020203A206163695F676174745FB0
:101610007372765F6164645F736572766963652077
:10162000636F6D6D616E643A20534350532C206597
:1016300072726F7220636F64653A2030782578206B
:101640000A0000002020537563636573733A2061BC
:1016500063695F676174745F7372765F6164645F0E
:101660007365727669636520636F6D6D616E643A50
:101670002053435053200A0020204661696C207299
:1016800065676973746572696E67205343505320B0
:1016900068616E646C6572730A00000004100400D7
:1016A000FB349B5F80000080001000004F2A000088
:1016B0001000000000000000000000007406002080
:1016C00010100000FB349B5F8000008000100000C1
:1016D000312A000010000000010000005806002020
:1016E00000000000FB349B5F8000008000100000C1
:1016F00013180000100000000100000000000000AE
:1017000000000000020000009C1604100100000010
:1017100001000000440E0020686A6C747A4C0000DE
:101720007072696E74665F733A20256E2064697307
:10173000616C6C6F776564007072696E74663A20D4
:1017400062616420256E20617267756D656E74003C
:101750007072696E74665F733A20626164202573EB
:1017600020617267756D656E7400000000000000F6
:101770006E616E004E414E00696E6600494E460035
:1017800030002E00FB349B5F8000008000100000C2
:10179000292B000010000000FB349B5F80000080BC
:1017A00000100000052A00001000000002000000E8
:1017B000030000000300000006000000030000001A
:1017C000030000003C0000007000000070000000FA
:1017D000D003000070000000C3010000D97D051097
:1017E00033BA04105BBC041037BF041053BE04109E
:1017F0009528041061D505105F2A0410672A04108B
:101800006F2A0410772A04107F2A04106D830510B4
:101810002F2A04101F2A0410372A041033C604107C
:1018200073B80410592904107129041049290410AF
:1018300081D2051051290410030000002BE205108D
:10184000290000006BE205103F00000051E2051086
:1018500059820510B5D7051011D60510B5D9051058
:10186000C7DB0510C7DB0510DDDC0510B5D9051099
:10187000B7DE0510B7DE0510B7DE0510B9D80510C4
:10188000CBD505108FD50510DDDC0510A52804107B
:10189000AD280410B7E20510BFE20510BBE2051049
:1018A000CD280410D5280410DD280410E5280410E4
:1018B00023E20510F5280410FD2804100529041062
:1018C000ED28041045E205104DE205107FE20510F9
:1018D00027E2051049E20510C3E2051005E30510F3
:1018E0009DC005100000000013E3051071BF051036
:1018F000A5D10510F7E705106DC605109BE705108B
:101900006FE805103DE30510F0B595B0062104A879
:1019100000F0BEFD0620694608730020C881934C84
:1019200008A82100342200F0BBFD08A800F0EEFD5D
:10193000010005D02000343000F01EFE00F0D9FE7A
:101940001821002000F0DAFE002805D00100200058
:10195000583000F011FE03E02000983000F00CFE3B
:1019600007A9891C012000F0CDFE002805D0010048
:101970002000C83000F000FE04E084204000201861
:1019800000F0FAFD0121002000F0F0FE002806D052
:1019900001009C204000201800F0EEFD04E0B6207D
:1019A0004000201800F0E8FD06A8009006AB9B1C44
:1019B00007AA0021012000F0E1FE04AA03A980206B
:1019C00000F064FF04A801780291417801918178C8
:1019D0000091C37802794179C8204000201800F0B6
:1019E000CBFD00BF62A20921002000F0FCFE002810
:1019F00006D00100EA204000201800F0BDFD04E000
:101A000086208000201800F0B7FD03AA921C022156
:101A1000002000F0EEFE002806D001009320800098
:101A2000201800F0A9FD04E0A4208000201800F098
:101A3000A3FD012501209549087001F028F8002830
:101A400006D00100B1208000201800F095FD04E0D0
:101A5000C1208000201800F08FFD002000908B49ED
:101A600048700820C870102008718D70009E884D45
:101A7000A85DA9194978092922D0FF293CD1302134
:101A8000AA1991700099D170022111718D215171A3
:101A90008C2191710099D171009911720099517244
:101AA00004A94A79AB199A720A79DA72CA781A7358
:101AB0008A785A734A789A730978AA19D1731BE005
:101AC000311869180A78582A16D14A1E1378582BEB
:101AD00012D16B461B7C1B096F463F7C3F073F0FB3
:101AE000092B01DD373300E030331370092F01DD9E
:101AF000373700E030370F703618761CB6B21F2E1D
:101B0000B6DB0020029010200190082000900023F6
:101B100001220021012000F0BEFF002806D00100B4
:101B2000CD208000201800F027FD04E0DF20800099
:101B3000201800F021FD5548807800280FD00120A2
:101B400000F0F4FF002806D00100ED2080002018EE
:101B500000F012FD03E04F48201800F00DFD00BF1B
:101B600006A000F009FD15B0F0BD0000C000041093
:101B7000484944204D6F7573650000003D3D3E3E71
:101B800020456E6420424C455F496E69742066753D
:101B90006E6374696F6E0A0080B5012000F0D6FF95
:101BA00000F0D7FF012000F0D2FF01BD80B501F0A9
:101BB0009DF801BD80B50021022016E080B502F03D
:101BC000B8F901BD80B5FFF7F5FF01BD80B502F0A2
:101BD000E3F9FFF7EFFF0121042006E080B502F0F2
:101BE0002FFA01BD80B50121012002F0A1FA01BD4B
:101BF000F8B5294A0021012002F08DFA274A002178
:101C0000022002F088FA264A0021042002F083FA1A
:101C100002F0F0FA02F078FB0021C943884201D1BA
:101C200000F067FDFFF770FE184C0025A5731D48F6
:101C3000A08102F053FC1CA7380000F09DFC1B4E55
:101C4000300000F099FC02F0C3FB02F00FFD02F03F
:101C50005CFD02F06CFD3000283000F08DFC380097
:101C600000F08AFC012000F019FB114A00218020BD
:101C7000800002F050FA0F48A0610F492000103098
:101C800001F0DCF928202554F1BD0000F80C0020FB
:101C9000940100200C040000991B0410AD1B0410DB
:101CA000BD1B0410FFFF00000A0000001405041013
:101CB000312404101524041060EA0000F8B584B043
:101CC00005002878042802D0822802D0E7E1EE1C23
:101CD00000E02E1D6978CE4FCE4C052908D0102982
:101CE00000D1CDE13E2954D0FF2900D116E1D3E146
:101CF000287969790906090C0843C7498A899042FD
:101D000012D1C648888100208873200000F034FC7E
:101D1000297968790006000C0143AA7920002C304B
:101D200000F02AFC0020387500F06AFBBC4C012052
:101D30002070287969790906090C08436080200021
:101D400002F034FB01202071287969790906090C19
:101D50000843E080201D02F087FC012020722879D2
:101D600069790906090C084360812000083002F0F7
:101D7000CBFC01202073287969790906090C0843F6
:101D8000E08120000C3002F0D1FC012000F086FA46
:101D900085E1E978012900D19EE0032906D00A29CE
:101DA00000D18AE00C2900D183E0B5E020006C303E
:101DB00000F0E2FBE879297A0906090C084302F0F1
:101DC000BBFC0022B74B02F0D1FC002280235B0356
:101DD00002F08EFDE879297A21D80906090C08431A
:101DE000EE79297A0906090C0E4302F0A5FC0022BF
:101DF000AC4B02F0BBFC00900191300002F09CFC67
:101E00000022A84B02F0B2FC02F09AFD02F0A4FC02
:101E100002000B000098019902F01EFE1EE0090668
:101E2000090C0843EE79297A0906090C0E4302F0E1
:101E300083FC00229B4B02F099FC02F081FD02F032
:101E40008BFC00900191300002F076FC0022964B52
:101E500002F08CFC009A019B02F09BFD0022934B48
:101E600002F084FC02F06CFDEA7A297B0906090C79
:101E70000A436B7AA97A0906090C0B43E9792E7A91
:101E80003606360C31430A255543009506001D00E1
:101E9000080002F051FC0022824B02F067FC02F0C5
:101EA0004FFD01002B0032002000A03000F064FB49
:101EB000F5E0012002F04CF9F1E0E87F6D1CE97FCC
:101EC0006D1E0906090C08436A7FA97F0906090CE3
:101ED0000A43EB7E297F0BE0E87C297D0906090C8B
:101EE00008436A7CA97C0906090C0A43EB7B297C20
:101EF0000906090C0B436979AC792406240C2143AB
:101F00000390029201932800093000902B7AEA791D
:101F1000287900F021F9C2E066A0BEE0307871783F
:101F20000906090C0843001FF5D06149401A4CD03E
:101F3000401E10D0401F0AD0801E1FD0401E08D067
:101F4000C91F401AE7D02331401A6ED091E0882093
:101F500012E09C2010E0B4204000201800F00CFBA0
:101F6000C4492D48808900F0A4FD002803D0010059
:101F7000C820400021E0E220400022E0F62040009E
:101F8000201800F0F9FA301D02F0ECFD010000BF4E
:101F90004FA000F0F1FA301D02F0E4FD010000BF97
:101FA00052A000F0E9FA01211B48808900F085FD6C
:101FB000002804D001008820800020186DE09B20BC
:101FC0008000201800F0D8FA69E0AB2080002018CB
:101FD00000F0D2FA3179002906D07279B62080005B
:101FE000201800F0C9FA02E046A000F0C5FAA2A04D
:101FF00000F0C2FA3079002814D101203875C620CB
:102000008000201800F0B8FA02F02AFA47E000BF7A
:10201000780D00206C050410F80C0020FFFF000074
:10202000C00D00200020387539E0D4208000201831
:1020300000F0A2FAB179F0790006000C014300BF6C
:1020400036A000F099FAB279F0790006000C02434C
:10205000317970790006000C0143B078F3781B06E3
:102060001B0C1843002301930093082300F04AFD42
:1020700015E0317870780006000C01432BA00CE0CD
:10208000E87804280BDABFF34F8F7C487C4908605E
:10209000BFF34F8F00BFFDE72AA000F06DFA05B037
:1020A000F0BD00000000F43F0000F4BF0000594004
:1020B000FD0300004843495F4C455F4D4554415F77
:1020C0004556543A203078253032580A0000000036
:1020D00020202020202D206E756D657269635F764B
:1020E000616C7565203D2025640A000020202020B9
:1020F000202D204865785F76616C7565203D202530
:10210000780A000020202020202D2050616972696B
:102110006E6720537563636573730A0048616E646C
:102120006C65203078253034580A00004843495FF8
:1021300056454E444F525F4556543A20307825302C
:1021400034580A004843495F4556454E543A2030BA
:1021500078253032580A0000F8B588B0594D00246F
:10216000020005D00100474800F006FAAC737FE09A
:102170000F9F0E9E68468181434800F0FDF930783C
:10218000029070780190B0780090F378327971798C
:102190003E4800F0F1F9380002F0CEFA06AA03C278
:1021A00006A80CC800203A4902F0E0FA6A4603C2C9
:1021B000684603C802F0C4FB060002F0CDFA04AA88
:1021C00003C2684603C8002280235B0302F090FB31
:1021D00006D8684603C804AA0CCA02F03DFC0AE00F
:1021E00006A803C82B4B02F0C1FA02000B0004A89A
:1021F00003C802F0CEFB0022274B02F0B7FA02F030
:102200009FFB02001198109B0A214143009131006D
:102210007A4800F0B1F9A87B012801D1032000E041
:102220000220A87368468089A881804E3470684671
:1022300080897080300002F0B9F834716846808976
:10224000F080301D02F010FA347268468089708187
:102250003000083002F058FA347368468089F08103
:1022600030000C3002F062FA2800103000F009FF54
:1022700009B0F0BD40E201000A0000000400FA05C8
:102280000CED00E0E0080410180904105C090410CB
:102290000000F43F0000F4BF00005940F1B58EB0DB
:1022A00080200B90A027734C064E0EAA1278052AA8
:1022B00042D801A39B5C9F440E041C7E325C042523
:1022C00043E000BFF80C0020C820C0000B90FA27A4
:1022D0003F01052539E0002500220021002002F001
:1022E0004CFC010000D17EE0992012E0C827BF001D
:1022F0000B970025FA21490089B20091ABB23A0050
:102300000B9989B2B08900F00AFC00286ED0010058
:10231000AD20800061E01321B08900F0B4FB0028FB
:1023200003D0010020005C3058E02000883000F02D
:1023300023F900F06AF85EE00EA80078012804D9BD
:10234000801EC9D0801ED7D055E006210CA800F011
:102350009FF800200A900990012008900020079023
:102360000120069000200590049003900290072021
:10237000019000970B9B13220221002002F001FC28
:10238000002806D001008A204000201800F0F4F850
:1023900005E0B573AC204000201800F0EDF8374B95
:1023A0001F220321002002F021FC002806D001009A
:1023B000C8204000201800F0DFF804E0E6204000CC
:1023C000201800F0D9F80CAA0121012002F0D5FB59
:1023D000002806D00100FC204000201800F0CCF8B6
:1023E00009E08D2003E0B573A42000E0BE2080004A
:1023F000201800F0C1F80FB0F0BD0000A0090410D3
:1024000080B5012001F0A4FE01BD80B5012001F0DE
:10241000A9FE01BD80B500218020800001F088FE6A
:102420001749184800F00AFE01BD0000C00D002049
:1024300080B5144800F025FE0220FFF72FFF002092
:10244000FFF72CFF01BD000070470B48807B02287E
:1024500000D1704780B500F034FB0B4A002804D04F
:102460000100100000F088F801BD1000383000F0C5
:1024700083F801BD100A0410F80C0020940100201C
:1024800060EA0000080D0020440D041070470000B1
:10249000002200BF094202D0491E4254FCD17047BD
:1024A00070B4103A03D378C9103A78C0FBD25307FE
:1024B00001D318C918C001D508C908C0D20704D370
:1024C0000B880380891C801C002A01D50B780370BF
:1024D00070BC70478B0701D18307E1D0124205D051
:1024E0000B78491C0370401C521EF9D17047010043
:1024F00020000900010026000F000100290005004E
:1025000001002F001000010049001000B0B5054681
:10251000C07A1224802829D8298C172926D3144858
:10252000821D914222D8298A17291FD381421DD8A2
:10253000A87E00281AD002F05DFB002808D0E87EB3
:10254000002813D0802811D8287F401E0E280DD8CF
:1025500008483422294602F04FFB02F0B9FB00285C
:1025600003D402F02DFE002400E087242046B0BDF5
:10257000FA0300008C0C00200EB4C0B5020003A8C2
:1025800001900020009001AB0121044878440C30F8
:1025900002F080FE029906B0084700BFADAF01000F
:1025A00081B0314901E081B030490A6802430A60D4
:1025B000096808400090009801B070477CB503F0AE
:1025C0000DFE00F05DF800F081F80820FFF7E8FF4D
:1025D0000420FFF7E5FF00F0BBFA00BF46A000684B
:1025E0000090234C206A0125ED430126304008D19C
:1025F0002068304320602068284020600120FFF7D9
:10260000D2FFC020C0050090684603F0F9FD68467F
:102610000021002206C0206A304008D1206806430D
:1026200026602068054025600120FFF7BCFF1148A7
:1026300000681028FBD36846A021490001800021D2
:102640008170019100F0B5FA0B480C49016003F06C
:1026500097FF002801D000F04CF8002004F000F8AB
:1026600004F005F9FCE700005000404860004048D5
:102670004000404810180060E80D0020000030487D
:1026800080B588B0182102A8FFF702FF6846002134
:10269000002206C0032002908020400203901020F8
:1026A000059002A804F09EF9002801D000F021F85E
:1026B00000200090202001900021684604F0BAFA22
:1026C000002801D000F015F809B000BD80B586B033
:1026D00018216846FFF7DCFE02200090C00205903A
:1026E000684604F043FB002801D000F002F807B070
:1026F00000BD72B6FEE700000000000080B504F0E7
:10270000D7FB80BDF8B506000F0000203880154CBF
:10271000200000F0DAF9010023D1200000F0D9F9FF
:102720000400114DF00705D52100280000F0D5F96F
:10273000010016D1280000F0D4F9388021002800CB
:10274000243000F0CAF901000BD1210028004830E4
:1027500000F0C3F9010004D1210028006C3000F022
:10276000BCF9F2BD900300201411041080B50228BA
:1027700001D9122080BD04F0BFFB80BDFEB50C0066
:10278000089F0025158002990D803D80052101409C
:1027900027D0394E300000F098F9010022D1684668
:1027A0000470364C200000F09CF90199088020004C
:1027B000243000F096F902990880300000F089F981
:1027C0003D8069460978022906D1010020006C305D
:1027D00000F083F9010005D12AA20821002000F0B1
:1027E00002F80020FEBD70B504000D00160023485D
:1027F00004E070B504000D001600214800F071F9E6
:1028000033002A002100401C80B200F001F870BDA6
:10281000F3B581B017001D000024184E69460880EA
:1028200024206043301800F05CF9002804D0401CDC
:1028300069460988884202D0641C072CF0D3072C13
:102840000BD068460389242044433419206A8188C8
:10285000DA19914201DB002801D11220FEBD2900C6
:102860003A008068C018FFF735FE206A01788907B2
:1028700000D547800020FEBD4C0300205002002000
:102880007402002053544D333257423080B504F067
:102890008DFB80BD80B504F0FFFB01BD80B504F069
:1028A00021FC01BD80B504F045FC02BD80B504F0FB
:1028B00069FC02BD80B504F093FC02BD80B504F054
:1028C00091FC02BD80B504F08FFC02BD80B504F020
:1028D000A7FC02BD80B504F0D5FC02BD80B504F0B4
:1028E000EDFC02BD80B504F005FD02BD80B504F02D
:1028F00041FD02BD80B504F083FD02BD80B504F04A
:10290000AFFD02BD80B504F0C9FD02BD80B504F085
:10291000E1FD02BD80B504F017FE02BD80B504F0F4
:1029200015FE01BD80B504F02FFE01BD80B504F099
:102930006BFE02BD1CB56C46247D01946C46247C64
:10294000009404F0B7FE13BD80B504F063FF01BD31
:1029500080B504F07BFF01BD80B504F093FF01BD9D
:1029600080B504F0E5FF01BD80B505F039F801BD83
:1029700080B505F08FF801BD80B505F019F902BDED
:1029800080B505F069F901BD80B505F06DF902BDAE
:1029900080B505F073F902BD80B505F08DF901BD74
:1029A00080B505F0FFF902BD80B505F047FA02BD1C
:1029B00018B587B010AC247806940FAC2478059431
:1029C0000EAC247804940DAC247803940CAC2478D9
:1029D00002940BAC247801940AAC2478009405F09E
:1029E00065FA08B010BD80B505F08EFA01BD80B55E
:1029F00005F0A4FA01BD80B505F0BEFA01BD80B5B1
:102A000005F004FB01BD80B505F020FB02BD80B5DB
:102A100005F038FB02BD80B505F062FB01BD80B555
:102A200005F07EFB01BD80B505F05CFC01BD80B505
:102A300005F073FC01BD80B505F074FC01BD80B5E7
:102A400005F036FD02BD80B505F088FD02BD80B5FC
:102A500005F0B0FD01BD80B505F0FAFD01BD80B502
:102A600005F05AFE01BD80B505F068FE01BD80B5D8
:102A700005F08CFE01BD80B505F0ACFE01BD80B552
:102A800005F064FF01BD80B505F076FF02BD80B59D
:102A900005F076FF02BD1FB508AC247802946C46A1
:102AA000247F01946C46247E009405F071FF04B0ED
:102AB00010BD80B505F0B0FF02BD80B505F0B8FFD0
:102AC00002BD80B505F0BCFF02BD80B505F0BDFFBD
:102AD00002BD80B505F0BDFF02BD80B505F0BDFFAC
:102AE00002BD80B505F0BDFF02BD80B505F0BDFF9C
:102AF00002BD1CB5059C01946C46248A009405F027
:102B0000B8FF16BD1CB5059C01946C46248A009440
:102B100005F0BEFF16BD80B505F0C3FF02BD1CB5B4
:102B20006C46248A009405F0C0FF16BDE0B501A9EB
:102B3000087001220846114605F0C4FF002800D0A5
:102B40008CBD01A8007805F0DBFF8CBD7047704795
:102B5000704780B5002005F0EFFF80BD010005D46F
:102B60000121C006C00E81405F4801607047C16806
:102B70000322914302220A43C260704701E0000031
:102B800000BFC16803229143C16070470161704773
:102B9000816ABE4A0A408262704700697047816A52
:102BA000802292050A438262704780687047C0683D
:102BB0007047F1B50127B648C06B3843B449C863C4
:102BC0000846806B384388631720FFF7C7FF14203F
:102BD000FFF7C4FF00984068002800D00120AD4CEA
:102BE00020700025000603D100988078002813D0BB
:102BF000A948C1683940FBD017210160C168394339
:102C0000C1604560C1683940FCD02000103000F040
:102C1000A1FAE069206209E0C82040032062E06177
:102C2000AD48A061AD482061AD4860610098406842
:102C3000002802D1A020C0050DE000030A2105F004
:102C4000CFFF6060A74E300000F0E8F90100606837
:102C5000884202D3300000F0E1F9606025730098EB
:102C60000088A14E3060A16900F0F5FA00208C21A7
:102C7000605400213200083203C285480068306188
:102C800000203200183203C230216054974AA169F3
:102C9000606805F0C1FFA060207821008C310874C5
:102CA00020008C30856020008C30077321008C312F
:102CB0004D7321008C31CD8120006130057045704D
:102CC0008570A565E5658A48A064656500F0ADF985
:102CD0006268002312184B412000403000F0E8FAEF
:102CE000012000F063FAF1BD00E100E0F8B58CB01E
:102CF000002069460870674F38009930019028E03D
:102D0000401C1CE0046905738168002900D08847D5
:102D10002000F7D169469420385800F04DFB9421EB
:102D200078506846007801280DD1EFF3108172B613
:102D300001980078421C019B5B789A42E0D1019A8D
:102D4000107081F310880198407804994018019917
:102D5000487001984078019909780A1A02D28020B7
:102D6000400012180026002A29D0049294203C58D2
:102D700003940294002502E0260024696D1C002CB7
:102D80000FD0207B0028F7D000F04FF902000B0095
:102D900003CC083C801A99410029EDDB01DC0628B0
:102DA000EAD328000025002802D03561039400E012
:102DB000029503989421785002980028A9E7387B5F
:102DC000002847D066480068012420405BD03E734D
:102DD0006448C178002904D18178002901D0867027
:102DE00026E0387800281CD002A800F0B3F9049936
:102DF000B86E80B200F02FFAEFF3108572B6302073
:102E00003C54039878610498B86102983861059839
:102E1000F86100F03BFB85F31088002000F0C6F954
:102E200006E0EFF3108472B600F030FB84F31088F4
:102E3000012000F075FB3800403000F022F900F06E
:102E4000F4F87A68002312184B413800403000F043
:102E50002FFA18E03878002815D000F0E6F83A6F1D
:102E60007B6FFA2464030025A4185D418D420AD8C3
:102E700001D3844207D23800403000F002F9380014
:102E8000403000F0F9F90DB0F0BD0000FFFFFFBFCA
:102E900010180060E808002004100060F8B5040075
:102EA0004C480668EFF3108572B600F045FA4A4FB9
:102EB0003B00803303CB083B03C4083C5E4AF969FE
:102EC0009868801B05F0A8FE020085F3108803CCEB
:102ED0000023801A9941F4BDC2F528008D5B0000E3
:102EE000ECEB6501FFEFFFFF500900202603000017
:102EF00079320410F8B50B0000D00123364E3500AE
:102F000058352B73110000D00121297200246C72F6
:102F1000EC720121A972EFF3108772B600F0FEF88F
:102F200003C5083D02460B462800283003C8121A84
:102F30008B418548A34201D8824204D3AC7287F307
:102F400010880120F2BD002000F0EAFA040087F3A7
:102F50001088012000F07EFA2000F2BD0000000081
:102F6000101000608109002070B50320C04378492B
:102F70000A6802400A600A68104008602048016838
:102F8000654A0A400260144C200058300025457202
:102F90004581EFF3108672B600F047F8A26DE36D3D
:102FA000121A8B418C20205C0021121A8B4186F36F
:102FB0001088002B04DC01DB012A01D2012070BD46
:102FC000002B04DC01DB0F2A01D2022070BD00209F
:102FD00070BD000014000060E8080020EFF31080CE
:102FE00072B65A4909685A4A091D5160116803238B
:102FF000994302230B43136080F31088704700004D
:10300000281800607047A848010061310022612340
:10301000C05C002800D00A708A70704780B5064AEC
:10302000A149C96905F0F8FD02BD80B500F084F939
:103030009E4803C804BD000035060000F8B5040032
:103040000D00FFF7F2FF06000F00290D28030A22EA
:10305000002305F002FE8019794102000B002000D8
:1030600000F026F90400012000F0F4F9E0B2F2BD0E
:1030700010B500F01DF90400012000F0EBF9E0B2FA
:1030800010BDF8B5AA4C21680E00002300250A00E7
:1030900001E035003669002E07D08642F9D1376944
:1030A0008E4201D13A0000E02F616D462B70037310
:1030B0002068904215D06946100000F07DF920602C
:1030C0006846007800280DD0EFF3108072B6617961
:1030D0004A1CA3799A4200D0491C617180F3108880
:1030E000F1BD2260F1BD18B5002000900098914814
:1030F0000168094A0A400260AC490A78531C4C78BE
:10310000A34200D0521C0A700121C2690A43C26165
:10311000C0690140009111BDFFFFFFBF10B5040061
:1031200000F00AF9614803C80A00844200D2521C28
:103130001100200010BD9E48816801220A43826070
:10314000002101607047000066FEFFFF101800605C
:103150000C00006070B50400964D2800FFF725FDB7
:1031600006002800FFF721FD8642F6D1002EF4D09C
:10317000B74932124A43F3B24B4319125118103176
:103180004911E16026602800FFF711FD06002800C4
:10319000FFF70DFD8642F6D1002EF4D0B011B849EC
:1031A000484380300012A060666070BDF8B507002B
:1031B000B44D687A7D214843C90005F0FDFC461CEA
:1031C000F6B2394CB04AA1691B2005F025FD2870E4
:1031D000687800F02AF83D216054E878801900F002
:1031E00024F8382160542879801900F01EF839211C
:1031F0006054687900F019F83A216054A87900F019
:1032000014F83B216054002F06D0E878801900F0B4
:1032100004F81B303C216054F1BD68214143090A88
:10322000DB225043000C0818704700B502001E480E
:1032300040690021002305F04FFD0322002305F023
:103240004BFD8022D204002312184B41D20E5801AC
:103250000243100000BD80B58B4A05F0DDFCAB4990
:10326000884201DD080002E0102800DA1020000585
:10327000000EA749086001BD10B5A64C207B0028B0
:1032800006D12078002801D0FFF755FF01202073D8
:10329000FFF7CBFE00226430514102000B002000FA
:1032A000403000F005F810BDE80800206809002053
:1032B000FEB500256C462570017B002901D0012058
:1032C000FEBD0CC0083801210173194C2668019617
:1032D000070001E035003669002E08D00CCE083E0C
:1032E00003CF083F8B42F5D301D88242F2D3380096
:1032F0000661002D01D1019000E028610199814211
:1033000013D1694600F058F820606846007800281C
:103310000BD0EFF3108072B661794A1CA3799A4200
:1033200000D0491C617180F3108868460078FEBDAA
:103330007C09002030180060F8B584B0EFF31086E7
:1033400072B6744C206F616F02AA03C27248FFF715
:1033500024FC030027008037BB60704D02A803C81F
:10336000009001912A00E169A06F181A05F054FC41
:103370000021009A019B801859410CCF083F9942C7
:103380000FD801D390420CD2009001912A00E1693C
:103390000020C04305F040FC0021009A019B8018EA
:1033A000594103C786F3108805B0F0BD810900209C
:1033B0000810006000100060F1B584B00F000446F2
:1033C0000020387000E02469002C3ED0207B0028CB
:1033D000F9D0EFF31080009072B6FFF7ADFF4D4DBE
:1033E00003CC083C2A0080320CCA801A994102AAF8
:1033F00003C202A803C800291DDB01DC01281AD37F
:10340000214AAB6902A803C8190005F005FC0500B4
:10341000202D00D82025AF4E3000FFF7BEFB40190D
:103420000830F0623000FFF7BAFB306B8021C9052D
:103430000143316301E001203870009880F3108867
:103440003878002801D0049800E0200005B0F0BDD5
:10345000F6BC080010B5A0490C009834002808D02C
:10346000207800280BD108004030FFF705FF01202D
:1034700004E008004030FFF704FE0020207010BD7B
:1034800053070000C50000202603000070B5224845
:10349000FFF783FB1F4C25008035A8601F4E3200CC
:1034A000216AA36FC01A05F0B7FB226F636F00217A
:1034B00080185941206761672078002813D1A868D7
:1034C000A16F401AA16888420DD23200216A002003
:1034D000C04305F0A1FB0200206F616F00231218AA
:1034E0004B4122676367206F616F03C5083DA86881
:1034F000A067226F0B4660680021801859412200A6
:10350000283203C2E069206270BD0000FF0F000096
:1035100008180060E8080020001800603506000068
:10352000F0B585B000216A4611706B4C25006035FE
:10353000A978002900D1B6E0EFF31081049172B6AA
:10354000012801D1FFF7F8FE20002830C0C8A26D85
:10355000E36DC82080020021801979418B4210D38D
:1035600001D882420DD3B9225200002392197B4127
:103570002800203003C88B4201D802D3824200D3F6
:103580008EE02800203003C800220A305141A26D8D
:10359000E36D00264C3AB34199427DD801D3904265
:1035A0007AD23C20265C6020205C2979012905D153
:1035B000002801D0382006E0392004E0002801D09E
:1035C0003A2000E03B20205C0190A26D28002030D2
:1035D00003C8101A0390414AA169039805F01CFB27
:1035E0000290A86AC027FF05A9687118C831039A1C
:1035F000914202991AD23A4A1278891A019A8E1A7D
:103600008019344948623800FFF7B8FA3800FFF7EC
:10361000B7FA3048806A8021C90501432D4881628C
:10362000FFF7BDFA01982E49097811E03D22A25C0E
:10363000891A019A8E1A81193800FFF7A7FA2548CE
:10364000FFF7A6FA3800FFF792FA01983D21615C76
:103650004018A96A029A891822008C3251603218E7
:10366000411D8A420CD23800FFF788FA3800FFF774
:1036700087FA1848FFF78CFA01206946087005E0C0
:10368000184AE16905F0C8FA8C2160540020A8703E
:1036900001206870E87003E0AE7001206946087090
:1036A000049880F310886846007805B0F0BD80B5B6
:1036B000FFF719FDFEF786FA01BD81B000200090EA
:1036C00000980948016801220A43026000680090DE
:1036D00001B0704700180060E808002026030000D1
:1036E000C50000203506000074000060016800225B
:1036F00002814281828182730B78FF2B05D0FE2BE1
:1037000009D103895B1C03810AE04268511A091F31
:10371000818100207047002B0DD143895B1C4381C0
:103720004A88D21C032313435B1CC9184A1D4368F3
:103730009A42E1D3EDE703207047F3B5079C08995F
:10374000250005D06D466C80FE242C706C4600E090
:10375000446885684668AE4217D22678FF2E14D09A
:10376000067B002E04D0002606732678002E0ED18C
:1037700046686488E41C032727437F1CF4194460CF
:10378000AC4202D22678FF2EEFD10420F6BDFE2EE9
:1037900001D00320F6BD6E463679FF2E04D0667840
:1037A0006F463F79BE42E3D14068001D10606088DB
:1037B0001880002901D0607808700020F6BD7FB520
:1037C00015001C00099E002232800B9A01926A4665
:1037D000128D009202AB03AAFFF7AFFF010013D1D5
:1037E000694609898D4201D306200DE0089A481BDD
:1037F000904200DA0200200003994919FEF76AFEA0
:10380000684600893080002004B070BDFEB5BB4D15
:103810000D40491B6B4619700024070016000AE092
:103820000422311901A8FEF755FE019A391900202A
:1038300005F06CFA241DAC42F2DB0020C04301907D
:1038400068460278711901A8FEF744FE019A7919B9
:10385000002005F05BFAF7BD70B544688668B44295
:1038600002D22678FF2E01D1042070BD007B0028F3
:1038700001D1FE2E01D0052070BD6588A94201D37B
:10388000062070BD10001A00231D591805F0B4FA67
:10389000002801D00020C04370BD7CB5079C0025E6
:1038A000069E3580250005D06D466C80FE242C7068
:1038B0006C4600E0446845688668B54202D22678C6
:1038C000FF2E01D1042076BD007B002801D1FE2E01
:1038D00001D0052076BD6088814201D3062076BDE7
:1038E000401A984200DA030010001A002B1D5918E4
:1038F000FEF7F0FD608806990880002076BDF8B5D7
:1039000084B007000E001500B44C254203D105F029
:1039100073FA002820D001A80C21FEF7B9FDCD488C
:103920003818C00A0290681E0443641C6003000E2D
:103930000390694601A805F06FFA00240AE06010C0
:10394000800F00190321884332583919002005F0EF
:10395000DDF9241DAC42F2D305B0F0BD01210170A8
:103960000021418081807047F1B588B00C001500BE
:103970001E0000200090FF2229002000FEF78AFD93
:10398000FE206946087507946846458206960E9D96
:10399000009C05AE19E06846008A6988401A401EFE
:1039A00003240443641CA4B268886946098A0A1A7D
:1039B000521E03211143491C89B28F4242DB012070
:1039C0000022B94228706A8040D06846408A071BAE
:1039D0003F1FBFB22878002826D0701C0390A8880B
:1039E000029004A8019000970798001D0319002277
:1039F000FF210898FFF7E3FE6946098AA9800100C4
:103A00000ED16846008A7080042205A90798001923
:103A1000FEF760FD7088C01C032101436418C1E7F4
:103A200006990C8009B0F0BDA888019004A8009008
:103A30003B000798021969880898FFF72EFF0100DC
:103A4000A9D0EFE700212970C01968806846408A34
:103A5000069908800020E5E7F8B5AE4CA544AE49CC
:103A6000020014235A438F187989002901D10020BC
:103A700040E004A900F013F9059D02A8FFF76EFFCE
:103A80008026360102A8009001AB320008A904A8E4
:103A9000FFF76AFF0400042C06D0002C2AD16846E8
:103AA0008088B042EED103E068468088002808D0C4
:103AB0006846828808A92800FFF721FFAD19002C6D
:103AC000E0D008A80C21FEF7E3FC62482818400368
:103AD000000E09900698401E711E0143491C481BA8
:103AE0004003000E0A90694608A805F095F93800D1
:103AF000FFF7FCFD89498D44F0BD0000FCFF00008C
:103B0000F8B5844CA54400216A4691710022002337
:103B1000814906000BE0B0680C245C43005D14246E
:103B2000604308184089002800D001225B1C3079CE
:103B30008342F0DB002A25D080221201FF2108A851
:103B400005F0B2F90025802424010DE002A8FFF75A
:103B500005FF02A8009001ABE21B92B208A8C119B0
:103B600004A8FFF701FF6D1C307985420CDAB068BC
:103B70000C226A43011D8F5804A9805C00F08FF865
:103B80000028E3D000201BE0220008A93068FFF7DE
:103B9000B6FE614C370069468D7900260CE0B868A6
:103BA0000C217143405C142148432018FFF79EFD0F
:103BB000010000D00500761C38798642EFDB280032
:103BC00056498D44F0BD96498A79824201D102203E
:103BD0007047897C8142FAD000207047FF070000BF
:103BE000F8B54C4CA54404000E0080221201FF21C0
:103BF00008A805F059F900256846047180242401BD
:103C00001CE00C276F43B068C05D6A461279904291
:103C100013D004A900F043F8B068C019476802A89F
:103C2000FFF79CFE02A8009001AB9B1CE21B92B226
:103C300008A8C11904A8FFF797FE6D1C30798542CA
:103C4000DFDB220008A93068FFF759FE0020334966
:103C50008D44F0BD0000FCEF10B5002470480C212D
:103C6000614341188A792C4814235343C0180368D0
:103C7000002B10D1012A0EDC0A6802608B88D21852
:103C8000426009890182FFF731FD010004D1641C03
:103C9000012CE3DD01E0012010BD002010BD10B5B6
:103CA0000200022A01DB012010BD1B4B14246243D9
:103CB0009A1813684B6052688A6001220A73087070
:103CC0000020487310BD7FB56A4C057814267543F3
:103CD0006419A47B002C01D00A2008E0039402940C
:103CE000099C01946C46248C0094FFF768FD04B095
:103CF00070BD7CB55F4C0578142675436419A47BB0
:103D0000002C01D00A2076BD0194069C0094FFF798
:103D1000C4FD76BDE0F7FFFF500D00202408000031
:103D2000FAB583B017000325791E03260E43761CCF
:103D30000CE00C78FF2C18D0FE2C01D0002C6BD19D
:103D40004A88D21C2A43521C891841608268416803
:103D50004B1D9342EDD38B49007814225043081831
:103D60004089002856D1022057E00290501A864B15
:103D7000984201D2521A00E01A46824C92B2B0B276
:103D80006B461B8DC018001D82423BDB6846007BE2
:103D9000019100210091FE216A4611706946487028
:103DA0006846008D30184880009A0199002004F080
:103DB000ADFF049AB1B20198001DFFF727FD0B9AE1
:103DC0006846018D0198B6B28019001DFFF71EFDEF
:103DD00020000830029909781422514340180188C4
:103DE000491C0180029800781421484320188189D9
:103DF0006A46128DBA18521E1543491B491F81810C
:103E000000200AE0029800781421484320184089D5
:103E10000028A8D00B2000E0032005B0F0BD000072
:103E2000A415041010B504006168A06881421ED278
:103E30000878FF281BD0FE2817D1FF22D24300208C
:103E400004F064FF4F4801000831227814235A43DC
:103E500089180A88521E0A8021781422514340187A
:103E60004189491C4181002010BD052010BD04205E
:103E700010BD0000500D002078B585B0040000266C
:103E800000966946FFF79FFE3E4D02281ED1142082
:103E900044432C19256802A80C21FEF7F9FA3B4887
:103EA00028184003000E03906068401E3849014303
:103EB000491C481B4003000E049001A902A804F00D
:103EC000ABFF2000FFF712FC00201AE0012817D1F9
:103ED00000992000FFF784FE04000FD10AE000984B
:103EE00080680C217143405C142148432818FFF777
:103EF000FDFB761C009800798642F0DB200000E094
:103F0000012006B070BD1CB5040000200090694679
:103F10002000FFF758FE022803D12000FFF79CFD88
:103F200016BD012803D10098FFF7EAFD16BD012058
:103F300016BD38B5174800214356DAB2114C142586
:103F4000554364196589002D03D0A589248AA542AB
:103F500007D3521CD2B2022A00D100229A42EDD1DC
:103F600006E0531C5CB2022C00D10023190001E0D2
:103F70000022D2430170100602D4D0B2FFF7C3FF73
:103F8000002032BD500D0020FFFF00000000FCEFBC
:103F9000FF070000420E0020F0B581B025490C68F3
:103FA0000025657404F08AFF234E3068C06805F070
:103FB000C3F9002801D0042723E03068C06805F069
:103FC000A5F9002801D001271BE03068C06805F082
:103FD000A1F9002801D0022713E03068C06805F07D
:103FE000B3F9052700280CD13068C06805F0B0F996
:103FF000002806D13068C06805F078F900282F46FF
:104000000BD00120B8400D4909680A6802430A60D4
:10401000002005F005FCFDF7E5FD607C012807D1D7
:10402000217B0F200840A268090905F009FC65748E
:1040300001B0F0BD240E0020280E0020140E002038
:1040400080B505F0FFFB80BDBCB5584CA16900915F
:104050000840A06135E0521CD300E51803000B4076
:104060002F681F40F7D02A68104001406868084058
:1040700002D10020C04368606868084000F09AF8E8
:1040800001006A680120884082436A606162EFF340
:10409000108172B6626A01209040C24320691040CC
:1040A00020610220C300E318083B1D6815401D6015
:1040B000401EF7D181F310883D48616A890040585D
:1040C00080472369E2696069256AA16903400B4062
:1040D00003D0154001D10022BEE70020C04360623A
:1040E000206A104014D102F0C8FBEFF3108572B6BD
:1040F0002169E06962690A40A169114004D1216A1D
:10410000014001D102F0BAFB85F3108805F0B0FB45
:104110000098A061B3BD38B51400EFF3108572B6F6
:1041200000F048F8800022490C5085F3108831BD1A
:1041300010B5EFF3108272B61C4B1C6904431C616E
:10414000C90059180B681843086082F3108810BD25
:10415000EFF3108172B6154AD3691843D06181F329
:1041600010887047F8B5114D696A00910022D2435A
:10417000914201D1002701E001278F402E6A286279
:10418000040003E02100380005F073FBE8692040DB
:10419000F8D000986862EFF3108072B6E969A14325
:1041A000E96180F310882E62F1BD000080060020D6
:1041B000A40A00200021020C120401D110210004E5
:1041C000020E120601D108310002020F120701D1BE
:1041D000091D00011F22511A02A2000F105C081ACB
:1041E000C0B2704704030202010101010000000097
:1041F0000000000010B5FFF72FFD424C211D0020EC
:10420000FFF74DFD210014310120FFF748FD201D6F
:10421000206010BD3EB53B4D022802D12C00143465
:1042200000E02C1D2C6001936B461B8B00930B0050
:1042300001002000FFF774FD002805D0022801D1FD
:10424000002000E00120C0433EBDF8B584B00E0060
:1042500019002C4C022E03D125001435012301E056
:10426000251D00230700256028466D466A810391BD
:104270000A9D022F08D102A900912B00039A6946DA
:104280004989FFF736FD0FE0002F03D10100180028
:10429000FFF705FD02A801900095039B684642893F
:1042A00031002068FFF70FFD010001D1002005E07B
:1042B000042801D1022000E00120C04305B0F0BD78
:1042C00010B5140023000A0001000E480068FFF733
:1042D000C3FA002804D001D5200010BD0220C0433D
:1042E00010BD80B5022807D10649086814318842FC
:1042F00007D0FFF797FD01BD032802D10020FFF78B
:10430000BBFD01BD980000200120FFE715490860B2
:10431000002070470020EFF3108172B6114A136835
:10432000012B02D00120C04301E00323136081F37D
:10433000108870470020EFF3108172B6094A1368A5
:10434000032B02D00120C04301E00123136081F35D
:104350001088704780B50A00034905F0CBFA02BD0A
:104360000000000054060020BC15041010B5010028
:10437000A24CA3480A78012A04D0052A0CD0062AA8
:104380000ED010BD48680078C00701D4A7A000E097
:10439000A9A0FEF7F1F810BDFEF7EEF8012003E04A
:1043A0002430FEF7E9F80020207010BD80B5934955
:1043B0000278002A02D0012A03D001BD4088088477
:1043C00001BD9048088408000830FEF75AFE01BD80
:1043D0007CB58A4C8B48208405F078FD8A482061A2
:1043E0008A4A00214020FFF796FE894CF7212000E1
:1043F0002430FEF74DF842228E2040002118200084
:104400002430FEF74DF82000243000906E46422004
:1044100030716946022005F0CFFD01007D4D02D0CC
:104420002800FEF7A9F8F72120002430FEF730F825
:10443000042221001E3120002430FEF74BF820001A
:1044400024300090042030716946002005F0B4FD4E
:10445000002804D0010028002C30FEF78DF873BD31
:1044600080B5FA2189006C48FEF7E8FD01BD000027
:10447000F1B582B015001F0073A0FEF77DF800268D
:10448000002405E0395D00BF73A0FEF775F8641CD9
:10449000691E8C42F6DB7819401E017870A0FEF789
:1044A0006BF80097684605715C486946097AC368ED
:1044B0009B5D994203D10269925D012A05D0761C69
:1044C000F6B2027A9642F2D106E04C48028C694676
:1044D000032005F09FFDFEBD1220FEBD4C480021CB
:1044E00001700122027242724D4BC3601A705A7001
:1044F0000182817481758277C277202281540321E1
:104500002122815442214170DA31411841607047C3
:104510004248007D002800D17047FEB500240025E8
:1045200000270020694608803E4E05F06AFE0128FB
:1045300002D07078002801D001257470012005F0A8
:1045400060FE012802D03078002803D02800022520
:10455000054334700420F178A94203D0F570290096
:1045600004250D4305420DD1B07881007118042255
:104570008F5E6A46CB881380401CC1B2042900D1EB
:104580000020B070009800B2384301D128001ED03E
:1045900001A8FB21294001704770009909B23A0532
:1045A000120D0B0313431A0A82700909C1700471BA
:1045B00001AB052201210120FFF75AFF002809D095
:1045C000882807D001001848FDF7D6FFF7BD022064
:1045D00005F0B4FDF7BD704710B5084C2000083059
:1045E000FEF74FFD00214020FFF7A2FDFA218900D0
:1045F00020000830FEF722FD10BD0000280D00202D
:1046000088140410FFFF0000D94504101145041060
:10461000E0040020D0140410300D0020780D00209C
:104620003A0E0020400600202C15041053757370BC
:10463000656E640D0A000000457869742073757317
:1046400070656E640D0A00005265706F72742044CC
:104650006174613A20000000253078202D20000090
:104660002530780A00000000704700003EB505F0D4
:10467000A5FE14A000906C4604202071694600201D
:1046800005F0DCFE11A00090092020716946012090
:1046900005F0D4FE10A00090052525716946022082
:1046A00005F0CCFE0EA0009025716946032005F0B0
:1046B000C5FE05480090072020716946042005F0DA
:1046C000BDFE37BD53544D00180200203435303242
:1046D0002D312E3000000000303633300000000055
:1046E000303030310000000010B501000BA40C4840
:1046F0000978012902D0022905D13C30FDF73CFFA1
:104700002000FDF739FF10BD704780B505F01DFF93
:10471000044A00218020FFF7FEFC01BD200A0D00A5
:10472000A00E04102947041070477047704780B5E9
:1047300005F098FF01BD7047010042221201D21E10
:10474000004207D002D4521E0018FCD5C10A400511
:1047500012058918704700000100EED54042F4466A
:10476000FFF7EBFF0122D20711436047F0B50E00BF
:104770005E400125ED072E40B446AE0ADF184C1806
:10478000F44208D2F7420ED2640D01D07F0D12D14F
:1047900000206146F0BD05D1F74201D87F0D05D15B
:1047A0000020C143F0BDFBD1640DF9D00020C1430E
:1047B000490549088FE0E419C902DB0229432B436C
:1047C000DB0A460DC00231438E4630B487B295B243
:1047D0007D432E0CADB2140C7C43A419260C24048A
:1047E00025439CB27C43A419190C7943270CC919A1
:1047F000A4B20F043C43090C000C97B247432E0CA3
:10480000BE193543ADB2170C4743360CBF19A6B2DB
:10481000BF193E043543240C3E0C36199FB2474362
:10482000BF19BCB23E0C89191F0C47437F183E04C8
:104830003443390C704680B297B247432E0CBE19F0
:104840003543ADB2170C4743360CBF19A6B2BF199A
:104850003E043543240C3E0C36199FB24743BF1922
:10486000BCB23E0C89191F0C47437F183E043443E9
:10487000390C77463F0C90B278432E0C8019060411
:10488000ADB22E43050CA0B22D18120C7A4350196C
:10489000020C80B2240CA4189AB27A4312191404A0
:1048A0002043120C89181B0C7B43C91830BCEF0A3B
:1048B000394203D1B61940414941641E6F12BF0D00
:1048C000E41B0BDBFF19BC4211DA24050027420868
:1048D000AE417841614166463143F0BD641C05D16B
:1048E000401C6141CF0201D34908F4E750E75DE77E
:1048F00030B4012464054D00EC420BD85D00EC425D
:1049000008D80C001C4364000443144304D28B42B7
:1049100000D1824230BC7047FCD09942FAD190421B
:10492000F8E7830085000700070083008500050085
:104930000700030003000F0005008200810005004E
:10494000F4464A1805D200F00FF801D58017400848
:10495000604700F009F80121C907884200D9080022
:10496000404260474A1812D2400DC9020843012153
:10497000C9070843520D40210901521A521C06D49E
:1049800052421F3201D4D0407047C01770470020F8
:104990007047F0B40125ED070F005F404FD48B4204
:1049A00000D1824205D98446100062468C46190027
:1049B0006346DF184C18640D7F0D3AD0661C7605EF
:1049C00037D0E61B352E34DCDB022B43DB0A0C0D23
:1049D000C9022943C912202E0DDB1700203E06D044
:1049E0001F00F741F3405F400026012A7741C018BD
:1049F00071410DD217E01700F741F2405740F341E3
:104A00005A40B340F3405A400026801859410AD317
:104A1000A21C52050FD0C207012F72411700400897
:104A2000CB0718434908641C24054208AF41704174
:104A30006141F0BC7047641C21050020F9E76B4020
:104A400010E06B40ABE7F742F3D1E943F1E72442D2
:104A5000EFD100200021ECE7F0B40125ED070F00B5
:104A60005F40EED40C00871A9C4105D2C01BA141C7
:104A7000D219634169406B40AE0ADF184C18F4420A
:104A8000E1D2640D7F0DE2D0E61B362ED1DCDB02D5
:104A90002B43DB0AA4460C0DC9022943C90A012E87
:104AA00028DC04D1D6075208DF073A435B08EF0A37
:104AB00076429041994114D039423BD1B6194041D8
:104AC0004941761C394204D1761C001849413942CB
:104AD000FAD0B9436746B74208D9A41B240521433D
:104AE000A7E70042EAD13642E8D1A2E7E40AE107AB
:104AF00000209EE7202E0BDD203E1F00F340F741F3
:104B00005F40012A002257417E42984191410BE0CB
:104B10001700F741F2405740F3415A40B340F34089
:104B20005A407E42904199410A0303D2641EB6194D
:104B3000404149410027641E24054208AE417841A6
:104B40006141F0BC70470300FFFFFFFFFFFFFFFF65
:104B5000FFFFFFFFFFFF010000000000FFFF01005B
:104B60000000FFFFC3788278417800781B021A4367
:104B70000902120408431043704780B505F0AAFDEE
:104B800080BDF0B593B01F4615460E4612901C9C92
:104B900008461146224605F0A1FD002824D122989E
:104BA0000D901FAB0DCB11901E980F901D980E907D
:104BB0001B980C901A9919981097189F08920993AE
:104BC0000D9A0A920097019002910C980390049418
:104BD0000E9805900F9806901198079012983146FC
:104BE0002A46109B05F08DFD13B0F0BD80B505F091
:104BF0009AFD80BD0020704780B505F09BFD01BD8A
:104C000080B50B0011001A00FDF744FC01BD80B512
:104C100004F0F2F802BD7FB504000D0016006846EE
:104C200005F0EEFD684601782170417829708078A2
:104C300030707FBD80B5FFF78DFB02BD80B504F0FD
:104C400059FE02BD80B505F01FFE01BD80B505F01F
:104C50005DFE02BD80B505F07BFE02BD80B505F0AE
:104C6000ABFF02BD80B505F0FFFF01BD80B506F0CA
:104C700003F801BD80B506F011F802BD80B506F05D
:104C80000FF802BD80B506F00DF801BD80B501F04A
:104C900019FC02BD80B5FEF7C8F904BD80B5FEF76A
:104CA000E7F902BD80B5FEF7ECF901BD80B5FEF76E
:104CB00021F9C0B202BD80B5FEF756F9C0B202BDFF
:104CC00080B5FEF7EBF804BD80B5FEF787F901BDAE
:104CD000F0B59BB0EC4C7F20C643FDF7EFFDEB4DEC
:104CE000012802D0E87A002810D0274634467834CC
:104CF000FDF7E4FDE97A6143784338184418FDF77D
:104D0000DDFDE3494843E97A414364186234FDF725
:104D1000D5FD01280ED130467830298941433046EF
:104D20005C30AA7A42435018314660312A7B4A43AC
:104D3000801800E000200490E889149005F0EEFF50
:104D4000012801D005F0ECFFFDF7B4FD0128159412
:104D500009D134465034FDF7B1FD6043E97A41434F
:104D600008390A9101E000200A90CA4C05F0D8FFEA
:104D70000128204616D005F0D1FF0128204611D089
:104D80002920285C002820460CD12520285C0028FA
:104D9000204607D12620285C002801D0204601E0CB
:104DA00030463C30139020462030169005F0B8FF76
:104DB000012815D005F0B2FF012811D02920285C68
:104DC00000280DD12520285C002809D12620285C48
:104DD000002802D02046203001E0304654301690A2
:104DE00005F09EFF1190A87E0190E87F1090FDF7DE
:104DF00065FD1290E87F029005F094FF0990E87F2E
:104E00000390FDF787FD002705F08EFF0128384647
:104E10001A96199760D1E87F11278740032427430A
:104E2000022181404E1E264305F07AFF012817D14A
:104E300017960F94687F0A2800D30A201A9C2434FE
:104E40004443C03C002605F071FF0128189620D18C
:104E5000FDF734FD012805D01A9B18466C3004E09C
:104E6000002031E01A9B18466030D3496431AA7F94
:104E70004A43101829461D467835C97F2A468A407C
:104E80008618FDF71BFD012803D1C948C07A4543A8
:104E90007619A519FFF7AEFE064605F047FF044652
:104EA0003440FDF70BFD204001281898179E09D1CA
:104EB000BF49C87E401E0F9A1043897FE0224A43B3
:104EC000D143081A2818BA4DB919BA4A511A081804
:104ED0001A301A9EB84C199F0890FDF7EFFC012874
:104EE000394609D105F024FF0128394604D1222092
:104EF000285C31462C3141430F9105F017FF012802
:104F0000384620D120465830A97E41433046603093
:104F1000EA7A424354180025FFF76CFE012810D1AD
:104F2000FDF7CCFC01280CD130467030A04B197F26
:104F3000414330467430DA7E42435018E4389D7E57
:104F4000454360199A4D0E9005F0F4FE012838464D
:104F500036D1FDF7B3FC012803D02C463546743515
:104F600005E0304678302C46ED7A45430C3D23274A
:104F7000E05D00260028304605D0FDF79FFCE05D8F
:104F800040420321884340192425615D1A9A7C32EE
:104F90004A43871805F0C8FE01280DD105F0C0FE70
:104FA000012809D105F0C2FE012805D18048465DDF
:104FB000002E01D01A9E6836B8197D4D1A9E199F91
:104FC0000D90FDF77BFC0128394609D105F0B4FEB0
:104FD0000128394604D130465C30E97A414314391E
:104FE0000C91FDF76BFC0128394608D105F0A6FEAF
:104FF0000128394603D130466430E97A41430B91A8
:1050000026201890285C069025201790285C059093
:105010003E462927E85D079005F082FE044605F02C
:1050200085FEE04234461AD01898285C2821695C35
:105030001A9E344678344C43F43C444305F074FEE5
:1050400000280AD01798295C2720285C6C36464334
:10505000594880190C30484300E000200419E85DED
:10506000002819D0FDF72AFC0028049B15D02A201F
:10507000285C514970314143E85D1A9A5043401809
:105080003838199009E0C0467CFBFFFF8C0C0020EB
:105090006CFDFFFFDCFEFFFF049B159818181A9BA0
:1050A00019465C31149A514340180A9940181399D3
:1050B000401816994018194678310A46109EB24099
:1050C0008018119A012A07D13B4A683A019E72431F
:1050D0001018132212018018099F069A059EB21813
:1050E000129E012E02D1029EB1404018199E0799CE
:1050F0005118012F05D11A463032039FBA401018BB
:105100007038089A80180F9A80180E9A80180D9A95
:1051100080180C9A80180B9A8018002904D01A461F
:1051200048324A4310180C38001984192820285C8A
:10513000199018982F5C2A20285C18902720285C4A
:10514000169017982E5CFDF7B9FB012805D12B208E
:10515000285C1A9938314143641805F0F1FD0128A3
:1051600001D1164824181998189A16994E43B11867
:105170004743B818C84208D01A9B1A4658324A43C7
:105180004433434398180419183C094D68682018A3
:105190000321C943EA8DD21C0A40AB8DDB1C0B40B6
:1051A0009A182B8EDB1C0B40D118401A1BB0F0BD97
:1051B0008C0C00206CFDFFFFDCFEFFFF14F6FFFFF0
:1051C000F0B595B00120810414912E480160BFF321
:1051D0004F8FBFF36F8F04F067F8FFF76CFD00206F
:1051E0001290C04304F04EF805F098FD1390FDF7BF
:1051F00061FB119005F094FD109005F093FD0F9068
:10520000FDF788FB05F090FD0E9005F091FD0D90E7
:1052100005F08CFD0C90FFF7EDFC0B9005F08AFD7E
:10522000044605F089FD0546FDF748FB064605F0F6
:1052300085FD074605F084FDC0B2F9B208910990DA
:10524000F0B2E9B2E2B20B9BDBB20C9CE4B20D9D72
:10525000EDB20E9EF6B2129F00970196029503944E
:1052600004930592069107901398C0B21199C9B2A0
:105270000F9AD3B2109A05F065FD034814990160A6
:1052800015B0F0BD80E100E000E100E00100202069
:1052900008437047FDB5B2B03A98049102A93B2289
:1052A000885400200D9024A8401C2F900DE00498F5
:1052B000329A90470490002801D100F0B7FE0D9873
:1052C000401C0D903398401C33903398017800298E
:1052D00010D02529EBD100200790089009900A9062
:1052E0000B900C90002102240120149008201290B1
:1052F000339D05E00D9800F09BFE080014990143D2
:105300006D1C28782028F8D023280BD02B2804D017
:105310002D2804D0302808D00AE02143F0E7080007
:105320000421ECE708000821E9E708001021E6E77E
:105330002A280FD1349802681068121D349B1A6015
:105340000F90002804D542420F9208000421014327
:105350006D1C12E000200F90644A09E00F9B9342FD
:1053600005DA9E00F3185B00181830380F906D1C9A
:1053700028780300303B0A2BF0D328782E2803D05E
:105380000020C0430E9027E06D1C28782A2808D101
:10539000349800680268001D349B18600E926D1CE2
:1053A0001AE02D2802D12D226D1C00E000220020E1
:1053B0000E900CE0002A09D10E9B4C4EB34205DA48
:1053C0009E00F3185B00181830380E906D1C28787A
:1053D0000300303B0A2BEDD302A801872E78310061
:1053E00040487844FF30401E05F020FD002801D0E1
:1053F0006D1C00E0002602A83A214654405C682853
:1054000004D1287868280BD1622005E06C2807D1E8
:1054100028786C2804D1712002A93A2288546D1C86
:1054200015A80690287869460870681C339068466D
:1054300002781000253833D01C3800D1CCE1001F91
:10544000022800D8C8E1133801D100F019FD09384D
:1054500000D1C1E1801E01D100F0AFFD401E01D19D
:1054600000F05CFD401E022800D8B5E1001F01D10C
:1054700000F054FD401F00D108E1401E01D100F0B2
:10548000FFFC401E00D1F0E0C01E0ED0801E01D1F6
:1054900000F0F6FCC01E01D100F0F2FC00F098FD17
:1054A00014980790252015A97CE1349800680468B9
:1054B000001D349908600594002C00D0C1E002A8BA
:1054C0003B21405C002800D1B5E00024E4430648BD
:1054D0007844143005F0B4FC201A01D000F0A6FD89
:1054E00000F083FD34C2FFFF68C2FFFFCBCCCC0CC1
:1054F00001236A4602A9280000F054FE002801D0CA
:1055000000F094FD641EF3D13295079D15AC002D7B
:105510000FD0329E21780498B0470490002801D122
:1055200000F084FD0D98401C0D90641C6D1EF1D19F
:1055300032963020694608700A9C002C0DDD329DA1
:1055400001236A4602A9280000F02CFE002801D0A1
:1055500000F06CFD641EF3D13295059C089D002D72
:105560000FD0329E21780498B0470490002801D1D2
:1055700000F05CFD0D98401C0D90641C6D1EF1D177
:105580003296302769460F700B9C002C0DDD329D42
:1055900001236A4602A9280000F004FE002801D079
:1055A00000F044FD641EF3D1329505980899441823
:1055B000099D002D0FD0329E21780498B0470490A9
:1055C000002801D100F032FD0D98401C0D90641CA4
:1055D0006D1EF1D13296684607700C9C002C0DDDD3
:1055E000329D01236A4602A9280000F0DBFD002855
:1055F00001D000F01BFD641EF3D1329502A83821C2
:10560000405C400700D460E620206946087001989D
:10561000002800DC59E6019C329D01236A4602A95C
:10562000280000F0BFFD002801D000F0FFFC641E40
:10563000F3D1329549E61B4878446830059000F074
:10564000D4FC0E9D002D03D5200005F01DFC09E0C3
:105650002A000021200005F01FFC002801D0001BBB
:1056600000E02800089000F0C0FC34980068026850
:10567000001D349908600020C0430021104002AA98
:1056800003C215A80590782100F093FC02A83B21E5
:10569000415C002908D00024E4434B487844FF30A3
:1056A000293017E7C8C0FFFF3A21405C62286AD062
:1056B000682819D06A2845D06C2806D071284FD0A8
:1056C000742831D07A2821D06FE0349800680168BE
:1056D000001D349A106000297AD10024E4433B482D
:1056E0007844FF301738F5E6349800680168001DEB
:1056F000349A1060002905D10024E44333487844EB
:10570000CA30E7E60D98088000F06FFC3498006816
:105710000168001D349A1060002959D10024E44327
:105720002A487844A630D5E6349800680168001D00
:10573000349A106000294BD10024E4432348784474
:105740008A30C7E6349800680268001D3499086002
:10575000002A13D10024E4431C4878446E30B9E693
:10576000349800680268001D34990860002A05D149
:105770000024E443154878445230ABE60D98C11735
:1057800003C200F032FC349800680168001D349AAE
:105790001060002905D10024E4430C4878442C30E3
:1057A00098E60D98087000F020FC349800680168B5
:1057B000001D349A106000290AD10024E4430348F4
:1057C0007844083086E600BF58BFFFFF6CBFFFFF7C
:1057D0000D98086000F009FC34980068C31D07208C
:1057E00083433498036003CB349D2B6002AB03C327
:1057F0002023C80F04D007982D2115AB19540DE0B4
:1058000002A8008F204204D007982B2115AB195411
:1058100004E0C00704D5079815A90B54401C079055
:1058200015A80799401813901398059024AD02A865
:10583000C0C868460078202101436846817080789E
:1058400061280BD00E98002801D5062005E005D16F
:1058500068468078672801D114980E9002A803C882
:1058600008004B005B150024E443A3420ED109035A
:105870000CD003200890613A1A2A03D219497944BE
:1058800062310FE0184979445E310BE0A3420ED13A
:1058900000030CD103200890613A1A2A1DD3134942
:1058A0007944483103221398FCF714FE9DE301AAC2
:1058B00002A803C805F0FBFA02AA03C26846807872
:1058C00061281CD1059830210170811C0591694621
:1058D000097861290ED178210DE00549794410310C
:1058E000E0E700BF8CBEFFFF8CBEFFFF90BEFFFF56
:1058F00088BEFFFF582141700798801C079002A8BE
:1059000003C82246530802400B4004D1002A02D1AA
:105910000024002652E168468078612800D099E092
:105920000E98002801D5212000E0401C1390139808
:10593000401C2E90300039000022002305F0CCFAE4
:1059400002A830C802D28020000645400198001FFE
:10595000019024A90A7024A8461C2E98002832DD44
:105960002E9F20002900002280235B03FEF7C0FF4A
:1059700029D81C2205F0C9FA04000D00FEF7E0FF4B
:105980002E90FF1F002F09DDFEF7E6FE02000B0040
:1059900020002900FFF760F804000D00F01D07212A
:1059A0002E9A002A0ADD491E08D4401E13071B0F39
:1059B00003701211F5E7401E00220270491EFAD54D
:1059C000C61D002FCDDC24A82F99711A24AA551CBE
:1059D000139A0C00914200DD1400002C33D48C4249
:1059E00005DA411C095D082901DB0F2100E00021D7
:1059F000220024AB9B1801E0641E5B1E521E1E7821
:105A00008E42F9D00F2904D1411C895C491C401CED
:105A10008154002A04D524AD641C0198001D019016
:105A2000611E10D46A186846007813783033DEB2ED
:105A30003A2E01DBC318C6331370491E521E0029CB
:105A4000F3D5694608700E98002800D4B5E0601EB2
:105A50000E90B2E07F007F0801986649484366498E
:105A600003F0AAF8019007200199401A002805DDEB
:105A700002003000390000F06FFB0AE042420020D3
:105A80005E4900F069FB02000B003000390005F0B0
:105A900074FA6A469278662A02D1019A0A3200E0C4
:105AA00006220E9B9A18142A00DD142224AB3024FF
:105AB0001C705C1C02E030A803C8139A002A3CDD6D
:105AC00030AB03C3139230A803C8FEF74BFF2E90F0
:105AD00006460834042530000A2103F081F80F003F
:105AE00030000A2103F07CF806003037601E077092
:105AF00030000A2103F074F80F0030000A2103F08F
:105B00006FF80600A41E303727706D1EE3D10834ED
:105B10001398083813900028CDDD2E98FEF70CFE60
:105B200002000B0030A803C8FEF796FF0022344B9A
:105B3000FEF71CFE30AA03C2C5E72F98201A24A93D
:105B40004D1C04E0401E0199491E01916D1C2978ED
:105B50003029F7D069468978662902D10199491C14
:105B600006E069468978652901D1149900E0002191
:105B70000E9A5418A04200DA441E002C1DD4844210
:105B800004DA285D342801DD392100E030212200CB
:105B9000681E831801E0641E5B1E521E1E788E4232
:105BA000F9D0392902D1A95C491CA954002A04D58D
:105BB0000500641C0198401C0190019E13956846E5
:105BC00000786946487005F039FA406A00786946FD
:105BD00008700E9D20B2002804DC149C0448784410
:105BE0000E3013906846807866280BD1761C23E02F
:105BF00090BBFFFF97750000A08601000000F03FFA
:105C000084D7974168468078672846D130B203210F
:105C1000C943884247DBA84245DA761C02A8008FB8
:105C20001299C0B2084203D120B2A84200DC05009C
:105C300030B22D1A00D5002537B2002F00DDBAE0B2
:105C40000898411C08913021059A1154002D05DC5B
:105C500002A8008F1299C0B2084206D00898411CD1
:105C6000089169460978059A11547842854200DA0C
:105C70006E4236B270420B90AD1920B2854200DA06
:105C80002C0024B20994220013990598089BC0188F
:105C9000FCF720FC281B0C90DAE06846407861286D
:105CA00018D170201BE020B2A84206DA02A9098FA1
:105CB000129AC9B2114200D105006D1E00D500250F
:105CC00068464078672802D16520694607E045208C
:105CD000694604E068464078412801D15020487068
:105CE0000898411C089113990978059A1154139842
:105CF000411C002D05DC02A8008F129AC0B2104290
:105D000019D00898421C08926A461278059B1A54CA
:105D1000002D10DD641E20B2854200DA2C0022B274
:105D20000598089BC018FCF7D5FB24B20898001909
:105D30000890281B0B9005980899401869464978E7
:105D4000017031B2002903D42B214170871C03E07C
:105D50002D224270871C4E42002412AD300008E014
:105D60000A2102F029FF30AA03C229703098641C6E
:105D70006D1C00B20028F3DC012C08DC684640787A
:105D800020210143652902D1302038707F1C002C6E
:105D900009D1302038707F1C07E0641E12A8005D16
:105DA000303038707F1C002CF7DC059808994018BB
:105DB000381A09904CE020B231B288421DDA22B282
:105DC00013990598089BC018FCF784FB24B2089827
:105DD00000190890391B0B91002D05DC02A9098FD1
:105DE000129AC9B2114206D069460978059A11542F
:105DF0000998401C09900C952AE032B21399059835
:105E0000089BC018FCF766FB0898C0190890A41BF3
:105E1000002D05DC02A9098F129AC9B2114205D0E2
:105E2000411C089169460978059A115420B28542AF
:105E300000DA2C0022B21398C1190598089BC018EB
:105E4000FCF748FB24B2089800190890281B0B9017
:105E500002A83821405C14210140102900D0C4E080
:105E60000798089940180B994018099940180C99FF
:105E700040180F99884200DBB7E0081A0A90B4E096
:105E800002AA3A20105C622808D068280ED06A283E
:105E900014D06C281DD0712810D01AE034980168F5
:105EA0000868091D349B1960C0B218E03498016875
:105EB0000868091D349B196080B210E034980068AE
:105EC000C31D072083433498036003CB349C2360B5
:105ED00006E0349801680868091D349B19600021A8
:105EE00002AB03C3108F1299C0B208425BD002A864
:105EF00003C8002901D1002855D068460078202128
:105F0000014378294FD1079815A930220A54401C23
:105F1000421C07926A4612780A5444E002AA3A20C8
:105F2000105C622808D068280ED06A2814D06C282B
:105F30001DD0712810D01AE0349801680868091D36
:105F4000349B196040B218E0349801680868091D54
:105F5000349B196000B210E034980068C31D07201C
:105F600083433498036003CB349D2B6006E0349860
:105F700001680868091D349B1960C11702AB03C38F
:105F8000002902DA07982D2109E0108F204202D063
:105F900007982B2103E0C00705D50798202115AAF3
:105FA0001154401C079015A80799401805906846A1
:105FB000017802A800F03EF817E014980790349892
:105FC00000680168001D349A106015A801700CE08B
:105FD00014980790252015A90870684600780028B5
:105FE00003D007946846007848700F980799401AC4
:105FF0000A99401A0899401A0B99401A0999401AAF
:106000000C99401A019002A83821405C400701D544
:10601000FFF77BFA2020694608700198002801DC10
:10602000FFF773FA019C329DFFF762FA0020C0432C
:1060300035B0F0BDF2B586B0040025696F2901D1F5
:10604000082707E00846FFF721F9782801D00A273A
:1060500000E010273C2603CC083C04AA03C26A4691
:10606000127E642A03D06A46127E692A09D1002969
:1060700007DA04A803C800220023121A8B4104A8DF
:106080000CC004A803C800290DD100280BD1206B37
:10609000002808D1082F3DD13820205C000739D5D1
:1060A0003B26302035E00294009504A830C8761EC7
:1060B0000196200029003A00FB1702F0CEFD303295
:1060C000D0B23A280DDA00988255200029003A0013
:1060D000FB1702F0C2FD04000D0007D1002C05D112
:1060E0000AE06846007E8218AF32ECE70298C0688A
:1060F000009989198842DAD3029C009D082F09D1A2
:106100003820205C000705D5A85D302802D0761E17
:106110003020A8553C20801BA061A919E160216BAB
:10612000884206DA081A2062208F1C490140218724
:1061300010E000290ED53821615C14220A40102A93
:1061400008D1616B6269891A226A891A081A0028C3
:1061500000DD206207B0F0BDF8B50026104F040046
:106160000D00009214E0C00707D532003B0020006C
:106170002900FEF7FBFA04000D0000984010009083
:106180003000390032003B00FEF7F0FA06000F0045
:1061900000980028E7D120002900F4BDEFFF00009F
:1061A00000002440F8B50024002B11D007000E0099
:1061B00014001D002178B068B847B060002809D0ED
:1061C000F06A401CF0620020641C6D1EF2D10400D5
:1061D0002000F2BD0020C043F9E7FEE710B500241F
:1061E000032004F031FF002801D0012401E004F075
:1061F00054FF200010BD014880687047A8060020A9
:10620000FEB5C84C2169CC4A914214D1216822685C
:10621000256823682468640D382727405B025C0FDB
:106220000F232D0C1D40160AF02232400192090A5C
:106230000B40009305E0082500957021019103248F
:106240001827BE4E00213171002801D004F045FF0F
:106250000320C043BA4989680140B94A9160114698
:106260008968084011468860B6480068B649014010
:10627000B4480160B5490F20C0430A6B0240154382
:106280000D63CA6AF0239A43019B1343CB62CA6A27
:106290001040009A0243CA620868072290430443F0
:1062A0000C6008683822904307430F605523FF2095
:1062B000C043A74A146804401C431460D4680440D7
:1062C00066252543D560146A044023431362136C8A
:1062D00003401D241C431464D36B034059241C4306
:1062E000D463536C034032241C4354640123546A26
:1062F0001C435462974C25687F27BD431F272F43BB
:10630000276065683F27BD4309272F43676077688B
:10631000914D3D409F032F43776077688F4D3D40FF
:10632000FC27BF032F43776075682D022D0A902745
:106330003F052F437760B768884D3D40B427FF0382
:106340002F43B760B5682D022D0AC827BF052F431C
:10635000B760B56805405A272F43B760B7687E4DD0
:106360003D40C827BF012F43B760F7687B4D3D40D4
:106370001F052F43F760F768794D3D40C0277F0523
:106380002F43F7600425376907402F433761F768CB
:10639000384014270743F760F7686F483840A02754
:1063A000FF000743F7607069054375617069DD059B
:1063B0000543756170695D0705437561B0697F25A7
:1063C000A843B061674803745E2545740D6B8574FE
:1063D000C3745D250575CD6A457583755225C575F0
:1063E000096801764376122181761168C1760377B8
:1063F00015214177D1688177C3771A21202541552E
:10640000116A2125415501212225415522212325AB
:106410004155116C24254155012125254155212146
:1064200026254155D16B2725415501212825415568
:10643000232129254155516C2A25415501212B2520
:1064400041551B212C254155516A2D228154012192
:106450002E22815490212F22815421683022815490
:1064600001213122815491213222815461683322E9
:1064700081540022002134240155010010310160B3
:10648000416001000C318160C26000683168306099
:106490003548036071699A070A437261816919433B
:1064A000816127480068264908602648C06918436A
:1064B0002449C8610846806903430846836120482F
:1064C0000068F7BD294908684A681202FF231B02C9
:1064D0001340C0B21843896801D00C2901D37F2032
:1064E0000EE006225143773901E0891D40081F283C
:1064F000FBD2FF22A23250431D4A8018800A08189E
:1065000040B2704770B50E4CA56926682660FCF74E
:106510007AFD2E433000FBF759FBFCF773FD206832
:1065200070BD0000E81E001010B5124C20682060FD
:10653000FBF754FB206810BDCCECBCFCC000002075
:106540000400006028180060FFFFFFBF48160060CD
:106550004815006040170060FF00FFFFFFFF00FFCD
:10656000FFFFFFC0500C002010140060A416006054
:10657000A04600002C14006080B504F0C8FB01BDEB
:10658000F8B5050000260124002D25D02879002823
:1065900002D1280004F08EFD04F03CFE0221297196
:1065A00007002868016821400CD1046004F032FE25
:1065B000C01B0A498842F4D303260420A8602E7128
:1065C0003000F2BD8068D021490301432868816012
:1065D0000020A8602C71F3E70120F2BDE903000060
:1065E000F8B50400216808688004800E0D684E68C4
:1065F000012739050D4206D00E4204D0A2683A4365
:10660000A2602268916049080D4207D00E4205D071
:10661000A26802231343A3602268916024280AD150
:106620002068F821090140580C49884203D0A0682D
:1066300008210143A160A068002802D0200003F0D7
:1066400027FA7804054007D0064005D02168886005
:106650002771200003F016FAF1BD00000DD60000EE
:1066600038B584B00020FCF771FA002003F02FFD4C
:10667000012003F02CFD022003F029FD012003F08E
:1066800059FD0025854C25700120282160540220E9
:10669000502160540121002003F05CFD0121012004
:1066A00003F058FD0121022003F054FD7C4A002133
:1066B0000820FDF730FD7B4A00211020FDF72BFD5F
:1066C000794A00212020FDF726FD784828216943DA
:1066D00061180861C9616D1C032DF7D3684600BFBE
:1066E000AFA11022FBF7DCFE6946002003F09AFD03
:1066F000EFF31080012181F310886D490A6820238F
:1067000013430B6080F310886A480168FF229143AD
:1067100040220A430260802040006749086004F07C
:1067200081FA002801D0FBF7E4FF04F097F803F0AA
:10673000CDF8FBF75DFA0020FCF709FA002005B060
:1067400030BD000010B54469207803F05AFD2021C7
:1067500060542178491C00BF65A0FBF70DFF20782D
:10676000002803D0022807D003D310BD0021082041
:1067700004E00021102001E000212020FDF7D8FCDA
:1067800010BD0000F8B54D4E80214900775AFF2F0B
:1067900000D96BE000780D2863D1310059A0FBF7D8
:1067A000EBFE3E4C002746A1300004F039FD0028E6
:1067B00006D100BF57A0FBF7DFFE2021675424E07D
:1067C00040A1300004F02CFD002805D153A0FBF7B8
:1067D000D3FE4821675426E03BA1300004F020FDA1
:1067E000002805D14FA0FBF7C7FE7021675428E0B1
:1067F000012500BF4DA1300004F012FD002807D193
:106800004DA0FBF7B9FE20202554002108201AE0F6
:106810004DA1300004F004FD002807D14DA0FBF786
:10682000ABFE48202554002110200CE04DA1300083
:1068300004F0F6FC002809D14DA0FBF79DFE702066
:10684000255400212020FDF773FC04E0310000BF37
:106850004BA0FBF791FE802149003000FBF718FEAA
:1068600001E0F0557F1C802040003752F1BD80B51B
:106870000020C043FDF7E8FB01BD7047704780B5BD
:106880000649282250430818002120228154FA2169
:1068900049000830FCF7D2FB01BD0000280B0020A6
:1068A000492404104B2404108D240410456704105F
:1068B0000040004108E400E000E100E0740700202F
:1068C00053573100535732005357330080B50129D5
:1068D00001D1002008E0202901D1012004E080201E
:1068E000C001814202D10220FFF7C9FF01BD0000B3
:1068F000427574746F6E20256420707265737365C1
:10690000640A000072656365697665642025730A10
:1069100000000000535731204F4B0A0053573220DC
:106920004F4B0A00535733204F4B0A005357315FE8
:106930004C4F4E47000000005357315F4C4F4E47BD
:10694000204F4B0A000000005357325F4C4F4E4718
:10695000000000005357325F4C4F4E47204F4B0A08
:10696000000000005357335F4C4F4E4700000000BB
:106970005357335F4C4F4E47204F4B0A00000000E7
:106980004E4F54205245434F474E495A45442043A9
:106990004F4D4D414E44203A2025730A000000001F
:1069A00000C2010000000000000000000000000024
:1069B00081B00B4801688903FCD5816802220A4333
:1069C0008260002102E000BF0099491C00910099FB
:1069D0000629F8DB816804220A43826001B070470F
:1069E00000004048F8B5040001D10120F2BD8E4DF1
:1069F0002078C0062FD5A0680028A86807D10421F8
:106A00008843A860A86802218843A86006E00221A4
:106A10000143A960A86804210143A960A068042873
:106A20000DD104F0F7FB060028684105C90F12D00C
:106A300004F0F0FB801B6528F6D30320F2BD04F0C0
:106A4000E9FB06002868400505D404F0E3FB801B41
:106A50006528F7D3F1E72078C00738D57348016877
:106A6000734A0A4080218901114301600168802234
:106A70000A43026001687022914330220A43026097
:106A80006068802149028842286801D1014301E001
:106A9000AC4901402960606800280BD004F0BAFBC3
:106AA00006002868800312D404F0B4FB801B65281C
:106AB000F7D3C2E704F0AEFB060028688103C90FD4
:106AC00005D004F0A7FB801B6528F6D3B5E70427A3
:106AD000FF432078400733D520690028286820D05C
:106AE0003840286028680107C90FFBD128681021A9
:106AF00088432860A86896490140802040020843E6
:106B0000A860286804210143296004F083FB060083
:106B10002868000714D404F07DFB801B0328F7D3FA
:106B20008BE73840286004F075FB060028680107F1
:106B3000C90F05D004F06EFB801B0328F6D37CE759
:106B40002078800746D5286807402F601020C04372
:106B500029680140296029688A06D20FFBD17D4946
:106B60007D4A13680B401360536819405160A9684F
:106B7000774A0A40802109021143A960E96860222E
:106B8000914320220A43EA60E168102903D1286872
:106B90000143296002E0296808402860E068002875
:106BA0000BD004F037FB06002868800612D404F0EE
:106BB00031FB801B6528F7D33FE704F02BFB060071
:106BC00028688106C90F05D004F024FB801B6528C6
:106BD000F6D332E72078000724D5402660694028A4
:106BE000286801D1304300E0B04328606069002884
:106BF0000BD004F00FFB04002868304012D104F0E1
:106C000009FB001B6528F7D317E704F003FB04001A
:106C100028684106C90F05D004F0FCFA001B65285E
:106C2000F6D30AE70020F2BD000040489800404833
:106C3000FFC0FFFFFEB5040051D000914748006837
:106C4000302188430099014344480160444D206845
:106C5000022814D1A86804218843A860A8680221EA
:106C60008843A8602868400539D528683D49014017
:106C70002960A868E021884361680143A960E02099
:106C8000C04301908027FF00206800281CD128689D
:106C9000384024D02868800321D52868F9000143B2
:106CA000296004F0B7FA06002868400406D404F00E
:106CB000B1FA801B0228F7D90320FEBDA86801990C
:106CC000014060680843A860206801280FD1FFF7E1
:106CD0006FFE2868074002D12868800301D4012094
:106CE000FEBDA8680199014060680843A86030278C
:106CF0001A4C009821683940884212D02068B84365
:106D000000990143216004F085FA009D0600206887
:106D10003840A84205D004F07DFA801B0228F6D93D
:106D2000CAE7002002E000BF0098401C00900098D5
:106D30000628F8DB04F00FFBFFF75DFA04F084F996
:106D4000FEBD0000FFFFFEFF07480068704700001F
:106D5000FF7FFEFFFFCFFFFF2800504804100040D8
:106D600000004048FFDFFFFFE406002044490278AE
:106D7000D20705D58A6D04239A43036913438B65B3
:106D80000278920705D50A683E4B134042691A43C0
:106D90000A600278120705D50A683B4B1340426827
:106DA0001A430A600278D20605D50A68374B1340A9
:106DB000C2681A430A608068820604D50A68344BA8
:106DC0001340184308600020704701000020314A3A
:106DD000012908D002290DD0082917D0102930D058
:106DE000202935D07047116E0422114022D0042989
:106DF00017D07047916880225201114002D0914211
:106E000002D07047244870472448704791680907AA
:106E1000116808D5890332D59268C0210904114050
:106E200004D11F4870474904F6D470478022D2032A
:106E3000914201D11B487047520091421FD11A481C
:106E4000704790688021890108408842E9D10FE0AD
:106E50009168C02252020A40802109028A4207D06A
:106E600049008A4207D0C02149028A4206D07047B1
:106E7000802000027047FA20C00170470B4870471D
:106E800008004048FFEFFFFFFFFF3FFFFFDFFFFF6E
:106E9000FF7FFEFF0000404800127A0000093D001D
:106EA0000024F4000048E8010090D003127A0000AA
:106EB000F8B50E4605461224FDF7DCFEB04217D3A6
:106EC000012D15D80B4800688179009185714779AB
:106ED00046712846FDF7D6FE0024B74202D100983D
:106EE000A84205D0FF207F2201210B4604F06CFA56
:106EF0002046F8BD240E0020F0B585B0054604A854
:106F0000002707701224012901D9204648E00E46C7
:106F100024480068009004F059FA002840D10099F4
:106F20005C310878C00711D1C87830430E46C8706C
:106F300003A807210170002D12D0022D08D0012DC9
:106F400020462DD104A81021017009E00C2027E073
:106F500004A82021017003A904F0B6FA00281FD16B
:106F600004F0B4FA00281BD10098603004F0B0FAA5
:106F7000002815D10498012131740843307004F0C1
:106F8000ABFA01AC204604F0B7FA204604F0ECFA64
:106F9000F843019004480290204604F0F5FA384680
:106FA00005B0F0BD180E0020FF9F0020F0B58BB09B
:106FB00015460C4636490B680646283E0622122125
:106FC0000B2E10D900281CD0FF2835D0082817D048
:106FD000182815D080283CD0812847D0FE284BD0D7
:106FE00006280BD013E0C0467E4436797600B744BD
:106FF000050E050E110E080E0E0E0E18022200E0F0
:107000001022227019182846FDF7F6FD00210846C7
:107010000BB0F0BD012020702C21595C014029707B
:10702000F4E704F0C1FA01A90870012628463246A7
:10703000FDF7E2FD2670E9E701A804F0BDFA00289B
:107040001DD001A9042628463246FDF7D5FD0021B2
:1070500017E00620207001A804F0B0FA002812D032
:107060002278FF212846FDF7CBFDCFE706222270CC
:10707000084801686631C6E700202070C7E7122182
:1070800000262670C3E7227801A92031BBE7C0465D
:10709000100E0020180E00201CB51148046804F0E2
:1070A0009AFA882807D00C2805D05D34002808D12A
:1070B000022060701CBD052002F0B2FBFAF792FDC1
:1070C0001CBD0020607020787F210140217001A943
:1070D0008620487080200870022004F07FFA1CBDD2
:1070E000180E0020BCB511480068446D03F018FE6E
:1070F000002802D00E48807E00E00120C5B2113485
:10710000002D11D0207800280BD020460F380078B1
:10711000800706D560786A4610700020012103F0D0
:10712000D9FA14346D1EEBE7BCBDC046180E002022
:107130008C0C0020B0B5096883240022002912D0ED
:10714000CD690024CC61087AC00603D4002004F085
:10715000A7FA02E0084604F0DDFA012200282946D9
:10716000ECD083240AE0D00708D072B60448006847
:107170008521425C521E425462B60024E0B2B0BD8A
:10718000240E002010B50C68207BC00708D0002119
:107190000122204604F0CCFA207BFE21014021731D
:1071A0000D4800682C21405CC00703D1204604F044
:1071B000D2FA02E0204604F05DFB002801D08320D3
:1071C00010BD72B6054800688421425C521E4254CC
:1071D00062B6002010BDC046100E0020240E002014
:1071E000012070470120704770B50B4C0125042227
:1071F0002046294604F072FB084E306006222046E5
:10720000294604F06BFB3168086030680168002093
:1072100088804880087070BD880C00200C0E00200B
:1072200010B50C46087949790902081804F068FB82
:10723000207961790902081804F0A2FB20796179AC
:107240000902081804F0CAFB04F0F2FB2079617906
:107250000902081804F0EEFB094800682F21405C81
:10726000C0060BD52079617909020A18A379E17863
:10727000022004F001FC002800D010BD002010BD49
:10728000240E002010B5044608794A79120212181B
:10729000C978062004F024FC074800682F214056D6
:1072A000002801D4002010BD1620E070A078BF2176
:1072B0000140A170842010BD240E002010B50446AA
:1072C00008794A7912021218C978072004F008FCDC
:1072D0000748006834214056002801D4002010BD22
:1072E0001720E070A078BF210140A170842010BD5C
:1072F000240E0020B0B50D460446087900281DD1A3
:107300006879A9790902081804F06AFC6879A979F2
:10731000090208182A7AE9792B46093304F084FC1B
:107320006879A9790902081804F098FC6879A979A4
:1073300009020818E97904F0B1FC28796979AA7979
:1073400012025118EA7904F0B8FC094801683620A5
:107350000A5C002092060AD53631497AC90706D060
:107360001820E070A078BF210140A1708420B0BD3A
:10737000240E0020FEB50D4604460879002823D1CE
:107380006879A9790902081804F02AFC2A7AE979AF
:107390006879AB792E4615362F460F370097019640
:1073A0001B0218182B46093304F091FC6879A9795F
:1073B0000902081804F052FC6879A9790902081832
:1073C000E97904F06BFC28796979AA7912025118DD
:1073D000EA7904F072FC0948016836200A5C002052
:1073E00092060AD53631897A890706D51C20E070C5
:1073F000A078BF210140A1708420FEBD240E002092
:1074000070B50446144E30683625405D00280ED114
:1074100008794A79120210188A7BCB7B1B029A18D2
:10742000891D04F07BFC3068405D002811D00B48BA
:1074300001684A5D002092060AD53631497AC906AC
:1074400006D51920E070A078BF210140A1708420EA
:1074500070BD002070BDC046100E0020240E00201C
:1074600010B504460879491DFBF758FA0A48016827
:1074700036200A5C0020920604D53631092289564E
:10748000002900D410BD1A20E070A078BF2101406F
:10749000A170842010BDC046240E002010B5044603
:1074A0000879491DFBF73EFA0948016836200A5C55
:1074B000002092060AD53631897AC90706D01B20EA
:1074C000E070A078BF210140A170842010BDC046AB
:1074D000240E0020F8B5184C01250422174E204632
:1074E0002946B047164F3860102220462946B0473B
:1074F000396808600C2220462946B0473968096877
:10750000C860104DE98924222046B04701463868FA
:107510000268D06881600021082903D000235352FB
:10752000891CF9E7E989D18000211181E98941802D
:1075300004F074FCF8BDC046880C0020DDB80410CF
:107540002C0E00208C0C00200120704770B50D4DD2
:107550002A684224135D7F261E401655002802D05B
:1075600004F078FC70BD084604F090FC2868015DCA
:10757000F7220A4002550E2002F052F9FAF732FBC8
:1075800070BDC046300E002070B51D4E32684225D9
:10759000535DDB0628D5002816D0A43219480068B0
:1075A0003421405C74214143002399421CD010686F
:1075B000002807D0C0180489002C03D017240457D2
:1075C000002C12D47433F0E74920800010182024D6
:1075D0002246FDF711FB3068415D214341550E20E5
:1075E00002F01EF9FAF7FEFA70BD0B21002201230A
:1075F00004F05EFC3068415DCF220A40425570BD08
:10760000300E0020100E0020F8B50546012068213C
:1076100004F062FC234F3860234EF07A1424214694
:1076200004F05AFC01463868C162012D10D15C306B
:1076300004F05CFC2225705D342104F04DFC3968B7
:107640004863705D4000102104F046FC396888648E
:10765000F07A411C154D0122284604F03FF93968A3
:107660000862F17A0222284604F038F93D6868621F
:10767000F17A0F4A0723284604F03CFC38681721AA
:107680000185318C172901D28620F8BD4185F17A18
:107690004C43C06A00212246FDF7B2FA04F03FFCD9
:1076A000F8BDC046200E00208C0C0020880C002065
:1076B00061BF0510F0B589B0012B00D0A1E000AB8F
:1076C00007C30F980E99039129214F4C615C4A1E04
:1076D0009141E27F089204F024FC0690E67A049639
:1076E00001271821494C3846A0472346484C2168B9
:1076F00090254959C863402138469847216849591F
:10770000C96B086057208400304621463F4A9047A5
:107710003F4909684959C96B48600898874004F097
:107720000BFCF8B20821394A904739490968089595
:107730004959C96B0968242200268E5408622431F5
:107740004F700594049844430794069D089C07983D
:10775000B0421BD001273846294604F0BDFB2C4916
:1077600009680959C96B49688919842288503846C3
:10777000294604F0B1FB264909680959C96B4968D3
:1077800089198822885005983618E0E70098012862
:10779000049C09D10E21204604F09EFB1C49096877
:1077A000089A8958C96B88600198012809D1082175
:1077B000204604F091FB16490968089A8958C96B5C
:1077C000C860029801280FD12421204604F084FBD0
:1077D0000F4D2968089A8958C96B08610120112149
:1077E00004F07AFB296808660398012809D11C2156
:1077F000204604F071FB06490968089A8958C96B4C
:10780000486109B0F0BDC0468C0C0020D9BE041000
:10781000240E002070B50024204604F0C3FB05466A
:10782000094E30683421415C8C420CD2E321695C02
:10783000C90703D0284604F0C3FB306857218900EC
:107840006D18641CEEE770BD100E002070B50024AA
:10785000204604F0A7FB0546094E30683421405C01
:1078600084420CD2284604F04DFC002802D0284661
:1078700004F048FC572080002D18641CEDE770BD13
:10788000100E0020F8B50024204604F08BFB0546BE
:107890000126264A274610683421405C84423DD2A6
:1078A0002C20285CFE21014002292BD1284604F01F
:1078B00099FE0028304623D1284604F0AEFE002869
:1078C00030461DD1284604F0AAFE0028304617D1C4
:1078D000E0B2009004F0A5FE0028304610D10098D8
:1078E00004F0A1FE002830460AD1284604F09DFE8F
:1078F0000028304604D1009804F099FE411E8841CA
:107900000A4A00E00020411E88413906374600D16E
:107910000746572080002D18641CBCE7380603D0AA
:107920001220012104F086FEF8BDC046100E002092
:10793000FEB5064687680479204604F033FB054609
:10794000204604F08BFE002844D08079042841D1E1
:107950007802E96C81423DD028462C300295923560
:1079600039683D2212016B889B019A18EB889A4274
:1079700000D81346184A4A43114636680078022850
:107980000BD116481818814207D201911249009371
:1079900001F026F9009B019938602888F0844B207B
:1079A00080001818091A00D2002168892A8A90429A
:1079B00000D310468142029B00D8084682B2A9211A
:1079C00009018A4200D80846B08401212046324687
:1079D00004F058FEFEBDC046E2040000BC0B0000EF
:1079E000FEB505680679304604F0DCFA07463046F5
:1079F00004F034FE002847D08079042844D13C4666
:107A00009034A88CE18881423ED0E080002130464D
:107A10002A463B4604F036FE1C4800683621415C8D
:107A2000890631D53630407A40062DD52689A5887D
:107A3000E0880190208802907F8F154800680069D7
:107A4000802126220424234604F048FE00281BD06F
:107A5000014606748573019B0373029A8272077252
:107A60000720C8710B2088713E2048710C71300AC4
:107A70004874280AC873180A4873100AC872380A6A
:107A80004872802004F086FEFEBDC046240E002011
:107A9000140E0020F0B589B00024204604F082FACC
:107AA000009001200890404800683421405C8442E6
:107AB00078D2572080000594604300990D182C203F
:107AC000285CFE210140022969D10121009C204649
:107AD000079104F06CFE064600212046019104F057
:107AE00066FE411E8841002E0899049100D1049041
:107AF0002B462846E83003902846E6300290EA33C9
:107B0000089F06931C78F02626400F252540032D5C
:107B10001FD0022D0BD0012D2BD1049800282CD082
:107B20001320012104F086FD069B022525E0039821
:107B3000008802990988081A0A2343431B480068F1
:107B40000599C9B2A030012204F03CFE069B032532
:107B500013E0A00611D5049800280CD00598C0B2F7
:107B600004F097FE002801D0D02626400898069BF6
:107B700004E0019802E0D0262640089872B61978F1
:107B80008C4203D12E431E70002102E007990F4062
:107B900039464A1E914162B600270842B2D1059C7F
:107BA000641C80E709B0F0BD100E0020240E0020F8
:107BB000FEB5044604F0F6F905469320470020463A
:107BC00004F04CFDE95DC906CA0F43D02C462C34A5
:107BD0002178022906D1017A002900D181798171A9
:107BE000467A05E0417A002900D181798171067ACF
:107BF000002E00D1C679C6710429029205D10088F1
:107C0000012805D03846042704E038464F0801E033
:107C10003846062728180190607D394601F0BAFDE4
:107C2000042E00D07608607D314601F07EFD0020F4
:107C300000909620012132463B4601F0CEFA0146E3
:107C40001435284601F001FC019A1078EF2101401B
:107C50001170029A1046FEBD80B50620014904F05D
:107C600030FE80BD55AA051080B504F033FE0249F0
:107C7000C161002080BDC0460200070770B50D46F7
:107C800004F0ECFC002814D0044604F023FE064661
:107C900000210E222046FCF7B3FF042D01D1284617
:107CA00001E00120A840E071A071F08B6080B08BF2
:107CB0002080002070BDFEE7F0B587B0044604F0D8
:107CC00071F9054693204700EE19204604F0C6FCE2
:107CD0000446EF5D78062B4648D5304800683621CB
:107CE000415C89063ED53630407A40063AD590351B
:107CF00028890190A8880290E88803902888049039
:107D0000588F0590264800680069802126220425A6
:107D100006932B4604F0E2FC069B002822D0014685
:107D2000019A0274029B8373039808730498887203
:107D3000059808720720C8710B2088713E20487191
:107D40000D71100A4874180AC8730398000A487322
:107D50000498000AC8720598000A4872802004F04E
:107D600019FD069B3078BF2101403170B80612D54D
:107D7000E17903204A0700D501465A8FA379009183
:107D8000590700D503468020002104F0ADFD30786E
:107D9000DF210140317007B0F0BDC046240E002045
:107DA000140E0020F0B589B001920291044601F052
:107DB000ECFAFCF780FF0320C043C01C03AD288110
:107DC000012028826873AA27E05DA8722646AA3699
:107DD000B07EE8720198049002980390B07C01F0A4
:107DE000E8FBA874E05B1449401A411E8841E8731F
:107DF00028732046EC3004F0ADFDF4200021029100
:107E00002150FF27B77404F0ADFDA873284604F095
:107E1000D1FD2046283005F0F5F83C34204605F029
:107E2000F1F8B77602983074307E800701D505F0FE
:107E3000FAF8012009B0F0BDFCFF0000F8B50446D7
:107E4000C420FF212154A420255A01272F40264673
:107E5000C436002F04D005F0E7F83070FF2822D098
:107E6000A43404F07FFD2076FF2813D00021E8061B
:107E70001AD40D4604F076FD29466076FF2813D10A
:107E8000002F02D0307805F0EBF8207E05F0FCF8EA
:107E9000072109E00721002F06D030780C4605F0B5
:107EA000DFF8214600E00C210846F8BDB0B588B0E7
:107EB000129C0694119C0594109D04950F9D0395AA
:107EC0000E9D02950D9D01950C9D009505F0F2F813
:107ED000012C10D105F03CFA05F03CFA0748C17AB4
:107EE00007480068A030074A052304F003F805F0AE
:107EF000B9FA05F0C3FA08B0B0BDC0468C0C00203A
:107F0000240E0020C9D2051080B50146C07C401E59
:107F1000032812D8784400794000874401050B01FA
:107F2000002005F0ACFA80BDB5208872C87E401CE8
:107F3000C87680BD084605F0E1FA80BDE0B502686C
:107F40004068D17C022909D1D169D37E5B1ED9401A
:107F500001230B407F21C9435B1800E00023054942
:107F6000096800904C32DBB208466430E43105F019
:107F700011FB8CBD300E0020FEB5B0C80668BA20DB
:107F8000307000203860E07C02281AD0042837D1F5
:107F90001C48016802AD009522463C3223464C3312
:107FA0000846E430643105F025FBC12030702846D6
:107FB00005F056FB144900F013FE208905F05CFB28
:107FC000FEBD10480168E069E27E01920095521EF4
:107FD000D040802202438123134022463C3208468F
:107FE000E430643105F0D6FA2C34102228462146BC
:107FF000FCF70DFE38600198132801D8B4203070CA
:10800000FEBDC046300E002040420F00B0B5002833
:1080100014D00B4D28684221425C0823134343547B
:108020006430084920242246FCF7E6FD28688430A5
:1080300005492246FCF7E0FD05F050FBB0BDC04607
:10804000300E002073EA051093EA051070B505465E
:10805000C67D0024300710D5288905F04DFB002887
:1080600001D0102409E0064800684221425C042344
:108070001343435401200643EE75204670BDC046AD
:10808000300E0020B0B50446144802686432002562
:108090004021284605F050FB002803D003F0DAFE0B
:1080A000122519E0E07D60210140602914D02022D2
:1080B00002406421635C012119408A1807D19B2189
:1080C0000840E075204605F049FB054604E084259C
:1080D000002901D04006F5D42846B0BD300E00205E
:1080E00070B50468E67D310708D50579FE200640A5
:1080F000208905F001FBE675002800D070BD002D39
:1081000001D0342000E00420C04304490968422221
:108110008B5C03408B5403F09DFE70BD300E00203D
:10812000F8B500276B4B6C4A3D4618683421405C1B
:10813000854200D3CDE01068A4214058002800D12A
:10814000B2E0C4192089002800D1ADE0A07A014630
:10815000D13905295DD3002800D1A5E0FE2800D142
:108160008AE0A22859D0AA2800D181E0B22854D0B0
:10817000B42800D18AE0BA287AD0BF2800D189E09B
:10818000F02800D18BE0102800D090E0012120469B
:1081900005F016FB002800D196E00026A67205F037
:1081A00025FB00284B4B4C4A7ED06420205CC00746
:1081B0007AD005F027FB484A464B002874D0E07976
:1081C000C021014040296FD1444800684821405CEB
:1081D000000769D524894248006880694A22022143
:1081E0000B4604F07BFA3C4A3A4B00285CD001462F
:1081F0000420487208220A72CE7188718C72FF20A6
:10820000487182200871200AC872022004F0C2FA64
:1082100048E0204605F0FAFA44E0E07D0126000738
:10822000304613D52046FAF7F2FB002806D0122874
:1082300004D00E2001F0F4FAF9F7D4FCE07D6021BF
:108240000140603948424841224B234AE17C0229DF
:1082500004D1E17B10220A4016091F4A002823D0CE
:10826000002E21D06420205CC00724D04B2023E0C6
:108270002046FAF7D8FB15E064202056002813D5D5
:10828000002174222046FCF7BBFC0BE0204605F0E1
:108290005FFB07E00021204605F06BFB02E0204673
:1082A00005F09CFB0C4A0B4B74376D1C3DE72046D8
:1082B00005F0D2FB0AE05B20C043A0720E2001F063
:1082C000AFFAF9F78FFC01E0F120A072014B024AEE
:1082D000EAE7F8BD100E0020300E0020240E00202A
:1082E000140E002010B50446C07D00070DD52046B1
:1082F00005F0B4FB002803D0842806D0882805D1D7
:108300000E2001F08DFAF9F76DFC10BD0B21002253
:108310000123204603F0CCFD10BD80B503F09AFD8B
:1083200080BDFEE7FEB5604F604C386801680029EB
:1083300000D1B8E005F0EEFB0546008805F0F4FB3F
:108340000028F2D006463868B021405C00280ED0E4
:10835000082100220123304603F0AAFD00280ED098
:10836000FD2800D096E0284605F000FCDDE76868AF
:10837000007A05280CD12846314605F005FC284630
:1083800005F0F4FB0E2001F04BFAF9F72BFCCCE7DB
:10839000B17AF12901D000290AD16421725C01214E
:1083A000114001D10B28DED1002901D00128DAD1FA
:1083B000F07D000706D50296019501A8FAF743FB68
:1083C000FC28CBD16420305CC00707D10296019510
:1083D00001A805F005FCFC28C0D122E06868007AFD
:1083E000042831D0032837D001281AD1B07A0028C8
:1083F00003D0FB2847D0F128B5D1308905F0F2FB36
:10840000024600200146234605F00CFC307E810721
:1084100002D50321084330762846314605F028FC72
:10842000D9E72846314605F06FFCFC2803D08628A2
:1084300099D0842892D1F07D000794D502960195B9
:1084400001A8FAF7FCFA89E7B07AB6288BD128465A
:10845000314605F0FBFCBEE7B07AB22809D0B4285B
:1084600007D0B52800D07EE72846314605F007F84A
:10847000B1E7F07C022800D075E738684021415C04
:10848000032908D16FE7092100220123304603F0B8
:108490000FFDA0E73868294605F068FD0F2001F0C0
:1084A000BFF9F9F79FFBFEBD300E002030750000CC
:1084B00070B505686968097AFD240E2946D14668B9
:1084C000F07DC00642D5F07C02283FD1307B0228E7
:1084D0003CD16420305CC007B07A01D1A23800E002
:1084E000B238032832D8012830D0308905F07AFB21
:1084F00002460024164B2046214605F093FB154802
:1085000000684821405C400620D536896868457A75
:1085100011480068806902214C22032304F0DEF830
:10852000002813D001468672042048720A2008727F
:108530000024CC71052088710D73FF2048718220C2
:108540000871300AC872022004F024F9204670BD78
:1085500030750000240E0020140E002080B5014666
:10856000006849684268127A0D2A0FD00C2A15D18A
:108570008A7A10231343FF22B22B18D16423CB5CD9
:10858000DB07CB7D0CD19B060CD410E08A7A10233C
:108590001343BB2B0AD105F0F2FC05E0FC2206E0F8
:1085A0005B0604D405F028FD024600E0FF221046D9
:1085B00080BDFEE7F8B52920C10001241F4D2046EB
:1085C000A8471F4E30601F4FF87A7421A8473168C2
:1085D000A422885005F076FD28212046A84731685E
:1085E000AC228850F87AC01CC0B2411C164D2846F7
:1085F000224603F073F931688862F87AC01CC1B270
:108600000222284603F06AF93168C862084603F07E
:108610006DFC05F063FD3068422100254554402182
:1086200003224254094904634163443010212A461D
:1086300005F068FD2846FAF7E2F9F8BDD9BE041046
:10864000300E00208C0C0020880C0020071007073B
:10865000F8B50120982103F03FFC2B4E30602B4FE2
:10866000F87A397B08181424214603F035FC326867
:1086700000255563D562F97A03462F46B9420AD0E0
:108680001D615F701F703268D36225467D434519B6
:1086900014337F1CF2E7002313631C4A127B521829
:1086A000CDB2AA420AD96543FF27475545192B6128
:1086B000697033681D63491C2B46F1E79006000E74
:1086C000411C134C0122204603F008F9316808626E
:1086D0000E4DE87A297B08188006010E02222046FA
:1086E00003F0FCF834686062E87A297B0818800699
:1086F000010E084A0723204603F0FCFB05F01AFD93
:1087000005F030FDF8BDC0461C0E00208C0C00208A
:10871000880C0020E9810510E0B500200090064B90
:108720000146024605F022FD002804D0072001F092
:1087300077F8F9F757FA8CBDD580051010B505F01C
:1087400043FD002801D0022400E00124002005F0B0
:108750004BFD0D49098A25314909491C00F040FAB1
:10876000844204D90820002103F064FF10BD82B2C6
:108770004220002105F046FD002804D0082001F029
:108780004FF8F9F72FFA10BD8C0C0020F0B585B02A
:108790000F4F3868403005F067FD0446200414D0C0
:1087A0006D46002028703868403005F0B3F901901C
:1087B000068805F062FD0146304605F063FD029033
:1087C000284605F071FD641EE8E705B0F0BDC0461F
:1087D0001C0E0020F0B5D3B000250C950B950A9522
:1087E0000995412082000DAC20462946FCF708FA85
:1087F000257110204490169009A80F902046FCF790
:1088000025FADC340194012005F020FE06464EA82E
:108810000C300290494D002E41D03078032839D0D9
:108820004EAF3046394605F023FE387C102831D152
:10883000708804A908804EA880893E4941180529FE
:108840001CD33D494118042903D329210902884238
:1088500020D10DAF022404AA38462146A847384645
:108860002146029AA847002005AA314605F028FEB5
:108870000598426801883846A8470BE00DAC0227EE
:1088800004AA2046394605F02BFF20463946029AB5
:1088900005F026FF304605F057FF0646BBE7019876
:1088A000828C002A06D00DA8202101710146E031FA
:1088B000FCF7D0F90DA84EAC04AA2146FCF7CEF97E
:1088C00005AD1026012328462146324605F050FF0B
:1088D0001B4F3968833128463246FCF798F9002847
:1088E0001AD03868833005A91022FCF785F9812059
:1088F000400003AD288000950024124B20462146FD
:10890000224605F033FC8020288000950E4B20463F
:108910002146224605F02AFC38685C21425CFD2392
:10892000134043540B2000F07BFFF9F75BF953B081
:10893000F0BDC046FFD6FFFF00D8FFFFE1E6041000
:108940001C0E002077D5051083D50510E0B5002159
:10895000009102200422074B05F008FC002801D0FA
:10896000812800D18CBD0B2000F05AFFF9F73AF9AD
:108970008CBDC0467D93051080B505F009FF80BD14
:1089800080B5042801D9122080BD05F005FF80BD07
:10899000F0B589B00546084628431224012836D888
:1089A0000E9F072F33D3102F31D80F9810282ED8B1
:1089B000B8422CD30E461099022928D80191029072
:1089C00003930492F9F7A6FF012806D1049902291E
:1089D0001DD8039A012A07D919E0039A1046049971
:1089E000084301D0112412E005AC01982073094816
:1089F000E080029860712771E270A1706670257046
:108A000005F0DAFE6073204605F0E0FE04462046DD
:108A100009B0F0BD0707000080B5044A914201D9B2
:108A2000122080BD05F0FCFE80BDC0463F420F0015
:108A300080B5012902D805F00CFF80BD122080BD51
:108A400080B505F024FF002080BD80B505F024FF2F
:108A500080BD80B505F0C0FF80BD80B505F0C6FFC4
:108A600080BD80B506F052F880BD80B506F058F89C
:108A700080BDBFB51C4602AB089D5D801A80099A77
:108A8000039200930123224606F054F804B0B0BDCF
:108A90001CB5059C0194049C009406F090F80020FD
:108AA0001CBD80B506F093F880BDBFB501AC089D34
:108AB0002581E380A28061802080204606F092F824
:108AC00004B0B0BDB0B504460078002801D0042839
:108AD00001D3122000E000201225002A2A4600D0EF
:108AE0000246012900D81546002D07D102F01AF9D7
:108AF000002803D12078FD21014021702846B0BD17
:108B000070B594B0044606F0E7F806466D463E356B
:108B1000684606F0E9F800280BD1002E09D1684616
:108B200040780121014020462A4606F0F1F8064629
:108B3000EEE7F0B214B070BD70B51D4D296872B685
:108B40000A6800260E604B6813434B6062B600282B
:108B50000CD028684168CA0708D001225140416002
:108B600072B6286801681143016062B62C6810343F
:108B7000206800280DD0204606F0D4F8800029682F
:108B8000081872B68268866048681043486062B60A
:108B9000EEE72868041D074D2068002806D020460F
:108BA00006F0C0F8810069588847F5E770BDC046F7
:108BB000340E0020DC170410CA0F00D04942031005
:108BC0005A400DD004B500D3404200F009F8009A95
:108BD000D20701D34942124200D5404204BD0000F1
:108BE000094214D088420FD30122030C01D10004A2
:108BF0001204002300185B418B4200D35B1A5241E0
:108C0000F8D319001000704701000020704708B524
:108C100006F0A8F808BDFEE710B5904216D98AB252
:108C2000030C090C0C46594380B253434443504350
:108C30001B191A041B0C10185941802252030023DF
:108C400012184B41520DD802104310BD48438022E8
:108C500052031218520D104610BD12422DD09942E7
:108C600031D970B500251B4209D00C00002112E05B
:108C70001100FFF7B5FF0A000021002370BD094273
:108C8000F6D00024012649186441944200D3A41A66
:108C90007641F8D33100012601E0764109D200186F
:108CA00064416D41A41A9D41F7D2A4185D41B619E3
:108CB000F5D3300022002B0070BD1B42CFD108B588
:108CC00006F052F808BD01D19042CAD202000B0052
:108CD000002100207047FEE730B4434351435D1844
:108CE000010C0C00130C5C432D1980B2434392B26B
:108CF00051430024C918644124040B04090C0919C8
:108D00005043C018694130BC7047FEE7F4B5070016
:108D10000E00354C2078012801D10220F2BD01203F
:108D2000207000256560FA20800000F011F8010035
:108D30000CD130000099002F02D100F02EF801E094
:108D400000F03AF8FA20800000F002F82570F2BD39
:108D500038B5040002F05EFA050024488168C907AE
:108D60000AD40020C0438442F7D002F053FA401BDB
:108D7000A042F2D3032032BD0C2182680A400C2AA3
:108D800009D1194A536804681C435460826811432E
:108D90008160012032BD002032BD10B5144A136934
:108DA0000F241C431461134BC0184003C00B906187
:108DB00011643320106010BD10B50D4A13690F24E3
:108DC0001C4314610B4BC0184003C00B9061086832
:108DD00010644868506488689064C868D064CC2087
:108DE000106010BD00000000900D00200810004031
:108DF000001000400000FCEFA446521E08D3037888
:108E00000C78401C491CA342F7D0181B64467047DD
:108E1000002064467047FEE7FEB50024204D2B7805
:108E2000012B01D10220FEBD01232B706C60FA27BB
:108E3000BF000368FF2B0AD11A4801690F220A43B9
:108E40000261222101603800FFF782FF19E0002350
:108E5000DB430B60466800900191002000E0761C27
:108E600000994968009A926889188E4209D23000A8
:108E700000F009F83800FFF76BFF0100EFD001990F
:108E80000E602C70FEBD07490A690F2313430B6166
:108E9000C0024003C00B88611120086070470000C9
:108EA000900D00200010004010B5040008001100D3
:108EB00002002000F9F7EEFA200010BDF0B585B0F1
:108EC000944F3968C8604A78E32313401A1D4A70EA
:108ED00000F036FA05463868C06800F021FA064608
:108EE00038684469C06800F001FA012228431FD1A4
:108EF000384617460068C06800F01EFA002815D1F1
:108F000084480068C06800F001FA00280ED181484A
:108F10000068C06800F0FEF9002807D17D480068AD
:108F2000C06800F011FA002800D1DDE03A46794F20
:108F3000002E07D0002D05D1002C03D038684078D2
:108F4000C0070CD138684078C00700D09FE0002CE3
:108F500000D19CE0E07D01210143E17597E003929F
:108F600005F004FF20786075E07DF9210140081DBF
:108F7000E07500250495606A21698A6804A9904714
:108F80000646204605F00EFF38684068E061022E74
:108F900004D10499002901D1049001E0022E1ED1D0
:108FA0002E46257DFBF787FEE80735460BD1049951
:108FB000204605F017FF00282ED0207D012101401A
:108FC00003264E4013E0A069A168E2680818C04378
:108FD000049908188018002808DA022607E0002EF5
:108FE0003BD0FBF768FE012EE1D000E00326B01E67
:108FF000C0B2022836D839681831204605F034FF4F
:10900000386800254561042E029507D0032E09D14A
:10901000204605F033FF08E0012623E0204605F056
:1090200041FF02E00498E0612546284605F04CFF28
:1090300001200190294605F0B7FF386840690028F3
:1090400003D0A84201D1029D0CE0002D09D0E87D9B
:1090500001210843E8750D4604E000F02BF92E4687
:1090600000E0019D2069C268002A02D0606A29469A
:109070009047032E00D10024002E02D006F004F801
:1090800004E03868417810220A434270039A002AAB
:109090001CD038684569FBF70EFE002D11D0E96938
:1090A000284605F09FFE002810D0FBF704FE396823
:1090B000002048611831284605F0D6FE284605F004
:1090C000DDFE002005F000FF05F0DEFF3868417886
:1090D000FB220A4042704069002803D1002021464B
:1090E00005F062FF05B0F0BD0A480068C06800F0F6
:1090F0002FF900283A46074F00D019E73868407822
:109100000121014048424841611E22468A410240F5
:109110000EE7C046280E0020694A5C235843101809
:109120000268684B1340C90680221205114019439A
:1091300001607047624A5C2358431018C269FF23DC
:109140009A43C9B21143C16170475D4A5C235843D9
:109150001018026A120C120489B21143016270479E
:1091600057495C2250430818C16A80220A43C262F0
:10917000704753495C2250430818C16A80229143CA
:10918000C1627047426801239A43CB07DB0F134348
:1091900043607047426808239A43C90003E042686D
:1091A00010239A43090119401143416070474268F6
:1091B00020239A434901F6E74268494B13400902CC
:1091C0008022520005E04268444B1340490280224D
:1091D000920011401943416070475CB504B402002D
:1091E000069C00200026012935D168460178180028
:1091F000084301D106203BE008200E0003D1012BDB
:1092000006D1052034E0012E0CD1190005D12FE044
:10921000062BEFD0042B2BD1ECE7062B28D0042B08
:1092200007D125E0062E01D0042E07D11E0002D161
:109230001DE0012BEFE70E00062E01D0042E03D116
:10924000012BD7D0062901D0042911D1062B0ED02D
:10925000042B0DD10BE00B0004D10720012C0DD104
:1092600099260CE0022902D0032908D1F6E707204D
:10927000012C01D19B2602E03D2600E03B26911BFC
:10928000081A5EBD1C490A681C4B13401C4A29E0A1
:109290001C48016808220A430260704719480168A7
:1092A00001220A43026070471748016880229143F7
:1092B000016070471448016880220A4302607047C9
:1092C000DC000020FFFFFFF70F490A687F239A4365
:1092D0004006400E1043086070470000FFFDFFFF8E
:1092E000FFFEFFFF02401A430A60704701009948E1
:1092F0000840704700000000040000604F000200BA
:10930000B0FFFDFF18000060C40000208021C903E9
:1093100008407047002070478021C9050840704709
:1093200080218904084070478021890108407047E6
:109330008021C902084070478021490208407047D7
:1093400080218903084070478021890008407047C8
:1093500080210901084070478021090608407047B4
:109360008021C9040840704740210840704780218F
:1093700049040840704780B50021FFF70BFF01BD8D
:109380004168802291434160704780B50021FFF71A
:10939000F9FE01BD8068704780B51021F9F778F8B3
:1093A00001BD80B50121FFF702FF01BD80B501219C
:1093B000FFF7F5FE01BD80B50121FFF7EBFE01BD12
:1093C000826881607047416880220A43426070472A
:1093D000C1688022D2050A43C2607047C1688022FA
:1093E00092040A43C2607047C168802212060A4391
:1093F000C2607047C1688022D2040A43C2607047CD
:10940000C168802252040A43C26070474168042246
:109410000A434260704702680160704780B50021CE
:10942000FFF7CAFE01BD704780B50121FFF7C4FEFA
:1094300001BD416840220A434260704780B5012166
:10944000FFF7A0FE01BD80B51FE0C268120D120536
:109450000903090B1143C1607047C16880225203A0
:109460000A43C2607047C168802212040A43C26086
:109470007047C1688022D2030A43C260704780B53A
:1094800041688022D2000A4342600121FFF79BFE1F
:1094900001BD72480268724B13400902714A0EE125
:1094A00080B50121FFF738FE01BD6F4A5C235843A8
:1094B00010180029016803D040220A430260704757
:1094C0004022914301607047000067495C2250438D
:1094D00008180168654A0A400260016A654A0A4044
:1094E00002627047000062495C225043081801681C
:1094F000802292030A430260016A802292050A4395
:109500000262704700005A495C2250430818406AC2
:109510007047574A5C2358431018C26A120C0A70ED
:10952000C26A120E4A70026B8A70026B120ACA700B
:10953000006B8002800E087170474D495C225043D9
:10954000081838307047000049495C225043081819
:109550004030704730DFC90045495C22504308184D
:10956000C06A8004800E704741495C22504309580C
:109570000806C00F70473E495C22504308588004DB
:10958000800E70473A4A5C2358431018C269120A89
:109590000A60036A1B0613430B60006A0004000E96
:1095A0004860704732495C22504308584000400FE1
:1095B00070472F495C22504308584001400F7047C4
:1095C0002B495C2250430918C86AC006C00EC96AFC
:1095D000090602D51F2800D12020704710B50400CD
:1095E0005C21234822005C235A438018F8F750FF7F
:1095F00001212000FFF759FF10BD854A5C23584325
:109600001018426A4162704710B5814A5C23584382
:109610001018C26A92B20B784C7824021C432304BF
:109620001343C362026B920D92058B78CC782402AF
:109630001C430979090421438902890A1143016302
:1096400010BD734A5C2358431018826A120E12062A
:109650000902090A1143816270470000D00000200E
:10966000FF0000F000FFFF0FDC000020FFFFDFFF26
:10967000DC000020FFFFFFDF654A5C235843101821
:10968000826A1202120A0906114381627047604A17
:109690005C2358431018C26A5E4B13400902FC2237
:1096A00092010A401A43C2627047594A5C235843E8
:1096B00010180268574B13400902FC2292010A401D
:1096C0001A430260704710B5514A03005C2463439B
:1096D000D218D369DBB20C6824021C43D4614A68F7
:1096E00012020968090E1143FFF72FFD10BD80B566
:1096F000474902005C235A438918096A8AB28021CB
:1097000009021143FFF721FD01BD41495C2250438D
:109710000818016880229143016070473C4A5C232D
:1097200058431018826881607047394A5C23584357
:1097300010180268384B13400907E022D205BEE733
:1097400038B50A68324B04005C256C431B199C69D0
:109750009A614968FFF7EEFC31BD80B52C490200E3
:109760005C235A438918C969CAB280211143FFF7A3
:10977000E1FC01BD26495C225043081801688022A3
:109780000A4302607047224A5C235843101842681B
:10979000416070471E4A5C235843101802681F4BF3
:1097A00013400906E022D20489E770B505000C00D9
:1097B0001F26202C02D1FFF7D3FC02E0FFF7D9FCD3
:1097C000264013485C214D434019C16A1F22914332
:1097D0000E43C66270BD0E4A5C23584310180268DF
:1097E0003F239A438906890E114301607047084957
:1097F0005C22504308180168802212024A4002602D
:109800007047042801D19D20704712207047000046
:10981000DC000020FFC0FFFFFFFFFF8FFFFFFFF80E
:109820001F21014001228A4072B60449096840099B
:1098300080000B5813430B5062B67047340E002063
:109840007047FEE710B5094C21684A69002A0CD020
:10985000C0070AD010690368002B02D0506A9847ED
:1098600021684878012202434A7010BD280E00206A
:10987000704780B5C043FAF7E7FB01BD70B5002320
:109880009B4D05E014688600AC51121D401C5B1C0A
:109890008B42F7DB70BD964B8000181804E013680C
:1098A0000360121D001D491E0129F8DA0021016024
:1098B000416070478E4B8000181804E00368136005
:1098C000001D121D491E0129F8DA704780B5FAF70C
:1098D0001BFDAE480168802252030A430260016802
:1098E000802212030A4302600168802292020A4326
:1098F000026001BDF8B505000E001400FAF70AFD7C
:10990000002801D0012055E02000AF4CA0660020C7
:1099100081006A58230008335A50401C0828F7DB9E
:109920002F000020350081006A58230028335A5048
:10993000401C1028F7DB0126280000F09CF90028C5
:1099400007D00320606026602A00203229003800FA
:1099500038E00027676026609C4E3200290000BF77
:109960001AA000F015F960680128FCD100F0ABF8EE
:1099700000281AD032002100483100BF13A000F0A7
:1099800007F960680228FCD100F09DF800280CD08F
:10999000210048312000283000F01AF960680328BF
:1099A000FCD100F07CF8002806D127606760FAF748
:1099B000C1FC0220C043F2BD220048322100283100
:1099C0002000083000F096F80020F2BD00010000F1
:1099D0000000000070B5050000267B4C2660666024
:1099E000FAF7A8FCAC490D60B0002218926808187C
:1099F0000264761C082EF7DB0020C043A26E90475D
:109A000070BD70B5A44C00266F4D10E000208100A1
:109A10002A00083252586250401C0828F7DB210007
:109A200040312000203000F015F90E2068602868D1
:109A3000012826D16868002808D0012808D002280B
:109A400008D00328E2D00E2807D017E0012002E05A
:109A5000022000E00320686070BD2E606E60FAF79F
:109A600069FCB0002900083109582150761C082EE5
:109A7000F7DB21000020AA6E904770BDA020FFF701
:109A8000A9FF70BD80B5FFF7BCFF05F021FB01BD4C
:109A900080B58068FFF79EFF05F01AFB01BDE0B5B9
:109AA000082200216846FFF7FFF96A460221B82024
:109AB0008000FFF7FFFE00987849884201D101201D
:109AC0000EBD00200EBDE0B5082200216846FFF75C
:109AD000EBF96A460221A6208000FFF7EBFE009812
:109AE0006F49884201D101200EBD00200EBD00004B
:109AF00000043048F8B507000E001500234C20681C
:109B000068490140882080010843206020680421C2
:109B10000143216066A202210020FFF7AFFE00BFD3
:109B200065A202210220FFF7A9FE00BF64A2022164
:109B30000420FFF7A3FE00BF73A208210620FFF751
:109B4000AAFE00BF60A208211C20FFF7A4FE00BFF0
:109B500065A208213220FFF79EFE3A000821482026
:109B6000FFF799FE320008215E20FFF794FE2A00DD
:109B700008217420FFF78FFE6068C103C90FFBD175
:109B80002068022101432160F1BD0000000030483F
:109B900070B50E001500444C2168424A0A40C021AD
:109BA000090111432160020002210220FFF766FE35
:109BB00032000821C8204000FFF76DFE2A0008216E
:109BC000852080003BE0000078080020C89C04103D
:109BD00070B506000D00344C206832490140A020C9
:109BE00080010843206000BF33A202210220FFF75A
:109BF00045FE00BF32A202210420FFF73FFE00BF56
:109C000041A208210620FFF746FE00BF2EA2082130
:109C10001C20FFF740FE320008215E20FFF73BFECC
:109C20002A0008217420FFF736FE00BF2EA208216B
:109C30003220FFF730FE00BF3BA208214820FFF78B
:109C40002AFE6068C103C90FFBD1206802210143CD
:109C5000216070BD10B502000C00002A03D008215D
:109C60005E20FFF727FE002C04D02200082174207C
:109C7000FFF720FE10BD10B500210C4A8B00D45810
:109C8000C3589C4203D1491C1029F7DB01E0002096
:109C900010BD012010BD0000A00B00200DD600005B
:109CA0006A910000FFC0FFFF0000304864150410F7
:109CB00000010000000000000001000000000000A2
:109CC0000100000000000000FFFFFFFFFFFFFFFF9B
:109CD000FFFFFFFF00000000000000000000000088
:109CE00001000000FFFFFFFF020000000500000070
:109CF00003000000FEFFFFFFF9FFFFFFFBFFFFFF78
:109D0000FCFFFFFFFCFFFFFF03000000000000005E
:109D10000000000000000000000000000000000043
:109D200000000000000000004B60D2273E3CCE3B0C
:109D3000F6B053CCB0061D65BC86987655BDEBB326
:109D4000E7933AAAD835C65AF0B587B0002403780D
:109D500041780906090C0B430121AC4AAC4DC34EB6
:109D60009B1B07D00D3B00D199E00B3B4ED05B1EF7
:109D700068D0A8E08378C6783606360C334302AE46
:109D8000B3818379C7793F063F0C3B43F381037A64
:109D9000477A3F063F0C3B43337203000A33039379
:109DA0008779C3791B061B0C1F431389BF1E9F4273
:109DB00011D10124807A002802D0012805D082E048
:109DC0002800F8F7D9FB06201BE028004C30F8F7F4
:109DD000D3FB052015E08579C7793F063F0C3D434D
:109DE0006D1E9288954202D1012431700AE0827979
:109DF000C5792D062D0C2A43501E984263D10124AB
:109E00000420307002A8FAF7B1FA5CE08379C579D2
:109E10002D062D0C2B435B1E5588AB421BD083793E
:109E2000C5792D062D0C2B435B1ED588AB4212D075
:109E30008379C5792D062D0C2B43581E128990422B
:109E400041D108E0C379057A2D062D0C2B435B1E0A
:109E50009588AB4201D1012435E0C379057A2D06FE
:109E60002D0C2B435B1E128993422CD10124417A85
:109E7000827A1206120C1143C279037A1B061B0C5C
:109E80001A438578C3781B061B0C1D430B300190C9
:109E90000091002304212800F8F734FE13E08278B3
:109EA000C1780906090C0A4304211000F8F733FEB3
:109EB000010004D028009830F8F75EFB03E028008A
:109EC000D830F8F759FB200007B0F0BDFEB5684860
:109ED00005F000F9674F982040003D182800F8F77A
:109EE000F4FD0190002804D001463800F8F744FB47
:109EF00003E038004830F8F73FFB444C2800F8F7FF
:109F0000E8FD20803800A030F8F7EBFD60803800D5
:109F1000C430F8F7E6FDA0803800E830F8F7E1FD3E
:109F2000E080862040003818F8F7DBFD2081200013
:109F30003430F8F7DAFD60814F4D2088A880002684
:109F40002E754E48007A00282ED04C48407A287250
:109F500005F0FEF8E860287A05F0FAF8286168460E
:109F600002901EE049A0F8F707FB18E07000434993
:109F7000CA68125CEB689A55C96808180178029A99
:109F8000117040780128EDD1029A507029698855E6
:109F90006846E16C896802780A7042784A70761CDB
:109FA000F6B2287A8642E1DB0198002803D0380017
:109FB0007C30F8F7E1FAF7BD38B5314C002803D012
:109FC000022813D008D31FE00A79042A00D90422FA
:109FD00009682000103006E00A79002A00D001222A
:109FE000096820000C30F8F775FA0DE00D792A4663
:109FF000502A00D95022096820001430F8F76AFA74
:10A00000502D00D350256580002032BDB8030020BC
:10A01000A4110410FEB512240B79502B00D3502349
:10A02000184DEB8103281FD114000E793246502AB7
:10A0300000D950220F68390028005030F8F74AFA4A
:10A040000197009600232A89521C92B20421200015
:10A05000F8F74FFD04000C48210002D0F8F78CFA05
:10A0600002E04430F8F788FA2000FEBD010C000041
:10A07000499D0410AC120410780D0020E00400206B
:10A0800064040020B803002004140410424C455F0F
:10A090005354415455535F494E56414C49445F50C7
:10A0A0004152414D530A0000021D13688B43136057
:10A0B000026811430160704781B08C490A6802430D
:10A0C0000A60096808400090009801B0704730B5F8
:10A0D00085B004000820FFF7EFFF824861004518B3
:10A0E0002988009101210191029102210391A1008F
:10A0F00044186946A06805F053F87B480068C0061C
:10A1000010D5A0689021C905884203D100997848EC
:10A11000FFF7CAFFA0687749884203D100998248B7
:10A12000FFF7C2FF01222988A06805F0E7F80020A8
:10A1300005B030BD80B56B4B002202E080B5694BA5
:10A1400001224100595A80001818806805F0D6F89D
:10A15000002002BD70B586B006000C00300001D1B1
:10A16000042000E00820FFF7A7FF20006F4D7100DA
:10A17000695A01910121039102210491B1006C18E7
:10A18000010006D10020029001A9E06805F008F85E
:10A190001FE001281DD18020400065490A68024364
:10A1A0000A600968084000900098802040020290F0
:10A1B00001A9E06804F0F4FF2800083085190022A6
:10A1C00003210020285605F0D6F80020285605F077
:10A1D000D7F845480068C00610D5E0689021C90549
:10A1E000884203D101994248FFF75EFFE068414988
:10A1F000884203D101994C48FFF756FF002006B072
:10A2000070BD80B5494A4100515A80001018C0689D
:10A2100005F06EF8401E8041C00F02BD80B505F00C
:10A2200073F801BDF0B587B00F0000260024002FA1
:10A2300002D10124E44350E03E499422424389186C
:10A2400000913D4980000858009908600420FFF7FC
:10A2500033FF0820FFF730FF8020C00037490A682D
:10A2600002430A60096808400190019802200290A8
:10A270000390059001250495069002A99020C00541
:10A2800004F08EFF18480068C00603D502991848EC
:10A29000FFF70AFF0295069602A9164804F080FF10
:10A2A0000325ED433900009805F090F8002800D010
:10A2B0002C000021009805F0BFF8002800D02C00E9
:10A2C0000021009805F0D1F8002800D02C0000985B
:10A2D00005F094F8002800D02C00200007B0F0BD55
:10A2E00000000000B4060020000050485000404824
:10A2F0002000504800001048F8B500240D4E009191
:10A30000150094270BE0FA239B0001220098011905
:10A310000B4800787843301805F030F9641CAC42E3
:10A32000F1D32800F2BD000028005048C8060020E4
:10A330005400404888090020E006002058004048AA
:10A34000450E0020010000200A784B781B061B0CEC
:10A350001A43524B9A4200D0704730B58C79CA7973
:10A360001206120C14434E4B641E5D88AC4223D07F
:10A370008C79CD792D062D0C2C43641E9D88AC4222
:10A380001AD08C79CD792D062D0C2C43641EDD88D6
:10A39000AC4211D08C79CD792D062D0C2C43641E46
:10A3A0001D89AC4208D08C79CD792D062D0C2C431B
:10A3B000611E5B89994200D1012030BDF8B5394852
:10A3C00004F088FE384DAA2040002F183800F8F716
:10A3D0007CFB040004D021002800F8F7CDF803E04E
:10A3E00028004830F8F7C8F82D4E3800F8F771FB10
:10A3F00030802800A030F8F774FB70802800C4304B
:10A40000F8F76FFBB0802800E830F8F76AFBF080BF
:10A41000862040002818F8F764FB3081982040001F
:10A420002818F8F75EFB7081308820494880002C9E
:10A4300003D028007C30F8F79FF8F1BD80B502000A
:10A440001B4806D0022A11D009D3042A1CD014D3E9
:10A4500022E00A79202A00D9202209681AE00A7924
:10A46000202A00D920220968203013E00A79202A06
:10A4700000D92022096840300CE00A79202A00D94E
:10A4800020220968603005E00A79072A00D90722EE
:10A4900009688030F8F71EF8002002BD190C000092
:10A4A000DC0D002045A304101C0F0410780D0020C3
:10A4B0001C0A002078B585B000240378417809068D
:10A4C000090C0B430121364A364D5B1B02D0183B69
:10A4D0002ED037E08578C3781B061B0C1D436B46D6
:10A4E0009D818579C6793606360C3543DD81057A3E
:10A4F000467A3606360C35431D7205000A3501953D
:10A500008579C6793606360C3543AD1ED28895421C
:10A5100018D10124807A002802D0012803D011E04C
:10A520000220187000E019706846FAF7DDF809E0BB
:10A530008379C5792D062D0C2B43581ED288904265
:10A5400000D10124200006B070BDF8B5164804F013
:10A55000C1FD164D2F00C4373800F8F7B6FA0400D5
:10A5600004D021002800F8F707F803E0280048305D
:10A57000F8F702F80A4E3800F8F7ABFAB080280076
:10A58000A030F8F7AEFAF080B0880949088064205E
:10A590003070002C03D028007C30F7F7EDFFF1BDC0
:10A5A000D00D0020010C0000B5A40410A80D04106B
:10A5B000780D0020F0B585B00021002405784278A0
:10A5C0001206120C154301223D4B3E4EAD1B02D02C
:10A5D000193D3AD043E08678C5782D062D0C2E43E0
:10A5E0006D46AE818679C7793F063F0C3E43EE81CA
:10A5F000067A477A3F063F0C3E432E7206000A3623
:10A6000001968679C7793F063F0C3E43B61E9F8868
:10A61000BE420BD10124807A002802D0012803D049
:10A620001DE0022028700CE02A700AE08679C779C4
:10A630003F063F0C3E43701E5B8898420FD10124B9
:10A6400029706846FAF771F809E0C179057A2D0694
:10A650002D0C2943481E5988884200D1012420002E
:10A6600005B0F0BDF8B5184804F034FD174D2F00C3
:10A67000E8373800F8F729FA040004D02100280050
:10A68000F7F77AFF03E028004830F7F775FF0C4E24
:10A690003800F8F71EFA30802800A030F8F721FAC9
:10A6A00070802800C430F8F71CFAB0803088084960
:10A6B000C880002C03D028007C30F7F75DFFF1BD87
:10A6C000F40D0020010C0000B5A50410FC150410C9
:10A6D000780D002080B505F0B9F980BD431E022B2E
:10A6E00009D300280CD0032809D101200140494298
:10A6F000122008407047002A01D1104670471220EE
:10A7000070471FB51C4608460A99039109990291A2
:10A710000899019107990091069B1146224605F080
:10A72000CDF904B010BD80B51946104605F018FAF1
:10A7300080BDFEE78B0707D0521E22D30B78491C41
:10A740000370401C8B07F7D1830730D0DB4219D050
:10A75000401E121F08D308C943701B0A43801B0CFC
:10A760000371001D121FF6D2D20707D30B88437066
:10A7700001D08A78C2701B0A8370704701D00B78B1
:10A7800043707047121F06D308C903801B0C438017
:10A79000001D121FF8D2D20705D30B88038005D005
:10A7A0008B788370704701D00B780370704770B45A
:10A7B000103A03D378C978C0103AFBD2530701D3BB
:10A7C00018C918C001D508C908C0D20704D30B881E
:10A7D0000380801C891C002A01D50B78037070BC93
:10A7E0007047FEE781B01B4800684003800F00906F
:10A7F0000098002801D101200090009801B0704716
:10A8000010B50400FF2020708020C0054168124A66
:10A81000914201D10621217001680F2209091140DE
:10A82000617001680A40A270406860600948006871
:10A8300080B2401C8000A060FFF7D4FF002804D045
:10A84000FFF7D0FF401C800301E0C020C001E060A2
:10A8500010BD0000141000404120030281B02849BF
:10A860000A6A012002400CD10A6802430A600A68A1
:10A8700082430A600A6A02430A62096A0840009039
:10A880000098002001B07047F3B51E490B785B1C9F
:10A890000B7001231C4C6F460D78019E36682660B4
:10A8A000019E76686660019EB668A660019EF668A5
:10A8B000E66006682661466866618668A661C668C5
:10A8C000E66164263E70266B1E4326636E4636782C
:10A8D000761E3E70666B1E4003D06E463678002EA4
:10A8E000F4D16E463678266A1660666A5660A66AA5
:10A8F0009660E66AD6600E78B542CDD10020F6BDEE
:10A9000040004048410E00202800006010B50400BF
:10A9100007D002230022A16805F034F9010003D01A
:10A920000CE06120400110BD00201022226102468F
:10A9300083001B19401C5A610428F9DB606A102847
:10A9400001D0024810BD084610BD00001D0C0000DB
:10A95000F7B500258AB00E460446002804D0002E24
:10A9600006D10C98002803DD612040010DB0F0BD38
:10A970000C98002804DB102804DA2079800601D422
:10A980008C48F3E72079410701D4810702D5894833
:10A99000401CEBE74021084320712046143008900A
:10A9A0001CE0002081004A199219537817781B0285
:10A9B0003B4397785BBA1B043F02D2783B43134377
:10A9C0000A195269401C534004AA53500428E9DB79
:10A9D000A26804A8089905F027F9009D0C9928465B
:10A9E000103000908842DCDB207980061ED40029DC
:10A9F0001CDD002081004A199219537817781B0238
:10AA00003B4397785BBA1B043F02D2783B43134326
:10AA10000A195269401C534004AA53500428E9DB28
:10AA2000A26804A8089905F0FFF8C0E00020009093
:10AA300001900290039069460846A26805F0F4F878
:10AA400000998722C80F5043019A4900D20F114341
:10AA500000910199029A4900D20F11430191029984
:10AA6000039A4900D20F1143029103990C9A4900AD
:10AA7000414028461030039190421AD100208100B5
:10AA80004A1993195A781F7812023A439F7852BA9A
:10AA900012043F023A43DB786F461A430B195B6995
:10AAA0007F58401C7B405A4004AB5A500428E6DBD8
:10AAB00074E0009A8723D00F5843019B5200DB0FAC
:10AAC0001A430092019A029B5200DB0F1A43019233
:10AAD000029ACB0F52001A4302924A00424003925C
:10AAE0000C9A0020531BDA179C46920F6244921076
:10AAF000964616E081004A1993195A781F78120277
:10AB00003A439F7852BA12043F023A43DB786F46C9
:10AB10001A430B195B697F587B405A4004AB5A506B
:10AB2000401C8645E6DC81000A196B4652695B5879
:10AB300067465A4004AB5A507F1A00224B19BC4654
:10AB40009E460BE073469B18F35CD7001825ED1B5F
:10AB5000AB4004AD6F587B406B50521C9445F1DC08
:10AB6000002A09D0D600182204AB961B5D5880221B
:10AB7000B24055405D5005E004AA53580125ED0749
:10AB80006B40535004AB6A4605E081000D196D69B6
:10AB9000565875405D50401C0428F6DBA2681846E4
:10ABA000089905F041F8207904210843207100201C
:10ABB000DCE600001D0C0000F8B516460F46040048
:10ABC00009D0002E07D025468035E86D401E10289C
:10ABD00004D31348F8BD61204001F8BD2079400638
:10ABE00004D4002211462046FFF7B2FE207902214C
:10ABF00008432071002018210CE0C217920F121890
:10AC000092089200121983075269DB0ECB1ADA40C0
:10AC10003A54401CEA6D8242EFDC00203260F8BDFD
:10AC20001F0C000081B08020C00218490A6802434E
:10AC30000A600968084000900098154802E0154A2B
:10AC40000A40026001680902090C0168F7D101227B
:10AC5000914301604168C907FCD440680421084061
:10AC600000D0012001B070470B490A68D206FCD51C
:10AC7000496801800020704707490A68D206FCD560
:10AC80004968016000207047000000005000404803
:10AC900000006048FF0000FF04006048202070476B
:10ACA0001F20704710B51A490A78030003D013001B
:10ACB00004D1012202E0012A00D100220A701549C4
:10ACC0008B6880229200134020D18B68540023406F
:10ACD000A3421BD08B681A438A600A685307DB0FB4
:10ACE000FBD104220F23DB430028886804D00340F3
:10ACF0000E201843886002E0034013438B6088688D
:10AD0000054B03408B6008681040FCD010BD7047B5
:10AD1000430E002014005048FFFDFFFF0020704745
:10AD200000207047002070470020704700207047C7
:10AD300000207047002070470020704700207047B7
:10AD400000207047F0B58DB0099308920E46079029
:10AD500004F0A8FF01243821204601F0BDF82D2180
:10AD6000062242542E49C97A342281542D4F38602C
:10AD7000302101850CAD0BA90AAA2846F9F74BFF33
:10AD80000A9800022978090101430B98000308433F
:10AD9000001D396848851821204601F09DF8224998
:10ADA00008600021017504F083FF1A980690199C31
:10ADB0000594189804901798039016980290159887
:10ADC0000190139D00950798089F079631463A46D3
:10ADD000099BF7F7EDFDF7F799FD1B9E012C01D1BB
:10ADE000F7F770FD04F06EFF012E01D104F0C6FFED
:10ADF0000C4800682C21405CC0070ED1012C06D104
:10AE00001498F7F793FDF7F722FEF7F724FE07985B
:10AE100039462A46234604F0B3FF0DB0F0BDC046C4
:10AE20008C0C0020100E0020340E0020C9B20278D5
:10AE30008A4203D0401C002AF9D100207047FEE767
:10AE400080B5002801D100BF07A006490B68002B80
:10AE500003D022220021984701E004F0F1FF2220D4
:10AE600002BD0000000E0020636F6E737472616992
:10AE70006E742068616E646C65723A206261642051
:10AE80006D65737361676500431C0178401C09425E
:10AE9000FBD1C01A7047FEE7C9B2521E05D3037832
:10AEA000401C8B42F9D1401E70470020704710B5FE
:10AEB000144600F002F8226010BD4A0053155B1CD6
:10AEC00008D0520D06D003231B02FE3AD21A1305F6
:10AED000C91A70470022704730B4012464054D0040
:10AEE000EC420BD85D00EC4208D80C001C43640017
:10AEF0000443144304D2994200D1904230BC7047BD
:10AF0000FCD08B42FAD18242F8E7124217D40023D8
:10AF1000DB435B0D9C464B005B0D06D0634504D0C4
:10AF20009B18634502D21205891870476246090DC5
:10AF300011430905002000B500BF00BF00BD52420B
:10AF40004B005B0DF1D05B1C5B05EED25B0D9341BA
:10AF500002D91205891A70470BD10B031B13C90FB5
:10AF6000C907821C002043411343E4D91205114351
:10AF7000E1E7C90FC9070020DDE7F0B40E005E402D
:10AF80000125ED072E40B446AE0ADF184C18F442F6
:10AF90003BD2F74241D2640D43D07F0D38D0E41B41
:10AFA000C902DB0229432B43CF0ADB0A0600B61A8B
:10AFB0009F4104D2641EB6197F41B6185F416812E2
:10AFC000800D24180018844222DCE80C0021B619F8
:10AFD0007F41B61A9F4102D2B6185F413F1C4041E3
:10AFE0004941F4D3241C21DD2405B6197F41B61A4A
:10AFF0009F4105D33743C60737430026012F7041D1
:10B00000614166463143F0BC7047FCD1F74205D23E
:10B010000020C14349054908F3E704D00020C1439B
:10B02000F1E77F0DFAD000206146ECE72442FAD127
:10B03000401C61410F03F6D30020E2E7014870474E
:10B0400000000000E8060020F8B506000024104DBE
:10B050002878002819D0FBF777FE0700FA20800037
:10B060002978FDF7BDFD01003800FDF7B9FD04F0BA
:10B0700090F9002809D1042E07D2002231000020C7
:10B08000C04304F078F9AE6000E001242000F2BD76
:10B09000A806002081B0584903E081B0802040001C
:10B0A00056490A6802430A600968084000900098FF
:10B0B00001B0704700685249884200D0704780B59F
:10B0C00080204002FFF7E6FF002201210D2004F05E
:10B0D00052F90D2004F054F901BD18B587B00400F1
:10B0E000182101A8F7F7D4F92068C021C9058842C2
:10B0F00035D1012401940420059001A8FBF736FE08
:10B10000002801D0F7F7F5FA3E48016A21400CD13A
:10B110000168214301600168A1430160016A214384
:10B120000162006A044000940098F7F711FD0022C4
:10B130000021122004F01FF9122004F021F900224E
:10B140000021192004F017F9192004F019F9002240
:10B150000021162004F00FF9162004F011F908B0B0
:10B1600010BD38B586B0040014216846F7F790F991
:10B170002068254988423DD18020C00023490A68C3
:10B1800002430A6009680840059005980820FFF707
:10B1900081FF0420FFF77EFF01200090022401942C
:10B1A00000250295039504956946194803F0F8FFB8
:10B1B0000094019402950395049469469020C0057B
:10B1C00003F0EEFF0121012004F040FE02210020E7
:10B1D00004F03CFE0121012004F045FE0221002084
:10B1E00004F041FE00220121082004F0C4F80820E8
:10B1F00004F0C6F807B030BD500040485400404845
:10B20000000030484000404800400041580040489D
:10B210000000104801484068704700BFA8060020A1
:10B2200002780B78002A03D0401C491C9A42F7D0C0
:10B23000D01A704738B54F494F4C504A0120504BF7
:10B240001B68002B10D1CB68002B02D14B6B002B5D
:10B250000AD0906004F03AFEBFF34F8F4948606017
:10B26000BFF34F8F00BFFDE7474B23602368136197
:10B2700020220B6813430B600B6840241C430C60B6
:10B280000B6880241C430C600B68404C1C400C6015
:10B290000B695B07FCD58B693024A34313438B6197
:10B2A0008B693B4C1C408C618B6904021C438C6194
:10B2B00038490968384B99422BD038490B681E240D
:10B2C000A34310241C430C600B68184308600868F3
:10B2D000334B0340F8204005184308600868930486
:10B2E00003430B602F4801682F4B0B40A0218900BE
:10B2F0001943016001680A43026001682B4A0A4051
:10B30000C02149011143016001688022D2000A4333
:10B31000026000235CB2E10018250D40FF22AA4024
:10B32000D143C022AA40250004D4214CAD08AD0071
:10B33000641906E01F4D2407240F083CA408A4004C
:10B340002C19256829400A4322605B1CD9B22029A8
:10B35000E0DB62B631BD1848016800684005400F67
:10B36000890702D51549401E00E01549C14015481E
:10B37000016070470400504808ED00E00400002020
:10B38000940040480400FA0500000410FFFEFFFF8F
:10B39000FFFBFFFFF81E0010CCECBCFC0C0040488B
:10B3A000FFFFFFC0940050483FFCFFFFFFC7FFFFB7
:10B3B00000E400E01CED00E0080040480048E8011F
:10B3C0000090D003E40600207047FEE7F0B595B08A
:10B3D0003948006800900BA800F0F0F8002831D040
:10B3E00001AF06240025354B384621462A469847AA
:10B3F0007879C021014379710BAE30462030304B53
:10B4000039462246984707AC1027204639462A4637
:10B410002A4B9847304621463A46294B984703AC79
:10B42000204639462A46254B98473046103021465B
:10B430003A46234B9847304604F060FD002803D17C
:10B44000054603E0002501E00E20C5431D4C22689F
:10B450002E32002606273046394602F06DF90BA938
:10B46000002801D0203101E021682E3100986030A1
:10B470003A46F9F7C1FB226808321021304602F043
:10B480005BF9002805D0206808300BA91022F9F7D5
:10B49000B3FB226818320020102102F04DF9002879
:10B4A00006D00BA91031206818301022F9F7A4FB40
:10B4B000E8B215B0F0BDC046180E002005E104103A
:10B4C000F94B0410100E0020122070470020704726
:10B4D00080B504F01FFD80BD064800685C21415C1A
:10B4E0008906890F04D05C30C17802220A43C270F9
:10B4F0007047C046180E0020B0B50446002108254C
:10B500002A46F9F77DFB2078DF210143217060781E
:10B51000092101436170A1782943A170114909688B
:10B520005C22895C890602D50F2108436070FFF711
:10B53000F7FB012807D16078122101436170A078E0
:10B5400007210143A170FFF7F1FBC0B2012807D129
:10B550006078E02101436170A07880210143A170EF
:10B56000B0BDC046180E002010B53F21054A47293E
:10B5700006D043183F3B1B7814686354491CF6E718
:10B58000002010BD240E002010B52F21054A3729B8
:10B5900006D043182F3B1B7814686354491CF6E708
:10B5A000002010BD240E0020024800686C21405C81
:10B5B0007047C046180E002000207047E0B50346D3
:10B5C00026200090022100200246F8F73EFE0028C7
:10B5D00000D081208CBD002070477047F8B500294D
:10B5E00016D00E46054609780024C80720461FD10C
:10B5F00088070FD448070FD408070FD4C8060FD404
:10B6000088060FD448060FD408060FD507200FE090
:10B6100012243CE001200BE0022009E0032007E0B7
:10B62000042005E0052003E0062001E00020C043DF
:10B6300030701848006847214056002827D5164822
:10B640002818032101430D31880883B2134800688C
:10B6500080690221492201F041F8002816D00746EE
:10B66000001D2946324604F059FC04207872072058
:10B670003872E81C010AF971B871FF2078718220D4
:10B6800038710220394601F085F800E00724204691
:10B69000F8BDC046240E0020FDFF0300140E00205C
:10B6A000BCB50C4605464888001F4880084602F095
:10B6B000E4FD011F02290CD806281AD005281DD048
:10B6C000042811D10420A0812846214604F033FC2F
:10B6D00018E03F2808D020385F2805D86846057054
:10B6E000019404F062FC0DE02846214604F064FC5D
:10B6F0000EE02846214604F065FC03E0284621467A
:10B7000004F096FC002803D06188091D6180BCBD4F
:10B710000020BCBDB0B504460188022004F0ACFD99
:10B720000546002802D1204602F020FA2846B0BD86
:10B7300070B591420ED215460E460446406804F09C
:10B74000BFFD751B606804F046FE281881B22046D4
:10B7500004F04DFE70BDF0B5C3B00446008804F09F
:10B7600055FE00287CD00546207A0327074028692B
:10B770002A460C32022F039208D100282FD01188BC
:10B780008426042954D30121029131E000284AD0B3
:10B790006688002E26D00021019104A80290204640
:10B7A0003246029B04F04EFE286940680090204615
:10B7B00004F051FE0146009804F052FEA989286960
:10B7C0003246029B04F052FEA8898019A88181B2FA
:10B7D000286904F00CFE039A0198608002E02C6155
:10B7E0006088A881108804281BD328690026029647
:10B7F0000021019104F043FE001D81B2AA898A4212
:10B8000016D812D1296948800120FFF749FF002886
:10B810002DD028698426A04226D10198A8812861CC
:10B8200022E0002618E0002602E00298002813D04B
:10B83000A87810210143A9704220012102222B4641
:10B8400004F02EFE2869002806D002F08FF90020AF
:10B850002861039900200880002E05D1012F03D113
:10B86000204602F083F90026304643B0F0BD01982F
:10B87000EEE77047F0B585B004468778781E03215F
:10B88000049108430930800883B2207A039020880D
:10B89000029011480068806902254022294600F084
:10B8A0001DFF002814D00646009701940498039ABF
:10B8B0000240301D002702993B4604F02BFE3571F3
:10B8C0002846314600F066FF204602F04FF900E0BE
:10B8D0000727384605B0F0BD140E002070B5144699
:10B8E00005464C430068401E032101434E1C0021C5
:10B8F00030462246F9F784F930192860304670BD89
:10B90000F8B5044604F01DFE1C480068466B002E86
:10B9100032D0374636693889A042F8D100257A8975
:10B92000E8B2032804D8214604F01AFE6D1CF6E79D
:10B930002046114604F024FE7989204604F036FEA4
:10B94000002038810D480068426BBA4205D011468C
:10B950001269BA42FBD1103101E0014634313A6933
:10B960000A607989042903D1C16A3961C762CEE7C7
:10B97000016B39610763CAE7F8BDC0461C0E0020A1
:10B9800010B502F0D1F8002825D00446008902F055
:10B9900029F90246012000210F4B02F043F92089CA
:10B9A00004F008FE6420205CC007A07A04D1603057
:10B9B000C0B2512804D307E05030C0B2402803D8A9
:10B9C0000221204604F010FEFE20A0720E20FDF79A
:10B9D00027FFF6F707F910BD30750000F8B50446EB
:10B9E00004F026FE05461048C07A85421BD20F4E51
:10B9F0003068294604F034FE14276F433068C06A6B
:10BA00000025C553C0190069002809D002F0AEF81E
:10BA10003068C06AC01905613068C06AC019858184
:10BA2000204604F03FFEF8BD8C0C0020200E0020C4
:10BA300070477047F8B50E48006806683078401EB9
:10BA400030700C49098A25314F097C1C000606D14B
:10BA500000252846214604F027FE7580BC1C0120E5
:10BA6000214604F021FEB088001BB080F8BDC0461E
:10BA70000C0E00208C0C0020F8B51E4615460F4613
:10BA80000446C00607D4144800682F21405CC00655
:10BA90001ED5152202E0BF20044005220F48006891
:10BAA0006107C90E401800690223214600F016FE06
:10BAB00000280FD0014605728672C7710420887174
:10BAC00005224A710871280A4872204600F062FE79
:10BAD0000020F8BD0720F8BD240E0020140E002021
:10BAE000F8B50F460646104602F01EF800285CD056
:10BAF00004460546002F0BD00020A872083401220E
:10BB0000062E38D129891646062F15D0052214E0B5
:10BB1000E87A01210143E972284604F0D5FD0028A6
:10BB200015D0062E03D1E87AF9210140E972E87DAB
:10BB3000000708D5042007E004220220002304F0B7
:10BB4000E5FD324617E00220E97A0143E972A87A5E
:10BB5000AD2805D0AE2805D0BC2827D1BF2002E0F3
:10BB6000AF2000E0F020A87208340E20FDF758FE48
:10BB7000F6F738F800226420285CC0070BD1A87EB5
:10BB8000C10605D5EF210140A97641B2002918D49C
:10BB9000002A19D109E0287EFC21014029760321E1
:10BBA0000140481E81410A430ED1F8BD062EDBD16B
:10BBB000F128D9D1298902200022134604F0A6FDDC
:10BBC000D2E76F210840A876208802F00BF80246E1
:10BBD00001200021014B02F025F8F8BD307500006E
:10BBE000F8B50F48006805682878411C29700D4F8A
:10BBF000398A25314E09741C002809D100202146BC
:10BC000004F0C0FD388A25304009401C6880B41C0F
:10BC10000120214604F0B6FDA8880019A880F8BDCF
:10BC20000C0E00208C0C0020F0B589B00493154652
:10BC30000591074606AE08AC3046214604F0E2FD09
:10BC400022780020009504990191029038460599C8
:10BC5000334604F0FBFD09B0F0BD7047F8B504466B
:10BC60000D4E3068C56A2969C1622F8800211422EF
:10BC70002846F8F7C5FF042068811720E8802C814A
:10BC80002F803068416B45632961204604F05EFED9
:10BC9000204604F05FFEF8BD1C0E0020B0B50C4637
:10BCA0000546002004F0B2FB002805D00121818068
:10BCB0000580614261418170B0BD80B5002A03D02A
:10BCC000084604F04BFE80BD04F04FFE80BDF0B589
:10BCD00089B004931746059106460E9C204604F051
:10BCE00045FE0F9D002808D007A806222146F8F738
:10BCF00083FF06A80122027005E007A806AC2146D2
:10BD000004F080FD2278009704980190029507AB1B
:10BD10003046059904F09AFD09B0F0BDF0B589B040
:10BD200015460E4601F000FF002870D00446807AC8
:10BD3000BC2806D1278908A80021018026462C3678
:10BD400056E027463437E17D090709D420462C30D8
:10BD500008223146F8F750FF3D70280A7870A07A23
:10BD60002189029108A900220A8026462C36BC2887
:10BD70003DD025462035F1280FD1E07D000736D48F
:10BD800007AA01922846314604F0FCFD02220198E0
:10BD90003946F8F73CFF002821D038463146224684
:10BDA00004F026FE00281AD0029D284604F030FE3A
:10BDB000207E80070CD0284601F014FF02460120A7
:10BDC0000021154B01F02EFF207EFC210140217641
:10BDD000022003220023294604F098FC17E00D48B6
:10BDE0000068083008AA2946334604F01FFE029F67
:10BDF00003AD002110222846F8F702FF227C2846D6
:10BE00003146F8F7F9FE3846294604F022FE09B01B
:10BE1000F0BDC046100E002030750000F0B581B0B6
:10BE2000054640888624002810D0AE68002E0DD02C
:10BE300000246C602C80274634602846314604F08C
:10BE400017FE24367F1C68888742F5D3204601B050
:10BE5000F0BD7047B0B50C4D28684224005D9021BC
:10BE6000084200D0B0BD04F01BFE002805D00D2014
:10BE7000FDF7D6FCF5F7B6FEB0BD2868015D80225F
:10BE80000A430255B0BDC046300E002080B50146C1
:10BE9000064800684222825C120704D464304022C3
:10BEA000F8F7AAFE80BD01F019FC80BD300E00201D
:10BEB000F8B51C4613460D460646052219462B4684
:10BEC00004F00AFE0746882804D030462946224658
:10BED00004F01CFE3846F8BD80B50A46014602480B
:10BEE000FFF7FCFC80BDC046880C002000210160EB
:10BEF0004060704710B5122400280ED0002A0CD0E4
:10BF00000B2B0AD841700370036A5954491E4B1C0D
:10BF1000FAD3026100240475C061204610BD0020E0
:10BF20007047024630200129014600D02021012A15
:10BF300000D008467047704770B511200421FFF704
:10BF4000CBFF164D296890268959C96B096848634B
:10BF50002B201349085CC97A0818841C4821204604
:10BF6000FFF7BAFF29688959C96B0A6800219163F4
:10BF7000002C11D0382214238354C1632A689259AB
:10BF8000D26B1268926B42642A689259D26B126823
:10BF90009063641E4830EBE770BDC046240E00205D
:10BFA0008C0C0020572189004143044800689022EE
:10BFB0008058C06B406840187047C046240E00206F
:10BFC000F0B589B00446FA20255AE66CF8F762FE0F
:10BFD000E321625CFE2313406354352109014018BC
:10BFE00075436900421872B6616CCB43D21800D415
:10BFF00085E004962722D200A218059222462F320D
:10C0000008922246423206922246E2320792081AEB
:10C01000002708214AB2002A0CD4CBB22A469A4003
:10C02000904202D301269E40BF19821A00D31046C7
:10C03000491EEFE70799088B4743069A1088C01BF3
:10C040001080BDB20898807C0978012910D116466D
:10C05000FDF759FA368808998A7C002300930190ED
:10C0600002932146BC311046324604F089FD10E0AF
:10C07000FDF772FA25210E1A7743089800783818D0
:10C0800080B204F0B1FD08990870301880B204F055
:10C09000ABFD089A0146059E049F907CFDF79BFB33
:10C0A0007D43606C401B6064608D294604F0ACFDEC
:10C0B000A26C824204D9121A0D2A00D80D22A26461
:10C0C000606E401960664B2080002018616C891AF0
:10C0D000E36E5200D3183468A34200D233600A469C
:10C0E00004F09CFD00280AD0079A507801210143F2
:10C0F00051701420FDF794FBF5F774FD346062B6BF
:10C1000009B0F0BDF0B597B004464B208000201870
:10C1100004F0BEFD21462C3100280291079400D185
:10C1200085E0432080002518204604F0BAFD03284E
:10C130000AD1288B410707D5002169770422904353
:10C140002883204604F0B3FD0695204604F0C0FD88
:10C15000002800D1A4E02120C00025180298807892
:10C160000A90012100262846324604F0C0FD074609
:10C1700028463146324604F0BAFD384300D08FE0FD
:10C180000021204604F0CAFD0646477881780298CF
:10C19000027809910846394604F0C6FD002879D096
:10C1A0000698807B04280BD10698007B0999884269
:10C1B00076D0012230460A9904F076FE00286FD12D
:10C1C000029802780998394604F08EFE002800D1C2
:10C1D000E5E10221284604F001FF00285DD0054674
:10C1E000618FBF1C01203A4604F02CFFE863002851
:10C1F00000D1E8E1478000213A46334604F036F9A1
:10C20000099804F045FF38216854572080000A99A6
:10C210004843F249096890228958C96B496808184F
:10C22000112109014118284604F03EFF35E0487805
:10C23000002200282BD004922746B437487D0A906C
:10C240008D78284604F03CFF26467836A06F0028FB
:10C2500001D004F05BFF3046FFF748FE03CF04F047
:10C2600075FF029E7178079C608F04F083FF204663
:10C2700004F0B6FF284604F0CBFF284605F008F886
:10C28000002803D0012030700A987075049AD0B24B
:10C2900017B0F0BD0A9804F0FDFF204605F00CF839
:10C2A0002120C0002018039000200490C5431120D5
:10C2B0000601069F012DE9D0681C0A90388B0321E6
:10C2C00005910840012808D1387FFF2805D0204675
:10C2D00004F0E7FC002800D1DFE00996A419A01EB5
:10C2E00008900078401E042800D924E178440079A1
:10C2F0004000874402236C95B300572080000299C8
:10C3000089784143B548006890228058C06B4068E6
:10C31000401809994058002800D10CE13821415CAF
:10C320000D2900D9D9E001228A40AD490A4200D145
:10C33000D3E0E11E0A7820211143D0E0079804F0F1
:10C34000B0FC01900A98C6B20122039F38463146DC
:10C3500004F0CDFC0546002238463146134604F071
:10C36000B2FFE71E3978C90600D4E4E0019900293C
:10C3700000D0E0E0002D00D0DDE0002800D0DAE0C1
:10C38000029DA878314604F0B7FF04F0BFFF01908A
:10C390000121079804F0C2FC03463878EF210140E0
:10C3A0003970A87806223146019DA8473878C10720
:10C3B0004FD0C00600D5BEE0059808990870201F30
:10C3C000FF2101700121079804F071FCB3E0079888
:10C3D00004F067FC032800D0ADE0029FB8780A990A
:10C3E000CEB2314604F088FF04F090FF0546B878DD
:10C3F000002731463A463B46A847251F2870079834
:10C40000394604F054FCE01E0078C10721D04006F4
:10C4100000D58DE02878FF2800D187E0042088E04F
:10C42000079804F055FC002800D184E00021079D06
:10C43000284604F073FC01460A98C6B20323284636
:10C44000324604F071FF002875D0E01E0078C10765
:10C450003CD10398314605F039F86CE00698807EAF
:10C46000800768D5029CA0780A99CEB2314604F0C4
:10C4700043FF04F04BFF002809D00546A0780722AF
:10C4800000233146A8470398314605F01FF8069A65
:10C49000907EFD21014091764DE0354601262046F3
:10C4A000314604F03BFC022181704170059A027014
:10C4B0003A7FC270388B084338832046314604F0F7
:10C4C000F6FB787B30432E46787365E040062FD428
:10C4D000201F0078FF282ED128E0E11E09780122D4
:10C4E0000A43E41E2270002D069A16D0C06B4288C3
:10C4F00000250BAE2946334603F0A4FF012307981D
:10C5000031462A4604F010FF002814D02078C107D5
:10C510000AD10A98C1B203989DE702209073507B1C
:10C5200010210143517306E0400601D4022000E0CF
:10C53000052008990870069F388B0007079C22D5B4
:10C54000204604F0AEFB00281DD1002101220398F3
:10C5500004F0CDFB002816D101262046314604F018
:10C56000DDFB072181700221417005990170797FFF
:10C57000C170388B04210143082081433983204650
:10C58000314604F094FB08980078FE21014002290E
:10C5900001D101200490099E0C360A9D8AE6069876
:10C5A0008078042800D078E60698007809998842B7
:10C5B00000D175E6002230460A9904F075FC002887
:10C5C00000D06DE669E60548006890214058C06BD0
:10C5D0000068816B696485635FE6C046240E0020B5
:10C5E0004520000070B50546FF262836805DC0074F
:10C5F00001D100240FE0688F002421462246234603
:10C6000004F076FF072801D1012404E0A81901787D
:10C61000FE220A400270204670BD002070470020B4
:10C6200070470020704700207047002070470020AE
:10C63000704770471F2202400123934072B6890061
:10C64000054A12685118400980000818816819438A
:10C65000816062B67047C046340E002010B50446B3
:10C66000F6F728F9012809D10E206043044909682A
:10C6700090228958C96B8968081810BD002010BD28
:10C68000240E0020F8B51C4615460E461F4690376E
:10C69000FFF7E4FF002802D00088022801D0012023
:10C6A00000E00320A98C0B4A8918C1400A480818E9
:10C6B000C00881B23888884200D30846002E02D0D4
:10C6C000E98C814200D301467980204604F0B0FF16
:10C6D000F8BDC04688FEFFFFB5FF0700FEB5154652
:10C6E0000C460646080614D402AA01AF3046194685
:10C6F0003B4604F0F1FF00281FD0600634D40298B6
:10C700008178FC220A4082700199018071800127A2
:10C710002BE072B602AA01AF304619463B4604F040
:10C72000DBFF00280BD002998A78FC2313408B7022
:10C73000019A0A807280012702E0002703E00027A7
:10C7400062B6002811D172B6A0060AD4104800685B
:10C75000016808220A4302600020FDF761F8F5F73E
:10C7600041FA62B600260AE00027029EF570A0009A
:10C7700060210140B078032202405018B070002FB1
:10C7800004D00020FDF74CF8F5F72CFA3046FEBD3A
:10C79000140E002080B5400605D48878FC220240A3
:10C7A000901C887080BD084604F0D3FF80BD00292E
:10C7B00001D0022100E0032180228258CA400120DA
:10C7C00010407047F0B585B0122600285ED01F4695
:10C7D0000D46044643788B4258D920780521090339
:10C7E00081408F4252D804920293F8F753FA0246DE
:10C7F0002378206A405DA8420CD00498002845D0D8
:10C800002046039129460493164603F029FF039915
:10C810003246049B332078430E46010A0818010C67
:10C8200008187107D20851184218581DC0B2C240EA
:10C8300001956800616A04920A52F8F72BFAC00861
:10C8400003906278206A17463B46C75D97420DD039
:10C850007D00666A755B2678761D0399F1406D1A36
:10C860002DB2049E711A09B28D42EDDDC15C019AB0
:10C870008154206AC2540298834206D1049801B2BE
:10C88000204604F08CFF064600E00026304605B046
:10C89000F0BDB0B505460024204604F0A7FF0028EF
:10C8A00009D0024638200721115401242846214688
:10C8B00004F0A4FF03E013200121FFF7BBFE204694
:10C8C000B0BDB0B50C46850004F0B4FF006844511B
:10C8D000B0BD01000348006890214058C06B00685B
:10C8E0007047C046240E0020F8B50446C0062CD47C
:10C8F0000F46164800683621415C890625D536303A
:10C90000807A000721D51E46154611480068610748
:10C91000C90E40180069272203232146FFF7DEFED7
:10C92000002812D0014606984D720873CE720F721D
:10C930000C20C871062088713E20487104200871BF
:10C94000280A88722046FFF725FFF8BD240E002034
:10C95000140E002010B50446807D00F095FBFF20EA
:10C96000A07510BDF8B51148006800901048C27A53
:10C97000002004460346904212D2E1B201258D40C8
:10C98000DEB200990F69B95D0D420BD0641CE5B2AF
:10C99000082D00D15B1C082D00D10024401CEAE7C3
:10C9A000FF2001E02943B955C0B2F8BD280E002090
:10C9B0008C0C0020F0B5ABB00146C07A0C4620913B
:10C9C000FFF7F0FA0746FFF785FF1790246822204B
:10C9D000215C1F2631402154607D0A90A07B21906C
:10C9E000E07B1D90207C1E90607C1F90A07C1A90A4
:10C9F000E07C1590207D1890A07D0990E07D089046
:10CA0000207E1090607E0F90A07E1390E07E1290AA
:10CA1000207F1490607F119020781B902046223058
:10CA2000457804F011FF1690422000223A522D2042
:10CA30003A54EC203A50E4207F213952079504966D
:10CA400035402F2019953D54209DA87B41217854D5
:10CA5000E87A2E217854882038580260842038588B
:10CA6000026080203A503846EC301C92426001202F
:10CA70000C9038850F980002109940180E9080B2E3
:10CA80000321890241434002F86411980002149A7C
:10CA90008018149080B200037966B8661598000279
:10CAA0001A99401818990904401815907865129839
:10CAB0000002139940181390388704F0CBFE788752
:10CAC000FF200F902830381811901D9800022199EE
:10CAD00040181E99090440181F990906401818901B
:10CAE00038462C301D903A46E2321E341A94219773
:10CAF000169801280B9206D1287C012803D120200A
:10CB00001B99084004D1287BFE21014002291AD13B
:10CB100001201070A87B1A9E3146FCF775FD3C463B
:10CB2000BC342046314604F0C7FE1D98407D0022EB
:10CB3000009218990191029221461992134604F02D
:10CB40001FF81C9001E01C981070384690301E9021
:10CB50008320400038180021022216910592F8F730
:10CB60004FF81220FA4C219E3146A0471A20314638
:10CB7000A04727203146A047032012903146A04706
:10CB800005203146A04708203146A04721201090BB
:10CB90003146A047119E3078FE210D91084030703B
:10CBA000A97CE87AF5F7F4FEAC7C2920C000069059
:10CBB000A9200501FEF7B2F801281F97179A14D192
:10CBC00010891B280DD1042C07D1D089A84208D187
:10CBD0001B201E99888008800EE090890699884263
:10CBE00003D030780421014331701B201E998880C6
:10CBF0000880042C00D0069D219C129E1E990D8158
:10CC0000CD808D811B20488148804D820D82D08A45
:10CC1000C881209FF87A154604F069FEF87A04F07E
:10CC200067FEF87A04F065FE2846214604F062FEAD
:10CC3000F87A04F069FEF87A04F074FE204604F0F5
:10CC400073FE1098C0001F99081804F08BFEBC7C7E
:10CC50002046FCF7D6FD054624A804F095FE387B57
:10CC6000032804D002280AD12498401B05E0249D03
:10CC70000E21204604F094FE281A3E380AE020983F
:10CC8000417B2498401B002901D0903002E0812193
:10CC900049004018209D169F1B9B5906042C06D066
:10CCA0002A7B0D9E3240022A00D10C920C9EDA099A
:10CCB0001092C90F119129681B91697B002931D00D
:10CCC00008990902099A8918079A3346560959188A
:10CCD0004C022018249004F07FFE05461296304640
:10CCE00004F080FE03211D9A11700A994902219ACD
:10CCF000516340195085D16C179A5268914200D304
:10CD00001146219E316580B2214603F07DFF0D3032
:10CD1000B0644000716B40180C901B99891C119BEA
:10CD2000209D28E021998F644F851D98059B0370F5
:10CD300068692490042C00D0234698001F9A10188C
:10CD4000806DCE6C00280C4602D086420BD20BE0E0
:10CD50001846059304F04EFE864201D2E66C03E0CD
:10CD6000059804F047FE06461B9908310C96266587
:10CD70002646109B12972498706422A887802297D9
:10CD80009D4800683622825C920606D53630827B4A
:10CD9000D20706D1807A800703D41D463B460E9FFA
:10CDA0003BE0686804680D9B234022AA022B0B46D7
:10CDB0000E9E00D01346E4B2697B00291B930CD071
:10CDC00022A9109A002A16D029684A7BC023134052
:10CDD00022AA402B0ED011460DE022A9119A002A5A
:10CDE00009D02A68D179C0230B4022A9402B02D157
:10CDF000911C00E00831AA7A24AB9A752A899A829C
:10CE00001B9A259226913B463746FE2C03D00321E0
:10CE10000C40254600E00125411C1E9A1C46536229
:10CE2000012328461B9318402423D05494621046B3
:10CE30002430401C062211920E46F7F7DDFE24A88E
:10CE4000847605761299C1751499418213990182ED
:10CE50008781219F798FC181209D697B41762496AE
:10CE600004F0E8FDE87B002803D0A97A788F04F06D
:10CE700017FF287B002804D00B980178788F04F0E6
:10CE80004DFF4B2017901E99486A896A04F072FF83
:10CE9000687B1E90AC7CAE7B3046FCF791FB149017
:10CEA0003046FCF79BFB30462146FCF773FC3046CE
:10CEB0002146FCF73AFC30461A99FCF7A5FB3046B0
:10CEC0001899FCF79AFB30461C99FCF784FC304615
:10CED0001999FCF7DCFB30461599FCF7B2FB30469C
:10CEE0003946FCF750FC1F9D143530462946FCF7A7
:10CEF00015FC30461499FCF758FCFDF71BFF002881
:10CF000002D13046FCF7CCFA179887001E9800280B
:10CF100003D03046FCF7F9FB02E03046FCF72AFC70
:10CF20001F98C71928301F90FDF7F8FE01281E979B
:10CF30002F4601D10F980FE0FDF7F8FE01280F985A
:10CF40000AD004F02BFF012804D0049804E0C04666
:10CF50009BE805101698C043C1B23046FCF78CFB25
:10CF60000094219D28461F993246234604F018FF5D
:10CF70000094002138463246234604F011FF28462B
:10CF8000FCF77DFA3846FCF75EFA6C6CA86C1F90D3
:10CF90001E9F384604F062FF1848386118483880F0
:10CFA0001D9E707DB875F87D1B990843F87528465D
:10CFB00004F05EFFF8603178032904D0022918D10B
:10CFC0000C99814200D80146119A1F9D21987862E0
:10CFD000C06C7860B9602098407B0128134600D06F
:10CFE0000723611BBB70012800D10422384604F0DE
:10CFF0008DFF2BB0F0BDC046240E0020F0180410A9
:10D00000040B000010B5017C022909D1012404742D
:10D0100001688268C3680CC0A12004F0A3FF00E08F
:10D020000024204610BD704710B500242046FEF7AE
:10D03000B9FF0A4909683422895C2C30A14207D023
:10D040000278002A06D0572292008018641CF5E767
:10D05000FF2401E001210170E0B210BD100E00209C
:10D0600080B5FEF79FFF2C210022425480BD0101B4
:10D0700002010201FF0201FF02020201020101019D
:10D08000010102FF0201FF0010B50849C97A81427F
:10D090000BD9C108064A12681269535CCC00001B08
:10D0A000C0B201248440A343535410BD8C0C002013
:10D0B000280E0020F0B591B00B9316460D910C9000
:10D0C0009F48C17E0A91017F0991817E0891C77FA7
:10D0D0000125D8212846FEF7FFFE9A4C20605821F2
:10D0E0002846FEF7F9FE21683446902207928850C0
:10D0F00004F072FF384604F089FF072139400B988D
:10D1000004F094FF1798059001901C98009019ABBB
:10D110000ECB0D9804910D93F5F70CFC012E00D069
:10D1200008950020012C00D00990012C00D00A9015
:10D1300041208500012C069409D129462031012087
:10D14000FEF7CAFE7F4909688822885033E0252609
:10D150007B48815D28462030002901D0014600E04F
:10D1600044212627764AD25D002A00D00146292490
:10D17000734A125D002A00D001460C9A012A00D1A0
:10D1800001460120FEF7A8FE6E49096888228850F2
:10D190000C98012829460FD06948005D00282946CF
:10D1A0000AD16748C05D0028294605D16448805DE2
:10D1B000002800D1C1E0294618980B9016980390DA
:10D1C0000127614C3846A0475E4E31688C2288505A
:10D1D00004213846A04731689422885058210C9782
:10D1E0003846A0473168982288500898C6B218354A
:10D1F00030462946A0470546069C012C05D15C21F6
:10D200003046FEF769FE024600E00022304629461D
:10D2100004F05CFF10AB0998D8700A9898700D9FC5
:10D220005F700B9818702046059D2946324604F021
:10D23000A9FF039E3046214604F0A5FF3046214653
:10D240002A4604F0A1FF304621462A463B4604F018
:10D250009CFF0097304621462A460B9B04F096FF20
:10D2600004F0ACFF012C07D1012D05D104F0A7FF7C
:10D27000012E01D104F0A4FF0D98012801D104F082
:10D28000A0FF04F09FFF0498314622462B4604F08D
:10D290009AFF2B4FF87A411C2C4D28460C9AFEF72A
:10D2A0001DFB284E3168C0228850F97A0222284698
:10D2B000FEF714FB31683746C4228850204604F03C
:10D2C00083FF04F082FF04F081FF04F0ADFF04F05F
:10D2D000CDFF04F0CCFF04F0CBFFF7F7CFFC3168B3
:10D2E00000248C7148712046F7F7CCFC04F0F8FF5D
:10D2F0003068006E05F000F83068079D40590C302A
:10D3000004F0FBFF0C9E304604F0FAFF38684159E8
:10D3100040228C540A4A128B82821F200F90E043D5
:10D320000E9048310EA8052204F0EBFF38684059F2
:10D33000F1025422815211B0F0BD2C213CE7C046CD
:10D340008C0C0020240E0020D9BE0410880C002074
:10D3500070470000FEB53E4C206890254059C06BD8
:10D3600002683220002616543A484069010C1929F7
:10D3700001D31920000410600292506004F0CAFF2B
:10D3800020684059C06B0768FDF7C8FC012801D030
:10D390001B2000E0FB203882FDF7C0FC044629205A
:10D3A000C0000090A9200501F5F784FA012C019531
:10D3B00007D10128284D009C0CD0284DFDF7BAFC60
:10D3C00005E00128009C05D0FDF7B4FC25460128A6
:10D3D00000D108357D82FDF7A1FC012801D01B207A
:10D3E00000E0FB20B882FDF799FC0546F5F762FAEC
:10D3F000012D07D10128019D17490DD0FDF79AFC99
:10D40000164906E00128019D294605D0FDF792FC4A
:10D410002146012800D108317C831B203883FD81FF
:10D42000BC817C813881F98204F082FFF5F7ACFA87
:10D43000029804F0C7FF0A4C20683421415CF0B226
:10D44000884203D203F0E4FE761CF5E7FEBDC04639
:10D45000240E00208C0C00209042000048080000A0
:10D46000100E0020034800688421034A4250002027
:10D470007047C046240E0020000003037047F0B53B
:10D4800089B00C460746098900251522284603F075
:10D49000D9FD002813D00646002F06D023462C3392
:10D4A00005211022384602F0CDFFE07D000708D4A8
:10D4B00021464C3105AA204604F08EFF07E0882063
:10D4C00019E005A80290019401A8F5F790FA11203F
:10D4D00070807068032101720521102205AB30466F
:10D4E00002F0C4FF2046314605F01AF8002802D1A8
:10D4F000B620A072284609B0F0BD000070B588B013
:10D50000044605F027F8012824D10025012207ABA5
:10D510002046294605F03AF8022206AB2046294665
:10D5200005F034F81A480068079A02AE0096E43015
:10D5300001462B4600F02EF8069810223146F7F7E8
:10D5400066FB002806D00421002201232046FEF7B6
:10D55000AFFC1AE0607B03210140012906D10C4891
:10D560000068443000211022F7F74AFB6420205C59
:10D57000C00701D0492000E05620C043A0720E2011
:10D58000FCF74EF9F4F72EFB002008B070BDC04642
:10D59000300E0020F0B59DB0029303920191014638
:10D5A0000CAD20270124124E28463A462346B047A8
:10D5B0002846203001993A462346B0473746402056
:10D5C0000299295408AE102202923046039923464C
:10D5D000B847412104AF284632463B4604F0F8FFE5
:10D5E00022983946029A2346014CA0471DB0F0BD4F
:10D5F00071E70410F0B59FB00193029200910146CB
:10D600000BAD20270124154E28463A462346B04745
:10D610002846203000993A462346B04737462846E8
:10D6200040301026019932462346B84707AF3846A6
:10D63000029932462346094EB047502103AE284690
:10D640003A46334604F0C4FF0C362498042231468F
:10D650002346024CA0471FB0F0BDC04671E704103E
:10D660000178427812025118827812048918C07821
:10D670000006081870470000B0B50D46044615486E
:10D6800000684821405C800623D513480068806903
:10D6900002214B220323FFF721F8002819D001466D
:10D6A0000573847204204872092008720020C87132
:10D6B00008208871FF20487182200871280EC873E5
:10D6C000280C8873280A4873200AC8720220FFF7C2
:10D6D00061F8B0BD240E0020140E002080B504486F
:10D6E0000068643003492022F7F786FA80BDC046FF
:10D6F000240E0020BCE9051070B50D4909683422DC
:10D70000895C74224A430B490B68A43300210C4600
:10D71000A2420AD01D682D19EE7DF60702D02D8990
:10D72000854201D17434F3E70121084670BDC0463B
:10D73000100E0020300E002070B503460120002995
:10D7400009D0002426462546965D9E4204D16D1CD4
:10D75000EEB28E42F8D370BD204670BDF8B50446D7
:10D76000018900254522284603F06CFC002814D0CE
:10D7700006464120708070680C2101720F4F3B6893
:10D78000643305214022304602F070FE20463146C7
:10D7900004F0C6FE002802D0F8BD8120F8BDE07D6F
:10D7A00020210143E17539684222895C090702D5CD
:10D7B00024210843E0752846F8BDC046300E0020FD
:10D7C00070B594B00E4604464178801C6A4604F059
:10D7D0001CFF0546002E05D0002D03D168462146CA
:10D7E00004F044FF284614B070BD000004480068EF
:10D7F0005C21415C30200840411E88417047C04692
:10D80000180E002080B504F073FF80BDF0B589B01C
:10D81000044608A80026068021891522304603F018
:10D8200011FC00282BD00546E07AC00609D420461A
:10D8300020300221002200F065FCE07A1021014333
:10D84000E172A07AD138042876D8C04678440079AD
:10D85000400087440219384E60003C480068214669
:10D860002031083008AA04AE334603F0DFF86868B8
:10D870000621017211206880227C052158E00E20CB
:10D880000021FEF7D7FE5FE004AE082102910022DE
:10D890003046019600F036FC2046203008AF314675
:10D8A0003A4603F06FF80B20688068680726067216
:10D8B0000521022228463B4602F0D8FD2846314683
:10D8C000029A019B36E01120688068680821017285
:10D8D00004A800211022F7F793F9FFF787FF00282B
:10D8E00002D004A804F008FF0521102204AB28464A
:10D8F00020E003A8067004AE314604F00DFF0820B6
:10D90000688068680921017268680399417206217C
:10D9100028460A460DE01120688068680A210172D5
:10D920002046203004AE314604F00EFF05211022BF
:10D930002846334602F09AFD2046294604F0F0FDC1
:10D94000002801D1DD20A07209B0F0BD100E00202A
:10D9500010B504464C301021002200F0D3FBE07DCE
:10D96000000702D4B520A07210BD2046F5F73BF8A1
:10D9700010BD80B5012911D1427C530705D0C37D6C
:10D980001B071DD506231A401AD16422835C01228D
:10D990001A40002906D0002A19D103E0002900D03E
:10D9A00080BD0022817CCB0704D0C37D1B0701D43E
:10D9B000D12109E08B0706D4490708D5D52103E01A
:10D9C000D021817280BDD3218172002A02D004F05F
:10D9D000C9FE80BDFFF71AFF80BD000070B5044688
:10D9E000807B03210140258903290AD1204604F0C8
:10D9F000CEFE002805D008210122204603F086F83B
:10DA000070BD284600F0EEF8024601200021114BBF
:10DA100000F008F9E07C032802D1002004F042FF66
:10DA200020461830002608223146F7F7E9F820464C
:10DA3000314602F0D9FD6420215CEF220A402254D5
:10DA4000F120A072022029463246334602F05EFEE3
:10DA500070BDC0463075000070470000F0B593B04F
:10DA600004462B4D28684227C15D30220A40302AE7
:10DA700015D149218E00811905A82022F7F7BCF89D
:10DA80002868C15DCF220A40C2556420205CC007CF
:10DA900007D10DA8009012A90FAA11AB06E08420AF
:10DAA00033E00FA8009011A90DAA12AB204604F094
:10DAB00007FF12A8037811A80078296822462C32A3
:10DAC0000492891903910DA9029101900FA8009069
:10DAD00021463C3122464C3205A804F007FF4D2078
:10DAE000800029680A180121204604F06DFF0028F3
:10DAF0000BD1204664300078C00703D1204605F0E2
:10DB00001BF802E0BB20A072002013B0F0BDC0469D
:10DB1000300E002001460068C2690A60002A00D168
:10DB200049600021C1617047F0B50146002000291D
:10DB300017D00C4A12683423D35C74225A437323DF
:10DB4000DD43094B1B68A4332C467434A24208D031
:10DB50001E6875197C27ED5B4D402D052546F4D1D7
:10DB60003019F0BD100E0020300E002080B5027A72
:10DB7000110601D5012100E00321520600D5002144
:10DB8000001F05F009F880BDB0B50C466421615C4A
:10DB900001220A40A37A4068417A02D19F2B02D821
:10DBA000B0BDB02B14D3F02B15D9F12B0ED10F290A
:10DBB0000CD125465D350F210122204602F0A6FF3B
:10DBC00029785E34204604F0FBFFB0BD002AE7D080
:10DBD000207E8007E4D00122204602F097FFB0BDEE
:10DBE0001F207047B0B50D4909683422895C0028B0
:10DBF00011D00B4A1268A4320023DCB28C420AD244
:10DC0000742565431468641924894440240501D0AF
:10DC10005B1CF2E71946C8B2B0BDC046100E00202A
:10DC2000300E002010B5002906D0862401291BD112
:10DC3000022A19D8002100E0032101280AD0002877
:10DC400011D18818C1B20948006808300122FEF7D6
:10DC5000B9FD06E08818C1B204480068083002F037
:10DC6000FFFC044600E00024204610BD300E0020DA
:10DC7000F8B50C4605460126304604F0B3FF0228ED
:10DC80001BD807466420205CC00616D4284604F042
:10DC9000C3FF00281AD001461A480068B122825CEE
:10DCA000002A03D0B130BE40B243027000220123EB
:10DCB0002046FEF7FDF8054606E010210025204627
:10DCC0002A462B46FEF7F4F82846F8BD2046643075
:10DCD0002775017810220A430270E07AEF21014093
:10DCE000E17201212846224604F0BAFF204604F0E2
:10DCF000C9FF002801D00025E6E7204605F006F818
:10DD0000D9E7C046300E0020F0B585B00746406820
:10DD1000057AA81F042823D80C46887A8626D0289E
:10DD20001FD120465D3001902089FFF75BFF02463E
:10DD30000020454B02900146FFF774FF062D05D0E9
:10DD4000092D11D0082D34D0072D3DD1E07D0007DD
:10DD500007D4607CC00704D0062D44D12C342CE0BD
:10DD60008426304605B0F0BD607C8007F9D503AB52
:10DD700000269E800396062138460A4605F06AF87A
:10DD8000002847D07868407A019D287023465E338A
:10DD9000062138460A4602F055FB2878012803D1AF
:10DDA000A8798009032847D3617C20200843607448
:10DDB00031E0607C8007D4D53C3405211022384600
:10DDC000234602F03FFB35E0607C4007C9D523467F
:10DDD0004C3305211022384602F034FB607C402190
:10DDE0000143617419E0204622307968497A017054
:10DDF0007968897A417023462433072108223846FE
:10DE000002F020FB607C8021014361744007800F99
:10DE100010D102E0607C4007A3D40198C079C0070C
:10DE200005D1002620463146FFF7A3FD99E720469D
:10DE3000FFF7D4FD029E94E708210022012320462B
:10DE4000FEF736F806468CE730750000F0B58BB06B
:10DE50000D4606460024029409891522204603F047
:10DE6000F1F8002820D007462B463C33052110222C
:10DE700030461E4602F0E6FAE87D000716D400940C
:10DE8000344603AE28462146324604F0A5FA294618
:10DE90002C31102230462646009CF6F7B8FE01A928
:10DEA000BC220A7002900CE0882459E001A80A9074
:10DEB00002A8099003A80890079507A8F4F79BFD0E
:10DEC0000298002806D00421012328463A46FDF78F
:10DED000EFFF1BE0112078807868042101722B4647
:10DEE0004C3305211022384602F0C0FA2846394644
:10DEF00004F016FB002809D10198A8721A4800689E
:10DF00003521405C297C814200D928740298002880
:10DF100026D1E87D000723D407A80024102221463B
:10DF2000F6F76EFEE87C03280BD0022810D1E869D2
:10DF300007A90870020A4A70020C8A70000EC870A5
:10DF400006E009480168443107A81022F6F754FE9C
:10DF500029464C312C3507A832462B4604F083FF66
:10DF600020460BB0F0BDC046300E00200268CA61EA
:10DF7000002A02D10A461C32426001607047F0B5A7
:10DF80008BB00E460521102507AF2A463B4602F00E
:10DF900059FA002103AC029630460191224604F062
:10DFA00013FD0646384621462A46F6F730FE002E77
:10DFB00015D1002813D16420029C205CC00715D124
:10DFC000207C2A1A20182C300021F6F719FEA07E9A
:10DFD00002210143A176204604F05DFF0AE00B21F7
:10DFE000002201230298FDF763FF03E0204604F0BE
:10DFF000A3FD01980BB0F0BDF8B52F4F3B6842244C
:10E000001A57002A20D40091E4330521402202F05F
:10E0100019FA396808466430E43120252A46F6F7B3
:10E02000F6FD06463868643024492A46F6F7EFFDC7
:10E03000002E0BD1002809D00B21002501230098C8
:10E040002A46FDF735FF07E03A2505E03868015D0F
:10E050009022114202D038252846F8BDE43004F061
:10E060001DFF1F2826D005461228E5D0002DF3D12C
:10E070003868015D10220A430255009CE17DC022F0
:10E080000A43E275E4300D4920252A46F6F7BFFD24
:10E090000646412080003968081809492A46F6F7E3
:10E0A000B6FD304300250028D6D1E07D0421014390
:10E0B000E175D1E70821C0E7300E002073EA0510B2
:10E0C00093EA051080B503200821FDF705FF0249FA
:10E0D0000968A822885080BD300E002080B506480F
:10E0E000C17A064800680830C91CC9B2044A07232F
:10E0F000FDF700FF80BDC0468C0C0020300E0020D4
:10E1000029D405107CB50C4605460020C6B2A642AF
:10E110000ED2002004F0E8FEA85501A90870000AFC
:10E1200069460870711CA14200D26854B01CEDE72A
:10E130007CBD000010B5084C20684030FDF7D6FECD
:10E1400020683830FDF7D2FE044805493C22F6F736
:10E1500053FD04F0D1FE10BD1C0E00205C00002019
:10E160005018041080B504F0D9FE80BDF0B585B01C
:10E170000493019202910746022038400390012443
:10E180003C401048056834350A9E2D68002D16D095
:10E19000002F0CD0002C03D02889029988420CD182
:10E1A0000398002803D068890199884205D1284640
:10E1B0003146049A9047002802D11035E5E7002047
:10E1C00005B0F0BD1C0E002080B504F0CFFE05495F
:10E1D000098A25314909884201D8002080BD0120E3
:10E1E00080BDC0468C0C002080B5012801D10146BD
:10E1F00000E00321002800D10146084604F0C2FED9
:10E2000080BD0000F8B50446C00625D416460D466C
:10E21000144800686107C90E401800695F22032393
:10E220002146FEF75BFA002818D001460673857276
:10E230000C204872162008720027CF7106208871C2
:10E24000FF20487182200871300A4873280AC8727A
:10E250002046FEF79FFA02E0862700E007273846AF
:10E26000F8BDC046140E002000210068002802D02E
:10E270001C30491CF9E788B2704780B5022102F0D2
:10E28000FEF880BD074A126834321268002A07D0AF
:10E290001389834202D153898B4201D01032F4E7B3
:10E2A000104670471C0E0020F0B585B0044600787B
:10E2B000002807D1606804F083FE6070A568E868F4
:10E2C00000283CD06578284604F080FE0E2808D847
:10E2D00080005C490958002903D02046884707463A
:10E2E00007E0A068C36800210622284604F0A8FEC3
:10E2F00086276168002919D0882F03D0842F0CD07D
:10E30000072F10D150480068403004F0ADFE0920BE
:10E31000FBF786FAF3F766FC08E04B4800683830F4
:10E3200004F0A2FE09E00846FFF720FC862F01D08A
:10E33000002F02D1A06804F09EFE05B0F0BD676812
:10E34000384604F03DFE064604F040FE7988EA882F
:10E3500004230293002391423ED80E283CD8019317
:10E360004200354B9A5A354BC340DB0705D1802319
:10E370009A439142019B03D02EE09142019B2BD303
:10E38000411E032901D307280DD104A903AA029233
:10E3900038460F4604F08BFE3B8802980088834283
:10E3A00018D8002B16D06668304604F009FE0746E0
:10E3B00035883046FFF761FF01462846FFF762FFC8
:10E3C00005461E2F1ED0402038401BD1162F1CD1D1
:10E3D000718827E00120029086271E2E89D04020D8
:10E3E000304086D1019305210022284604F072FEB8
:10E3F000E86000281ED0034630460199029A04F0D6
:10E400001FFE76E70020E8605CE7384604F0DEFD9A
:10E410000E2800D96CE740000949095AE888814272
:10E4200000D301460022284604F054FEE86000288C
:10E4300000D047E788275CE722490410CC4F000052
:10E44000464B04105C0000201C0E002080B504F038
:10E450005BFE0549884205D0C00004490968496E41
:10E46000081880BD002080BDFFFF00001C0E0020AA
:10E4700080B510220A740278042A0DD87A441279E1
:10E48000520097440A16120202004068031D14222B
:10E4900008461946F6F7B0FB80BD0522D202406857
:10E4A000007D012809D18A8180BD0520C002C01CE1
:10E4B00004E00520C002801C00E0501C888180BD63
:10E4C000F0B585B006460878042811D815460C46E4
:10E4D0007844007940008744020D4A697E007B4EF3
:10E4E000306801467031C166606804F025FE57E06F
:10E4F0008626E1E0754F386801467031C166636871
:10E50000012076490026324604F02BFE01A908803E
:10E51000002800D1BBE004F02DFE04F03DFE02A96E
:10E52000009108803868C06E01A902273A46F6F7C4
:10E5300063FB66480068C06E801C00993A46F6F797
:10E540005BFB6248006868270421C15361680A7C4C
:10E55000102A00D09FE0C06E0C31001D0222F6F799
:10E560004BFB5A480068C15B891CC15393E0574E6E
:10E57000306801467031C166616809787022815443
:10E5800061884A1C03A90A8071300222F6F734FB25
:10E590003068C16E6068001DC91C04F0CDFDC01C50
:10E5A0003168682288526831296084E06068017DA2
:10E5B000102939D14749491C028A8A4234D143483B
:10E5C00001686831296000686821102242520146C2
:10E5D0008331C1666FE060688069002853D03B4F8B
:10E5E0003868683028606068017D10294DD1018A43
:10E5F000374A914249D104213046FFF743FE0028B3
:10E600005DD0386868210225455201467031C166E7
:10E610003046214604F0CBFD04A908803868C06E5E
:10E620002A46F6F7E9FA46E0006A00282BD0274F81
:10E630003868683028606068017D10292ED1018A11
:10E64000244A91422AD104213046FFF71BFE0028BC
:10E6500035D0386868210122425201467031C166C6
:10E66000304604F0B1FDFF282BD06168096A8B6841
:10E670001949C97A49084A1C042104F0B7FD3968D0
:10E680007022885417E0842616E0806907E0386815
:10E69000682100224252683028600DE0006A01784B
:10E6A000890701D5022100E00421415A80683A68B7
:10E6B0006823D152D0660026304605B0F0BD022650
:10E6C000FAE73868702100264654F5E71C0E002052
:10E6D00002290000292B00008C0C0020FFFF000005
:10E6E000F0B585B003920C4601210902411804914E
:10E6F0000290E0300190200423D004980088102874
:10E7000007D1102202980199F6F7A4FA0020049983
:10E71000088010210D1AA9B2A2B2914200D3254659
:10E72000AFB202990818E030039E31463A46F6F738
:10E7300063FA0499088828180880641BF619039660
:10E74000D9E705B0F0BD000080B504F063FD0749CE
:10E75000096860228A5A401C80B2904203D2496EF6
:10E76000C000081880BD002080BDC0461C0E0020DF
:10E77000F0B5002A0BD00024E543002B264600D03C
:10E7800056190F5D87556D1E641CA242F5D1F0BD70
:10E7900080B504F053FD80BD10B5044604F06CFD57
:10E7A000002801D00C2010BD0248006840214454CC
:10E7B000002010BD300E0020034800685F21415C3E
:10E7C000012008407047C046180E002010B50446CE
:10E7D00004F052FD6178012903D1002805D10246D9
:10E7E00004E000280FD00C2216E00C220B49096827
:10E7F0004023CB5C032B01D16E22D243032B0BD0E1
:10E80000002802D008E0054801683031102208468F
:10E810002146F6F7F1F90022D0B210BD300E0020EB
:10E8200010B50C46FFF780F900280ED0C17C0229F4
:10E830000DD1C461C17B10220A43C2730E20FAF7C6
:10E84000EFFFF3F7CFF9002010BD022010BD0C2020
:10E8500010BD10B50C46FFF767F9002807D0817A84
:10E86000C12906D1002C06D0BA21817208E002200D
:10E8700010BD0C2010BD0C2100220123FDF718FB58
:10E880000E20FAF7CDFFF3F7ADF9002010BD80B5EB
:10E8900004F018FD80BD0000FEB5044604F017FD2D
:10E8A0000C25002825D01226002C23D0207D401EC8
:10E8B00001281FD8207C80281ED010281AD1A089BA
:10E8C000012188430321C902884215D10120FFF7A5
:10E8D000BDFD002810D00178002907D141680A7CCD
:10E8E000102A03D18989A2898A4202D0FFF72CFF1E
:10E8F000EFE72E463046FEBD002004F0F7FC00286E
:10E9000006D04168C98A002904D04088401804E034
:10E91000012002E004F000FD401C82B200263046D7
:10E920003146234604F008FD002820D0F743E18A51
:10E93000491E0291009001947F1C217E8F4218D2C3
:10E94000E18A002904D0029A11043AD0521E0292A0
:10E95000351D401C019CE1698B5982B201200021C8
:10E9600004F0EAFC00282E46E6D187262EE0872612
:10E97000C0E7184800685C21425C022313434354FB
:10E980000A20FAF74DFFF3F72DF9606A00260028F8
:10E99000B0D02020205C0028ACD02146203102914C
:10E9A00000252F460195854200990CD2606AC01956
:10E9B00000F01CF8002808D12437029800786D1C5C
:10E9C000F1E7122602E0019E94E70646009804F063
:10E9D000F3FC8FE71C0E002080B50346012002499E
:10E9E000002204F0BEFB80BDFFFF0000FEB50E4616
:10E9F000044604F06CFC002866D01225002C64D07C
:10EA0000207D802813D010285FD1208A3C4988427D
:10EA10000DD1206A002858D082883A49C97A49081D
:10EA2000491C8A4251D380680021F6F7E9F8A078A2
:10EA30002421084203D06078C01F092845D83046F9
:10EA400004F098FB002840D00646007800283CD10E
:10EA5000207E811C304604F0D9FC0546002834D1C4
:10EA6000304604F099FB054604F084FB0146681C1F
:10EA700086B2022738463246234604F05DFCB04297
:10EA800025D1304604F076FB0146A81C82B2032053
:10EA9000234604F051FC002829D001970296E06932
:10EAA000002816D0207E002813D000263746874243
:10EAB0000FD2E0698019029904F0C2FC002818D135
:10EAC0001C36207E7F1CF2E70C252846FEBD8725DC
:10EAD000FBE70D4800685C21425C019B1A434254ED
:10EAE0000A20FAF79DFEF3F77DF80025EDE787256C
:10EAF00001E00546029E304604F02AFDE5E7C046E7
:10EB0000292B00008C0C00201C0E002080B5034631
:10EB100001200249022204F024FB80BDFFFF000017
:10EB200080B5034601200249042204F01AFB80BD8F
:10EB3000FFFF0000F0B585B01D461646074604915C
:10EB4000FFF7A0FB002820D00446022D0AD3022E96
:10EB500032D000210422384604F024FD812801D15E
:10EB60000C202AE00A98022E11D2029603956D1C01
:10EB7000019006466D1E16D03188083610222046B8
:10EB800004F03EFD0028F5D017E0022015E0022E2B
:10EB900012D102960395019001882022204604F0AC
:10EBA0002FFD002809D10198009038460499029A57
:10EBB000039B04F05FFD00E0122005B0F0BD1CB522
:10EBC000059C0194049C009404F028FE1CBDFEB535
:10EBD00001AA918050801E201070104604F072FE31
:10EBE00006B080BDF0B587B001890491C188059158
:10EBF0008488468807880020069006A9384605F0D4
:10EC000015F8054600285AD1039602940698807894
:10EC1000C00751D1002410222046394602F012FAD2
:10EC200000284BD007462A48039A911F89B2122523
:10EC300081423DD2029E062E3AD3801D864237D2B3
:10EC4000B24235D8059A91087C2931D8511C7143BC
:10EC5000049B9A0091422BD80A2B29D3834227D2B6
:10EC600001947868122101727868069909794172D5
:10EC700006210825174C38462A46A047384629461B
:10EC8000039AA0470A21384632462546A0470C245D
:10EC900038462146059AA8470E213846049AA847C7
:10ECA0007C800520394604F0D7FF00280AD0812552
:10ECB0003846FEF75BFF02E00C2500E08825284679
:10ECC00007B0F0BD0699122005F002F8019DF6E7A5
:10ECD0007B0C00009163051080B5C00701D10020B6
:10ECE00080BD04F0FDFF80BDB0B50446074D287817
:10ECF000002803D104F0F8FF01202870204604F01A
:10ED0000F9FF002801D000212970B0BD480E002075
:10ED100080B5C00701D1002080BD0846114604F02F
:10ED2000FBFF80BD72B601684A420A405140016053
:10ED300003485043C00E03A1085C62B67047C0464A
:10ED4000DF3A650400010206030B0710040E0C15E0
:10ED50000817111A1F050A0F0D1416191E0913188A
:10ED60001D121C1B70470000704700001CB50C4CA6
:10ED700020684078000711D46846F5F7A1FF2168A4
:10ED8000009A4A6088604B7808241C434C70101A23
:10ED9000400B424242419808104008701CBDC046DA
:10EDA000280E002010B50446C07D800717D4FFF759
:10EDB000DDFFE07D02210143E175E069216A081869
:10EDC000074909684A68D1434118831A0020832BF8
:10EDD000024600D31A46002900D41046206210BD16
:10EDE000280E0020F8B50D460446C07DC0070DD0A2
:10EDF0001C4800684178FE2631404170FAF748FA15
:10EE0000A07DFAF761FAE07D3040E075F5F742FF4A
:10EE1000144F39684860227D110701D4281A05E093
:10EE2000C143491911D4281A66280ED38626002812
:10EE300015D49007C10F5007C20F2846F5F736FFCB
:10EE4000002804D0207D000709D5F5F73DFFFAF72B
:10EE500031FA3868417810220A4342700026304661
:10EE6000F8BDC046280E0020826AC36A002A02D07C
:10EE7000D362C36A00E04B601A60704780B5416896
:10EE8000002909D0C17DFB220A40C27504490968E6
:10EE9000283104F056FF80BD00F004F880BDC04664
:10EEA000280E002080B501690969002909D00549AB
:10EEB0000968203104F045FF1520FAF7B1FCF2F79C
:10EEC00091FE80BD280E0020FEB5009001A80290A2
:10EED00000200190334F38688569002D3BD0E868E9
:10EEE000AC6A296A814205D3E9693A685268D2431B
:10EEF000891830D539682A7DD2071AD04A68101887
:10EF0000C043AA691018AA68801812D401212846A3
:10EF100004F027FF0646396818312846FFF7A4FF9A
:10EF2000022E0AD0012E10D12846FFF7BBFF25463E
:10EF3000D3E718312846FFF797FF284604F03AFF39
:10EF40002846FFF79BFF2546C7E701A9284604F09E
:10EF5000F8FE2546C1E7009800281AD001A904F060
:10EF6000F0FE16E0E07D02210143E175A069E16950
:10EF7000A2681018401A206201A92046FFF774FF0A
:10EF8000E07DF7210140E17539681831204604F031
:10EF90001AFF019C002CE5D138688069012104F03A
:10EFA0003FFFFEBD280E0020F8B500910446002763
:10EFB000344B3D467F1C1868064618363668002ECE
:10EFC00050D0F168326A8A4201D22836F6E70098BA
:10EFD00086420ED0F07D01210143F175F5F75AFE0E
:10EFE000284909684860002C03D0F169081AE9280B
:10EFF00041D830694168002903D0706A88470028E9
:10F0000017D0F1693046FFF7EDFE1E490968002868
:10F0100032D018313046FFF727FFF07D40070ED47D
:10F020007078717D491CCAB2824200D8084670755A
:10F0300005E01448016818313046FFF715FF3046E7
:10F04000FFF71CFF002C01D100F01EF8092D0D4B1D
:10F05000AFD304F0DBFFA12006210022134601F00C
:10F060001FFAF8BD002C04D100201C4604F0D0FF8C
:10F07000206800214161F8BD4E61304604F0C8FFB0
:10F08000F8BDC046280E002070B5104D2868283005
:10F0900000260068002816D0761E2830F9E7296877
:10F0A0008C6A28312046FFF7DFFE0021204604F05D
:10F0B00058FE012803D12046FFF7F4FE02E0204667
:10F0C00004F0DCFF761C002EE9D170BD280E002074
:10F0D000704700001D490A7C042A02D10020C04369
:10F0E000704792008850087C401C087400207047CC
:10F0F000F8B50400002600202178042913D08229C5
:10F1000020D1251D6178FF291CD129786A78120643
:10F11000120C1143FC2212020A40C02109018A424A
:10F1200010D10A4F08E0E51CECE728008900795867
:10F130008847012809D0761C3A7CF1B29142F4D379
:10F14000002802D12000F2F7B9FDF1BDA80D002082
:10F1500070B5C61D0720864300BF00BF072E00D82C
:10F1600008260E4C2568002D05D104F0A3FF206071
:10F170000028F6D10DE02868B042F6D3A919801B0B
:10F1800001D0086000E00021216000BF00BF28001E
:10F1900070BD00BF00BF002070BD0000040E002045
:10F1A000FCB50A00002303210091010014E0019C3A
:10F1B000344000040DE0019F374006043E43AE603A
:10F1C0005668F60307D5EE689027FF05B942EED1E1
:10F1D00034402043E8605B1C1068D84000D186E0D2
:10F1E000C007F8D55C000098A040C5430195506861
:10F1F000009D0540012D03D0009D0540022D11D139
:10F200008868019D0540D068A040284388604D680B
:10F21000012001269E40B54356683609304098408B
:10F22000284348605068009D0540032D1CD0C868E5
:10F23000019D05409068A0402843C8605068009D2B
:10F240000540022D10D1D80880000D18286A9F00B3
:10F250001C263E400F27B740B8431769BC4637000D
:10F260006646BE4006432E620868019D0540506810
:10F27000009E0640A6402E430E605568C0208002C6
:10F280002840A8D0012098400404E6430196C443D6
:10F290006D030ED5274D2D689026F605B14202D19B
:10F2A0002540054303E0019E2E4005043543214ED1
:10F2B0003560204D5668F6020CD56E689027FF0524
:10F2C000B94202D12640064303E0019F37400604BD
:10F2D0003E436E605668760200D471E7AE689027B0
:10F2E000FF05B94200D066E72640064367E7F3BD55
:10F2F0000069084000D00120C0B27047002A01D048
:10F300008161704781627047E0B50A040B000A4DC5
:10F310009026F605B0422F6801D11F4000E017404B
:10F32000002F06D0B04201D12B6000E02A60F7F731
:10F33000CDFAE0BD0C0000401C00004010B5C2003A
:10F3400018231340FF249C40E2438907090E99408B
:10F35000030004D419489B089B00C01806E0184B12
:10F360000007000F083880088000181803681A404A
:10F370001143016010BD80B5FFF7E0FF01BD000043
:10F38000010005D40121C006C00E81400D48016076
:10F39000704710B5401E80214904884201D30120E6
:10F3A00010BD094C606003210020C043FFF7C6FF79
:10F3B0000020A0600721216010BD000000E400E0F3
:10F3C0001CED00E000E100E010E000E080B50A681C
:10F3D00042604A68826008228A5EC2600A228A5EAF
:10F3E00002610C224261895E816180210902C16152
:10F3F00000210162416200F08BF802BD38B50400C3
:10F4000084342178012901D1022032BD01212170EB
:10F410002421616001680A680B680125AB430B6019
:10F420006907416611430268116000F043F820202B
:10F4300060600020207032BD70B504002500843566
:10F440002878012801D1022070BD012028702420D5
:10F45000686020680668026801239A430260206899
:10F460008268D200D208114317E070B5040025006D
:10F4700084352878012801D1022070BD0120287030
:10F480002420686020680668026801239A430260AD
:10F4900020688268064B134019438160200000F009
:10F4A00009F820680660202068600020287070BD80
:10F4B000FFFFFFF1F8B50400606E002802D10120C3
:10F4C000012517E0206881680901490F00918068D3
:10F4D000410F00BF0CA600BF09A7785CC000715C9B
:10F4E000F9F76AFB05000098385CC0000099715C70
:10F4F000F9F762FB210068314D800880F1BD000002
:10F5000001010103070100000804020408010101D0
:10F5100038B5040001D1012032BD2500843568686A
:10F52000002803D128702000FBF71BFE2420686010
:10F5300020680168012291430160A06A002802D07E
:10F54000200000F01DF9200000F08AF8012811D0F9
:10F5500020684168084A0A404260206881682A227F
:10F56000914381602068016801220A430260200003
:10F5700000F06AF932BD0000FFB7FFFFF1B584B0BB
:10F580001F0006465436706B202866D10C0050D000
:10F5900068460280002A4CD0049880688021490186
:10F5A000884205D104980069002801D1E00740D4C1
:10F5B0000025F56321207063FBF72CFE01006846EF
:10F5C000008830806846008870803A00049880681F
:10F5D00080235B01984209D104980069002805D175
:10F5E0002500049F01920291040004E02000F8E746
:10F5F0007088401E7080708800281CD00198009090
:10F60000029B00228021380000F08EF9002820D1D2
:10F610003868002C05D12988C905C90D8162AD1C47
:10F6200002E021788162641C706B21210140212954
:10F63000DED0012012E03800029B019900910022E7
:10F64000402100F071F9002803D1202070630020D0
:10F6500004E020207063032000E0022005B0F0BD2C
:10F66000F8B5050000242F683868A3490140A86850
:10F6700008432969014368690843E969014339601E
:10F6800078689E490140E86808437860A969354870
:10F69000874202D00A00296A1143BA68984B134086
:10F6A0001943B960F96A0F2291436A6A0A43FA6200
:10F6B0002DA6874222D11020F7F787FB002846D0DD
:10F6C000696A4900715AF9F78BFA6A68510089181A
:10F6D00088423BD31103814238D3070E06025008FB
:10F6E0000021801979410023F9F7B7FA85494118BB
:10F6F000854A91422AD22968C86028E08348696A0D
:10F700004900715AF9F76CFA696800914908804E0E
:10F71000EA6980231B029A420DD1400040180099EB
:10F72000F9F75EFA01001039B1420FD20640000726
:10F73000400F304308E040180099F9F751FA0100F2
:10F740001039B14202D280B2F86000E001242800F2
:10F7500068300121418001800021C16001612000E9
:10F76000F2BD00000050004101000200040006004C
:10F7700008000A000C00100020004000800000017A
:10F780002821415C090706D501684A68614B13408E
:10F79000826B1A434A602821415CC90706D501687B
:10F7A0004A685D4B1340C26A1A434A602821415C93
:10F7B000890706D501684A68584B1340026B1A4303
:10F7C0004A602821415C490706D501684A68544BC4
:10F7D0001340426B1A434A602821415CC90606D592
:10F7E00001688A684F4B1340C26B1A438A60282114
:10F7F000415C890606D501688A68744B1340026C27
:10F800001A438A602821415C490611D501684A687B
:10F810006F4B1340426C1A434A60426C80235B0377
:10F820009A4205D14A686B4B1340826C1A434A6076
:10F830002821415C090606D501684A68664B1340D9
:10F84000C06C184348607047FEB506003700843727
:10F850000024FC60FBF7DEFC019020253068006886
:10F86000000717D55D480090019B00222904300055
:10F8700000F05AF800280DD0EFF31080012181F339
:10F88000108831680A6880239A430A6080F31088E0
:10F890007D6026E030680068400725D54F4800901D
:10F8A000019B00226904300000F03EF800281BD0C4
:10F8B000EFF31080012181F3108831680A68484B0A
:10F8C00013400B6080F31088EFF31080012181F367
:10F8D000108831688A6801239A438A6080F310880F
:10F8E000BD603C700320FEBD7D60BD60F466346782
:10F8F0003C700020FEBD0000F369FFCFFFCFFFFF8B
:10F90000FFF4FF1100FDFFFF00FD0F000024F400D5
:10F91000F0FF0000FF7FFFFFFFFFFDFFFFFFFEFF87
:10F92000FFFFFBFFFFEFFFFFFEB580273F0108242D
:10F930000025060001916846027002933068C06994
:10F94000019901400198814201D1012000E000208D
:10F9500069460978884236D108980021C94388420F
:10F96000ECD0FBF757FC0299401A0899814201D369
:10F97000002901D10320FEBD306800684007DDD5B5
:10F9800001988028DAD04028D8D03068C06920405B
:10F99000306803D1C0693840D0D009E0046230003B
:10F9A00000F020F830008430C46005700120FEBDF6
:10F9B00030680762300000F015F8300084302021F4
:10F9C000C1600570D6E70020FEBD0000FFDFFFFF2D
:10F9D000FFFFEFFFFFFF9FFFFFFFF7FFFFFFFF01AD
:10F9E000DFFEFFFF10B5EFF31081012282F31088D4
:10F9F00002681368134C1C40146081F31088EFF305
:10FA00001081012282F31088026893680E4C1C401A
:10FA1000946081F31088C16E01290BD1EFF310813E
:10FA2000012282F31088026813681024A343136034
:10FA300081F3108820218C2281500021C16641670A
:10FA400010BD0000DFFEFFFFFEFFFFEFF8B504462C
:10FA500019480068476D002C0DD0387C002823D051
:10FA60000020014604F03CFB0546002822D104F0AA
:10FA700091FB064600E00C26204604F0A9FB054653
:10FA8000002817D10025204629462A4604F0B2FB5B
:10FA9000002C0BD001207874002E0BD100252846B5
:10FAA000294604F007FC05E0D32503E000257D741A
:10FAB00004F028FC2846F8BD180E0020F0B58BB0E5
:10FAC00015460F460146FA061220002A3FD51C466D
:10FAD00001239A0395423AD8944238D80A9313984E
:10FAE000099012980890119806901098079019485C
:10FAF0000068466D002004907070317004F020FCA6
:10FB00000590384604F030FC02467078202101430D
:10FB10007170042A08D81721D140C90704D051B206
:10FB20000DA3595C084370700698009008980190E6
:10FB30000798029009980390A8B2A1B2059B04F01F
:10FB40002CFC00280A9902D10498B07431740BB0CF
:10FB5000F0BDC046180E002028702870300000004C
:10FB6000B0B50C460546C0B204F078FC002800D0C1
:10FB7000B0BD03490968496D8D814C60B0BDC04678
:10FB8000180E0020F0B5002807D0002905D05B072B
:10FB90009C0F002A04D1012C02D061204001F0BD4D
:10FBA000436A102B03D0182B01D0202B05D1012C38
:10FBB00005D005696D1E102D01D31A48F0BD102B1C
:10FBC00002D01848801EF0BDC2600379F9252B4091
:10FBD0000371012C20D000231C469D002D185B1CB6
:10FBE0006C61042BF9DB002313E0DC17A40FE4188D
:10FBF000A408A40025182E461436B4461C1BD65C57
:10FC0000E40018276D693C1BA640354366465B1C23
:10FC1000356004699C42E8DC0279D20700D181603A
:10FC20000020F0BD1F0C0000F8B58CB00D000024C2
:10FC30000023D15C08AE5F42F619F1735B1C0F2BF9
:10FC4000F7DD002359428900411804AA9E00921949
:10FC5000CE681670CE68360A5670CE68360C96702E
:10FC6000C968090ED1705B1C032BEBDD6A4608A93D
:10FC700004A8FAF709FE6846A1004018C1780906F1
:10FC8000827812040A43417809021143007808433C
:10FC900029000C31624292008850641C032CEADD7A
:10FCA0000DB0F0BD0148416801607047880C00202C
:10FCB0000348006800218160C160016101607047F4
:10FCC000340E0020F8B501201C21294A9047294F05
:10FCD0003860294DA88D401E03263043401C800803
:10FCE000C01C04242146224A904739684860E88DA8
:10FCF000401E3043401C8008C01C21461C4DA847B4
:10FD00002A46396888601C4D288E401E3043401CAE
:10FD10008008C01C214690473968C86004F0C6FBC3
:10FD20003868426800211180518083681980D18031
:10FD3000AF8D7F1E37437F1CBF0897805980D980C5
:10FD4000EF8D7F1E37437F1CBF089F80C7683980B7
:10FD500002614361F9802A8E521E3243521C92087E
:10FD6000BA80798087612246F4F74AFFF8BDC04621
:10FD7000D9BE0410140E00208C0C00207047000027
:10FD8000FEB51F46019202910546012478212046C6
:10FD9000FCF7A2F8E12189005A228152244E3060FA
:10FDA000012D17D101200621FCF796F80146306895
:10FDB0008163012F0ED101250E2728463946FCF715
:10FDC0008BF83168C86428463946FCF785F8014647
:10FDD00030680165029901290BD10198012805D1EC
:10FDE0001C200121FCF778F83168C8621148847E34
:10FDF00001E00021C16214212046FCF76DF8316852
:10FE000048650D4C042101222046FBF767FD31684F
:10FE100008620325022220462946FBF75FFD316870
:10FE20004862064A072308462946FCF763F8FEBDE8
:10FE3000180E00208C0C0020880C0020D1BC05106E
:10FE400080B5012004F03CFB01BD00000200002051
:10FE5000CB430F49002A02D0012A01D001E00FE074
:10FE600012E00120704702000020CB430949002A1C
:10FE700002D0012A01D001E002E005E00120704734
:10FE80000A6813400B6070478A6813408B607047A4
:10FE90002000504824005048EFF31482EFF309810A
:10FEA000002080F31488BFF36F8FF0B543464C46B3
:10FEB00055465E466746F8B40F4CEFF3088363601F
:10FEC00006B4BFF34F8F30BF00BF00BF0A4C646859
:10FED00084F3088882B003BCF8BC9846A146AA46C1
:10FEE000B346BC46F0BC04BC80F3098881F3148897
:10FEF000BFF36F8F1047000004000020E0B50146FB
:10FF00000023009302202622F4F784F9002800D071
:10FF100081208CBD80B504F0DDFA80BD10B513786A
:10FF2000837153788C1E0472C3710930911CE2B244
:10FF3000F4F762FE10BDBCB50C46002813D025882E
:10FF40002046FEF79AF901462846FEF79BF900285D
:10FF500009D06088002806D0A1891F2908D801A8E7
:10FF6000018060680AE02046FDF700FE0020BCBD6D
:10FF7000606801AD2A4604F0C5FA29884018007966
:10FF8000C10704D11B2808D01D2806D009E01E286F
:10FF900003D302210843232803D1204604F0C2FAE8
:10FFA000BCBD204604F0A2FBBCBD80B54168007812
:10FFB00000F002F8002080BD80B50846FDF7D6FDB0
:10FFC00080BD0000B0B50C4605460888FDF7ACFDC5
:10FFD000002825D0002D0FD0012D21D16088412887
:10FFE0001ED812480068214603F03EF80F20F9F7AA
:10FFF00017FCF1F7F7FD16E06168097A0B2909D1C2
:020000041005E5
:10000000017E03220A40012A0AD1FC221140891CE8
:10001000017605E08A1FD2B2042A01D804F0CEFB93
:100020002046FDF7A3FD0020B0BDC046300E0020E5
:10003000F0B587B00E4604460F88384600F0F8FA4F
:1000400005468548C07A854205D214216943834A12
:100050001268D26A5318049671680E7A0022012C35
:100060001DD0002C54D11446854213D2192E0DD820
:100070000120B0407E49084208D07848006801223B
:100080001E467C4B2946FCF79DFB33469878FD21A4
:10009000014099700498FDF769FD20465BE00392EA
:1000A000854254D20193487A02900621049C20464E
:1000B000009100F0E4F9001D61888842029C35D16E
:1000C000132E27D801221046B0406549084221D09E
:1000D0006148C07AA8423AD9144604984068427AE6
:1000E000037A012B39D014205C490968C96A132BA3
:1000F00051D0122B2BD103466B43CB189E78F707B8
:1001000076D15A7104980088002311461A4613E0EC
:10011000104620E0304604F07AFB002806D005A8FF
:1001200005710499059104F074FB07E0019844718E
:10013000002238462146134604F06DFB122804D8ED
:1001400001218140494A114201D1862803D10498F6
:10015000FDF70CFD039807B0F0BD0127284639468E
:1001600004F0B8FB0028F2D1049804883D480068E8
:100170008069422154220323FCF7B0FA0028E6D01C
:100180000546061D30462146049A04F0D5FBF802C8
:100190000A30082251E0684308188078C007D6D199
:1001A0001321284604F096FB0028D0D1082104989A
:1001B00000F065F906462C4800684821405C80073D
:1001C000C5D50498078827480068806942214E22D7
:1001D0000323FCF783FA0028B9D00546067387721B
:1001E000300A6873380AE8722E1DE002009A24E093
:1001F0007307ACD468430B18122011461A4604F05A
:10020000BFFB194800684821405CC0079FD0049894
:10021000078814480068806942214F220523FCF7B3
:100220005DFA002893D00546061D30463946049AEB
:1002300004F0AEFBE002801C0F22FF2171708221CE
:100240003170010A697228720020E871AA71422097
:100250002946FCF79FFA7AE78C0C0020200E00203C
:1002600002000C00140E0020240E002005000400E3
:100270004000940230750000B0B50446C00616D4A4
:100280000D460D4800686107C90E4018006902223A
:1002900021461346FCF722FA00280AD001460748F7
:1002A00048600D812046FCF775FA0020B0BD86201D
:1002B000B0BD0720B0BDC046140E002083E205107B
:1002C000F0B58DB0914200D383E013460646002975
:1002D0000CD00C463546002D0BD0A0B2202809D3F7
:1002E0002D68203C2004F6D1002403E0002435468C
:1002F00000E000251F463246002A08D0B8B2202868
:1003000006D31268203F3804F6D1002700E000220F
:1003100020040AD00291291D0492A2B205A80393D9
:10032000F4F76AFC0299039B049A002E019506D00B
:1003300000203668401C002EFBD1400100E0002068
:10034000002A3DD0C91A0D18280439D00492202162
:10035000C81B82B2ABB29A4200D32846029582B241
:100360000D1BA9B2914200D30546AAB2A0B205A9BD
:100370000818B9B2049E7118091DF4F73DFC2C1938
:10038000EF190397B8B2202803D1326800200390F8
:1003900000E03246A0B220280AD1019C201D05A908
:1003A00004922022F4F728FC049A24680194002483
:1003B000039F002A07D00298451B2804C6D102E0FB
:1003C000A0B2202805D00198001DA2B205A9F4F71B
:1003D00013FC0DB0F0BD002806D000210068491CB8
:1003E0000028FBD1480100E0002080B2704780B5B2
:1003F0000A46037A190601D5012100E003215B06B4
:1004000000D50021406804F0FBFA80BD70B50B49AF
:10041000C97A14224A43143209490B6800210D4657
:100420000C461434A24206D0DE6A755B854225462E
:10043000F7D131191439084670BDC0468C0C002024
:10044000200E002010B514460A464068194623467F
:1004500004F012FB10BD011F00220A6040687047C3
:10046000024600680028FBD11160704710B51446A1
:100470000A4640681946234604F037FB10BDE0B534
:10048000022201ABFFF7DEFF002801D0002004E0CC
:1004900001A8017840780002401880B28CBD0000AD
:1004A000F8B50446C0062DD415460F4600931848EB
:1004B00000686107C90E40180069511E03220A43F3
:1004C000093291088BB242222146FCF707F9002835
:1004D0001AD00646C57287720C3000992A46F4F786
:1004E0008BFB0027777206203072281D010AF171FC
:1004F000B071FF2070718220307120463146FCF7C8
:1005000049F902E0862700E007273846F8BDC046D3
:10051000140E0020B0B51446049AC2704170150A3A
:1005200005710F252D020D40A107890C49199B0368
:10053000C918090A8170431D05980021FFF782FF41
:10054000B0BD80B5FDF7F0FA002806D06421425C0A
:10055000802313434354002080BD812080BD0000D0
:1005600010B504460846114604F0FAFA8000001956
:10057000C1B20248006800F073F810BD1C0E0020E4
:1005800070B50C46054604F0FFFA074E326840325B
:100590002846214604F0ECFB3268383228462146D2
:1005A00004F0E6FB70BDC0461C0E002080B504F0D0
:1005B000F9FB80BDF8B50A4D05400A4E3068076862
:1005C000002F0CD03C46FF692088A842F8D1306843
:1005D000214604F021FC2046FDF7C8FAF0E7F8BDFB
:1005E000FF0F0000300E0020BCB56422825CD207F1
:1005F000827A04D16032D2B2512A04D30FE0503251
:10060000D2B2402A0BD8094A1268B123D35C002B1E
:1006100005D0B132047D0125A540AB4313706A4675
:10062000117100901046F2F7F6F9BCBD300E0020B3
:10063000B0B50949CA7A09490B68002421468A42A3
:1006400006D0DD6A2D5B854203D01434491CF6E7E1
:100650001146C8B2B0BDC0468C0C0020200E002050
:10066000F8B505461220002D1BD00C466A788A4248
:1006700017D92B6A195DA14201D10020F8BD174698
:100680003E46DF5D974201D0A742F9D10020974254
:1006900005D09955964202D1284604F0D3FB296A29
:1006A0000C55F8BD70470000B0B50C460549096807
:1006B0000D680321224604F0D9FB2889001B2881FC
:1006C000B0BDC0462C0E002001466420085CC00767
:1006D000887A02D19F2802D816E0B02814D3F128D6
:1006E0000AD2CA7C0020012A05D0022A02D1C97D83
:1006F000090700D501207047F12805D1C97A0620E5
:100700000840411E8841704700207047F8B50446F4
:10071000C00608D40D46194800684721405C800790
:1007200003D4002628E0862626E01F4616461448F5
:1007300000686107C90E401800694722032321465B
:10074000FBF7CCFF002816D00146857204204872C2
:100750000120087232460026CE71062088714F7340
:100760000A73FF20487182200871280AC872204647
:10077000FCF710F800E007263046F8BD240E0020F4
:10078000140E0020BCB50C4601461C4800680568E4
:100790002889EA685288131AA34226DAA11A08188F
:1007A00001A90880164800688069422103230A468F
:1007B000FBF794FF002817D004460222C2720920DA
:1007C000A07220460C3001A9F4F716FA00206072DE
:1007D00006212172E071A171FF20607182202071D9
:1007E00042202146FBF7D6FFBCBD0320224604F081
:1007F0003DFB288900192881BCBDC0462C0E002075
:10080000140E0020B0B50D4604460F4800685C2168
:10081000405C8006800F05D001202870204604F03F
:1008200037FB0EE003F08CFD002805D00120287076
:10083000204604F037FB04E000202870204604F036
:100840003BFB0020B0BDC046180E0020F0B587B0BD
:1008500000AC0DC43A4A12683423D05C7427474375
:100860000025EC43374B1E68A4360C9A06920E9A6C
:1008700003920D9A05920494AF425FD033685A19DF
:1008800012897435641C002AF6D1844256D25F194D
:1008900038466C38009A0280384674380522027057
:1008A00038460F38019A0270012529403846103821
:1008B0000190017038460E380622234B02991646E5
:1008C0009847FE20069908402940022800D00D468E
:1008D00006913C46733C257002280598039900D088
:1008E00001463D46723D28463246174B98473846EA
:1008F0001738069901703846163805993246124B5A
:10090000984738465C3800210822F4F779F9381FF7
:100910006A3F10213970049901602078294604F05B
:10092000D5FA002805D001980078C00701D0FB2037
:1009300038700E20F8F774FFF1F754F907B0F0BDE6
:10094000100E0020300E0020F94B041080B504F08A
:10095000DDFA80BD80B504F079FB80BD80B5002054
:1009600004F076FB03F0CEFC80BD704700210A4600
:10097000062905D0435C002B00D00122491CF7E773
:10098000D0B27047F0B591B001920091054608A928
:100990000320088007AA0024148014480068183037
:1009A00003AF3B4600F042F80DAE10223046214620
:1009B000F4F726F9082230460099F4F71DF909AC3E
:1009C00038463146224604F0ABFB02AE02223046E6
:1009D0002146F4F711F9287802994140019A1170E3
:1009E000707869784140517011B0F0BD100E002050
:1009F000B0B594B014466A4604F0B4FB054600282E
:100A000003D16846214601F031FE284614B0B0BD3E
:100A100010B5044604F0C8FBFF2805D08120002251
:100A2000214604F0DDFB10BD022010BDBFB50D78DE
:100A30006C462570497861701178A1705178E17029
:100A4000002103910291019121461A4604F068FBAE
:100A5000BFBDB0B50C46054604F0A6FBFF2805D087
:100A600000202946224604F0BBFBB0BD0220B0BDE9
:100A700010B5002913D000220C462346521C2468CE
:100A8000002CFAD172B644681C6041600188891854
:100A9000018062B6002004F0CFFBF1F7A3F810BD8F
:100AA00010B588B068462021F1F7F2FC00246846B2
:100AB000202C04D00019F4F7D9F8241DF7E70549D4
:100AC000F4F7B8F8801C01D0002000E03A2008B00C
:100AD00010BDC04615BE0510B0B51C461546002910
:100AE00007D101890020062200F0ACFA0146002857
:100AF00009D0022048804868057248684472062080
:100B000003F0AAF8B0BD8820B0BD0000F8B51646C5
:100B10000C4605460089FDF765F8024601200027CE
:100B2000164B3946FDF77EF82889FFF743FD002E66
:100B300003D002212846FFF757FD28461830082227
:100B40003946F4F75DF86420295CEF220A402A5404
:100B5000E87B2F210140E973102C06D0002E04D031
:100B60006878A91C04F07AFBFB27AF722989022060
:100B700002462346FFF7CAFDF8BDC04630750000A7
:100B8000F0B58BB0059317460D4609A9F8F7C1FCDF
:100B9000119C10980690002818D00495129E0025EC
:100BA0000698A84210D00498039009A8029008A8BB
:100BB000019007A80090EBB220463946059A04F050
:100BC000B9FB70556D1CEBE730780AE0039509A876
:100BD000029000220192009220463946134604F00A
:100BE000A9FB0BB0F0BD000006494143090C2422CB
:100BF000D2434A43101881B2242900D92538C0B203
:100C00007047C046EB060000FF220E324243100A36
:100C100089084143880C401C70470000F8B51E4607
:100C200015460F46044600F033F800281AD0EFF3BB
:100C3000108272B6154801684869A04217D0009228
:100C4000A660A761E56118312046FEF70DF9204640
:100C500003F014FAFEF718FA04F0CCFB009880F3C6
:100C6000108802E0A761E561A6600020F8BDE06998
:100C70004968081A823003D482F310888620F8BDB0
:100C8000009204F0C5FB01480168D9E7280E002056
:100C900010B5EFF3108472B604F0CEFB84F3108825
:100CA00010BD88214058018803200840704780B556
:100CB00088228058028803239A43028019400288C0
:100CC0000A4302801620F8F7ABFDF0F78BFF80BDDA
:100CD00010B5044604F0CAFB002804D02046FFF7F4
:100CE000E0FF032801D1002010BD012010BD4B42C0
:100CF0004B410C21594340184179CB070020002B70
:100D00000BD0022A05D0012A05D0002A05D1880778
:100D100002E0080700E04807C00F7047890040184C
:100D200084214058801C7047B0B5034600202C2B0E
:100D300000D9B6E003245C435A4D2C1964788C42E8
:100D400000D0AEE0D41E604260412C2B00D9A7E059
:100D5000990001A251588F46A30E0510A30E05104D
:100D60000D0E0510A30E0510110E0510110E051025
:100D70000D0E05100D0E0510A30E05100D0E05101D
:100D8000A30E05100D0E05100D0E05100D0E05100D
:100D9000110E0510A10E0510A10E05100D0E051067
:100DA0000D0E05100D0E05101F0E05101F0E05105F
:100DB000310E0510370E0510410E0510A10E05105D
:100DC000250E0510250E0510470E05100D0E0510F9
:100DD0000D0E05102B0E05104D0E05102B0E0510D7
:100DE000570E0510190E0510190E0510190E0510D5
:100DF0005D0E0510670E05106D0E05107F0E0510B7
:100E00008F0E05100D0E05100D0E05100120B0BD42
:100E1000601E84412046B0BDF9F78EFF3DE0F9F732
:100E20007DFF3AE0F9F786FF37E000F0B7FF1FE0FB
:100E3000F1F740FD31E0601E8441F1F73BFD22E017
:100E4000F1F738FD14E0F9F771FF22E0601E8441EC
:100E500000F0A4FF17E000F0A1FF1EE0601E844137
:100E600004F00AFB0FE004F007FB01E0F9F766FF6E
:100E70000146401E8141604260410840B0BD601E95
:100E80008441F9F75BFF411E88412040B0BDF3F774
:100E9000B1FE002804D0F9F747FF411E8841B0BDDC
:100EA0000020B0BDDCE90510F8B505468778084696
:100EB000114600F021FA064601240D2F01D1012E22
:100EC0000FD0112F01D0072F0AD1ED78284600F05E
:100ED000DFF8864204D1284604F0D0FA002800D179
:100EE00000242046F8BD0000B0B5034600202C2B9E
:100EF0006BD803245C43384D2C1964788C4264D140
:100F0000D11E484248412C2B5ED89A0001A39A5822
:100F10009746C046CB0F0510CB0F0510C90F051023
:100F2000CB0F0510C90F0510C90F0510C90F05100B
:100F3000C90F0510CB0F0510C90F0510CB0F0510F9
:100F4000C90F0510CD0F0510C90F0510D10F0510E1
:100F5000C90F0510C90F0510C90F0510CD0F0510D9
:100F6000C90F0510CD0F0510C90F0510CD0F0510C5
:100F7000C90F0510C90F0510C90F0510CD0F0510B9
:100F8000C90F0510CD0F0510CD0F0510C90F0510A5
:100F9000CB0F0510C90F0510C90F0510CD0F051097
:100FA000CD0F0510C90F0510CD0F0510CD0F051081
:100FB000CD0F0510CD0F0510CD0F0510CD0F05106D
:100FC000CD0F0510C90F05100020B0BD0120B0BD28
:100FD000481E81410846B0BDDCE90510B0B50C469D
:100FE000054600F027FC022C03D307D0032C08D0C1
:100FF00013E00119097A00290FD102E0A98B4A05F3
:1010000006D5C17A002901D0032406E0002115E0AD
:10101000012292021143A9830224094909689022FE
:101020008958C96B0A68916B4023CC544B6C93630D
:1010300000224A640019027A521E02720846B0BDAC
:10104000240E0020B0B50D46012801D1044600E071
:101050000324002800D10446501E1F2101432131E2
:1010600089B2204604F016FA00280BD0858001686A
:10107000816003210C40621E51425141002C03D07B
:10108000C90102E00020B0BD40210173001DB0BDC8
:101090002C2804D8032141430248405C70471420A7
:1010A0007047C046DCE905100A68002A04D01146E2
:1010B000526C002AFBD14431002242640860704720
:1010C000F8B5044604F02AFA05460027022F19D085
:1010D0005720800060430C49096890228958C96BE9
:1010E000496808180C217943401811210901461854
:1010F0003168002904D02846324604F01FFAF7E789
:101100007F1CE3E7F8BDC046240E002010B504465E
:10111000007AF721014021720A4800680069902195
:1011200000220123FBF7DAFA002804D001464460CC
:101130009020FBF72FFB044800688521425C521C7D
:10114000425410BD140E0020240E0020F8B50A46AB
:101150000146074800689023C058C06B006802AB86
:10116000019303AB00932030012304F0F5F98FBD08
:10117000240E002070B50D460446164800682C2148
:10118000405CC007C10E01D1052206E0124800688C
:101190002F22805CC0061CD515226F20C043414021
:1011A0000E4800680069CEB202233146FBF796FA7A
:1011B00000280ED00146047285720020C8710420F8
:1011C000887105224A710871200A48723046FBF77F
:1011D000E1FA70BD100E0020240E0020140E002035
:1011E00010B50446EA20205C01280DD020462E30A0
:1011F000017806480068A030FFF732FAE6200021A7
:101200002152E6346180217110BDC046240E0020B9
:10121000B0B557218A00424318490B6890215B58AA
:10122000DB6B5B689C1880220023A3502E22A05405
:101230008C22A350E322A3544122FF25A554104A37
:101240006250A3850121218519210904A165E16569
:1012500021660C496187214690312922D2008A817A
:10126000094A0A4B4B608A6004F0B2F9204604F048
:10127000E3F978342046FAF739FEB0BD240E002099
:101280001B001B00FFFF000048011B001B00480162
:101290000020704710B5FAF785FE04460021FFF7DD
:1012A0003DFD8078FF212A31605449208000215A79
:1012B00008220A43225210BD84214058018801228D
:1012C000914301807047B0B50C460546002B03D012
:1012D000104604F0B9F905E00C2060432818407965
:1012E0008006C00F002805D0022228462146FFF7BD
:1012F000FEFCB0BD0020B0BD80B504F0B7F90028F9
:1013000002D03821405C80BD142080BD10B501465C
:101310001239032901D2002010BD840000F08AFA9E
:101320000068005910BD0000F0B58BB00193154660
:1013300005918A78D11FCEB2012300240B2E1946C5
:1013400000D321460894604CF4400C4002940C24D5
:1013500027466F432121C9004618F7192E21039013
:10136000405C0990304629460A92FFF7ACFF07908F
:1013700030462946089AFFF7BAFC089004973F794F
:101380000695284604F086F9024644433119087947
:101390008979079B002B08D0089B04290A9D14D14A
:1013A000A84212D1002B06D118E0089B002B0A9D01
:1013B00014D0042937D1029900292FD00598099912
:1013C0001446FFF771FD22462BE0099F384611466F
:1013D000FFF792FF06460125042450E000240198FF
:1013E00003282BD0012861D1099F38460699FFF7C1
:1013F00083FF064601243846214604F04EF90028B2
:1014000036D0FF201A30039908180778284604F0D0
:101410001BF9012500282DD12C462CE0401B411E34
:101420008841002808D0099F38461146FFF764FF1D
:1014300006460125052422E0002437E0099D2846C0
:101440000699FFF759FF06460298002809D005982B
:101450002946069AFFF728FD002827D005460324D1
:101460000CE00A98874224D12F460125032406E088
:10147000254604E00224B80600D42C46099F3046D5
:10148000FFF744FF002808D00646384604990F1D90
:1014900006992246059BB0473870E01EC0B240084E
:1014A0007E2802D80398FFF707FF2C4620460BB092
:1014B000F0BD012EFAD1039804F0F9F80028F5D018
:1014C000012505242E46D9E74104000080B50C22F1
:1014D0004A437D21490481508018012181710021F6
:1014E00041711620F8F79CF9F0F77CFB80BD0000F5
:1014F000F0B5C7B01E4615460F46044609A8F821A8
:10150000F0F7C6FF204604F0D9F800281AD00446A8
:10151000079505462C352878032805D10320214658
:1015200004F0F2F8002834D0AC78012503222046DC
:101530002946069204F0FDF8002F05D1002803D0BB
:10154000002647E0022645E004940596384600F060
:101550004DF9072600283DD0044600200390207155
:10156000002F1ED018270598474308370320029004
:10157000394603F08FFF206000282BD009A90022F4
:101580003B4603F0B2FA207905432571029A0243E3
:101590000AE0492080002018008880061DD41A2601
:1015A00018E0002020600222382006992154059876
:1015B000E071039E66710798002806D022711B48CF
:1015C0000068417F02220A434277012104982246A3
:1015D00000F014F9304647B0F0BD35460026002F24
:1015E000F8D009A908AA204604F0B6F8002D0ED0BC
:1015F00008A8058828463F38C021F7F7F1FA628F1E
:1016000009A9019100213F2D08D8084607E0628F03
:101610008020002109AB04F0C7F8DBE7401CC3B20F
:101620000093022004F002F9D4E7C046240E002003
:10163000F0B585B004464126805DF7F7BAFF054650
:10164000A05DF7F7AFFF92236D1EE9B227469237F0
:1016500070260322052903920496314605D869B203
:101660008A001A4989581A4DAA580294E35A7E886A
:10167000401EC5B2052D07D840B28000134D2C582E
:101680000494134D285803909340581800021521D4
:101690000C012546E83540190E49F7F7A1FA0190EB
:1016A0000398864004983018000240190949F7F75A
:1016B00097FA80B2F988814200D808460199081843
:1016C00000190299C86605B0F0BDC046C4170410E1
:1016D000AC17041071020000F8B500924588AC0800
:1016E0001C80491C8AB2A6188788BE4200D9091BF3
:1016F0000A199200BE4200D96D1C032635405219CA
:101700001A80A3001B180833009C236092B205883E
:10171000521B174637408488674335405219920858
:10172000D21995B2C688B54200D9C280A5420AD85E
:1017300009B2002907D59978FC220A40511C9970FA
:10174000083000990860A54201D90020F8BD0120A9
:10175000F8BD70B58678C578041D2846214604F08A
:10176000ABF800281AD0142D04D8B00822682146FE
:10177000904770BD3F2D04D80020214604F0B2F8F8
:1017800070BD412D04D80020214604F0B2F870BD90
:10179000622D03D80020214604F0B6F870BDFEB5D6
:1017A0000191044607460837F3F774FA02900D4694
:1017B0002678207D002804D03846F3F773FA227883
:1017C00000E03246701D029CE108C1400198401AB9
:1017D00000B2401EC117083204F0A2F802194D41B0
:1017E00038462B46F3F75AFAC0B2FEBD80B54142E7
:1017F00041410020FFF7F2FB80BD000010B55723E8
:101800009B0043430A48006890240059C06B40681D
:10181000C0180C234B43C018112109014118104670
:10182000FFF742FC1620F7F7FBFFF0F7DBF910BDDE
:10183000240E00200348006890214058C06B0068C7
:1018400034307047240E002080B504F07BF84E2120
:10185000405C80BDFEB5154800689021029141585A
:1018600054200190085ACF6B124C451CA9B2090AAA
:101870000E2901D90E494518002F0FD000262068E7
:101880003421415CF0B2884208D2FAF78BFB761C17
:10189000A9B2408F8142F2D12846E6E703480068AA
:1018A0000299405801994552A8B2FEBD240E00206D
:1018B00002F1FFFF100E002070B50D460446401CDB
:1018C000002625223146F3F79BF93046252E0CD20F
:1018D00007213140F208AA5CCA40D10703D0C1B247
:1018E00061184E70401C761CF0E7207070BD704788
:1018F0007047704780B50346FC3128330A220846FA
:101900001946F3F779F980BD80B5FAF74BFB412111
:10191000405C034909684979F7F747FF80BDC04635
:10192000240E00207047000010B5C26C0146E6315D
:101930008B8A5343028F0A325A43120B93B2084CDC
:10194000A34200D823465B1DE624035301200871FF
:101950004A801320F7F764FFF0F744F910BDC04642
:10196000B30B00000021182909D07D2252044250F7
:10197000421801239371002353710C31F3E7818BDB
:1019800001220A438283704710B50446FDF7EEF941
:101990000248006881682160007810BD280E002090
:1019A000042805D0012806D1FF20A430074A04E00E
:1019B000044A054801E0064A064841438818000ADF
:1019C0007047C046E9260100381A000006120000E0
:1019D000C62000004703000001480068808A704765
:1019E000240E00204007000F0149085A7047C046E6
:1019F00038D40510B0B5042801D00C4C00E00A4CD6
:101A0000042802D02920050101E0A9204501F9F7A9
:101A100085F9012800D02C469634A0B20449F7F786
:101A2000DFF8401CB0BDC0462085FFFF90100000CD
:101A300071020000F0B58DB00446954800682C2175
:101A4000405CC007C50E6F20C6436E40F3F7D2F866
:101A50009049096836228B5C2022134036310028D9
:101A600066D0002B00D110E1887BC00763D0002D29
:101A700000D11222A08A0C90A77DE07D0890608A98
:101A80000B90208A0990A0890A90206805906068D0
:101A90000790A0680690207E0390607E0490E58900
:101AA000A07E02907C4800680069F1B20A23FAF730
:101AB00015FE002800D1E8E00446019707461F37CD
:101AC0004572039820730498E07202982072280AE5
:101AD000A07220460D30062505992A466F4B98477F
:101AE0002046133006992A466C4B98476B4B20468C
:101AF000193007992A469847212009992154252011
:101B0000089A225420462130090A41700A99080A8D
:101B1000787039700B99080A787139710C99080A34
:101B2000787239720198F871201D29212222A2E0D1
:101B3000002B00D1A9E0887A800745D4487AC007F5
:101B400000D1A2E008200543E07D0C90608A0B9054
:101B5000208A0990A0890A9020680890207E06902B
:101B6000607E0790E789A07E05904B480068006979
:101B7000F1B206232A46FAF7B1FD002800D184E02D
:101B80000446054613354772069820730798E0729D
:101B900005982072380AA07220460D300622089956
:101BA000F3F72AF80999080AA07561750A99080AD5
:101BB000687029700B99080A687129710C98607611
:101BC000201D0121132256E0002D01D01C2200E02F
:101BD0000D22E07D0A90678A208A0B90A0890C90E4
:101BE0002068079060680990A0680890207E0590A2
:101BF000607E0690E589A07E049027480068006911
:101C0000F1B20923FAF76AFD00283ED00446039793
:101C100007461F374572059820730698E0720498AE
:101C20002072280AA07220460D30062507992A4600
:101C30001A4B98472046133008992A46174B984765
:101C4000164B2046193009992A46984721200B9AAD
:101C5000225425200A992154201D21462131120A9F
:101C60004A700C9A110A79703A70039A110A7971C4
:101C70003A710A211F22042323713E234370E1712C
:101C8000A271F0B22146FAF785FD0DB0F0BDC04655
:101C9000100E0020240E0020140E0020F94B04101A
:101CA00070B50D4604461A4800682C21405CC007F8
:101CB000C10E01D111220AE0164800683622825C6A
:101CC000920624D53630C07A800720D51F224E20B8
:101CD000C0434140104800684069CEB203233146FA
:101CE000FAF7FCFC002812D0014684720020087329
:101CF0004D7208721220C871062088713E2048710A
:101D000004200871200AC8723046FAF743FD70BDFE
:101D1000100E0020240E0020140E0020B0B50D4639
:101D20000446124800683621415C89061CD53630CD
:101D3000C07A000718D50E4800684069A1212C22FE
:101D40000223FAF7CBFC00280ED0014604728572FC
:101D50001420C871042088713E224A710871200A3B
:101D60004872A120FAF716FDB0BDC046240E00202F
:101D7000140E0020F8B50A46014607480068902373
:101D8000C058C06B006802AB019303AB00932030D6
:101D9000012303F0DFFD8FBD240E002000207047DB
:101DA000F8B51D4617460E460446F7F7F5FA2046E5
:101DB000F7F7FCFA2046F7F711FB20462146F7F724
:101DC0002AFB2046F7F735FB20463946F7F72BFB71
:101DD0002046F7F742FB2046F7F730FB2046F7F79F
:101DE000F2FA2046F7F712FB069B002E0ED00021D8
:101DF000009194202A46F7F7F0F901462046F7F7BC
:101E000024FB20463146F7F7DBFAF8BD124800689C
:101E10008C21465800200090962001212A46F7F791
:101E2000DCF901462046F7F710FB2046F7F7DCFA0D
:101E30002046F7F7E5FA2046F7F7DCFA2046F7F7F1
:101E4000C7FAB11C2046F7F7BBFA2046F7F7ECFAC1
:101E50002046F7F70EFBF8BD240E002010B504460F
:101E600000213022F2F7CCFEFF20A07510BD00004B
:101E7000FEB504464126805DF7F79BFB0546A05D55
:101E8000F7F790FB009092206B1ED9B2264692364F
:101E90007027032505292A46394605D859B28A00F4
:101EA00017498958174B9A580191235A02967488FA
:101EB0000098401EC1B2052905D840B280001049E3
:101EC0000F5810490D5893400198181800024721E7
:101ED0003E46CF00C0190C49F6F782FE0190AC4097
:101EE000A0190002C0190849F6F77AFE80B20299DB
:101EF000C988814200D80846019908187B30FEBD88
:101F0000C4170410AC1704107102000010B58161F1
:101F1000C369002B02D0DB435B1800D4C161017898
:101F200041750F210A400275C168832900D88321B9
:101F3000C160EFF3108472B602F0A0F808480068A0
:101F40004078400701D4FDF79FF884F31088EFF341
:101F5000108472B603F04EFA84F31088002010BD8E
:101F6000280E0020F8B50446C0062DD416460D46AE
:101F7000184800686107C90E40180069432204230D
:101F80002146FAF7ABFB002820D001460A30067143
:101F9000057000274F7210220A72CF710A228A71CF
:101FA000FF224A7182220A71320EC271320C827192
:101FB000320A42712A0EC2702A0C82702A0A4270BA
:101FC0002046FAF7E7FB02E0862700E007273846BD
:101FD000F8BDC046140E0020B0B5012430212046C3
:101FE000F9F77AFF074D28600748C07AC01DC0087E
:101FF000401E03210143491C2046F9F76DFF296863
:102000000861B0BD280E00208C0C002010B5012402
:10201000844008212046F9F75FFF034909689022B0
:1020200089584C74C86010BD240E0020F8B50028F3
:1020300046D00E46012568212846F9F74DFF214F6D
:102040003968902409598860B540EEB208213046BD
:10205000F9F742FF3968095989684D72486000965E
:1020600075001126212E0FD008212846F9F734FFDC
:102070003968095989688919491F08603868005901
:10208000806885550836EDE728210098F9F724FF88
:1020900039680959896808600B48022501262946D4
:1020A0003246F9F71BFC3968095989688864064883
:1020B00031462A46F9F712FC396809598968C8641B
:1020C000F8BDC046240E0020880C0020F0B585B075
:1020D00004920F4606464D2403F034FC0655076073
:1020E000039001464D31012002914870C0040190D7
:1020F0000025EC27049CF0B285423CD2039800688E
:10210000C6193046FFF7AAFE304630381B4A028017
:10211000304628381A49018031463239002008807B
:10212000314642390A8031463839019A0A603146CF
:102130005C39086031466039086031466C390A60A4
:10214000314670390A6031462639087031462A39DD
:10215000087031463E3907220A800499002902D0CE
:1021600060659C3E3460472080003F185C340298D4
:1021700006786D1CBFE705B0F0BDC046FFFF00004C
:10218000FF010000704770477047704710B5012885
:1021900010D101290ED1012A0CD10024204603F0D0
:1021A0001DFC44300449897F002903D00460C030FD
:1021B000491EF9E710BDC0468C0C002070477047DF
:1021C00070477047704770477047704770B5134E3F
:1021D00030680569002430222146F2F711FD1048CD
:1021E000C07AC01DC008401E032101434A1C284676
:1021F0002146F2F705FD30680561014628310246A7
:102200001832034620338461C261046243628462EF
:10221000C162044800680482047370BD280E002067
:102220008C0C0020240E0020B0B50E4800689821C8
:102230004458462000252554F8F77CFD01280FD18D
:1022400003F0DCFB242208498A5C002A2A4600D0DD
:102250000268E2642322895C002900D04568256574
:10226000B0BDC046240E00208C0C00207047704783
:10227000F8B5184E3068002444771E301122164FEE
:102280002146B84730682F30FF2505222946B84738
:10229000306834211F22425401463431CA72202250
:1022A0008A704C70403007222146B847306847306A
:1022B00008222946B84730681C3001222146B84719
:1022C000064800683521445430685621445256303F
:1022D0004480F8BD240E0020014C0410100E002094
:1022E00080B5044800685C3000210422F2F788FCC5
:1022F00080BDC046240E0020704700210171704748
:102300007047002A05D003780B70521E491C401CF0
:10231000F7E7704780B50548006890214058C06BCA
:1023200000682030FFF7E9FF80BDC046240E002082
:1023300010B51B48006890214058C06B0068FF2111
:10234000023181871749CA7A3E23C2542B22895C05
:102350003F22815401201449144CA0470320144902
:10236000A04704201349A04707201349A047002095
:102370001249A04702201249A04703F047FBF0F79B
:10238000FFFA03F049FB03F04DFB03F051FB03F0B0
:1023900055FB03F05EFB03F067FB03F06BFB10BD26
:1023A000240E00208C0C0020E19C0510C3C80410F2
:1023B000C5A4051065B1051041960510A999051031
:1023C000A99705100021034A8162C2621921C9013F
:1023D0000186704701000100F0B59BB014460691DC
:1023E00007460FAE00252E2230462946F2F708FC9C
:1023F0003046103010220699F2F7FEFB2036F87CAA
:1024000003280BD0022810D1F8690FA90870020A1E
:102410004A70020C8A70000EC87006E03E480168DF
:1024200044310FA81022F2F7E7FB387D0121059116
:1024300003F026FB0290387D294603F021FB019032
:102440006520385CF07106960FAE3046283039466C
:10245000663106220092314B0490984778780699AD
:10246000087030462130B91C0390009A2B4B9847D6
:102470002948006801994118B4310BAF384609303A
:1024800007220192254B984723480068029941187A
:10249000B431B81C019A214B9847781C0699C91D84
:1024A000059A1E4B98471D4B38460699059A984742
:1024B0001036102D07D0705D0BA9495D414007A86B
:1024C00041556D1CF5E70FA807A9224602F028FE2A
:1024D0000BAE0025102230462946F2F791FB062765
:1024E000304604993A46F2F787FBB01D03993A4605
:1024F000F2F782FB102D07D0605D0BA9495D4140CA
:1025000007A841556D1CF5E70FA807A9224602F060
:1025100007FE1BB0F0BDC046300E0020F94B041082
:1025200070B50D460646062001F096FB04460028CD
:1025300003D02846FBF71AFB08E03089FBF752FB73
:1025400002460020024B0146FBF76CFB204670BDA3
:1025500030750000B0B504460B480068AC21405807
:102560004578801CA11C0622F2F751FB0146002091
:10257000002900D0B0BD61788D42FBD1617B012084
:1025800001436173B0BDC046300E0020B0B51C469B
:102590001546002804D0FFF7DDFF002802D113E024
:1025A000002911D1022D05D208480068AC214058FD
:1025B000083006E0022D07D104480068AC214058DD
:1025C000183020600020B0BD1220B0BD300E0020B9
:1025D000F0B5B9B01C460E46074601AD2020287163
:1025E000102038900A900392002000902846F2F7BD
:1025F0002DFB284639463246F2F72CFB6A46284620
:102600002146F2F72BFB39B0F0BDFEB51446064665
:1026100001250291012905D17079C021014040298D
:1026200000D1002501F060FB20463E300190274696
:102630001E37204601F05EFB002815D1002D0BD07F
:1026400060780121014002988142F2D1062201986E
:102650003146F2F7DCFA03E03046394603F016FA69
:102660000028E6D10020FEBDB320FEBDF8B50C4623
:10267000054601208873E87808740846203029460A
:1026800044310226194F3246B84720462230291DD0
:102690003246B84720462430A91D0822B8472046B4
:1026A0002C3029460E3110263246B84720463C30A1
:1026B00029461E313246B84720464C3029462E3135
:1026C0003246B847A86CE066E86C20676878162147
:1026D0000140E172E0210140607C08436074A87809
:1026E000010702D5FE210840E075F8BDF94B041042
:1026F00080B503F0DDF980BDE0B5034601A90120F6
:1027000008806A4600201080024800681830FEF7F2
:102710008DF98CBD100E002080B50A4A12683D2349
:10272000D25C0270012A05D0002A08D1084602F0C6
:10273000C3FB02E0084602F0B5FB002080BD862006
:1027400080BDC046300E0020E0B50B46014601AA10
:1027500001201080024800680830FEF767F98CBD40
:10276000100E002080B56421415CC90706D11121FB
:102770004156002902D5817E8A0602D4FBF72EF944
:1027800080BD04221143817600F085FB80BDF0B549
:1027900097B0044603AE002150223046F2F730FADB
:1027A0005D20205C01210140717030463E302146A1
:1027B0005E3106252A46F2F71FFA207CF070E07D94
:1027C000010716D411202056002804D503A841780B
:1027D00080220A43427003AE301D2146223102227C
:1027E000F2F70AFAB01D214624310822F2F704FA62
:1027F00003E0FE21084003A9887003A80E3021469B
:102800002C3110263246F2F7F7F9607C81060CD5A0
:1028100003AF38461E3021463C311022F2F7ECF966
:102820007878202101437970607C40060BD503AF96
:1028300038462E3021464C311022F2F7DDF97878F7
:10284000402101437970A07C052108420AD003AFE2
:1028500038464430214620310222F2F7CDF978780B
:10286000304301E003A84078E17A2940014303A8FE
:102870004170E16E226F1591169203F02CF9054616
:1028800000280CD0A11C01AC06222046F2F7B4F9B6
:10289000A5714220052107222346FDF701FE2846A7
:1028A00017B0F0BD80B52822504304490968AC2315
:1028B000C95808180021F2F7A3F980BD300E002096
:1028C00070B51C4605466520285C087029466631AF
:1028D000062610463246F2F78FF968782070A91C58
:1028E00004983246F2F788F970BD0000F0B5A9B03F
:1028F00004930292019105901BAD35210691284663
:10290000EFF7C6FD28462530039001248473652027
:10291000287129486880622068700FAF20220092D9
:10292000384605992346254EB047254A17AB0593EF
:10293000244E38460099B047681D1027009701992A
:102940003A4623461D4EB0472846153002993A466E
:102950002346B047252004992954284626302E992D
:1029600006273A462346B0472F980399C871284650
:102970002D3030993A462346B0470BAF284606998A
:10298000059A3B460F4EB04731983946009E324675
:1029900023460A4FB8472C7007AF28460699059A78
:1029A0003B46084DA8473298394632462346034CE9
:1029B000A04729B0F0BDC046746C000071E7041058
:1029C00063EA0510D1250510F0B595B007920F46C2
:1029D000064613A80021017012A8017009A8102250
:1029E0000891F2F70DF9F07C022808D1F06909A9E5
:1029F0000870020A4A70020C8A70000EC870012F1B
:102A000021D14C4804684020205C14AD2870707BB4
:102A1000012101406970307D002103F031F8001977
:102A2000B721405CA870F07C032827D13046FFF71F
:102A300091FD002822D0002101220DAB3046FFF786
:102A4000A5FD0D9916E0307B14AC2070707B8007DB
:102A5000C00F6070307D012103F012F8C01CC0B2BD
:102A6000344909680818B422805CA070F07C0328FF
:102A700004D1443109A81022F2F7BEF86420315C79
:102A800001221140012F06D1002904D135464C35D1
:102A900034463C341BE0481E0C4684417B427B415B
:102AA000234004D035464C3534463C340BE00846D0
:102AB000384304D08620012F2BD1002929D0354658
:102AC0003C3534464C34012F25D1002923D00EA8A3
:102AD000009013A910AA12AB3046FFF7F1FE089E32
:102AE000079B1448006813A9097812AA1278059365
:102AF0000EAB0493039210AA0292019114A90091C3
:102B000049218900401809AB21462A4603F006F8FE
:102B1000304615B0F0BD3943481E8141534019423B
:102B200005D110A8009012A90EAA13ABD4E78620F5
:102B3000EFE7C046300E0020F8B5054601890024B5
:102B400015222046FEF77EFA00281BD006461120EB
:102B5000708070680D2101724D2080000D49096858
:102B60000B18052110223046FDF780FC64202F5CF5
:102B700028463146FFF7D4FC002808D1F80703D0D7
:102B8000432002E0882402E05420C043A87220467B
:102B9000F8BDC046300E0020B0B50D46044603F027
:102BA00009F80146284603F00DF80448006800685B
:102BB000C0682146FDF75CFFB0BDC0462C0E00206A
:102BC000BFB50D46044601AA0846214603F012F897
:102BD000002801D103F028F82846214603F029F8FF
:102BE00004B0B0BD10B50B490A68B121535CB132D5
:102BF0000021032905D001248C401C4203D0491C2C
:102C0000F7E7032103E0002801D023431370C8B283
:102C100010BDC046300E00201CB5042107226C46B2
:102C20002346FDF70FFC62780A21042A13D86A466E
:102C30009278012A0FD86A46D27892070BD40749B6
:102C4000096834228A5C69460979914202D31129C4
:102C5000014600D3062108461CBDC046300E0020A8
:102C600080B5127D1201002900D00832D1B2044A89
:102C700012685318B43304210722FDF7E3FB80BD2B
:102C8000300E002070B50546008902F0F4FF464280
:102C900046411B4909683C22895C022904D0002472
:102CA00001292AD1002828D108200143A9751548F7
:102CB00000684721405C012480071ED52D891248F9
:102CC0000068806902214D220323F9F707FD0028DF
:102CD00013D001468572042048720B200872002030
:102CE000C871052088710E73FF2048718220087119
:102CF000280AC8720220F9F74DFD204670BDC04673
:102D0000300E0020240E0020140E0020F0B587B0F5
:102D1000044606A80025057021890B222846FEF7E7
:102D200091F900281DD00590B020A0720395E5759B
:102D3000E07B2F210140E173454E3568207D012164
:102D4000049102F09DFE4019B721475C30683221A2
:102D5000405C022807D10820384004D10321059F98
:102D600054E0882664E0207EC00705D106AD2846E1
:102D700002F09CFF287802E0607D06A908700740F9
:102D800018203840E17D0143E175080702D4B425DD
:102D9000059F07E02046EFF736FE01460028059F15
:102DA00034D1B2252046FFF7D5FB06984107C90F5D
:102DB000E173C007800FA073204602F091FF204608
:102DC00002F0DAFF0146002820D1204603F026F861
:102DD000842803D00146002801D017E0B2251C4802
:102DE00000683521405C06A90B78627B617CA77C7A
:102DF00000AE83C60221059F384603F063F82046E3
:102E00003946FFF78DFB0146002814D010480068B2
:102E1000B122825C002A05D0B130237D049D9D4003
:102E2000AA430270012320463A46F9F741F80646C4
:102E3000304607B0F0BDE07AF8210140E172384633
:102E4000039E31462246FFF70BFFA572F0E7C0460E
:102E5000300E002010B514460A4640681946234635
:102E600003F04EF810BDF0B585B000931746054647
:102E700001AE3046083008242246F1F7BDFE304648
:102E800039462246F1F7B8FE28463146009A02F04C
:102E900047F905B0F0BD1F2070470000F0B591B0B4
:102EA00005460F4F3A686432002420212046FAF785
:102EB00043FC002801D01F240EE001AE4022304622
:102EC0002946F1F799FE38686430064A3146F1F731
:102ED000B5FEC01C00D11224204611B0F0BDC04682
:102EE000240E002081BD05101CB501AC2046F1F771
:102EF000B9FE20881CBD000080B506480089163048
:102F000080B203F03DF8044800685C21012242547D
:102F100080BDC0468C0C00201C0E002070B5114CEA
:102F2000A07A2421F8F7D8FF0F490B6800221D462C
:102F300050351E4648369A64DE641A655D65A47A8B
:102F4000002C0CD002620B685B6D186001230370CB
:102F5000054620350B685D652430641EF0E79A65F0
:102F600070BDC0468C0C00201C0E00200448006878
:102F700000680189C0684088401A80B27047C04626
:102F80002C0E00200D4909680A6872B60621515EB0
:102F9000002905D5032802D162B600220BE00021EA
:102FA0004300D25E002A01DC0A4600E08A180328AA
:102FB00000D10A4662B690B27047C0462C0E00207F
:102FC00080B5818902F0ECFF80BD0000811E1E29C2
:102FD00016D800207944097949008F4418170F1733
:102FE00019171B171D171F17211723172517171739
:102FF00027172917171717172B172D0001207047B0
:1030000052281BD0D22801D10A2070470F207047C8
:103010000220704703207047042070470520704746
:103020000620704707207047082070470B20704724
:103030000C2070470D2070470E2070470920704704
:10304000BCB5002B0FD01C466B4699705870012000
:1030500018701A71080AD870A189052520462A46D9
:10306000FDF704FA6580BCBD0022CA6142681160A8
:103070001C314160704710B50446C068002815D067
:103080004188091D89B2FDF7B2F9E168608902F053
:1030900097FF002808D1628921890020FDF760FA96
:1030A000A08801218843A0800020E06010BD70B599
:1030B00014460D4606468089401C81B23046FDF715
:1030C000DEF92880B089C01C81B23046FDF7D7F9FF
:1030D000208070BD70B50D4604464689042E00D090
:1030E0000626002A05D0FBF76FF8002802D003203F
:1030F00000E0002071198AB22189FDF7A3FF0028A2
:1031000000D0868170BD000070B509490A68602151
:10311000535A00210225074C8B4206D0566E765B2F
:10312000864203D20835491CF6E7214688B270BDB5
:103130001C0E0020FFFF000010B50A460146007C6F
:10314000202804D0102805D10C31022403E00C31D2
:10315000042400E0102410462246F1F74DFD2046DD
:1031600010BD80B502F042FF002801D0408880BD2C
:10317000002080BD80B502F071FF0549884205D06E
:10318000C00004490968496E081880BD002080BD50
:10319000FFFF00001C0E002080B5017802220A43C8
:1031A000022A02D102F070FF80BD408880BD10B5B8
:1031B0000C4600F009F8616889698B688A880221E9
:1031C00000F014F810BD000007490968343109689F
:1031D000002904D00A89824203D01031F7E7FF208A
:1031E000704708787047C0461C0E002010B5484351
:1031F000C408A4B2944201D9002010BD0722104097
:103200001A5DC2402020411A0020C043C84010402F
:1032100010BD000008490A68516E6223D25AD200DC
:103220005218083A824202D3401AC00801E0002036
:10323000C04380B27047C0461C0E002010B50C463B
:103240000146020A12200E2A11D81A2C0FD8012288
:10325000A240084B1A420AD0084602F02FFA002872
:1032600006D02121C9004018214602F012FF10BDEE
:10327000022010BD2000080470B5104800683421F9
:10328000405C742141430E480268A432002003468A
:10329000994212D01468E518AC7A6426AD5DED074A
:1032A00004D16034E4B2512C04D205E05034E4B2CD
:1032B000412C01D37433EBE7012070BD100E0020C8
:1032C000300E002080B50320F1F70BF880BD10B55B
:1032D00002F0EEFE0024002806D102F001FF0028D3
:1032E00002D102F00FFF0124204610BD10B509499C
:1032F0000A686021535A190409D0516E9CB2E40047
:10330000611808390C785B1E8442F4D100E000217A
:10331000084610BD1C0E0020064800686021415A76
:10332000002905D0406EC9000818801F008870472A
:10333000002070471C0E0020F0B585B017460490A1
:103340001C4D28686024065B024660325288964213
:1033500017D202940393002917D001970846FFF76C
:1033600059FF441C2868B1B2A2B291420BD3C900E4
:10337000406E4018014608390822F1F73DFC761EE0
:10338000F0E7002712E0019F00E03446406EA1B252
:10339000C900049A42544018039A42602868029B6C
:1033A000C25A521CC252406E40184780384605B07F
:1033B000F0BDC0461C0E002010B50446FFF787FF85
:1033C00000280AD02046FFF7D5FE0146122000292A
:1033D00002D00A78002A02D010BD0C2010BD084689
:1033E00002F052FE0146204602F0A0FE06480068A8
:1033F0005C21425C0223134343540A20F6F710FA7F
:10340000EEF7F0FB002010BD1C0E0020B0B50D46FD
:103410000446FFF7C1FE6168C98A002908D0C0438D
:1034200008186188401880B2A84206D30020B0BDB9
:103430000020FFF75BFFA042F8D00C20B0BD0000D9
:10344000F8B50E460446FFF742FF002875D0122556
:10345000002C73D0207D802801D010286ED1102838
:1034600008D1218A29221202921C914202D1A1691B
:10347000002963D0A1782422114203D06278D21FA0
:10348000092A5BD8102815D1208A2F4A8218052ACC
:1034900010D801239340312213420BD02278012A05
:1034A0004CD100294AD129210902884202D1A069C0
:1034B000002843D03046FFF75DFE00283ED0074687
:1034C000007802283AD100252846314602F070FEE5
:1034D000002835D02E460121FFF798FF0546002829
:1034E0002CD13846FFF758FE0546FFF743FE01464C
:1034F0006D1CAAB204202346FFF71EFF854221D18E
:10350000207D10280BD1208A29210902891C88429C
:1035100005D1A069828880680021F1F771FB0B4812
:1035200000685C21425C0223134343540A20F6F7EF
:1035300077F9EEF757FB354600E00C252846F8BD35
:103540008625FBE78725F9E700D7FFFF1C0E002043
:1035500010B50446FFF7BBFE00281ED02046FFF73B
:1035600009FE01461220002916D00A78022A13D13A
:10357000084602F089FD0146204602F0D7FD0848C2
:1035800000685C21425C0223134343540A20F6F78F
:1035900047F9EEF727FB002010BD0C2010BDC046F8
:1035A0001C0E002070B586B014460E46054601A8D4
:1035B00010491422EEF78EFF002E07D101200E498C
:1035C00001AA02F00DFE0646002810D02846FFF79B
:1035D000FBFD7168096A8B680849C97A49084A1C69
:1035E0000421FFF703FE204201D0002000E08120EB
:1035F00006B070BD84170410FFFF00008C0C002083
:1036000070B5154604461A4800685C22805C820743
:103610008120002A29D4A288120626D4481E80B20E
:10362000FFF7A8FD002810D04168097829421DD075
:1036300002F0F6FD00280AD006462189032202F096
:103640001FFE002805D0C02070BD122070BD86204E
:1036500070BD102D01D0022500E0012520893146E2
:10366000FFF7A5FD054201D0002070BD0C2070BD04
:103670001C0E0020F0B58BB00A9314460D46074689
:10368000FAF700FE002812D00646049780880C271F
:10369000410700D583E0022C01D180077FD4029539
:1036A0000394109C0A9B012B03D8032503E01227E7
:1036B00075E09800451CA01C1946002904D002881A
:1036C00055190830491EF8E7F088022B02D3A9B239
:1036D000814264D803998A1E511E8A41A9B281424F
:1036E00000D30546A9B230460691FFF7F3FC002847
:1036F0000ED0074603980228079701960FD1B98983
:103700001D22384602F037FE0A9801280FD04EE0FD
:103710000820F6F785F8EEF765FA88273FE0B989C3
:103720000A9801283ED11B22384602F024FE228846
:10373000B889401C81B2384602F02AFE6368B88915
:10374000E91E8AB2C01C81B23846FCF78FFE07988A
:103750004580039D022D0CD101200499029A02F0AC
:1037600021FE0028019C0CD007460798FAF7FEF9C5
:1037700015E0E807019C04D0079A107A082101435C
:1037800011720298079902F01BFC0746022D06D120
:10379000002F04D1A08802210143A18000273846D0
:1037A0000BB0F0BD2322384602F0E5FD0A98A71CB5
:1037B000012105950028CAD00A90079DA8894018C4
:1037C000089181B2BB1E022428462246124EB04701
:1037D000A889089E3018801C81B228460994224688
:1037E0003B460D4CA047311DA88940188EB2069962
:1037F0008A1B39888A4200DB0A4609997B5881B2C4
:1038000094B228462246044DA847A11908370A98C1
:10381000401E059DCEE7C0466D040510F0B589B089
:103820001F4603920E460546FAF72CFD002845D0A8
:103830000446C068002841D002970F9801900E9866
:1038400000901F48076838373F68002F0FD038882E
:10385000A84204D13846FAF710FDB04201D01C3717
:10386000F2E7174800683830394601F0D5FAE068C9
:10387000FFF7A6FB411E0298002813D0C8B21E28ED
:1038800007D04022114004D1E3680399029AFFF760
:10389000D7FB2046FFF7EFFB002F0FD03846FAF793
:1038A00065F90BE004A8009A828141700121017042
:1038B0000199089106940597FAF7F6FC09B0F0BD56
:1038C0001C0E0020F8B5054681884088FAF7DAFC1E
:1038D000002808D0044628781E2806D1A188490669
:1038E00039D40C2697E1022695E1410606D4CC494D
:1038F000CC4A0A60A188890600D571E1E188821E60
:1039000086261E2A00D995E0032752007A44928821
:1039100052009744220080011E008001A300800114
:10392000A6008001220080011E0080019800800115
:10393000310180019400800180018001AD0080018F
:10394000B0008001800180018001800121008001A0
:103950009800052701E0E18801277F2210405238B6
:1039600042424241B8B2884200D30F460097BFB2EC
:1039700020463946FFF7AEFB00282ED006462A78AF
:10398000818902F023FD2878811E16292CD8490050
:103990007944898849008F4416000D0170000D019B
:1039A00077000D0193000D01A1000D01AA000D018A
:1039B000BA000D01C0000D012F000D010D010D0118
:1039C000CE000D01E6009848028AB089401C81B201
:1039D000304602F0DDFC0320EBE00820F5F720FF85
:1039E000EEF700F9882616E1202800D1CAE0522817
:1039F00002D0D22800D0DDE02A89B089401C81B2F3
:103A0000304602F0C5FCEB686A89B089C01C81B2FF
:103A10003046FCF72BFD2878122800D1B8E0D228D8
:103A200000D0C7E000980C3870802089314602F041
:103A3000DAFCBFE0522802D0D22800D0EBE0D22836
:103A400008D0032207E02A7A5200571C8F4200D880
:103A500083E7E0E00F226B899F187EE7EA89D71D94
:103A60007BE7EA68127C802A00D089E0152774E79A
:103A7000AA89571D71E702276FE76A8929893046AD
:103A800002F0E1FC052094E06A892989304602F0C1
:103A9000DAFCAA89B089401D81B2304602F078FC78
:103AA000E889C01DB84200D80746F81F82B22B69CA
:103AB000B089C01D81B23046FCF7D8FC072078E001
:103AC0006A892989304602F0BEFCB089401DEB6846
:103AD000197C80295ED181B210225EE02A89B089EA
:103AE000401C81B2304602F053FC0B2061E02A8971
:103AF000B089401C81B2304602F04AFC6A89B08924
:103B0000C01C81B2304602F043FC0D2051E0284633
:103B1000314602F0AAFC0F204BE06A892989304621
:103B200002F091FCB089401DEB68197C802939D1E5
:103B300081B2102239E02A89B089401C81B2304616
:103B400002F026FC6A89B089C01C81B2304602F0BE
:103B50001FFC2B69AA89B089401D81B23046FCF751
:103B600085FC172025E02A7AB089401C81B23046B6
:103B700002F02CFC19201CE0EA68127C802A4CD050
:103B80000727EAE62846314602F06FFC212010E0C4
:103B900013200EE081B20C3302223046FCF766FCA3
:103BA000092006E081B20C3302223046FCF75EFCAD
:103BB0001120A070009870802A78B189304602F0F8
:103BC00005FC2878410611D41E280FD0628921896E
:103BD000032002F0E7FB002804D03046F9F7C6FFC7
:103BE000842618E0A08820210143A1806089314605
:103BF00002F0E6F9002801D081260CE028780026A2
:103C00001E2808D1628921890220FCF7A9FCA0881E
:103C100040218843A0803046F8BD11279DE6C0466C
:103C20006C0700207D8305108C0C0020B0B50C467D
:103C30000546FCF7EBFB014620600220002D09D071
:103C4000002907D00879002803D089780620084089
:103C500000D00C20B0BD0000FEB50C46011F06468A
:103C6000022921D8628800252046294602F090FBCF
:103C7000022720463946324602F08AFB2582E5813A
:103C8000257360686061A0616088001D6080207A93
:103C900038432072204602F0F4FB002814D06088DC
:103CA000001F608081250FE0A0253F280CD0203820
:103CB0005F2809D801A886802221044A515C8171BD
:103CC000019402F0E8FB05462846FEBD8C0C00205E
:103CD00088710879C8718878062202438A70704713
:103CE00080B502F0DBFB80BD014800210170704708
:103CF000470E00201CB50346064C20785021009149
:103D000000210A46F0F7A1FA0121217002F0E0FB40
:103D10001CBDC046470E0020E0B5022801D3FF2895
:103D20000DD1002200926B4618700192581C062299
:103D3000F0F762FF0199009802F0D8FB8CBD1220C9
:103D40008CBD00228262024628320B68002B04D010
:103D50004B68C36218604A60704705C10839C16288
:103D600070477CB50D4604468069E1690190009179
:103D700020694669002E05D0606A01AA6B46294673
:103D8000B04700E00120012D08D1A169A268E368D5
:103D90005118C943009A5118C91809D5012801D1F1
:103DA00001207CBD0099E161022802D10198A06147
:103DB00002207CBD4178427D521CD3B28B4200D898
:103DC000114641757047B0B50A68002A09D0C36929
:103DD000DC431346002B09D0DD692D190ED59B6AF3
:103DE000F8E7002282620860C16204E00022826279
:103DF0004A68C262106028304860B0BD9A4207D05D
:103E0000D96A8362C162D96A08602830D862B0BDBD
:103E100003462833D36282620860C162B0BD0000ED
:103E2000FEB50091002800D1EDE005462E46AD6AB2
:103E3000002D00D1E7E0B069B1680A18EF69D01B26
:103E40008230714801684C6965D4F369A64201D09B
:103E5000029308E0D843019434464E680296301825
:103E60002646019CF4D4687D737D83425FD304D1E0
:103E7000307DC0070BD1002728E0AC4201D101F012
:103E8000C7FAE87D08210143E975012728E0029877
:103E9000391AF368994206D2287DC00705D1EA7D18
:103EA00000210F4608E0002709E000202862E87D95
:103EB000022202430127194608201043E8753162A7
:103EC000F07D02210143F175A64204D0AC4207D136
:103ED00001F09EFA04E00298F061304602F042FBE5
:103EE000287DC00714D1307DC00711D16878697D65
:103EF000491CCAB2824200D8084668754248016827
:103F000018312846FAF7B0FF2846FAF7B7FF3546CA
:103F1000002F8CD18AE7A54205D1F068316A814231
:103F200001D301F075FA009800286CD07EE7307D4F
:103F3000C00717D1A6422F4600D0374678787A7D41
:103F4000521CD3B2834200D81046787518313846D7
:103F5000FAF78AFF3846FAF791FFA64200D02E46BC
:103F6000354663E702983F1A833F00D20027306A44
:103F7000874200D30746F06887421ED2D043AA6921
:103F80001018AA68801825D4A64207D1487840079F
:103F900033D401F03DFA1C480168737D70785A1CD7
:103FA000D3B2834200D81046707518313046FAF704
:103FB0005BFF3046FAF762FF38E73762F07D022197
:103FC0000143F175A64212D0AC4200D02EE701F0B9
:103FD0001FFA2BE700203062F17D02200843F075C4
:103FE000A64202D101F014FAF07D082108E00298FF
:103FF000F061304602F0B6FA18E73762F07D0A2128
:104000000143F17512E7FEBD280E00207047000045
:1040100070B5044600280AD0A07802F0BDFA16490F
:104020000D682E460836002805D0297B07E0124887
:1040300005682E460836297B10291BD30020FF2255
:1040400002322A8200010906090F40182873002C49
:1040500001D0E06901E002F0B3FA3060287B0F2163
:104060000140E889C840C00704D00020F5F7D8FB1C
:10407000EDF7B8FD70BDC046240E002010B5044613
:104080008069E169A2681018401A2062E07DF5217C
:104090000140881CE0750648016818312046FFF78A
:1040A00092FE204602F096FA0021FFF7B9FE10BDFD
:1040B000280E002007490868002801D0002070471A
:1040C000054807229043086004499143091A01609A
:1040D000704700BF080E002087F2002000F4002087
:1040E000F8B5284A927E12258A4225D9002800D1A7
:1040F000014614224A4324480068436D99184C78BD
:10410000A006C60F0020002E02D01027274014D191
:10411000002E02D1082634400FD19E5C4C6888895D
:10412000214602F06FFA1949884208D000198178B7
:1041300048070BD4D42000E02846C0B2F8BD032EB7
:104140002846FAD8F1001248C840F6E7032E284660
:10415000F3D8C0467E4436797600B74401060D0197
:104160000320014005D10846E7E70320014001296B
:1041700006D02B20C043E0E7032001400229F8D1FC
:104180000020DAE78C0C0020180E0020FFFF000052
:1041900000D4D400BCB50D4D28685F21405C800779
:1041A00001D40C240FE06C46204602F043FA20466E
:1041B000F7F78EF90446002805D12868663069466D
:1041C0000622F0F719FD2046BCBDC046180E00209F
:1041D00010B504460220012102F056FA002800D052
:1041E00010BD012C01D9122010BD204602F05AFA50
:1041F00010BD000070B50346002900D10A462948C9
:104200000068416D012B0CD114235343CA5C012A71
:1042100033D0022A3ED1CA189478042020439070EB
:104220003AE014235343C9188E1C8978890721D595
:1042300000242146FCF714FA1B4800684721405C23
:10424000C00717D019480068806946220225294610
:104250002B46F8F743FA00280CD001468571C4714B
:104260000472FF2048718220087104204872284699
:10427000F8F790FA0020307070BDC9184A788B7832
:10428000134302221A438A7000210122084BF8F7D7
:1042900099FA70BDC8188078C9184A7802438A70A4
:1042A00070BDC046180E0020240E0020140E002001
:1042B00020BF0200B0B502461048006805465A35D6
:1042C000002908D1A97889060024890F14D06979BA
:1042D00002230B4010D0002A01D0094B03E07D21BE
:1042E000C9002B884B43012421462246F8F76AFA7D
:1042F0006879FD21014069712046B0BD180E00208B
:10430000307500007CB50D4C25685C20285C80066B
:10431000800F12D05C35E878022630400DD101A81C
:10432000694602F0D9F96978014306D1E87830434B
:10433000E87020680121FCF793F97CBD180E00207D
:10434000084800685C21415CCA0606D4890606D488
:104350005C30C1780120084070470120704703207D
:104360007047C046180E00200146103905290AD8AA
:104370000020C0467944097949008F4402080A099F
:10438000080C032070471D2801D10120704705202B
:1043900070470220704704207047F0B589B01D4671
:1043A00016460F46049002200124214602F06CF9C3
:1043B000002850D103971220042E4CD80290EEF71B
:1043C0007DFA012E03D8002801D1112043E0119875
:1043D0000090109801900F990E9805AF3872FD71FA
:1043E0003E71039878800498388038460930062258
:1043F000F0F702FC0099B9710198787138790428B6
:1044000001D0012804D105A9097A022902D321E0AB
:1044100003291FD801280ED102F096F905A9C97900
:10442000814217D805A840794007029813D005A803
:1044300002F08CF90FE005A8008820280AD3A10318
:10444000884207D805AA5288202A03D38A4201D875
:104450009042E1D9029809B0F0BD0000F8B50C46D1
:10446000054601F06FFA074602F0E8F90D4E3046B6
:1044700002F002FA0C4988420AD102F019FAFF2828
:104480000DD047218900414338684018AA2146527F
:10449000032130462A46234602F020FAF8BD0120C7
:1044A000F8BDC046FCFF0000FFFF000003480068A5
:1044B00000210174C18101737047C046240E0020A1
:1044C00080B500BF00BF024A11001820ABBEFBE759
:1044D00026000200B0B50446F6F726FC012806D1F6
:1044E000FF25DC3502F06AFA405DC00706D102F014
:1044F000A5F90348214602F069FAB0BD0C20B0BD11
:10450000FCFF0000002908D0002809D08BB2202B26
:1045100004D3006820390B04F6D1002111807047C4
:1045200000207047F8B504460588F9F7A6FE014655
:104530002846F9F7A7FE0546204602F089FA1D280D
:1045400003D0232801D01B280ED16188EA8891422C
:1045500005D8032903D3232867D1042965D8204629
:10456000F9F704FB0020F8BD204602F071FAA98893
:104570008A066ED5012802D0AA78904269D12020FF
:104580008143A9806A89298903263046FBF7E8FF21
:104590006188E8880091814200D99AE0204602F0C3
:1045A00057FA421E0121CA410023102A00D988E08F
:1045B00092001F4601A39A583B4697467346051042
:1045C0007746051083460510A146051001460510E3
:1045D000C9460510C9460510C94605100146051013
:1045E0006F460510C34605107B4605106F46051043
:1045F000C3460510C3460510C3460510C94605103D
:10460000092802D1009904295BD3112802D100980E
:10461000062856D3A089401C81B2204602F01DFA1C
:104620003B4600284DD0014643E01D280DD1A88807
:10463000400612D46A892989022001F0B3FE0028BD
:104640004CD1A88840210143A980204602F015FAE8
:10465000F8BD204602F081FAF8BD0835422003215A
:1046600002222B46FBF71CFF002837D177E70B46C9
:1046700027E0052325E0334623E0009B042B1FD9C8
:104680001FE0009806281CD3A089401C81B2204658
:1046900002F0E3F901280BD002281AD1122108E018
:1046A000009802280DD3009B581E800708D108E00F
:1046B0000421009EB01EF4F793FA0029334600D07F
:1046C00000230098984204D1074801682046884793
:1046D00002E0204602F054FA842801D18420F8BD7B
:1046E0000020A870F8BDC0466C070020F0B587B068
:1046F00004460588F9F7C1FD01462846F9F7C2FDD1
:1047000005462046FEF75CFC0646FEF75FFC0F28D8
:104710001AD11E2E48D04020304045D1052100221C
:104720002846FEF7D7FC002845D007460021062280
:1047300030463B46FEF784FC6889394601F040FC70
:104740000746002834D12FE0019500251E2E2F4664
:1047500016D0402006402F4612D1019B9888C007F2
:1047600018D15A8919890026304601F01BFE0746E8
:10477000002805D1019A9088012101439180374694
:1047800002A8058006950595019904910394F9F70F
:104790008BFD0DE00833422003210222FBF780FE4F
:1047A000002801D0842703E02046F9F7DFF900272D
:1047B000384607B0F0BD8827FAE7000080B5827A56
:1047C000DD2A23D18A1F042A1ED8D2217A441279E5
:1047D00052009744180211070A00817C8A0702D50B
:1047E000D32110E0817C49070CD46421415CC907C6
:1047F00004D1FDF7B7FF80BDD42104E00121F9F712
:10480000B8F880BDD5218172F9F700F880BD00208D
:10481000704700207047F0B585B01E4604920D46E3
:104820000746FBF7F3FD00280FD0044603964079B6
:104830001226A8420AD10499022907D8A078800735
:1048400007D4012907D0042006E00226304605B02F
:10485000F0BD0C26FAE70220002900D1084602909C
:10486000821D0026304639460192FCF7EBFB0028FA
:1048700027D0074640680121017278684572029886
:10488000801C82B20621384601F082FD082138469C
:10489000049D2A4601F07CFD002D05D00A213846F2
:1048A000029A039BFBF7E2FD0198788005203946C8
:1048B000FFF7D2F9002806D03846F9F757F98126D4
:1048C000C4E78826C2E7A671A078FB210140A17049
:1048D000BCE70000F8B503461424444315480068BB
:1048E000C56A2D19AC7866078624002E20D5AE79CE
:1048F000761C8E4201D001291AD1AE1CAF1D002AB0
:1049000004D0E979914201D1002400E01224194633
:10491000FBF7A6FE00203870E8713078FB210140DB
:1049200031702879411CC8B2884200D0012028711A
:104930002046F8BD200E0020F8B515460E46044668
:104940005068407A009006211046FBF798FD074614
:1049500008212846FBF793FDB91EE1726072009AA8
:104960002272320AE271A671000AA072CAB2A88944
:104970000C34801D81B228462346FBF763FDF8BD49
:10498000907151719078042101439170704700003B
:10499000F0B585B01746039104465068407A0490FC
:1049A0000621164D1046A847029008213846A84710
:1049B00001900A213846A84706460C213846A847E8
:1049C0002A4605460E21384690476074290A21740C
:1049D000E573310AA1736673019A110A2173E272B9
:1049E000029A110AA1726272039A110AE171A2710C
:1049F00004992172000AA07405B0F0BD7F0405106F
:104A0000FEB58124002832D006460291019419484F
:104A1000006800680090501E1F2101434C1CA7B283
:104A20003046FBF7D8FC054687420CD9601B81B2A3
:104A3000029800F02FFD0028019C18D00146304656
:104A4000FBF70EFD12E0AF4210D20098C06831466D
:104A50003A4602F0AAF80446781E4009691E490940
:104A6000081A81B2029801F0ADF800E00024204657
:104A7000FEBDC0462C0E0020F0B581B00D460646A6
:104A8000002A08D0002E2AD090B2202806D33668FB
:104A9000203A1004F6D1002E21D00022002B20D085
:104AA0002020841AA0B299B2884200D31C46A7B233
:104AB00090B23018011D28463A460093F0F79CF852
:104AC000009B1B1B180404D0ED1936680022002E31
:104AD000E6D198B2002805D07E20C04302E08120B4
:104AE00000E00020C0B201B0F0BDF0B581B00646D4
:104AF0005009040604D0002E2DD03668401EF8E779
:104B00001C465B1E20469841002C1FD0002E1DD055
:104B10001F2002402020851AA8B2A3B2984200D3D9
:104B200025460095AFB2B018001D3A460D46F0F785
:104B300063F80098241AA1B24A1E08469041002941
:104B400004D0E91936680022002EE3D1002803D0F2
:104B50007E20C04300E08120C0B201B0F0BD000063
:104B6000084A126834321268002A07D01389834237
:104B700002D153898B4203D01032F4E7FF207047F3
:104B8000507870471C0E0020F0B5A1B0042900D069
:104B9000DEE0074602F02EF86E4C6F4E012800D082
:104BA000A0E00BAD6D4914222846EDF793FC10A848
:104BB0003446002644223146F0F722F801202146EF
:104BC0002A4601F00DFB00280FD004463846FEF7B8
:104BD000FBFA6168096A8B686149C97A49084A1C0D
:104BE0000421FEF703FB10A908740421049738463A
:104BF000F9F748FB10A9097C012903D18088C00579
:104C0000800F06D157480168833110A81022EFF7B2
:104C1000F3FF01200390F9F719FC054610A81230A4
:104C2000029005964B4C002D34D0B7B2632F31D88B
:104C3000287804280BD0022827D16868017D102924
:104C400021D1008A494988421DD103981CE0686837
:104C5000017D102919D1008AA04216D10498294655
:104C6000FEF7A5FA044602980090E2B20221322330
:104C7000384601F0C5FF0598012801D110A84474F9
:104C8000761C344C01E0002005902846F9F75CFDC5
:104C90000546C8E7012109AA08AB049F384601F080
:104CA000C5FF00281CD1B0B240002F494018800831
:104CB000133082B208A8017809A810AB01F0ECFF0C
:104CC00000280DD0044606AD09A906222846EFF7B4
:104CD00093FFAC714220042107222B46FBF7E0FB37
:104CE0001D4E1C4C0120F9F7B1FB0546002812D0DF
:104CF000287804280BD16868017D102907D1008A23
:104D0000A04204D100223846294601F0F7FF284688
:104D1000F9F71AFDE9E710AC104914222046EDF727
:104D2000D9FB01203146224601F05AFA00280FD063
:104D300004463846FEF748FA0949C97A6268126A99
:104D40009268009249084B1C0421002201F058FF90
:104D500021B0F0BD02290000FFFF000084170410FD
:104D60008C0C00201C0E0020FEFF0300052A000012
:104D7000F8B50D46064600921468002C11D027465F
:104D8000E4693888B042F8D13846F9F776FAA84293
:104D9000F3D10098394600F03FF83846F8F7E6FEC0
:104DA000EBE7F8BD70B51A4A126814464834002380
:104DB0002468002C0CD06588854207D1A5888D42D7
:104DC00004D1237818251D43257001232034EFE7F3
:104DD000042916D1916D0D46002D0BD02C46AE68DE
:104DE0000025002EF8D0B58885423546F4D1B56847
:104DF000A560F1E7002904D08C88844201D188683D
:104E00009065002B02D003480068804770BDC04603
:104E10001C0E00206807002003688B4209D01A4648
:104E2000DB698B42FBD1CB69D361002B07D11C32EC
:104E300004E0CA690260002A01D1024642600020F3
:104E4000C861704710B542788A4207D1017D0024BD
:104E5000002909D00830EFF725FF05E04900426A34
:104E6000515EFCF79CFC0446204610BD10B5074B74
:104E70001B681B6872B640001C5AA41A1C524800DA
:104E8000195A8918195262B610BDC0462C0E00205E
:104E900080B50349096866310622EFF7ADFE80BD93
:104EA000180E002080B50349096860310622EFF72B
:104EB000A3FE80BD180E002080B5034909680622B4
:104EC000EFF79AFE80BDC046100E0020F8B50C46E4
:104ED0000720C0430C4E05460835182D10D0316808
:104EE000A827C95908180A3006222146EFF78FFE75
:104EF00000282846F0D13068C059405DC00601D472
:104F00000020F8BD0120F8BD300E0020F0B5A1B0A2
:104F1000044601F06FFE012814D107A84549142565
:104F20002A46EDF7D7FA02A843492A46EDF7D2FA06
:104F300044200F9001210DAA0CAB204601F076FE13
:104F4000002801D021B0F0BD0CA801780DA80FAA4F
:104F500010AB01F0E4FE0028F4D10F984428F1D8FA
:104F60000120364D02AA294601F03AF9002810D056
:104F700006462046FEF728F910A90A7C3049C97A6E
:104F800073681B6A9B68009349084B1C042101F05D
:104F900037FE2C480168833110A81022EFF737FE46
:104FA00000281FD0012007AA294601F019F900287E
:104FB000C8D001F035F90028C4D0054604212046A8
:104FC000F9F760F9818880220A43828010A8427C28
:104FD0002046294601F092FE0B20F4F721FCECF765
:104FE00001FEAFE70120F9F731FA064610AD1235A0
:104FF0000027002EA6D0B8B26328A3D831780429A0
:1050000012D171680A7D102A0ED1098A0E4A914286
:105010000AD1022132222B46FEF7E8F8024620464A
:10502000314601F06BFE7F1C3046F9F78DFB0646DA
:10503000DFE7C0469817041084170410FFFF000034
:105040008C0C00201C0E002002290000704700007C
:10505000F8B50446684600250570F5F761FE00289E
:1050600005D06D462046294601F07CFE2D78F5F7E7
:1050700057FE002802D02648837E00E00123142634
:105080007543244F3868416D4C19A57802222A4097
:1050900002D0A41C002525701131DBB2002B0AD0F0
:1050A0000C78002C04D00C460F3C2478A40726D49E
:1050B0005B1E1431F2E7002A21D000242146FBF7C1
:1050C000CFFA154800684721405CC00717D0134845
:1050D000006880694622022529462B46F7F7FEFA2A
:1050E00000280CD001468571C4710472FF204871FC
:1050F00082200871042048722846F7F74BFB684667
:10510000007846433868406D801900214174F8BD2D
:105110008C0C0020180E0020240E0020140E0020FD
:10512000F0B58FB00292074607A8019010250C4EEB
:105130002A46B0470BAC204639462A46B04703AF53
:105140000026019821463A46334601F029FE02988E
:1051500039462A46024B984730460FB0F0BDC0464C
:10516000F94B0410FEB5144601910646FEF7BCFD4E
:10517000274644372046FEF7BDFD002811D1607850
:10518000C006F7D502AD384601992A46FBF7FAFB6F
:10519000022228463146EFF73AFD0028EAD10020E6
:1051A000FEBD8120FEBD0000F8B50446FF250A487B
:1051B00084420FD00026094F38683421415CF0B298
:1051C000884207D2F6F7EEFE408FA04201D0761C4F
:1051D000F2E73546E8B2F8BDFFFF0000100E0020F0
:1051E000F8B514460646084600F068FA2E214156E6
:1051F000002905D42C300078022803D1122518E0AC
:10520000022516E0CFB200253846294601F0CCFD34
:105210003846294600F02AFA01462B30002E01D0EC
:10522000057006E001220270103110222046FDF7C1
:1052300068F82846F8BD00001F21014001228A407D
:1052400072B60549096840098000081801691143D0
:10525000016162B67047C046340E0020FEB5019170
:10526000032002900027304A3D4616461068A824C5
:105270000059C019801C06220199EFF7C8FC0028CC
:1052800031D002980328324609D110680059C05D18
:105290008006800F01D0032000E0E8B202900837BA
:1052A0006D1C032DE1D110684125415DA830022914
:1052B00036D80299CF000068C019801C1646062215
:1052C0000199EFF799FC306800591021C1550298F7
:1052D000C2B200200121154BF8F7A4FC3068415DF3
:1052E000491C4155FEBD30680059C35DCF211940AE
:1052F000103103221A40531C032A02D0DC2421401F
:105300001943C155032A00D1134609A0C05C7D2171
:10531000CB004343EAB200200121F8F783FCFEBD35
:1053200001210172FEBDC046300E0020B80B000006
:1053300003050A14F0B589B0154608AA00261670B0
:10534000002D06931A4600D12A46070C47401198B3
:105350000790002D04D10023069801281C4638D858
:1053600010980590794051400C46022E07D8A0B203
:1053700001F02AFD11214143CC19761CF5E72046A6
:10538000784086B23046FBF72FFC242815D8C10898
:10539000059A525CC900411AC9B2CA40D1070CD063
:1053A00008A90870079A511C127800239A420DD060
:1053B000CE5C86420BD05B1CF8E707990878464321
:1053C000330CC818407808A9087000E02523002D88
:1053D0000ED10F990E9808ADBAB2009001920798BD
:1053E00002900395A2B2DBB2069801F00FFD287877
:1053F00009B0F0BD80B5054800684069002800D0BC
:1054000080BD00200146F9F7CFFD80BD280E0020A9
:1054100080B501F0FCFC0748006841690022426148
:105420004278EE2313404370C87D01220243CA75BF
:1054300080BDC046280E00200B4909680A46183274
:105440001368002B04D01A4628328342F8D107E0B3
:1054500028310A68002A05D0114628318242F8D145
:105460000120704700207047280E002084214058FA
:105470000188012008407047002070472C2805D87B
:105480000321414302484018807870471420704738
:10549000DCE90510F0B585B01E4A1268146872B6D2
:1054A0000622A55EEA172F4697431B4A03918918E7
:1054B0004E09711C049100220328029001D110466C
:1054C0000EE04100635E012B09DB0498191A484283
:1054D000019009B2C81301990840DF1900E004984F
:1054E000E368995E36B2B1420FDD39B2B1420CDDEC
:1054F000281AE08002984000215A049A891A215201
:105500001846039901F08AFC024662B6104605B0BF
:10551000F0BDC0462C0E0020FFFF1F005721890060
:1055200041430548006890228058C06B406840188D
:105530002121C90040187047240E002080B513684F
:105540008B4204D01A465B6C8B42FBD144324B6CCD
:10555000136001F087FC80BDF0B587B00F460146AF
:10556000007900260C9C00282FD003900868049135
:105570004968059206AD009301953A46059B01F0F6
:10558000A3FC002821D0029005940D9A049C236866
:1055900006A90978CD005B19DB7913700398401ECA
:1055A0000390C0B2814223460BD01D68CEB2F600F4
:1055B000AF19BA68FC68AA517C60491CCAB2824221
:1055C000F3D103981871029E059C267007B0F0BDB8
:1055D000F8B5112109010A464C3200904243511896
:1055E0001448026890241259D26B52680225002D8B
:1055F00012D006683659F66B766800277750561831
:10560000B31E1F70331FFF271F80083E7D235B04DE
:1056100033600C316D1EEAE7572189000098414341
:1056200050182521C900FF22425449218900002237
:105630004250F8BD240E0020F42100224250F430E4
:10564000012109044160704710B5002306A11A46E4
:10565000042B03D08C5C531C8442F8D1042A01D360
:10566000002010BD012010BD0100161F572292001E
:105670004243074800689023C058C06B40688018B8
:105680000C224A4380181121090140587047C04636
:10569000240E002041424841704710B50C244C4371
:1056A000FFF73CFF001941790120084010BD882117
:1056B00040580088C005C00F7047000010B5014673
:1056C00000200D4A914215D00C4A12683423D25C56
:1056D000521C0B4B1B6890241B59DB6B5B68521EE2
:1056E00008D05724A4001C195B8F8B422346F6D1A7
:1056F0000448201810BDC046FFFF0000100E002017
:10570000240E0020A4FEFFFF10B50C4601F040FC63
:10571000C108C9B201290AD80722104061188322A2
:105720005200895CC140C80701D0012010BD002093
:1057300010BD70B514460D460646FFF7AEFF0028B3
:1057400007D030462946FBF7D7FD011B48424841A8
:1057500070BD002070BD0000F8B5009000231380DC
:1057600010480E2B1DD007251E462E401F06FF0E8B
:10577000009CE719832464003C5DF440E4070DD0ED
:10578000068835400124AC40F508EDB24F5D274353
:105790004F551588B54200D835461580801C5B1CD6
:1057A000DFE7F8BD2CD50510FEB50546C00633D49D
:1057B00017461C4800683622825C002492062CD5CD
:1057C0003630407A000728D50191029316480068C8
:1057D0006907C90E40180069252204232946009351
:1057E000F6F77CFF00281AD00646477201983072FF
:1057F000380AB07230460B3008220299EFF7FCF9F4
:105800000099F1710C20B0713E2070713171284601
:105810003146F6F7BFFF00E086242046FEBD072490
:10582000FBE7C046240E0020140E0020FEB50546FE
:10583000C00638D416461E4800683622825C002412
:10584000920631D53630807B40072DD501910293E9
:10585000184800686907C90E401800693E224123B4
:1058600029460092F6F73AFF00281FD0074609990B
:1058700008987E7238730298F87201983872300A6C
:10588000B87238460D30F822EFF7B6F92B20F871D0
:10589000FE20B87100987871042038712846394686
:1058A000F6F778FF00E086242046FEBD0724FBE7DC
:1058B000240E0020140E0020B0B51F22D443084A45
:1058C000234608330AD014192025645D84421C46FF
:1058D000F7D1D018C26908469047B0BD0120B0BDCD
:1058E0003818041080B508468978C91CF9F700FCFF
:1058F00080BD80B50846C978027912025118491D49
:1059000089B2F9F7F5FB80BD80B508468978C27881
:1059100012025118091D89B2F9F7EAFB80BD000097
:10592000D2B2203A03D30100914000207047524286
:10593000D0415242203291404140D04090404140BD
:105940007047000002480068902140587047C046E8
:10595000240E0020F0B589B015460F46044606799E
:105960000068616808AA009301923A462B4601F04C
:10597000ABFA00210F9B0E9A0028079226D10697BA
:105980006779BE4222D202930390049508A9087851
:10599000059686420DD0059F2268FDB2ED0056198E
:1059A0003346083B0ACB515173607F1EF9B28142E6
:1059B000F2D12168C000069A0A5008180499416083
:1059C0000598401C207101210398029B089A079CAE
:1059D00022701870084609B0F0BD0000C021414394
:1059E00005480068902280584068982280580068D6
:1059F000006840187047C046240E00200248006826
:105A000090214058006D7047240E002080B505207D
:105A10000021F6F756FF80BD80B508200021F6F77B
:105A200050FF80BD80B509200021F6F74AFF80BDF8
:105A300080B50A200021F6F744FF80BD10B50B2089
:105A400000242146F6F73DFF0C202146F6F739FFEA
:105A500010BD10B50D2000242146F6F732FF0E20B0
:105A60002146F6F72EFF10BD80B50F200021F6F776
:105A700028FF80BD80B510200021F6F722FF80BDF1
:105A80000001002900D00830C0B27047BCB50A46FA
:105A90000446C11C01AD10462A4601F08DFA0322CE
:105AA00028462146EFF7B3F8002800D08120BCBD7E
:105AB000BCB50024214620460D460094C0B22146C4
:105AC00022462346EEF7C1FBC21C691C0120002AB6
:105AD000F2D1E8B2BCBDB0B594B00446417801251E
:105AE00029403E306A46FCF790FD00280CD16946FB
:105AF00050222046EFF78BF8002808D069464878F6
:105B000028403E3100F095F86078102801D200203E
:105B100002E0204601F06EFA14B0B0BDF0B59DB0C1
:105B20000193009202900CAE102403940125204FA3
:105B3000304622462B46B847304610300099224660
:105B40002B46B84730462030019922462B463C462A
:105B5000B84730463030229903222B46B8473320CD
:105B60002399315430463430249906273A462B463F
:105B7000A047304633302599C17130463B302699D5
:105B80003A462B46A04704AF38460299039A2B4663
:105B9000A047412108AC30463A462346FCF718FDA1
:105BA00027982146039A2B46014CA0471DB0F0BD13
:105BB00071E704100021002802D00068491CFAE7B0
:105BC00088B2704710B50A4A1268126872B643006C
:105BD000D05E4418D4520BB2C318012B02DB4342EF
:105BE000C10B1940D0880818D08062B610BDC046DD
:105BF0002C0E0020F8B514460D46064601F006FAB4
:105C0000671C204601F008FA00280BD1062228461E
:105C10003946EEF7FCFF0028F3D12078B042F0D1EE
:105C20000020F8BDB320F8BD80B50220EEF759FB87
:105C300080BDF0B595B00C460546FEF755F801AEAF
:105C40003E36B32701A8FEF755F8002810D10622EA
:105C500030462146EEF7DBFF01A9497801220A40D0
:105C6000AA42EFD10028EDD1FFF7DEFF0027E9E7D8
:105C7000F8B215B0F0BDB0B5F7F756FF002811D057
:105C8000044600252946F7F79BFD00280BD0A17A92
:105C9000F12905D1A17BCA0702D0890700D50020D0
:105CA000054600E002252846B0BD00000B49096802
:105CB00030228A5C0123134030314A78D207520FD8
:105CC000D218CB78DB07DB0ED21889784B080B4350
:105CD000D907090F511801707047C046300E0020D7
:105CE000F0B524490968027D12010832D2B28B183E
:105CF000B5241C5D0473B6241B5D012B03D1437BCB
:105D000002241C4344730B463633032515430C46CB
:105D1000B434655D01262E40877B374387730426A4
:105D20003540C77B2F43C7731643A55D0574052512
:105D30001543645D6425455DED070ED11D782C404B
:105D400007252C408474062422438918B422895CD8
:105D50005A780A402A404274F0BD5D782540457467
:105D6000062422438918B422895C1A780A40827476
:105D7000F0BDC046300E002070B50446007B617B4C
:105D8000CA0701D08A0704D4E27D120703D5890728
:105D900001D003251CE0E17B0523194213D01D49E6
:105DA0000D684022AD5C43431B4EF3185D5DE57406
:105DB000FF2D0ED1E37D1B0707D4012807D108680A
:105DC000805C012803D1012502E0042500E00225C2
:105DD000E5746420205CC00703D11A2020560028F7
:105DE00012D420460F300078C00704D02046FAF7BE
:105DF0006BFC00280CD0E17D0020090703D5022DA3
:105E000001D10020E07670BD024800683130EAE739
:105E1000032070BD300E00206ED00410F8B5C17C98
:105E2000022910D1C17BEF220A40C27322490968BE
:105E30004022895C0026022910D3042905D00229BA
:105E40000BD0FF260AE000242EE0017B022904D3B8
:105E500004292BD0022901D0F3E70126174909684C
:105E60004722895C842449071ED5078914480068A5
:105E700080690225482203232946F6F72FFC0028D3
:105E800012D001468772042048720D720020C8713A
:105E9000052088710E73FF20487182200871380A2E
:105EA000C8722846F6F776FC2046F8BD6421415CAE
:105EB00001260E40D2E7C046300E0020240E0020FE
:105EC000140E002010B507244480446821720B4949
:105ED00009684024095D44686172012111404268EB
:105EE00091724168CB724168029A0A734168039AC1
:105EF0004A7340680499817310BDC046300E00207B
:105F0000F0B583B001910646002A08D0002E34D0A7
:105F100090B2202806D33668203A1004F6D1002E1D
:105F20002BD00022002B009321D000201D460346D9
:105F30002020841AA0B2A9B2884200D32C46029431
:105F4000A7B20198C11890B23018001D3A461C46FD
:105F5000EEF75DFE00280FD1E01983B202982D1AEA
:105F6000280405D036680022002EE1D100E000238D
:105F70001846009B1B1A00E00346184603B0F0BD0C
:105F800010B504460821F5F7A7FF04490968602207
:105F900000238B52486660314C8010BD1C0E0020DF
:105FA0001CB51F2903D801AA1180406805E040688C
:105FB00001AC2246FEF7A6FA2188401800791CBDE4
:105FC000B0B50C4605464888001D81B22046FAF758
:105FD0000EFA28462146FDF73FFE002804D0204651
:105FE000F7F7C4FD8120B0BD0020B0BDFEB502931F
:105FF00015460022884223D80C4616490F686021B6
:10600000795A00291CD000920191FDF77DF80646CF
:106010002046FDF779F80199491E814200D30146D7
:1060200089B2B2B28A420DD8786ED300C45CAC4259
:1060300004D1C0184368029CA34205D0761CF0E747
:106040001046FEBD0098FEBD03498A4200D10020E3
:10605000FEBDC0461C0E0020FFFF000010B5044628
:10606000FDF752F80649884207D0C200054B1B686D
:106070005B6E9A185288A24200D0084610BDC046F6
:10608000FFFF00001C0E002080B500F0D7FF408805
:1060900080BD80B5828B920708D4202281541620BF
:1060A000F3F7BEFBEBF79EFD002080BD3A2080BDDC
:1060B00010B50A48046838342468002C09D02046FA
:1060C000FCF77EFF1E2802D04021084003D01C347C
:1060D000F2E7002010BD012010BDC0461C0E0020BC
:1060E000E0B501A80221018000900020044B014688
:1060F0000246F8F73BF88638414248418CBDC0461D
:106100006BD5051070B5084D2868846B002C0AD03B
:10611000E669286838302146FEF77EFE2046F7F70C
:1061200025FD3446F2E770BD1C0E0020FEB50D467D
:106130000446FDF7F1F8002834D0AC4232D80646C8
:10614000A0422FD32046FFF789FF04461648844219
:1061500028D0AE4200D32E463046FFF77FFF1349CA
:106160000F686026B95B4A1E824217D90190054626
:1061700002948BB26D1CAAB29A420DD2796EA0B273
:10618000C0000818D20089180822EEF735FD07482C
:106190000768B95B641CECE7029C0198C243A21833
:1061A0005118B953FEBDC046FFFF00001C0E002071
:1061B00010B504460846FCF7A7FF08490968496E70
:1061C00082B2D2008B5CA34205D0421E000410466E
:1061D000F6D1002010BD881810BDC0461C0E00204E
:1061E000F0B585B014460D46F8F730F906460020A4
:1061F000002E12D07188A9420FD86F46304639461A
:10620000F8F736F92046394600F042FF002803D05F
:106210003046F8F799FAE9E7304605B0F0BD0000DE
:1062200070B58AB0054605A810A11422ECF752F902
:106230002878FE2101400024022914D12846F8F7CD
:1062400083FA054600280ED0287802280BD06E4627
:1062500028463146F8F70CF905A8314600F018FF3A
:106260000028EBD12C4620460AB070BDFB349B5F62
:1062700080000080001000000229000010000000D3
:10628000F0B585B015460191014604780027022338
:106290000E20032C1A463E4612D30BD0042C5ED19E
:1062A000486801788C07C9078A0F002C00D54C324A
:1062B000411C02E04868411C0278801C0E78077877
:1062C000012D03D110461840184648D00320032D55
:1062D00002D10821114042D0042D02D104211140E5
:1062E0003DD0052D02D140210A4038D004A903AA8F
:1062F00002AB019C204600F0E2FE022802D1002FF2
:106300000FD12BE0012D00D0FF08052D0BD104A8E3
:106310000078022805D102A8007802281AD10020AE
:1063200019E00E201BE00021002F11D003A80278F5
:106330000520BB0701D5042A11D3FB0701D0032A8E
:106340000DD3780708460AD5022A0AD20F2006E0A4
:10635000084604E0052001210F4000D1384605B071
:10636000F0BD2046314600F0DCFEB62801D000200A
:10637000F5E70C20F3E7BCB514464068202904D3A8
:1063800001AD2A46FEF7BEF8298840180471BCBD4D
:10639000E0B501AB1A70120A5A700222FAF766F8D9
:1063A0008CBD000010B5044608461146FEF7D8FB28
:1063B00080000019C1B2034800680022024BF6F7C2
:1063C00001FA10BD1C0E002030750000BCB514464B
:1063D0004068202904D301AD2A46FEF793F82988A6
:1063E00040180471BCBDF0B589B00E46F7F79CFBB0
:1063F000002825D00546203005A90091FCF7A4F916
:1064000074882B466C33271DB9B204223046FAF744
:106410002DF8FAB201AF009831463B4600F091FEEC
:1064200008372046083081B2082230463B46FAF74A
:106430001DF80C347480E86E401CE866002000E013
:10644000022009B0F0BDB0B514460A460546808961
:10645000401C81B22846FFF79BFFA889C01C81B26F
:1064600028462246FFF794FFB0BD10B50C46C3681E
:106470008989007A4200481C81B22046F9F7F6FF6C
:1064800010BD10B50024C46100F0F7FE842800D0D0
:106490008124204610BD002070470000B0B50124C3
:1064A000204600F00BFF0546204600F02FFF284352
:1064B0000AD106480068902140580C30FBF71DFFB8
:1064C00000F03EFF0020B0BD0C20B0BD240E002027
:1064D000C01CC0B2042802D37E20C04302E0C10029
:1064E0000148C840C0B27047B3B7B400F0B587B038
:1064F0000C460546069105900126304600F0DEFE6A
:106500000746304600F002FF38431DD1E8B2FF28AD
:1065100005D10590FF2109060C4006940546104858
:1065200000689021405803A9019104A900910C3002
:10653000012329462246FFF70DFA002806D005A8B8
:10654000012100F0FEFE05E00C2006E003A8007823
:10655000002801D0002000E0072007B0F0BDC046B1
:10656000240E00207CB5044600694669002E12D036
:10657000A069E16901900091606A022501AA6B4659
:106580002946B047002806D0FEF742FF00202062CF
:10659000E07D2843E0757CBD142803D840B202A1F9
:1065A000085C7047082070470001010303030205DF
:1065B0000808080808080808080808070600000076
:1065C00080B5F8F7D3FB02480068406880BDC0463C
:1065D000280E002001460846C96A49680968002952
:1065E0000AD0CA7D1207F6D4CA690B6AD218C369E9
:1065F0009A1A843AEFD4704701480068806970475E
:10660000280E0020B0B50A4A03280FD300239DB2FC
:106610004C5D022C03D16D186D78012D05D01B192E
:106620005B1C9CB28442F2D300E01A4690B2B0BD2B
:10663000FFFF0000F0B587B0009003AE3046FCF7D6
:106640005BF800273846FCF74FFC010A02AD697081
:106650003F24044040343846FCF746FCAC702870B8
:1066600001AF304629463A4600F0A6FC0326009CBE
:10667000204639463246EEF7BFFAE01C294632463C
:10668000EEF7BAFA07B0F0BD054A12683523D35CBD
:10669000034201D00C207047353211700020704742
:1066A000100E0020BCB5044600F0C8F8002300938B
:1066B0000121074D20462A4600F044FE04460548C5
:1066C00001684F31284600F081F92046BCBDC04624
:1066D000FCFF0000240E0020F8B5054600260670D9
:1066E000012400910C7016480068476D00F0AAFF65
:1066F000002801D01348847EE1B21137304632467B
:1067000000290FD03B78002B09D0022B00D10120AB
:106710003A460F3A137801229B0700D516461437E4
:10672000491EEDE7012A01D101212970012802D07B
:10673000F0B2012802D1002000990870D0B2F8BD53
:10674000180E00208C0C002001207047F8B504467C
:10675000FFF7F8F80546354E304600F08DF834491D
:10676000884214D100F0A4F8FF283CD047218900CA
:10677000414328684118AA200E524C2000220A5496
:1067800038200A54CA630A648A62CA620AE047214E
:106790008900414328684118BA20085C012801D1CA
:1067A0000C2541E0B92000250D546079AE228854B3
:1067B0000E46AE360120F070A0797070208800027D
:1067C0000090C867084684300B46B4332779042FFD
:1067D00016D8C0467F443F797F00BF4402060B0DA8
:1067E0000F00F3210BE007251EE0124FCF67FD21BC
:1067F000018406E0F22102E0F02100E0F5210184AD
:10680000009F217AE279056045601F609A73D97311
:10681000217A0170401C093406222146EEF7ECF97A
:10682000054800684079B0702846F8BDFCFF0000BC
:10683000FFFF0000DC050000240E00201FB50C48FF
:1068400000F01AF80B49884210D16C4600212172E1
:106850000120C0022080072000020190204609305C
:106860000622EEF7CDF92046FFF770FF1FBDC046A8
:10687000FCFF0000FFFF000070B50446FFF762F860
:106880004D21415C094D0022AA2391420BD006689C
:10689000F65AA642164600D02E464725AD005B1993
:1068A000521C3546F1E7A8B270BDC046FFFF00009C
:1068B00010B5FFF747F84D21425C0021AA238A4218
:1068C00008D00468E45A240B05D14724A4001B19FE
:1068D000491CF4E7FF21C8B210BD0000FEB50293C9
:1068E00014460F460546FFF72DF806463148854207
:1068F00001D11F2007E001200221FFF7C5FE00287B
:1069000000D0FEBD2C481221A04201D20846FEBD97
:1069100001912846FFF7B0FF4721890041433068C5
:1069200046182046314600F091FE0028E9D1BA20F1
:10693000315C3820305C042F12D1002937D0002878
:10694000019A20D01B4885421DD1F08D00281AD015
:10695000A420305A1021014021431046D1D10CE02F
:1069600035463835002910D0032F06D10220287073
:10697000F4860020B08602983063A236304600F0DC
:1069800067FE0020FEBD1046FEBD374628370028B2
:10699000029A05D03968A120029AFBF7E3FA029A1D
:1069A0003A6001202870F4850020B085FEBD019872
:1069B000FEBDC046FCFF00007206000002480068F1
:1069C0009021405840687047240E0020F8B50C46CE
:1069D0000546FFF751FF0321C943C91C1A4FBD42A9
:1069E00004D08AB2904201D112262BE089B28842AB
:1069F0001ED047218E004643FEF7A4FF0068801991
:106A0000AA214552A421415CC90705D0BA21415CA5
:106A1000012901D10C2615E08C21012242500146AA
:106A20008C3100224A608D3006222146EEF7E4F8D0
:106A30000026BD4206D1054800684F300622214697
:106A4000EEF7DAF83046F8BDFCFF0000240E002017
:106A500080B5818900F001F880BD1CB51F2903D8DD
:106A600001AA1180406805E0406801AC2246FDF7AC
:106A700049FD2188401800791CBDF0B585B0044659
:106A800005888089461C204600F0F2FD232810D09E
:106A9000B1B21B2822D12046F9F7F1FC0146284665
:106AA00000F0ECFD00283DD02046F7F75FF8002508
:106AB00050E06788B1B22046B9422AD2F9F7DFFC2C
:106AC0000146284600F0DAFD0028EDD1B01C81B265
:106AD0002046F9F7D4FC3018061DEBE72046F9F7FD
:106AE000CEFC0146284600F0C9FD002824D06E46A1
:106AF00075802046F7F7C1FBB0801E20307030460D
:106B0000FCF7E0FE0546002820D12046F7F72EF8D6
:106B10001CE0F7F7B2FB02460A202946234600F0A4
:106B2000D3FD12E02046F7F7A8FB02460A202946CB
:106B3000234600F0FBFD08E02046F7F79EFB0246E7
:106B40000A202946234600F023FE0546002D01D0E9
:106B50007B20C543E8B205B0F0BD1CB504460088F3
:106B600001AB1880422002210A46F9F799FC00285F
:106B700001D084201CBD2046F6F7F8FF00201CBD84
:106B800010B50488F7F779FB0146204600F032FE85
:106B9000002808D0017818220A4302700C20F2F76E
:106BA0003FFEEBF71FF8002010BD70B50024002950
:106BB0000AD000260D460968334620339EB296421D
:106BC0000ED20029F6D101E023462546D11A89B21A
:106BD00000F024F9286000280AD17920C44307E096
:106BE000002904D0F9F744FF00242C6000E00024C1
:106BF000E0B270BD80B5FFF73EF84142484180BD2C
:106C0000B0B54843C408A4B29C420ED8049B0725E3
:106C100028402025691A0025ED43CD402A408240B6
:106C20008540185DA84310431855B0BDF8B51C4603
:106C300015460F46F6F778FF002816D00646811C49
:106C400006222846EDF7D8FF707869460870002FB5
:106C50001FD000281DD0012809D1F1798A0901200F
:106C6000022A16D8402903D213E00220F8BDF17998
:106C7000C0200840402808D1694630462A4600F026
:106C8000CBFD002803D08120F8BD8620F8BD6846E2
:106C9000007820700020F8BDF0B585B01E4617467C
:106CA0000D46044602AA08462146FEF7A3FF002827
:106CB0000BD10498B84206D1BAB20C203146EDF798
:106CC000FFFA002816D0FEF7AFFF019602AE35702E
:106CD000701C06222146EDF78FFF0497304601997C
:106CE00000F0B1FD002805D0064628462146FEF7F3
:106CF000A0FF00E00026304605B0F0BDBCB514464C
:106D00000D46FCF761FA696889698B88896800918A
:106D100003210C4002212246FFF772FFBCBDB0B533
:106D200098B01C46154601AAFBF76FFC002816D147
:106D300001A94A78012010403E3115AAFEF75AFFFA
:106D4000002801D0B3200AE029681798884201D9A9
:106D5000872004E0286081B2204600F080FD18B052
:106D6000B0BD000070B502460B48847E0B48006839
:106D7000456D1035002003469C4208D02E78002E29
:106D800008D0AE78964204D014355B1CF4E7234655
:106D900000E001200B7070BD8C0C0020180E00204C
:106DA00080B5EDF74FFF80BD10B50C244C43FEF7C6
:106DB000B5FB0019417910220A4342711620F2F7FF
:106DC0002FFDEAF70FFF10BD41000A4A0A404008B4
:106DD0000949014088188100084A0A40800808498A
:106DE000014088180101074A0A400009064901408C
:106DF00088187047AAAA010055550000CCCC07009E
:106E000033330000F0F000000F0F0000704780B532
:106E1000EDF751FFF2F742FA80BD0000F0B5104ADD
:106E2000891849094A1C94B272B60021002C13D06B
:106E300003889C4210D8641E41680D4606D0002687
:106E40000D462D68761CB7B2BC42FAD82C68446057
:106E500000242C609A1A028062B60846F0BDC04633
:106E6000FFFF1F00F8B50D4606464024FAF7E2FC86
:106E700002462F5D2C463834E86B0028394608D08E
:106E800000961646F6F772FE3246009E0020E86332
:106E9000217A14202070022903D1B08B08490140C7
:106EA000B1830848006890214058C06B0068816B2E
:106EB00069648563D019017A491C0172F8BDC04626
:106EC000FFFB0000240E0020F0B587B00446080642
:106ED0000D9D52D00195FF2015468543012605934F
:106EE0000C9B1F460096374003977E421640F2B235
:106EF00052190692254D059F3A462A401E469D0787
:106F0000ED173D40049003062B409B1802203040B3
:106F10000290481E0590C8B241080026C8B2C200BF
:106F2000A01845680298002801D118480540A058CB
:106F30000246049FBA43039F002F01D1384600E068
:106F4000C0B282180698904201D1AB4218D0AB4231
:106F500003D804D10698904201D94E1C01E0481E86
:106F600005900598801BC0B2401CC2B25108891917
:106F70008242D3D00020019D04E00021084601E0B8
:106F8000019D0098297007B0F0BDC046FFFFFF00CB
:106F900010B50021064B074A0E2905D01C888442F3
:106FA00003D09B1C491CF7E7114688B210BDC046B0
:106FB0002CD50510FFFF0000F0B589B000920F46F8
:106FC000054605AE002110223046EDF719FE0324D8
:106FD000304639462246EDF70FFE01AF28463146CE
:106FE0003A46FEF79DF8009839462246EDF704FE32
:106FF00009B0F0BDE0B501460020009050220346E4
:10700000EDF708F9FFF764FA8CBD00000148002194
:1070100001707047460E0020BCB50346064D287827
:107020000C210091012400222146EDF70EF92C706D
:10703000FFF74EFABCBDC046460E0020F8B50478F6
:1070400002252146294302291ED1FCF7E3F80F4906
:10705000096860228B5A401C82B29A4210D2002CDE
:1070600008D0022CF7D1D7004E6EF75D2F43022FC8
:10707000F1D106E0D7004E6EF75D002FEBD100E0B6
:107080004E6ED00080190838F8BDC0461C0E002096
:1070900080B5027C0B7C9A4206D1202A07D0102AA8
:1070A00009D18989808908E00020C04380BD102271
:1070B000EDF7ADFD80BDC968C068401A80BDFEB562
:1070C00017460E4600240C70147002931C70F6F7DD
:1070D0002BFD002809D00546807A002807D0F1282A
:1070E00005D0FB2816D1B02419E0862417E0012032
:1070F000019030702846214600F0BCFB3870012812
:107100000DD102203070E97A4907890F04D0029925
:10711000087004E00C2402E00298019901702046F6
:10712000FEBD10B50C46F6F7FFFC002805D0817AAD
:10713000F12902D1007CA04201D2B62010BD00206E
:1071400010BDF0B595B00193174603910025149535
:1071500013951295119511A90DAC04902246FDF7D7
:10716000DFFF0F200290265609A9204600F0A0FB61
:10717000002E67D409A80299445605A900F098FB8F
:10718000002C6CD411A8002410222146EDF738FD04
:10719000FDB2112D21D3201D81B210220DAB039819
:1071A000F9F750F90020102807D00DA9095C11AAA1
:1071B000135C4B401354401CF5E711AD0DAE049821
:1071C00029463246FDF7ACFF102228463146EDF73E
:1071D00013FD103F1034A4B2DAE7102D08D1201DA2
:1071E00081B210220DAB0398F9F72CF909A814E02D
:1071F0000DA800211022EDF703FD380608D00DA8D8
:10720000431B1033201D81B203982A46F9F71AF95F
:107210000DA8401B8021C17305A8019A00211029E7
:1072200009D00DAB5C5C435C634011AD6C5C5C40B1
:107230006C54491CF3E711A90498FDF771FF002075
:1072400015B0F0BD11A8872101700F2D92D009A8AB
:10725000415D11AA525D4A4042556D1CF5E711A8E7
:107260008721017000200F288CD005A90A5C11AB82
:107270001B5C53400B54401CF5E7B0B50546008835
:10728000FEF71CFA002815D0044672B6783029465D
:10729000FBF7EAFE4B208000201862B60B2100F0BD
:1072A0001CFB2C20205C8425032804D12046F4F705
:1072B00087FE00E002252846B0BD0000F8B500902A
:1072C000FEF740FB01464D200A5C472083005A43ED
:1072D00000200D4D0646B24212D00F68BF19AA24F5
:1072E0003C5BAC4203D0BA243C5D012C01D0F618C3
:1072F000F1E70098002804D0AF20385C411E884197
:10730000F8BD0120F8BDC046FFFF0000B0B505463E
:107310000024F3F709FD012810D1FFF74FFBFF21EF
:10732000DC31415CC90709D0002D06D0ED214900B0
:10733000401800780124044000E001242046B0BD3C
:1073400070477047F0B58BB00A9316460F46054656
:107350000743FEF7F7FA0446002F07D03046FFF741
:107360008BFAB54988421AD1422615E025464D359B
:10737000002637460A96287886420CD22068C01923
:10738000BA21415C012901D100F0AEFA472080000A
:107390003F18761CEFE70A9E30460BB0F0BD472140
:1073A0008A001146414323685C18BA21615C012DB3
:1073B00021D142439F18C220385C01252840002972
:1073C00020D000280AD08C203858B96F3A468C3229
:1073D000526805C1786FB96F7967B86794203858DB
:1073E00000260028D8D094370A980403EDF752FC01
:1073F00020183860D0E700260129CDD1204600F0C2
:1074000073FAC9E7002807D08C203858002803D128
:1074100090203858002806D0A420385AC10704D03C
:10742000F98DF52901D91226B6E712260146314019
:10743000022903D14221795A00293AD000070CD5FC
:107440007C48AA21795A814201D00A9800E0802024
:107450008028A1D80A9000289ED01098A6217852A2
:107460000A9909039422B950002801D0BB217D5408
:10747000A82178522046EBF797FA064600288BD1D0
:107480003946C231384664303A4654327A67B86772
:107490003E4678360978C9070DD100210160B966EA
:1074A00066480168204665300622EDF7A5FB306886
:1074B00008E00C2670E78C2179583A468C325268E5
:1074C00006C00838842179583A468432526881606F
:1074D000C260204600F01EFA002802D000F036FA02
:1074E00005E0384674300168326802603160384621
:1074F00094300A90B020395CBC26B85D00953B46BC
:1075000014332246089300F023FA204600F04EFA86
:10751000112109017C50F8217850B4203958F0200D
:107520003950B85D81225200B854FF220432BB5C4E
:107530002B43BB54CA087D2A01D37D21C9003E4696
:10754000A436F422B9502521F2F796F8EDF7A2FB04
:1075500002460A990868B532002801D01018086060
:107560003946BC313088C00609960A9104D42046B9
:10757000114600F036FA44E03846EC3005900E46ED
:10758000069200F031FA039000F036FA0490B12030
:10759000385C00F039FA0790204600F043FA307862
:1075A00002900026009694203146079A1346F1F780
:1075B00014FE0346009520460299039A00F04BFA08
:1075C0000A9800780390009696202946079A134659
:1075D000F1F703FE03460096019508980399049A73
:1075E00000F074FAEE203D54FC2015493950ED208E
:1075F0000721395402210598017006220699FAF7ED
:1076000085FC0646002811D00A980078F5F73CFD65
:10761000BD20385CF5F738FD09980088C00700D117
:10762000BAE6C420385CF5F71BFDB5E6BA34257020
:107630000026B1E6FCFF0000FFFF0000100E002056
:10764000D818041080B5F3F76BFB80BD002070479D
:1076500010B504460020FBF747FC04490140208890
:10766000401A424242414A40228010BDFF0F0000B2
:1076700080B5818900F069FA80BD0000BFB504467D
:1076800000F074FA0546002806D10E48014600F0C5
:107690006DFA0546002802D02878022801D2002081
:1076A0000DE003A902AA01AB2046FFF708FD002860
:1076B00004D1287802A909788142F0D2C02004B010
:1076C000B0BDC046FFFF0000F8B50546C00621D496
:1076D0000E46134800684B21405C002400071AD571
:1076E000174600930F4800686907C90E40180069E3
:1076F000142203232946F4F7F1FF00280DD0014698
:107700000098C8604F810E81074848602846F5F709
:1077100041F800E086242046F8BD0724FBE7C04678
:10772000240E0020140E002031E00510F8B50546A7
:10773000C00621D40E46134800684A21405C00244C
:1077400040061AD5174600930F4800686907C90E0E
:1077500040180069102203232946F4F7BFFF0028D0
:107760000DD001460098C8604F810E8107484860DF
:107770002846F5F70FF800E086242046F8BD0724D8
:10778000FBE7C046240E0020140E002035E1051052
:10779000F8B50546C00621D40E46134800684A21B4
:1077A000405C002480061AD5174600930F480068F5
:1077B0006907C90E401800690F2203232946F4F710
:1077C0008DFF00280DD001460098C8604F810E81C2
:1077D000074848602846F4F7DDFF00E0862420468D
:1077E000F8BD0724FBE7C046240E0020140E00203D
:1077F00069BA0510074A126848321268002A07D091
:107800005388834202D193888B4201D02032F4E71F
:10781000104670471C0E002070B594B014460E46FA
:107820004178801C6A46FAF7F0FE0546002807D129
:107830000020307069463E3106222046EDF7DCF923
:10784000284614B070BDE0B50B4601460089009093
:1078500001200C22ECF7DEFCFEF73AFE8CBDE0B511
:1078600003460091022001210C22ECF7EEFCFEF70A
:107870002FFE8CBDB0B50246C37A847A0120F12C6C
:1078800004460ED15D07AC0F05D0147C0322102CEA
:1078900003D0144602E0022403E00424002D00D4A7
:1078A0001446DA0700D02046002900D02046B0BD9B
:1078B00010B5027852000A70491C00220F2A0BD022
:1078C00083185B785B008B548456002C02D501240E
:1078D00023438B54521CF1E710BDEFF3108272B6B4
:1078E000417582F31088704710B50446EC3000F003
:1078F0004FF9BA2000212152BA34A07AFF2801D0D2
:10790000F5F7AEFBFF20A072207A800701D5F5F7CE
:107910008AFB10BDB0B50446C220205C800701D4AC
:107920000020B0BD25468435284600F04FF9A16FF0
:10793000284600F04CF9A06F0830002100F048F90B
:10794000606FA16F6167A0670120B0BD7047000044
:10795000F8B51D4616460F460446F1F73FFE11499D
:107960002046F1F74AFE10492046F1F76AFE20460C
:107970003946F1F71AFF20463146F1F704FF204659
:107980002946F1F7CBFE0698012803D12046F1F7EE
:10799000F1FEF8BD2046F1F7B8FE01212046F1F7CF
:1079A00076FEF8BDD6BE898E555555000146AE31DE
:1079B000CA78FF216831032A01D0B32301E00B46C6
:1079C000F333042A00D01946AE22805C0122024023
:1079D0008307DB0F9A184007C00F10184843BB30CD
:1079E0007047862070470000024800688821405890
:1079F0007047C046240E0020024800688C21405881
:107A00007047C046240E0020801EC0B2032801D358
:107A1000002002E0C1000248C840C0B27047C04622
:107A200001040600C721002242540146A0318A8881
:107A3000032313405A1E93415A00A023C252887B4D
:107A4000012202408307DB0FD2184007C00F101835
:107A5000401E88777047F8B51E4617460D46044607
:107A6000F1F79AFC2046F1F79CFC2046F1F7CEFC9A
:107A700020462146F1F7CFFC20463946F1F7A0FC1D
:107A800020463146F1F7E1FC069F002E02D0204649
:107A9000F1F7E3FC2046F1F773FC2046F1F79EFC7A
:107AA0002046F1F7ECFC2046012F09D12946F1F7D9
:107AB000BAFC2046F1F7C2FC2046F1F7D4FCF8BD31
:107AC000F1F7D7FC2046F1F7A9FCF8BDF8B51E4642
:107AD00017460D460446F1F75FFC2046F1F761FCBE
:107AE0002046F1F793FC20462146F1F794FC20460E
:107AF0003946F1F765FC20463146F1F7A6FC079FB1
:107B0000002E02D02046F1F7A8FC2046F1F78CFCAD
:107B10002046F1F735FC2046F1F760FC2046F1F7EE
:107B2000A8FC2046F1F760FC2046F1F78CFC012F01
:107B300007D120462946F1F776FC2046F1F725FCCF
:107B4000F8BD2046F1F77AFCF8BD1CB51F2903D813
:107B500001AA1180406805E0406801AC2246FCF7AC
:107B6000D1FC2188401800791CBD0000074A12682A
:107B700058321268002A07D09388834202D1538872
:107B80008B4201D00832F4E7104670471C0E0020EB
:107B9000B0B50446EFF3108572B6FDF74DFC002832
:107BA0000FD0204600F016F8F7F76EFAFDF722FC2A
:107BB00085F3108820690169002904D0606A88472C
:107BC00001E085F310880020E061B0BD7047704788
:107BD0007047000070B50446144E316808462830DE
:107BE0000268002A08D010462830A242F8D1283175
:107BF0002046F7F739F970BD4869A04201D1FDF779
:107C000007FCE06A40680068002803D0FEF7E2FC49
:107C1000054600E0A56A316818312046F7F724F9D7
:107C200000212846FCF7FCF870BDC046280E002055
:107C3000014880470148004735B20410E17C051037
:107C4000024841680278891841607047A806002000
:107C5000FEE7FEE77047704780B5FFF7F1FF01BD13
:107C60001C480168890600D4704780B58068694661
:107C7000087001216846EEF785FD01BD80B5164804
:107C8000EEF7AEFC01BD80B5EBF711FD01BD80B58F
:107C9000EBF713FD01BD80B5EEF734FC01BD80B5F7
:107CA000EEF76AFC01BD80B5EEF73EFC01BD80B584
:107CB00001219020C005F2F7B1FA01BD10B5074CC3
:107CC00020212000F2F7AAFA8021C9012000F2F752
:107CD000A5FA10BD1C400041E80D0020000010482E
:107CE0000548014603B4684680F3098800BF00BF19
:107CF00000BF00BF00F002F8A5EDF5FE00F00DF8A2
:107D0000002801D000F00CF800BF00BF002000BF29
:107D100000BFEAF753FC00F017F80120704700009D
:107D200010B5074979441831064C7C44163404E0F8
:107D3000081D0A68891888470100A142F8D110BDC2
:107D40003C6C0000786C000080B500F001F801BDCB
:107D500007463846FCF7B4FBFBE7000080B50D4949
:107D6000794430310C4A7A442E32914203D00B4987
:107D700000BF00BF02BD6946087001220120F2F772
:107D8000BBFA012802D16846007802BD0020C0433A
:107D900002BD00BF6C82FAEF6882FAEF2007002074
:107DA00010B504460A480068006990210122134674
:107DB000F4F794FC002804D0014644609020F4F7C6
:107DC000E9FC044800688421425C521C425410BD06
:107DD000140E0020240E0020FEB53B4D2868103004
:107DE0000021062905D004C8528801AB5A52891CCB
:107DF000F7E772B6286804680027076062B6E007F4
:107E000002D0002000F064F8A00702D5012000F0A5
:107E10005FF8600702D5022000F05AF8200702D56B
:107E2000032000F055F8E00648D5042000F050F893
:107E300044E0780001A90E5A0097BF002868C019D5
:107E4000006901880288B2422AD08908891C890009
:107E50004418A17803220A40012A02D0002A03D143
:107E60001EE0817A08300446480603D42046F9F71C
:107E700070FC0AE0E078132807D2800013490A5802
:107E8000211D20469047002805D12868C0190069A7
:107E900021880180D5E70020F1F7C2FCE9F7A2FEB6
:107EA00072B62868C019006941880288914202D1DF
:107EB00000210180418062B6009F7F1C032FB8D152
:107EC00000F014F8FEBDC046140E00208C180410FB
:107ED000E0B501AAD07001209070102050700421EC
:107EE00011701046F7F704F98CBD000010B586B08C
:107EF0001548046802A801A96A4600F027F800287E
:107F00001FD002A80178E089C840C00719D0019AA3
:107F1000009B03A8082484701C0EC4721C0C84727D
:107F20001C0A44720372C2718171FF214170822167
:107F300001700021417104220271C1700C21F7F718
:107F4000D7F806B010BDC046240E002070B5034619
:107F50000948046872B6207C00252574257B0F260D
:107F60002E401E70237B1B090B70A1681160411EFF
:107F7000884162B670BDC046240E0020F0B587B0BF
:107F80003148046806A9049100200190087005AEEC
:107F900001203070F3F7A0FA5D200394275C781E6F
:107FA0003D46854120203840444202904441049897
:107FB0003146FEF791FB002F01D101283ED12C4024
:107FC00038D105A80078002834D0039C20465D30C5
:107FD000C07B002834D02834029D002D03D02178A6
:107FE000002000F033F806A80078012802D1002014
:107FF00000F02EF8FCF7CEF8002804D10020012173
:10800000FCF758F90190002D0AD02178012000F0EA
:108010001DF8002804D00198002801D0FCF772F95F
:1080200006A80078012809D10620F1F7F9FBE9F745
:10803000D9FD03E001200146FCF73CF907B0F0BD93
:1080400000200121F8E7C046180E002000207047EC
:1080500080B500F001F880BD80B505490968496D1B
:10806000497C012902D1FCF7B3F880BD002080BD16
:10807000180E0020B0B55E2806D10C4804685D34A7
:1080800000256057002800D4B0BD60780228FBD1DD
:10809000557080201070C8B21146F3F79FFA6570D2
:1080A00020787F2101402170B0BDC046180E00200D
:1080B000074909685D228A5C88231A4204D072311C
:1080C00009884140080501D0002070470120704711
:1080D000180E0020B0B5044680880025800501D424
:1080E000284606E062892189022000F027F800284E
:1080F00000D0B0BD20896189042902D1F3F700FCCA
:10810000EEE7F8F73DFA61892089F8F74FFA002089
:108110002081094909684B6BA34205D01A461B69A7
:10812000A342FBD1103201E00A46343223691360C6
:108130000A6B22610C63B0BD1C0E0020F8B504462A
:10814000C00608D40D46194800684921405C8007E4
:1081500003D4002727E0862725E016461448006848
:108160006107C90E40180069592203232146F4F71C
:10817000B5FA002816D00146067385720C204872A5
:10818000022008720027CF7106208871FF204871F5
:1081900082200871300A4873280AC8722046F4F712
:1081A000F9FA00E007273846F8BDC046240E002043
:1081B000140E002080B581080A4800683430006839
:1081C00000280ED042788A4201D01030F7E7012112
:1081D000490282880A4382800720F1F721FBE9F7F0
:1081E00001FD80BD1C0E002080B54069014900F0F2
:1081F00003F880BDB5810510FEB5029105464778AC
:10820000006AC45DECF746FDC00801902046C2B28A
:10821000BA420DD053006E6AF35A2E78761D01993A
:10822000F140591A09B2012903DC286A805CEEE7A3
:108230003846296AC855C6B228463146FCF702FEC0
:10824000E0B2B04206D0296A0F5C0C54029988470C
:108250003C46F5E7FEBD00007CB5044680684189D8
:1082600004291AD160688189491C89B2F8F707F995
:108270000546172800D817251D4E308A854200D3A1
:108280000546A3689888C0060FD4198902202A469B
:1082900000F030F8002814D07CBDC3680220002113
:1082A0000622FAF7CDFE86207CBDD888A8420ED0E3
:1082B0000833422003210222F8F7F2F80028EBD11C
:1082C00005E0A068C580818810220A438280308A38
:1082D00001AB587003251D70000A9870A068C4682F
:1082E000A18920462A46F8F7C1F8658000207CBDA8
:1082F0008C0C0020F8B50446C00608D40D46194879
:1083000000684921405C400703D4002727E0862706
:1083100025E01646144800686107C90E4018006938
:108320005A22032721463B46F4F7D8F9002815D0F6
:108330000146067385720C2048720F720027CF71B8
:1083400006208871FF20487182200871300A487326
:10835000280AC8722046F4F71DFA00E007273846BD
:10836000F8BDC046240E0020140E002080B502483F
:108370000068804780BDC04668070020F0B595B012
:1083800005460488F5F779FF01462046FFF732FAE3
:108390008626002800D108E204462F882846F5F7F3
:1083A0006CFF01463846F5F76DFF08902078FB21F9
:1083B000014021700C273846F1F732FAE9F712FC38
:1083C0002846FFF755F9012807D16088FFF770FEAE
:1083D000002860D0204600F049FA207800220107EA
:1083E00057D4A379591E112900D9DEE1079249001B
:1083F0007944898849008F44C50002010F01990022
:1084000099001F01640175017C01B901A600A60055
:10841000B8001100B00011001100B000C00600D576
:10842000A7E0A28861880A202B4600F02BFA0028DA
:1084300000D0B4E1A079112800D1B2E1637A2169BA
:108440000891102800D0D0E10693A889401C81B281
:108450002846F8F714F80590A889C01C81B2284670
:10846000F8F70DF80026A2896988491F9142049007
:1084700000D0CFE1384606994843089A1018806822
:10848000618941182846154600F02EFA069B039094
:10849000C4E1164689E109A90FAA0EAB284600F0EF
:1084A0002EFA00282BD02846F5F760FB0EA800789E
:1084B000122808D160880421F5F7E4FE81880122A2
:1084C00092020A438280A079012804D1089B9988EE
:1084D0000422914399800EA909780A2908D0072916
:1084E00002D10A2800D175E7217810220A432270B0
:1084F0000E2800D171E7102800D16EE76AE709A8BD
:1085000000780790A38862880FA8008821460EACE7
:108510002478009001940C46022011461A46079BCD
:1085200000F008FA0028BED006463EE1A288618825
:108530000A202B4600F044FA002800D02FE12846FC
:1085400000F070FAC8E0A28861880A200B2B00D0E6
:1085500020E12B4600F07CFA1FE1A288618802200E
:1085600000F0A8FA002800D019E12846F5F7FEFA35
:1085700017E16089002800D113E1002626720F2040
:10858000A07112E1A889401C81B22846F7F777FF55
:108590000646172800D81726B348008A8642089F47
:1085A00000D30646B888C00614D5F888B04211D06A
:1085B0003B460833422003210222F7F771FF0028CF
:1085C00000D0ECE02078102101432170B88804210C
:1085D0008843B8802078C00600D5FE8861880220D4
:1085E0003246FFF787FE002800D0D8E0FE80B8882A
:1085F0000821014304208143B9802046DCE0A288A1
:1086000061880A202B4600F091FA002800D0C6E0CD
:10861000284600F0BDFA0BE0A28861880A202B46AC
:1086200000F0CCFA002800D0B9E0284600F0F8FAB3
:108630008C49884253D1B4E0284600F0FEFA0890F5
:1086400060890EA9088020460C30079009A80C30DC
:1086500005900FA8401D06900026F7B20FAA2846E5
:10866000394600F0F1FA002800D0A1E00898072868
:1086700005D109A8102101740222059803E009A878
:108680008021017410220699ECF7B6FA0EA80FA902
:108690000222ECF7B1FA09A8079900F0F1FA0028D4
:1086A0000DD1A28861880898009001954743B81CB5
:1086B00083B2022000F014FB002800D082E0761C78
:1086C000CBE7A28861880A202B4600F05FFB0028D8
:1086D00065D1284600F08CFB6189884261D2401C3C
:1086E000208161E0A28861880A202B4600F09AFB75
:1086F00053E0284600F0A1FA064606946088FFF78A
:10870000D7FC089002246888A3B2834253D2089809
:1087100001280ED1A889001981B20FAF2846324630
:108720003B46F7F78FFE5E2031463A46FFF7A2FC44
:108730001AE0069FBA88798800960195022000F019
:10874000CFFA00282BD1387F10280DD10698008B46
:108750004249884208D1069840880421F5F792FDE5
:1087600081883F4A11408180A419CCE7A2886188A2
:108770000A202B4600F088FB002810D10898C088FA
:10878000411E6888401E82B291420AD86189081849
:10879000608109E02B4600F0A9FB002801D0842667
:1087A00003E0204600F062F8079E304615B0F0BDA9
:1087B0000EA800880AE0069800F058F82846F5F759
:1087C000D5F9F1E70E98401E0EA90880618982B2A2
:1087D0008A4202D2401C208102E0204600F046F886
:1087E0002846F5F7C3F90026DFE76189089AA089D2
:1087F0004018608180B25F43D11989888842D3D103
:10880000207A401E984224D900266681607A401C56
:108810006072CAE7F0430390069B089D39465943AE
:108820006A5A2846059D95420BD1024641184A884E
:1088300061898A18049DAA4203D102460398002840
:10884000D5D026720F20A07120781021014321700D
:10885000ABE7012020720F20A071A5E72A2B0000B2
:10886000FFFB0000FFFF00008C0C002080B50178AA
:1088700008220A4302700C20F0F7D2FFE9F7B2F9A0
:1088800080BD0000F8B50546C00621D40E46134849
:1088900000684A21405C002400071AD5174600935F
:1088A0000F4800686907C90E401800690E220323AB
:1088B0002946F3F713FF00280DD001460098C86041
:1088C0004F810E81074848602846F3F763FF00E0B8
:1088D00086242046F8BD0724FBE7C046240E00206E
:1088E000140E002051B5051080B50B4642888189D1
:1088F000491D89B2521F92B2FAF7ACFA80BDFEB59B
:108900000E464188052912D11C461546818905224B
:1089100001AF3B46F7F796FD78783070B878F97874
:10892000090208182880029820700020FEBD8620C9
:10893000FEBD0000F8B50446C00608D40D461E482A
:1089400000684A214056002804D4002700E086270A
:108950003846F8BD1F461646184800686107C90E1C
:10896000401800695D2204232146F3F7B7FE002872
:1089700020D00146079A06980090C8730E738D7236
:108980000C234B7211230B7238460027CF710A2338
:108990008B714A748873FF224A7182220A7100988F
:1089A000000A0874300A4873280AC8722046F3F790
:1089B000F1FECDE70727CBE7240E0020140E0020A0
:1089C000F8B50546C00621D40E4613480068492173
:1089D000405C002480061AD5174600930F480068B3
:1089E0006907C90E40180069092203232946F3F7D5
:1089F00075FE00280DD001460098C8604F810E8199
:108A0000074848602846F3F7C5FE00E08624204664
:108A1000F8BD0724FBE7C046240E0020140E0020FA
:108A200009B70510BCB504468089401C81B22046B8
:108A3000FEF713F86188081AA189401881B2022252
:108A400001AD20462B46F7F7FDFC2888BCBD000091
:108A5000F8B50546C00621D40E46134800684A21E1
:108A6000405C0024C0071AD0174600930F480068E6
:108A70006907C90E401800690C2203232946F3F741
:108A80002DFE00280DD001460098C8604F810E8150
:108A9000074848602846F3F77DFE00E0862420461C
:108AA000F8BD0724FBE7C046240E0020140E00206A
:108AB00099B70510F8B50446C00608D40D46194804
:108AC00000684A21405CC00603D4002727E08627BF
:108AD00025E01646144800686107C90E4018006971
:108AE0005B2203232146F3F7F9FD002816D0014647
:108AF000067385720C2048720D2008720027CF7112
:108B000006208871FF20487182200871300A48735E
:108B1000280AC8722046F3F73DFE00E007273846D2
:108B2000F8BDC046240E0020140E0020F8B50546FE
:108B3000C00621D40E46134800684A21405C002438
:108B400080071AD5174600930F4800686907C90EB9
:108B5000401800690D2203232946F3F7BFFD0028C2
:108B60000DD001460098C8604F810E8107484860CB
:108B70002846F3F70FFE00E086242046F8BD0724C0
:108B8000FBE7C046240E0020140E002079B6051025
:108B9000BCB504468089401C81B22046FDF75DFFCC
:108BA0006188081AA1894018801C81B2022201AD97
:108BB00020462B46F7F746FC2888BCBDF8B505468D
:108BC000C00621D40E46134800684921405C0024A9
:108BD000C0061AD5174600930F4800686907C90EEA
:108BE00040180069082203232946F3F777FD00287F
:108BF0000DD001460098C8604F810E81074848603B
:108C00002846F3F7C7FD00E086242046F8BD072478
:108C1000FBE7C046240E0020140E002029B40510E6
:108C20001CB5818942885118891E89B2022201AC83
:108C30002346F7F707FC20881CBD80B58189491CB5
:108C400089B2FEF782FF80BD70B514460E46054618
:108C50008089401C81B22846FDF7FFFE024646434C
:108C6000B01C6988884208D2A989081881B22846B0
:108C70002346F7F7E7FB002070BD862070BD00009B
:108C800070B58AB00C46014605AD1426284632461A
:108C9000EBF7B2FF684621463246EBF7ADFF287C82
:108CA000802807D005AC0D490C222046EBF7A4FF25
:108CB0000020E0816846007C802807D06C46074988
:108CC0000C222046EBF798FF0020E08105A86946BA
:108CD0001022EBF79CFF0AB070BDC046B3EA051046
:108CE000F0B587B00546C00643D40E462448006858
:108CF0004B21405C002480073CD5049205930C9ADC
:108D0000204800686907C90E401800691E4906928C
:108D1000511803220A43113291088BB25E22294670
:108D2000F3F7DCFC002828D007460D990698009040
:108D300003910191381D3146049A059B00F008F912
:108D4000280704D50398F4F711FFF72005400C20FD
:108D5000787212203872FF2078718220387106985C
:108D6000C01DB871000AF87128463946F3F712FDA4
:108D700000E08624204607B0F0BD0724FAE7C0468D
:108D8000240E0020140E0020FDFF0300FEB5044653
:108D9000C00624D41646134800684922805C00258A
:108DA00000071DD51F46019102950F480068610715
:108DB000C90E401800690725032321462A46F3F708
:108DC0008DFC00280CD00146C760468101980881BF
:108DD000064848602046F3F7DDFC029D00E086254A
:108DE0002846FEBD240E0020140E0020A1B405105C
:108DF000BCB504468089401C81B22046FDF72DFE9B
:108E00001121C943012800D10E3160884018A18981
:108E1000081881B2022201AD20462B46F7F712FB5B
:108E20002888BCBDF8B50546C00621D40E461348B7
:108E300000684921405C002440061AD5174600937B
:108E40000F4800686907C90E401800690A22032309
:108E50002946F3F743FC00280DD001460098C8606E
:108E60004F810E81074848602846F3F793FC00E0E5
:108E700086242046F8BD0724FBE7C046240E0020C8
:108E8000140E002091B80510F8B50546C00621D48F
:108E90000E461348006849214056002400281AD580
:108EA000174600930F4800686907C90E401800690B
:108EB0000B2203232946F3F711FC00280DD00146AD
:108EC0000098C8604F810E81074848602846F3F734
:108ED00061FC00E086242046F8BD0724FBE7C0467D
:108EE000240E0020140E0020FDB50510F8B505462F
:108EF000C00621D40E46134800684B21405C002474
:108F000040071AD5174600930F4800686907C90E35
:108F100040180069132203232946F3F7DFFB0028DA
:108F20000DD001460098C8604F810E810748486007
:108F30002846F3F72FFC00E086242046F8BD0724DE
:108F4000FBE7C046240E0020140E002015B80510C3
:108F50007CB51D46044602728171100A6072080ACF
:108F6000E071079EB089C01881B2022201AB304681
:108F7000F7F768FA0698801E20730199A172090A12
:108F8000E172B1896918891C89B20D34C2B23046C8
:108F90002346F7F757FA7CBDF0B589B017460D4662
:108FA000064600787488042845D0032877D1716874
:108FB000086A00287DD00A7D102A74D1098A494A9E
:108FC000914270D10097012107AA08AB284600F012
:108FD0008DF800286ED12888FAF7F6F807AA1178DC
:108FE00007230B40059313707168096A8B683E492B
:108FF000C97A49084A1C0421049003920293FAF7A3
:10900000F5F8059A01461140814257D10298009027
:1090100004210498039BFDF7F3FD7068006A007853
:10902000C0073AD02E882846F5F727F9024608A847
:10903000008807A94CE071688869002839D00A7D4A
:10904000102A30D1098A264A91422CD10097022158
:1090500006AA08AB284600F049F800282AD106A83D
:10906000008805907088801E81B20220FDF7A0F86C
:10907000002821D005998907890E406800780840AA
:10908000884219D106A8028828883146FDF736FEA5
:10909000706880690078C00712D100200AE00320C0
:1090A0003870862006E021462A463B4600F042F80A
:1090B00000E0842009B0F0BDFD20F1E71320EFE7C8
:1090C0002E882846F5F7D9F8024608A8008806A990
:1090D0000090019102203146234600F057F8E9E75D
:1090E00002290000292B00008C0C0020F8B51D4639
:1090F00014460F460646F9F763FF0E21C943D228EE
:1091000000D00C317088081882B20699BA4205D98D
:109110000D20087000202880862709E000270F70A6
:109120002880B089C01C81B230462346F7F78AF9FF
:109130003846F8BDFEB516460C460546826881885D
:10914000009302AB3046FFF7D1FF002800D0FEBDF0
:109150002878810703D4A98802AA118001E0029926
:109160006980C00701D10020FEBD37883046F5F781
:1091700084F8024602A80088A968009001910220A4
:109180003946234600F002F8FEBD0000F0B585B078
:109190000546C00645D4264800684924005D0024E1
:1091A000C0073FD00293039204910A9E21480068B1
:1091B0006907C90E40180069711E03220A43113263
:1091C00091088BB258222946F3F788FA00282CD050
:1091D00007460B9801903E740299B973039B3B7349
:1091E000049ABA72300A7874080AF873180A787305
:1091F000100AF8723846123001993246EBF7FCFC3F
:109200000C207872012038720A36300AF871BE716B
:10921000FF2078718220387128463946F3F7BAFA70
:1092200000E08624204605B0F0BD0724FAE7C046DA
:10923000240E0020140E0020F0B589B0054604ACC1
:10924000284914222046E9F745F90120264E3146E7
:109250002246FCF7C5FF0024002804D001462868F8
:109260008288120603D42746384609B0F0BD2A7911
:10927000FE2313408627042BF6D000890122029298
:10928000FAF790F98128EED028688188CA0502D5BE
:1092900000F030F8E7E7029A140221438180287930
:1092A0000228E1D128890128DED16889B042DBD1CA
:1092B000EA68107C1028D7D190890C498842D3D114
:1092C00001203146FCF78CFF0028CDD003A8048094
:1092D00029680989009001200027054B3A46F4F7D8
:1092E00045FFC1E784170410FFFF00002A2B000090
:1092F00083D50510E0B5C121490001AA118001897B
:10930000009201200022024BF4F730FF8CBDC046D2
:1093100077D5051070B58AB0044605AD0DA11426A9
:1093200028463246E9F7D6F868460FA13246E9F7F3
:10933000D1F820462946FFF7A3FC002807D069464C
:109340002046FFF79DFC01464042484100E00120D5
:109350000AB070BDFB349B5F8000008000100000ED
:109360000028000010000000FB349B5F800000809C
:10937000001000000128000010000000B0B58AB005
:1093800004468088000601D400254BE0012001023C
:1093900009AA1180218900920025244B2A46F4F75E
:1093A000E5FEA18889073DD400283BD104AD2049C2
:1093B00014222846E9F78EF801201E492A46FCF7B8
:1093C0000FFF002812D00546FCF72AFF00280DD019
:1093D00001462089F9F7EBFE800712D4208900218D
:1093E0000122FAF7DFF8054681281BD109A8802160
:1093F00001802189009001200022104BF4F7B6FE75
:109400000FE00D48039001AA042050806888108066
:1094100003A8029061892089009202220123FAF7B1
:1094200029F9054628460AB0B0BDC0466BD50510DF
:1094300098170410FFFF00000100FFFF77D505100B
:10944000FEB50C460546222012490290085C002712
:109450000326114B0195C1B28F4219D21968496B8D
:109460008A19D21E1288AA420FD1FF2C02D0895D20
:10947000A1420AD1F8B225461C4600F00FF8234657
:109480002C46019D02980349085C34367F1CE2E7B4
:10949000FEBDC0468C0C0020200E002070B5044696
:1094A00022201049085CA0421BD90F4D29683020AA
:1094B0000A5C521C0A543422544330314868001963
:1094C00083781B0705D5C378112B02D34B785B1E1D
:1094D0004B7046890021EBF793FB2868406B00191D
:1094E000468170BD8C0C0020200E002070B5142425
:1094F0004443144D144800684821405C000713D5CC
:109500002868C06A065B114800688069062202214B
:109510000B46F3F7E3F8002806D001460C484860F4
:109520000E810220F3F736F92868C06A011900227B
:109530008A718A78F92313408B70005BFF21FFF753
:109540007FFF70BD200E0020240E0020140E00208E
:10955000B9E10510FEB50446F2F724FD05462C20BE
:10956000285CFE210140022958D102942F46E6379B
:109570003A79D00619D4F0240192144001212846EA
:10958000F3F715F9064600212846F3F710F93043A2
:1095900006D00298F3F77DF9002801D1202004437A
:1095A000019A10262643788827E0C0261C480068C8
:1095B0003921405600281CD5688F01901948006851
:1095C000806942211446232202252B46F3F786F8B0
:1095D000224600280DD00146019AC271857157209C
:1095E000487104200871100A08724220F3F7D2F87B
:1095F0002246164078883988081A0A23434372B6EF
:1096000038798242029902D1032006433E7162B644
:1096100003480068A0300122F3F7D4F8FEBDC0462D
:10962000240E0020140E002080B504490968902201
:10963000895848310522EBF7DFFA80BD240E00205F
:10964000F8B51E4614460D460746FCF70FF8FF23F3
:10965000062C24D80246C0467C4424796400A744E2
:10966000030D1E071E1E1400012D01D1132316E049
:10967000384629461C4600F015F804E0002138461B
:109680001C46FDF791FB234609E001207070032082
:109690003070012D01D1122000E01320B070184667
:1096A000F8BD0000F0B585B00491002A30D0144612
:1096B00006465720870035467D433046FBF72EFF90
:1096C00003901449096890228958C96B4868431966
:1096D0000C22049D55435D1911231B01ED58A54231
:1096E0000CD1154604994D430399491901914979C3
:1096F0000291FE2502990D4001994D71049D6A4326
:109700007743C1198918CA1803982146FBF716FF39
:1097100005B0F0BD240E0020FEB5029301920E4666
:109720000546F2F73FFC0446074690342846F2F718
:1097300095FF0899042E06D1002804D0019A002A2A
:109740000CD00A220BE088880880012E02D1C008C4
:109750000E3801E080080F38029E0FE00822029EBA
:109760008A5A0A800088022801D0012000E00320E4
:109770000B4BD218C2400B481018C00883B2228885
:109780009A4200D30246002E03D093B2C889984271
:1097900000D3104660803846F7F74AFFFEBDC0464A
:1097A00088FEFFFFB5FF0700F0B585B01F461446E1
:1097B0000E460546F2F7F6FB02462846039631466A
:1097C0001646FBF753FF611E062973D80346304641
:1097D0002C30C0467944097949008F4403036B2932
:1097E0006B2E5A000078032864D10293F81C0446BB
:1097F00000F063F8002855D0387A01907F7A05226E
:109800002046029C2146F8F77CFD38020199401859
:1098100082B23046214600F06BF802222846039CB3
:10982000214600F071F82846214600F081F841E019
:10983000B878012831D02A2130E03146FA310A883F
:10984000318FC08A1C4600F083F804A9019108807A
:10985000204602942946FFF7E7FE0120B870082051
:10986000787003203870F91C05222046F8F749FD6E
:1098700008370222019C20463946F8F742FD22882B
:109880003046029900F034F82846039900F067F852
:1098900010E0284603991A460AE02321304600F0DA
:1098A0006DF807E02846F7F7F5FC28460399029A79
:1098B000FFF7F8FEFF2005B0F0BDB0B50146007916
:1098C0001F2811D8002002460346252A0FD007245E
:1098D0001440D5084D5DE540EC0703D05B1CDCB2BD
:1098E000022C03D0521CF0E70020B0BD0120B0BD17
:1098F000A823C15009214901425240188179082208
:109900000A43827170470000B0B514460D46FBF75C
:1099100005FE022C09D80C2169434018401DE100C6
:10992000024ACA40017811430170B0BD0204080028
:1099300010B50C46FBF7F2FD817F01220A438277C6
:109940000C2161434018417940220A43427110BD05
:10995000491C514306224A43101880B2704710B583
:109960000C244C43F2F71EFB0119FF220E328B5CD4
:1099700040241C438C5400F00FF810BD10B5044671
:109980002D2021544B2080002018FEF701F92D34A2
:10999000207DF3F779FB10BD88214058018804220F
:1099A0000A43028070470000F0B591B00B93144653
:1099B0000E460746F2F7F6FA05460C9738460A9621
:1099C0003146FBF753FE0646601E062800D9D4E058
:1099D0002F462C372C46FA347844007940008744CF
:1099E0000303CC1ECC2C7C003878032800D0C4E0C4
:1099F0000B9F7B893A89F888248800210091019186
:109A00000294099001460892079300F009F9002892
:109A10000C9C00D1B4E02046F7F73CFCA8E00B9882
:109A2000807823210F280A4600D02A22002800D05F
:109A300011462846FFF7A2FF9FE00B98801C089074
:109A4000F2F748FF09902288298FF88AFFF780FFF4
:109A500007462820012107913154308B718B08185B
:109A600040081090B08B0590F48B0DA80C990171F3
:109A700010A90F910D96E8F773FF109830830697A1
:109A80003904091904910C230B9F7B7003233B704D
:109A900005990F0407430898604A84C0049A02603D
:109AA00058022203F16032610799490203C60998FE
:109AB0000068718B0902083E884200D30846706135
:109AC00010984002B06028463146069A00F0D4F85B
:109AD0000C980A99FFF743FF4FE02820305C0028DC
:109AE0000C9C45D00DA804710D96E8F73DFF494840
:109AF00000683621415C890634D53630407A40070B
:109B000030D5F08B0B90B08B0990308B08906D8F17
:109B10004148006800698021242204242346F2F78A
:109B2000DDFD00281ED001460B304D72089F0770E6
:109B30000795099D4D730B9B037100220A72032246
:109B4000CA710A228A713E224A710C71079A120A5E
:109B50008A723A0A42702A0A8A731A0A427180206B
:109B6000F2F718FE00210C9C20460A4600F08FF800
:109B700020460A993246FFF795FDFF2011B0F0BD4F
:109B8000F878002800D146E70999491E082900D332
:109B9000082181420B9900D23DE78A8809998A42BF
:109BA00000D938E70799F183089FB783099B33836E
:109BB000738309035B02520240028DC63160EA6C76
:109BC0000120103E9A4209D1AA6E91420B9F06D104
:109BD000288F0899081A411E884100E00B9F282110
:109BE0007054099810900DA8047110A90F910D964A
:109BF000E8F7B6FEBA892846314600F03DF8022261
:109C000020460A9D2946FFF77FFE20462946FFF79A
:109C10008FFEB2E7240E0020140E00200003010086
:109C200070B50446134800682D25465D1220A642F3
:109C30001CD81925ED01AC4218D88E4216D8A9427D
:109C400014D8A14212D394087C2C0FD8059C049EF2
:109C5000B4420BD30A2B09D3AB4207D80698521C47
:109C60004A4342439008834201D8122070BD00202D
:109C700070BDC046100E0020A423C1500921490127
:109C800042524018817904220A4382717047B0B56C
:109C900015460C46F2F786F9E621435A002D1A467E
:109CA00000D02246C46C0146E6318D8A6543008FA0
:109CB0000A306843000B84B2641D944200D32246EC
:109CC00094B2A3420BD048800A800879012806D0BC
:109CD000022008711320EFF7A3FDE7F783FFB0BD63
:109CE000F0B58BB01C4616460F460546F2F75AF9FA
:109CF000024607952846069739461746FBF7B6FCF5
:109D00003B46052E07D13D211846FFF737FEFF26BB
:109D100030460BB0F0BD0246014628313D462C3599
:109D20002878022826D10878401EFF260B28EFD875
:109D30000F46400078448088400087440B0097001D
:109D40009A00B400BC00C0001B011F014501530173
:109D5000600163010A20A07001216170032020705E
:109D600007980A461C46FFF7CFFD204600F0E2FAAE
:109D7000022042E1012E05912AD1002048701646AA
:109D800000271D4618463946F2F711FDA178032930
:109D900050D1002863D1E01C3146303108220292B4
:109DA000174B984720460B3031462E310222144B78
:109DB000984720460D303146029A114B984715348A
:109DC00020360422204631460D4B9847052135E0C8
:109DD0004878FF260D289BD8E537400078448088D6
:109DE000400087440F00100053015C0165018801A9
:109DF000C701D8012402EA012902F6010E021B0262
:109E000003230510BBE70B20A07001226270032022
:109E100020700220059948700024079821461D46AD
:109E2000FFF772FD284600F085FA2846214600F02B
:109E300088FA6DE7012812D101273946284605AD79
:109E400034CD5170177100F08DFA0022284621465A
:109E5000FFF75AFD28462146FCF7A6FF57E707986B
:109E600006993246FFF71EFC2B464CE7032038705C
:109E700013E1A0780B2800D045E7042038700221B8
:109E800018461D4600F05DFA0124079F384621461A
:109E9000FCF78AFF002238462146FFF735FD2846A9
:109EA00000F060FA34E70B20A070012060700320FE
:109EB00020700520A1E006203870012185E102967E
:109EC0002546A61C0024204603930492FA4988479D
:109ED000069009902046F8498847F7490A9020469D
:109EE0008847044617206870032028700894387A41
:109EF0000002797A09044018B97A09064018C01C92
:109F00003060049D2846333000F034FA70600698C3
:109F10000006E98D09020818F97B4018B06009AD08
:109F2000681C00F027FAF060200669794018A979CA
:109F300009024018E97909044018306108AC6078DA
:109F4000A17809020818E178090440187061029E9E
:109F500008222846049D2946F8F7D3F92035042223
:109F600020462946F8F7CDF90720387001210798D7
:109F70000A46F9E0082038700426C9E6A0781128BE
:109F80005BD0072859D00D2857D0042800D0BAE656
:109F900009203870E01C11460831164608221F4679
:109FA000F8F7AFF90B343146243104222046F8F794
:109FB000A8F92E66012100220798FFF7A5FC384674
:109FC00000F0D0F90526A3E6A078112843D00D288B
:109FD00041D0052800D096E601210798FCF7E4FE61
:109FE0000A200AE00620A070012060700320207083
:109FF0000221184600F0C9F90B20387088E60C20C1
:10A00000387017E1A078062800D07CE60492002082
:10A010003870C34800682C21405CC007C10E6F2017
:10A02000C04348401D465A8F3979C0B2012900D03B
:10A0300012E1114600F0BAF912E1B94800682C218A
:10A04000405C0001C0438021014390200840174636
:10A050005A8F1A210CE0B24800682C21405C0001A4
:10A06000C043802101439020084017465A8F0621A3
:10A070001D46002300F0CCF9284600F0FBF92846E5
:10A0800000F000FA079806993A46FCE0032005998B
:10A0900048700121184600F054F90B2638E6A078E4
:10A0A0000B2800D02FE604200599487003262FE6E0
:10A0B000A078032800D026E6052005994870E01C0A
:10A0C00011463031082517462A46994B98472046B5
:10A0D0000B3039462E310222954B984720460D30E1
:10A0E00039462A46924DA847153420370422204687
:10A0F0003946A84768E0002706978C4D38460393F9
:10A100000492A84709903846A8470A903846A847BD
:10A1100004210191A1700D2161700321217008902B
:10A12000E11C09A8009002960826814B3246984708
:10A130000B3408AF38462146019D2A467C4B984790
:10A14000049C2146083100983246029E784B98477D
:10A15000774B2434214638462A46984706200599ED
:10A160004870012207980699FFF7CEFB039800F08C
:10A17000E1F8CDE56B4800683621415C890604D5DD
:10A180003630407AC00600D58BE000210798FCF7F6
:10A190000BFE0D27C1E0059FF878002876D005203A
:10A1A000A07001206070032020702A6600211846EC
:10A1B00000F0EBF808207870AAE5A078062800D017
:10A1C000A1E50A200599487000210798FCF7ECFDED
:10A1D0009EE504920020059D01906870504800683B
:10A1E0002C21405CC007C10E6F20C04348405A8FED
:10A1F000297901290393C0B234D1114600F0D6F871
:10A2000034E01846154600F035F9079806992A46B5
:10A21000FFF748FA00200599487079E5204619466D
:10A220001C4600F039F90C200599487035E00920EA
:10A230000599487006266BE506202146A07001248A
:10A240004C70032008700B20059948701846214671
:10A2500000F09BF83C705BE50021012300F0D8F88A
:10A26000069C07E00021012300F0D2F8039D069C24
:10A2700001993970284600F0FDF8284600F002F9EF
:10A2800007982146049AFFF70DFA41E52046194642
:10A290001C4600F001F90C207870204600F0F2F81E
:10A2A00036E51F4800682C21405CC007C00E0296AE
:10A2B000154603D0192202E08FC005100A226F2133
:10A2C000C9434840C1B2E88D01905C8F16480068D0
:10A2D0000069042307910693F2F700FA0727002884
:10A2E0001AD006460472200A707230460A303035A1
:10A2F00008222946EAF780FC0199080AF074B17433
:10A300000520F0710D20B0713E20707106983071FB
:10A3100007983146F2F73EFA029E05984770F7E437
:10A32000100E0020240E0020140E00208FC00510F7
:10A330000323051088214058018880220A430280A7
:10A34000704788228058002907D0012903D001884E
:10A3500040220A430280202100E0402102880A4373
:10A3600002807047882140580188012212020A4366
:10A3700002807047017842781202511882781204E4
:10A380008918C0780006081870478822805800296C
:10A3900007D0012903D0018810220A430280082136
:10A3A00000E0102102880A4302807047B0B50D46D4
:10A3B0000446C00606D414480068342140560028DC
:10A3C00004D4B0BDBF200440072200E017220F488C
:10A3D00000686107C90E4018006902232146F2F7A0
:10A3E0007DF90028EDD0014605720020C8710320D8
:10A3F00088713020487104200871280A487220466C
:10A40000F2F7C8F9B0BDC046240E0020140E00209B
:10A41000F8B51E4615460F460446C00606D4134836
:10A4200000682F214056002804D4F8BDBF20044006
:10A43000062200E016220E4800686107C90E401887
:10A44000006902232146F2F749F90028EDD00146C0
:10A4500005728672C7710420887108224A710871DA
:10A46000280A48722046F2F795F9F8BD240E00201C
:10A47000140E0020882140580188802291430180D9
:10A4800070470000882140580188024A0A40028033
:10A490007047C046FFFE000070B5044603260670F4
:10A4A00002252846FBF730F9002804D00620207149
:10A4B0001120354601E006260D20E670A07065707B
:10A4C00070BD0000F0B5C7B01F46154604460791A1
:10A4D000FBF7CCF808902046F1F764FDFF22062D2B
:10A4E00000D962E1064606944920800033183446BC
:10A4F0002C346D007D44AD886D00AF440600100023
:10A5000056012900560156015E000799012962D1C2
:10A5100008984079002800D1A8E02C2245E1144693
:10A52000B8780E2801D0082877D1F8780021089A49
:10A5300051719071FA1CB878082806D1107800077C
:10A5400003D41888202101431980002040216CE0A9
:10A55000B878072800D18BE01F212C2800D194E087
:10A56000092800D0BFE004930592FD1C0020402183
:10A5700002902A46334600F01DF908980079C10779
:10A5800007D0089C2068002208232946FAF7ADFA74
:10A5900020798007089D07D5E879002804D00A2093
:10A5A0003856002800D5F8E0049B18882021014384
:10A5B000198002990391059AADE003203870089E36
:10A5C0007079002805920AD01B207870079801281E
:10A5D00033D02C2032E006981446089AD9E009209E
:10A5E00006907870FD1C0026082228463146049209
:10A5F000EAF706FB3F21012230462B4600F00CF91A
:10A60000B879F7210140B971079801286FD12078F6
:10A610000228059A78D1049877E03879089948712A
:10A62000C0214843803880B27A1D334600F0C2F81A
:10A6300000210698FCF7B8FBADE02B20B870012490
:10A64000204600F047F9F870707938717D1D0021BF
:10A6500018222846EAF7D4FA7079C0214843803896
:10A6600080B222462B4600F0D7F89DE009229CE0FC
:10A670002078032843D10320314614461D4600F0BC
:10A6800039F92B4622461A203AE0039118882021F6
:10A6900001431980089D69793C798C423BD1049330
:10A6A0000592C0214C43803CA0B27A1D03923346F0
:10A6B00000F080F82879C00707D0E008F8220240AF
:10A6C000286818230399FAF710FAEA79FC78A2426D
:10A6D000069800D3224669799142049B17D2491CFF
:10A6E000697101215EE003910021089D13E0069845
:10A6F000B870F878089989790140F97054E01F2002
:10A700000390089D697906E00E20B8704DE00020A6
:10A710000390059A214614462879C0072CD002914F
:10A72000049309ADF8212846E7F7B2FE089840796E
:10A730001823434308330898006800272946089DDA
:10A740003A46FAF799F928680321F8F725FA2F60B5
:10A75000728F2879800705D4022009AB0399FBF793
:10A7600023F808E0687909A9009001910220039973
:10A77000029BFBF75BF8049B18882021014319809A
:10A780000B480068417FFD220A40427706980799EE
:10A790002A46FEF787FF224607E06879401C687169
:10A7A00001210698FCF700FB059A104647B0F0BD62
:10A7B000240E0020FEB5029301920024154D009155
:10A7C0000E2C26D02E88864220D3361AB7B28F425E
:10A7D0001CD22606F10E0726FB083740019AD35CEF
:10A7E000FB40DB0726400127B740002B06D0029B29
:10A7F0005A1883235B00D65C3E4305E0029B5A183F
:10A8000083235B00D65CBE43D6540099AD1C641C08
:10A81000D6E7FEBD2CD50510FEB50093019202913E
:10A820000646E320C4430027264A002C26D01019F0
:10A83000E621455AB5421ED302998D421BD8019993
:10A84000002906D03946204B1940162913D0252956
:10A8500011D0E821405C00F061F81A4A00280AD0C3
:10A86000A81B0721014001228A40C008009B195CF7
:10A870001143144A1954A41D7F1CD6E71348841CA5
:10A880000027052F1DD02588B54217D30298854291
:10A8900014D8A07800F042F800280FD00C480068C7
:10A8A000007FF840C00709D0A81B07210140012202
:10A8B0008A40C008009B195C11431954A41D7F1CD9
:10A8C000DFE7FEBD48D40510FF7F0000EE24041032
:10A8D000240E002010B500F06BF80446403880B21A
:10A8E0001821EEF77DF9402C01D3401C00E0002038
:10A8F000C0B210BD10B50C46FCF74AFBC108C9B286
:10A90000012909D8072210400122824060188321C2
:10A910004900435C9343435410BD000010B50F2819
:10A9200011D801460120C0467944097949008F4475
:10A930000B070C0F1215181B1E24272A2D30333A33
:10A94000F0F7ECF931E0002010BDF0F7EBF92CE066
:10A95000E7F7B0FF29E0F0F7E7F926E0F0F7E0F9D4
:10A9600023E0F0F7E3F920E0F0F7E4F91DE0F0F779
:10A97000E1F90446F0F7DAF913E0F7F70FFA14E01B
:10A9800000F066F811E0F0F7D7F90EE0F0F7D6F92D
:10A990000BE0EAF72FF908E0F0F7C6F90446EAF70A
:10A9A00029F9604301E0FAF767FD411E884110BDB7
:10A9B000FEB50190E320C6430024214F2246002E1D
:10A9C00020D0B819E621455A91B28D4217D9029488
:10A9D0001446E821405CFFF7A1FF00280DD0019844
:10A9E00000282246029C06D0204616490840162818
:10A9F00005D0252803D02A4601E02246029CB61D38
:10AA0000641CDCE71048841C0026052E16D025881F
:10AA100090B285420FD91746A078FFF77FFF002834
:10AA200008D00A480068007FF040C0073A4602D0CC
:10AA30002A4600E03A46A41D761CE6E790B2FEBD29
:10AA400048D40510FF7F0000EE240410240E0020DF
:10AA500000207047F0B587B0039317460C460546B3
:10AA6000F1F7A0FA0646284601942146FAF7FEFDC2
:10AA700004462846F1F7F2FDFF23072F00D97DE1B8
:10AA80000495029409214901751834462C347F003D
:10AA90007F44BF887F00BF4407001C0046006E0053
:10AAA0008A0071012700910020780199012900D0C6
:10AAB000D4E0022800D010E10298007C032800D1E5
:10AAC0005FE1012800D059E10220029908741723A0
:10AAD00054E1039AD07805A988701079C870049859
:10AAE0001C4600F0A0F948E12E462178019A012A7F
:10AAF00000D08FE00229029A049D00D0CDE0117CA5
:10AB0000022900D150E1002900D037E11620039935
:10AB10008870032048700870D07CC870107D087160
:10AB2000012010742AE100930127049D284639462C
:10AB3000F6F7E2FB0446062800D0022705A8877135
:10AB4000039AD17881701179C1702846F1F72AFAF9
:10AB5000064600212846FAF789FD02462C20305C83
:10AB6000022800D08DE0FF2006301082062C00D194
:10AB7000A7E02A20A6E0039A9078072800D1B1E048
:10AB80002F461128049D00D1C0E0182800D1D3E041
:10AB9000172800D0F2E005A900200871D07888704D
:10ABA0001079C87028461C4600F09BF9E5E0039830
:10ABB00080781C4616286BD02A216AE000939636CE
:10ABC000049F3846029900F01FFA617D384600F074
:10ABD00038FA617D029C384600F034FA618820889A
:10ABE0003288904202D17288914207D071803080C1
:10ABF00072B6A87940210143A97162B672B6A879EC
:10AC000020210143A97162B6049801992246FEF7FA
:10AC100049FD5CE00229029A049D48D1117C052976
:10AC200000D1E1E0002900D0A8E000931821039BA7
:10AC3000997005215970174603241C70017AD97048
:10AC4000407A1871591D02223046F7F75AFB3C74BE
:10AC5000308800283BD028460199BEE0022838D130
:10AC6000029E307C032800D082E01C46707C05A93F
:10AC70000871049D2846324600F0E5F9002853D1BA
:10AC80007BE0062C2BD105A9284600F0CCF81EE06D
:10AC900023213046FEF772FE6FE01620039988707C
:10ACA000032048700870D07CC870107DA5E0172084
:10ACB00003998870032048700870507DC870907D9B
:10ACC0009BE02320907400212846FCF76DF8009B40
:10ACD00054E002220498FEF717FE18234EE00021EC
:10ACE000284694E71E4605A9072088700020487072
:10ACF000D0780870029F787CC870049D284600F0C8
:10AD0000FAF920783C46032827D02AE005A911202B
:10AD10008870D078087010794870029E707CC87076
:10AD200028461C4600F0E7F92846314600F06CF949
:10AD30002846019932461EE01E46D01C05AC05226D
:10AD40002146F7F7DEFA029A507C20712846214608
:10AD5000144600F078F9002851D02846214600F02A
:10AD600053F9284601992246FEF79CFC334605E03C
:10AD7000049832461C46FEF795FC2346184607B059
:10AD8000F0BD1C46029E707C05A90871049D2846F2
:10AD9000324600F058F9002842D02846314600F0EB
:10ADA00033F901212846C5E700931821039B9970C8
:10ADB00005215970174603241C70017AD970407A16
:10ADC0001871591D02223046F7F79BFA3C743088FF
:10ADD000002800D17BE701212846FEF7C0FDB079AD
:10ADE00010210143B17172E716200399C870112038
:10ADF0008870032048700870907C0871BEE7019C41
:10AE0000012C04D1012102222846FEF77DFD2846AF
:10AE10002146FEF78DFDB87910210143B971A5E7F0
:10AE200004203074A9E7F0B585B00F460446F1F769
:10AE3000B9F80546002120460291FAF717FC0646AC
:10AE4000012001907074B878F074F8783075922011
:10AE5000285AF08103A80471039600F077F92C209A
:10AE6000285C2C35022808D1707C38712046394680
:10AE700000F037F80298307425E02046F1F7EEFB39
:10AE800081787175C778B775337D0B40DBB2002BC5
:10AE900019D081798B4216D0D90702D0019A114678
:10AEA00001E00221019A5B0700D50421F37C1F40D9
:10AEB0007B0703D4C079001F424242410096012320
:10AEC0002046FEF729FC00212046FBF76DFF28787D
:10AED000022804D1002102222046FEF715FD05B00C
:10AEE000F0BDFEB50D460446F1F7B8FB06462879DD
:10AEF0000128029014D1002520462946FAF7B6FB16
:10AF00000746027DC37C9342019505D1032B02D3F2
:10AF1000042B019D00D10125F0781840B37814E08E
:10AF2000012120460191FAF7A1FB0746AB78437552
:10AF3000EA7882750025934204D1032B01D3042BB8
:10AF400000D10125387D1840FB7C1340002D02D034
:10AF50008342034607D10021002B0A460AD0DA07B4
:10AF600004D0012203E0002211460DE004229B07D9
:10AF700000D50222002807D0C10701D0012100E03E
:10AF80000421800700D50221B37900209A420346AC
:10AF900000D013463372F279914200D008467072A5
:10AFA0002046F0F7FFFF0546FA35717A002902D1F5
:10AFB000317A002918D0034642332A88018F188835
:10AFC000FEF7C6FCE884317A00290FD0F0790097AB
:10AFD00008404007C20F01232046FEF79DFB317A4F
:10AFE000204600F0BEF801E00020E8840298012825
:10AFF00009D02046019D2946FBF7D6FE02222046B5
:10B000002946FEF781FCFEBDBCB50D460446F1F7AE
:10B0100025FB002807D08179C079042807D128466C
:10B020000C30012205E0A81D0022012101E0A81D2D
:10B03000002200886880009500232046FEF76CFB04
:10B04000BCBD70477047FEB501920C460646F0F74E
:10B05000A9FF07463046F1F701FB05462C20029771
:10B06000395C032913D127780120042F30D8032F0E
:10B070002ED06278042A2BD8032A29D009235B0119
:10B080000298C3186A722F7262881A8000E02F7AC1
:10B09000002F02D16A7A002A16D00020032917D186
:10B0A000697A002914D0EA79019B00933A4052074B
:10B0B000D20F044601233046FEF72EFB697A304654
:10B0C00000F04FF8204603E021790120002900D04C
:10B0D000FEBD0446E97903204A0700D50146029ADD
:10B0E000528FAB790091590700D50346802000218B
:10B0F000F1F7FAFBE6E77CB50E460546F1F7AEFA46
:10B1000004462846F0F74EFF0546B078072809D1D7
:10B1100008202946FFF7EEFB0B202946FFF7EAFB44
:10B120001A2100E07178F078002800D07CBDE67923
:10B130000320720700D506466A8FA37900965C0744
:10B1400000D503468020F1F7CFFB7CBD0068A92124
:10B15000090181812922D200C2804181018182803E
:10B1600070477047F0B585B01C4616460F46054639
:10B17000FAF77CFA02902846F0F714FFFF22062E19
:10B1800000D9B2E00346C0467E4436797600B74423
:10B19000031AAC25ACAC3F00012F4AD149208000F6
:10B1A0001C18185AC105029E6CD52846314600F07D
:10B1B000A1F8012128463246FEF774FA21884C484E
:10B1C0000840FF225FE01E460192284600F0A3F8E7
:10B1D00000283BD028463946029A68E0A0780C281F
:10B1E00000D082E0E01C01920522029E31461C46FE
:10B1F000F7F787F8284639463246FEF753FA608F4C
:10B20000314600F091F82846314600F073F850E0DE
:10B21000164604A830210180012F50D14920810019
:10B22000585A820547D501212846029AFEF73AFA74
:10B2300045E0284639461446029E3246FEF732FA69
:10B240002846314600F056F822464EE0E01C052222
:10B250000092029C2146F7F754F831463C312046D3
:10B26000009AF7F74EF8492081007018715A0A06C3
:10B270000DD4012252021143018028463946FBF7C2
:10B2800093FD16E00C228021884320802DE00122CE
:10B29000120211430180708F029C214600F044F895
:10B2A0002846214600F026F8284639462246FEF771
:10B2B000F9F9019A19E059188022104308801020EA
:10B2C000E0700C20A0700620607003202070211D0B
:10B2D00004A802252A46F7F714F803A820210180C4
:10B2E000A11D2A46F7F70DF83246104605B0F0BD0D
:10B2F000FFFE000010B50C46F0F754FE0146492051
:10B3000080000A5A102313430B523C310522204679
:10B31000F6F7F7FF10BD80B5F0F744FE492189002C
:10B32000405CC006C00F80BD70B50C460546104895
:10B3300000683021405C000719D50E48006880691C
:10B34000022121220323F1F7C9F900280FD0064674
:10B35000001D2946224600F00FF80820B0710C208D
:10B3600070710420307102203146F1F713FA70BD7C
:10B37000240E0020140E002001710023C370090A5E
:10B38000417111788171517893780372C171D178CC
:10B390001279827241727047FEB50446AE20275C76
:10B3A00001253D40BA07D00F28187907C90F40186A
:10B3B000401EC0B2AE34267CB0420FD101920120B3
:10B3C0000290F7F791FD012E0AD0022E0ED1C0B2E5
:10B3D0000621EDF705FC12A0405C12E0607C11E054
:10B3E00002990840002D04D10CA108E0B808381AD1
:10B3F00007E00199002901D407A100E005A1081880
:10B40000007860747100C2B2CA400320104024303A
:10B41000FEBDC04606090000070D00000B0E00002F
:10B420001B1E272D36390000B0B5FFB083B00C4687
:10B4300005468B68CA8889886846801D00F01AF81E
:10B44000280702D5A068F2F791FB6846817A890047
:10B45000CA1D8270120AC27005220271044A02805B
:10B460000C2242710B31F3F743FE7FB003B0B0BD45
:10B4700082FF0000B0B51C465B88150AC57082705B
:10B480000A0A42700170591E8A080271A589431D7B
:10B490008AB2681C81B22046F4F7D4FFB0BD000028
:10B4A000B0B5FFB083B00C4605468B68CA88898862
:10B4B0006846801D00F01EF8280702D5A068F2F744
:10B4C00055FB6846C17A039A120251180A4609329E
:10B4D0008270120AC27004220271054A02800C2294
:10B4E00042710D3189B2F3F703FE7FB003B0B0BDF6
:10B4F00082FF000070B51C4605465E88100AE870A1
:10B50000AA70080A687029709889401C81B2184690
:10B5100000F00EF8B11E0A0AAA7169712871A0899B
:10B52000EB1D8AB2801C81B22046F4F78BFF70BD00
:10B530001CB51F2903D801AA1180406805E04068A6
:10B5400001AC2246F8F7DEFF2188401800791CBDC7
:10B55000B0B5FFB083B00C4605468B68CA888988B1
:10B560006846801D00F01AF8280702D5A068F2F797
:10B57000FDFA6846C1890A460C328270120AC2700E
:10B580000C220271044B03804271103189B2F3F72F
:10B59000AFFD7FB003B0B0BD82FF0000FEB51C461A
:10B5A000174602910546588801909889401C81B23F
:10B5B0001846F4F764FF0646A089C01C81B22046F5
:10B5C000F4F75DFF0199491F0A0A6A722972A8718E
:10B5D000320A6A712E713A0AEA70AF70029B1A0A37
:10B5E0006A702B70000AE871A0890A358AB2401D82
:10B5F00081B220462B46F4F725FFFEBDB0B5FFB063
:10B6000083B00C4605468B68CA8889886846801DC9
:10B6100000F01CF8280702D5A068F2F7A7FA6846E0
:10B6200041890A4608328270120AC27008220271E9
:10B63000054A02800C2242710C3189B2F3F758FDA1
:10B640007FB003B0B0BDC04682FF0000B0B51C465D
:10B650005B88150AC57082700A0A42700170591E13
:10B6600001710A0A4271A589831D8AB2681C81B2E0
:10B670002046F4F7E7FEB0BDB0B5FFB083B00C468E
:10B6800005468B68CA8889886846801D00F01EF8C8
:10B69000280702D5A068F2F769FA6846C17A039ACA
:10B6A000120251180A4609328270120AC2700A2226
:10B6B0000271054A02800C2242710D3189B2F3F702
:10B6C00017FD7FB003B0B0BD82FF000070B51C460F
:10B6D00005465E88100AE870AA70080A687029702A
:10B6E0009889401C81B21846FFF722FFB11E0A0A52
:10B6F000AA7169712871A089EB1D8AB2801C81B280
:10B700002046F4F79FFE70BDB0B5FFB083B00C4685
:10B7100005468B68CA8889886846801D00F01EF837
:10B72000280702D5A068F2F721FA6846C17A039A81
:10B73000120251180A4609328270120AC270062299
:10B740000271054A02800C2242710D3189B2F3F771
:10B75000CFFC7FB003B0B0BD82FF000070B51C46C7
:10B7600005465E88100AE870AA70080A6870297099
:10B770009889401C81B21846FFF7DAFEB11E0A0A0A
:10B78000AA7169712871A089EB1D8AB2801C81B2EF
:10B790002046F4F757FE70BDB0B5FFB083B00C463D
:10B7A00005468B68CA8889886846801D00F01CF8A9
:10B7B000280702D5A068F2F7D9F9684641890A46F8
:10B7C00008328270120AC27009220271054A028090
:10B7D0000C2242710C3189B2F3F78AFC7FB003B0BE
:10B7E000B0BDC04682FF0000B0B51C465B88150A9C
:10B7F000C57082700A0A42700170591E01710A0AEE
:10B800004271A589831D8AB2681C81B22046F4F773
:10B8100019FEB0BDB0B5FFB083B00C4605468B68CD
:10B82000CA8889886846801D00F01CF8280702D560
:10B83000A068F2F79BF9684641890A46083282708F
:10B84000120AC2701E220271054A02800C22427145
:10B850000C3189B2F3F74CFC7FB003B0B0BDC046E9
:10B8600082FF0000B0B51C465B88150AC570827067
:10B870000A0A42700170591E01710A0A4271A589B3
:10B88000831D8AB2681C81B22046F4F7DBFDB0BD8F
:10B89000B0B5FFB083B00C4605468B68CA8889886E
:10B8A0006846801D00F01CF8280702D5A068F2F752
:10B8B0005DF9684641890A4608328270120AC270F0
:10B8C00007220271054A02800C2242710C3189B2B2
:10B8D000F3F70EFC7FB003B0B0BDC04682FF00009E
:10B8E000B0B51C465B88150AC57082700A0A4270A2
:10B8F0000170591E01710A0A4271A589831D8AB21D
:10B90000681C81B22046F4F79DFDB0BDF8B5044631
:10B91000C00628D41F4616460D4615480068610724
:10B92000C90E40180069622203232146F0F7D6FEB3
:10B9300000281AD00146067385720C2048721C201C
:10B9400008723A460027CF71072088718A73FF205A
:10B95000487182200871300A4873280AC87220464C
:10B96000F0F718FF02E0862700E007273846F8BD09
:10B97000140E0020F0B5FFB086B00C4605460B89CA
:10B98000CA8889886089A6892769009001960297EC
:10B9900003A8801D00F01CF8280702D52069F2F7E3
:10B9A000E5F803A8C1890A460C328270120AC270F7
:10B9B0001B220271054A02800C224271103189B2A9
:10B9C000F3F796FB7FB006B0F0BDC04682FF0000E3
:10B9D00070B515460446059A02720498A071237149
:10B9E000A5702170160A6672000AE071180A60716B
:10B9F000280AE070080A6070069881890A34491D97
:10BA000089B22346F4F71EFD70BD0000F8B5044668
:10BA1000C00620D41F4616460D461148006861072F
:10BA2000C90E40180069122205232146F0F756FE80
:10BA3000002812D001460898079A069B48610A829E
:10BA4000CB818F814E810D81064848602046F0F7FA
:10BA5000A1FE0020F8BD8620F8BD0720F8BDC04635
:10BA6000140E002075B90510B0B5FFB083B00C46B8
:10BA700005468B68CA8889886846801D00F01CF8D6
:10BA8000280702D5A068F2F771F803990A460A322E
:10BA900068468270120AC2700E220271054A028044
:10BAA0000C2242710E3189B2F3F722FB7FB003B052
:10BAB000B0BDC04682FF0000F8B51C4617460E46D2
:10BAC0000546588800909889401C81B21846F4F7C2
:10BAD000D6FC0099C91E0A0AEA71A97128713A0AAE
:10BAE000EA70AF70320A6A702E70000A6871A0891D
:10BAF00008358AB2C01C81B220462B46F4F7A2FC5E
:10BB0000F8BD0000F8B50446C00625D416460D461B
:10BB1000144800686107C90E4018006960220323B9
:10BB20002146F0F7DBFD002818D001460673857228
:10BB30000C204872172008720027CF7106208871E8
:10BB4000FF20487182200871300A4873280AC872A1
:10BB50002046F0F71FFE02E0862700E00727384660
:10BB6000F8BDC046140E0020F8B50446C0062ED419
:10BB70001F4616460D46184800686107C90E401852
:10BB80000069612204232146F0F7A8FD002820D097
:10BB90000146069808748F730E738D720C224A72D8
:10BBA00019220A722B460025CD710A228A71FF22C2
:10BBB0004A7182220A71000A4874380AC873300A2E
:10BBC0004873180AC8722046F0F7E4FD02E08625A3
:10BBD00000E007252846F8BD140E0020F0B5FFB0A0
:10BBE00086B00C4605460B7ACA8889886089A68982
:10BBF000276900900196029703A8801D00F01EF8A7
:10BC0000280702D52069F1F7B1FF03A8417B827BA9
:10BC1000120251180A460B328270120AC2701A229E
:10BC20000271054A02800C2242710F3189B2F3F78A
:10BC30005FFA7FB006B0F0BD82FF0000B0B51546D8
:10BC40000446059AC271049860712371A570217031
:10BC5000130A2372000AA071280AE070080A6070B3
:10BC6000069881890934C91C89B22346F4F7EAFB96
:10BC7000B0BD0000F8B50446C00620D41F461646E5
:10BC80000D46114800686107C90E4018006911226D
:10BC900005232146F0F722FD002812D0014608981E
:10BCA000079A069B48610A82CB810F734E810D81F2
:10BCB000064848602046F0F76DFD0020F8BD86205C
:10BCC000F8BD0720F8BDC046140E0020DDBB0510EE
:10BCD00080B540690149FCF78FFA80BDFDE1051090
:10BCE000044800685821405E0D2141434031C8118D
:10BCF0007047C046240E0020034909683522895C3C
:10BD00000840411E88417047100E0020F8B51F46BC
:10BD100016460D460446C0060BD417480068362167
:10BD2000415C890627D53630C07A800723D51F228B
:10BD300002E0BF2004401122104800686107C90ECC
:10BD40004018006903232146F0F7C8FC002812D0F0
:10BD500001460F20C872FF2088720F734E720D7259
:10BD60001220C871062088713E2048710420087195
:10BD70002046F0F70FFDF8BD240E0020140E002021
:10BD800070B588B00446002805D06846FF212022FF
:10BD9000E8F736FF04E0203168462022E8F72CFF60
:10BDA000194800682C21405CC007C50E01D10C2247
:10BDB0000AE0164800683621415C890622D53630F3
:10BDC000807AC0071ED01B22122045401048006810
:10BDD00080690A232946F0F781FC002812D0064624
:10BDE0000472093069462022E8F706FF0920F07145
:10BDF0002220B0713E2070710420307128463146F7
:10BE0000F0F7C8FC08B070BD100E0020240E002012
:10BE1000140E002070B590B0044600280CD10D46D9
:10BE20002048006864302022E8F7E6FE20356846A6
:10BE300040222946E8F7E0FE1B4800682C21405CC0
:10BE4000C007C50E1FD10B221220454017480068BD
:10BE5000806912232946F0F741FC00281ED00646CF
:10BE60000472093069464022E8F7C6FE0820F071E6
:10BE70004220B0713E207071042030712846314656
:10BE8000F0F788FC0AE0074800683621415C890623
:10BE900004D5363009214056002801D410B070BDB9
:10BEA0001A22D1E7240E0020100E0020140E0020CC
:10BEB000F8B50E460546154800683621415C8906EE
:10BEC00022D53630C07A40071ED514461048006887
:10BED0004069A1212B220323F0F700FC002813D096
:10BEE0000746467205720A3006222146E8F784FEAC
:10BEF0001320F8710920B8713E2078710420387140
:10BF0000A1203946F0F746FCF8BDC046240E0020BB
:10BF1000140E0020054800688421415C843080783C
:10BF2000814201D80020704701207047240E002074
:10BF3000054800688521415C85308078814201D8C0
:10BF40000020704701207047240E002080B503496F
:10BF5000C97A814201D3FDF7C9FA80BD8C0C00205B
:10BF600080B540690149FCF747F980BD4DBF051018
:10BF7000F0B58BB001930092044641208500FAF79A
:10BF80001FFB01466059B422A25800F06FF8074623
:10BF9000A420205A000725469435002805D4012006
:10BFA00000F075F82E490140CF192646B4362046D8
:10BFB000FBF738FD2868698A002902D1F179012947
:10BFC00003D0C11B31D500282FD0B07900282CD048
:10BFD000288A00071ED509A900228A80099202A892
:10BFE000012343763C238376FF238375C2811D4B57
:10BFF0008382636F1C7A04768281C2750391093350
:10C00000029306920491F5F715FDB07B800701D5E8
:10C01000F1F709F80220FFF76FFE0124012809D18A
:10C020006A8A002A09D03C2108E00098076001983C
:10C030000760022420460BB0F0BD43210A48006887
:10C040002C23C05C0001C043A1230343B12018404E
:10C050002B7D9A1AD3B2AA7DFFF758FEEAE7C046B5
:10C06000FF0F0000FFFF0000100E002070B5034618
:10C07000012400268B42254600D33546801898427D
:10C0800000D33446254201D18842F1D370BDE0B5DA
:10C0900001A8E8F7EBFD01988CBD0000F0B58FB06A
:10C0A0000546FBF7A9FC064600F0E8F807462C46D3
:10C0B000A0340895C735079500F0ECF8002F36D06E
:10C0C000059000F0F3F8049000250E950D9530785A
:10C0D000C0090DA90870481C3146083106273A46A8
:10C0E000E8F78AFD0C950B9530784006C00F0BA938
:10C0F0000870481CB11C3A46E8F77EFD0696307879
:10C100000F270740052F01D1E8F7D5FDE37B227902
:10C11000029509AE01960898843000900BA8394624
:10C1200000F0CEF841087E2909D8014608E0002336
:10C1300000281E465CD100262680012358E00121FC
:10C140003170089A526F13680D9EB34227D152681E
:10C150000E9B9A42069E23D10546FF3D6A1E9541DD
:10C16000032F1DD1FF281BD0A0880125800717D5DC
:10C170000498012814D1607E012808D160893D4AC5
:10C18000904204D0C0B209AA521CFFF791FE0126CA
:10C19000079806700021089800F0B9F825E0069E7F
:10C1A000A088C0071FD0052F1DD1304600F0DEF853
:10C1B000012818D10A99099800F03EF941424141FD
:10C1C000294001290FD1049801280CD109AA089807
:10C1D0003146E6F7E5FB002849D0E8F76CFDFF2083
:10C1E0002077042540E000262680059843424341FD
:10C1F0002188A27F002A17D0002917D1E8F75BFD1C
:10C20000002507980570A07F401EA077A088032115
:10C210000140481E8141480020800121089800F01B
:10C2200076F8E8F751FD1AE0002912D00025002B1E
:10C2300015D1607C012801D00F4900E04621089803
:10C240001430EDF726F92088401E2080EDF732F8F3
:10C2500005E0E8F730FDE088401EE0800325002E71
:10C2600002D02088401E208028460FB0F0BD002656
:10C27000BBE7C046FCFF0000EE02000080B50448AA
:10C280000068C068EDF768F8411E884180BDC0466F
:10C29000280E002080B504480068C068EDF764F8F7
:10C2A000411E884180BDC046280E002080B5F2F7AF
:10C2B0005DFD02480068007880BDC046280E002061
:10C2C000F0B587B0CD1EFF21FD2425421CD1002AE8
:10C2D0001AD00D9E0C990C68059406934B6882C881
:10C2E000FF2000063C46844312C603930598029043
:10C2F00006980190684268410090C8B25207D30F77
:10C300003A4600F0BBF80146084607B0F0BDF8B564
:10C310000D460446B120205CFBF776FB0646274617
:10C32000B137F87A3146EDF735FAF87A3146EDF75C
:10C33000FCF9F87AEDF71EFA2046002D09D0FFF738
:10C340002BF80146F87AEDF7B0F92046EDF776F8CC
:10C3500001E0EDF71AF8ECF7ADFFFBF745FB0246FD
:10C36000B87D214600F0BAF8F8BD0000F0B587B0FE
:10C370000446007E617E09020D186A1E082A00D359
:10C380000822A07E0490E07E0390607D0121284F6A
:10C390000191B8470646A07DE17D090208180021F9
:10C3A00006912A46B8472B46029505463543214853
:10C3B00000682D21415C1920C20118460592B8473A
:10C3C0003B4606462E430398000204994718FF2275
:10C3D000F43238460699984705463543781C029949
:10C3E0004843800881B20A2900D80A21207F627F51
:10C3F00012021018059A0E4EB04705432320215C07
:10C400001F20084005211022B047284301D006987C
:10C410000CE0204622300078C00606D11E202228DB
:10C42000F5D0215C401C0029F9D0019807B0F0BD7F
:10C4300021E00510100E0020BFB50C460546F0F7B0
:10C4400049FA3221405C002801D0002011E00A485E
:10C45000006890214058C06B0168086A496A03AAC5
:10C46000012300930192FE2295432A462346FAF7C0
:10C470002BFD04B0B0BDC046240E002070B584B0C2
:10C4800015460A460446002B07D00A9882421FD15F
:10C490000B98684000021BD11BE009980899012302
:10C4A000002902D006461E4004D1002911D10221E4
:10C4B00008400ED00848006890214158C8680969B2
:10C4C00003AE009301962B46FAF7FEFC002800D13C
:10C4D000FF24204604B070BD240E0020FEB5144693
:10C4E0004F6F002834D0CB6B42310888851DC0B215
:10C4F00002900420064620703878C00703D02078C8
:10C50000402101432170012E14D13E460836307877
:10C51000C00703D020788021014321706570A01CE2
:10C52000791C06252A46E8F767FB0834711C20466B
:10C530002A460AE06570A01C791C06221D46E8F711
:10C540005BFB083420462946029AE8F755FBFEBDFE
:10C550000846A4300288500712D4032002408B6A98
:10C56000C88D851DC0B202900620022AC2D050425A
:10C57000504140002070002A13D00193002605E0AE
:10C580000126267000200C2502900190F5F75CF939
:10C59000002804D0217820200843019BABE7019BB1
:10C5A000AAE70226A8E70000FEB50C468021415C00
:10C5B00049060CD48030218A6288521A93B2458A87
:10C5C000AB4209D9207AF7220240227201E0218A87
:10C5D000257B1020019005E0E069431E9841000191
:10C5E00001901546002902D1207A800701D401204C
:10C5F00000E0022002900E4800688827C059001D04
:10C60000E28951181F260E40A9198AB2A16900F0CB
:10C6100011F860612573064B1868C05930180199EC
:10C62000029A114381701868C0593018C570FEBD58
:10C63000240E002010B5521E1F2313439AB2531C20
:10C640009AB29A4201D000220DE053090A46002115
:10C65000541864684450091D2029F9D1116820300C
:10C660005B1E1C04F2D1104610BD0000F0B599B05D
:10C670000646008E401C30862D20305C002808D0F5
:10C680004120345CE8F717FB2046F0F7FDFC042658
:10C69000B4E2FF2420460E303018089030462C308B
:10C6A0000B90354680353746AC373046E4300A903B
:10C6B000F1480068C068ECF757FE099000280C9517
:10C6C0000D963CD03C46374614363046ECF75DFEBE
:10C6D0003046ECF755FE2878800775D40896384622
:10C6E000ECF758FE064628370B980078032800D050
:10C6F000A2E00898ECF74EFE0546BE4213D0317812
:10C7000003200A460240032A08D1890600D40220E9
:10C71000305C062802D10D98FDF7B4FE0C9A106823
:10C72000402101431160287831780143C80600D5C3
:10C7300088E00C980078C00600D581E08DE0049474
:10C7400005973046ECF721FE3046ECF719FE0EACAB
:10C7500000202076A0740790E07500F09FFC06464C
:10C76000C54F3868C068ECF7E3FD0546401E8541BB
:10C77000354365753868C068ECF7F9FD0746401E1B
:10C78000394681412174012D2BD1E8F794FA0A9D95
:10C79000A868002802D0C188491CC180E868002828
:10C7A0000B9C09D0607DECF7E6FE4000E9680818B4
:10C7B0009421425A521C425225460EA801248474E8
:10C7C0000C9A10680026DCE0E8F775FA13200B9944
:10C7D00048700020089948760873087004260A9C5F
:10C7E000D5E1A54908680C46C068ECF7B5FD0546DB
:10C7F000401E294681410EA8039141740C9E317858
:10C800004909012206928A4302752068C068ECF744
:10C8100083FD044698480068C068ECF785FD002C4D
:10C8200078D03078C00600D582E0ECF743FD306860
:10C8300010210143316080E02868402101432960D4
:10C8400001250DE0F9F7BCFE0D9A516C081A6168DC
:10C85000401802D4D16E8842F2D2E8F72CFA0025B3
:10C860000D98F4F71EFA02283DD10C9880680068F4
:10C87000C10615D4400636D50B98407DECF725FE51
:10C880000C9B986801684022914301601868082158
:10C89000884318601320ECF7C3FFE5F7A3F922E003
:10C8A000079500200F900E900B9D687DECF71BFE06
:10C8B000687D0EA9ECF707FF2878032803D10B98B1
:10C8C000407DECF714FF0C9B98680168102291439F
:10C8D000016018680821014319601320ECF7A0FFDC
:10C8E000E5F780F9079DBE420A9F01D0388A788219
:10C8F000002D089806D02168ECF7CBFD00260C9D92
:10C900003C4644E13C46B868032600280C9D00D014
:10C910003AE13CE169426941424242410A4324D042
:10C920000C9A10681021884310600026069622E0B9
:10C93000E8F7C1F90EA8069981740A9D0B9C079E21
:10C94000A868002802D04188491C4180E868002876
:10C9500009D0607DECF70FFE4000E96808184A2115
:10C96000425A521C42520C9A06E0E8F7A4F90EA86B
:10C970003D2606760C9A0B9C25461168202008431C
:10C98000069C794279418901402398434018106000
:10C99000002C05D00EA8047E002C44D1002644E0D3
:10C9A000079602930D981430ECF7F4FC06460F90AE
:10C9B0000178032001400EAC06916173317889063D
:10C9C00000D40220305CE073F4F762FB20730D9A10
:10C9D000916E51660123002F09D00C990968194006
:10C9E00005D01624E8F767F90EA804761BE00C9929
:10C9F00089684978C907039A12D0110610D00699A0
:10CA0000032908D13D241228ECD8194681401B483F
:10CA1000014205D1E6E77078002801D03D24E1E726
:10CA2000079C002C2ED06C7004260EA8407D002898
:10CA30000A9C0C9D00D09BE00D98806C002875D05E
:10CA400016A8F4F7A1FF012810D1E5F733FF01285C
:10CA500053D10B9880780E214143094800689022F9
:10CA60008058C06B80684018C07947E0E8F723F928
:10CA70000EA80121817459E0280E00200200060052
:10CA8000240E002007930D981446ECF783FC05460E
:10CA90000EA800218175C17410950E912006019198
:10CAA00000D141E10B980078022815D1307829781F
:10CAB0000143C8060BD5F9F783FD0D9A516C081A8E
:10CAC000116D401803D40D99C96E884204D2E8F75D
:10CAD000F2F80EA8012181747478002C00D123E1B2
:10CAE0000C9800680825054000D1A0E0EEF716F983
:10CAF000012800D18AE01C2089E001200D9F7C6C78
:10CB0000169DECF77EFE281A7864B96C091B08188C
:10CB1000059A5168814201D9081A506000210D9888
:10CB20008164416300F0C6FA0A9C0C9D0EA8007D4A
:10CB3000012803D10D99886E486604E01220ECF7B5
:10CB40006FFEE5F74FF8A068002802D00188491C65
:10CB50000180E06800280B9F07D0787DECF70BFD83
:10CB60004000E1680A5A521C0A52B87800F0D0FA24
:10CB70000EA8807C01280AD12868102188432860EB
:10CB8000A0680326002802D08188491C81800D9866
:10CB900000F0BFFAF01E01281BD82F46ED68002DCB
:10CBA00019D00B9C607DECF7CFFC02462946103172
:10CBB00001232846FAF7F4F8607D0A9CECF7BDFCE7
:10CBC0000146203508222846F5F79BFB0020F86037
:10CBD00001E0ECF76FFB00F061FA099900290DD133
:10CBE00000280BD1E8F752F87F2804D00546FFF75C
:10CBF00077F8281820700D9800F0A2FA0120F8F7B5
:10CC00001BFBE4F7EFFF304619B0F0BDFC202042DB
:10CC10000DD07078001F707002200A99887113205F
:10CC2000ECF7FEFDE4F7DEFF0EA8407B06900698C9
:10CC3000032811D10EA8C47B022C0A9F18D10F988B
:10CC40004078022814D10EA8012181750C9E30680D
:10CC500002210143316041E00B9E307803280A9F96
:10CC600016D17878002813D002200E9901434CE0A9
:10CC70000D98F8F7FBFB00280C9E1FD00B9C607DE5
:10CC8000ECF7B5FD002D29D0607D00F05AFA25E0C3
:10CC90000F9C6578EEF742F8012801D01F20049020
:10CCA000049828401FD005460D9801990167FFF7A9
:10CCB00031F900281AD002200E9029E00B98007854
:10CCC000032808D1272C06D10F9840780B2802D1D1
:10CCD0000EA80121C1750EA80121C1743068802100
:10CCE0000143316017E001980E9014E0207880062F
:10CCF000C00F2A180D9C618F0798F4F7A3F92067DD
:10CD0000002801D0079900E002210E91880702D582
:10CD1000707DECF76CFD0F980078398A79822021BC
:10CD200001400EA88173109D01210D9C20460691A3
:10CD3000F3F7F4FF22462832A76F002F11D0397A7B
:10CD400009070ED5F96900290BD0854209D0954213
:10CD500007D014460C9A1168029B99431160224631
:10CD600004E00EA9097C00290C9E17D08542079289
:10CD700018D095422AD07869B861397B019C3C7300
:10CD80003A8A511839828AB27B889A4219D2FA8932
:10CD90005118C90617D10068B86114E0ECF78AFA97
:10CDA0000B9DE0E003210D9C2046F3F780FF204619
:10CDB000ECF7E1FAA878272808D10EA80121C1755F
:10CDC00004E0FF6904240E9820430E900D9C204639
:10CDD00000F0C9F905462046F3F763FF0EA98C7DE4
:10CDE000002C20D101281ED101270D9D284639464F
:10CDF000F3F794FF044628462146ECF7E1FA207841
:10CE0000800607941FD421462C46887827280C9E3C
:10CE100048D002284ED1A06E0721089A50503068A1
:10CE20003843306046E0FFF783F800281BD0ECF76A
:10CE300041FA0EA8407C00280BD00D9C0C9E07994F
:10CE40000B9D06980AE02C462846ECF7B4FA0C9E97
:10CE500030E011200D9C0C9E07990B9D20852046EB
:10CE6000ECF7AEFA73E0002FE1D0012DDFD0012CFA
:10CE7000DDD0ECF71FFA8848006888214058398ACD
:10CE8000FA8951181F220A401018811C0D9C204657
:10CE90000791ECF795FA20463946FFF785FB67675F
:10CEA0000C9E53E00B9A907D4871D07D88710020D4
:10CEB0000A990882B0680068010716D4800611D567
:10CEC0000B98407DECF701FBB0680168202291438C
:10CED000016030680421884330601320ECF7A0FC27
:10CEE000E4F780FEECF7E6F921E0002017901690B9
:10CEF0000B9D687DECF7F7FA687D16A9ECF720FC2E
:10CF00002878022803D10B98407DECF726FCECF73B
:10CF1000D1F9B068016808229143016030680421AA
:10CF2000014331601320ECF77BFCE4F75BFE022148
:10CF30002046F3F7BCFEB06801684A0706D5042214
:10CF4000914301600899487E384348760B9D012142
:10CF50002046EFF72CFC0128079904D148780028D7
:10CF600001D0001D48700E98810706D53178090759
:10CF700003D5687D00F0E5F80E98410706D50D98B9
:10CF80007830F0F7C7FDF4F7C1F80E98C00728D045
:10CF90000F984478EDF7C2FE012801D01F2200E06F
:10CFA000FF2222400D9C206F42800F990B789B0638
:10CFB00002D40023037302E001230373521C406870
:10CFC000891C00F0D6F8206F0024C4610F990978FD
:10CFD00003220A40017A11430172FAF7E1FE0D982B
:10CFE00004670EA8C07C012845D10F9801788906F6
:10CFF00001D5032100E00221405C0EA9C8732A2854
:10D0000001D01C2803D1E88A1521089A505200212A
:10D010000D98F3F783FE06460F98007830700F984E
:10D0200040787070EDF782FE0546F4F7B7FEEAB27D
:10D03000C1B21046EEF775FF0EA9897B202901D0F9
:10D04000022100E003210C9D0F9A5118001FC3B26A
:10D0500052789A4200D30246D2B2B01CE7F7CCFD18
:10D060006868016801220A4302601620ECF7D8FBC9
:10D07000E4F7B8FD0B9D0EAC0D98214600F090F83A
:10D08000A07B202800D085E40F98807881090D9836
:10D0900000F087F87EE4C046240E002080B50448E6
:10D0A0000068C068ECF75CF9411E884180BDC0464D
:10D0B000280E002070B5044606462C360546AC35D1
:10D0C000E5F7F8FB01280BD1B0780E2141430E485B
:10D0D000006890228058C06B80684018C07900E0DA
:10D0E0000120ECF78EFB09494843000A1030286004
:10D0F0003278032A07D1626BA36C5B009A18514304
:10D10000090A0818286070BD240E00207102000072
:10D110007047B0B5054641202C5C2046ECF724FA58
:10D1200080216958002805D0480705D42046ECF72F
:10D13000CCF9B0BD0807F9D52046ECF7D4F9B0BD5D
:10D1400070471CB504466946ECF71CFA0098411E6E
:10D150000091002802D10198401E019069462046A6
:10D16000ECF7B1FA1CBD882140580088C0B2C00954
:10D170007047B0B5521E1F2313439AB2531C9AB284
:10D180009A420CD15209031D00240D591D51241D32
:10D19000202CFAD100682031521E1304F3D1B0BD07
:10D1A00070477047F8B50546ECF7F4F804460126D9
:10D1B00028463146F3F7B2FD2C21695C02293AD1A9
:10D1C000844238D028462830844205D0696F2846EA
:10D1D000FFF7EAF9002621E02F4680372846FFF7BF
:10D1E000C2FF3978490619D4AF6F002F16D0002836
:10D1F00014D11148006888214058398AFA89511899
:10D200001F220A401018841C28462146ECF7D8F843
:10D2100028463946FFF7C8F96F67DBE70121284642
:10D22000EFF7C5FA002E06D16178002903D0002857
:10D2300001D0081D6070F8BD240E0020044800686D
:10D240009021405840683D21C90040187047C046B1
:10D25000240E0020B0B5044600252846F8F7BEFB92
:10D260000649897F491C491E06D07A22825AC0305D
:10D27000A242F8D1C038B0BD2846B0BD8C0C002009
:10D2800070B50B4D2868046A002C10D0EFF310869F
:10D2900072B6296820312046F1F7E6FD86F3108842
:10D2A000206901690029EDD0606A8847EAE770BD0E
:10D2B000280E002080B50349C97A814201D9FCF7C4
:10D2C00049F980BD8C0C002080B540690149FAF70E
:10D2D00093FF80BDB5D2051010B504460020012192
:10D2E000074B2246F0F79EFC06480068A8214058EC
:10D2F000E100425CCF2313402033435410BDC046AD
:10D30000204E0000300E0020F8B5294E3168A825C7
:10D310004959C4000A5DD3060ED4930646D50919AF
:10D32000930735D0FC231340521E03241440E21807
:10D330000A70FFF7D1FFF8BDFFF7CEFF3068405904
:10D340000019841C6920C6433746693719480068AC
:10D350003421405C7F1C874228D215480068A425F0
:10D360004059801974366C3006222146E7F74FFC8D
:10D370000028EBD10E4800684059815DFB2915D18A
:10D38000102181550E20ECF74BFAE4F72BFCF8BD89
:10D3900035460024082208462146E7F731FC30686C
:10D3A000B02144544121425C521E4254F8BDC04653
:10D3B000300E0020100E002080B5022802D8FFF7A2
:10D3C000A3FF80BD0449C97AC91C814203D9C01E8C
:10D3D000C0B200F003F880BD8C0C0020FEB50546FD
:10D3E0007420029045430F480068A42101914058E1
:10D3F0004719398902200124002622463346F3F7D3
:10D4000085F938462146F3F7EFF83889F3F7D2F873
:10D41000044800680199405840193146029AE7F7DC
:10D42000EFFBFEBD300E002080B540690149FAF7E0
:10D43000E3FE80BDB9D30510F401FA009600640044
:10D440004B0032001E00140001000000000001002B
:10D4500002000000010003000000010004000000C1
:10D4600001000500010001000600020001000700A4
:10D47000020001000800030001000B00030001008E
:10D480000C00050001000D00060001000E00060062
:10D490000100110007000100120007000100130045
:10D4A0000800010014000800010015000700010039
:10D4B0001600070001001700070001001800060011
:10D4C00001001900060001001A00090000001B00FD
:10D4D000000001001C00090001001D0009000100FE
:10D4E0001E000A0001001F000A00010021000B00BD
:10D4F000010022000B00010023000B0001002400AA
:10D500000600010025000F00010027000C000100AB
:10D510002800050001002B000D0001002C000E006A
:10D5200001003F00000000004000040012001A004B
:10D53000260027001D0002000300050008000B0064
:10D54000210022002300190038B505000C0020003E
:10D55000FAF704FCA04200D00025280032BD704735
:10D5600080B50120FAF778FD80BD098880880840E1
:10D5700000D086207047098882888A4382800020F4
:10D580007047098882880A43828000207047B0B5BE
:10D5900005468068428901894220FEF7B3FA0446B5
:10D5A000002810D1A868428901890120F2F7D8FF2C
:10D5B000A86881880A0603D5FBF79CFEA8688188C5
:10D5C0000222914381802046B0BD10B50446007808
:10D5D000002801D0002010BD60688189491C89B2F3
:10D5E000F8F7DEFC0346A068428901890220FEF7B5
:10D5F0008DF9002800D010BDA068C068818919226B
:10D60000F8F7B9FEA068C06801214180842010BDF0
:10D61000F0B591B0074609AC102020747868818974
:10D62000491D89B2F2F72BFFA08178680FAE0EADCD
:10D6300031462A46F5F73BFD368878680697B96883
:10D640004488C868818907220290F8F794FEE01F99
:10D65000298804910121059180B2039001960598D3
:10D6600087B23C1D06988068C08884423CD8B0B21E
:10D6700009AA0499F8F7B4FD002835D0054610A88A
:10D680000090002208AB0698294600F03DF8862855
:10D6900028D0002836D16E880898436806984068DC
:10D6A0008189C91D89B2039F3A46F5F7D3FB0899D2
:10D6B0000988B94216D1002814D107AF3E70300A4C
:10D6C00078702846F5F768FD0646B870000AF870CD
:10D6D00002988189059A891889B204223B46F2F79B
:10D6E000C5FE0594761CBAE7012F07D106200A2251
:10D6F0000199029BF5F7A4FC862003E002980599A6
:10D700004180002011B0F0BDFEB51F460646089DC1
:10D7100000242C700078012807D1306900281FD020
:10D720000C363E600020287029E00292B068008923
:10D7300001913A462B4600F024F8002812D08428A4
:10D740001DD101984388B0684289018902980090F0
:10D750000220FEF709FA002811D17B20C0430EE019
:10D760000E2005E038680188029A914203D2072012
:10D770002870862003E04168891841602046C0B2C5
:10D78000FEBDF8B51C4600920E460746012208462B
:10D790003946F8F775FD20708625002808D13846EF
:10D7A0003146009AF0F78CFE862802D10E202070B8
:10D7B0002846F8BDF0B58FB00146406801918968F0
:10D7C000CF680DAD0EAC29462246F5F770FC2888CF
:10D7D0000790F0F73BFE02462088029000252B467A
:10D7E00000950395002A069550D05088079002991D
:10D7F00088424BD8A8B2C01801998968C988884264
:10D8000044D81C4608AD059210462946F0F730FE74
:10D810002E7C0398000606D00098864239D1C008B5
:10D820000490069D16E0B98905223846F8F7A3FD55
:10D83000102E01D0022200E00122069DB889401C72
:10D8400081B238460392F8F796FDAD1CF0080490BB
:10D85000841C0096B889401981B23846079AF8F7B7
:10D8600097FDB8892818861C08A800F020F8034600
:10D87000B1B20498C2B23846F2F7F8FDE0B22D1802
:10D880000598F0F761FF02462346ABE703980006D0
:10D8900003D006987880002007E0079881B2042022
:10D8A0000A223B46F5F7CCFB86200FB0F0BD017C89
:10D8B000802900D00C30704770B586B004460078DF
:10D8C000002814D0A589A068C188491FA94200D8A2
:10D8D0000D46AAB22369C0688189491D89B2F2F751
:10D8E000C5FD681DA168C9684880002040E06068E7
:10D8F0008189491C89B2F2F7C2FD0546032205ABB6
:10D900002046294600F036F8002808D00246A068D4
:10D91000C36816202946F5F793FB862028E0606847
:10D920008189C91C89B2F2F7AAFD06466068A16820
:10D930004A89098943885B1F9BB200960193029034
:10D940000A202B46FEF762F8002811D103AB5D7068
:10D95000280A9870DE7017201870300A1871A068B5
:10D96000C06881890522F2F781FD00206060842073
:10D9700006B070BDF0B585B01E4614460F4605468C
:10D9800001A801810271A9680191FBF755FC862865
:10D9900001D112200CE03846F5F7ECFB306000288E
:10D9A00005D0A96809892246F8F76AFC00E0012041
:10D9B00005B0F0BDF0B597B00446406815A914AAAB
:10D9C000F5F775FB0A9460688189491D428889B220
:10D9D000072A05D1F2F753FD0FA98881102004E032
:10D9E00010220FABF2F72EFD80200FA908740A98C1
:10D9F0004078102801D0022100E0042107910A9A02
:10DA00009168CC68CB8805931278002A04940AD0D8
:10DA10006588022D15D3A089401C81B22046F8F7F5
:10DA2000BFFA06460EE015AA1588102812D10FA8D5
:10DA3000FBF770FC002800D1B8E00895A1891122FD
:10DA40001BE00026A089401981B22046F2F717FD9D
:10DA5000089018E00BA8058102220271149A4281F5
:10DA60000B910FA90E91FBF7E7FB862802D116A8B0
:10DA700012229DE00895A18909222046F8F77BFC37
:10DA80000125658000260598801E019014A8008855
:10DA900003900996F6B20695AFB2B8190599884277
:10DAA00074D8089885B20FAA28460399F8F798FB0E
:10DAB00000286BD00446029516A8009000250BABF9
:10DAC0000A9821462A46FFF71FFE00284FD10B98DF
:10DAD000008807990918012F11D1FF2900D3FF21D0
:10DAE0000198814200D301990991CAB2049EB0897C
:10DAF000401C81B23046F8F73EFC022703E0B142F9
:10DB0000049E069F5CD165882046F5F745FB08908A
:10DB1000B089C01981B230462A46F8F739FC079817
:10DB200009990A1A3C46BF1C0A98407810280AD165
:10DB3000B089C01981B23046089D17462A46F8F7C9
:10DB400027FC3A46271D2C46B089C01981B20B9894
:10DB50004368D5B230462A46F2F788FC7D197580B5
:10DB600002200A990870601C0890099E91E7862897
:10DB7000069A16D084280546049821D181898918EF
:10DB800089B2029AF8F704FC842519E0012F06D126
:10DB900016A80A22027015A80588049C09E0002531
:10DBA0000EE016A80278049C089D02E016A8102238
:10DBB00002700A984078A9B22346F5F741FA862503
:10DBC000284617B0F0BDF0B58BB005468068C46834
:10DBD000C7882878002824D02E460C360596686819
:10DBE0008089401C81B2042204AB2046F2F72AFC53
:10DBF000308869787F1E0C2903D1874253D204995B
:10DC0000401A80B2874200D30746BAB27368A0892F
:10DC1000401C81B22046F2F729FC781C608000206D
:10DC20004DE068780C28029707D168688189C91C83
:10DC300089B2F2F724FC0D2201E00B22002004AF90
:10DC400003903880A1892046F8F795FB68688189A0
:10DC5000491C89B2F2F713FC0646788007A80681B2
:10DC600001270771A9680791FBF7E6FA862801D119
:10DC7000122715E03046F5F77DFA002810D001464E
:10DC800006A8009005AB2846039AFFF73DFD002843
:10DC900017D0842818D0862811D106A8077807E065
:10DCA00006A8077004E006A80B27077004A846889A
:10DCB000687831463A462346F5F7C2F986200BB01C
:10DCC000F0BD059E029F93E7A089401C81B204220B
:10DCD00004AB2046F2F7CAFB8420F0E7F0B58DB024
:10DCE0008168CE68C988069101780029079009D01B
:10DCF0007788B089C01981B23046F2F7C0FB079926
:10DD000002460CE040780E2801D0212200E00F22CC
:10DD1000B1893046F8F72FFB01221746079948686A
:10DD20008078801AC0B2450808780028029666D02C
:10DD3000079908460C300190EDB2FF35E8B2002398
:10DD40000393A84200D1B3E0BCB20698A04200D829
:10DD5000AEE0486881890592891889B202220CAB2D
:10DD60000492F2F76FFB07990878012802D1019815
:10DD700008900DE00CA80088F5F7FCF9014607981B
:10DD80008068008908AAF0F79BFB0799842865D072
:10DD90000698041B48780E2809D1B089C119089843
:10DDA0000288944200DB144689B2A2B213E0B08923
:10DDB000C01981B2089A304616883246F8F7E8FA58
:10DDC000A41EB44200D33446A2B2BF1C029EB08946
:10DDD000C01981B2089843683046F2F747FB3F19F3
:10DDE0007780079948782028059A04D10698C01BA7
:10DDF00080B202285CD304980870921C9CE7002132
:10DE00000592079C88B2A84292D2049149006068AA
:10DE100082895118491C89B202220CABF2F712FB1D
:10DE200008A8012606710C990181A1680891FBF7E9
:10DE300003FA86282AD00CA80088F5F79BF9002859
:10DE400027D00799896809890122F8F719FA00286B
:10DE50001ED10499491C029E059AD3E70CA8038899
:10DE6000886842890189002000900220FDF77CFE2D
:10DE700003900028059A1BD17780B089C01981B220
:10DE800092B23046F8F784FA842010E0122600E0BF
:10DE900006460CA80188079840780E2801D10E206C
:10DEA00000E020203246029BF5F7CAF88620039056
:10DEB00003980DB0F0BDF0B589B004460078002895
:10DEC00001D000203BE06068A168C96806914688DF
:10DED0008189491C89B2F2F7D2FA0546F11E6078B1
:10DEE000002752280CD0D2280ED1A06840890428DF
:10DEF00024D10F3E052201270020049005960EE054
:10DF00000591042204970AE00591069EB189132227
:10DF10003046F8F730FA012004907080032207ABF6
:10DF200020462946FFF726FD024608A80270002A6F
:10DF300007D060782946069BF5F782F8862009B05D
:10DF4000F0BD002F08D06168A068008900F023F8B8
:10DF5000002801D00022ECE76168079808AAFBF7C7
:10DF60001BF80028EBD0842812D16068A1684A8988
:10DF70000989059B9BB20095019302900A20049B9E
:10DF8000FDF778FE0028DAD1002060608420D6E713
:10DF900008A80278CDE7F0B58DB00D464F88EFF7B1
:10DFA000C3FD002805D00446407C400603D4B120C0
:10DFB00034E0022032E021464C3105A81022E6F779
:10DFC0001BFE083FB9B20C2202AE28463346F2F7D8
:10DFD00039FA3078717809020818B17809044018C4
:10DFE000F17809064118206F814201D8401C10D1F8
:10DFF0000191FAB205A809AE29463346F9F7A1F80E
:10E0000002A8001D083608223146E6F700FE002867
:10E0100001D0052002E00198206700200DB0F0BD7E
:10E02000904201D8884201D21220704700207047E8
:10E03000F0B5FFB08CB00C4605468B68CA8889885D
:10E0400007A8801D00F034F8280702D5A068EFF774
:10E050008DFD07A84189059101890391C18802912D
:10E060000C3004900025049EA8B2059988421CD269
:10E0700031188AA8069002242246E6F7BDFDA81CA6
:10E0800080B2311889AF38462246E6F7B5FD281D23
:10E0900084B230193B8806990A8800900298039947
:10E0A00000F01CF838882518DEE77FB00CB0F0BD12
:10E0B000B0B51C465B88150AC57082700A0A4270AA
:10E0C0000170591E01710A0A4271A589831D8AB225
:10E0D000681C81B22046F2F7B5F9B0BDB0B5FFB00B
:10E0E00083B01C466D462B73AA722972A8711B0A55
:10E0F0006B73120AEA72090A6972000AE87128460B
:10E100000E3086992246E6F777FD20460A30A87041
:10E11000000AE8700F202871FF20687082202870A4
:10E120000C2068710E34A1B22846F0F7E1FF7FB0F1
:10E1300003B0B0BDB0B5FFB085B00C4605468B68E6
:10E14000CA88898802A8801D00F011F8280702D526
:10E15000A068EFF70BFD02ACA38962892189E088F2
:10E160000E340094FFF7BAFF7FB005B0B0BDF8B52C
:10E170001C4617460E460546588800909889401C54
:10E1800081B21846F2F77BF90099C91E0A0AEA71B2
:10E19000A97128713A0AEA70AF70320A6A702E705B
:10E1A000000A6871A08908358AB2C01C81B2204675
:10E1B0002B46F2F747F9F8BD10B5FFB083B0898858
:10E1C0006C46A01D00F014F8217A481DA070000ACA
:10E1D000E07001202071FF206070822020700820F4
:10E1E000607109312046F0F783FF7FB003B010BDA6
:10E1F000017000228270090A4170704780B50228C0
:10E2000007D0012809D0002806D10020E4F746FBFA
:10E2100080BD0020FFF7A3F980BD0020F9F7AEFE16
:10E2200080BD002070470020704780B58088FFF7D0
:10E2300011F8002804D0BA21405C411E884180BDFD
:10E24000002080BD002070470020704700207047EC
:10E2500080B5FEF7F3FF3821415C002903D0007A36
:10E26000411E884180BD002080BD80B50179407984
:10E2700000024018FEF7EEFF411E884180BD0020DD
:10E2800070471CB589886C46E01C00F00BF805202F
:10E29000A070132060700420207008212046F0F741
:10E2A00027FF1CBD002202710122C2704170027062
:10E2B000090A8170704700207047002070470020D5
:10E2C000704770B504462830EEF79CFE054626469A
:10E2D000C63620463C30EEF795FE002D02D0317850
:10E2E000C90704D1002805D03078800702D5204620
:10E2F000F9F710FBF9F778FB024670782146FEF734
:10E30000EDF870BD10B501242146FEF700F8204657
:10E3100010BDB0B504460546BA35A878EEF7B4FE90
:10E32000BA2000212152FF24AC70A87AFF2801D026
:10E33000EEF796FEAC72B0BD70477047F0B58DB089
:10E3400002930192074642203C5A4B2080003D1820
:10E35000786C0390E6F79EFC01462846099100F090
:10E3600089F80546384600F092F893204600012DC2
:10E3700003D1384600F08CF800E001200A90B8196B
:10E38000059038464230079038462D300890384680
:10E39000803006900B97FA37049700200C90A1B2BA
:10E3A0000B9F38460A9A00F0BEF8F96C41437A6C2C
:10E3B00056187E640C9941180C912418A5B2384661
:10E3C000294600F0B2F80746002802D10998301A11
:10E3D000E5D4069A1068802188431060079E308833
:10E3E000A84205D9049800880B99F83100F02DF95E
:10E3F0003480002F089E1DD10B98416C039A8D1A12
:10E40000294600F023F90746002813D170782946E1
:10E4100000F02BF9074600280CD10B9829460C9ADE
:10E42000019C234600F047F90746206802990860DE
:10E43000002F06D0377000200599087001200DB01C
:10E44000F0BD0B9EB06F002801D0C46900E000242D
:10E450007836002C0CD02546E469287A0007F8D5D8
:10E4600030462946F6F7D8FC2846EFF77FFBF0E761
:10E470000220E4E780B58269531A01D4012080BDEF
:10E48000D243521841685018EAF7AAFB80BD704782
:10E49000F8B505462C20285C0124032841D1288F9B
:10E4A00000283ED02F462C375426B85D800638D53C
:10E4B0002846EAF76FFF29462831884231D1B85DF6
:10E4C0000006800F2DD12846E3300078800728D43D
:10E4D0002E46F6363088002823D1B878012421460C
:10E4E000F7F7DBF80090B8780021F7F7D6F8009935
:10E4F000084302D1288F441C13E0932040002818C1
:10E500000078C0070DD0F88A718D081A81B20229EF
:10E5100007D3441EA1B2288F401C82B2914200D37F
:10E520000446A0B2F8BD10467047FEB50A46044640
:10E5300093204300E05CC10725462C3500297FD09D
:10E540002746E237F98F8A1A160404D010B2002841
:10E5500076D52820FEBDE61842B2002A0FD4410726
:10E5600013D4000736D4A878E4F706FA00285DD063
:10E57000A878012100221346ECF726FF56E0A87880
:10E58000FFF7DAFE30787F214EE0606CAF6F79687C
:10E5900040186064B9683A682878022802910192AC
:10E5A00027D1687DEBF705F8042801D0062800D1B3
:10E5B000022080002118786988650028029B019953
:10E5C00003D0984200D3184620654808616C0818AB
:10E5D00060641AE0E96F687DEBF716F83878012877
:10E5E00004D1E96FBC342046F3F766F93078F7219F
:10E5F0001AE0EEF76FF9029B019961634068002809
:10E6000003D0984200D318462065F86820873869FF
:10E61000E16C0A186266A066994203D0E364204662
:10E62000F7F70AF83078FB21014031703078FC218F
:10E630000140881C30701620EBF7F2F8E3F7D2FAAD
:10E64000A878E4F7A9F90020FEBD7047426E511A80
:10E650004166491E01D4002070478021405C80063D
:10E6600001D5082070473E207047FEB5029105464F
:10E67000F6F754FF07467D20460400240194022C3F
:10E6800015D07879C0070FD0E1B22846F2F734FEF2
:10E69000FD21084208D03868411E0AD4B0423146F4
:10E6A00001D80299411A39600C37641CE7E70198D8
:10E6B000FEBD2220FEBDF0B587B00693059105464C
:10E6C0004120285C13210C01E221695C2E462C3686
:10E6D00001290DD1EAF717FFF28A777D0023009315
:10E6E000019002932946BC313846F2F749FA10E00E
:10E6F0001746EAF731FF049404464743F0783F1881
:10E70000B8B2F2F771FAF070381B049C80B2F2F7DD
:10E710006BFA01462F19707DEBF75DF8307802280F
:10E7200011D12846EAF78AFE2846EAF74CFE707DAA
:10E73000EBF720F8E86C3860288E401C2886686C5F
:10E740000699086026E0AC6C688D0599F2F75CFAD2
:10E750000019A96C002900D10D30E96C49083E3937
:10E76000884201D9082016E0A8642C4614342046BB
:10E77000EAF764FE2046EAF726FE707DEAF7C5FF59
:10E780002A46443207CA3A60401A06990860288E21
:10E79000401C2886002007B0F0BDB0B50D460446E9
:10E7A0004120205CEAF705FF022102460A43062ABF
:10E7B00000D00146002D0BD020462C3000780328D5
:10E7C00007D0022804D188002018806D002800D0CE
:10E7D000B0BD4D208000201801694269511A0268BD
:10E7E0008A42F5D0531A01D95908511A4268914208
:10E7F000EED30160B0BD70B504462C20205C2646E7
:10E80000AC3603280DD14B2080002518284600F097
:10E8100018F80146206D814202D2284600F011F816
:10E8200070602046F2F704FF2046FEF743FC2046C6
:10E83000FEF76FFC316814342046EAF72AFE012007
:10E8400070BD0146896A00290ED0427D4B7D9342FE
:10E85000F8D38269CB69DB43D2184368D218F1D46C
:10E86000C0698969081A00E0406883387047B0B50C
:10E8700004462E20255C2846FFF75FFD2846F2F768
:10E8800007FD002803D12E34E07CEEF7FDFB1620B7
:10E89000EAF7C6FFE3F7A6F9B0BD10B50C46F8F7E6
:10E8A00077FBC108C9B2012909D80722104001220B
:10E8B0008240601883214900435C1343435410BDD8
:10E8C00070B40123002413E00168001D194202D036
:10E8D0004D466918491E0C60091D121F042AFAD200
:10E8E0000D00960701D50C80AD1C1A4000D02C708D
:10E8F0000268001D002AE7D170BC7047F1B40168BE
:10E900004118436858080A1800988068DB0701D549
:10E910004B46C01891422DD00D78491C0324032684
:10E920002E4002D10E78F61C491C2B090F2B07D163
:10E930000B780F33491C03E00F78491C0770401C0B
:10E94000761EF9D1002BE5D00E78491CAD082C407D
:10E95000032C01D10C78491C240234196542441956
:10E960000025AE1E9E42D5D02678641C0670401C41
:10E970006D1CF6E700980C30F2BC704745FFFFFFB6
:10E980000400000030000020600000005C00002057
:10E99000D8060000740700200000000061FFFFFFA0
:10E9A0001F01000008000000C000002051FFFFFF11
:10E9B00013010000CE03000094010020BD1A3CCDDD
:10E9C000A6B8995899B740EB7B60FF4A503F10D2E8
:10E9D000E3B3C974385FC5A3D4F6493F000C000205
:10E9E0000800110200011703010D030101000101DC
:10E9F00000130200030900030900010100010100E6
:10EA00000406001202000309011418001418001271
:10EA100003000701010701000509010509010603BB
:10EA200002060300060500140300090202090100A2
:10EA30000823001002011002010D24020D09020D2D
:10EA400010000E04000A04020A05000A05000F0B5C
:10EA5000020F0B000B04010C0B00082B00031B0022
:10EA6000031B006C888391AAF5A53860370BDB5A2D
:10EA70006083BEE69D350E480103CCDBFDF4AC118E
:10EA800091F4EFB9A5F9E9A7832C5E2CBE97F2D2D9
:10EA900003B0208BD28915D08E1C742430ED8FC228
:10EAA0004563765C15525ABF9A32636DEB2A65490D
:10EAB0009C80DCFB349B5F8000008000100000F233
:10EAC000C20001B01102010607094849445F5858C5
:10EAD000030312180FFF300001201103070000FB91
:10EAE000349B5F8000008000100000022900072096
:10EAF0000500940E041001000210070000D00D0064
:10EB00002003002002800200001C0A0C923C0C92A0
:10EB10005C0C127C0C100101000702200100009C1B
:10EB20000C10033000FC00EC6C11101232041003C6
:10EB3000C00C0020FF01F005040000FFFF030708E0
:10EB400080D003BC100410029C43002A1C610113F6
:10EB5000200203D124D20124F2029848D20424F2E4
:10EB600002A424D2A62412B024B00122070924430F
:10EB7000882B242524333402FBE20048D2C948F212
:10EB800002C86CC3F52B2412D424B1F88218686132
:10EB90000112020C125074F507C0C3081144F202AE
:10EBA0000144F103011001030050021140F2090475
:10EBB0005C1B7C141CB310041C52081C475804082E
:10EBC000F13D013202F02B380E6441A0F244786826
:10EBD00041011001010004021001000074646D0481
:10EBE00003F24A7070F1B301102005010902A1017E
:10EBF00085010901A1000509190129031500250155
:10EC0000750195038102750595018101221015306A
:10EC100009311601F826FF07750C9502810609389F
:10EC20001581257F75081E440106C0C05E3232077B
:10EC300020023200CEFF0927CEFFF8F907886402D0
:10EC40000C170410ACF705FC0DA052FF01A11C6DC0
:10EC50000403213812024A21081152624804220199
:10EC60004B3C034000000F10960371181114F0077D
:10EC700007410024F400D3C80410046170E3821734
:10EC800014116C1C0204010100FC04125004620007
:10EC900004210151081364071CFA1107680009DBFD
:0AECA000B504105B6B0510010401C0
:0400000510057CE185
:00000001FF
