:020000041004E6
:100000000060002021970510499A05104B9A0510B1
:1000100000000000000000000000000000000000E0
:100020000000000000000000000000004D9A0510D4
:1000300000000000000000004F9A0510519A0510C2
:100040004F310410BF3504107B410410334A0410B3
:10005000000000000000000000000000C34C04107D
:10006000599A051013520410A36C0410B76C0410B5
:10007000676E0410759A051000000000A79A05101D
:10008000B59A0510978804108F9A0510000000009B
:10009000879A0510000000009F9A05107F9A0510AE
:1000A000578A0410979A05107F8C0410778E0410DD
:1000B0000000000000000000000000000000000040
:1000C00020204661696C2020203A204144565F453B
:1000D00058545F4275696C645F646174612C20726E
:1000E0006573756C743A203078253032580A0000F8
:1000F0002D2D0A426567696E20746F20636F6E66EE
:10010000696775726520616E642073746172742012
:100110006164766572746973696E67207365747360
:1001200020646566696E656420696E207468652068
:100130006170706C69636174696F6E203A200A00A7
:100140004E756D626572206F6620616476657274AB
:100150006973696E67207365747320737570706F4F
:1001600072746564203A2025640A00004164766553
:1001700072746973696E672073657420636F756E3E
:1001800074206C696D697420686173206265656EA6
:100190002072656163686564202120706C656173FD
:1001A000652075706461746520706172616D65743D
:1001B000657273206170705F636F6E662E68206673
:1001C000696C650A00000000202053756363657345
:1001D000733A206163695F6761705F7365745F6123
:1001E00064766572746973696E675F636F6E666962
:1001F0006775726174696F6E0A00000020204661A5
:10020000696C2020203A206163695F6761705F73C9
:1002100065745F6164766572746973696E675F6344
:100220006F6E66696775726174696F6E2C20726596
:1002300073756C743A203078253032580A0000000B
:100240002020537563636573733A206163695F6748
:1002500061705F7365745F616476657274697369F8
:100260006E675F646174612F6163695F6761705F6E
:100270007365745F7363616E5F726573706F6E73C5
:10028000655F646174610A0020204661696C20200A
:10029000203A206163695F6761705F7365745F61B5
:1002A00064766572746973696E675F646174612FE7
:1002B0006163695F6761705F7365745F7363616ECB
:1002C0005F726573706F6E73655F646174612C201B
:1002D000726573756C743A203078253032580A0094
:1002E0002020537563636573733A206163695F67A8
:1002F00061705F7365745F61647665727469736958
:100300006E675F656E61626C650A00002020466161
:10031000696C2020203A206163695F6761705F73B8
:1003200065745F6164766572746973696E675F6531
:100330006E61626C652C20726573756C743A203046
:1003400078253032580A0000E41400202E3B0000CB
:10035000060007070000380080000000FFFFFFFFD5
:100360006400041008000003F7000100000101020E
:100370000202020000010003000400004572726FD7
:100380007220696E20424C455F535441434B5F4994
:100390006E69742829203078253032780D0A0000E3
:1003A00020204661696C2020203A206163695F68E3
:1003B000616C5F7365745F74785F706F7765725F8F
:1003C0006C6576656C20636F6D6D616E642C207258
:1003D0006573756C743A203078253032580A000005
:1003E0002020537563636573733A206163695F68A6
:1003F000616C5F7365745F74785F706F7765725F4F
:100400006C6576656C20636F6D6D616E640A0000CB
:1004100020204661696C2020203A206163695F6773
:100420006174745F7372765F70726F66696C655F1A
:10043000696E697420636F6D6D616E642C207265E6
:1004400073756C743A203078253032580A000000F9
:100450002020537563636573733A206163695F6736
:100460006174745F7372765F70726F66696C655FDA
:10047000696E697420636F6D6D616E640A000000BF
:1004800020204661696C2020203A206163695F6703
:1004900061705F696E697420636F6D6D616E642C4D
:1004A00020726573756C743A203078253032580AA2
:1004B000000000002020537563636573733A206168
:1004C00063695F6761705F696E697420636F6D6DEA
:1004D000616E640A00000000202053746174696337
:1004E0002052616E646F6D20426C7565746F6F741D
:1004F0006820416464726573733A20253032783A1B
:10050000253032783A253032783A253032783A251B
:100510003032783A253032780A00000020204661D7
:10052000696C2020203A204761705F70726F6669A5
:100530006C655F7365745F6465765F6E616D652081
:100540002D20446576696365204E616D652C2072AF
:100550006573756C743A203078253032580A000083
:100560002020537563636573733A204761705F7031
:10057000726F66696C655F7365745F6465765F6EE4
:10058000616D65202D20446576696365204E616D3F
:10059000650A000020204661696C2020203A20472F
:1005A00061705F70726F66696C655F7365745F61BF
:1005B0007070656172616E6365202D204170706599
:1005C0006172616E63652C20726573756C743A207C
:1005D0003078253032580A002020537563636573E4
:1005E000733A204761705F70726F66696C655F7304
:1005F00065745F617070656172616E6365202D2046
:10060000417070656172616E63650A002020466109
:10061000696C2020203A206163695F6761705F73B5
:1006200065745F696F5F6361706162696C69747939
:1006300020636F6D6D616E642C20726573756C74D0
:100640003A203078253032580A00000020205375B7
:1006500063636573733A206163695F6761705F7399
:1006600065745F696F5F6361706162696C697479F9
:1006700020636F6D6D616E640A000000202046618A
:10068000696C2020203A206163695F6761705F7345
:1006900065745F73656375726974795F726571758E
:1006A0006972656D656E747320636F6D6D616E64E4
:1006B0002C20726573756C743A203078253032586E
:1006C0000A0000002020537563636573733A20614C
:1006D00063695F6761705F7365745F73656375728B
:1006E0006974795F726571756972656D656E747331
:1006F00020636F6D6D616E640A000000202046610A
:10070000696C2020203A206163695F6761705F63D4
:100710006F6E6669677572655F66696C7465725F36
:100720006163636570745F616E645F7265736F6C43
:1007300076696E675F6C69737420636F6D6D616E4F
:10074000642C20726573756C743A203078253032D1
:10075000580A00002020537563636573733A206163
:1007600063695F6761705F636F6E66696775726505
:100770005F66696C7465725F6163636570745F6105
:100780006E645F7265736F6C76696E675F6C6973B8
:100790007420636F6D6D616E640A0000536572763C
:1007A0006963657320616E6420436861726163747C
:1007B0006572697374696373206372656174696FCC
:1007C0006E0A0000456E64206F662053657276697C
:1007D00063657320616E6420436861726163746550
:1007E00072697374696373206372656174696F6E93
:1007F0000A00000020204661696C2020203A206118
:1008000063695F68616C5F7365745F726164696F6F
:100810005F61637469766974795F6D61736B20637E
:100820006F6D6D616E642C20726573756C743A2007
:1008300030782532580A00002020537563636573B1
:10084000733A206163695F68616C5F7365745F729E
:100850006164696F5F61637469766974795F6D6102
:10086000736B20636F6D6D616E640A0D0000000094
:100870003E3E3D3D204843495F444953434F4E4E21
:10088000454354494F4E5F434F4D504C4554455F8F
:100890004556545F434F44450A0000002020202065
:1008A000202D20436F6E6E656374696F6E20486102
:1008B0006E646C653A2020203078253032580A204A
:1008C000202020202D20526561736F6E3A20202059
:1008D000203078253032580A000000003E3E3D3D71
:1008E000204843495F4C455F434F4E4E4543544972
:1008F0004F4E5F5550444154455F434F4D504C451A
:1009000054455F5355424556545F434F44450A0092
:1009100020202020202D20436F6E6E656374696F48
:100920006E20496E74657276616C3A2020202564D1
:100930002E25303264206D730A20202020202D20A7
:10094000436F6E6E656374696F6E206C6174656E63
:1009500063793A2020202025640A20202020202DA1
:10096000205375706572766973696F6E2054696D76
:10097000656F75743A2020202564206D730A00008D
:100980003E3E3D3D204143495F4741505F50524FFD
:10099000435F434F4D504C4554455F565345565465
:1009A0005F434F44450A00003E3E3D3D20414349E0
:1009B0005F4741505F4B455950524553535F4E4F2F
:1009C00054494649434154494F4E5F565345565446
:1009D0005F434F44450A00003E3E3D3D20414349B0
:1009E0005F4741505F504153534B45595F5245510A
:1009F0005F56534556545F434F44450A000000007C
:100A00003D3D3E3E206163695F6761705F70617369
:100A1000736B65795F72657370203A204661696C0B
:100A20002C20726561736F6E3A2030782530325811
:100A30000A0000003D3D3E3E206163695F676170D2
:100A40005F706173736B65795F72657370203A20B4
:100A5000537563636573730A000000003E3E3D3DBD
:100A6000204143495F4741505F4E554D45524943F0
:100A70005F434F4D50415249534F4E5F56414C5585
:100A8000455F56534556545F434F44450A000000A6
:100A90003D3D3E3E206163695F6761705F6E756DCD
:100AA000657269635F636F6D70617269736F6E5FAA
:100AB00076616C75655F636F6E6669726D5F79658F
:100AC000736E6F203A204661696C2C2072656173E9
:100AD0006F6E3A203078253032580A003D3D3E3E58
:100AE000206163695F6761705F6E756D65726963D0
:100AF0005F636F6D70617269736F6E5F76616C7545
:100B0000655F636F6E6669726D5F7965736E6F2086
:100B10003A20537563636573730A00003E3E3D3DA2
:100B2000204143495F4741505F50414952494E4738
:100B30005F434F4D504C4554455F56534556545FA7
:100B4000434F44450A00000020202020202D205043
:100B5000616972696E67204B4F0A20202020202D8A
:100B6000205374617475733A203078253032580AF6
:100B700020202020202D20526561736F6E3A203096
:100B800078253032580A00003E3E3D3D2041434921
:100B90005F474154545F5352565F524541445F563C
:100BA000534556545F434F44450A00003D3D3E3E89
:100BB00020636F6E6E656374696F6E5F636F6D70D7
:100BC0006C6574655F6576656E74204661696C2C32
:100BD000205374617475733A203078253032580A86
:100BE000000000003E3E3D3D206863695F6C655F2C
:100BF000636F6E6E656374696F6E5F636F6D706C4B
:100C00006574655F6576656E74202D20436F6E6E2A
:100C1000656374696F6E2068616E646C653A20303C
:100C200078253034580A000020202020202D204331
:100C30006F6E6E656374696F6E2065737461626C4C
:100C40006973686564207769746820403A2530329A
:100C5000783A253032783A253032783A2530327871
:100C60003A253032783A253032780A002020202088
:100C7000202D20436F6E6E656374696F6E20496E20
:100C800074657276616C3A20202025642E253032FE
:100C900064206D730A20202020202D20436F6E6E6B
:100CA000656374696F6E206C6174656E63793A2058
:100CB00020202025640A20202020202D205375701C
:100CC0006572766973696F6E2054696D656F7574AE
:100CD0003A202564206D730A000000006863695F94
:100CE0006C655F726561645F706879206661696CCC
:100CF0007572653A20726561736F6E3D307825308C
:100D000032580A003D3D3E3E206863695F6C655F76
:100D10007365745F70687920504859205061726122
:100D20006D202054583D2025642C2052583D20250C
:100D300064202D20000000006163695F6761705FBF
:100D40007465726D696E617465206661696C757237
:100D5000653A20726561736F6E3D30782530325888
:100D60000A0000003D3D3E3E206163695F6761709F
:100D70005F7465726D696E617465203A20537563A6
:100D8000636573730A0000006163695F676174746F
:100D90005F636C745F65786368616E67655F636FDE
:100DA0006E666967206661696C7572653A20726566
:100DB00061736F6E3D3078253032580A00000000B4
:100DC0003D3D3E3E206163695F676174745F636CA3
:100DD000745F65786368616E67655F636F6E66698F
:100DE00067203A20537563636573730A000000003F
:100DF0003D3D3E3E206163695F6761705F7365746E
:100E00005F6164766572746973696E675F636F6E44
:100E100066696775726174696F6E202D20666169FD
:100E20006C2C20726573756C743A203078253032E2
:100E3000580A00003D3D3E3E205375636365737361
:100E40003A206163695F6761705F7365745F6164B5
:100E5000766572746973696E675F636F6E666967E2
:100E600075726174696F6E0A000000003D3D3E3E80
:100E7000206163695F6761705F7365745F61647649
:100E80006572746973696E675F646174612046613D
:100E9000696C65642C20726573756C743A203078C7
:100EA000253032580A0000003D3D3E3E2053756318
:100EB000636573733A206163695F6761705F73652F
:100EC000745F6164766572746973696E675F64618B
:100ED00074610A003D3D3E3E206163695F67617059
:100EE0005F7365745F6164766572746973696E6758
:100EF0005F656E61626C65204661696C65642C207B
:100F0000726573756C743A203078253032580A0057
:100F10003D3D3E3E20537563636573733A206163C4
:100F2000695F6761705F7365745F61647665727431
:100F30006973696E675F656E61626C650A000000C7
:100F400044697361626C652061647665727469736B
:100F5000696E67202D206661696C2C20726573753F
:100F60006C743A203078253032580A003D3D3E3EC0
:100F70002044697361626C6520616476657274698E
:100F800073696E67202D20537563636573730A0060
:100F90006163695F6C326361705F636F6E6E65631E
:100FA00074696F6E5F706172616D657465725F7593
:100FB00070646174655F726571202D206661696C73
:100FC0002C20726573756C743A2030782530325855
:100FD0000A0000003D3D3E3E206163695F6C326364
:100FE00061705F636F6E6E656374696F6E5F706171
:100FF00072616D657465725F7570646174655F724E
:101000006571202D20537563636573730A000000BA
:101010003D3D3E3E206163695F6761705F636C6563
:1010200061725F73656375726974795F6462202DA4
:10103000204661696C2C20726573756C743A20309F
:1010400078253032580A00003D3D3E3E20616369FC
:101050005F6761705F636C6561725F736563757212
:101060006974795F6462202D2053756363657373BF
:101070000A00000000000000020000003000002014
:1010800000000000080000008C03002000000000A9
:1010900001000000420600200100000002000000E4
:1010A000320000200000000001000000DC140020DD
:1010B0000000000002000000400600200000FFFFCA
:1010C0000000000004000000BC100410000000003C
:1010D00004000000A4140020000000000100000033
:1010E0005EAE041001000000020000008E1400201B
:1010F00020000000FB349B5F800000800010000097
:10110000052A00001000000001000000D4040020A7
:10111000C01004100A000000FB349B5F80000080B8
:1011200000100000292B000010000000000000004B
:1011300000000000CC10041002000000FB349B5F94
:1011400080000080001000002A2B0000100000002A
:10115000000000000000000000000000020000008D
:10116000FB349B5F80000080001000003A2B0000E1
:10117000100000000000000000000000D810041063
:1011800096C298D84539A1F4A033EB2D817D037721
:10119000F240A463E5E6BCF847422CE1F2D1176BBC
:1011A000F551BF376840B6CBCE5E316B5733CE2B8F
:1011B000169E0F7C4AEBE78E9B7F1AFEE242E34FBE
:1011C00000F0061000080000AA02000000F8061057
:1011D000F8070100000000002D2D20474154542045
:1011E0003A204C454420434F4E46494755524154BE
:1011F000494F4E2052454345495645440A00000098
:1012000020204661696C2020203A206163695F6775
:101210006174745F636F6E6669726D5F696E646935
:10122000636174696F6E20636F6D6D616E642C20F5
:10123000726573756C743A2030782578200A000046
:101240002020537563636573733A206163695F6738
:101250006174745F636F6E6669726D5F696E6469F5
:10126000636174696F6E20636F6D6D616E640A00F7
:1012700020204661696C2020203A206163695F6705
:101280006174745F7372765F6164645F73657276B4
:1012900069636520636F6D6D616E643A20703270B2
:1012A0005F5365727665722C206572726F7220636F
:1012B0006F64653A2030782578200A002020537525
:1012C00063636573733A206163695F676174745F18
:1012D0007372765F6164645F7365727669636520BB
:1012E000636F6D6D616E643A207032705F5365722A
:1012F000766572200A00000020204661696C207229
:1013000065676973746572696E67207032705F53C8
:1013100065727665722068616E646C6572730A002E
:101320000610000019ED82AEED214C9D4145228E44
:1013300041FE0000800000000000000000000000EE
:10134000340500201010000019ED82AEED214C9DF7
:101350004145228E42FE0000800000000100000096
:1013600018050020400500208FE5B3D52E7F4A9850
:101370002A487ACC40FE00008000000001000000F6
:101380000000000000000000020000002013041014
:1013900020204661696C2020203A206163695F67E4
:1013A0006174745F7372765F6E6F746966792053CF
:1013B00057495443485F4320636F6D6D616E642CE1
:1013C000206572726F7220636F64653A20307825F1
:1013D00032580A002020537563636573733A2061A5
:1013E00063695F676174745F7372765F6E6F74694F
:1013F0006679205357495443485F4320636F6D6DAE
:10140000616E640A0000000001000000020000009C
:10141000D81400202D2D20503250204150504C49DE
:10142000434154494F4E20534552564552203A208D
:101430004C454431204F4E0A000000002D2D205015
:101440003250204150504C49434154494F4E205353
:101450004552564552203A204C454431204F46468D
:101460000A0000002D2D20503250204150504C4990
:10147000434154494F4E20534552564552203A203D
:101480004E4F54494649434154494F4E20454E41E1
:10149000424C45440A0000002D2D2050325020417E
:1014A00050504C49434154494F4E205345525645A4
:1014B00052203A204E4F54494649434154494F4ED9
:1014C0002044495341424C45440A00002D2D2050F0
:1014D0003250204150504C49434154494F4E2053C3
:1014E0004552564552203A20494E464F524D2043D0
:1014F0004C49454E5420425554544F4E20312050B3
:1015000055534845440A00002D2D205032502041AB
:1015100050504C49434154494F4E20534552564533
:1015200052203A2043414E275420494E464F524DB7
:1015300020434C49454E54202D204E4F5449464996
:10154000434154494F4E2044495341424C45440A7B
:101550000000000096C298D84539A1F4A033EB2DC5
:10156000817D0377F240A463E5E6BCF847422CE1B5
:10157000F2D1176BF551BF376840B6CBCE5E316BF9
:101580005733CE2B169E0F7C4AEBE78E9B7F1AFEBD
:10159000E242E34F019A05100D9A0510D19805100B
:1015A000599905106197051007980510686A6C74C1
:1015B0007A4C00007072696E74665F733A20256E13
:1015C00020646973616C6C6F776564007072696E1A
:1015D00074663A2062616420256E20617267756DC1
:1015E000656E74007072696E74665F733A20626132
:1015F0006420257320617267756D656E740000004C
:10160000000000006E616E004E414E00696E660083
:10161000494E460030002E00FB349B5F8000008066
:1016200000100000292B000010000000FB349B5F1D
:101630008000008000100000052A0000100000005B
:10164000020000000300000003000000060000008C
:1016500003000000030000003C00000070000000D8
:1016600070000000D003000070000000C301000003
:10167000D19B0510CF9904107BA80410ABA90410CE
:1016800013A90410D11C0410091D0410FB1E041022
:10169000031F04100B1F0410131F04101B1F041042
:1016A00041A10510CB1E0410BB1E0410D31E041054
:1016B000A3AA04103F970410CD1D0410E51D0410CB
:1016C000BD1D041019F80510C51D0410030000000D
:1016D000B507061029000000F50706103F000000BE
:1016E000DB0706102DA0051043FD05109FFB05101C
:1016F00043FF051055010610550106106B02061038
:1017000043FF051045040610450406104504061065
:1017100047FE051059FB05101DFB05106B02061056
:1017200000000000AB0E06107DF105107B0E0610C8
:10173000C30E061011F00510111D0410191D041020
:10174000410806104908061045080610391D041006
:10175000411D0410491D0410511D0410B10706104D
:10176000611D0410691D0410711D0410591D041021
:10177000CF070610D707061009080610791D0410B8
:10178000D30706104D0806108F08061071DE0510ED
:10179000000000009D08061045DD051079EF0510DA
:1017A000810D061041E40510250D0610F90D0610F7
:1017B000C7080610F8B50126AD4C26703002201877
:1017C000A060C820A081132251A12000203000F089
:1017D00003FA0025A573C82060826430A082A57535
:1017E0000720E075022020822576B4208000201892
:1017F000E061A570A580A571200000F049F9010005
:1018000004D100BFD1A000F01DFA02E0994800F019
:1018100019FA270040373E70E42040002018B860D5
:10182000C820B881122200BFD0A12000603000F093
:10183000D3F9BE73C82078826430B882BD750720A2
:10184000F8753D823D76B42080002018F861BE70A6
:10185000BD80BD71380000F01BF9002804D100BF25
:10186000BAA000F0EFF903E00100824800F0EAF9C5
:10187000AC20800027181F227F49380000F0C6F9ED
:1018800020008030067087601F218181BCA122006A
:10189000A03288C988C202218173C8224282643280
:1018A000828285750722C27506820576B42292006F
:1018B000A218C2618170858085711F226E49A420A3
:1018C0008000201800F0A2F92700C0373E70A42045
:1018D00080002018B8601F20B8810722AAA120002C
:1018E000E03000F079F90320B873C82179826431BF
:1018F000B982BD750721F975132139823D76B4216E
:1019000089006118F961B8700020B880BD71F2BD1E
:10191000657874656E6465645F7363616E6E616241
:101920006C650000F8B58CB0544800F08BF90BA83A
:1019300000F046FB060005D10BA80178504800F0E6
:1019400081F901E000F0E9FB00270BA9491C0F70A9
:101950004A4D4748B90144182078002800D17FE05B
:1019600048A000F06FF90BA8401C0078401C0BA9A0
:10197000491C08700BA800780BA9491C09788842FB
:1019800002D2414800F05EF92100203180A000F031
:1019900059F9A17B84A000F055F9A18988A000F035
:1019A00051F900200A90A07B0990012008900020A6
:1019B00007900120069016202056059000200490E4
:1019C000E0690390207E0290E07D0190A08A009063
:1019D000638A228A0221A07800F0A4FB010004D1CE
:1019E0002800D83000F02EF904E0862040002818A6
:1019F00000F028F9A0892549884201DB01200EE08A
:101A0000208A022805D1A268A189A07800F0BFFB36
:101A100005E0A368A2890321A07800F0BCFB0028A0
:101A200005D1A8204000281800F00CF905E00100BD
:101A3000CC204000281800F005F9A21C012101204B
:101A400000F0ADFB060005D1F8204000281800F09A
:101A5000F9F805E0310087208000281800F0F2F83E
:101A60007F1C042F00DA74E730000DB0F0BD0000D9
:101A700030090020C000041060030020F0000410B2
:101A8000400104102D2D0A006C01041073060000A3
:101A9000F8B5040000260025A189A06800F092FB9B
:101AA0000220A16808700127A1684F700620A16874
:101AB00088702000203000F08DFB401CA168C870A9
:101AC0000920A16808712000203000F083FB02008B
:101AD00021002031A068401D00F098F8200020303F
:101AE00000F078FB411D89B2A089421A12B2022A85
:101AF0000EDC01252800F2BDA068CF19C3555B1C80
:101B0000DFB29742F8DB891889B2A089421A12B273
:101B1000002AEFDDFE2A01DBFC2200E0921E501CB1
:101B2000A3685854491C89B2FF20A3685854491C23
:101B300089B23020A3685854491C89B2A3685E5406
:101B4000491C89B2921E92B20023D9E72020537516
:101B500063636573733A204144565F4558545F424E
:101B600075696C645F646174610A00006578745F14
:101B70006E6F7363616E5F6E6F636F6E6E000000F9
:101B80004558545F503250004C454741435900007E
:101B90002020416476206E616D6520202020203A4F
:101BA0002025730A000000002020534944202020F3
:101BB000202020202020203A2025640A0000000058
:101BC000202044617461206C656E67746820203A3F
:101BD0002025640A0000000070B4103A03D378C9CD
:101BE000103A78C0FBD2530701D318C918C001D5E9
:101BF00008C908C0D20704D30B880380891C801C45
:101C0000002A01D50B78037070BC70478B0701D197
:101C10008307E1D0124205D00B78491C0370401CA9
:101C2000521EF9D170470100200009000100260072
:101C30000F0001002900050001002F001000010025
:101C4000490010000EB4C0B5020003A801900020A6
:101C5000009001AB0121044878440C3000F0D4FA24
:101C6000029906B0084700BF79DE010030B58BB09D
:101C700018AC24780A9417AC2478099416AC24780C
:101C8000089415AC2478079414AC247806946D4617
:101C90004C242C57059412AC24780494119C039482
:101CA00010AC247802940FAC247801940E9C00941C
:101CB00001F04EFA0BB030BD80B501F0E7FA02BD7D
:101CC00080B501F007FB02BD80B501F027FB02BD26
:101CD00080B501F0A9FB01BD80B501F0CBFB01BDD2
:101CE00080B501F0EFFB01BD80B501F0F2FB01BD55
:101CF00080B501F0EFFB02BD80B501F009FC02BD2B
:101D000080B501F031FC02BD80B501F053FC01BD8E
:101D100080B501F055FC02BD80B501F079FC02BD33
:101D200080B501F0A3FC02BD80B501F0A1FC02BDAD
:101D300080B501F09FFC02BD80B501F0B7FC02BD8B
:101D400080B501F0E5FC02BD80B501F0FDFC02BDEF
:101D500080B501F015FD02BD80B501F051FD02BD59
:101D600080B501F093FD02BD80B501F0BFFD02BD5D
:101D700080B501F0D9FD02BD80B501F0F1FD02BDD5
:101D800080B501F009FE02BD80B501F03FFE02BD45
:101D900080B501F03DFE01BD80B501F057FE01BDEB
:101DA00080B501F093FE02BD1CB56C46247D019404
:101DB0006C46247C009401F0DFFE13BD80B501F079
:101DC0008BFF01BD80B501F0A3FF01BD80B501F01F
:101DD000BBFF01BD80B502F00DF801BD80B502F07A
:101DE00061F801BD80B502F0B7F801BD80B502F021
:101DF00041F902BD80B502F091F901BD80B502F054
:101E000095F902BD80B502F09BF902BD80B502F0E4
:101E1000B5F901BD80B502F027FA02BD80B502F028
:101E20006FFA01BD80B502F0B3FA01BD80B502F0D2
:101E3000EBFA02BD80B502F01FFB02BD80B502F0D7
:101E400039FB02BD80B502F0B7FB02BD18B587B003
:101E500010AC247806940FAC247805940EAC24784A
:101E600004940DAC247803940CAC247802940BAC4D
:101E7000247801940AAC2478009402F09FFB08B007
:101E800010BD80B502F0C8FB01BD80B502F0DEFBDD
:101E900001BD80B502F0F8FB01BD80B502F03EFC4B
:101EA00001BD80B502F05AFC02BD80B502F072FCA3
:101EB00002BD80B502F09CFC01BD80B502F0B8FC0B
:101EC00001BD80B502F096FD01BD80B502F0ADFD0B
:101ED00001BD80B502F0AEFD01BD80B502F070FE1F
:101EE00002BD80B502F0C2FE02BD80B502F0EAFE7E
:101EF00001BD80B502F034FF01BD80B502F094FF52
:101F000001BD80B502F0A2FF01BD80B502F0C6FFA1
:101F100001BD80B502F0E6FF01BD80B503F09EF87B
:101F200001BD80B503F0B0F802BD80B503F0B0F894
:101F300002BD1FB508AC247802946C46247F01943E
:101F40006C46247E009403F0ABF804B010BD80B55D
:101F500003F0EAF802BD80B503F0F2F802BD80B5E7
:101F600003F0F6F802BD80B503F0F7F802BD80B5C6
:101F700003F0F7F802BD80B503F0F7F802BD80B5B5
:101F800003F0F7F802BD1CB5059C01946C46248A49
:101F9000009403F0F2F816BD1CB5059C01946C4644
:101FA000248A009403F0F8F816BD80B503F0FDF81C
:101FB00002BD1CB56C46248A009403F0FAF816BDE5
:101FC00080B503F003F902BD81B0314901E081B071
:101FD00030490A6802430A60096808400090009886
:101FE00001B070477CB503F0FFF800F05DF800F039
:101FF00081F80820FFF7E8FF0420FFF7E5FF03F072
:1020000007F900BF46A000680090234C206A012514
:10201000ED430126304008D120683043206020681D
:10202000284020600120FFF7D2FFC020C0050090AB
:10203000684603F0EFF868460021002206C0206AD7
:10204000304008D12068064326602068054025609E
:102050000120FFF7BCFF114800681028FBD3684639
:10206000A0214900018000218170019103F0C9FA8B
:102070000B480C49016004F00DF9002801D000F074
:102080004CF8002004F074F904F092FAFCE7000028
:102090005000404860004048400040481018006030
:1020A0006C1400200000304880B588B0182102A8C8
:1020B00000F088F868460021002206C00320029044
:1020C0008020400203901020059002A804F070FBCD
:1020D000002801D000F021F800200090202001907D
:1020E0000021684604F08CFC002801D000F015F8AF
:1020F00009B000BD80B586B01821684600F062F8CE
:1021000002200090C0020590684604F015FD0028EA
:1021100001D000F002F807B000BD72B6FEE7000083
:1021200000000000F0B593B01F4615460E46129011
:102130001C9C08461146224604F0A0FD002824D12C
:1021400022980D901FAB0DCB11901E980F901D98EB
:102150000E901B980C901A9919981097189F089236
:1021600009930D9A0A920097019002910C9803909E
:1021700004940E9805900F98069011980790129865
:1021800031462A46109BFFF771FD13B0F0BD80B5B4
:10219000FFF792FD80BD80B5FFF792FD80BD80B551
:1021A000FFF792FD80BD83008500070007008300D4
:1021B000850005000700030003000F0005008200F2
:1021C00081000500002200BF094202D0491E42548E
:1021D000FCD17047431C0178401C0942FBD1C01A56
:1021E00070470300FFFFFFFFFFFFFFFFFFFFFFFF41
:1021F000FFFF010000000000FFFF01000000FFFFE3
:102200000100202008437047FDB5B2B03A98049110
:1022100002A93B22885400200D9024A8401C2F9036
:102220000DE00498329A90470490002801D100F004
:10223000B7FE0D98401C0D903398401C3390339896
:102240000178002910D02529EBD1002007900890B3
:1022500009900A900B900C90002102240120149008
:1022600008201290339D05E00D9800F09BFE0800B9
:10227000149901436D1C28782028F8D023280BD00E
:102280002B2804D02D2804D0302808D00AE0214380
:10229000F0E708000421ECE708000821E9E708005E
:1022A0001021E6E72A280FD1349802681068121D21
:1022B000349B1A600F90002804D542420F92080008
:1022C000042101436D1C12E000200F90644A09E0D4
:1022D0000F9B934205DA9E00F3185B001818303804
:1022E0000F906D1C28780300303B0A2BF0D3287820
:1022F0002E2803D00020C0430E9027E06D1C2878C4
:102300002A2808D1349800680268001D349B1860A0
:102310000E926D1C1AE02D2802D12D226D1C00E0BA
:10232000002200200E900CE0002A09D10E9B4C4E9A
:10233000B34205DA9E00F3185B00181830380E908F
:102340006D1C28780300303B0A2BEDD302A80187CF
:102350002E78310040487844FF30401E04F0A2FC43
:10236000002801D06D1C00E0002602A83A21465446
:10237000405C682804D1287868280BD1622005E0E9
:102380006C2807D128786C2804D1712002A93A2240
:1023900088546D1C15A80690287869460870681C3A
:1023A0003390684602781000253833D01C3800D1AD
:1023B000CCE1001F022800D8C8E1133801D100F099
:1023C00019FD093800D1C1E1801E01D100F0AFFD37
:1023D000401E01D100F05CFD401E022800D8B5E18E
:1023E000001F01D100F054FD401F00D108E1401E44
:1023F00001D100F0FFFC401E00D1F0E0C01E0ED065
:10240000801E01D100F0F6FCC01E01D100F0F2FCEC
:1024100000F098FD14980790252015A97CE13498C8
:1024200000680468001D349908600594002C00D0F1
:10243000C1E002A83B21405C002800D1B5E00024A7
:10244000E44306487844143004F036FC201A01D0E6
:1024500000F0A6FD00F083FD54F1FFFF88F1FFFFBF
:10246000CBCCCC0C01236A4602A9280000F054FE14
:10247000002801D000F094FD641EF3D13295079D31
:1024800015AC002D0FD0329E21780498B0470490EF
:10249000002801D100F084FD0D98401C0D90641CB3
:1024A0006D1EF1D132963020694608700A9C002CCE
:1024B0000DDD329D01236A4602A9280000F02CFEA2
:1024C000002801D000F06CFD641EF3D13295059C0C
:1024D000089D002D0FD0329E21780498B0470490BB
:1024E000002801D100F05CFD0D98401C0D90641C8B
:1024F0006D1EF1D13296302769460F700B9C002C6F
:102500000DDD329D01236A4602A9280000F004FE79
:10251000002801D000F044FD641EF3D132950598E7
:1025200008994418099D002D0FD0329E21780498F7
:10253000B0470490002801D100F032FD0D98401CF6
:102540000D90641C6D1EF1D13296684607700C9C8C
:10255000002C0DDD329D01236A4602A9280000F0FF
:10256000DBFD002801D000F01BFD641EF3D1329585
:1025700002A83821405C400700D460E6202069466C
:1025800008700198002800DC59E6019C329D012367
:102590006A4602A9280000F0BFFD002801D000F023
:1025A000FFFC641EF3D1329549E61B48784468303D
:1025B000059000F0D4FC0E9D002D03D52000FFF700
:1025C00009FE09E02A000021200004F099FB002800
:1025D00001D0001B00E02800089000F0C0FC3498F7
:1025E00000680268001D349908600020C043002183
:1025F000104002AA03C215A80590782100F093FCB0
:1026000002A83B21415C002908D00024E4434B4848
:102610007844FF30293017E7E8EFFFFF3A21405CAC
:1026200062286AD0682819D06A2845D06C2806D05C
:1026300071284FD0742831D07A2821D06FE0349897
:1026400000680168001D349A106000297AD10024C6
:10265000E4433B487844FF301738F5E63498006887
:102660000168001D349A1060002905D10024E4435C
:1026700033487844CA30E7E60D98088000F06FFCD4
:10268000349800680168001D349A1060002959D1FF
:102690000024E4432A487844A630D5E634980068FC
:1026A0000168001D349A106000294BD10024E443D6
:1026B000234878448A30C7E6349800680268001DD1
:1026C00034990860002A13D10024E4431C4878445C
:1026D0006E30B9E6349800680268001D34990860CD
:1026E000002A05D10024E443154878445230ABE673
:1026F0000D98C11703C200F032FC349800680168DD
:10270000001D349A1060002905D10024E4430C48D0
:1027100078442C3098E60D98087000F020FC34982E
:1027200000680168001D349A106000290AD1002455
:10273000E44303487844083086E600BF78EEFFFFA4
:102740008CEEFFFF0D98086000F009FC34980068DB
:10275000C31D072083433498036003CB349D2B6053
:1027600002AB03C32023C80F04D007982D2115AB5B
:1027700019540DE002A8008F204204D007982B21A5
:1027800015AB195404E0C00704D5079815A90B54DC
:10279000401C079015A807994018139013980590AE
:1027A00024AD02A8C0C868460078202101436846CD
:1027B0008170807861280BD00E98002801D5062002
:1027C00005E005D168468078672801D114980E90FD
:1027D00002A803C808004B005B150024E443A34291
:1027E0000ED109030CD003200890613A1A2A03D2B3
:1027F0001949794462310FE0184979445E310BE0A0
:10280000A3420ED100030CD103200890613A1A2A8A
:102810001DD313497944483103221398FFF7F6F981
:102820009DE301AA02A803C804F075FA02AA03C234
:102830006846807861281CD1059830210170811C80
:1028400005916946097861290ED178210DE0054985
:1028500079441031E0E700BFACEDFFFFACEDFFFFC6
:10286000B0EDFFFFA8EDFFFF582141700798801CD5
:10287000079002A803C82246530802400B4004D127
:10288000002A02D10024002652E16846807861289F
:1028900000D099E00E98002801D5212000E0401CCE
:1028A00013901398401C2E90300039000022002312
:1028B00004F046FA02A830C802D280200006454043
:1028C0000198001F019024A90A7024A8461C2E9884
:1028D000002832DD2E9F20002900002280235B0388
:1028E00004F047FA29D81C2204F05CFA04000D0019
:1028F00004F090FA2E90FF1F002F09DD04F0C4FAB7
:1029000002000B002000290004F02BFB04000D0046
:10291000F01D07212E9A002A0ADD491E08D4401E08
:1029200013071B0F03701211F5E7401E00220270FF
:10293000491EFAD5C61D002FCDDC24A82F99711A87
:1029400024AA551C139A0C00914200DD1400002C9F
:1029500033D48C4205DA411C095D082901DB0F21C3
:1029600000E00021220024AB9B1801E0641E5B1EE6
:10297000521E1E788E42F9D00F2904D1411C895C69
:10298000491C401C8154002A04D524AD641C0198C4
:10299000001D0190611E10D46A18684600781378F3
:1029A0003033DEB23A2E01DBC318C6331370491E32
:1029B000521E0029F3D5694608700E98002800D4ED
:1029C000B5E0601E0E90B2E07F007F080198664976
:1029D0004843664904F03CFB019007200199401AE6
:1029E000002805DD02003000390000F06FFB0AE02E
:1029F000424200205E4900F069FB02000B003000FB
:102A0000390004F054FB6A469278662A02D1019A92
:102A10000A3200E006220E9B9A18142A00DD1422C6
:102A200024AB30241C705C1C02E030A803C8139A4D
:102A3000002A3CDD30AB03C3139230A803C804F076
:102A4000FBF92E9006460834042530000A2104F0D4
:102A500013FB0F0030000A2104F00EFB0600303794
:102A6000601E077030000A2104F006FB0F003000E2
:102A70000A2104F001FB0600A41E303727706D1EEA
:102A8000E3D108341398083813900028CDDD2E9830
:102A900004F0EAF902000B0030A803C804F061FA60
:102AA0000022344B04F064FB30AA03C2C5E72F9820
:102AB000201A24A94D1C04E0401E0199491E0191D1
:102AC0006D1C29783029F7D069468978662902D1AA
:102AD0000199491C06E069468978652901D1149954
:102AE00000E000210E9A5418A04200DA441E002C87
:102AF0001DD4844204DA285D342801DD392100E048
:102B000030212200681E831801E0641E5B1E521EE5
:102B10001E788E42F9D0392902D1A95C491CA954EA
:102B2000002A04D50500641C0198401C0190019EF8
:102B30001395684600786946487004F0DBFB406AEC
:102B40000078694608700E9D20B2002804DC149CB1
:102B5000044878440E3013906846807866280BD17C
:102B6000761C23E0B0EAFFFF97750000A086010005
:102B70000000F03F84D7974168468078672846D1A7
:102B800030B20321C943884247DBA84245DA761CAC
:102B900002A8008F1299C0B2084203D120B2A84205
:102BA00000DC050030B22D1A00D5002537B2002F09
:102BB00000DDBAE00898411C08913021059A1154B3
:102BC000002D05DC02A8008F1299C0B2084206D081
:102BD0000898411C089169460978059A1154784271
:102BE000854200DA6E4236B270420B90AD1920B2C7
:102BF000854200DA2C0024B209942200139905982A
:102C0000089BC018FFF702F8281B0C90DAE0684612
:102C10004078612818D170201BE020B2A84206DA63
:102C200002A9098F129AC9B2114200D105006D1E86
:102C300000D5002568464078672802D1652069469E
:102C400007E04520694604E068464078412801D104
:102C5000502048700898411C089113990978059AEA
:102C600011541398411C002D05DC02A8008F129A04
:102C7000C0B2104219D00898421C08926A461278D5
:102C8000059B1A54002D10DD641E20B2854200DA27
:102C90002C0022B20598089BC018FEF7B7FF24B29B
:102CA000089800190890281B0B900598089940185F
:102CB00069464978017031B2002903D42B21417053
:102CC000871C03E02D224270871C4E42002412AD67
:102CD000300008E00A2104F0BBF930AA03C22970D1
:102CE0003098641C6D1C00B20028F3DC012C08DC59
:102CF0006846407820210143652902D13020387090
:102D00007F1C002C09D1302038707F1C07E0641E26
:102D100012A8005D303038707F1C002CF7DC05985D
:102D200008994018381A09904CE020B231B2884214
:102D30001DDA22B213990598089BC018FEF766FFAA
:102D400024B2089800190890391B0B91002D05DC5E
:102D500002A9098F129AC9B2114206D069460978B0
:102D6000059A11540998401C09900C952AE032B23A
:102D700013990598089BC018FEF748FF0898C019DA
:102D80000890A41B002D05DC02A9098F129AC9B274
:102D9000114205D0411C089169460978059A1154E1
:102DA00020B2854200DA2C0022B21398C11905988E
:102DB000089BC018FEF72AFF24B208980019089053
:102DC000281B0B9002A83821405C142101401029D7
:102DD00000D0C4E00798089940180B994018099949
:102DE00040180C9940180F99884200DBB7E0081A88
:102DF0000A90B4E002AA3A20105C622808D0682841
:102E00000ED06A2814D06C281DD0712810D01AE07A
:102E1000349801680868091D349B1960C0B218E035
:102E2000349801680868091D349B196080B210E06D
:102E300034980068C31D072083433498036003CB94
:102E4000349C236006E0349801680868091D349BAF
:102E50001960002102AB03C3108F1299C0B208425F
:102E60005BD002A803C8002901D1002855D06846CC
:102E700000782021014378294FD1079815A93022E5
:102E80000A54401C421C07926A4612780A5444E0D5
:102E900002AA3A20105C622808D068280ED06A285E
:102EA00014D06C281DD0712810D01AE03498016815
:102EB0000868091D349B196040B218E03498016815
:102EC0000868091D349B196000B210E0349800684E
:102ED000C31D072083433498036003CB349D2B60CC
:102EE00006E0349801680868091D349B1960C11711
:102EF00002AB03C3002902DA07982D2109E0108FE5
:102F0000204202D007982B2103E0C00705D507987F
:102F1000202115AA1154401C079015A807994018A4
:102F200005906846017802A800F03EF817E0149872
:102F30000790349800680168001D349A106015A845
:102F400001700CE014980790252015A908706846B8
:102F50000078002803D007946846007848700F98DE
:102F60000799401A0A99401A0899401A0B99401A71
:102F70000999401A0C99401A019002A83821405C26
:102F8000400701D5FFF77BFA2020694608700198B9
:102F9000002801DCFFF773FA019C329DFFF762FA0B
:102FA0000020C04335B0F0BDF2B586B004002569FD
:102FB0006F2901D1082707E00846FFF721F9782893
:102FC00001D00A2700E010273C2603CC083C04AAC5
:102FD00003C26A46127E642A03D06A46127E692AB8
:102FE00009D1002907DA04A803C800220023121A15
:102FF0008B4104A80CC004A803C800290DD10028E7
:103000000BD1206B002808D1082F3DD13820205C3F
:10301000000739D53B26302035E00294009504A8FE
:1030200030C8761E0196200029003A00FB1704F0F4
:1030300067F93032D0B23A280DDA00988255200074
:1030400029003A00FB1704F05BF904000D0007D1DA
:10305000002C05D10AE06846007E8218AF32ECE70A
:103060000298C068009989198842DAD3029C009DB1
:10307000082F09D13820205C000705D5A85D30282D
:1030800002D0761E3020A8553C20801BA061A919D3
:10309000E160216B884206DA081A2062208F1C4901
:1030A0000140218710E000290ED53821615C1422EF
:1030B0000A40102A08D1616B6269891A226A891A4A
:1030C000081A002800DD206207B0F0BDF8B5002620
:1030D000104F04000D00009214E0C00707D5320025
:1030E0003B002000290004F043F804000D00009884
:1030F000401000903000390032003B0004F038F8F6
:1031000006000F0000980028E7D120002900F4BD38
:10311000EFFF000000002440F8B50024002B11D080
:1031200007000E0014001D002178B068B847B06099
:10313000002809D0F06A401CF0620020641C6D1E5B
:10314000F2D104002000F2BD0020C043F9E7FEE701
:10315000F0B59FB0154604461E93020912200E2AB0
:1031600000D98DE02026032903D02A46324000D022
:1031700086E01B911DAF2046394604F0FFF83978F0
:103180004048807E81422DD268003040AA0008234A
:1031900013401B18142048433B490968496D0F1818
:1031A0007B707A1C6E070F97109107D510261E436F
:1031B00016702F0703D55026334313701E462A99E5
:1031C000EB0702D001231E4316702C9E042703290F
:1031D0000B4616900E9707D0042B1B9907D103239B
:1031E000119306E087204BE011971B9901E000271F
:1031F00011972E9814902D9813902B9F299A19921D
:10320000289A279817902698159025981290032EA3
:103210001B931A97189205D0042E169806D10327EF
:103220003E4604E00E9F109A169801E00027109A7F
:10323000115404F0C1F81CA90896139A0992149A23
:103240000A92119A0B920C970D911299009101908C
:103250001598029017980390189804901998059063
:103260001B9806901A9807901EAA24AB2046294660
:1032700004F0B6F8002803D10F9A94740121117458
:103280001FB0F0BDFC130020B81400207CB506462A
:1032900000090E2801D912207CBD14460D46304687
:1032A00004F054F9002800D07CBD01A9304604F098
:1032B00065F80028EFD001A80078142141430448A4
:1032C0000068406D4018C581846000207CBDC04608
:1032D000B81400207CB5064600090E2801D912203A
:1032E0007CBD1C461546304604F080F9002800D00D
:1032F0007CBD01A9304604F041F80028EFD001A8B8
:1033000000781421414304480068406D40188581CD
:10331000446000207CBDC046B8140020F0B585B0E4
:1033200005463F48807E884201D2122774E0164647
:103330000C463C480068406D0290012D019514D167
:103340000394641C3546641E12D0287804A904F046
:1033500015F800283ED0AD1D04A80178012004F026
:10336000B5F90028EFD0074656E00C20009004E0A5
:1033700004F006FA0090019D039C2846214632463F
:1033800004F01CFA0746002846D1002C24D0002C5B
:1033900034D00394307804A903F0F0FF307900288A
:1033A00002D17088002813D0022404A807780121D4
:1033B00028463A4604F050FA002D00D12C4614203D
:1033C0007843029908184474B61D039C641EDEE716
:1033D0000124EAE7D3271FE0029E11360024104F94
:1033E000B87E84420AD2E2B200250121284604F0C8
:1033F00033FA3570019D1436641CF1E7012D08D1B4
:103400000098002807D100273846394604F084FA8E
:1034100002E004F0A9FA0027384605B0F0BDC04626
:10342000FC130020B81400201CB51148046804F0F7
:10343000B9FA882807D00C2805D05D34002808D1B7
:10344000022060701CBD052004F0AEFA04F032FCCE
:103450001CBD0020607020787F210140217001A9EF
:103460008620487080200870022005F059F81CBDA5
:10347000B8140020BCB511480068446DFEF7E2FCAA
:10348000002802D00E48807E00E00120C5B2113431
:10349000002D11D0207800280BD020460F3800785E
:1034A000800706D560786A46107000200121FEF77B
:1034B0000BFC14346D1EEBE7BCBDC046B8140020F5
:1034C000FC13002080B5084605F08CF804F04CFA97
:1034D00080BD7047F8B504460020C5430A4800681F
:1034E000466D1236094F6D1CB87E854207D2307882
:1034F0001436214605F0DEF80028F4D0F8BD204649
:1035000005F0DCF8F8BDC046B8140020FC1300201C
:10351000F0B58DB00BA8002484800B94104D114E93
:103520002746A87E874218D200220A9201200890DE
:10353000079206907F20059004920BA803900292B8
:10354000072001900096F8B2099002212023FFF78E
:10355000FFFD7F1C0028E4D000E020460DB0F0BD48
:10356000FC130020FFFFFF00FEB504460F4DA87EB0
:103570000F4909684E6D113600270097C1B28F427E
:1035800012D2317801290CD101AA0020107150808B
:10359000707810700121204604F010F9002804D141
:1035A000A87E14367F1CE9E70098FEBDFC130020BE
:1035B000B814002080B50120FFF7D6FF80BDFEE7DC
:1035C000B0B5096883240022002912D0CD690024F7
:1035D000CC61087AC00603D4002005F073F802E03D
:1035E000084605F0A9F8012200282946ECD08324DA
:1035F0000AE0D00708D072B6044800688521425C12
:10360000521E425462B60024E0B2B0BDC414002081
:1036100010B50C68207BC00708D00021012220468D
:1036200005F098F8207BFE21014021730D480068C9
:103630002C21405CC00703D1204605F09EF802E033
:10364000204605F029F9002801D0832010BD72B66C
:10365000054800688421425C521E425462B6002034
:1036600010BDC046B0140020C414002001207047D3
:103670000120704770B50B4C0125042220462946D5
:1036800005F03EF9084E306006222046294605F036
:1036900037F9316808603068016800208880488008
:1036A000087070BDF8130020AC14002010B50C4653
:1036B000087949790902081805F034F92079617907
:1036C0000902081805F06EF92079617909020818D5
:1036D00005F096F905F0BEF920796179090208181C
:1036E00005F0BAF9094800682F21405CC0060BD5E7
:1036F0002079617909020A18A379E178022005F09E
:10370000CDF9002800D010BD002010BDC414002049
:1037100010B5044608794A7912021218C9780620B1
:1037200005F0F0F9074800682F214056002801D421
:10373000002010BD1620E070A078BF210140A170CC
:10374000842010BDC414002010B5044608794A79BD
:1037500012021218C978072005F0D4F9074800684A
:1037600034214056002801D4002010BD1720E070FD
:10377000A078BF210140A170842010BDC414002096
:10378000B0B50D460446087900281DD16879A9799D
:103790000902081805F036FA6879A97909020818AB
:1037A0002A7AE9792B46093305F050FA6879A97924
:1037B0000902081805F064FA6879A979090208185D
:1037C000E97905F07DFA28796979AA791202511808
:1037D000EA7905F084FA0948016836200A5C00207D
:1037E00092060AD53631497AC90706D01820E0700A
:1037F000A078BF210140A1708420B0BDC414002076
:10380000FEB50D4604460879002823D16879A979C8
:103810000902081805F0F6F92A7AE9796879AB798E
:103820002E4615362F460F37009701961B021818A3
:103830002B46093305F05DFA6879A9790902081861
:1038400005F01EFA6879A97909020818E97905F0E6
:1038500037FA28796979AA7912025118EA7905F0BC
:103860003EFA0948016836200A5C002092060AD513
:103870003631897A890706D51C20E070A078BF21EF
:103880000140A1708420FEBDC414002070B5044620
:10389000144E30683625405D00280ED108794A79EB
:1038A000120210188A7BCB7B1B029A18891D05F027
:1038B00047FA3068405D002811D00B4801684A5D26
:1038C000002092060AD53631497AC90606D5192054
:1038D000E070A078BF210140A170842070BD00205D
:1038E00070BDC046B0140020C414002010B50446BA
:1038F0000879491DFEF74CFA0A48016836200A5C2F
:103900000020920604D5363109228956002900D4B8
:1039100010BD1A20E070A078BF210140A170842062
:1039200010BDC046C414002010B504460879491DD6
:10393000FEF732FA0948016836200A5C0020920638
:103940000AD53631897AC90706D01B20E070A078E5
:10395000BF210140A170842010BDC046C4140020C6
:1039600010B504464A7908791146FEF7B9F90948B5
:10397000016836200A5C002092060AD53631C97AE1
:10398000890706D51F20E070A078BF210140A170F3
:10399000842010BDC4140020F8B5184C0125042261
:1039A000174E20462946B047164F38601022204651
:1039B0002946B047396808600C2220462946B0479E
:1039C00039680968C860104DE98924222046B0474B
:1039D000014638680268D06881600021082903D058
:1039E00000235352891CF9E7E989D1800021118114
:1039F000E989418005F024FAF8BDC046F81300209B
:103A000001890410CC140020FC1300200120704711
:103A100070B50D4D2A684224135D7F261E40165551
:103A2000002802D005F028FA70BD084605F040FADB
:103A30002868015DF7220A4002550E2003F0B4FF0A
:103A400004F038F970BDC046D014002070B51D4E8A
:103A500032684225535DDB0628D5002816D0A432F3
:103A6000194800683421405C742141430023994285
:103A70001CD01068002807D0C0180489002C03D07F
:103A800017240457002C12D47433F0E74920800027
:103A900010182024224605F01DFA3068415D2143AC
:103AA00041550E2003F080FF04F004F970BD0B2196
:103AB0000022012305F082FA3068415DCF220A40DE
:103AC000425570BDD0140020B0140020F8B5054652
:103AD0000120682105F086FA234F3860234EF07AE2
:103AE0001424214605F07EFA01463868C162012D92
:103AF00010D15C3005F080FA2225705D342105F08C
:103B000071FA39684863705D4000102105F06AFA67
:103B100039688864F07A411C154D0122284604F06A
:103B2000EFFE39680862F17A0222284604F0E8FEC6
:103B30003D686862F17A0F4A0723284605F060FA6B
:103B4000386817210185318C172901D28620F8BDEC
:103B50004185F17A4C43C06A0021224605F0BEF946
:103B600005F063FAF8BDC046C0140020FC13002025
:103B7000F813002035DD0510F0B589B0012B00D019
:103B8000A1E000AB07C30F980E99039129214F4C78
:103B9000615C4A1E9141E27F089205F048FA069066
:103BA000E67A049601271821494C3846A047234657
:103BB000484C216890254959C863402138469847A8
:103BC00021684959C96B0860572084003046214656
:103BD0003F4A90473F4909684959C96B486008986E
:103BE000874005F02FFAF8B20821394A9047394941
:103BF000096808954959C96B0968242200268E5422
:103C0000086224314F700594049844430794069D3C
:103C1000089C0798B0421BD001273846294605F07A
:103C2000E1F92C4909680959C96B49688919842245
:103C300088503846294605F0D5F9264909680959BA
:103C4000C96B496889198822885005983618E0E7B9
:103C500000980128049C09D10E21204605F0C2F9E4
:103C60001C490968089A8958C96B8860019801281D
:103C700009D10821204605F0B5F916490968089AC6
:103C80008958C96BC860029801280FD124212046A9
:103C900005F0A8F90F4D2968089A8958C96B086181
:103CA0000120112105F09EF9296808660398012872
:103CB00009D11C21204605F095F906490968089AA2
:103CC0008958C96B486109B0F0BDC046FC1300209B
:103CD000E58F0410C414002070B50024204605F0C0
:103CE000E7F90546094E30683421415C8C420CD21C
:103CF000E321695CC90703D0284605F0E7F930687D
:103D0000572189006D18641CEEE770BDB0140020C7
:103D100070B50024204605F0CBF90546094E306801
:103D20003421405C84420CD2284605F071FA002808
:103D300002D0284605F06CFA572080002D18641C2C
:103D4000EDE770BDB0140020F8B50024204605F062
:103D5000AFF905460126264A274610683421405C03
:103D600084423DD22C20285CFE21014002292BD127
:103D7000284605F0BDFC0028304623D1284605F032
:103D8000D2FC002830461DD1284605F0CEFC002884
:103D9000304617D1E0B2009005F0C9FC002830464B
:103DA00010D1009805F0C5FC002830460AD12846FD
:103DB00005F0C1FC0028304604D1009805F0BDFC98
:103DC000411E88410A4A00E00020411E8841390610
:103DD000374600D10746572080002D18641CBCE7E9
:103DE000380603D01220012105F0AAFCF8BDC04618
:103DF000B0140020FEB5064687680479204605F019
:103E000057F90546204605F0AFFC002844D08079DC
:103E1000042841D17802E96C81423DD028462C30FB
:103E20000295923539683D2212016B889B019A18E0
:103E3000EB889A4200D81346184A4A43114636681E
:103E4000007802280BD116481818814207D2019138
:103E50001249009303F010F9009B019938602888FB
:103E6000F0844B2080001818091A00D200216889BC
:103E70002A8A904200D310468142029B00D808460D
:103E800082B2A92109018A4200D80846B0840121E2
:103E90002046324605F07CFCFEBDC046E204000030
:103EA000BC0B0000FEB505680679304605F000F948
:103EB0000746304605F058FC002847D08079042892
:103EC00044D13C469034A88CE18881423ED0E080C9
:103ED000002130462A463B4605F05AFC1C48006843
:103EE0003621415C890631D53630407A40062DD5E1
:103EF0002689A588E0880190208802907F8F154848
:103F000000680069802126220424234605F06CFC09
:103F100000281BD0014606748573019B0373029A27
:103F2000827207720720C8710B2088713E20487189
:103F30000C71300A4874280AC873180A4873100AAA
:103F4000C872380A4872802005F0AAFCFEBDC0463F
:103F5000C4140020B4140020F0B589B00024204619
:103F600005F0A6F800900120089040480068342130
:103F7000405C844278D257208000059460430099C9
:103F80000D182C20285CFE210140022969D1012155
:103F9000009C2046079105F090FC06460021204633
:103FA000019105F08AFC411E8841002E0899049178
:103FB00000D104902B462846E83003902846E6308E
:103FC0000290EA33089F06931C78F02626400F25BE
:103FD0002540032D1FD0022D0BD0012D2BD104988D
:103FE00000282CD01320012105F0AAFB069B0225F6
:103FF00025E00398008802990988081A0A23434398
:104000001B4800680599C9B2A030012205F060FC88
:10401000069B032513E0A00611D5049800280CD0B8
:104020000598C0B205F0BBFC002801D0D026264080
:104030000898069B04E0019802E0D02626400898E4
:1040400072B619788C4203D12E431E70002102E013
:1040500007990F4039464A1E914162B6002708422F
:10406000B2D1059C641C80E709B0F0BDB0140020FB
:10407000C4140020FEB5044605F01AF80546932046
:104080004700204605F070FBE95DC906CA0F43D022
:104090002C462C342178022906D1017A002900D13E
:1040A00081798171467A05E0417A002900D18179D0
:1040B0008171067A002E00D1C679C6710429029258
:1040C00005D10088012805D03846042704E0384689
:1040D0004F0801E03846062728180190607D3946D0
:1040E00005F09CFF042E00D07608607D314605F077
:1040F00060FF002000909620012132463B4605F0EB
:10410000B6FC01461435284605F0E9FD019A107801
:10411000EF2101401170029A1046FEBD80B50620C5
:10412000014905F0B7FF80BD29C8051080B505F02D
:10413000B9FF0249C161002080BDC04602000707E7
:1041400070B50D4605F010FB002814D0044605F0AC
:10415000A9FF064600210E22204604F0BFFE042DD2
:1041600001D1284601E00120A840E071A071F08B48
:104170006080B08B2080002070BDFEE7F0B587B076
:10418000044604F095FF054693204700EE192046AB
:1041900005F0EAFA0446EF5D78062B4648D530482C
:1041A00000683621415C89063ED53630407A4006AB
:1041B0003AD5903528890190A8880290E888039024
:1041C00028880490588F059026480068006980214F
:1041D0002622042506932B4605F006FB069B0028A5
:1041E00022D00146019A0274029B837303980873DC
:1041F00004988872059808720720C8710B2088718E
:104200003E2048710D71100A4874180AC87303984B
:10421000000A48730498000AC8720598000A487298
:10422000802005F03DFB069B3078BF2101403170B6
:10423000B80612D5E17903204A0700D501465A8F06
:10424000A3790091590700D503468020002105F08D
:1042500033FF3078DF210140317007B0F0BDC04638
:10426000C4140020B4140020F0B589B0019202916A
:10427000044605F0D4FC04F094FE0320C043C01CA7
:1042800003AD2881012028826873AA27E05DA87207
:104290002646AA36B07EE8720198049002980390F0
:1042A000B07C05F0D0FDA874E05B1449401A411EB3
:1042B0008841E87328732046EC3005F033FFF42082
:1042C000002102912150FF27B77405F033FFA87336
:1042D000284605F057FF2046283006F07BFA3C348C
:1042E000204606F077FAB77602983074307E800761
:1042F00001D506F080FA012009B0F0BDFCFF0000F6
:10430000F0B589B0044604F04CFE03AD1F48288187
:104310000020019028820120E873FF2002900430E1
:10432000A881AA20205CA8722646AA36B07EE87230
:104330002046C8300390206D28300490BD27E05DF2
:1043400005F081FDA874E05D06F056FA0298E0558C
:10435000B07C06F051FA029FB77405F0EBFEA8732B
:10436000284605F00FFF2046283006F033FA3C348B
:10437000204606F02FFAB77601983074307E800719
:1043800001D506F038FA09B0F0BDC046FFFF0000C5
:10439000B0B5044600250D70006D05F040FC05F039
:1043A000D3FBC72007212154606F8560606FC56013
:1043B000606F017A2246C73252785206D20F0A4302
:1043C0000272606F2146CA310930062204F082FD74
:1043D000206D3021405C636F08330122294606F0CE
:1043E00021FAB320205C29462A4606F01DFA7B30CC
:1043F000982160502046983002490181204606F0FD
:1044000021FAB0BDF9FF0000F8B50446C420FF2131
:104410002154A420255A01272F402646C436002FB8
:1044200004D006F02BFA3070FF2822D0A43405F017
:1044300081FE2076FF2813D00021E8061AD40D460D
:1044400005F078FE29466076FF2813D1002F02D0B0
:10445000307806F02FFA207E06F0CEF9072109E029
:104460000721002F06D030780C4606F023FA2146AB
:1044700000E00C210846F8BD70B50C46054608461C
:1044800006F01FFA06462046294606F035FA81193D
:10449000B4202058002281420AD92346B4339D79A2
:1044A0004520012D05D080342468A14201D819602F
:1044B000104670BDF0B58DB0099105460BA9059168
:1044C0001F20087100200A90C0430B9006F022FACA
:1044D000074606902E46A03606F024FA0890317F53
:1044E000079601200490009028463A460A9B06F061
:1044F00021FA284605F0E2FBBD24285D317C2A6DB7
:10450000049E00961346143306F050FA285D059970
:1045100005F0BEFC285DFF2105F0F2FCB320285C0D
:1045200006F072FA0746285D0590286D03900A99F7
:10453000009194203A463B4605F099FA03460096CE
:1045400003980599069A06F0F5F9285D06902C6DFA
:104550000A980090962031463A463B4605F087FA85
:1045600003460A9800900196143420460699089A4A
:1045700006F058FA286D05F0A1FBEC200C492952F1
:104580000798807CA02168522C46EC3409482061B1
:104590000220A0706068A0602846099D294606F0A8
:1045A00081FA07222046294606F0DEFA0DB0F0BD5A
:1045B000040700002017041001207047B0B588B030
:1045C000129C0694119C0594109D04950F9D0395D3
:1045D0000E9D02950D9D01950C9D009506F0F0FA3B
:1045E000012C10D106F03AFC06F03AFC0748C17ADB
:1045F00007480068A030074A052304F001FD06F0D3
:10460000B7FC06F0C1FC08B0B0BDC046FC130020EA
:10461000C414002061F8051080B50146C07C401E1E
:10462000032812D8784400794000874401050B0123
:10463000002006F0AAFC80BDB5208872C87E401C10
:10464000C87680BD084606F0EBFC80BDE0B5026888
:104650004068D17C022909D1D169D37E5B1ED94043
:1046600001230B407F21C9435B1800E0002305496B
:10467000096800904C32DBB208466430E43106F041
:104680001BFD8CBDD0140020FEB5B0C80668BA2052
:10469000307000203860E07C02281AD0042837D11E
:1046A0001C48016802AD009522463C3223464C333B
:1046B0000846E430643106F02FFDC12030702846F2
:1046C00006F060FD144902F0D7FC208906F066FD73
:1046D000FEBD10480168E069E27E01920095521E1D
:1046E000D040802202438123134022463C320846B8
:1046F000E430643106F0E0FC2C34102228462146D8
:1047000004F0F3FB38600198132801D8B42030700E
:10471000FEBDC046D014002040420F00B0B50028B6
:1047200014D00B4D28684221425C082313434354A4
:10473000643008492024224604F0CCFB28688430E9
:104740000549224604F0C6FB06F05AFDB0BDC0463E
:10475000D0140020C7100610E710061070B50546EB
:10476000C67D0024300710D5288906F057FD0028A3
:1047700001D0102409E0064800684221425C04236D
:104780001343435401200643EE75204670BDC046D6
:10479000D0140020B0B504461448026864320025E5
:1047A0004021284606F05AFD002803D004F064FB9F
:1047B000122519E0E07D60210140602914D02022FB
:1047C00002406421635C012119408A1807D19B21B2
:1047D0000840E075204606F053FD054604E08425B8
:1047E000002901D04006F5D42846B0BDD0140020E1
:1047F00070B50468E67D310708D50579FE200640CE
:10480000208906F00BFDE675002800D070BD002D54
:1048100001D0342000E00420C0430449096842224A
:104820008B5C03408B5404F027FB70BDD014002038
:10483000F8B500276B4B6C4A3D4618683421405C44
:10484000854200D3CDE01068A4214058002800D153
:10485000B2E0C4192089002800D1ADE0A07A014659
:10486000D13905295DD3002800D1A5E0FE2800D16B
:104870008AE0A22859D0AA2800D181E0B22854D0D9
:10488000B42800D18AE0BA287AD0BF2800D189E0C4
:10489000F02800D18BE0102800D090E001212046C4
:1048A00006F020FD002800D196E00026A67206F052
:1048B0002FFD00284B4B4C4A7ED06420205CC00763
:1048C0007AD006F031FD484A464B002874D0E07992
:1048D000C021014040296FD1444800684821405C14
:1048E000000769D524894248006880694A2202216C
:1048F0000B4604F079FF3C4A3A4B00285CD0014655
:104900000420487208220A72CE7188718C72FF20CE
:10491000487182200871200AC872022004F0C0FF8A
:1049200048E0204606F004FD44E0E07D0126000753
:10493000304613D52046FDF7B8FA002806D01228D5
:1049400004D00E2003F030F803F0B4F9E07D6021CC
:104950000140603948424841224B234AE17C022908
:1049600004D1E17B10220A4016091F4A002823D0F7
:10497000002E21D06420205CC00724D04B2023E0EF
:104980002046FDF79EFA15E064202056002813D536
:1049900000217422204604F0A1FA0BE0204606F024
:1049A00069FD07E00021204606F075FD02E0204683
:1049B00006F0A6FD0C4A0B4B74376D1C3DE72046F4
:1049C00006F0DCFD0AE05B20C043A0720E2002F07E
:1049D000EBFF03F06FF901E0F120A072014B024AF6
:1049E000EAE7F8BDB0140020D0140020C414002061
:1049F000B414002010B50446C07D00070DD5204634
:104A000006F0BEFD002803D0842806D0882805D1F2
:104A10000E2002F0C9FF03F04DF910BD0B2100225A
:104A20000123204604F0CAFA10BD80B504F024FA30
:104A300080BDFEE7FEB5604F604C38680168002914
:104A400000D1B8E006F0F8FD0546008806F0FEFD4E
:104A50000028F2D006463868B021405C00280ED00D
:104A6000082100220123304604F0A8FA00280ED0C5
:104A7000FD2800D096E0284606F00AFEDDE76868CB
:104A8000007A05280CD12846314606F00FFE28464C
:104A900006F0FEFD0E2002F087FF03F00BF9CCE7D5
:104AA000B17AF12901D000290AD16421725C012177
:104AB000114001D10B28DED1002901D00128DAD123
:104AC000F07D000706D50296019501A8FDF709FAC9
:104AD000FC28CBD16420305CC00707D10296019539
:104AE00001A806F00FFEFC28C0D122E06868007A19
:104AF000042831D0032837D001281AD1B07A0028F1
:104B000003D0FB2847D0F128B5D1308906F0FCFD51
:104B1000024600200146234606F016FE307E81073D
:104B200002D50321084330762846314606F032FE8E
:104B3000D9E72846314606F079FEFC2803D08628BE
:104B400099D0842892D1F07D000794D502960195E2
:104B500001A8FDF7C2F989E7B07AB6288BD12846BB
:104B6000314606F005FFBEE7B07AB22809D0B42876
:104B700007D0B52800D07EE72846314606F005FA72
:104B8000B1E7F07C022800D075E738684021415C2D
:104B9000032908D16FE7092100220123304604F0E0
:104BA0000DFAA0E73868294606F072FF0F2002F0E0
:104BB000FBFE03F07FF8FEBDD0140020307500002E
:104BC00070B505686968097AFD240E2946D14668E2
:104BD000F07DC00642D5F07C02283FD1307B022810
:104BE0003CD16420305CC007B07A01D1A23800E02B
:104BF000B238032832D8012830D0308906F084FD3D
:104C000002460024164B2046214606F09DFD15481D
:104C100000684821405C400620D536896868457A9E
:104C200011480068806902214C22032304F0DCFD56
:104C3000002813D001468672042048720A200872A8
:104C40000024CC71052088710D73FF2048718220EB
:104C50000871300AC872022004F022FE204670BD9E
:104C600030750000C4140020B414002080B5014643
:104C7000006849684268127A0D2A0FD00C2A15D1B3
:104C80008A7A10231343FF22B22B18D16423CB5C02
:104C9000DB07CB7D0CD19B060CD410E08A7A102365
:104CA0001343BB2B0AD106F0FCFE05E0FC2206E014
:104CB0005B0604D406F032FF024600E0FF221046F5
:104CC00080BDFEE7F8B52920C10001241F4D204614
:104CD000A8471F4E30601F4FF87A7421A8473168EB
:104CE000A422885006F080FF28212046A84731687A
:104CF000AC228850F87AC01CC0B2411C164D284620
:104D0000224603F0FDFD31688862F87AC01CC1B20A
:104D10000222284603F0F4FD3168C862084604F018
:104D20006BF906F06DFF30684221002545544021A3
:104D300003224254094904634163443010212A4646
:104D400006F072FF2846FDF7A8F8F8BDE58F0410BD
:104D5000D0140020FC130020F813002007100707D0
:104D6000F8B50120982104F03DF92B4E30602B4F0F
:104D7000F87A397B08181424214604F033F9326894
:104D800000255563D562F97A03462F46B9420AD009
:104D90001D615F701F703268D36225467D434519DF
:104DA00014337F1CF2E7002313631C4A127B521852
:104DB000CDB2AA420AD96543FF27475545192B6151
:104DC000697033681D63491C2B46F1E79006000E9D
:104DD000411C134C0122204603F092FD3168086209
:104DE0000E4DE87A297B08188006010E0222204623
:104DF00003F086FD34686062E87A297B0818800633
:104E0000010E084A0723204604F0FAF806F024FFB2
:104E100006F03AFFF8BDC046BC140020FC13002089
:104E2000F8130020BD9F0510E0B500200090064B50
:104E30000146024606F02CFF002804D0072002F0AD
:104E4000B3FD02F037FF8CBDA99E051010B506F02A
:104E50004DFF002801D0022400E00124002006F0CC
:104E600055FF0D49098A25314909491C02F004F909
:104E7000844204D90820002104F062FC10BD82B2F3
:104E80004220002106F050FF002804D0082002F044
:104E90008BFD02F00FFF10BDFC130020F0B585B0B4
:104EA0000F4F3868403006F071FF0446200414D0DC
:104EB0006D46002028703868403006F0BDFB019038
:104EC000068806F06CFF0146304606F06DFF029042
:104ED000284606F07BFF641EE8E705B0F0BDC0463B
:104EE000BC140020F0B5D3B000250C950B950A95A5
:104EF0000995412082000DAC2046294603F0EEFFC3
:104F0000257110204490169009A80F90204604F0B7
:104F10000BF8DC340194012007F02AF806464EA86D
:104F20000C300290494D002E41D03078032839D002
:104F30004EAF3046394607F02DF8387C102831D175
:104F4000708804A908804EA880893E494118052927
:104F50001CD33D494118042903D329210902884261
:104F600020D10DAF022404AA38462146A84738466E
:104F70002146029AA847002005AA314607F032F8D8
:104F80000598426801883846A8470BE00DAC022717
:104F900004AA2046394607F035F920463946029AD8
:104FA00007F030F9304607F061F90646BBE7019893
:104FB000828C002A06D00DA8202101710146E03123
:104FC00003F0B6FF0DA84EAC04AA214603F0B4FFCF
:104FD00005AD1026012328462146324607F05AF92E
:104FE0001B4F396883312846324603F07EFF002884
:104FF0001AD03868833005A9102203F06BFF812096
:10500000400003AD288000950024124B2046214625
:10501000224606F03DFE8020288000950E4B20465B
:105020002146224606F034FE38685C21425CFD23AE
:10503000134043540B2002F0B7FC02F03BFE53B088
:10504000F0BDC046FFD6FFFF00D8FFFF05C2041029
:10505000BC14002005FB051011FB0510E0B5002174
:10506000009102200422074B06F012FE002801D016
:10507000812800D18CBD0B2002F096FC02F01AFEB4
:105080008CBDC04651B1051080B507F013F980BD45
:1050900080B5042801D9122080BD07F00FF980BD2A
:1050A000F0B589B00546084628431224012836D8B1
:1050B0000E9F072F33D3102F31D80F9810282ED8DA
:1050C000B8422CD30E461099022928D8019102909B
:1050D00003930492FCF758FE012806D10499022993
:1050E0001DD8039A012A07D919E0039A104604999A
:1050F000084301D0112412E005AC0198207309483F
:10510000E080029860712771E270A170667025706E
:1051100007F0E4F86073204607F0EAF804462046FA
:1051200009B0F0BD0707000080B5044A914201D9DB
:10513000122080BD07F006F980BDC0463F420F0037
:1051400080B5012902D807F016F980BD122080BD74
:1051500080B507F02EF9002080BD80B507F02EF94C
:1051600080BD80B507F0CAF980BD80B507F0D0F9E1
:1051700080BD80B507F05CFA80BDBFB51C4602ABB0
:10518000089D5D801A80099A0392009301232246AC
:1051900007F058FA04B0B0BD1CB5059C0194049CFE
:1051A000009407F094FA00201CBD80B507F097FA30
:1051B00080BDBFB501AC089D2581E380A2806180E0
:1051C0002080204607F096FA04B0B0BDB0B5044682
:1051D0000120022107F008FB0546002802D107F054
:1051E00011FB20702846B0BD10B50024032007F045
:1051F0000FFB002801D0012401E007F03AFB20005A
:1052000010BD0148806870477805002070477047DE
:105210007047FEE7FEB5C74C2169CB4A914214D1D5
:1052200021682268256823682468640D3827274090
:105230005B025C0F0F232D0C1D40160AF02232403A
:105240000192090A0B40009305E0082500957021A2
:10525000019103241827BD4E00213171002801D08F
:1052600007F037FB0320C043B94989680140B84AB9
:10527000916011468968084011468860B548006809
:10528000B5490140B3480160B4490F20C0430A6BDF
:10529000024015430D63CA6AF0239A43019B1343EE
:1052A000CB62CA6A1040009A0243CA6208680722A9
:1052B000904304430C6008683822904307430F6012
:1052C0005523FF20C043A64A146804401C431460C1
:1052D000D468044066252543D560146A04402343FE
:1052E0001362136C03401D241C431464D36B0340EE
:1052F00059241C43D463536C034032241C4354642C
:105300000123546A1C435462964C256805401F27AC
:105310002F4327606568054009272F43676077683A
:10532000914D3D409F032F43776077688F4D3D40FF
:10533000FC27BF032F43776075682D022D0A902745
:105340003F052F437760B768884D3D40B427FF0382
:105350002F43B760B5682D022D0AC827BF052F431C
:10536000B760B56805405A272F43B760B7687E4DD0
:105370003D40C827BF012F43B760F7687B4D3D40D4
:105380001F052F43F760F768794D3D40C0277F0523
:105390002F43F7600425376907402F433761F768CB
:1053A000384014270743F760F7686F483840A02754
:1053B000FF000743F7607069054375617069DD059B
:1053C0000543756170695D0705437561B0697F25A7
:1053D000A843B061674803745E2545740D6B8574FE
:1053E000C3745D250575CD6A457583755225C575F0
:1053F000096801764376122181761168C1760377B8
:1054000015214177D1688177C3771A21202541552D
:10541000116A2125415501212225415522212325AB
:105420004155116C24254155012125254155212146
:1054300026254155D16B2725415501212825415568
:10544000232129254155516C2A25415501212B2520
:1054500041551B212C254155516A2D228154012192
:105460002E22815490212F22815421683022815490
:1054700001213122815491213222815461683322E9
:1054800081540022002134240155010010310160B3
:10549000416001000C318160C26000683168306099
:1054A0003548036071699A070A437261816919433B
:1054B000816127480068264908602648C06918436A
:1054C0002449C8610846806903430846836120482F
:1054D0000068F7BD294908684A681202FF231B02C9
:1054E0001340C0B21843896801D00C2901D37F2032
:1054F0000EE006225143773901E0891D40081F283C
:10550000FBD2FF22A23250431D4A8018800A08189D
:1055100040B2704770B50E4CA5692668266000F051
:1055200012FB2E43300002F0B9FB00F00BFB2068A9
:1055300070BD0000E81E001010B5124C20682060FD
:1055400002F0B4FB206810BDCCECBCFCC000002015
:105550000400006028180060FFFFFFBF48160060CD
:105560004815006040170060FF00FFFFFFFF00FFCD
:10557000FFFFFFC0C013002010140060A4160060DD
:10558000A04600002C14006080B507F0F3FA01BDBE
:10559000010005D40121C006C00E814066480160AB
:1055A0007047C1680322914302220A43C2607047D8
:1055B00009E0C0688007800F022801D101207047F0
:1055C0000020704700BFC16803229143C16070474B
:1055D0000161704700697047816AC04A0A4082626F
:1055E0007047816A4800C00F704700697047816A40
:1055F000802292050A438262704780687047C068C3
:105600007047F1B50127B648C06B3843B449C86349
:105610000846806B384388631720FFF7B9FF1420D2
:10562000FFF7B6FF00984068002800D00120AD4C7D
:1056300020700025000603D100988078002813D040
:10564000A948C1683940FBD017210160C1683943BE
:10565000C1604560C1683940FCD02000103000F0C6
:105660001FFBE069206209E0C82040032062E0617E
:10567000AD48A061AD482061AD48606100984068C8
:10568000002802D1A020C0050DE000030A2101F08E
:10569000F3FC6060A74E300000F060FA0100606823
:1056A000884202D3300000F059FA606025730098F8
:1056B0000088A14E3060A16900F073FB00208C21AE
:1056C000605400213200083203C28548006830610E
:1056D00000203200183203C230216054974AA16979
:1056E000606807F073FAA060207821008C3108749C
:1056F00020008C30856020008C30077321008C31B5
:105700004D7321008C31CD812000613005704570D2
:105710008570A565E5658A48A064656500F025FA91
:105720006268002312184B412000403000F066FBF5
:10573000012000F0E1FAF1BD00E100E0F8B58CB025
:10574000002069460870674F38009930019028E0C2
:10575000401C1CE0046905738168002900D088475B
:105760002000F7D169469420385800F0CBFB9421F3
:1057700078506846007801280DD1EFF3108172B699
:1057800001980078421C019B5B789A42E0D1019A13
:10579000107081F31088019840780499401801999D
:1057A000487001984078019909780A1A02D280203D
:1057B000400012180026002A29D0049294203C5858
:1057C00003940294002502E0260024696D1C002C3D
:1057D0000FD0207B0028F7D000F0C7F902000B00A3
:1057E00003CC083C801A99410029EDDB01DC062836
:1057F000EAD328000025002802D03561039400E098
:10580000029503989421785002980028A9E7387BE4
:10581000002847D0A2480068012420405BD03E7396
:10582000A048C178002904D18178002901D0867070
:1058300026E0387800281CD002A800F031FA04993C
:10584000B86E80B200F0ADFAEFF3108572B630207A
:105850003C54039878610498B861029838610598BF
:10586000F86100F0B9FB85F31088002000F044FADD
:1058700006E0EFF3108472B600F0AEFB84F31088FC
:10588000012000F0F3FB3800403000F09CF900F0FC
:105890006CF97A68002312184B413800403000F050
:1058A000ADFA18E03878002815D000F05EF93A6FAC
:1058B0007B6FFA2464030025A4185D418D420AD849
:1058C00001D3844207D23800403000F07CF9380020
:1058D000403000F077FA0DB0F0BD0000FFFFFFBFD1
:1058E000101800606810002004100060F8B5040073
:1058F00088480668EFF3108572B600F0C3FA864F49
:105900003B00803303CB083B03C4083C9A4AF96947
:105910009868801B07F05AF9020085F3108803CCC1
:105920000023801A9941F4BDC2F528008D5B000068
:10593000ECEB6501FFEFFFFFD01000202603000015
:10594000C55D0410F8B586B0734D28008C30407BDF
:1059500029008C31897B88422FD1287B00282CD1CB
:10596000032400F002F904AA03C202A800F04DFCCF
:10597000290061316122AA5C002A02D14A78002AFA
:1059800001D0012802D18978002918D0AA6DEB6DC9
:1059900004A803C88C242E5D002736184F41A86E3A
:1059A0000021801979410024523061418B4227D374
:1059B00001D8824224D3022405E0002039E00228E5
:1059C0001ED001281CD06D4B9A68002A30D0107B65
:1059D00000282DD003CA083A0090019104A803C8FA
:1059E00006000F00A86E0021801979410026523070
:1059F0007141009E019F8F4204D801D3864201D29B
:105A0000012016E0032C12D1106900280FD12800C4
:105A1000403082420BD10120D873002000F0C0FA40
:105A2000824801688F4A0A400260032001E0022494
:105A3000200007B0F0BDF8B50B0000D00123364EB2
:105A4000350058352B73110000D001212972002434
:105A50006C72EC720121A972EFF3108772B600F03C
:105A600003F903C5083D02460B462800283003C849
:105A7000121A8B418748A34201D8824204D3AC72E8
:105A800087F310880120F2BD002000F0EFFA040037
:105A900087F31088012000F083FA2000F2BD000097
:105AA000101000600111002070B50320C0437B4935
:105AB0000A6802400A600A681040086020480168CD
:105AC000684A0A400260144C200058300025457294
:105AD0004581EFF3108672B600F047F8A26DE36DD2
:105AE000121A8B418C20205C0021121A8B4186F304
:105AF0001088002B04DC01DB012A01D2012070BDDB
:105B0000002B04DC01DB0F2A01D2022070BD002033
:105B100070BD00001400006068100020EFF31080DA
:105B200072B65D4909685D4A091D51601168032319
:105B3000994302230B43136080F3108870470000E1
:105B4000281800607047AB480100613100226123D2
:105B5000C05C002800D00A708A70704780B5064A81
:105B6000A449C96907F032F802BD80B500F08AF98E
:105B7000A14803C804BD000035060000F410002051
:105B8000F8B504000D00FFF7F0FF06000F00290D27
:105B900028030A22002301F0B3FB80197941020097
:105BA0000B00200000F02AF90400012000F0F8F9B1
:105BB000E0B2F2BD10B500F021F90400012000F0C0
:105BC000EFF9E0B210BDF8B5AC4C21680E0000232F
:105BD00000250A0001E035003669002E07D0864214
:105BE000F9D137698E4201D13A0000E02F616D464C
:105BF0002B7003732068904215D06946100000F0A6
:105C000081F920606846007800280DD0EFF31080FD
:105C100072B661794A1CA3799A4200D0491C61711D
:105C200080F31088F1BD2260F1BD000030180060E3
:105C300018B500200090009891480168094A0A4070
:105C40000260AD490A78531C4C78A34200D0521C24
:105C50000A700121C2690A43C261C0690140009112
:105C600011BD0000FFFFFFBF10B5040000F00AF9EE
:105C7000614803C80A00844200D2521C110020006F
:105C800010BD9E48816801220A43826000210160A4
:105C90007047000066FEFFFF101800600C000060F7
:105CA00070B50400964D2800FFF7A7FC06002800F9
:105CB000FFF7A3FC8642F6D1002EF4D0B74932128A
:105CC0004A43F3B24B431912511810314911E160A4
:105CD00026602800FFF793FC06002800FFF78FFCE2
:105CE0008642F6D1002EF4D0B011B8494843803036
:105CF0000012A060666070BDF8B50700B44D687A08
:105D00007D214843C90001F0A3F9461CF6B2394C85
:105D1000B04AA1691B2006F059FF2870687800F08E
:105D20002AF83D216054E878801900F024F83821E1
:105D300060542879801900F01EF839216054687980
:105D400000F019F83A216054A87900F014F83B21CA
:105D50006054002F06D0E878801900F004F81B305A
:105D60003C216054F1BD68214143090ADB225043C4
:105D7000000C0818704700B502001E484069002159
:105D8000002306F045FF0322002306F041FF802296
:105D9000D204002312184B41D20E580102431000C6
:105DA00000BD80B58B4A06F011FFAB49884201DD8A
:105DB000080002E0102800DA10200005000EA749B4
:105DC000086001BD10B5A64C207B002806D12078C4
:105DD000002801D0FFF755FF01202073FFF7C5FE13
:105DE00000226430514102000B002000403000F0DE
:105DF00005F810BD68100020E8100020FEB5002551
:105E00006C462570017B002901D00120FEBD0CC02D
:105E1000083801210173194C26680196070001E03A
:105E200035003669002E08D00CCE083E03CF083F5F
:105E30008B42F5D301D88242F2D338000661002D9F
:105E400001D1019000E028610199814213D1694696
:105E500000F058F820606846007800280BD0EFF377
:105E6000108072B661794A1CA3799A4200D0491C0D
:105E7000617180F3108868460078FEBDFC10002038
:105E800030180060F8B584B0EFF3108672B6744C29
:105E9000206F616F02AA03C27248FFF7A6FB0300DE
:105EA00027008037BB60704D02A803C800900191A5
:105EB0002A00E169A06F181A06F088FE0021009AF6
:105EC000019B801859410CCF083F99420FD801D34C
:105ED00090420CD2009001912A00E1690020C04359
:105EE00006F074FE0021009A019B8018594103C7F7
:105EF00086F3108805B0F0BD011100200810006085
:105F000000100060F1B584B00F0004460020387026
:105F100000E02469002C3ED0207B0028F9D0EFF36C
:105F20001080009072B6FFF7ADFF4D4D03CC083CDA
:105F30002A0080320CCA801A994102AA03C202A820
:105F400003C800291DDB01DC01281AD3214AAB69F3
:105F500002A803C8190006F039FE0500202D00D85C
:105F60002025C64E3000FFF740FB40190830F06294
:105F70003000FFF73CFB306B8021C90501433163E2
:105F800001E001203870009880F3108838780028EC
:105F900001D0049800E0200005B0F0BDF6BC080078
:105FA00010B5B7490C009834002808D02078002894
:105FB0000BD108004030FFF705FF012004E0080086
:105FC0004030FFF700FE0020207010BD5307000096
:105FD000C50000202603000070B52248FFF705FB2E
:105FE0001F4C25008035A8601F4E3200216AA36F28
:105FF000C01A06F0EBFD226F636F00218018594133
:10600000206761672078002813D1A868A16F401A23
:10601000A16888420DD23200216A0020C04306F0F8
:10602000D5FD0200206F616F002312184B412267DB
:106030006367206F616F03C5083DA868A067226F82
:106040000B4660680021801859412200283203C2A3
:10605000E069206270BD0000FF0F000008180060BA
:10606000681000200018006035060000F0B585B00B
:1060700000216A461170824C25006035A9780029FC
:1060800000D1BEE0EFF31081049172B6012801D176
:10609000FFF7F8FE20002830C0C8A26DE36DC820CD
:1060A00080020021801979418B4210D301D88242AD
:1060B0000DD3B9225200002392197B4128002030D1
:1060C00003C88B4201D802D3824200D396E0280055
:1060D000203003C800220A305141A26DE36D002632
:1060E0004C3AB341994201D802D3904200D381E0A7
:1060F0003C20275C6020205C2979012905D10028FB
:1061000001D0382006E0392004E0002801D03A20F0
:1061100000E03B20205C0190A26D2800203003C8E5
:10612000101A0390574AA169039806F04FFD029098
:10613000A86A524EA9687918C831039A9142029907
:106140001ED2514A1278891A019A8F1AC0197062A8
:10615000B06A07218843B062C020C005FFF728FA63
:10616000C020C005FFF72EFAB06A8021C90501439F
:10617000B1623000FFF73BFA01984349097813E018
:106180003D22A25C891A019A8F1AC119C020C0054C
:10619000FFF71EFA3000FFF71FFAC020C005FFF717
:1061A00000FA01983D21615C4018A96A029A891899
:1061B00022008C3251603A18411D8A420ED2C0240E
:1061C000E4052000FFF7F4F92000FFF7FBF93000A9
:1061D000FFF702FA01206946087005E02B4AE169E1
:1061E00006F0F4FC8C2160540020A8700120687037
:1061F000E87003E0AE70012069460870049880F3EF
:1062000010886846007805B0F0BD38B504001B4D15
:106210002800FFF7E6F9002803D0686A2060032011
:1062200032BDC025ED052800FFF7C3F9002805D0D1
:106230002800FFF7CFF92060012032BDE868800711
:10624000800F032805D12800FFF7C4F92060022041
:1062500032BD002032BD80B5FFF7EAFC01F01AFD27
:1062600001BD81B00020009000980948016801221A
:106270000A4302600068009001B070470018006097
:106280006810002026030000C5000020350600002D
:1062900074000060F8B5050000260124002D25D00B
:1062A0002879002802D1280006F000FB06F0CAFC7D
:1062B0000221297107002868016821400CD104607F
:1062C00006F0C0FCC01B0A498842F4D30326042010
:1062D000A8602E713000F2BD8068D02149030143CF
:1062E000286881600020A8602C71F3E70120F2BDCE
:1062F000E9030000F8B50400216808688004800EF6
:106300000D684E68012739050D4206D00E4204D0B3
:10631000A2683A43A2602268916049080D4207D002
:106320000E4205D0A26802231343A3602268916045
:10633000242808D120680D494058002803D0A068BF
:1063400008210143A160A068002802D0200006F0C7
:106350003BFE7804054007D0064005D021688860E0
:106360002771200006F02AFEF1BD0000E80E0000B3
:1063700038B584B00020FEF749FF002006F077FF13
:10638000012006F074FF022006F071FF012006F0E4
:10639000A1FF0025854C2570012028216054022092
:1063A000502160540121002006F0A4FF01210120AA
:1063B00006F0A0FF0121022006F09CFF0121080445
:1063C00007F0A8F80121202007F0A4F80121880592
:1063D00007F0A0F89F4A0021082007F080F99E4AA4
:1063E0000021102007F07BF99C4A0021202007F0B3
:1063F00076F99B482821694361180861C9616D1CC1
:10640000032DF7D3684600BF19A11022FBF7E4FB68
:106410006946002006F0D6FFEFF31080012181F3DA
:10642000108890490A68202313430B6080F310887A
:106430008D480168FF22914340220A430260802078
:1064400040008A49086007F0B9F9002801D0FBF73D
:1064500064FE07F0E9F906F015FC01F031FC07F0E5
:106460003BFA0020FEF7D3FE002005B030BD00004F
:1064700000C2010000000000000000000000000059
:1064800010B54469207806F08CFF202160542178F3
:10649000491C00BF8DA0FBF7D5FB2078002803D056
:1064A000022807D003D310BD0021082004E00021FA
:1064B000102001E00021202007F01EF910BD00008F
:1064C000F8B56B4E80214900775AFF2F00D96BE059
:1064D00000780D2863D1310081A0FBF7B3FB334C6A
:1064E000002764A1300007F043FA002806D100BF5E
:1064F0007FA0FBF7A7FB2021675424E05EA13000BA
:1065000007F036FA002805D17BA0FBF79BFB48215A
:10651000675426E059A1300007F02AFA002805D177
:1065200077A0FBF78FFB7021675428E0012500BF9F
:1065300075A1300007F01CFA002807D175A0FBF701
:1065400081FB20202554002108201AE075A130008D
:1065500007F00EFA002807D175A0FBF773FB48205F
:106560002554002110200CE075A1300007F000FA3E
:10657000002809D175A0FBF765FB70202554002188
:10658000202007F0B9F804E0310000BF73A0FBF74A
:1065900059FB802149003000FBF714FE01E0F05563
:1065A0007F1C802040003752F1BD000050120020B7
:1065B00080B50020C04307F02BF801BD704718B527
:1065C0008FB0002000216A460B069B0DD05000BF03
:1065D000491CCAB20A2AF6DB07F0D4F9002828D0F1
:1065E000FFF7B0F9040006F061FB032C00DB032485
:1065F000A04200D9200000281BD0022809D002D3D5
:1066000003280CD013E00121012007F06AF90121D1
:106610000AE00021012007F064F9012104E00021D3
:10662000012007F05EF90021012007F06CF907F066
:106630007CF910B010BD80B51149282250430818CC
:10664000002120228154FA2149000830FFF798FAEE
:1066500001BD0000AD840410C5840410EF84041053
:10666000816404100040004108E400E000E100E023
:10667000800D0020535731005357320053573300D9
:106680005012002010B50400E00302D50020FFF7EF
:10669000D2FFA00602D50120FFF7CDFF600202D590
:1066A0000220FFF7C8FF10BD80B5012901D10020ED
:1066B00008E0202901D1012004E08020C0018142AE
:1066C00002D10220FFF7B7FF01BD000042757474CC
:1066D0006F6E20256420707265737365640A000014
:1066E00072656365697665642025730A00000000A1
:1066F000535731204F4B0A00535732204F4B0A005B
:10670000535733204F4B0A005357315F4C4F4E477E
:10671000000000005357315F4C4F4E47204F4B0A4B
:10672000000000005357325F4C4F4E4700000000FE
:106730005357325F4C4F4E47204F4B0A000000002A
:106740005357335F4C4F4E47000000005357335FA1
:106750004C4F4E47204F4B0A000000004E4F542034
:106760005245434F474E495A454420434F4D4D41B2
:106770004E44203A2025730A0000000081B00B48E7
:1067800001688903FCD5816802220A4382600021E6
:1067900002E000BF0099491C009100990629F8DB2E
:1067A000816804220A43826001B0704700004048BB
:1067B000F8B5040001D10120F2BD8E4D2078C0064D
:1067C0002FD5A0680028A86807D104218843A860B5
:1067D000A86802218843A86006E002210143A9605D
:1067E000A86804210143A960A06804280DD106F01F
:1067F00029FA060028684105C90F12D006F022FACE
:10680000801B6528F6D30320F2BD06F01BFA0600B4
:106810002868400505D406F015FA801B6528F7D3D3
:10682000F1E72078C00738D573480168734A0A40F9
:106830008021890111430160016880220A430260BE
:1068400001687022914330220A430260606880210F
:1068500049028842286801D1014301E0AC49014066
:106860002960606800280BD006F0ECF90600286863
:10687000800312D406F0E6F9801B6528F7D3C2E73F
:1068800006F0E0F9060028688103C90F05D006F07C
:10689000D9F9801B6528F6D3B5E70427FF43207894
:1068A000400733D520690028286820D03840286068
:1068B00028680107C90FFBD1286810218843286088
:1068C000A86896490140802040020843A8602868D3
:1068D00004210143296006F0B5F906002868000785
:1068E00014D406F0AFF9801B0328F7D38BE73840A8
:1068F000286006F0A7F9060028680107C90F05D02F
:1069000006F0A0F9801B0328F6D37CE720788007E7
:1069100046D5286807402F601020C04329680140F1
:10692000296029688A06D20FFBD17D497D4A136808
:106930000B401360536819405160A968774A0A40B8
:10694000802109021143A960E96860229143202255
:106950000A43EA60E168102903D1286801432960ED
:1069600002E0296808402860E06800280BD006F0A3
:1069700069F906002868800612D406F063F9801BC6
:106980006528F7D33FE706F05DF906002868810621
:10699000C90F05D006F056F9801B6528F6D332E7FB
:1069A0002078000724D5402660694028286801D156
:1069B000304300E0B0432860606900280BD006F047
:1069C00041F904002868304012D106F03BF9001B61
:1069D0006528F7D317E706F035F904002868410663
:1069E000C90F05D006F02EF9001B6528F6D30AE77B
:1069F0000020F2BD0000404898004048FFC0FFFF63
:106A0000FEB5040051D0009147480068302188430A
:106A10000099014344480160444D2068022814D184
:106A2000A86804218843A860A86802218843A86058
:106A30002868400539D528683D4901402960A86883
:106A4000E021884361680143A960E020C0430190D0
:106A50008027FF00206800281CD12868384024D0F7
:106A60002868800321D52868F9000143296006F0D1
:106A7000E9F806002868400406D406F0E3F8801B15
:106A80000228F7D90320FEBDA8680199014060687B
:106A90000843A860206801280FD1FFF76FFE28681F
:106AA000074002D12868800301D40120FEBDA868F8
:106AB0000199014060680843A86030271A4C00988B
:106AC00021683940884212D02068B84300990143B8
:106AD000216006F0B7F8009D060020683840A84203
:106AE00005D006F0AFF8801B0228F6D9CAE70020CF
:106AF00002E000BF0098401C009000980628F8DBD8
:106B000006F0D9FFFEF77DFB05F082FEFEBD00001A
:106B1000FFFFFEFF0748006870470000FF7FFEFF91
:106B2000FFCFFFFF280050480410004000004048FD
:106B3000FFDFFFFFB405002044490278D20705D5E6
:106B40008A6D04239A43036913438B650278920785
:106B500005D50A683E4B134042691A430A60027821
:106B6000120705D50A683B4B134042681A430A6076
:106B70000278D20605D50A68374B1340C2681A431B
:106B80000A608068820604D50A68344B13401843B3
:106B900008600020704701000020314A012908D018
:106BA00002290DD0082917D0102930D0202935D03E
:106BB0007047116E0422114022D0042917D070476B
:106BC000916880225201114002D0914202D0704758
:106BD000244870472448704791680907116808D510
:106BE000890332D59268C0210904114004D11F489D
:106BF00070474904F6D470478022D203914201D1F4
:106C00001B487047520091421FD11A487047906844
:106C10008021890108408842E9D10FE09168C022B3
:106C200052020A40802109028A4207D049008A4262
:106C300007D0C02149028A4206D070478020000256
:106C40007047FA20C00170470B4870470800404861
:106C5000FFEFFFFFFFFF3FFFFFDFFFFFFF7FFEFFB5
:106C60000000404800127A0000093D000024F400B2
:106C70000048E8010090D003127A0000431E022B66
:106C800009D300280CD0032809D101200140494232
:106C9000122008407047002A01D110467047122088
:106CA0007047FEE7C9B202788A4203D0401C002A2E
:106CB000F9D100207047FEE780B5002801D100BF60
:106CC00007A006490B68002B03D022220021984719
:106CD00001E006F029FF222002BD0000A8140020D8
:106CE000636F6E73747261696E742068616E646C38
:106CF00065723A20626164206D6573736167650037
:106D0000C9B2521E05D30378401C8B42F9D1401EF4
:106D100070470020704710B5144600F002F822605A
:106D200010BD4A0053155B1C08D0520D06D003233A
:106D30001B02FE3AD21A1305C91A70470022704787
:106D400030B4012464054D00EC420BD85D00EC42E8
:106D500008D80C001C4364000443144304D2994235
:106D600000D1904230BC7047FCD08B42FAD18242B5
:106D7000F8E730B4012464054D00EC420BD85D0007
:106D8000EC4208D80C001C4364000443144304D2B2
:106D90008B4200D1824230BC7047FCD09942FAD17C
:106DA0009042F8E7124217D40023DB435B0D9C4668
:106DB0004B005B0D06D0634504D09B18634502D29F
:106DC0001205891870476246090D11430905002014
:106DD00000B500BF00BF00BD52424B005B0DF1D0BB
:106DE0005B1C5B05EED25B0D934102D91205891A3B
:106DF00070470BD10B031B13C90FC907821C00205E
:106E000043411343E4D912051143E1E7C90FC90710
:106E10000020DDE7F4464A1805D200F00FF801D54E
:106E200080174008604700F009F80121C90788422F
:106E300000D90800404260474A1812D2400DC902EA
:106E400008430121C9070843520D40210901521A84
:106E5000521C06D452421F3201D4D0407047C01792
:106E6000704700207047FEE7010042221201D21E47
:106E7000004207D002D4521E0018FCD5C10A4005BA
:106E800012058918704700000100EED54042F44613
:106E9000FFF7EBFF0122D20711436047F0B4012551
:106EA000ED070F005F404FD48B4200D1824205D9DD
:106EB0008446100062468C4619006346DF184C1861
:106EC000640D7F0D3AD0661C760537D0E61B352E53
:106ED00034DCDB022B43DB0A0C0DC9022943C91247
:106EE000202E0DDB1700203E06D01F00F741F34097
:106EF0005F400026012A7741C01871410DD217E08A
:106F00001700F741F2405740F3415A40B340F34075
:106F10005A400026801859410AD3A21C52050FD0AE
:106F2000C207012F724117004008CB0718434908D8
:106F3000641C24054208AF4170416141F0BC7047B8
:106F4000641C21050020F9E76B4010E06B40ABE7C3
:106F5000F742F3D1E943F1E72442EFD100200021C9
:106F6000ECE7F0B40125ED070F005F40EED40C0014
:106F7000871A9C4105D2C01BA141D21963416940C7
:106F80006B40AE0ADF184C18F442E1D2640D7F0D5D
:106F9000E2D0E61B362ED1DCDB022B43DB0AA44613
:106FA0000C0DC9022943C90A012E28DC04D1D607D9
:106FB0005208DF073A435B08EF0A76429041994155
:106FC00014D039423BD1B61940414941761C39426F
:106FD00004D1761C001849413942FAD0B9436746BA
:106FE000B74208D9A41B24052143A7E70042EAD1F0
:106FF0003642E8D1A2E7E40AE10700209EE7202E0E
:107000000BDD203E1F00F340F7415F40012A0022C4
:1070100057417E42984191410BE01700F741F24001
:107020005740F3415A40B340F3405A407E429041AA
:1070300099410A0303D2641EB61940414941002711
:10704000641E24054208AE4178416141F0BC70479E
:10705000CA0F00D0494203105A400DD004B500D3E6
:10706000404200F009F8009AD20701D34942124287
:1070700000D5404204BD0000094214D088420FD31D
:107080000122030C01D100041204002300185B410B
:107090008B4200D35B1A5241F8D31900100070479D
:1070A00001000020704708B506F044FD08BDF0B4AB
:1070B0000E005E400125ED072E40B446AE0ADF18F3
:1070C0004C18F4423BD2F74241D2640D43D07F0DBD
:1070D00038D0E41BC902DB0229432B43CF0ADB0A69
:1070E0000600B61A9F4104D2641EB6197F41B61835
:1070F0005F416812800D24180018844222DCE80CDD
:107100000021B6197F41B61A9F4102D2B6185F41DD
:107110003F1C40414941F4D3241C21DD2405B6190C
:107120007F41B61A9F4105D33743C6073743002630
:10713000012F7041614166463143F0BC7047FCD17C
:10714000F74205D20020C14349054908F3E704D0BE
:107150000020C143F1E77F0DFAD000206146ECE743
:107160002442FAD1401C61410F03F6D30020E2E72C
:10717000F0B50E005E400125ED072E40B446AE0A84
:10718000DF184C18F44208D2F7420ED2640D01D039
:107190007F0D12D100206146F0BD05D1F74201D824
:1071A0007F0D05D10020C143F0BDFBD1640DF9D0A6
:1071B0000020C143490549088FE0E419C902DB02F8
:1071C00029432B43DB0A460DC00231438E4630B4BF
:1071D00087B295B27D432E0CADB2140C7C43A4193A
:1071E000260C240425439CB27C43A419190C794332
:1071F000270CC919A4B20F043C43090C000C97B228
:1072000047432E0CBE193543ADB2170C4743360C1D
:10721000BF19A6B2BF193E043543240C3E0C3619E3
:107220009FB24743BF19BCB23E0C89191F0C47439C
:107230007F183E043443390C704680B297B24743FE
:107240002E0CBE193543ADB2170C4743360CBF198F
:10725000A6B2BF193E043543240C3E0C36199FB22A
:107260004743BF19BCB23E0C89191F0C47437F1816
:107270003E043443390C77463F0C90B278432E0CD1
:1072800080190604ADB22E43050CA0B22D18120CC5
:107290007A435019020C80B2240CA4189AB27A4393
:1072A000121914042043120C89181B0C7B43C918B3
:1072B00030BCEF0A394203D1B61940414941641E3E
:1072C0006F12BF0DE41B0BDBFF19BC4211DA240562
:1072D00000274208AE417841614166463143F0BD26
:1072E000641C05D1401C6141CF0201D34908F4E779
:1072F00050E75DE70148704700000000B805002036
:1073000012422DD0994231D970B500251B4209D0C7
:107310000C00002112E01100FFF7AEFE0A00002170
:10732000002370BD0942F6D00024012649186441AB
:10733000944200D3A41A7641F8D33100012601E02B
:10734000764109D2001864416D41A41A9D41F7D2DB
:10735000A4185D41B619F5D3300022002B0070BD92
:107360001B42CFD108B506F0E7FB08BD01D1904222
:10737000CAD202000B0000210020704770B50246FF
:107380000B48847E0B480068456D1035002003468D
:107390009C4208D02E78002E08D0AE78964204D0B9
:1073A00014355B1CF4E7234600E001200B7070BD30
:1073B000FC130020B8140020084800685C21415CE0
:1073C000CA0606D4890606D45C30C178012008407C
:1073D00070470120704703207047C046B814002052
:1073E000F0B589B0009316460F46044601200225E9
:1073F000294605F0F9F9002811D101A804702009E7
:1074000012240E280AD8FAF78FFC002801D1F807B9
:107410000ED101A84780B805400F02D0204609B020
:10742000F0BDF80606D4F80710D13807F6D413E0FB
:107430001120F4E7132F13D008203A468243152A6F
:107440000AD038462843122806D0E7E73D400820F6
:107450003A4602405019E1D1B80601D5B807DDD14E
:10746000274601AC201D314606F067FB0834204654
:10747000009906F062FB0298202801D23846CEE738
:10748000039920293A4627D3884225D80E9801A986
:107490000873400720D00F9801AC607306F056FBCC
:1074A000617B8142EAD8109801A988730128E5D848
:1074B000129C119901AD28460F30062201F00AFDF9
:1074C0006C75032CDAD8149C1B9D13987F2805D16A
:1074D0001D480068407903E01046A0E701F038FD40
:1074E00001AEB07501F038FD2870F475FD21214022
:1074F0001120012993D11699159A01AB99765A76E4
:1075000000298CD003298AD81A98199901AAD07613
:1075100011760429B2D80428B0D801A8012C03D0D0
:10752000408810210140A9D1179801A908770F2898
:10753000A4D8189801A948770128384600D96EE7E1
:1075400001A806F005FB6AE7C4140020F8B514464C
:107550000D46074606F006FC06462248874201D142
:107560001F2007E00120022105F03EF9002800D08D
:10757000F8BD1D48A84201D21220F8BD384606F0D9
:10758000F9FB4721890041433068461828463146B7
:10759000FAF750FC0028EBD1BA20305C002809D063
:1075A0004C20022131544A2035524821002070528B
:1075B0007464F8BD4C20305C32464C3237463C3760
:1075C000002806D03968A1200092224606F0EEFB82
:1075D000009A422035524021002070523C60012127
:1075E0001170F8BDFCFF000072060000FEB50293AA
:1075F00014460F46054606F0B5FB0646314885425F
:1076000001D11F2007E00120022105F0EDF800283C
:1076100000D0FEBD2C481221A04201D20846FEBD7A
:107620000191284606F0A6FB4721890041433068B6
:10763000461820463146FAF7FDFB0028E9D1BA206A
:10764000315C3820305C042F12D1002937D000285B
:10765000019A20D01B4885421DD1F08D00281AD0F8
:10766000A420305A1021014021431046D1D10CE012
:1076700035463835002910D0032F06D10220287056
:10768000F4860020B08602983063A236304606F0B9
:10769000C7FB0020FEBD1046FEBD37462837002838
:1076A000029A05D03968A120029A06F07FFB029A5F
:1076B0003A6001202870F4850020B085FEBD019855
:1076C000FEBDC046FCFF000072060000F8B5284A67
:1076D000927E12258A4225D9002800D10146142223
:1076E0004A4324480068436D99184C78A006C60F99
:1076F0000020002E02D01027274014D1002E02D1E6
:10770000082634400FD19E5C4C688889214606F0DB
:1077100097FB1949884208D00019817848070BD493
:10772000D42000E02846C0B2F8BD032E2846FAD87F
:10773000F1001248C840F6E7032E2846F3D8C046A9
:107740007E4436797600B74401060D0103200140DE
:1077500005D10846E7E703200140012906D02B2088
:10776000C043E0E7032001400229F8D10020DAE716
:10777000FC130020B8140020FFFF000000D4D40048
:10778000BCB50D4D28685F21405C800701D40C24F6
:107790000FE06C46204606F06BFB2046FAF7A8FA8D
:1077A0000446002805D1286866306946062201F0A3
:1077B00091FB2046BCBDC046B8140020FEB514465F
:1077C0000D4606460120022105F00EF800280BD1D7
:1077D0001221012E07D81F48807EA84203D3002E15
:1077E00004D0002D02D10846C0B2FEBD0191002791
:1077F00028463043394607D10020009029460246EA
:10780000034606F05FFB0146FBB2AB420846EBD2F3
:107810000297062108465843225C17090E2F16D8F6
:107820005B1CDFB2AF4204D24F43E75D9742F7D112
:107830000DE020184388007900903046294606F074
:1078400041FB029F7F1C00210028DDD0CCE701987E
:10785000CAE7C046FC13002070B50346002900D1DA
:107860000A4629480068416D012B0CD1142353436B
:10787000CA5C012A33D0022A3ED1CA189478042067
:10788000204390703AE014235343C9188E1C897822
:10789000890721D50024214606F094FC1B48006886
:1078A0004721405CC00717D019480068806946220C
:1078B000022529462B4601F097FF00280CD00146EF
:1078C0008571C4710472FF20487182200871042000
:1078D0004872284601F0E4FF0020307070BDC918DE
:1078E0004A788B78134302221A438A7000210122BE
:1078F000084B01F0EDFF70BDC8188078C9184A78B0
:1079000002438A7070BDC046B8140020C414002021
:10791000B414002020BF0200B0B502461048006831
:1079200005465A35002908D1A97889060024890F0F
:1079300014D0697902230B4010D0002A01D0094BE2
:1079400003E07D21C9002B884B43012421462246B8
:1079500001F0BEFF6879FD21014069712046B0BD8C
:10796000B8140020307500007CB50D4C25685C20F3
:10797000285C8006800F12D05C35E8780226304003
:107980000DD101A8694606F03FFC6978014306D194
:10799000E8783043E8702068012106F013FC7CBDD4
:1079A000B8140020002070471F21014001228A40A6
:1079B00072B604490968400980000B5813430B5004
:1079C00062B67047D4140020F0B595B0062104A823
:1079D000FAF7F8FB0620694608730020C881934C2B
:1079E00008A821003422FAF7F7F808A806F044FCAA
:1079F000010005D020003430FAF724F9FAF78DFBA6
:107A00001821002006F06EFC002805D0010020009F
:107A10005830FAF717F903E020009830FAF712F916
:107A200007A9891C012006F061FC002805D001008F
:107A30002000C830FAF706F904E08420400020183E
:107A4000FAF700F90121002006F084FC002806D096
:107A500001009C2040002018FAF7F4F804E0B6205A
:107A600040002018FAF7EEF806A8009006AB9B1C21
:107A700007AA0021012006F075FC04AA03A98020B2
:107A800006F0F8FC04A80178029141780191817810
:107A90000091C37802794179C82040002018FAF794
:107AA000D1F800BF62A21C21002006F090FC002843
:107AB00006D00100EA2040002018FAF7C3F804E0DD
:107AC000862080002018FAF7BDF803AA921C022134
:107AD000002006F082FC002806D0010093208000E0
:107AE0002018FAF7AFF804E0A42080002018FAF775
:107AF000A9F8012501209D490870FAF716FA002817
:107B000006D00100B12080002018FAF79BF804E0AD
:107B1000C12080002018FAF795F894494D7008208C
:107B2000C870102008718D70002000900026904DC4
:107B3000A85DA9194978092922D0FF293CD1302113
:107B4000AA1991700099D170022111718D21517182
:107B5000832191710099D17100991172009951722C
:107B600004A94A79AB199A720A79DA72CA781A7337
:107B70008A785A734A789A730978AA19D1731BE0E4
:107B8000311869180A78582A16D14A1E1378582BCA
:107B900012D16B461B7C1B096F463F7C3F073F0F92
:107BA000092B01DD373300E030331370092F01DD7D
:107BB000373700E030370F703618761CB6B21F2EFC
:107BC000B6DB0020029010200190082000900023D6
:107BD000012201210120FAF7ACF9002806D00100AA
:107BE000CD2080002018FAF72DF804E0DF20800077
:107BF0002018FAF727F85D48807800280FD0012078
:107C000006F03CFC002806D00100ED208000201882
:107C1000FAF718F803E057482018FAF713F800BFEE
:107C20000AA0FAF70FF815B0F0BD000048030410E1
:107C30005065657220746F205065657220536572BF
:107C400076657220457874656E6465643D3D3E3EA0
:107C500020456E6420424C455F496E69742066750C
:107C60006E6374696F6E0A0080B50120FDF7CEFA6D
:107C700006F014FC0120FDF7CAFA01BD80B5FDF73E
:107C80005DFD01BD80B50021022016E080B507F042
:107C90002EF801BD80B5FFF7F5FF01BD80B507F0F7
:107CA00059F8FFF7EFFF0121042006E080B507F047
:107CB000A5F801BD80B50121012005F01DFD01BD24
:107CC000F8B52D4A0021012005F009FD2B4A0021BD
:107CD000022005F004FD2A4A0021042005F0FFFCE3
:107CE00007F090F807F018F90021C943884201D144
:107CF000FAF713FAFFF768FE00261C4CA67321481A
:107D0000A081214A0021402005F0E9FC1F48A06124
:107D10001F4820631FA73800F9F794FF1E4D280065
:107D2000F9F790FF07F075F928002830F9F78AFF76
:107D30003800F9F787FF062007F0BAF9010004D0F0
:107D400028005830F9F77EFF03E028009C30F9F74F
:107D500079FFF9F72FFDF9F7E5FD10492000103004
:107D6000FDF70EFF40202654F1BD000078130020DF
:107D7000600300200C040000697C04107D7C04106A
:107D80008D7C0410FFFF0000998404107D84041092
:107D90008F8404100A0000009C07041060EA0000B1
:107DA000F8B584B005002878042802D0822802D0D3
:107DB000B3E1EF1C00E02F1D6978B94EB94C0529DD
:107DC00008D0102900D199E13E292AD0FF2900D1FD
:107DD000ECE09FE1287969790906090C0843B1892B
:107DE000884210D1CE48B0810020B0732000F9F74E
:107DF00029FF297968790006000C0143AA7920003F
:107E00002C30F9F71FFF00F02FFBC648012101704D
:107E100029796A791206120C1143418007F0E9F8BA
:107E20007BE1E978012900D19EE0032906D00A29E7
:107E300000D18AE00C2900D183E0B5E020006C304D
:107E4000F9F700FFE879297A0906090C0843FFF7DA
:107E50000BF80022B44BFFF78BF9002280235B0361
:107E6000FEF787FFE879297A21D80906090C08432B
:107E7000EE79297A0906090C0E43FEF7F5FF002278
:107E8000A94BFFF775F9009001913000FEF7ECFF68
:107E90000022A54BFFF76CF9FEF7BCFFFEF7F4FFDD
:107EA00002000B0000980199FFF75BF81EE009063D
:107EB000090C0843EE79297A0906090C0E43FEF7EE
:107EC000D3FF0022984BFFF753F9FEF7A3FFFEF70D
:107ED000DBFF009001913000FEF7C6FF0022934BBC
:107EE000FFF746F9009A019BFEF7D8FF0022904B5E
:107EF000FFF73EF9FEF78EFFEA7A297B0906090CA7
:107F00000A436B7AA97A0906090C0B43E9792E7AA0
:107F10003606360C31430A255543009506001D00F0
:107F20000800FEF7A1FF00227F4BFFF721F9FEF7C3
:107F300071FF01002B0032002000A030F9F782FE13
:107F4000EBE0012005F0E8FBE7E0E87F6D1CE97F4E
:107F50006D1E0906090C08436A7FA97F0906090CF2
:107F60000A43EB7E297F0BE0E87C297D0906090C9A
:107F700008436A7CA97C0906090C0A43EB7B297C2F
:107F80000906090C0B436979AC792406240C2143BA
:107F90000390029201932800093000902B7AEA792D
:107FA000287900F019F9B8E062A0B4E0387879785F
:107FB0000906090C0843001F14D0C249401A57D0C3
:107FC000401E1FD0401F0AD0801E2DD0401E16D04C
:107FD000C91F401A12D02331401A65D087E088208B
:107FE000400043E0012005F075F930002830FDF72E
:107FF000EAFD052130002830FDF7C2FD8DE09C2010
:10800000400033E0B42040002018F9F71BFEAE49D1
:10801000B089F9F79CFF002803D00100C820400078
:1080200020E0E220400021E0F62040002018F9F78F
:1080300009FE381D07F044F8010000BF44A0F9F71D
:1080400001FE381D07F03CF8010000BF47A0F9F71A
:10805000F9FD0121B089F9F77EFF002804D0010065
:1080600088208000201856E09B208000201813E014
:10807000AB2080002018F9F7E5FD3979002906D0FA
:108080007A79B62080002018F9F7DCFD03E000BF04
:108090003CA0F9F7D7FD8DA0F9F7D4FD3DE000BF76
:1080A0007813002070080410C62080002018F9F70B
:1080B000C9FDB979F8790006000C014337A0F9F73A
:1080C000C1FDBA79F8790006000C02433979787954
:1080D0000006000C0143B878FB781B061B0C184304
:1080E0000023019300930823F9F756FF15E0397830
:1080F00078780006000C01432CA00CE0E8780428F6
:108100000BDABFF34F8F724872490860BFF34F8F8D
:1081100000BFFDE72BA0F9F795FD05B0F0BD00000D
:10812000FFFF0000A01400200000F43F0000F4BF97
:10813000000059404843495F4C455F4D4554415FFD
:108140004556543A203078253032580A0000000055
:1081500020202020202D206E756D657269635F766A
:10816000616C7565203D2025640A000020202020D8
:10817000202D204865785F76616C7565203D20254F
:10818000780A000020202020202D2050616972698B
:108190006E6720537563636573730A0048616E648C
:1081A0006C65203078253034580A00004843495F18
:1081B00056454E444F525F4556543A20307825304C
:1081C00034580A004843495F4556454E543A2030DA
:1081D00078253032580A0000F8B588B03E4C0026A9
:1081E000020005D001003D48F9F72CFDA67367E0B9
:1081F0000F9F0E9D684681813948F9F723FD287845
:10820000029068780190A8780090EB782A796979D3
:108210003448F9F717FD3800FEF726FE06AA03C218
:1082200006A80CC800203049FEF7A2FF6A4603C228
:10823000684603C8FEF7EEFD0500FEF725FE04AA1A
:1082400003C2684603C8002280235B03FEF791FD4A
:1082500006D8684603C804AA0CCAFEF782FE0AE0E4
:1082600006A803C8214BFEF783FF02000B0004A8F9
:1082700003C8FEF713FE00221D4BFEF779FFFEF741
:10828000C9FD02001198109B0A2141430091290069
:108290007448F9F7D7FCA07B012801D1032000E046
:1082A0000220A07368468089A0817F4806706946D5
:1082B0008989418006F09DFE20001030FDF783FC87
:1082C00009B0F0BDFD03000007B201000A00000084
:1082D0000400FA050CED00E078130020AC0B04104C
:1082E000E40B0410280C04100000F43F0000F4BF5D
:1082F00000005940F1B58EB080200B90A027704C43
:108300000020804D0EAA1278052A4AD801A39B5C52
:108310009F4400BF0A06188E2E6C04264AE0C8202F
:10832000C0000B90FA273F01052643E000260022FB
:1083300000210020F9F733FF010000D188E09920E7
:108340001AE0C827BF000B970026FA2149004022F7
:10835000AA5C002A12D028270B974022A85489B281
:108360000091B3B23A000B9989B2A889F9F721FEBE
:10837000002870D00100AD20800063E00120ECE710
:108380001321A889F9F7CDFD002803D001002000B2
:108390005C3058E020008830F9F754FC00F069F8B0
:1083A0005EE00EA80078012804D9801EBFD0801E90
:1083B000D5D055E006210CA8F9F704FF00200A905B
:1083C00009900120089000200790012006900020CD
:1083D00005900490039002900720019000970B9B5A
:1083E000132202210020F9F79DFE002806D001008B
:1083F0008A2040002018F9F725FC05E0AE73AC2078
:1084000040002018F9F71EFC3F4B1F2203210020DB
:10841000F9F7C1FE002806D00100C820400020184E
:10842000F9F710FC04E0E62040002018F9F70AFCF8
:108430000CAA01210120F9F7B2FE002806D00100A4
:10844000FC2040002018F9F7FDFB09E08D2003E037
:10845000AE73A42000E0BE2080002018F9F7F2FBE4
:108460000FB0F0BD6C0C041080B5012005F054F97C
:1084700001BD80B5012005F059F901BD80B500BFEF
:1084800023A0F9F7DFFB00214020FFF716FC80B5A1
:10849000012004F023FF01BD80B5012004F01EFF80
:1084A00000201849887301BDA01400201548807B66
:1084B000002800D1704780B500218020FFF7FDFB28
:1084C000DC0C04100F48807B022800D1704780B577
:1084D000F9F745FD0D4A002804D001001000F9F716
:1084E000B1FB01BD10003830F9F7ACFB01BD054808
:1084F000807B022800D0704780B50420FFF7FAFE89
:1085000001BD00007813002060030020101004104B
:108510004164765F43616E63656C5F5265710A000A
:10852000F8B5002916D00E46054609780024C8077C
:1085300020461FD188070FD448070FD408070FD44F
:10854000C8060FD488060FD448060FD408060FD5E6
:1085500007200FE012243CE001200BE0022009E09C
:10856000032007E0042005E0052003E0062001E0E9
:108570000020C0433070184800684721405600284A
:1085800027D516482818032101430D31880883B2E6
:108590001348006880690221492201F025F900286A
:1085A00016D00746001D2946324606F094FD0420E9
:1085B000787207203872E81C010AF971B871FF203F
:1085C0007871822038710220394601F069F900E0A3
:1085D00007242046F8BDC046C4140020FDFF030058
:1085E000B4140020F8B50446684600250570F9F774
:1085F00029FC002805D06D4620462946FEF7BEFE20
:108600002D78F9F71FFC002802D02648837E00E071
:10861000012314267543244F3868416D4C19A57801
:1086200002222A4002D0A41C002525701131DBB2A1
:10863000002B0AD00C78002C04D00C460F3C247878
:10864000A40726D45B1E1431F2E7002A21D00024AF
:10865000214605F0B7FD154800684721405CC0077A
:1086600017D01348006880694622022529462B4608
:1086700001F0BAF800280CD001468571C47104726B
:10868000FF2048718220087104204872284601F0BA
:1086900007F96846007846433868406D8019002124
:1086A0004174F8BDFC130020B8140020C41400204D
:1086B000B414002080B506F01BFD80BD80B506F027
:1086C00059FD80BDBCB50C4605464888001F488052
:1086D000084603F064FB011F02290CD806281AD0B3
:1086E00005281DD0042811D10420A0812846214648
:1086F00006F058FD18E03F2808D020385F2805D83C
:1087000068460570019406F087FD0DE02846214675
:1087100006F089FD0EE02846214606F089FD03E0BB
:108720002846214606F0BAFD002803D06188091DBD
:108730006180BCBD0020BCBDB0B5044601880220EC
:1087400006F0D0FE0546002802D1204602F0A0FF28
:108750002846B0BD70B591420ED215460E4604466D
:10876000406806F0E3FE751B606806F06AFF281893
:1087700081B2204606F071FF70BDF0B5C3B004466B
:10878000008806F079FF00287CD00546207A032770
:10879000074028692A460C32022F039208D100288C
:1087A0002FD011888426042954D30121029131E06D
:1087B00000284AD06688002E26D00021019104A806
:1087C000029020463246029B06F072FF28694068FC
:1087D0000090204606F075FF0146009806F076FFEF
:1087E000A98928693246029B06F076FFA88980197C
:1087F000A88181B2286906F030FF039A0198608051
:1088000002E02C616088A881108804281BD32869A5
:10881000002602960021019106F067FF001D81B23B
:10882000AA898A4216D812D1296948800120FFF707
:1088300049FF00282DD028698426A04226D101981E
:10884000A881286122E0002618E0002602E00298B4
:10885000002813D0A87810210143A97042200121DB
:1088600002222B4606F052FF2869002806D002F0AB
:108870000FFF00202861039900200880002E05D1F9
:10888000012F03D1204602F003FF0026304643B0FB
:10889000F0BD0198EEE7FEE7F0B585B004468778B5
:1088A000781E0321049108430930800883B2207A9E
:1088B00003902088029011480068806902254022B8
:1088C000294600F091FF002814D006460097019435
:1088D0000498039A0240301D002702993B4606F097
:1088E0004FFF35712846314600F0DAFF204602F08E
:1088F000CFFE00E00727384605B0F0BDB4140020D5
:1089000070B5144605464C430068401E03210143E0
:108910004E1C00213046224600F0E0FA3019286053
:10892000304670BDF8B5044606F041FF1C480068AB
:10893000466B002E32D0374636693889A042F8D1CE
:1089400000257A89E8B2032804D8214606F03EFFC4
:108950006D1CF6E72046114606F048FF798920464F
:1089600006F05AFF002038810D480068426BBA4279
:1089700005D011461269BA42FBD1103101E001461F
:1089800034313A690A607989042903D1C16A3961AD
:10899000C762CEE7016B39610763CAE7F8BDC0461D
:1089A000BC14002010B502F051FE002825D004466A
:1089B000008902F0A9FE0246012000210F4B02F0BF
:1089C000C3FE208906F02CFF6420205CC007A07A3B
:1089D00004D16030C0B2512804D307E05030C0B297
:1089E000402803D80221204606F034FFFE20A07262
:1089F0000E20FEF7D9FFFFF75DF910BD30750000BE
:108A0000F8B5044606F04AFF05461048C07A85428C
:108A10001BD20F4E3068294605F0D4FB14276F4354
:108A20003068C06A0025C553C0190069002809D004
:108A300002F02EFE3068C06AC01905613068C06A55
:108A4000C0198581204606F041FFF8BDFC130020C7
:108A5000C01400207047FEE7F8B50E4800680668AD
:108A60003078401E30700C49098A25314F097C1C32
:108A7000000606D100252846214606F029FF75800C
:108A8000BC1C0120214606F023FFB088001BB080EB
:108A9000F8BDC046AC140020FC130020F8B51E46FB
:108AA00015460F460446C00607D4144800682F2117
:108AB000405CC0061ED5152202E0BF2004400522FE
:108AC0000F4800686107C90E40180069022321465B
:108AD00000F08AFE00280FD0014605728672C77129
:108AE0000420887105224A710871280A48722046BC
:108AF00000F0D6FE0020F8BD0720F8BDC414002009
:108B0000B4140020F8B50F460646104602F09EFD4C
:108B100000285CD004460546002F0BD00020A87228
:108B200008340122062E38D129891646062F15D081
:108B3000052214E0E87A01210143E972284606F093
:108B4000D7FE002815D0062E03D1E87AF92101407E
:108B5000E972E87D000708D5042007E0042202201E
:108B6000002306F0E7FE324617E00220E97A0143CF
:108B7000E972A87AAD2805D0AE2805D0BC2827D147
:108B8000BF2002E0AF2000E0F020A87208340E20E1
:108B9000FEF70AFFFFF78EF800226420285CC0076A
:108BA0000BD1A87EC10605D5EF210140A97641B2BF
:108BB000002918D4002A19D109E0287EFC2101409F
:108BC000297603210140481E81410A430ED1F8BD98
:108BD000062EDBD1F128D9D12989022000221346A3
:108BE00006F0A8FED2E76F210840A876208802F0A0
:108BF0008BFD024601200021014B02F0A5FDF8BDCE
:108C000030750000F8B50F48006805682878411CE9
:108C100029700D4F398A25314E09741C002809D15D
:108C20000020214606F0C2FE388A25304009401C4B
:108C30006880B41C0120214606F0B8FEA8880019FF
:108C4000A880F8BDAC140020FC130020F0B589B05A
:108C5000049315460591074606AE08AC30462146FA
:108C600006F0E4FE2278002000950499019102901C
:108C700038460599334606F0FDFE09B0F0BDFEE723
:108C8000F8B504460D4E3068C56A2969C1622F885F
:108C900000211422284600F021F9042068811720C1
:108CA000E8802C812F803068416B45632961204624
:108CB00006F060FF204606F061FFF8BDBC140020FE
:108CC000B0B50C460546002006F0D6FC002805D0BD
:108CD000012181800580614261418170B0BD80B514
:108CE000002A03D00846F8F7FFFF80BD06F04AFFD0
:108CF00080BDF0B589B004931746059106460E9CD9
:108D0000204606F040FF0F9D002808D007A8062245
:108D1000214600F0DFF806A80122027005E007A84E
:108D200006AC214606F082FE227800970498019056
:108D3000029507AB3046059906F09CFE09B0F0BDE0
:108D4000F0B589B015460E4602F080FC002870D0C0
:108D50000446807ABC2806D1278908A80021018012
:108D600026462C3656E027463437E17D090709D4DC
:108D700020462C300822314600F0ACF83D70280A1D
:108D80007870A07A2189029108A900220A802646DB
:108D90002C36BC283DD025462035F1280FD1E07D6A
:108DA000000736D407AA01922846314606F0F8FE9D
:108DB00002220198394600F098F8002821D0384660
:108DC0003146224606F022FF00281AD0029D28468E
:108DD00006F02CFF207E80070CD0284602F094FC81
:108DE000024601200021154B02F0AEFC207EFC2142
:108DF00001402176022003220023294606F09AFD35
:108E000017E00D480068083008AA2946334606F0E6
:108E10001BFF029F03AD00211022284600F05EF8E0
:108E2000227C2846314600F055F83846294606F09F
:108E30001EFF09B0F0BDC046B01400203075000020
:108E4000F0B581B0054640888624002810D0AE6871
:108E5000002E0DD000246C602C80274634602846FC
:108E6000314606F013FF24367F1C68888742F5D30D
:108E7000204601B0F0BDFEE7B0B50C4D2868422495
:108E8000005D9021084200D0B0BD06F017FF002819
:108E900005D00D20FEF788FDFEF70CFFB0BD286859
:108EA000015D80220A430255B0BDC046D0140020A7
:108EB00080B50146064800684222825C120704D44D
:108EC0006430402200F006F880BD02F099F980BDC0
:108ED000D014002080B506F00DFF01BD80B50B0059
:108EE00011001A00F9F770F901BD80B506F05AFFBC
:108EF00002BD7FB504000D001600684606F062FF53
:108F000068460178217041782970807830707FBD83
:108F100080B506F02FF802BD80B503F0D1FE02BD8A
:108F200080B504F097FC01BD80B506F079FF02BD65
:108F300080B506F097FF02BD80B507F0C7F802BD07
:108F400080B504F054FC01BD80B504F058FC01BDAF
:108F500080B503F05FFD02BD80B503F07BFD02BD6F
:108F600080B503F0A7FD02BD80B503F0A5FD02BDED
:108F700080B503F0A3FD01BD80B5FCF7ABFA02BDDF
:108F800080B5FCF7F2FD04BD80B5FCF713FE02BD11
:108F900080B5FCF718FE01BD80B5FCF74CFDC0B2F2
:108FA00002BD80B5FCF780FDC0B202BD80B5FCF704
:108FB0009DFC04BD80B5FCF7B1FD01BDF8B51C46B4
:108FC00013460D460646052219462B4607F0B4F80F
:108FD0000746882804D030462946224607F0C6F8BE
:108FE0003846F8BD80B50A4601460248FFF788FCBE
:108FF00080BDC046F813002000210160406070472A
:1090000010B5122400280ED0002A0CD00B2B0AD841
:1090100041700370036A5954491E4B1CFAD3026114
:1090200000240475C061204610BD00207047024630
:1090300030200129014600D02021012A00D0084615
:109040007047704770B511200421FFF7CBFF164D14
:10905000296890268959C96B096848632B201349F0
:10906000085CC97A0818841C48212046FFF7BAFF1B
:1090700029688959C96B0A6800219163002C11D0B5
:10908000382214238354C1632A689259D26B126820
:10909000926B42642A689259D26B12689063641E84
:1090A0004830EBE770BDC046C4140020FC1300201C
:1090B0005721890041430448006890228058C06BC2
:1090C000406840187047C046C4140020F0B589B00D
:1090D0000446FA20255AE66CFFF752FFE321625C52
:1090E000FE2313406354352109014018754369007C
:1090F000421872B6616CCB43D21800D485E0049656
:109100002722D200A218059222462F320892224628
:10911000423206922246E2320792081A00270821BC
:109120004AB2002A0CD4CBB22A469A40904202D3CB
:1091300001269E40BF19821A00D31046491EEFE750
:109140000799088B4743069A1088C01B1080BDB250
:109150000898807C0978012910D1164600F01DFE80
:10916000368808998A7C0023009301900293214657
:10917000BC311046324607F033F810E000F036FEFE
:1091800025210E1A774308980078381880B207F026
:109190005BF808990870301880B207F055F8089A03
:1091A0000146059E049F907C00F04FFF7D43606C5C
:1091B000401B6064608D294607F056F8A26C82421D
:1091C00004D9121A0D2A00D80D22A264606E40192B
:1091D00060664B2080002018616C891AE36E520093
:1091E000D3183468A34200D233600A4607F046F829
:1091F00000280AD0079A50780121014351701420A9
:10920000FEF7D2FBFEF756FD346062B609B0F0BD42
:10921000F0B597B004464B208000201807F068F89E
:1092200021462C3100280291079400D185E043208B
:1092300080002518204607F064F803280AD1288BFF
:10924000410707D5002169770422904328832046EF
:1092500007F05DF80695204607F06AF8002800D16F
:10926000A4E02120C0002518029880780A900121EE
:1092700000262846324607F06AF807462846314657
:10928000324607F064F8384300D08FE000212046D2
:1092900007F074F8064647788178029802780991B9
:1092A0000846394607F070F8002879D00698807B88
:1092B00004280BD10698007B0999884276D00122B8
:1092C00030460A9907F020F900286FD102980278F9
:1092D0000998394607F038F9002800D1E5E1022164
:1092E000284607F0ABF900285DD00546618FBF1C0A
:1092F00001203A4607F0D6F9E863002800D1E8E1FA
:10930000478000213A46334606F0E6F9099807F00F
:10931000EFF938216854572080000A994843F249F0
:10932000096890228958C96B4968081811210901F8
:109330004118284607F0E8F935E04878002200286F
:109340002BD004922746B437487D0A908D78284662
:1093500007F0E6F926467836A06F002801D007F01E
:1093600005FA3046FFF748FE03CF07F01FFA029ECA
:109370007178079C608F07F02DFA204607F060FA9D
:10938000284607F075FA284607F0B2FA002803D0FD
:10939000012030700A987075049AD0B217B0F0BDF1
:1093A0000A9807F0A7FA204607F0B6FA2120C00075
:1093B0002018039000200490C54311200601069F49
:1093C000012DE9D0681C0A90388B032105910840D3
:1093D000012808D1387FFF2805D0204606F091FFEC
:1093E000002800D1DFE00996A419A01E089000789B
:1093F000401E042800D924E17844007940008744C5
:1094000002236C95B300572080000299897841436C
:10941000B548006890228058C06B40684018099990
:109420004058002800D10CE13821415C0D2900D9B9
:10943000D9E001228A40AD490A4200D1D3E0E11EC1
:109440000A7820211143D0E0079806F05AFF0190D6
:109450000A98C6B20122039F3846314606F077FFCC
:109460000546002238463146134607F05CFAE71EEF
:109470003978C90600D4E4E00199002900D0E0E081
:10948000002D00D0DDE0002800D0DAE0029DA878B1
:10949000314607F061FA07F069FA01900121079857
:1094A00006F06CFF03463878EF2101403970A87848
:1094B00006223146019DA8473878C1074FD0C00623
:1094C00000D5BEE0059808990870201FFF210170A3
:1094D0000121079806F01BFFB3E0079806F011FF83
:1094E000032800D0ADE0029FB8780A99CEB2314689
:1094F00007F032FA07F03AFA0546B8780027314605
:109500003A463B46A847251F28700798394606F07B
:10951000FEFEE01E0078C10721D0400600D58DE098
:109520002878FF2800D187E0042088E0079806F01B
:10953000FFFE002800D184E00021079D284606F0A8
:109540001DFF01460A98C6B203232846324607F09B
:109550001BFA002875D0E01E0078C1073CD10398A3
:10956000314607F0E3FA6CE00698807E800768D504
:10957000029CA0780A99CEB2314607F0EDF907F0C7
:10958000F5F9002809D00546A078072200233146C6
:10959000A8470398314607F0C9FA069A907EFD2144
:1095A000014091764DE0354601262046314606F0D1
:1095B000E5FE022181704170059A02703A7FC27007
:1095C000388B084338832046314606F0A0FE787B6E
:1095D00030432E46787365E040062FD4201F007874
:1095E000FF282ED128E0E11E097801220A43E41E5B
:1095F0002270002D069A16D0C06B428800250BAE53
:109600002946334606F054F80123079831462A4686
:1096100007F0BAF9002814D02078C1070AD10A98B7
:10962000C1B203989DE702209073507B1021014343
:10963000517306E0400601D4022000E0052008999D
:109640000870069F388B0007079C22D5204606F03D
:1096500058FE00281DD100210122039806F077FE54
:10966000002816D101262046314606F087FE072144
:1096700081700221417005990170797FC170388B2A
:10968000042101430820814339832046314606F0F6
:109690003EFE08980078FE210140022901D10120F8
:1096A0000490099E0C360A9D8AE606988078042864
:1096B00000D078E6069800780999884200D175E6CE
:1096C000002230460A9906F01FFF002800D06DE600
:1096D00069E60548006890214058C06B0068816BBE
:1096E000696485635FE6C046C4140020452000001D
:1096F00070B50546FF262836805DC00701D10024DD
:109700000FE0688F002421462246234607F020FA06
:10971000072801D1012404E0A8190178FE220A409B
:109720000270204670BD0020704700207047002066
:109730007047002070470020704700207047704736
:109740001F2202400123934072B68900054A126825
:10975000511840098000081881681943816062B679
:109760007047C046D414002010B50446F8F7D8FA64
:10977000012809D10E2060430449096890228958C4
:10978000C96B8968081810BD002010BDC4140020E2
:10979000F8B51C4615460E461F469037FFF7E4FF06
:1097A000002802D00088022801D0012000E0032018
:1097B000A98C0B4A8918C1400A480818C00881B210
:1097C0003888884200D30846002E02D0E98C8142B6
:1097D00000D301467980204607F05AFAF8BDC0460A
:1097E00088FEFFFFB5FF0700FEB515460C4606468E
:1097F000080614D402AA01AF304619463B4607F0CA
:109800009BFA00281FD0600634D402988178FC228D
:109810000A40827001990180718001272BE072B6A5
:1098200002AA01AF304619463B4607F085FA0028E8
:109830000BD002998A78FC2313408B70019A0A801E
:109840007280012702E0002703E0002762B60028AB
:1098500011D172B6A0060AD4104800680168082227
:109860000A4302600020FEF79FF8FEF723FA62B673
:1098700000260AE00027029EF570A000602101404A
:10988000B078032202405018B070002F04D000209E
:10989000FEF78AF8FEF70EFA3046FEBDB41400203B
:1098A00080B5400605D48878FC220240901C887060
:1098B00080BD084607F07DFA80BD002901D0022155
:1098C00000E0032180228258CA40012010407047E6
:1098D000F0B585B0122600285ED01F460D4604461E
:1098E00043788B4258D920780521090381408F4263
:1098F00052D804920293FFF743FB02462378206A72
:10990000405DA8420CD00498002845D02046039121
:1099100029460493164604F055FC03993246049BED
:10992000332078430E46010A0818010C0818710705
:10993000D20851184218581DC0B2C24001956800A3
:10994000616A04920A52FFF71BFBC0080390627819
:10995000206A17463B46C75D97420DD07D00666A78
:10996000755B2678761D0399F1406D1A2DB2049E21
:10997000711A09B28D42EDDDC15C019A8154206AF1
:10998000C2540298834206D1049801B2204607F0DF
:1099900036FA064600E00026304605B0F0BDB0B508
:1099A00005460024204607F051FA002809D0024657
:1099B00038200721115401242846214607F04EFA89
:1099C00003E013200121FFF7BBFE2046B0BD704726
:1099D000604A5C235843101802685F4B1340C90665
:1099E000802212051140194301607047594A5C23D7
:1099F00058431018C269FF239A43C9B21143C16189
:109A00007047544A5C2358431018026A120C12041F
:109A100089B2114301627047426801239A43CB0720
:109A2000DB0F134343607047426808239A43C90021
:109A300003E0426810239A43090119401143416031
:109A40007047426820239A434901F6E74268494B30
:109A5000134009028022520005E04268444B134043
:109A600049028022920011401943416070475CB561
:109A700004B40200069C00200026012935D1684666
:109A800001781800084301D106203BE008200E00B1
:109A900003D1012B06D1052034E0012E0CD1190091
:109AA00005D12FE0062BEFD0042B2BD1ECE7062BB2
:109AB00028D0042B07D125E0062E01D0042E07D193
:109AC0001E0002D11DE0012BEFE70E00062E01D093
:109AD000042E03D1012BD7D0062901D0042911D19E
:109AE000062B0ED0042B0DD10BE00B0004D1072068
:109AF000012C0DD199260CE0022902D0032908D1AE
:109B0000F6E70720012C01D19B2602E03D2600E06C
:109B10003B26911B081A5EBD1C490A681C4B13406A
:109B20001C4A29E01C48016808220A430260704769
:109B30001948016801220A4302607047174801680A
:109B400080229143016070471448016880220A43D3
:109B500002607047DC000020FFFFFFF70F490A6832
:109B60007F239A434006400E104308607047000070
:109B7000FFFDFFFFFFFEFFFF02401A430A60704730
:109B80000100994808407047000000000400006090
:109B90004F000200B0FFFDFF18000060C40000206D
:109BA0008021C90308407047002070478021C90503
:109BB000084070478021890408407047802189014E
:109BC000084070478021C90208407047802149023F
:109BD0000840704780218903084070478021890030
:109BE000084070478021090108407047802109061C
:109BF000084070478021C904084070474021084050
:109C00007047802149040840704780B50021FFF764
:109C10000BFF01BD4168802291434160704780B5D0
:109C20000021FFF7F9FE01BD8068704780B5102163
:109C3000F8F7C8FA01BD80B50121FFF702FF01BDA9
:109C400080B50121FFF7F5FE01BD80B50121FFF7C9
:109C5000EBFE01BD826881607047416880220A4343
:109C600042607047C1688022D2050A43C2607047D3
:109C7000C168802292040A43C2607047C168802292
:109C800012060A43C2607047C1688022D2040A43A8
:109C9000C2607047C168802252040A43C2607047A4
:109CA000416804220A4342607047026801607047BD
:109CB00080B50021FFF7CAFE01BD704780B50121C4
:109CC000FFF7C4FE01BD416840220A43426070476D
:109CD00080B50121FFF7A0FE01BD80B51FE0C2687D
:109CE000120D12050903090B1143C1607047C168C9
:109CF000802252030A43C2607047C1688022120466
:109D00000A43C2607047C1688022D2030A43C2601E
:109D1000704780B541688022D2000A434260012129
:109D2000FFF79BFE01BD6F4802686F4B13400902AD
:109D30006E4A08E180B50121FFF74AFE01BD6C4A79
:109D40005C23584310180029016803D040220A43BD
:109D500002607047402291430160704700006449EF
:109D60005C22504308180168624A0A400260016A96
:109D7000624A0A400262704700005F495C22504319
:109D800008180168802292030A430260016A802257
:109D900092050A4302627047000057495C22504313
:109DA0000818406A7047544A5C2358431018C26A26
:109DB000120C0A70C26A120E4A70026B8A70026B31
:109DC000120ACA70006B8002800E087170474A49FF
:109DD0005C225043081838307047000046495C2226
:109DE000504308184030704730DFC90042495C22B8
:109DF00050430818C06A8004800E70473E495C22B8
:109E0000504309580806C00F70473B495C22504335
:109E100008588004800E7047374A5C235843101856
:109E2000C269120A0A60036A1B0613430B60006AC8
:109E30000004000E486070472F495C2250430858C8
:109E40004000400F70472C495C22504308584001A5
:109E5000400F704728495C2250430818C06AC0066A
:109E6000C00E704710B504005C21864822005C23B8
:109E70005A438018F8F7A6F901212000FFF75FFF89
:109E800010BD804A5C2358431018426A41627047F3
:109E900010B57C4A5C2358431018C26A92B20B7802
:109EA0004C7824021C4323041343C362026B920DBB
:109EB00092058B78CC7824021C430979090421434C
:109EC0008902890A1143016310BD6E4A5C2358431D
:109ED0001018826A120E12060902090A11438162E1
:109EE00070470000D0000020FF0000F000FFFF0FCF
:109EF000DC000020FFFFDFFFDC000020FFFFFFDFB2
:109F0000604A5C2358431018826A1202120A09063A
:109F10001143816270475B4A5C2358431018C26A40
:109F2000594B13400902FC2292010A401A43C262B3
:109F30007047544A5C23584310180268524B134030
:109F40000902FC2292010A401A430260704710B5D0
:109F50004C4A03005C246343D218D369DBB20C681B
:109F600024021C43D4614A6812020968090E114395
:109F7000FFF747FD10BD80B5424902005C235A43FC
:109F80008918096A8AB2802109021143FFF739FD55
:109F900001BD3C495C22504308180168802291436E
:109FA00001607047374A5C2358431018826881600B
:109FB0007047344A5C23584310180268334B1340EF
:109FC0000907E022D205BEE738B50A682D4B040028
:109FD0005C256C431B199C699A614968FFF706FD73
:109FE00031BD80B5274902005C235A438918C969ED
:109FF000CAB280211143FFF7F9FC01BD21495C225F
:10A0000050430818016880220A43026070471D4AC5
:10A010005C2358431018426841607047194A5C231A
:10A020005843101802681A4B13400906E022D20464
:10A0300089E7144A5C2358431018C26A1F239A43C5
:10A04000C906C90E1143C16270470E4A5C235843CA
:10A05000101802683F239A438906890E1143016054
:10A06000704708495C225043081801688022120298
:10A070004A4002607047042801D19D207047122099
:10A0800070470000DC000020FFC0FFFFFFFFFF8FD4
:10A09000FFFFFFF8B0B50C46850006F0FBFE006838
:10A0A0004451B0BD0348006890214058C06B00681F
:10A0B0007047C046C4140020F8B50446C0062CD42E
:10A0C0000F46164800683621415C890625D5363092
:10A0D000807A000721D51E461546114800686107A1
:10A0E000C90E40180069272203232146FFF77CFB95
:10A0F000002812D0014606984D720873CE720F7276
:10A100000C20C871062088713E2048710420087117
:10A11000280A88722046FFF7C3FBF8BDC41400204C
:10A12000B414002010B50446807D00F065FBFF20CC
:10A13000A07510BDF8B51148006800901048C27AAB
:10A14000002004460346904212D2E1B201258D4020
:10A15000DEB200990F69B95D0D420BD0641CE5B207
:10A16000082D00D15B1C082D00D10024401CEAE71B
:10A17000FF2001E02943B955C0B2F8BDC814002042
:10A18000FC130020F0B5ABB00146C07A0C4620911C
:10A19000FEF78EFF0746FFF785FF17902468222001
:10A1A000215C1F2631402154607D0A90A07B2190C4
:10A1B000E07B1D90207C1E90607C1F90A07C1A90FC
:10A1C000E07C1590207D1890A07D0990E07D08909E
:10A1D000207E1090607E0F90A07E1390E07E129003
:10A1E000207F1490607F119020781B9020462230B1
:10A1F000457806F059FE1690422000223A522D2052
:10A200003A54EC203A50E4207F21395207950496C5
:10A2100035402F2019953D54209DA87B412178542D
:10A22000E87A2E21785488203858026084203858E3
:10A23000026080203A503846EC301C924260012087
:10A240000C9038850F980002109940180E9080B23B
:10A250000321890241434002F86411980002149AD4
:10A260008018149080B200037966B86615980002D1
:10A270001A99401818990904401815907865129891
:10A280000002139940181390388706F013FE788760
:10A29000FF200F902830381811901D980002219946
:10A2A00040181E99090440181F9909064018189073
:10A2B00038462C301D903A46E2321E341A942197CB
:10A2C000169801280B9206D1287C012803D1202062
:10A2D0001B99084004D1287BFE21014002291AD194
:10A2E00001201070A87B1A9E3146FFF7D1FD3C4635
:10A2F000BC342046314606F00FFE1D98407D0022FA
:10A30000009218990191029221461992134605F084
:10A3100067FF1C9001E01C981070384690301E902A
:10A320008320400038180021022216910592FEF782
:10A33000D5FD1220FA4C219E3146A0471A20314605
:10A34000A04727203146A047032012903146A0475E
:10A3500005203146A04708203146A0472120109013
:10A360003146A047119E3078FE210D910840307093
:10A37000A97CE87AF7F746FDAC7C2920C00006905E
:10A38000A920050106F0E3FD01281F97179A14D1B3
:10A3900010891B280DD1042C07D1D089A84208D1DF
:10A3A0001B201E99888008800EE0908906998842BB
:10A3B00003D030780421014331701B201E9988801E
:10A3C0000880042C00D0069D219C129E1E990D81B0
:10A3D000CD808D811B20488148804D820D82D08A9E
:10A3E000C881209FF87A154606F0B3FDF87A06F08A
:10A3F000B1FDF87A06F0AFFD2846214606F0ACFD27
:10A40000F87A06F0B3FDF87A06F0BEFD204606F0B5
:10A41000BDFD1098C0001F99081806F0D5FDBC7C42
:10A420002046FFF728FE054624A806F0DFFD387B0E
:10A43000032804D002280AD12498401B05E0249D5B
:10A440000E21204606F0DEFD281A3E380AE020984C
:10A45000417B2498401B002901D0903002E08121EB
:10A4600049004018209D169F1B9B5906042C06D0BE
:10A470002A7B0D9E3240022A00D10C920C9EDA09F2
:10A480001092C90F119129681B91697B002931D065
:10A4900008990902099A8918079A334656095918E2
:10A4A0004C022018249006F0C9FD0546129630464D
:10A4B00006F0CAFD03211D9A11700A994902219ADA
:10A4C000516340195085D16C179A5268914200D35C
:10A4D0001146219E316580B2214605F0C5FE0D3042
:10A4E000B0644000716B40180C901B99891C119B43
:10A4F000209D28E021998F644F851D98059B03704E
:10A5000068692490042C00D0234698001F9A1018E4
:10A51000806DCE6C00280C4602D086420BD20BE038
:10A520001846059306F098FD864201D2E66C03E0DA
:10A53000059806F091FD06461B9908310C96266594
:10A540002646109B12972498706422A88780229731
:10A550009D4800683622825C920606D53630827BA2
:10A56000D20706D1807A800703D41D463B460E9F52
:10A570003BE0686804680D9B234022AA022B0B462F
:10A580000E9E00D01346E4B2697B00291B930CD0C9
:10A5900022A9109A002A16D029684A7BC0231340AA
:10A5A00022AA402B0ED011460DE022A9119A002AB2
:10A5B00009D02A68D179C0230B4022A9402B02D1AF
:10A5C000911C00E00831AA7A24AB9A752A899A82F4
:10A5D0001B9A259226913B463746FE2C03D0032139
:10A5E0000C40254600E00125411C1E9A1C46536282
:10A5F000012328461B9318402423D054946210460C
:10A600002430401C062211920E46FEF763FC24A85B
:10A61000847605761299C175149941821399018245
:10A620008781219F798FC181209D697B4176249606
:10A6300006F032FDE87B002803D0A97A788F06F077
:10A6400061FE287B002804D00B980178788F06F0F3
:10A6500097FE4B2017901E99486A896A06F0BCFE47
:10A66000687B1E90AC7CAE7B3046FFF7F3FB14900A
:10A670003046FFF7F7FB30462146FFF7CFFC304668
:10A680002146FFF796FC30461A99FFF701FC304649
:10A690001899FFF7F6FB30461C99FFF7D6FC3046B9
:10A6A0001999FFF738FC30461599FFF70EFC304634
:10A6B0003946FFF7ACFC1F9D143530462946FFF79D
:10A6C00071FC30461499FFF7B4FC06F099FE00289F
:10A6D00002D13046FFF72EFB179887001E980028FE
:10A6E00003D03046FFF755FC02E03046FFF786FC0A
:10A6F0001F98C71928301F9006F029FC01281E97C3
:10A700002F4601D10F980FE006F07CFE01280F982C
:10A710000AD006F079FE012804D0049804E0C0466F
:10A72000EF0E06101698C043C1B23046FFF7E8FBA3
:10A730000094219D28461F993246234606F066FE66
:10A740000094002138463246234606F05FFE284634
:10A75000FFF7DFFA3846FFF7C0FA6C6CA86C1F9061
:10A760001E9F384606F0B0FE1848386118483880F9
:10A770001D9E707DB875F87D1B990843F8752846B5
:10A7800006F0ACFEF8603178032904D0022918D114
:10A790000C99814200D80146119A1F9D2198786238
:10A7A000C06C7860B9602098407B0128134600D0C7
:10A7B0000723611BBB70012800D10422384600F03A
:10A7C000D3F92BB0F0BDC046C41400209C17041070
:10A7D000040B000010B5017C022909D10124047486
:10A7E00001688268C3680CC0A12003F0DFFA00E0B2
:10A7F0000024204610BD704710B50849C97A81422F
:10A800000BD9C108064A12681269535CCC00001BC0
:10A81000C0B201248440A343535410BDFC13002054
:10A82000C81400200020704780B506F0A5FE000285
:10A830002721C90040180249FCF71EFC80BDC04614
:10A84000710200007CB5044606F0B6FEC725665DC1
:10A85000204606F0CBFE0246A420215A605D731FFD
:10A86000022B02D32346283301E023463C330094D5
:10A870000193002306F0BCFE7CBD704710B5002498
:10A880002046FEF715FC0A4909683422895C2C3001
:10A89000A14207D00278002A06D0572292008018E1
:10A8A000641CF5E7FF2401E001210170E0B210BD56
:10A8B000B014002080B5FEF7FBFB2C21002242548F
:10A8C00080BD0146AE31CA78FF216831032A01D02C
:10A8D000B32301E00B46F333042A00D01946AE221D
:10A8E000805C012202408307DB0F9A184007C00FEB
:10A8F00010184843BB307047F8B50A46014600209F
:10A900000090019002907E23DB4306F04DFF04B0DF
:10A9100080BD704702480068882140587047C04693
:10A92000C4140020024800688C2140587047C0467B
:10A93000C4140020F8B51E4617460D460446FFF71E
:10A9400075F92046FFF777F92046FFF7A9F9204669
:10A950002146FFF7AAF920463946FFF77BF9204642
:10A960003146FFF7BCF9069F002E02D02046FFF7C4
:10A97000BEF92046FFF74EF92046FFF779F9204649
:10A98000FFF7C7F92046012F09D12946FFF795F9AE
:10A990002046FFF79DF92046FFF7AFF9F8BDFFF716
:10A9A000B2F92046FFF784F9F8BD7047F8B51D46A7
:10A9B00016460F460446FFF755FA11492046FFF7A1
:10A9C00060FA10492046FFF780FA20463946FFF723
:10A9D00030FB20463146FFF71AFB20462946FFF799
:10A9E000E1FA0698012803D12046FFF707FBF8BDDE
:10A9F0002046FFF7CEFA01212046FFF78CFAF8BD7A
:10AA0000D6BE898E55555500801EC0B2032801D38D
:10AA1000002002E0C1000248C840C0B27047C046F2
:10AA200001040600F8B51E4617460D460446FFF71A
:10AA3000FDF82046FFF7FFF82046FFF731F92046E2
:10AA40002146FFF732F920463946FFF703F9204641
:10AA50003146FFF744F9079F002E02D02046FFF74A
:10AA600046F92046FFF72AF92046FFF7D3F820469B
:10AA7000FFF7FEF82046FFF746F92046FFF7FEF8FD
:10AA80002046FFF72AF9012F07D120462946FFF774
:10AA900014F92046FFF7C3F8F8BD2046FFF718F970
:10AAA000F8BD7047F0B587B00591064601200390C8
:10AAB00006F03CFF06A90880306D00210091418618
:10AAC0003046403001903446A0343046C0300290C9
:10AAD0003227244D522F0AD006A806F02FFF284017
:10AAE000316DCA5B1018C9194880BF1CF2E7A07C01
:10AAF0002080F18D3046FFF7FFFE0490A07C656951
:10AB000001466943059A8F18314606F027FF3F1822
:10AB10000498281AC5193046FFF7D3FE3A180521C4
:10AB200004982B4606F026FF009BA3810221029D7C
:10AB3000E971B385019A1380C8300599411A91656E
:10AB4000D065A07B039A02408107C90F51184007C6
:10AB5000C00F0818401EA07706F0B8FF287007B095
:10AB6000F0BDC046FF0F000010B58161C369002B26
:10AB700002D0DB435B1800D4C161017841750F211D
:10AB80000A400275C168832900D88321C160EFF3B0
:10AB9000108472B606F0ACFF0848006840784007A1
:10ABA00001D406F0C1FF84F31088EFF3108472B66D
:10ABB00006F0DEFF84F31088002010BDC8140020CA
:10ABC000F0B591B00B9316460D910C909F48C17E45
:10ABD0000A91017F0991817E0891C77F0125D821C3
:10ABE0002846FEF7FFF99A4C206058212846FEF7C8
:10ABF000F9F92168344690220792885006F0C6FF82
:10AC0000384606F0DDFF072139400B9806F0E8FFD3
:10AC10001798059001901C98009019AB0ECB0D98D9
:10AC200004910D93F7F7C0F8012E00D0089500208D
:10AC3000012C00D00990012C00D00A904120850001
:10AC4000012C069409D1294620310120FEF7CAF9CA
:10AC50007F4909688822885033E025267B48815D3A
:10AC600028462030002901D0014600E04421262753
:10AC7000764AD25D002A00D001462924734A125D2B
:10AC8000002A00D001460C9A012A00D10146012079
:10AC9000FEF7A8F96E490968882288500C980128A7
:10ACA00029460FD06948005D002829460AD1674827
:10ACB000C05D0028294605D16448805D002800D188
:10ACC000C1E0294618980B90169803900127614C13
:10ACD0003846A0475E4E31688C22885004213846A1
:10ACE000A04731689422885058210C973846A047D5
:10ACF0003168982288500898C6B2183530462946DF
:10AD0000A0470546069C012C05D15C213046FEF784
:10AD100069F9024600E000223046294606F0B0FFFD
:10AD200010AB0998D8700A9898700D9F5F700B98B7
:10AD300018702046059D2946324606F0FDFF039E09
:10AD40003046214606F0F9FF304621462A4606F0F5
:10AD5000F5FF304621462A463B4606F0F0FF0097B5
:10AD6000304621462A460B9B06F0EAFF07F000F822
:10AD7000012C07D1012D05D106F0FBFF012E01D1D9
:10AD800006F0F8FF0D98012801D106F0F4FF06F057
:10AD9000F3FF0498314622462B4606F0EEFF2B4F78
:10ADA000F87A411C2C4D28460C9AFDF7A9FD284E37
:10ADB0003168C0228850F97A02222846FDF7A0FDAA
:10ADC00031683746C4228850204606F0D7FF06F087
:10ADD000D6FF06F0D5FF07F001F807F021F807F0DD
:10ADE00020F807F01FF8FEF7BFF8316800248C71D7
:10ADF00048712046FEF7BCF807F04CF83068006E4A
:10AE000007F054F83068079D40590C3007F04FF8B0
:10AE10000C9E304607F04EF83868415940228C5459
:10AE20000A4A128B82821F200F90E0430E90483115
:10AE30000EA8052207F03FF838684059F102542265
:10AE4000815211B0F0BD2C213CE7C046FC1300201C
:10AE5000C4140020E58F0410F8130020704701008F
:10AE6000FEB53E4C206890254059C06B02683220E8
:10AE7000002616543A484069010C192901D31920BB
:10AE8000000410600292506007F01EF820684059DC
:10AE9000C06B076806F05BF8012801D01B2000E0BA
:10AEA000FB20388206F053F804462920C0000090A9
:10AEB000A9200501F6F734FF012C019507D10128DF
:10AEC000284D009C0CD0284D06F09AFA05E0012888
:10AED000009C05D006F094FA2546012800D10835DB
:10AEE0007D8206F034F8012801D01B2000E0FB2011
:10AEF000B88206F02CF80546F6F712FF012D07D1AF
:10AF00000128019D17490DD006F07AFA164906E08E
:10AF10000128019D294605D006F072FA2146012834
:10AF200000D108317C831B203883FD81BC817C816A
:10AF30003881F98206F0D6FFF6F760FF029807F035
:10AF40001BF80A4C20683421415CF0B2884203D2DD
:10AF500005F08EFC761CF5E7FEBDC046C41400204B
:10AF6000FC1300209042000048080000B0140020AC
:10AF7000034800688421034A425000207047C046BD
:10AF8000C4140020000003037047F0B589B00C46DC
:10AF90000746098900251522284605F083FB00286D
:10AFA00013D00646002F06D023462C33052110224D
:10AFB000384604F07DFBE07D000708D421464C3183
:10AFC00005AA204606F0E2FF07E0882019E005A860
:10AFD0000290019401A8F6F758FF11207080706864
:10AFE000032101720521102205AB304604F074FBE9
:10AFF0002046314607F06EF8002802D1B620A07234
:10B00000284609B0F0BD010102010201FF0201FF63
:10B010000202020102010101010102FF0201FF001F
:10B0200070B588B0044607F06FF8012824D10025D8
:10B03000012207AB2046294607F082F8022206AB20
:10B040002046294607F07CF81A480068079A02AEA5
:10B050000096E43001462B4600F02EF806981022A8
:10B060003146FDF742FF002806D0042100220123CB
:10B070002046FDF7A3FF1AE0607B03210140012970
:10B0800006D10C480068443000211022FDF726FF4D
:10B090006420205CC00701D0492000E05620C04356
:10B0A000A0720E20FCF780FCFCF704FE002008B024
:10B0B00070BDC046D0140020F0B59DB0029303923D
:10B0C000019101460CAD20270124124E28463A4634
:10B0D0002346B0472846203001993A462346B047D8
:10B0E000374640200299295408AE10220292304679
:10B0F00003992346B847412104AF284632463B46D0
:10B1000007F040F822983946029A2346014CA0479E
:10B110001DB0F0BD95C20410F0B59FB0019302922E
:10B12000009101460BAD20270124154E28463A46D2
:10B130002346B0472846203000993A462346B04778
:10B140003746284640301026019932462346B847F4
:10B1500007AF3846029932462346094EB047502180
:10B1600003AE28463A46334607F00CF80C362498CE
:10B17000042231462346024CA0471FB0F0BDC04612
:10B1800095C2041001784278120251188278120494
:10B190008918C0780006081870470000B0B50D4641
:10B1A0000446154800684821405C800623D51348B2
:10B1B0000068806902214B220323FEF715FB00285B
:10B1C00019D0014605738472042048720920087260
:10B1D0000020C87108208871FF2048718220087102
:10B1E000280EC873280C8873280A4873200AC8726E
:10B1F0000220FEF755FBB0BDC4140020B41400209B
:10B2000080B504480068643003492022FDF762FEDF
:10B2100080BDC046C41400201010061070B50D4942
:10B2200009683422895C74224A430B490B68A433B1
:10B2300000210C46A2420AD01D682D19EE7DF607AA
:10B2400002D02D89854201D17434F3E701210846EB
:10B2500070BDC046B0140020D014002070B5034665
:10B260000120002909D0002426462546965D9E42ED
:10B2700004D16D1CEEB28E42F8D370BD204670BD75
:10B28000F8B50446018900254522284605F00AFA4A
:10B29000002814D006464120708070680C2101728D
:10B2A0000F4F3B68643305214022304604F014FA06
:10B2B0002046314606F00EFF002802D0F8BD81205E
:10B2C000F8BDE07D20210143E17539684222895CA7
:10B2D000090702D524210843E0752846F8BDC04679
:10B2E000D014002070B594B00E4604464178801CFE
:10B2F0006A4606F064FF0546002E05D0002D03D1F6
:10B300006846214606F08CFF284614B070BD000048
:10B31000044800685C21415C30200840411E88419F
:10B320007047C046B814002080B506F0BBFF80BD52
:10B33000F0B589B0044608A80026068021891522A8
:10B34000304605F0AFF900282BD00546E07AC0065C
:10B3500009D4204620300221002200F065FCE07A6A
:10B3600010210143E172A07AD138042876D8C04672
:10B3700078440079400087440219384E60003C4808
:10B38000006821462031083008AA04AE334604F094
:10B390005BFC68680621017211206880227C05210F
:10B3A00058E00E200021FEF7CBF95FE004AE082143
:10B3B000029100223046019600F036FC20462030F3
:10B3C00008AF31463A4604F0EBFB0B206880686812
:10B3D000072606720521022228463B4604F07CF926
:10B3E00028463146029A019B36E011206880686841
:10B3F0000821017204A800211022FDF76FFDFFF75C
:10B4000087FF002802D004A806F050FF0521102273
:10B4100004AB284620E003A8067004AE314606F0CF
:10B4200055FF0820688068680921017268680399DF
:10B430004172062128460A460DE01120688068689E
:10B440000A2101722046203004AE314606F056FF34
:10B45000052110222846334604F03EF920462946AD
:10B4600006F038FE002801D1DD20A07209B0F0BD41
:10B47000B014002010B504464C301021002200F01A
:10B48000D3FBE07D000702D4B520A07210BD20469A
:10B49000F6F7F7FC10BD80B5012911D1427C5307A6
:10B4A00005D0C37D1B071DD506231A401AD164227F
:10B4B000835C01221A40002906D0002A19D103E03A
:10B4C000002900D080BD0022817CCB0704D0C37D41
:10B4D0001B0701D4D12109E08B0706D4490708D501
:10B4E000D52103E0D021817280BDD3218172002A51
:10B4F00002D006F011FF80BDFFF71AFF80BD0000EB
:10B5000070B50446807B03210140258903290AD1B7
:10B51000204606F016FF002805D00821012220460B
:10B5200004F024FE70BD284600F0EEF8024601202B
:10B530000021114B00F008F9E07C032802D1002023
:10B5400006F08AFF20461830002608223146FDF713
:10B55000C5FC2046314604F07DF96420215CEF22D1
:10B560000A402254F120A072022029463246334676
:10B5700004F0E0F970BDC04630750000704700006F
:10B58000F0B593B004462B4D28684227C15D3022A8
:10B590000A40302A15D149218E00811905A82022A0
:10B5A000FDF798FC2868C15DCF220A40C25564208F
:10B5B000205CC00707D10DA8009012A90FAA11ABFB
:10B5C00006E0842033E00FA8009011A90DAA12AB69
:10B5D000204606F04FFF12A8037811A800782968CA
:10B5E00022462C320492891903910DA902910190EF
:10B5F0000FA8009021463C3122464C3205A806F0A7
:10B600004FFF4D20800029680A180121204606F0CE
:10B61000B5FF00280BD1204664300078C00703D165
:10B62000204607F063F802E0BB20A072002013B0B0
:10B63000F0BDC046D014002001460068C2690A600F
:10B64000002A00D149600021C1617047F0B5014670
:10B650000020002917D00C4A12683423D35C7422CE
:10B660005A437323DD43094B1B68A4332C467434BF
:10B67000A24208D01E6875197C27ED5B4D402D0550
:10B680002546F4D13019F0BDB0140020D0140020AC
:10B6900080B5027A110601D5012100E0032152068E
:10B6A00000D50021001F07F051F880BDB0B50C4651
:10B6B0006421615C01220A40A37A4068417A02D188
:10B6C0009F2B02D8B0BDB02B14D3F02B15D9F12B82
:10B6D0000ED10F290CD125465D350F2101222046C0
:10B6E00004F044FD29785E34204607F043F8B0BDED
:10B6F000002AE7D0207E8007E4D00122204604F013
:10B7000035FDB0BD1F207047B0B50D490968342222
:10B71000895C002811D00B4A1268A4320023DCB2E5
:10B720008C420AD274256543146864192489444004
:10B73000240501D05B1CF2E71946C8B2B0BDC04673
:10B74000B0140020D014002010B5002906D08624A3
:10B7500001291BD1022A19D8002100E00321012868
:10B760000AD0002811D18818C1B2094800680830F1
:10B770000122FEF7ADF806E08818C1B2044800685F
:10B78000083002F01FFD044600E00024204610BDF2
:10B79000D0140020F8B50C4605460126304606F0C8
:10B7A000FBFF02281BD807466420205CC00616D485
:10B7B000284607F00BF800281AD001461A480068FE
:10B7C000B122825C002A03D0B130BE40B243027085
:10B7D000002201232046FDF7F1FB054606E010217B
:10B7E000002520462A462B46FDF7E8FB2846F8BDF3
:10B7F000204664302775017810220A430270E07AEF
:10B80000EF210140E17201212846224607F002F8AB
:10B81000204607F011F8002801D00025E6E7204671
:10B8200007F04EF8D9E7C046D0140020F0B585B037
:10B8300007464068057AA81F042823D80C46887A52
:10B840008626D0281FD120465D3001902089FFF741
:10B850005BFF02460020454B02900146FFF774FF54
:10B86000062D05D0092D11D0082D34D0072D3DD13E
:10B87000E07D000707D4607CC00704D0062D44D1CA
:10B880002C342CE08426304605B0F0BD607C800767
:10B89000F9D503AB00269E800396062138460A465A
:10B8A00007F0B2F8002847D07868407A019D2870E8
:10B8B00023465E33062138460A4603F0F9FE28780F
:10B8C000012803D1A8798009032847D3617C20206F
:10B8D0000843607431E0607C8007D4D53C34052196
:10B8E00010223846234603F0E3FE35E0607C400733
:10B8F000C9D523464C3305211022384603F0D8FE23
:10B90000607C40210143617419E02046223079684F
:10B91000497A01707968897A417023462433072176
:10B920000822384603F0C4FE607C80210143617424
:10B930004007800F10D102E0607C4007A3D401983B
:10B94000C079C00705D1002620463146FFF7A3FD88
:10B9500099E72046FFF7D4FD029E94E708210022D4
:10B9600001232046FDF72AFB06468CE730750000D0
:10B97000F0B58BB00D4606460024029409891522C5
:10B98000204604F08FFE002820D007462B463C338B
:10B990000521102230461E4603F08AFEE87D00078E
:10B9A00016D40094344603AE28462146324606F0AB
:10B9B000EDFA29462C31102230462646009CFDF730
:10B9C00094FA01A9BC220A7002900CE0882459E084
:10B9D00001A80A9002A8099003A80890079507A853
:10B9E000F6F757FA0298002806D0042101232846CA
:10B9F0003A46FDF7E3FA1BE01120788078680421CD
:10BA000001722B464C3305211022384603F064FEA8
:10BA10002846394606F05EFB002809D10198A87235
:10BA20001A4800683521405C297C814200D928747D
:10BA30000298002826D1E87D000723D407A8002417
:10BA400010222146FDF74AFAE87C03280BD0022891
:10BA500010D1E86907A90870020A4A70020C8A70BE
:10BA6000000EC87006E009480168443107A810229A
:10BA7000FDF730FA29464C312C3507A832462B46C3
:10BA800006F0CBFF20460BB0F0BDC046D01400201E
:10BA90000268CA61002A02D10A461C324260016073
:10BAA0007047F0B58BB00E460521102507AF2A462A
:10BAB0003B4603F0FDFD002103AC029630460191A8
:10BAC000224606F05BFD0646384621462A46FDF72B
:10BAD0000CFA002E15D1002813D16420029C205CA2
:10BAE000C00715D1207C2A1A20182C300021FDF720
:10BAF000F5F9A07E02210143A176204606F0A5FFBC
:10BB00000AE00B21002201230298FDF757FA03E017
:10BB1000204606F0EBFD01980BB0F0BDF8B52F4FB5
:10BB20003B6842241A57002A20D40091E4330521AF
:10BB3000402203F0BDFD396808466430E431202519
:10BB40002A46FDF7D2F906463868643024492A4669
:10BB5000FDF7CBF9002E0BD1002809D00B210025D1
:10BB6000012300982A46FDF729FA07E03A2505E067
:10BB70003868015D9022114202D038252846F8BD70
:10BB8000E43006F065FF1F2826D005461228E5D0D0
:10BB9000002DF3D13868015D10220A430255009C44
:10BBA000E17DC0220A43E275E4300D4920252A4692
:10BBB000FDF79BF9064641208000396808180949BD
:10BBC0002A46FDF792F9304300250028D6D1E07DC2
:10BBD00004210143E175D1E70821C0E7D01400201A
:10BBE000C7100610E710061080B503200821FDF7E6
:10BBF000F9F902490968A822885080BDD0140020B4
:10BC000080B50648C17A064800680830C91CC9B228
:10BC1000044A0723FDF7F4F980BDC046FC13002059
:10BC2000D0140020C1F905107CB50C460546002053
:10BC3000C6B2A6420ED2002005F078FEA85501A992
:10BC40000870000A69460870711CA14200D268544D
:10BC5000B01CEDE77CBD000010B5084C20684030FA
:10BC6000FDF7CAF920683830FDF7C6F904480549E0
:10BC70003C22FDF72FF906F011FF10BDBC14002087
:10BC80005C000020E416041080B506F019FF80BDAA
:10BC9000F0B585B004930192029107460220384026
:10BCA000039001243C401048056834350A9E2D68F5
:10BCB000002D16D0002F0CD0002C03D0288902991B
:10BCC00088420CD10398002803D0688901998842E2
:10BCD00005D128463146049A9047002802D11035F4
:10BCE000E5E7002005B0F0BDBC14002080B506F0EB
:10BCF0000FFF0549098A25314909884201D80020EA
:10BD000080BD012080BDC046FC13002080B5012805
:10BD100001D1014600E00321002800D10146084678
:10BD200006F002FF80BD0000F8B50446C00625D429
:10BD300016460D46144800686107C90E4018006990
:10BD40005F2203232146FDF74FFD002818D001464E
:10BD5000067385720C204872162008720027CF7176
:10BD600006208871FF20487182200871300A4873CC
:10BD7000280AC8722046FDF793FD02E0862700E0FE
:10BD800007273846F8BDC046B414002000210068DB
:10BD9000002802D01C30491CF9E788B2704780B5F2
:10BDA000022103F0A2FC80BD074A126834321268F7
:10BDB000002A07D01389834202D153898B4201D0D4
:10BDC0001032F4E710467047BC140020F0B585B07F
:10BDD00004460078002807D1606806F0C3FE607052
:10BDE000A568E86800283CD06578284606F0C0FEC3
:10BDF0000E2808D880005C490958002903D0204645
:10BE00008847074607E0A068C36800210622284645
:10BE100006F0E8FE86276168002919D0882F03D034
:10BE2000842F0CD0072F10D150480068403006F006
:10BE3000EDFE0920FBF7B8FDFBF73CFF08E04B489F
:10BE40000068383006F0E2FE09E00846FFF720FC03
:10BE5000862F01D0002F02D1A06806F0DEFE05B0CB
:10BE6000F0BD6768384606F07DFE064606F080FEA7
:10BE70007988EA8804230293002391423ED80E2851
:10BE80003CD801934200354B9A5A354BC340DB07EF
:10BE900005D180239A439142019B03D02EE0914229
:10BEA000019B2BD3411E032901D307280DD104A9DF
:10BEB00003AA029238460F4606F0CBFE3B88029852
:10BEC0000088834218D8002B16D06668304606F0EA
:10BED00049FE074635883046FFF761FF0146284690
:10BEE000FFF762FF05461E2F1ED0402038401BD1B1
:10BEF000162F1CD1718827E00120029086271E2E64
:10BF000089D04020304086D1019305210022284667
:10BF100006F0B2FEE86000281ED0034630460199C4
:10BF2000029A06F05FFE76E70020E8605CE738469C
:10BF300006F01EFE0E2800D96CE740000949095A98
:10BF4000E888814200D301460022284606F094FE8C
:10BF5000E860002800D047E788275CE7A6210410A6
:10BF6000CC4F0000E22104105C000020BC14002033
:10BF700080B506F09BFE0549884205D0C000044903
:10BF80000968496E081880BD002080BDFFFF0000D1
:10BF9000BC14002080B510220A740278042A0DD83F
:10BFA0007A441279520097440A161202020040683D
:10BFB000031D142208461946FCF78CFF80BD05229C
:10BFC000D2024068007D012809D18A8180BD052008
:10BFD000C002C01C04E00520C002801C00E0501C10
:10BFE000888180BDF0B585B006460878042811D850
:10BFF00015460C467844007940008744020D4A6992
:10C000007E007B4E306801467031C166606806F084
:10C0100065FE57E08626E1E0754F386801467031CD
:10C02000C1666368012076490026324606F06BFE41
:10C0300001A90880002800D1BBE006F06DFE06F0E3
:10C040007DFE02A9009108803868C06E01A9022710
:10C050003A46FCF73FFF66480068C06E801C0099B6
:10C060003A46FCF737FF6248006868270421C1534D
:10C0700061680A7C102A00D09FE0C06E0C31001D60
:10C080000222FCF727FF5A480068C15B891CC15394
:10C0900093E0574E306801467031C1666168097897
:10C0A0007022815461884A1C03A90A8071300222DF
:10C0B000FCF710FF3068C16E6068001DC91C06F0F7
:10C0C0000DFEC01C3168682288526831296084E006
:10C0D0006068017D102939D14749491C028A8A428A
:10C0E00034D1434801686831296000686821102212
:10C0F000425201468331C1666FE060688069002862
:10C1000053D03B4F3868683028606068017D102943
:10C110004DD1018A374A914249D104213046FFF777
:10C1200043FE00285DD0386868210225455201464B
:10C130007031C1663046214606F00BFE04A9088026
:10C140003868C06E2A46FCF7C5FE46E0006A002843
:10C150002BD0274F3868683028606068017D10292F
:10C160002ED1018A244A91422AD104213046FFF778
:10C170001BFE002835D03868682101224252014652
:10C180007031C166304606F0F1FDFF282BD06168A2
:10C19000096A8B681949C97A49084A1C042106F0C2
:10C1A000F7FD39687022885417E0842616E080690C
:10C1B00007E03868682100224252683028600DE0AC
:10C1C000006A0178890701D5022100E00421415A63
:10C1D00080683A686823D152D0660026304605B0A0
:10C1E000F0BD0226FAE73868702100264654F5E7CC
:10C1F000BC14002002290000292B0000FC130020A1
:10C20000FFFF0000F0B585B003920C460121090242
:10C21000411804910290E0300190200423D004984A
:10C220000088102807D1102202980199FCF780FE9F
:10C2300000200499088010210D1AA9B2A2B29142DF
:10C2400000D32546AFB202990818E030039E31466C
:10C250003A46FCF73FFE0499088828180880641BBA
:10C26000F6190396D9E705B0F0BD000080B506F0D9
:10C27000A3FD0749096860228A5A401C80B2904297
:10C2800003D2496EC000081880BD002080BDC046A2
:10C29000BC140020F0B5002A0BD00024E543002B8D
:10C2A000264600D056190F5D87556D1E641CA242AC
:10C2B000F5D1F0BD80B506F093FD80BD10B5044604
:10C2C00006F0ACFD002801D00C2010BD024800682B
:10C2D00040214454002010BDD014002003480068C1
:10C2E0005F21415C012008407047C046B81400201F
:10C2F00010B5044606F092FD6178012903D10028AB
:10C3000005D1024604E000280FD00C2216E00C22D2
:10C310000B4909684023CB5C032B01D16E22D24329
:10C32000032B0BD0002802D008E00548016830310B
:10C33000102208462146FCF7CDFD0022D0B210BDE8
:10C34000D014002010B50C46FFF780F900280ED05D
:10C35000C17C02290DD1C461C17B10220A43C27382
:10C360000E20FBF721FBFBF7A5FC002010BD0220EF
:10C3700010BD0C2010BD10B50C46FFF767F9002862
:10C3800007D0817AC12906D1002C06D0BA2181724A
:10C3900008E0022010BD0C2010BD0C21002201235A
:10C3A000FCF70CFE0E20FBF7FFFAFBF783FC0020E6
:10C3B00010BD80B506F058FD80BD0000FEB50446F6
:10C3C00006F057FD0C25002825D01226002C23D07E
:10C3D000207D401E01281FD8207C80281ED01028D8
:10C3E0001AD1A089012188430321C902884215D1AD
:10C3F0000120FFF7BDFD002810D00178002907D1EA
:10C4000041680A7C102A03D18989A2898A4202D014
:10C41000FFF72CFFEFE72E463046FEBD002006F06A
:10C4200037FD002806D04168C98A002904D0408819
:10C43000401804E0012002E006F040FD401C82B2FA
:10C44000002630463146234606F048FD002820D01D
:10C45000F743E18A491E0291009001947F1C217EDE
:10C460008F4218D2E18A002904D0029A11043AD0EE
:10C47000521E0292351D401C019CE1698B5982B20B
:10C480000120002106F02AFD00282E46E6D187264D
:10C490002EE08726C0E7184800685C21425C022332
:10C4A000134343540A20FBF77FFAFBF703FC606A4F
:10C4B00000260028B0D02020205C0028ACD02146E7
:10C4C0002031029100252F460195854200990CD21A
:10C4D000606AC01900F01CF8002808D124370298BF
:10C4E00000786D1CF1E7122602E0019E94E70646F3
:10C4F000009806F033FD8FE7BC14002080B503469A
:10C5000001200249002206F0FEFB80BDFFFF000073
:10C51000FEB50E46044606F0ACFC002866D0122597
:10C52000002C64D0207D802813D010285FD1208A71
:10C530003C4988420DD1206A002858D082883A4967
:10C54000C97A4908491C8A4251D380680021FCF706
:10C55000C5FCA0782421084203D06078C01F0928B8
:10C5600045D8304606F0D8FB002840D00646007873
:10C5700000283CD1207E811C304606F019FD05467E
:10C58000002834D1304606F0D9FB054606F0C4FB3E
:10C590000146681C86B2022738463246234606F01A
:10C5A0009DFCB04225D1304606F0B6FB0146A81CE2
:10C5B00082B20320234606F091FC002829D001977F
:10C5C0000296E069002816D0207E002813D00026AD
:10C5D000374687420FD2E0698019029906F002FDC2
:10C5E000002818D11C36207E7F1CF2E70C25284637
:10C5F000FEBD8725FBE70D4800685C21425C019B7E
:10C600001A4342540A20FBF7CFF9FBF753FB0025EE
:10C61000EDE7872501E00546029E304606F06AFDFB
:10C62000E5E7C046292B0000FC130020BC140020C5
:10C6300080B5034601200249022206F064FB80BD5A
:10C64000FFFF0000F0B585B01D4616460746049171
:10C65000FFF7AAFB002820D00446022D0AD3022EA1
:10C6600032D000210422384606F06EFD812801D127
:10C670000C202AE00A98022E11D2029603956D1C16
:10C68000019006466D1E16D03188083610222046CD
:10C6900006F088FD0028F5D017E0022015E0022EF4
:10C6A00012D102960395019001882022204606F0BF
:10C6B00079FD002809D10198009038460499029A22
:10C6C000039B06F0A9FD00E0122005B0F0BD1CB5EB
:10C6D000059C0194049C009406F072FE1CBDFEB5FE
:10C6E00001AA918050801E201070104606F0BCFEFA
:10C6F00006B080BDF0B587B001890491C18805916D
:10C700008488468807880020069006A9384607F0E6
:10C710005FF8054600285AD103960294069880785F
:10C72000C00751D1002410222046394603F0BAFF39
:10C7300000284BD007462A48039A911F89B2122538
:10C7400081423DD2029E062E3AD3801D864237D2C8
:10C75000B24235D8059A91087C2931D8511C7143D1
:10C76000049B9A0091422BD80A2B29D3834227D2CB
:10C7700001947868122101727868069909794172EA
:10C7800006210825174C38462A46A0473846294630
:10C79000039AA0470A21384632462546A0470C2472
:10C7A00038462146059AA8470E213846049AA847DC
:10C7B0007C800520394607F021F800280AD0812521
:10C7C0003846FEF765FF02E00C2500E08825284684
:10C7D00007B0F0BD0699122007F04CF8019DF6E76E
:10C7E0007B0C0000D5790510054A12683523D35C0F
:10C7F000034201D00C207047353211700020704781
:10C80000B014002080B501F0ADFA4D21405C80BD30
:10C81000F8B506000024104D2878002819D0FAF742
:10C8200079F90700FA2080002978FAF725FC010041
:10C830003800FAF721FC07F050F8002809D1042E3F
:10C8400007D2002231000020C04307F038F8AE6064
:10C8500000E001242000F2BD7805002081B0644989
:10C860000A6802430A60096808400090009801B015
:10C87000704780B50F21002007F04CF8F021090126
:10C88000002007F06EF85B49012007F06AF85A496A
:10C89000012007F03FF88020400058490A68024311
:10C8A0000A60096808400090009801BD006854497A
:10C8B000884200D0704780B580204002FFF7CEFF4D
:10C8C000002201210D2006F0FAFF0D2006F0FCFFEA
:10C8D00001BD18B587B00400182101A8F5F772FC56
:10C8E0002068C021C905884235D101240194042063
:10C8F000059001A8FAF720F9002801D0F5F70DFC02
:10C900004048016A21400CD101682143016001685F
:10C91000A1430160016A21430162006A044000945E
:10C920000098F8F775FC00220021122006F0C7FFDE
:10C93000122006F0C9FF00220021192006F0BFFFD7
:10C94000192006F0C1FF00220021162006F0B7FFD3
:10C95000162006F0B9FF08B010BD38B586B0040047
:10C9600014216846F5F72EFC2068274988423DD1FE
:10C970008020C00025490A6802430A60096808400F
:10C98000059005980820FFF769FF0420FFF766FF70
:10C99000012000900224019400250295039504953E
:10C9A00069461B4807F010F800940194029503951E
:10C9B000049469469020C00507F006F80121012083
:10C9C00006F0C2FF0221002006F0BEFF0121012077
:10C9D00006F0E1FF0221002006F0DDFF0022012128
:10C9E000082006F06CFF082006F06EFF07B030BD8F
:10C9F00050004048C930000036C000005400404894
:10CA00000000304840004048004000415800404885
:10CA100000001048010064480078002802D000BFE0
:10CA200014A200E01BA20020C3B2D3568B4203DA4B
:10CA3000401CC3B2202BF7DBC3B2D256914202DABC
:10CA4000C1B2022902D2C1B2202900D1401EC0B217
:10CA50007047000054490978002901D005A100E081
:10CA60000CA1020001D0202801DB7F20704708566E
:10CA700070470000C4EDEEEFF0F1F2F3F4F5F6F7D5
:10CA8000F8F9FAFBFCFDFDFEFF00010203080808AF
:10CA900008080808C4E9EAEBECEEEFF0F1F2F3F372
:10CAA000F4F5F6F7F8F9FAFBFCFDFDFEFF000203D2
:10CAB000040505061F2070471F207047F8B53A4D42
:10CAC0002E7880218904394A0123DB4301240700A1
:10CAD0001BD0002E27D12C704D0C354E37682F43BC
:10CAE0003760366835400095009D55682543556090
:10CAF00095681D40956015682B401360D3682343EB
:10CB0000D36014612B4A11600DE0012E0BD1002679
:10CB10002E70D5682B40D360274B1960BFF34F8F21
:10CB2000BFF36F8F146125498B686202134020D1D7
:10CB30008B6854002340A3421BD08B681A438A6041
:10CB40000A685307DB0FFBD104220F23DB430028C5
:10CB5000886804D003400E201843886002E0034038
:10CB600013438B608868164B03408B600868104045
:10CB7000FCD0F1BD0C480078002800D1704710B5FA
:10CB80001048026801210A400CD00F4A536CDB06A2
:10CB9000136803D502241C43146002E00224A3435B
:10CBA0001360016010BD0000DF1400202C00004065
:10CBB0005400404800E100E080E100E014005048EB
:10CBC000FFFDFFFF3C0000405416006010B590428E
:10CBD00016D98AB2030C090C0C46594380B2534350
:10CBE000444350431B191A041B0C1018594180224E
:10CBF0005203002312184B41520DD802104310BDAE
:10CC00004843802252031218520D104610BD0000F6
:10CC100030B4434351435D18010C0C00130C5C43CA
:10CC20002D1980B2434392B251430024C918644184
:10CC300024040B04090C09195043C018694130BC85
:10CC40007047000001484068704700BF7805002029
:10CC50005C4B8000181804E013680360121D001D6F
:10CC6000491E0129F8DA002101607047554B800008
:10CC7000181804E003681360001D121D491E0129E5
:10CC8000F8DA704780B502F047F9C748016880229A
:10CC900052030A4302600168802212030A430260C1
:10CCA0000168802292020A43026001BD80B502F051
:10CCB00039F9002801D1032002BD012002BD000086
:10CCC000F8B505000E00140002F034F9002802D077
:10CCD0000120C043F2BD2000B44CA06600208100BA
:10CCE0006A58230008335A50401C0828F7DB2F00ED
:10CCF0000020350081006A58230028335A50401C18
:10CD00001028F7DB0126280000F03DFA00280AD0A1
:10CD10000320606026602A0020322900380000F0DD
:10CD20005DF90020F2BD002767602660A24E320048
:10CD3000290000BF9EA000F095F960680128FCD191
:10CD4000A54D2868022820D132002100483100BFBB
:10CD500097A000F087F960680228FCD128680228B3
:10CD600013D1210048312000283000F0A1F960687B
:10CD70000328FCD113480068002806D1220048325D
:10CD80002100283120000830C9E72760676002F0E1
:10CD9000E1F802209DE770B505000026834C26606F
:10CDA000666002F0D7F8AE490D60B00022189268B4
:10CDB00008180264761C082EF7DB0020C043A26E20
:10CDC000904770BD0004304870B58348774DA44E3D
:10CDD00005E00168002900D0CEE00E2169602968D5
:10CDE00001291CD169680E2900D9D9E001A24900A6
:10CDF000525E97441C00200024002A0054006E005C
:10CE00009200AE00CA00EA0006012E015E01DCFFBE
:10CE10008601012002E0022000E00320686070BD6E
:10CE2000002081002A00083252587250401C082805
:10CE3000F7DB310040313000203000F093F904205E
:10CE4000686032000821984819E02A006C320821F5
:10CE5000FA204000FFF70AFF052068603200082131
:10CE6000924837E02A008C320821FA204000FFF770
:10CE7000FDFE0620686032000821A9208000FFF72F
:10CE8000F5FE4D4B32005FE02C00AC34220008214F
:10CE9000FA204000FFF7EAFE072068603200082110
:10CEA00099484CE02C00CC3422000821FA204000A4
:10CEB000FFF7DCFE08206860220029008C3156E074
:10CEC000092169600068002801D0904869E03200BB
:10CED00008217548FFF7CAFE374B2A006C3233E051
:10CEE0002C00CC3422000821FA204000FFF7BEFEBF
:10CEF0000A20686032000821994820E02A006C323C
:10CF00000821FA204000FFF7B1FE0B2068603200D4
:10CF10000821A9208000FFF7A9FE00BFAAA32A00CC
:10CF2000AC3211E02C008C3422000821FA204000A1
:10CF3000FFF79CFE0C206860320008219A48FFF73A
:10CF400095FE00BFA0A3220031008020400000F029
:10CF5000DFF870BD2C00AC3422000821FA2040001C
:10CF6000FFF784FE0D206860220029006C3100BFAD
:10CF70000FA000F077F870BD8C4812E000242C6000
:10CF80006C6001F0E7FFA00029000831095831501A
:10CF9000641C082CF7DB31000020AA6E904770BD9E
:10CFA000A020FFF7F8FE70BD000030487C0F002085
:10CFB0000001000000000000C8D1041080B5FFF798
:10CFC00003FF06F0CFFD01BD80B58068FFF7E3FEEB
:10CFD00006F0C8FD01BD0000D00B3048F8B50700D1
:10CFE0000E001500734C20687349014088208001B1
:10CFF0000843206020680421014321606C4880219F
:10D000004900016041600121816000BF7EA20821CA
:10D010000320FFF71DFE00BF6BA208211820FFF7B9
:10D0200017FE00BF70A208212D20FFF711FE3A0065
:10D0300008214220FFF70CFE320008215720FFF79D
:10D0400007FE2A0008216C20FFF702FE6068C1037A
:10D05000C90FFBD12068022101432160F1BD00000E
:10D06000C812002038B51500524C2268524B1340AC
:10D07000C02212011A4322600068504A10600A0060
:10D080000821FF202E30FFF7E3FD2A000821FF20B2
:10D090009230FFF7DDFD6068C103C90FFBD1206846
:10D0A00002210143216031BDE30200007A02000049
:10D0B00070B506000D003F4C20683F490140A0209C
:10D0C0008001084320603D48802149000160012122
:10D0D000416000BF4CA208210320FFF7B9FD00BF4B
:10D0E00039A208211820FFF7B3FD3200082157208C
:10D0F000FFF7AEFD2A0008216C20FFF7A9FD00BF55
:10D1000049A20821FF201FE0B902000008FF00002B
:10D1100070B515001E00274C2268274B1340802253
:10D1200052011A432260254A10600A000821FF209C
:10D130002E30FFF78DFD2A000821FF209230FFF7E7
:10D1400087FD320008211E48FFF782FD6068C10399
:10D15000C90FFBD1206802210143216070BD00008E
:10D160008F02000010B502000C00002A03D0082135
:10D170005720FFF77BFD002C04D0220008216C20F3
:10D18000FFF774FD10BD10B500210E4A8B00D45876
:10D19000C3589C4203D1491C1029F7DB01E0002051
:10D1A00010BD012010BD0000CE0200000DFF0000E8
:10D1B0000004304800003048FFC0FFFF040430483E
:10D1C0005702000080110410FFFFFFFFFFFFFFFF69
:10D1D000FFFFFFFF00000000000000000000000053
:10D1E00001000000FFFFFFFF02000000050000003B
:10D1F00003000000FEFFFFFFF9FFFFFFFBFFFFFF43
:10D20000FCFFFFFFFCFFFFFF030000000000000029
:10D21000000000000000000000000000000000000E
:10D2200000000000000000004B60D2273E3CCE3BD7
:10D23000F6B053CCB0061D65BC86987655BDEBB3F1
:10D24000E7933AAAD835C65A021D13688B43136078
:10D25000026811430160704781B08C490A6802433B
:10D260000A60096808400090009801B0704730B526
:10D2700085B004000820FFF7EFFF824861004518E1
:10D280002988009101210191029102210391A100BD
:10D2900044186946A06806F097FB7B480068C00602
:10D2A00010D5A0689021C905884203D1009978481B
:10D2B000FFF7CAFFA0687749884203D100998248E6
:10D2C000FFF7C2FF01222988A06806F02BFC00208E
:10D2D00005B030BD80B56B4B002202E080B5694BD4
:10D2E00001224100595A80001818806806F01AFC83
:10D2F000002002BD70B586B006000C00300001D1E0
:10D30000042000E00820FFF7A7FF20006F4D710008
:10D31000695A01910121039102210491B1006C1815
:10D32000010006D10020029001A9E06806F04CFB44
:10D330001FE001281DD18020400065490A68024392
:10D340000A6009680840009000988020400202901E
:10D3500001A9E06806F038FB280008308519002292
:10D3600003210020285606F0AAFA0020285606F0CD
:10D37000ABFA45480068C00610D5E0689021C905A1
:10D38000884203D101994248FFF75EFFE0684149B6
:10D39000884203D101994C48FFF756FF002006B0A0
:10D3A00070BD80B5494A4100515A80001018C068CC
:10D3B00006F0B2FB401E8041C00F02BD80B506F0F2
:10D3C000B7FB01BDF0B587B00F0000260024002F89
:10D3D00002D10124E44350E03E499422424389189B
:10D3E00000913D4980000858009908600420FFF72B
:10D3F00033FF0820FFF730FF8020C00037490A685C
:10D4000002430A60096808400190019802200290D6
:10D410000390059001250495069002A99020C0056F
:10D4200006F0D2FA18480068C00603D502991848D9
:10D43000FFF70AFF0295069602A9164806F0C4FAFD
:10D440000325ED433900009806F08DFB002800D03D
:10D450002C000021009806F0BDFB002800D02C0015
:10D460000021009806F0CFFB002800D02C00009887
:10D4700006F092FB002800D02C00200007B0F0BD81
:10D480000000000084050020000050485000404883
:10D490002000504800001048F8B500240D4E0091BF
:10D4A000150094270BE0FA239B0001220098011934
:10D4B0000B4800787843301806F02EFC641CAC4210
:10D4C000F1D32800F2BD0000280050489805002044
:10D4D0005400404808110020B00500205800404882
:10D4E000E01400203F488168042291438160016874
:10D4F0004905FCD58168022291438160704781B063
:10D5000039490A6802430A60096808400090009897
:10D5100001B07047020C80B2354B0129596804D123
:10D5200001435960D96A114303E081435960D96AC4
:10D530009143D962196808431860986A02439A6255
:10D5400070472C49086882B2886A000410430A6058
:10D55000020C8A62704728480168042291430160E6
:10D5600030BF704770B5040000261E4D20680028AB
:10D5700007D128681021884328602868042188433F
:10D580002860296E0120014002D10126FFF7B7FF74
:10D590001A480168890007D48168490004D40168E9
:10D5A000802212060A430260002E03D0286E012159
:10D5B000884328660D480168802252000A430260B1
:10D5C000A8680826304001D0FFF78CFF20680028AB
:10D5D00005D128688006FCD428683040F9D10020A5
:10D5E00070BD000000004048600040480400504802
:10D5F000080050481000504810ED00E02818006066
:10D6000080B5FFF79EFF002801D0F9F73BF801BD78
:10D61000BCB5584CA16900910840A06135E0521C8E
:10D62000D300E51803000B402F681F40F7D02A688D
:10D63000104001406868084002D10020C043686083
:10D640006868084000F09AF801006A680120884084
:10D6500082436A606162EFF3108172B6626A0120F0
:10D660009040C2432069104020610220C300E318AB
:10D67000083B1D6815401D60401EF7D181F31088DE
:10D680003D48616A8900405880472369E2696069C2
:10D69000256AA16903400B4003D0154001D1002247
:10D6A000BEE70020C0436062206A104014D1F8F742
:10D6B00085FFEFF3108572B62169E06962690A405F
:10D6C000A169114004D1216A014001D1F8F777FF27
:10D6D00085F3108806F088FD0098A061B3BD38B5C9
:10D6E0001400EFF3108572B600F048F8800022496C
:10D6F0000C5085F3108831BD10B5EFF3108272B66F
:10D700001C4B1C6904431C61C90059180B68184361
:10D71000086082F3108810BDEFF3108172B6154ACD
:10D72000D3691843D06181F310887047F8B5114D63
:10D73000696A00910022D243914201D1002701E0A1
:10D7400001278F402E6A2862040003E02100380080
:10D7500006F04BFDE8692040F8D000986862EFF3CE
:10D76000108072B6E969A143E96180F310882E62E6
:10D77000F1BD0000500500209C1100200021020C8A
:10D78000120401D110210004020E120601D1083149
:10D790000002020F120701D1091D00011F22511AB8
:10D7A00002A2000F105C081AC0B270470403020204
:10D7B00001010101000000000000000081B0802094
:10D7C000C00216490A6802430A60096808400090CE
:10D7D0000098134801680422914301604168C90719
:10D7E000FCD54068104000D0012001B070470D49C1
:10D7F0000A68D207FCD549680180002070470121E2
:10D80000084A13680B40FCD05368038013680B4030
:10D81000FCD0516841800020704700005000404813
:10D82000000060480400604881B028490A6A01206D
:10D8300002400CD10A6802430A600A6882430A6007
:10D840000A6A02430A62096A0840009000980020B0
:10D8500001B07047F3B51E490B785B1C0B700123B8
:10D860001C4C6F460D78019E36682660019E7668D6
:10D870006660019EB668A660019EF668E66006686E
:10D880002661466866618668A661C668E6616426A8
:10D890003E70266B1E4326636E463678761E3E70BB
:10D8A000666B1E4003D06E463678002EF4D16E466D
:10D8B0003678266A1660666A5660A66A9660E66AD8
:10D8C000D6600E78B542CDD10020F6BD400040486C
:10D8D000DD14002028000060234800210160416021
:10D8E000704710B5EFF3108272B61F4B1C68002909
:10D8F00004D0012903D12043040000E084431C60CC
:10D9000082F3108810BD10B5EFF3108272B6164B7B
:10D910005C68002904D0012903D12043040000E001
:10D9200084435C6082F3108810BD38B5EFF3108437
:10D9300072B60E4D0C480168002904D02868804753
:10D94000686880470BE04068002804D0A8688047DA
:10D95000E868804703E0286980476869804784F366
:10D96000108831BD000000009814002094150410A8
:10D9700002780B78002A03D0401C491C9A42F7D049
:10D98000D01A704780B506F035FC002804D1044851
:10D990000068C079002801D0002080BD032080BD30
:10D9A000C414002038B54B494B4C4C4A01204C4B19
:10D9B0001B68002B10D1CB68002B02D14B6B002BC6
:10D9C0000AD0906006F03AFCBFF34F8F4548606084
:10D9D000BFF34F8F00BFFDE7434B23602368136104
:10D9E00020220B6813430B600B68404C1C400C60FA
:10D9F0000B695B07FCD58B693024A34313438B6110
:10DA00008B693B4C1C408C618B6904021C438C610C
:10DA100038490968384B99422BD038490B681E2485
:10DA2000A34310241C430C600B681843086008686B
:10DA3000334B0340F82040051843086008689304FE
:10DA400003430B602F4801682F4B0B40A021890036
:10DA50001943016001680A43026001682B4A0A40C9
:10DA6000C02149011143016001688022D2000A43AC
:10DA7000026000235CB2E10018250D40FF22AA409D
:10DA8000D143C022AA40250004D4214CAD08AD00EA
:10DA9000641906E01F4D2407240F083CA408A400C5
:10DAA0002C19256829400A4322605B1CD9B2202921
:10DAB000E0DB62B631BD1848016800684005400FE0
:10DAC000890702D51549401E00E01549C140154897
:10DAD000016070470400504808ED00E00400002099
:10DAE000940040480400FA0500000410FFFEFFFF08
:10DAF000FFFBFFFFF81E0010CCECBCFC0C00404804
:10DB0000FFFFFFC0940050483FFCFFFFFFC7FFFF2F
:10DB100000E400E01CED00E0080040480048E80197
:10DB20000090D003B405002080B5012006F09EFBD4
:10DB300001BD00007047000070478A7812044B78DE
:10DB40001B029A180978511801607047012070472C
:10DB5000F0B5CBB0044600F005F90546207804A9DD
:10DB6000029100F007F90646606807027B4886428A
:10DB7000039737D04720870004A83946F4F722FBE3
:10DB8000394671432A685518BA21695C0C2001296D
:10DB900000D1E0E06388D90606D5394671435118B3
:10DBA000C98D1F2900D9D6E0082101938B43152B7D
:10DBB00006D1394671435118C98D002900D0CAE0F9
:10DBC0007743D219116D0029039B6FD0496D00294D
:10DBD0002CD0097A002929D03321019B0B421FD078
:10DBE0001220B8E006F04CFBFF2817D0472189002F
:10DBF0004143286845182078AA2168528C200021CA
:10DC000029504C20295438202954E9632964A962F9
:10DC1000E96228468C304160029748E007209AE08C
:10DC2000B321515CA37E8B4200D094E0D78D002FAE
:10DC3000039B3BD01046029E314680313346AE33C3
:10DC4000B43604AA0092D785019A8A84039A029670
:10DC50003260227B1A70627E1A71A26812020A6018
:10DC6000227EFD273A40042103260196012A0E4612
:10DC700000D0019EE27D032A00D01646DE70E27ECF
:10DC80003A40012A00D001992E30A27E032A039E39
:10DC900000D011465971239600880099F4F7CAF80C
:10DCA000002801D0452056E0029803680293207BAB
:10DCB000AE216854207FB82168542846AE30617D7B
:10DCC0004170A17D8170617E0171217EFD2319402B
:10DCD000042203260129114600D03146E77D032F97
:10DCE00000D03946C170E17E1940012900D032468A
:10DCF000A17E032900D00A4642712846A23000F0D6
:10DD00008FF8607FB9216854607BC2216854A07B82
:10DD1000C3216854A06800028021685060882F46A3
:10DD20008037002179600E46B9600399E967B884AD
:10DD3000A07B3871284685300F3406222146FBF738
:10DD4000C9F82846B430B98C0907029901D50449AD
:10DD5000E967016030464BB0F0BDC046FFFF0000F0
:10DD6000DC05000002480068902140587047C0461A
:10DD7000C414002070B50446FFF7F4FF4D21415C48
:10DD8000094D0022AA2391420BD00668F65AA642FA
:10DD9000164600D02E464725AD005B19521C35466D
:10DDA000F1E7A8B270BDC046FFFF0000F8B5044619
:10DDB000C0062DD416460D46184800686107C90EE6
:10DDC00040180069432204232146FBF70DFD00287B
:10DDD00020D001460A300671057000274F721022CC
:10DDE0000A72CF710A228A71FF224A7182220A7155
:10DDF000320EC271320C8271320A42712A0EC27026
:10DE00002A0C82702A0A42702046FBF749FD02E084
:10DE1000862700E007273846F8BDC046B414002026
:10DE200010B50446002003F081FD0449014020881C
:10DE3000401A424242414A40228010BDFF0F00007A
:10DE4000B0B50A4A03280FD300239DB24C5D022CC3
:10DE500003D16D186D78012D05D01B195B1C9CB288
:10DE60008442F2D300E01A4690B2B0BDFFFF00003A
:10DE7000F0B587B0009003AE304604F017FA0027E3
:10DE8000384603F053FD010A02AD69703F24044097
:10DE90004034384603F04AFDAC70287001AF30467C
:10DEA00029463A4606F001FA0326009C20463946E8
:10DEB0003246FBF70FF8E01C29463246FBF70AF81A
:10DEC00007B0F0BDF0B58BB00A9316460F46054675
:10DED0000743FFF747FF0446002F07D03046FFF700
:10DEE00049FFB54988421AD1422615E025464D35ED
:10DEF000002637460A96287886420CD22068C01938
:10DF0000BA21415C012901D106F0EDF947208000DA
:10DF10003F18761CEFE70A9E30460BB0F0BD472154
:10DF20008A001146414323685C18BA21615C012DC7
:10DF300021D142439F18C220385C01252840002986
:10DF400020D000280AD08C203858B96F3A468C323D
:10DF5000526805C1786FB96F7967B86794203858EF
:10DF600000260028D8D094370A980403FBF708F855
:10DF700020183860D0E700260129CDD1204606F0D0
:10DF8000B2F9C9E7002807D08C203858002803D1FF
:10DF900090203858002806D0A420385AC10704D051
:10DFA000F98DF52901D91226B6E71226014631402E
:10DFB000022903D14221795A00293AD000070CD511
:10DFC0007C48AA21795A814201D00A9800E0802039
:10DFD0008028A1D80A9000289ED01098A6217852B7
:10DFE0000A9909039422B950002801D0BB217D541D
:10DFF000A82178522046F3F719FF064600288BD156
:10E000003946C231384664303A4654327A67B86786
:10E010003E4678360978C9070DD100210160B966FE
:10E0200066480168204665300622FAF753FF3068DB
:10E0300008E00C2670E78C2179583A468C325268F9
:10E0400006C00838842179583A4684325268816083
:10E05000C260204606F05DF9002802D006F075F98E
:10E0600005E0384674300168326802603160384635
:10E0700094300A90B020395CBC26B85D00953B46D0
:10E08000143322460893FCF791FC2046FCF719FC58
:10E09000112109017C50F8217850B4203958F02022
:10E0A0003950B85D81225200B854FF220432BB5C63
:10E0B0002B43BB54CA087D2A01D37D21C9003E46AB
:10E0C000A436F422B9502521FBF71AFFFAF758FFBE
:10E0D00002460A990868B532002801D01018086075
:10E0E0003946BC313088C00609960A9104D42046CE
:10E0F0001146F3F7A3FE44E03846EC3005900E4697
:10E100000692FCF707FC0390FCF70CFC0490B1208E
:10E11000385CFCF779FC0790204606F017F9307858
:10E1200002900026009694203146079A1346FBF78A
:10E130009EFC0346009520460299039AFCF7FAFBE1
:10E140000A9800780390009696202946079A13466D
:10E15000FBF78DFC03460096019508980399049AF5
:10E16000FCF760FCEE203D54FC2015493950ED20B1
:10E170000721395402210598017006220699FCF7FF
:10E18000F3FC0646002811D00A980078FCF734FB0F
:10E19000BD20385CFCF730FB09980088C00700D12F
:10E1A000BAE6C420385CFCF785FBB5E6BA342570C6
:10E1B0000026B1E6FCFF0000FFFF0000B0140020C5
:10E1C00084170410F8B505461220002D1BD00C460C
:10E1D0006A788A4217D92B6A195DA14201D10020C1
:10E1E000F8BD17463E46DF5D974201D0A742F9D100
:10E1F0000020974205D09955964202D1284606F054
:10E20000BEF8296A0C55F8BDF8B50546002606701B
:10E21000012400910C7016480068476D06F0C3F8A1
:10E22000002801D01348847EE1B2113730463246CF
:10E2300000290FD03B78002B09D0022B00D1012000
:10E240003A460F3A137801229B0700D51646143739
:10E25000491EEDE7012A01D101212970012802D0D0
:10E26000F0B2012802D1002000990870D0B2F8BDA8
:10E27000B8140020FC130020B0B50546C07A122463
:10E28000802829D8298C172926D31448821D914229
:10E2900022D8298A17291FD381421DD8A87E002899
:10E2A0001AD006F084F8002808D0E87E002813D0A1
:10E2B000802811D8287F401E0E280DD80848342207
:10E2C0002946FAF707FE06F075F8002803D406F091
:10E2D000E9FA002400E087242046B0BDFA030000DC
:10E2E000FC13002080B506F043FB80BDF8B50600A6
:10E2F0000F0000203880154C2000F3F734FE010099
:10E3000023D12000F3F733FE0400114DF00705D5AB
:10E3100021002800F3F72FFE010016D12800F3F7A3
:10E320002EFE3880210028002430F3F724FE01005F
:10E330000BD1210028004830F3F71DFE010004D165
:10E34000210028006C30F3F716FEF2BDF004002027
:10E35000F010041080B5022801D9122080BD06F00B
:10E360002BFB80BDFEB50C00089F0025158002998F
:10E370000D803D800521014027D0394E3000F3F754
:10E38000F2FD010022D168460470364C2000F3F7FC
:10E39000F6FD0199088020002430F3F7F0FD029982
:10E3A00008803000F3F7E3FD3D80694609780229D3
:10E3B00006D1010020006C30F3F7DDFD010005D12E
:10E3C0002AA20821002000F002F80020FEBD70B54E
:10E3D00004000D001600234804E070B504000D0091
:10E3E00016002148F3F7CBFD33002A002100401C22
:10E3F00080B200F001F870BDF3B581B017001D00C8
:10E400000024184E69460880242060433018F3F732
:10E41000B6FD002804D0401C69460988884202D015
:10E42000641C072CF0D3072C0BD0684603892420EA
:10E4300044433419206A8188DA19914201DB0028AB
:10E4400001D11220FEBD29003A008068C018F3F700
:10E45000DDFB206A0178890700D547800020FEBDDA
:10E46000AC040020B0030020D403002053544D33EB
:10E470003257423080B506F0F9FA80BDE0B501A907
:10E48000087001220846114606F066FB002800D0FD
:10E490008CBD01A8007806F07DFB8CBD80B5002006
:10E4A00006F094FB80BD00000168002202814281D9
:10E4B000828182730B78FF2B05D0FE2B09D1038953
:10E4C0005B1C03810AE04268511A091F8181002008
:10E4D0007047002B0DD143895B1C43814A88D21CB5
:10E4E000032313435B1CC9184A1D43689A42E1D3B6
:10E4F000EDE703207047F3B5079C0899250005D088
:10E500006D466C80FE242C706C4600E04468856883
:10E510004668AE4217D22678FF2E14D0067B002E16
:10E5200004D0002606732678002E0ED14668648833
:10E53000E41C032727437F1CF4194460AC4202D239
:10E540002678FF2EEFD10420F6BDFE2E01D0032049
:10E55000F6BD6E463679FF2E04D066786F463F7959
:10E56000BE42E3D14068001D106060881880002919
:10E5700001D0607808700020F6BD7FB515001C0042
:10E58000099E002232800B9A01926A46128D0092F7
:10E5900002AB03AAFFF7AFFF010013D16946098957
:10E5A0008D4201D306200DE0089A481B904200DA04
:10E5B0000200200003994919F3F728FB68460089F7
:10E5C0003080002004B070BDFEB5BB4D0D40491B2E
:10E5D0006B4619700024070016000AE00422311966
:10E5E00001A8F3F713FB019A3919002006F02EFB5E
:10E5F000241DAC42F2DB0020C04301906846027843
:10E60000711901A8F3F702FB019A7919002006F0AD
:10E610001DFBF7BD70B544688668B44202D2267807
:10E62000FF2E01D1042070BD007B002801D1FE2EF9
:10E6300001D0052070BD6588A94201D3062070BDB8
:10E6400010001A00231D591801F0ACFB002801D05E
:10E650000020C04370BD7CB5079C0025069E358018
:10E66000250005D06D466C80FE242C706C4600E0C1
:10E67000446845688668B54202D22678FF2E01D1EB
:10E68000042076BD007B002801D1FE2E01D005209C
:10E6900076BD6088814201D3062076BD401A98423B
:10E6A00000DA030010001A002B1D5918F3F7AEFA18
:10E6B000608806990880002076BDF8B584B0070010
:10E6C0000E001500B44C254203D101F06BFB00286D
:10E6D00020D001A80C21F3F775FDCD483818C00AE9
:10E6E0000290681E0443641C6003000E0390694698
:10E6F00001A806F01BFB00240AE06010800F00193F
:10E700000321884332583919002006F09FFA241D4E
:10E71000AC42F2D305B0F0BD01210170002141806F
:10E7200081807047F1B588B00C0015001E000020F4
:10E730000090FF2229002000F3F746FDFE206946E5
:10E74000087507946846458206960E9D009C05AEA6
:10E7500019E06846008A6988401A401E0324044371
:10E76000641CA4B268886946098A0A1A521E0321E9
:10E770001143491C89B28F4242DB01200022B94279
:10E7800028706A8040D06846408A071B3F1FBFB28E
:10E790002878002826D0701C0390A888029004A82E
:10E7A000019000970798001D03190022FF21089887
:10E7B000FFF7E3FE6946098AA98001000ED1684689
:10E7C000008A7080042205A907980019F3F71EFA41
:10E7D0007088C01C032101436418C1E706990C80AE
:10E7E00009B0F0BDA888019004A800903B000798EC
:10E7F000021969880898FFF72EFF0100A9D0EFE7FA
:10E8000000212970C01968806846408A06990880EE
:10E810000020E5E7F8B5AE4CA544AE49020014234C
:10E820005A438F187989002901D1002040E004A9BA
:10E8300000F013F9059D02A8FFF76EFF8026360150
:10E8400002A8009001AB320008A904A8FFF76AFFF4
:10E850000400042C06D0002C2AD168468088B042DF
:10E86000EED103E068468088002808D06846828898
:10E8700008A92800FFF721FFAD19002CE0D008A857
:10E880000C21F3F79FFC624828184003000E099002
:10E890000698401E711E0143491C481B4003000E90
:10E8A0000A90694608A806F041FA3800FFF7FCFD17
:10E8B00089498D44F0BD0000FCFF0000F8B5844C90
:10E8C000A54400216A469171002200238149060077
:10E8D0000BE0B0680C245C43005D1424604308180E
:10E8E0004089002800D001225B1C30798342F0DB94
:10E8F000002A25D080221201FF2108A806F05EFA26
:10E900000025802424010DE002A8FFF705FF02A8DE
:10E91000009001ABE21B92B208A8C11904A8FFF74E
:10E9200001FF6D1C307985420CDAB0680C226A4315
:10E93000011D8F5804A9805C00F08FF80028E3D0F7
:10E9400000201BE0220008A93068FFF7B6FE614CEA
:10E95000370069468D7900260CE0B8680C217143B8
:10E96000405C142148432018FFF79EFD010000D0B1
:10E970000500761C38798642EFDB280056498D4425
:10E98000F0BD96498A79824201D102207047897C84
:10E990008142FAD000207047FF070000F8B54C4CC8
:10E9A000A54404000E0080221201FF2108A806F0F1
:10E9B00005FA002568460471802424011CE00C2718
:10E9C0006F43B068C05D6A461279904213D004A9C3
:10E9D00000F043F8B068C019476802A8FFF79CFE32
:10E9E00002A8009001AB9B1CE21B92B208A8C119BF
:10E9F00004A8FFF797FE6D1C30798542DFDB22000B
:10EA000008A93068FFF759FE002033498D44F0BD56
:10EA10000000FCEF10B5002470480C216143411840
:10EA20008A792C4814235343C0180368002B10D153
:10EA3000012A0EDC0A6802608B88D21842600989BC
:10EA40000182FFF731FD010004D1641C012CE3DDDC
:10EA500001E0012010BD002010BD10B50200022A07
:10EA600001DB012010BD1B4B142462439A1813686C
:10EA70004B6052688A6001220A7308700020487354
:10EA800010BD7FB56A4C0578142675436419A47BC4
:10EA9000002C01D00A2008E003940294099C019400
:10EAA0006C46248C0094FFF768FD04B070BD7CB503
:10EAB0005F4C0578142675436419A47B002C01D0A3
:10EAC0000A2076BD0194069C0094FFF7C4FD76BD34
:10EAD000E0F7FFFF9800002024080000FAB583B09B
:10EAE00017000325791E03260E43761C0CE00C78D4
:10EAF000FF2C18D0FE2C01D0002C6BD14A88D21CE0
:10EB00002A43521C89184160826841684B1D934218
:10EB1000EDD38B490078142250430818408900280F
:10EB200056D1022057E00290501A864B984201D2EB
:10EB3000521A00E01A46824C92B2B0B26B461B8D5C
:10EB4000C018001D82423BDB6846007B019100211A
:10EB50000091FE216A461170694648706846008D32
:10EB600030184880009A0199002006F06FF8049A46
:10EB7000B1B20198001DFFF727FD0B9A6846018D81
:10EB80000198B6B28019001DFFF71EFD2000083065
:10EB9000029909781422514340180188491C0180C8
:10EBA0000298007814214843201881896A46128D02
:10EBB000BA18521E1543491B491F818100200AE0E3
:10EBC0000298007814214843201840890028A8D0D2
:10EBD0000B2000E0032005B0F0BD0000C0110410C0
:10EBE00010B504006168A06881421ED20878FF2831
:10EBF0001BD0FE2817D1FF22D243002006F026F8B2
:10EC00004F4801000831227814235A4389180A8892
:10EC1000521E0A8021781422514340184189491C10
:10EC20004181002010BD052010BD042010BD000052
:10EC30009800002078B585B004000026009669464B
:10EC4000FFF79FFE3E4D02281ED1142044432C198D
:10EC5000256802A80C21F3F7B5FA3B4828184003B1
:10EC6000000E03906068401E38490143491C481B50
:10EC70004003000E049001A902A806F057F82000F6
:10EC8000FFF712FC00201AE0012817D1009920009C
:10EC9000FFF784FE04000FD10AE0009880680C2181
:10ECA0007143405C142148432818FFF7FDFB761C94
:10ECB000009800798642F0DB200000E0012006B0D9
:10ECC00070BD1CB504000020009069462000FFF7CD
:10ECD00058FE022803D12000FFF79CFD16BD012835
:10ECE00003D10098FFF7EAFD16BD012016BD38B527
:10ECF000174800214356DAB2114C142555436419C4
:10ED00006589002D03D0A589248AA54207D3521C0A
:10ED1000D2B2022A00D100229A42EDD106E0531C61
:10ED20005CB2022C00D10023190001E00022D24382
:10ED30000170100602D4D0B2FFF7C3FF002032BD2D
:10ED400098000020FFFF00000000FCEFFF0700001C
:10ED5000DE140020F0B581B025490C6800256574EB
:10ED600006F036F8234E3068C068FAF72FFF002807
:10ED700001D0042723E03068C068FAF711FF0028AB
:10ED800001D001271BE03068C068FAF70DFF0028AA
:10ED900001D0022713E03068C068FAF71FFF05278B
:10EDA00000280CD13068C068FAF71CFF002806D193
:10EDB0003068C068FAF7E4FE00282F460BD0012027
:10EDC000B8400D4909680A6802430A600020F8F754
:10EDD000EBFDF8F76FFF607C012807D1217B0F2046
:10EDE0000840A268090906F021F9657401B0F0BD78
:10EDF000C4140020C8140020B414002080B506F00C
:10EE000017F980BD10B5FFF705FE424C211D00200B
:10EE1000FFF723FE210014310120FFF71EFE201D05
:10EE2000206010BD3EB53B4D022802D12C001434A9
:10EE300000E02C1D2C6001936B461B8B00930B0094
:10EE400001002000FFF74AFE002805D0022801D16A
:10EE5000002000E00120C0433EBDF8B584B00E00A4
:10EE600019002C4C022E03D125001435012301E09A
:10EE7000251D00230700256028466D466A81039101
:10EE80000A9D022F08D102A900912B00039A69461E
:10EE90004989FFF70CFE0FE0002F03D10100180095
:10EEA000FFF7DBFD02A801900095039B68464289AD
:10EEB00031002068FFF7E5FD010001D1002005E0E9
:10EEC000042801D1022000E00120C04305B0F0BDBC
:10EED00010B5140023000A0001000E480068FFF777
:10EEE00099FB002804D001D5200010BD0220C043AA
:10EEF00010BD80B5022807D1064908681431884240
:10EF000007D0FFF76DFE01BD032802D10020FFF7F7
:10EF100091FE01BD301400200120FFE7194908606F
:10EF2000002070470120C04316490968012900D11B
:10EF3000002070470020EFF3108172B6114A136869
:10EF4000012B02D00120C04301E00323136081F3B1
:10EF5000108870470020EFF3108172B6094A1368D9
:10EF6000032B02D00120C04301E00123136081F391
:10EF70001088704780B50A000349FDF7A1FE02BD65
:10EF8000000000004C05002054150410F1B50124C8
:10EF9000404D414F00260078012804D028D3032893
:10EFA0001ED019D3F1BD009840684078012806D1E1
:10EFB0000020FEF78FF92800F2F744FEBC7000989D
:10EFC00040684078002813D1FEF788F928002830DF
:10EFD000F2F738FEBE70F1BD3C702800503002E000
:10EFE0003E7028008430F2F72DFE2CA0F2F72AFEA6
:10EFF000F1BD80B528490278002A02D0012A03D049
:10F0000001BD4088C88001BD2548C88000F011F8C6
:10F0100001BD10B5204C2248E08006F09FF8214A3F
:10F0200000218020FEF75BFB0020207000F001F83B
:10F0300010BD80B50020FEF751F901201649487037
:10F0400000228A70C8700A7101BD3EB51648009052
:10F05000694600220A71104C2279551EAD41ED0F10
:10F0600001220270457002200871104821780129A0
:10F070000BD1F2F7E7FDE2880948824203D06946E6
:10F08000012006F096F8257137BD3C30F2F7DAFD25
:10F09000F9E700001414041090140020200A0D0059
:10F0A000FFFF00004BF00410840E0020CC1404106D
:10F0B00002490968C88100207047C046C414002076
:10F0C000C3788278417800781B021A43090212043F
:10F0D00008431043704710B51378837153788C1E22
:10F0E0000472C3710930911CE2B2F9F7F3FE10BD4E
:10F0F000F8B50C460546FEF73DFE0321C943C91C81
:10F100001A4FBD4204D08AB2904201D112262BE0A0
:10F1100089B288421ED047218E004643FEF722FE68
:10F1200000688019AA214552A421415CC90705D075
:10F13000BA21415C012901D10C2615E08C21012264
:10F14000425001468C3100224A608D300622214611
:10F15000F9F7C0FE0026BD4206D1054800684F30D1
:10F1600006222146F9F7B6FE3046F8BDFCFF000046
:10F17000C4140020B0B5044606F050F8012806D1AA
:10F18000FF25DC3506F04CF8405DC00706D106F0DF
:10F190004FF803482146FFF7ABFFB0BD0C20B0BDD0
:10F1A000FCFF0000BCB50C46002813D02588204683
:10F1B000FCF7F5FD01462846FCF7F6FD002809D0CE
:10F1C0006088002806D0A1891F2908D801A80180DD
:10F1D00060680AE02046FCF75BFA0020BCBD60686E
:10F1E00001AD2A4606F042F8298840180079C10787
:10F1F00004D11B2808D01D2806D009E01E2803D3FF
:10F2000002210843232803D1204606F03FF8BCBD65
:10F21000204606F01FF9BCBD80B54168007800F0BB
:10F2200002F8002080BD80B50846FCF731FA80BDA9
:10F23000B0B50C4605460888FCF708FA002825D02A
:10F24000002D0FD0012D21D1608841281ED81248F1
:10F250000068214603F0DAFC0F20F8F7A5FBF8F769
:10F2600029FD16E06168097A0B2909D1017E032284
:10F270000A40012A0AD1FC221140891C017605E0CE
:10F280008A1FD2B2042A01D806F04CF92046FCF7B6
:10F29000FFF90020B0BDC046D0140020F0B587B003
:10F2A0000E4604460F88384600F0F8FA05468548B1
:10F2B000C07A854205D214216943834A1268D26A12
:10F2C0005318049671680E7A0022012C1DD0002C70
:10F2D00054D11446854213D2192E0DD80120B040C6
:10F2E0007E49084208D07848006801221E467C4BBF
:10F2F0002946FAF7EDFA33469878FD2101409970D6
:10F300000498FCF7C5F920465BE00392854254D28D
:10F310000193487A02900621049C2046009100F057
:10F32000E4F9001D61888842029C35D1132E27D84C
:10F3300001221046B0406549084221D06148C07A98
:10F34000A8423AD9144604984068427A037A012BBD
:10F3500039D014205C490968C96A132B51D0122B8B
:10F360002BD103466B43CB189E78F70776D15A71A1
:10F3700004980088002311461A4613E0104620E046
:10F38000304606F0F8F8002806D005A80571049963
:10F39000059106F0F2F807E0019844710022384622
:10F3A0002146134606F0EBF8122804D801218140CB
:10F3B000494A114201D1862803D10498FCF768F923
:10F3C000039807B0F0BD01272846394606F036F904
:10F3D0000028F2D1049804883D48006880694221E1
:10F3E00054220323FAF700FA0028E6D00546061D4A
:10F3F00030462146049A06F053F9F8020A300822F2
:10F4000051E0684308188078C007D6D113212846F8
:10F4100006F014F90028D0D10821049800F065F90D
:10F4200006462C4800684821405C8007C5D50498F2
:10F43000078827480068806942214E220323FAF793
:10F44000D3F90028B9D0054606738772300A68736D
:10F45000380AE8722E1DE002009A24E07307ACD44B
:10F4600068430B18122011461A4606F03DF9194858
:10F4700000684821405CC0079FD004980788144862
:10F480000068806942214F220523FAF7ADF9002870
:10F4900093D00546061D30463946049A06F02CF9ED
:10F4A000E002801C0F22FF21717082213170010A5D
:10F4B000697228720020E871AA7142202946FAF781
:10F4C000EFF97AE7FC130020C014002002000C00C2
:10F4D000B4140020C414002005000400400094026D
:10F4E00030750000B0B50446C00616D40D460D4870
:10F4F00000686107C90E40180069022221461346C0
:10F50000FAF772F900280AD00146074848600D81D1
:10F510002046FAF7C5F90020B0BD8620B0BD07200F
:10F52000B0BDC046B41400200D080610F0B58DB073
:10F53000914200D383E01346064600290CD00C46C6
:10F540003546002D0BD0A0B2202809D32D68203CD1
:10F550002004F6D1002403E00024354600E0002515
:10F560001F463246002A08D0B8B2202806D31268B7
:10F57000203F3804F6D1002700E0002220040AD002
:10F580000291291D0492A2B205A80393F9F7A2FCE7
:10F590000299039B049A002E019506D0002036683C
:10F5A000401C002EFBD1400100E00020002A3DD08D
:10F5B000C91A0D18280439D004922021C81B82B220
:10F5C000ABB29A4200D32846029582B20D1BA9B273
:10F5D000914200D30546AAB2A0B205A90818B9B253
:10F5E000049E7118091DF9F775FC2C19EF19039782
:10F5F000B8B2202803D132680020039000E03246E0
:10F60000A0B220280AD1019C201D05A90492202225
:10F61000F9F760FC049A246801940024039F002AEF
:10F6200007D00298451B2804C6D102E0A0B22028CA
:10F6300005D00198001DA2B205A9F9F74BFC0DB049
:10F64000F0BD002806D000210068491C0028FBD12D
:10F65000480100E0002080B2704780B50A46037A76
:10F66000190601D5012100E003215B0600D5002128
:10F67000406806F079F880BD70B50B49C97A14224C
:10F680004A43143209490B6800210D460C461434D4
:10F69000A24206D0DE6A755B85422546F7D1311954
:10F6A0001439084670BDC046FC130020C014002069
:10F6B00010B514460A4640681946234606F090F8ED
:10F6C00010BD011F00220A604068704702460068B2
:10F6D0000028FBD11160704710B514460A464068F7
:10F6E0001946234606F0B5F810BDE0B5022201AB7D
:10F6F000FFF7DEFF002801D0002004E001A8017818
:10F7000040780002401880B28CBD0000F8B5044675
:10F71000C0062DD415460F460093184800686107AF
:10F72000C90E40180069511E03220A43093291088C
:10F730008BB242222146FAF757F800281AD0064623
:10F74000C57287720C3000992A46F9F7C3FB00276F
:10F75000777206203072281D010AF171B071FF2006
:10F7600070718220307120463146FAF799F802E034
:10F77000862700E007273846F8BDC046B4140020AD
:10F78000B0B51446049AC2704170150A05710F2570
:10F790002D020D40A107890C49199B03C918090ABC
:10F7A0008170431D05980021FFF782FFB0BD80B531
:10F7B000FBF74CFF002806D06421425C80231343F2
:10F7C0004354002080BD812080BD000010B5044658
:10F7D0000846114606F078F880000019C1B20248C8
:10F7E0000068FEF7EFFC10BDBC14002070B50C469D
:10F7F000054606F07DF8074E32684032284621461D
:10F8000006F06AF9326838322846214606F064F973
:10F8100070BDC046BC14002080B506F077F980BDED
:10F82000F8B50A4D05400A4E30680768002F0CD025
:10F830003C46FF692088A842F8D13068214606F08E
:10F840009FF92046FBF724FFF0E7F8BDFF0F00000B
:10F85000D0140020BCB56422825CD207827A04D125
:10F860006032D2B2512A04D30FE05032D2B2402AD1
:10F870000BD8094A1268B123D35C002B05D0B132F2
:10F88000047D0125A540AB4313706A4611710090B9
:10F890001046F2F70EFBBCBDD0140020B0B50949EC
:10F8A000CA7A09490B68002421468A4206D0DD6ADB
:10F8B0002D5B854203D01434491CF6E71146C8B2CB
:10F8C000B0BDC046FC130020C014002070470000EB
:10F8D000B0B50C46054909680D680321224606F0BB
:10F8E00065F92889001B2881B0BDC046CC140020D2
:10F8F00001466420085CC007887A02D19F2802D89C
:10F9000016E0B02814D3F1280AD2CA7C0020012ABC
:10F9100005D0022A02D1C97D090700D50120704710
:10F92000F12805D1C97A06200840411E8841704758
:10F9300000207047F8B50446C00608D40D461948A3
:10F9400000684721405C800703D4002628E0862613
:10F9500026E01F461646144800686107C90E401885
:10F960000069472203232146F9F73EFF002816D0FD
:10F970000146857204204872012008723246002632
:10F98000CE71062088714F730A73FF204871822060
:10F990000871280AC8722046F9F782FF00E007269E
:10F9A0003046F8BDC4140020B4140020BCB50C4689
:10F9B00001461C48006805682889EA685288131ABD
:10F9C000A34226DAA11A081801A90880164800687F
:10F9D0008069422103230A46F9F706FF002817D061
:10F9E00004460222C2720920A07220460C3001A9EE
:10F9F000F9F770FA0020607206212172E071A1719E
:10FA0000FF2060718220207142202146F9F748FFD3
:10FA1000BCBD0320224606F0C9F8288900192881B8
:10FA2000BCBDC046CC140020B4140020B0B50D46B7
:10FA300004460F4800685C21405C8006800F05D0BA
:10FA400001202870204606F0C3F80EE0F7F7B4FC5A
:10FA5000002805D001202870204606F0C3F804E0F5
:10FA600000202870204606F0C7F80020B0BDC04630
:10FA7000B8140020F0B587B000AC0DC43A4A126843
:10FA80003423D05C742747430025EC43374B1E6872
:10FA9000A4360C9A06920E9A03920D9A059204943B
:10FAA000AF425FD033685A1912897435641C002A3A
:10FAB000F6D1844256D25F1938466C38009A0280DB
:10FAC000384674380522027038460F38019A0270A1
:10FAD00001252940384610380190017038460E380B
:10FAE0000622234B029916469847FE2006990840A5
:10FAF0002940022800D00D4606913C46733C2570F3
:10FB000002280598039900D001463D46723D2846DB
:10FB10003246174B984738461738069901703846D1
:10FB2000163805993246124B984738465C38002102
:10FB30000822F9F7D3F9381F6A3F10213970049968
:10FB400001602078294606F061F8002805D0019868
:10FB50000078C00701D0FB2038700E20F7F724FF93
:10FB6000F8F7A8F807B0F0BDB0140020D0140020BA
:10FB7000D58E041080B506F069F880BD80B506F01A
:10FB800005F980BD704700210A46062905D0435C6F
:10FB9000002B00D00122491CF7E7D0B270470000CB
:10FBA000F0B591B001920091054608A903200880A4
:10FBB00007AA0024148014480068183003AF3B469D
:10FBC00000F042F80DAE102230462146F9F786F9D2
:10FBD000082230460099F9F77DF909AC38463146DC
:10FBE000224606F0D5F802AE022230462146F9F749
:10FBF00071F9287802994140019A117070786978FA
:10FC00004140517011B0F0BDB0140020B0B594B0B7
:10FC100014466A4606F0DEF80546002803D1684619
:10FC2000214602F0FDFA284614B0B0BD10B50446D6
:10FC300006F0F2F8FF2805D081200022214606F0C8
:10FC400007F910BD022010BDBFB50D786C462570B8
:10FC5000497861701178A1705178E17000210391A9
:10FC60000291019121461A4606F092F8BFBDB0B547
:10FC70000C46054606F0D0F8FF2805D0002029469E
:10FC8000224606F0E5F8B0BD0220B0BD10B500294F
:10FC900013D000220C462346521C2468002CFAD1B3
:10FCA00072B644681C60416001888918018062B6A0
:10FCB000002006F0F9F8F7F7FDFF10BD10B588B089
:10FCC00068462021F2F77EFA00246846202C04D0F2
:10FCD0000019F9F739F9241DF7E70549F9F718F97B
:10FCE000801C01D0002000E03A2008B010BDC046C2
:10FCF000E9DB05108B0707D0521E22D30B78491C75
:10FD00000370401C8B07F7D1830730D0DB4219D03A
:10FD1000401E121F08D308C943701B0A43801B0CE6
:10FD20000371001D121FF6D2D20707D30B88437050
:10FD300001D08A78C2701B0A8370704701D00B789B
:10FD400043707047121F06D308C903801B0C438001
:10FD5000001D121FF8D2D20705D30B88038005D0EF
:10FD60008B788370704701D00B780370704770B444
:10FD7000103A03D378C978C0103AFBD2530701D3A5
:10FD800018C918C001D508C908C0D20704D30B8808
:10FD90000380801C891C002A01D50B78037070BC7D
:10FDA00070470000A446521E08D303780C78401C0C
:10FDB000491CA342F7D0181B6446704700206446D4
:10FDC0007047000081B0FF2101708021C9054A6899
:10FDD000114B9A4201D1052202700F220B681B09B8
:10FDE000134043700B681A408270496841600B49A8
:10FDF000096889B2491C8900816000210091009A3C
:10FE0000002A04D000910099491C890301E0C02117
:10FE1000C901C16001B07047418002021410004066
:10FE200010B5040007D002230022A16806F04EF8A6
:10FE3000010003D00CE06120400110BD0020102221
:10FE40002261024683001B19401C5A610428F9DB19
:10FE5000606A102801D0024810BD084610BD00009D
:10FE60001D0C0000F7B500258AB00E460446002898
:10FE700004D0002E06D10C98002803DD612040013B
:10FE80000DB0F0BD0C98002804DB102804DA2079AE
:10FE9000800601D48C48F3E72079410701D481071B
:10FEA00002D58948401CEBE74021084320712046D9
:10FEB000143008901CE0002081004A1992195378F0
:10FEC00017781B023B4397785BBA1B043F02D2783A
:10FED0003B4313430A195269401C534004AA535030
:10FEE0000428E9DBA26804A8089906F041F8009DFF
:10FEF0000C992846103000908842DCDB207980067F
:10FF00001ED400291CDD002081004A199219537863
:10FF100017781B023B4397785BBA1B043F02D278E9
:10FF20003B4313430A195269401C534004AA5350DF
:10FF30000428E9DBA26804A8089906F019F8C0E0D3
:10FF40000020009001900290039069460846A26844
:10FF500006F00EF800998722C80F5043019A490015
:10FF6000D20F114300910199029A4900D20F114317
:10FF700001910299039A4900D20F1143029103990A
:10FF80000C9A4900414028461030039190421AD102
:10FF9000002081004A1993195A781F7812023A43B7
:10FFA0009F7852BA12043F023A43DB786F461A43F5
:10FFB0000B195B697F58401C7B405A4004AB5A5078
:10FFC0000428E6DB74E0009A8723D00F5843019B96
:10FFD0005200DB0F1A430092019A029B5200DB0F82
:10FFE0001A430192029ACB0F52001A4302924A001E
:10FFF000424003920C9A0020531BDA179C46920F42
:020000041005E5
:1000000062449210964616E081004A1993195A7874
:100010001F7812023A439F7852BA12043F023A43C1
:10002000DB786F461A430B195B697F587B405A4057
:1000300004AB5A50401C8645E6DC81000A196B4629
:1000400052695B5867465A4004AB5A507F1A0022E7
:100050004B19BC469E460BE073469B18F35CD700D9
:100060001825ED1BAB4004AD6F587B406B50521C04
:100070009445F1DC002A09D0D600182204AB961B67
:100080005D588022B24055405D5005E004AA5358A7
:100090000125ED076B40535004AB6A4605E0810033
:1000A0000D196D69565875405D50401C0428F6DBEB
:1000B000A2681846089905F05BFF207904210843DF
:1000C00020710020DCE600001D0C0000F8B516468B
:1000D0000F46040009D0002E07D025468035E86D74
:1000E000401E102804D31348F8BD61204001F8BD1C
:1000F0002079400604D4002211462046FFF7B2FEC4
:100100002079022108432071002018210CE0C21739
:10011000920F121892089200121983075269DB0E8F
:10012000CB1ADA403A54401CEA6D8242EFDC0020E0
:100130003260F8BD1F0C0000B0B51C461546002902
:1001400007D101890020062200F0ACFA0146002800
:1001500009D0022048804868057248684472062029
:1001600003F04CFBB0BD8820B0BD0000F8B51646CA
:100170000C4605460089FBF7C7FA02460120002716
:10018000164B3946FBF7E0FA2889FFF749FB002EAA
:1001900003D002212846FFF75DFB284618300822CD
:1001A0003946F8F79BFE6420295CEF220A402A5466
:1001B000E87B2F210140E973102C06D0002E04D0DB
:1001C0006878A91C05F012FFFB27AF72298902206D
:1001D00002462346FFF7AEFBF8BDC046307500006F
:1001E000F0B58BB0059317460D4609A9F9F7DBFD6D
:1001F000119C10980690002818D00495129E002596
:100200000698A84210D00498039009A8029008A864
:10021000019007A80090EBB220463946059A05F0F8
:1002200051FF70556D1CEBE730780AE0039509A883
:10023000029000220192009220463946134605F0B2
:1002400041FF0BB0F0BD000006494143090C2422D8
:10025000D2434A43101881B2242900D92538C0B2AC
:100260007047C046EB060000FF220E324243100AE0
:1002700089084143880C401C70470000F8B51E46B1
:1002800015460F46044600F033F800281AD0EFF365
:10029000108272B6154801684869A04217D00092D2
:1002A000A660A761E5611831204605F06BFF204686
:1002B00001F01EFC01F038FC01F05AFC009880F3BC
:1002C000108802E0A761E561A6600020F8BDE06942
:1002D0004968081A823003D482F310888620F8BD5A
:1002E000009205F059FF01480168D9E7C8140020C1
:1002F00010B5EFF3108472B605F062FF84F3108836
:1003000010BD88214058018803200840704780B5FF
:1003100088228058028803239A4302801940028869
:100320000A4302801620F7F73FFBF7F7C3FC80BDB6
:1003300010B5044605F05EFF002804D02046FFF704
:10034000E0FF032801D1002010BD012010BD4B4269
:100350004B410C21594340184179CB070020002B19
:100360000BD0022A05D0012A05D0002A05D1880722
:1003700002E0080700E04807C00F704789004018F6
:1003800084214058801C7047B0B5034600202C2BB8
:1003900000D9B6E003245C435A4D2C1964788C4292
:1003A00000D0AEE0D41E604260412C2B00D9A7E003
:1003B000990001A251588F46030505100305051049
:1003C0006D04051003050510710405107104051076
:1003D0006D0405106D040510030505106D0405106E
:1003E000030505106D0405106D0405106D0405105E
:1003F0007104051001050510010505106D040510B7
:100400006D0405106D0405107F0405107F040510B0
:100410009104051097040510A104051001050510AD
:100420008504051085040510A70405106D0405104A
:100430006D0405108B040510AD0405108B04051028
:10044000B704051079040510790405107904051026
:10045000BD040510C7040510CD040510DF04051008
:10046000EF0405106D0405106D0405100120B0BDEA
:10047000601E84412046B0BD05F0C2FE3DE000F0A4
:1004800066FD3AE000F0BCFF37E000F0BDFF1FE082
:10049000F1F746FC31E0601E8441F1F741FC22E0B7
:1004A000F1F73EFC14E000F0ADFF22E0601E844155
:1004B00000F0AAFF17E000F0A7FF1EE0601E8441D5
:1004C00005F0A0FE0FE005F09DFE01E005F09CFEAA
:1004D0000146401E8141604260410840B0BD601E3F
:1004E000844105F091FE411E88412040B0BD03F0DB
:1004F0005EFF002804D004F091FE411E8841B0BD8B
:100500000020B0BD30100610F8B5054687780846C3
:10051000114600F021FA064601240D2F01D1012ECB
:100520000FD0112F01D0072F0AD1ED78284600F007
:10053000DFF8864204D1284605F068FE002800D185
:1005400000242046F8BD0000B0B5034600202C2B47
:100550006BD803245C43384D2C1964788C4264D1E9
:10056000D11E484248412C2B5ED89A0001A39A58CC
:100570009746C0462B0605102B06051029060510C8
:100580002B06051029060510290605102906051059
:10059000290605102B060510290605102B06051047
:1005A000290605102D06051029060510310605102F
:1005B0002906051029060510290605102D06051027
:1005C000290605102D060510290605102D06051013
:1005D0002906051029060510290605102D06051007
:1005E000290605102D0605102D06051029060510F3
:1005F0002B06051029060510290605102D060510E5
:100600002D060510290605102D0605102D060510CE
:100610002D0605102D0605102D0605102D060510BA
:100620002D060510290605100020B0BD0120B0BD23
:10063000481E81410846B0BD30100610B0B50C46CA
:10064000054600F027FC022C03D307D0032C08D06A
:1006500013E00119097A00290FD102E0A98B4A059C
:1006600006D5C17A002901D0032406E0002115E057
:10067000012292021143A9830224094909689022A8
:100680008958C96B0A68916B4023CC544B6C9363B7
:1006900000224A640019027A521E02720846B0BD56
:1006A000C4140020B0B50D46012801D1044600E075
:1006B0000324002800D10446501E1F21014321318C
:1006C00089B2204605F0AEFD00280BD08580016878
:1006D000816003210C40621E51425141002C03D025
:1006E000C90102E00020B0BD40210173001DB0BD72
:1006F0002C2804D8032141430248405C7047142051
:100700007047C046301006100A68002A04D011460F
:10071000526C002AFBD144310022426408607047C9
:10072000F8B5044605F0C2FD05460027022F19D092
:100730005720800060430C49096890228958C96B92
:10074000496808180C2179434018112109014618FD
:100750003168002904D02846324605F0B7FDF7E796
:100760007F1CE3E7F8BDC046C414002010B5044662
:10077000007AF721014021720A480068006990213F
:1007800000220123F9F730F8002804D00146446024
:100790009020F9F785F8044800688521425C521CD6
:1007A000425410BDB4140020C4140020F8B50A4609
:1007B0000146074800689023C058C06B006802AB30
:1007C000019303AB00932030012305F08DFD8FBD15
:1007D000C414002070B50D460446164800682C214C
:1007E000405CC007C10E01D1052206E01248006836
:1007F0002F22805CC0061CD515226F20C0434140CB
:100800000E4800680069CEB202233146F8F7ECFFCB
:1008100000280ED00146047285720020C8710420A1
:10082000887105224A710871200A48723046F9F72A
:1008300037F870BDB0140020C4140020B414002098
:1008400010B50446EA20205C01280DD020462E3049
:10085000017806480068A030FDF7B4FCE6200021CE
:100860002152E6346180217110BDC046C4140020BD
:10087000B0B557218A00424318490B6890215B5854
:10088000DB6B5B689C1880220023A3502E22A054AF
:100890008C22A350E322A3544122FF25A554104AE1
:1008A0006250A3850121218519210904A165E16513
:1008B00021660C496187214690312922D2008A8124
:1008C000094A0A4B4B608A6005F04AFD204605F054
:1008D0007BFD78342046F8F78FFBB0BDC4140020B0
:1008E0001B001B00FFFF000048011B001B0048010C
:1008F0000020704710B5F8F7DBFB04460021FFF736
:100900003DFD8078FF212A31605449208000215A22
:1009100008220A43225210BD842140580188012236
:10092000914301807047B0B50C460546002B03D0BB
:10093000104605F051FD05E00C2060432818407971
:100940008006C00F002805D0022228462146FFF766
:10095000FEFCB0BD0020B0BD80B505F04FFD002805
:1009600002D03821405C80BD142080BD10B5014606
:100970001239032901D2002010BD840000F08AFA48
:100980000068005910BD0000F0B58BB0019315460A
:1009900005918A78D11FCEB2012300240B2E19466F
:1009A00000D321460894604CF4400C4002940C247F
:1009B00027466F432121C9004618F7192E210390BD
:1009C000405C0990304629460A92FFF7ACFF079039
:1009D00030462946089AFFF7BAFC089004973F79F9
:1009E0000695284605F01EFD024644433119087954
:1009F0008979079B002B08D0089B04290A9D14D1F4
:100A0000A84212D1002B06D118E0089B002B0A9DAA
:100A100014D0042937D1029900292FD005980999BB
:100A20001446FFF771FD22462BE0099F3846114618
:100A3000FFF792FF06460125042450E000240198A8
:100A400003282BD0012861D1099F38460699FFF76A
:100A500083FF064601243846214605F0E6FC0028BF
:100A600036D0FF201A30039908180778284605F079
:100A7000B3FC012500282DD12C462CE0401B411E43
:100A80008841002808D0099F38461146FFF764FFC7
:100A900006460125052422E0002437E0099D28466A
:100AA0000699FFF759FF06460298002809D00598D5
:100AB0002946069AFFF728FD002827D0054603247B
:100AC0000CE00A98874224D12F460125032406E032
:100AD000254604E00224B80600D42C46099F30467F
:100AE000FFF744FF002808D00646384604990F1D3A
:100AF00006992246059BB0473870E01EC0B24008F8
:100B00007E2802D80398FFF707FF2C4620460BB03B
:100B1000F0BD012EFAD1039805F091FC0028F5D024
:100B2000012505242E46D9E74104000080B50C229A
:100B30004A437D214904815080180121817100219F
:100B400041711620F6F730FFF7F7B4F880BD0000CA
:100B5000F0B5C7B01E4615460F46044609A8F82151
:100B6000F1F730FB204605F071FC00281AD004464E
:100B7000079505462C352878032805D10320214602
:100B800005F08AFC002834D0AC78012503222046E9
:100B90002946069205F095FC002F05D1002803D0C8
:100BA000002647E0022645E004940596384600F00A
:100BB0004DF9072600283DD00446002003902071FF
:100BC000002F1ED0182705984743083703200290AE
:100BD000394605F027FB206000282BD009A9002208
:100BE0003B4604F036FE207905432571029A024304
:100BF0000AE0492080002018008880061DD41A26AB
:100C000018E000202060022238200699215405981F
:100C1000E071039E66710798002806D022711B4878
:100C20000068417F02220A4342770121049822464C
:100C300000F014F9304647B0F0BD35460026002FCD
:100C4000F8D009A908AA204605F04EFC002D0ED0C8
:100C500008A8058828463F38C021F6F70DFA628FAC
:100C600009A9019100213F2D08D8084607E0628FAD
:100C70008020002109AB05F05FFCDBE7401CC3B21C
:100C80000093022005F09AFCD4E7C046C41400206B
:100C9000F0B585B004464126805DF9F7D4F80546E5
:100CA000A05DF9F7C9F892236D1EE9B22746923785
:100CB00070260322052903920496314605D869B2AD
:100CC0008A001A4989581A4DAA580294E35A7E8814
:100CD000401EC5B2052D07D840B28000134D2C58D8
:100CE0000494134D2858039093405818000215217E
:100CF0000C012546E83540190E49F6F7BDF901907B
:100D00000398864004983018000240190949F6F704
:100D1000B3F980B2F988814200D8084601990818D1
:100D200000190299C86605B0F0BDC04658160410F7
:100D30004016041071020000F8B500924588AC0816
:100D40001C80491C8AB2A6188788BE4200D9091B9C
:100D50000A199200BE4200D96D1C03263540521973
:100D60001A80A3001B180833009C236092B20588E8
:100D7000521B174637408488674335405219920802
:100D8000D21995B2C688B54200D9C280A5420AD808
:100D900009B2002907D59978FC220A40511C9970A4
:100DA000083000990860A54201D90020F8BD012053
:100DB000F8BD70B58678C578041D2846214605F033
:100DC00043FC00281AD0142D04D8B008226821460C
:100DD000904770BD3F2D04D80020214605F04AFC05
:100DE00070BD412D04D80020214605F04AFC70BD9D
:100DF000622D03D80020214605F04EFC70BDFEB5E3
:100E00000191044607460837F8F7BAF802900D46F4
:100E10002678207D002804D03846F8F7B9F82278E3
:100E200000E03246701D029CE108C1400198401A62
:100E300000B2401EC117083205F03AFC02194D41BC
:100E400038462B46F8F7A0F8C0B2FEBD80B5414247
:100E500041410020FFF7F2FB80BD000010B5572391
:100E60009B0043430A48006890240059C06B4068C7
:100E7000C0180C234B43C01811210901411810461A
:100E8000FFF742FC1620F6F78FFDF6F713FF10BDB3
:100E9000C41400200348006890214058C06B0068CB
:100EA00034307047C414002080B5FCF75BFF4E213E
:100EB000405C80BDFEB51548006890210291415804
:100EC00054200190085ACF6B124C451CA9B2090A54
:100ED0000E2901D90E494518002F0FD00026206891
:100EE0003421415CF0B2884208D2F8F7E1F8761C70
:100EF000A9B2408F8142F2D12846E6E70348006854
:100F00000299405801994552A8B2FEBDC414002070
:100F100002F1FFFFB014002070B50D460446401CDE
:100F2000002625223146F7F7D9FF3046252E0CD270
:100F300007213140F208AA5CCA40D10703D0C1B2F0
:100F400061184E70401C761CF0E7207070BD0020C8
:100F5000704770477047704780B50346FC312833AF
:100F60000A2208461946F7F7B5FF80BD80B5F8F7A5
:100F70009FF84121405C034909684979F9F759F81C
:100F800080BDC046C41400207047000010B5C26C7C
:100F90000146E6318B8A5343028F0A325A43120BC1
:100FA00093B2084CA34200D823465B1DE6240353AA
:100FB000012008714A801320F6F7F6FCF6F77AFE56
:100FC00010BDC046B30B00000021182909D07D22B6
:100FD00052044250421801239371002353710C3183
:100FE000F3E7818B01220A438283704710B50446E0
:100FF00005F070FB0248006881682160007810BD30
:10100000C8140020042805D0012806D1FF20A430F0
:10101000074A04E0044A054801E0064A06484143FD
:101020008818000A7047C046E9260100381A0000F7
:1010300006120000C62000004703000001480068B7
:10104000808A7047C41400204007000F0149085AE5
:101050007047C046D0F90510B0B5042801D00C4C3B
:1010600000E00A4C042802D02920050101E0A92053
:101070004501FFF76CFF012800D02C469634A0B242
:101080000449F5F7F9FF401CB0BDC0462085FFFFBD
:101090009010000071020000F0B58DB00446954834
:1010A00000682C21405CC007C50E6F20C6436E400F
:1010B00003F07DF99049096836228B5C20221340A9
:1010C0003631002866D0002B00D110E1887BC007A4
:1010D00063D0002D00D11222A08A0C90A77DE07D64
:1010E0000890608A0B90208A0990A0890A90206855
:1010F000059060680790A0680690207E0390607E4F
:101100000490E589A07E02907C4800680069F1B2F5
:101110000A23F8F769FB002800D1E8E004460197AC
:1011200007461F374572039820730498E0720298AF
:101130002072280AA07220460D30062505992A46FD
:101140006F4B98472046133006992A466C4B9847B8
:101150006B4B2046193007992A4698472120099958
:1011600021542520089A225420462130090A417032
:101170000A99080A787039700B99080A78713971E0
:101180000C99080A787239720198F871201D29218A
:101190002222A2E0002B00D1A9E0887A800745D462
:1011A000487AC00700D1A2E008200543E07D0C90FA
:1011B000608A0B90208A0990A0890A902068089084
:1011C000207E0690607E0790E789A07E05904B48C0
:1011D00000680069F1B206232A46F8F705FB0028EB
:1011E00000D184E004460546133547720698207303
:1011F0000798E07205982072380AA07220460D30D8
:1012000006220899F7F766FE0999080AA075617524
:101210000A99080A687029700B99080A687129717F
:101220000C986076201D0121132256E0002D01D07C
:101230001C2200E00D22E07D0A90678A208A0B9034
:10124000A0890C902068079060680990A0680890B9
:10125000207E0590607E0690E589A07E0490274858
:1012600000680069F1B20923F8F7BEFA00283ED001
:101270000446039707461F37457205982073069862
:10128000E07204982072280AA07220460D300625CC
:1012900007992A461A4B98472046133008992A4640
:1012A000174B9847164B2046193009992A469847FC
:1012B00021200B9A225425200A992154201D2146D1
:1012C0002131120A4A700C9A110A79703A70039A05
:1012D000110A79713A710A211F22042323713E23D6
:1012E0004370E171A271F0B22146F8F7D9FA0DB05E
:1012F000F0BDC046B0140020C4140020B414002077
:10130000D58E041070B50D4604461A4800682C218D
:10131000405CC007C10E01D111220AE016480068E6
:101320003622825C920624D53630C07A800720D5DA
:101330001F224E20C0434140104800684069CEB291
:1013400003233146F8F750FA002812D00146847280
:10135000002008734D7208721220C871062088712F
:101360003E20487104200871200AC8723046F8F700
:1013700097FA70BDB0140020C4140020B4140020EB
:10138000B0B50D460446124800683621415C890616
:101390001CD53630C07A000718D50E480068406961
:1013A000A1212C220223F8F71FFA00280ED00146B3
:1013B000047285721420C871042088713E224A711B
:1013C0000871200A4872A120F8F76AFAB0BDC04639
:1013D000C4140020B4140020F8B50A46014607489A
:1013E00000689023C058C06B006802AB019303AB48
:1013F00000932030012305F089F98FBDC41400202B
:10140000002070470020704700207047F8B51D4647
:1014100017460E460446F8F709FC2046F8F710FC7C
:101420002046F8F725FC20462146F8F73EFC2046EA
:10143000F8F749FC20463946F8F73FFC2046F8F714
:1014400056FC2046F8F744FC2046F8F706FC2046F8
:10145000F8F726FC069B002E0ED000210091942068
:101460002A46F8F704FB01462046F8F738FC2046E8
:101470003146F8F7EFFBF8BD124800688C2146585A
:1014800000200090962001212A46F8F7F0FA014644
:101490002046F8F724FC2046F8F7F0FB2046F8F742
:1014A000F9FB2046F8F7F0FB2046F8F7DBFBB11C10
:1014B0002046F8F7CFFB2046F8F700FC2046F8F767
:1014C00022FCF8BDC414002010B5044600213022CF
:1014D000F7F704FDFF20A07510BD0000FEB504461F
:1014E0004126805DF8F7AFFC0546A05DF8F7A4FC47
:1014F000009092206B1ED9B22646923670270325A3
:1015000005292A46394605D859B28A00174989580B
:10151000174B9A580191235A029674880098401EDE
:10152000C1B2052905D840B2800010490F581049B2
:101530000D58934001981818000247213E46CF00ED
:10154000C0190C49F5F798FD0190AC40A0190002B4
:10155000C0190849F5F790FD80B20299C988814207
:1015600000D80846019908187B30FEBD58160410B3
:10157000401604107102000010B5801EC3B2022B89
:1015800006D840B2830006A0C05808A4E35801E082
:101590005020032399400818D100401810BDC046C0
:1015A0002C000000D0020000CE010000020000006C
:1015B0000600000004000000B0B50446B320205C23
:1015C000F9F722FA0546B334A07A2946F8F726FD42
:1015D000A07A2946F8F7EDFCA07AF8F70FFD617BB9
:1015E000A07AF8F7A6FCF8F7AFFAB0BD0020704774
:1015F000F0B593B01D4607460FA8059010A80490BB
:1016000011A8039012A8029019980E900190189CAE
:10161000009438460B9105F0BDF80D90F9F77AF972
:101620000646002D07D011A80178321D204605F08E
:101630003BF9002189E0301D11A90A78D1070A90F1
:10164000099203D100250C9529460AE0616F491CD7
:1016500006220C92F7F73EFC099A606F0078C007EB
:10166000410E900710D50A980C9D40190891616FA2
:1016700009310622F7F72EFC0899099A606F007A63
:10168000C0014118AD1D0C95254698350794B83416
:101690001007089111D5207869890A9A06950C9D42
:1016A000515552190F231B020B400003C018000AAA
:1016B0005070099AAD1C0C95069DD00601D40C9C67
:1016C00011E0F81E032804D800F000FA0246607208
:1016D00000E0227A0A980C9C0019EB7E296805F03C
:1016E000E4F8E41C099A900617D569680798006D1C
:1016F000406D0C9005F0FBF8002809D00A980019FD
:101700000C9958311222F7F7E5FB1234099A04E0DC
:10171000DF20099A024011A80270500601D40A99EC
:1017200009E0287E0C94144605F0E3F822460C9C50
:101730000A990855641C50B2002805D50919079864
:10174000006D406D05F0DEF8089912987070072F53
:1017500001D0072000E008200143317011A8008863
:101760007F210140F170FE210F400024022F01D0A3
:10177000214601E00B9989010E9D0D9F10AA128848
:101780003F2313405918B170C00509D5A8882968AE
:1017900009189019C01C0FAA14782246F7F79AFB73
:1017A0006C74384613B0F0BDF0B591B01746189A76
:1017B00000921A4608900028079119D0164608464C
:1017C0006D30CD6FB322002F03D107998C6FE7895D
:1017D0000799AA5C0C928A880692009A1680324673
:1017E00000780590086D01900820049009200FE012
:1017F0000846A430002F00D1CF8DC17B0C9100880A
:101800000690012005900020019003200490042000
:10181000039008984542454100207F33044600D09C
:1018200017980C99022901D30A9401E014210A9116
:101830000899002901D108990A91002B01D0169925
:101840000A9101210B9123461094029406460997B0
:10185000BFB2002F04D1002D02D110B200285FD4F6
:101860000B98C0B2002815D01546012803D10220DC
:101870000B90049802E000200B90039806990C9AB4
:10188000059B05F041F8C0B20899079A05F09AF84F
:10189000431C2A4610B200240D900028204600DC8C
:1018A000032099B2CF190546FF35AF420F940E962B
:1018B00001D8381A00E0E0431C46164691B20029D0
:1018C00000D10A91C1B20A98C2B20C98F8F7ACFFE5
:1018D00010990818AF4204D80F9D2F463246234670
:1018E00005E0099F23463F19FF3F32460F9D0E9C9E
:1018F0000D99CD301090C813C04312182006284609
:10190000A4D001981099814204D90298C0B20099DC
:10191000088000240298401C02900025204695E78C
:101920001098002800D0CD3811B0F0BD1CB501AC26
:101930002046F7F705FB20881CBD00000188054AFA
:101940008918018088B204494143080C484080B29C
:101950007047C04615FCFFFFAB020000096D522224
:101960008A5A030953430007C00E0818408E1818FE
:1019700070470000F0B5FFB08CB008909A4250D08C
:10198000D043C0184DD40C460CA80D9000270C97DE
:1019900016460AA90B910A97EFF3108572B64948CB
:1019A00000680497039702910EA901910593009393
:1019B00018301927394622460796334605F055F860
:1019C000C6B2182E15D83F490A68002103910AA90A
:1019D0000291142171430EAB5918019105990091A0
:1019E000381AC1B2283210462246079B05F03DF84E
:1019F000801985F31088000661D00898833008901C
:101A0000059F0A99002911D0C8680A69002802D0E8
:101A100002610A6900E00B9210600CA805F07CF8E6
:101A2000EFE7069206987FB00CB0F0BD264809900B
:101A3000079E0696F143C819F4D407910CA83546C1
:101A4000314605F095F80C9F049C2646002F23D0C4
:101A5000099880B21C49884208D0A1B2814205D3BE
:101A6000002E03D03868C043301815D40CCF833310
:101A700028460899083F05F0ACF800280AD003CFA3
:101A80000818641C083F002E02D0311A843901D492
:101A900083300646FF68D9E7099880B2A1B2814237
:101AA000059F03D2200409940695BBD0002EB9D01F
:101AB000F043C019B6D407983018BBD5B2E70798E1
:101AC0000690AFE7C8140020FFFF000010B58AB0F1
:101AD000064800689021415848316C462046FFF77F
:101AE0001BFA204605F092F80AB010BDC41400207D
:101AF00010B504468069E169A2681018401A206296
:101B0000E07DF5210140881CE07506480168183128
:101B1000204605F087F8204605F0B0F8002105F0D2
:101B2000C5F810BDC814002070B5104D28682830C5
:101B300000260068002816D0761E2830F9E72968AC
:101B40008C6A2831204604F01DFB0021204605F058
:101B5000A3F9012803D1204605F0C8F902E0204688
:101B6000FFF7C6FF761C002EE9D170BDC814002017
:101B700080B5054800684069002800D080BD00207D
:101B8000014605F0C5F980BDC8140020B0B5012498
:101B900030212046F7F726FA074D28600748C07A1B
:101BA000C01DC008401E03210143491C2046F7F711
:101BB00019FA29680861B0BDC8140020FC13002080
:101BC00010B50124844008212046F7F70BFA034999
:101BD0000968902289584C74C86010BDC414002054
:101BE000F8B5002846D00E46012568212846F7F7AB
:101BF000F9F9214F3968902409598860B540EEB24F
:101C000008213046F7F7EEF93968095989684D72AD
:101C10004860009675001126212E0FD00821284615
:101C2000F7F7E0F93968095989688919491F086087
:101C300038680059806885550836EDE728210098F6
:101C4000F7F7D0F939680959896808600B48022507
:101C5000012629463246F6F753FE39680959896844
:101C60008864064831462A46F6F74AFE396809591B
:101C70008968C864F8BDC046C4140020F813002069
:101C8000F0B585B004920F4606464D24FCF76AF87D
:101C900006550760039001464D31012002914870BE
:101CA000C00401900025EC27049CF0B285423CD290
:101CB00003980068C6193046FFF706FC30463038F6
:101CC0001B4A0280304628381A4901803146323991
:101CD00000200880314642390A8031463839019A5D
:101CE0000A6031465C390860314660390860314627
:101CF0006C390A60314670390A60314626390870FD
:101D000031462A39087031463E3907220A80049943
:101D1000002902D060659C3E3460472080003F1857
:101D20005C34029806786D1CBFE705B0F0BDC04674
:101D3000FFFF0000FF0100007047704770477047C9
:101D400010B5012810D101290ED1012A0CD100248F
:101D5000204605F04DF944300449897F002903D01D
:101D60000460C030491EF9E710BDC046FC130020D6
:101D700070477047704770477047704770477047AB
:101D800070B5134E30680569002430222146F7F7FC
:101D9000A5F81048C07AC01DC008401E03210143A9
:101DA0004A1C28462146F7F799F830680561014634
:101DB000283102461832034620338461C26104622E
:101DC00043628462C162044800680482047370BD87
:101DD000C8140020FC130020C4140020B0B50E4825
:101DE000006898214458462000252554FFF708FB39
:101DF00001280FD105F00CF9242208498A5C002A39
:101E00002A4600D00268E2642322895C002900D0BF
:101E100045682565B0BDC046C4140020FC130020F1
:101E200070477047F8B5184E3068002444771E306C
:101E30001122164F2146B84730682F30FF25052262
:101E40002946B847306834211F22425401463431B4
:101E5000CA7220228A704C70403007222146B8474F
:101E60003068473008222946B84730681C300122C4
:101E70002146B84706480068352144543068562149
:101E8000445256304480F8BDC4140020DD8E041046
:101E9000B014002080B5044800685C3000210422A2
:101EA000F7F71CF880BDC046C4140020704700211D
:101EB000017170477047002A05D003780B70521EDD
:101EC000491C401CF7E7704780B505480068902121
:101ED0004058C06B00682030FFF7E9FF80BDC04666
:101EE000C414002010B51B48006890214058C06BF6
:101EF0000068FF21023181871749CA7A3E23C25404
:101F00002B22895C3F22815401201449144CA047A4
:101F100003201449A04704201349A0470720134970
:101F2000A04700201249A04702201249A04705F00F
:101F300077F8EFF75FFF05F079F805F07DF805F029
:101F400081F805F085F805F08EF805F097F805F0B2
:101F50009BF810BDC4140020FC130020B5BA051076
:101F600095A0041099C2051039CF051015B40510BD
:101F70007DB705107DB505100021034A8162C2625C
:101F80001921C9010186704701000100F0B59BB01D
:101F90001446069107460FAE00252E2230462946EC
:101FA000F6F79CFF3046103010220699F6F792FFA4
:101FB0002036F87C03280BD0022810D1F8690FA92D
:101FC0000870020A4A70020C8A70000EC87006E09F
:101FD0003E48016844310FA81022F6F77BFF387D98
:101FE0000121059105F056F80290387D294605F04B
:101FF00051F801906520385CF07106960FAE3046BE
:1020000028303946663106220092314B04909847B9
:1020100078780699087030462130B91C0390009AF0
:102020002B4B98472948006801994118B4310BAFF0
:102030003846093007220192254B9847234800680B
:1020400002994118B431B81C019A214B9847781C69
:102050000699C91D059A1E4B98471D4B384606998F
:10206000059A98471036102D07D0705D0BA9495D71
:10207000414007A841556D1CF5E70FA807A9224666
:1020800003F086FE0BAE0025102230462946F6F7F7
:1020900025FF0627304604993A46F6F71BFFB01D88
:1020A00003993A46F6F716FF102D07D0605D0BA98D
:1020B000495D414007A841556D1CF5E70FA807A9E8
:1020C000224603F065FE1BB0F0BDC046D0140020D0
:1020D000D58E041070B50D460646062001F08EFB25
:1020E0000446002803D02846F9F7D2FA08E03089E0
:1020F000F9F70AFB02460020024B0146F9F724FBE0
:10210000204670BD30750000B0B504460B4800682D
:10211000AC2140584578801CA11C0622F6F7E5FE4C
:1021200001460020002900D0B0BD61788D42FBD16E
:10213000617B012001436173B0BDC046D014002013
:10214000B0B51C461546002804D0FFF7DDFF002877
:1021500002D113E0002911D1022D05D208480068F0
:10216000AC214058083006E0022D07D10448006831
:10217000AC214058183020600020B0BD1220B0BD06
:10218000D0140020F0B5B9B01C460E46074601AD8C
:1021900020202871102038900A900392002000908F
:1021A0002846F6F7C1FE284639463246F6F7C0FE05
:1021B0006A4628462146F6F7BFFE39B0F0BDFEB5A7
:1021C0001446064601250291012905D17079C021E6
:1021D0000140402900D1002504F062FF20463E3036
:1021E000019027461E37204604F060FF002815D1D5
:1021F000002D0BD060780121014002988142F2D17C
:10220000062201983146F6F770FE03E03046394663
:1022100004F05EFF0028E6D10020FEBDB320FEBD25
:10222000F8B50C46054601208873E878087408461E
:102230002030294644310226194F3246B8472046FD
:102240002230291D3246B84720462430A91D0822D5
:10225000B84720462C3029460E3110263246B84762
:1022600020463C3029461E313246B84720464C3085
:1022700029462E313246B847A86CE066E86C2067E4
:10228000687816210140E172E0210140607C08433A
:102290006074A878010702D5FE210840E075F8BDFA
:1022A000D58E041080B504F025FF80BDE0B503464F
:1022B00001A9012008806A460020108002480068B9
:1022C0001830FDF7C1FC8CBDB014002080B50A4A5F
:1022D00012683D23D25C0270012A05D0002A08D181
:1022E000084603F089FC02E0084603F07BFC00206E
:1022F00080BD862080BDC046D0140020E0B50B46CE
:10230000014601AA01201080024800680830FDF74C
:102310009BFC8CBDB014002080B56421415CC907D2
:1023200006D111214156002902D5817E8A0602D4A8
:10233000F9F7E6F880BD04221143817600F085FBB1
:1023400080BDF0B597B0044603AE00215022304660
:10235000F6F7C4FD5D20205C01210140717030461C
:102360003E3021465E3106252A46F6F7B3FD207C35
:10237000F070E07D010716D411202056002804D506
:1023800003A8417880220A43427003AE301D2146E3
:1023900022310222F6F79EFDB01D2146243108228B
:1023A000F6F798FD03E0FE21084003A9887003A812
:1023B0000E3021462C3110263246F6F78BFD607C1C
:1023C00081060CD503AF38461E3021463C31102221
:1023D000F6F780FD7878202101437970607C400613
:1023E0000BD503AF38462E3021464C311022F6F77C
:1023F00071FD7878402101437970A07C0521084265
:102400000AD003AF38464430214620310222F6F785
:1024100061FD7878304301E003A84078E17A2940F3
:10242000014303A84170E16E226F1591169204F0EA
:1024300074FE054600280CD0A11C01AC06222046E3
:10244000F6F748FDA5714220052107222346FDF736
:102450005DF9284617B0F0BD80B5282250430449E5
:102460000968AC23C95808180021F6F737FD80BD6C
:10247000D014002070B51C4605466520285C087005
:1024800029466631062610463246F6F723FD68785F
:102490002070A91C04983246F6F71CFD70BD0000A0
:1024A000F0B5A9B004930292019105901BAD3521BE
:1024B00006912846EFF786FE284625300390012432
:1024C00084736520287129486880622068700FAF86
:1024D00020220092384605992346254EB047254ACA
:1024E00017AB0593244E38460099B047681D102756
:1024F000009701993A4623461D4EB04728461530AD
:1025000002993A462346B047252004992954284683
:1025100026302E9906273A462346B0472F9803992E
:10252000C87128462D3030993A462346B0470BAF44
:1025300028460699059A3B460F4EB04731983946D2
:10254000009E324623460A4FB8472C7007AF2846F4
:102550000699059A3B46084DA847329839463246B7
:102560002346034CA04729B0F0BDC046746C000060
:1025700095C20410B710061085210510F0B595B06E
:1025800007920F46064613A80021017012A8017099
:1025900009A810220891F6F7A1FCF07C022808D1C6
:1025A000F06909A90870020A4A70020C8A70000ECC
:1025B000C870012F21D14C4804684020205C14AD24
:1025C0002870707B012101406970307D002104F08A
:1025D00061FD0019B721405CA870F07C032827D169
:1025E0003046FFF791FD002822D0002101220DABDB
:1025F0003046FFF7A5FD0D9916E0307B14AC207036
:10260000707B8007C00F6070307D012104F042FDB7
:10261000C01CC0B2344909680818B422805CA0709C
:10262000F07C032804D1443109A81022F6F752FCAB
:102630006420315C01221140012F06D1002904D110
:1026400035464C3534463C341BE0481E0C4684412C
:102650007B427B41234004D035464C3534463C34E4
:102660000BE00846384304D08620012F2BD10029E7
:1026700029D035463C3534464C34012F25D100292C
:1026800023D00EA8009013A910AA12AB3046FFF772
:10269000F1FE089E079B1448006813A9097812AA46
:1026A000127805930EAB0493039210AA0292019143
:1026B00014A9009149218900401809AB21462A46F6
:1026C00004F04EFD304615B0F0BD3943481E81413F
:1026D0005340194205D110A8009012A90EAA13ABBD
:1026E000D4E78620EFE7C046D0140020F8B50546B1
:1026F0000189002415222046FDF7D4FF00281BD0B5
:1027000006461120708070680D2101724D208000F6
:102710000D4909680B18052110223046FCF7DCFF33
:1027200064202F5C28463146FFF7D4FC002808D1EE
:10273000F80703D0432002E0882402E05420C0437D
:10274000A8722046F8BDC046D0140020B0B50D4692
:10275000044604F051FD0146284604F055FD0448A6
:1027600000680068C0682146FDF790FAB0BDC04619
:10277000CC140020BFB50D46044601AA08462146E8
:1027800004F05AFD002801D104F070FD28462146CE
:1027900004F071FD04B0B0BD10B50B490A68B12159
:1027A000535CB1320021032905D001248C401C4226
:1027B00003D0491CF7E7032103E0002801D023439D
:1027C0001370C8B210BDC046D01400201CB504213F
:1027D00007226C462346FCF76BFF62780A21042A25
:1027E00013D86A469278012A0FD86A46D27892079F
:1027F0000BD40749096834228A5C694609799142F9
:1028000002D31129014600D3062108461CBDC0464B
:10281000D014002080B5127D1201002900D00832AA
:10282000D1B2044A12685318B43304210722FCF7CA
:102830003FFF80BDD014002070B50546008904F02C
:102840003CFD464246411B4909683C22895C0229FD
:1028500004D0002401292AD1002828D108200143CE
:10286000A975154800684721405C012480071ED5E2
:102870002D8912480068806902214D220323F6F752
:10288000B3FF002813D001468572042048720B2044
:1028900008720020C871052088710E73FF204871EE
:1028A00082200871280AC8720220F6F7F9FF204634
:1028B00070BDC046D0140020C4140020B414002001
:1028C000F0B587B0044606A80025057021890B22C3
:1028D0002846FDF7E7FE00281DD00590B020A07225
:1028E0000395E575E07B2F210140E173454E356886
:1028F000207D0121049104F0CDFB4019B721475CF4
:1029000030683221405C022807D10820384004D1C9
:102910000321059F54E0882664E0207EC00705D18E
:1029200006AD284604F0E4FC287802E0607D06A9A4
:102930000870074018203840E17D0143E175080721
:1029400002D4B425059F07E02046EFF7AAFA014616
:102950000028059F34D1B2252046FFF7D5FB069805
:102960004107C90FE173C007800FA073204604F030
:10297000D9FC204604F022FD0146002820D1204643
:1029800004F06EFD842803D00146002801D017E032
:10299000B2251C4800683521405C06A90B78627B93
:1029A000617CA77C00AE83C60221059F384604F0F7
:1029B000ABFD20463946FFF78DFB0146002814D0B9
:1029C00010480068B122825C002A05D0B130237D16
:1029D000049D9D40AA430270012320463A46F6F723
:1029E000EDFA0646304607B0F0BDE07AF821014026
:1029F000E1723846039E31462246FFF70BFFA5726F
:102A0000F0E7C046D014002010B514460A464068CE
:102A10001946234604F096FD10BDF0B585B000932D
:102A20001746054601AE3046083008242246F6F720
:102A300051FA304639462246F6F74CFA28463146D6
:102A4000009A03F0A5F905B0F0BD1F207047000003
:102A5000F0B591B005460F4F3A686432002420214A
:102A60002046F8F7FBFB002801D01F240EE001AE42
:102A7000402230462946F6F72DFA38686430064A77
:102A80003146F6F749FAC01C00D11224204611B095
:102A9000F0BDC046C414002055DB051080B50648C3
:102AA0000089163080B204F08DFD044800685C2176
:102AB0000122425480BDC046FC130020BC140020FB
:102AC00070B5114CA07A2421F6F78CFA0F490B68E7
:102AD00000221D4650351E4648369A64DE641A654B
:102AE0005D65A47A002C0CD002620B685B6D1860E7
:102AF00001230370054620350B685D652430641E94
:102B0000F0E79A6570BDC046FC130020BC1400209D
:102B10000448006800680189C0684088401A80B293
:102B20007047C046CC1400200D4909680A6872B687
:102B30000621515E002905D5032802D162B6002284
:102B40000BE000214300D25E002A01DC0A4600E0CF
:102B50008A18032800D10A4662B690B27047C04670
:102B6000CC14002080B5818904F03CFD80BD0000BC
:102B7000811E1E2916D800207944097949008F4406
:102B800018170F1719171B171D171F1721172317B2
:102B90002517171727172917171717172B172D0082
:102BA0000120704752281BD0D22801D10A2070473B
:102BB0000F207047022070470320704704207047A1
:102BC000052070470620704707207047082070478F
:102BD0000B2070470C2070470D2070470E20704767
:102BE00009207047BCB5002B0FD01C466B4699706E
:102BF0005870012018701A71080AD870A18905252B
:102C000020462A46FCF768FD6580BCBD0022CA61EB
:102C1000426811601C314160704710B50446C068BD
:102C2000002815D04188091D89B2FCF716FDE1681E
:102C3000608904F0E7FC002808D16289218900201E
:102C4000FCF7C4FDA08801218843A0800020E0603B
:102C500010BD70B514460D4606468089401C81B2F1
:102C60003046FCF742FD2880B089C01C81B2304656
:102C7000FCF73BFD208070BD70B50D4604464689CB
:102C8000042E00D00626002A05D0F9F72FF80028D8
:102C900002D0032000E0002071198AB22189FDF7DB
:102CA00001FD002800D0868170BD000070B5094983
:102CB0000A686021535A00210225074C8B4206D036
:102CC000566E765B864203D20835491CF6E72146EC
:102CD00088B270BDBC140020FFFF000010B50A468A
:102CE0000146007C202804D0102805D10C31022494
:102CF00003E00C31042400E0102410462246F6F7CD
:102D0000E9F8204610BD80B504F092FC002801D0FF
:102D1000408880BD002080BD80B504F0C1FC05491D
:102D2000884205D0C00004490968496E081880BD72
:102D3000002080BDFFFF0000BC14002080B501789A
:102D400002220A43022A02D104F0C0FC80BD40885E
:102D500080BD10B50C4600F009F8616889698B6880
:102D60008A88022100F014F810BD000007490968A4
:102D700034310968002904D00A89824203D0103115
:102D8000F7E7FF20704708787047C046BC14002062
:102D900010B54843C408A4B2944201D9002010BD24
:102DA000072210401A5DC2402020411A0020C04373
:102DB000C840104010BD000008490A68516E6223E7
:102DC000D25AD2005218083A824202D3401AC0089E
:102DD00001E00020C04380B27047C046BC14002010
:102DE00010B50C460146020A12200E2A11D81A2CE0
:102DF0000FD80122A240084B1A420AD0084603F01D
:102E000025FB002806D02121C9004018214604F0E6
:102E100062FC10BD022010BD2000080470B51048EF
:102E200000683421405C742141430E480268A4329A
:102E300000200346994212D01468E518AC7A642643
:102E4000AD5DED0704D16034E4B2512C04D205E04D
:102E50005034E4B2412C01D37433EBE7012070BD50
:102E6000B0140020D014002080B50320FCF741F8F6
:102E700080BD10B504F03EFC0024002806D104F00B
:102E800051FC002802D104F05FFC0124204610BD53
:102E900010B509490A686021535A190409D0516EC6
:102EA0009CB2E400611808390C785B1E8442F4D1AE
:102EB00000E00021084610BDBC1400200648006850
:102EC0006021415A002905D0406EC9000818801FB2
:102ED0000088704700207047BC140020F0B585B012
:102EE000174604901C4D28686024065B0246603239
:102EF0005288964217D202940393002917D0019763
:102F00000846FFF759FF441C2868B1B2A2B29142AB
:102F10000BD3C900406E4018014608390822F5F766
:102F2000D9FF761EF0E7002712E0019F00E034464B
:102F3000406EA1B2C900049A42544018039A4260FC
:102F40002868029BC25A521CC252406E40184780E9
:102F5000384605B0F0BDC046BC14002010B504468C
:102F6000FFF787FF00280AD02046FFF7D5FE01466D
:102F70001220002902D00A78002A02D010BD0C20AD
:102F800010BD084604F0A2FB0146204604F0F0FB09
:102F9000064800685C21425C0223134343540A2024
:102FA000F4F702FDF4F786FE002010BDBC140020EB
:102FB000B0B50D460446FFF7C1FE6168C98A002915
:102FC00008D0C04308186188401880B2A84206D3D0
:102FD0000020B0BD0020FFF75BFFA042F8D00C201E
:102FE000B0BD0000F8B50E460446FFF742FF0028CA
:102FF00075D01225002C73D0207D802801D0102898
:103000006ED1102808D1218A29221202921C9142E5
:1030100002D1A169002963D0A1782422114203D0F2
:103020006278D21F092A5BD8102815D1208A2F4A2E
:103030008218052A10D801239340312213420BD065
:103040002278012A4CD100294AD12921090288423B
:1030500002D1A069002843D03046FFF75DFE00286A
:103060003ED00746007802283AD10025284631464E
:1030700004F0C0FB002835D02E460121FFF798FF51
:10308000054600282CD13846FFF758FE0546FFF7C5
:1030900043FE01466D1CAAB204202346FFF71EFF23
:1030A000854221D1207D10280BD1208A29210902B7
:1030B000891C884205D1A069828880680021F5F7C3
:1030C0000DFF0B4800685C21425C0223134343540C
:1030D0000A20F4F769FCF4F7EDFD354600E00C2515
:1030E0002846F8BD8625FBE78725F9E700D7FFFFCF
:1030F000BC14002010B50446FFF7BBFE00281ED00C
:103100002046FFF709FE01461220002916D00A7852
:10311000022A13D1084604F0D9FA0146204604F0E9
:1031200027FB084800685C21425C02231343435498
:103130000A20F4F739FCF4F7BDFD002010BD0C2087
:1031400010BDC046BC14002070B586B014460E46B3
:10315000054601A810491422EEF758FD002E07D1AC
:1031600001200E4901AA04F05DFB0646002810D09C
:103170002846FFF7FBFD7168096A8B680849C97A20
:1031800049084A1C0421FFF703FE204201D0002019
:1031900000E0812006B070BD18160410FFFF00008B
:1031A000FC13002070B5154604461A4800685C22DE
:1031B000805C82078120002A29D4A288120626D4A6
:1031C000481E80B2FFF7A8FD002810D0416809789A
:1031D00029421DD004F046FB00280AD0064621896A
:1031E000032204F06FFB002805D0C02070BD122020
:1031F00070BD862070BD102D01D0022500E0012594
:1032000020893146FFF7A5FD054201D0002070BDA1
:103210000C2070BDBC140020F0B58BB00A9314468E
:103220000D460746F8F7C0FD002812D00646049761
:1032300080880C27410700D583E0022C01D180074C
:103240007FD402950394109C0A9B012B03D803257D
:1032500003E0122775E09800451CA01C19460029C0
:1032600004D0028855190830491EF8E7F088022B6F
:1032700002D3A9B2814264D803998A1E511E8A41A1
:10328000A9B2814200D30546A9B230460691FFF7A4
:10329000F3FC00280ED007460398022807970196F2
:1032A0000FD1B9891D22384604F087FB0A980128FE
:1032B0000FD04EE00820F4F777FBF4F7FBFC8827EB
:1032C0003FE0B9890A9801283ED11B22384604F014
:1032D00074FB2288B889401C81B2384604F07AFB1E
:1032E0006368B889E91E8AB2C01C81B23846FCF70F
:1032F000F3F907984580039D022D0CD10120049914
:10330000029A04F071FB0028019C0CD00746079834
:10331000F8F7BEF915E0E807019C04D0079A107A87
:103320000821014311720298079904F06BF90746CE
:10333000022D06D1002F04D1A08802210143A180D3
:10334000002738460BB0F0BD2322384604F035FB89
:103350000A98A71C012105950028CAD00A90079D4C
:10336000A8894018089181B2BB1E02242846224633
:10337000124EB047A889089E3018801C81B228469A
:10338000099422463B460D4CA047311DA8894018A0
:103390008EB206998A1B39888A4200DB0A4609994F
:1033A0007B5881B294B228462246044DA847A11901
:1033B00008370A98401E059DCEE7C046D9F604108E
:1033C000F0B589B01F4603920E460546F8F7ECFCAF
:1033D000002845D00446C068002841D002970F98C5
:1033E00001900E9800901F48076838373F68002FFB
:1033F0000FD03888A84204D13846F8F7D0FCB04244
:1034000001D01C37F2E7174800683830394602F01F
:10341000B7FBE068FFF7A6FB411E0298002813D017
:10342000C8B21E2807D04022114004D1E368039996
:10343000029AFFF7D7FB2046FFF7EFFB002F0FD0D4
:103440003846F8F725F90BE004A8009A828141700C
:10345000012101700199089106940597F8F7B6FCCF
:1034600009B0F0BDBC140020F8B50546818840883D
:10347000F8F79AFC002808D0044628781E2806D1C0
:10348000A188490639D40C2697E1022695E1410628
:1034900006D4CC49CC4A0A60A188890600D571E1DE
:1034A000E188821E86261E2A00D995E00327520055
:1034B0007A44928852009744220080011E008001C5
:1034C000A3008001A6008001220080011E0080016F
:1034D0009800800131018001940080018001800109
:1034E000AD008001B0008001800180018001800179
:1034F000210080019800052701E0E18801277F2253
:103500001040523842424241B8B2884200D30F467E
:103510000097BFB220463946FFF7AEFB00282ED0F9
:1035200006462A78818904F073FA2878811E1629C4
:103530002CD849007944898849008F4416000D0130
:1035400070000D0177000D0193000D01A1000D0128
:10355000AA000D01BA000D01C0000D012F000D01E0
:103560000D010D01CE000D01E6009848028AB089D8
:10357000401C81B2304604F02DFA0320EBE0082015
:10358000F4F712FAF4F796FB882616E1202800D10A
:10359000CAE0522802D0D22800D0DDE02A89B089C2
:1035A000401C81B2304604F015FAEB686A89B08994
:1035B000C01C81B23046FCF78FF82878122800D161
:1035C000B8E0D22800D0C7E000980C38708020897D
:1035D000314604F02AFABFE0522802D0D22800D0A7
:1035E000EBE0D22808D0032207E02A7A5200571CC9
:1035F0008F4200D883E7E0E00F226B899F187EE7B7
:10360000EA89D71D7BE7EA68127C802A00D089E02E
:10361000152774E7AA89571D71E702276FE76A89A2
:103620002989304604F031FA052094E06A89298915
:10363000304604F02AFAAA89B089401D81B230468A
:1036400004F0C8F9E889C01DB84200D80746F81F41
:1036500082B22B69B089C01D81B23046FCF73CF8BC
:10366000072078E06A892989304604F00EFAB0898B
:10367000401DEB68197C80295ED181B210225EE08A
:103680002A89B089401C81B2304604F0A3F90B208E
:1036900061E02A89B089401C81B2304604F09AF971
:1036A0006A89B089C01C81B2304604F093F90D20BC
:1036B00051E02846314604F0FAF90F204BE06A89C0
:1036C0002989304604F0E1F9B089401DEB68197C86
:1036D000802939D181B2102239E02A89B089401C71
:1036E00081B2304604F076F96A89B089C01C81B293
:1036F000304604F06FF92B69AA89B089401D81B268
:103700003046FBF7E9FF172025E02A7AB089401CF4
:1037100081B2304604F07CF919201CE0EA68127C82
:10372000802A4CD00727EAE62846314604F0BFF944
:10373000212010E013200EE081B20C33022230462B
:10374000FBF7CAFF092006E081B20C3302223046A3
:10375000FBF7C2FF1120A070009870802A78B18911
:10376000304604F055F92878410611D41E280FD0B0
:1037700062892189032004F037F9002804D03046FB
:10378000F7F786FF842618E0A08820210143A18056
:103790006089314603F036FF002801D081260CE015
:1037A000287800261E2808D1628921890220FCF78A
:1037B0000DF8A08840218843A0803046F8BD11272D
:1037C0009DE6C0463C06002051A10510FC130020D8
:1037D000B0B50C460546FBF74FFF014620600220BE
:1037E000002D09D0002907D00879002803D0897856
:1037F0000620084000D00C20B0BD0000FEB50C46ED
:10380000011F0646022921D8628800252046294644
:1038100004F0E0F8022720463946324604F0DAF890
:103820002582E581257360686061A0616088001D64
:103830006080207A38432072204604F044F9002842
:1038400014D06088001F608081250FE0A0253F28EC
:103850000CD020385F2809D801A886802221044A8C
:10386000515C8171019404F038F905462846FEBD8B
:10387000FC13002088710879C871887806220243F9
:103880008A70704710B5C20018231340FF249C4073
:10389000E2438907090E9940030004D419489B08A4
:1038A0009B00C01806E0184B0007000F083880087E
:1038B0008000181803681A401143016010BD80B5DC
:1038C000FFF7E0FF01BD0000010005D40121C006A3
:1038D000C00E81400D480160704710B5401E802128
:1038E0004904884201D3012010BD094C60600321C6
:1038F0000020C043FFF7C6FF0020A0600721216021
:1039000010BD000000E400E01CED00E000E100E07C
:1039100010E000E010B502000020CB43284C002A44
:1039200002D0012A07D00DE02268114321606168AE
:103930000B40636010BDA2681143A160E1680B40B9
:10394000E36010BD012010BD02000020CB431C49E4
:10395000002A02D0012A01D001E029E02CE0012058
:10396000704710B502000020CB43154C002A02D04E
:10397000012A07D00DE062681143616021680B40A5
:10398000236010BDE2681143E160A1680B40A360B1
:1039900010BD012010BD02000020CB430949002AC0
:1039A00002D0012A01D001E002E005E001207047C9
:1039B0000A6813400B6070478A6813408B60704739
:1039C0002000504824005048FCB50A000023032181
:1039D0000091010014E0019C344000040DE0019FBF
:1039E000374006043E43AE605668F60307D5EE68DE
:1039F0009027FF05B942EED134402043E8605B1CBC
:103A00001068D84000D186E0C007F8D55C00009867
:103A1000A040C54301955068009D0540012D03D08D
:103A2000009D0540022D11D18868019D0540D06898
:103A3000A040284388604D68012001269E40B54380
:103A40005668360930409840284348605068009DC9
:103A50000540032D1CD0C868019D05409068A0401A
:103A60002843C8605068009D0540022D10D1D80839
:103A700080000D18286A9F001C263E400F27B74083
:103A8000B8431769BC4637006646BE4006432E62FF
:103A90000868019D05405068009E0640A6402E43E0
:103AA0000E605568C02080022840A8D001209840B0
:103AB0000404E6430196C4436D030ED5274D2D68DB
:103AC0009026F605B14202D12540054303E0019E50
:103AD0002E4005043543214E3560204D5668F602D0
:103AE0000CD56E689027FF05B94202D126400643E7
:103AF00003E0019F374006043E436E60566876023D
:103B000000D471E7AE689027FF05B94200D066E7A0
:103B10002640064367E7F3BD0069084000D0012056
:103B2000C0B27047002A01D081617047816270473E
:103B3000E0B50A040B000A4D9026F605B0422F6846
:103B400001D11F4000E01740002F06D0B04201D144
:103B50002B6000E02A60F2F7A7FDE0BD0C000040FA
:103B60001C000040704780B50A6842604A68826065
:103B700008228A5EC2600A228A5E02610C224261C9
:103B8000895E816180210902C16100210162416277
:103B900000F08CF802BD000038B5040084342178B0
:103BA000012901D1022032BD01212170242161604F
:103BB00001680A680B680125AB430B606907416621
:103BC00011430268116000F043F82020606000207B
:103BD000207032BD70B50400250084352878012896
:103BE00001D1022070BD0120287024206860206867
:103BF0000668026801239A43026020688268D20046
:103C0000D208114317E070B50400250084352878E8
:103C1000012801D1022070BD012028702420686095
:103C200020680668026801239A430260206882685F
:103C3000064B134019438160200000F009F820680A
:103C40000660202068600020287070BDFFFFFFF133
:103C5000F8B50400606E002802D10120012517E0AC
:103C6000206881680901490F00918068410F00BFF9
:103C70000CA600BF09A7785CC000715CF3F7E8F9F7
:103C800005000098385CC0000099715CF3F7E0F91A
:103C9000210068314D800880F1BD00000101010361
:103CA00007010000080402040801010138B50400FE
:103CB00001D1012032BD250084356868002803D178
:103CC00028702000F8F749FE242068602068016809
:103CD000012291430160A06A002802D0200000F078
:103CE0001DF9200000F08AF8012811D020684168F1
:103CF000084A0A404260206881682A229143816014
:103D00002068016801220A430260200000F06AF97D
:103D100032BD0000FFB7FFFFF1B584B01F000646BB
:103D20005436706B202866D10C0050D06846028053
:103D3000002A4CD00498806880214901884205D12E
:103D400004980069002801D1E00740D40025F563FC
:103D500021207063F8F776FF010068460088308004
:103D60006846008870803A000498806880235B0170
:103D7000984209D104980069002805D12500049FC4
:103D800001920291040004E02000F8E77088401ED0
:103D90007080708800281CD001980090029B00223F
:103DA0008021380000F08EF9002820D13868002CDE
:103DB00005D12988C905C90D8162AD1C02E02178B1
:103DC0008162641C706B212101402129DED0012019
:103DD00012E03800029B019900910022402100F07E
:103DE00071F9002803D120207063002004E0202016
:103DF0007063032000E0022005B0F0BDF8B50500B7
:103E000000242F683868A3490140A868084329693D
:103E1000014368690843E9690143396078689E494C
:103E20000140E86808437860A9693548874202D0B4
:103E30000A00296A1143BA68984B13401943B960C4
:103E4000F96A0F2291436A6A0A43FA622DA68742F1
:103E500022D11020F2F79FFE002846D0696A49005F
:103E6000715AF3F709F96A685100891888423BD3FF
:103E70001103814238D3070E060250080021801931
:103E800079410023F3F73CFA85494118854A91426C
:103E90002AD22968C86028E08348696A4900715AB3
:103EA000F3F7EAF8696800914908804EEA698023CF
:103EB0001B029A420DD1400040180099F3F7DCF83C
:103EC00001001039B1420FD206400007400F3043C5
:103ED00008E040180099F3F7CFF801001039B1421B
:103EE00002D280B2F86000E001242800683001218D
:103EF000418001800021C16001612000F2BD00000D
:103F000000500041010002000400060008000A0001
:103F10000C00100020004000800000012821415CBE
:103F2000090706D501684A68614B1340826B1A4342
:103F30004A602821415CC90706D501684A685D4B83
:103F40001340C26A1A434A602821415C890706D59A
:103F500001684A68584B1340026B1A434A60282193
:103F6000415C490706D501684A68544B1340426BCF
:103F70001A434A602821415CC90606D501688A684F
:103F80004F4B1340C26B1A438A602821415C89065B
:103F900006D501688A68744B1340026C1A438A6024
:103FA0002821415C490611D501684A686F4B1340CE
:103FB000426C1A434A60426C80235B039A4205D1EB
:103FC0004A686B4B1340826C1A434A602821415C5B
:103FD000090606D501684A68664B1340C06C184351
:103FE00048607047FEB50600370084370024FC6047
:103FF000F8F728FE0190202530680068000717D5E3
:104000005D480090019B00222904300000F05AF81E
:1040100000280DD0EFF31080012181F31088316862
:104020000A6880239A430A6080F310887D6026E046
:1040300030680068400725D54F480090019B00225A
:104040006904300000F03EF800281BD0EFF3108028
:10405000012181F3108831680A68484B13400B60D6
:1040600080F31088EFF31080012181F3108831680C
:104070008A6801239A438A6080F31088BD603C708F
:104080000320FEBD7D60BD60F46634673C70002097
:10409000FEBD0000F369FFCFFFCFFFFFFFF4FF116C
:1040A00000FDFFFF00FD0F000024F400F0FF000002
:1040B000FF7FFFFFFFFFFDFFFFFFFEFFFFFFFBFF97
:1040C000FFEFFFFFFEB580273F0108240025060013
:1040D00001916846027002933068C06901990140FD
:1040E0000198814201D1012000E000206946097851
:1040F000884236D108980021C9438842ECD0F8F7AD
:10410000A1FD0299401A0899814201D3002901D1E9
:104110000320FEBD306800684007DDD50198802887
:10412000DAD04028D8D03068C0692040306803D148
:10413000C0693840D0D009E00462300000F020F8B7
:1041400030008430C46005700120FEBD3068076215
:10415000300000F015F8300084302021C160057077
:10416000D6E70020FEBD0000FFDFFFFFFFFFEFFFEF
:10417000FFFF9FFFFFFFF7FFFFFFFF01DFFEFFFFD6
:1041800010B5EFF31081012282F3108802681368E2
:10419000134C1C40146081F31088EFF3108101224E
:1041A00082F31088026893680E4C1C40946081F37F
:1041B0001088C16E01290BD1EFF31081012282F327
:1041C0001088026813681024A343136081F31088D9
:1041D00020218C2281500021C166416710BD000062
:1041E000DFFEFFFFFEFFFFEF704780B5C043F9F72A
:1041F0000FFA01BD03480068016800690843411EC9
:1042000088417047D4140020EFF31482EFF3098142
:10421000002080F31488BFF36F8FF0B543464C46FF
:1042200055465E466746F8B40F4CEFF3088363606B
:1042300006B4BFF34F8F30BF00BF00BF0A4C6468A5
:1042400084F3088882B003BCF8BC9846A146AA460D
:10425000B346BC46F0BC04BC80F3098881F31488E3
:10426000BFF36F8F104700000400002080B500BF2F
:1042700000BF024A11001820ABBEFBE72600020077
:1042800010B5F9F76FFD4D21425C0021AA238A4247
:1042900008D00468E45A240B05D14724A4001B1954
:1042A000491CF4E7FF21C8B210BDF0B589B00092F7
:1042B0000F46054605AE002110223046F4F70EFEEB
:1042C0000324304639462246F4F704FE01AF28465F
:1042D00031463A4601F05CFD009839462246F4F733
:1042E000F9FD09B0F0BD10B50446EC3003F0F7FB62
:1042F000BA2000212152BA34A07AFF2801D0F6F763
:10430000D9FAFF20A072207A800701D5F6F773FA58
:1043100010BDB0B50446C220205C800701D4002047
:10432000B0BD25468435284603F0F7FBA16F28462B
:1043300003F0F4FBA06F0830002103F0F0FB606F86
:10434000A16F6167A0670120B0BD7047C72100223F
:1043500042540146A0318A88032313405A1E9341D8
:104360005A00A023C252887B012202408307DB0F40
:10437000D2184007C00F1018401E8877704710B53C
:1043800042788A4207D1017D0024002909D00830F3
:10439000F4F7FEFD05E04900426A515EFCF72FFD8F
:1043A0000446204610BD80B5EDF74CFD80BD0020D1
:1043B00070470000F0B59BB0EC4C7F20C643EDF792
:1043C000B3FCEB4D012802D0E87A002810D0274634
:1043D00034467834EDF7A8FCE97A6143784338181D
:1043E0004418EDF7A1FCE3494843E97A41436418D6
:1043F0006234EDF799FC01280ED1304678302989D6
:10440000414330465C30AA7A42435018314660310D
:104410002A7B4A43801800E000200490E889149029
:10442000FCF795FD012801D0EDF70CFDEDF778FCC8
:104430000128159409D134465034EDF775FC6043DA
:10444000E97A414308390A9101E000200A90CA4CF8
:10445000EDF7F8FC0128204616D0FCF778FD01287E
:10446000204611D02920285C002820460CD1252088
:10447000285C0028204607D12620285C002801D08F
:10448000204601E030463C30139020462030169004
:10449000EDF7D8FC012815D0FCF759FD012811D003
:1044A0002920285C00280DD12520285C002809D16E
:1044B0002620285C002802D02046203001E030462B
:1044C00054301690EDF7BEFC1190A87E0190E87F65
:1044D0001090EDF729FC1290E87F029003F020FB8A
:1044E0000990E87F0390EDF74FFC002700F096FE5F
:1044F000012838461A96199760D1E87F112787401E
:1045000003242743022181404E1E2643EDF79AFCE7
:10451000012817D117960F94687F0A2800D30A2024
:104520001A9C24344443C03C0026FCF76BFF01284E
:10453000189620D1EDF7F8FB012805D01A9B1846F4
:104540006C3004E0002031E01A9B18466030D349FB
:104550006431AA7F4A43101829461D467835C97F21
:104560002A468A408618EDF7DFFB012803D1C948A7
:10457000C07A45437619A519FFF719FF0646FCF7DF
:1045800041FF04463440EDF7CFFB20400128189846
:10459000179E09D1BF49C87E401E0F9A1043897FDC
:1045A000E0224A43D143081A2818BA4DB919BA4A29
:1045B000511A08181A301A9EB84C199F0890EDF736
:1045C000B3FB0128394609D103F0ACFA012839467A
:1045D00004D12220285C31462C3141430F91FCF755
:1045E00011FF0128384620D120465830A97E41438A
:1045F00030466030EA7A424354180025FFF7D7FE70
:10460000012810D1EDF790FB01280CD13046703015
:10461000A04B197F414330467430DA7E4243501834
:10462000E4389D7E454360199A4D0E90FCF7E8FEF4
:104630000128384636D1EDF777FB012803D02C4608
:104640003546743505E0304678302C46ED7A4543E2
:104650000C3D2327E05D00260028304605D0EDF70D
:1046600063FBE05D40420321884340192425615DDE
:104670001A9A7C324A43871800F0D0FD01280DD1E8
:10468000EDF7E0FB012809D1FCF7BCFE012805D1BC
:104690008048465D002E01D01A9E6836B8197D4DBF
:1046A0001A9E199F0D90EDF73FFB0128394609D15D
:1046B00001F0A6FD0128394604D130465C30E97A84
:1046C000414314390C91EDF72FFB0128394608D1ED
:1046D00001F09AFD0128394603D130466430E97A69
:1046E00041430B9126201890285C069025201790B6
:1046F000285C05903E462927E85D0790EDF7A2FB70
:104700000446FCF77FFEE04234461AD01898285C35
:104710002821695C1A9E344678344C43F43C444367
:1047200000F07CFD00280AD01798295C2720285C1F
:104730006C364643594880190C30484300E000204D
:104740000419E85D002819D0EDF7EEFA0028049B63
:1047500015D02A20285C514970314143E85D1A9AEE
:10476000504340183838199009E0C0467CFBFFFFE1
:10477000FC1300206CFDFFFFDCFEFFFF049B15987F
:1047800018181A9B19465C31149A514340180A991B
:1047900040181399401816994018194678310A465E
:1047A000109EB2408018119A012A07D13B4A683AFC
:1047B000019E72431018132212018018099F069A55
:1047C000059EB218129E012E02D1029EB1404018E1
:1047D000199E07995118012F05D11A463032039FAF
:1047E000BA4010187038089A80180F9A80180E9ADC
:1047F00080180D9A80180C9A80180B9A801800293E
:1048000004D01A4648324A4310180C38001984194B
:104810002820285C199018982F5C2A20285C189072
:104820002720285C169017982E5CEDF77DFA01285A
:1048300005D12B20285C1A9938314143641803F0C4
:1048400073F9012801D1164824181998189A169955
:104850004E43B1184743B818C84208D01A9B1A46AD
:1048600058324A434433434398180419183C094DBD
:10487000686820180321C943EA8DD21C0A40AB8D19
:10488000DB1C0B409A182B8EDB1C0B40D118401AF6
:104890001BB0F0BDFC1300206CFDFFFFDCFEFFFF32
:1048A00014F6FFFFF0B595B00120810414912E4855
:1048B0000160BFF34F8FBFF36F8FF5F73FF9F4F748
:1048C00070FB00201290C043F5F726F9FCF73FFB80
:1048D0001390EDF725FA1190EDF7B4FA109003F06C
:1048E0001FF90F90EDF750FA00F098FC0E9003F0CE
:1048F00019F90D90FCF786FD0C90FFF758FD0B9011
:10490000FCF77EFD044601F07BFC0546EDF70CFA52
:10491000064601F079FC074603F006F9C0B2F9B289
:1049200008910990F0B2E9B2E2B20B9BDBB20C9CA9
:10493000E4B20D9DEDB20E9EF6B2129F0097019665
:104940000295039404930592069107901398C0B2C0
:104950001199C9B20F9AD3B2109A03F0E7F803483D
:104960001499016015B0F0BD80E100E000E100E0C5
:10497000F8B50E4605461224F4F7F2FAB04217D302
:10498000012D15D80B480068817900918571477910
:1049900046712846F4F7ECFA0024B74202D1009899
:1049A000A84205D0FF207F2201210B4603F032F9F7
:1049B0002046F8BDC4140020F0B585B0054604A813
:1049C000002707701224012901D9204648E00E462D
:1049D00024480068009003F01FF9002840D1009996
:1049E0005C310878C00711D1C87830430E46C870D2
:1049F00003A807210170002D12D0022D08D0012D2F
:104A000020462DD104A81021017009E00C2027E0D8
:104A100004A82021017003A903F07CF900281FD10C
:104A2000EDF76AF900281BD100986030EDF760F9C6
:104A3000002815D10498012131740843307003F027
:104A40006BF901AC204603F077F9204603F0ACF98E
:104A5000F843019004480290204603F0B5F9384627
:104A600005B0F0BDB8140020FF9F0020F0B58BB05A
:104A700015460C4636490B680646283E062212218A
:104A80000B2E10D900281CD0FF2835D0082817D0AD
:104A9000182815D080283CD0812847D0FE284BD03C
:104AA00006280BD013E0C0467E4436797600B74422
:104AB000050E050E110E080E0E0E0E18022200E055
:104AC0001022227019182846F4F704FA002108462B
:104AD0000BB0F0BD012020702C21595C01402970E1
:104AE000F4E703F081F901A908700126284632464F
:104AF000F4F7F0F92670E9E701A803F07DF9002842
:104B00001DD001A9042628463246F4F7E3F9002116
:104B100017E00620207001A803F070F9002812D0D9
:104B20002278FF212846F4F7D9F9CFE70622227030
:104B3000084801686631C6E700202070C7E71221E7
:104B400000262670C3E7227801A92031BBE7C046C2
:104B5000B0140020B8140020B0B504460078002836
:104B600001D0042801D3122000E000201225002AE1
:104B70002A4600D00246012900D81546002D07D14B
:104B800002F0CEFF002803D12078FD2101402170E2
:104B90002846B0BD70B594B0044603F03CF9064613
:104BA0006D463E35684603F03FF900280BD1002ED4
:104BB00009D1684640780121014020462A4603F089
:104BC00047F90646EEE7F0B214B070BD70B51D4D62
:104BD000296872B60A6800260E604B6813434B6062
:104BE00062B600280CD028684168CA0708D00122A4
:104BF0005140416072B6286801681143016062B695
:104C00002C681034206800280DD0204603F02AF9C3
:104C100080002968081872B6826886604868104368
:104C2000486062B6EEE72868041D074D206800283A
:104C300006D0204603F016F9810069588847F5E749
:104C400070BDC046D414002070160410F4B50700DF
:104C50000E00334C2078012801D10220F2BD012042
:104C6000207000256560FA20800000F011F8010036
:104C70000CD130000099002F02D100F02EF801E095
:104C800000F038F8FA20800000F002F82570F2BD3C
:104C900038B50400F7F7D6FF050022488168C90738
:104CA0000AD40020C0438442F7D0F7F7CBFF401B63
:104CB000A042F2D3032032BD0C2182680A400C2AA4
:104CC00009D1174A536804681C4354608268114331
:104CD0008160012032BD002032BD10B5124A136937
:104CE0000F241C4314618003000C90611164332075
:104CF000106010BD10B50C4A13690F241C431461D9
:104D00008003000C906108681064486850648868EB
:104D10009064C868D064CC20106010BD0000000012
:104D2000541400200810004000100040FEB500247C
:104D3000204D2B78012B01D10220FEBD01232B70C9
:104D40006C60FA27BF000368FF2B0AD11A4801697B
:104D50000F220A430261222101603800FFF798FF09
:104D600019E00023DB430B604668009001910020AE
:104D700000E0761C00994968009A926889188E4272
:104D800009D2300000F009F83800FFF781FF010078
:104D9000EFD001990E602C70FEBD07490A690F2300
:104DA00013430B61C0028003000C8861112008606E
:104DB00070470000541400200010004010B504009B
:104DC0000800110002002000EDF7FEF9200010BDE0
:104DD000F0B585B0944F3968C8604A78E323134032
:104DE0001A1D4A70F4F7F6FE05463868C068F4F7F5
:104DF000E1FE064638684469C068F4F7C1FE012246
:104E000028431FD1384617460068C068F4F7DEFE15
:104E1000002815D184480068C068F4F7C1FE002856
:104E20000ED181480068C068F4F7BEFE002807D1A3
:104E30007D480068C068F4F7D1FE002800D1DDE0AD
:104E40003A46794F002E07D0002D05D1002C03D013
:104E500038684078C0070CD138684078C00700D067
:104E60009FE0002C00D19CE0E07D01210143E17531
:104E700097E0039201F02EFC20786075E07DF92127
:104E80000140081DE07500250495606A21698A6863
:104E900004A990470646204603F004F838684068A5
:104EA000E061022E04D10499002901D1049001E0AF
:104EB000022E1ED12E46257DF4F773F8E8073546FD
:104EC0000BD10499204603F00DF800282ED0207D48
:104ED0000121014003264E4013E0A069A168E26869
:104EE0000818C043049908188018002808DA022618
:104EF00007E0002E3BD0F4F754F8012EE1D000E09B
:104F00000326B01EC0B2022836D8396818312046B0
:104F100001F038F9386800254561042E029507D064
:104F2000032E09D1204603F01FF808E0012623E0F4
:104F3000204601F0DBFF02E00498E06125462846A8
:104F400003F026F801200190294601F0E1FF3868BE
:104F50004069002803D0A84201D1029D0CE0002D39
:104F600009D0E87D01210843E8750D4604E0F4F717
:104F7000EBFD2E4600E0019D2069C268002A02D0A8
:104F8000606A29469047032E00D10024002E02D0EB
:104F9000FCF7CAFD04E03868417810220A434270E9
:104FA000039A002A1CD038684569F3F7FAFF002DF0
:104FB00011D0E969284602F095FF002810D0F3F7D8
:104FC000F0FF3968002048611831284601F0DAF80E
:104FD000284602F0C9FF002002F0DAFFFCF7A4FD2A
:104FE00038684178FB220A4042704069002803D1AA
:104FF0000020214601F08CFF05B0F0BD0A48006892
:10500000C068F4F7EFFD00283A46074F00D019E7D3
:10501000386840780121014048424841611E2246DB
:105020008A4102400EE7C046C814002070470000C5
:1050300010B5094C21684A69002A0CD0C0070AD073
:1050400010690368002B02D0506A9847216848789D
:10505000012202434A7010BDC8140020F0B585B08B
:10506000050000242A7868780006000C024301201D
:105070006449654F654BD21A06D00D3A58D00B3AA9
:1050800048D0521E49D066E0AA78EB781B061B0C6C
:105090001A436E46B281AA79EB791B061B0C1A43A0
:1050A000F2812A7A6B7A1B061B0C1A4332722A0091
:1050B0000A320192AA79EB791B061B0C1A43921E45
:1050C0008B889A420BD10124A87A002802D00128AB
:1050D00002D040E0032000E00220307016E0AA7900
:1050E000EB791B061B0C1A43521E49888A4232D1A7
:1050F000012430703800ECF7A5FD287A697A09069A
:10510000090C0843307228000A3001906846F9F70C
:105110003DFF20E0AA79EB7901E0EA792B7A1B06C2
:105120001B0C1A43521E49888A4214D1012412E0F2
:10513000A878E9780906090C08430421ECF735FF43
:10514000010004D038002830ECF77CFD03E0380083
:105150006830ECF777FD200005B0F0BDF8B52C48BD
:1051600002F086FF2B4D2F00F8373800ECF7FBFEDE
:10517000040004D021002800ECF764FD03E02800BF
:105180004C30ECF75FFD1F4E3800ECF7F0FE30803E
:105190002800B030ECF7F3FE70802800D430ECF734
:1051A000EEFEB080002C03D028008830ECF74AFDDA
:1051B000F1BDFEB51224012820D114000D792A4634
:1051C000022A00D902220E680E4F31003800083042
:1051D000ECF71CFD019600950023BA88521C92B290
:1051E00004212000ECF7CFFE04000B48210002D080
:1051F000ECF728FD02E04430ECF724FD2000FEBD72
:105200000000000078140020D8110410010C0000E8
:105210005D500510701204109013041000207047A8
:10522000024800689021405840687047C41400202C
:105230001FB50C48F8F79EFD0B49884210D16C460B
:10524000002121720120C00220800720000201906D
:10525000204609300622F3F741FE204602F046FFC1
:105260001FBDC046FCFF0000FFFF0000002908D062
:10527000002809D08BB2202B04D3006820390B04FE
:10528000F6D100211180704700207047F8B5044620
:105290000588F6F784FD01462846F6F785FD0546A4
:1052A000204602F09BFF1D2803D0232801D01B2895
:1052B0000ED16188EA88914205D8032903D32328B7
:1052C00067D1042965D82046F6F7E2F90020F8BD39
:1052D000204602F083FFA9888A066ED5012802D0F5
:1052E000AA78904269D120208143A9806A892989BE
:1052F00003263046FAF76AFA6188E888009181420D
:1053000000D99AE0204602F069FF421E0121CA41FD
:105310000023102A00D988E092001F4601A39A5862
:105320003B469746DB530510DF530510EB53051042
:1053300009540510695305103154051031540510F6
:105340003154051069530510D75305102B5405101F
:10535000E3530510D75305102B5405102B5405109B
:105360002B54051031540510092802D10099042945
:105370005BD3112802D10098062856D3A089401C7F
:1053800081B2204602F02FFF3B4600284DD0014657
:1053900043E01D280DD1A888400612D46A892989C6
:1053A000022002F021FB00284CD1A88840210143B3
:1053B000A980204602F027FFF8BD204602F093FFA7
:1053C000F8BD08354220032102222B46FAF79EF948
:1053D000002837D177E70B4627E0052325E0334641
:1053E00023E0009B042B1FD91FE0009806281CD344
:1053F000A089401C81B2204602F0F5FE01280BD0A6
:1054000002281AD1122108E0009802280DD3009B2F
:10541000581E800708D108E00421009EB01EF1F755
:105420002BFE0029334600D000230098984204D177
:10543000074801682046884702E0204602F066FFE0
:10544000842801D18420F8BD0020A870F8BDC04692
:105450003C060020F0B587B004460588F6F79FFCAF
:1054600001462846F6F7A0FC05462046FDF77AFBE4
:105470000646FDF77DFB0F281AD11E2E48D040208E
:10548000304045D1052100222846FDF7F5FB0028D4
:1054900045D007460021062230463B46FDF7A2FBD9
:1054A0006889394602F0AEF80746002834D12FE06B
:1054B000019500251E2E2F4616D0402006402F466F
:1054C00012D1019B9888C00718D15A8919890026E2
:1054D000304602F089FA0746002805D1019A9088E3
:1054E000012101439180374602A805800695059564
:1054F000019904910394F6F769FC0DE0083342200A
:1055000003210222FAF702F9002801D0842703E0E0
:105510002046F6F7BDF80027384607B0F0BD8827CB
:10552000FAE7000080B5827ADD2A23D18A1F042A97
:105530001ED8D2217A4412795200974418021107DA
:105540000A00817C8A0702D5D32110E0817C4907BB
:105550000CD46421415CC90704D1FCF7DDFE80BD99
:10556000D42104E00121F5F796FF80BDD521817299
:10557000F5F7DEFE80BD0020704700207047F0B5D3
:1055800085B01E4604920D460746FAF775F80028C6
:105590000FD00446039640791226A8420AD10499F6
:1055A000022907D8A078800707D4012907D0042052
:1055B00006E00226304605B0F0BD0C26FAE70220D0
:1055C000002900D108460290821D00263046394647
:1055D0000192FBF767F8002827D0074640680121B1
:1055E0000172786845720298801C82B206213846A2
:1055F00002F0F0F908213846049D2A4602F0EAF943
:10560000002D05D00A213846029A039BFAF764F868
:105610000198788005203946FEF7F0F8002806D07A
:105620003846F6F735F88126C4E78826C2E7A67122
:10563000A078FB210140A170BCE70000F8B503464B
:105640001424444315480068C56A2D19AC786607D0
:105650008624002E20D5AE79761C8E4201D00129F9
:105660001AD1AE1CAF1D002A04D0E979914201D1B4
:10567000002400E012241946F8F7A4FD0020387039
:10568000E8713078FB21014031702879411CC8B2A3
:10569000884200D0012028712046F8BDC0140020A7
:1056A000F8B515460E4604465068407A009006212B
:1056B0001046FAF71AF8074608212846FAF715F8AF
:1056C000B91EE1726072009A2272320AE271A6710A
:1056D000000AA072CAB2A8890C34801D81B2284683
:1056E0002346F9F7E5FFF8BD9071517190780421D8
:1056F0000143917070470000F0B585B017460391E3
:1057000004465068407A04900621164D1046A8477A
:10571000029008213846A84701900A213846A84738
:1057200006460C213846A8472A4605460E2138462B
:1057300090476074290A2174E573310AA173667376
:10574000019A110A2173E272029A110AA17262721D
:10575000039A110AE171A27104992172000AA074DE
:1057600005B0F0BDEBF60410FEB58124002832D060
:105770000646029101941948006800680090501E86
:105780001F2101434C1CA7B23046F9F75AFF0546CA
:1057900087420CD9601B81B2029800F043FD0028BB
:1057A000019C18D001463046F9F790FF12E0AF4255
:1057B00010D20098C06831463A4602F0BCFD04465B
:1057C000781E4009691E4909081A81B2029801F041
:1057D0001BFD00E000242046FEBDC046CC14002086
:1057E000F0B581B00D460646002A08D0002E2AD01A
:1057F00090B2202806D33668203A1004F6D1002E45
:1058000021D00022002B20D02020841AA0B299B2EF
:10581000884200D31C46A7B290B23018011D28461A
:105820003A460093F3F756FB009B1B1B180404D069
:10583000ED1936680022002EE6D198B2002805D076
:105840007E20C04302E0812000E00020C0B201B011
:10585000F0BDF0B581B006465009040604D0002E14
:105860002DD03668401EF8E71C465B1E2046984146
:10587000002C1FD0002E1DD01F2002402020851A92
:10588000A8B2A3B2984200D325460095AFB2B01893
:10589000001D3A460D46F3F71DFB0098241AA1B2ED
:1058A0004A1E08469041002904D0E91936680022B2
:1058B000002EE3D1002803D07E20C04300E08120E9
:1058C000C0B201B0F0BD0000084A1268343212685C
:1058D000002A07D01389834202D153898B4203D017
:1058E0001032F4E7FF20704750787047BC14002056
:1058F000F0B5A1B0042900D0DEE0074602F040FD7B
:105900006E4C6F4E012800D0A0E00BAD6D49142203
:105910002846ECF77BF910A834460026442231468D
:10592000F3F7DCFA012021462A4601F07BFF00282C
:105930000FD004463846FDF719FA6168096A8B688A
:105940006149C97A49084A1C0421FDF721FA10A9C6
:105950000874042104973846F6F726FA10A9097C42
:10596000012903D18088C005800F06D157480168FE
:10597000833110A81022F3F7ADFA01200390F6F757
:10598000F7FA054610A81230029005964B4C002DF0
:1059900034D0B7B2632F31D8287804280BD002282E
:1059A00027D16868017D102921D1008A49498842A0
:1059B0001DD103981CE06868017D102919D1008A67
:1059C000A04216D104982946FDF7C3F9044602986F
:1059D0000090E2B202213223384602F0D7FC05984B
:1059E000012801D110A84474761C344C01E0002039
:1059F00005902846F6F73AFC0546C8E7012109AAB2
:105A000008AB049F384602F0D7FC00281CD1B0B286
:105A100040002F4940188008133082B208A801784E
:105A200009A810AB02F0FEFC00280DD0044606AD1C
:105A300009A906222846F3F74DFAAC714220042149
:105A400007222B46F9F762FE1D4E1C4C0120F6F78B
:105A50008FFA0546002812D0287804280BD16868F0
:105A6000017D102907D1008AA04204D100223846C6
:105A7000294602F009FD2846F6F7F8FBE9E710ACE5
:105A8000104914222046ECF7C1F801203146224685
:105A900001F0C8FE00280FD004463846FDF766F92D
:105AA0000949C97A6268126A9268009249084B1CD7
:105AB0000421002202F06AFC21B0F0BD022900009E
:105AC000FFFF000018160410FC130020BC14002077
:105AD000FEFF0300052A0000F8B50D4606460092B9
:105AE0001468002C11D02746E4693888B042F8D1F8
:105AF0003846F6F754F9A842F3D10098394600F039
:105B00003FF83846F5F7C4FDEBE7F8BD70B51A4A23
:105B100012681446483400232468002C0CD0658891
:105B2000854207D1A5888D4204D1237818251D43CD
:105B3000257001232034EFE7042916D1916D0D461D
:105B4000002D0BD02C46AE680025002EF8D0B5886D
:105B500085423546F4D1B568A560F1E7002904D047
:105B60008C88844201D188689065002B02D003485C
:105B70000068804770BDC046BC1400203806002075
:105B800003688B4209D01A46DB698B42FBD1CB6993
:105B9000D361002B07D11C3204E0CA690260002ADD
:105BA00001D1024642600020C861704710B5074B22
:105BB0001B681B6872B640001C5AA41A1C5248008D
:105BC000195A8918195262B610BDC046CC1400206B
:105BD00080B50349096866310622F3F77BF980BD79
:105BE000B814002080B50349096860310622F3F734
:105BF00071F980BDB814002080B5034909680622F8
:105C0000F3F768F980BDC046B0140020F8B50C4623
:105C10000720C0430C4E05460835182D10D03168BA
:105C2000A827C95908180A3006222146F3F75DF95A
:105C300000282846F0D13068C059405DC00601D424
:105C40000020F8BD0120F8BDD0140020F0B5A1B0AF
:105C5000044602F095FB012814D107A845491425F4
:105C60002A46EBF7D3FF02A843492A46EBF7CEFFBB
:105C700044200F9001210DAA0CAB204602F09CFBA2
:105C8000002801D021B0F0BD0CA801780DA80FAA02
:105C900010AB02F00AFC0028F4D10F984428F1D888
:105CA0000120364D02AA294601F0BCFD002810D083
:105CB00006462046FDF75AF810A90A7C3049C97AF1
:105CC00073681B6A9B68009349084B1C042102F00F
:105CD0005DFB2C480168833110A81022F3F705F909
:105CE00000281FD0012007AA294601F09BFD0028AB
:105CF000C8D001F0B7FD0028C4D0054604212046D5
:105D0000F6F752F8818880220A43828010A8427CEC
:105D10002046294602F0B8FB0B20F1F745FEF1F7CB
:105D2000C9FFAFE70120F6F723F9064610AD12359B
:105D30000027002EA6D0B8B26328A3D83178042952
:105D400012D171680A7D102A0ED1098A0E4A914239
:105D50000AD1022132222B46FDF71AF802462046CC
:105D6000314602F091FB7F1C3046F6F77FFA06467B
:105D7000DFE7C0462C16041018160410FFFF0000C1
:105D8000FC130020BC140020022900007047000012
:105D9000F0B58FB00292074607A8019010250C4E6F
:105DA0002A46B0470BAC204639462A46B04703AFD7
:105DB0000026019821463A46334602F098FB0298A5
:105DC00039462A46024B984730460FB0F0BDC046D0
:105DD000D58E0410FEB514460191064601F060F917
:105DE00027464437204601F061F9002811D1607838
:105DF000C006F7D502AD384601992A46F9F7D0FE1C
:105E0000022228463146F3F770F80028EAD1002034
:105E1000FEBD8120FEBD0000F8B50446FF250A48FE
:105E200084420FD00026094F38683421415CF0B21B
:105E3000884207D2F3F73CF9408FA04201D0761C8C
:105E4000F2E73546E8B2F8BDFFFF0000B0140020CD
:105E5000F8B514460646084600F0F8FA2E214156D9
:105E6000002905D42C300078022803D1122518E02F
:105E7000022516E0CFB200253846294602F03BFB4A
:105E80003846294600F0BAFA01462B30002E01D0E0
:105E9000057006E001220270103110222046FCF746
:105EA0000AF82846F8BD00001F21014001228A405F
:105EB00072B6054909684009800008180169114354
:105EC000016162B67047C046D4140020F0B50028C6
:105ED00007D0002905D05B079C0F002A04D1012CB4
:105EE00002D061204001F0BD436A102B03D0182B73
:105EF00001D0202B05D1012C05D005696D1E102D78
:105F000001D31A48F0BD102B02D01848801EF0BDF6
:105F1000C2600379F9252B400371012C20D00023A6
:105F20001C469D002D185B1C6C61042BF9DB0023C3
:105F300013E0DC17A40FE418A408A40025182E46CB
:105F40001436B4461C1BD65CE40018276D693C1B54
:105F5000A640354366465B1C356004699C42E8DC1C
:105F60000279D20700D181600020F0BD1F0C000033
:105F7000F8B58CB00D0000240023D15C08AE5F4260
:105F8000F619F1735B1C0F2BF7DD002359428900D2
:105F9000411804AA9E009219CE681670CE68360A7F
:105FA0005670CE68360C9670C968090ED1705B1CAD
:105FB000032BEBDD6A4608A904A8F7F74BFC6846FB
:105FC000A1004018C1780906827812040A4341787A
:105FD000090211430078084329000C316242920003
:105FE0008850641C032CEADD0DB0F0BDFEB50191B4
:105FF000032002900027304A3D4616461068A82428
:106000000059C019801C06220199F2F76EFF002882
:1060100031D002980328324609D110680059C05D7A
:106020008006800F01D0032000E0E8B2029008371C
:106030006D1C032DE1D110684125415DA830022976
:1060400036D80299CF000068C019801C1646062277
:106050000199F2F73FFF306800591021C1550298AD
:10606000C2B200200121154BF5F76EFB3068415D8F
:10607000491C4155FEBD30680059C35DCF21194010
:10608000103103221A40531C032A02D0DC24214081
:106090001943C155032A00D1134609A0C05C7D21D4
:1060A000CB004343EAB200200121F5F74DFBFEBDD2
:1060B00001210172FEBDC046D0140020B80B0000C3
:1060C00003050A14F0B589B0154608AA0026167013
:1060D000002D06931A4600D12A46070C4740119816
:1060E0000790002D04D10023069801281C4638D8BB
:1060F00010980590794051400C46022E07D8A0B266
:1061000002F00AFA11214143CC19761CF5E720462A
:10611000784086B23046FAF797F8242815D8C10897
:10612000059A525CC900411AC9B2CA40D1070CD0C5
:1061300008A90870079A511C127800239A420DD0C2
:10614000CE5C86420BD05B1CF8E707990878464383
:10615000330CC818407808A9087000E02523002DEA
:106160000ED10F990E9808ADBAB20090019207981F
:1061700002900395A2B2DBB2069802F0EFF92878FC
:1061800009B0F0BD826AC36A002A02D0D362C36A32
:1061900000E04B601A60704780B502F0E0F90748F4
:1061A00000684169002242614278EE231340437047
:1061B000C87D01220243CA7580BDC046C8140020B4
:1061C0000B4909680A4618321368002B04D01A4696
:1061D00028328342F8D107E028310A68002A05D026
:1061E000114628318242F8D10120704700207047C3
:1061F000C8140020842140580188012008407047BD
:106200000020704700207047002070472C2805D8D8
:10621000032141430248401880787047142070479A
:1062200030100610F0B585B01E4A1268146872B6B8
:106230000622A55EEA172F4697431B4A0391891849
:106240004E09711C049100220328029001D11046CE
:106250000EE04100635E012B09DB0498191A4842E5
:10626000019009B2C81301990840DF1900E00498B1
:10627000E368995E36B2B1420FDD39B2B1420CDD4E
:10628000281AE08002984000215A049A891A215263
:106290001846039902F06AF9024662B6104605B044
:1062A000F0BDC046CC140020FFFF1F00572189001D
:1062B00041430548006890228058C06B40684018F0
:1062C0002121C90040187047C414002080B513680C
:1062D0008B4204D01A465B6C8B42FBD144324B6C30
:1062E000136002F067F980BDF0B587B00F46014634
:1062F000007900260C9C00282FD003900868049198
:106300004968059206AD009301953A46059B02F057
:1063100083F9002821D0029005940D9A049C2368EB
:1063200006A90978CD005B19DB7913700398401E2C
:106330000390C0B2814223460BD01D68CEB2F60056
:10634000AF19BA68FC68AA517C60491CCAB2824283
:10635000F3D103981871029E059C267007B0F0BD1A
:10636000F8B5112109010A464C32009042435118F8
:106370001448026890241259D26B52680225002DED
:1063800012D006683659F66B766800277750561893
:10639000B31E1F70331FFF271F80083E7D235B0441
:1063A00033600C316D1EEAE75721890000984143A4
:1063B00050182521C900FF2242544921890000229A
:1063C0004250F8BDC4140020F42100224250F430A1
:1063D000012109044160704710B5002306A11A4647
:1063E000042B03D08C5C531C8442F8D1042A01D3C3
:1063F000002010BD012010BD0100161F5722920081
:106400004243074800689023C058C06B406880181A
:106410000C224A4380181121090140587047C04698
:10642000C414002041424841704710B50C244C432D
:10643000FFF73CFF001941790120084010BD882179
:1064400040580088C005C00F7047000010B50146D5
:1064500000200D4A914215D00C4A12683423D25CB8
:10646000521C0B4B1B6890241B59DB6B5B68521E44
:1064700008D05724A4001C195B8F8B422346F6D109
:106480000448201810BDC046FFFF0000B0140020D3
:10649000C4140020A4FEFFFF10B50C4602F020F942
:1064A000C108C9B201290AD8072210406118832205
:1064B0005200895CC140C80701D0012010BD0020F6
:1064C00010BD70B514460D460646FFF7AEFF002816
:1064D00007D030462946FAF73FFA011B48424841A7
:1064E00070BD002070BD0000F8B50090002313803F
:1064F00010480E2B1DD007251E462E401F06FF0EEE
:10650000009CE719832464003C5DF440E4070DD04F
:10651000068835400124AC40F508EDB24F5D2743B5
:106520004F551588B54200D835461580801C5B1C38
:10653000DFE7F8BDC4FA0510FEB50546C00633D442
:1065400017461C4800683622825C002492062CD52F
:106550003630407A000728D501910293164800682A
:106560006907C90E401800692522042329460093B3
:10657000F3F73AF900281AD00646477201983072AC
:10658000380AB07230460B3008220299F2F7A2FCAA
:106590000099F1710C20B0713E2070713171284664
:1065A0003146F3F77DF900E086242046FEBD07243E
:1065B000FBE7C046C4140020B4140020FEB5054615
:1065C000C00638D416461E4800683622825C002475
:1065D000920631D53630807B40072DD5019102934C
:1065E000184800686907C90E401800693E22412317
:1065F00029460092F3F7F8F800281FD007460999BA
:1066000008987E7238730298F87201983872300ACE
:10661000B87238460D30F822F2F75CFC2B20F87186
:10662000FE20B871009878710420387128463946E8
:10663000F3F736F900E086242046FEBD0724FBE789
:10664000C4140020B4140020B0B51F22D443084A5B
:10665000234608330AD014192025645D84421C4661
:10666000F7D1D018C26908469047B0BD0120B0BD2F
:10667000CC16041080B508468978C91C01F006FDC7
:1066800080BD80B50846C978027912025118491DAB
:1066900089B201F0FBFC80BD80B508468978C278DC
:1066A00012025118091D89B201F0F0FC80BD0000F2
:1066B000D2B2203A03D301009140002070475242E9
:1066C000D0415242203291404140D0409040414020
:1066D000704700001CB50C4C20684078000711D4AE
:1066E0006846F2F763FC2168009A4A6088604B783C
:1066F00008241C434C70101A400B42424241980837
:10670000104008701CBDC046C8140020F0B589B008
:1067100015460F46044606790068616808AA00938A
:1067200001923A462B4601F077FF00210F9B0E9A0B
:106730000028079226D106976779BE4222D202939B
:106740000390049508A90878059686420DD0059F08
:106750002268FDB2ED0056193346083B0ACB515171
:1067600073607F1EF9B28142F2D12168C000069A9F
:106770000A500818049941600598401C20710121B5
:106780000398029B089A079C22701870084609B06B
:10679000F0BD0000F0B587B01E46144605900C9A77
:1067A000002B03D0D06F1746154602E00025174690
:1067B0001046B322825C01230598069300F0A4F8EA
:1067C000002C01D0044602E0202104468C43002E18
:1067D00011D06D35A978002904D0E9794B424B419D
:1067E000069303E004218C430121069129780029B6
:1067F00001D108218C43C506E0B231463A4600F08B
:10680000E1F8039006980028214602D01020214686
:106810008143ED0F0491C8B231463A4600F0D2F8F8
:10682000E1050022002901D4019512E00D998B8821
:10683000C988C91A0B0409D0FE22131A8DB2AB42C3
:1068400029DA0399511A0122019203E001951549B1
:106850000C40114602940E9B8AB255425541059A4E
:10686000921E561EB2412A4000D10398119D109EDF
:106870000F9F0C18641C1C70002A049B00D1029B03
:106880003B8030802970069948424841002A00D157
:10689000019807B0F0BD069A534253410193049CFE
:1068A0000390D7E7FFFE000070477CB5154604460D
:1068B0005E1E00208029024608D301AB6A460846C6
:1068C000194601F021FF0098C20101983F210D40B7
:1068D0001543257060701F21090400020840022E34
:1068E00000D3022671054018000CA0707CBD00206A
:1068F000704710B5F2F730FB044601F03DFF201859
:1069000040B210BD70470000F0B54524A4004D060C
:10691000ED0F861E072E0AD8201DC0467E4436790C
:106920007600B7440A0F03130317191DF0BD8B2817
:106930001BD1002D20D0B1202BE01821002D1DD11E
:1069400008461CE088071ED580241DE0002D1FD0BE
:10695000C5201EE00320F0BD002B1CD088202DE0B8
:10696000002B00D008342046F0BD0A38802822D8F9
:10697000002B22D0782021E071200AE05820022A42
:10698000D4D80846F0BD6C34002806D0082005E0B5
:1069900085202018F0BD802010E038204A0802230E
:1069A00013408906C90FC91808182043A9010143DB
:1069B00001204840F0BD0020F0BD70202118A80142
:1069C0000843F0BD70B50446002801D1062300E05D
:1069D0000723651E2046A841E50700D01846A307F7
:1069E00000D5801D6307DB0FC018230700D5801C6E
:1069F000E30600D5C01CA30600D512306306DB0FEA
:106A0000C51860B200282ED5002A2CD0002913D03A
:106A1000D67A002E00D00935701E8641D06FAA218B
:106A2000405C01F0B5FE002818D0406B2A21405C84
:106A3000002810D03B200FE0106D002600280DD05C
:106A4000406D00280AD0417A002907D0007A022838
:106A500004D10A3501E02320451901268020444055
:106A6000344300D12546E8B270BDF0B587B002933B
:106A700006920A460024E34303930F9905910029E7
:106A800005D005990B68002B01D09B6803930E99E4
:106A90000D9B04930C9B009301920068002838D052
:106AA000944236D20378069DAB422ED38369456863
:106AB000002D07D1DE43029FF71928D5009AB6189A
:106AC000019A22D414266643049FBB51BB199D60D2
:106AD00086685E60059E002E07D0002D05D0039EBF
:106AE000B54202D8059E336003950025DD601D4642
:106AF0000C350E68002E04D04E681E6133604D6068
:106B000002E028C108391961641C2830C5E7019AE0
:106B1000FBE7E0B207B0F0BDB0B50268002A18D0BC
:106B200013680C68E4431B1909D40B460C3313613A
:106B3000CA6001600861B0BD15682D1910D51346F3
:106B4000D268002AF8D10022CA6042680A61116046
:106B500003E00022CA60016008610C314160B0BDF1
:106B6000CA6008460C301061D9600C330B61B0BDAF
:106B7000FEB50F46019005680291002D28D02E46E3
:106B8000A96800291AD03468E043C01920D470687D
:106B90000019C243D219F568EFD4381A0818471EF5
:106BA0003846F0F769FA3819401A30603169002D1B
:106BB00006D029613169029F019804E0F568DCE79D
:106BC00001984160029F0D603146FFF7A5FFD4E7B1
:106BD000FEBDB0B59B18834201D3824214D9091877
:106BE000DC430C19C9438D1805D4002C05D5C443CA
:106BF000A41802D508E0002C06D4591802D5D143B8
:106C0000081801D40020B0BD0120B0BD10B5044665
:106C10000120FAF78BFEC0B22178F0F72DFA601848
:106C2000407810BDB0B50A68002A09D0C369DC43BA
:106C30001346002B09D0DD692D190ED59B6AF8E7A4
:106C4000002282620860C16204E0002282624A6817
:106C5000C262106028304860B0BD9A4207D0D96A3D
:106C60008362C162D96A08602830D862B0BD034629
:106C70002833D36282620860C162B0BD0146084613
:106C8000C96A4968096800290AD0CA7D1207F6D482
:106C9000CA690B6AD218C3699A1A843AEFD470474A
:106CA0000148006880697047C8140020FEB5009153
:106CB000002800D1EDE005462E46AD6A002D00D13A
:106CC000E7E0B069B1680A18EF69D01B82307148FB
:106CD00001684C6965D4F369A64201D0029308E0CB
:106CE000D843019434464E68029630182646019CDB
:106CF000F4D4687D737D83425FD304D1307DC007B7
:106D00000BD1002728E0AC4201D1FFF745FAE87D1E
:106D100008210143E975012728E00298391AF36830
:106D2000994206D2287DC00705D1EA7D00210F4691
:106D300008E0002709E000202862E87D02220243E3
:106D40000127194608201043E8753162F07D0221C1
:106D50000143F175A64204D0AC4207D1FFF71CFAFB
:106D600004E00298F061304601F014FD287DC00770
:106D700014D1307DC00711D16878697D491CCAB231
:106D8000824200D808466875424801681831284692
:106D9000FFF7F8F9284601F0E7F83546002F8CD1C7
:106DA0008AE7A54205D1F068316A814201D3FFF735
:106DB000F3F9009800286CD07EE7307DC00717D12A
:106DC000A6422F4600D0374678787A7D521CD3B23F
:106DD000834200D81046787518313846FFF7D2F94B
:106DE000384601F0C1F8A64200D02E46354663E78A
:106DF00002983F1A833F00D20027306A874200D3AF
:106E00000746F06887421ED2D043AA691018AA68C4
:106E1000801825D4A64207D14878400733D4FFF71D
:106E2000BBF91C480168737D70785A1CD3B2834249
:106E300000D81046707518313046FFF7A3F9304678
:106E400001F092F838E73762F07D02210143F175D5
:106E5000A64212D0AC4200D02EE7FFF79DF92BE7F7
:106E600000203062F17D02200843F075A64202D175
:106E7000FFF792F9F07D082108E00298F0613046B2
:106E800001F088FC18E73762F07D0A210143F175B3
:106E900012E7FEBDC81400207CB50D46044680698B
:106EA000E1690190009120694669002E05D0606A71
:106EB00001AA6B462946B04700E00120012D08D108
:106EC000A169A268E3685118C943009A5118C9180A
:106ED00009D5012801D101207CBD0099E16102287A
:106EE00002D10198A06102207CBD000080B501693B
:106EF0000969002909D005490968203101F064FCBD
:106F00001520F0F751FDF0F7D5FE80BDC814002024
:106F1000F8B5009104460027344B3D467F1C1868A5
:106F2000064618363668002E50D0F168326A8A421A
:106F300001D22836F6E7009886420ED0F07D012176
:106F40000143F175F2F71CF8284909684860002CE4
:106F500003D0F169081AE92841D83069416800294D
:106F600003D0706A8847002817D0F169304600F0D6
:106F7000B9FF1E490968002832D018313046FFF7A2
:106F800001F9F07D40070ED47078717D491CCAB2BA
:106F9000824200D80846707505E01448016818312F
:106FA0003046FFF7EFF8304600F0DEFF002C01D14D
:106FB000FAF7BAFD092D0D4BAFD301F015FCA12056
:106FC000062100221346F8F7A1FBF8BD002C04D1DE
:106FD00000201C4601F00AFC206800214161F8BD38
:106FE0004E61304601F002FCF8BDC046C8140020D6
:106FF000C02141430548006890228058406898228B
:1070000080580068006840187047C046C4140020CB
:107010000248006890214058006D7047C414002059
:1070200080B505200021F3F735F880BD80B5082034
:107030000021F3F72FF880BD80B509200021F3F778
:1070400029F880BD80B50A200021F3F723F880BD20
:1070500010B50B2000242146F3F71CF80C20214624
:10706000F3F718F810BD10B50D2000242146F3F7F2
:1070700011F80E202146F3F70DF810BD80B50F2052
:107080000021F3F707F880BD80B510200021F3F749
:1070900001F880BD0001002900D00830C0B270475F
:1070A0000148002101707047E21400201CB503461E
:1070B000064C20785021009100210A46F7F7CDFEBA
:1070C0000121217001F0C8FB1CBDC046E214002064
:1070D000BCB50A460446C11C01AD10462A46FDF760
:1070E000E4F8032228462146F1F7FFFE002800D0ED
:1070F0008120BCBDBCB50024214620460D4600942D
:10710000C0B2214622462346F7F7A7FEC21C691CDF
:107110000120002AF2D1E8B2BCBDB0B594B004465B
:107120004178012529403E306A46FBF748F800289F
:107130000CD1694650222046F1F7D7FE002808D02E
:107140006946487828403E3100F095F8607810286C
:1071500001D2002002E0204601F08CFB14B0B0BD4B
:10716000F0B59DB00193009202900CAE10240394F0
:107170000125204F304622462B46B8473046103076
:10718000009922462B46B8473046203001992246C6
:107190002B463C46B84730463030229903222B46D6
:1071A000B847332023993154304634302499062788
:1071B0003A462B46A047304633302599C1713046B8
:1071C0003B3026993A462B46A04704AF38460299F1
:1071D000039A2B46A047412108AC30463A46234645
:1071E000FAF7D0FF27982146039A2B46014CA04777
:1071F0001DB0F0BD95C204100021002802D0006827
:10720000491CFAE788B2704710B50A4A126812683A
:1072100072B64300D05E4418D4520BB2C318012B8F
:1072200002DB4342C10B1940D0880818D08062B6F7
:1072300010BDC046CC140020F8B514460D460646D5
:1072400001F024FB671C204601F026FB00280BD12F
:10725000062228463946F1F748FE0028F3D1207867
:10726000B042F0D10020F8BDB320F8BD80B50220B7
:10727000F7F73FFE80BDF0B595B00C460546FFF729
:107280000FFF01AE3E36B32701A8FFF70FFF00281E
:1072900010D1062230462146F1F727FE01A9497890
:1072A00001220A40AA42EFD10028EDD1FFF7DEFF0C
:1072B0000027E9E7F8B215B0F0BDB0B5F4F7C6F9AC
:1072C000002811D0044600252946F4F70BF80028C1
:1072D0000BD0A17AF12905D1A17BCA0702D0890779
:1072E00000D50020054600E002252846B0BD00007C
:1072F0000B49096830228A5C0123134030314A78F7
:10730000D207520FD218CB78DB07DB0ED218897860
:107310004B080B43D907090F511801707047C0463D
:10732000D0140020F0B524490968027D120108320A
:10733000D2B28B18B5241C5D0473B6241B5D012BDF
:1073400003D1437B02241C4344730B46363303258D
:1073500015430C46B434655D01262E40877B3743C8
:10736000877304263540C77B2F43C7731643A55D3B
:10737000057405251543645D6425455DED070ED153
:107380001D782C4007252C4084740624224389183C
:10739000B422895C5A780A402A404274F0BD5D7874
:1073A00025404574062422438918B422895C1A7842
:1073B0000A408274F0BDC046D014002070B5044667
:1073C000007B617BCA0701D08A0704D4E27D1207E3
:1073D00003D5890701D003251CE0E17B0523194271
:1073E00013D01D490D684022AD5C43431B4EF3187A
:1073F0005D5DE574FF2D0ED1E37D1B0707D40128E9
:1074000007D10868805C012803D1012502E004252A
:1074100000E00225E5746420205CC00703D11A2037
:107420002056002812D420460F300078C00704D020
:107430002046F8F75DFA00280CD0E17D002009070E
:1074400003D5022D01D10020E07670BD024800680E
:107450003130EAE7032070BDD014002006B00410DC
:10746000F8B5C17C022910D1C17BEF220A40C2735A
:10747000224909684022895C0026022910D3042988
:1074800005D002290BD0FF260AE000242EE0017B64
:10749000022904D304292BD0022901D0F3E70126C5
:1074A000174909684722895C842449071ED5078942
:1074B0001448006880690225482203232946F2F710
:1074C00093F9002812D001468772042048720D7289
:1074D0000020C871052088710E73FF20487182203A
:1074E0000871380AC8722846F2F7DAF92046F8BD62
:1074F0006421415C01260E40D2E7C046D014002032
:10750000C4140020B414002010B50724448044683B
:1075100021720B4909684024095D446861720121A8
:107520001140426891724168CB724168029A0A73B5
:107530004168039A4A7340680499817310BDC0463C
:10754000D0140020F0B583B001910646002A08D07F
:10755000002E34D090B2202806D33668203A10048A
:10756000F6D1002E2BD00022002B009321D000203A
:107570001D4603462020841AA0B2A9B2884200D337
:107580002C460294A7B20198C11890B23018001D81
:107590003A461C46F1F7A9FC00280FD1E01983B246
:1075A00002982D1A280405D036680022002EE1D159
:1075B00000E000231846009B1B1A00E00346184613
:1075C00003B0F0BD10B504460821F1F70BFD0449E6
:1075D0000968602200238B52486660314C8010BDE0
:1075E000BC1400201CB51F2903D801AA11804068D3
:1075F00005E0406801AC2246FDF738FE21884018BE
:1076000000791CBDB0B50C4605464888001D81B206
:107610002046F8F722F828462146FCF7EFF8002824
:1076200004D02046F4F734F88120B0BD0020B0BD6E
:10763000FEB5029315460022884223D80C4616490F
:107640000F686021795A00291CD000920191FBF744
:107650002DFB06462046FBF729FB0199491E814276
:1076600000D3014689B2B2B28A420DD8786ED300F7
:10767000C45CAC4204D1C0184368029CA34205D04C
:10768000761CF0E71046FEBD0098FEBD03498A4215
:1076900000D10020FEBDC046BC140020FFFF00004A
:1076A00010B50446FBF702FB0649884207D0C2002A
:1076B000054B1B685B6E9A185288A24200D00846A0
:1076C00010BDC046FFFF0000BC14002080B501F0D3
:1076D000F5F8408880BD80B5828B920708D42022BF
:1076E00081541620F0F760F9F0F7E4FA002080BD2D
:1076F0003A2080BD10B50A48046838342468002C4C
:1077000009D02046FBF72EFA1E2802D0402108405F
:1077100003D01C34F2E7002010BD012010BDC0468C
:10772000BC140020E0B501A80221018000900020D7
:10773000044B01460246F4F7ABFA86384142484111
:107740008CBDC046F9FA051070B5084D2868846BE9
:10775000002C0AD0E669286838302146FEF710FA76
:107760002046F3F795FF3446F2E770BDBC140020C5
:10777000FEB50D460446FBF7A1FB002834D0AC4211
:1077800032D80646A0422FD32046FFF789FF044691
:107790001648844228D0AE4200D32E463046FFF72A
:1077A0007FFF13490F686026B95B4A1E824217D9D2
:1077B0000190054602948BB26D1CAAB29A420DD27A
:1077C000796EA0B2C0000818D20089180822F1F71B
:1077D00081FB07480768B95B641CECE7029C0198D1
:1077E000C243A2185118B953FEBDC046FFFF0000A6
:1077F000BC14002010B504460846FBF757FA0849A8
:107800000968496E82B2D2008B5CA34205D0421E49
:1078100000041046F6D1002010BD881810BDC046E7
:10782000BC140020F0B585B014460D46F4F7A0FB5B
:1078300006460020002E12D07188A9420FD86F464C
:1078400030463946F4F7A6FB2046394601F060F889
:10785000002803D03046F4F709FDE9E7304605B0CB
:10786000F0BD000070B58AB0054605A810A114222D
:10787000EAF7CCF92878FE2101400024022914D12E
:107880002846F4F7F3FC054600280ED02878022895
:107890000BD06E4628463146F4F77CFB05A83146EE
:1078A00001F036F80028EBD12C4620460AB070BD16
:1078B000FB349B5F80000080001000000229000064
:1078C00010000000F0B585B015460191014604781E
:1078D000002702230E20032C1A463E4612D30BD05B
:1078E000042C5ED1486801788C07C9078A0F002CE8
:1078F00000D54C32411C02E04868411C0278801CD3
:107900000E780778012D03D110461840184648D04C
:107910000320032D02D10821114042D0042D02D1B1
:10792000042111403DD0052D02D140210A4038D01C
:1079300004A903AA02AB019C204601F000F802282A
:1079400002D1002F0FD12BE0012D00D0FF08052D13
:107950000BD104A80078022805D102A800780228DB
:107960001AD1002019E00E201BE00021002F11D0B9
:1079700003A802780520BB0701D5042A11D3FB0711
:1079800001D0032A0DD3780708460AD5022A0AD265
:107990000F2006E0084604E0052001210F4000D139
:1079A000384605B0F0BD2046314600F0FAFFB62853
:1079B00001D00020F5E70C20F3E7BCB51446406881
:1079C000202904D301AD2A46FDF750FC2988401830
:1079D0000471BCBDE0B501AB1A70120A5A700222E4
:1079E000F7F77AFE8CBD000010B504460846114634
:1079F000FDF76AFF80000019C1B203480068002249
:107A0000024BF1F765FF10BDBC140020307500007B
:107A1000BCB514464068202904D301AD2A46FDF7C1
:107A200025FC298840180471BCBDF0B589B00E460C
:107A3000F3F70CFE002825D00546203005A900915B
:107A4000FAF75CFC74882B466C33271DB9B204220C
:107A50003046F7F741FEFAB201AF009831463B4697
:107A600000F0AFFF08372046083081B208223046C8
:107A70003B46F7F731FE0C347480E86E401CE86634
:107A8000002000E0022009B0F0BDB0B514460A465F
:107A900005468089401C81B22846FFF79BFFA889D4
:107AA000C01C81B228462246FFF794FFB0BD10B536
:107AB0000C46C3688989007A4200481C81B220467E
:107AC000F7F70AFE10BD10B50024C46101F015F8E7
:107AD000842800D08124204610BD00207047B0B516
:107AE0000446EFF3108572B6FEF76AFB00280FD04C
:107AF000204601F023F8FAF717F8FAF739F885F37A
:107B0000108820690169002904D0606A884701E073
:107B100085F310880020E061B0BD70477047704762
:107B2000002070470020704700207047F0B58DB0EE
:107B3000099308920E46079001F02EF8012438218F
:107B40002046F1F74FFA2D21062242542E49C97AD8
:107B5000342281542D4F3860302101850CAD0BA9A2
:107B60000AAA2846F1F7C5F90A98000229780901FE
:107B700001430B9800030843001D3968488518210C
:107B80002046F1F72FFA224908600021017501F023
:107B900009F81A980690199C05941898049017985B
:107BA00003901698029015980190139D00950798E0
:107BB000089F079631463A46099BEAF747F9EAF7E4
:107BC000DFF81B9E012C01D1EAF7B2F800F0F4FFB8
:107BD000012E01D101F04CF80C4800682C21405CCA
:107BE000C0070ED1012C06D11498EAF7D9F8EAF7AC
:107BF0007CF9EAF77EF9079839462A46234601F0D0
:107C000039F80DB0F0BDC046FC130020B0140020C0
:107C1000D414002070470000F0B595B039480068D2
:107C200000900BA800F0EAF8002831D001AF06243C
:107C30000025354B384621462A4698477879C02199
:107C4000014379710BAE30462030304B3946224625
:107C5000984707AC1027204639462A462A4B9847B2
:107C6000304621463A46294B984703AC20463946D0
:107C70002A46254B98473046103021463A46234B3A
:107C80009847304601F056F8002803D1054603E036
:107C9000002501E00E20C5431D4C22682E3200262F
:107CA000062730463946F3F7D9FA0BA9002801D048
:107CB000203101E021682E31009860303A46F1F71A
:107CC00009F92268083210213046F3F7C7FA002874
:107CD00005D0206808300BA91022F1F7FBF82268C4
:107CE000183200201021F3F7B9FA002806D00BA9AA
:107CF0001031206818301022F1F7ECF8E8B215B016
:107D0000F0BDC046B814002029BC0410D58E041064
:107D1000B014002012207047064800685C21415CC6
:107D20008906890F04D05C30C17802220A43C270F0
:107D30007047C046B8140020B0B50446002108259D
:107D40002A46F1F7CBF82078DF21014321706078D3
:107D5000092101436170A1782943A1701149096883
:107D60005C22895C890602D50F2108436070EAF71E
:107D700069F8012807D16078122101436170A07869
:107D800007210143A170F9F73DFBC0B2012807D1DB
:107D90006078E02101436170A07880210143A170E7
:107DA000B0BDC046B814002010B53F21054A472990
:107DB00006D043183F3B1B7814686354491CF6E710
:107DC000002010BDC414002010B52F21054A37290A
:107DD00006D043182F3B1B7814686354491CF6E700
:107DE000002010BDC4140020024800686C21405CD3
:107DF0007047C046B814002000207047E0B5034625
:107E000026200090022100200246F7F726F80028DD
:107E100000D081208CBD80B5C00701D1002080BD7D
:107E200000F094FF80BD0000B0B50446074D2878EF
:107E3000002803D1FFF734F9012028702046FFF70E
:107E400035F9002801D000212970B0BDE3140020CD
:107E500080B5C00701D1002080BD0846114600F062
:107E600079FF80BD72B601684A420A405140016004
:107E700003485043C00E03A1085C62B67047C04679
:107E8000DF3A650400010206030B0710040E0C150F
:107E90000817111A1F050A0F0D1416191E091318B9
:107EA0001D121C1B10B50446C07D800717D4FEF7B9
:107EB00011FCE07D02210143E175E069216A0818A7
:107EC000074909684A68D1434118831A0020832B67
:107ED000024600D31A46002900D41046206210BD85
:107EE000C8140020F8B50D460446C07DC0070DD06B
:107EF0001C4800684178FE2631404170F1F712FEBF
:107F0000A07DF1F72BFEE07D3040E075F1F738F809
:107F1000144F39684860227D110701D4281A05E002
:107F2000C143491911D4281A66280ED38626002881
:107F300015D49007C10F5007C20F2846F1F72CF84F
:107F4000002804D0207D000709D5F1F733F8F1F7B8
:107F5000FBFD3868417810220A4342700026304603
:107F6000F8BDC046C814002080B54168002909D07A
:107F7000C17DFB220A40C27504490968283100F01E
:107F800023FC80BDFEF7B2FF80BDC046C8140020B0
:107F9000FEB5009001A8029000200190334F386890
:107FA0008569002D3BD0E868AC6A296A814205D317
:107FB000E9693A685268D243891830D539682A7D10
:107FC000D2071AD04A681018C043AA691018AA68C4
:107FD000801812D401212846FEF75EFF0646396854
:107FE00018312846FEF7CEF8022E0AD0012E10D105
:107FF0002846FEF77BFF2546D3E718312846FEF7D3
:10800000C1F8284600F0BBFE2846FFF7ADFF254625
:10801000C7E701A9284600F0D7FB2546C1E700982D
:1080200000281AD001A900F0CFFB16E0E07D022164
:108030000143E175A069E169A2681018401A206245
:1080400001A92046FEF79EF8E07DF7210140E17589
:10805000396818312046FEF7E5FD019C002CE5D17A
:10806000386880690121FEF721FEFEBDC81400209A
:108070001D490A79012A02D10020C04370479200AD
:1080800088500879401C087100207047F8B504003A
:10809000002600202178042913D0822920D1251D13
:1080A0006178FF291CD129786A781206120C1143D5
:1080B000FC2212020A40C02109018A4210D10A4F53
:1080C00008E0E51CECE7280089007958884701287A
:1080D00009D0761C3A79F1B29142F4D3002802D14A
:1080E0002000EFF75DFEF1BD84140020F8B50446D2
:1080F000F5F738FE0546354E3046F5F73BFE344978
:10810000884214D1FCF7BCF8FF283CD047218900F5
:10811000414328684118AA200E524C2000220A54DC
:1081200038200A54CA630A648A62CA620AE0472194
:108130008900414328684118BA20085C012801D110
:108140000C2541E0B92000250D546079AE228854F9
:108150000E46AE360120F070A079707020880002C3
:108160000090C867084684300B46B4332779042F43
:1081700016D8C0467F443F797F00BF4402060B0DEE
:108180000F00F3210BE007251EE0124FCF67FD2102
:10819000018406E0F22102E0F02100E0F5210184F3
:1081A000009F217AE279056045601F609A73D97358
:1081B000217A0170401C093406222146F0F78AFE1C
:1081C000054800684079B0702846F8BDFCFF000003
:1081D000FFFF0000DC050000C414002080B5818989
:1081E00000F001F880BD1CB51F2903D801AA118039
:1081F000406805E0406801AC2246FDF737F8218869
:10820000401800791CBDF0B585B00446058880890A
:10821000461C204600F0BCFD232810D0B1B21B281C
:1082200022D12046F7F761FA0146284600F0B6FD54
:1082300000283DD02046F3F72BFA002550E0678850
:10824000B1B22046B9422AD2F7F74FFA0146284682
:1082500000F0A4FD0028EDD1B01C81B22046F7F754
:1082600044FA3018061DEBE72046F7F73EFA0146C0
:10827000284600F093FD002824D06E4675802046E5
:10828000F3F78DFDB0801E2030703046FBF7ECF820
:108290000546002820D12046F3F7FAF91CE0F3F751
:1082A0007EFD02460A202946234600F09DFD12E08D
:1082B0002046F3F774FD02460A202946234600F0C3
:1082C000C5FD08E02046F3F76AFD02460A2029466C
:1082D000234600F0EDFD0546002D01D07B20C5436F
:1082E000E8B205B0F0BD1CB50446008801AB1880AB
:1082F000422002210A46F7F709FA002801D084201B
:108300001CBD2046F3F7C4F900201CBD10B504883D
:10831000F3F745FD0146204600F0FCFD002808D09B
:10832000017818220A4302700C20EFF73DFBEFF7AB
:10833000C1FC002010BD70B5002400290AD0002621
:108340000D460968334620339EB296420ED200296C
:10835000F6D101E023462546D11A89B200F006F98C
:10836000286000280AD17920C44307E0002904D0FE
:10837000F7F78CFC00242C6000E00024E0B270BD14
:1083800080B5FEF79AFF4142484180BDB0B54843F1
:10839000C408A4B29C420ED8049B0725284020257F
:1083A000691A0025ED43CD402A4082408540185D82
:1083B000A84310431855B0BDF8B51C4615460F46E6
:1083C000F3F744F9002816D00646811C06222846F9
:1083D000F0F780FD707869460870002F1FD00028E4
:1083E0001DD0012809D1F1798A090120022A16D865
:1083F000402903D213E00220F8BDF179C0200840E3
:10840000402808D1694630462A4600F095FD0028EC
:1084100003D08120F8BD8620F8BD68460078207022
:108420000020F8BDF0B585B01E4617460D4604463F
:1084300002AA08462146FEF7FFFE00280BD1049849
:10844000B84206D1BAB20C203146F6F741FD0028F9
:1084500016D0FEF70BFF019602AE3570701C062297
:108460002146F0F737FD04973046019900F07BFD77
:10847000002805D0064628462146FEF7FCFE00E00F
:108480000026304605B0F0BDBCB514460D46FAF7DF
:108490006DFC696889698B888968009103210C40AB
:1084A00002212246FFF772FFBCBDB0B598B01C4652
:1084B000154601AAF9F783FE002816D101A94A78CA
:1084C000012010403E3115AAFEF7B6FE002801D06B
:1084D000B3200AE029681798884201D9872004E070
:1084E000286081B2204600F04AFD18B0B0BD80B5CA
:1084F000F0F716FD80BD10B50C244C43FDF7D6FEF9
:108500000019417910220A4342711620EFF74CFA04
:10851000EFF7D0FB10BD000041000A4A0A404008B6
:108520000949014088188100084A0A408008084922
:10853000014088180101074A0A4000090649014024
:1085400088187047AAAA010055550000CCCC070036
:1085500033330000F0F000000F0F0000704780B5CB
:10856000F0F71FFDF1F7E4FA80BD0000F0B5104A06
:10857000891849094A1C94B272B60021002C13D004
:1085800003889C4210D8641E41680D4606D0002620
:108590000D462D68761CB7B2BC42FAD82C684460F0
:1085A00000242C609A1A028062B60846F0BDC046CC
:1085B000FFFF1F00F8B50D4606464024F8F76AFC99
:1085C00002462F5D2C463834E86B0028394608D027
:1085D00000961646F3F75CF83246009E0020E863EA
:1085E000217A14202070022903D1B08B0849014060
:1085F000B1830848006890214058C06B0068816BC7
:1086000069648563D019017A491C0172F8BDC046BE
:10861000FFFB0000C4140020F0B587B00446080634
:108620000D9D52D00195FF201546854301260593E7
:108630000C9B1F460096374003977E421640F2B2CD
:1086400052190692254D059F3A462A401E469D071F
:10865000ED173D40049003062B409B18022030404C
:108660000290481E0590C8B241080026C8B2C20058
:10867000A01845680298002801D118480540A05864
:108680000246049FBA43039F002F01D1384600E001
:10869000C0B282180698904201D1AB4218D0AB42CA
:1086A00003D804D10698904201D94E1C01E0481E1F
:1086B00005900598801BC0B2401CC2B251088919B0
:1086C0008242D3D00020019D04E00021084601E051
:1086D000019D0098297007B0F0BDC046FFFFFF0064
:1086E00010B50021064B074A0E2905D01C8884428C
:1086F00003D09B1C491CF7E7114688B210BDC04649
:10870000C4FA0510FFFF0000B0B50C4615494143FF
:108710000D0A154988420DD301201070144A00211A
:1087200028460B46F4F774FA681A40084018000A05
:1087300010490CE0002111700C4A28460B46F4F752
:1087400067FA681A4008401800091D21C9434143CF
:108750002060481900022721C90040180149EEF79E
:108760008BFCB0BD710200001F89010012111111B4
:108770004F1BE8B4D4FEFFFF044800685621405E5A
:108780000D2141434031C8117047C046C414002038
:10879000002070477CB5044600694669002E12D05F
:1087A000A069E16901900091606A022501AA6B4607
:1087B0002946B047002806D0FDF7EEFC00202062D5
:1087C000E07D2843E0757CBD0022826202462832AB
:1087D0000B68002B04D04B68C36218604A60704776
:1087E00005C10839C16270477047000070B5044682
:1087F00000280AD0A07800F0CDFB16490D682E465F
:108800000836002805D0297B07E0124805682E4667
:108810000836297B10291BD30020FF2202322A822E
:1088200000010906090F40182873002C01D0E069E7
:1088300001E000F0C3FB3060287B0F210140E88994
:10884000C840C00704D00020EFF7AEF8EFF732FAC7
:1088500070BDC046C4140020C01CC0B2042802D39E
:108860007E20C04302E0C1000148C840C0B270474A
:10887000B3B7B400E0B50146002000905022034693
:10888000F6F7D0FAFFF7E8FF8CBD000001480021A1
:1088900001707047E1140020BCB50346064D2878EE
:1088A0000C210091012400222146F6F7D6FA2C7003
:1088B000FFF7D2FFBCBDC046E1140020F8B5047834
:1088C00002252146294302291ED1FAF775FA0F49DC
:1088D000096860228B5A401C82B29A4210D2002C46
:1088E00008D0022CF7D1D7004E6EF75D2F43022F30
:1088F000F1D106E0D7004E6EF75D002FEBD100E01E
:108900004E6ED00080190838F8BDC046BC14002057
:1089100080B5027C0B7C9A4206D1202A07D0102A0F
:1089200009D18989808908E00020C04380BD1022D8
:10893000F0F7DBFA80BDC968C068401A80BDFEB59B
:1089400017460E4600240C70147002931C70F2F748
:108950007DFE002809D00546807A002807D0F1283E
:1089600005D0FB2816D1B02419E0862417E0012099
:10897000019030702846214600F02AFB387001280B
:108980000DD102203070E97A4907890F04D002998D
:10899000087004E00C2402E002980199017020465E
:1089A000FEBD10B50C46F2F751FE002805D0817AC5
:1089B000F12902D1007CA04201D2B62010BD0020D6
:1089C00010BDF0B595B0019317460391002514959D
:1089D00013951295119511A90DAC04902246FDF73F
:1089E000D7F90F200290265609A9204600F00EFB69
:1089F000002E67D409A80299445605A900F006FB89
:108A0000002C6CD411A8002410222146F0F766FA3D
:108A1000FDB2112D21D3201D81B210220DAB039880
:108A2000F6F746FE0020102807D00DA9095C11AA10
:108A3000135C4B401354401CF5E711AD0DAE049888
:108A400029463246FDF7A4F9102228463146F0F7B0
:108A500041FA103F1034A4B2DAE7102D08D1201DDE
:108A600081B210220DAB0398F6F722FE09A814E09C
:108A70000DA800211022F0F731FA380608D00DA811
:108A8000431B1033201D81B203982A46F6F710FECF
:108A90000DA8401B8021C17305A8019A002110294F
:108AA00009D00DAB5C5C435C634011AD6C5C5C4019
:108AB0006C54491CF3E711A90498FDF769F90020EB
:108AC00015B0F0BD11A8872101700F2D92D009A813
:108AD000415D11AA525D4A4042556D1CF5E711A84F
:108AE0008721017000200F288CD005A90A5C11ABEA
:108AF0001B5C53400B54401CF5E7B0B5054600889D
:108B0000FDF7A4FC002815D0044672B6783029463B
:108B1000FAF77CF84B208000201862B60B2100F099
:108B20008AFA2C20205C8425032804D12046F0F703
:108B3000CDFA00E002252846B0BD000070B504461D
:108B4000144E3168084628300268002A08D01046C2
:108B50002830A242F8D128312046FDF713FB70BD22
:108B60004869A04201D1FDF717FBE06A4068006840
:108B7000002803D0FEF782F8054600E0A56A3168B8
:108B800018312046FDF7FEFA00212846FEF78EF840
:108B900070BDC046C814002001484168016070479C
:108BA000F81300200348006800218160C160016162
:108BB00001607047D4140020F8B501201C21294A17
:108BC0009047294F3860294DA88D401E0326304319
:108BD000401C8008C01C04242146224A9047396862
:108BE0004860E88D401E3043401C8008C01C214670
:108BF0001C4DA8472A46396888601C4D288E401EA7
:108C00003043401C8008C01C214690473968C8602A
:108C100000F018FA3868426800211180518083689A
:108C20001980D180AF8D7F1E37437F1CBF0897808E
:108C30005980D980EF8D7F1E37437F1CBF089F80EE
:108C4000C768398002614361F9802A8E521E32431F
:108C5000521C9208BA80798087612246F0F73EF96B
:108C6000F8BDC046E58F0410B4140020FC130020AA
:108C700070470000FEB51F4601920291054601248F
:108C800078212046F0F7AEF9E12189005A2281527D
:108C9000244E3060012D17D101200621F0F7A2F9F2
:108CA000014630688163012F0ED101250E27284629
:108CB0003946F0F797F93168C86428463946F0F725
:108CC00091F9014630680165029901290BD101989B
:108CD000012805D11C200121F0F784F93168C86210
:108CE0001148847E01E00021C16214212046F0F782
:108CF00079F9316848650D4C042101222046EFF7CF
:108D0000FFFD316808620325022220462946EFF75D
:108D1000F7FD31684862064A072308462946F0F7FE
:108D20006FF9FEBDB8140020FC130020F8130020DA
:108D3000A5DA0510E0B501460023009302202622A3
:108D4000F6F770F8002800D081208CBD80B500F0C7
:108D500083F980BDE0B5022801D3FF280DD10022A0
:108D600000926B4618700192581C0622F0F7B2F878
:108D70000199009800F08AF98CBD12208CBD4178D1
:108D8000427D521CD3B28B4200D8114641757047C8
:108D900080B5818900F0B6F980BD0000BFB50446FA
:108DA00000F0C0F90546002806D10E48014600F043
:108DB000B9F90546002802D02878022801D20020FF
:108DC0000DE003A902AA01AB2046FFF7B8FD002879
:108DD00004D1287802A909788142F0D2C02004B0D9
:108DE000B0BDC046FFFF0000F8B50546C00621D45F
:108DF0000E46134800684B21405C002400071AD53A
:108E0000174600930F4800686907C90E40180069AB
:108E1000142203232946F0F7E7FC00280DD0014671
:108E20000098C8604F810E81074848602846F0F7D7
:108E300037FD00E086242046F8BD0724FBE7C04646
:108E4000C4140020B4140020BF050610F8B5054670
:108E5000C00621D40E46134800684A21405C002415
:108E600040061AD5174600930F4800686907C90ED7
:108E700040180069102203232946F0F7B5FC0028AA
:108E80000DD001460098C8604F810E8107484860A8
:108E90002846F0F705FD00E086242046F8BD0724AB
:108EA000FBE7C046C4140020B4140020C30606101B
:108EB000F8B50546C00621D40E46134800684A217D
:108EC000405C002480061AD5174600930F480068BE
:108ED0006907C90E401800690F2203232946F0F7DD
:108EE00083FC00280DD001460098C8604F810E8198
:108EF000074848602846F0F7D3FC00E08624204667
:108F0000F8BD0724FBE7C046C4140020B4140020B9
:108F10003DD80510074A126848321268002A07D067
:108F20005388834202D193888B4201D02032F4E7E8
:108F300010467047BC14002070B594B014460E461D
:108F40004178801C6A46F9F73AF90546002807D1AE
:108F50000020307069463E3106222046EFF7BAFF06
:108F6000284614B070BDE0B50B460146008900905C
:108F700001200C22F5F756FFFFF76EFC8CBDE0B523
:108F800003460091022001210C22F5F766FFFFF74E
:108F900063FC8CBD142803D840B202A1085C704762
:108FA00008207047000101030303020508080808B0
:108FB00008080808080808070600000080B5FDF743
:108FC00089FB02480068406880BDC046C814002084
:108FD000B0B50246C37A847A0120F12C04460ED142
:108FE0005D07AC0F05D0147C0322102C03D014466F
:108FF00002E0022403E00424002D00D41446DA0722
:1090000000D02046002900D02046B0BD10B502781F
:1090100052000A70491C00220F2A0BD083185B787B
:109020005B008B548456002C02D5012423438B54BF
:10903000521CF1E710BDEFF3108272B6417582F356
:10904000108870470348006800210174C1810173D2
:109050007047C046C4140020B0B50124204600F07B
:1090600073F80546204600F097F828430AD10648D1
:109070000068902140580C30F8F719FF00F0A6F86E
:109080000020B0BD0C20B0BDC4140020F0B587B0E6
:109090000C460546069105900126304600F054F82E
:1090A0000746304600F078F838431DD1E8B2FF2873
:1090B00005D10590FF2109060C400694054610488D
:1090C00000689021405803A9019104A900910C3037
:1090D000012329462246FDF719FB002806D005A8E2
:1090E000012100F074F805E00C2006E003A80078E8
:1090F000002801D0002000E0072007B0F0BDC046E6
:10910000C41400201CB51F2903D801AA118040688F
:1091100005E0406801AC2246FCF7A8F82188401819
:1091200000791CBD074A126858321268002A07D01D
:109130009388834202D153888B4201D00832F4E7EE
:1091400010467047BC140020F8B50090F4F70AFEF2
:1091500001464D200A5C472083005A4300200D4DF4
:109160000646B24212D00F68BF19AA243C5BAC423B
:1091700003D0BA243C5D012C01D0F618F1E7009829
:10918000002804D0AF20385C411E8841F8BD012082
:10919000F8BDC046FFFF0000B0B505460024FCF74F
:1091A0003DF8012810D1FCF73BF8FF21DC31415C90
:1091B000C90709D0002D06D0ED21490040180078DC
:1091C0000124044000E001242046B0BD70477047F0
:1091D000FEB50500002772488760724CE06CC00540
:1091E00004D540221106280000F08EFAE06C01261A
:1091F000304005D064226C492800443000F084FAE5
:10920000E06C800705D5642268492800A83000F08A
:109210007BFAE06C400706D5642265498620400051
:10922000281800F071FAB820400029180F60E26C8D
:10923000B003024007D04A68002A04D10E60E16CF6
:109240005C4A0A40E2645C4909682964216D009D1A
:10925000084005D0242259492800E43000F054FA8F
:10926000206DC00605D55822554928008C3000F0E5
:109270004BFA206DC00508D52068800405D4302243
:10928000504928005C3000F03FFA206D400505D5BC
:1092900030224D4928002C3000F036FA206D800233
:1092A00005D52C228221C905280000F02DFAA06DD9
:1092B000304008D0019845490968022211400160F8
:1092C000434909684160A06C029D06400DD02022F0
:1092D0009121C90590204000281800F015FAA0221D
:1092E0003C492800803000F00FFAA06C400305D5FF
:1092F0000C2239492800743000F006FAA06CC00333
:1093000002D5364800682867A06CC00405D518222D
:1093100033492800583000F0F7F9A06C400705D514
:109320002C229021C905280000F0EEF9A06C00075E
:1093300005D52C222B4928002C3000F0E5F9A0207F
:1093400040002818A16A0160216B4160A16C816016
:10935000216DC160002024490A68503A09991368B8
:109360000406A40D0B51401C121DC3B2142BF6DBD6
:1093700008981E490A6802601D4A12684260BA00D5
:109380001C4B9B58821893607F1C082FF7DB896960
:109390008162C6490A68C26249680163F7BD00007C
:1093A0000400002008004048002000400050004019
:1093B00000600040FFBFFFFF04100040007000414C
:1093C0000060004100500041004000415416006020
:1093D0002814006000007048000060480000304819
:1093E00000002048000010480000041008ED00E0D4
:1093F00000E100E000E400E0FFB581B0B8214900E1
:109400004018AB4C0025016800290BD00560E06CCA
:109410008021C9010143E164E06C8021C901084059
:1094200000900098A3488068002800D13CE100200B
:10943000A1490A68503A0B9903069B0DCB5813605B
:10944000401C121DC3B2142BF6DB0A999B4A086814
:10945000106048689A4B186000239A4F98000E18C5
:10946000B6683E505B1C082BF8DB049E886A90614E
:109470008E480A6B42608560C96A0160882040009E
:109480003718386BA062786B2063B86BA064F86BF8
:109490002065A06CC00717D520229020400031180D
:1094A0009120C00500F030F930008430056045613E
:1094B0008562C5630565456685673D60A02231000C
:1094C0008031814800F020F9A06C400305D50C22C2
:1094D000310074317D4800F017F9A06CC00305D548
:1094E0007B48D02149038160316F0160A06CC004CA
:1094F00005D5182231005831764800F005F9A06CE6
:10950000042738400BD09020C005316A0162716A8F
:109510004162716941612C22310000F0F5F8A06CC4
:1095200000070BD56C48F16C0162316D4162316C02
:1095300041612C2231002C3100F0E6F8E06CC005CE
:1095400004D540220199100600F0DEF8E06CC00757
:109550000ED50198466C406C0121884301994864FE
:109560005E4D642201994431280000F0CDF82E6050
:10957000E06C019DA83580070DD52868009028680B
:10958000012188432860564E64222900300000F0F3
:10959000BBF800983060E06C07400ED06E6E686ECD
:1095A0000121884368664F4D642201988621490055
:1095B0004118280000F0A8F82E60029D0198006C68
:1095C00049490860206D40041AD528008830C06DD4
:1095D000009028008830C06D4021884329008831E0
:1095E000C865424E0C222900E431300000F08CF8AE
:1095F00014222900F4313E4800F086F800983060CB
:10960000206DC00605D5582229008C31394800F05C
:109610007BF8206DC00514D52068800411D4E86D56
:109620000090E86D01218843E865334E242229002B
:109630005C31300000F068F888202858F06200980B
:109640003060206D0126F64340050FD5E86A009092
:10965000E86A3040E862294F242229002C31380082
:1096600000F052F8A86DF86200983860206D800212
:109670000BD52F68286806402E608226F60520222A
:109680002900300000F040F83760A06DC0070BD50E
:1096900003980168002904D019490A68022313437A
:1096A0000B6040681749086005B0F0BD10E000E0AD
:1096B00008004048040000200000041008ED00E00D
:1096C00000E100E000E400E00000704800006048B5
:1096D00000003048000020480000104800200040F2
:1096E0000050004000600040041000400070004145
:1096F00010700041006000410050004100400041F6
:10970000541600602814006030B5002303E09C006C
:109710000D5905515B1C9408A342F8D330BD0000DD
:109720000148804701480047A5D90410D99A05107F
:1097300081B0A64801688903FCD5816802220A43EA
:109740008260002102E000BF0099491C009100994D
:109750000629F8DB816804220A43826001B0704761
:10976000FEB5032000F056F9002700200026002552
:1097700096498968090700D50120954C20709348C7
:109780000068C00608D5012631030120FAF7E9F880
:1097900071030120FAF7E5F88C480068400700D50E
:1097A0000125032000F037F98A480121BA2252002E
:1097B0008150A7218900611801919A2189006118BF
:1097C00000918A214900631808396218211DFFF7AA
:1097D000FFFC029702A8F3F7C5FE7F487F490161AD
:1097E000FF21816301680122914301607C48016887
:1097F00004220A430260052000F00CF9FAF704FD88
:10980000A5706670F7BD7CB5764E704C704D68786B
:1098100001280AD17448716A01407162B16A084036
:10982000B0622068102101432160A878012803D18B
:1098300020680421014321606948016804229143A2
:109840000160A7208000281801909A208000281825
:1098500000908A2040002B1808382A18291D5D48DE
:10986000FFF7CAFD052000F0D6F8042000F0D2F87A
:1098700030685E490140316020688003FCD528785B
:10988000012805D1FFF754FF2068594901402160A4
:109890006878012802D120688006FCD5A8780128C4
:1098A00002D120680007FCD5206EC00703D55148BF
:1098B00000680F28FBD050488068002801D0F3F7DB
:1098C0009FFE3069C005FCD5042000F0A4F873BDEC
:1098D0003EB5002000F09EF800203D4C0021218084
:1098E000A070464800680125000700D52570C020FB
:1098F0008001F3F70FFE002000F08DF83548BA2103
:1099000049004550A7218900611801919A218900D9
:10991000611800918A214900631808396218211DD5
:10992000FFF756FC2C4C2D482061FF20A0630295C8
:1099300002A8F3F717FE2068A843206028480168B2
:1099400004220A430260022000F064F8FAF75CFC8B
:10995000022000F060F837BD7CB521480168042280
:10996000914301601A4CA7208000201801909A2092
:109970008000201800908A20400023180838221800
:10998000211D1448FFF738FD012000F043F8154D64
:1099900028681649014029600C4E30688003FCD5C8
:1099A0002078012805D1FFF7C3FE30681049014037
:1099B000316011488068002801D0F3F721FE286942
:1099C000C005FCD5012000F026F873BD000040481A
:1099D00044060020080C002000005048FFFF000053
:1099E00010ED00E004005048FFCFFFFFFFFEFFFF37
:1099F000FFDFFFFF1018006004000020080040484F
:109A000080B500F009F8F3F7A6FD01BD80B500F0C0
:109A10000BF801BD7047704702480168022291436C
:109A20000160704710E000E00248016802220A432A
:109A30000260704710E000E002484168027889182F
:109A40004160704778050020FEE7FEE770477047E9
:109A500080B5FFF7F1FF01BD1C480168890600D4FD
:109A6000704780B580686946087001216846ECF748
:109A700027FD01BD80B51648ECF73CFC01BD80B563
:109A8000ECF7E9FB01BD80B5ECF7EBFB01BD80B560
:109A9000EBF740FD01BD80B5EBF776FD01BD80B56C
:109AA000EBF74AFD01BD80B501219020C005F3F719
:109AB00085FC01BD10B5074C20212000F3F77EFC8A
:109AC0008021C9012000F3F779FC10BD1C40004142
:109AD0006C140020000010480548014603B4684695
:109AE00080F3098800BF00BF00BF00BF00F002F88C
:109AF000A5EDF5FE00F00DF8002801D000F00CF8FF
:109B000000BF00BF002000BF00BFE8F76BFA00F005
:109B100017F801207047000010B507497944183143
:109B2000064C7C44163404E0081D0A6889188847EE
:109B30000100A142F8D110BD98740000D474000057
:109B400080B500F001F801BD07463846FAF78EFBF4
:109B5000FBE7000080B50D49794430310C4A7A4466
:109B60002E32914203D00B4900BF00BF02BD6946AF
:109B7000087001220120F3F78FFC012802D168460A
:109B8000007802BD0020C04302BD00BF7464FAEF3C
:109B90007064FAEFF005002010B504460A4800682A
:109BA0000069902101221346EFF71EFE002804D021
:109BB000014644609020EFF773FE0448006884215A
:109BC000425C521C425410BDB4140020C414002046
:109BD000FEB53B4D286810300021062905D004C889
:109BE000528801AB5A52891CF7E772B6286804689C
:109BF0000027076062B6E00702D0002000F064F89A
:109C0000A00702D5012000F05FF8600702D502200E
:109C100000F05AF8200702D5032000F055F8E006BE
:109C200048D5042000F050F844E0780001A90E5A0D
:109C30000097BF002868C019006901880288B242F5
:109C40002AD08908891C89004418A17803220A4077
:109C5000012A02D0002A03D11EE0817A083004468E
:109C6000480603D42046F7F7A4F80AE0E078132862
:109C700007D2800013490A58211D2046904700282A
:109C800005D12868C019006921880180D5E7002026
:109C9000EDF78AFEEEF70EF872B62868C019006973
:109CA00041880288914202D100210180418062B640
:109CB000009F7F1C032FB8D100F014F8FEBDC046F2
:109CC000B414002038170410E0B501AAD0700120A8
:109CD000907010205070042111701046FEF7D6F9D4
:109CE0008CBD000010B586B01548046802A801A913
:109CF0006A4600F027F800281FD002A80178E08902
:109D0000C840C00719D0019A009B03A8082484709A
:109D10001C0EC4721C0C84721C0A44720372C27141
:109D20008171FF2141708221017000214171042263
:109D30000271C1700C21FEF7A9F906B010BDC04632
:109D4000C414002070B503460948046872B6207C2C
:109D500000252574257B0F262E401E70237B1B09B2
:109D60000B70A1681160411E884162B670BDC0468B
:109D7000C4140020F0B587B03148046806A90491E6
:109D800000200190087005AE01203070FDF7C4FF7F
:109D90005D200394275C781E3D4685412020384095
:109DA00044420290444104983146F4F72DFA002FC2
:109DB00001D101283ED12C4038D105A800780028D7
:109DC00034D0039C20465D30C07B002834D028343A
:109DD000029D002D03D02178002000F033F806A862
:109DE0000078012802D10020E7F78AFFEDF7C8FCD0
:109DF000002804D100200121EDF78EFD0190002DF7
:109E00000AD02178012000F01DF8002804D0019824
:109E1000002801D0EDF7A8FD06A80078012809D197
:109E20000620EDF7C1FDEDF745FF03E001200146F7
:109E3000EDF772FD07B0F0BD00200121F8E7C04644
:109E4000B814002000207047B0B55E2806D10C4839
:109E500004685D3400256057002800D4B0BD6078E8
:109E60000228FBD1557080201070C8B21146EEF761
:109E700057FB657020787F2101402170B0BDC0463E
:109E8000B8140020074909685D228A5C88231A42B9
:109E900004D0723109884140080501D00020704784
:109EA00001207047B8140020B0B504468088002512
:109EB000800501D4284606E062892189022000F04D
:109EC00027F8002800D0B0BD20896189042902D17B
:109ED000EEF728FDEEE7F5F789FC61892089F5F7B3
:109EE0009BFC00202081094909684B6BA34205D0E7
:109EF0001A461B69A342FBD1103201E00A463432F4
:109F0000236913600A6B22610C63B0BDBC1400208E
:109F1000F8B50446C00608D40D4619480068492122
:109F2000405C800703D4002727E0862725E01646FB
:109F3000144800686107C90E4018006959220323BC
:109F40002146EFF751FC002816D0014606738572B2
:109F50000C204872022008720027CF7106208871F9
:109F6000FF20487182200871300A4873280AC8729D
:109F70002046EFF795FC00E007273846F8BDC046BD
:109F8000C4140020B414002080B581080A48006879
:109F90003430006800280ED042788A4201D0103058
:109FA000F7E70121490282880A4382800720EDF702
:109FB000FBFCEDF77FFE80BDBC14002080B540693E
:109FC000014900F003F880BD899F0510FEB502919C
:109FD00005464778006AC45DEEF7D2FFC0080190DD
:109FE0002046C2B2BA420DD053006E6AF35A2E78A0
:109FF000761D0199F140591A09B2012903DC286A3A
:10A00000805CEEE73846296AC855C6B22846314614
:10A01000FAF7B5F9E0B2B04206D0296A0F5C0C54E9
:10A02000029988473C46F5E7FEBD00007CB5044632
:10A030008068418904291AD160688189491C89B2E4
:10A04000F5F753FB0546172800D817251D4E308A13
:10A05000854200D30546A3689888C0060FD41989A5
:10A0600002202A4600F030F8002814D07CBDC368D6
:10A07000022000210622F8F7B5FD86207CBDD88895
:10A08000A8420ED00833422003210222F5F73EFBFE
:10A090000028EBD105E0A068C580818810220A4322
:10A0A0008280308A01AB587003251D70000A9870B9
:10A0B000A068C468A18920462A46F5F70DFB658093
:10A0C00000207CBDFC130020F8B50446C00608D46F
:10A0D0000D46194800684921405C400703D4002719
:10A0E00027E0862725E01646144800686107C90E58
:10A0F000401800695A22032721463B46EFF774FBBC
:10A10000002815D00146067385720C2048720F7224
:10A110000027CF7106208871FF20487182200871C6
:10A12000300A4873280AC8722046EFF7B9FB00E0EE
:10A1300007273846F8BDC046C4140020B4140020D8
:10A1400080B502480068804780BDC04638060020C0
:10A15000F0B595B005460488F1F721FE014620468A
:10A16000FEF7D8FE8626002800D108E204462F8894
:10A170002846F1F714FE01463846F1F715FE08901F
:10A180002078FB21014021700C273846EDF70CFCAC
:10A19000EDF790FD2846FEF7FBFD012807D160880A
:10A1A000FFF770FE002860D0204600F049FA2078C2
:10A1B0000022010757D4A379591E112900D9DEE1E5
:10A1C000079249007944898849008F44C5000201FB
:10A1D0000F01990099001F01640175017C01B9010B
:10A1E000A600A600B8001100B00011001100B000D8
:10A1F000C00600D5A7E0A28861880A202B4600F09F
:10A200002BFA002800D0B4E1A079112800D1B2E1E6
:10A21000637A21690891102800D0D0E10693A889BB
:10A22000401C81B22846F5F760FA0590A889C01C49
:10A2300081B22846F5F759FA0026A2896988491F94
:10A240009142049000D0CFE1384606994843089ADD
:10A2500010188068618941182846154600F02EFACA
:10A26000069B0390C4E1164689E109A90FAA0EAB2B
:10A27000284600F02EFA00282BD02846F1F708FADD
:10A280000EA80078122808D160880421F1F78CFD0F
:10A290008188012292020A438280A079012804D198
:10A2A000089B99880422914399800EA909780A296C
:10A2B00008D0072902D10A2800D175E72178102299
:10A2C0000A4322700E2800D171E7102800D16EE7F2
:10A2D0006AE709A800780790A38862880FA8008819
:10A2E00021460EAC2478009001940C4602201146C1
:10A2F0001A46079B00F008FA0028BED006463EE149
:10A30000A28861880A202B4600F044FA002800D079
:10A310002FE1284600F070FAC8E0A28861880A2080
:10A320000B2B00D020E12B4600F07CFA1FE1A28825
:10A330006188022000F0A8FA002800D019E1284620
:10A34000F1F7A6F917E16089002800D113E1002692
:10A3500026720F20A07112E1A889401C81B2284604
:10A36000F5F7C3F90646172800D81726B348008A20
:10A370008642089F00D30646B888C00614D5F888E0
:10A38000B04211D03B460833422003210222F5F7A8
:10A39000BDF9002800D0ECE02078102101432170A5
:10A3A000B88804218843B8802078C00600D5FE888C
:10A3B000618802203246FFF787FE002800D0D8E0EF
:10A3C000FE80B8880821014304208143B9802046DB
:10A3D000DCE0A28861880A202B4600F091FA002870
:10A3E00000D0C6E0284600F0BDFA0BE0A2886188E4
:10A3F0000A202B4600F0CCFA002800D0B9E028460D
:10A4000000F0F8FA8C49884253D1B4E0284600F0B5
:10A41000FEFA089060890EA9088020460C3007904B
:10A4200009A80C3005900FA8401D06900026F7B231
:10A430000FAA2846394600F0F1FA002800D0A1E022
:10A440000898072805D109A810210174022205984F
:10A4500003E009A88021017410220699EEF73AFD65
:10A460000EA80FA90222EEF735FD09A8079900F002
:10A47000F1FA00280DD1A288618808980090019512
:10A480004743B81C83B2022000F014FB002800D020
:10A4900082E0761CCBE7A28861880A202B4600F078
:10A4A0005FFB002865D1284600F08CFB618988425B
:10A4B00061D2401C208161E0A28861880A202B467D
:10A4C00000F09AFB53E0284600F0A1FA06460694F5
:10A4D0006088FFF7D7FC089002246888A3B2834203
:10A4E00053D2089801280ED1A889001981B20FAF64
:10A4F000284632463B46F5F7DBF85E2031463A46C1
:10A50000FFF7A2FC1AE0069FBA88798800960195A9
:10A51000022000F0CFFA00282BD1387F10280DD16F
:10A520000698008B4249884208D106984088042149
:10A53000F1F73AFC81883F4A11408180A419CCE7A9
:10A54000A28861880A202B4600F088FB002810D1E1
:10A550000898C088411E6888401E82B291420AD87D
:10A5600061890818608109E02B4600F0A9FB0028EA
:10A5700001D0842603E0204600F062F8079E3046B2
:10A5800015B0F0BD0EA800880AE0069800F058F853
:10A590002846F1F77DF8F1E70E98401E0EA90880D5
:10A5A000618982B28A4202D2401C208102E02046A8
:10A5B00000F046F82846F1F76BF80026DFE76189DE
:10A5C000089AA0894018608180B25F43D1198988B8
:10A5D0008842D3D1207A401E984224D90026668131
:10A5E000607A401C6072CAE7F0430390069B089DA6
:10A5F000394659436A5A2846059D95420BD1024671
:10A6000041184A8861898A18049DAA4203D10246EA
:10A6100003980028D5D026720F20A0712078102131
:10A6200001432170ABE7012020720F20A071A5E744
:10A630002A2B0000FFFB0000FFFF0000FC1300209E
:10A6400080B5017808220A4302700C20EDF7ACF9BE
:10A65000EDF730FB80BD0000F8B50546C00621D4FB
:10A660000E46134800684A21405C002400071AD5B2
:10A67000174600930F4800686907C90E4018006923
:10A680000E2203232946EFF7AFF800280DD001462C
:10A690000098C8604F810E81074848602846EFF750
:10A6A000FFF800E086242046F8BD0724FBE7C046FB
:10A6B000C4140020B414002025D3051080B50B4627
:10A6C00042888189491D89B2521F92B2F8F79CF9DC
:10A6D00080BDFEB50E464188052912D11C4615469F
:10A6E0008189052201AF3B46F4F7E2FF78783070AC
:10A6F000B878F9780902081828800298207000209C
:10A70000FEBD8620FEBD0000F8B50446C00608D494
:10A710000D461E4800684A214056002804D40027F0
:10A7200000E086273846F8BD1F46164618480068E0
:10A730006107C90E401800695D2204232146EFF726
:10A7400053F8002820D00146079A06980090C87355
:10A750000E738D720C234B7211230B723846002737
:10A76000CF710A238B714A748873FF224A71822247
:10A770000A710098000A0874300A4873280AC872DF
:10A780002046EFF78DF8CDE70727CBE7C41400206C
:10A79000B4140020F8B50546C00621D40E4613486F
:10A7A00000684921405C002480061AD517460093B2
:10A7B0000F4800686907C90E401800690922032381
:10A7C0002946EFF711F800280DD001460098C8601F
:10A7D0004F810E81074848602846EFF761F800E096
:10A7E00086242046F8BD0724FBE7C046C414002099
:10A7F000B4140020DDD40510BCB504468089401C8B
:10A8000081B22046FDF7EFFC6188081AA189401843
:10A8100081B2022201AD20462B46F4F749FF288879
:10A82000BCBD0000F8B50546C00621D40E4613484D
:10A8300000684A21405C0024C0071AD017460093E4
:10A840000F4800686907C90E401800690C220323ED
:10A850002946EEF7C9FF00280DD001460098C860D0
:10A860004F810E81074848602846EFF719F800E04D
:10A8700086242046F8BD0724FBE7C046C414002008
:10A88000B41400206DD50510F8B50446C00608D4F0
:10A890000D46194800684A21405CC00603D40027D1
:10A8A00027E0862725E01646144800686107C90E90
:10A8B000401800695B2203232146EEF795FF00282C
:10A8C00016D00146067385720C2048720D2008725E
:10A8D0000027CF7106208871FF20487182200871FF
:10A8E000300A4873280AC8722046EEF7D9FF00E004
:10A8F00007273846F8BDC046C4140020B414002011
:10A90000F8B50546C00621D40E46134800684A2112
:10A91000405C002480071AD5174600930F48006852
:10A920006907C90E401800690D2203232946EEF776
:10A930005BFF00280DD001460098C8604F810E8152
:10A94000074848602846EEF7ABFF00E08624204623
:10A95000F8BD0724FBE7C046C4140020B41400204F
:10A960004DD40510BCB504468089401C81B22046F8
:10A97000FDF739FC6188081AA1894018801C81B252
:10A98000022201AD20462B46F4F792FE2888BCBD7A
:10A99000F8B50546C00621D40E4613480068492183
:10A9A000405C0024C0061AD5174600930F48006883
:10A9B0006907C90E40180069082203232946EEF7EB
:10A9C00013FF00280DD001460098C8604F810E810A
:10A9D000074848602846EEF763FF00E086242046DB
:10A9E000F8BD0724FBE7C046C4140020B4140020BF
:10A9F000FDD105101CB5818942885118891E89B284
:10AA0000022201AC2346F4F753FE20881CBD80B51A
:10AA10008189491C89B2FEF775FB80BD70B514466B
:10AA20000E4605468089401C81B22846FDF7DBFBB7
:10AA300002464643B01C6988884208D2A989081892
:10AA400081B228462346F4F733FE002070BD8620ED
:10AA500070BD000070B58AB00C46014605AD1426E5
:10AA600028463246EEF736FA684621463246EEF779
:10AA700031FA287C802807D005AC0D490C222046ED
:10AA8000EEF728FA0020E0816846007C802807D095
:10AA90006C4607490C222046EEF71CFA0020E081A4
:10AAA00005A869461022EEF720FA0AB070BDC0462C
:10AAB00007110610F0B587B00546C00643D40E4610
:10AAC000244800684B21405C002480073CD5049258
:10AAD00005930C9A204800686907C90E4018006960
:10AAE0001E490692511803220A43113291088BB273
:10AAF0005E222946EEF778FE002828D007460D99F9
:10AB00000698009003910191381D3146049A059BE7
:10AB100000F008F9280704D50398F0F7B9FDF720ED
:10AB200005400C20787212203872FF207871822044
:10AB300038710698C01DB871000AF8712846394668
:10AB4000EEF7AEFE00E08624204607B0F0BD0724F5
:10AB5000FAE7C046C4140020B4140020FDFF03002F
:10AB6000FEB50446C00624D41646134800684922A0
:10AB7000805C002500071DD51F46019102950F48F6
:10AB800000686107C90E40180069072503232146A4
:10AB90002A46EEF729FE00280CD00146C760468100
:10ABA00001980881064848602046EEF779FE029D2C
:10ABB00000E086252846FEBDC4140020B414002001
:10ABC00075D20510BCB504468089401C81B2204670
:10ABD000FDF709FB1121C943012800D10E3160881E
:10ABE0004018A189081881B2022201AD20462B46E7
:10ABF000F4F75EFD2888BCBDF8B50546C00621D433
:10AC00000E46134800684921405C002440061AD5CE
:10AC1000174600930F4800686907C90E401800697D
:10AC20000A2203232946EEF7DFFD00280DD0014656
:10AC30000098C8604F810E81074848602846EEF7AB
:10AC40002FFE00E086242046F8BD0724FBE7C0461F
:10AC5000C4140020B414002065D60510F8B50546CC
:10AC6000C00621D40E4613480068492140560024EE
:10AC700000281AD5174600930F4800686907C90EC7
:10AC8000401800690B2203232946EEF7ADFD00288A
:10AC90000DD001460098C8604F810E81074848607A
:10ACA0002846EEF7FDFD00E086242046F8BD072487
:10ACB000FBE7C046C4140020B4140020D1D3051013
:10ACC000F8B50546C00621D40E46134800684B214E
:10ACD000405C002440071AD5174600930F480068CF
:10ACE0006907C90E40180069132203232946EEF7AD
:10ACF0007BFD00280DD001460098C8604F810E8171
:10AD0000074848602846EEF7CBFD00E08624204641
:10AD1000F8BD0724FBE7C046C4140020B41400208B
:10AD2000E9D505107CB51D46044602728171100AF2
:10AD30006072080AE071079EB089C01881B20222D1
:10AD400001AB3046F4F7B4FC0698801E20730199DD
:10AD5000A172090AE172B1896918891C89B20D349E
:10AD6000C2B230462346F4F7A3FC7CBDF0B589B0EF
:10AD700017460D46064600787488042845D00328F7
:10AD800077D17168086A00287DD00A7D102A74D1B5
:10AD9000098A494A914270D10097012107AA08AB5C
:10ADA000284600F08DF800286ED12888F7F7DEFFDE
:10ADB00007AA117807230B40059313707168096A7D
:10ADC0008B683E49C97A49084A1C042104900392C1
:10ADD0000293F7F7DDFF059A01461140814257D1F2
:10ADE0000298009004210498039BFDF7CFFA706845
:10ADF000006A0078C0073AD02E882846F0F7CFFFC7
:10AE0000024608A8008807A94CE0716888690028F4
:10AE100039D00A7D102A30D1098A264A91422CD194
:10AE20000097022106AA08AB284600F049F800283E
:10AE30002AD106A8008805907088801E81B2022061
:10AE4000FCF7D8FC002821D005998907890E4068B5
:10AE500000780840884219D106A80288288831461F
:10AE6000FDF712FB706880690078C00712D10020DE
:10AE70000AE003203870862006E021462A463B4639
:10AE800000F042F800E0842009B0F0BDFD20F1E7B9
:10AE90001320EFE72E882846F0F781FF024608A826
:10AEA000008806A90090019102203146234600F057
:10AEB00057F8E9E702290000292B0000FC130020C5
:10AEC000F8B51D4614460F460646F7F74BFE0E2111
:10AED000C943D22800D00C317088081882B2069974
:10AEE000BA4205D90D20087000202880862709E085
:10AEF00000270F702880B089C01C81B230462346DD
:10AF0000F4F7D6FB3846F8BDFEB516460C460546A6
:10AF100082688188009302AB3046FFF7D1FF00289A
:10AF200000D0FEBD2878810703D4A98802AA118029
:10AF300001E002996980C00701D10020FEBD378879
:10AF40003046F0F72CFF024602A80088A96800905E
:10AF5000019102203946234600F002F8FEBD0000B0
:10AF6000F0B585B00546C00645D42648006849249A
:10AF7000005D0024C0073FD00293039204910A9E13
:10AF8000214800686907C90E40180069711E032234
:10AF90000A43113291088BB258222946EEF724FC5D
:10AFA00000282CD007460B9801903E740299B97383
:10AFB000039B3B73049ABA72300A7874080AF873D8
:10AFC000180A7873100AF87238461230019932461E
:10AFD000EDF780FF0C207872012038720A36300AB3
:10AFE000F871BE71FF207871822038712846394689
:10AFF000EEF756FC00E08624204605B0F0BD07249D
:10B00000FAE7C046C4140020B4140020F0B589B09B
:10B01000054604AC284914222046E6F7F7FD012036
:10B02000264E31462246FCF7FDFB0024002804D0C2
:10B03000014628688288120603D42746384609B09C
:10B04000F0BD2A79FE2313408627042BF6D0008911
:10B0500001220292F8F778F88128EED028688188DA
:10B06000CA0502D500F030F8E7E7029A140221433E
:10B07000818028790228E1D128890128DED16889D8
:10B08000B042DBD1EA68107C1028D7D190890C49F6
:10B090008842D3D101203146FCF7C4FB0028CDD033
:10B0A00003A8048029680989009001200027054B26
:10B0B0003A46F0F7EDFDC1E718160410FFFF000057
:10B0C0002A2B000011FB0510E0B5C121490001AA9F
:10B0D00011800189009201200022024BF0F7D8FD77
:10B0E0008CBDC04605FB051070B58AB0044605ADA1
:10B0F0000DA1142628463246E6F788FD68460FA1C2
:10B100003246E6F783FD20462946FFF7A3FC0028D8
:10B1100007D069462046FFF79DFC01464042484162
:10B1200000E001200AB070BDFB349B5F800000800E
:10B13000001000000028000010000000FB349B5F9E
:10B1400080000080001000000128000010000000B6
:10B15000B0B58AB004468088000601D400254BE0D3
:10B160000120010209AA1180218900920025244BA7
:10B170002A46F0F78DFDA18889073DD400283BD1F0
:10B1800004AD204914222846E6F740FD01201E495F
:10B190002A46FCF747FB002812D00546FCF762FB65
:10B1A00000280DD001462089F7F7D3FD800712D47F
:10B1B000208900210122F7F7C7FF054681281BD10E
:10B1C00009A8802101802189009001200022104BD4
:10B1D000F0F75EFD0FE00D48039001AA04205080B7
:10B1E0006888108003A80290618920890092022259
:10B1F0000123F8F711F8054628460AB0B0BDC0464D
:10B20000F9FA05102C160410FFFF00000100FFFFE3
:10B2100005FB0510FEB50C4605462220124902909A
:10B22000085C00270326114B0195C1B28F4219D249
:10B230001968496B8A19D21E1288AA420FD1FF2CB5
:10B2400002D0895DA1420AD1F8B225461C4600F021
:10B250000FF823462C46019D02980349085C3436BA
:10B260007F1CE2E7FEBDC046FC130020C014002096
:10B2700070B5044622201049085CA0421BD90F4D2E
:10B28000296830200A5C521C0A543422544330315D
:10B290004868001983781B0705D5C378112B02D3A2
:10B2A0004B785B1E4B7046890021EDF717FE28682E
:10B2B000406B0019468170BDFC130020C0140020B3
:10B2C00070B514244443144D144800684821405C70
:10B2D000000713D52868C06A065B114800688069BA
:10B2E000062202210B46EEF77FFA002806D001461F
:10B2F0000C4848600E810220EEF7D2FA2868C06A36
:10B30000011900228A718A78F92313408B70005B3F
:10B31000FF21FFF77FFF70BDC0140020C414002080
:10B32000B414002047070610FEB50446EDF7C0FE32
:10B3300005462C20285CFE210140022958D10294A8
:10B340002F46E6373A79D00619D4F02401921440FA
:10B3500001212846EEF7B1FA064600212846EEF70D
:10B36000ACFA304306D00298EEF719FB002801D161
:10B3700020200443019A10262643788827E0C0261F
:10B380001C4800683921405600281CD5688F019060
:10B3900019480068806942211446232202252B4661
:10B3A000EEF722FA224600280DD00146019AC2711A
:10B3B00085715720487104200871100A08724220D4
:10B3C000EEF76EFA2246164078883988081A0A2362
:10B3D000434372B638798242029902D10320064370
:10B3E0003E7162B603480068A0300122EEF770FAA1
:10B3F000FEBDC046C4140020B414002080B504492A
:10B4000009689022895848310522EDF763FD80BD17
:10B41000C4140020F8B51E4614460D460746FAF738
:10B42000EDFFFF23062C24D80246C0467C44247935
:10B430006400A744030D1E071E1E1400012D01D138
:10B44000132316E0384629461C4600F015F804E0A0
:10B45000002138461C46FDF74EF8234609E001203E
:10B46000707003203070012D01D1122000E01320F4
:10B47000B0701846F8BD0000F0B585B00491002A00
:10B4800030D0144606465720870035467D43304667
:10B49000FAF70CFF03901449096890228958C96B88
:10B4A000486843190C22049D55435D1911231B0163
:10B4B000ED58A5420CD1154604994D4303994919FD
:10B4C000019149790291FE2502990D4001994D7132
:10B4D000049D6A437743C1198918CA180398214605
:10B4E000FAF7F4FE05B0F0BDC4140020FEB50293D7
:10B4F00001920E460546EDF7DBFD04460746903403
:10B500002846EEF731F90899042E06D1002804D018
:10B51000019A002A0CD00A220BE088880880012EAC
:10B5200002D1C0080E3801E080080F38029E0FE0FB
:10B530000822029E8A5A0A800088022801D001202F
:10B5400000E003200B4BD218C2400B481018C00873
:10B5500083B222889A4200D30246002E03D093B2CF
:10B56000C889984200D3104660803846F5F790FBB2
:10B57000FEBDC04688FEFFFFB5FF0700F0B585B0F1
:10B580001F4614460E460546EDF792FD0246284634
:10B59000039631461646FAF731FF611E062973D825
:10B5A000034630462C30C0467944097949008F441F
:10B5B00003036B296B2E5A000078032864D1029391
:10B5C000F81C044600F063F8002855D0387A019042
:10B5D0007F7A05222046029C2146F6F76CFC380251
:10B5E0000199401882B23046214600F06BF80222E1
:10B5F0002846039C214600F071F82846214600F0B9
:10B6000081F841E0B878012831D02A2130E0314674
:10B61000FA310A88318FC08A1C4600F083F804A9E9
:10B6200001910880204602942946FFF7E7FE012099
:10B63000B8700820787003203870F91C0522204665
:10B64000F6F739FC08370222019C20463946F6F706
:10B6500032FC22883046029900F034F828460399DB
:10B6600000F067F810E0284603991A460AE0232103
:10B67000304600F06DF807E02846F5F73BF928461C
:10B680000399029AFFF7F8FEFF2005B0F0BDB0B5B0
:10B69000014600791F2811D8002002460346252ABA
:10B6A0000FD007241440D5084D5DE540EC0703D0CA
:10B6B0005B1CDCB2022C03D0521CF0E70020B0BDB2
:10B6C0000120B0BDA823C1500921490142524018B0
:10B6D000817908220A43827170470000B0B5144690
:10B6E0000D46FAF7E3FD022C09D80C2169434018F6
:10B6F000401DE100024ACA40017811430170B0BD0B
:10B700000204080010B50C46FAF7D0FD817F012233
:10B710000A4382770C2161434018417940220A4351
:10B72000427110BD491C514306224A43101880B291
:10B73000704710B50C244C43EDF7BAFC0119FF22F9
:10B740000E328B5C40241C438C5400F00FF810BD6B
:10B7500010B504462D2021544B2080002018FCF702
:10B76000BEF92D34207DEFF747F810BD88214058F1
:10B77000018804220A43028070470000F0B591B0AE
:10B780000B9314460E460746EDF792FC05460C97C0
:10B7900038460A963146FAF731FE0646601E0628FC
:10B7A00000D9D4E02F462C372C46FA34784400795F
:10B7B000400087440303CC1ECC2C7C00387803283F
:10B7C00000D0C4E00B9F7B893A89F8882488002147
:10B7D000009101910294099001460892079300F0AC
:10B7E00009F900280C9C00D1B4E02046F5F782F856
:10B7F000A8E00B98807823210F280A4600D02A223F
:10B80000002800D011462846FFF7A2FF9FE00B98C2
:10B81000801C0890EEF746FC09902288298FF88A50
:10B82000FFF780FF07462820012107913154308B14
:10B83000718B081840081090B08B0590F48B0DA800
:10B840000C99017110A90F910D96E6F7C3FA1098A3
:10B85000308306973904091904910C230B9F7B70E0
:10B8600003233B7005990F0407430898604A84C07E
:10B87000049A026058022203F1603261079949027A
:10B8800003C609980068718B0902083E884200D3FC
:10B890000846706110984002B06028463146069A0A
:10B8A00000F0D4F80C980A99FFF743FF4FE02820E6
:10B8B000305C00280C9C45D00DA804710D96E6F76D
:10B8C0008DFA494800683621415C890634D5363006
:10B8D000407A400730D5F08B0B90B08B0990308BBD
:10B8E00008906D8F4148006800698021242204245B
:10B8F0002346EDF779FF00281ED001460B304D722C
:10B90000089F07700795099D4D730B9B03710022DB
:10B910000A720322CA710A228A713E224A710C718C
:10B92000079A120A8A723A0A42702A0A8A731A0A13
:10B9300042718020EDF7B4FF00210C9C20460A469E
:10B9400000F08FF820460A993246FFF795FDFF2058
:10B9500011B0F0BDF878002800D146E70999491EDA
:10B96000082900D3082181420B9900D23DE78A883B
:10B9700009998A4200D938E70799F183089FB7836C
:10B98000099B3383738309035B02520240028DC615
:10B990003160EA6C0120103E9A4209D1AA6E9142B0
:10B9A0000B9F06D1288F0899081A411E884100E094
:10B9B0000B9F28217054099810900DA8047110A9AC
:10B9C0000F910D96E6F706FABA892846314600F03F
:10B9D0003DF8022220460A9D2946FFF77FFE2046B9
:10B9E0002946FFF78FFEB2E7C4140020B4140020EC
:10B9F0000003010070B50446134800682D25465D1C
:10BA00001220A6421CD81925ED01AC4218D88E424E
:10BA100016D8A94214D8A14212D394087C2C0FD86E
:10BA2000059C049EB4420BD30A2B09D3AB4207D822
:10BA30000698521C4A4342439008834201D8122080
:10BA400070BD002070BDC046B0140020A423C150BA
:10BA50000921490142524018817904220A43827126
:10BA60007047B0B515460C46EDF722FBE621435A68
:10BA7000002D1A4600D02246C46C0146E6318D8A5C
:10BA80006543008F0A306843000B84B2641D944202
:10BA900000D3224694B2A3420BD048800A80087992
:10BAA000012806D0022008711320EBF77DFFECF788
:10BAB00001F9B0BDF0B58BB01C4616460F460546E1
:10BAC000EDF7F6FA024607952846069739461746D7
:10BAD000FAF794FC3B46052E07D13D211846FFF7A7
:10BAE00037FEFF2630460BB0F0BD02460146283136
:10BAF0003D462C352878022826D10878401EFF269E
:10BB00000B28EFD80F4640007844808840008744D7
:10BB10000B0097009A00B400BC00C0001B011F017D
:10BB200045015301600163010A20A0700121617089
:10BB30000320207007980A461C46FFF7CFFD2046D9
:10BB400000F0E2FA022042E1012E05912AD1002004
:10BB50004870164600271D4618463946EDF7ADFEDB
:10BB6000A178032950D1002863D1E01C314630313F
:10BB700008220292174B984720460B3031462E314F
:10BB80000222144B984720460D303146029A114B41
:10BB90009847153420360422204631460D4B9847ED
:10BBA000052135E04878FF260D289BD8E537400071
:10BBB00078448088400087440F00100053015C01E6
:10BBC00065018801C701D8012402EA012902F601B2
:10BBD0000E021B02B71E0510BBE70B20A07001224E
:10BBE0006270032020700220059948700024079895
:10BBF00021461D46FFF772FD284600F085FA2846CB
:10BC0000214600F088FA6DE7012812D10127394654
:10BC1000284605AD34CD5170177100F08DFA002221
:10BC200028462146FFF75AFD28462146FCF763FCCB
:10BC300057E7079806993246FFF71EFC2B464CE75C
:10BC40000320387013E1A0780B2800D045E70420CA
:10BC50003870022118461D4600F05DFA0124079F46
:10BC600038462146FCF747FC002238462146FFF7BC
:10BC700035FD284600F060FA34E70B20A070012063
:10BC80006070032020700520A1E00620387001219B
:10BC900085E102962546A61C0024204603930492C3
:10BCA000FA498847069009902046F8498847F7499D
:10BCB0000A902046884704461720687003202870A1
:10BCC0000894387A0002797A09044018B97A09068A
:10BCD0004018C01C3060049D2846333000F034FA10
:10BCE000706006980006E98D09020818F97B401873
:10BCF000B06009AD681C00F027FAF0602006697991
:10BD00004018A97909024018E979090440183061FE
:10BD100008AC6078A17809020818E1780904401895
:10BD20007061029E08222846049D2946F6F7C3F852
:10BD30002035042220462946F6F7BDF80720387042
:10BD4000012107980A46F9E0082038700426C9E660
:10BD5000A07811285BD0072859D00D2857D0042887
:10BD600000D0BAE609203870E01C114608311646AA
:10BD700008221F46F6F79FF80B343146243104227F
:10BD80002046F6F798F82E66012100220798FFF763
:10BD9000A5FC384600F0D0F90526A3E6A0781128C6
:10BDA00043D00D2841D0052800D096E60121079800
:10BDB000FCF7A1FB0A200AE00620A07001206070B9
:10BDC000032020700221184600F0C9F90B203870BA
:10BDD00088E60C20387017E1A078062800D07CE6B1
:10BDE000049200203870C34800682C21405CC007D2
:10BDF000C10E6F20C04348401D465A8F3979C0B2EA
:10BE0000012900D012E1114600F0BAF912E1B94857
:10BE100000682C21405C0001C04380210143902038
:10BE2000084017465A8F1A210CE0B24800682C21AE
:10BE3000405C0001C0438021014390200840174628
:10BE40005A8F06211D46002300F0CCF9284600F049
:10BE5000FBF9284600F000FA079806993A46FCE0FC
:10BE60000320059948700121184600F054F90B266B
:10BE700038E6A0780B2800D02FE6042005994870FA
:10BE800003262FE6A078032800D026E60520059992
:10BE90004870E01C11463031082517462A46994B58
:10BEA000984720460B3039462E310222954B984751
:10BEB00020460D3039462A46924DA8471534203782
:10BEC000042220463946A84768E0002706978C4D93
:10BED000384603930492A84709903846A8470A9029
:10BEE0003846A84704210191A1700D2161700321FA
:10BEF00021700890E11C09A8009002960826814B49
:10BF0000324698470B3408AF38462146019D2A46F1
:10BF10007C4B9847049C2146083100983246029E8B
:10BF2000784B9847774B2434214638462A46984721
:10BF3000062005994870012207980699FFF7CEFB65
:10BF4000039800F0E1F8CDE56B4800683621415CCC
:10BF5000890604D53630407AC00600D58BE0002132
:10BF60000798FCF7C8FA0D27C1E0059FF87800286C
:10BF700076D00520A07001206070032020702A6612
:10BF80000021184600F0EBF808207870AAE5A078A8
:10BF9000062800D0A1E50A200599487000210798DD
:10BFA000FCF7A9FA9EE504920020059D01906870B7
:10BFB000504800682C21405CC007C10E6F20C04370
:10BFC00048405A8F297901290393C0B234D11146D0
:10BFD00000F0D6F834E01846154600F035F9079819
:10BFE00006992A46FFF748FA00200599487079E536
:10BFF000204619461C4600F039F90C200599487076
:10C0000035E009200599487006266BE50620214693
:10C01000A07001244C70032008700B200599487013
:10C020001846214600F09BF83C705BE50021012397
:10C0300000F0D8F8069C07E00021012300F0D2F8B8
:10C04000039D069C01993970284600F0FDF82846AA
:10C0500000F002F907982146049AFFF70DFA41E52E
:10C06000204619461C4600F001F90C207870204645
:10C0700000F0F2F836E51F4800682C21405CC0074C
:10C08000C00E0296154603D0192202E063DE0510A9
:10C090000A226F21C9434840C1B2E88D01905C8FEC
:10C0A000164800680069042307910693EDF79CFB8E
:10C0B000072700281AD006460472200A70723046FC
:10C0C0000A30303508222946ECF704FF0199080AA6
:10C0D000F074B1740520F0710D20B0713E207071C4
:10C0E0000698307107983146EDF7DAFB029E059805
:10C0F0004770F7E4B0140020C4140020B4140020EA
:10C1000063DE0510B71E0510882140580188802283
:10C110000A430280704788228058002907D00129ED
:10C1200003D0018840220A430280202100E0402100
:10C1300002880A4302807047882140580188012202
:10C1400012020A43028070470178427812025118A5
:10C15000827812048918C07800060818704788226F
:10C160008058002907D0012903D0018810220A43F2
:10C170000280082100E0102102880A4302807047F3
:10C18000B0B50D460446C00606D4144800683421F4
:10C190004056002804D4B0BDBF200440072200E070
:10C1A00017220F4800686107C90E40180069022372
:10C1B0002146EDF719FB0028EDD00146057200205D
:10C1C000C871032088713020487104200871280A42
:10C1D00048722046EDF764FBB0BDC046C414002091
:10C1E000B4140020F8B51E4615460F460446C00696
:10C1F00006D4134800682F214056002804D4F8BD07
:10C20000BF200440062200E016220E4800686107A5
:10C21000C90E4018006902232146EDF7E5FA00280F
:10C22000EDD0014605728672C7710420887108221C
:10C230004A710871280A48722046EDF731FBF8BDB3
:10C24000C4140020B41400208821405801888022A2
:10C250009143018070470000882140580188024ABC
:10C260000A4002807047C046FFFE000070B50446D9
:10C270000326067002252846FAF70EF9002804D096
:10C28000062020711120354601E006260D20E670BB
:10C29000A070657070BD0000F0B5C7B01F461546B0
:10C2A00004460791FAF7AAF808902046ECF700FF39
:10C2B000FF22062D00D962E106460694492080003F
:10C2C000331834462C346D007D44AD886D00AF4486
:10C2D0000600100056012900560156015E0007991C
:10C2E000012962D108984079002800D1A8E02C22C9
:10C2F00045E11446B8780E2801D0082877D1F8789F
:10C300000021089A51719071FA1CB878082806D15A
:10C310001078000703D418882021014319800020D9
:10C3200040216CE0B878072800D18BE01F212C2831
:10C3300000D194E0092800D0BFE004930592FD1CD1
:10C340000020402102902A46334600F01DF908984B
:10C350000079C10707D0089C2068002208232946DD
:10C36000F9F777FA20798007089D07D5E879002842
:10C3700004D00A203856002800D5F8E0049B18881D
:10C3800020210143198002990391059AADE0032011
:10C390003870089E7079002805920AD01B207870AA
:10C3A0000798012833D02C2032E006981446089ACA
:10C3B000D9E0092006907870FD1C00260822284646
:10C3C00031460492ECF78AFD3F21012230462B468C
:10C3D00000F00CF9B879F7210140B97107980128EC
:10C3E0006FD120780228059A78D1049877E03879BF
:10C3F00008994871C0214843803880B27A1D33467D
:10C4000000F0C2F800210698FCF775F8ADE02B208B
:10C41000B8700124204600F047F9F870707938713F
:10C420007D1D002118222846ECF758FD7079C021A7
:10C430004843803880B222462B4600F0D7F89DE072
:10C4400009229CE02078032843D10320314614467A
:10C450001D4600F039F92B4622461A203AE0039196
:10C460001888202101431980089D69793C798C4204
:10C470003BD104930592C0214C43803CA0B27A1D6D
:10C480000392334600F080F82879C00707D0E0080F
:10C49000F8220240286818230399F9F7DAF9EA79B3
:10C4A000FC78A242069800D3224669799142049B07
:10C4B00017D2491C697101215EE003910021089D9A
:10C4C00013E00698B870F878089989790140F970F6
:10C4D00054E01F200390089D697906E00E20B87093
:10C4E0004DE000200390059A214614462879C007A4
:10C4F0002CD00291049309ADF8212846E5F762FE9D
:10C5000008984079182343430833089800680027A7
:10C510002946089D3A46F9F763F928680321F6F79A
:10C5200015F92F60728F2879800705D4022009AB96
:10C530000399FAF701F808E0687909A900900191D8
:10C5400002200399029BFAF739F8049B18882021EE
:10C55000014319800B480068417FFD220A40427761
:10C56000069807992A46FEF787FF224607E0687972
:10C57000401C687101210698FBF7BDFF059A104623
:10C5800047B0F0BDC4140020FEB502930192002410
:10C59000154D00910E2C26D02E88864220D3361AB7
:10C5A000B7B28F421CD22606F10E0726FB08374091
:10C5B000019AD35CFB40DB0726400127B740002BE4
:10C5C00006D0029B5A1883235B00D65C3E4305E0ED
:10C5D000029B5A1883235B00D65CBE43D654009955
:10C5E000AD1C641CD6E7FEBDC4FA0510FEB5009371
:10C5F000019202910646E320C4430027264A002CFC
:10C6000026D01019E621455AB5421ED302998D4213
:10C610001BD80199002906D03946204B194016290C
:10C6200013D0252911D0E821405C00F061F81A4AA6
:10C6300000280AD0A81B0721014001228A40C00817
:10C64000009B195C1143144A1954A41D7F1CD6E7A2
:10C650001348841C0027052F1DD02588B54217D309
:10C660000298854214D8A07800F042F800280FD034
:10C670000C480068007FF840C00709D0A81B0721BC
:10C68000014001228A40C008009B195C11431954E3
:10C69000A41D7F1CDFE7FEBDE0F90510FF7F000051
:10C6A000261C0410C414002010B500F06BF80446DA
:10C6B000403880B21821EAF7DFFC402C01D3401C3F
:10C6C00000E00020C0B210BD10B50C46FCF708F821
:10C6D000C108C9B2012909D80722104001228240AD
:10C6E000601883214900435C9343435410BD00000C
:10C6F00010B50F2811D801460120C04679440979A8
:10C7000049008F440B070C0F1215181B1E24272AF3
:10C710002D30333AF4F71BFC31E0002010BDFBF75D
:10C72000FFF92CE0E5F7FCFA29E0F8F777FD26E0C1
:10C73000E5F788FB23E0F4F765FE20E0F4F760FE00
:10C740001DE0F4F75DFE0446F4F75CFE13E0F4F739
:10C750005BFE14E000F066F811E0F9F751FD0EE021
:10C76000F9F752FD0BE0F7F722FE08E0F8F756FD67
:10C770000446F7F71CFE604301E0F9F743FD411E54
:10C78000884110BDFEB50190E320C6430024214F2F
:10C790002246002E20D0B819E621455A91B28D428A
:10C7A00017D902941446E821405CFFF7A1FF002846
:10C7B0000DD0019800282246029C06D0204616493A
:10C7C0000840162805D0252803D02A4601E0224635
:10C7D000029CB61D641CDCE71048841C0026052E54
:10C7E00016D0258890B285420FD91746A078FFF75A
:10C7F0007FFF002808D00A480068007FF040C0078B
:10C800003A4602D02A4600E03A46A41D761CE6E7E6
:10C8100090B2FEBDE0F90510FF7F0000261C041059
:10C82000C414002000207047F0B587B0039317466A
:10C830000C460546ECF73CFC06462846019421468A
:10C84000F9F7DCFD04462846ECF78EFFFF23072F9F
:10C8500000D97DE1049502940921490175183446F7
:10C860002C347F007F44BF887F00BF4407001C003A
:10C8700046006E008A00710127009100207801991E
:10C88000012900D0D4E0022800D010E10298007CF9
:10C89000032800D15FE1012800D059E1022002996C
:10C8A0000874172354E1039AD07805A98870107989
:10C8B000C87004981C4600F0A0F948E12E46217883
:10C8C000019A012A00D08FE00229029A049D00D02B
:10C8D000CDE0117C022900D150E1002900D037E1E0
:10C8E000162003998870032048700870D07CC870A7
:10C8F000107D0871012010742AE100930127049D26
:10C9000028463946F4F728F80446062800D00227BE
:10C9100005A88771039AD17881701179C170284672
:10C92000ECF7C6FB064600212846F9F767FD0246EC
:10C930002C20305C022800D08DE0FF2006301082D1
:10C94000062C00D1A7E02A20A6E0039A90780728B9
:10C9500000D1B1E02F461128049D00D1C0E0182875
:10C9600000D1D3E0172800D0F2E005A9002008711B
:10C97000D07888701079C87028461C4600F09BF962
:10C98000E5E0039880781C4616286BD02A216AE0DF
:10C9900000939636049F3846029900F01FFA617D95
:10C9A000384600F038FA617D029C384600F034FACF
:10C9B000618820883288904202D17288914207D0E3
:10C9C0007180308072B6A87940210143A97162B6A6
:10C9D00072B6A87920210143A97162B60498019921
:10C9E0002246FEF749FD5CE00229029A049D48D1E7
:10C9F000117C052900D1E1E0002900D0A8E00093D6
:10CA00001821039B997005215970174603241C7047
:10CA1000017AD970407A1871591D02223046F5F713
:10CA20004AFA3C74308800283BD028460199BEE081
:10CA3000022838D1029E307C032800D082E01C46B8
:10CA4000707C05A90871049D2846324600F0E5F97E
:10CA5000002853D17BE0062C2BD105A9284600F0F5
:10CA6000CCF81EE023213046FEF772FE6FE0162060
:10CA700003998870032048700870D07CC870107DBE
:10CA8000A5E0172003998870032048700870507D36
:10CA9000C870907D9BE02320907400212846FBF70E
:10CAA0002AFD009B54E002220498FEF717FE18238B
:10CAB0004EE00021284694E71E4605A9072088700D
:10CAC00000204870D0780870029F787CC870049D60
:10CAD000284600F0FAF920783C46032827D02AE0BF
:10CAE00005A911208870D078087010794870029ECE
:10CAF000707CC87028461C4600F0E7F9284631468D
:10CB000000F06CF92846019932461EE01E46D01C02
:10CB100005AC05222146F5F7CEF9029A507C20712A
:10CB200028462146144600F078F9002851D02846BE
:10CB3000214600F053F9284601992246FEF79CFC55
:10CB4000334605E0049832461C46FEF795FC234622
:10CB5000184607B0F0BD1C46029E707C05A90871FE
:10CB6000049D2846324600F058F9002842D0284655
:10CB7000314600F033F901212846C5E7009318211A
:10CB8000039B997005215970174603241C70017A84
:10CB9000D970407A1871591D02223046F5F78BF989
:10CBA0003C743088002800D17BE701212846FEF73D
:10CBB000C0FDB07910210143B17172E716200399CD
:10CBC000C87011208870032048700870907C08712C
:10CBD000BEE7019C012C04D1012102222846FEF768
:10CBE0007DFD28462146FEF78DFDB87910210143D1
:10CBF000B971A5E704203074A9E7F0B585B00F46F8
:10CC00000446ECF755FA0546002120460291F9F753
:10CC1000F5FB0646012001907074B878F074F8783E
:10CC200030759220285AF08103A80471039600F011
:10CC300077F92C20285C2C35022808D1707C3871BB
:10CC40002046394600F037F80298307425E0204637
:10CC5000ECF78AFD81787175C778B775337D0B4025
:10CC6000DBB2002B19D081798B4216D0D90702D0C4
:10CC7000019A114601E00221019A5B0700D50421C7
:10CC8000F37C1F407B0703D4C079001F424242411E
:10CC9000009601232046FEF729FC00212046FBF7E1
:10CCA0002AFC2878022804D1002102222046FEF71F
:10CCB00015FD05B0F0BDFEB50D460446ECF754FD7C
:10CCC000064628790128029014D1002520462946DD
:10CCD000F9F794FB0746027DC37C9342019505D189
:10CCE000032B02D3042B019D00D10125F0781840BD
:10CCF000B37814E0012120460191F9F77FFB074644
:10CD0000AB784375EA7882750025934204D1032BF2
:10CD100001D3042B00D10125387D1840FB7C134042
:10CD2000002D02D08342034607D10021002B0A4682
:10CD30000AD0DA0704D0012203E0002211460DE0F8
:10CD400004229B0700D50222002807D0C10701D08A
:10CD5000012100E00421800700D50221B3790020E1
:10CD60009A42034600D013463372F279914200D0C2
:10CD7000084670722046ECF79BF90546FA35717A41
:10CD8000002902D1317A002918D0034642332A887B
:10CD9000018F1888FEF7C6FCE884317A00290FD08D
:10CDA000F079009708404007C20F01232046FEF7A4
:10CDB0009DFB317A204600F0BEF801E00020E884B7
:10CDC0000298012809D02046019D2946FBF793FBD4
:10CDD000022220462946FEF781FCFEBDBCB50D4669
:10CDE0000446ECF7C1FC002807D08179C0790428FB
:10CDF00007D128460C30012205E0A81D00220121A0
:10CE000001E0A81D002200886880009500232046CC
:10CE1000FEF76CFBBCBD70477047FEB501920C4637
:10CE20000646ECF745F907463046ECF79DFC05460B
:10CE30002C200297395C032913D127780120042F75
:10CE400030D8032F2ED06278042A2BD8032A29D079
:10CE500009235B010298C3186A722F7262881A80D4
:10CE600000E02F7A002F02D16A7A002A16D0002023
:10CE7000032917D1697A002914D0EA79019B00931C
:10CE80003A405207D20F044601233046FEF72EFBEC
:10CE9000697A304600F04FF8204603E021790120FE
:10CEA000002900D0FEBD0446E97903204A0700D5D9
:10CEB0000146029A528FAB790091590700D503467B
:10CEC00080200021EDF7F8F8E6E77CB50E46054630
:10CED000ECF74AFC04462846ECF7EAF80546B07839
:10CEE000072809D108202946FFF7EEFB0B20294629
:10CEF000FFF7EAFB1A2100E07178F078002800D0F3
:10CF00007CBDE6790320720700D506466A8FA379B7
:10CF100000965C0700D503468020EDF7CDF87CBD78
:10CF20000068A921090181812922D200C2804181A2
:10CF30000181828070477047F0B585B01C46164667
:10CF40000F460546F9F75AFA02902846ECF7B0F872
:10CF5000FF22062E00D9B2E00346C0467E44367951
:10CF60007600B744031AAC25ACAC3F00012F4AD180
:10CF7000492080001C18185AC105029E6CD528460D
:10CF8000314600F0A1F8012128463246FEF774FA36
:10CF900021884C480840FF225FE01E460192284647
:10CFA00000F0A3F800283BD028463946029A68E0F2
:10CFB000A0780C2800D082E0E01C01920522029E9D
:10CFC00031461C46F4F777FF284639463246FEF7CD
:10CFD00053FA608F314600F091F82846314600F050
:10CFE00073F850E0164604A830210180012F50D17B
:10CFF00049208100585A820547D501212846029AC6
:10D00000FEF73AFA45E0284639461446029E324673
:10D01000FEF732FA2846314600F056F822464EE036
:10D02000E01C05220092029C2146F4F744FF3146A1
:10D030003C312046009AF4F73EFF492081007018E9
:10D04000715A0A060DD4012252021143018028466A
:10D050003946FBF750FA16E00C22802188432080E5
:10D060002DE00122120211430180708F029C2146A3
:10D0700000F044F82846214600F026F828463946B4
:10D080002246FEF7F9F9019A19E059188022104357
:10D0900008801020E0700C20A07006206070032033
:10D0A0002070211D04A802252A46F4F704FF03A8D6
:10D0B00020210180A11D2A46F4F7FDFE32461046CC
:10D0C00005B0F0BDFFFE000010B50C46EBF7F0FF19
:10D0D0000146492080000A5A102313430B523C3169
:10D0E00005222046F4F7E7FE10BD80B5EBF7E0FF20
:10D0F00049218900405CC006C00F80BD70B50C4658
:10D100000546104800683021405C000719D50E48DC
:10D1100000688069022121220323ECF765FB0028C7
:10D120000FD00646001D2946224600F00FF80820C1
:10D13000B0710C2070710420307102203146ECF780
:10D14000AFFB70BDC4140020B41400200171002393
:10D15000C370090A41711178817151789378037213
:10D16000C171D1781279827241727047FEB504465E
:10D17000AE20275C01253D40BA07D00F281879075B
:10D18000C90F4018401EC0B2AE34267CB0420FD149
:10D19000019201200290F4F7C9FB012E0AD0022E61
:10D1A0000ED1C0B20621E9F767FF12A0405C12E081
:10D1B000607C11E002990840002D04D10CA108E028
:10D1C000B808381A07E00199002901D407A100E046
:10D1D00005A10818007860747100C2B2CA4003202B
:10D1E00010402430FEBDC04606090000070D0000B7
:10D1F0000B0E00001B1E272D36390000B0B5FFB006
:10D2000083B00C4605468B68CA8889886846801DAD
:10D2100000F01AF8280702D5A068EEF739FA684638
:10D22000817A8900CA1D8270120AC27005220271B9
:10D23000044A02800C2242710B31FAF727FF7FB0BB
:10D2400003B0B0BD82FF0000B0B51C465B88150A74
:10D25000C57082700A0A42700170591E8A080271F4
:10D26000A589431D8AB2681C81B22046F2F720FAD4
:10D27000B0BD0000B0B5FFB083B00C4605468B686A
:10D28000CA8889886846801D00F01EF8280702D5E4
:10D29000A068EEF7FDF96846C17A039A12025118A8
:10D2A0000A4609328270120AC27004220271054ACB
:10D2B00002800C2242710D3189B2FAF7E7FE7FB08D
:10D2C00003B0B0BD82FF000070B51C4605465E8805
:10D2D000100AE870AA70080A687029709889401CC2
:10D2E00081B2184600F00EF8B11E0A0AAA716971DF
:10D2F0002871A089EB1D8AB2801C81B22046F2F70A
:10D30000D7F970BD1CB51F2903D801AA1180406848
:10D3100005E0406801AC2246F7F7A8FF21884018D5
:10D3200000791CBDB0B5FFB083B00C4605468B68D4
:10D33000CA8889886846801D00F01AF8280702D537
:10D34000A068EEF7A5F96846C1890A460C328270DA
:10D35000120AC2700C220271044B03804271103118
:10D3600089B2FAF793FE7FB003B0B0BD82FF000030
:10D37000FEB51C46174602910546588801909889CB
:10D38000401C81B21846F2F7B0F90646A089C01CCD
:10D3900081B22046F2F7A9F90199491F0A0A6A7277
:10D3A0002972A871320A6A712E713A0AEA70AF7056
:10D3B000029B1A0A6A702B70000AE871A0890A356C
:10D3C0008AB2401D81B220462B46F2F771F9FEBDAC
:10D3D000B0B5FFB083B00C4605468B68CA88898813
:10D3E0006846801D00F01CF8280702D5A068EEF7FB
:10D3F0004FF9684641890A4608328270120AC270A3
:10D4000008220271054A02800C2242710C3189B255
:10D41000FAF73CFE7FB003B0B0BDC04682FF00000B
:10D42000B0B51C465B88150AC57082700A0A427046
:10D430000170591E01710A0A4271A589831D8AB2C1
:10D44000681C81B22046F2F733F9B0BDB0B5FFB029
:10D4500083B00C4605468B68CA8889886846801D5B
:10D4600000F01EF8280702D5A068EEF711F968460B
:10D47000C17A039A120251180A4609328270120ABE
:10D48000C2700A220271054A02800C2242710D31DB
:10D4900089B2FAF7FBFD7FB003B0B0BD82FF000098
:10D4A00070B51C4605465E88100AE870AA70080A26
:10D4B000687029709889401C81B21846FFF722FFD6
:10D4C000B11E0A0AAA7169712871A089EB1D8AB27E
:10D4D000801C81B22046F2F7EBF870BDB0B5FFB00A
:10D4E00083B00C4605468B68CA8889886846801DCB
:10D4F00000F01EF8280702D5A068EEF7C9F86846C4
:10D50000C17A039A120251180A4609328270120A2D
:10D51000C27006220271054A02800C2242710D314E
:10D5200089B2FAF7B3FD7FB003B0B0BD82FF00004F
:10D5300070B51C4605465E88100AE870AA70080A95
:10D54000687029709889401C81B21846FFF7DAFE8E
:10D55000B11E0A0AAA7169712871A089EB1D8AB2ED
:10D56000801C81B22046F2F7A3F870BDB0B5FFB0C1
:10D5700083B00C4605468B68CA8889886846801D3A
:10D5800000F01CF8280702D5A068EEF781F868467D
:10D5900041890A4608328270120AC2700922027159
:10D5A000054A02800C2242710C3189B2FAF76EFDF5
:10D5B0007FB003B0B0BDC04682FF0000B0B51C46CE
:10D5C0005B88150AC57082700A0A42700170591E84
:10D5D00001710A0A4271A589831D8AB2681C81B251
:10D5E0002046F2F765F8B0BDB0B5FFB083B00C4689
:10D5F00005468B68CA8889886846801D00F01CF83B
:10D60000280702D5A068EEF743F8684641890A4624
:10D6100008328270120AC2701E220271054A02800C
:10D620000C2242710C3189B2FAF730FD7FB003B0A1
:10D63000B0BDC04682FF0000B0B51C465B88150A2D
:10D64000C57082700A0A42700170591E01710A0A7F
:10D650004271A589831D8AB2681C81B22046F2F707
:10D6600027F8B0BDB0B5FFB083B00C4605468B6857
:10D67000CA8889886846801D00F01CF8280702D5F2
:10D68000A068EEF705F8684641890A4608328270BC
:10D69000120AC27007220271054A02800C224271EE
:10D6A0000C3189B2FAF7F2FC7FB003B0B0BDC046CE
:10D6B00082FF0000B0B51C465B88150AC5708270F9
:10D6C0000A0A42700170591E01710A0A4271A58945
:10D6D000831D8AB2681C81B22046F1F7E9FFB0BD14
:10D6E000F8B50446C00628D41F4616460D46154810
:10D6F00000686107C90E40180069622203232146B1
:10D70000ECF772F800281AD00146067385720C20D7
:10D7100048721C2008723A460027CF710720887192
:10D720008A73FF20487182200871300A4873280AE2
:10D73000C8722046ECF7B4F802E0862700E007271D
:10D740003846F8BDB4140020F0B5FFB086B00C46E2
:10D7500005460B89CA8889886089A689276900904F
:10D760000196029703A8801D00F01CF8280702D537
:10D770002069EDF78DFF03A8C1890A460C3282703B
:10D78000120AC2701B220271054A02800C224271E9
:10D79000103189B2FAF77AFC7FB006B0F0BDC0460E
:10D7A00082FF000070B515460446059A027204987F
:10D7B000A0712371A5702170160A6672000AE071CB
:10D7C000180A6071280AE070080A6070069881895A
:10D7D0000A34491D89B22346F1F76AFF70BD000083
:10D7E000F8B50446C00620D41F4616460D4611481B
:10D7F00000686107C90E40180069122205232146FE
:10D80000EBF7F2FF002812D001460898079A069B12
:10D8100048610A82CB818F814E810D810648486024
:10D820002046ECF73DF80020F8BD8620F8BD072023
:10D83000F8BDC046B414002049D70510B0B5FFB0FC
:10D8400083B00C4605468B68CA8889886846801D67
:10D8500000F01CF8280702D5A068EDF719FF03991E
:10D860000A460A3268468270120AC2700E2202719B
:10D87000054A02800C2242710E3189B2FAF706FC89
:10D880007FB003B0B0BDC04682FF0000F8B51C46B3
:10D8900017460E460546588800909889401C81B26C
:10D8A0001846F1F722FF0099C91E0A0AEA71A97108
:10D8B00028713A0AEA70AF70320A6A702E70000A54
:10D8C0006871A08908358AB2C01C81B220462B46F7
:10D8D000F1F7EEFEF8BD0000F8B50446C00625D409
:10D8E00016460D46144800686107C90E40180069C5
:10D8F000602203232146EBF777FF002818D001466A
:10D90000067385720C204872172008720027CF71A9
:10D9100006208871FF20487182200871300A487300
:10D92000280AC8722046EBF7BBFF02E0862700E01A
:10D9300007273846F8BDC046B4140020F8B50446A1
:10D94000C0062ED41F4616460D46184800686107CB
:10D95000C90E40180069612204232146EBF744FFF9
:10D96000002820D00146069808748F730E738D72BC
:10D970000C224A7219220A722B460025CD710A2206
:10D980008A71FF224A7182220A71000A4874380A99
:10D99000C873300A4873180AC8722046EBF780FF34
:10D9A00002E0862500E007252846F8BDB4140020D3
:10D9B000F0B5FFB086B00C4605460B7ACA88898858
:10D9C0006089A689276900900196029703A8801DA7
:10D9D00000F01EF8280702D52069EDF759FE03A8CC
:10D9E000417B827B120251180A460B328270120A66
:10D9F000C2701A220271054A02800C2242710F3154
:10DA000089B2FAF743FB7FB006B0F0BD82FF000099
:10DA1000B0B515460446059AC27104986071237129
:10DA2000A5702170130A2372000AA071280AE07001
:10DA3000080A6070069881890934C91C89B2234696
:10DA4000F1F736FEB0BD0000F8B50446C00620D49C
:10DA50001F4616460D46114800686107C90E40185A
:10DA60000069112205232146EBF7BEFE002812D0E3
:10DA700001460898079A069B48610A82CB810F737A
:10DA80004E810D81064848602046EBF709FF0020D3
:10DA9000F8BD8620F8BD0720F8BDC046B4140020AC
:10DAA000B1D9051080B540690149FCF78FFA80BDF6
:10DAB0008B070610044800685821405E0D21414341
:10DAC0004031C8117047C046C4140020034909689A
:10DAD0003522895C0840411E88417047B0140020FF
:10DAE000F8B51F4616460D460446C0060BD4174827
:10DAF00000683621415C890627D53630C07A800718
:10DB000023D51F2202E0BF200440112210480068E4
:10DB10006107C90E4018006903232146EBF764FE34
:10DB2000002812D001460F20C872FF2088720F73A0
:10DB30004E720D721220C871062088713E20487105
:10DB4000042008712046EBF7ABFEF8BDC41400209A
:10DB5000B414002070B588B00446002805D068468B
:10DB6000FF212022EBF7BAF904E020316846202299
:10DB7000EBF7B0F9194800682C21405CC007C50ECE
:10DB800001D10C220AE0164800683621415C890662
:10DB900022D53630807AC0071ED01B221220454085
:10DBA0001048006880690A232946EBF71DFE00280B
:10DBB00012D006460472093069462022EBF78AF932
:10DBC0000920F0712220B0713E2070710420307164
:10DBD00028463146EBF764FE08B070BDB014002053
:10DBE000C4140020B414002070B590B0044600287E
:10DBF0000CD10D462048006864302022EBF76AF90A
:10DC00002035684640222946EBF764F91B48006836
:10DC10002C21405CC007C50E1FD10B2212204540AD
:10DC200017480068806912232946EBF7DDFD0028BC
:10DC30001ED006460472093069464022EBF74AF9C5
:10DC40000820F0714220B0713E20707104203071C4
:10DC500028463146EBF724FE0AE0074800683621E3
:10DC6000415C890604D5363009214056002801D48C
:10DC700010B070BD1A22D1E7C4140020B0140020E7
:10DC8000B4140020F8B50E46054615480068362144
:10DC9000415C890622D53630C07A40071ED514462D
:10DCA000104800684069A1212B220323EBF79CFD5B
:10DCB000002813D00746467205720A300622214614
:10DCC000EBF708F91320F8710920B8713E2078713C
:10DCD00004203871A1203946EBF7E2FDF8BDC046BB
:10DCE000C4140020B4140020054800688421415C5D
:10DCF00084308078814201D800207047012070472D
:10DD0000C4140020054800688521415C8530807876
:10DD1000814201D80020704701207047C4140020C0
:10DD200080B50349C97A814201D3FDF7C9FA80BDA4
:10DD3000FC13002080B540690149FCF747F980BD1C
:10DD400021DD0510F0B58BB001930092044641200F
:10DD50008500FBF733F901466059B422A25800F060
:10DD60006FF80746A420205A00072546943500285E
:10DD700005D4012000F075F82E490140CF19264640
:10DD8000B4362046F6F7E2FA2868698A002902D1FB
:10DD9000F179012903D0C11B31D500282FD0B079EA
:10DDA00000282CD0288A00071ED509A900228A80C5
:10DDB000099202A8012343763C238376FF238375CF
:10DDC000C2811D4B8382636F1C7A04768281C27587
:10DDD00003910933029306920491F3F75DF9B07B46
:10DDE000800701D5ECF707FD0220FFF76FFE012445
:10DDF000012809D16A8A002A09D03C2108E000984C
:10DE0000076001980760022420460BB0F0BD432153
:10DE10000A4800682C23C05C0001C043A1230343CF
:10DE2000B12018402B7D9A1AD3B2AA7DFFF758FE75
:10DE3000EAE7C046FF0F0000FFFF0000B01400201B
:10DE400070B50346012400268B42254600D3354693
:10DE50008018984200D33446254201D18842F1D33C
:10DE600070BDE0B501A8EBF76FF801988CBD00001C
:10DE7000F0B58FB00546ECF755FD064600F0E8F822
:10DE800007462C46A0340895C735079500F0ECF8F6
:10DE9000002F36D0059000F0F3F8049000250E9581
:10DEA0000D953078C0090DA90870481C314608311D
:10DEB00006273A46EBF70EF80C950B95307840069E
:10DEC000C00F0BA90870481CB11C3A46EBF702F8CA
:10DED000069630780F270740052F01D1EBF761F840
:10DEE000E37B2279029509AE019608988430009070
:10DEF0000BA8394600F0CEF841087E2909D8014622
:10DF000008E0002300281E465CD10026268001235D
:10DF100058E001213170089A526F13680D9EB34288
:10DF200027D152680E9B9A42069E23D10546FF3D9B
:10DF30006A1E9541032F1DD1FF281BD0A088012503
:10DF4000800717D50498012814D1607E012808D1D4
:10DF500060893D4A904204D0C0B209AA521CFFF722
:10DF600091FE0126079806700021089800F0B9F884
:10DF700025E0069EA088C0071FD0052F1DD1304682
:10DF800000F0DEF8012818D10A99099800F03EF94E
:10DF900041424141294001290FD1049801280CD167
:10DFA00009AA08983146E3F735FF002849D0EAF777
:10DFB000F8FFFF202077042540E000262680059802
:10DFC000434243412188A27F002A17D0002917D15C
:10DFD000EAF7E7FF002507980570A07F401EA077AD
:10DFE000A08803210140481E814148002080012172
:10DFF000089800F076F8EAF7DDFF1AE0002912D061
:10E000000025002B15D1607C012801D00F4900E0CC
:10E01000462108981430EBF786FE2088401E2080A9
:10E02000EBF792FD05E0EAF7BCFFE088401EE080D8
:10E030000325002E02D02088401E208028460FB0E5
:10E04000F0BD0026BBE7C046FCFF0000EE0200006A
:10E0500080B504480068C068EBF7C8FD411E8841E0
:10E0600080BDC046C814002080B504480068C06860
:10E07000EBF7C4FD411E884180BDC046C814002096
:10E0800080B5F8F727FB02480068007880BDC046DD
:10E09000C8140020F0B587B0CD1EFF21FD24254215
:10E0A0001CD1002A1AD00D9E0C990C680594069379
:10E0B0004B6882C8FF2000063C46844312C6039387
:10E0C0000598029006980190684268410090C8B295
:10E0D0005207D30F3A4600F0BBF80146084607B096
:10E0E000F0BDF8B50D460446B120205CECF78CFC81
:10E0F00006462746B137F87A3146EBF78FFFF87AB4
:10E100003146EBF756FFF87AEBF778FF2046002D03
:10E1100009D0FFF72BF80146F87AEBF70AFF204603
:10E12000EBF7D6FD01E0EBF77AFDEBF70DFDECF731
:10E13000F1FB0246B87D214600F0BAF8F8BD0000B8
:10E14000F0B587B00446007E617E09020D186A1E94
:10E15000082A00D30822A07E0490E07E0390607D10
:10E160000121284F0191B8470646A07DE17D0902B3
:10E170000818002106912A46B8472B460295054605
:10E180003543214800682D21415C1920C201184601
:10E190000592B8473B4606462E4303980002049971
:10E1A0004718FF22F432384606999847054635430A
:10E1B000781C02994843800881B20A2900D80A21B4
:10E1C000207F627F12021018059A0E4EB047054359
:10E1D0002320215C1F20084005211022B04728433E
:10E1E00001D006980CE0204622300078C00606D107
:10E1F0001E202228F5D0215C401C0029F9D001986E
:10E2000007B0F0BDAF050610B0140020BFB50C4636
:10E210000546EBF747FF3221405C002801D0002083
:10E2200011E00A48006890214058C06B0168086AF4
:10E23000496A03AA012300930192FE2295432A46CC
:10E240002346FAF7E9F904B0B0BDC046C414002073
:10E2500070B584B015460A460446002B07D00A98CC
:10E2600082421FD10B98684000021BD11BE0099825
:10E2700008990123002902D006461E4004D1002936
:10E2800011D1022108400ED0084800689021415861
:10E29000C868096903AE009301962B46FAF7BCF9EA
:10E2A000002800D1FF24204604B070BDC414002013
:10E2B000FEB514464F6F002834D0CB6B423108882E
:10E2C000851DC0B202900420064620703878C00731
:10E2D00003D02078402101432170012E14D13E4605
:10E2E00008363078C00703D02078802101432170A0
:10E2F0006570A01C791C06252A46EAF7EBFD083458
:10E30000711C20462A460AE06570A01C791C062272
:10E310001D46EAF7DFFD083420462946029AEAF74F
:10E32000D9FDFEBD0846A4300288500712D4032050
:10E3300002408B6AC88D851DC0B202900620022A59
:10E34000C2D05042504140002070002A13D00193A7
:10E35000002605E00126267000200C250290019081
:10E36000F2F7A2FD002804D0217820200843019B69
:10E37000ABE7019BAAE70226A8E70000FEB50C4622
:10E380008021415C49060CD48030218A6288521A6F
:10E3900093B2458AAB4209D9207AF7220240227211
:10E3A00001E0218A257B1020019005E0E069431EF1
:10E3B0009841000101901546002902D1207A80077A
:10E3C00001D4012000E0022002900E480068882756
:10E3D000C059001DE28951181F260E40A9198AB2A2
:10E3E000A16900F011F860612573064B1868C059E7
:10E3F00030180199029A114381701868C059301879
:10E40000C570FEBDC414002010B5521E1F23134357
:10E410009AB2531C9AB29A4201D000220DE05309DD
:10E420000A460021541864684450091D2029F9D176
:10E43000116820305B1E1C04F2D1104610BD000094
:10E44000F0B599B00646008E401C30862D20305C19
:10E45000002808D04120345CEAF7A3FD2046ECF701
:10E46000CBF90426B4E2FF2420460E303018089081
:10E4700030462C300B90354680353746AC37304629
:10E48000E4300A90F1480068C068EBF7B7FB0990E8
:10E4900000280C950D963CD03C4637461436304645
:10E4A000EBF7BDFB3046EBF7B5FB2878800775D45A
:10E4B00008963846EBF7B8FB064628370B980078E5
:10E4C000032800D0A2E00898EBF7AEFB0546BE4259
:10E4D00013D0317803200A460240032A08D1890666
:10E4E00000D40220305C062802D10D98FDF7B4FE5E
:10E4F0000C9A10684021014311602878317801435B
:10E50000C80600D588E00C980078C00600D581E0E8
:10E510008DE0049405973046EBF781FB3046EBF72E
:10E5200079FB0EAC00202076A0740790E07500F017
:10E530009FFC0646C54F3868C068EBF743FB0546AD
:10E54000401E8541354365753868C068EBF759FB57
:10E550000746401E394681412174012D2BD1EAF72F
:10E5600020FD0A9DA868002802D0C188491CC180EE
:10E57000E86800280B9C09D0607DEBF746FC400062
:10E58000E96808189421425A521C425225460EA8A6
:10E59000012484740C9A10680026DCE0EAF701FD7F
:10E5A00013200B994870002008994876087308706A
:10E5B00004260A9CD5E1A54908680C46C068EBF71B
:10E5C00015FB0546401E294681410EA80391417462
:10E5D0000C9E31784909012206928A43027520680F
:10E5E000C068EBF7E3FA044698480068C068EBF7A8
:10E5F000E5FA002C78D03078C00600D582E0EBF741
:10E60000A3FA306810210143316080E0286840217E
:10E610000143296001250DE0FAF7D0FC0D9A516CF9
:10E62000081A6168401802D4D16E8842F2D2EAF723
:10E63000B8FC00250D98F1F764FE02283DD10C9836
:10E6400080680068C10615D4400636D50B98407D19
:10E65000EBF785FB0C9B98680168402291430160B1
:10E6600018680821884318601320E9F79DF9E9F735
:10E6700021FB22E0079500200F900E900B9D687DF6
:10E68000EBF77BFB687D0EA9EBF761FC287803288C
:10E6900003D10B98407DEBF76EFC0C9B98680168EA
:10E6A000102291430160186808210143196013206A
:10E6B000E9F77AF9E9F7FEFA079DBE420A9F01D011
:10E6C000388A7882002D089806D02168EBF72BFB5A
:10E6D00000260C9D3C4644E13C46B86803260028D1
:10E6E0000C9D00D03AE13CE169426941424242411D
:10E6F0000A4324D00C9A1068102188431060002629
:10E70000069622E0EAF74DFC0EA8069981740A9D50
:10E710000B9C079EA868002802D04188491C4180B4
:10E72000E868002809D0607DEBF76FFB4000E968DE
:10E7300008184A21425A521C42520C9A06E0EAF743
:10E7400030FC0EA83D2606760C9A0B9C25461168D7
:10E7500020200843069C794279418901402398434F
:10E7600040181060002C05D00EA8047E002C44D167
:10E77000002644E0079602930D981430EBF754FA04
:10E7800006460F900178032001400EAC069161739C
:10E790003178890600D40220305CE073F1F7A8FFDD
:10E7A00020730D9A916E51660123002F09D00C99A8
:10E7B0000968194005D01624EAF7F3FB0EA8047681
:10E7C0001BE00C9989684978C907039A12D0110691
:10E7D00010D00699032908D13D241228ECD81946F7
:10E7E00081401B48014205D1E6E77078002801D03E
:10E7F0003D24E1E7079C002C2ED06C7004260EA867
:10E80000407D00280A9C0C9D00D09BE00D98806CF8
:10E81000002875D016A8F2F7E9FB012810D1E3F71C
:10E820007FFA012853D10B9880780E214143094883
:10E83000006890228058C06B80684018C07947E01B
:10E84000EAF7AFFB0EA80121817459E0C81400203B
:10E8500002000600C414002007930D981446EBF73D
:10E86000E3F905460EA800218175C17410950E913B
:10E870002006019100D141E10B980078022815D1C2
:10E88000307829780143C8060BD5FAF797FB0D9A23
:10E89000516C081A116D401803D40D99C96E884245
:10E8A00004D2EAF77EFB0EA8012181747478002C53
:10E8B00000D123E10C9800680825054000D1A0E0B4
:10E8C000F2F745FB012800D18AE01C2089E00120F5
:10E8D0000D9F7C6C169DEBF7CEFB281A7864B96C03
:10E8E000091B0818059A5168814201D9081A50601D
:10E8F00000210D988164416300F0C6FA0A9C0C9DCA
:10E900000EA8007D012803D10D99886E486604E0A9
:10E910001220E9F749F8E9F7CDF9A068002802D0FC
:10E920000188491C0180E06800280B9F07D0787D92
:10E93000EBF76BFA4000E1680A5A521C0A52B878A9
:10E9400000F0D0FA0EA8807C01280AD12868102196
:10E9500088432860A0680326002802D08188491CCB
:10E9600081800D9800F0BFFAF01E01281BD82F46B9
:10E97000ED68002D19D00B9C607DEBF72FFA024655
:10E980002946103101232846F9F7B1FD607D0A9C24
:10E99000EBF71DFA0146203508222846F3F78BFADB
:10E9A0000020F86001E0EBF7CFF800F061FA099978
:10E9B00000290DD100280BD1EAF7DEFA7F2804D018
:10E9C0000546FFF777F8281820700D9800F0A2FA96
:10E9D0000120F7F769FAE9F76DF9304619B0F0BD93
:10E9E000FC2020420DD07078001F707002200A9920
:10E9F00088711320E8F7D8FFE9F75CF90EA8407B8F
:10EA000006900698032811D10EA8C47B022C0A9FF9
:10EA100018D10F984078022814D10EA801218175D1
:10EA20000C9E306802210143316041E00B9E30783A
:10EA300003280A9F16D17878002813D002200E9957
:10EA400001434CE00D98F7F7D5FB00280C9E1FD032
:10EA50000B9C607DEBF705FB002D29D0607D00F05D
:10EA60005AFA25E00F9C6578F2F771FA012801D077
:10EA70001F200490049828401FD005460D98019946
:10EA80000167FFF731F900281AD002200E9029E023
:10EA90000B980078032808D1272C06D10F984078CE
:10EAA0000B2802D10EA80121C1750EA80121C17445
:10EAB000306880210143316017E001980E9014E026
:10EAC00020788006C00F2A180D9C618F0798F1F7F7
:10EAD000E9FD2067002801D0079900E002210E918E
:10EAE000880702D5707DEBF7BCFA0F980078398A59
:10EAF0007982202101400EA88173109D01210D9C77
:10EB000020460691F1F73AFC22462832A76F002FE3
:10EB100011D0397A09070ED5F96900290BD0854241
:10EB200009D0954207D014460C9A1168029B99436C
:10EB30001160224604E00EA9097C00290C9E17D022
:10EB40008542079218D095422AD07869B861397BFE
:10EB5000019C3C733A8A511839828AB27B889A4266
:10EB600019D2FA895118C90617D10068B86114E0A2
:10EB7000EAF7EAFF0B9DE0E003210D9C2046F1F748
:10EB8000C6FB2046EBF741F8A878272808D10EA845
:10EB90000121C17504E0FF6904240E9820430E9002
:10EBA0000D9C204600F0C9F905462046F1F7A9FB67
:10EBB0000EA98C7D002C20D101281ED101270D9D8E
:10EBC00028463946F1F7DAFB044628462146EBF79A
:10EBD00041F82078800607941FD421462C46887877
:10EBE00027280C9E48D002284ED1A06E0721089AF3
:10EBF000505030683843306046E0FFF783F8002813
:10EC00001BD0EAF7A1FF0EA8407C00280BD00D9C7A
:10EC10000C9E07990B9D06980AE02C462846EBF7B8
:10EC200014F80C9E30E011200D9C0C9E07990B9D52
:10EC300020852046EBF70EF873E0002FE1D0012D80
:10EC4000DFD0012CDDD0EAF77FFF884800688821FB
:10EC50004058398AFA8951181F220A401018811C1D
:10EC60000D9C20460791EAF7F5FF20463946FFF74D
:10EC700085FB67670C9E53E00B9A907D4871D07DB1
:10EC8000887100200A990882B0680068010716D4CC
:10EC9000800611D50B98407DEBF761F8B0680168EC
:10ECA00020229143016030680421884330601320A2
:10ECB000E8F77AFEE8F7FEFFEAF746FF21E00020DA
:10ECC000179016900B9D687DEBF757F8687D16A995
:10ECD000EBF77AF92878022803D10B98407DEBF7FF
:10ECE00080F9EAF731FFB0680168082291430160BA
:10ECF00030680421014331601320E8F755FEE8F73E
:10ED0000D9FF02212046F1F702FBB06801684A07EB
:10ED100006D50422914301600899487E384348761D
:10ED20000B9D01212046EAF7C8FD0128079904D16F
:10ED30004878002801D0001D48700E98810706D53C
:10ED40003178090703D5687D00F0E5F80E98410792
:10ED500006D50D987830ECF76FFCF1F707FD0E98AB
:10ED6000C00728D00F984478F2F7F1F8012801D0B5
:10ED70001F2200E0FF2222400D9C206F42800F994D
:10ED80000B789B0602D40023037302E00123037374
:10ED9000521C4068891C00F0D6F8206F0024C46122
:10EDA0000F99097803220A40017A11430172FAF798
:10EDB000F3FE0D9804670EA8C07C012845D10F987A
:10EDC0000178890601D5032100E00221405C0EA9EB
:10EDD000C8732A2801D01C2803D1E88A1521089A73
:10EDE000505200210D98F1F7C9FA06460F980078A5
:10EDF00030700F9840787070F2F704FB0546F2F718
:10EE000003FBEAB2C1B21046EAF711F90EA9897BF9
:10EE1000202901D0022100E003210C9D0F9A5118F6
:10EE2000001FC3B252789A4200D30246D2B2B01C3D
:10EE3000EAF750F86868016801220A430260162068
:10EE4000E8F7B2FDE8F736FF0B9D0EAC0D982146B2
:10EE500000F090F8A07B202800D085E40F988078FF
:10EE600081090D9800F087F87EE4C046C4140020A4
:10EE700080B504480068C068EAF7BCFE411E8841BE
:10EE800080BDC046C814002070B5044606462C3626
:10EE90000546AC35E2F744FF01280BD1B0780E21CE
:10EEA00041430E48006890228058C06B806840182B
:10EEB000C07900E00120EBF7DEF809494843000A79
:10EEC000103028603278032A07D1626BA36C5B0094
:10EED0009A185143090A0818286070BDC41400200C
:10EEE000710200007047B0B5054641202C5C2046F9
:10EEF000EAF784FF80216958002805D0480705D427
:10EF00002046EAF72CFFB0BD0807F9D52046EAF7FE
:10EF100034FFB0BD70471CB504466946EAF77CFF74
:10EF20000098411E0091002802D10198401E0190D6
:10EF300069462046EBF70BF81CBD88214058008835
:10EF4000C0B2C0097047B0B5521E1F2313439AB216
:10EF5000531C9AB29A420CD15209031D00240D5938
:10EF60001D51241D202CFAD100682031521E13049B
:10EF7000F3D1B0BD70477047F8B50546EAF754FEC7
:10EF80000446012628463146F1F7F8F92C21695C40
:10EF900002293AD1844238D028462830844205D00C
:10EFA000696F2846FFF7EAF9002621E02F468037EF
:10EFB0002846FFF7C2FF3978490619D4AF6F002FF2
:10EFC00016D0002814D11148006888214058398A89
:10EFD000FA8951181F220A401018841C284621461D
:10EFE000EAF738FE28463946FFF7C8F96F67DBE7CE
:10EFF00001212846EAF761FC002E06D1617800293C
:10F0000003D0002801D0081D6070F8BDC414002092
:10F01000F0B58DB00024022913D01D460746943761
:10F020000646B43601290ED1707C0226002800D095
:10F030009CE0F9F7C3FFB968CA43801800D495E093
:10F040002960264692E00392049501468120400003
:10F050000991081801227274317A01704178019285
:10F0600011434170022102914458801C0890F9F725
:10F07000A5FF07903546069605970C203E5E28684A
:10F080000419012E18DBB87F871B781C80B2254637
:10F090003446099E3146F2F761FC0A90B8B2059FEA
:10F0A000069A314626462C461546F2F757FC711E45
:10F0B000B9810A99081A04E00120FEF7D2FE2D4911
:10F0C00008402418A879002813D03B68181B7A8AB6
:10F0D000002A04D0002B0CD000280AD534E0ED79AA
:10F0E00043210022012D30D0002B069D01D00028A5
:10F0F0002BD4002E03DC09982146EBF7D3FC0898AB
:10F100000068844202D307988442B6D3012E0FDBF5
:10F110000220E874B868001B7860B87E01210140C5
:10F120008207D20F89184007C00F0818401EA87226
:10F130000398046078680BA90CAAF9F7E5FA00199E
:10F1400004990860029E11E03C210B4800682C23C2
:10F15000C05C0001C043A1230343B12018403B7DA4
:10F160009A1AD3B2BA7DFEF7BBFC019E30460DB0B1
:10F17000F0BDC046FF0F0000B0140020F0B593B002
:10F180000546C520285C2C4698342F46B937002800
:10F1900059D00E46FEF768FF002822D07879002863
:10F1A0001FD0E9F7FEFE11A8F1F720FF606827469F
:10F1B0002C46119D7B35401B38600FA90DAAF9F72D
:10F1C000A3FA3146461925463C460E602846EC30E7
:10F1D00000F060FA972149007A7E032A44D00B465A
:10F1E00043E00820205E002858D4E9F7DAFE2089A1
:10F1F000002800D0DEE1F9F7E1FE6168081A8438E2
:10F2000000D58CE10A968120400008900320B87355
:10F210000FAE11AB2946324600F045FA079031781F
:10F22000E07E00263246EBF7FFFA0921C943093197
:10F230002181D0302060207B80073A48099600D198
:10F2400070E1208183E10B940EA800210A910170E6
:10F250000CA801210170B87B0628099101D005286E
:10F2600020D12C463C351FE02F4B042A01D01946F3
:10F2700000E0B4310227814200D39CE1F043616891
:10F28000081800D596E12846EAF722FD012130460C
:10F290000A46E9F781FE002800D08CE1EAF754FC29
:10F2A000002788E12C462835FEF7DEFE0646FEF7ED
:10F2B000CFFE0890687C0A996974A9880818A8800C
:10F2C0000B9DE87EEBF7A0FB02462889EE498842B9
:10F2D0001AD1002E18D038791546EAF75AFE266D55
:10F2E00000270097942039462A462B46EAF7BFFBB1
:10F2F00001463046EAF7F3FC0B98C07E401E022818
:10F300001BD3E049193119E0E04940180628254689
:10F310001BD8C04678440079400087440716168EF3
:10F32000BE16D100F6FF0000D5020000E9F739FE55
:10F330002846E2F773FD04273DE14621206D143095
:10F34000EAF7F1FCEAF700FC35E10898002800D163
:10F350002AE10892286D1430EAF766FC0646007828
:10F360000F240440707803210A91052C02D0032C4D
:10F3700000D046E1222800D943E1821C2846C8304B
:10F38000C34B314607949847002412941194307867
:10F39000C00911A90870481C31460831062205929F
:10F3A000BB4B984710940F9430784006C00F0FA9BC
:10F3B00006910870481C0496B11C059AB44B9847F6
:10F3C0000B98C37D027B286D0146303128302E46D4
:10F3D000843500950190029106980799FEF75AFE30
:10F3E000316D282206928C5441087E29099B00D851
:10F3F0000346316D069D4A5D1A434A553546716F85
:10F400000A68119B9A4200D0DAE04968129A914248
:10F41000049A079B00D0D5E00446FF3C611E8C4156
:10F42000032B00D0CEE0FF2800D1CBE00B988089E1
:10F43000800700D5E7E00124C4E0286D1446EAF710
:10F4400047FC2E6D0998009097204000C63002219D
:10F4500022462346EAF70BFB01463046EAF73FFC1B
:10F460000620B873397AF9710EAF0DAB29463A46CA
:10F4700000F019F9064639780B9CE07E00273A46E1
:10F48000EBF7D2F9D03020602846F2F795F82846FD
:10F49000EBF7D8F9002E3ED08DE01446E9F781FD58
:10F4A000286DEAF715FC2D6D00210091942022466D
:10F4B0002346EAF7DCFA01462846EAF710FC75E035
:10F4C000387AF8712E6D0998009097204000C63068
:10F4D00002211346EAF7CBFA01463046EAF7FFFB72
:10F4E0000420B8730EAE0DAB2946324600F0DBF8AF
:10F4F000099031780B9CE07E0A9F3A46EBF794F92D
:10F50000D03020602846F2F757F82846EBF79AF9F2
:10F51000099800284FD15C48C01D20814BE0002095
:10F52000387347E00799002948D0E07EEBF76CFA82
:10F5300002462E6D0120009097204000C630022127
:10F540001346EAF794FA01463046EAF7C8FB0898F2
:10F550002818089028462830EBF73CF9064628463C
:10F560003C30EBF737F9002E02D0797BC90704D184
:10F57000002805D0787B800702D52846F4F7C9FE1D
:10F58000099838733879089A10705078012101432E
:10F5900051702846EBF756F9286DEAF799FB606839
:10F5A0000A990860022706E0E9F7FBFC0B99C88975
:10F5B000401EC8810327384613B0F0BDC01D40E689
:10F5C000049A079B0B998889C00717D0052B15D182
:10F5D0001046FEF7B5FD0B9901280FD1296D886AF9
:10F5E000C96AFEF713FE41424141214001290B99AE
:10F5F00004D10CA92846E2F715FC51E6C889401E43
:10F60000C8810A9FD7E7286DEAF709FB0520B87380
:10F610000EAA0DAB294600F046F8002813D01A4870
:10F62000801D0B9C20812E6D0120009097204000B2
:10F63000C6300221089A1346EAF719FA0146304605
:10F64000EAF74DFB03E01048C01D0B9C2081EAF750
:10F650007BFA0EA80178E07E00221646EBF7E4F86C
:10F66000D03020602846EBF7EDF83878012807D134
:10F670002A6D0698115CA07C2832521CFEF702FB12
:10F68000374698E7D5020000F6FF00000700FFFFAD
:10F69000D58E041010B50446F8F704FC206A8338B0
:10F6A00000D2002010BDF0B58FB01F460D460446B5
:10F6B000FE202040082803D1AE6FE86F08360DE029
:10F6C00020460A38C0B280280AD80AAE2846214609
:10F6D0000792324600F01EF8079AE86F012309E00E
:10F6E000601FC0B2022801D3282000E03C202E1861
:10F6F00000232846A421415A08A8059009A804908F
:10F70000039702920196009500222046F7F742F8EF
:10F710000FB0F0BD10B514460A39C9B200F012F8A6
:10F720000021002803D002784068012302E00B4644
:10F730000A460846A160E16061742374E280A180FA
:10F74000206010BD10B5846F00F009F8FF2804D0C8
:10F75000C000E1690968081810BD002010BDF8B5A7
:10F760000C460546427A866F304600F021F8FF28A5
:10F7700001D1FF201AE03346223319785A78DB7F13
:10F780000093337D0127A3423B4605D96A23EB5AF8
:10F79000358C5D1B6B426B4187400F42E9D01740AF
:10F7A000E7D10099A142E4D0002BE2D0F8BD0000DF
:10F7B000007D081A00D28018C1B2054B1B7F93420E
:10F7C00000D31346994201D30020C043C0B2704712
:10F7D000FC130020044800689021405840683D21F7
:10F7E000C90040187047C046C4140020B0B5044694
:10F7F00000252846F7F7FCFB0649897F491C491E6E
:10F8000006D07A22825AC030A242F8D1C038B0BDA8
:10F810002846B0BDFC13002070B50B4D2868046A63
:10F82000002C10D0EFF3108672B6296820312046E4
:10F83000F6F7A8FC86F31088206901690029EDD04D
:10F84000606A8847EAE770BDC814002080B50349A4
:10F85000C97A814201D9FBF767FD80BDFC13002006
:10F8600080B540690149FAF7B1FB80BD4DF805103C
:10F8700010B5044600200121074B2246EBF764FF38
:10F8800006480068A8214058E100425CCF2313409D
:10F890002033435410BDC046204E0000D014002039
:10F8A000F8B5294E3168A8254959C4000A5DD30628
:10F8B0000ED4930646D50919930735D0FC2313407F
:10F8C000521E03241440E2180A70FFF7D1FFF8BD5E
:10F8D000FFF7CEFF306840590019841C6920C643E9
:10F8E00037466937194800683421405C7F1C8742DD
:10F8F00028D215480068A4254059801974366C3008
:10F9000006222146E9F7F1FA0028EBD10E480068FB
:10F910004059815DFB2915D1102181550E20E8F752
:10F9200043F8E8F7C7F9F8BD354600240822084631
:10F930002146E9F7D3FA3068B02144544121425CB2
:10F94000521E4254F8BDC046D0140020B01400200E
:10F9500080B5022802D8FFF7A3FF80BD0449C97A09
:10F96000C91C814203D9C01EC0B200F003F880BD9B
:10F97000FC130020FEB505467420029045430F4855
:10F980000068A421019140584719398902200124B7
:10F99000002622463346EFF7CDFF38462146EFF7E3
:10F9A00059FF3889EFF73CFF044800680199405837
:10F9B00040193146029AE9F791FAFEBDD0140020B1
:10F9C00080B540690149FAF701FB80BD51F9051086
:10F9D000F401FA00960064004B0032001E0014008F
:10F9E000010000000000010002000000010003000F
:10F9F00000000100040000000100050001000100FA
:10FA000006000200010007000200010008000300D8
:10FA100001000B00030001000C00050001000D00B7
:10FA2000060001000E0006000100110007000100A1
:10FA30001200070001001300080001001400080074
:10FA40000100150007000100160007000100170063
:10FA5000070001001800060001001900060001005F
:10FA60001A00090000001B00000001001C00090032
:10FA700001001D00090001001E000A0001001F0016
:10FA80000A00010021000B00010022000B00010010
:10FA900023000B00010024000600010025000F00D8
:10FAA000010027000C0001002800050001002B00C8
:10FAB0000D0001002C000E0001003F0000000000BE
:10FAC0004000040012001A00260027001D0002005A
:10FAD0000300050008000B0021002200230019008C
:10FAE00038B505000C002000FAF734F8A04200D029
:10FAF0000025280032BD704709888088084000D062
:10FB000086207047098882888A4382800020704757
:10FB1000098882880A43828000207047B0B5054674
:10FB20008068428901894220FDF7D6FE04460028FC
:10FB300010D1A868428901890120EFF747FEA86823
:10FB400081880A0603D5FBF7BFFAA86881880222DC
:10FB5000914381802046B0BD10B50446007800284E
:10FB600001D0002010BD60688189491C89B2F7F777
:10FB700039FD0346A068428901890220FDF7B0FDE6
:10FB8000002800D010BDA068C06881891922F7F74D
:10FB900014FFA068C06801214180842010BDF0B529
:10FBA00091B0074609AC1020207478688189491DFE
:10FBB00089B2EFF79AFDA08178680FAE0EAD31469D
:10FBC0002A46F3F746F8368878680697B968448875
:10FBD000C868818907220290F7F7EFFEE01F2988A5
:10FBE00004910121059180B203900196059887B296
:10FBF0003C1D06988068C08884423CD8B0B209AAEF
:10FC00000499F7F70FFE002835D0054610A800909C
:10FC1000002208AB0698294600F03DF8862828D037
:10FC2000002836D16E880898436806984068818914
:10FC3000C91D89B2039F3A46F2F7E6FE0899098882
:10FC4000B94216D1002814D107AF3E70300A78703F
:10FC50002846F3F773F80646B870000AF870029861
:10FC60008189059A891889B204223B46EFF734FD51
:10FC70000594761CBAE7012F07D106200A220199C4
:10FC8000029BF2F7AFFF862003E0029805994180BE
:10FC9000002011B0F0BDFEB51F460646089D0024A9
:10FCA0002C700078012807D1306900281FD00C364D
:10FCB0003E600020287029E00292B068008901911E
:10FCC0003A462B4600F024F8002812D084281DD193
:10FCD00001984388B0684289018902980090022007
:10FCE000FDF72CFE002811D17B20C0430EE00E2032
:10FCF00005E038680188029A914203D207202870F3
:10FD0000862003E04168891841602046C0B2FEBDEC
:10FD1000F8B51C4600920E460746012208463946B1
:10FD2000F7F7D0FD20708625002808D138463146E7
:10FD3000009AECF757F9862802D10E202070284649
:10FD4000F8BDF0B58FB00146406801918968CF6871
:10FD50000DAD0EAC29462246F2F77BFF28880790AE
:10FD6000ECF706F902462088029000252B46009504
:10FD70000395002A069550D0508807900299884232
:10FD80004BD8A8B2C01801998968C988884244D85C
:10FD90001C4608AD059210462946ECF7FBF82E7C70
:10FDA0000398000606D00098864239D1C008049016
:10FDB000069D16E0B98905223846F7F7FEFD102E9C
:10FDC00001D0022200E00122069DB889401C81B2C8
:10FDD00038460392F7F7F1FDAD1CF0080490841C3F
:10FDE0000096B889401981B23846079AF7F7F2FDB4
:10FDF000B8892818861C08A800F020F80346B1B27C
:10FE00000498C2B23846EFF767FCE0B22D180598A7
:10FE1000ECF72CFA02462346ABE70398000603D022
:10FE200006987880002007E0079881B204200A2213
:10FE30003B46F2F7D7FE86200FB0F0BD017C80294B
:10FE400000D00C30704770B586B0044600780028AA
:10FE500014D0A589A068C188491FA94200D80D46C1
:10FE6000AAB22369C0688189491D89B2EFF734FCC1
:10FE7000681DA168C9684880002040E060688189E9
:10FE8000491C89B2EFF731FC0546032205AB204639
:10FE9000294600F036F8002808D00246A068C3685A
:10FEA00016202946F2F79EFE862028E060688189A8
:10FEB000C91C89B2EFF719FC06466068A1684A8937
:10FEC000098943885B1F9BB20096019302900A2028
:10FED0002B46FDF785FC002811D103AB5D70280A85
:10FEE0009870DE7017201870300A1871A068C0680A
:10FEF00081890522EFF7F0FB00206060842006B0C6
:10FF000070BDF0B585B01E4614460F46054601A8E3
:10FF100001810271A9680191FBF778F8862801D167
:10FF200012200CE03846F2F7F7FE3060002805D0CA
:10FF3000A96809892246F7F7C5FC00E0012005B051
:10FF4000F0BDF0B597B00446406815A914AAF2F7C1
:10FF500080FE0A9460688189491D428889B2072A17
:10FF600005D1EFF7C2FB0FA98881102004E0102211
:10FF70000FABEFF79DFB80200FA908740A9840781B
:10FF8000102801D0022100E0042107910A9A91680B
:10FF9000CC68CB8805931278002A04940AD065882F
:10FFA000022D15D3A089401C81B22046F7F71AFB19
:10FFB00006460EE015AA1588102812D10FA8FBF7E7
:10FFC00093F8002800D1B8E00895A18911221BE020
:10FFD0000026A089401981B22046EFF786FB0890E1
:10FFE00018E00BA8058102220271149A42810B913C
:10FFF0000FA90E91FBF70AF8862802D116A8122243
:020000041006E4
:100000009DE00895A18909222046F7F7D6FC012535
:10001000658000260598801E019014A80088039032
:100020000996F6B20695AFB2B8190599884274D808
:10003000089885B20FAA28460399F7F7F3FB002822
:100040006BD00446029516A8009000250BAB0A98C9
:1000500021462A46FFF71FFE00284FD10B98008843
:1000600007990918012F11D1FF2900D3FF21019809
:10007000814200D301990991CAB2049EB089401C03
:1000800081B23046F7F799FC022703E0B142049EA3
:10009000069F5CD165882046F2F750FE0890B08933
:1000A000C01981B230462A46F7F794FC079809999F
:1000B0000A1A3C46BF1C0A98407810280AD1B08919
:1000C000C01981B23046089D17462A46F7F782FCD0
:1000D0003A46271D2C46B089C01981B20B98436857
:1000E000D5B230462A46EFF7F7FA7D19758002201F
:1000F0000A990870601C0890099E91E78628069A64
:1001000016D084280546049821D18189891889B29E
:10011000029AF7F75FFC842519E0012F06D116A893
:100120000A22027015A80588049C09E000250EE04B
:1001300016A80278049C089D02E016A810220270FE
:100140000A984078A9B22346F2F74CFD8625284646
:1001500017B0F0BDF0B58BB005468068C468C7889D
:100160002878002824D02E460C36059668688089A9
:10017000401C81B2042204AB2046EFF799FA308884
:1001800069787F1E0C2903D1874253D20499401A03
:1001900080B2874200D30746BAB27368A089401C78
:1001A00081B22046EFF798FA781C608000204DE07D
:1001B00068780C28029707D168688189C91C89B2C0
:1001C000EFF793FA0D2201E00B22002004AF039019
:1001D0003880A1892046F7F7F0FB68688189491CBF
:1001E00089B2EFF782FA0646788007A806810127D0
:1001F0000771A9680791FAF709FF862801D112272C
:1002000015E03046F2F788FD002810D0014606A818
:10021000009005AB2846039AFFF73DFD002817D054
:10022000842818D0862811D106A8077807E006A8E8
:10023000077004E006A80B27077004A846886878B2
:1002400031463A462346F2F7CDFC86200BB0F0BD8E
:10025000059E029F93E7A089401C81B2042204AB53
:100260002046EFF739FA8420F0E7F0B58DB08168C9
:10027000CE68C988069101780029079009D077884F
:10028000B089C01981B23046EFF72FFA07990246BC
:100290000CE040780E2801D0212200E00F22B18925
:1002A0003046F7F78AFB012217460799486880789D
:1002B000801AC0B2450808780028029666D00799CF
:1002C00008460C300190EDB2FF35E8B200230393ED
:1002D000A84200D1B3E0BCB20698A04200D8AEE07C
:1002E000486881890592891889B202220CAB049270
:1002F000EFF7DEF907990878012802D101980890F4
:100300000DE00CA80088F2F707FD01460798806809
:10031000008908AAEBF766FE0799842865D006983D
:10032000041B48780E2809D1B089C11908980288A1
:10033000944200DB144689B2A2B213E0B089C0191E
:1003400081B2089A304616883246F7F743FBA41E5E
:10035000B44200D33446A2B2BF1C029EB089C01979
:1003600081B2089843683046EFF7B6F93F197780B5
:10037000079948782028059A04D10698C01B80B2B6
:1003800002285CD304980870921C9CE70021059217
:10039000079C88B2A84292D2049149006068828981
:1003A0005118491C89B202220CABEFF781F908A859
:1003B000012606710C990181A1680891FAF726FEC1
:1003C00086282AD00CA80088F2F7A6FC002827D09F
:1003D0000799896809890122F7F774FA00281ED164
:1003E0000499491C029E059AD3E70CA803888868E3
:1003F00042890189002000900220FDF79FFA0390B6
:100400000028059A1BD17780B089C01981B292B2B9
:100410003046F7F7DFFA842010E0122600E00646A7
:100420000CA80188079840780E2801D10E2000E022
:1004300020203246029BF2F7D5FB862003900398DA
:100440000DB0F0BDF0B589B004460078002801D0A9
:1004500000203BE06068A168C968069146888189F0
:10046000491C89B2EFF741F90546F11E6078002773
:1004700052280CD0D2280ED1A0684089042824D15B
:100480000F3E052201270020049005960EE00591FD
:10049000042204970AE00591069EB1891322304692
:1004A000F7F78BFA012004907080032207AB2046F7
:1004B0002946FFF726FD024608A80270002A07D049
:1004C00060782946069BF2F78DFB862009B0F0BDC7
:1004D000002F08D06168A068008900F023F8002888
:1004E00001D00022ECE76168079808AAFAF73EFC01
:1004F0000028EBD0842812D16068A1684A89098954
:10050000059B9BB20095019302900A20049BFDF786
:100510009BFA0028DAD1002060608420D6E708A882
:100520000278CDE7F0B58DB00D464F88EBF78EF829
:10053000002805D00446407C400603D4B12034E0B6
:10054000022032E021464C3105A81022E8F7C2FC17
:10055000083FB9B20C2202AE28463346EFF7A8F89E
:100560003078717809020818B17809044018F178D8
:1005700009064118206F814201D8401C10D1019119
:10058000FAB205A809AE29463346F8F71AFA02A8C6
:10059000001D083608223146E8F7A7FC002801D0E4
:1005A000052002E00198206700200DB0F0BD9042C8
:1005B00001D8884201D21220704700207047F0B560
:1005C000FFB08CB00C4605468B68CA88898807A89E
:1005D000801D00F034F8280702D5A068EBF758F822
:1005E00007A84189059101890391C18802910C30C6
:1005F00004900025049EA8B2059988421CD23118A7
:100600008AA8069002242246E8F764FCA81C80B25F
:10061000311889AF38462246E8F75CFC281D84B2C1
:1006200030193B8806990A8800900298039900F0D7
:100630001CF838882518DEE77FB00CB0F0BDB0B5E7
:100640001C465B88150AC57082700A0A42700170E8
:10065000591E01710A0A4271A589831D8AB2681C5C
:1006600081B22046EFF724F8B0BDB0B5FFB083B03B
:100670001C466D462B73AA722972A8711B0A6B73F4
:10068000120AEA72090A6972000AE87128460E30F5
:1006900086992246E8F71EFC20460A30A870000A18
:1006A000E8700F202871FF206870822028700C20CD
:1006B00068710E34A1B22846F7F7E8FC7FB003B0AA
:1006C000B0BDB0B5FFB085B00C4605468B68CA8892
:1006D000898802A8801D00F011F8280702D5A068BB
:1006E000EAF7D6FF02ACA38962892189E0880E343B
:1006F0000094FFF7BAFF7FB005B0B0BDF8B51C4657
:1007000017460E460546588800909889401C81B2CD
:100710001846EEF7EAFF0099C91E0A0AEA71A971A4
:1007200028713A0AEA70AF70320A6A702E70000AB5
:100730006871A08908358AB2C01C81B220462B4658
:10074000EEF7B6FFF8BD10B5FFB083B089886C46F0
:10075000A01D00F014F8217A481DA070000AE07076
:1007600001202071FF2060708220207008206071BD
:1007700009312046F7F78AFC7FB003B010BD017045
:1007800000228270090A4170704780B5022807D0A4
:10079000012809D0002806D10020E1F79DFA80BD8C
:1007A0000020FFF7A8F980BD0020F9F7E3FA80BD2B
:1007B0000020704780B58088FFF718F8002804D023
:1007C000BA21405C411E884180BD002080BD0020D0
:1007D0007047002070470020704780B5FEF7FAFF91
:1007E0003821415C002903D0007A411E884180BD38
:1007F000002080BD80B50179407900024018FEF7E5
:10080000F5FF411E884180BD002070471CB58988D6
:100810006C46E01C00F00BF80520A07013206070FF
:100820000420207008212046F7F730FC1CBD002270
:1008300002710122C27041700270090A8170704712
:1008400000207047002070470020704770B50446B4
:100850002830E9F7BFFF05462646C63620463C301D
:10086000E9F7B8FF002D02D03178C90704D100287C
:1008700005D03078800702D52046F3F74AFDEAF725
:1008800049F8024670782146FDF712FD70BD10B59B
:1008900001242146FDF725FC204610BDB0B50446D5
:1008A0000546BA35A878E9F7A7FFBA2000212152FA
:1008B000FF24AC70A87AFF2801D0E9F7FBFFAC72E7
:1008C000B0BD70477047F0B58DB0029301920746F6
:1008D00042203C5A4B2080003D18786C0390E8F78A
:1008E0004FFB01462846099100F089F80546384635
:1008F00000F092F893204600012D03D1384600F015
:100900008CF800E001200A90B81905903846423072
:10091000079038462D3008903846803006900B9767
:10092000FA37049700200C90A1B20B9F38460A9A20
:1009300000F0BEF8F96C41437A6C56187E640C994D
:1009400041180C912418A5B23846294600F0B2F897
:100950000746002802D10998301AE5D4069A106893
:10096000802188431060079E3088A84205D90498EA
:1009700000880B99F83100F02DF93480002F089E83
:100980001DD10B98416C039A8D1A294600F023F96A
:100990000746002813D17078294600F02BF9074646
:1009A00000280CD10B9829460C9A019C234600F094
:1009B00047F90746206802990860002F06D0377073
:1009C00000200599087001200DB0F0BD0B9EB06F9E
:1009D000002801D0C46900E000247836002C0CD037
:1009E0002546E469287A0007F8D530462946F5F708
:1009F000C7F82846EAF74CFEF0E70220E4E780B5A6
:100A00008269531A01D4012080BDD2435218416833
:100A10005018E6F731FB80BD7047F8B505462C202D
:100A2000285C0124032841D1288F00283ED02F467E
:100A30002C375426B85D800638D52846E9F7F4F8F7
:100A400029462831884231D1B85D0006800F2DD16A
:100A50002846E3300078800728D42E46F6363088C2
:100A6000002823D1B87801242146F5F7DEFC009058
:100A7000B8780021F5F7D9FC0099084302D1288FF6
:100A8000441C13E09320400028180078C0070DD0C4
:100A9000F88A718D081A81B2022907D3441EA1B2C7
:100AA000288F401C82B2914200D30446A0B2F8BD08
:100AB00010467047FEB50A46044693204300E05CAA
:100AC000C10725462C3500297FD02746E237F98F0C
:100AD0008A1A160404D010B2002876D52820FEBD4C
:100AE000E61842B2002A0FD4410713D4000736D4C7
:100AF000A878E1F77BF900285DD0A87801210022D1
:100B00001346F7F787F856E0A878FFF7DAFE307853
:100B10007F214EE0606CAF6F796840186064B968FF
:100B20003A68287802280291019227D1687DE9F776
:100B30008AF9042801D0062800D10220800021185B
:100B4000786988650028029B019903D0984200D3F8
:100B5000184620654808616C081860641AE0E96F5F
:100B6000687DE9F795F93878012804D1E96FBC343C
:100B70002046F0F7D1F93078F7211AE0E9F792FA38
:100B8000029B019961634068002803D0984200D31A
:100B900018462065F86820873869E16C0A18626693
:100BA000A066994203D0E3642046F5F70DFC307847
:100BB000FB21014031703078FC210140881C3070ED
:100BC0001620E6F7F1FEE7F775F8A878E1F71EF9C9
:100BD0000020FEBD7047426E511A4166491E01D485
:100BE000002070478021405C800601D508207047B6
:100BF0003E207047FEB502910546F5F757FB0746C4
:100C00007D20460400240194022C15D07879C00779
:100C10000FD0E1B22846EFF79FFEFD21084208D031
:100C20003868411E0AD4B042314601D80299411AAF
:100C300039600C37641CE7E70198FEBD2220FEBD39
:100C4000F0B587B00693059105464120285C132135
:100C50000C01E221695C2E462C3601290DD1E9F701
:100C60009CF8F28A777D0023009301900293294635
:100C7000BC313846EFF7B4FA10E01746E9F7B6F89A
:100C8000049404464743F0783F18B8B2EFF7DCFA13
:100C9000F070381B049C80B2EFF7D6FA01462F198A
:100CA000707DE9F7D2F93078022811D12846E9F7AA
:100CB0000FF82846E8F7D1FF707DE9F79FF9E86C57
:100CC0003860288E401C2886686C0699086026E0EB
:100CD000AC6C688D0599EFF7C7FA0019A96C00296B
:100CE00000D10D30E96C49083E39884201D908200D
:100CF00016E0A8642C4614342046E8F7E9FF2046A5
:100D0000E8F7ABFF707DE9F744F92A46443207CA99
:100D10003A60401A06990860288E401C28860020F8
:100D200007B0F0BDB0B50D4604464120205CE9F7A0
:100D30008AF8022102460A43062A00D00146002D05
:100D40000BD020462C300078032807D0022804D18D
:100D500088002018806D002800D0B0BD4D20800094
:100D6000201801694269511A02688A42F5D0531A63
:100D700001D95908511A42689142EED30160B0BDC1
:100D800070B504462C20205C2646AC3603280DD1D5
:100D90004B2080002518284600F018F80146206DE9
:100DA000814202D2284600F011F870602046EFF729
:100DB0006FFF2046FEF768F82046FEF794F831688A
:100DC00014342046E8F7AFFF012070BD0146896A60
:100DD00000290ED0427D4B7D9342F8D38269CB69C6
:100DE000DB43D2184368D218F1D4C0698969081A64
:100DF00000E0406883387047B0B504462E20255C7B
:100E00002846FFF75FFD2846EFF772FD002803D163
:100E10002E34E07CE9F7F0FC1620E6F7C5FDE6F796
:100E200049FFB0BD7CB50446FCF7A0F90146BC26DD
:100E3000A05DE9F77EF8B120205CE9F7E5FD054605
:100E4000A05D2946E9F7EAF8A05D2946E9F7B1F87F
:100E5000C720205C2146A431062801D0052802D1F4
:100E600022463C3201E02246283209880094019251
:100E700000221346F0F7BCFB7CBDB0B50446C5208C
:100E8000205C002810D00D46FDF7EEF800280BD0AE
:100E9000002D09D12046BE300178002904D0491E1A
:100EA00001702046FFF7BEFFB0BD80B5C521415C93
:100EB000002902D0FFF7B6FF01E0E9F7C3FC0120EB
:100EC00080BDB0B50446BA2000212152BA34A07AC0
:100ED000FF2801D0E9F7EEFCFF25A572A078E9F71D
:100EE0008BFCA570E078E9F787FCE570B0BD10B524
:100EF0000C46F7F7F5FBC108C9B2012909D807224A
:100F0000104001228240601883214900435C134352
:100F1000435410BD70B40123002413E00168001D88
:100F2000194202D04D466918491E0C60091D121F56
:100F3000042AFAD20D00960701D50C80AD1C1A4088
:100F400000D02C700268001D002AE7D170BC7047E9
:100F5000F1B401684118436858080A18009880687D
:100F6000DB0701D54B46C01891422DD00D78491CA6
:100F7000032403262E4002D10E78F61C491C2B09AF
:100F80000F2B07D10B780F33491C03E00F78491C56
:100F90000770401C761EF9D1002BE5D00E78491C55
:100FA000AD082C40032C01D10C78491C24023419C3
:100FB000654244190025AE1E9E42D5D02678641C99
:100FC0000670401C6D1CF6E700980C30F2BC7047B0
:100FD00045FFFFFF04000000300000206400000017
:100FE0005C000020A00E000044060020000000006D
:100FF00061FFFFFF1F01000014000000C00000207F
:1010000051FFFFFF190100004C02000060030020A7
:10101000BD1A3CCDA6B8995899B740EB7B60FF4A02
:10102000503F10D2E3B3C974385FC5A3D4F6493F2B
:10103000000C00020800110200011703010D03015A
:10104000010001010013020003090003090001016E
:101050000001010004060012020003090114180037
:10106000141800120300070101070100050901051A
:101070000901060302060300060500140300090225
:10108000020901000823001002011002010D2402D0
:101090000D09020D10000E04000A04020A05000AE0
:1010A00005000F0B020F0B000B04010C0B00082BAB
:1010B00000031B00031B006C888391AAF5A5386010
:1010C000370BDB5A6083BEE69D350E480103CCDB4F
:1010D000FDF4AC1191F4EFB9A5F9E9A7832C5E2CCE
:1010E000BE97F2D203B0208BD28915D08E1C742407
:1010F00030ED8FC24563765C15525ABF9A32636DEC
:10110000EB2A65499C80DCFB349B5F8000008000FB
:10111000100000F2FF0001F1FF01F16E01B01102B9
:1011200001060B09703270536578745F58580FFFD1
:1011300030000112030F12320410031C120020FFB2
:101140000120150000FFFF03070800FB349B5F80B0
:101150000000800010000002290007B0060098106F
:1011600004100207001C43002A1C6101E0028003F6
:10117000002024D20124F2027448E20448F102243F
:10118000D2A624128C24B0012207092443882B24E0
:1011900012010412948C212FE148D2C948F202A412
:1011A0006CC3F52B2412B024B1F8821868610112C7
:1011B000020C12B074D2034C6540D2E444F2020136
:1011C000446101F10744100308140410016A216C02
:1011D0006002DA1400200C12800CF30502000152A8
:1011E000FF01A11F617412040812025A2108116242
:1011F00062480426013B34034000000F10067118BA
:101200001114F00707410024F4005FAE04100461DC
:1012100070E3161614116C10060401012813002047
:10122000780452280421616108F0070E340600207A
:10123000200600200001000943900410E7820510F9
:03124000010401A5
:0400000510059AD96F
:00000001FF
