:020000041004E6
:10000000000001201D6505104568051047680510B2
:1000100000000000000000000000000000000000E0
:10002000000000000000000000000000496805100A
:1000300000000000000000004B6805104D6805102E
:10004000D33E04104B550410976904102774041014
:10005000000000000000000000000000B77604105F
:10006000556805106F7C04102F7D0410637D04100B
:100070006F7E04107168051000000000A368051071
:10008000B16805109B8804108B6805100000000003
:1000900083680510000000009B6805107B68051050
:1000A000138E041093680510C38E0410239504105A
:1000B0007B9504100000000000000000000000001C
:1000C000F80D0020A62100000000010200001E0023
:1000D000F7000000FFFFFFFF6400011008000000B0
:1000E000F70001000001010202020200000100030A
:1000F000000400004572726F7220696E20424C4508
:100100005F535441434B5F496E697428292030780E
:10011000253032780D0A000020204661696C2020CD
:10012000203A206163695F68616C5F77726974650A
:100130005F636F6E6669675F6461746120636F6D92
:100140006D616E64202D20434F4E4649475F444108
:1001500054415F505542414444525F4F46465345D7
:10016000542C20726573756C743A203078253032C7
:10017000580A00002020537563636573733A206149
:1001800063695F68616C5F77726974655F636F6EE6
:100190006669675F6461746120636F6D6D616E6431
:1001A000202D20434F4E4649475F444154415F5004
:1001B0005542414444525F4F46465345540A00005D
:1001C00020204661696C2020203A206163695F68C5
:1001D000616C5F7365745F74785F706F7765725F71
:1001E0006C6576656C20636F6D6D616E642C20723A
:1001F0006573756C743A203078253032580A0000E7
:100200002020537563636573733A206163695F6887
:10021000616C5F7365745F74785F706F7765725F30
:100220006C6576656C20636F6D6D616E640A0000AD
:1002300020204661696C2020203A206163695F6755
:100240006174745F7372765F70726F66696C655FFC
:10025000696E697420636F6D6D616E642C207265C8
:1002600073756C743A203078253032580A000000DB
:100270002020537563636573733A206163695F6718
:100280006174745F7372765F70726F66696C655FBC
:10029000696E697420636F6D6D616E640A000000A1
:1002A00020204661696C2020203A206163695F67E5
:1002B00061705F696E697420636F6D6D616E642C2F
:1002C00020726573756C743A203078253032580A84
:1002D000000000002020537563636573733A20614A
:1002E00063695F6761705F696E697420636F6D6DCC
:1002F000616E640A0000000020205075626C696322
:1003000020426C7565746F6F746820416464726517
:1003100073733A20253032783A253032783A2530D6
:1003200032783A253032783A253032783A253032F0
:10033000780A000020204661696C2020203A20477E
:1003400061705F70726F66696C655F7365745F641E
:1003500065765F6E616D65202D2044657669636505
:10036000204E616D652C20726573756C743A203077
:1003700078253032580A0000202053756363657376
:10038000733A204761705F70726F66696C655F7366
:1003900065745F6465765F6E616D65202D204465D0
:1003A00076696365204E616D650A00002020466114
:1003B000696C2020203A204761705F70726F666917
:1003C0006C655F7365745F617070656172616E63A7
:1003D00065202D20417070656172616E63652C200F
:1003E000726573756C743A203078253032580A0083
:1003F0002020537563636573733A204761705F70A3
:10040000726F66696C655F7365745F61707065615A
:1004100072616E6365202D20417070656172616E3E
:1004200063650A0020204661696C2020203A206123
:1004300063695F6761705F7365745F696F5F636154
:10044000706162696C69747920636F6D6D616E644F
:100450002C20726573756C743A20307825303258D0
:100460000A0000002020537563636573733A2061AE
:1004700063695F6761705F7365745F696F5F636114
:10048000706162696C69747920636F6D6D616E640F
:100490000A00000020204661696C2020203A20617B
:1004A00063695F6761705F7365745F7365637572BD
:1004B0006974795F726571756972656D656E747363
:1004C00020636F6D6D616E642C20726573756C7442
:1004D0003A203078253032580A0000002020537529
:1004E00063636573733A206163695F6761705F730B
:1004F00065745F73656375726974795F7265717530
:100500006972656D656E747320636F6D6D616E6485
:100510000A0000003E3E3D3D204843495F444953A8
:10052000434F4E4E454354494F4E5F434F4D504C01
:100530004554455F4556545F434F44450A0000000B
:1005400020202020202D20436F6E6E656374696F1C
:100550006E2048616E646C653A202020307825302A
:1005600032580A20202020202D20526561736F6EA2
:100570003A202020203078253032580A0000000030
:100580003E3E3D3D204843495F4C455F434F4E4E04
:10059000454354494F4E5F5550444154455F434F86
:1005A0004D504C4554455F5355424556545F434F5B
:1005B00044450A0020202020202D20436F6E6E65C8
:1005C0006374696F6E20496E74657276616C3A204F
:1005D000202025642E25303264206D730A202020CF
:1005E00020202D20436F6E6E656374696F6E206CE2
:1005F0006174656E63793A2020202025640A2020EA
:100600002020202D205375706572766973696F6E96
:100610002054696D656F75743A2020202564206D23
:10062000730A00003E3E3D3D204143495F47415033
:100630005F50524F435F434F4D504C4554455F56BA
:10064000534556545F434F44450A00003E3E3D3DEE
:10065000204143495F4741505F4B455950524553F4
:10066000535F4E4F54494649434154494F4E5F569C
:10067000534556545F434F44450A00003E3E3D3DBE
:10068000204143495F4741505F504153534B4559C7
:100690005F5245515F56534556545F434F44450A98
:1006A000000000003D3D3E3E206163695F67617070
:1006B0005F706173736B65795F72657370203A2048
:1006C0004661696C2C20726561736F6E3A203078D8
:1006D000253032580A0000003D3D3E3E20616369EE
:1006E0005F6761705F706173736B65795F7265736B
:1006F00070203A20537563636573730A000000002D
:100700003E3E3D3D204143495F4741505F4E554D80
:10071000455249435F434F4D50415249534F4E5FFD
:1007200056414C55455F56534556545F434F4445DB
:100730000A0000003D3D3E3E206163695F676170D5
:100740005F6E756D657269635F636F6D706172690D
:10075000736F6E5F76616C75655F636F6E666972ED
:100760006D5F7965736E6F203A204661696C2C204D
:10077000726561736F6E3A203078253032580A0006
:100780003D3D3E3E206163695F6761705F6E756DE0
:10079000657269635F636F6D70617269736F6E5FBD
:1007A00076616C75655F636F6E6669726D5F7965A2
:1007B000736E6F203A20537563636573730A00008C
:1007C0003E3E3D3D204143495F4741505F504149D6
:1007D00052494E475F434F4D504C4554455F565329
:1007E0004556545F434F44450A0000002020202016
:1007F000202D2050616972696E67204B4F0A2020BE
:100800002020202D205374617475733A2030782590
:100810003032580A20202020202D20526561736F2D
:100820006E3A203078253032580A00003E3E3D3D79
:10083000204143495F474154545F5352565F5245EC
:1008400041445F56534556545F434F44450A0000A8
:100850003D3D3E3E20636F6E6E656374696F6E5FF3
:10086000636F6D706C6574655F6576656E74204648
:1008700061696C2C205374617475733A203078254B
:100880003032580A000000003E3E3D3D206863695A
:100890005F6C655F636F6E6E656374696F6E5F63D7
:1008A0006F6D706C6574655F6576656E74202D2064
:1008B000436F6E6E656374696F6E2068616E646C01
:1008C000653A203078253034580A00002020202056
:1008D000202D20436F6E6E656374696F6E206573A3
:1008E0007461626C6973686564207769746820401C
:1008F0003A253032783A253032783A253032783A13
:10090000253032783A253032783A253032780A006C
:1009100020202020202D20436F6E6E656374696F48
:100920006E20496E74657276616C3A2020202564D1
:100930002E25303264206D730A20202020202D20A7
:10094000436F6E6E656374696F6E206C6174656E63
:1009500063793A2020202025640A20202020202DA1
:10096000205375706572766973696F6E2054696D76
:10097000656F75743A202564206D730A00000000CD
:100980006163695F6761705F7465726D696E6174E0
:1009900065206661696C7572653A20726561736F76
:1009A0006E3D3078253032580A0000003D3D3E3E15
:1009B000206163695F6761705F7465726D696E6104
:1009C0007465203A20537563636573730A000000F1
:1009D0006163695F676174745F636C745F6578639A
:1009E00068616E67655F636F6E66696720666169DF
:1009F0006C7572653A20726561736F6E3D30782553
:100A00003032580A000000003D3D3E3E20616369DF
:100A10005F676174745F636C745F65786368616E4F
:100A200067655F636F6E666967203A20537563631D
:100A30006573730A0000000044697361626C65208D
:100A40006164766572746973696E67202D206661D2
:100A5000696C2C20726573756C743A20307825307F
:100A600032580A003D3D3E3E206163695F67617018
:100A70005F7365745F6164766572746973696E67CC
:100A80005F636F6E66696775726174696F6E202D42
:100A9000206661696C2C20726573756C743A203025
:100AA00078253032580A00003D3D3E3E20537563A4
:100AB000636573733A206163695F6761705F736533
:100AC000745F6164766572746973696E675F636F82
:100AD0006E66696775726174696F6E0A0000000066
:100AE0003D3D3E3E206163695F6761705F73657481
:100AF0005F6164766572746973696E675F6461745F
:100B000061204661696C65642C20726573756C7434
:100B10003A203078253032580A0000003D3D3E3EF4
:100B200020537563636573733A206163695F67611E
:100B3000705F7365745F6164766572746973696E02
:100B4000675F646174610A003D3D3E3E20616369F8
:100B50005F6761705F7365745F6164766572746905
:100B600073696E675F656E61626C65204661696C72
:100B700065642C20726573756C743A20307825306A
:100B800032580A003D3D3E3E2053756363657373E2
:100B90003A206163695F6761705F7365745F616468
:100BA000766572746973696E675F656E61626C65A4
:100BB0000A0000003D3D3E3E2044697361626C6561
:100BC000206164766572746973696E67202D2053A5
:100BD0007563636573730A006163695F6C32636197
:100BE000705F636F6E6E656374696F6E5F70617264
:100BF000616D657465725F7570646174655F72655F
:100C000071202D206661696C2C20726573756C747F
:100C10003A203078253032580A0000003D3D3E3EF3
:100C2000206163695F6C326361705F636F6E6E65D4
:100C30006374696F6E5F706172616D657465725F18
:100C40007570646174655F726571202D20537563E2
:100C5000636573730A0000005072657373206275D8
:100C600074746F6E20423120666F722066617374F7
:100C7000206164766572746973696E67202831300B
:100C800030206D73292E0D0A00000000507265732C
:100C90007320627574746F6E20423220666F72200A
:100CA000736C6F77206164766572746973696E67BF
:100CB0002028312073292E0D0A0000005072657320
:100CC0007320627574746F6E20423320746F2064D9
:100CD0006973636F6E6E6563742E0D0A0000000009
:100CE0000000000002000000E80D002000000000ED
:100CF00008000000080200200000000001000000C1
:100D0000760400200100000001000000EC0D00202E
:100D10000000000001000000ED0D002000000000B8
:100D200002000000740400200000FFFF000000002B
:100D300004000000280D0410000000000200000064
:100D4000EA0D00200000000001000000F2BC0410C9
:100D50000100000001000000EE0D00202000000056
:100D6000FB349B5F8000008000100000052A00001B
:100D70001000000001000000500300202C0D0410A2
:100D80000A000000FB349B5F800000800010000020
:100D9000292B0000100000000000000000000000EF
:100DA000380D041002000000FB349B5F80000080BF
:100DB000001000002A2B00001000000000000000BE
:100DC000000000000000000002000000FB349B5FF8
:100DD00080000080001000003A2B0000100000008E
:100DE0000000000000000000440D041096C298D8D6
:100DF0004539A1F4A033EB2D817D0377F240A46344
:100E0000E5E6BCF847422CE1F2D1176BF551BF374C
:100E10006840B6CBCE5E316B5733CE2B169E0F7C1F
:100E20004AEBE78E9B7F1AFEE242E34F00F00B1085
:100E300000080000AA02000000F80B10F8070100EB
:100E40000000000096C298D84539A1F4A033EB2DDC
:100E5000817D0377F240A463E5E6BCF847422CE1CC
:100E6000F2D1176BF551BF376840B6CBCE5E316B10
:100E70005733CE2B169E0F7C4AEBE78E9B7F1AFED4
:100E8000E242E34FFD67051009680510CD660510C5
:100E9000556705105D65051003660510686A6C747A
:100EA0007A4C00007072696E74665F733A20256E2A
:100EB00020646973616C6C6F776564007072696E31
:100EC00074663A2062616420256E20617267756DD8
:100ED000656E74007072696E74665F733A20626149
:100EE0006420257320617267756D656E7400000063
:100EF000000000006E616E004E414E00696E66009B
:100F0000494E460030002E00FB349B5F800000807D
:100F100000100000292B000010000000FB349B5F34
:100F20008000008000100000052A00001000000072
:100F300002000000030000000300000006000000A3
:100F400003000000030000003C00000070000000EF
:100F500070000000D003000070000000C30100001A
:100F6000CD690510A3A704109BA90410CFB10410EC
:100F7000BFAA0410CD1E041081BC05106F20041000
:100F8000772004107F200410872004108F20041085
:100F9000257105103F2004102F2004104720041055
:100FA00027BA04107BA50410A11F0410A91F041068
:100FB000911F0410A1B90510991F0410030000002F
:100FC00067CA051029000000A7CA05103F000000ED
:100FD0008DCA05104D6E0510EBBF051031BD051013
:100FE000EBC10510FDC30510FDC3051013C50510A9
:100FF000EBC10510EDC60510EDC60510EDC60510D8
:10100000EFC00510EBBC0510AFBC051013C50510F3
:10101000DD1E0410E51E0410F3CA0510FBCA0510FE
:10102000F7CA0510FD1E0410051F04100D1F041043
:10103000151F04105FCA0510251F04102D1F041072
:10104000351F04101D1F041081CA051089CA051020
:10105000BBCA051063CA051085CA0510FFCA051072
:1010600041CB051015A70510000000004FCB05105F
:10107000E9A50510C5B8051033D005108DAD0510D4
:10108000D7CF0510ABD0051079CB0510F0B595B0D2
:10109000062106A800F018FD002769468F81A04CA4
:1010A00008A82100342200F017FD08A800F04AFD2E
:1010B000010005D02000343000F07AFD00F035FE4C
:1010C00006ADBC202870EC206870AF70E120E8709D
:1010D000802028710220687106AA0621002000F0F5
:1010E00029FE002805D001002000583000F060FDE6
:1010F00003E02000B43000F05BFD1821002000F078
:101100001DFE002806D0010080204000201800F0BD
:101110004FFD04E0A0204000201800F049FD05A983
:10112000012000F00FFE002806D00100B82040008A
:10113000201800F03DFD04E0D8204000201800F009
:1011400037FD0021002000F031FE002806D001000C
:10115000F0204000201800F02BFD04E085208000E6
:10116000201800F025FD03A8801C009004AB04AA01
:10117000921C0021012000F021FE2878029068785E
:101180000190A8780090EB782A7969798E20800008
:10119000201800F00DFD00BF2EA21121002000F04C
:1011A00042FE002806D001009D208000201800F09B
:1011B000FFFC04E0AE208000201800F0F9FC03AA38
:1011C0000221002000F035FE002806D00100BB20DF
:1011D0008000201800F0ECFC04E0CC2080002018F7
:1011E00000F0E6FC4F4D01260120287000F057FF6B
:1011F000002806D00100D9208000201800F0D8FC7B
:1012000004E0E9208000201800F0D2FC6E70082075
:10121000E87010202871AF700297019008200090AC
:10122000002301220121002000F03DFF002806D00C
:101230000100F5208000201800F0BAFC03E03A48D5
:10124000201800F0B5FC00BF07A000F0B1FC15B0FD
:10125000F0BD0000506F77657220436F6E73756D3F
:101260007074696F6E0000003D3D3E3E20456E6427
:1012700020424C455F496E69742066756E637469DF
:101280006F6E0A0080B5012000F043FF00F044FFBC
:10129000012000F03FFF01BD80B501F027F801BD3E
:1012A00080B50021022016E080B502F0E6F901BD0C
:1012B00080B5FFF7F5FF01BD80B502F011FAFFF729
:1012C000EFFF0121042006E080B502F05DFA01BDC8
:1012D00080B50121012002F0CFFA01BD80B5134A8B
:1012E0000021012002F0BBFA114A0021022002F085
:1012F000B6FA104A0021042002F0B1FA02F01EFBF7
:1013000002F0A6FB0021C943884201D100F00DFD87
:10131000FFF7BCFE0348002181730749818101BDAD
:10132000C0000410980100201C0400008512041065
:1013300099120410A9120410FFFF0000F8B584B040
:1013400005002878042802D0822802D031E0EE1C63
:1013500000E02E1DCA4FCB4C6878052808D0102815
:1013600000D181E13E2826D0FF2800D1E6E020E030
:10137000012000F055FB287969790906090C08431A
:10138000B989884210D1C048B8810020B8732000C4
:1013900000F00EFC297968790006000C0143AA7957
:1013A00020002C3000F004FC00F0E2FA002000F0F5
:1013B00037FB05B0F0BDE878012800D1B1E0032883
:1013C00006D00A2800D18AE00C2800D183E0F0E79B
:1013D00020006C3000F0ECFBE879297A0906090C52
:1013E000084302F06FFB0022A84B02F085FB0022AD
:1013F00080235B0302F042FCE879297A21D80906B0
:10140000090C0843EE79297A0906090C0E4302F00B
:1014100059FB00229D4B02F06FFB009001913000C0
:1014200002F050FB0022994B02F066FB02F04EFCEA
:1014300002F058FB02000B000098019902F0D2FC68
:101440001EE00906090C0843EE79297A0906090C01
:101450000E4302F037FB00228C4B02F04DFB02F0F2
:1014600035FC02F03FFB00900191300002F02AFBB6
:101470000022874B02F040FB009A019B02F04FFCD8
:101480000022844B02F038FB02F020FCEA7A297B30
:101490000906090C0A436B7AA97A0906090C0B4361
:1014A000E9792E7A3606360C31430A2555430095E4
:1014B00006001D00080002F005FB0022734B02F03D
:1014C0001BFB02F003FC01002B0032002000A030C7
:1014D00000F06EFB6DE7012002F0DEF969E7E87FBE
:1014E0006D1CE97F6D1E0906090C08436A7FA97F00
:1014F0000906090C0A43EB7E297F0906090C0B43F8
:101500006979AC792406240C21430390029201935B
:101510002800093000902B7AEA79287900F0F6F853
:1015200047E7E87C297D0906090C08436A7CA97C09
:101530000906090C0A43EB7B297CDEE730787178D9
:101540000906090C0843001FEAD0A949401A4BD0EC
:10155000401E14D0401F0AD0801E24D0401E0CD044
:10156000C91F401A08D02331401A52D075E0882094
:101570004000201800F01CFB1BE79C20F8E7B4207B
:101580004000201800F014FB9A49B88900F099FD3A
:10159000002806D00100C8204000201800F008FBF9
:1015A00007E7E220E4E7F6204000201800F000FB07
:1015B000301D02F08FFC010037A000F0F9FA301D59
:1015C00002F088FC010000BF3AA000F0F1FA01210E
:1015D000B88900F07AFD002803D00100882080003F
:1015E000DBE79B208000C4E7AB208000201800F0E0
:1015F000DFFA3179002906D07279B62080002018F0
:1016000000F0D6FA03E000BF30A000F0D1FA7AA0D3
:10161000B0E7C6208000201800F0CAFAB179F0794E
:101620000006000C014300BF2EA000F0C1FAB27901
:10163000F0790006000C0243317970790006000C45
:101640000143B078F3781B061B0C18430023019369
:101650000093082300F04DFDABE63178707800066A
:10166000000C014323A099E7E8780428F4DABFF3DB
:101670004F8F6248BD490860BFF34F8F00BFFDE741
:101680009801002014050410FFFF00000000F43F43
:101690000000F4BF0000594020202020202D206EA3
:1016A000756D657269635F76616C7565203D202597
:1016B000640A000020202020202D204865785F76D5
:1016C000616C7565203D2025780A000020202020CF
:1016D000202D2050616972696E67205375636365C0
:1016E00073730A0048616E646C652030782530346D
:1016F000580A00004843495F56454E444F525F45E3
:1017000056543A203078253034580A00F8B586B05F
:10171000A74D020006D00100A64800F049FA0020BB
:10172000A87362E00D9E0C9C68468181012000F048
:1017300077F968468189A04800F03AFA207802904B
:1017400060780190A0780090E37822796179A648CA
:1017500000F02EFA300002F0B5F904AA03C204A882
:101760000CC80020A14902F0C7F96A4603C26846C6
:1017700003C802F0ABFA040002F0B4F906000F004F
:10178000684603C8002280235B0302F077FA06D87C
:10179000684603C832003B0002F024FB08E004A8BE
:1017A00003C89D4B02F0A8F932003B0002F0B7FAE3
:1017B00000229A4B02F0A0F902F088FA02000F987A
:1017C0000E9B0A21414300912100A34800F0F0F94B
:1017D000A87B012801D1032000E00220A8736846FD
:1017E0008089A881002000F01BF907B0F0BD00003F
:1017F000FD03000007B201000A0000000400FA0522
:10180000F1B58EB0A0270B97944C694E0EAA1278B2
:10181000052A3ED801A39B5C9F4400BF0A061476AC
:101820002C5604253EE0C827FF000B97052539E01C
:10183000002500220021002002F057FB010000D10A
:101840008AE02000B83082E0C827BF000B9700254F
:10185000FA21490089B20091ABB23A000B9989B2E2
:10186000B08900F04FFC002879D00100962080005C
:101870006CE01321B08900F00EFC002802D00100BA
:10188000200064E020002C3000F092F900F075F8A0
:101890006AE00EA80078012804D9801EC9D0801EF5
:1018A000D8D061E000220021002002F01EFB0028B9
:1018B00004D001002000B83000F07AF906210CA80D
:1018C00000F002F900200A90099001200890002001
:1018D000079001200690002005900490039002904C
:1018E0000720019000970B9B13220221002002F099
:1018F00000FB002805D001002000E43000F058F97A
:1019000005E0B57394204000201800F051F9330031
:10191000483319220321002002F020FB002806D0C2
:101920000100B0204000201800F042F904E0CE2071
:101930004000201800F03CF90CAA0121012002F01F
:10194000D4FA002806D00100E4204000201800F05E
:101950002FF909E0812003E0B5738D2000E0A72076
:101960008000201800F024F90FB0F0BD0CED00E06D
:1019700080B5012001F090FF01BD80B5012001F08C
:1019800095FF01BD10B50A4CA07B002801D00528A9
:101990000DD1012000F044F835A000F009F9012034
:1019A000FFF72EFF0420A073002000F039F810BDCF
:1019B00098010020500804108808041010B5284C25
:1019C000A07B002801D004280DD1012000F028F8C8
:1019D0002EA000F0EDF80020FFF712FF0520A07305
:1019E000002000F01DF810BDCC0804100000F43FEA
:1019F00010B51B4CA07B02280DD1012000F010F87F
:101A000029A000F0D5F80620A0730520FFF7F8FE06
:101A1000002000F005F810BD0000F4BF00005940A0
:101A200081B01049012809D18020C0000A68024312
:101A30000A6009680840009000980BE00A480068B6
:101A4000C2691206FAD5C0694006F7D50868074A88
:101A500002400A6001B070471009041080090410A8
:101A60009801002058004048600A0020FFFBFFFF5B
:101A70004661737420414456205374617274202867
:101A8000313030206D73290A00000000536C6F77ED
:101A90002041445620537461727420283130303014
:101AA000206D73290A000000446973636F6E6E65D0
:101AB0006374696F6E2050726F6365647572652020
:101AC00053746172740A0000002200BF094202D000
:101AD000491E4254FCD1704770B4103A03D378C900
:101AE000103A78C0FBD2530701D318C918C001D5EA
:101AF00008C908C0D20704D30B880380891C801C46
:101B0000002A01D50B78037070BC70478B0701D198
:101B10008307E1D0124205D00B78491C0370401CAA
:101B2000521EF9D170470100200009000100260073
:101B30000F0001002900050001002F001000010026
:101B400049001000B0B50546C07A1224802829D873
:101B5000298C172926D31448821D914222D8298A1C
:101B600017291FD381421DD8A87E00281AD002F061
:101B7000F9F9002808D0E87E002813D0802811D871
:101B8000287F401E0E280DD808483422294602F02E
:101B9000EBF902F055FA002803D402F0C9FC002446
:101BA00000E087242046B0BDFA030000DC0C0020D2
:101BB0000EB4C0B5020003A801900020009001AB54
:101BC0000121044878440C3002F01CFD029906B053
:101BD000084700BF95A0010081B0314901E081B004
:101BE00030490A6802430A6009680840009000987A
:101BF00001B070477CB503F0A9FC00F05DF800F07F
:101C000081F80820FFF7E8FF0420FFF7E5FF00F068
:101C100082FA00BF46A000680090234C206A01258C
:101C2000ED430126304008D1206830432060206811
:101C3000284020600120FFF7D2FFC020C00500909F
:101C4000684603F095FC68460021002206C0206A21
:101C5000304008D120680643266020680540256092
:101C60000120FFF7BCFF114800681028FBD368462D
:101C7000A0214900018000218170019100F099FAB2
:101C80000B480C49016003F033FE002801D000F03E
:101C90004CF8002003F0A8FE03F04AFFFCE7000028
:101CA0005000404860004048400040481018006024
:101CB000A80D00200000304880B588B0182102A887
:101CC000FFF702FF68460021002206C003200290B1
:101CD0008020400203901020059002A804F012F822
:101CE000002801D000F021F8012000902020019070
:101CF0000021684604F02EF9002801D000F015F804
:101D000009B000BD80B586B018216846FFF7DCFE3B
:101D100002200090C0020590684604F0B7F9002840
:101D200001D000F002F807B000BD72B6FEE7000077
:101D30000000000080B504F04BFA80BD80B504F0CF
:101D400041FB80BDF8B506000F0000203880154C1F
:101D5000200000F0BEF9010023D1200000F0BDF901
:101D60000400114DF00705D52100280000F0B9F955
:101D7000010016D1280000F0B8F9388021002800B1
:101D8000243000F0AEF901000BD1210028004830CA
:101D900000F0A7F9010004D1210028006C3000F008
:101DA000A0F9F2BD6C0300205C0D041080B5022880
:101DB00001D9122080BD04F029FB80BDFEB50C00C6
:101DC000089F0025158002990D803D800521014066
:101DD00027D0394E300000F07CF9010022D168464E
:101DE0000470364C200000F080F901990880200032
:101DF000243000F07AF902990880300000F06DF983
:101E00003D8069460978022906D1010020006C3026
:101E100000F067F9010005D12AA20821002000F096
:101E200002F80020FEBD70B504000D001600234826
:101E300004E070B504000D001600214800F055F9CB
:101E400033002A002100401C80B200F001F870BD70
:101E5000F3B581B017001D000024184E69460880B4
:101E600024206043301800F040F9002804D0401CC2
:101E700069460988884202D0641C072CF0D3072CDD
:101E80000BD068460389242044433419206A818892
:101E9000DA19914201DB002801D11220FEBD290090
:101EA0003A008068C018FFF731FE206A0178890780
:101EB00000D547800020FEBD280300202C02002012
:101EC0005002002053544D333257423080B504F055
:101ED000F7FA01BD80B504F019FB01BD80B504F02F
:101EE0003DFB02BD80B504F061FB02BD80B504F08E
:101EF0008BFB02BD80B504F089FB02BD80B504F008
:101F0000A1FB02BD80B504F0CFFB02BD80B504F09B
:101F1000E7FB02BD80B504F0FFFB02BD80B504F015
:101F20003BFC02BD80B504F07DFC02BD80B504F031
:101F3000A9FC02BD80B504F0C3FC02BD80B504F06D
:101F4000DBFC02BD80B504F011FD02BD80B504F0DC
:101F50000FFD02BD80B504F00DFD02BD80B504F09B
:101F60001BFD01BD80B504F035FD01BD80B504F059
:101F700071FD02BD1CB56C46247D01946C46247C29
:101F8000009404F0BDFD13BD80B504F069FE02BDF0
:101F900080B504F06DFE01BD80B504F085FE01BD85
:101FA00080B504F09DFE01BD80B504F0EFFE01BDDB
:101FB00080B504F079FF02BD80B504F0C1FF02BD19
:101FC00018B587B010AC247806940FAC247805942B
:101FD0000EAC247804940DAC247803940CAC2478D3
:101FE00002940BAC247801940AAC2478009404F099
:101FF000DFFF08B010BD80B505F008F801BD80B561
:1020000005F01EF801BD80B505F038F801BD80B5BA
:1020100005F07EF801BD80B505F09AF802BD80B5E7
:1020200005F0B2F802BD80B505F0DCF801BD80B561
:1020300005F0F8F801BD80B505F0D6F901BD80B511
:1020400005F0EDF901BD80B505F0EEF901BD80B5F3
:1020500005F0B0FA02BD80B505F002FB02BD80B507
:1020600005F02AFB01BD80B505F074FB01BD80B50C
:1020700005F0D4FB01BD80B505F0E2FB01BD80B5E4
:1020800005F006FC01BD80B505F026FC01BD80B55C
:1020900005F0DEFC01BD80B505F0F0FC02BD80B5A9
:1020A00005F0F0FC02BD1FB508AC247802946C4624
:1020B000247F01946C46247E009405F0EBFC04B070
:1020C00010BD80B505F02AFD02BD80B505F032FDDA
:1020D00002BD80B505F036FD02BD80B505F036FDC8
:1020E00002BD80B505F036FD02BD80B505F036FDB8
:1020F00002BD1CB5059C01946C46248A009405F031
:1021000031FD16BD1CB56C46248A009405F033FDE4
:1021100016BD70477047704780B5002005F038FD48
:1021200080BD83008500070007008300850005004F
:102130000700030003000F00050082008100050076
:10214000010005D40121C006C00E8140664801602F
:102150007047C1680322914302220A43C26070475C
:1021600009E0C0688007800F022801D10120704774
:102170000020704700BFC16803229143C1607047CF
:102180000161704700697047816AC04A0A408262F3
:102190007047816A4800C00F704700697047816AC4
:1021A000802292050A438262704780687047C06847
:1021B0007047F1B50127B648C06B3843B449C863CE
:1021C0000846806B384388631720FFF7B9FF142057
:1021D000FFF7B6FF00984068002800D00120AD4C02
:1021E00020700025000603D100988078002813D0C5
:1021F000A948C1683940FBD017210160C168394343
:10220000C1604560C1683940FCD02000103000F04A
:102210001FFBE069206209E0C82040032062E06102
:10222000AD48A061AD482061AD486061009840684C
:10223000002802D1A020C0050DE000030A2105F00E
:10224000FBFC6060A74E300000F060FA010060689F
:10225000884202D3300000F059FA6060257300987C
:102260000088A14E3060A16900F073FB00208C2132
:10227000605400213200083203C285480068306192
:1022800000203200183203C230216054974AA169FD
:10229000606805F0EDFCA060207821008C310874A6
:1022A00020008C30856020008C30077321008C3139
:1022B0004D7321008C31CD81200061300570457057
:1022C0008570A565E5658A48A064656500F025FA16
:1022D0006268002312184B412000403000F066FB7A
:1022E000012000F0E1FAF1BD00E100E0F8B58CB0AA
:1022F000002069460870674F38009930019028E047
:10230000401C1CE0046905738168002900D08847DF
:102310002000F7D169469420385800F0CBFB942177
:1023200078506846007801280DD1EFF3108172B61D
:1023300001980078421C019B5B789A42E0D1019A97
:10234000107081F310880198407804994018019921
:10235000487001984078019909780A1A02D28020C1
:10236000400012180026002A29D0049294203C58DC
:1023700003940294002502E0260024696D1C002CC1
:102380000FD0207B0028F7D000F0C7F902000B0027
:1023900003CC083C801A99410029EDDB01DC0628BA
:1023A000EAD328000025002802D03561039400E01C
:1023B000029503989421785002980028A9E7387B69
:1023C000002847D0A2480068012420405BD03E731B
:1023D000A048C178002904D18178002901D08670F5
:1023E00026E0387800281CD002A800F031FA0499C1
:1023F000B86E80B200F0ADFAEFF3108572B63020FF
:102400003C54039878610498B86102983861059843
:10241000F86100F0B9FB85F31088002000F044FA61
:1024200006E0EFF3108472B600F0AEFB84F3108880
:10243000012000F0F3FB3800403000F09CF900F080
:102440006CF97A68002312184B413800403000F0D4
:10245000ADFA18E03878002815D000F05EF93A6F30
:102460007B6FFA2464030025A4185D418D420AD8CD
:1024700001D3844207D23800403000F07CF93800A4
:10248000403000F077FA0DB0F0BD0000FFFFFFBF55
:1024900010180060C009002004100060F8B50400A6
:1024A00088480668EFF3108572B600F0C3FA864FCD
:1024B0003B00803303CB083B03C4083C9A4AF969CC
:1024C0009868801B05F0D4FB020085F3108803CCCC
:1024D0000023801A9941F4BDC2F528008D5B0000ED
:1024E000ECEB6501FFEFFFFF280A00202603000048
:1024F00075290410F8B586B0734D28008C30407BE8
:1025000029008C31897B88422FD1287B00282CD14F
:10251000032400F002F904AA03C202A800F045FC5B
:10252000290061316122AA5C002A02D14A78002A7E
:1025300001D0012802D18978002918D0AA6DEB6D4D
:1025400004A803C88C242E5D002736184F41A86EBE
:102550000021801979410024523061418B4227D3F8
:1025600001D8824224D3022405E0002039E0022869
:102570001ED001281CD06D4B9A68002A30D0107BE9
:1025800000282DD003CA083A0090019104A803C87E
:1025900006000F00A86E00218019794100265230F4
:1025A0007141009E019F8F4204D801D3864201D21F
:1025B000012016E0032C12D1106900280FD1280049
:1025C000403082420BD10120D873002000F0C0FAC5
:1025D000824801688F4A0A400260032001E0022419
:1025E000200007B0F0BDF8B50B0000D00123364E37
:1025F000350058352B73110000D0012129720024B9
:102600006C72EC720121A972EFF3108772B600F0C0
:1026100003F903C5083D02460B462800283003C8CD
:10262000121A8B418748A34201D8824204D3AC726C
:1026300087F310880120F2BD002000F0EFFA0400BB
:1026400087F31088012000F083FA2000F2BD00001B
:1026500010100060590A002070B50320C0437B4968
:102660000A6802400A600A68104008602048016851
:10267000684A0A400260144C200058300025457218
:102680004581EFF3108672B600F047F8A26DE36D56
:10269000121A8B418C20205C0021121A8B4186F388
:1026A0001088002B04DC01DB012A01D2012070BD5F
:1026B000002B04DC01DB0F2A01D2022070BD0020B8
:1026C00070BD000014000060C0090020EFF310800E
:1026D00072B65D4909685D4A091D5160116803239E
:1026E000994302230B43136080F310887047000066
:1026F000281800607047AB48010061310022612357
:10270000C05C002800D00A708A70704780B5064A05
:10271000A449C96905F0ACFA02BD80B500F08AF998
:10272000A14803C804BD0000350600004C0A002083
:10273000F8B504000D00FFF7F0FF06000F00290DAB
:1027400028030A22002305F0B4FA80197941020017
:102750000B00200000F02AF90400012000F0F8F935
:10276000E0B2F2BD10B500F021F90400012000F044
:10277000EFF9E0B210BDF8B5AC4C21680E000023B3
:1027800000250A0001E035003669002E07D0864298
:10279000F9D137698E4201D13A0000E02F616D46D0
:1027A0002B7003732068904215D06946100000F02A
:1027B00081F920606846007800280DD0EFF3108082
:1027C00072B661794A1CA3799A4200D0491C6171A2
:1027D00080F31088F1BD2260F1BD00003018006068
:1027E00018B500200090009891480168094A0A40F5
:1027F0000260AD490A78531C4C78A34200D0521CA9
:102800000A700121C2690A43C261C0690140009196
:1028100011BD0000FFFFFFBF10B5040000F00AF972
:10282000614803C80A00844200D2521C11002000F3
:1028300010BD9E48816801220A4382600021016028
:102840007047000066FEFFFF101800600C0000607B
:1028500070B50400964D2800FFF7A7FC060028007D
:10286000FFF7A3FC8642F6D1002EF4D0B74932120E
:102870004A43F3B24B431912511810314911E16028
:1028800026602800FFF793FC06002800FFF78FFC66
:102890008642F6D1002EF4D0B011B84948438030BA
:1028A0000012A060666070BDF8B50700B44D687A8C
:1028B0007D214843C90005F0ABF9461CF6B2394CFE
:1028C000B04AA1691B2005F0D3F92870687800F0A0
:1028D0002AF83D216054E878801900F024F8382166
:1028E00060542879801900F01EF839216054687905
:1028F00000F019F83A216054A87900F014F83B214F
:102900006054002F06D0E878801900F004F81B30DE
:102910003C216054F1BD68214143090ADB22504348
:10292000000C0818704700B502001E4840690021DD
:10293000002305F0FDF90322002305F0F9F98022B8
:10294000D204002312184B41D20E5801024310004A
:1029500000BD80B58B4A05F08BF9AB49884201DD9B
:10296000080002E0102800DA10200005000EA74938
:10297000086001BD10B5A64C207B002806D1207848
:10298000002801D0FFF755FF01202073FFF7C5FE97
:1029900000226430514102000B002000403000F062
:1029A00005F810BDC0090020400A0020FEB5002532
:1029B0006C462570017B002901D00120FEBD0CC0B2
:1029C000083801210173194C26680196070001E0BF
:1029D00035003669002E08D00CCE083E03CF083FE4
:1029E0008B42F5D301D88242F2D338000661002D24
:1029F00001D1019000E028610199814213D169461B
:102A000000F058F820606846007800280BD0EFF3FB
:102A1000108072B661794A1CA3799A4200D0491C91
:102A2000617180F3108868460078FEBD540A00206A
:102A300030180060F8B584B0EFF3108672B6744CAD
:102A4000206F616F02AA03C27248FFF7A6FB030062
:102A500027008037BB60704D02A803C80090019129
:102A60002A00E169A06F181A05F002F90021009A06
:102A7000019B801859410CCF083F99420FD801D3D0
:102A800090420CD2009001912A00E1690020C043DD
:102A900005F0EEF80021009A019B8018594103C708
:102AA00086F3108805B0F0BD590A002008100060B8
:102AB00000100060F1B584B00F00044600203870AB
:102AC00000E02469002C3ED0207B0028F9D0EFF3F1
:102AD0001080009072B6FFF7ADFF4D4D03CC083C5F
:102AE0002A0080320CCA801A994102AA03C202A8A5
:102AF00003C800291DDB01DC01281AD3214AAB6978
:102B000002A803C8190005F0B3F80500202D00D86D
:102B10002025C24E3000FFF740FB40190830F0621C
:102B20003000FFF73CFB306B8021C9050143316366
:102B300001E001203870009880F310883878002870
:102B400001D0049800E0200005B0F0BDF6BC0800FC
:102B500010B5B3490C009834002808D0207800281C
:102B60000BD108004030FFF705FF012004E008000A
:102B70004030FFF700FE0020207010BD530700001A
:102B8000C50000202603000070B52248FFF705FBB2
:102B90001F4C25008035A8601F4E3200216AA36FAC
:102BA000C01A05F065F8226F636F00218018594143
:102BB000206761672078002813D1A868A16F401AA8
:102BC000A16888420DD23200216A0020C04305F07E
:102BD0004FF80200206F616F002312184B412267EB
:102BE0006367206F616F03C5083DA868A067226F07
:102BF0000B4660680021801859412200283203C228
:102C0000E069206270BD0000FF0F0000081800603E
:102C1000C00900200018006035060000F0B585B03E
:102C200000216A4611707E4C25006035A978002984
:102C300000D1B6E0EFF31081049172B6012801D102
:102C4000FFF7F8FE20002830C0C8A26DE36DC82051
:102C500080020021801979418B4210D301D8824231
:102C60000DD3B9225200002392197B412800203055
:102C700003C88B4201D802D3824200D38EE02800E1
:102C8000203003C800220A305141A26DE36D0026B6
:102C90004C3AB34199427DD801D390427AD23C203C
:102CA000265C6020205C2979012905D1002801D00B
:102CB000382006E0392004E0002801D03A2000E066
:102CC0003B20205C0190A26D2800203003C8101A20
:102CD0000390544AA169039804F0CAFF0290A86ABD
:102CE000C027FF05A9687118C831039A914202995B
:102CF0001AD24D4A1278891A019A8E1A80194749B8
:102D000048623800FFF72CFA3800FFF733FA4348DF
:102D1000806A8021C905014340488162FFF73FFA7C
:102D200001984149097811E03D22A25C891A019A73
:102D30008E1A81193800FFF723FA3848FFF724FA72
:102D40003800FFF706FA01983D21615C4018A96A36
:102D5000029A891822008C3251603218411D8A4231
:102D60000CD23800FFF7FCF93800FFF703FA2B48C4
:102D7000FFF70AFA01206946087005E02B4AE1696D
:102D800004F076FF8C2160540020A8700120687048
:102D9000E87003E0AE70012069460870049880F383
:102DA00010886846007805B0F0BD38B504001B4DAA
:102DB0002800FFF7EEF9002803D0686A206003209E
:102DC00032BDC025ED052800FFF7CBF9002805D05E
:102DD0002800FFF7D7F92060012032BDE86880079E
:102DE000800F032805D12800FFF7CCF920600220CE
:102DF00032BD002032BD80B5FFF7F2FCFEF758FA75
:102E000001BD81B0002000900098094801680122AE
:102E10000A4302600068009001B07047001800602B
:102E2000C009002026030000C50000203506000070
:102E300074000060016800220281428182818273F5
:102E40000B78FF2B05D0FE2B09D103895B1C038176
:102E50000AE04268511A091F818100207047002B47
:102E60000DD143895B1C43814A88D21C0323134341
:102E70005B1CC9184A1D43689A42E1D3EDE7032061
:102E80007047F3B5079C0899250005D06D466C8006
:102E9000FE242C706C4600E0446885684668AE42AB
:102EA00017D22678FF2E14D0067B002E04D00026E1
:102EB00006732678002E0ED146686488E41C03272A
:102EC00027437F1CF4194460AC4202D22678FF2EBF
:102ED000EFD10420F6BDFE2E01D00320F6BD6E46D4
:102EE0003679FF2E04D066786F463F79BE42E3D133
:102EF0004068001D106060881880002901D060784B
:102F000008700020F6BD7FB515001C00099E002248
:102F100032800B9A01926A46128D009202AB03AA8C
:102F2000FFF7AFFF010013D1694609898D4201D334
:102F300006200DE0089A481B904200DA02002000AB
:102F400003994919FEF7E2FD6846008930800020A8
:102F500004B070BDFEB5BB4D0D40491B6B461970EA
:102F60000024070016000AE00422311901A8FEF728
:102F7000CDFD019A3919002004F0F4FE241DAC4265
:102F8000F2DB0020C043019068460278711901A865
:102F9000FEF7BCFD019A7919002004F0E3FEF7BDAD
:102FA00070B544688668B44202D22678FF2E01D1FB
:102FB000042070BD007B002801D1FE2E01D0052029
:102FC00070BD6588A94201D3062070BD10001A00AB
:102FD000231D591804F03CFF002801D00020C043F5
:102FE00070BD7CB5079C0025069E3580250005D068
:102FF0006D466C80FE242C706C4600E04468456889
:103000008668B54202D22678FF2E01D1042076BD13
:10301000007B002801D1FE2E01D0052076BD6088FE
:10302000814201D3062076BD401A984200DA03009F
:1030300010001A002B1D5918FEF768FD60880699CC
:103040000880002076BDF8B584B007000E0015009A
:10305000B44C254203D104F0FBFE002820D001A887
:103060000C21FEF731FDCD483818C00A0290681EC9
:103070000443641C6003000E0390694601A804F039
:10308000F7FE00240AE06010800F00190321884336
:1030900032583919002004F065FE241DAC42F2D3E9
:1030A00005B0F0BD01210170002141808180704791
:1030B000F1B588B00C0015001E0000200090FF2222
:1030C00029002000FEF702FDFE20694608750794DE
:1030D0006846458206960E9D009C05AE19E068463E
:1030E000008A6988401A401E03240443641CA4B269
:1030F00068886946098A0A1A521E03211143491C2D
:1031000089B28F4242DB01200022B94228706A80D6
:1031100040D06846408A071B3F1FBFB2287800286E
:1031200026D0701C0390A888029004A801900097F4
:103130000798001D03190022FF210898FFF7E3FEFE
:103140006946098AA98001000ED16846008A70800C
:10315000042205A907980019FEF7D8FC7088C01C46
:10316000032101436418C1E706990C8009B0F0BD42
:10317000A888019004A800903B000798021969886C
:103180000898FFF72EFF0100A9D0EFE70021297072
:10319000C01968806846408A069908800020E5E7E3
:1031A000F8B5AE4CA544AE49020014235A438F181B
:1031B0007989002901D1002040E004A900F013F929
:1031C000059D02A8FFF76EFF8026360102A8009039
:1031D00001AB320008A904A8FFF76AFF0400042C21
:1031E00006D0002C2AD168468088B042EED103E098
:1031F00068468088002808D06846828808A9280088
:10320000FFF721FFAD19002CE0D008A80C21FEF734
:103210005BFC624828184003000E09900698401E87
:10322000711E0143491C481B4003000E0A90694669
:1032300008A804F01DFE3800FFF7FCFD89498D4405
:10324000F0BD0000FCFF0000F8B5844CA54400214F
:103250006A46917100220023814906000BE0B068A4
:103260000C245C43005D1424604308184089002846
:1032700000D001225B1C30798342F0DB002A25D08C
:1032800080221201FF2108A804F03AFE00258024C4
:1032900024010DE002A8FFF705FF02A8009001AB92
:1032A000E21B92B208A8C11904A8FFF701FF6D1C28
:1032B000307985420CDAB0680C226A43011D8F58C0
:1032C00004A9805C00F08FF80028E3D000201BE008
:1032D000220008A93068FFF7B6FE614C3700694646
:1032E0008D7900260CE0B8680C217143405C1421F4
:1032F00048432018FFF79EFD010000D00500761C12
:1033000038798642EFDB280056498D44F0BD964956
:103310008A79824201D102207047897C8142FAD0A9
:1033200000207047FF070000F8B54C4CA54404008E
:103330000E0080221201FF2108A804F0E1FD002503
:1033400068460471802424011CE00C276F43B06898
:10335000C05D6A461279904213D004A900F043F888
:10336000B068C019476802A8FFF79CFE02A8009049
:1033700001AB9B1CE21B92B208A8C11904A8FFF77D
:1033800097FE6D1C30798542DFDB220008A930688A
:10339000FFF759FE002033498D44F0BD0000FCEFDB
:1033A00010B5002470480C21614341188A792C48DB
:1033B00014235343C0180368002B10D1012A0EDCDC
:1033C0000A6802608B88D218426009890182FFF77F
:1033D00031FD010004D1641C012CE3DD01E001207A
:1033E00010BD002010BD10B50200022A01DB012033
:1033F00010BD1B4B142462439A1813684B6052682B
:103400008A6001220A7308700020487310BD7FB5DE
:103410006A4C0578142675436419A47B002C01D0EE
:103420000A2008E003940294099C01946C46248CC1
:103430000094FFF768FD04B070BD7CB55F4C057863
:10344000142675436419A47B002C01D00A2076BD94
:103450000194069C0094FFF7C4FD76BDE0F7FFFFE2
:10346000440D002024080000FAB583B0170003259E
:10347000791E03260E43761C0CE00C78FF2C18D026
:10348000FE2C01D0002C6BD14A88D21C2A43521C3E
:1034900089184160826841684B1D9342EDD38B4986
:1034A00000781422504308184089002856D1022081
:1034B00057E00290501A864B984201D2521A00E00F
:1034C0001A46824C92B2B0B26B461B8DC018001DDA
:1034D00082423BDB6846007B019100210091FE2186
:1034E0006A461170694648706846008D30184880F9
:1034F000009A0199002004F035FC049AB1B20198B9
:10350000001DFFF727FD0B9A6846018D0198B6B2A2
:103510008019001DFFF71EFD200008300299097870
:103520001422514340180188491C018002980078F8
:1035300014214843201881896A46128DBA18521EF8
:103540001543491B491F818100200AE00298007839
:1035500014214843201840890028A8D00B2000E0FF
:10356000032005B0F0BD00002C0E041010B50400BF
:103570006168A06881421ED20878FF281BD0FE280F
:1035800017D1FF22D243002004F0ECFB4F4801008A
:103590000831227814235A4389180A88521E0A8057
:1035A00021781422514340184189491C418100204F
:1035B00010BD052010BD042010BD0000440D0020EA
:1035C00078B585B00400002600966946FFF79FFE97
:1035D0003E4D02281ED1142044432C19256802A810
:1035E0000C21FEF771FA3B4828184003000E0390A7
:1035F0006068401E38490143491C481B4003000EC7
:10360000049001A902A804F033FC2000FFF712FC8B
:1036100000201AE0012817D100992000FFF784FE4E
:1036200004000FD10AE0009880680C217143405CCF
:10363000142148432818FFF7FDFB761C00980079F9
:103640008642F0DB200000E0012006B070BD1CB512
:1036500004000020009069462000FFF758FE022871
:1036600003D12000FFF79CFD16BD012803D100986F
:10367000FFF7EAFD16BD012016BD38B51748002139
:103680004356DAB2114C1425554364196589002D4F
:1036900003D0A589248AA54207D3521CD2B2022A9C
:1036A00000D100229A42EDD106E0531C5CB2022CFC
:1036B00000D10023190001E00022D243017010065E
:1036C00002D4D0B2FFF7C3FF002032BD440D00206A
:1036D000FFFF00000000FCEFFF070000F00D0020DE
:1036E000F0B581B025490C680025657404F012FC22
:1036F000234E3068C06804F04BFE002801D0042738
:1037000023E03068C06804F02DFE002801D00127B6
:103710001BE03068C06804F029FE002801D00227B1
:1037200013E03068C06804F03BFE052700280CD188
:103730003068C06804F038FE002806D13068C068E0
:1037400004F000FE00282F460BD00120B8400D49A0
:1037500009680A6802430A60002005F08DF8FDF749
:10376000B7FD607C012807D1217B0F200840A268AB
:10377000090905F091F8657401B0F0BDD40D002081
:10378000D80D0020C40D002080B505F087F880BD5D
:10379000BCB5584CA16900910840A06135E0521CAD
:1037A000D300E51803000B402F681F40F7D02A68AC
:1037B000104001406868084002D10020C0436860A2
:1037C0006868084000F09AF801006A6801208840A3
:1037D00082436A606162EFF3108172B6626A01200F
:1037E0009040C2432069104020610220C300E318CA
:1037F000083B1D6815401D60401EF7D181F31088FD
:103800003D48616A8900405880472369E2696069E0
:10381000256AA16903400B4003D0154001D1002265
:10382000BEE70020C0436062206A104014D102F05D
:1038300085F9EFF3108572B62169E06962690A4083
:10384000A169114004D1216A014001D102F07FF940
:1038500085F3108805F038F80098A061B3BD38B53D
:103860001400EFF3108572B600F048F8800022498A
:103870000C5085F3108831BD10B5EFF3108272B68D
:103880001C4B1C6904431C61C90059180B68184380
:10389000086082F3108810BDEFF3108172B6154AEC
:1038A000D3691843D06181F310887047F8B5114D82
:1038B000696A00910022D243914201D1002701E0C0
:1038C00001278F402E6A2862040003E0210038009F
:1038D00004F0FBFFE8692040F8D000986862EFF33D
:1038E000108072B6E969A143E96180F310882E6205
:1038F000F1BD000098030020F40A00200021020C12
:10390000120401D110210004020E120601D1083167
:103910000002020F120701D1091D00011F22511AD6
:1039200002A2000F105C081AC0B270470403020222
:1039300001010101000000000000000010B5FFF7C8
:103940002FFD424C211D0020FFF74DFD21001431B9
:103950000120FFF748FD201D206010BD3EB53B4D06
:10396000022802D12C00143400E02C1D2C6001939D
:103970006B461B8B00930B0001002000FFF774FDCA
:10398000002805D0022801D1002000E00120C0431A
:103990003EBDF8B584B00E0019002C4C022E03D1A8
:1039A00025001435012301E0251D002307002560B3
:1039B00028466D466A8103910A9D022F08D102A90B
:1039C00000912B00039A69464989FFF736FD0FE005
:1039D000002F03D101001800FFF705FD02A8019098
:1039E0000095039B6846428931002068FFF70FFD70
:1039F000010001D1002005E0042801D1022000E0EF
:103A00000120C04305B0F0BD10B5140023000A002A
:103A100001000E480068FFF7C3FA002804D001D562
:103A2000200010BD0220C04310BD80B5022807D180
:103A3000064908681431884207D0FFF797FD01BD99
:103A4000032802D10020FFF7BBFD01BD6C0D002053
:103A50000120FFE719490860002070470120C0439A
:103A600016490968012900D1002070470020EFF3B2
:103A7000108172B6114A1368012B02D00120C04395
:103A800001E00323136081F3108870470020EFF3F7
:103A9000108172B6094A1368032B02D00120C0437B
:103AA00001E00123136081F31088704780B50A009C
:103AB000034904F055FF02BD0000000094030020FC
:103AC000440E0410010042221201D21E004207D00F
:103AD00002D4521E0018FCD5C10A400512058918EF
:103AE000704700000100EED54042F446FFF7EBFFBF
:103AF0000122D20711436047F0B50E005E40012558
:103B0000ED072E40B446AE0ADF184C18F44208D236
:103B1000F7420ED2640D01D07F0D12D10020614614
:103B2000F0BD05D1F74201D87F0D05D10020C1437A
:103B3000F0BDFBD1640DF9D00020C143490549080F
:103B40008FE0E419C902DB0229432B43DB0A460D4F
:103B5000C00231438E4630B487B295B27D432E0CFD
:103B6000ADB2140C7C43A419260C240425439CB24A
:103B70007C43A419190C7943270CC919A4B20F046A
:103B80003C43090C000C97B247432E0CBE19354339
:103B9000ADB2170C4743360CBF19A6B2BF193E048D
:103BA0003543240C3E0C36199FB24743BF19BCB2B3
:103BB0003E0C89191F0C47437F183E043443390CCF
:103BC000704680B297B247432E0CBE193543ADB252
:103BD000170C4743360CBF19A6B2BF193E04354334
:103BE000240C3E0C36199FB24743BF19BCB23E0CA1
:103BF00089191F0C47437F183E043443390C77461C
:103C00003F0C90B278432E0C80190604ADB22E43BF
:103C1000050CA0B22D18120C7A435019020C80B278
:103C2000240CA4189AB27A43121914042043120CDB
:103C300089181B0C7B43C91830BCEF0A394203D1E9
:103C4000B61940414941641E6F12BF0DE41B0BDBE6
:103C5000FF19BC4211DA240500274208AE41784121
:103C6000614166463143F0BD641C05D1401C614191
:103C7000CF0201D34908F4E750E75DE730B40124EF
:103C800064054D00EC420BD85D00EC4208D80C00F6
:103C90001C4364000443144304D28B4200D182428B
:103CA00030BC7047FCD09942FAD19042F8E703004B
:103CB000FFFFFFFFFFFFFFFFFFFFFFFFFFFF010011
:103CC00000000000FFFF01000000FFFFF4464A185B
:103CD00005D200F00FF801D580174008604700F0CA
:103CE00009F80121C907884200D90800404260470D
:103CF0004A1812D2400DC90208430121C9070843DE
:103D0000520D40210901521A521C06D452421F3250
:103D100001D4D0407047C017704700207047F0B4FE
:103D20000125ED070F005F404FD48B4200D1824246
:103D300005D98446100062468C4619006346DF1898
:103D40004C18640D7F0D3AD0661C760537D0E61B03
:103D5000352E34DCDB022B43DB0A0C0DC902294370
:103D6000C912202E0DDB1700203E06D01F00F741A0
:103D7000F3405F400026012A7741C01871410DD2FF
:103D800017E01700F741F2405740F3415A40B34063
:103D9000F3405A400026801859410AD3A21C52050C
:103DA0000FD0C207012F724117004008CB071843FC
:103DB0004908641C24054208AF4170416141F0BCD0
:103DC0007047641C21050020F9E76B4010E06B4050
:103DD000ABE7F742F3D1E943F1E72442EFD100200A
:103DE0000021ECE7F0B40125ED070F005F40EED4B1
:103DF0000C00871A9C4105D2C01BA141D219634116
:103E000069406B40AE0ADF184C18F442E1D2640DF1
:103E10007F0DE2D0E61B362ED1DCDB022B43DB0A22
:103E2000A4460C0DC9022943C90A012E28DC04D17D
:103E3000D6075208DF073A435B08EF0A7642904103
:103E4000994114D039423BD1B61940414941761CC1
:103E5000394204D1761C001849413942FAD0B9439D
:103E60006746B74208D9A41B24052143A7E70042AF
:103E7000EAD13642E8D1A2E7E40AE10700209EE752
:103E8000202E0BDD203E1F00F340F7415F40012A4A
:103E9000002257417E42984191410BE01700F741C3
:103EA000F2405740F3415A40B340F3405A407E42FB
:103EB000904199410A0303D2641EB6194041494119
:103EC0000027641E24054208AE4178416141F0BCE0
:103ED0007047FEE7C3788278417800781B021A4366
:103EE0000902120408431043704780B504F062FFD2
:103EF00080BDF0B593B01F4615460E4612901C9C2F
:103F000008461146224604F059FF002824D1229881
:103F10000D901FAB0DCB11901E980F901D980E9019
:103F20001B980C901A9919981097189F089209934A
:103F30000D9A0A920097019002910C9803900494B4
:103F40000E9805900F980690119807901298314698
:103F50002A46109B04F045FF13B0F0BD80B504F075
:103F600052FF80BD0020704780B504F053FF01BDB3
:103F700080B50B0011001A00FDF7A8FD01BD80B54A
:103F800003F066FF02BD7FB504000D001600684611
:103F900004F0A6FF68460178217041782970807886
:103FA00030707FBD80B5FFF781FD02BD80B504F0A4
:103FB000D7FC02BD80B504F0D7FF01BD80B505F088
:103FC00015F802BD80B505F033F802BD80B505F0E7
:103FD00063F902BD80B505F0B7F901BD80B505F004
:103FE000BBF901BD80B505F0C9F902BD80B505F08A
:103FF000C7F902BD80B505F0C5F901BD80B501F076
:1040000019FC02BD80B5FEF788FB04BD80B5FEF744
:10401000A9FB02BD80B5FEF7AEFB01BD80B5FEF782
:10402000E2FAC0B202BD80B5FEF716FBC0B202BD17
:1040300080B5FEF733FA04BD80B5FEF747FB01BD3E
:10404000F0B59BB0EC4C7F20C643FDF74FFFEB4D26
:10405000012802D0E87A002810D027463446783468
:10406000FDF744FFE97A6143784338184418FDF7B7
:104070003DFFE3494843E97A414364186234FDF760
:1040800035FF01280ED1304678302989414330462A
:104090005C30AA7A42435018314660312A7B4A4349
:1040A000801800E000200490E889149005F0A6F93B
:1040B000012801D005F0A4F905F0A4F90128159410
:1040C00009D134465034FDF711FF6043E97A41438A
:1040D00008390A9101E000200A90CA4C05F090F9D5
:1040E0000128204616D005F089F90128204611D074
:1040F0002920285C002820460CD12520285C002897
:10410000204607D12620285C002801D0204601E067
:1041100030463C30139020462030169005F070F960
:10412000012815D005F06AF9012811D02920285C52
:1041300000280DD12520285C002809D12620285CE4
:10414000002802D02046203001E03046543016903E
:1041500005F056F91190A87E0190E87F1090FDF7C8
:10416000C5FE1290E87F029005F04EF90990E87FB5
:104170000390FDF7EBFE002705F048F901283846CB
:104180001A96199760D1E87F1127874003242743A7
:10419000022181404E1E264305F032F9012817D135
:1041A00017960F94687F0A2800D30A201A9C24349B
:1041B0004443C03C002605F02BF90128189620D175
:1041C000FDF794FE012805D01A9B18466C3004E0D8
:1041D000002031E01A9B18466030D3496431AA7F31
:1041E0004A43101829461D467835C97F2A468A4019
:1041F0008618FDF77BFE012803D1C948C07A4543E4
:104200007619A519FFF7AEFE064605F001F904463A
:104210003440FDF76BFE204001281898179E09D105
:10422000BF49C87E401E0F9A1043897FE0224A434F
:10423000D143081A2818BA4DB919BA4A511A0818A0
:104240001A301A9EB84C199F0890FDF74FFE0128AE
:10425000394609D105F0DEF80128394604D122207B
:10426000285C31462C3141430F9105F0D1F80128EB
:10427000384620D120465830A97E41433046603030
:10428000EA7A424354180025FFF76CFE012810D14A
:10429000FDF72CFE01280CD130467030A04B197F61
:1042A000414330467430DA7E42435018E4389D7EF4
:1042B000454360199A4D0E9005F0AEF80128384636
:1042C00036D1FDF713FE012803D02C463546743550
:1042D00005E0304678302C46ED7A45430C3D2327E7
:1042E000E05D00260028304605D0FDF7FFFDE05DCB
:1042F00040420321884340192425615D1A9A7C328B
:104300004A43871805F082F801280DD105F078F8A6
:10431000012809D105F07CF8012805D18048465DC7
:10432000002E01D01A9E6836B8197D4D1A9E199F2D
:104330000D90FDF7DBFD0128394609D105F06EF837
:104340000128394604D130465C30E97A41431439BA
:104350000C91FDF7CBFD0128394608D105F060F836
:104360000128394603D130466430E97A41430B9144
:1043700026201890285C069025201790285C059030
:104380003E462927E85D079005F03AF8044605F017
:104390003FF8E04234461AD01898285C2821695C1E
:1043A0001A9E344678344C43F43C444305F02EF8CE
:1043B00000280AD01798295C2720285C6C364643D1
:1043C000594880190C30484300E000200419E85D8A
:1043D000002819D0FDF78AFD0028049B15D02A205B
:1043E000285C514970314143E85D1A9A50434018A6
:1043F0003838199009E0C0467CFBFFFFDC0C002038
:104400006CFDFFFFDCFEFFFF049B159818181A9B3C
:1044100019465C31149A514340180A99401813996F
:10442000401816994018194678310A46109EB24035
:104430008018119A012A07D13B4A683A019E7243BB
:104440001018132212018018099F069A059EB218AF
:10445000129E012E02D1029EB1404018199E07996A
:104460005118012F05D11A463032039FBA40101857
:104470007038089A80180F9A80180E9A80180D9A32
:1044800080180C9A80180B9A8018002904D01A46BC
:1044900048324A4310180C38001984192820285C27
:1044A000199018982F5C2A20285C18902720285CE7
:1044B000169017982E5CFDF719FD012805D12B20C9
:1044C000285C1A9938314143641804F0ABFF012885
:1044D00001D1164824181998189A16994E43B11804
:1044E0004743B818C84208D01A9B1A4658324A4364
:1044F0004433434398180419183C094D6868201840
:104500000321C943EA8DD21C0A40AB8DDB1C0B4052
:104510009A182B8EDB1C0B40D118401A1BB0F0BD33
:10452000DC0C00206CFDFFFFDCFEFFFF14F6FFFF3C
:10453000F0B595B00120810414912E480160BFF3BD
:104540004F8FBFF36F8F03F0DBFEFFF76CFD002092
:104550001290C04303F0C2FE04F050FF139004F029
:1045600051FF119004F04CFF109004F04DFF0F909C
:10457000FDF7ECFC04F04AFF0E9004F04BFF0D90A9
:1045800004F046FF0C90FFF7EDFC0B9004F044FFA5
:10459000044604F043FF0546FDF7A8FC064604F078
:1045A0003FFF074604F03EFFC0B2F9B20891099000
:1045B000F0B2E9B2E2B20B9BDBB20C9CE4B20D9D0F
:1045C000EDB20E9EF6B2129F0097019602950394EB
:1045D00004930592069107901398C0B21199C9B23D
:1045E0000F9AD3B2109A04F01FFF03481499016088
:1045F00015B0F0BD80E100E000E100E00100202006
:1046000008437047FDB5B2B03A98049102A93B2225
:10461000885400200D9024A8401C2F900DE0049891
:10462000329A90470490002801D100F0B7FE0D980F
:10463000401C0D903398401C33903398017800292A
:1046400010D02529EBD100200790089009900A90FE
:104650000B900C900021022401201490082012904D
:10466000339D05E00D9800F09BFE0800149901436E
:104670006D1C28782028F8D023280BD02B2804D0B4
:104680002D2804D0302808D00AE02143F0E70800A4
:104690000421ECE708000821E9E708001021E6E71B
:1046A0002A280FD1349802681068121D349B1A60B2
:1046B0000F90002804D542420F92080004210143C4
:1046C0006D1C12E000200F90644A09E00F9B93429A
:1046D00005DA9E00F3185B00181830380F906D1C37
:1046E00028780300303B0A2BF0D328782E2803D0FB
:1046F0000020C0430E9027E06D1C28782A2808D19E
:10470000349800680268001D349B18600E926D1C7E
:104710001AE02D2802D12D226D1C00E0002200207D
:104720000E900CE0002A09D10E9B4C4EB34205DAE4
:104730009E00F3185B00181830380E906D1C287816
:104740000300303B0A2BEDD302A801872E783100FD
:1047500040487844FF30401E04F0DAFE002801D0C3
:104760006D1C00E0002602A83A214654405C6828EF
:1047700004D1287868280BD1622005E06C2807D185
:1047800028786C2804D1712002A93A2288546D1C23
:1047900015A80690287869460870681C339068460A
:1047A00002781000253833D01C3800D1CCE1001F2E
:1047B000022800D8C8E1133801D100F019FD0938EA
:1047C00000D1C1E1801E01D100F0AFFD401E01D13A
:1047D00000F05CFD401E022800D8B5E1001F01D1A9
:1047E00000F054FD401F00D108E1401E01D100F04F
:1047F000FFFC401E00D1F0E0C01E0ED0801E01D193
:1048000000F0F6FCC01E01D100F0F2FC00F098FDB3
:1048100014980790252015A97CE134980068046855
:10482000001D349908600594002C00D0C1E002A856
:104830003B21405C002800D1B5E00024E443064859
:104840007844143004F06EFE201A01D000F0A6FD6A
:1048500000F083FD48C6FFFF7CC6FFFFCBCCCC0C2D
:1048600001236A4602A9280000F054FE002801D066
:1048700000F094FD641EF3D13295079D15AC002D18
:104880000FD0329E21780498B0470490002801D1BF
:1048900000F084FD0D98401C0D90641C6D1EF1D13C
:1048A00032963020694608700A9C002C0DDD329D3E
:1048B00001236A4602A9280000F02CFE002801D03E
:1048C00000F06CFD641EF3D13295059C089D002D0F
:1048D0000FD0329E21780498B0470490002801D16F
:1048E00000F05CFD0D98401C0D90641C6D1EF1D114
:1048F0003296302769460F700B9C002C0DDD329DDF
:1049000001236A4602A9280000F004FE002801D015
:1049100000F044FD641EF3D13295059808994418BF
:10492000099D002D0FD0329E21780498B047049045
:10493000002801D100F032FD0D98401C0D90641C40
:104940006D1EF1D13296684607700C9C002C0DDD6F
:10495000329D01236A4602A9280000F0DBFD0028F1
:1049600001D000F01BFD641EF3D1329502A838215E
:10497000405C400700D460E620206946087001983A
:10498000002800DC59E6019C329D01236A4602A9F9
:10499000280000F0BFFD002801D000F0FFFC641EDD
:1049A000F3D1329549E61B4878446830059000F011
:1049B000D4FC0E9D002D03D5200004F0D7FD09E0A6
:1049C0002A000021200004F0D9FD002801D0001B9E
:1049D00000E02800089000F0C0FC349800680268ED
:1049E000001D349908600020C0430021104002AA35
:1049F00003C215A80590782100F093FC02A83B2182
:104A0000415C002908D00024E4434B487844FF303F
:104A1000293017E7DCC4FFFF3A21405C62286AD0E6
:104A2000682819D06A2845D06C2806D071284FD044
:104A3000742831D07A2821D06FE03498006801685A
:104A4000001D349A106000297AD10024E4433B48C9
:104A50007844FF301738F5E6349800680168001D87
:104A6000349A1060002905D10024E4433348784487
:104A7000CA30E7E60D98088000F06FFC34980068B3
:104A80000168001D349A1060002959D10024E443C4
:104A90002A487844A630D5E6349800680168001D9D
:104AA000349A106000294BD10024E4432348784411
:104AB0008A30C7E6349800680268001D349908609F
:104AC000002A13D10024E4431C4878446E30B9E630
:104AD000349800680268001D34990860002A05D1E6
:104AE0000024E443154878445230ABE60D98C117D2
:104AF00003C200F032FC349800680168001D349A4B
:104B00001060002905D10024E4430C4878442C307F
:104B100098E60D98087000F020FC34980068016851
:104B2000001D349A106000290AD10024E443034890
:104B30007844083086E600BF6CC3FFFF80C3FFFFE8
:104B40000D98086000F009FC34980068C31D072028
:104B500083433498036003CB349D2B6002AB03C3C3
:104B60002023C80F04D007982D2115AB19540DE050
:104B700002A8008F204204D007982B2115AB1954AE
:104B800004E0C00704D5079815A90B54401C0790F2
:104B900015A80799401813901398059024AD02A802
:104BA000C0C868460078202101436846817080783B
:104BB00061280BD00E98002801D5062005E005D10C
:104BC00068468078672801D114980E9002A803C81F
:104BD00008004B005B150024E443A3420ED10903F7
:104BE0000CD003200890613A1A2A03D2194979445B
:104BF00062310FE0184979445E310BE0A3420ED1D7
:104C000000030CD103200890613A1A2A1DD31349DE
:104C10007944483103221398FCF778FF9DE301AAF9
:104C200002A803C804F0B5FC02AA03C26846807853
:104C300061281CD1059830210170811C05916946BD
:104C4000097861290ED178210DE0054979441031A8
:104C5000E0E700BFA0C2FFFFA0C2FFFFA4C2FFFFAA
:104C60009CC2FFFF582141700798801C079002A842
:104C700003C82246530802400B4004D1002A02D147
:104C80000024002652E168468078612800D099E02F
:104C90000E98002801D5212000E0401C13901398A5
:104CA000401C2E90300039000022002304F086FCC6
:104CB00002A830C802D28020000645400198001F9B
:104CC000019024A90A7024A8461C2E98002832DDE1
:104CD0002E9F20002900002280235B03FEF7CEFFD9
:104CE00029D81C2204F083FC04000D00FEF7EEFF1F
:104CF0002E90FF1F002F09DDFEF7F4FE02000B00CF
:104D000020002900FFF76EF804000D00F01D0721B8
:104D10002E9A002A0ADD491E08D4401E13071B0FD5
:104D200003701211F5E7401E00220270491EFAD5E9
:104D3000C61D002FCDDC24A82F99711A24AA551C5A
:104D4000139A0C00914200DD1400002C33D48C42E5
:104D500005DA411C095D082901DB0F2100E0002173
:104D6000220024AB9B1801E0641E5B1E521E1E78BD
:104D70008E42F9D00F2904D1411C895C491C401C8A
:104D80008154002A04D524AD641C0198001D0190B3
:104D9000611E10D46A186846007813783033DEB28A
:104DA0003A2E01DBC318C6331370491E521E002968
:104DB000F3D5694608700E98002800D4B5E0601E4F
:104DC0000E90B2E07F007F0801986649484366492B
:104DD00002F01EFF019007200199401A002805DD0E
:104DE00002003000390000F06FFB0AE04242002070
:104DF0005E4900F069FB02000B003000390004F04E
:104E00002EFC6A469278662A02D1019A0A3200E0A4
:104E100006220E9B9A18142A00DD142224AB30249B
:104E20001C705C1C02E030A803C8139A002A3CDD09
:104E300030AB03C3139230A803C8FEF759FF2E907E
:104E400006460834042530000A2102F0F5FE0F0062
:104E500030000A2102F0F0FE06003037601E0770B5
:104E600030000A2102F0E8FE0F0030000A2102F0B3
:104E7000E3FE0600A41E303727706D1EE3D1083410
:104E80001398083813900028CDDD2E98FEF71AFEEF
:104E900002000B0030A803C8FEF7A4FF0022344B29
:104EA000FEF72AFE30AA03C2C5E72F98201A24A9CC
:104EB0004D1C04E0401E0199491E01916D1C29788A
:104EC0003029F7D069468978662902D10199491CB1
:104ED00006E069468978652901D1149900E000212E
:104EE0000E9A5418A04200DA441E002C1DD48442AD
:104EF00004DA285D342801DD392100E03021220068
:104F0000681E831801E0641E5B1E521E1E788E42CE
:104F1000F9D0392902D1A95C491CA954002A04D529
:104F20000500641C0198401C0190019E1395684681
:104F300000786946487004F0F3FB406A00786946DF
:104F400008700E9D20B2002804DC149C04487844AC
:104F50000E3013906846807866280BD1761C23E0CB
:104F6000A4BFFFFF97750000A08601000000F03F7E
:104F700084D7974168468078672846D130B20321AC
:104F8000C943884247DBA84245DA761C02A8008F55
:104F90001299C0B2084203D120B2A84200DC050039
:104FA00030B22D1A00D5002537B2002F00DDBAE04F
:104FB0000898411C08913021059A1154002D05DCF8
:104FC00002A8008F1299C0B2084206D00898411C6E
:104FD000089169460978059A11547842854200DAA9
:104FE0006E4236B270420B90AD1920B2854200DAA3
:104FF0002C0024B20994220013990598089BC0182C
:10500000FCF784FD281B0C90DAE0684640786128A4
:1050100018D170201BE020B2A84206DA02A9098F3D
:10502000129AC9B2114200D105006D1E00D50025AB
:1050300068464078672802D16520694607E0452028
:10504000694604E068464078412801D15020487004
:105050000898411C089113990978059A11541398DE
:10506000411C002D05DC02A8008F129AC0B210422C
:1050700019D00898421C08926A461278059B1A5467
:10508000002D10DD641E20B2854200DA2C0022B211
:105090000598089BC018FCF739FD24B20898001940
:1050A0000890281B0B900598089940186946497884
:1050B000017031B2002903D42B214170871C03E019
:1050C0002D224270871C4E42002412AD300008E0B1
:1050D0000A2102F09DFD30AA03C229703098641C99
:1050E0006D1C00B20028F3DC012C08DC6846407817
:1050F00020210143652902D1302038707F1C002C0B
:1051000009D1302038707F1C07E0641E12A8005DB2
:10511000303038707F1C002CF7DC05980899401857
:10512000381A09904CE020B231B288421DDA22B21E
:1051300013990598089BC018FCF7E8FC24B208985E
:1051400000190890391B0B91002D05DC02A9098F6D
:10515000129AC9B2114206D069460978059A1154CB
:105160000998401C09900C952AE032B213990598D1
:10517000089BC018FCF7CAFC0898C0190890A41B2B
:10518000002D05DC02A9098F129AC9B2114205D07F
:10519000411C089169460978059A115420B285424C
:1051A00000DA2C0022B21398C1190598089BC01888
:1051B000FCF7ACFC24B2089800190890281B0B904F
:1051C00002A83821405C14210140102900D0C4E01D
:1051D0000798089940180B994018099940180C999C
:1051E00040180F99884200DBB7E0081A0A90B4E033
:1051F00002AA3A20105C622808D068280ED06A28DB
:1052000014D06C281DD0712810D01AE03498016891
:105210000868091D349B1960C0B218E03498016811
:105220000868091D349B196080B210E0349800684A
:10523000C31D072083433498036003CB349C236051
:1052400006E0349801680868091D349B1960002144
:1052500002AB03C3108F1299C0B208425BD002A800
:1052600003C8002901D1002855D0684600782021C4
:10527000014378294FD1079815A930220A54401CC0
:10528000421C07926A4612780A5444E002AA3A2065
:10529000105C622808D068280ED06A2814D06C28C8
:1052A0001DD0712810D01AE0349801680868091DD3
:1052B000349B196040B218E0349801680868091DF1
:1052C000349B196000B210E034980068C31D0720B9
:1052D00083433498036003CB349D2B6006E03498FD
:1052E00001680868091D349B1960C11702AB03C32C
:1052F000002902DA07982D2109E0108F204202D000
:1053000007982B2103E0C00705D50798202115AA8F
:105310001154401C079015A807994018059068463D
:10532000017802A800F03EF817E01498079034982E
:1053300000680168001D349A106015A801700CE027
:1053400014980790252015A9087068460078002851
:1053500003D007946846007848700F980799401A60
:105360000A99401A0899401A0B99401A0999401A4B
:105370000C99401A019002A83821405C400701D5E1
:10538000FFF77BFA2020694608700198002801DCAD
:10539000FFF773FA019C329DFFF762FA0020C043C9
:1053A00035B0F0BDF2B586B0040025696F2901D192
:1053B000082707E00846FFF721F9782801D00A27D7
:1053C00000E010273C2603CC083C04AA03C26A462E
:1053D000127E642A03D06A46127E692A09D1002906
:1053E00007DA04A803C800220023121A8B4104A87C
:1053F0000CC004A803C800290DD100280BD1206BD4
:10540000002808D1082F3DD13820205C000739D56D
:105410003B26302035E00294009504A830C8761E63
:105420000196200029003A00FB1702F042FC3032BE
:10543000D0B23A280DDA00988255200029003A00AF
:10544000FB1702F036FC04000D0007D1002C05D13B
:105450000AE06846007E8218AF32ECE70298C06826
:10546000009989198842DAD3029C009D082F09D13E
:105470003820205C000705D5A85D302802D0761EB4
:105480003020A8553C20801BA061A919E160216B48
:10549000884206DA081A2062208F1C4901402187C1
:1054A00010E000290ED53821615C14220A40102A30
:1054B00008D1616B6269891A226A891A081A002860
:1054C00000DD206207B0F0BDF8B50026104F0400E3
:1054D0000D00009214E0C00707D532003B00200009
:1054E0002900FEF709FB04000D0000984010009011
:1054F0003000390032003B00FEF7FEFA06000F00D4
:1055000000980028E7D120002900F4BDEFFF00003B
:1055100000002440F8B50024002B11D007000E0035
:1055200014001D002178B068B847B060002809D089
:10553000F06A401CF0620020641C6D1EF2D1040071
:105540002000F2BD0020C043F9E7FEE710B50024BB
:10555000032004F0EBF8002801D0012401E004F05E
:1055600016F9200010BD014880687047C003002074
:10557000FEB5C84C2169CC4A914214D121682268F9
:10558000256823682468640D382727405B025C0F78
:105590000F232D0C1D40160AF02232400192090AF9
:1055A0000B40009305E0082500957021019103242C
:1055B0001827BE4E00213171002801D004F017F9E0
:1055C0000320C043BA4989680140B94A9160114635
:1055D0008968084011468860B6480068B6490140AD
:1055E000B4480160B5490F20C0430A6B024015431F
:1055F0000D63CA6AF0239A43019B1343CB62CA6AC4
:105600001040009A0243CA6208680722904304438C
:105610000C6008683822904307430F605523FF2031
:10562000C043A74A146804401C431460D468044073
:1056300066252543D560146A044023431362136C26
:1056400003401D241C431464D36B034059241C43A2
:10565000D463536C034032241C4354640123546AC2
:105660001C435462974C25687F27BD431F272F4357
:10567000276065683F27BD4309272F436760776828
:10568000914D3D409F032F43776077688F4D3D409C
:10569000FC27BF032F43776075682D022D0A9027E2
:1056A0003F052F437760B768884D3D40B427FF031F
:1056B0002F43B760B5682D022D0AC827BF052F43B9
:1056C000B760B56805405A272F43B760B7687E4D6D
:1056D0003D40C827BF012F43B760F7687B4D3D4071
:1056E0001F052F43F760F768794D3D40C0277F05C0
:1056F0002F43F7600425376907402F433761F76868
:10570000384014270743F760F7686F483840A027F0
:10571000FF000743F7607069054375617069DD0537
:105720000543756170695D0705437561B0697F2543
:10573000A843B061674803745E2545740D6B85749A
:10574000C3745D250575CD6A457583755225C5758C
:10575000096801764376122181761168C176037754
:1057600015214177D1688177C3771A2120254155CA
:10577000116A212541550121222541552221232548
:105780004155116C242541550121252541552121E3
:1057900026254155D16B2725415501212825415505
:1057A000232129254155516C2A25415501212B25BD
:1057B00041551B212C254155516A2D22815401212F
:1057C0002E22815490212F2281542168302281542D
:1057D0000121312281549121322281546168332286
:1057E0008154002200213424015501001031016050
:1057F000416001000C318160C26000683168306036
:105800003548036071699A070A43726181691943D7
:10581000816127480068264908602648C069184306
:105820002449C861084680690343084683612048CB
:105830000068F7BD294908684A681202FF231B0265
:105840001340C0B21843896801D00C2901D37F20CE
:105850000EE006225143773901E0891D40081F28D8
:10586000FBD2FF22A23250431D4A8018800A08183A
:1058700040B2704770B50E4CA56926682660FCF7EB
:105880003AFF2E433000FBF717FDFCF733FF20688B
:1058900070BD0000E81E001010B5124C206820609A
:1058A000FBF712FD206810BDCCECBCFCC000002052
:1058B0000400006028180060FFFFFFBF481600606A
:1058C0004815006040170060FF00FFFFFFFF00FF6A
:1058D000FFFFFFC0A00C002010140060A4160060A1
:1058E000A04600002C14006080B503F080FD01BDCF
:1058F000F8B5050000260124002D25D028790028C0
:1059000002D1280003F060FF04F012F8022129718F
:1059100007002868016821400CD1046004F008F8F1
:10592000C01B0A498842F4D303260420A8602E71C4
:105930003000F2BD8068D0214903014328688160AE
:105940000020A8602C71F3E70120F2BDE9030000FC
:10595000F8B50400216808688004800E0D684E6860
:10596000012739050D4206D00E4204D0A2683A4301
:10597000A2602268916049080D4207D00E4205D00E
:10598000A26802231343A3602268916024280AD1ED
:105990002068F821090140580C49884203D0A068CA
:1059A00008210143A160A068002802D0200003F074
:1059B000A5F87804054007D0064005D02168886026
:1059C0002771200003F094F8F1BD00000DD600000F
:1059D00081B091490A6802430A6009680840009052
:1059E000009801B07047000038B584B00020FCF783
:1059F00090FB0025894C257001202821605402204D
:105A0000502160540121002003F0ABFF012101204F
:105A100003F0A7FF0121022003F0A3FF01210804E6
:105A200004F0ACF80121202004F0A8F80121880539
:105A300004F0A4F87A4A00210820FDF710FF794A03
:105A400000211020FDF70BFF774A00212020FDF7F1
:105A500006FF76482821694361180861C9616D1CF9
:105A6000032DF7D3684600BF95A11022FCF734F848
:105A70006946002003F0DDFFEFF31080012181F380
:105A800010886B490A68202313430B6080F3108849
:105A900068480168FF22914340220A430260802047
:105AA00040006549086003F02DFC002801D0FCF798
:105AB0003CF903F043FA02F035FFFBF70FFC04F06A
:105AC000DBF800BF72A0FCF773F85C4C2000FCF719
:105AD0006FF820003430FCF76BF820006430FCF7DE
:105AE00067F80020FCF716FB002005B030BD000071
:105AF00010B54469207803F08BFF20216054217891
:105B0000491C00BF69A0FCF753F82078002803D097
:105B1000022807D003D310BD0021082004E0002193
:105B2000102001E000212020FDF7A6FE10BD7047E7
:105B300080B50020C043FDF72BFE01BD4048006842
:105B4000C1690906FCD5C1694906F9D57047F0B5A8
:105B50008FB00024002069460206920D8C5000BFD1
:105B6000401CC1B20A29F6DB04F0D2F8002843D069
:105B700003278020C000FFF72BFF31480068C16970
:105B8000090602D5C069400600D400272D4C224DDD
:105B900028682040286038002ED0FCF7ABFC0600B7
:105BA00002F0D4FEBE4200D93E00B04200D930001F
:105BB000002821D0022809D002D303280CD013E0FA
:105BC0000121012004F05DF801210AE000210120FB
:105BD00004F057F8012104E00021012004F051F8FD
:105BE0000021012004F05FF8E043FFF7F1FE04F02C
:105BF0006CF8286804402C600FB0F0BD80B50749F0
:105C0000282250430818002120228154FA214900FB
:105C10000830FCF78DFD01BD58004048780B00208E
:105C200085190410BD190410F1190410F15A04105B
:105C30000040004108E400E000E100E0580C0410DE
:105C4000600A0020FFFBFFFF10B50400E00302D54F
:105C50000020FFF7D3FFA00602D50120FFF7CEFFFB
:105C6000600202D50220FFF7C9FF10BD80B50129EF
:105C700001D1002008E0202901D1012004E080208A
:105C8000C001814202D10220FFF7B8FF01BD000030
:105C9000506F77657220436F6E73756D7074696FA6
:105CA0006E2044656D6F0D0A00000000427574742B
:105CB0006F6E20256420707265737365640A00003E
:105CC00000C2010000000000000000000000000011
:105CD00081B00B4801688903FCD5816802220A4320
:105CE0008260002102E000BF0099491C00910099E8
:105CF0000629F8DB816804220A43826001B07047FC
:105D000000004048F8B5040001D10120F2BD8E4DDD
:105D10002078C0062FD5A0680028A86807D10421E4
:105D20008843A860A86802218843A86006E0022191
:105D30000143A960A86804210143A960A068042860
:105D40000DD103F0F5FD060028684105C90F12D0FA
:105D500003F0EEFD801B6528F6D30320F2BD03F0AF
:105D6000E7FD06002868400505D403F0E1FD801B2F
:105D70006528F7D3F1E72078C00738D57348016864
:105D8000734A0A4080218901114301600168802221
:105D90000A43026001687022914330220A43026084
:105DA0006068802149028842286801D1014301E0EE
:105DB000AC4901402960606800280BD003F0B8FDB1
:105DC00006002868800312D403F0B2FD801B65280A
:105DD000F7D3C2E703F0ACFD060028688103C90FC2
:105DE00005D003F0A5FD801B6528F6D3B5E7042791
:105DF000FF432078400733D520690028286820D049
:105E00003840286028680107C90FFBD12868102195
:105E100088432860A86896490140802040020843D2
:105E2000A860286804210143296003F081FD060071
:105E30002868000714D403F07BFD801B0328F7D3E8
:105E40008BE73840286003F073FD060028680107DF
:105E5000C90F05D003F06CFD801B0328F6D37CE747
:105E60002078800746D5286807402F601020C0435F
:105E700029680140296029688A06D20FFBD17D4933
:105E80007D4A13680B401360536819405160A9683C
:105E9000774A0A40802109021143A960E96860221B
:105EA000914320220A43EA60E168102903D128685F
:105EB0000143296002E0296808402860E068002862
:105EC0000BD003F035FD06002868800612D403F0DD
:105ED0002FFD801B6528F7D33FE703F029FD06005F
:105EE00028688106C90F05D003F022FD801B6528B4
:105EF000F6D332E72078000724D540266069402891
:105F0000286801D1304300E0B04328606069002870
:105F10000BD003F00DFD04002868304012D103F0CF
:105F200007FD001B6528F7D317E703F001FD040008
:105F300028684106C90F05D003F0FAFC001B65284C
:105F4000F6D30AE70020F2BD000040489800404820
:105F5000FFC0FFFFFEB5040051D000914748006824
:105F6000302188430099014344480160444D206832
:105F7000022814D1A86804218843A860A8680221D7
:105F80008843A8602868400539D528683D49014004
:105F90002960A868E021884361680143A960E02086
:105FA000C04301908027FF00206800281CD128688A
:105FB000384024D02868800321D52868F90001439F
:105FC000296003F0B5FC06002868400406D403F0FD
:105FD000AFFC801B0228F7D90320FEBDA8680199F9
:105FE000014060680843A860206801280FD1FFF7CE
:105FF0006FFE2868074002D12868800301D4012081
:10600000FEBDA8680199014060680843A860302778
:106010001A4C009821683940884212D02068B84351
:1060200000990143216003F083FC009D0600206875
:106030003840A84205D003F07BFC801B0228F6D92B
:10604000CAE7002002E000BF0098401C00900098C2
:106050000628F8DB03F0FDFEFFF785FA03F066FB88
:10606000FEBD0000FFFFFEFF07480068704700000C
:10607000FF7FFEFFFFCFFFFF2800504804100040C5
:1060800000004048FFDFFFFFE8030020444902789A
:10609000D20705D58A6D04239A43036913438B65A0
:1060A0000278920705D50A683E4B134042691A43AD
:1060B0000A600278120705D50A683B4B1340426814
:1060C0001A430A600278D20605D50A68374B134096
:1060D000C2681A430A608068820604D50A68344B95
:1060E0001340184308600020704701000020314A27
:1060F000012908D002290DD0082917D0102930D045
:10610000202935D07047116E0422114022D0042975
:1061100017D07047916880225201114002D09142FD
:1061200002D0704724487047244870479168090797
:10613000116808D5890332D59268C021090411403D
:1061400004D11F4870474904F6D470478022D20317
:10615000914201D11B487047520091421FD11A4809
:10616000704790688021890108408842E9D10FE09A
:106170009168C02252020A40802109028A4207D057
:1061800049008A4207D0C02149028A4206D070479E
:10619000802000027047FA20C00170470B4870470A
:1061A00008004048FFEFFFFFFFFF3FFFFFDFFFFF5B
:1061B000FF7FFEFF0000404800127A0000093D000A
:1061C0000024F4000048E8010090D003127A000097
:1061D000F0B585B014460D460646774F3868002E58
:1061E00001D1062D17D0062E01D1022D13D0082E75
:1061F00001D1102D0FD0182E01D1102D0BD0282E2B
:1062000001D1022D07D02A2E01D1022D03D02C2E30
:106210000AD1012D08D1801921462A46FDF7A4FE96
:106220000027384605B0F0BD2E2E07D1062D05D12A
:10623000617989090329EED21227F2E7D02E06D11F
:10624000012D04D12078FBF785FE0746E9E7D22E21
:1062500005D1012D03D1217836228154E0E7D52ED6
:106260000AD1042D08D104A804222146FDF77CFEA2
:106270000498FBF767FEE8E703F0C0F8082D23D188
:10628000D12E21D101281FD104A8009002264C4D07
:1062900021463246A847A11C03AF38463246A847DC
:1062A000211D02AD28463246454B9847A11D01AC41
:1062B00020463246424B984723882A8839880098DE
:1062C000008803F0FFFDC0E7302E05D1012D03D17A
:1062D0002078FBF759FEB8E73946D32E05D1012DBA
:1062E00003D1207803F0F0FDAFE7FF2E0FD1042D8E
:1062F0000DD104A804222146FDF736FE049803F0D0
:10630000ECFD002898D0049803F0E9FD88E71227F7
:10631000FD2E01D1042D84D0FE2E02D1052D00D1F9
:106320007FE72F2E05D1012D03D1207803F0D8FD72
:106330008BE7322E12D1022D10D104AD0222284655
:106340002146FDF711FE2888411EC908E02900D921
:1063500067E71A4909685A22885261E7332E0ED13D
:10636000012D0CD104AD012228462146FDF7FCFD8C
:10637000287803F0C9FD287803F0CEFD50E7402EC1
:1063800009D1022D07D16178207803F0C6FD0028DD
:1063900000D045E745E7502E00D042E7022D00D05F
:1063A0003FE72078001F022804D808682D30022219
:1063B000214633E7862734E7C00D0020C80D0020B2
:1063C000693F0410F8B50E4605461224FDF70AFE93
:1063D000B04217D3012D15D80B4800688179009180
:1063E0008571477946712846FDF704FE0024B742BF
:1063F00002D10098A84205D0FF207F2201210B4640
:1064000003F09FFD2046F8BDD40D0020F0B585B007
:10641000054604A8002707701224012901D9204647
:1064200048E00E4624480068009003F08BFD0028E9
:1064300040D100995C310878C00711D1C878304349
:106440000E46C87003A807210170002D12D0022D3E
:1064500008D0012D20462DD104A81021017009E09B
:106460000C2027E004A82021017003A903F0E8FD17
:1064700000281FD103F0E6FD00281BD100986030F2
:1064800003F0E2FD002815D104980121317408437E
:10649000307003F0DDFD01AC204603F0E9FD20463D
:1064A00003F01EFEF843019004480290204603F0DA
:1064B00027FE384605B0F0BDC80D0020FF9F002024
:1064C0001CB51148046803F02BFE882807D00C285F
:1064D00005D05D34002808D1022060701CBD052065
:1064E00002F0CAF9FAF7F4FE1CBD002060702078B3
:1064F0007F210140217001A986204870802008700A
:10650000022003F00FFE1CBDC80D0020BCB51148D1
:106510000068446D02F074FF002802D00E48807EAF
:1065200000E00120C5B21134002D11D020780028E0
:106530000BD020460F380078800706D560786A4671
:1065400010700020012102F035FC14346D1EEBE7C1
:10655000BCBDC046C80D0020DC0C0020B0B50968E9
:1065600083240022002912D0CD690024CC61087A4E
:10657000C00603D4002003F037FE02E0084603F013
:106580006DFE012200282946ECD083240AE0D007C2
:1065900008D072B6044800688521425C521E4254FD
:1065A00062B60024E0B2B0BDD40D002010B50C6876
:1065B000207BC00708D000210122204603F05CFEAA
:1065C000207BFE21014021730D4800682C21405C96
:1065D000C00703D1204603F062FE02E0204603F02C
:1065E000EDFE002801D0832010BD72B6054800687A
:1065F0008421425C521E425462B6002010BDC04647
:10660000C00D0020D40D00200120704770B50B4C48
:10661000012504222046294603F004FF084E30607D
:1066200006222046294603F0FDFE316808603068E6
:106630000168002088804880087070BDD80C002058
:10664000BC0D002010B50C460879497909020818DC
:1066500003F0FAFE207961790902081803F034FF8B
:10666000207961790902081803F05CFF03F084FFC8
:10667000207961790902081803F080FF0948006851
:106680002F21405CC0060BD52079617909020A18D8
:10669000A379E178022003F093FF002800D010BD19
:1066A000002010BDD40D002010B5044608794A79A9
:1066B00012021218C978062003F0B6FF07480068D6
:1066C0002F214056002801D4002010BD1620E07074
:1066D000A078BF210140A170842010BDD40D0020FE
:1066E00010B5044608794A7912021218C9780720B1
:1066F00003F09AFF0748006834214056002801D46F
:10670000002010BD1720E070A078BF210140A170CB
:10671000842010BDD40D0020B0B50D460446087984
:1067200000281DD16879A9790902081803F0FCFF37
:106730006879A979090208182A7AE9792B46093378
:1067400004F016F86879A9790902081804F02AF803
:106750006879A97909020818E97904F043F82879D9
:106760006979AA7912025118EA7904F04AF80948BD
:10677000016836200A5C002092060AD53631497A33
:10678000C90706D01820E070A078BF210140A17091
:106790008420B0BDD40D0020FEB50D460446087916
:1067A000002823D16879A9790902081803F0BCFFF1
:1067B0002A7AE9796879AB792E4615362F460F3754
:1067C000009701961B0218182B46093304F023F892
:1067D0006879A9790902081803F0E4FF6879A979B2
:1067E00009020818E97903F0FDFF28796979AA7987
:1067F00012025118EA7904F004F8094801683620B9
:106800000A5C002092060AD53631897A890706D5B6
:106810001C20E070A078BF210140A1708420FEBD43
:10682000D40D002070B50446144E30683625405D06
:1068300000280ED108794A79120210188A7BCB7B86
:106840001B029A18891D04F00DF83068405D00287D
:1068500011D00B4801684A5D002092060AD53631F6
:10686000497AC90606D51920E070A078BF210140F9
:10687000A170842070BD002070BDC046C00D0020F6
:10688000D40D002010B504460879491DFBF766FBBE
:106890000A48016836200A5C0020920604D5363189
:1068A00009228956002900D410BD1A20E070A07872
:1068B000BF210140A170842010BDC046D40D00202E
:1068C00010B504460879491DFBF74CFB09480168DF
:1068D00036200A5C002092060AD53631897AC9072B
:1068E00006D01B20E070A078BF210140A170842059
:1068F00010BDC046D40D0020F8B5184C0125042267
:10690000174E20462946B047164F386010222046C1
:106910002946B047396808600C2220462946B0470E
:1069200039680968C860104DE98924222046B047BB
:10693000014638680268D06881600021082903D0C8
:1069400000235352891CF9E7E989D1800021118184
:10695000E989418004F006F8F8BDC046D80C002053
:1069600025A40410DC0D0020DC0C00200C20704756
:1069700001207047B0B505460024204604F00EF80B
:10698000002801D00C2404E0012D02D10120FBF7E6
:106990003EFB2046B0BDFEE770B50D4D2A6842248F
:1069A000135D7F261E401655002802D004F016F80D
:1069B00070BD084604F02EF82868015DF7220A40F1
:1069C00002550E2001F058FFFAF782FC70BDC04658
:1069D000E00D002070B51D4E32684225535DDB0688
:1069E00028D5002816D0A432194800683421405C0C
:1069F00074214143002399421CD01068002807D01D
:106A0000C0180489002C03D017240457002C12D47A
:106A10007433F0E749208000101820242246FDF747
:106A2000A3FA3068415D214341550E2001F024FF57
:106A3000FAF74EFC70BD0B210022012303F0FCFF8E
:106A40003068415DCF220A40425570BDE00D002004
:106A5000C00D0020F8B505460120682104F000F8BB
:106A6000234F3860234EF07A1424214603F0F8FFB8
:106A700001463868C162012D10D15C3003F0FAFF85
:106A80002225705D342103F0EBFF39684863705DA7
:106A90004000102103F0E4FF39688864F07A411C5B
:106AA000154D0122284603F0BDFC39680862F17AD1
:106AB0000222284603F0B6FC3D686862F17A0F4A6C
:106AC0000723284603F0DAFF386817210185318C47
:106AD000172901D28620F8BD4185F17A4C43C06A5E
:106AE00000212246FDF744FA03F0DDFFF8BDC04661
:106AF000D00D0020DC0C0020D80C0020D9A50510FA
:106B0000F0B589B0012B00D0A1E000AB07C30F980E
:106B10000E99039129214F4C615C4A1E9141E27FFD
:106B2000089203F0C2FF0690E67A04960127182126
:106B3000494C3846A0472346484C2168902549597E
:106B4000C86340213846984721684959C96B086095
:106B500057208400304621463F4A90473F49096804
:106B60004959C96B48600898874003F0A9FFF8B2FB
:106B70000821394A90473949096808954959C96B2C
:106B80000968242200268E54086224314F7005942F
:106B9000049844430794069D089C0798B0421BD074
:106BA00001273846294603F05BFF2C49096809593B
:106BB000C96B49688919842288503846294603F0F0
:106BC0004FFF264909680959C96B49688919882204
:106BD000885005983618E0E700980128049C09D1F0
:106BE0000E21204603F03CFF1C490968089A895889
:106BF000C96B88600198012809D10821204603F05B
:106C00002FFF16490968089A8958C96BC86002980D
:106C100001280FD12421204603F022FF0F4D2968BF
:106C2000089A8958C96B08610120112103F018FFE7
:106C3000296808660398012809D11C21204603F021
:106C40000FFF06490968089A8958C96B486109B05D
:106C5000F0BDC046DC0C002061AA0410D40D002059
:106C6000B0B50446322503F061FF44550020B0BDA5
:106C700070B50024204603F063FF0546094E3068D6
:106C80003421415C8C420CD2E321695CC90703D0FA
:106C9000284603F063FF3068572189006D18641C93
:106CA000EEE770BDC00D002070B50024204603F053
:106CB00047FF0546094E30683421405C84420CD2BF
:106CC000284603F0EDFF002802D0284603F0E8FF35
:106CD000572080002D18641CEDE770BDC00D00200A
:106CE000F8B50024204603F02BFF05460126264A6E
:106CF000274610683421405C84423DD22C20285C19
:106D0000FE21014002292BD1284604F039FA00283F
:106D1000304623D1284604F04EFA002830461DD1D3
:106D2000284604F04AFA0028304617D1E0B2009015
:106D300004F045FA0028304610D1009804F041FADA
:106D4000002830460AD1284604F03DFA0028304693
:106D500004D1009804F039FA411E88410A4A00E043
:106D60000020411E88413906374600D1074657208A
:106D700080002D18641CBCE7380603D012200121C6
:106D800004F026FAF8BDC046C00D0020F0B589B069
:106D90000024204603F0D4FE0090012008904048D3
:106DA00000683421405C844278D2572080000594EA
:106DB000604300990D182C20285CFE210140022917
:106DC00069D10121009C2046079104F015FA06467E
:106DD00000212046019104F00FFA411E8841002E47
:106DE0000899049100D104902B462846E83003907E
:106DF0002846E6300290EA33089F06931C78F02676
:106E000026400F252540032D1FD0022D0BD0012D2C
:106E10002BD1049800282CD01320012104F0D8F99C
:106E2000069B022525E00398008802990988081A24
:106E30000A2343431B4800680599C9B2A0300122C8
:106E400004F0E5F9069B032513E0A00611D504988C
:106E500000280CD00598C0B204F040FA002801D0F8
:106E6000D02626400898069B04E0019802E0D02630
:106E70002640089872B619788C4203D12E431E70B2
:106E8000002102E007990F4039464A1E914162B63F
:106E900000270842B2D1059C641C80E709B0F0BD10
:106EA000C00D0020D40D0020F0B589B001920291F0
:106EB000044601F096FAFDF7B6F80320C043C01C63
:106EC00003AD2881012028826873AA27E05DA8729B
:106ED0002646AA36B07EE872019804900298039084
:106EE000B07C01F092FBA874E05B1449401A411E8B
:106EF0008841E87328732046EC3004F007FAF42048
:106F0000002102912150FF27B77404F007FAA873FB
:106F1000284604F02BFA2046283004F04FFD3C347C
:106F2000204604F04BFDB77602983074307E80071F
:106F300001D504F054FD012009B0F0BDFCFF0000B4
:106F4000F8B50446C420FF212154A420255A012766
:106F50002F402646C436002F04D004F041FD307087
:106F6000FF2822D0A43404F0D9F92076FF2813D0CA
:106F70000021E8061AD40D4604F0D0F929466076BF
:106F8000FF2813D1002F02D0307804F045FD207E79
:106F900004F04AFD072109E00721002F06D03078D0
:106FA0000C4604F039FD214600E00C210846F8BDEE
:106FB000B0B588B0129C0694119C0594109D049560
:106FC0000F9D03950E9D02950D9D01950C9D0095BD
:106FD00004F040FD012C10D104F08AFE04F08AFE7A
:106FE0000748C17A07480068A030074A052303F024
:106FF00045FD04F007FF04F011FF08B0B0BDC04626
:10700000DC0C0020D40D0020E9B9051080B5014644
:10701000C07C401E032812D8784400794000874481
:1070200001050B01002004F0FAFE80BDB520887236
:10703000C87E401CC87680BD084604F03BFF80BD7A
:10704000E0B502684068D17C022909D1D169D37EBC
:107050005B1ED94001230B407F21C9435B1800E030
:1070600000230549096800904C32DBB208466430C1
:10707000E43104F06BFF8CBDE00D0020FEB5B0C81C
:107080000668BA20307000203860E07C02281AD0F0
:10709000042837D11C48016802AD009522463C32D5
:1070A00023464C330846E430643104F07FFFC120AE
:1070B0003070284604F0B0FF144900F0BDFD20896F
:1070C00004F0B6FFFEBD10480168E069E27E01925F
:1070D0000095521ED0408022024381231340224655
:1070E0003C320846E430643104F030FF2C34102286
:1070F00028462146FCF743FF38600198132801D841
:10710000B4203070FEBDC046E00D002040420F00AC
:10711000B0B5002814D00B4D28684221425C0823EA
:10712000134343546430084920242246FCF71CFFD3
:107130002868843005492246FCF716FF04F0AAFFB0
:10714000B0BDC046E00D0020AFD20510CFD2051073
:1071500070B50546C67D0024300710D5288903F098
:107160001DFC002801D0102409E0064800684221D7
:10717000425C04231343435401200643EE7520462A
:1071800070BDC046E00D0020B0B50446144802684A
:10719000643200254021284604F08AFF002803D0ED
:1071A00003F01CFC122519E0E07D602101406029FC
:1071B00014D0202202406421635C012119408A1806
:1071C00007D19B210840E075204604F083FF054667
:1071D00004E08425002901D04006F5D42846B0BD3E
:1071E000E00D002070B50468E67D310708D505790B
:1071F000FE200640208903F0D1FBE675002800D070
:1072000070BD002D01D0342000E00420C0430449AB
:10721000096842228B5C03408B5403F0DFFB70BD96
:10722000E00D0020F8B500276B4B6C4A3D4618680E
:107230003421405C854200D3CDE01068A421405841
:10724000002800D1B2E0C4192089002800D1ADE0A7
:10725000A07A0146D13905295DD3002800D1A5E0E7
:10726000FE2800D18AE0A22859D0AA2800D181E0C6
:10727000B22854D0B42800D18AE0BA287AD0BF28E6
:1072800000D189E0F02800D18BE0102800D090E0F8
:107290000121204604F050FF002800D196E000268E
:1072A000A67204F05FFF00284B4B4C4A7ED064204E
:1072B000205CC0077AD004F061FF484A464B0028A2
:1072C00074D0E079C021014040296FD14448006862
:1072D0004821405C000769D52489424800688069DC
:1072E0004A2202210B4604F04DFF3C4A3A4B00284B
:1072F0005CD001460420487208220A72CE7188715F
:107300008C72FF20487182200871200AC872022006
:1073100004F094FF48E0204604F09EFF44E0E07D46
:1073200001260007304613D52046FAF778FE0028DC
:1073300006D0122804D00E2001F09EFAF9F7C8FFFB
:10734000E07D60210140603948424841224B234A98
:10735000E17C022904D1E17B10220A4016091F4A70
:10736000002823D0002E21D06420205CC00724D028
:107370004B2023E02046FAF75EFE15E064202056FD
:10738000002813D5002174222046FCF7F1FD0BE004
:10739000204605F003F807E00021204605F00FF82D
:1073A00002E0204605F040F80C4A0B4B74376D1C88
:1073B0003DE7204605F076F80AE05B20C043A07266
:1073C0000E2001F059FAF9F783FF01E0F120A072D5
:1073D000014B024AEAE7F8BDC00D0020E00D002095
:1073E000D40D0020C40D002010B50446C07D000758
:1073F0000DD5204605F058F8002803D0842806D083
:10740000882805D10E2001F037FAF9F761FF10BD89
:107410000B2100220123204603F00EFB10BD80B596
:1074200003F0DCFA80BDFEE7FEB5604F604C3868C3
:107430000168002900D1B8E005F092F805460088FF
:1074400005F098F80028F2D006463868B021405C74
:1074500000280ED0082100220123304603F0ECFA68
:1074600000280ED0FD2800D096E0284605F0A4F8AC
:10747000DDE76868007A05280CD12846314605F01A
:10748000A9F8284605F098F80E2001F0F5F9F9F76B
:107490001FFFCCE7B17AF12901D000290AD164217C
:1074A000725C0121114001D10B28DED1002901D0ED
:1074B0000128DAD1F07D000706D50296019501A8D2
:1074C000FAF7C9FDFC28CBD16420305CC00707D196
:1074D0000296019501A805F0A9F8FC28C0D122E088
:1074E0006868007A042831D0032837D001281AD1DF
:1074F000B07A002803D0FB2847D0F128B5D13089D5
:1075000005F096F8024600200146234605F0B0F843
:10751000307E810702D50321084330762846314664
:1075200005F0CCF8D9E72846314605F013F9FC28D8
:1075300003D0862899D0842892D1F07D000794D575
:107540000296019501A8FAF782FD89E7B07AB6287C
:107550008BD12846314605F09FF9BEE7B07AB228B4
:1075600009D0B42807D0B52800D07EE72846314698
:1075700004F055FCB1E7F07C022800D075E73868CC
:107580004021415C032908D16FE709210022012332
:10759000304603F051FAA0E73868294605F00CFAA6
:1075A0000F2001F069F9F9F793FEFEBDE00D002010
:1075B0003075000070B505686968097AFD240E29E8
:1075C00046D14668F07DC00642D5F07C02283FD106
:1075D000307B02283CD16420305CC007B07A01D1F6
:1075E000A23800E0B238032832D8012830D03089E0
:1075F00005F01EF802460024164B2046214605F0F1
:1076000037F8154800684821405C400620D5368987
:107610006868457A11480068806902214C2203237A
:1076200004F0B0FD002813D0014686720420487291
:107630000A2008720024CC71052088710D73FF2088
:10764000487182200871300AC872022004F0F6FDE9
:10765000204670BD30750000D40D0020C40D002000
:1076600080B50146006849684268127A0D2A0FD039
:107670000C2A15D18A7A10231343FF22B22B18D17A
:107680006423CB5CDB07CB7D0CD19B060CD410E0D4
:107690008A7A10231343BB2B0AD105F096F905E033
:1076A000FC2206E05B0604D405F0CCF9024600E0BB
:1076B000FF22104680BDFEE7F8B52920C100012455
:1076C0001F4D2046A8471F4E30601F4FF87A742187
:1076D000A8473168A422885005F01AFA28212046CC
:1076E000A8473168AC228850F87AC01CC0B2411C4F
:1076F000164D2846224602F095FE31688862F87AD7
:10770000C01CC1B20222284602F08CFE3168C86259
:10771000084603F0AFF905F007FA3068422100256A
:1077200045544021032242540949046341634430D3
:1077300010212A4605F00CFA2846FAF768FCF8BD35
:1077400061AA0410E00D0020DC0C0020D80C002001
:1077500007100707F8B50120982103F081F92B4E97
:1077600030602B4FF87A397B08181424214603F037
:1077700077F9326800255563D562F97A03462F46BA
:10778000B9420AD01D615F701F703268D36225460E
:107790007D43451914337F1CF2E7002313631C4A11
:1077A000127B5218CDB2AA420AD96543FF2747552A
:1077B00045192B61697033681D63491C2B46F1E73D
:1077C0009006000E411C134C0122204602F02AFEB6
:1077D000316808620E4DE87A297B08188006010E90
:1077E0000222204602F01EFE34686062E87A297B9D
:1077F00008188006010E084A0723204603F03EF9C8
:1078000005F0BEF905F0D4F9F8BDC046CC0D002056
:10781000DC0C0020D80C0020DD6D0510E0B5002048
:107820000090064B0146024605F0C6F9002804D038
:10783000072001F021F8F9F74BFD8CBDC96C05104C
:1078400010B505F0E7F9002801D0022400E001247A
:10785000002005F0EFF90D49098A25314909491C35
:1078600000F0EAF9844204D90820002103F0B0FCBA
:1078700010BD82B24220002105F0EAF9002804D0B0
:10788000082000F0F9FFF9F723FD10BDDC0C002003
:10789000F0B585B00F4F3868403005F00BFA04465C
:1078A000200414D06D46002028703868403004F061
:1078B00057FE0190068805F006FA0146304605F0AD
:1078C00007FA0290284605F015FA641EE8E705B0AD
:1078D000F0BDC046CC0D0020F0B5D3B000250C950E
:1078E0000B950A950995412082000DAC204629464A
:1078F000FCF73EFB257110204490169009A80F90CC
:107900002046FCF75BFBDC340194012005F0C4FA4F
:1079100006464EA80C300290494D002E41D03078DA
:10792000032839D04EAF3046394605F0C7FA387CC7
:10793000102831D1708804A908804EA880893E495A
:10794000411805291CD33D494118042903D3292195
:107950000902884220D10DAF022404AA38462146EC
:10796000A84738462146029AA847002005AA314672
:1079700005F0CCFA0598426801883846A8470BE024
:107980000DAC022704AA2046394605F0CFFB20465D
:107990003946029A05F0CAFB304605F0FBFB064665
:1079A000BBE70198828C002A06D00DA82021017126
:1079B0000146E031FCF706FB0DA84EAC04AA2146B7
:1079C000FCF704FB05AD102601232846214632466C
:1079D00005F0F4FB1B4F3968833128463246FCF72B
:1079E000CEFA00281AD03868833005A91022FCF797
:1079F000BBFA8120400003AD288000950024124B83
:107A000020462146224605F0D7F8802028800095A0
:107A10000E4B20462146224605F0CEF838685C2100
:107A2000425CFD23134043540B2000F025FFF9F77F
:107A30004FFC53B0F0BDC046FFD6FFFF00D8FFFF9C
:107A40002DD10410CC0D002097BC0510A3BC05104F
:107A5000E0B50021009102200422074B05F0ACF8AC
:107A6000002801D0812800D18CBD0B2000F004FF3C
:107A7000F9F72EFC8CBDC0469181051080B505F04C
:107A8000ADFB80BD80B5042801D9122080BD05F072
:107A9000A9FB80BDF0B589B00546084628431224ED
:107AA000012836D80E9F072F33D3102F31D80F98C7
:107AB00010282ED8B8422CD30E461099022928D867
:107AC0000191029003930492FAF740FA012806D13B
:107AD000049902291DD8039A012A07D919E0039AAB
:107AE00010460499084301D0112412E005AC019816
:107AF00020730948E080029860712771E270A170DC
:107B00006670257005F07EFB6073204605F084FBEF
:107B10000446204609B0F0BD0707000080B5044ABE
:107B2000914201D9122080BD05F0A0FB80BDC04666
:107B30003F420F0080B5012902D805F0B0FB80BD9F
:107B4000122080BD80B505F0C9FB80BD80B505F071
:107B500065FC80BD80B505F06BFC80BD80B505F08F
:107B6000F7FC80BD1CB5059C0194049C009405F0B5
:107B7000F9FC00201CBDBFB501AC089D2581E38048
:107B8000A28061802080204605F0F4FC04B0B0BDE6
:107B900070B51D4D296872B60A6800260E604B68E4
:107BA00013434B6062B600280CD028684168CA07AE
:107BB00008D001225140416072B628680168114323
:107BC000016062B62C681034206800280DD0204671
:107BD00005F04AFD80002968081872B68268866040
:107BE00048681043486062B6EEE72868041D074DF8
:107BF0002068002806D0204605F036FD810069582F
:107C00008847F5E770BDC046E40D0020600F041002
:107C1000CA0F00D0494203105A400DD004B500D31A
:107C2000404200F009F8009AD20701D349421242BB
:107C300000D5404204BD0000094214D088420FD351
:107C40000122030C01D100041204002300185B413F
:107C50008B4200D35B1A5241F8D3190010007047D1
:107C600001000020704708B505F01EFD08BDFEE7C5
:107C700010B5904216D98AB2030C090C0C46594330
:107C800080B25343444350431B191A041B0C101871
:107C9000594180225203002312184B41520DD80241
:107CA000104310BD4843802252031218520D104653
:107CB00010BD12422DD0994231D970B500251B421A
:107CC00009D00C00002112E01100FFF7B5FF0A00F7
:107CD0000021002370BD0942F6D000240126491876
:107CE0006441944200D3A41A7641F8D331000126AE
:107CF00001E0764109D2001864416D41A41A9D410A
:107D0000F7D2A4185D41B619F5D3300022002B003C
:107D100070BD1B42CFD108B505F0C8FC08BD01D12C
:107D20009042CAD202000B00002100207047FEE7FB
:107D300030B4434351435D18010C0C00130C5C43F9
:107D40002D1980B2434392B251430024C9186441B3
:107D500024040B04090C09195043C018694130BCB4
:107D60007047FEE7F4B507000E00354C2078012877
:107D700001D10220F2BD0120207000256560FA20AB
:107D8000800000F011F801000CD130000099002FA4
:107D900002D100F02EF801E000F03AF8FA2080005D
:107DA00000F002F82570F2BD38B5040001F0C0FD06
:107DB000050024488168C9070AD40020C0438442D2
:107DC000F7D001F0B5FD401BA042F2D3032032BD35
:107DD0000C2182680A400C2A09D1194A53680468A8
:107DE0001C435460826811438160012032BD002031
:107DF00032BD10B5144A13690F241C431461134B90
:107E0000C0184003C00B906111643320106010BD96
:107E100010B50D4A13690F241C4314610B4BC01895
:107E20004003C00B9061086810644868506488681B
:107E30009064C868D064CC20106010BD00000000C1
:107E4000900D002008100040001000400000FCEFE2
:107E5000A446521E08D303780C78401C491CA34248
:107E6000F7D0181B64467047002064467047FEE751
:107E7000FEB50024204D2B78012B01D10220FEBD40
:107E800001232B706C60FA27BF000368FF2B0AD117
:107E90001A4801690F220A43026122210160380059
:107EA000FFF782FF19E00023DB430B604668009078
:107EB0000191002000E0761C00994968009A9268C0
:107EC00089188E4209D2300000F009F83800FFF717
:107ED0006BFF0100EFD001990E602C70FEBD0749C9
:107EE0000A690F2313430B61C0024003C00B886172
:107EF0001120086070470000900D00200010004025
:107F000010B504000800110002002000F9F7DEFDA2
:107F1000200010BDF0B585B0944F3968C8604A782C
:107F2000E32313401A1D4A7000F036FA05463868FC
:107F3000C06800F021FA064638684469C06800F05D
:107F400001FA012228431FD1384617460068C0684D
:107F500000F01EFA002815D184480068C06800F0BF
:107F600001FA00280ED181480068C06800F0FEF9CF
:107F7000002807D17D480068C06800F011FA002889
:107F800000D1DDE03A46794F002E07D0002D05D113
:107F9000002C03D038684078C0070CD1386840788E
:107FA000C00700D09FE0002C00D19CE0E07D0121C3
:107FB0000143E17597E0039205F07AFB2078607544
:107FC000E07DF9210140081DE07500250495606AF7
:107FD00021698A6804A990470646204605F084FB7B
:107FE00038684068E061022E04D10499002901D16B
:107FF000049001E0022E1ED12E46257DFCF713F8D9
:10800000E80735460BD10499204605F08DFB002882
:108010002ED0207D0121014003264E4013E0A069AF
:10802000A168E2680818C04304990818801800285D
:1080300008DA022607E0002E3BD0FBF7F4FF012E02
:10804000E1D000E00326B01EC0B2022836D839685D
:108050001831204605F0AAFB386800254561042E3A
:10806000029507D0032E09D1204605F0A9FB08E0B0
:10807000012623E0204605F0B7FB02E00498E0610A
:108080002546284605F0C2FB01200190294605F04F
:108090002DFC38684069002803D0A84201D1029D18
:1080A0000CE0002D09D0E87D01210843E8750D465C
:1080B00004E000F02BF92E4600E0019D2069C26823
:1080C000002A02D0606A29469047032E00D100247E
:1080D000002E02D005F07AFC04E0386841781022C6
:1080E0000A434270039A002A1CD038684569FBF79E
:1080F0009AFF002D11D0E969284605F015FB0028EC
:1081000010D0FBF790FF39680020486118312846ED
:1081100005F04CFB284605F053FB002005F076FBEC
:1081200005F054FC38684178FB220A4042704069EF
:10813000002803D10020214605F0D8FB05B0F0BD92
:108140000A480068C06800F02FF900283A46074F37
:1081500000D019E738684078012101404842484181
:10816000611E22468A4102400EE7C046D80D00201B
:10817000694A5C23584310180268684B1340C906CB
:10818000802212051140194301607047624A5C2346
:1081900058431018C269FF239A43C9B21143C16101
:1081A00070475D4A5C2358431018026A120C12048F
:1081B00089B211430162704757495C225043081845
:1081C000C16A80220A43C262704753495C2250430D
:1081D0000818C16A80229143C16270474268012336
:1081E0009A43CB07DB0F1343436070474268082371
:1081F0009A43C90003E0426810239A4309011940D9
:10820000114341607047426820239A434901F6E7D1
:108210004268494B134009028022520005E042683F
:10822000444B13404902802292001140194341609F
:1082300070475CB504B40200069C002000260129AA
:1082400035D1684601781800084301D106203BE08B
:1082500008200E0003D1012B06D1052034E0012EA9
:108260000CD1190005D12FE0062BEFD0042B2BD118
:10827000ECE7062B28D0042B07D125E0062E01D0F1
:10828000042E07D11E0002D11DE0012BEFE70E00E6
:10829000062E01D0042E03D1012BD7D0062901D000
:1082A000042911D1062B0ED0042B0DD10BE00B00AD
:1082B00004D10720012C0DD199260CE0022902D00F
:1082C000032908D1F6E70720012C01D19B2602E003
:1082D0003D2600E03B26911B081A5EBD1C490A683A
:1082E0001C4B13401C4A29E01C48016808220A4321
:1082F000026070471948016801220A430260704712
:108300001748016880229143016070471448016852
:1083100080220A4302607047DC000020FFFFFFF765
:108320000F490A687F239A434006400E10430860B5
:1083300070470000FFFDFFFFFFFEFFFF02401A43F2
:108340000A6070470100994808407047000000002B
:10835000040000604F000200B0FFFDFF1800006045
:10836000C40000208021C9030840704700207047E6
:108370008021C90508407047802189040840704762
:1083800080218901084070478021C9020840704758
:1083900080214902084070478021890308407047C6
:1083A00080218900084070478021090108407047FA
:1083B00080210906084070478021C90408407047A1
:1083C000402108407047802149040840704780B52B
:1083D0000021FFF70BFF01BD4168802291434160FE
:1083E000704780B50021FFF7F9FE01BD8068704736
:1083F00080B51021F9F768FB01BD80B50121FFF7B9
:1084000002FF01BD80B50121FFF7F5FE01BD80B57A
:108410000121FFF7EBFE01BD826881607047416872
:1084200080220A4342607047C1688022D2050A4315
:10843000C2607047C168802292040A43C2607047DC
:10844000C168802212060A43C2607047C168802258
:10845000D2040A43C2607047C168802252040A43B2
:10846000C2607047416804220A4342607047026854
:108470000160704780B50021FFF7CAFE01BD70475B
:1084800080B50121FFF7C4FE01BD416840220A43C7
:108490004260704780B50121FFF7A0FE01BD80B5A5
:1084A0001FE0C268120D12050903090B1143C160D8
:1084B0007047C168802252030A43C2607047C16896
:1084C000802212040A43C2607047C1688022D2032E
:1084D0000A43C260704780B541688022D2000A43D7
:1084E00042600121FFF79BFE01BD72480268724B9A
:1084F00013400902714A0EE180B50121FFF738FEF1
:1085000001BD6F4A5C23584310180029016803D04D
:1085100040220A4302607047402291430160704745
:10852000000067495C22504308180168654A0A4008
:108530000260016A654A0A400262704700006249AF
:108540005C22504308180168802292030A430260AB
:10855000016A802292050A430262704700005A496C
:108560005C2250430818406A7047574A5C235843BE
:108570001018C26A120C0A70C26A120E4A70026B9C
:108580008A70026B120ACA70006B8002800E08713A
:1085900070474D495C22504308183830704700003E
:1085A00049495C22504308184030704730DFC90009
:1085B00045495C2250430818C06A8004800E704709
:1085C00041495C22504309580806C00F70473E4994
:1085D0005C22504308588004800E70473A4A5C235E
:1085E00058431018C269120A0A60036A1B06134333
:1085F0000B60006A0004000E4860704732495C223C
:10860000504308584000400F70472F495C225043A8
:1086100008584001400F70472B495C22504309180D
:10862000C86AC006C00EC96A090602D51F2800D153
:108630002020704710B504005C21234822005C23F1
:108640005A438018F9F740FA01212000FFF759FF3B
:1086500010BD854A5C2358431018426A4162704736
:1086600010B5814A5C2358431018C26A92B20B7845
:108670004C7824021C4323041343C362026B920D03
:1086800092058B78CC7824021C4309790904214394
:108690008902890A1143016310BD734A5C23584360
:1086A0001018826A120E12060902090A1143816229
:1086B00070470000D0000020FF0000F000FFFF0F17
:1086C000DC000020FFFFDFFFDC000020FFFFFFDFFA
:1086D000654A5C2358431018826A1202120A09067E
:1086E000114381627047604A5C2358431018C26A84
:1086F0005E4B13400902FC2292010A401A43C262F7
:108700007047594A5C23584310180268574B13406E
:108710000902FC2292010A401A430260704710B518
:10872000514A03005C246343D218D369DBB20C685E
:1087300024021C43D4614A6812020968090E1143DD
:10874000FFF72FFD10BD80B5474902005C235A4357
:108750008918096A8AB2802109021143FFF721FDB5
:1087600001BD41495C2250430818016880229143B1
:10877000016070473C4A5C2358431018826881604E
:108780007047394A5C23584310180268384B13402D
:108790000907E022D205BEE738B50A68324B04006B
:1087A0005C256C431B199C699A614968FFF7EEFCD4
:1087B00031BD80B52C4902005C235A438918C96930
:1087C000CAB280211143FFF7E1FC01BD26495C22BA
:1087D00050430818016880220A4302607047224A09
:1087E0005C23584310184268416070471E4A5C235E
:1087F0005843101802681F4B13400906E022D204A8
:1088000089E770B505000C001F26202C02D1FFF768
:10881000D3FC02E0FFF7D9FC264013485C214D430E
:108820004019C16A1F2291430E43C66270BD0E4AB1
:108830005C235843101802683F239A438906890E27
:1088400011430160704708495C22504308180168D1
:10885000802212024A4002607047042801D19D2004
:108860007047122070470000DC000020FFC0FFFFAF
:10887000FFFFFF8FFFFFFFF81F21014001228A4009
:1088800072B604490968400980000B5813430B5025
:1088900062B67047E40D00207047FEE710B5094C42
:1088A00021684A69002A0CD0C0070AD01069036801
:1088B000002B02D0506A9847216848780122024371
:1088C0004A7010BDD80D0020704780B5C043FAF73C
:1088D0005FFF01BD70B50023A04D05E01468860060
:1088E000AC51121D401C5B1C8B42F7DB70BD9B4BD7
:1088F0008000181804E013680360121D001D491E53
:108900000129F8DA0021016041607047934B800033
:10891000181804E003681360001D121D491E012988
:10892000F8DA704780B5FBF793F8B3480168802206
:1089300052030A4302600168802212030A43026064
:108940000168802292020A43026001BD80B5FBF7F4
:1089500085F8002801D1032002BD012002BD0000DE
:10896000F8B505000E001400FBF780F8002801D0D0
:10897000012055E02000AF4CA066002081006A581D
:10898000230008335A50401C0828F7DB2F00002032
:10899000350081006A58230028335A50401C1028A3
:1089A000F7DB0126280000F09CF9002807D00320FF
:1089B000606026602A0020322900380038E0002755
:1089C000676026609C4E3200290000BF1AA000F0AC
:1089D00015F960680128FCD100F0ABF800281AD026
:1089E00032002100483100BF13A000F007F9606891
:1089F0000228FCD100F09DF800280CD0210048315D
:108A00002000283000F01AF960680328FCD100F03B
:108A10007CF8002806D127606760FBF737F8022052
:108A2000C043F2BD22004832210028312000083026
:108A300000F096F80020F2BD0001000000000000E8
:108A400070B5050000267B4C26606660FBF71EF8BB
:108A5000AC490D60B0002218926808180264761CB8
:108A6000082EF7DB0020C043A26E904770BD70B5A2
:108A7000A44C00266F4D10E0002081002A0008322F
:108A800052586250401C0828F7DB2100403120007A
:108A9000203000F015F90E2068602868012826D1E2
:108AA0006868002808D0012808D0022808D00328C8
:108AB000E2D00E2807D017E0012002E0022000E0FB
:108AC0000320686070BD2E606E60FAF7DFFFB000B3
:108AD0002900083109582150761C082EF7DB2100A7
:108AE0000020AA6E904770BDA020FFF7A9FF70BDBF
:108AF00080B5FFF7BCFF04F08DFF01BD80B5806835
:108B0000FFF79EFF04F086FF01BDE0B508220021BB
:108B10006846FFF7F5F96A460221B8208000FFF7A2
:108B2000F5FE00987849884201D101200EBD002051
:108B30000EBDE0B5082200216846FFF7E1F96A465C
:108B40000221A6208000FFF7E1FE00986F498842CD
:108B500001D101200EBD00200EBD000000043048F0
:108B6000F8B507000E001500234C20686849014045
:108B7000882080010843206020680421014321608F
:108B800066A202210020FFF7A5FE00BF65A2022118
:108B90000220FFF79FFE00BF64A202210420FFF71E
:108BA00099FE00BF73A208210620FFF7A0FE00BFB8
:108BB00060A208211C20FFF79AFE00BF65A20821D1
:108BC0003220FFF794FE3A0008214820FFF78FFE7D
:108BD000320008215E20FFF78AFE2A000821742057
:108BE000FFF785FE6068C103C90FFBD12068022131
:108BF00001432160F1BD00000000304870B50E0057
:108C00001500444C2168424A0A40C0210901114321
:108C10002160020002210220FFF75CFE32000821E1
:108C2000C8204000FFF763FE2A000821852080004D
:108C30003BE0000054090020348D041070B506009C
:108C40000D00344C206832490140A02080010843C7
:108C5000206000BF33A202210220FFF73BFE00BFCD
:108C600032A202210420FFF735FE00BF41A20821F5
:108C70000620FFF73CFE00BF2EA208211C20FFF7B4
:108C800036FE320008215E20FFF731FE2A0008215F
:108C90007420FFF72CFE00BF2EA208213220FFF720
:108CA00026FE00BF3BA208214820FFF720FE606897
:108CB000C103C90FFBD1206802210143216070BDAF
:108CC00010B502000C00002A03D008215E20FFF737
:108CD0001DFE002C04D0220008217420FFF716FE90
:108CE00010BD10B500210C4A8B00D458C3589C42CB
:108CF00003D1491C1029F7DB01E0002010BD012041
:108D000010BD0000F00B00200DD600006A9100009D
:108D1000FFC0FFFF00003048EC0D04100001000010
:108D20000000000000010000000000000100000041
:108D300000000000FFFFFFFFFFFFFFFFFFFFFFFF3F
:108D40000000000000000000000000000100000022
:108D5000FFFFFFFF0200000005000000030000000D
:108D6000FEFFFFFFF9FFFFFFFBFFFFFFFCFFFFFF21
:108D7000FCFFFFFF030000000000000000000000F7
:108D800000000000000000000000000000000000E3
:108D9000000000004B60D2273E3CCE3BF6B053CCE7
:108DA000B0061D65BC86987655BDEBB3E7933AAA2D
:108DB000D835C65A80B504F02FFE80BD431E022B65
:108DC00009D300280CD0032809D1012001404942D1
:108DD000122008407047002A01D110467047122027
:108DE00070471FB51C4608460A99039109990291DC
:108DF0000899019107990091069B1146224604F0BB
:108E000043FE04B010BD80B51946104604F08EFE36
:108E100080BDFEE78B0707D0521E22D30B78491C7A
:108E20000370401C8B07F7D1830730D0DB4219D089
:108E3000401E121F08D308C943701B0A43801B0C35
:108E40000371001D121FF6D2D20707D30B8843709F
:108E500001D08A78C2701B0A8370704701D00B78EA
:108E600043707047121F06D308C903801B0C438050
:108E7000001D121FF8D2D20705D30B88038005D03E
:108E80008B788370704701D00B780370704770B493
:108E9000103A03D378C978C0103AFBD2530701D3F4
:108EA00018C918C001D508C908C0D20704D30B8857
:108EB0000380801C891C002A01D50B78037070BCCC
:108EC0007047FEE781B01B4800684003800F0090A8
:108ED0000098002801D101200090009801B070474F
:108EE00010B50400FF2020708020C0054168124AA0
:108EF000914201D10621217001680F220909114018
:108F0000617001680A40A2704068606009480068AA
:108F100080B2401C8000A060FFF7D4FF002804D07E
:108F2000FFF7D0FF401C800301E0C020C001E060DB
:108F300010BD0000141000404120030281B02849F8
:108F40000A6A012002400CD10A6802430A600A68DA
:108F500082430A600A6A02430A62096A0840009072
:108F60000098002001B07047F3B51E490B785B1CD8
:108F70000B7001231C4C6F460D78019E36682660ED
:108F8000019E76686660019EB668A660019EF668DE
:108F9000E66006682661466866618668A661C668FE
:108FA000E66164263E70266B1E4326636E46367865
:108FB000761E3E70666B1E4003D06E463678002EDD
:108FC000F4D16E463678266A1660666A5660A66ADE
:108FD0009660E66AD6600E78B542CDD10020F6BD27
:108FE00040004048EF0D00202800006010B504004C
:108FF00007D002230022A16804F0AAFD010003D0DB
:109000000CE06120400110BD0020102222610246C8
:1090100083001B19401C5A610428F9DB606A102880
:1090200001D0024810BD084610BD00001D0C000014
:10903000F7B500258AB00E460446002804D0002E5D
:1090400006D10C98002803DD612040010DB0F0BD71
:109050000C98002804DB102804DA2079800601D45B
:109060008C48F3E72079410701D4810702D589486C
:10907000401CEBE740210843207120461430089043
:109080001CE0002081004A199219537817781B02BE
:109090003B4397785BBA1B043F02D2783B431343B0
:1090A0000A195269401C534004AA53500428E9DBB2
:1090B000A26804A8089904F09DFD009D0C9928461B
:1090C000103000908842DCDB207980061ED4002915
:1090D0001CDD002081004A199219537817781B0271
:1090E0003B4397785BBA1B043F02D2783B43134360
:1090F0000A195269401C534004AA53500428E9DB62
:10910000A26804A8089904F075FDC0E00020009052
:1091100001900290039069460846A26804F06AFD37
:1091200000998722C80F5043019A4900D20F11437A
:1091300000910199029A4900D20F114301910299BD
:10914000039A4900D20F1143029103990C9A4900E6
:10915000414028461030039190421AD100208100EE
:109160004A1993195A781F7812023A439F7852BAD3
:1091700012043F023A43DB786F461A430B195B69CE
:109180007F58401C7B405A4004AB5A500428E6DB11
:1091900074E0009A8723D00F5843019B5200DB0FE5
:1091A0001A430092019A029B5200DB0F1A4301926C
:1091B000029ACB0F52001A4302924A004240039295
:1091C0000C9A0020531BDA179C46920F62449210AF
:1091D000964616E081004A1993195A781F781202B0
:1091E0003A439F7852BA12043F023A43DB786F4603
:1091F0001A430B195B697F587B405A4004AB5A50A5
:10920000401C8645E6DC81000A196B4652695B58B2
:1092100067465A4004AB5A507F1A00224B19BC468D
:109220009E460BE073469B18F35CD7001825ED1B98
:10923000AB4004AD6F587B406B50521C9445F1DC41
:10924000002A09D0D600182204AB961B5D58802254
:10925000B24055405D5005E004AA53580125ED0782
:109260006B40535004AB6A4605E081000D196D69EF
:10927000565875405D50401C0428F6DBA26818461D
:10928000089904F0B7FC20790421084320710020DC
:10929000DCE600001D0C0000F8B516460F46040081
:1092A00009D0002E07D025468035E86D401E1028D5
:1092B00004D31348F8BD61204001F8BD2079400671
:1092C00004D4002211462046FFF7B2FE2079022185
:1092D00008432071002018210CE0C217920F1218C9
:1092E00092089200121983075269DB0ECB1ADA40FA
:1092F0003A54401CEA6D8242EFDC00203260F8BD37
:109300001F0C000081B08020C00218490A68024387
:109310000A600968084000900098154802E0154A64
:109320000A40026001680902090C0168F7D10122B4
:10933000914301604168C907FCD44068042108409A
:1093400000D0012001B070470B490A68D206FCD555
:10935000496801800020704707490A68D206FCD599
:10936000496801600020704700000000500040483C
:1093700000006048FF0000FF0400604820207047A4
:109380001F20704710B51A490A78030003D0130054
:1093900004D1012202E0012A00D100220A701549FD
:1093A0008B6880229200134020D18B6854002340A8
:1093B000A3421BD08B681A438A600A685307DB0FED
:1093C000FBD104220F23DB430028886804D003402C
:1093D0000E201843886002E0034013438B608868C6
:1093E000054B03408B6008681040FCD010BD7047EF
:1093F000F10D002014005048FFFDFFFF00207047D2
:109400000020704700207047002070470020704700
:1094100000207047002070470020704700207047F0
:109420000020704700207047F0B58DB00993089276
:109430000E46079004F01CFC01243821204601F060
:109440000FFB2D21062242542E49C97A3422815421
:109450002D4F3860302101850CAD0BA90AAA284692
:10946000FAF791FD0A9800022978090101430B9847
:1094700000030843001D396848851821204601F083
:10948000EFFA224908600021017504F0F7FB1A98F1
:109490000690199C059418980490179803901698B4
:1094A000029015980190139D00950798089F0796C4
:1094B00031463A46099BF8F783FDF8F73FFD1B9EBE
:1094C000012C01D1F8F716FD04F0E2FB012E01D1C9
:1094D00004F03AFC0C4800682C21405CC0070ED117
:1094E000012C06D11498F8F741FDF8F7B8FDF8F70C
:1094F000BAFD079839462A46234604F027FC0DB0EA
:10950000F0BDC046DC0C0020C00D0020E40D0020A2
:10951000C9B202788A4203D0401C002AF9D1002047
:109520007047FEE780B5002801D100BF07A00649BB
:109530000B68002B03D022220021984701E004F0A1
:1095400065FC222002BD000030000020636F6E73B6
:10955000747261696E742068616E646C65723A2021
:10956000626164206D65737361676500431C0178F7
:10957000401C0942FBD1C01A7047FEE7C9B2521E17
:1095800005D30378401C8B42F9D1401E7047002060
:10959000704710B5144600F002F8226010BD4A0072
:1095A00053155B1C08D0520D06D003231B02FE3A54
:1095B000D21A1305C91A70470022704730B401242B
:1095C00064054D00EC420BD85D00EC4208D80C005D
:1095D0001C4364000443144304D2994200D19042D6
:1095E00030BC7047FCD08B42FAD18242F8E712427D
:1095F00017D40023DB435B0D9C464B005B0D06D06C
:10960000634504D09B18634502D212058918704740
:109610006246090D11430905002000B500BF00BFD7
:1096200000BD52424B005B0DF1D05B1C5B05EED2DE
:109630005B0D934102D91205891A70470BD10B03B8
:109640001B13C90FC907821C002043411343E4D9EF
:1096500012051143E1E7C90FC9070020DDE7F0B4A7
:109660000E005E400125ED072E40B446AE0ADF181D
:109670004C18F4423BD2F74241D2640D43D07F0DE7
:1096800038D0E41BC902DB0229432B43CF0ADB0A93
:109690000600B61A9F4104D2641EB6197F41B6185F
:1096A0005F416812800D24180018844222DCE80C07
:1096B0000021B6197F41B61A9F4102D2B6185F4108
:1096C0003F1C40414941F4D3241C21DD2405B61937
:1096D0007F41B61A9F4105D33743C607374300265B
:1096E000012F7041614166463143F0BC7047FCD1A7
:1096F000F74205D20020C14349054908F3E704D0E9
:109700000020C143F1E77F0DFAD000206146ECE76D
:109710002442FAD1401C61410F03F6D30020E2E756
:109720000148704700000000EC030020F8B5060077
:109730000024104D2878002819D0FCF795FC07006C
:10974000FA2080002978FEF777FA01003800FEF74A
:1097500073FA04F08CFB002809D1042E07D20022F2
:1097600031000020C04304F074FBAE6000E001242F
:109770002000F2BDC003002081B064490A680243A2
:109780000A60096808400090009801B0704780B5F1
:109790000F21002004F088FBF0210901002004F0D3
:1097A000AAFB5B49012004F0A6FB5A49012004F002
:1097B0007BFB8020400058490A6802430A60096820
:1097C00008400090009801BD00685449884200D0CC
:1097D000704780B580204002FFF7CEFF00220121B4
:1097E0000D2004F036FB0D2004F038FB01BD18B548
:1097F00087B00400182101A8F8F766F92068C02195
:10980000C905884235D1012401940420059001A89E
:10981000FCF73CFC002801D0F8F787FA4048016AC1
:1098200021400CD10168214301600168A14301601E
:10983000016A21430162006A044000940098F8F72D
:109840006AFC00220021122004F003FB122004F025
:1098500005FB00220021192004F0FBFA192004F076
:10986000FDFA00220021162004F0F3FA162004F07D
:10987000F5FA08B010BD38B586B00400142168466A
:10988000F8F722F92068274988423DD18020C0009E
:1098900025490A6802430A6009680840059005984E
:1098A0000820FFF769FF0420FFF766FF0120009002
:1098B00002240194002502950395049569461B48EE
:1098C00004F04CFB009401940295039504946946BE
:1098D0009020C00504F042FB0121012004F0FEFAB3
:1098E0000221002004F0FAFA0121012004F01DFBFE
:1098F0000221002004F019FB00220121082004F0BD
:10990000A8FA082004F0AAFA07B030BD5000404879
:10991000C930000036C00000540040480000304804
:1099200040004048004000415800404800001048B6
:1099300001484068704700BFC0030020021D136843
:109940008B431360026811430160704781B069491D
:109950000A6802430A60096808400090009801B054
:10996000704770B586B006000C00300001D10420AD
:1099700000E00820FFF7EAFF20006E4D7100695AF1
:1099800001910121039102210491B1006C180100A1
:1099900006D10020029001A9E06804F0DFFA1FE080
:1099A00001281DD18020400063490A6802430A60F3
:1099B000096808400090009880204002029001A9A8
:1099C000E06804F0CBFA2800083085190022032152
:1099D0000020285604F03DFA0020285604F03EFAF4
:1099E00043480068C00610D5E0689021C905884248
:1099F00003D101994048FFF7A1FFE0683F49884241
:109A000003D101994A48FFF799FF002006B070BDC5
:109A100080B5484A4100515A80001018C06804F0CF
:109A200045FB401E8041C00F02BD80B504F044FBE1
:109A300001BDF0B587B00F0000260024002F02D131
:109A40000124E44350E03D499422424389180091A7
:109A50003B4980000858009908600420FFF776FF12
:109A60000820FFF773FF8020C00036490A680243D0
:109A70000A60096808400190019802200290039052
:109A8000059001250495069002A99020C00504F0D8
:109A900065FA17480068C00603D502991648FFF713
:109AA0004DFF0295069602A9144804F057FA0325C3
:109AB000ED433900009804F019FB002800D02C0079
:109AC0000021009804F048FB002800D02C00002161
:109AD000009804F05AFB002800D02C00009804F0F5
:109AE0001DFB002800D02C00200007B0F0BD0000B6
:109AF00000005048500040482000504800001048E6
:109B0000F8B500240D4E0091150094270BE0FA23C0
:109B10009B000122009801190B4800787843301807
:109B200004F0BCFB641CAC42F1D32800F2BD000081
:109B300028005048CC03002054004048600A002010
:109B4000E403002058004048F20D00203F4881689F
:109B500004229143816001684905FCD58168022295
:109B600091438160704781B039490A6802430A60B5
:109B7000096808400090009801B07047020C80B25C
:109B8000354B0129596804D101435960D96A114301
:109B900003E081435960D96A9143D9621968084347
:109BA0001860986A02439A6270472C49086882B22A
:109BB000886A000410430A60020C8A6270472848D1
:109BC000016804229143016030BF704770B5040002
:109BD00000261E4D2068002807D1286810218843E0
:109BE00028602868042188432860296E01200140EC
:109BF00002D10126FFF7B7FF1A480168890007D490
:109C00008168490004D40168802212060A43026078
:109C1000002E03D0286E0121884328660D48016874
:109C2000802252000A430260A8680826304001D012
:109C3000FFF78CFF2068002805D128688006FCD437
:109C400028683040F9D1002070BD00000000404875
:109C50006000404804005048080050481000504838
:109C600010ED00E02818006080B5FFF79EFF002887
:109C700001D0FBF7E9FF01BD2348002101604160ED
:109C8000704710B5EFF3108272B61F4B1C680029A5
:109C900004D0012903D12043040000E084431C6068
:109CA00082F3108810BD10B5EFF3108272B6164B18
:109CB0005C68002904D0012903D12043040000E09E
:109CC00084435C6082F3108810BD38B5EFF31084D4
:109CD00072B60E4D0C480168002904D028688047F0
:109CE000686880470BE04068002804D0A868804777
:109CF000E868804703E0286980476869804784F303
:109D0000108831BD00000000B40D0020840E041046
:109D100080B504F02BFD002804D104480068C07908
:109D2000002801D0002080BD032080BDD40D00207C
:109D300038B54F494F4C504A0120504B1B68002BFF
:109D400010D1CB68002B02D14B6B002B0AD0906056
:109D500004F030FDBFF34F8F49486060BFF34F8F71
:109D600000BFFDE7474B23602368136120220B6887
:109D700013430B600B6840241C430C600B68802469
:109D80001C430C600B68404C1C400C600B695B076B
:109D9000FCD58B693024A34313438B618B693B4C07
:109DA0001C408C618B6904021C438C613849096832
:109DB000384B99422BD038490B681E24A3431024FA
:109DC0001C430C600B68184308600868334B034061
:109DD000F8204005184308600868930403430B60AB
:109DE0002F4801682F4B0B40A021890019430160C7
:109DF00001680A43026001682B4A0A40C0214901F8
:109E00001143016001688022D2000A4302600023EE
:109E10005CB2E10018250D40FF22AA40D143C022C8
:109E2000AA40250004D4214CAD08AD00641906E019
:109E30001F4D2407240F083CA408A4002C192568F2
:109E400029400A4322605B1CD9B22029E0DB62B6BC
:109E500031BD1848016800684005400F890702D5E8
:109E60001549401E00E01549C14015480160704782
:109E70000400504808ED00E0040000209400404831
:109E80000400FA0500000410FFFEFFFFFFFBFFFFC8
:109E9000F81E0010CCECBCFC0C004048FFFFFFC0DB
:109EA000940050483FFCFFFFFFC7FFFF00E400E0C5
:109EB0001CED00E0080040480048E8010090D00395
:109EC000E80300201220704710B54442444104F0DA
:109ED00089FC4E214454002010BD0020704770477B
:109EE000B0B50446FFF792FA012809D1601E062892
:109EF00008D8FF25E03504F07DFC44550020B0BDB6
:109F00001120B0BD1220B0BD024909686C228854EE
:109F10007047C046C80D0020704710B50C4604F0CD
:109F200071FC0146002000290AD04A7A002A07D095
:109F3000002C05D0A24203D3886FBD2144540120D8
:109F400010BD7047F0B595B03948006800900BA877
:109F500004F06EFC002831D001AF06240025354BFB
:109F6000384621462A4698477879C02101437971BD
:109F70000BAE30462030304B39462246984707AC6E
:109F80001027204639462A462A4B98473046214614
:109F90003A46294B984703AC204639462A46254B7A
:109FA00098473046103021463A46234B9847304672
:109FB00004F04BFC002803D1054603E0002501E036
:109FC0000E20C5431D4C22682E320026062730463F
:109FD000394602F06DF80BA9002801D0203101E0CC
:109FE00021682E31009860303A46F9F7BDFF2268AB
:109FF00008321021304602F05BF8002805D02068B6
:10A0000008300BA91022F9F7AFFF226818320020A0
:10A01000102102F04DF8002806D00BA9103120685D
:10A0200018301022F9F7A0FFE8B215B0F0BDC04615
:10A03000C80D002051CB0410693F0410C00D002052
:10A04000122070470020704780B504F00AFC80BDE4
:10A05000064800685C21415C8906890F04D05C30A9
:10A06000C17802220A43C2707047C046C80D002062
:10A07000B0B50446002108252A46F9F779FF207873
:10A08000DF21014321706078092101436170A178CB
:10A090002943A170114909685C22895C890602D5AF
:10A0A0000F2108436070FFF7ABF9012807D16078F2
:10A0B000122101436170A07807210143A170FFF7CD
:10A0C000A7F9C0B2012807D16078E021014361708F
:10A0D000A07880210143A170B0BDC046C80D00200A
:10A0E00010B53F21054A472906D043183F3B1B784E
:10A0F00014686354491CF6E7002010BDD40D0020FD
:10A1000010B52F21054A372906D043182F3B1B785D
:10A1100014686354491CF6E7002010BDD40D0020DC
:10A1200000207047F8B5002916D00E46054609787C
:10A130000024C80720461FD188070FD448070FD432
:10A1400008070FD4C8060FD488060FD448060FD4CA
:10A1500008060FD507200FE012243CE001200BE099
:10A16000022009E0032007E0042005E0052003E0C9
:10A17000062001E00020C0433070184800684721E5
:10A180004056002827D516482818032101430D31D1
:10A19000880883B21348006880690221492201F0CF
:10A1A000F1FF002816D00746001D2946324604F06C
:10A1B0005CFB0420787207203872E81C010AF971F0
:10A1C000B871FF207871822038710220394602F080
:10A1D00035F800E007242046F8BDC046D40D002025
:10A1E000FDFF0300C40D0020BCB50C4605464888A1
:10A1F000001F4880084602F066FD011F02290CD8A6
:10A2000006281AD005281DD0042811D10420A081C9
:10A210002846214604F036FB18E03F2808D02038B5
:10A220005F2805D868460570019404F065FB0DE0D1
:10A230002846214604F067FB0EE02846214604F03C
:10A2400067FB03E02846214604F098FB002803D072
:10A250006188091D6180BCBD0020BCBDB0B504464D
:10A260000188022004F0AEFC0546002802D12046F9
:10A2700002F0A2F92846B0BD70B591420ED2154643
:10A280000E460446406804F0C1FC751B606804F08B
:10A2900048FD281881B2204604F04FFD70BDF0B58E
:10A2A000C3B00446008804F057FD00287CD0054662
:10A2B000207A0327074028692A460C32022F03928E
:10A2C00008D100282FD011888426042954D30121D5
:10A2D000029131E000284AD06688002E26D0002165
:10A2E000019104A8029020463246029B04F050FDE2
:10A2F000286940680090204604F053FD014600980C
:10A3000004F054FDA98928693246029B04F054FDEB
:10A31000A8898019A88181B2286904F00EFD039AEA
:10A320000198608002E02C616088A8811088042870
:10A330001BD32869002602960021019104F045FDF7
:10A34000001D81B2AA898A4216D812D12969488093
:10A350000120FFF749FF00282DD028698426A0425C
:10A3600026D10198A881286122E0002618E0002665
:10A3700002E00298002813D0A87810210143A970A8
:10A380004220012102222B4604F030FD28690028DA
:10A3900006D002F011F900202861039900200880FE
:10A3A000002E05D1012F03D1204602F005F9002629
:10A3B000304643B0F0BD0198EEE77047F0B585B088
:10A3C00004468778781E03210491084309308008E9
:10A3D00083B2207A03902088029011480068806937
:10A3E00002254022294601F0CDFE002814D0064661
:10A3F000009701940498039A0240301D00270299A7
:10A400003B4604F02DFD35712846314601F016FF1C
:10A41000204602F0D1F800E00727384605B0F0BD2D
:10A42000C40D002070B5144605464C430068401E1C
:10A43000032101434E1C002130462246F9F798FDC6
:10A4400030192860304670BDF8B5044604F01FFD91
:10A450001C480068466B002E32D037463669388972
:10A46000A042F8D100257A89E8B2032804D8214611
:10A4700004F01CFD6D1CF6E72046114604F026FD95
:10A480007989204604F038FD002038810D480068A5
:10A49000426BBA4205D011461269BA42FBD1103163
:10A4A00001E0014634313A690A607989042903D10F
:10A4B000C16A3961C762CEE7016B39610763CAE7D8
:10A4C000F8BDC046CC0D002010B502F053F80028AE
:10A4D00025D00446008902F0ABF802460120002195
:10A4E0000F4B02F0C5F8208904F00AFD6420205CBF
:10A4F000C007A07A04D16030C0B2512804D307E06D
:10A500005030C0B2402803D80221204604F012FD8A
:10A51000FE20A0720E20FEF7AFF9F6F7D9FE10BDAF
:10A5200030750000F8B5044604F028FD05461048D3
:10A53000C07A85421BD20F4E3068294604F036FDA2
:10A5400014276F433068C06A0025C553C0190069DD
:10A55000002809D002F030F83068C06AC0190561DF
:10A560003068C06AC0198581204604F041FDF8BDFD
:10A57000DC0C0020D00D002070477047F8B50E4865
:10A58000006806683078401E30700C49098A253111
:10A590004F097C1C000606D100252846214604F000
:10A5A00029FD7580BC1C0120214604F023FDB088E4
:10A5B000001BB080F8BDC046BC0D0020DC0C0020A4
:10A5C000F8B51E4615460F460446C00607D4144883
:10A5D00000682F21405CC0061ED5152202E0BF2076
:10A5E000044005220F4800686107C90E4018006941
:10A5F0000223214601F0C6FD00280FD00146057256
:10A600008672C7710420887105224A710871280A70
:10A610004872204601F012FE0020F8BD0720F8BD68
:10A62000D40D0020C40D0020F8B50F460646104694
:10A6300001F0A0FF00285CD004460546002F0BD097
:10A640000020A87208340122062E38D12989164626
:10A65000062F15D0052214E0E87A01210143E972A2
:10A66000284604F0D7FC002815D0062E03D1E87A3E
:10A67000F9210140E972E87D000708D5042007E0D0
:10A6800004220220002304F0E7FC324617E00220F7
:10A69000E97A0143E972A87AAD2805D0AE2805D041
:10A6A000BC2827D1BF2002E0AF2000E0F020A87234
:10A6B00008340E20FEF7E0F8F6F70AFE00226420C8
:10A6C000285CC0070BD1A87EC10605D5EF2101404B
:10A6D000A97641B2002918D4002A19D109E0287EB0
:10A6E000FC210140297603210140481E81410A4393
:10A6F0000ED1F8BD062EDBD1F128D9D1298902204F
:10A700000022134604F0A8FCD2E76F210840A87687
:10A71000208801F08DFF024601200021014B01F04D
:10A72000A7FFF8BD30750000F8B50F480068056850
:10A730002878411C29700D4F398A25314E09741C27
:10A74000002809D10020214604F0C2FC388A2530B7
:10A750004009401C6880B41C0120214604F0B8FC6C
:10A76000A8880019A880F8BDBC0D0020DC0C0020D2
:10A77000F0B589B0049315460591074606AE08ACBE
:10A780003046214604F0E4FC22780020009504992C
:10A790000191029038460599334604F0FDFC09B05A
:10A7A000F0BD7047F8B504460D4E3068C56A29699A
:10A7B000C1622F88002114222846F9F7D9FB042012
:10A7C00068811720E8802C812F803068416B4563B9
:10A7D0002961204604F060FD204604F061FDF8BDCB
:10A7E000CC0D0020B0B50C460546002004F0B4FAAC
:10A7F000002805D00121818005806142614181707E
:10A80000B0BD80B5002A03D0084604F04DFD80BDE0
:10A8100004F051FD80BDF0B589B004931746059151
:10A8200006460E9C204604F047FD0F9D002808D0E8
:10A8300007A806222146F9F797FB06A80122027015
:10A8400005E007A806AC214604F082FC22780097B8
:10A8500004980190029507AB3046059904F09CFCE2
:10A8600009B0F0BDF0B589B015460E4601F082FE84
:10A87000002870D00446807ABC2806D1278908A811
:10A880000021018026462C3656E027463437E17DEC
:10A89000090709D420462C3008223146F9F764FB19
:10A8A0003D70280A7870A07A2189029108A90022B7
:10A8B0000A8026462C36BC283DD025462035F12876
:10A8C0000FD1E07D000736D407AA01922846314611
:10A8D00004F0FEFC022201983946F9F750FB0028EB
:10A8E00021D038463146224604F028FD00281AD0EF
:10A8F000029D284604F032FD207E80070CD02846B9
:10A9000001F096FE024601200021154B01F0B0FE39
:10A91000207EFC21014021760220032200232946CB
:10A9200004F09AFB17E00D480068083008AA294691
:10A93000334604F021FD029F03AD0021102228467A
:10A94000F9F716FB227C28463146F9F70DFB38460D
:10A95000294604F024FD09B0F0BDC046C00D00201A
:10A9600030750000F0B581B0054640888624002887
:10A9700010D0AE68002E0DD000246C602C802746CD
:10A9800034602846314604F019FD24367F1C68885F
:10A990008742F5D3204601B0F0BD704770B50D4930
:10A9A00009683422895C74224A430B490B68A4333A
:10A9B00000210C46A2420AD01D682D19EE7DF60733
:10A9C00002D02D89854201D17434F3E70121084674
:10A9D00070BDC046C00D0020E00D0020B0B50C4D8C
:10A9E00028684224005D9021084200D0B0BD04F0E8
:10A9F000FDFC002805D00D20FDF73EFFF6F768FCB2
:10AA0000B0BD2868015D80220A430255B0BDC04632
:10AA1000E00D002080B50146064800684222825CB5
:10AA2000120704D464304022F9F79EFA80BD01F089
:10AA300031FB80BDE00D0020F8B51C4613460D46E5
:10AA40000646052219462B4604F0ECFC07468828EA
:10AA500004D030462946224604F0FEFC3846F8BDB4
:10AA600080B50A4601460248FFF7DCFC80BDC046BF
:10AA7000D80C0020002101604060704710B51224FE
:10AA800000280ED0002A0CD00B2B0AD8417003707E
:10AA9000036A5954491E4B1CFAD302610024047501
:10AAA000C061204610BD00207047024630200129B9
:10AAB000014600D02021012A00D008467047704787
:10AAC00070B511200421FFF7CBFF164D29689026A1
:10AAD0008959C96B096848632B201349085CC97AF6
:10AAE0000818841C48212046FFF7BAFF29688959B5
:10AAF000C96B0A6800219163002C11D038221423FD
:10AB00008354C1632A689259D26B1268926B426473
:10AB10002A689259D26B12689063641E4830EBE742
:10AB200070BDC046D40D0020DC0C00200348006836
:10AB300090214058C06B00687047C046D40D00207B
:10AB40005721890041430448006890228058C06B17
:10AB5000406840187047C046D40D0020F0B589B059
:10AB60000446FA20255AE66CF9F74CFAE321625CB8
:10AB7000FE231340635435210901401875436900D1
:10AB8000421872B6616CCB43D21800D485E00496AB
:10AB90002722D200A218059222462F32089222467E
:10ABA000423206922246E2320792081A0027082112
:10ABB0004AB2002A0CD4CBB22A469A40904202D321
:10ABC00001269E40BF19821A00D31046491EEFE7A6
:10ABD0000799088B4743069A1088C01B1080BDB2A6
:10ABE0000898807C0978012910D11646FDF7B7FC3A
:10ABF000368808998A7C00230093019002932146AD
:10AC0000BC311046324604F061FC10E0FDF7D0FC88
:10AC100025210E1A774308980078381880B204F07E
:10AC200089FC08990870301880B204F083FC089AF7
:10AC30000146059E049F907CFDF7F9FD7D43606C05
:10AC4000401B6064608D294604F084FCA26C824243
:10AC500004D9121A0D2A00D80D22A264606E401980
:10AC600060664B2080002018616C891AE36E5200E8
:10AC7000D3183468A34200D233600A4604F074FC4F
:10AC800000280AD0079A50780121014351701420FE
:10AC9000FDF7F2FDF6F71CFB346062B609B0F0BDBB
:10ACA000F0B597B004464B208000201804F096FCC5
:10ACB00021462C3100280291079400D185E04320E1
:10ACC00080002518204604F092FC03280AD1288B26
:10ACD000410707D500216977042290432883204645
:10ACE00004F08BFC0695204604F098FC002800D167
:10ACF000A4E02120C0002518029880780A90012144
:10AD000000262846324604F098FC0746284631467D
:10AD1000324604F092FC384300D08FE000212046F8
:10AD200004F0A2FC064647788178029802780991DF
:10AD30000846394604F09EFC002879D00698807BAE
:10AD400004280BD10698007B0999884276D001220D
:10AD500030460A9904F04EFD00286FD1029802781F
:10AD60000998394604F066FD002800D1E5E102218A
:10AD7000284604F0D9FD00285DD00546618FBF1C30
:10AD800001203A4604F004FEE863002800D1E8E11F
:10AD9000478000213A46334604F00EF8099804F043
:10ADA0001DFE38216854572080000A994843F24913
:10ADB000096890228958C96B49680818112109014E
:10ADC0004118284604F016FE35E048780022002895
:10ADD0002BD004922746B437487D0A908D782846B8
:10ADE00004F014FE26467836A06F002801D004F047
:10ADF00033FE3046FFF73EFE03CF04F04DFE029EC9
:10AE00007178079C608F04F05BFE204604F08EFE94
:10AE1000284604F0A3FE284604F0E0FE002803D0F4
:10AE2000012030700A987075049AD0B217B0F0BD46
:10AE30000A9804F0D5FE204604F0E4FE2120C0006C
:10AE40002018039000200490C54311200601069F9E
:10AE5000012DE9D0681C0A90388B03210591084028
:10AE6000012808D1387FFF2805D0204604F0BFFB19
:10AE7000002800D1DFE00996A419A01E08900078F0
:10AE8000401E042800D924E178440079400087441A
:10AE900002236C95B30057208000029989784143C2
:10AEA000B548006890228058C06B406840180999E6
:10AEB0004058002800D10CE13821415C0D2900D90F
:10AEC000D9E001228A40AD490A4200D1D3E0E11E17
:10AED0000A7820211143D0E0079804F088FB019004
:10AEE0000A98C6B20122039F3846314604F0A5FBFA
:10AEF0000546002238463146134604F08AFEE71E16
:10AF00003978C90600D4E4E00199002900D0E0E0D6
:10AF1000002D00D0DDE0002800D0DAE0029DA87806
:10AF2000314604F08FFE04F097FE0190012107984E
:10AF300004F09AFB03463878EF2101403970A87875
:10AF400006223146019DA8473878C1074FD0C00678
:10AF500000D5BEE0059808990870201FFF210170F8
:10AF60000121079804F049FBB3E0079804F03FFB88
:10AF7000032800D0ADE0029FB8780A99CEB23146DE
:10AF800004F060FE04F068FE0546B87800273146FC
:10AF90003A463B46A847251F28700798394604F0D3
:10AFA0002CFBE01E0078C10721D0400600D58DE0C3
:10AFB0002878FF2800D187E0042088E0079804F073
:10AFC0002DFB002800D184E00021079D284604F0D5
:10AFD0004BFB01460A98C6B203232846324604F0CA
:10AFE00049FE002875D0E01E0078C1073CD10398C7
:10AFF000314604F011FF6CE00698807E800768D52A
:10B00000029CA0780A99CEB2314604F01BFE04F0EF
:10B0100023FE002809D00546A078072200233146E8
:10B02000A8470398314604F0F7FE069A907EFD216A
:10B03000014091764DE0354601262046314604F028
:10B0400013FB022181704170059A02703A7FC27031
:10B05000388B084338832046314604F0CEFA787B9B
:10B0600030432E46787365E040062FD4201F0078C9
:10B07000FF282ED128E0E11E097801220A43E41EB0
:10B080002270002D069A16D0C06B428800250BAEA8
:10B090002946334603F07CFE0123079831462A46B1
:10B0A00004F0E8FD002814D02078C1070AD10A98DE
:10B0B000C1B203989DE702209073507B1021014399
:10B0C000517306E0400601D4022000E005200899F3
:10B0D0000870069F388B0007079C22D5204604F095
:10B0E00086FA00281DD100210122039804F0A5FA58
:10B0F000002816D101262046314604F0B5FA072172
:10B1000081700221417005990170797FC170388B7F
:10B11000042101430820814339832046314604F04D
:10B120006CFA08980078FE210140022901D1012023
:10B130000490099E0C360A9D8AE6069880780428B9
:10B1400000D078E6069800780999884200D175E623
:10B15000002230460A9904F04DFB002800D06DE62D
:10B1600069E60548006890214058C06B0068816B13
:10B17000696485635FE6C046D40D00204520000069
:10B1800070B50546FF262836805DC00701D1002432
:10B190000FE0688F002421462246234604F04EFE2D
:10B1A000072801D1012404E0A8190178FE220A40F1
:10B1B0000270204670BD00207047002070470020BC
:10B1C000704700207047002070470020704770478C
:10B1D0001F2202400123934072B68900054A12687B
:10B1E000511840098000081881681943816062B6CF
:10B1F0007047C046E40D0020002901D0022100E084
:10B20000032180228258CA40012010407047F0B5C7
:10B2100085B0122600285ED01F460D4604464378AE
:10B220008B4258D920780521090381408F4252D89A
:10B2300004920293F8F7E6FE02462378206A405D06
:10B24000A8420CD00498002845D0204603912946F6
:10B250000493164603F0AAFE03993246049B33205A
:10B2600078430E46010A0818010C08187107D20825
:10B2700051184218581DC0B2C24001956800616A59
:10B2800004920A52F8F7BEFEC00803906278206A62
:10B2900017463B46C75D97420DD07D00666A755BD9
:10B2A0002678761D0399F1406D1A2DB2049E711A0D
:10B2B00009B28D42EDDDC15C019A8154206AC2540D
:10B2C0000298834206D1049801B2204604F056FE4B
:10B2D000064600E00026304605B0F0BDB0B5054694
:10B2E0000024204604F071FE002809D002463820D0
:10B2F0000721115401242846214604F06DFE03E085
:10B3000013200121FFF764FF2046B0BD10B50446AD
:10B31000807D00F089FBFF20A07510BDF8B51148B5
:10B32000006800901048C27A00200446034690420C
:10B3300012D2E1B201258D40DEB200990F69B95DEC
:10B340000D420BD0641CE5B2082D00D15B1C082D0A
:10B3500000D10024401CEAE7FF2001E02943B95551
:10B36000C0B2F8BDD80D0020DC0C0020F0B5ABB0A9
:10B370000146C07A0C462091FFF7E2FB0746FFF733
:10B38000D5FB179024682220215C1F2631402154D0
:10B39000607D0A90A07B2190E07B1D90207C1E9018
:10B3A000607C1F90A07C1A90E07C1590207D189006
:10B3B000A07D0990E07D0890207E1090607E0F9027
:10B3C000A07E1390E07E1290207F1490607F1190F9
:10B3D00020781B9020462230457804F019FE169004
:10B3E000422000223A522D203A54EC203A50E420D8
:10B3F0007F2139520795049635402F2019953D54E9
:10B40000209DA87B41217854E87A2E217854882009
:10B410003858026084203858026080203A503846FC
:10B42000EC301C92426001200C9038850F9800028D
:10B43000109940180E9080B20321890241434002C6
:10B44000F86411980002149A8018149080B20003D6
:10B450007966B866159800021A9940181899090477
:10B4600040181590786512980002139940181390AF
:10B47000388704F0D3FD7887FF200F9028303818E4
:10B4800011901D980002219940181E990904401836
:10B490001F9909064018189038462C301D903A46DE
:10B4A000E2321E341A942197169801280B9206D185
:10B4B000287C012803D120201B99084004D1287B37
:10B4C000FE21014002291AD101201070A87B1A9E8A
:10B4D0003146FDF7C5F83C46BC342046314604F001
:10B4E000CFFD1D98407D0022009218990191029293
:10B4F00021461992134603F0E9FF1C9001E01C98C5
:10B500001070384690301E9083204000381800217B
:10B51000022216910592F8F72BFD1220FA4C219E7B
:10B520003146A0471A203146A04727203146A04780
:10B53000032012903146A04705203146A04708203D
:10B540003146A047212010903146A047119E307807
:10B55000FE210D9108403070A97CE87A04F0ABFD23
:10B56000AC7C2920C0000690A9200501FDF746FF0C
:10B5700001281F97179A14D110891B280DD1042C6C
:10B5800007D1D089A84208D11B201E998880088045
:10B590000EE090890699884203D030780421014357
:10B5A00031701B201E9988800880042C00D0069DD5
:10B5B000219C129E1E990D81CD808D811B2048817A
:10B5C00048804D820D82D08AC881209FF87A154626
:10B5D00004F073FDF87A04F071FDF87A04F06FFD61
:10B5E0002846214604F06CFDF87A04F073FDF87AE1
:10B5F00004F07EFD204604F07DFD1098C0001F99E8
:10B60000081804F095FDBC7C2046FDF726F9054698
:10B6100024A804F09FFD387B032804D002280AD117
:10B620002498401B05E0249D0E21204604F09EFD39
:10B63000281A3E380AE02098417B2498401B0029B4
:10B6400001D0903002E0812149004018209D169FD2
:10B650001B9B5906042C06D02A7B0D9E3240022AE1
:10B6600000D10C920C9EDA091092C90F1191296831
:10B670001B91697B002931D008990902099A891820
:10B68000079A3346560959184C022018249004F0A2
:10B6900089FD05461296304604F08AFD03211D9A65
:10B6A00011700A994902219A516340195085D16C51
:10B6B000179A5268914200D31146219E316580B29B
:10B6C000214603F047FF0D30B0644000716B401815
:10B6D0000C901B99891C119B209D28E021998F6457
:10B6E0004F851D98059B037068692490042C00D039
:10B6F000234698001F9A1018806DCE6C00280C46C7
:10B7000002D086420BD20BE01846059304F058FD98
:10B71000864201D2E66C03E0059804F051FD06462E
:10B720001B9908310C9626652646109B1297249883
:10B73000706422A8878022979D4800683622825C28
:10B74000920606D53630827BD20706D1807A8007F2
:10B7500003D41D463B460E9F3BE0686804680D9B82
:10B76000234022AA022B0B460E9E00D01346E4B2C1
:10B77000697B00291B930CD022A9109A002A16D0AD
:10B7800029684A7BC023134022AA402B0ED01146C1
:10B790000DE022A9119A002A09D02A68D179C02384
:10B7A0000B4022A9402B02D1911C00E00831AA7A5B
:10B7B00024AB9A752A899A821B9A259226913B4638
:10B7C0003746FE2C03D003210C40254600E001251E
:10B7D000411C1E9A1C465362012328461B931840A5
:10B7E0002423D054946210462430401C0622119227
:10B7F0000E46F8F7B9FB24A8847605761299C17530
:10B8000014994182139901828781219F798FC18187
:10B81000209D697B4176249604F0F2FCE87B0028A9
:10B8200003D0A97A788F04F021FE287B002804D069
:10B830000B980178788F04F057FE4B2017901E99D3
:10B84000486A896A04F07CFE687B1E90AC7CAE7B03
:10B850003046FCF7E1FE14903046FCF7EBFE304634
:10B860002146FCF7C3FF30462146FCF78AFF3046ED
:10B870001A99FCF7F5FE30461899FCF7EAFE3046B7
:10B880001C99FCF7D4FF30461999FCF72CFF304681
:10B890001599FCF702FF30463946FCF7A0FF1F9DC3
:10B8A000143530462946FCF765FF30461499FCF7FD
:10B8B000A8FFFDF7B1FD002802D13046FCF71CFEC1
:10B8C000179887001E98002803D03046FCF749FFE0
:10B8D00002E03046FCF77AFF1F98C71928301F9006
:10B8E000FDF78CFD01281E972F4601D10F980FE020
:10B8F000FDF78EFD01280F980AD004F035FE0128CF
:10B9000004D0049804E0C046D7D005101698C04370
:10B91000C1B23046FCF7DCFE0094219D28461F99F9
:10B920003246234604F022FE009400213846324677
:10B93000234604F01BFE2846FCF7CDFD3846FCF7F5
:10B94000AEFD6C6CA86C1F901E9F384604F06CFE18
:10B9500018483861184838801D9E707DB875F87D8C
:10B960001B990843F875284604F068FEF8603178A2
:10B97000032904D0022918D10C99814200D801462C
:10B98000119A1F9D21987862C06C7860B9602098E8
:10B99000407B0128134600D00723611BBB700128A0
:10B9A00000D10422384604F097FE2BB0F0BDC0460B
:10B9B000D40D002074100410040B000010B5017C9D
:10B9C000022909D10124047401688268C3680CC08B
:10B9D000A12004F0ADFE00E00024204610BD704719
:10B9E00010B500242046FFF7ABF80A490968342255
:10B9F000895C2C30A14207D00278002A06D0572259
:10BA000092008018641CF5E7FF2401E00121017019
:10BA1000E0B210BDC00D002080B5FFF791F82C21D9
:10BA20000022425480BD704710B50849C97A81424E
:10BA30000BD9C108064A12681269535CCC00001B7E
:10BA4000C0B201248440A343535410BDDC0C002039
:10BA5000D80D0020F0B591B00B9316460D910C90C7
:10BA60009F48C17E0A91017F0991817E0891C77F1D
:10BA70000125D8212846FEF7F3FF9A4C2060582173
:10BA80002846FEF7EDFF2168344690220792885041
:10BA900004F088FE384604F09FFE072139400B98D9
:10BAA00004F0AAFE1798059001901C98009019AB1D
:10BAB0000ECB0D9804910D93F6F75CFA012E00D091
:10BAC00008950020012C00D00990012C00D00A908C
:10BAD00041208500012C069409D1294620310120FE
:10BAE000FEF7BEFF7F4909688822885033E025268B
:10BAF0007B48815D28462030002901D0014600E0C6
:10BB000044212627764AD25D002A00D00146292406
:10BB1000734A125D002A00D001460C9A012A00D116
:10BB200001460120FEF79CFF6E4909688822885073
:10BB30000C98012829460FD06948005D0028294645
:10BB40000AD16748C05D0028294605D16448805D58
:10BB5000002800D1C1E0294618980B901698039050
:10BB60000127614C3846A0475E4E31688C228850D0
:10BB700004213846A04731689422885058210C97F8
:10BB80003846A0473168982288500898C6B21835C0
:10BB900030462946A0470546069C012C05D15C216C
:10BBA0003046FEF75DFF024600E00022304629469F
:10BBB00004F072FE10AB0998D8700A9898700D9F27
:10BBC0005F700B9818702046059D2946324604F098
:10BBD000BFFE039E3046214604F0BBFE30462146A0
:10BBE0002A4604F0B7FE304621462A463B4604F07A
:10BBF000B2FE0097304621462A460B9B04F0ACFE6D
:10BC000004F0C2FE012C07D1012D05D104F0BDFEC8
:10BC1000012E01D104F0BAFE0D98012801D104F0E3
:10BC2000B6FE04F0B5FE0498314622462B4604F0D9
:10BC3000B0FE2B4FF87A411C2C4D28460C9AFEF78B
:10BC4000F1FB284E3168C0228850F97A022228463A
:10BC5000FEF7E8FB31683746C4228850204604F0DE
:10BC600099FE04F098FE04F097FE04F0C3FE04F081
:10BC7000E3FE04F0E2FE04F0E1FEF8F7B7F9316804
:10BC800000248C7148712046F8F7B4F904F00EFFD7
:10BC90003068006E04F016FF3068079D40590C3084
:10BCA00004F011FF0C9E304604F010FF3868415933
:10BCB00040228C540A4A128B82821F200F90E0434C
:10BCC0000E9048310EA8052204F001FF3868405953
:10BCD000F1025422815211B0F0BD2C213CE7C04644
:10BCE000DC0C0020D40D002061AA0410D80C002028
:10BCF00070470100FEB53E4C206890254059C06B4E
:10BD000002683220002616543A484069010C19296D
:10BD100001D31920000410600292506004F0E0FE8C
:10BD200020684059C06B0768FDF768FB012801D007
:10BD30001B2000E0FB203882FDF760FB0446292031
:10BD4000C0000090A9200501FDF75CFB012C0195C6
:10BD500007D10128284D009C0CD0284DFDF75CFB35
:10BD600005E00128009C05D0FDF756FB254601287B
:10BD700000D108357D82FDF741FB012801D01B2051
:10BD800000E0FB20B882FDF739FB0546FDF73AFBE2
:10BD9000012D07D10128019D17490DD0FDF73CFB6E
:10BDA000164906E00128019D294605D0FDF734FB20
:10BDB0002146012800D108317C831B203883FD8176
:10BDC000BC817C813881F98204F098FE04F0E0FEA9
:10BDD000029804F0DFFE0A4C20683421415CF0B286
:10BDE000884203D203F0BAFE761CF5E7FEBDC046DA
:10BDF000D40D0020DC0C0020904200004808000018
:10BE0000C00D0020034800688421034A42500020EE
:10BE10007047C046D40D0020000003037047F0B502
:10BE200089B00C460746098900251522284603F0EB
:10BE3000AFFD002813D00646002F06D023462C3332
:10BE400005211022384602F0A3FFE07D000708D448
:10BE500021464C3105AA204604F0A6FE07E08820C2
:10BE600019E005A80290019401A8F6F7C8F811207E
:10BE700070807068032101720521102205AB3046E5
:10BE800002F09AFF2046314604F032FF002802D12A
:10BE9000B620A072284609B0F0BD010102010201DE
:10BEA000FF0201FF0202020102010101010102FF82
:10BEB0000201FF0070B588B0044604F033FF01288A
:10BEC00024D10025012207AB2046294604F046FF75
:10BED000022206AB2046294604F040FF1A480068BB
:10BEE000079A02AE0096E43001462B4600F02EF889
:10BEF000069810223146F8F742F8002806D00421AF
:10BF0000002201232046FEF797FD1AE0607B032103
:10BF10000140012906D10C4800684430002110225C
:10BF2000F8F726F86420205CC00701D0492000E023
:10BF30005620C043A0720E20FCF79EFCF5F7C8F90E
:10BF4000002008B070BDC046E00D0020F0B59DB0E7
:10BF500002930392019101460CAD20270124124E59
:10BF600028463A462346B0472846203001993A46AB
:10BF70002346B047374640200299295408AE102284
:10BF80000292304603992346B847412104AF284620
:10BF900032463B4604F004FF22983946029A234673
:10BFA000014CA0471DB0F0BDBDD10410F0B59FB04D
:10BFB00001930292009101460BAD20270124154EFA
:10BFC00028463A462346B0472846203000993A464C
:10BFD0002346B0473746284640301026019932465E
:10BFE0002346B84707AF3846029932462346094EE2
:10BFF000B047502103AE28463A46334604F0D0FEFF
:10C000000C362498042231462346024CA0471FB028
:10C01000F0BDC046BDD1041001784278120251181B
:10C02000827812048918C07800060818704700004A
:10C03000B0B50D460446154800684821405C8006AE
:10C0400023D513480068806902214B22032300F0A6
:10C0500099F8002819D001460573847204204872AB
:10C06000092008720020C87108208871FF204871DB
:10C0700082200871280EC873280C8873280A487318
:10C08000200AC872022000F0D9F8B0BDD40D0020FB
:10C09000C40D002080B504480068643003492022A4
:10C0A000F7F762FF80BDC046D40D0020F8D105101F
:10C0B00070B503460120002909D0002426462546F4
:10C0C000965D9E4204D16D1CEEB28E42F8D370BDD7
:10C0D000204670BDF8B50446018900254522284652
:10C0E00003F056FC002814D006464120708070688A
:10C0F0000C2101720F4F3B6864330521402230460A
:10C1000002F05AFE2046314604F0F2FD002802D02B
:10C11000F8BD8120F8BDE07D20210143E17539683B
:10C120004222895C090702D524210843E07528468C
:10C13000F8BDC046E00D002070B594B00E46044630
:10C140004178801C6A4604F048FE0546002E05D062
:10C15000002D03D16846214604F070FE284614B035
:10C1600070BD0000044800685C21415C302008403C
:10C17000411E88417047C046C80D002080B504F0BC
:10C180009FFE80BDFEB515460C460646080614D433
:10C1900002AA01AF304619463B4604F095FE00283E
:10C1A0001FD0600634D402988178FC220A40827045
:10C1B00001990180718001272BE072B602AA01AFBC
:10C1C000304619463B4604F07FFE00280BD002990A
:10C1D0008A78FC2313408B70019A0A8072800127B1
:10C1E00002E0002703E0002762B6002811D172B6F2
:10C1F000A0060AD410480068016808220A430260B9
:10C200000020FCF739FBF5F763F862B600260AE078
:10C210000027029EF570A00060210140B078032243
:10C2200002405018B070002F04D00020FCF724FB0F
:10C23000F5F74EF83046FEBDC40D002080B540062F
:10C2400005D48878FC220240901C887080BD084686
:10C2500004F077FE80BD0000F0B589B0044608A860
:10C260000026068021891522304603F091FB002824
:10C270002BD00546E07AC00609D4204620300221A2
:10C28000002200F065FCE07A10210143E172A07AFF
:10C29000D138042876D8C0467844007940008744D5
:10C2A0000219384E60003C480068214620310830B1
:10C2B00008AA04AE334603F05FF8686806210172ED
:10C2C00011206880227C052158E00E200021FEF715
:10C2D0007FFF5FE004AE0821029100223046019604
:10C2E00000F036FC2046203008AF31463A4602F0D6
:10C2F000EFFF0B206880686807260672052102227E
:10C3000028463B4602F058FD28463146029A019BDA
:10C3100036E01120688068680821017204A80021B5
:10C320001022F7F725FEFFF71DFF002802D004A812
:10C3300004F02EFE0521102204AB284620E003A8BD
:10C34000067004AE314604F033FE08206880686849
:10C3500009210172686803994172062128460A463C
:10C360000DE01120688068680A21017220462030A3
:10C3700004AE314604F034FE05211022284633462F
:10C3800002F01AFD2046294604F0B2FC002801D133
:10C39000DD20A07209B0F0BDC00D002010B504462C
:10C3A0004C301021002200F0D3FBE07D000702D4C6
:10C3B000B520A07210BD2046F5F71DFE10BD80B55A
:10C3C000012911D1427C530705D0C37D1B071DD520
:10C3D00006231A401AD16422835C01221A400029E4
:10C3E00006D0002A19D103E0002900D080BD002228
:10C3F000817CCB0704D0C37D1B0701D4D12109E088
:10C400008B0706D4490708D5D52103E0D0218172D6
:10C4100080BDD3218172002A02D004F0EFFD80BDDF
:10C42000FFF71AFF80BD000070B50446807B032132
:10C430000140258903290AD1204604F0F4FD002893
:10C4400005D008210122204603F006F870BD2846D9
:10C4500000F0EEF8024601200021114B00F008F92F
:10C46000E07C032802D1002004F068FE204618304A
:10C47000002608223146F7F77BFD2046314602F0C0
:10C4800059FD6420215CEF220A402254F120A07261
:10C49000022029463246334602F0DEFD70BDC0461A
:10C4A0003075000070470000F0B593B004462B4D86
:10C4B00028684227C15D30220A40302A15D149211F
:10C4C0008E00811905A82022F7F74EFD2868C15D6E
:10C4D000CF220A40C2556420205CC00707D10DA8B6
:10C4E000009012A90FAA11AB06E0842033E00FA838
:10C4F000009011A90DAA12AB204604F02DFE12A83F
:10C50000037811A80078296822462C3204928919F0
:10C5100003910DA9029101900FA8009021463C3192
:10C5200022464C3205A804F02DFE4D2080002968DB
:10C530000A180121204604F093FE00280BD1204662
:10C5400064300078C00703D1204604F041FF02E0C8
:10C55000BB20A072002013B0F0BDC046E00D00204B
:10C5600001460068C2690A60002A00D149600021C2
:10C57000C1617047F0B501460020002917D00C4A70
:10C5800012683423D35C74225A437323DD43094B6E
:10C590001B68A4332C467434A24208D01E68751957
:10C5A0007C27ED5B4D402D052546F4D13019F0BDBB
:10C5B000C00D0020E00D002080B5027A110601D5E3
:10C5C000012100E00321520600D50021001F04F0E4
:10C5D0002FFF80BDB0B50C466421615C01220A408A
:10C5E000A37A4068417A02D19F2B02D8B0BDB02B0C
:10C5F00014D3F02B15D9F12B0ED10F290CD12546D0
:10C600005D350F210122204602F026FF29785E3495
:10C61000204604F021FFB0BD002AE7D0207E80072D
:10C62000E4D00122204602F017FFB0BD1F20704762
:10C63000B0B50D4909683422895C002811D00B4A35
:10C640001268A4320023DCB28C420AD274256543FE
:10C650001468641924894440240501D05B1CF2E766
:10C660001946C8B2B0BDC046C00D0020E00D002084
:10C6700010B5002906D0862401291BD1022A19D819
:10C68000002100E0032101280AD0002811D18818D8
:10C69000C1B20948006808300122FEF7B8FD06E083
:10C6A0008818C1B204480068083002F07FFC0446D4
:10C6B00000E00024204610BDE00D0020F8B50C4637
:10C6C00005460126304604F0D9FE02281BD807464D
:10C6D0006420205CC00616D4284604F0E9FE002839
:10C6E0001AD001461A480068B122825C002A03D0A1
:10C6F000B130BE40B2430270002201232046FEF753
:10C700009BF9054606E01021002520462A462B46C7
:10C71000FEF792F92846F8BD204664302775017867
:10C7200010220A430270E07AEF210140E1720121F8
:10C730002846224604F0E0FE204604F0EFFE0028E2
:10C7400001D00025E6E7204604F02CFFD9E7C046DB
:10C75000E00D0020F0B585B007464068057AA81FB7
:10C76000042823D80C46887A8626D0281FD1204654
:10C770005D3001902089FFF75BFF02460020454BAA
:10C7800002900146FFF774FF062D05D0092D11D048
:10C79000082D34D0072D3DD1E07D000707D4607C03
:10C7A000C00704D0062D44D12C342CE0842630461A
:10C7B00005B0F0BD607C8007F9D503AB00269E80F4
:10C7C0000396062138460A4604F090FF002847D019
:10C7D0007868407A019D287023465E3306213846EA
:10C7E0000A4602F0D5FA2878012803D1A8798009F1
:10C7F000032847D3617C20200843607431E0607CCB
:10C800008007D4D53C34052110223846234602F057
:10C81000BFFA35E0607C4007C9D523464C3305217B
:10C820001022384602F0B4FA607C40210143617462
:10C8300019E0204622307968497A01707968897A4E
:10C8400041702346243307210822384602F0A0FA1B
:10C85000607C8021014361744007800F10D102E0A9
:10C86000607C4007A3D40198C079C00705D1002699
:10C8700020463146FFF7A3FD99E72046FFF7D4FD98
:10C88000029E94E70821002201232046FEF7D4F8F7
:10C8900006468CE730750000F0B58BB00D460646B5
:10C8A0000024029409891522204603F071F800281B
:10C8B00020D007462B463C330521102230461E4629
:10C8C00002F066FAE87D000716D40094344603AE01
:10C8D00028462146324604F067F929462C311022B9
:10C8E00030462646009CF7F74AFB01A9BC220A7095
:10C8F00002900CE0882459E001A80A9002A809904F
:10C9000003A80890079507A8F5F77DFB0298002873
:10C9100006D00421012328463A46FEF78DF81BE095
:10C92000112078807868042101722B464C33052150
:10C930001022384602F040FA2846394604F0D8F969
:10C94000002809D10198A8721A4800683521405C76
:10C95000297C814200D928740298002826D1E87DDC
:10C96000000723D407A8002410222146F7F700FB74
:10C97000E87C03280BD0022810D1E86907A90870C9
:10C98000020A4A70020C8A70000EC87006E009485C
:10C990000168443107A81022F7F7E6FA29464C311E
:10C9A0002C3507A832462B4604F0A9FE20460BB0D2
:10C9B000F0BDC046E00D00200268CA61002A02D125
:10C9C0000A461C32426001607047F0B58BB00E46DB
:10C9D0000521102507AF2A463B4602F0D9F9002170
:10C9E00003AC029630460191224604F039FC06461B
:10C9F000384621462A46F7F7C2FA002E15D10028FC
:10CA000013D16420029C205CC00715D1207C2A1A17
:10CA100020182C300021F7F7ABFAA07E0221014349
:10CA2000A176204604F083FE0AE00B2100220123B8
:10CA30000298FEF701F803E0204604F0C9FC0198D3
:10CA40000BB0F0BDF8B52F4F3B6842241A57002AAF
:10CA500020D40091E4330521402202F099F939688D
:10CA600008466430E43120252A46F7F788FA06465E
:10CA70003868643024492A46F7F781FA002E0BD132
:10CA8000002809D00B210025012300982A46FDF734
:10CA9000D3FF07E03A2505E03868015D9022114296
:10CAA00002D038252846F8BDE43004F043FE1F28A4
:10CAB00026D005461228E5D0002DF3D13868015D57
:10CAC00010220A430255009CE17DC0220A43E27510
:10CAD000E4300D4920252A46F7F751FA0646412051
:10CAE00080003968081809492A46F7F748FA3043A0
:10CAF00000250028D6D1E07D04210143E175D1E76E
:10CB00000821C0E7E00D0020AFD20510CFD20510FC
:10CB100080B503200821FDF7A3FF02490968A82278
:10CB2000885080BDE00D002080B50648C17A0648D7
:10CB300000680830C91CC9B2044A0723FDF79EFFEC
:10CB400080BDC046DC0C0020E00D002049BB051074
:10CB50007CB50C4605460020C6B2A6420ED2002087
:10CB600004F00EFEA85501A90870000A6946087075
:10CB7000711CA14200D26854B01CEDE77CBD0000DE
:10CB800010B5084C20684030FDF774FF206838303D
:10CB9000FDF770FF044805493C22F7F7E5F904F07A
:10CBA000F7FD10BDCC0D00205C000020D40F041058
:10CBB00080B504F0FFFD80BDF0B585B0049301920F
:10CBC0000291074602203840039001243C4010485F
:10CBD000056834350A9E2D68002D16D0002F0CD024
:10CBE000002C03D02889029988420CD10398002890
:10CBF00003D068890199884205D128463146049AB4
:10CC00009047002802D11035E5E7002005B0F0BDBF
:10CC1000CC0D002080B504F0F5FD0549098A2531C9
:10CC20004909884201D8002080BD012080BDC0464E
:10CC3000DC0C002080B5012801D1014600E0032171
:10CC4000002800D10146084604F0E8FD80BD000040
:10CC5000F8B50446C00625D416460D4614480068AB
:10CC60006107C90E401800695F2203232146FFF7C0
:10CC700089FA002818D00146067385720C20487284
:10CC8000162008720027CF7106208871FF20487196
:10CC900082200871300A4873280AC8722046FFF7BC
:10CCA000CDFA02E0862700E007273846F8BDC046E7
:10CCB000C40D002000210068002802D01C30491C4F
:10CCC000F9E788B2704780B5022102F07EF880BD96
:10CCD000074A126834321268002A07D01389834247
:10CCE00002D153898B4201D01032F4E710467047CD
:10CCF000CC0D0020F0B585B004460078002807D19F
:10CD0000606804F0A9FD6070A568E86800283CD060
:10CD10006578284604F0A6FD0E2808D880005C49F6
:10CD20000958002903D020468847074607E0A06835
:10CD3000C36800210622284604F0CEFD86276168DC
:10CD4000002919D0882F03D0842F0CD0072F10D1A1
:10CD500050480068403004F0D3FD0920FBF78CFDFB
:10CD6000F4F7B6FA08E04B480068383004F0C8FD24
:10CD700009E00846FFF720FC862F01D0002F02D1E2
:10CD8000A06804F0C4FD05B0F0BD6768384604F043
:10CD900063FD064604F066FD7988EA880423029361
:10CDA000002391423ED80E283CD801934200354BD7
:10CDB0009A5A354BC340DB0705D180239A439142F1
:10CDC000019B03D02EE09142019B2BD3411E0329EE
:10CDD00001D307280DD104A903AA029238460F46B1
:10CDE00004F0B1FD3B8802980088834218D8002BDC
:10CDF00016D06668304604F02FFD07463588304669
:10CE0000FFF761FF01462846FFF762FF05461E2F28
:10CE10001ED0402038401BD1162F1CD1718827E02E
:10CE20000120029086271E2E89D04020304086D1D6
:10CE3000019305210022284604F098FDE8600028AF
:10CE40001ED0034630460199029A04F045FD76E76C
:10CE50000020E8605CE7384604F004FD0E2800D9A5
:10CE60006CE740000949095AE888814200D301462D
:10CE70000022284604F07AFDE860002800D047E749
:10CE800088275CE722210410CC4F0000AE3C041040
:10CE90005C000020CC0D002080B504F081FD054928
:10CEA000884205D0C00004490968496E081880BD51
:10CEB000002080BDFFFF0000CC0D002080B51022B7
:10CEC0000A740278042A0DD87A44127952009744E1
:10CED0000A16120202004068031D14220846194671
:10CEE000F7F742F880BD0522D2024068007D012894
:10CEF00009D18A8180BD0520C002C01C04E0052044
:10CF0000C002801C00E0501C888180BDF0B585B057
:10CF100006460878042811D815460C46784400794E
:10CF200040008744020D4A697E007B4E306801460E
:10CF30007031C166606804F04BFD57E08626E1E081
:10CF4000754F386801467031C166636801207649C3
:10CF50000026324604F051FD01A90880002800D1C6
:10CF6000BBE004F053FD04F063FD02A900910880CA
:10CF70003868C06E01A902273A46F6F7F5FF664801
:10CF80000068C06E801C00993A46F6F7EDFF6248D3
:10CF9000006868270421C15361680A7C102A00D008
:10CFA0009FE0C06E0C31001D0222F6F7DDFF5A48EB
:10CFB0000068C15B891CC15393E0574E306801463D
:10CFC0007031C166616809787022815461884A1C99
:10CFD00003A90A8071300222F6F7C6FF3068C16EDD
:10CFE0006068001DC91C04F0F3FCC01C3168682295
:10CFF00088526831296084E06068017D102939D148
:10D000004749491C028A8A4234D143480168683141
:10D010002960006868211022425201468331C166AE
:10D020006FE060688069002853D03B4F38686830F3
:10D0300028606068017D10294DD1018A374A9142EC
:10D0400049D104213046FFF743FE00285DD03868FF
:10D0500068210225455201467031C166304621469D
:10D0600004F0F1FC04A908803868C06E2A46F6F77F
:10D070007BFF46E0006A00282BD0274F38686830D5
:10D0800028606068017D10292ED1018A244A9142CE
:10D090002AD104213046FFF71BFE002835D038681E
:10D0A00068210122425201467031C166304604F0C7
:10D0B000D7FCFF282BD06168096A8B681949C97AA7
:10D0C00049084A1C042104F0DDFC396870228854A8
:10D0D00017E0842616E0806907E03868682100229E
:10D0E0004252683028600DE0006A0178890701D556
:10D0F000022100E00421415A80683A686823D15235
:10D10000D0660026304605B0F0BD0226FAE7386842
:10D11000702100264654F5E7CC0D002002290000BE
:10D12000292B0000DC0C0020FFFF0000F0B585B0CB
:10D1300003920C4601210902411804910290E0304B
:10D140000190200423D004980088102807D11022D1
:10D1500002980199F6F736FF002004990880102103
:10D160000D1AA9B2A2B2914200D32546AFB20299DC
:10D170000818E030039E31463A46F6F7F5FE04996A
:10D18000088828180880641BF6190396D9E705B0AB
:10D19000F0BD000080B504F089FC074909686022F1
:10D1A0008A5A401C80B2904203D2496EC0000818CF
:10D1B00080BD002080BDC046CC0D0020F0B5002A07
:10D1C0000BD00024E543002B264600D056190F5DF6
:10D1D00087556D1E641CA242F5D1F0BD80B504F0E8
:10D1E00079FC80BD10B5044604F092FC002801D003
:10D1F0000C2010BD0248006840214454002010BD9E
:10D20000E00D0020034800685F21415C01200840D8
:10D210007047C046C80D002010B5044604F078FCE5
:10D220006178012903D1002805D1024604E00028D5
:10D230000FD00C2216E00C220B4909684023CB5C6E
:10D24000032B01D16E22D243032B0BD0002802D036
:10D2500008E0054801683031102208462146F6F7FB
:10D2600083FE0022D0B210BDE00D002010B50C46A8
:10D27000FFF780F900280ED0C17C02290DD1C461CE
:10D28000C17B10220A43C2730E20FBF7F5FAF4F7B4
:10D290001FF8002010BD022010BD0C2010BD10B5DD
:10D2A0000C46FFF767F9002807D0817AC12906D11B
:10D2B000002C06D0BA21817208E0022010BD0C209B
:10D2C00010BD0C2100220123FDF7B6FB0E20FBF759
:10D2D000D3FAF3F7FDFF002010BD0000FEB50446B1
:10D2E00004F03CFC0C25002825D01226002C23D06D
:10D2F000207D401E01281FD8207C80281ED01028A9
:10D300001AD1A089012188430321C902884215D17D
:10D310000120FFF7C1FD002810D00178002907D1B6
:10D3200041680A7C102A03D18989A2898A4202D0E5
:10D33000FFF730FFEFE72E463046FEBD002004F039
:10D340001DFC002806D04168C98A002904D0408805
:10D35000401804E0012002E004F026FC401C82B2E8
:10D36000002630463146234604F02EFC002820D00B
:10D37000F743E18A491E0291009001947F1C217EAF
:10D380008F4218D2E18A002904D0029A11043AD0BF
:10D39000521E0292351D401C019CE1698B5982B2DC
:10D3A0000120002104F010FC00282E46E6D187263B
:10D3B0002EE08726C0E7184800685C21425C022303
:10D3C000134343540A20FBF757FAF3F781FF606ACF
:10D3D00000260028B0D02020205C0028ACD02146B8
:10D3E0002031029100252F460195854200990CD2EB
:10D3F000606AC01900F01CF8002808D12437029890
:10D4000000786D1CF1E7122602E0019E94E70646C3
:10D41000009804F019FC8FE7CC0D002080B503467E
:10D4200001200249002204F0E8FA80BDFFFF00005D
:10D43000FEB50E46044604F091FB002866D0122586
:10D44000002C64D0207D802813D010285FD1208A42
:10D450003C4988420DD1206A002858D082883A4938
:10D46000C97A4908491C8A4251D380680021F6F7DD
:10D470007FFDA0782421084203D06078C01F0928CE
:10D4800045D8304604F0C2FA002840D0064600785D
:10D4900000283CD1207E811C304604F0FFFB05466D
:10D4A000002834D1304604F0C3FA054604F0AEFA41
:10D4B0000146681C86B2022738463246234604F0ED
:10D4C00083FBB04225D1304604F0A0FA0146A81CE7
:10D4D00082B20320234604F077FB002829D001976D
:10D4E0000296E069002816D0207E002813D000267E
:10D4F000374687420FD2E0698019029904F0E8FBB1
:10D50000002818D11C36207E7F1CF2E70C25284607
:10D51000FEBD8725FBE70D4800685C21425C019B4E
:10D520001A4342540A20FBF7A7F9F3F7D1FE00256E
:10D53000EDE7872501E00546029E304604F050FCE9
:10D54000E5E7C046292B0000DC0C0020CC0D0020B4
:10D5500080B5034601200249022204F04EFA80BD44
:10D56000FFFF00001CB5059C0194049C009404F08E
:10D5700061FC1CBDF0B587B001890491C18805919B
:10D580008488468807880020069006A9384604F05B
:10D59000A5FC054600285AD1039602940698807887
:10D5A000C00751D1002410222046394602F0F0F97C
:10D5B00000284BD007462A48039A911F89B21225AA
:10D5C00081423DD2029E062E3AD3801D864237D23A
:10D5D000B24235D8059A91087C2931D8511C714343
:10D5E000049B9A0091422BD80A2B29D3834227D23D
:10D5F000019478681221017278680699097941725C
:10D6000006210825174C38462A46A04738462946A1
:10D61000039AA0470A21384632462546A0470C24E3
:10D6200038462146059AA8470E213846049AA8474D
:10D630007C800520394604F067FC00280AD081254B
:10D640003846FEF7B9FF02E00C2500E088252846A1
:10D6500007B0F0BD0699122004F092FC019DF6E798
:10D660007B0C00009144051072B601684A420A40E2
:10D670005140016003485043C00E03A1085C62B6EC
:10D680007047C046DF3A650400010206030B07102D
:10D69000040E0C150817111A1F050A0F0D14161980
:10D6A0001E0913181D121C1B704700007047000054
:10D6B0001CB50C4C20684078000711D46846F6F77A
:10D6C000B7FC2168009A4A6088604B7808241C43A4
:10D6D0004C70101A400B42424241980810400870AA
:10D6E0001CBDC046D80D002010B50446C07D800783
:10D6F00017D4FFF7DDFFE07D02210143E175E0690A
:10D70000216A0818074909684A68D1434118831AF1
:10D710000020832B024600D31A46002900D410466D
:10D72000206210BDD80D0020F8B50D460446C07D1E
:10D73000C0070DD01C4800684178FE26314041707A
:10D74000FAF7D2FDA07DFAF7EBFDE07D3040E07501
:10D75000F6F758FC144F39684860227D110701D450
:10D76000281A05E0C143491911D4281A66280ED396
:10D770008626002815D49007C10F5007C20F2846EF
:10D78000F6F74CFC002804D0207D000709D5F6F7F9
:10D7900053FCFAF7BBFD3868417810220A43427007
:10D7A00000263046F8BDC046D80D0020826AC36A04
:10D7B000002A02D0D362C36A00E04B601A6070474F
:10D7C00080B54168002909D0C17DFB220A40C2759D
:10D7D00004490968283104F0DBFB80BD00F004F83F
:10D7E00080BDC046D80D002080B5016909690029B7
:10D7F00009D005490968203104F0CAFB1520FBF760
:10D800003BF8F3F765FD80BDD80D0020FEB5009014
:10D8100001A8029000200190334F38688569002DDF
:10D820003BD0E868AC6A296A814205D3E9693A6865
:10D830005268D243891830D539682A7DD2071AD068
:10D840004A681018C043AA691018AA68801812D430
:10D850000121284604F0ACFB0646396818312846F9
:10D86000FFF7A4FF022E0AD0012E10D12846FFF7A1
:10D87000BBFF2546D3E718312846FFF797FF284618
:10D8800004F0BFFB2846FFF79BFF2546C7E701A929
:10D89000284604F07DFB2546C1E7009800281AD0F1
:10D8A00001A904F075FB16E0E07D02210143E1755A
:10D8B000A069E169A2681018401A206201A92046F7
:10D8C000FFF774FFE07DF7210140E17539681831F9
:10D8D000204604F09FFB019C002CE5D1386880694C
:10D8E000012104F0C3FBFEBDD80D0020F8B5009166
:10D8F00004460027344B3D467F1C18680646183600
:10D900003668002E50D0F168326A8A4201D2283639
:10D91000F6E7009886420ED0F07D01210143F175B3
:10D92000F6F770FB284909684860002C03D0F169BC
:10D93000081AE92841D830694168002903D0706A83
:10D940008847002817D0F1693046FFF7EDFE1E49E1
:10D950000968002832D018313046FFF727FFF07DE4
:10D9600040070ED47078717D491CCAB2824200D83B
:10D970000846707505E01448016818313046FFF715
:10D9800015FF3046FFF71CFF002C01D100F01EF8F8
:10D99000092D0D4BAFD304F05FFCA120062100221E
:10D9A000134601F023FAF8BD002C04D100201C46D8
:10D9B00004F054FC206800214161F8BD4E613046FE
:10D9C00004F04CFCF8BDC046D80D002070B5104DD9
:10D9D0002868283000260068002816D0761E2830D7
:10D9E000F9E729688C6A28312046FFF7DFFE00211D
:10D9F000204604F0DDFA012803D12046FFF7F4FEAB
:10DA000002E0204604F060FC761C002EE9D170BDD7
:10DA1000D80D002070470000F8B50446194800688A
:10DA2000476D002C0DD0387C002823D00020014603
:10DA300004F066FC0546002822D104F0BBFC064633
:10DA400000E00C26204604F0D3FC0546002817D140
:10DA50000025204629462A4604F0DCFC002C0BD089
:10DA600001207874002E0BD100252846294604F0A9
:10DA700031FD05E0D32503E000257D7404F052FD5F
:10DA80002846F8BDC80D0020F0B58BB015460F46EE
:10DA90000146FA061220002A3FD51C4601239A03AC
:10DAA00095423AD8944238D80A931398099012981C
:10DAB0000890119806901098079019480068466DD4
:10DAC000002004907070317004F04AFD05903846D3
:10DAD00004F05AFD02467078202101437170042A37
:10DAE00008D81721D140C90704D051B20DA3595C01
:10DAF000084370700698009008980190079802906B
:10DB000009980390A8B2A1B2059B04F056FD002825
:10DB10000A9902D10498B07431740BB0F0BDC046BC
:10DB2000C80D00202870287030000000B0B50C46E9
:10DB30000546C0B204F0A2FD002800D0B0BD0349E4
:10DB40000968496D8D814C60B0BDC046C80D00208C
:10DB5000F0B5002807D0002905D05B079C0F002AEC
:10DB600004D1012C02D061204001F0BD436A102B8A
:10DB700003D0182B01D0202B05D1012C05D005692D
:10DB80006D1E102D01D31A48F0BD102B02D018487D
:10DB9000801EF0BDC2600379F9252B400371012C72
:10DBA00020D000231C469D002D185B1C6C61042BAB
:10DBB000F9DB002313E0DC17A40FE418A408A40089
:10DBC00025182E461436B4461C1BD65CE4001827D4
:10DBD0006D693C1BA640354366465B1C3560046995
:10DBE0009C42E8DC0279D20700D181600020F0BDC0
:10DBF0001F0C0000F8B58CB00D0000240023D15C90
:10DC000008AE5F42F619F1735B1C0F2BF7DD0023A2
:10DC100059428900411804AA9E009219CE681670D4
:10DC2000CE68360A5670CE68360C9670C968090EF2
:10DC3000D1705B1C032BEBDD6A4608A904A8FBF737
:10DC400093F96846A1004018C17809068278120449
:10DC50000A434178090211430078084329000C3136
:10DC6000624292008850641C032CEADD0DB0F0BDC6
:10DC70000148416801607047D80C002003480068E3
:10DC800000218160C160016101607047E40D0020E6
:10DC9000F8B501201C21294A9047294F3860294DA9
:10DCA000A88D401E03263043401C8008C01C04245D
:10DCB0002146224A904739684860E88D401E30432B
:10DCC000401C8008C01C21461C4DA8472A463968C4
:10DCD00088601C4D288E401E3043401C8008C01CAC
:10DCE000214690473968C86004F0F0FC3868426803
:10DCF00000211180518083681980D180AF8D7F1EF3
:10DD000037437F1CBF0897805980D980EF8D7F1ED5
:10DD100037437F1CBF089F80C76839800261436119
:10DD2000F9802A8E521E3243521C9208BA807980A2
:10DD300087612246F6F71CF9F8BDC04661AA0410B7
:10DD4000C40D0020DC0C002070470000FEB51F460B
:10DD5000019202910546012478212046FCF780FEBD
:10DD6000E12189005A228152244E3060012D17D1C1
:10DD700001200621FCF774FE014630688163012F03
:10DD80000ED101250E2728463946FCF769FE316879
:10DD9000C86428463946FCF763FE014630680165D1
:10DDA000029901290BD10198012805D11C200121DC
:10DDB000FCF756FE3168C8621148847E01E00021FC
:10DDC000C16214212046FCF74BFE316848650D4CBA
:10DDD000042101222046FCF725FB31680862032557
:10DDE000022220462946FCF71DFB31684862064A9C
:10DDF000072308462946FCF741FEFEBDC80D00205A
:10DE0000DC0C0020D80C002049A3051080B50120AF
:10DE100004F066FC01BD000010B5C20018231340D9
:10DE2000FF249C40E2438907090E9940030004D473
:10DE300019489B089B00C01806E0184B0007000F0C
:10DE4000083880088000181803681A4011430160E0
:10DE500010BD80B5FFF7E0FF01BD0000010005D453
:10DE60000121C006C00E81400D480160704710B509
:10DE7000401E80214904884201D3012010BD094C75
:10DE8000606003210020C043FFF7C6FF0020A060B0
:10DE90000721216010BD000000E400E01CED00E05F
:10DEA00000E100E010E000E010B502000020CB43EC
:10DEB000284C002A02D0012A07D00DE02268114325
:10DEC000216061680B40636010BDA2681143A160CE
:10DED000E1680B40E36010BD012010BD020000208E
:10DEE000CB431C49002A02D0012A01D001E029E0DD
:10DEF0002CE00120704710B502000020CB43154CE8
:10DF0000002A02D0012A07D00DE062681143616047
:10DF100021680B40236010BDE2681143E160A168F5
:10DF20000B40A36010BD012010BD02000020CB43B8
:10DF30000949002A02D0012A01D001E002E005E0EF
:10DF4000012070470A6813400B6070478A681340CD
:10DF50008B6070472000504824005048FCB50A00F0
:10DF6000002303210091010014E0019C34400004CF
:10DF70000DE0019F374006043E43AE605668F6034D
:10DF800007D5EE689027FF05B942EED13440204313
:10DF9000E8605B1C1068D84000D186E0C007F8D567
:10DFA0005C000098A040C54301955068009D054065
:10DFB000012D03D0009D0540022D11D18868019DDF
:10DFC0000540D068A040284388604D6801200126A4
:10DFD0009E40B54356683609304098402843486013
:10DFE0005068009D0540032D1CD0C868019D054068
:10DFF0009068A0402843C8605068009D0540022DED
:10E0000010D1D80880000D18286A9F001C263E40B9
:10E010000F27B740B8431769BC4637006646BE4075
:10E0200006432E620868019D05405068009E064028
:10E03000A6402E430E605568C02080022840A8D01C
:10E04000012098400404E6430196C4436D030ED5B5
:10E05000244D2D689026F605B14202D12540054396
:10E0600003E0019E2E40050435431E4E35601D4DD4
:10E070005668F6020CD56E689027FF05B94202D1AA
:10E080002640064303E0019F374006043E436E608E
:10E090005668760200D471E7AE689027FF05B94252
:10E0A00000D066E72640064367E7F3BD00690840F5
:10E0B00000D00120C0B27047E0B50A040B000A4D41
:10E0C0009026F605B0422F6801D11F4000E01740AE
:10E0D000002F06D0B04201D12B6000E02A60F7F794
:10E0E000C5FDE0BD0C0000401C00004080B50A6882
:10E0F00042604A68826008228A5EC2600A228A5EA2
:10E1000002610C224261895E816180210902C16144
:10E1100000210162416200F08BF802BD38B50400B5
:10E1200084342178012901D1022032BD01212170DE
:10E130002421616001680A680B680125AB430B600C
:10E140006907416611430268116000F043F820201E
:10E1500060600020207032BD70B504002500843559
:10E160002878012801D1022070BD012028702420C8
:10E17000686020680668026801239A43026020688C
:10E180008268D200D208114317E070B50400250060
:10E1900084352878012801D1022070BD0120287023
:10E1A0002420686020680668026801239A430260A0
:10E1B00020688268064B134019438160200000F0FC
:10E1C00009F820680660202068600020287070BD73
:10E1D000FFFFFFF1F8B50400606E002802D10120B6
:10E1E000012517E0206881680901490F00918068C6
:10E1F000410F00BF0CA600BF09A7785CC000715C8E
:10E20000F9F706FD05000098385CC0000099715CC4
:10E21000F9F7FEFC210068314D800880F1BD000057
:10E2200001010103070100000804020408010101C3
:10E2300038B5040001D1012032BD2500843568685D
:10E24000002803D128702000FBF715FB242068600C
:10E2500020680168012291430160A06A002802D071
:10E26000200000F01DF9200000F08AF8012811D0EC
:10E2700020684168084A0A404260206881682A2272
:10E28000914381602068016801220A4302602000F6
:10E2900000F06AF932BD0000FFB7FFFFF1B584B0AE
:10E2A0001F0006465436706B202866D10C0050D0F3
:10E2B00068460280002A4CD0049880688021490179
:10E2C000884205D104980069002801D1E00740D4B4
:10E2D0000025F56321207063FBF72AFB01006846E7
:10E2E000008830806846008870803A000498806812
:10E2F00080235B01984209D104980069002805D168
:10E300002500049F01920291040004E02000F8E738
:10E310007088401E7080708800281CD00198009082
:10E32000029B00228021380000F08EF9002820D1C5
:10E330003868002C05D12988C905C90D8162AD1C3A
:10E3400002E021788162641C706B21210140212947
:10E35000DED0012012E03800029B019900910022DA
:10E36000402100F071F9002803D1202070630020C3
:10E3700004E020207063032000E0022005B0F0BD1F
:10E38000F8B5050000242F683868A3490140A86843
:10E3900008432969014368690843E9690143396011
:10E3A00078689E490140E86808437860A969354863
:10E3B000874202D00A00296A1143BA68984B134079
:10E3C0001943B960F96A0F2291436A6A0A43FA62F3
:10E3D0002DA6874222D11020F7F787FE002846D0CD
:10E3E000696A4900715AF9F727FC6A68510089186F
:10E3F00088423BD31103814238D3070E06025008EE
:10E400000021801979410023F9F753FC854941180F
:10E41000854A91422AD22968C86028E08348696AFF
:10E420004900715AF9F708FC696800914908804E63
:10E43000EA6980231B029A420DD1400040180099DE
:10E44000F9F7FAFB01001039B1420FD2064000077C
:10E45000400F304308E040180099F9F7EDFB010048
:10E460001039B14202D280B2F86000E001242800E5
:10E4700068300121418001800021C16001612000DC
:10E48000F2BD00000050004101000200040006003F
:10E4900008000A000C00100020004000800000016D
:10E4A0002821415C090706D501684A68614B134081
:10E4B000826B1A434A602821415CC90706D501686E
:10E4C0004A685D4B1340C26A1A434A602821415C86
:10E4D000890706D501684A68584B1340026B1A43F6
:10E4E0004A602821415C490706D501684A68544BB7
:10E4F0001340426B1A434A602821415CC90606D585
:10E5000001688A684F4B1340C26B1A438A60282106
:10E51000415C890606D501688A68744B1340026C19
:10E520001A438A602821415C490611D501684A686E
:10E530006F4B1340426C1A434A60426C80235B036A
:10E540009A4205D14A686B4B1340826C1A434A6069
:10E550002821415C090606D501684A68664B1340CC
:10E56000C06C184348607047FEB50600370084371A
:10E570000024FC60FBF7DCF901902025306800687E
:10E58000000717D55D480090019B00222904300048
:10E5900000F05AF800280DD0EFF31080012181F32C
:10E5A000108831680A6880239A430A6080F31088D3
:10E5B0007D6026E030680068400725D54F48009010
:10E5C000019B00226904300000F03EF800281BD0B7
:10E5D000EFF31080012181F3108831680A68484BFD
:10E5E00013400B6080F31088EFF31080012181F35A
:10E5F000108831688A6801239A438A6080F3108802
:10E60000BD603C700320FEBD7D60BD60F466346774
:10E610003C700020FEBD0000F369FFCFFFCFFFFF7D
:10E62000FFF4FF1100FDFFFF00FD0F000024F400C8
:10E63000F0FF0000FF7FFFFFFFFFFDFFFFFFFEFF7A
:10E64000FFFFFBFFFFEFFFFFFEB580273F01082420
:10E650000025060001916846027002933068C06987
:10E66000019901400198814201D1012000E0002080
:10E6700069460978884236D108980021C943884202
:10E68000ECD0FBF755F90299401A0899814201D361
:10E69000002901D10320FEBD306800684007DDD5A8
:10E6A00001988028DAD04028D8D03068C06920404E
:10E6B000306803D1C0693840D0D009E0046230002E
:10E6C00000F020F830008430C46005700120FEBDE9
:10E6D00030680762300000F015F8300084302021E7
:10E6E000C1600570D6E70020FEBD0000FFDFFFFF20
:10E6F000FFFFEFFFFFFF9FFFFFFFF7FFFFFFFF01A0
:10E70000DFFEFFFF10B5EFF31081012282F31088C6
:10E7100002681368134C1C40146081F31088EFF3F7
:10E720001081012282F31088026893680E4C1C400D
:10E73000946081F31088C16E01290BD1EFF3108131
:10E74000012282F31088026813681024A343136027
:10E7500081F3108820218C2281500021C1664167FD
:10E7600010BD0000DFFEFFFFFEFFFFEF0348006863
:10E77000016800690843411E88417047E40D00208C
:10E78000EFF31482EFF30981002080F31488BFF3C4
:10E790006F8FF0B543464C4655465E466746F8B423
:10E7A0000F4CEFF30883636006B4BFF34F8F30BFA5
:10E7B00000BF00BF0A4C646884F3088882B003BCC1
:10E7C000F8BC9846A146AA46B346BC46F0BC04BC79
:10E7D00080F3098881F31488BFF36F8F104700001E
:10E7E0000400002002480068902140587047C0464D
:10E7F000D40D0020024800689021405840687047BE
:10E80000D40D00201CB503F075FF084988420BD0D9
:10E8100047218C004443FFF7E5FF0068001901A978
:10E8200003F084FF01981CBD00201CBDFFFF000009
:10E83000E0B5034626200090022100200246F5F7AD
:10E84000A8F8002800D081208CBDE0B50146002347
:10E85000009302202622F5F781F8002800D08120BD
:10E860008CBD80B503F070FF80BD10B51378837147
:10E8700053788C1E0472C3710930911CE2B2F5F713
:10E8800073FB10BDBCB50C46002813D0258820466C
:10E89000FEF719FA01462846FEF71AFA002809D0B1
:10E8A0006088002806D0A1891F2908D801A8018006
:10E8B00060680AE02046FDF77FFE0020BCBD60686E
:10E8C00001AD2A4603F058FF298840180079C10796
:10E8D00004D11B2808D01D2806D009E01E2803D328
:10E8E00002210843232803D1204603F055FFBCBD75
:10E8F000204604F035F8BCBD80B54168007800F0D2
:10E9000002F8002080BD80B50846FDF755FE80BDA9
:10E91000B0B50C4605460888FDF72CFE002825D02A
:10E92000002D0FD0012D21D1608841281ED812481A
:10E930000068214602F0E4FF0F20F9F79DFFF2F78F
:10E94000C7FC16E06168097A0B2909D1017E032210
:10E950000A40012A0AD1FC221140891C017605E0F7
:10E960008A1FD2B2042A01D804F062F82046FDF7CB
:10E9700023FE0020B0BDC046E00D0020F0B587B0FA
:10E980000E4604460F88384600F0F8FA05468548DA
:10E99000C07A854205D214216943834A1268D26A3B
:10E9A0005318049671680E7A0022012C1DD0002C99
:10E9B00054D11446854213D2192E0DD80120B040EF
:10E9C0007E49084208D07848006801221E467C4BE8
:10E9D0002946FCF71CFC33469878FD2101409970CC
:10E9E0000498FDF7E9FD20465BE00392854254D28E
:10E9F0000193487A02900621049C2046009100F081
:10EA0000E4F9001D61888842029C35D1132E27D875
:10EA100001221046B0406549084221D06148C07AC1
:10EA2000A8423AD9144604984068427A037A012BE6
:10EA300039D014205C490968C96A132B51D0122BB4
:10EA40002BD103466B43CB189E78F70776D15A71CA
:10EA500004980088002311461A4613E0104620E06F
:10EA6000304604F00EF8002806D005A80571049978
:10EA7000059104F008F807E0019844710022384637
:10EA80002146134604F001F8122804D801218140E0
:10EA9000494A114201D1862803D10498FDF78CFD23
:10EAA000039807B0F0BD01272846394604F04CF81A
:10EAB0000028F2D1049804883D480068806942210A
:10EAC00054220323FDF75EFB0028E6D00546061D11
:10EAD00030462146049A04F069F8F8020A30082208
:10EAE00051E0684308188078C007D6D11321284622
:10EAF00004F02AF80028D0D10821049800F065F924
:10EB000006462C4800684821405C8007C5D504981B
:10EB1000078827480068806942214E220323FDF7B9
:10EB200031FB0028B9D0054606738772300A687336
:10EB3000380AE8722E1DE002009A24E07307ACD474
:10EB400068430B18122011461A4604F053F819486E
:10EB500000684821405CC0079FD00498078814488B
:10EB60000068806942214F220523FDF70BFB002836
:10EB700093D00546061D30463946049A04F042F803
:10EB8000E002801C0F22FF21717082213170010A86
:10EB9000697228720020E871AA7142202946FDF7A7
:10EBA0004DFB7AE7DC0C0020D00D002002000C00A9
:10EBB000C40D0020D40D0020050004004000940284
:10EBC00030750000B0B50446C00616D40D460D4899
:10EBD00000686107C90E40180069022221461346E9
:10EBE000FDF7D0FA00280AD00146074848600D8199
:10EBF0002046FDF723FB0020B0BD8620B0BD0720D6
:10EC0000B0BDC046C40D0020BFCA0510F0B58DB020
:10EC1000914200D383E01346064600290CD00C46EF
:10EC20003546002D0BD0A0B2202809D32D68203CFA
:10EC30002004F6D1002403E00024354600E000253E
:10EC40001F463246002A08D0B8B2202806D31268E0
:10EC5000203F3804F6D1002700E0002220040AD02B
:10EC60000291291D0492A2B205A80393F5F77CF93D
:10EC70000299039B049A002E019506D00020366865
:10EC8000401C002EFBD1400100E00020002A3DD0B6
:10EC9000C91A0D18280439D004922021C81B82B249
:10ECA000ABB29A4200D32846029582B20D1BA9B29C
:10ECB000914200D30546AAB2A0B205A90818B9B27C
:10ECC000049E7118091DF5F74FF92C19EF190397D8
:10ECD000B8B2202803D132680020039000E0324609
:10ECE000A0B220280AD1019C201D05A9049220224F
:10ECF000F5F73AF9049A246801940024039F002A46
:10ED000007D00298451B2804C6D102E0A0B22028F3
:10ED100005D00198001DA2B205A9F5F725F90DB09F
:10ED2000F0BD002806D000210068491C0028FBD156
:10ED3000480100E0002080B2704780B50A46037A9F
:10ED4000190601D5012100E003215B0600D5002151
:10ED5000406803F08FFF80BD70B50B49C97A14225B
:10ED60004A43143209490B6800210D460C461434FD
:10ED7000A24206D0DE6A755B85422546F7D131197D
:10ED80001439084670BDC046DC0C0020D00D0020B0
:10ED900010B514460A4640681946234603F0A6FFFC
:10EDA00010BD011F00220A604068704702460068DB
:10EDB0000028FBD11160704710B514460A46406820
:10EDC0001946234603F0CBFF10BDE0B5022201AB8C
:10EDD000FFF7DEFF002801D0002004E001A8017841
:10EDE00040780002401880B28CBD0000F8B504469F
:10EDF000C0062DD415460F460093184800686107D9
:10EE0000C90E40180069511E03220A4309329108B5
:10EE10008BB242222146FDF7B5F900281AD00646EA
:10EE2000C57287720C3000992A46F5F79DF80027C5
:10EE3000777206203072281D010AF171B071FF202F
:10EE400070718220307120463146FDF7F7F902E0FB
:10EE5000862700E007273846F8BDC046C40D0020CD
:10EE6000B0B51446049AC2704170150A05710F2599
:10EE70002D020D40A107890C49199B03C918090AE5
:10EE80008170431D05980021FFF782FFB0BD80B55A
:10EE9000FDF770FB002806D06421425C80231343F9
:10EEA0004354002080BD812080BD000010B5044681
:10EEB0000846114603F08EFF80000019C1B20248D7
:10EEC000006800F073F810BDCC0D002070B50C4642
:10EED000054603F093FF074E32684032284621462C
:10EEE00004F080F8326838322846214604F07AF877
:10EEF00070BDC046CC0D002080B504F08DF880BDFB
:10EF0000F8B50A4D05400A4E30680768002F0CD04E
:10EF10003C46FF692088A842F8D13068214604F0B9
:10EF2000B5F82046FDF748FBF0E7F8BDFF0F0000FD
:10EF3000E00D0020BCB56422825CD207827A04D145
:10EF40006032D2B2512A04D30FE05032D2B2402AFA
:10EF50000BD8094A1268B123D35C002B05D0B1321B
:10EF6000047D0125A540AB4313706A4611710090E2
:10EF70001046F3F758F8BCBDE00D0020B0B50949C4
:10EF8000CA7A09490B68002421468A4206D0DD6A04
:10EF90002D5B854203D01434491CF6E71146C8B2F4
:10EFA000B0BDC046DC0C0020D00D0020F8B50546F1
:10EFB0001220002D1BD00C466A788A4217D92B6A82
:10EFC000195DA14201D10020F8BD17463E46DF5D24
:10EFD000974201D0A742F9D10020974205D0995518
:10EFE000964202D1284604F067F8296A0C55F8BD0C
:10EFF00070470000B0B50C46054909680D6803214B
:10F00000224604F06DF82889001B2881B0BDC04657
:10F01000DC0D002001466420085CC007887A02D11C
:10F020009F2802D816E0B02814D3F1280AD2CA7C4F
:10F030000020012A05D0022A02D1C97D090700D586
:10F0400001207047F12805D1C97A06200840411EE9
:10F050008841704700207047F8B50446C00608D4C0
:10F060000D46194800684721405C800703D40026FC
:10F0700028E0862626E01F461646144800686107E9
:10F08000C90E40180069472203232146FDF77AF88C
:10F09000002816D0014685720420487201200872AB
:10F0A00032460026CE71062088714F730A73FF2006
:10F0B000487182200871280AC8722046FDF7BEF800
:10F0C00000E007263046F8BDD40D0020C40D002016
:10F0D000BCB50C4601461C48006805682889EA68EA
:10F0E0005288131AA34226DAA11A081801A9088027
:10F0F000164800688069422103230A46FDF742F85A
:10F10000002817D004460222C2720920A0722046AD
:10F110000C3001A9F4F728FF00206072062121724B
:10F12000E071A171FF206071822020714220214690
:10F13000FDF784F8BCBD0320224603F0D1FF2889E7
:10F1400000192881BCBDC046DC0D0020C40D002084
:10F15000B0B50D4604460F4800685C21405C80064F
:10F16000800F05D001202870204603F0CBFF0EE071
:10F1700003F0F6F9002805D001202870204603F09E
:10F18000CBFF04E000202870204603F0CFFF0020D2
:10F19000B0BDC046C80D0020F0B587B000AC0DC4AE
:10F1A0003A4A12683423D05C742747430025EC4365
:10F1B000374B1E68A4360C9A06920E9A03920D9A4B
:10F1C00005920494AF425FD033685A19128974359E
:10F1D000641C002AF6D1844256D25F1938466C3836
:10F1E000009A0280384674380522027038460F387B
:10F1F000019A0270012529403846103801900170AB
:10F2000038460E380622234B029916469847FE20B0
:10F21000069908402940022800D00D4606913C4638
:10F22000733C257002280598039900D001463D469D
:10F23000723D28463246174B98473846173806998C
:10F2400001703846163805993246124B98473846B1
:10F250005C3800210822F4F78BFE381F6A3F10212A
:10F260003970049901602078294603F069FF00286D
:10F2700005D001980078C00701D0FB2038700E201F
:10F28000F9F7FAFAF2F724F807B0F0BDC00D002044
:10F29000E00D0020693F041080B503F071FF80BDD0
:10F2A00080B504F00DF880BD80B5002004F00AF8A8
:10F2B00003F038F980BD704700210A46062905D0C1
:10F2C000435C002B00D00122491CF7E7D0B2704705
:10F2D000F0B591B001920091054608A9032008807D
:10F2E00007AA0024148014480068183003AF3B4676
:10F2F00000F042F80DAE102230462146F4F738FEF9
:10F30000082230460099F4F72FFE09AC3846314602
:10F31000224604F03FF802AE022230462146F4F7BE
:10F3200023FE287802994140019A1170707869781B
:10F330004140517011B0F0BDC00D0020B0B594B087
:10F3400014466A4604F048F80546002803D168468A
:10F35000214601F073FD284614B0B0BD10B5044637
:10F3600004F05CF8FF2805D081200022214604F03B
:10F3700071F810BD022010BDBFB50D786C46257028
:10F38000497861701178A1705178E1700021039182
:10F390000291019121461A4603F0FCFFBFBDB0B5B2
:10F3A0000C46054604F03AF8FF2805D0002029460F
:10F3B000224604F04FF8B0BD0220B0BD10B50029C0
:10F3C00013D000220C462346521C2468002CFAD18C
:10F3D00072B644681C60416001888918018062B679
:10F3E000002004F063F8F1F773FF10BD10B588B08A
:10F3F00068462021F2F768FB00246846202C04D0E0
:10F400000019F4F7EBFD241DF7E70549F4F7CAFDF1
:10F41000801C01D0002000E03A2008B010BDC0469A
:10F420008DA40510B0B51C461546002907D10189E9
:10F430000020062200F0ACFA0146002809D0022084
:10F4400048804868057248684472062002F05CFDF6
:10F45000B0BD8820B0BD0000F8B516460C46054684
:10F460000089FDF7E5F8024601200027164B3946D2
:10F47000FDF7FEF82889FFF743FD002E03D0022197
:10F480002846FFF757FD2846183008223946F4F77A
:10F490006FFD6420295CEF220A402A54E87B2F216B
:10F4A0000140E973102C06D0002E04D06878A91C06
:10F4B00004F00EF8FB27AF7229890220024623468A
:10F4C000FFF7CAFDF8BDC04630750000F0B58BB03F
:10F4D000059317460D4609A9F9F747F8119C1098AE
:10F4E0000690002818D00495129E00250698A84280
:10F4F00010D00498039009A8029008A8019007A8CA
:10F500000090EBB220463946059A04F04DF870554C
:10F510006D1CEBE730780AE0039509A80290002201
:10F520000192009220463946134604F03DF80BB094
:10F53000F0BD000006494143090C2422D2434A434E
:10F54000101881B2242900D92538C0B27047C046AE
:10F55000EB060000FF220E324243100A89084143A5
:10F56000880C401C70470000F8B51E4615460F4633
:10F57000044600F033F800281AD0EFF3108272B678
:10F58000154801684869A04217D00092A660A7619B
:10F59000E56118312046FEF709F9204602F094FE95
:10F5A000FEF714FA04F060F8009880F3108802E087
:10F5B000A761E561A6600020F8BDE0694968081A06
:10F5C000823003D482F310888620F8BD009204F0C4
:10F5D00059F801480168D9E7D80D002010B5EFF3BC
:10F5E000108472B604F062F884F3108810BD88218C
:10F5F0004058018803200840704780B58822805811
:10F60000028803239A430280194002880A43028039
:10F610001620F9F731F9F1F75BFE80BD10B504460D
:10F6200004F05EF8002804D02046FFF7E0FF03282E
:10F6300001D1002010BD012010BD4B424B410C21D7
:10F64000594340184179CB070020002B0BD0022AE8
:10F6500005D0012A05D0002A05D1880702E0080755
:10F6600000E04807C00F70478900401884214058C7
:10F67000801C7047B0B5034600202C2B00D9B6E0A3
:10F6800003245C435A4D2C1964788C4200D0AEE0C0
:10F69000D41E604260412C2B00D9A7E0990001A242
:10F6A00051588F46EFF70410EFF7041059F7041084
:10F6B000EFF704105DF704105DF7041059F704101C
:10F6C00059F70410EFF7041059F70410EFF704107E
:10F6D00059F7041059F7041059F704105DF7041096
:10F6E000EDF70410EDF7041059F7041059F7041062
:10F6F00059F704106BF704106BF704107DF7041032
:10F7000083F704108DF70410EDF7041071F704105F
:10F7100071F7041093F7041059F7041059F7041007
:10F7200077F7041099F7041077F70410A3F7041083
:10F7300065F7041065F7041065F70410A9F70410C5
:10F74000B3F70410B9F70410CBF70410DBF704107B
:10F7500059F7041059F704100120B0BD601E844110
:10F760002046B0BDF9F75AFE3DE0F9F747FE3AE012
:10F77000F9F752FE37E000F0F7FE1FE0F9F742FE1E
:10F7800031E0601E8441F9F73DFE22E0F9F73AFED0
:10F7900014E0F9F73DFE22E0601E844100F0E4FE33
:10F7A00017E000F0E1FE1EE0601E844103F09EFFC2
:10F7B0000FE003F09BFF01E0F9F732FE0146401E27
:10F7C0008141604260410840B0BD601E8441F9F74C
:10F7D00027FE411E88412040B0BDF4F7C3FB00283E
:10F7E00004D0F9F713FE411E8841B0BD0020B0BD22
:10F7F00018D20510F8B5054687780846114600F07E
:10F8000021FA064601240D2F01D1012E0FD0112F10
:10F8100001D0072F0AD1ED78284600F0DFF88642A4
:10F8200004D1284603F064FF002800D100242046BC
:10F83000F8BD0000B0B5034600202C2B6BD8032484
:10F840005C43384D2C1964788C4264D1D11E4842F7
:10F8500048412C2B5ED89A0001A39A589746C0467F
:10F8600017F9041017F9041015F9041017F904100A
:10F8700015F9041015F9041015F9041015F9041000
:10F8800017F9041015F9041017F9041015F90410EC
:10F8900019F9041015F904101DF9041015F90410D4
:10F8A00015F9041015F9041019F9041015F90410CC
:10F8B00019F9041015F9041019F9041015F90410B8
:10F8C00015F9041015F9041019F9041015F90410AC
:10F8D00019F9041019F9041015F9041017F9041096
:10F8E00015F9041015F9041019F9041019F9041088
:10F8F00015F9041019F9041019F9041019F9041074
:10F9000019F9041019F9041019F9041019F904105F
:10F9100015F904100020B0BD0120B0BD481E814182
:10F920000846B0BD18D20510B0B50C46054603F028
:10F93000EBFE022C03D307D0032C08D013E00119EF
:10F94000097A00290FD102E0A98B4A0506D5C17AB0
:10F95000002901D0032406E0002115E001229202D3
:10F960001143A98302240949096890228958C96B67
:10F970000A68916B4023CC544B6C936300224A6419
:10F980000019027A521E02720846B0BDD40D002042
:10F99000B0B50D46012801D1044600E0032400283B
:10F9A00000D10446501E1F210143213189B2204657
:10F9B00003F0B4FE00280BD085800168816003212C
:10F9C0000C40621E51425141002C03D0C90102E09B
:10F9D0000020B0BD40210173001DB0BD2C2804D80B
:10F9E000032141430248405C704714207047C046E1
:10F9F00018D205100A68002A04D01146526C002A59
:10FA0000FBD144310022426408607047F8B50446D7
:10FA100003F0C8FE05460027022F19D057208000AA
:10FA200060430C49096890228958C96B49680818D5
:10FA30000C21794340181121090146183168002929
:10FA400004D02846324603F0BDFEF7E77F1CE3E70B
:10FA5000F8BDC046D40D002010B50446007AF72149
:10FA6000014021720A4800680069902100220123A8
:10FA7000FCF788FB002804D0014644609020FCF786
:10FA8000DDFB044800688521425C521C425410BDD5
:10FA9000C40D0020D40D0020F8B50A4601460748E1
:10FAA00000689023C058C06B006802AB019303ABA1
:10FAB00000932030012303F093FE8FBDD40D00206E
:10FAC00070B50D460446164800682C21405CC007FE
:10FAD000C10E01D1052206E0124800682F22805C89
:10FAE000C0061CD515226F20C04341400E48006857
:10FAF0000069CEB202233146FCF744FB00280ED049
:10FB00000146047285720020C871042088710522A4
:10FB10004A710871200A48723046FCF78FFB70BDAD
:10FB2000C00D0020D40D0020C40D002010B50446E7
:10FB3000EA20205C01280DD020462E3001780648AE
:10FB40000068A030FFF732FAE62000212152E634A7
:10FB50006180217110BDC046D40D0020B0B5572181
:10FB60008A00424318490B6890215B58DB6B5B6845
:10FB70009C1880220023A3502E22A0548C22A35034
:10FB8000E322A3544122FF25A554104A6250A385C5
:10FB90000121218519210904A165E16521660C492E
:10FBA0006187214690312922D2008A81094A0A4B75
:10FBB0004B608A6003F050FE204603F081FE7834EB
:10FBC0002046FAF757FFB0BDD40D00201B001B00E4
:10FBD000FFFF000048011B001B0048010020704788
:10FBE00010B5FAF7ADFF04460021FFF73DFD807820
:10FBF000FF212A31605449208000215A08220A43FB
:10FC0000225210BD84214058018801229143018075
:10FC10007047B0B50C460546002B03D0104603F0E4
:10FC200057FE05E00C206043281840798006C00F7D
:10FC3000002805D0022228462146FFF7FEFCB0BD71
:10FC40000020B0BD80B503F055FE002802D0382159
:10FC5000405C80BD142080BD10B5014612390329D7
:10FC600001D2002010BD840003F04EFD0068005951
:10FC700010BD0000F0B58BB00193154605918A7850
:10FC8000D11FCEB2012300240B2E194600D32146EA
:10FC90000894604CF4400C4002940C2427466F43B7
:10FCA0002121C9004618F7192E210390405C0990C4
:10FCB000304629460A92FFF7ACFF079030462946A6
:10FCC000089AFFF7BAFC089004973F7906952846F2
:10FCD00003F024FE02464443311908798979079BD1
:10FCE000002B08D0089B04290A9D14D1A84212D1E8
:10FCF000002B06D118E0089B002B0A9D14D0042984
:10FD000037D1029900292FD0059809991446FFF799
:10FD100071FD22462BE0099F38461146FFF792FFFE
:10FD200006460125042450E00024019803282BD026
:10FD3000012861D1099F38460699FFF783FF0646DF
:10FD400001243846214603F0ECFD002836D0FF2080
:10FD50001A30039908180778284603F0B9FD0125E1
:10FD600000282DD12C462CE0401B411E8841002844
:10FD700008D0099F38461146FFF764FF0646012563
:10FD8000052422E0002437E0099D28460699FFF764
:10FD900059FF06460298002809D005982946069A78
:10FDA000FFF728FD002827D0054603240CE00A9819
:10FDB000874224D12F460125032406E0254604E08E
:10FDC0000224B80600D42C46099F3046FFF744FFB2
:10FDD000002808D00646384604990F1D0699224689
:10FDE000059BB0473870E01EC0B240087E2802D89C
:10FDF0000398FFF707FF2C4620460BB0F0BD012EFD
:10FE0000FAD1039803F097FD0028F5D001250524C9
:10FE10002E46D9E74104000080B50C224A437D21DB
:10FE200049048150801801218171002141711620FF
:10FE3000F8F722FDF1F74CFA80BD0000F0B5C7B02D
:10FE40001E4615460F46044609A8F821F1F73CFE68
:10FE5000204603F077FD00281AD004460795054692
:10FE60002C352878032805D10320214603F090FD86
:10FE7000002834D0AC78012503222046294606927A
:10FE800003F09BFD002F05D1002803D0002647E09A
:10FE9000022645E004940596384600F096F80726B9
:10FEA00000283DD00446002003902071002F1ED072
:10FEB000182705984743083703200290394603F076
:10FEC0002DFC206000282BD009A900223B4602F01F
:10FED00046FF207905432571029A02430AE0492032
:10FEE00080002018008880061DD41A2618E0002003
:10FEF000206002223820069921540598E071039E63
:10FF000066710798002806D022711B480068417F5F
:10FF100002220A43427701210498224600F05CF84D
:10FF2000304647B0F0BD35460026002FF8D009A96D
:10FF300008AA204603F054FD002D0ED008A805881D
:10FF400028463F38C021F7F777FE628F09A9019153
:10FF500000213F2D08D8084607E0628F802000214D
:10FF600009AB03F065FDDBE7401CC3B20093022040
:10FF700003F0A0FDD4E7C046D40D0020FEB50191EA
:10FF8000044607460837F4F73DF802900D462678F8
:10FF9000207D002804D03846F4F73CF8227800E0B1
:10FFA0003246701D029CE108C1400198401A00B21F
:10FFB000401EC117083203F0C3FD02194D413846F7
:10FFC0002B46F4F723F8C0B2FEBD80B54142414153
:10FFD0000020FFF7A9FC80BD10B557239B004343C9
:10FFE0000A48006890240059C06B4068C0180C2370
:10FFF0004B43C0181121090141181046FFF7FAFCC4
:020000041005E5
:100000001620F8F739FCF1F763F910BDD40D002084
:1000100080B5FEF7E7FB4E21405C80BDFEB515487C
:10002000006890210291415854200190085ACF6BEA
:10003000124C451CA9B2090A0E2901D90E494518CE
:10004000002F0FD0002620683421415CF0B2884296
:1000500008D2FAF775FD761CA9B2408F8142F2D121
:100060002846E6E70348006802994058019945523E
:10007000A8B2FEBDD40D002002F1FFFFC00D00208C
:1000800070B50D460446401C002625223146F3F784
:100090006FFF3046252E0CD207213140F208AA5CB2
:1000A000CA40D10703D0C1B261184E70401C761C03
:1000B000F0E7207070BD00207047704770477047B0
:1000C00080B50346FC3128330A2208461946F3F767
:1000D0004BFF80BD80B5FAF733FD4121405C0349F9
:1000E00009684979F8F78DFB80BDC046D40D002022
:1000F0007047000010B5C26C0146E6318B8A53434D
:10010000028F0A325A43120B93B2084CA34200D812
:1001100023465B1DE6240353012008714A80132007
:10012000F8F7AAFBF1F7D4F810BDC046B30B0000F6
:100130000021182909D07D2252044250421801237F
:100140009371002353710C31F3E7818B01220A4331
:100150008283704710B50446FDF7AAFA024800688A
:1001600081682160007810BDD80D0020042805D0DA
:10017000012806D1FF20A430074A04E0044A0548BC
:1001800001E0064A064841438818000A7047C04605
:10019000E9260100381A000006120000C6200000FF
:1001A0004703000001480068808A7047D40D002092
:1001B0004007000F0149085A7047C04658BB051058
:1001C000B0B5042801D00C4C00E00A4C042802D041
:1001D0002920050101E0A9204501F9F70FF90128BF
:1001E00000D02C469634A0B20449F7F725FD401CF8
:1001F000B0BDC0462085FFFF9010000071020000D6
:10020000F0B58DB00446954800682C21405CC007CD
:10021000C50E6F20C6436E40F3F7A4FE90490968EF
:1002200036228B5C202213403631002866D0002B0A
:1002300000D110E1887BC00763D0002D00D11222CD
:10024000A08A0C90A77DE07D0890608A0B90208AA0
:100250000990A0890A902068059060680790A068BE
:100260000690207E0390607E0490E589A07E029037
:100270007C4800680069F1B20A23FBF783FF00287D
:1002800000D1E8E00446019707461F3745720398FE
:1002900020730498E07202982072280AA072204607
:1002A0000D30062505992A466F4B98472046133096
:1002B00006992A466C4B98476B4B20461930079994
:1002C0002A4698472120099921542520089A22542A
:1002D00020462130090A41700A99080A787039705D
:1002E0000B99080A787139710C99080A7872397279
:1002F0000198F871201D29212222A2E0002B00D1B3
:10030000A9E0887A800745D4487AC00700D1A2E0E6
:1003100008200543E07D0C90608A0B90208A0990AC
:10032000A0890A9020680890207E0690607E079041
:10033000E789A07E05904B4800680069F1B206236A
:100340002A46FBF71FFF002800D184E0044605463B
:1003500013354772069820730798E072059820724B
:10036000380AA07220460D3006220899F3F7FCFDEA
:100370000999080AA07561750A99080A68702970B8
:100380000B99080A687129710C986076201D01216B
:10039000132256E0002D01D01C2200E00D22E07D4A
:1003A0000A90678A208A0B90A0890C902068079099
:1003B00060680990A0680890207E0590607E069095
:1003C000E589A07E0490274800680069F1B20923FE
:1003D000FBF7D8FE00283ED00446039707461F3798
:1003E0004572059820730698E07204982072280AD6
:1003F000A07220460D30062507992A461A4B9847C9
:100400002046133008992A46174B9847164B20462A
:10041000193009992A46984721200B9A2254252001
:100420000A992154201D21462131120A4A700C9A42
:10043000110A79703A70039A110A79713A710A2196
:100440001F22042323713E234370E171A271F0B295
:100450002146FBF7F3FE0DB0F0BDC046C00D0020F5
:10046000D40D0020C40D0020693F041070B50D4666
:1004700004461A4800682C21405CC007C10E01D117
:1004800011220AE0164800683622825C920624D5C2
:100490003630C07A800720D51F224E20C04341400D
:1004A000104800684069CEB203233146FBF76AFE6C
:1004B000002812D001468472002008734D72087221
:1004C0001220C871062088713E20487104200871EE
:1004D000200AC8723046FBF7B1FE70BDC00D002087
:1004E000D40D0020C40D0020B0B50D4604461248BE
:1004F00000683621415C89061CD53630C07A000779
:1005000018D50E4800684069A1212C220223FBF770
:1005100039FE00280ED00146047285721420C8717D
:10052000042088713E224A710871200A4872A12075
:10053000FBF784FEB0BDC046D40D0020C40D0020E2
:10054000F8B50A460146074800689023C058C06BBA
:10055000006802AB019303AB00932030012303F04A
:1005600000FB8FBDD40D002000207047F8B51D465C
:1005700017460E460446F7F73BFF2046F7F742FFC3
:100580002046F7F757FF20462146F7F770FF204631
:10059000F7F77BFF20463946F7F771FF2046F7F75C
:1005A00088FF2046F7F776FF2046F7F738FF20460A
:1005B000F7F758FF069B002E0ED0002100919420E3
:1005C0002A46F7F736FE01462046F7F76AFF20462F
:1005D0003146F7F721FFF8BD124800688C214658D4
:1005E00000200090962001212A46F7F722FE0146BE
:1005F0002046F7F756FF2046F7F722FF2046F7F789
:100600002BFF2046F7F722FF2046F7F70DFFB11C1E
:100610002046F7F701FF2046F7F732FF2046F7F7AD
:1006200054FFF8BDD40D002010B50446002130223F
:10063000F3F79EFCFF20A07510BD0000FEB5044638
:100640004126805DF7F7E1FF0546A05DF7F7D6FF8D
:10065000009092206B1ED9B2264692367027032551
:1006600005292A46394605D859B28A0017498958BA
:10067000174B9A580191235A029674880098401E8D
:10068000C1B2052905D840B2800010490F58104961
:100690000D58934001981818000247213E46CF009C
:1006A000C0190C49F7F7C8FA0190AC40A019000234
:1006B000C0190849F7F7C0FA80B20299C988814287
:1006C00000D80846019908187B30FEBD480F041079
:1006D000300F04107102000010B58161C369002B56
:1006E00002D0DB435B1800D4C161017841750F2152
:1006F0000A400275C168832900D88321C160EFF3E5
:10070000108472B601F0E0FD0848006840784007A8
:1007100001D4FDF75BF984F31088EFF3108472B60F
:1007200002F0A2FF84F31088002010BDD80D002035
:10073000F8B50446C0062DD416460D461848006884
:100740006107C90E40180069432204232146FBF7C4
:1007500019FD002820D001460A30067105700027D7
:100760004F7210220A72CF710A228A71FF224A71D7
:1007700082220A71320EC271320C8271320A4271C7
:100780002A0EC2702A0C82702A0A42702046FBF799
:1007900055FD02E0862700E007273846F8BDC04631
:1007A000C40D0020B0B5012430212046FAF758F9D5
:1007B000074D28600748C07AC01DC008401E0321AD
:1007C0000143491C2046FAF74BF929680861B0BD7E
:1007D000D80D0020DC0C002010B501248440082135
:1007E0002046FAF73DF903490968902289584C746C
:1007F000C86010BDD40D0020F8B5002846D00E46C4
:10080000012568212846FAF72BF9214F39689024F1
:1008100009598860B540EEB208213046FAF720F950
:100820003968095989684D7248600096750011262B
:10083000212E0FD008212846FAF712F939680959F4
:1008400089688919491F086038680059806885558A
:100850000836EDE728210098FAF702F939680959B6
:10086000896808600B480225012629463246F9F7B7
:10087000D9FD3968095989688864064831462A468D
:10088000F9F7D0FD396809598968C864F8BDC046D0
:10089000D40D0020D80C0020F0B585B004920F468E
:1008A00006464D24FDF79EFF06550760039001465E
:1008B0004D31012002914870C00401900025EC27C1
:1008C000049CF0B285423CD203980068C6193046B9
:1008D000FFF7AAFE304630381B4A028030462838DF
:1008E0001A490180314632390020088031464239A8
:1008F0000A8031463839019A0A6031465C3908600D
:1009000031466039086031466C390A6031467039C9
:100910000A6031462639087031462A390870314656
:100920003E3907220A800499002902D060659C3E66
:100930003460472080003F185C34029806786D1CB4
:10094000BFE705B0F0BDC046FFFF0000FF0100009B
:10095000704770477047704710B5012810D10129C2
:100960000ED1012A0CD10024204603F03DF9443079
:100970000449897F002903D00460C030491EF9E78B
:1009800010BDC046DC0C00207047704770477047B0
:10099000704770477047704770B5134E30680569EF
:1009A000002430222146F3F7E3FA1048C07AC01D34
:1009B000C008401E032101434A1C28462146F3F784
:1009C000D7FA3068056101462831024618320346DD
:1009D00020338461C261046243628462C16204485C
:1009E00000680482047370BDD80D0020DC0C002068
:1009F000D40D0020B0B50E48006898214458462018
:100A000000252554F8F708FD01280FD103F0FCF864
:100A1000242208498A5C002A2A4600D00268E2643F
:100A20002322895C002900D045682565B0BDC046F9
:100A3000D40D0020DC0C002070477047F8B5184E2C
:100A40003068002444771E301122164F2146B847E3
:100A500030682F30FF2505222946B84730683421F9
:100A60001F22425401463431CA7220228A704C70CF
:100A7000403007222146B8473068473008222946CF
:100A8000B84730681C3001222146B8470648006844
:100A90003521445430685621445256304480F8BDC4
:100AA000D40D0020713F0410C00D002080B5044813
:100AB00000685C3000210422F3F75AFA80BDC0467A
:100AC000D40D002070470021017170477047002A43
:100AD00005D003780B70521E491C401CF7E7704785
:100AE00080B50548006890214058C06B00682030F0
:100AF000FFF7E9FF80BDC046D40D002010B51B48AC
:100B0000006890214058C06B0068FF210231818746
:100B10001749CA7A3E23C2542B22895C3F22815452
:100B200001201449144CA04703201449A047042075
:100B30001349A04707201349A04700201249A047A6
:100B400002201249A04703F067F803F06BF803F0A6
:100B50006FF803F073F803F077F803F07BF803F015
:100B600084F803F08DF803F091F810BDD40D002047
:100B7000DC0C0020698A0510AD4F05104D92051060
:100B8000DD970510558405102D8705102D8505105E
:100B9000002070470021034A8162C2621921C90105
:100BA0000186704701000100F0B59BB01446069124
:100BB00007460FAE00252E2230462946F3F7D8F916
:100BC0003046103010220699F3F7CEF92036F87C23
:100BD00003280BD0022810D1F8690FA90870020A67
:100BE0004A70020C8A70000EC87006E03E48016828
:100BF00044310FA81022F3F7B7F9387D0121059190
:100C000003F04AF80290387D294603F045F8019038
:100C10006520385CF07106960FAE304628303946B4
:100C2000663106220092314B0490984778780699F5
:100C3000087030462130B91C0390009A2B4B98471E
:100C40002948006801994118B4310BAF3846093082
:100C500007220192254B98472348006802994118C2
:100C6000B431B81C019A214B9847781C0699C91DCC
:100C7000059A1E4B98471D4B38460699059A98478A
:100C80001036102D07D0705D0BA9495D414007A8B3
:100C900041556D1CF5E70FA807A9224602F07AFB23
:100CA0000BAE0025102230462946F3F761F90627DE
:100CB000304604993A46F3F757F9B01D03993A467E
:100CC000F3F752F9102D07D0605D0BA9495D414043
:100CD00007A841556D1CF5E70FA807A9224602F0A9
:100CE00059FB1BB0F0BDC046E00D0020693F041069
:100CF00070B50D460646062001F006F904460028A8
:100D000003D02846FBF758FC08E03089FBF790FC3D
:100D100002460020024B0146FBF7AAFC204670BDAC
:100D200030750000B0B504460B480068AC2140584F
:100D30004578801CA11C0622F3F721F9014600200A
:100D4000002900D0B0BD61788D42FBD1617B0120CC
:100D500001436173B0BDC046E00D0020B0B51C4634
:100D60001546002804D0FFF7DDFF002802D113E06C
:100D7000002911D1022D05D208480068AC21405845
:100D8000083006E0022D07D104480068AC21405825
:100D9000183020600020B0BD1220B0BDE00D002052
:100DA000F0B5B9B01C460E46074601AD20202871AB
:100DB000102038900A900392002000902846F3F704
:100DC000FDF8284639463246F3F7FCF86A462846CD
:100DD0002146F3F7FBF839B0F0BDFEB514460646E0
:100DE00001250291012905D17079C02101404029D6
:100DF00000D1002502F056FF20463E3001902746E4
:100E00001E37204602F054FF002815D1002D0BD0CC
:100E100060780121014002988142F2D106220198B6
:100E20003146F3F7ACF803E03046394602F052FFA2
:100E30000028E6D10020FEBDB320FEBDF8B50C466B
:100E4000054601208873E878087408462030294652
:100E500044310226194F3246B84720462230291D18
:100E60003246B84720462430A91D0822B8472046FC
:100E70002C3029460E3110263246B84720463C30E9
:100E800029461E313246B84720464C3029462E317D
:100E90003246B847A86CE066E86C2067687816218F
:100EA0000140E172E0210140607C08436074A87851
:100EB000010702D5FE210840E075F8BD693F041026
:100EC00080B502F019FF80BDF8B500924588AC08E6
:100ED0001C80491C8AB2A6188788BE4200D9091B0B
:100EE0000A199200BE4200D96D1C032635405219E2
:100EF0001A80A3001B180833009C236092B2058857
:100F0000521B174637408488674335405219920870
:100F1000D21995B2C688B54200D9C280A5420AD876
:100F200009B2002907D59978FC220A40511C997012
:100F3000083000990860A54201D90020F8BD0120C1
:100F4000F8BD70B58678C578041D2846214602F0A4
:100F5000E7FE00281AD0142D04D8B00822682146D4
:100F6000904770BD3F2D04D80020214602F0EEFED0
:100F700070BD412D04D80020214602F0EEFE70BD68
:100F8000622D03D80020214602F0F2FE70BD000061
:100F9000E0B5034601A9012008806A4600201080C0
:100FA000024800681830FEF7E7F98CBDC00D00203C
:100FB00080B50A4A12683D23D25C0270012A05D02E
:100FC000002A08D1084602F0B1F802E0084602F013
:100FD000A3F8002080BD862080BDC046E00D002023
:100FE000E0B50B46014601AA0120108002480068C6
:100FF0000830FEF7C1F98CBDC00D002080B564211A
:10100000415CC90706D111214156002902D5817ED4
:101010008A0602D4FBF708FA80BD042211438176C8
:1010200000F085FB80BDF0B597B0044603AE00210B
:1010300050223046F2F79CFF5D20205C01210140E8
:10104000717030463E3021465E3106252A46F2F761
:101050008BFF207CF070E07D010716D41120205614
:10106000002804D503A8417880220A43427003AEC9
:10107000301D214622310222F2F776FFB01D2146B3
:1010800024310822F2F770FF03E0FE21084003A993
:10109000887003A80E3021462C3110263246F2F714
:1010A00063FF607C81060CD503AF38461E302146B5
:1010B0003C311022F2F758FF7878202101437970F3
:1010C000607C40060BD503AF38462E3021464C31AC
:1010D0001022F2F749FF7878402101437970A07C13
:1010E000052108420AD003AF38464430214620315A
:1010F0000222F2F739FF7878304301E003A8407804
:10110000E17A2940014303A84170E16E226F1591F5
:10111000169202F038FE054600280CD0A11C01AC46
:1011200006222046F2F720FFA57142200521072262
:101130002346FDF75BFE284617B0F0BD80B5282298
:10114000504304490968AC23C95808180021F2F734
:101150000FFF80BDE00D002070B51C4605466520E0
:10116000285C087029466631062610463246F2F79A
:10117000FBFE68782070A91C04983246F2F7F4FE52
:1011800070BD0000F0B5A9B00493029201910590E2
:101190001BAD352106912846F0F796FC28462530F0
:1011A0000390012484736520287129486880622097
:1011B00068700FAF20220092384605992346254ECD
:1011C000B047254A17AB0593244E38460099B047DF
:1011D000681D1027009701993A4623461D4EB047D7
:1011E0002846153002993A462346B04725200499EF
:1011F0002954284626302E9906273A462346B047DA
:101200002F980399C87128462D3030993A462346C5
:10121000B0470BAF28460699059A3B460F4EB0479C
:1012200031983946009E324623460A4FB8472C7003
:1012300007AF28460699059A3B46084DA8473298BD
:10124000394632462346034CA04729B0F0BDC0467C
:10125000746C0000BDD104109FD20510A10D0510C3
:10126000F0B595B007920F46064613A8002101700D
:1012700012A8017009A810220891F2F779FEF07CFB
:10128000022808D1F06909A90870020A4A70020C04
:101290008A70000EC870012F21D14C48046840208C
:1012A000205C14AD2870707B012101406970307D95
:1012B000002102F0F1FC0019B721405CA870F07C1D
:1012C000032827D13046FFF72DFD002822D000212A
:1012D00001220DAB3046FFF741FD0D9916E0307B42
:1012E00014AC2070707B8007C00F6070307D0121CE
:1012F00002F0D2FCC01CC0B2344909680818B422FC
:10130000805CA070F07C032804D1443109A810222D
:10131000F2F72AFE6420315C01221140012F06D130
:10132000002904D135464C3534463C341BE0481E78
:101330000C4684417B427B41234004D035464C35EA
:1013400034463C340BE00846384304D08620012F55
:101350002BD1002929D035463C3534464C34012F59
:1013600025D1002923D00EA8009013A910AA12ABF2
:101370003046FFF7F1FE089E079B1448006813A94A
:10138000097812AA127805930EAB0493039210AA5F
:101390000292019114A9009149218900401809ABDA
:1013A00021462A4602F012FD304615B0F0BD394301
:1013B000481E81415340194205D110A8009012A93E
:1013C0000EAA13ABD4E78620EFE7C046E00D00205D
:1013D000F8B505460189002415222046FEF7D8FA03
:1013E00000281BD006461120708070680D21017204
:1013F0004D2080000D4909680B1805211022304648
:10140000FDF7DAFC64202F5C28463146FFF770FCBC
:10141000002808D1F80703D0432002E0882402E026
:101420005420C043A8722046F8BDC046E00D0020FD
:10143000B0B50D46044602F015FD0146284602F0FF
:1014400019FD044800680068C0682146FDF7B6FF32
:10145000B0BDC046DC0D0020BFB50D46044601AA54
:101460000846214602F01EFD002801D102F034FD9D
:101470002846214602F035FD04B0B0BD10B50B4939
:101480000A68B121535CB1320021032905D001243F
:101490008C401C4203D0491CF7E7032103E00028DD
:1014A00001D023431370C8B210BDC046E00D002028
:1014B0001CB5042107226C462346FDF769FC6278BF
:1014C0000A21042A13D86A469278012A0FD86A465C
:1014D000D27892070BD40749096834228A5C69469E
:1014E0000979914202D31129014600D30621084609
:1014F0001CBDC046E00D002080B5127D1201002900
:1015000000D00832D1B2044A12685318B43304210F
:101510000722FDF73DFC80BDE00D002070B50546BB
:10152000008902F000FD464246411B4909683C2201
:10153000895C022904D0002401292AD1002828D15D
:1015400008200143A975154800684721405C012423
:1015500080071ED52D8912480068806902214D221E
:101560000323FAF70FFE002813D0014685720420EA
:1015700048720B2008720020C871052088710E7314
:10158000FF20487182200871280AC8720220FAF7E9
:1015900055FE204670BDC046E00D0020D40D002051
:1015A000C40D0020F0B587B0044606A800250570DC
:1015B00021890B222846FEF7EBF900281DD0059063
:1015C000B020A0720395E575E07B2F210140E17307
:1015D000454E3568207D0121049102F05DFB4019E4
:1015E000B721475C30683221405C022807D10820CF
:1015F000384004D10321059F54E0882664E0207E12
:10160000C00705D106AD284602F0A8FC287802E004
:10161000607D06A90870074018203840E17D01432D
:10162000E175080702D4B425059F07E02046F0F7CE
:10163000F2FC01460028059F34D1B2252046FFF771
:1016400071FB06984107C90FE173C007800FA073B3
:10165000204602F09DFC204602F0E6FC01460028F0
:1016600020D1204602F032FD842803D00146002814
:1016700001D017E0B2251C4800683521405C06A95E
:101680000B78627B617CA77C00AE83C60221059F3C
:10169000384602F06FFD20463946FFF729FB014628
:1016A000002814D010480068B122825C002A05D0BE
:1016B000B130237D049D9D40AA4302700123204642
:1016C0003A46F9F7B9F90646304607B0F0BDE07A78
:1016D000F8210140E1723846039E31462246FFF769
:1016E0000BFFA572F0E7C046E00D002010B51446D0
:1016F0000A4640681946234602F05AFD10BDF0B56F
:1017000085B000931746054601AE304608300824E0
:101710002246F2F729FC304639462246F2F724FCED
:1017200028463146009A01F035FE05B0F0BD1F2075
:1017300070470000F0B591B005460F4F3A6864322B
:10174000002420212046FAF7B3FC002801D01F24F2
:101750000EE001AE402230462946F2F705FC38681B
:101760006430064A3146F2F721FCC01C00D1122435
:10177000204611B0F0BDC046D40D0020F9A30510DD
:101780001CB501AC2046F2F725FC20881CBD0000EA
:1017900080B506480089163080B202F049FD044841
:1017A00000685C210122425480BDC046DC0C002050
:1017B000CC0D002070B5114CA07A2421F9F750F916
:1017C0000F490B6800221D4650351E4648369A6464
:1017D000DE641A655D65A47A002C0CD002620B6889
:1017E0005B6D186001230370054620350B685D654D
:1017F0002430641EF0E79A6570BDC046DC0C002002
:10180000CC0D00200448006800680189C068408849
:10181000401A80B27047C046DC0D00200D490968AF
:101820000A6872B60621515E002905D5032802D147
:1018300062B600220BE000214300D25E002A01DCE8
:101840000A4600E08A18032800D10A4662B690B220
:101850007047C046DC0D002080B5818902F0F8FC9D
:1018600080BD0000811E1E2916D800207944097908
:1018700049008F4418170F1719171B171D171F172B
:1018800021172317251717172717291717171717A2
:101890002B172D000120704752281BD0D22801D1D0
:1018A0000A2070470F2070470220704703207047BE
:1018B00004207047052070470620704707207047B6
:1018C000082070470B2070470C2070470D20704790
:1018D0000E20704709207047BCB5002B0FD01C4666
:1018E0006B4699705870012018701A71080AD870E8
:1018F000A189052520462A46FDF75EFA6580BCBD14
:101900000022CA61426811601C314160704710B505
:101910000446C068002815D04188091D89B2FDF72A
:101920000CFAE168608902F0A3FC002808D1628902
:1019300021890020FDF7BAFAA08801218843A08000
:101940000020E06010BD70B514460D460646808943
:10195000401C81B23046FDF738FA2880B089C01C9F
:1019600081B23046FDF731FA208070BD70B50D466A
:1019700004464689042E00D00626002A05D0FBF72F
:1019800049F9002802D0032000E0002071198AB232
:101990002189FDF7FDFF002800D0868170BD000081
:1019A00070B509490A686021535A00210225074C85
:1019B0008B4206D0566E765B864203D20835491CB0
:1019C000F6E7214688B270BDCC0D0020FFFF000075
:1019D00010B50A460146007C202804D0102805D105
:1019E0000C31022403E00C31042400E010241046E2
:1019F0002246F2F7B9FA204610BD80B502F04EFC3F
:101A0000002801D0408880BD002080BD80B502F054
:101A10007DFC0549884205D0C00004490968496E2B
:101A2000081880BD002080BDFFFF0000CC0D002005
:101A300080B5017802220A43022A02D102F07CFC1E
:101A400080BD408880BD10B50C4600F009F8616883
:101A500089698B688A88022100F014F810BD0000A3
:101A60000749096834310968002904D00A8982428B
:101A700003D01031F7E7FF20704708787047C04661
:101A8000CC0D002010B54843C408A4B2944201D93B
:101A9000002010BD072210401A5DC2402020411ACC
:101AA0000020C043C840104010BD000008490A682B
:101AB000516E6223D25AD2005218083A824202D39F
:101AC000401AC00801E00020C04380B27047C04601
:101AD000CC0D002010B50C460146020A12200E2A39
:101AE00011D81A2C0FD80122A240084B1A420AD052
:101AF000084601F027FF002806D02121C900401820
:101B0000214602F01EFC10BD022010BD200008047A
:101B100070B5104800683421405C742141430E4880
:101B20000268A43200200346994212D01468E518D6
:101B3000AC7A6426AD5DED0704D16034E4B2512C7B
:101B400004D205E05034E4B2412C01D37433EBE706
:101B5000012070BDC00D0020E00D002010B502F086
:101B6000FFFB0024002806D102F012FC002802D15D
:101B700002F020FC0124204610BD000010B50949E8
:101B80000A686021535A190409D0516E9CB2E400CE
:101B9000611808390C785B1E8442F4D100E0002102
:101BA000084610BDCC0D0020064800686021415A4F
:101BB000002905D0406EC9000818801F00887047B2
:101BC00000207047CC0D0020F0B585B0174604907A
:101BD0001C4D28686024065B02466032528896429B
:101BE00017D202940393002917D001970846FFF7F4
:101BF0005DFF441C2868B1B2A2B291420BD3C90068
:101C0000406E4018014608390822F2F7ADF9761EF9
:101C1000F0E7002712E0019F00E03446406EA1B2D9
:101C2000C900049A42544018039A42602868029BF3
:101C3000C25A521CC252406E40184780384605B006
:101C4000F0BDC046CC0D002010B50446FFF786FF5E
:101C500000280AD02046FFF7D9FE014612200029AD
:101C600002D00A78002A02D010BD0C2010BD084610
:101C700002F062FB0146204602F0B0FB0648006815
:101C80005C21425C0223134343540A20F6F7F4FD1F
:101C9000EFF71EFB002010BDCC0D0020B0B50D46A7
:101CA0000446FFF7C5FE6168C98A002908D0C04311
:101CB00008186188401880B2A84206D30020B0BD41
:101CC0000020FFF75BFFA042F8D00C20B0BD000061
:101CD000F8B50E460446FFF741FF002875D01225DF
:101CE000002C73D0207D802801D010286ED11028C0
:101CF00008D1218A29221202921C914202D1A169A3
:101D0000002963D0A1782422114203D06278D21F27
:101D1000092A5BD8102815D1208A2F4A8218052A53
:101D200010D801239340312213420BD02278012A8C
:101D30004CD100294AD129210902884202D1A06947
:101D4000002843D03046FFF761FE00283ED007460A
:101D5000007802283AD100252846314602F080FB5F
:101D6000002835D02E460121FFF798FF05460028B0
:101D70002CD13846FFF75CFE0546FFF747FE0146CB
:101D80006D1CAAB204202346FFF71EFF854221D115
:101D9000207D10280BD1208A29210902891C884224
:101DA00005D1A069828880680021F2F7E1F80B482C
:101DB00000685C21425C0223134343540A20F6F777
:101DC0005BFDEFF785FA354600E00C252846F8BDA7
:101DD0008625FBE78725F9E700D7FFFFCC0D00201C
:101DE00010B50446FFF7BAFE00281ED02046FFF7C4
:101DF0000DFE01461220002916D00A78022A13D1BE
:101E0000084602F099FA0146204602F0E7FA08482F
:101E100000685C21425C0223134343540A20F6F716
:101E20002BFDEFF755FA002010BD0C2010BDC04669
:101E3000CC0D0020F0B589B01F4603920E46054632
:101E4000FAF746FF002845D00446C068002841D074
:101E500002970F9801900E9800901F480768383736
:101E60003F68002F0FD03888A84204D13846FAF7CF
:101E70002AFFB04201D01C37F2E71748006838301B
:101E8000394601F003F9E068FFF7E6FC411E0298CD
:101E9000002813D0C8B21E2807D04022114004D118
:101EA000E3680399029AFFF717FD2046FFF72FFD1D
:101EB000002F0FD03846FAF77FFB0BE004A8009AFA
:101EC0008281417001210170019908910694059762
:101ED000FAF710FF09B0F0BDCC0D0020B0B50C46EC
:101EE0000546FCF739FF014620600220002D09D08D
:101EF000002907D00879002803D0897806200840F7
:101F000000D00C20B0BD0000FEB50C46011F0646F7
:101F1000022921D8628800252046294602F0B8FA15
:101F2000022720463946324602F0B2FA2582E58180
:101F3000257360686061A0616088001D6080207A00
:101F400038432072204602F0ACFA002814D0608892
:101F5000001F608081250FE0A0253F280CD020388D
:101F60005F2809D801A886802221044A515C81712A
:101F7000019402F0A0FA05462846FEBDDC0C0020C4
:101F800088710879C8718878062202438A70704780
:101F900000228262024628320B68002B04D04B6874
:101FA000C36218604A60704705C10839C162704752
:101FB0007CB50D4604468069E16901900091206975
:101FC0004669002E05D0606A01AA6B462946B047D3
:101FD00000E00120012D08D1A169A268E368511831
:101FE000C943009A5118C91809D5012801D1012007
:101FF0007CBD0099E161022802D10198A061022014
:102000007CBD4178427D521CD3B28B4200D8114630
:1020100041757047B0B50A68002A09D0C369DC432E
:102020001346002B09D0DD692D190ED59B6AF8E700
:10203000002282620860C16204E0002282624A6873
:10204000C262106028304860B0BD9A4207D0D96A99
:102050008362C162D96A08602830D862B0BD034685
:102060002833D36282620860C162B0BDFEB50091C0
:10207000002800D1EDE005462E46AD6A002D00D1C6
:10208000E7E0B069B1680A18EF69D01B8230714887
:1020900001684C6965D4F369A64201D0029308E057
:1020A000D843019434464E68029630182646019C67
:1020B000F4D4687D737D83425FD304D1307DC00743
:1020C0000BD1002728E0AC4201D101F0DBFAE87D1A
:1020D00008210143E975012728E00298391AF368BD
:1020E000994206D2287DC00705D1EA7D00210F461E
:1020F00008E0002709E000202862E87D0222024370
:102100000127194608201043E8753162F07D02214D
:102110000143F175A64204D0AC4207D101F0B2FAF6
:1021200004E00298F061304602F0C7F9287DC0074C
:1021300014D1307DC00711D16878697D491CCAB2BD
:10214000824200D80846687542480168183128461E
:10215000FBF72CFB2846FBF733FB3546002F8CD1D1
:102160008AE7A54205D1F068316A814201D301F0C6
:1021700089FA009800286CD07EE7307DC00717D11F
:10218000A6422F4600D0374678787A7D521CD3B2CB
:10219000834200D81046787518313846FBF706FBA5
:1021A0003846FBF70DFBA64200D02E46354663E7C6
:1021B00002983F1A833F00D20027306A874200D33B
:1021C0000746F06887421ED2D043AA691018AA6851
:1021D000801825D4A64207D14878400733D401F0AF
:1021E00051FA1C480168737D70785A1CD3B283423F
:1021F00000D81046707518313046FBF7D7FA3046D4
:10220000FBF7DEFA38E73762F07D02210143F17512
:10221000A64212D0AC4200D02EE701F033FA2BE7F1
:1022200000203062F17D02200843F075A64202D101
:1022300001F028FAF07D082108E00298F0613046AC
:1022400002F03BF918E73762F07D0A210143F1758E
:1022500012E7FEBDD80D00207047000070B504469F
:1022600000280AD0A07802F043F916490D682E46DE
:102270000836002805D0297B07E0124805682E465D
:102280000836297B10291BD30020FF2202322A8224
:1022900000010906090F40182873002C01D0E069DD
:1022A00001E002F039F93060287B0F210140E88914
:1022B000C840C00704D00020F6F7DEFAEFF708F8B0
:1022C00070BDC046D40D002010B504468069E16998
:1022D000A2681018401A2062E07DF5210140881C98
:1022E000E0750648016818312046FFF793FE204646
:1022F00002F01CF90021FFF7B9FE10BDD80D002037
:10230000F8B5284A927E12258A4225D9002800D1A4
:10231000014614224A4324480068436D99184C78BA
:10232000A006C60F0020002E02D01027274014D18F
:10233000002E02D1082634400FD19E5C4C6888895B
:10234000214602F00BF91949884208D0001981781A
:1023500048070BD4D42000E02846C0B2F8BD032EB5
:102360002846FAD8F1001248C840F6E7032E28465E
:10237000F3D8C0467E4436797600B74401060D0195
:102380000320014005D10846E7E703200140012969
:1023900006D02B20C043E0E7032001400229F8D1FA
:1023A0000020DAE7DC0C0020C80D0020FFFF000051
:1023B00000D4D400BCB50D4D28685F21405C800777
:1023C00001D40C240FE06C46204602F0DFF82046D2
:1023D000F7F73AFE0446002805D1286866306946BA
:1023E0000622F1F7C1FD2046BCBDC046C80D002045
:1023F00010B504460220012102F0F2F8002800D0B6
:1024000010BD012C01D9122010BD204602F0F6F8B3
:1024100010BD000070B50346002900D10A462948C6
:102420000068416D012B0CD114235343CA5C012A6F
:1024300033D0022A3ED1CA189478042020439070E9
:102440003AE014235343C9188E1C8978890721D593
:1024500000242146FCF7AAFD1B4800684721405C88
:10246000C00717D01948006880694622022529460E
:102470002B46F9F787FE00280CD001468571C47100
:102480000472FF2048718220087104204872284697
:10249000F9F7D4FE0020307070BDC9184A788B78E7
:1024A000134302221A438A7000210122084BF8F7D5
:1024B000AEFE70BDC8188078C9184A7802438A7089
:1024C00070BDC046C80D0020D40D0020C40D0020F2
:1024D00020BF0200B0B502461048006805465A35D4
:1024E000002908D1A97889060024890F14D06979B8
:1024F00002230B4010D0002A01D0094B03E07D21BC
:10250000C9002B884B43012421462246F8F77FFE61
:102510006879FD21014069712046B0BDC80D0020D9
:10252000307500007CB50D4C25685C20285C800669
:10253000800F12D05C35E878022630400DD101A81A
:10254000694602F075F86978014306D1E8783043AE
:10255000E87020680121FCF729FD7CBDC80D002032
:10256000084800685C21415CCA0606D4890606D486
:102570005C30C1780120084070470120704703207B
:102580007047C046C80D00200146103905290AD8F9
:102590000020C0467944097949008F4402080A099D
:1025A000080C032070471D2801D101207047052029
:1025B00070470220704704207047F0B589B01D466F
:1025C00016460F46049002200124214602F008F826
:1025D000002850D103971220042E4CD80290EFF718
:1025E00085FC012E03D8002801D1112043E0119869
:1025F0000090109801900F990E9805AF3872FD71F8
:102600003E71039878800498388038460930062255
:10261000F1F7AAFC0099B97101987871387904280A
:1026200001D0012804D105A9097A022902D321E0A9
:1026300003291FD801280ED102F032F805A9C97963
:10264000814217D805A840794007029813D005A801
:1026500002F028F80FE005A8008820280AD3A1037B
:10266000884207D805AA5288202A03D38A4201D873
:102670009042E1D9029809B0F0BD0000F8B50C46CF
:102680000546FCF7AFF8074602F084F80D4E3046D9
:1026900000F030F80C4988420AD102F099F8FF287E
:1026A0000DD047218900414338684018AA2146527D
:1026B000032130462A46234602F0A0F8F8BD012047
:1026C000F8BDC046FCFF0000FFFF000003480068A3
:1026D00000210174C18101737047C046D40D0020F0
:1026E00080B500BF00BF024A11001820ABBEFBE757
:1026F0002600020070B50446FCF774F84D21415CD9
:10270000094D0022AA2391420BD00668F65AA64230
:10271000164600D02E464725AD005B19521C3546A3
:10272000F1E7A8B270BDC046FFFF000010B50C462F
:1027300002F0D4F8002804D02068C06F411E884100
:1027400010BD002010BD0000B0B50446F6F75EFED7
:10275000012806D1FF25DC35FCF74CF8405DC007A9
:1027600006D102F017F80348214602F0C5F8B0BDC3
:102770000C20B0BDFCFF0000002908D0002809D0C3
:102780008BB2202B04D3006820390B04F6D1002132
:102790001180704700207047F8B504460588FAF7A5
:1027A00092FA01462846FAF793FA0546204602F0C7
:1027B000E5F81D2803D0232801D01B280ED16188FD
:1027C000EA88914205D8032903D3232867D1042935
:1027D00065D82046F9F7F0FE0020F8BD204602F04B
:1027E000CDF8A9888A066ED5012802D0AA78904231
:1027F00069D120208143A9806A892989032630462E
:10280000FCF754FB6188E8880091814200D99AE086
:10281000204602F0B3F8421E0121CA410023102ACB
:1028200000D988E092001F4601A39A583B4697467C
:10283000E7280510EB280510F728051015290510C5
:10284000752805103D2905103D2905103D29051065
:1028500075280510E328051037290510EF28051005
:10286000E3280510372905103729051037290510E9
:102870003D290510092802D1009904295BD31128AC
:1028800002D10098062856D3A089401C81B2204668
:1028900002F079F83B4600284DD0014643E01D2860
:1028A0000DD1A888400612D46A892989022002F035
:1028B0007BF800284CD1A88840210143A9802046FC
:1028C00002F086F8F8BD204602F0F2F8F8BD0835AF
:1028D0004220032102222B46FCF788FA002837D138
:1028E00077E70B4627E0052325E0334623E0009BEE
:1028F000042B1FD91FE0009806281CD3A089401C78
:1029000081B2204602F03FF801280BD002281AD1EC
:10291000122108E0009802280DD3009B581E800762
:1029200008D108E00421009EB01EF5F785F90029C2
:10293000334600D000230098984204D1074801682C
:102940002046884702E0204602F0C5F8842801D1DD
:102950008420F8BD0020A870F8BDC0467004002097
:10296000F0B587B004460588FAF7ADF90146284668
:10297000FAF7AEF905462046FEF76EFF0646FEF76B
:1029800071FF0F281AD11E2E48D04020304045D16B
:10299000052100222846FEF7E9FF002845D007461A
:1029A0000021062230463B46FEF796FF68893946ED
:1029B00001F05EFC0746002834D12FE00195002588
:1029C0001E2E2F4616D0402006402F4612D1019BC6
:1029D0009888C00718D15A8919890026304601F015
:1029E000E3FF0746002805D1019A908801210143A1
:1029F0009180374602A805800695059501990491B6
:102A00000394FAF777F90DE00833422003210222FC
:102A1000FCF7ECF9002801D0842703E02046F9F701
:102A2000CBFD0027384607B0F0BD8827FAE7000045
:102A300080B5827ADD2A23D18A1F042A1ED8D221AA
:102A40007A44127952009744180211070A00817CD7
:102A50008A0702D5D32110E0817C49070CD4642178
:102A6000415CC90704D1FEF7C9FA80BDD42104E056
:102A70000121F9F7A4FC80BDD5218172F9F7ECFBA7
:102A800080BD0020704700207047F0B585B01E461D
:102A900004920D460746FCF75FF900280FD0044664
:102AA000039640791226A8420AD10499022907D830
:102AB000A078800707D4012907D0042006E0022669
:102AC000304605B0F0BD0C26FAE70220002900D1FF
:102AD00008460290821D0026304639460192FCF7D6
:102AE00057FF002827D00746406801210172786807
:102AF00045720298801C82B20621384601F0C8FC5B
:102B000008213846049D2A4601F0C2FC002D05D05C
:102B10000A213846029A039BFCF74EF90198788007
:102B200005203946FFF7F0F9002806D03846F9F7B6
:102B300043FD8126C4E78826C2E7A671A078FB2161
:102B40000140A170BCE70000F8B5034614244443DB
:102B500015480068C56A2D19AC7866078624002ED2
:102B600020D5AE79761C8E4201D001291AD1AE1C37
:102B7000AF1D002A04D0E979914201D1002400E080
:102B800012241946FCF712FA00203870E8713078E8
:102B9000FB21014031702879411CC8B2884200D025
:102BA000012028712046F8BDD00D0020F8B515464B
:102BB0000E4604465068407A009006211046FCF705
:102BC00004F9074608212846FCF7FFF8B91EE17210
:102BD0006072009A2272320AE271A671000AA07233
:102BE000CAB2A8890C34801D81B228462346FCF75E
:102BF000CFF8F8BD90715171907804210143917024
:102C000070470000F0B585B0174603910446506840
:102C1000407A04900621164D1046A84702900821DC
:102C20003846A84701900A213846A84706460C2195
:102C30003846A8472A4605460E2138469047607414
:102C4000290A2174E573310AA1736673019A110A86
:102C50002173E272029A110AA1726272039A110A36
:102C6000E171A27104992172000AA07405B0F0BD4F
:102C7000CBED0410FEB58124002832D00646029127
:102C800001941948006800680090501E1F210143FC
:102C90004C1CA7B23046FCF744F8054687420CD9D5
:102CA000601B81B2029800F039FD0028019C18D009
:102CB00001463046FCF77AF812E0AF4210D2009895
:102CC000C06831463A4601F01BFF0446781E4009B1
:102CD000691E4909081A81B2029801F0CBF800E098
:102CE00000242046FEBDC046DC0D0020F0B581B0BA
:102CF0000D460646002A08D0002E2AD090B2202881
:102D000006D33668203A1004F6D1002E21D00022D6
:102D1000002B20D02020841AA0B299B2884200D380
:102D20001C46A7B290B23018011D28463A460093BF
:102D3000F1F71AF9009B1B1B180404D0ED19366833
:102D40000022002EE6D198B2002805D07E20C04394
:102D500002E0812000E00020C0B201B0F0BDF0B57B
:102D600081B006465009040604D0002E2DD03668E6
:102D7000401EF8E71C465B1E20469841002C1FD0E1
:102D8000002E1DD01F2002402020851AA8B2A3B219
:102D9000984200D325460095AFB2B018001D3A46C0
:102DA0000D46F1F7E1F80098241AA1B24A1E084630
:102DB0009041002904D0E91936680022002EE3D1A1
:102DC000002803D07E20C04300E08120C0B201B0C3
:102DD000F0BD0000084A126834321268002A07D099
:102DE0001389834202D153898B4203D01032F4E716
:102DF000FF20704750787047CC0D0020F0B5A1B08F
:102E0000042900D0DEE0074601F09FFE6E4C6F4EB5
:102E1000012800D0A0E00BAD6D4914222846EEF742
:102E200075FE10A83446002644223146F1F7A0F87A
:102E3000012021462A4601F08EFE00280FD00446CC
:102E40003846FEF70DFE6168096A8B686149C97AE8
:102E500049084A1C0421FEF715FE10A90874042134
:102E600004973846F9F734FF10A9097C012903D1EA
:102E70008088C005800F06D157480168833110A8AB
:102E80001022F1F771F801200390FAF705F80546D2
:102E900010A81230029005964B4C002D34D0B7B2DA
:102EA000632F31D8287804280BD0022827D16868EE
:102EB000017D102921D1008A494988421DD10398FA
:102EC0001CE06868017D102919D1008AA04216D142
:102ED00004982946FEF7B7FD044602980090E2B236
:102EE00002213223384601F055FE0598012801D110
:102EF00010A84474761C344C01E00020059028464C
:102F0000FAF748F90546C8E7012109AA08AB049F6A
:102F1000384601F055FE00281CD1B0B240002F49C0
:102F200040188008133082B208A8017809A810ABB5
:102F300001F07CFE00280DD0044606AD09A906224A
:102F40002846F1F711F8AC714220042107222B46E4
:102F5000FBF74CFF1D4E1C4C0120F9F79DFF054669
:102F6000002812D0287804280BD16868017D102928
:102F700007D1008AA04204D100223846294601F038
:102F800087FE2846FAF706F9E9E710AC1049142243
:102F90002046EEF7BBFD01203146224601F0DBFD65
:102FA00000280FD004463846FEF75AFD0949C97A71
:102FB0006268126A9268009249084B1C0421002240
:102FC00001F0E8FD21B0F0BD02290000FFFF000084
:102FD000080F0410DC0C0020CC0D0020FEFF0300C5
:102FE000052A0000F8B50D46064600921468002C2C
:102FF00011D02746E4693888B042F8D13846F9F74D
:1030000062FEA842F3D10098394600F03FF83846F6
:10301000F9F7D2FAEBE7F8BD70B51A4A1268144610
:10302000483400232468002C0CD06588854207D1E1
:10303000A5888D4204D1237818251D4325700123CE
:103040002034EFE7042916D1916D0D46002D0BD0E9
:103050002C46AE680025002EF8D0B588854235464E
:10306000F4D1B568A560F1E7002904D08C888442CA
:1030700001D188689065002B02D003480068804722
:1030800070BDC046CC0D00206C04002003688B424C
:1030900009D01A46DB698B42FBD1CB69D361002B87
:1030A00007D11C3204E0CA690260002A01D102463D
:1030B00042600020C861704710B542788A4207D14B
:1030C000017D0024002909D00830F0F7A3FF05E0B6
:1030D0004900426A515EFCF751FF0446204610BD8C
:1030E00010B5074B1B681B6872B640001C5AA41A27
:1030F0001C524800195A8918195262B610BDC046B0
:10310000DC0D002080B50349096866310622F0F71E
:103110002BFF80BDC80D002080B5034909686031D0
:103120000622F0F721FF80BDC80D002080B50349BD
:1031300009680622F0F718FF80BDC046C00D0020C8
:10314000F8B50C460720C0430C4E05460835182D2F
:1031500010D03168A827C95908180A30062221461C
:10316000F0F70DFF00282846F0D13068C059405DC7
:10317000C00601D40020F8BD0120F8BDE00D0020FC
:10318000F0B5A1B0044601F0E0FC012814D107A875
:10319000454914252A46EEF7B9FC02A843492A46B8
:1031A000EEF7B4FC44200F9001210DAA0CAB204691
:1031B00001F006FD002801D021B0F0BD0CA8017877
:1031C0000DA80FAA10AB01F074FD0028F4D10F98E0
:1031D0004428F1D80120364D02AA294601F0BBFC53
:1031E000002810D006462046FEF73AFC10A90A7CBB
:1031F0003049C97A73681B6A9B68009349084B1C65
:10320000042101F0C7FC2C480168833110A810226A
:10321000F0F7B5FE00281FD0012007AA294601F0CB
:103220009AFC0028C8D001F067FD0028C4D00546EC
:1032300004212046F9F74CFD818880220A438280D0
:1032400010A8427C2046294601F022FD0B20F5F70C
:1032500013FBEEF73DF8AFE70120F9F71DFE064638
:1032600010AD12350027002EA6D0B8B26328A3D81F
:103270003178042912D171680A7D102A0ED1098A89
:103280000E4A91420AD1022132222B46FEF7FAFB66
:1032900002462046314601F0FBFC7F1C3046F9F720
:1032A00079FF0646DFE7C0461C0F0410080F041024
:1032B000FFFF0000DC0C0020CC0D002002290000E4
:1032C00070470000F8B50446684600250570F6F71B
:1032D00097F8002805D06D462046294601F03CFDB0
:1032E0002D78F6F78DF8002802D02648837E00E07E
:1032F000012314267543244F3868416D4C19A57875
:1033000002222A4002D0A41C002525701131DBB214
:10331000002B0AD00C78002C04D00C460F3C2478EB
:10332000A40726D45B1E1431F2E7002A21D0002422
:103330002146FBF73BFE154800684721405CC0076B
:1033400017D01348006880694622022529462B467B
:10335000F8F718FF00280CD001468571C47104727B
:10336000FF20487182200871042048722846F8F72F
:1033700065FF6846007846433868406D8019002133
:103380004174F8BDDC0C0020C80D0020D40D0020D5
:10339000C40D0020F0B58FB00292074607A8019037
:1033A00010250C4E2A46B0470BAC204639462A461B
:1033B000B04703AF0026019821463A46334601F054
:1033C000E9FC029839462A46024B984730460FB02E
:1033D000F0BDC046693F0410FEB514460191064693
:1033E00000F060FC27464437204600F061FC0028CE
:1033F00011D16078C006F7D502AD384601992A464A
:10340000FBF766FF022228463146F0F7B8FD002898
:10341000EAD10020FEBD8120FEBD0000F8B50446C3
:10342000FF250A4884420FD00026094F386834210E
:10343000415CF0B2884207D2F7F782FB408FA0428E
:1034400001D0761CF2E73546E8B2F8BDFFFF000078
:10345000C00D0020F8B514460646084600F072FA82
:103460002E214156002905D42C300078022803D1A2
:10347000122518E0022516E0CFB20025384629466D
:1034800001F08CFC3846294600F034FA01462B3016
:10349000002E01D0057006E00122027010311022CA
:1034A0002046FDF714FB2846F8BD00001F2101400F
:1034B00001228A4072B6054909684009800008184F
:1034C00001691143016162B67047C046E40D0020F6
:1034D000FEB50191032002900027304A3D46164672
:1034E0001068A8240059C019801C06220199F0F721
:1034F00046FD002831D002980328324609D11068D1
:103500000059C05D8006800F01D0032000E0E8B2C2
:10351000029008376D1C032DE1D110684125415DF3
:10352000A830022936D80299CF000068C019801C43
:10353000164606220199F0F717FD30680059102150
:10354000C1550298C2B200200121154BF9F790F83D
:103550003068415D491C4155FEBD30680059C35D6E
:10356000CF211940103103221A40531C032A02D0E4
:10357000DC2421401943C155032A00D1134609A078
:10358000C05C7D21CB004343EAB200200121F9F762
:103590006FF8FEBD01210172FEBDC046E00D0020A6
:1035A000B80B000003050A14F0B589B0154608AA47
:1035B00000261670002D06931A4600D12A46070CE5
:1035C000474011980790002D04D100230698012848
:1035D0001C4638D810980590794051400C46022E70
:1035E00007D8A0B201F0EAFB11214143CC19761CA7
:1035F000F5E72046784086B23046FBF79BFF24284B
:1036000015D8C108059A525CC900411AC9B2CA400E
:10361000D1070CD008A90870079A511C1278002312
:103620009A420DD0CE5C86420BD05B1CF8E707991E
:1036300008784643330CC818407808A9087000E0A1
:103640002523002D0ED10F990E9808ADBAB2009027
:103650000192079802900395A2B2DBB2069801F09E
:10366000CFFB287809B0F0BD80B5054800684069F7
:10367000002800D080BD00200146FAF737F980BD50
:10368000D80D002080B501F0BCFB074800684169F7
:10369000002242614278EE2313404370C87D01222C
:1036A0000243CA7580BDC046D80D00200B49096889
:1036B0000A4618321368002B04D01A462832834277
:1036C000F8D107E028310A68002A05D011462831D0
:1036D0008242F8D10120704700207047D80D0020A9
:1036E000842140580188012008407047002070471D
:1036F0002C2805D8032141430248401880787047A0
:103700001420704718D205100348006890214058D3
:10371000C06B006834307047D40D0020F0B585B020
:103720001E4A1268146872B60622A55EEA172F4672
:1037300097431B4A039189184E09711C049100227A
:103740000328029001D110460EE04100635E012B78
:1037500009DB0498191A4842019009B2C81301996B
:103760000840DF1900E00498E368995E36B2B14280
:103770000FDD39B2B1420CDD281AE080029840001A
:10378000215A049A891A21521846039901F040FBE4
:10379000024662B6104605B0F0BDC046DC0D002002
:1037A000FFFF1F0057218900414305480068902210
:1037B0008058C06B406840182121C90040187047EC
:1037C000D40D002080B513688B4204D01A465B6C80
:1037D0008B42FBD144324B6C136001F03DFB80BD4A
:1037E000F0B587B00F460146007900260C9C0028F2
:1037F0002FD00390086804914968059206AD0093A4
:1038000001953A46059B01F059FB002821D0029012
:1038100005940D9A049C236806A90978CD005B19CC
:10382000DB7913700398401E0390C0B28142234697
:103830000BD01D68CEB2F600AF19BA68FC68AA5169
:103840007C60491CCAB28242F3D103981871029E6F
:10385000059C267007B0F0BDF8B5112109010A4694
:103860004C32009042435118144802689024125977
:10387000D26B52680225002D12D006683659F66BBD
:103880007668002777505618B31E1F70331FFF2726
:103890001F80083E7D235B0433600C316D1EEAE718
:1038A000572189000098414350182521C900FF2263
:1038B00042544921890000224250F8BDD40D002015
:1038C000F42100224250F430012109044160704784
:1038D00010B5002306A11A46042B03D08C5C531CA0
:1038E0008442F8D1042A01D3002010BD012010BD6C
:1038F0000100161F57229200424307480068902398
:10390000C058C06B406880180C224A4380181121AF
:10391000090140587047C046D40D0020414248413B
:10392000704710B50C244C43FFF73CFF0019417958
:103930000120084010BD882140580088C005C00FF4
:103940007047000010B5014600200D4A914215D085
:103950000C4A12683423D25C521C0B4B1B68902417
:103960001B59DB6B5B68521E08D05724A4001C193E
:103970005B8F8B422346F6D10448201810BDC04609
:10398000FFFF0000C00D0020D40D0020A4FEFFFFAB
:1039900010B50C4601F0F6FAC108C9B201290AD8DF
:1039A00007221040611883225200895CC140C80779
:1039B00001D0012010BD002010BD70B514460D4689
:1039C0000646FFF7AEFF002807D030462946FCF731
:1039D00039F9011B4842484170BD002070BD00000C
:1039E000F8B500900023138010480E2B1DD007253A
:1039F0001E462E401F06FF0E009CE719832464001C
:103A00003C5DF440E4070DD0068835400124AC400D
:103A1000F508EDB24F5D27434F551588B54200D8E4
:103A200035461580801C5B1CDFE7F8BD4CBC0510DB
:103A3000FEB50546C00633D417461C48006836223A
:103A4000825C002492062CD53630407A000728D5B7
:103A500001910293164800686907C90E4018006971
:103A60002522042329460093F8F78CFB00281AD05E
:103A70000646477201983072380AB07230460B30F1
:103A800008220299F0F770FA0099F1710C20B071D8
:103A90003E207071317128463146F8F7CFFB00E0C7
:103AA00086242046FEBD0724FBE7C046D40D002037
:103AB000C40D0020FEB50546C00638D416461E4883
:103AC00000683622825C0024920631D53630807B35
:103AD00040072DD501910293184800686907C90E67
:103AE000401800693E22412329460092F8F74AFB1C
:103AF00000281FD00746099908987E7238730298EB
:103B0000F87201983872300AB87238460D30F822CF
:103B1000F0F72AFA2B20F871FE20B871009878711E
:103B20000420387128463946F8F788FB00E08624DF
:103B30002046FEBD0724FBE7D40D0020C40D002065
:103B4000D2B2203A03D30100914000207047524284
:103B5000D0415242203291404140D04090404140BB
:103B60007047F0B589B015460F46044606790068DF
:103B7000616808AA009301923A462B4601F09EF92B
:103B800000210F9B0E9A0028079226D1069767798D
:103B9000BE4222D202930390049508A908780596A4
:103BA00086420DD0059F2268FDB2ED0056193346BE
:103BB000083B0ACB515173607F1EF9B28142F2D1AA
:103BC0002168C000069A0A500818049941600598B7
:103BD000401C207101210398029B089A079C2270C7
:103BE0001870084609B0F0BDC0214143054800687F
:103BF00090228058406898228058006800684018D9
:103C00007047C046D40D00200248006890214058FB
:103C1000006D7047D40D002080B50520002101F013
:103C2000C5F980BD80B50620002101F0BFF980BD37
:103C300080B50820002101F0B9F980BD80B50920C8
:103C4000002101F0B3F980BD80B50A20002101F008
:103C5000ADF980BD10B50B200024214601F0A6F976
:103C60000C20214601F0A2F910BD10B50D20002452
:103C7000214601F09BF90E20214601F097F910BD75
:103C800080B50F20002101F091F980BD80B5102092
:103C9000002101F08BF980BD0001002900D008301F
:103CA000C0B270470148002101707047F40D002038
:103CB0001CB50346064C20785021009100210A468D
:103CC000EFF767FE0121217001F078F91CBDC046B5
:103CD000F40D0020BCB50A460446C11C01AD1046D7
:103CE0002A4601F079F9032228462146F0F747F9E0
:103CF000002800D08120BCBDBCB500242146204650
:103D00000D460094C0B2214622462346EFF741FEFD
:103D1000C21C691C0120002AF2D1E8B2BCBD00001F
:103D2000B0B51F22D443084A234608330AD01419D9
:103D30002025645D84421C46F7D1D018C26908462C
:103D40009047B0BD0120B0BDBC0F041080B508463F
:103D50008978C91C01F05EF980BD80B50846C97834
:103D6000027912025118491D89B201F053F980BD40
:103D700080B508468978C27812025118091D89B2A7
:103D800001F048F980BDB0B594B0044641780125F2
:103D900029403E306A46FDF720F800280CD16946DC
:103DA00050222046F0F7EBF8002808D06946487802
:103DB00028403E3100F095F86078102801D20020AC
:103DC00002E0204601F037F914B0B0BDF0B59DB067
:103DD0000193009202900CAE102403940125204F11
:103DE000304622462B46B8473046103000992246CE
:103DF0002B46B84730462030019922462B463C4698
:103E0000B84730463030229903222B46B84733203A
:103E10002399315430463430249906273A462B46AC
:103E2000A047304633302599C17130463B30269942
:103E30003A462B46A04704AF38460299039A2B46D0
:103E4000A047412108AC30463A462346FCF7A8FF7C
:103E500027982146039A2B46014CA0471DB0F0BD80
:103E6000BDD104100021002802D00068491CFAE7E7
:103E700088B2704710B50A4A1268126872B64300D9
:103E8000D05E4418D4520BB2C318012B02DB43425C
:103E9000C10B1940D0880818D08062B610BDC0464A
:103EA000DC0D0020F8B514460D46064601F0CEF8AC
:103EB000671C204601F0D0F800280BD106222846C6
:103EC0003946F0F75CF80028F3D12078B042F0D101
:103ED0000020F8BDB320F8BD80B50220EFF7A5FDA6
:103EE00080BDF0B595B00C460546FFF7DBFE01AE90
:103EF0003E36B32701A8FFF7DBFE002810D10622CB
:103F000030462146F0F73BF801A9497801220A40E2
:103F1000AA42EFD10028EDD1FFF7DEFF0027E9E745
:103F2000F8B215B0F0BDB0B5F8F724FB002811D0F9
:103F3000044600252946F8F7FFF800280BD0A17A9F
:103F4000F12905D1A17BCA0702D0890700D500203D
:103F5000054600E002252846B0BD00000B4909686F
:103F600030228A5C0123134030314A78D207520F45
:103F7000D218CB78DB07DB0ED21889784B080B43BD
:103F8000D907090F511801707047C046E00D002095
:103F9000F0B524490968027D12010832D2B28B18AB
:103FA000B5241C5D0473B6241B5D012B03D1437B38
:103FB00002241C4344730B463633032515430C4639
:103FC000B434655D01262E40877B37438773042612
:103FD0003540C77B2F43C7731643A55D0574052580
:103FE0001543645D6425455DED070ED11D782C40B9
:103FF00007252C408474062422438918B422895C46
:104000005A780A402A404274F0BD5D7825404574D4
:10401000062422438918B422895C1A780A408274E3
:10402000F0BDC046E00D002070B50446007B617B0A
:10403000CA0701D08A0704D4E27D120703D5890795
:1040400001D003251CE0E17B0523194213D01D4953
:104050000D684022AD5C43431B4EF3185D5DE57473
:10406000FF2D0ED1E37D1B0707D4012807D1086877
:10407000805C012803D1012502E0042500E002252F
:10408000E5746420205CC00703D11A202056002864
:1040900012D420460F300078C00704D02046FAF72B
:1040A000B9FF00280CD0E17D0020090703D5022DBF
:1040B00001D10020E07670BD024800683130EAE7A7
:1040C000032070BDE00D00209ABE0410F8B5C17C3D
:1040D000022910D1C17BEF220A40C273224909682C
:1040E0004022895C0026022910D3042905D0022928
:1040F0000BD0FF260AE000242EE0017B022904D326
:1041000004292BD0022901D0F3E7012617490968B9
:104110004722895C842449071ED507891448006812
:1041200080690225482203232946F8F72BF8002846
:1041300012D001468772042048720D720020C871A7
:10414000052088710E73FF20487182200871380A9B
:10415000C8722846F8F772F82046F8BD6421415C21
:1041600001260E40D2E7C046E00D0020D40D00200D
:10417000C40D002010B507244480446821720B4907
:1041800009684024095D4468617201211140426858
:1041900091724168CB724168029A0A734168039A2E
:1041A0004A7340680499817310BDC046E00D002039
:1041B000F0B583B001910646002A08D0002E34D015
:1041C00090B2202806D33668203A1004F6D1002E8B
:1041D0002BD00022002B009321D000201D46034647
:1041E0002020841AA0B2A9B2884200D32C4602949F
:1041F000A7B20198C11890B23018001D3A461C466B
:10420000EFF7BDFE00280FD1E01983B202982D1AF6
:10421000280405D036680022002EE1D100E00023FA
:104220001846009B1B1A00E00346184603B0F0BD79
:1042300010B504460821F6F713FC0449096860220A
:1042400000238B52486660314C8010BDCC0D00209D
:104250001CB51F2903D801AA1180406805E04068F9
:1042600001AC2246FEF788FA2188401800791CBD6F
:10427000B0B50C4605464888001D81B22046FAF7C5
:104280005CFD28462146FDF73FFE002804D020466D
:10429000F8F792F98120B0BD0020B0BDFEB50293C1
:1042A00015460022884223D80C4616490F68602123
:1042B000795A00291CD000920191FDF771FB064646
:1042C0002046FDF76DFB0199491E814200D301464E
:1042D00089B2B2B28A420DD8786ED300C45CAC42C7
:1042E00004D1C0184368029CA34205D0761CF0E7B5
:1042F0001046FEBD0098FEBD03498A4200D1002051
:10430000FEBDC046CC0D0020FFFF000010B50446E6
:10431000FDF746FB0649884207D0C200054B1B68E3
:104320005B6E9A185288A24200D0084610BDC04663
:10433000FFFF0000CC0D002080B500F09FFE4088FC
:1043400080BD80B5828B920708D42022815416202C
:10435000F4F792FAECF7BCFF002080BD3A2080BD54
:1043600010B50A48046838342468002C09D0204667
:10437000FDF772FA1E2802D04021084003D01C34F9
:10438000F2E7002010BD012010BDC046CC0D00207A
:10439000E0B501A80221018000900020044B0146F5
:1043A0000246F8F709FC8638414248418CBDC046B8
:1043B0008BBC051070B5084D2868846B002C0AD0A2
:1043C000E669286838302146FEF760FE2046F8F797
:1043D000F3F83446F2E770BDCC0D0020FEB50D4673
:1043E0000446FDF7E1FB002834D0AC4232D8064643
:1043F000A0422FD32046FFF789FF04461648844287
:1044000028D0AE4200D32E463046FFF77FFF134937
:104410000F686026B95B4A1E824217D90190054693
:1044200002948BB26D1CAAB29A420DD2796EA0B2E0
:10443000C0000818D20089180822EFF795FD074838
:104440000768B95B641CECE7029C0198C243A218A0
:104450005118B953FEBDC046FFFF0000CC0D00202F
:1044600010B504460846FDF79BFA08490968496EED
:1044700082B2D2008B5CA34205D0421E00041046DB
:10448000F6D1002010BD881810BDC046CC0D00200C
:10449000E0B501AB1A70120A5A700222FAF78CFCCE
:1044A0008CBD10B50024C46100F012FE842800D039
:1044B0008124204610BD002070477CB50446006969
:1044C0004669002E12D0A069E16901900091606AEE
:1044D000022501AA6B462946B047002806D0FFF7FF
:1044E000D1F800202062E07D2843E0757CBD00000B
:1044F000142803D840B202A1085C70470820704716
:104500000001010303030205080808080808080859
:10451000080808070600000080B5F9F7C9F8024846
:104520000068406880BDC046D80D0020014608469E
:10453000C96A4968096800290AD0CA7D1207F6D4F9
:10454000CA690B6AD218C3699A1A843AEFD47047C1
:104550000148006880697047D80D0020B0B50A4A4C
:1045600003280FD300239DB24C5D022C03D16D189C
:104570006D78012D05D01B195B1C9CB28442F2D3CF
:1045800000E01A4690B2B0BDFFFF0000F0B587B062
:10459000009003AE3046FCF7FBFC00273846FDF7E1
:1045A000EFF8010A02AD69703F24044040343846F8
:1045B000FDF7E6F8AC70287001AF304629463A4660
:1045C00000F00AFD0326009C204639463246EFF7EC
:1045D000CBFCE01C29463246EFF7C6FC07B0F0BD25
:1045E000054A12683523D35C034201D00C20704782
:1045F0003532117000207047C00D0020BCB5044654
:1046000000F0C8F8002300930121074D20462A46F8
:1046100000F07EFD0446054801684F31284600F051
:104620006BF92046BCBDC046FCFF0000D40D002045
:10463000F8B5054600260670012400910C70164856
:104640000068476D00F0E4FE002801D01348847E26
:10465000E1B211373046324600290FD03B78002BAB
:1046600009D0022B00D101203A460F3A13780122DB
:104670009B0700D516461437491EEDE7012A01D1E4
:1046800001212970012802D0F0B2012802D10020B6
:1046900000990870D0B2F8BDC80D0020DC0C0020D5
:1046A00001207047F8B50446FAF79CF80546354EE8
:1046B0003046FEF71FF83449884214D100F088F8DC
:1046C000FF283CD047218900414328684118AA208F
:1046D0000E524C2000220A5438200A54CA630A643D
:1046E0008A62CA620AE0472189004143286841186A
:1046F000BA20085C012801D10C2541E0B920002531
:104700000D546079AE2288540E46AE360120F0700A
:10471000A0797070208800020090C8670846843035
:104720000B46B4332779042F16D8C0467F443F790F
:104730007F00BF4402060B0D0F00F3210BE007259D
:104740001EE0124FCF67FD21018406E0F22102E056
:10475000F02100E0F5210184009F217AE2790560D3
:1047600045601F609A73D973217A0170401C093427
:1047700006222146EFF7F8FB054800684079B07043
:104780002846F8BDFCFF0000FFFF0000DC0500002C
:10479000D40D00201FB50C48FDF7ACFF0B49884233
:1047A00010D16C46002121720120C0022080072018
:1047B00000020190204609300622EFF7D9FB20467F
:1047C000FFF770FF1FBDC046FCFF0000FFFF0000A9
:1047D00010B5FAF707F84D21425C0021AA238A425E
:1047E00008D00468E45A240B05D14724A4001B19FF
:1047F000491CF4E7FF21C8B210BD0000FEB50293CA
:1048000014460F460546F9F7EDFF06463148854246
:1048100001D11F2007E001200221FFF7E1FE00285F
:1048200000D0FEBD2C481221A04201D20846FEBD98
:1048300001912846FDF75EFF47218900414330681A
:1048400046182046314600F0E7FD0028E9D1BA209D
:10485000315C3820305C042F12D1002937D0002879
:10486000019A20D01B4885421DD1F08D00281AD016
:10487000A420305A1021014021431046D1D10CE030
:1048800035463835002910D0032F06D10220287074
:10489000F4860020B08602983063A236304600F0DD
:1048A000BDFD0020FEBD1046FEBD3746283700285E
:1048B000029A05D03968A120029AFBF739FF029AC3
:1048C0003A6001202870F4850020B085FEBD019873
:1048D000FEBDC046FCFF000072060000002807D0A5
:1048E000006D002804D0406D0860411E884170476B
:1048F0000020086070470000F8B50C460546FDF73B
:10490000F9FE0321C943C91C1A4FBD4204D08AB223
:10491000904201D112262BE089B288421ED0472155
:104920008E004643F9F75EFF00688019AA214552C0
:10493000A421415CC90705D0BA21415C012901D1FC
:104940000C2615E08C210122425001468C310022B8
:104950004A608D3006222146EFF706FB0026BD4255
:1049600006D1054800684F3006222146EFF7FCFAD1
:104970003046F8BDFCFF0000D40D002080B58189D1
:1049800000F001F880BD1CB51F2903D801AA1180D1
:10499000406805E0406801AC2246FDF7EDFE218845
:1049A000401800791CBD000010B5044608461146A9
:1049B000FEF710FA80000019C1B203480068002217
:1049C000024BF6F724FC10BDCC0D00203075000022
:1049D000F0B585B0044605888089461C204600F065
:1049E0002DFD232810D0B1B21B2822D12046FAF782
:1049F000ECF90146284600F027FD00283DD020466E
:104A0000F7F7DAFD002550E06788B1B22046B942D9
:104A10002AD2FAF7DAF90146284600F015FD0028F7
:104A2000EDD1B01C81B22046FAF7CFF93018061D3F
:104A3000EBE72046FAF7C9F90146284600F004FDE5
:104A4000002824D06E4675802046F8F73CF9B080E7
:104A50001E203070304600F01DFD0546002820D194
:104A60002046F7F7A9FD1CE0F8F72DF902460A20C9
:104A70002946234600F0C2FE12E02046F8F723F94B
:104A800002460A202946234600F0EAFE08E02046B6
:104A9000F8F719F902460A202946234600F012FFCA
:104AA0000546002D01D07B20C543E8B205B0F0BD1E
:104AB0001CB50446008801AB1880422002210A463A
:104AC000FAF794F9002801D084201CBD2046F7F79E
:104AD00073FD00201CBD10B50488F8F7F4F80146FA
:104AE000204600F021FF002808D0017818220A4350
:104AF00002700C20F3F7C0FEECF7EAFB002010BDBB
:104B000070B5002400290AD000260D4609683346F6
:104B100020339EB296420ED20029F6D101E0234600
:104B20002546D11A89B200F073F9286000280AD10D
:104B30007920C44307E0002904D0FAF73FFC0024A1
:104B40002C6000E00024E0B270BD80B5FFF7EBF907
:104B50004142484180BDF0B585B014460D46F8F796
:104B60009BF906460020002E12D07188A9420FD86A
:104B70006F4630463946F8F7A1F92046394600F02D
:104B8000E5FE002803D03046F8F704FBE9E730469D
:104B900005B0F0BDB0B54843C408A4B29C420ED8DD
:104BA000049B072528402025691A0025ED43CD40A8
:104BB0002A4082408540185DA84310431855B0BD77
:104BC000F8B51C4615460F46F7F7D4FC002816D05A
:104BD0000646811C06222846EFF7C6F9707869461A
:104BE0000870002F1FD000281DD0012809D1F179AD
:104BF0008A090120022A16D8402903D213E0022094
:104C0000F8BDF179C0200840402808D169463046F7
:104C10002A4600F0B2FE002803D08120F8BD86208D
:104C2000F8BD6846007820700020F8BDF0B585B06A
:104C30001E4617460D46044602AA08462146FFF7BF
:104C400031F900280BD10498B84206D1BAB20C2031
:104C50003146EEF7D9FE002816D0FFF73DF9019650
:104C600002AE3570701C06222146EFF77DF90497DD
:104C70003046019900F098FE002805D006462846E7
:104C80002146FFF72EF900E00026304605B0F0BDC2
:104C9000BCB514460D46FCF7E3FE696889698B884C
:104CA0008968009103210C4002212246FFF772FF20
:104CB000BCBDB0B598B01C46154601AAFCF78DF8EE
:104CC000002816D101A94A78012010403E3115AACA
:104CD000FFF7E8F8002801D0B3200AE02968179808
:104CE000884201D9872004E0286081B2204600F084
:104CF00067FE18B0B0BD000070B58AB0054605A8C3
:104D000010A11422ECF702FF2878FE2101400024B4
:104D1000022914D12846F8F73DFA054600280ED09E
:104D2000287802280BD06E4628463146F8F7C6F898
:104D300005A8314600F00AFE0028EBD12C4620469B
:104D40000AB070BDFB349B5F800000800010000043
:104D5000022900001000000070B502460B48847E56
:104D60000B480068456D1035002003469C4208D072
:104D70002E78002E08D0AE78964204D014355B1CF5
:104D8000F4E7234600E001200B7070BDDC0C00202E
:104D9000C80D002080B5EFF70DF980BD10B50C24CB
:104DA0004C43FEF7FFFC0019417910220A4342717F
:104DB0001620F3F761FDECF78BFA10BD41000A4AAB
:104DC0000A4040080949014088188100084A0A4001
:104DD00080080849014088180101074A0A40000973
:104DE0000649014088187047AAAA010055550000DD
:104DF000CCCC070033330000F0F000000F0F0000B0
:104E0000704780B5EFF70FF9F3F774FA80BD000033
:104E1000F0B5104A891849094A1C94B272B60021AB
:104E2000002C13D003889C4210D8641E41680D46A4
:104E300006D000260D462D68761CB7B2BC42FAD8C3
:104E40002C68446000242C609A1A028062B60846DE
:104E5000F0BDC046FFFF1F00F8B50D4606464024D2
:104E6000FEF752FC02462F5D2C463834E86B0028D2
:104E7000394608D000961646F7F79EFB3246009E4C
:104E80000020E863217A14202070022903D1B08B1E
:104E900008490140B1830848006890214058C06B20
:104EA0000068816B69648563D019017A491C0172BD
:104EB000F8BDC046FFFB0000D40D0020F0B587B060
:104EC000044608060D9D52D00195FF2015468543E6
:104ED000012605930C9B1F460096374003977E42A0
:104EE0001640F2B252190692254D059F3A462A40C5
:104EF0001E469D07ED173D40049003062B409B186E
:104F0000022030400290481E0590C8B24108002699
:104F1000C8B2C200A01845680298002801D11848FC
:104F20000540A0580246049FBA43039F002F01D1B9
:104F3000384600E0C0B282180698904201D1AB42D8
:104F400018D0AB4203D804D10698904201D94E1C28
:104F500001E0481E05900598801BC0B2401CC2B2FB
:104F6000510889198242D3D00020019D04E000211C
:104F7000084601E0019D0098297007B0F0BDC046C9
:104F8000FFFFFF0010B50021064B074A0E2905D090
:104F90001C88844203D09B1C491CF7E7114688B249
:104FA00010BDC0464CBC0510FFFF0000B0B50C465C
:104FB0008500FEF7A9FB00684451B0BDC01CC0B21B
:104FC000042802D37E20C04302E0C1000148C8404B
:104FD000C0B27047B3B7B400F0B589B000920F46C5
:104FE000054605AE002110223046EEF7C1FF03242E
:104FF000304639462246EEF7B7FF01AF2846314624
:105000003A46FEF7C7F9009839462246EEF7ACFF5C
:1050100009B0F0BD80B5017804290AD0822905D1F4
:10502000011D4278FF2A01D10B784A78ECF786F906
:1050300001BDC11CF5E7E0B50146002000905022FB
:105040000346EEF78BFCFFF7B9FF8CBD014800214A
:1050500001707047F30D0020BCB50346064D28785B
:105060000C210091012400222146EEF792FC2C70C5
:10507000FFF7A4FFBCBDC046F30D0020F8B50478CF
:1050800002252146294302291ED1FCF70FFD0F49B5
:10509000096860228B5A401C82B29A4210D2002CBE
:1050A00008D0022CF7D1D7004E6EF75D2F43022FA8
:1050B000F1D106E0D7004E6EF75D002FEBD100E096
:1050C0004E6ED00080190838F8BDC046CC0D0020C7
:1050D000B0B505460088FEF735FC002815D004461B
:1050E00072B678302946FCF70BFC4B208000201864
:1050F00062B60B2100F06FFC2C20205C8425032875
:1051000004D12046F5F72AFD00E002252846B0BD6F
:10511000F0B58BB00A9316460F4605460743F9F7DC
:1051200061FB0446002F07D03046FDF7E3FAB5498E
:1051300088421AD1422615E025464D3500263746CD
:105140000A96287886420CD22068C019BA21415CA0
:10515000012901D100F046FC472080003F18761C51
:10516000EFE70A9E30460BB0F0BD47218A0011469A
:10517000414323685C18BA21615C012D21D142436F
:105180009F18C220385C01252840002920D0002823
:105190000AD08C203858B96F3A468C32526805C113
:1051A000786FB96F7967B86794203858002600285F
:1051B000D8D094370A980403EEF724FF20183860FB
:1051C000D0E700260129CDD1204600F00BFCC9E72D
:1051D000002807D08C203858002803D19020385858
:1051E000002806D0A420385AC10704D0F98DF5292B
:1051F00001D91226B6E7122601463140022903D111
:105200004221795A00293AD000070CD57C48AA21BE
:10521000795A814201D00A9800E080208028A1D8E4
:105220000A9000289ED01098A62178520A99090366
:105230009422B950002801D0BB217D54A821785276
:105240002046ECF7B9FE064600288BD13946C2311C
:10525000384664303A4654327A67B8673E46783604
:105260000978C9070DD100210160B9666648016857
:10527000204665300622EEF777FE306808E00C26FF
:1052800070E78C2179583A468C32526806C008384B
:10529000842179583A46843252688160C26020463F
:1052A00000F0B6FB002802D000F0CEFB05E0384647
:1052B00074300168326802603160384694300A9078
:1052C000B020395CBC26B85D00953B4614332246BD
:1052D000089300F0BBFB204600F0E6FB112109011A
:1052E0007C50F8217850B4203958F0203950B85DFE
:1052F00081225200B854FF220432BB5C2B43BB54C2
:10530000CA087D2A01D37D21C9003E46A436F42275
:10531000B9502521F3F7DCF9EEF774FE02460A993D
:105320000868B532002801D0101808603946BC3131
:105330003088C00609960A9104D42046114600F030
:10534000CEFB44E03846EC3005900E46069200F065
:10535000C9FB039000F0CEFB0490B120385C00F054
:10536000D1FB0790204600F0DBFB3078029000264E
:10537000009694203146079A1346F2F75AFF0346E7
:10538000009520460299039A00F0E3FB0A98007802
:105390000390009696202946079A1346F2F749FF94
:1053A00003460096019508980399049A00F00CFCB6
:1053B000EE203D54FC2015493950ED200721395489
:1053C00002210598017006220699FBF785F9064629
:1053D000002811D00A980078F6F726FBBD20385C2B
:1053E000F6F722FB09980088C00700D1BAE6C4206E
:1053F000385CF6F711FBB5E6BA3425700026B1E645
:10540000FCFF0000FFFF0000C00D00205C10041036
:1054100080B5F3F7F5FF80BD0020704710B5044656
:105420000020FCF7ADF9044901402088401A4242AF
:1054300042414A40228010BDFF0F000080B58189A3
:1054400000F001FC80BD0000BFB5044600F00CFC7C
:105450000546002806D10E48014600F005FC054629
:10546000002802D02878022801D200200DE003A9EC
:1054700002AA01AB204600F009FC002804D12878DC
:1054800002A909788142F0D2C02004B0B0BDC04664
:10549000FFFF0000F8B5054681884088F7F718FC43
:1054A000002808D0044628781E2806D1A18849067D
:1054B00039D40C2697E1022695E1410606D4CC4961
:1054C000CC4A0A60A188890600D571E1E188821E74
:1054D00086261E2A00D995E0032752007A44928836
:1054E00052009744220080011E008001A300800129
:1054F000A6008001220080011E008001980080012A
:10550000310180019400800180018001AD008001A3
:10551000B0008001800180018001800121008001B4
:105520009800052701E0E18801277F2210405238CA
:1055300042424241B8B2884200D30F460097BFB200
:1055400020463946FCF712FA00282ED006462A7863
:10555000818900F0CDFB2878811E16292CD84900BE
:105560007944898849008F4416000D0170000D01AF
:1055700077000D0193000D01A1000D01AA000D019E
:10558000BA000D01C0000D012F000D010D010D012C
:10559000CE000D01E6009848028AB089401C81B215
:1055A0003046FEF775FF0320EBE00820F3F764F9BF
:1055B000EBF78EFE882616E1202800D1CAE052289B
:1055C00002D0D22800D0DDE02A89B089401C81B207
:1055D0003046FEF75DFFEB686A89B089C01C81B276
:1055E0003046F9F7E9FB2878122800D1B8E0D22834
:1055F00000D0C7E000980C3870802089314600F058
:1056000084FBBFE0522802D0D22800D0EBE0D228A1
:1056100008D0032207E02A7A5200571C8F4200D894
:1056200083E7E0E00F226B899F187EE7EA89D71DA8
:105630007BE7EA68127C802A00D089E0152774E7AE
:10564000AA89571D71E702276FE76A8929893046C1
:1056500000F08BFB052094E06A892989304600F030
:1056600084FBAA89B089401D81B23046FEF710FF45
:10567000E889C01DB84200D80746F81F82B22B69DE
:10568000B089C01D81B23046F9F796FB072078E05B
:105690006A892989304600F068FBB089401DEB68B3
:1056A000197C80295ED181B210225EE02A89B089FE
:1056B000401C81B23046FEF7EBFE0B2061E02A89E8
:1056C000B089401C81B23046FEF7E2FE6A89B0899B
:1056D000C01C81B23046FEF7DBFE0D2051E02846AB
:1056E000314600F054FB0F204BE06A89298930468F
:1056F00000F03BFBB089401DEB68197C802939D153
:1057000081B2102239E02A89B089401C81B230462A
:10571000FEF7BEFE6A89B089C01C81B23046FEF732
:10572000B7FE2B69AA89B089401D81B23046F9F7CE
:1057300043FB172025E02A7AB089401C81B230460D
:1057400000F0D6FA19201CE0EA68127C802A4CD0BE
:105750000727EAE62846314600F019FB212010E031
:1057600013200EE081B20C3302223046F9F724FBFD
:10577000092006E081B20C3302223046F9F71CFB07
:105780001120A070009870802A78B189304600F00E
:10579000AFFA2878410611D41E280FD062892189DA
:1057A0000320FFF701F9002804D03046F6F704FF84
:1057B000842618E0A08820210143A1806089314619
:1057C000FEF756FD002801D081260CE0287800263F
:1057D0001E2808D1628921890220F9F767FBA08879
:1057E00040218843A0803046F8BD11279DE6C04681
:1057F0007004002035710510DC0C0020F8B505465A
:10580000C00621D40E46134800684B21405C00249A
:1058100000071AD5174600930F4800686907C90E9C
:1058200040180069142203232946F6F7ABFC002830
:105830000DD001460098C8604F810E81074848602E
:105840002846F6F7FBFC00E086242046F8BD072436
:10585000FBE7C046D40D0020C40D00206DC8051024
:10586000F8B50546C00621D40E46134800684A2103
:10587000405C002440061AD5174600930F48006884
:105880006907C90E40180069102203232946F6F75C
:1058900079FC00280DD001460098C8604F810E8128
:1058A000074848602846F6F7C9FC00E086242046F1
:1058B000F8BD0724FBE7C046D40D0020C40D00202E
:1058C00071C90510F8B50546C00621D40E46134827
:1058D00000684A21405C002480061AD517460093D0
:1058E0000F4800686907C90E401800690F2203239A
:1058F0002946F6F747FC00280DD001460098C860FD
:105900004F810E81074848602846F6F797FC00E073
:1059100086242046F8BD0724FBE7C046D40D0020AE
:10592000C40D0020E1A00510074A12684832126831
:10593000002A07D05388834202D193888B4201D03A
:105940002032F4E710467047CC0D002080B5027C71
:105950000B7C9A4206D1202A07D0102A09D18989C6
:10596000808908E00020C04380BD1022EEF707FBCD
:1059700080BDC968C068401A80BD70B594B0144637
:105980000E464178801C6A46FBF727FA0546002838
:1059900007D10020307069463E3106222046EEF7DE
:1059A000E3FA284614B070BDE0B50B460146008905
:1059B000009001200C22EDF7D1FFFFF7FFFA8CBD1C
:1059C000E0B503460091022001210C22EDF7E1FF32
:1059D000FFF7F4FA8CBDEFF3108272B6417582F3D3
:1059E0001088704710B50446EC3000F0DCF9BA209E
:1059F00000212152BA34A07AFF2801D0F6F70CF822
:105A0000FF20A072207A800701D5F5F7E8FF10BDCE
:105A1000B0B50446C220205C800701D40020B0BD90
:105A200025468435284600F0DCF9A16F284600F0B1
:105A3000D9F9A06F0830002100F0D5F9606FA16F8F
:105A40006167A0670120B0BD70470000F8B51D4632
:105A500016460F460446F2F7EDFD11492046F2F7CF
:105A6000F8FD10492046F2F718FE20463946F2F7B5
:105A7000C8FE20463146F2F7B2FE20462946F2F72C
:105A800079FE0698012803D12046F2F79FFEF8BD63
:105A90002046F2F766FE01212046F2F724FEF8BD0B
:105AA000D6BE898E555555000146AE31CA78FF21C4
:105AB0006831032A01D0B32301E00B46F333042AF3
:105AC00000D01946AE22805C012202408307DB0F22
:105AD0009A184007C00F10184843BB307047862003
:105AE0007047000002480068882140587047C0464F
:105AF000D40D0020024800688C2140587047C046F1
:105B0000D40D0020801EC0B2032801D3002002E083
:105B1000C1000248C840C0B27047C0460104060038
:105B2000C721002242540146A0318A880323134032
:105B30005A1E93415A00A023C252887B0122024080
:105B40008307DB0FD2184007C00F1018401E88775C
:105B50007047F8B51E4617460D460446F2F748FC56
:105B60002046F2F74AFC2046F2F77CFC204621460C
:105B7000F2F77DFC20463946F2F74EFC20463146CE
:105B8000F2F78FFC069F002E02D02046F2F791FC20
:105B90002046F2F721FC2046F2F74CFC2046F2F7B3
:105BA0009AFC2046012F09D12946F2F768FC2046CD
:105BB000F2F770FC2046F2F782FCF8BDF2F785FCA4
:105BC0002046F2F757FCF8BDF8B51E4617460D46BD
:105BD0000446F2F70DFC2046F2F70FFC2046F2F7E0
:105BE00041FC20462146F2F742FC20463946F2F7B6
:105BF00013FC20463146F2F754FC079F002E02D0DA
:105C00002046F2F756FC2046F2F73AFC2046F2F71F
:105C1000E3FB2046F2F70EFC2046F2F756FC204646
:105C2000F2F70EFC2046F2F73AFC012F07D120468E
:105C30002946F2F724FC2046F2F7D3FBF8BD2046B4
:105C4000F2F728FCF8BD1CB51F2903D801AA118062
:105C5000406805E0406801AC2246FCF78DFD2188D4
:105C6000401800791CBD0000074A126858321268BB
:105C7000002A07D09388834202D153888B4201D0F7
:105C80000832F4E710467047CC0D0020FEB51746E9
:105C90000E4600240C70147002931C70F6F76AFC18
:105CA000002809D00546807A002807D0F12805D0C1
:105CB000FB2816D1B02419E0862417E001200190BA
:105CC00030702846214600F08FF8387001280DD139
:105CD00002203070E97A4907890F04D002990870D0
:105CE00004E00C2402E00298019901702046FEBDF8
:105CF000BCB514464068202904D301AD2A46FCF700
:105D00003BFD298840180471BCBDF0B589B00E4632
:105D1000F6F730FC002825D00546203005A9009173
:105D2000FBF75EF974882B466C33271DB9B2042249
:105D30003046F9F741F8FAB201AF009831463B46D8
:105D400000F070F808372046083081B2082230464B
:105D50003B46F9F731F80C347480E86E401CE86675
:105D6000002000E0022009B0F0BDB0B514460A469C
:105D700005468089401C81B22846FEF789FBA88928
:105D8000C01C81B228462246FEF782FBB0BD10B58A
:105D90000C46C3688989007A4200481C81B22046BB
:105DA000F9F70AF810BDB0B50446EFF3108572B6E6
:105DB000FDF77CFC00280FD0204600F0CFF8F7F765
:105DC00005FEFDF751FC85F3108820690169002963
:105DD00004D0606A884701E085F310880020E06104
:105DE000B0BD704770477047B0B50246C37A847A39
:105DF0000120F12C04460ED15D07AC0F05D0147CB8
:105E00000322102C03D0144602E0022403E00424F1
:105E1000002D00D41446DA0700D02046002900D017
:105E20002046B0BDF0B595B001931746039100250B
:105E3000149513951295119511A90DAC0490224655
:105E4000FDF7A8FA0F200290265609A9204600F077
:105E5000B3F8002E67D409A80299445605A900F0AA
:105E6000ABF8002C6CD411A8002410222146EEF7C8
:105E70007FF8FDB2112D21D3201D81B210220DAB70
:105E80000398F8F785FF0020102807D00DA9095CBA
:105E900011AA135C4B401354401CF5E711AD0DAE35
:105EA000049829463246FDF775FA102228463146F5
:105EB000EEF75AF8103F1034A4B2DAE7102D08D1EB
:105EC000201D81B210220DAB0398F8F761FF09A8DD
:105ED00014E00DA800211022EEF74AF8380608D089
:105EE0000DA8431B1033201D81B203982A46F8F7F2
:105EF0004FFF0DA8401B8021C17305A8019A002106
:105F0000102909D00DAB5C5C435C634011AD6C5C47
:105F10005C406C54491CF3E711A90498FDF73AFA68
:105F2000002015B0F0BD11A8872101700F2D92D06F
:105F300009A8415D11AA525D4A4042556D1CF5E722
:105F400011A88721017000200F288CD005A90A5CB8
:105F500011AB1B5C53400B54401CF5E770B5044675
:105F6000144E3168084628300268002A08D01046CE
:105F70002830A242F8D128312046F7F717FC70BD2F
:105F80004869A04201D1FDF77DFBE06A40680068E6
:105F9000002803D0FEF7CAFA054600E0A56A31687A
:105FA00018312046F7F702FC00212846FCF75EF87E
:105FB00070BDC046D80D002010B5027852000A709E
:105FC000491C00220F2A0BD083185B785B008B548E
:105FD0008456002C02D5012423438B54521CF1E734
:105FE00010BD0000FEB5050000276F4887606F4CAC
:105FF000E06CC00504D540221106280000F082FAAA
:10600000E06C0126304005D0642269492800443004
:1060100000F078FAE06C800705D564226549280015
:10602000A83000F06FFAE06C400706D564226249A0
:1060300086204000281800F065FAB8204000291892
:106040000F60E26CB003024007D04A68002A04D116
:106050000E60E16C594A0A40E264594909682964B2
:10606000216D009D084005D0242256492800E430C7
:1060700000F048FA206DC00605D558225249280084
:106080008C3000F03FFA206DC00508D520688004F0
:1060900005D430224D4928005C3000F033FA206DE1
:1060A000400505D530224A4928002C3000F02AFA54
:1060B000206D800205D52C228221C905280000F020
:1060C00021FAA06D304003D001984249096801606F
:1060D000A06C029D06400DD020229121C905CE2042
:1060E0004000281800F00EFAA0223B492800FC309E
:1060F00000F008FAA06C400305D588223749280033
:10610000743000F0FFF9A06CC00302D53448006879
:106110002867A06CC00405D51822324928005830E1
:1061200000F0F0F9A06C400705D52C229021C9059C
:10613000280000F0E7F9A06C000705D52C222A49B9
:1061400028002C3000F0DEF9DE2040002818A16A7B
:106150000160216B4160A16C8160216DC1600020F4
:1061600022490A68503A099913680406A40D0B5194
:10617000401C121DC3B2142BF6DB08981C490A6898
:1061800002601C4A12684260BA001B4B9B5882187E
:1061900093607F1C082FF7DB89698162C3490A6815
:1061A000C26249680163F7BD04000020080040484E
:1061B000002000400050004000600040FFBFFFFF93
:1061C0000410004000700041006000410050004198
:1061D0000040004128140060000070480000604842
:1061E0000000304800002048000010480000041063
:1061F00008ED00E000E100E000E400E0FFB581B060
:10620000B82149004018AA4C0025016800290BD08C
:106210000560E06C8021C9010143E164E06C8021EC
:10622000C901084000900098A2488068002800D169
:106230003AE10020A0490A68503A0B9903069B0DE9
:10624000CB581360401C121DC3B2142BF6DB0A9905
:106250009A4A086810604868994B18600023994F63
:1062600098000E18B6683E505B1C082BF8DB049EA5
:10627000886A90618D480A6B42608560C96A0160D6
:10628000C62040003718386BA062786B2063B86B6B
:10629000A064F86B2065A06CC00718D52022CE2022
:1062A000400031189120C00500F02CF980204000FA
:1062B0003018056045618562C5630565456685677B
:1062C0003D60A0223100FC317F4800F01BF9A06C3A
:1062D000400305D58822310074317C4800F012F962
:1062E000A06CC00305D57A48D02149038160316F85
:1062F0000160A06CC00405D51822310058317548E2
:1063000000F000F9A06C042738400BD09020C005A5
:10631000316A0162716A4162716941612C22310006
:1063200000F0F0F8A06C00070BD56B48F16C01622F
:10633000316D4162316C41612C2231002C3100F011
:10634000E1F8E06CC00504D540220199100600F088
:10635000D9F8E06CC00711D50198406C0090019805
:10636000406C01218843019948645C4D6422019985
:106370004431280000F0C6F800982860E06C019DC8
:10638000A83580070DD5286800902868012188432A
:10639000286064222900524800F0B4F8009850495F
:1063A0000860E06C074010D0686E0090686E0121B4
:1063B000884368664B4D6422019886214900411844
:1063C000280000F09FF800982860029D0198006C5A
:1063D00045490860206D40041AD528008830C06DFA
:1063E000009028008830C06D402188432900883102
:1063F000C8653E4E0C222900E431300000F082F8DE
:1064000014222900F4313A4800F07CF800983060FA
:10641000206DC00605D5582229008C31354800F082
:1064200071F8206DC00514D52068800411D4E86D82
:106430000090E86D01218843E8652F4E2422290051
:106440005C31300000F05EF888202858F062009837
:106450003060206D0126F64340050FD5E86A0090B4
:10646000E86A3040E862254F242229002C313800A8
:1064700000F048F8A86DF86200983860206D80023E
:106480000BD52F68286806402E608226F60520224C
:106490002900300000F036F83760A06DC00703D542
:1064A000039800681649086005B0F0BD10E000E0F0
:1064B00008004048040000200000041008ED00E03F
:1064C00000E100E000E400E00000704800006048E7
:1064D0000000304800002048000010480020004024
:1064E0000050004000600040041000400070004177
:1064F0001070004100600041005000410040004128
:106500002814006030B5002303E09C000D590551AC
:106510005B1C9408A342F8D330BD000001488047BB
:1065200001480047319D0410D568051081B0A64888
:1065300001688903FCD5816802220A438260002138
:1065400002E000BF0099491C009100990629F8DB80
:10655000816804220A43826001B07047FEB50320BF
:1065600000F056F90027002000260025964989688A
:10657000090700D50120954C207093480068C0069B
:1065800008D5012631030120F7F7B5FC710301207E
:10659000F7F7B1FC8C480068400700D501250320BF
:1065A00000F037F98A480121BA2252008150C521F2
:1065B000890061180191B821890061180091882132
:1065C00049006318091F6218211DFFF70BFD029790
:1065D00002A8F3F7FBFA7F487F490161FF2181633D
:1065E00001680122914301607C48016804220A434A
:1065F0000260052000F00CF9F8F7C2F8A57066708B
:10660000F7BD7CB5764E704C704D687801280AD184
:106610007448716A01407162B16A0840B0622068D2
:10662000102101432160A878012803D120680421AA
:106630000143216069480168042291430160C5203B
:10664000800028180190B820800028180090882029
:1066500040002B18001F2A18291D5D48FFF7CEFDAA
:10666000052000F0D6F8042000F0D2F830685E492A
:106670000140316020688003FCD52878012805D1CD
:10668000FFF754FF206859490140216068780128CC
:1066900002D120688006FCD5A878012802D12068A4
:1066A0000007FCD5206EC00703D5514800680F28AD
:1066B000FBD050488068002801D0F3F7D5FA306944
:1066C000C005FCD5042000F0A4F873BD3EB5002041
:1066D00000F09EF800203D4C00212180A07046482B
:1066E00000680125000700D52570C0208001F3F760
:1066F00045FA002000F08DF83548BA214900455090
:10670000C521890061180191B821890061180091A3
:10671000882149006318091F6218211DFFF762FCD8
:106720002C4C2D482061FF20A063029502A8F3F7AE
:106730004DFA2068A84320602848016804220A43D3
:106740000260022000F064F8F8F71AF8022000F066
:1067500060F837BD7CB5214801680422914301608F
:106760001A4CC520800020180190B8208000201805
:106770000090882040002318001F2218211D144873
:10678000FFF73CFD012000F043F8154D286816493D
:10679000014029600C4E30688003FCD52078012828
:1067A00005D1FFF7C3FE3068104901403160114840
:1067B0008068002801D0F3F757FA2869C005FCD596
:1067C000012000F026F873BD000040487804002046
:1067D000DC07002000005048FFFF000010ED00E043
:1067E00004005048FFCFFFFFFFFEFFFFFFDFFFFF6A
:1067F00010180060040000200800404880B500F038
:1068000009F8F3F7DCF901BD80B500F00BF801BD24
:106810007047704702480168022291430160704747
:1068200010E000E00248016802220A43026070475B
:1068300010E000E002484168027889184160704722
:10684000C00300207047FEE77047704780B5FFF730
:10685000F1FF01BD1C480168890600D4704780B56E
:1068600080686946087001216846EFF760F901BD4C
:1068700080B51648EFF76CF801BD80B5ECF7BBFAB0
:1068800001BD80B5ECF7BDFA01BD80B5EEF7F2FFB2
:1068900001BD80B5EFF728F801BD80B5EEF7FCFF2C
:1068A00001BD80B501219020C005F3F7BEF801BD00
:1068B00010B5074C20212000F3F7B7F88021C9015B
:1068C0002000F3F7B2F810BD1C400041A80D0020D5
:1068D000000010480548014603B4684680F3098863
:1068E00000BF00BF00BF00BF00F002F8A5EDF5FE3D
:1068F00000F00DF8002801D000F00CF800BF00BF38
:10690000002000BF00BFEBF775F900F017F8012079
:106910007047000010B5074979441831064C7C4493
:10692000163404E0081D0A68891888470100A1424E
:10693000F8D110BD84680000C068000080B500F088
:1069400001F801BD07463846FBF7CAFEFBE7000029
:1069500080B50D49794430310C4A7A442E32914247
:1069600003D00B4900BF00BF02BD69460870012279
:106970000120F3F7C5F8012802D16846007802BD6E
:106980000020C04302BD00BF7896FAEF7496FAEF7C
:106990002404002010B504460A48006800699021CC
:1069A00001221346F5F7EEFB002804D001464460AF
:1069B0009020F5F743FC044800688421425C521C97
:1069C000425410BDC40D0020D40D0020FEB53B4D37
:1069D000286810300021062905D004C8528801AB70
:1069E0005A52891CF7E772B62868046800270760C6
:1069F00062B6E00702D0002000F064F8A00702D5DC
:106A0000012000F05FF8600702D5022000F05AF87C
:106A1000200702D5032000F055F8E00648D50420F1
:106A200000F050F844E0780001A90E5A0097BF002A
:106A30002868C019006901880288B2422AD08908F2
:106A4000891C89004418A17803220A40012A02D037
:106A5000002A03D11EE0817A08300446480603D498
:106A60002046FAF76EFA0AE0E078132807D2800091
:106A700013490A58211D20469047002805D128684F
:106A8000C019006921880180D5E70020F1F7F4FEE4
:106A9000EAF71EFC72B62868C019006941880288AE
:106AA000914202D100210180418062B6009F7F1C8B
:106AB000032FB8D100F014F8FEBDC046C40D00206D
:106AC00010100410E0B501AAD070012090701020C1
:106AD0005070042111701046FEF79CFA8CBD000026
:106AE00010B586B01548046802A801A96A4600F0EE
:106AF00027F800281FD002A80178E089C840C00705
:106B000019D0019A009B03A8082484701C0EC4723B
:106B10001C0C84721C0A44720372C2718171FF21C1
:106B20004170822101700021417104220271C17003
:106B30000C21FEF76FFA06B010BDC046D40D002040
:106B400070B503460948046872B6207C0025257498
:106B5000257B0F262E401E70237B1B090B70A1681E
:106B60001160411E884162B670BDC046D40D002040
:106B7000F0B587B03148046806A90491002001905F
:106B8000087005AE01203070F3F762FA5D200394BF
:106B9000275C781E3D4685412020384044420290C3
:106BA000444104983146FDF743FD002F01D10128EF
:106BB0003ED12C4038D105A80078002834D0039C61
:106BC00020465D30C07B002834D02834029D002D43
:106BD00003D02178002000F033F806A800780128BF
:106BE00002D1002000F02EF8FBF7E4FB002804D1CE
:106BF00000200121FBF76EFC0190002D0AD02178C6
:106C0000012000F01DF8002804D00198002801D0D0
:106C1000FBF788FC06A80078012809D10620F1F7C7
:106C20002BFEEAF755FB03E001200146FBF752FC7F
:106C300007B0F0BD00200121F8E7C046C80D0020D4
:106C40000020704780B500F001F880BD80B505498F
:106C50000968496D497C012902D1FBF7C9FB80BD58
:106C6000002080BDC80D0020B0B55E2806D10C48BC
:106C700004685D3400256057002800D4B0BD6078FA
:106C80000228FBD1557080201070C8B21146F3F76E
:106C900049FA657020787F2101402170B0BDC0465F
:106CA000C80D0020074909685D228A5C88231A42C2
:106CB00004D0723109884140080501D00020704796
:106CC00001207047C80D0020B0B50446808800251B
:106CD000800501D4284606E062892189022000F05F
:106CE00027F8002800D0B0BD20896189042902D18D
:106CF000F3F7AAFBEEE7F8F7E9F861892089F8F7DE
:106D0000FBF800202081094909684B6BA34205D09C
:106D10001A461B69A342FBD1103201E00A46343205
:106D2000236913600A6B22610C63B0BDCC0D002097
:106D3000F8B50446C00608D40D4619480068492134
:106D4000405C800703D4002727E0862725E016460D
:106D5000144800686107C90E4018006959220323CE
:106D60002146F5F70FFA002816D001460673857202
:106D70000C204872022008720027CF71062088710B
:106D8000FF20487182200871300A4873280AC872AF
:106D90002046F5F753FA00E007273846F8BDC0460D
:106DA000D40D0020C40D002080B581080A48006879
:106DB0003430006800280ED042788A4201D010306A
:106DC000F7E70121490282880A4382800720F1F710
:106DD00053FDEAF77DFA80BDCC0D002080B54069F7
:106DE000014900F003F880BDA96D0510FEB50291C0
:106DF00005464778006AC45DEDF704F9C0080190C4
:106E00002046C2B2BA420DD053006E6AF35A2E78B1
:106E1000761D0199F140591A09B2012903DC286A4B
:106E2000805CEEE73846296AC855C6B22846314626
:106E3000FCF742F9E0B2B04206D0296A0F5C0C546C
:106E4000029988473C46F5E7FEBD00007CB5044644
:106E50008068418904291AD160688189491C89B2F6
:106E6000F7F7B3FF0546172800D817251D4E308ABF
:106E7000854200D30546A3689888C0060FD41989B7
:106E800002202A4600F030F8002814D07CBDC368E8
:106E9000022000210622FAF71FFD86207CBDD8883B
:106EA000A8420ED00833422003210222F7F79EFFAA
:106EB0000028EBD105E0A068C580818810220A4334
:106EC0008280308A01AB587003251D70000A9870CB
:106ED000A068C468A18920462A46F7F76DFF65803F
:106EE00000207CBDDC0C0020F8B50446C00608D4A8
:106EF0000D46194800684921405C400703D400272B
:106F000027E0862725E01646144800686107C90E69
:106F1000401800695A22032721463B46F5F732F90B
:106F2000002815D00146067385720C2048720F7236
:106F30000027CF7106208871FF20487182200871D8
:106F4000300A4873280AC8722046F5F777F900E03E
:106F500007273846F8BDC046D40D0020C40D0020D8
:106F6000F0B58BB00A9314460D460746F5F7B0FE10
:106F7000002812D00646049780880C27410700D5C8
:106F800083E0022C01D180077FD402950394109CEA
:106F90000A9B012B03D8032503E0122775E0980014
:106FA000451CA01C1946002904D002885519083038
:106FB000491EF8E7F088022B02D3A9B2814264D8B7
:106FC00003998A1E511E8A41A9B2814200D3054607
:106FD000A9B230460691FAF7C9FC00280ED0074640
:106FE00003980228079701960FD1B9891D223846C8
:106FF00000F08AF80A9801280FD04EE00820F1F737
:107000003BFCEAF765F988273FE0B9890A9801282F
:107010003ED11B22384600F077F82288B889401C00
:1070200081B23846FDF734FA6368B889E91E8AB23E
:10703000C01C81B23846F7F7BFFE07984580039D14
:10704000022D0CD101200499029AFDF7ADFC002815
:10705000019C0CD007460798F5F7AEFA15E0E80753
:10706000019C04D0079A107A0821014311720298FA
:107070000799FDF7FDF80746022D06D1002F04D130
:10708000A08802210143A180002738460BB0F0BD43
:107090002322384600F038F80A98A71C01210595EC
:1070A0000028CAD00A90079DA8894018089181B28B
:1070B000BB1E022428462246124EB047A889089ECD
:1070C0003018801C81B22846099422463B460D4C5C
:1070D000A047311DA88940188EB206998A1B3988AD
:1070E0008A4200DB0A4609997B5881B294B228464D
:1070F0002246044DA847A11908370A98401E059D4D
:10710000CEE7C046B9ED0410BCB51446406820294E
:1071100004D301AD2A46FBF72FFB298840180471E0
:10712000BCBD000080B502480068804780BDC046F5
:107130006C040020F0B595B005460488F5F7C3FD52
:1071400001462046FEF7F0FB8626002800D108E223
:1071500004462F882846F5F7B6FD01463846F5F770
:10716000B7FD08902078FB21014021700C2738469C
:10717000F1F782FBEAF7ACF82846FEF75FF9012841
:1071800007D16088FFF78EFD002860D0204600F010
:1071900049FA20780022010757D4A379591E1129F2
:1071A00000D9DEE1079249007944898849008F447B
:1071B000C50002010F01990099001F0164017501CA
:1071C0007C01B901A600A600B8001100B0001100B2
:1071D0001100B000C00600D5A7E0A28861880A208F
:1071E0002B4600F02BFA002800D0B4E1A07911283A
:1071F00000D1B2E1637A21690891102800D0D0E172
:107200000693A889401C81B22846F7F7DEFD059059
:10721000A889C01C81B22846F7F7D7FD0026A289AD
:107220006988491F9142049000D0CFE13846069901
:107230004843089A10188068618941182846154605
:1072400000F02EFA069B0390C4E1164689E109A9D5
:107250000FAA0EAB284600F02EFA00282BD02846A5
:10726000F5F7AAF90EA80078122808D16088042141
:10727000F5F72EFD8188012292020A438280A079CF
:10728000012804D1089B99880422914399800EA972
:1072900009780A2908D0072902D10A2800D175E700
:1072A000217810220A4322700E2800D171E710289D
:1072B00000D16EE76AE709A800780790A388628882
:1072C0000FA8008821460EAC2478009001940C464B
:1072D000022011461A46079B00F008FA0028BED08B
:1072E00006463EE1A28861880A202B4600F044FA57
:1072F000002800D02FE1284600F070FAC8E0A288EC
:1073000061880A200B2B00D020E12B4600F07CFA8C
:107310001FE1A2886188022000F0A8FA002800D0AE
:1073200019E12846F5F748F917E16089002800D1EE
:1073300013E1002626720F20A07112E1A889401CDB
:1073400081B22846F7F741FD0646172800D81726D0
:10735000B348008A8642089F00D30646B888C00614
:1073600014D5F888B04211D03B460833422003219F
:107370000222F7F73BFD002800D0ECE02078102136
:1073800001432170B88804218843B8802078C00662
:1073900000D5FE88618802203246FFF7A5FD00284F
:1073A00000D0D8E0FE80B888082101430420814342
:1073B000B9802046DCE0A28861880A202B4600F0D4
:1073C00091FA002800D0C6E0284600F0BDFA0BE094
:1073D000A28861880A202B4600F0CCFA002800D051
:1073E000B9E0284600F0F8FA8C49884253D1B4E05D
:1073F000284600F0FEFA089060890EA90880204611
:107400000C30079009A80C3005900FA8401D06907D
:107410000026F7B20FAA2846394600F0F1FA0028F4
:1074200000D0A1E00898072805D109A8102101740F
:107430000222059803E009A8802101741022069910
:10744000ECF792FD0EA80FA90222ECF78DFD09A81A
:10745000079900F0F1FA00280DD1A28861880898F8
:10746000009001954743B81C83B2022000F014FB42
:10747000002800D082E0761CCBE7A28861880A2031
:107480002B4600F05FFB002865D1284600F08CFBFE
:107490006189884261D2401C208161E0A2886188B4
:1074A0000A202B4600F09AFB53E0284600F0A1FA90
:1074B000064606946088FFF7F5FB0890022468886A
:1074C000A3B2834253D2089801280ED1A88900198B
:1074D00081B20FAF284632463B46F7F759FC5E2093
:1074E00031463A46FFF7C0FB1AE0069FBA88798812
:1074F00000960195022000F0CFFA00282BD1387FAA
:1075000010280DD10698008B4249884208D1069870
:1075100040880421F5F7DCFB81883F4A11408180D7
:10752000A419CCE7A28861880A202B4600F088FBCA
:10753000002810D10898C088411E6888401E82B279
:1075400091420AD861890818608109E02B4600F051
:10755000A9FB002801D0842603E0204600F062F851
:10756000079E304615B0F0BD0EA800880AE00698C8
:1075700000F058F82846F5F71FF8F1E70E98401E7E
:107580000EA90880618982B28A4202D2401C208101
:1075900002E0204600F046F82846F5F70DF80026F0
:1075A000DFE76189089AA0894018608180B25F4353
:1075B000D11989888842D3D1207A401E984224D993
:1075C00000266681607A401C6072CAE7F04303902F
:1075D000069B089D394659436A5A2846059D95429F
:1075E0000BD1024641184A8861898A18049DAA4233
:1075F00003D1024603980028D5D026720F20A0712F
:107600002078102101432170ABE7012020720F2068
:10761000A071A5E72A2B0000FFFB0000FFFF000080
:10762000DC0C002080B5017808220A4302700C208F
:10763000F1F722F9E9F74CFE80BD0000F8B50546E8
:10764000C00621D40E46134800684A21405C00243D
:1076500000071AD5174600930F4800686907C90E3E
:10766000401800690E2203232946F4F78BFD0028F9
:107670000DD001460098C8604F810E8107484860D0
:107680002846F4F7DBFD00E086242046F8BD0724F9
:10769000FBE7C046D40D0020C40D0020C99B051097
:1076A00080B50B4642888189491D89B2521F92B22A
:1076B000FAF71CF880BDFEB50E464188052912D1A7
:1076C0001C4615468189052201AF3B46F7F760FB52
:1076D00078783070B878F97809020818288002980C
:1076E00020700020FEBD8620FEBD0000F8B50446D7
:1076F000C00608D40D461E4800684A21405600289E
:1077000004D4002700E086273846F8BD1F461646F9
:10771000184800686107C90E401800695D220423FB
:107720002146F4F72FFD002820D00146079A06983D
:107730000090C8730E738D720C234B7211230B7261
:1077400038460027CF710A238B714A748873FF2251
:107750004A7182220A710098000A0874300A48733C
:10776000280AC8722046F4F769FDCDE70727CBE762
:10777000D40D0020C40D0020F8B50546C00621D464
:107780000E46134800684921405C002480061AD543
:10779000174600930F4800686907C90E4018006932
:1077A000092203232946F4F7EDFC00280DD00146F9
:1077B0000098C8604F810E81074848602846F4F75A
:1077C0003DFD00E086242046F8BD0724FBE7C046C7
:1077D000D40D0020C40D0020819D0510BCB50446C9
:1077E0008089401C81B22046FDF7CDF86188081AD7
:1077F000A189401881B2022201AD20462B46F7F73D
:10780000C7FA2888BCBD0000F8B50546C00621D4DB
:107810000E46134800684A21405C0024C0071AD075
:10782000174600930F4800686907C90E40180069A1
:107830000C2203232946F4F7A5FC00280DD00146AD
:107840000098C8604F810E81074848602846F4F7C9
:10785000F5FC00E086242046F8BD0724FBE7C0467F
:10786000D40D0020C40D0020119E0510F8B504466B
:10787000C00608D40D46194800684A21405CC0067D
:1078800003D4002727E0862725E016461448006821
:107890006107C90E401800695B2203232146F4F7F3
:1078A00071FC002816D00146067385720C204872C0
:1078B0000D2008720027CF7106208871FF204871C3
:1078C00082200871300A4873280AC8722046F4F7EB
:1078D000B5FC00E007273846F8BDC046D40D0020AF
:1078E000C40D0020F8B50546C00621D40E46134845
:1078F00000684A21405C002480071AD5174600938F
:107900000F4800686907C90E401800690D2203235B
:107910002946F4F737FC00280DD001460098C860CE
:107920004F810E81074848602846F4F787FC00E045
:1079300086242046F8BD0724FBE7C046D40D00206E
:10794000C40D0020F19C0510BCB504468089401C84
:1079500081B22046FDF717F86188081AA1894018FE
:10796000801C81B2022201AD20462B46F7F710FAA7
:107970002888BCBDF8B50546C00621D40E4613487C
:1079800000684921405C0024C0061AD517460093C0
:107990000F4800686907C90E4018006908220323D0
:1079A0002946F4F7EFFB00280DD001460098C86087
:1079B0004F810E81074848602846F4F73FFC00E0FD
:1079C00086242046F8BD0724FBE7C046D40D0020DE
:1079D000C40D0020A19A05101CB581894288511858
:1079E000891E89B2022201AC2346F7F7D1F920881B
:1079F0001CBD80B58189491C89B2FEF724F980BD80
:107A000070B514460E4605468089401C81B2284652
:107A1000FCF7B9FF02464643B01C6988884208D289
:107A2000A989081881B228462346F7F7B1F9002042
:107A300070BD862070BD000070B58AB00C4601464E
:107A400005AD142628463246ECF78EFA68462146E4
:107A50003246ECF789FA287C802807D005AC0D491E
:107A60000C222046ECF780FA0020E0816846007C7A
:107A7000802807D06C4607490C222046ECF774FAA0
:107A80000020E08105A869461022ECF778FA0AB0D8
:107A900070BDC046EFD20510F0B587B00546C006F0
:107AA00043D40E46244800684B21405C00248007E4
:107AB0003CD5049205930C9A204800686907C90ECA
:107AC000401800691E490692511803220A431132D8
:107AD00091088BB25E222946F4F754FB002828D087
:107AE00007460D990698009003910191381D314683
:107AF000049A059B00F008F9280704D50398F4F7C9
:107B00005BFDF72005400C20787212203872FF20B0
:107B10007871822038710698C01DB871000AF8711A
:107B200028463946F4F78AFB00E08624204607B051
:107B3000F0BD0724FAE7C046D40D0020C40D002094
:107B4000FDFF0300FEB50446C00624D416461348C4
:107B500000684922805C002500071DD51F46019161
:107B600002950F4800686107C90E40180069072593
:107B7000032321462A46F4F705FB00280CD00146D2
:107B8000C760468101980881064848602046F4F79E
:107B900055FB029D00E086252846FEBDD40D002041
:107BA000C40D0020199B0510BCB504468089401CFB
:107BB00081B22046FCF7E7FE1121C943012800D11C
:107BC0000E3160884018A189081881B2022201ADE7
:107BD00020462B46F7F7DCF82888BCBDF8B50546EB
:107BE000C00621D40E46134800684921405C002499
:107BF00040061AD5174600930F4800686907C90E5A
:107C0000401800690A2203232946F4F7BBFA00282A
:107C10000DD001460098C8604F810E81074848602A
:107C20002846F4F70BFB00E086242046F8BD072425
:107C3000FBE7C046D40D0020C40D0020099F0510AD
:107C4000F8B50546C00621D40E4613480068492100
:107C50004056002400281AD5174600930F480068A4
:107C60006907C90E401800690B2203232946F4F75F
:107C700089FA00280DD001460098C8604F810E8116
:107C8000074848602846F4F7D9FA00E086242046E1
:107C9000F8BD0724FBE7C046D40D0020C40D00202A
:107CA000759C0510F8B50546C00621D40E4613484C
:107CB00000684B21405C002440071AD5174600930A
:107CC0000F4800686907C90E401800691322032392
:107CD0002946F4F757FA00280DD001460098C860ED
:107CE0004F810E81074848602846F4F7A7FA00E064
:107CF00086242046F8BD0724FBE7C046D40D0020AB
:107D0000C40D00208D9E05107CB51D4604460272F0
:107D10008171100A6072080AE071079EB089C0186C
:107D200081B2022201AB3046F7F732F80698801E86
:107D300020730199A172090AE172B1896918891C3D
:107D400089B20D34C2B230462346F7F721F87CBD24
:107D5000F0B589B017460D460646007874880428A9
:107D600045D0032877D17168086A00287DD00A7D44
:107D7000102A74D1098A494A914270D10097012191
:107D800007AA08AB284600F08DF800286ED1288895
:107D9000F9F766FE07AA117807230B4005931370C5
:107DA0007168096A8B683E49C97A49084A1C0421EE
:107DB000049003920293F9F765FE059A014611407B
:107DC000814257D10298009004210498039BFCF74C
:107DD000E1FE7068006A0078C0073AD02E88284615
:107DE000F4F771FF024608A8008807A94CE0716803
:107DF0008869002839D00A7D102A30D1098A264A9C
:107E000091422CD10097022106AA08AB284600F027
:107E100049F800282AD106A8008805907088801E9D
:107E200081B20220FCF71CFB002821D005998907AC
:107E3000890E406800780840884219D106A8028857
:107E400028883146FCF724FF706880690078C007F5
:107E500012D100200AE003203870862006E0214677
:107E60002A463B4600F042F800E0842009B0F0BD0D
:107E7000FD20F1E71320EFE72E882846F4F723FFD3
:107E8000024608A8008806A9009001910220314608
:107E9000234600F057F8E9E702290000292B0000EB
:107EA000DC0C0020F8B51D4614460F460646F9F7CF
:107EB000D3FC0E21C943D22800D00C317088081899
:107EC00082B20699BA4205D90D2008700020288098
:107ED000862709E000270F702880B089C01C81B276
:107EE00030462346F6F754FF3846F8BDFEB5164631
:107EF0000C46054682688188009302AB3046FFF746
:107F0000D1FF002800D0FEBD2878810703D4A988BE
:107F100002AA118001E002996980C00701D1002006
:107F2000FEBD37883046F4F7CEFE024602A8008830
:107F3000A9680090019102203946234600F002F81A
:107F4000FEBD0000F0B585B00546C00645D4264804
:107F500000684924005D0024C0073FD002930392CB
:107F600004910A9E214800686907C90E40180069FB
:107F7000711E03220A43113291088BB258222946FE
:107F8000F4F700F900282CD007460B9801903E74B6
:107F90000299B973039B3B73049ABA72300A7874DE
:107FA000080AF873180A7873100AF8723846123003
:107FB00001993246EBF7D8FF0C2078720120387215
:107FC0000A36300AF871BE71FF207871822038714C
:107FD00028463946F4F732F900E08624204605B0F9
:107FE000F0BD0724FAE7C046D40D0020C40D0020E0
:107FF000F0B589B0054604AC284914222046E9F7BB
:1080000085FD0120264E31462246FCF7A4FD0024C2
:10801000002804D0014628688288120603D4274627
:10802000384609B0F0BD2A79FE2313408627042B79
:10803000F6D000890122029200F038F88128EED0B3
:1080400028688188CA0502D500F05EF8E7E7029A41
:1080500014022143818028790228E1D1288901284E
:10806000DED16889B042DBD1EA68107C1028D7D114
:1080700090890C498842D3D101203146FCF76BFD31
:108080000028CDD003A80480296809890090012028
:108090000027054B3A46F4F78FFDC1E7080F04109F
:1080A000FFFF00002A2B0000A3BC051070B586B0AE
:1080B00014460E46054601A810491422E9F726FD8C
:1080C000002E07D101200E4901AAFCF744FD064607
:1080D000002810D02846F9F7C3FC7168096A8B683C
:1080E0000849C97A49084A1C0421F9F7CBFC204207
:1080F00001D0002000E0812006B070BD080F041000
:10810000FFFF0000DC0C0020E0B5C121490001AAFE
:1081100011800189009201200022024BF4F74CFDEE
:108120008CBDC04697BC051070B58AB0044605AD3D
:108130000DA1142628463246E9F7E8FC68460FA14F
:108140003246E9F7E3FC20462946FFF775FC002894
:1081500007D069462046FFF76FFC01464042484180
:1081600000E001200AB070BDFB349B5F80000080FE
:10817000001000000028000010000000FB349B5F8E
:1081800080000080001000000128000010000000A6
:10819000B0B58AB004468088000601D400254BE0C3
:1081A0000120010209AA1180218900920025244B97
:1081B0002A46F4F701FDA18889073DD400283BD168
:1081C00004AD204914222846E9F7A0FC01201E49ED
:1081D0002A46FCF7C0FC002812D00546FCF78CFDAF
:1081E00000280DD001462089F9F72DFC800712D414
:1081F000208900210122FFF759FF054681281BD164
:1082000009A8802101802189009001200022104BC3
:10821000F4F7D2FC0FE00D48039001AA042050802F
:108220006888108003A80290618920890092022248
:108230000123FEF795FE054628460AB0B0BDC046AC
:108240008BBC05101C0F0410FFFF00000100FFFF96
:1082500097BC0510FEB50C46054622201249029037
:10826000085C00270326114B0195C1B28F4219D239
:108270001968496B8A19D21E1288AA420FD1FF2CA5
:1082800002D0895DA1420AD1F8B225461C4600F011
:108290000FF823462C46019D02980349085C3436AA
:1082A0007F1CE2E7FEBDC046DC0C0020D00D0020A4
:1082B00070B5044622201049085CA0421BD90F4D1E
:1082C000296830200A5C521C0A543422544330314D
:1082D0004868001983781B0705D5C378112B02D392
:1082E0004B785B1E4B7046890021EBF741FE2868F6
:1082F000406B0019468170BDDC0C0020D00D0020C1
:1083000070B514244443144D144800684821405C5F
:10831000000713D52868C06A065B114800688069A9
:10832000062202210B46F3F72DFF002806D0014656
:108330000C4848600E810220F3F780FF2868C06A6D
:10834000011900228A718A78F92313408B70005B2F
:10835000FF21FFF77FFF70BDD00D0020D40D00205E
:10836000C40D0020F5C90510FEB50446F2F7E8FB80
:1083700005462C20285CFE210140022958D1029498
:108380002F46E6373A79D00619D4F02401921440EA
:1083900001212846F2F730FF064600212846F2F771
:1083A0002BFF304306D00298F2F798FF002801D146
:1083B00020200443019A10262643788827E0C0260F
:1083C0001C4800683921405600281CD5688F019050
:1083D00019480068806942211446232202252B4651
:1083E000F3F7D0FE224600280DD00146019AC27153
:1083F00085715720487104200871100A08724220C4
:10840000F3F71CFF2246164078883988081A0A2399
:10841000434372B638798242029902D1032006435F
:108420003E7162B603480068A0300122F2F7EFFE09
:10843000FEBDC046D40D0020C40D002080B5044907
:1084400009689022895848310522EBF78DFD80BDDF
:10845000D40D0020F8B51E4614460D460746FBF71E
:1084600049FAFF23062C24D80246C0467C442479CE
:108470006400A744030D1E071E1E1400012D01D128
:10848000132316E0384629461C4600F015F804E090
:10849000002138461C46FCF781FC234609E00120F8
:1084A000707003203070012D01D1122000E01320E4
:1084B000B0701846F8BD0000F0B585B00491002AF0
:1084C00030D0144606465720870035467D43304657
:1084D000FBF768F903901449096890228958C96B21
:1084E000486843190C22049D55435D1911231B0153
:1084F000ED58A5420CD1154604994D4303994919ED
:10850000019149790291FE2502990D4001994D7121
:10851000049D6A437743C1198918CA1803982146F4
:10852000FBF750F905B0F0BDD40D0020F0B585B0D3
:108530001F4614460E460546F2F702FB0246284641
:10854000039631461646FBF7D5F9611E062973D806
:10855000034630462C30C0467944097949008F449F
:1085600003036B296B2E5A000078032864D1029311
:10857000F81C044600F063F8002855D0387A0190C2
:108580007F7A05222046029C2146F8F7A0FA38029D
:108590000199401882B23046214600F06BF8022261
:1085A0002846039C214600F071F82846214600F039
:1085B00081F841E0B878012831D02A2130E03146F5
:1085C000FA310A88318FC08A1C4600F083F804A96A
:1085D00001910880204602942946FFF72FFF0120D1
:1085E000B8700820787003203870F91C05222046E6
:1085F000F8F76DFA08370222019C20463946F8F751
:1086000066FA22883046029900F034F82846039929
:1086100000F067F810E0284603991A460AE0232183
:10862000304600F06DF807E02846F7F7D9FA2846FB
:108630000399029AFFF740FFFF2005B0F0BDB0B5E7
:10864000014600791F2811D8002002460346252A3A
:108650000FD007241440D5084D5DE540EC0703D04A
:108660005B1CDCB2022C03D0521CF0E70020B0BD32
:108670000120B0BDA823C150092149014252401830
:10868000817908220A43827170470000B0B5144610
:108690000D46FBF787F8022C09D80C2169434018D6
:1086A000401DE100024ACA40017811430170B0BD8B
:1086B0000204080010B50C46FBF774F8817F012214
:1086C0000A4382770C2161434018417940220A43D2
:1086D000427110BD491C514306224A43101880B212
:1086E000704710B50C244C43F2F72AFA0119FF2207
:1086F0000E328B5C40241C438C5400F00FF810BDEC
:1087000010B504462D2021544B2080002018FDF781
:108710004AFB2D34207DF3F787F910BD882140589E
:10872000018804220A43028070470000F0B591B02E
:108730000B9314460E460746F2F702FA05460C97CD
:1087400038460A963146FBF7D5F80646601E0628DD
:1087500000D9D4E02F462C372C46FA3478440079DF
:10876000400087440303CC1ECC2C7C0038780328BF
:1087700000D0C4E00B9F7B893A89F88824880021C7
:10878000009101910294099001460892079300F02C
:1087900009F900280C9C00D1B4E02046F7F720FA34
:1087A000A8E00B98807823210F280A4600D02A22BF
:1087B000002800D011462846FFF7A2FF9FE00B9843
:1087C000801C0890F2F7B2F909902288298FF88A64
:1087D000FFF780FF07462820012107913154308B95
:1087E000718B081840081090B08B0590F48B0DA881
:1087F0000C99017110A90F910D9600F0FFF81098D7
:10880000308306973904091904910C230B9F7B7060
:1088100003233B7005990F0407430898604A84C0FE
:10882000049A026058022203F160326107994902FA
:1088300003C609980068718B0902083E884200D37C
:108840000846706110984002B06028463146069A8A
:1088500000F0D5F80C980A99FFF743FF4FE0282065
:10886000305C00280C9C45D00DA804710D9600F0DA
:10887000D1F8494800683621415C890634D5363044
:10888000407A400730D5F08B0B90B08B0990308B3D
:1088900008906D8F414800680069802124220424DB
:1088A0002346F3F76FFC00281ED001460B304D72B3
:1088B000089F07700795099D4D730B9B037100225C
:1088C0000A720322CA710A228A713E224A710C710D
:1088D000079A120A8A723A0A42702A0A8A731A0A94
:1088E00042718020F3F7AAFC00210C9C20460A4626
:1088F00000F091F820460A993246FFF7DDFDFF208F
:1089000011B0F0BDF878002800D146E70999491E5A
:10891000082900D3082181420B9900D23DE78A88BB
:1089200009998A4200D938E70799F183089FB783EC
:10893000099B3383738309035B02520240028DC695
:108940003160EA6C0120103E9A4209D1AA6E914230
:108950000B9F06D1288F0899081A411E884100E014
:108960000B9F28217054099810900DA8047110A92C
:108970000F910D9600F042F8BA892846314600F072
:108980003EF8022220460A9D2946FFF77FFE204638
:108990002946FFF78FFEB2E7D40D0020C40D00205A
:1089A0000003010070B50446134800682D25465D9C
:1089B0001220A6421CD81925ED01AC4218D88E42CF
:1089C00016D8A94214D8A14212D394087C2C0FD8EF
:1089D000059C049EB4420BD30A2B09D3AB4207D8A3
:1089E0000698521C4A4342439008834201D8122001
:1089F00070BD002070BDC046C00D00207047A4238C
:108A0000C1500921490142524018817904220A4388
:108A1000827170477047B0B515460C46F2F790F872
:108A2000E621435A002D1A4600D02246C46C014666
:108A3000E6318D8A6543008F0A306843000B84B2AB
:108A4000641D944200D3224694B2A3420BD04880C6
:108A50000A800879012806D0022008711320EFF758
:108A60000BFFE8F735FCB0BDF0B58BB01C461646E1
:108A70000F460546F2F764F8024607952846069722
:108A800039461746FAF736FF3B46052E07D13D21FA
:108A90001846FFF735FEFF2630460BB0F0BD024604
:108AA000014628313D462C352878022826D1087801
:108AB000401EFF260B28EFD80F46400078448088E0
:108AC000400087440B0097009A00B400BC00C0002F
:108AD0001B011F0145015301600163010A20A070C1
:108AE000012161700320207007980A461C46FFF799
:108AF000CDFD204600F0E2FA022042E1012E059170
:108B00002AD100204870164600271D4618463946CF
:108B1000F2F772FBA178032950D1002863D1E01C41
:108B20003146303108220292174B984720460B30CD
:108B300031462E310222144B984720460D303146E3
:108B4000029A114B984715342036042220463146AC
:108B50000D4B9847052135E04878FF260D289BD816
:108B6000E537400078448088400087440F001000BB
:108B700053015C0165018801C701D8012402EA01A3
:108B80002902F6010E021B02CF0A0510BBE70B20DB
:108B9000A0700122627003202070022005994870A5
:108BA0000024079821461D46FFF770FD284600F077
:108BB00085FA2846214600F088FA6DE7012812D18F
:108BC00001273946284605AD34CD5170177100F0A4
:108BD0008DFA002228462146FFF758FD28462146F7
:108BE000FCF7DCF857E7079806993246FFF764FC74
:108BF0002B464CE70320387013E1A0780B2800D0F7
:108C000045E704203870022118461D4600F05DFA41
:108C10000124079F38462146FCF7C0F80022384659
:108C20002146FFF733FD284600F060FA34E70B20B9
:108C3000A07001206070032020700520A1E00620B4
:108C40003870012185E102962546A61C00242046A5
:108C500003930492FA498847069009902046F84900
:108C60008847F7490A9020468847044617206870CD
:108C7000032028700894387A0002797A0904401891
:108C8000B97A09064018C01C3060049D284633306C
:108C900000F034FA706006980006E98D09020818A1
:108CA000F97B4018B06009AD681C00F027FAF0604D
:108CB000200669794018A97909024018E979090460
:108CC0004018306108AC6078A17809020818E17892
:108CD000090440187061029E08222846049D294616
:108CE000F7F7F5FE2035042220462946F7F7EFFE78
:108CF00007203870012107980A46F9E008203870EB
:108D00000426C9E6A07811285BD0072859D00D2881
:108D100057D0042800D0BAE609203870E01C11466C
:108D20000831164608221F46F7F7D1FE0B343146AC
:108D3000243104222046F7F7CAFE2E6601210022C4
:108D40000798FFF7A3FC384600F0D0F90526A3E604
:108D5000A078112843D00D2841D0052800D096E6F0
:108D600001210798FCF71AF80A200AE00620A070F3
:108D700001206070032020700221184600F0C9F91C
:108D80000B20387088E60C20387017E1A078062890
:108D900000D07CE6049200203870C34800682C2183
:108DA000405CC007C10E6F20C04348401D465A8F2B
:108DB0003979C0B2012900D012E1114600F0BAF9A8
:108DC00012E1B94800682C21405C0001C0438021B9
:108DD00001439020084017465A8F1A210CE0B248F0
:108DE00000682C21405C0001C04380210143902099
:108DF000084017465A8F06211D46002300F0CCF983
:108E0000284600F0FBF9284600F000FA079806997A
:108E10003A46FCE00320059948700121184600F00D
:108E200054F90B2638E6A0780B2800D02FE6042052
:108E30000599487003262FE6A078032800D026E67F
:108E4000052005994870E01C114630310825174669
:108E50002A46994B984720460B3039462E3102223C
:108E6000954B984720460D3039462A46924DA847E3
:108E700015342037042220463946A84768E00027E9
:108E800006978C4D384603930492A84709903846BC
:108E9000A8470A903846A84704210191A1700D21E6
:108EA0006170032121700890E11C09A800900296CE
:108EB0000826814B324698470B3408AF3846214686
:108EC000019D2A467C4B9847049C21460831009816
:108ED0003246029E784B9847774B243421463846D9
:108EE0002A46984706200599487001220798069956
:108EF000FFF7CCFB039800F0E1F8CDE56B48006884
:108F00003621415C890604D53630407AC00600D54A
:108F10008BE000210798FBF741FF0D27C1E0059F7B
:108F2000F878002876D00520A0700120607003201A
:108F300020702A660021184600F0EBF808207870AF
:108F4000AAE5A078062800D0A1E50A200599487076
:108F500000210798FBF722FF9EE504920020059D63
:108F600001906870504800682C21405CC007C10E19
:108F70006F20C04348405A8F297901290393C0B21A
:108F800034D1114600F0D6F834E01846154600F00A
:108F900035F9079806992A46FFF78EFA00200599B9
:108FA000487079E5204619461C4600F039F90C2036
:108FB0000599487035E009200599487006266BE54B
:108FC00006202146A07001244C70032008700B205D
:108FD000059948701846214600F09BF83C705BE507
:108FE0000021012300F0D8F8069C07E000210123AE
:108FF00000F0D2F8039D069C01993970284600F0D4
:10900000FDF8284600F002F907982146049AFFF778
:1090100053FA41E5204619461C4600F001F90C20A0
:109020007870204600F0F2F836E51F4800682C21E1
:10903000405CC007C00E0296154603D0192202E01C
:1090400007A705100A226F21C9434840C1B2E88D25
:1090500001905C8F1648006800690423079106930D
:10906000F3F790F8072700281AD006460472200A62
:10907000707230460A30303508222946EAF774FF0C
:109080000199080AF074B1740520F0710D20B071D7
:109090003E2070710698307107983146F3F7CEF88C
:1090A000029E05984770F7E4C00D0020D40D002003
:1090B000C40D002007A70510CF0A051088214058CD
:1090C000018880220A430280704788228058002944
:1090D00007D0012903D0018840220A4302802021C1
:1090E00000E0402102880A430280704788214058EE
:1090F0000188012212020A430280704701784278F7
:1091000012025118827812048918C07800060818D3
:10911000704788228058002907D0012903D0018890
:1091200010220A430280082100E0102102880A432D
:1091300002807047B0B50D460446C00606D41448F8
:10914000006834214056002804D4B0BDBF2004403C
:10915000072200E017220F4800686107C90E401877
:10916000006902232146F3F70DF80028EDD00146EF
:1091700005720020C87103208871302048710420D6
:109180000871280A48722046F3F758F8B0BDC04667
:10919000D40D0020C40D0020F8B51E4615460F461C
:1091A0000446C00606D4134800682F214056002804
:1091B00004D4F8BDBF200440062200E016220E4869
:1091C00000686107C90E4018006902232146F2F7C2
:1091D000D9FF0028EDD0014605728672C7710420C0
:1091E000887108224A710871280A48722046F3F7EC
:1091F00025F8F8BDD40D0020C40D0020882140586A
:1092000001888022914301807047000088214058E6
:109210000188024A0A4002807047C046FFFE0000F3
:1092200070B504460326067002252846FAF7B0FBFF
:10923000002804D0062020711120354601E00626C2
:109240000D20E670A070657070BD0000F0B5C7B06D
:109250001F46154604460791FAF74CFB0890204636
:10926000F1F76EFCFF22062D00D962E10646069456
:1092700049208000331834462C346D007D44AD887D
:109280006D00AF440600100056012900560156013A
:109290005E000799012962D108984079002800D121
:1092A000A8E02C2245E11446B8780E2801D0082801
:1092B00077D1F8780021089A51719071FA1CB8782A
:1092C000082806D11078000703D41888202101430C
:1092D0001980002040216CE0B878072800D18BE08D
:1092E0001F212C2800D194E0092800D0BFE004936E
:1092F0000592FD1C0020402102902A46334600F0D2
:109300001DF908980079C10707D0089C2068002241
:1093100008232946F9F723FD20798007089D07D502
:10932000E879002804D00A203856002800D5F8E053
:10933000049B188820210143198002990391059A02
:10934000ADE003203870089E7079002805920AD09D
:109350001B2078700798012833D02C2032E0069823
:109360001446089AD9E0092006907870FD1C002662
:109370000822284631460492EAF7FAFD3F210122ED
:1093800030462B4600F00CF9B879F7210140B9714D
:10939000079801286FD120780228059A78D104987F
:1093A00077E0387908994871C0214843803880B205
:1093B0007A1D334600F0C2F800210698FBF7EEFC58
:1093C000ADE02B20B8700124204600F047F9F8707A
:1093D000707938717D1D002118222846EAF7C8FDF2
:1093E0007079C0214843803880B222462B4600F075
:1093F000D7F89DE009229CE02078032843D1032080
:10940000314614461D4600F039F92B4622461A20F3
:109410003AE003911888202101431980089D697959
:109420003C798C423BD104930592C0214C43803C53
:10943000A0B27A1D0392334600F080F82879C00765
:1094400007D0E008F8220240286818230399F9F7AA
:1094500086FCEA79FC78A242069800D32246697914
:109460009142049B17D2491C697101215EE003916E
:109470000021089D13E00698B870F878089989795A
:109480000140F97054E01F200390089D697906E0BF
:109490000E20B8704DE000200390059A2146144636
:1094A0002879C0072CD00291049309ADF8212846F1
:1094B000E8F70AFB089840791823434308330898D3
:1094C000006800272946089D3A46F9F70FFC2868EE
:1094D0000321F7F7ADFF2F60728F2879800705D43D
:1094E000022009AB0399FAF7A3FA08E0687909A901
:1094F0000090019102200399029BFAF7DBFA049B8A
:1095000018882021014319800B480068417FFD2203
:109510000A404277069807992A46FEF7CDFF224671
:1095200007E06879401C687101210698FBF736FC5A
:10953000059A104647B0F0BDD40D0020FEB5029349
:1095400001920024154D00910E2C26D02E888642C3
:1095500020D3361AB7B28F421CD22606F10E072648
:10956000FB083740019AD35CFB40DB07264001270C
:10957000B740002B06D0029B5A1883235B00D65CB1
:109580003E4305E0029B5A1883235B00D65CBE4332
:10959000D6540099AD1C641CD6E7FEBD4CBC05102A
:1095A000FEB50093019202910646E320C4430027D2
:1095B000264A002C26D01019E621455AB5421ED362
:1095C00002998D421BD80199002906D03946204BBB
:1095D0001940162913D0252911D0E821405C00F04C
:1095E00061F81A4A00280AD0A81B0721014001226D
:1095F0008A40C008009B195C1143144A1954A41DE9
:109600007F1CD6E71348841C0027052F1DD0258812
:10961000B54217D30298854214D8A07800F042F8DA
:1096200000280FD00C480068007FF840C00709D020
:10963000A81B0721014001228A40C008009B195C39
:1096400011431954A41D7F1CDFE7FEBD68BB051044
:10965000FF7F0000261B0410D40D002010B500F081
:109660006BF80446403880B21821EEF7E5FA402C3A
:1096700001D3401C00E00020C0B210BD10B50C4664
:10968000FBF780FCC108C9B2012909D807221040A4
:1096900001228240601883214900435C9343435474
:1096A00010BD000010B50F2811D801460120C0469A
:1096B0007944097949008F440B070C0F1215181BC8
:1096C0001E24272A2D30333AEFF798FE31E0002090
:1096D00010BDEFF799FE2CE0EFF794FE29E0EFF7CD
:1096E00095FE26E0EFF78CFE23E0EFF791FE20E0F9
:1096F000EFF792FE1DE0EFF78FFE0446EFF788FECE
:1097000013E0F6F731FF14E000F066F811E0EFF730
:1097100085FE0EE0EFF784FE0BE0EAF723FC08E09D
:10972000EFF774FE0446EAF71DFC604301E0F9F729
:10973000DDFF411E884110BDFEB50190E320C64308
:109740000024214F2246002E20D0B819E621455A88
:1097500091B28D4217D902941446E821405CFFF77C
:10976000A1FF00280DD0019800282246029C06D0B7
:10977000204616490840162805D0252803D02A4639
:1097800001E02246029CB61D641CDCE71048841CE4
:109790000026052E16D0258890B285420FD917468F
:1097A000A078FFF77FFF002808D00A480068007FF4
:1097B000F040C0073A4602D02A4600E03A46A41DCF
:1097C000761CE6E790B2FEBD68BB0510FF7F000087
:1097D000261B0410D40D002000207047F0B585B082
:1097E0001C4616460F460546FAF784F802902846AE
:1097F000F1F7A6F9FF22062E00D9B2E00346C046D3
:109800007E4436797600B744031AAC25ACAC3F00F1
:10981000012F4AD1492080001C18185AC105029E08
:109820006CD52846314600F0A1F801212846324681
:10983000FEF742FE21884C480840FF225FE01E46AA
:109840000192284600F0A3F800283BD0284639466C
:10985000029A68E0A0780C2800D082E0E01C019217
:109860000522029E31461C46F7F731F92846394653
:109870003246FEF721FE608F314600F091F828460F
:10988000314600F073F850E0164604A830210180FC
:10989000012F50D149208100585A820547D5012116
:1098A0002846029AFEF708FE45E028463946144647
:1098B000029E3246FEF700FE2846314600F056F87A
:1098C00022464EE0E01C05220092029C2146F7F75A
:1098D000FEF831463C312046009AF7F7F8F8492067
:1098E00081007018715A0A060DD4012252021143E8
:1098F000018028463946FBF751FA16E00C228021F8
:10990000884320802DE00122120211430180708FD4
:10991000029C214600F044F82846214600F026F833
:10992000284639462246FEF7C7FD019A19E0591824
:109930008022104308801020E0700C20A0700620C8
:10994000607003202070211D04A802252A46F7F725
:10995000BEF803A820210180A11D2A46F7F7B7F819
:109960003246104605B0F0BDFFFE000010B50C46B3
:10997000F1F7E6F80146492080000A5A1023134304
:109980000B523C3105222046F7F7A1F810BD80B5F7
:10999000F1F7D6F849218900405CC006C00F80BDB0
:1099A00070B50C460546104800683021405C000741
:1099B00019D50E4800688069022121220323F2F79D
:1099C000E1FB00280FD00646001D2946224600F084
:1099D0000FF80820B0710C20707104203071022043
:1099E0003146F2F72BFC70BDD40D0020C40D0020D1
:1099F00001710023C370090A417111788171517896
:109A000093780372C171D178127982724172704772
:109A1000FEB50446AE20275C01253D40BA07D00FB5
:109A200028187907C90F4018401EC0B2AE34267CF2
:109A3000B0420FD1019201200290F7F7A1FE012E52
:109A40000AD0022E0ED1C0B20621EEF7F5F812A010
:109A5000405C12E0607C11E002990840002D04D1C6
:109A60000CA108E0B808381A07E00199002901D4D0
:109A700007A100E005A10818007860747100C2B267
:109A8000CA40032010402430FEBDC0460609000035
:109A9000070D00000B0E00001B1E272D363900009D
:109AA000B0B5FFB083B00C4605468B68CA8889887C
:109AB0006846801D00F01AF8280702D5A068F2F762
:109AC0007BFD6846817A8900CA1D8270120AC270C5
:109AD00005220271044A02800C2242710B31FBF70D
:109AE00099FA7FB003B0B0BD82FF0000B0B51C464C
:109AF0005B88150AC57082700A0A42700170591E8F
:109B00008A080271A589431D8AB2681C81B2204669
:109B1000F5F73EF9B0BD0000B0B5FFB083B00C461C
:109B200005468B68CA8889886846801D00F01EF843
:109B3000280702D5A068F2F73FFD6846C17A039A6C
:109B4000120251180A4609328270120AC2700422A7
:109B50000271054A02800C2242710D3189B2FBF775
:109B600059FA7FB003B0B0BD82FF000070B51C464B
:109B700005465E88100AE870AA70080A68702970A5
:109B80009889401C81B2184600F00EF8B11E0A0AEE
:109B9000AA7169712871A089EB1D8AB2801C81B2FB
:109BA0002046F5F7F5F870BD1CB51F2903D801AAAA
:109BB0001180406805E0406801AC2246F8F7DCFD02
:109BC0002188401800791CBDB0B5FFB083B00C46A9
:109BD00005468B68CA8889886846801D00F01AF897
:109BE000280702D5A068F2F7E7FC6846C1890A4653
:109BF0000C328270120AC2700C220271044B038074
:109C00004271103189B2FBF705FA7FB003B0B0BDE5
:109C100082FF0000FEB51C46174602910546588893
:109C200001909889401C81B21846F5F7CEF8064697
:109C3000A089C01C81B22046F5F7C7F80199491FD9
:109C40000A0A6A722972A871320A6A712E713A0A76
:109C5000EA70AF70029B1A0A6A702B70000AE871F2
:109C6000A0890A358AB2401D81B220462B46F5F7FD
:109C70008FF8FEBDB0B5FFB083B00C4605468B68CB
:109C8000CA8889886846801D00F01CF8280702D51C
:109C9000A068F2F791FC684641890A460832827052
:109CA000120AC27008220271054A02800C22427117
:109CB0000C3189B2FBF7AEF97FB003B0B0BDC0463E
:109CC00082FF0000B0B51C465B88150AC570827023
:109CD0000A0A42700170591E01710A0A4271A5896F
:109CE000831D8AB2681C81B22046F5F751F8B0BDD9
:109CF000B0B5FFB083B00C4605468B68CA8889882A
:109D00006846801D00F01EF8280702D5A068F2F70B
:109D100053FC6846C17A039A120251180A46093266
:109D20008270120AC2700A220271054A02800C2255
:109D300042710D3189B2FBF76DF97FB003B0B0BD50
:109D400082FF000070B51C4605465E88100AE87068
:109D5000AA70080A687029709889401C81B2184658
:109D6000FFF722FFB11E0A0AAA7169712871A08942
:109D7000EB1D8AB2801C81B22046F5F709F870BD50
:109D8000B0B5FFB083B00C4605468B68CA88898899
:109D90006846801D00F01EF8280702D5A068F2F77B
:109DA0000BFC6846C17A039A120251180A4609321E
:109DB0008270120AC27006220271054A02800C22C9
:109DC00042710D3189B2FBF725F97FB003B0B0BD08
:109DD00082FF000070B51C4605465E88100AE870D8
:109DE000AA70080A687029709889401C81B21846C8
:109DF000FFF7DAFEB11E0A0AAA7169712871A089FB
:109E0000EB1D8AB2801C81B22046F4F7C1FF70BD01
:109E1000B0B5FFB083B00C4605468B68CA88898808
:109E20006846801D00F01CF8280702D5A068F2F7EC
:109E3000C3FB684641890A4608328270120AC27022
:109E400009220271054A02800C2242710C3189B24A
:109E5000FBF7E0F87FB003B0B0BDC04682FF000062
:109E6000B0B51C465B88150AC57082700A0A42703C
:109E70000170591E01710A0A4271A589831D8AB2B7
:109E8000681C81B22046F4F783FFB0BDB0B5FFB0C7
:109E900083B00C4605468B68CA8889886846801D51
:109EA00000F01CF8280702D5A068F2F785FB684689
:109EB00041890A4608328270120AC2701E2202715B
:109EC000054A02800C2242710C3189B2FBF7A2F8DC
:109ED0007FB003B0B0BDC04682FF0000B0B51C46E5
:109EE0005B88150AC57082700A0A42700170591E9B
:109EF00001710A0A4271A589831D8AB2681C81B268
:109F00002046F4F745FFB0BDB0B5FFB083B00C46B6
:109F100005468B68CA8889886846801D00F01CF851
:109F2000280702D5A068F2F747FB684641890A4630
:109F300008328270120AC27007220271054A02803A
:109F40000C2242710C3189B2FBF764F87FB003B088
:109F5000B0BDC04682FF0000B0B51C465B88150A44
:109F6000C57082700A0A42700170591E01710A0A96
:109F70004271A589831D8AB2681C81B22046F4F71C
:109F800007FFB0BDF8B50446C00628D41F461646E4
:109F90000D46154800686107C90E40180069622225
:109FA00003232146F2F7EEF800281AD00146067383
:109FB00085720C2048721C2008723A460027CF7127
:109FC000072088718A73FF20487182200871300A47
:109FD0004873280AC8722046F2F730F902E0862753
:109FE00000E007273846F8BDC40D0020F0B5FFB0EB
:109FF00086B00C4605460B89CA8889886089A6897F
:10A00000276900900196029703A8801D00F01CF8B4
:10A01000280702D52069F2F7CFFA03A8C1890A46BA
:10A020000C328270120AC2701B220271054A028031
:10A030000C224271103189B2FAF7ECFF7FB006B002
:10A04000F0BDC04682FF000070B515460446059A73
:10A0500002720498A0712371A5702170160A6672AD
:10A06000000AE071180A6071280AE070080A60703E
:10A07000069881890A34491D89B22346F4F788FE7F
:10A0800070BD0000F8B50446C00620D41F46164631
:10A090000D46114800686107C90E40180069122278
:10A0A00005232146F2F76EF8002812D001460898E1
:10A0B000079A069B48610A82CB818F814E810D8170
:10A0C000064848602046F2F7B9F80020F8BD86201F
:10A0D000F8BD0720F8BDC046C40D0020ED9F051057
:10A0E000B0B5FFB083B00C4605468B68CA88898836
:10A0F0006846801D00F01CF8280702D5A068F2F71A
:10A100005BFA03990A460A3268468270120AC270E4
:10A110000E220271054A02800C2242710E3189B270
:10A12000FAF778FF7FB003B0B0BDC04682FF0000F1
:10A13000F8B51C4617460E46054658880090988983
:10A14000401C81B21846F4F740FE0099C91E0A0A65
:10A15000EA71A97128713A0AEA70AF70320A6A701E
:10A160002E70000A6871A08908358AB2C01C81B2BD
:10A1700020462B46F4F70CFEF8BD0000F8B5044667
:10A18000C00625D416460D46144800686107C90E5E
:10A1900040180069602203232146F1F7F3FF0028ED
:10A1A00018D00146067385720C2048721720087279
:10A1B0000027CF7106208871FF2048718220087126
:10A1C000300A4873280AC8722046F2F737F802E0CE
:10A1D000862700E007273846F8BDC046C40D00209A
:10A1E000F8B50446C0062ED41F4616460D4618483C
:10A1F00000686107C90E40180069612204232146E6
:10A20000F1F7C0FF002820D00146069808748F732C
:10A210000E738D720C224A7219220A722B46002587
:10A22000CD710A228A71FF224A7182220A71000AC4
:10A230004874380AC873300A4873180AC87220462E
:10A24000F1F7FCFF02E0862500E007252846F8BD6F
:10A25000C40D0020F0B5FFB086B00C4605460B7A61
:10A26000CA8889886089A689276900900196029723
:10A2700003A8801D00F01EF8280702D52069F2F718
:10A280009BF903A8417B827B120251180A460B32CC
:10A290008270120AC2701A220271054A02800C22D0
:10A2A00042710F3189B2FAF7B5FE7FB006B0F0BD4A
:10A2B00082FF0000B0B515460446059AC2710498A5
:10A2C00060712371A5702170130A2372000AA071B6
:10A2D000280AE070080A6070069881890934C91C50
:10A2E00089B22346F4F754FDB0BD0000F8B504462A
:10A2F000C00620D41F4616460D4611480068610767
:10A30000C90E40180069112205232146F1F73AFFD2
:10A31000002812D001460898079A069B48610A82D5
:10A32000CB810F734E810D81064848602046F1F7BE
:10A3300085FF0020F8BD8620F8BD0720F8BDC04687
:10A34000C40D002055A2051080B540690149FCF7F5
:10A350004DFD80BD39CA0510044800685821405E93
:10A360000D2141434031C8117047C046D40D002033
:10A37000034909683522895C0840411E88417047BD
:10A38000C00D0020F8B51F4616460D460446C0060F
:10A390000BD4174800683621415C890627D5363032
:10A3A000C07A800723D51F2202E0BF20044011227B
:10A3B000104800686107C90E401800690323214650
:10A3C000F1F7E0FE002812D001460F20C872FF20EE
:10A3D00088720F734E720D721220C8710620887138
:10A3E0003E204871042008712046F1F727FFF8BD90
:10A3F000D40D0020C40D002070B588B0044600289C
:10A4000005D06846FF212022E9F7B2FD04E02031A3
:10A4100068462022E9F7A8FD194800682C21405C15
:10A42000C007C50E01D10C220AE01648006836218B
:10A43000415C890622D53630807AC0071ED01B22A7
:10A44000122045401048006880690A232946F1F728
:10A4500099FE002812D0064604720930694620226F
:10A46000E9F782FD0920F0712220B0713E20707161
:10A470000420307128463146F1F7E0FE08B070BD87
:10A48000C00D0020D40D0020C40D002070B590B088
:10A49000044600280CD10D46204800686430202274
:10A4A000E9F762FD2035684640222946E9F75CFD60
:10A4B0001B4800682C21405CC007C50E1FD10B2231
:10A4C0001220454017480068806912232946F1F799
:10A4D00059FE00281ED00646047209306946402203
:10A4E000E9F742FD0820F0714220B0713E20707102
:10A4F0000420307128463146F1F7A0FE0AE00748F3
:10A5000000683621415C890604D536300921405661
:10A51000002801D410B070BD1A22D1E7D40D00205C
:10A52000C00D0020C40D0020F8B50E4605461548A4
:10A5300000683621415C890622D53630C07A400752
:10A540001ED51446104800684069A1212B22032320
:10A55000F1F718FE002813D00746467205720A303C
:10A5600006222146E9F700FD1320F8710920B87191
:10A570003E20787104203871A1203946F1F75EFE43
:10A58000F8BDC046D40D0020C40D00200548006869
:10A590008421415C84308078814201D8002070475A
:10A5A00001207047D40D0020054800688521415CDA
:10A5B00085308078814201D80020704701207047A3
:10A5C000D40D002080B50349C97A814201D3FDF73B
:10A5D00097FE80BDDC0C002080B540690149FCF786
:10A5E00005FC80BDC5A50510F0B58BB001930092A8
:10A5F000044641208500F9F78FFF01466059B422D7
:10A60000A25800F06FF80746A420205A00072546FC
:10A610009435002805D4012000F075F82E4901403A
:10A62000CF192646B4362046FBF77AFA2868698A9D
:10A63000002902D1F179012903D0C11B31D50028AD
:10A640002FD0B07900282CD0288A00071ED509A960
:10A6500000228A80099202A8012343763C23837654
:10A66000FF238375C2811D4B8382636F1C7A04763E
:10A670008281C27503910933029306920491F5F722
:10A68000BFFDB07B800701D5F1F7A9F90220FFF7E4
:10A690006FFE0124012809D16A8A002A09D03C21D1
:10A6A00008E00098076001980760022420460BB07C
:10A6B000F0BD43210A4800682C23C05C0001C04360
:10A6C000A1230343B12018402B7D9A1AD3B2AA7D4F
:10A6D000FFF758FEEAE7C046FF0F0000FFFF00004B
:10A6E000C00D002070B50346012400268B4225468C
:10A6F00000D335468018984200D33446254201D114
:10A700008842F1D370BDE0B501A8E9F767FC019874
:10A710008CBD0000F0B58FB00546FBF7EBF906469F
:10A7200000F0E8F807462C46A0340895C735079591
:10A7300000F0ECF8002F36D0059000F0F3F804900C
:10A7400000250E950D953078C0090DA90870481C9C
:10A750003146083106273A46E9F706FC0C950B9579
:10A7600030784006C00F0BA90870481CB11C3A464F
:10A77000E9F7FAFB069630780F270740052F01D13D
:10A78000E9F751FCE37B2279029509AE019608981E
:10A79000843000900BA8394600F0CEF841087E299D
:10A7A00009D8014608E0002300281E465CD1002697
:10A7B0002680012358E001213170089A526F1368F6
:10A7C0000D9EB34227D152680E9B9A42069E23D11A
:10A7D0000546FF3D6A1E9541032F1DD1FF281BD062
:10A7E000A0880125800717D50498012814D1607E20
:10A7F000012808D160893D4A904204D0C0B209AA1C
:10A80000521CFFF791FE0126079806700021089858
:10A8100000F0B9F825E0069EA088C0071FD0052FDC
:10A820001DD1304600F0DEF8012818D10A990998A8
:10A8300000F03EF941424141294001290FD10498DD
:10A8400001280CD109AA08983146E7F7B1FB002886
:10A8500049D0E9F7E8FBFF202077042540E00026F7
:10A8600026800598434243412188A27F002A17D0C1
:10A87000002917D1E9F7D7FB002507980570A07FBD
:10A88000401EA077A08803210140481E8141480056
:10A8900020800121089800F076F8E9F7CDFB1AE056
:10A8A000002912D00025002B15D1607C012801D091
:10A8B0000F4900E0462108981430EDF716FE208875
:10A8C000401E2080EDF722FD05E0E9F7ACFBE088B3
:10A8D000401EE0800325002E02D02088401E2080EC
:10A8E00028460FB0F0BD0026BBE7C046FCFF0000C5
:10A8F000EE02000080B504480068C068EDF758FD1E
:10A90000411E884180BDC046D80D002080B5044856
:10A910000068C068EDF754FD411E884180BDC04607
:10A92000D80D002080B5F2F7C3FE02480068007819
:10A9300080BDC046D80D0020F0B587B0CD1EFF21E8
:10A94000FD2425421CD1002A1AD00D9E0C990C68BA
:10A95000059406934B6882C8FF2000063C4684435A
:10A9600012C60393059802900698019068426841C8
:10A970000090C8B25207D30F3A4600F0BBF8014628
:10A98000084607B0F0BDF8B50D460446B120205C7E
:10A99000FBF7B8F806462746B137F87A3146EDF7A7
:10A9A00025FFF87A3146EDF7ECFEF87AEDF70EFF69
:10A9B0002046002D09D0FFF72BF80146F87AEDF775
:10A9C000A0FE2046EDF766FD01E0EDF70AFDEDF78C
:10A9D0009DFCFBF787F80246B87D214600F0BAF8E7
:10A9E000F8BD0000F0B587B00446007E617E090224
:10A9F0000D186A1E082A00D30822A07E0490E07E6B
:10AA00000390607D0121284F0191B8470646A07D43
:10AA1000E17D09020818002106912A46B8472B4615
:10AA2000029505463543214800682D21415C1920D7
:10AA3000C20118460592B8473B4606462E43039886
:10AA4000000204994718FF22F432384606999847C5
:10AA500005463543781C02994843800881B20A298B
:10AA600000D80A21207F627F12021018059A0E4E2C
:10AA7000B04705432320215C1F20084005211022F8
:10AA8000B047284301D006980CE0204622300078D9
:10AA9000C00606D11E202228F5D0215C401C0029CA
:10AAA000F9D0019807B0F0BD57C80510C00D0020BF
:10AAB000BFB50C460546F0F739F83221405C002856
:10AAC00001D0002011E00A48006890214058C06B76
:10AAD0000168086A496A03AA012300930192FE22D1
:10AAE00095432A462346FAF7E9F904B0B0BDC046BB
:10AAF000D40D002070B584B015460A460446002BDC
:10AB000007D00A9882421FD10B98684000021BD1DF
:10AB10001BE0099808990123002902D006461E402F
:10AB200004D1002911D1022108400ED00848006844
:10AB300090214158C868096903AE009301962B46DD
:10AB4000FAF7BCF9002800D1FF24204604B070BDFC
:10AB5000D40D0020FEB514464F6F002834D0CB6BC7
:10AB600042310888851DC0B202900420064620703C
:10AB70003878C00703D02078402101432170012E8E
:10AB800014D13E4608363078C00703D020788021A3
:10AB9000014321706570A01C791C06252A46E9F73F
:10ABA000E3F90834711C20462A460AE06570A01CAF
:10ABB000791C06221D46E9F7D7F9083420462946B4
:10ABC000029AE9F7D1F9FEBD0846A4300288500781
:10ABD00012D4032002408B6AC88D851DC0B202903A
:10ABE0000620022AC2D05042504140002070002A64
:10ABF00013D00193002605E00126267000200C25C5
:10AC000002900190F5F704FA002804D02178202062
:10AC10000843019BABE7019BAAE70226A8E70000D7
:10AC2000FEB50C468021415C49060CD48030218A57
:10AC30006288521A93B2458AAB4209D9207AF72228
:10AC40000240227201E0218A257B1020019005E05C
:10AC5000E069431E9841000101901546002902D188
:10AC6000207A800701D4012000E0022002900E48E3
:10AC700000688827C059001DE28951181F260E4020
:10AC8000A9198AB2A16900F011F860612573064B19
:10AC90001868C05930180199029A114381701868D8
:10ACA000C0593018C570FEBDD40D002010B5521E1D
:10ACB0001F2313439AB2531C9AB29A4201D0002226
:10ACC0000DE053090A460021541864684450091DD8
:10ACD0002029F9D1116820305B1E1C04F2D11046E6
:10ACE00010BD0000F0B585B004464126805DEDF74B
:10ACF0008CFC0546A05DEDF781FC92236D1EE9B248
:10AD0000274692377026032205290392049631467E
:10AD100005D869B28A001A4989581A4DAA5802946E
:10AD2000E35A7E88401EC5B2052D07D840B2800088
:10AD3000134D2C580494134D2858039093405818E1
:10AD4000000215210C012546E83540190E49ECF7A3
:10AD500073FF019003988640049830180002401950
:10AD60000949ECF769FF80B2F988814200D80846AA
:10AD70000199081800190299C86605B0F0BDC046CF
:10AD8000480F0410300F041071020000F0B599B0A4
:10AD90000646008E401C30862D20305C002808D0EE
:10ADA0004120345CE9F73FF92046F0F73DFE0426E8
:10ADB000B4E2FF2420460E303018089030462C3084
:10ADC0000B90354680353746AC373046E4300A9034
:10ADD000F1480068C068EDF7F3FA099000280C9577
:10ADE0000D963CD03C46374614363046EDF7F9FA1E
:10ADF0003046EDF7F1FA2878800775D40896384682
:10AE0000EDF7F4FA064628370B980078032800D0AF
:10AE1000A2E00898EDF7EAFA0546BE4213D0317871
:10AE200003200A460240032A08D1890600D40220E2
:10AE3000305C062802D10D98FEF7E8F90C9A1068EC
:10AE4000402101431160287831780143C80600D5BC
:10AE500088E00C980078C00600D581E08DE004946D
:10AE600005973046EDF7BDFA3046EDF7B5FA0EAC72
:10AE700000202076A0740790E07500F09FFC064645
:10AE8000C54F3868C068EDF77FFA0546401E85411A
:10AE9000354365753868C068EDF795FA0746401E7A
:10AEA000394681412174012D2BD1E9F7BCF80A9D67
:10AEB000A868002802D0C188491CC180E868002821
:10AEC0000B9C09D0607DEDF782FB4000E968081813
:10AED0009421425A521C425225460EA801248474E1
:10AEE0000C9A10680026DCE0E9F79DF813200B9916
:10AEF00048700020089948760873087004260A9C58
:10AF0000D5E1A54908680C46C068EDF751FA054639
:10AF1000401E294681410EA8039141740C9E317850
:10AF20004909012206928A4302752068C068EDF73C
:10AF30001FFA044698480068C068EDF721FA002C13
:10AF400078D03078C00600D582E0EDF7DFF93068C0
:10AF500010210143316080E02868402101432960CD
:10AF600001250DE0F9F7D8FA0D9A516C081A6168BD
:10AF7000401802D4D16E8842F2D2E9F754F8002585
:10AF80000D98F4F734FB02283DD10C9880680068D6
:10AF9000C10615D4400636D50B98407DEDF7C1FAB1
:10AFA0000C9B986801684022914301601868082151
:10AFB000884318601320EDF75FFCE6F789F922E07B
:10AFC000079500200F900E900B9D687DEDF7B7FA66
:10AFD000687D0EA9EDF7A3FB2878032803D10B9811
:10AFE000407DEDF7B0FB0C9B9868016810229143FF
:10AFF000016018680821014319601320EDF73CFC3B
:10B00000E6F766F9079DBE420A9F01D0388A78822A
:10B01000002D089806D02168EDF767FA00260C9DF0
:10B020003C4644E13C46B868032600280C9D00D00D
:10B030003AE13CE169426941424242410A4324D03B
:10B040000C9A10681021884310600026069622E0B2
:10B05000E8F7E9FF0EA8069981740A9D0B9C079EEC
:10B06000A868002802D04188491C4180E86800286F
:10B0700009D0607DEDF7ABFA4000E96808184A2175
:10B08000425A521C42520C9A06E0E8F7CCFF0EA836
:10B090003D2606760C9A0B9C254611682020084315
:10B0A000069C7942794189014023984340181060F9
:10B0B000002C05D00EA8047E002C44D1002644E0CC
:10B0C000079602930D981430EDF790F906460F900D
:10B0D0000178032001400EAC069161733178890636
:10B0E00000D40220305CE073F4F778FC20730D9AF2
:10B0F000916E51660123002F09D00C9909681940FF
:10B1000005D01624E8F78FFF0EA804761BE00C99F3
:10B1100089684978C907039A12D0110610D0069998
:10B12000032908D13D241228ECD8194681401B4838
:10B13000014205D1E6E77078002801D03D24E1E71F
:10B14000079C002C2ED06C7004260EA8407D002891
:10B150000A9C0C9D00D09BE00D98806C002875D057
:10B1600016A8F4F7F7FF012810D1EEF74BF90128E4
:10B1700053D10B9880780E214143094800689022F2
:10B180008058C06B80684018C07947E0E8F74BFFF3
:10B190000EA80121817459E0D80D0020020006009C
:10B1A000D40D002007930D981446EDF71FF90546BE
:10B1B0000EA800218175C17410950E912006019191
:10B1C00000D141E10B980078022815D13078297818
:10B1D0000143C8060BD5F9F79FF90D9A516C081A6F
:10B1E000116D401803D40D99C96E884204D2E8F756
:10B1F0001AFF0EA8012181747478002C00D123E17C
:10B200000C9800680825054000D1A0E0EEF7F6F89C
:10B21000012800D18AE01C2089E001200D9F7C6C70
:10B22000169DEDF71AFB281A7864B96C091B0818EB
:10B23000059A5168814201D9081A506000210D9881
:10B240008164416300F0C6FA0A9C0C9D0EA8007D43
:10B25000012803D10D99886E486604E01220EDF7AD
:10B260000BFBE6F735F8A068002802D00188491CDE
:10B270000180E06800280B9F07D0787DEDF7A7F9E3
:10B280004000E1680A5A521C0A52B87800F0D0FA1D
:10B290000EA8807C01280AD12868102188432860E4
:10B2A000A0680326002802D08188491C81800D985F
:10B2B00000F0BFFAF01E01281BD82F46ED68002DC4
:10B2C00019D00B9C607DEDF76BF9024629461031D1
:10B2D00001232846F9F75EFD607D0A9CEDF759F9D8
:10B2E0000146203508222846F5F7F1FB0020F860DA
:10B2F00001E0EDF70BF800F061FA099900290DD192
:10B3000000280BD1E8F77AFE7F2804D00546FFF726
:10B3100023F8281820700D9800F0A2FA0120F8F701
:10B32000C5F8E5F7D5FF304619B0F0BDFC20204246
:10B330000DD07078001F707002200A998871132058
:10B34000EDF79AFAE5F7C4FF0EA8407B0690069841
:10B35000032811D10EA8C47B022C0A9F18D10F9884
:10B360004078022814D10EA8012181750C9E306806
:10B3700002210143316041E00B9E307803280A9F8F
:10B3800016D17878002813D002200E9901434CE0A2
:10B390000D98F8F7A5F900280C9E1FD00B9C607D36
:10B3A000EDF751FA002D29D0607D00F05AFA25E022
:10B3B0000F9C6578EEF722F8012801D01F20049039
:10B3C000049828401FD005460D9801990167FFF7A2
:10B3D000DDF800281AD002200E9029E00B980078A2
:10B3E000032808D1272C06D10F9840780B2802D1CA
:10B3F0000EA80121C1750EA80121C17430688021F9
:10B400000143316017E001980E9014E02078800627
:10B41000C00F2A180D9C618F0798F4F7B9FA2067BE
:10B42000002801D0079900E002210E91880702D57B
:10B43000707DEDF708FA0F980078398A798220211B
:10B4400001400EA88173109D01210D9C204606919C
:10B45000F4F70AF922462832A76F002F11D0397A63
:10B4600009070ED5F96900290BD0854209D095420C
:10B4700007D014460C9A1168029B9943116022462A
:10B4800004E00EA9097C00290C9E17D08542079282
:10B4900018D095422AD07869B861397B019C3C73F9
:10B4A0003A8A511839828AB27B889A4219D2FA892B
:10B4B0005118C90617D10068B86114E0ECF726FFEF
:10B4C0000B9DE0E003210D9C2046F4F796F8204602
:10B4D000ECF77DFFA878272808D10EA80121C175B7
:10B4E00004E0FF6904240E9820430E900D9C204632
:10B4F00000F0C9F905462046F4F779F80EA98C7DCD
:10B50000002C20D101281ED101270D9D2846394647
:10B51000F4F7AAF8044628462146ECF77DFF207888
:10B52000800607941FD421462C46887827280C9E35
:10B5300048D002284ED1A06E0721089A505030689A
:10B540003843306046E0FFF72FF800281BD0ECF7B7
:10B55000DDFE0EA8407C00280BD00D9C0C9E0799A8
:10B560000B9D06980AE02C462846ECF750FF0C9EEF
:10B5700030E011200D9C0C9E07990B9D20852046E4
:10B58000ECF74AFF73E0002FE1D0012DDFD0012C52
:10B59000DDD0ECF7BBFE8848006888214058398A26
:10B5A000FA8951181F220A401018811C0D9C204650
:10B5B0000791ECF731FF20463946FFF731FB67670B
:10B5C0000C9E53E00B9A907D4871D07D88710020CD
:10B5D0000A990882B0680068010716D4800611D560
:10B5E0000B98407DECF79DFFB068016820229143E5
:10B5F000016030680421884330601320EDF73CF986
:10B60000E5F766FEECF782FE21E000201790169029
:10B610000B9D687DECF793FF687D16A9EDF7BCF8EC
:10B620002878022803D10B98407DEDF7C2F8ECF79B
:10B630006DFEB06801680822914301603068042102
:10B64000014331601320EDF717F9E5F741FE0221C0
:10B650002046F3F7D2FFB06801684A0706D50422F6
:10B66000914301600899487E384348760B9D01213B
:10B670002046EFF7C1FD0128079904D1487800283A
:10B6800001D0001D48700E98810706D53178090752
:10B6900003D5687D00F0E5F80E98410706D50D98B2
:10B6A0007830F0F75DFFF4F7D7F90E98C00728D08F
:10B6B0000F984478EDF7A2FE012801D01F2200E088
:10B6C000FF2222400D9C206F42800F990B789B0631
:10B6D00002D40023037302E001230373521C406869
:10B6E000891C00F0D6F8206F0024C4610F990978F6
:10B6F00003220A40017A11430172FBF74BF90D98BE
:10B7000004670EA8C07C012845D10F9801788906EE
:10B7100001D5032100E00221405C0EA9C8732A284C
:10B7200001D01C2803D1E88A1521089A5052002123
:10B730000D98F3F799FF06460F98007830700F9830
:10B7400040787070EDF764FE0546F4F70DFFEAB23D
:10B75000C1B21046EFF7A9F90EA9897B202901D0C3
:10B76000022100E003210C9D0F9A5118001FC3B263
:10B7700052789A4200D30246D2B2B01CE8F7F4FBEA
:10B780006868016801220A4302601620EDF774F828
:10B79000E5F79EFD0B9D0EAC0D98214600F090F84C
:10B7A000A07B202800D085E40F98807881090D982F
:10B7B00000F087F87EE4C046D40D002080B5044830
:10B7C0000068C068ECF7F8FD411E884180BDC046A6
:10B7D000D80D002070B5044606462C360546AC351B
:10B7E000EDF710FE01280BD1B0780E2141430E4831
:10B7F000006890228058C06B80684018C07900E0D3
:10B800000120EDF72AF809494843000A1030286062
:10B810003278032A07D1626BA36C5B009A185143FC
:10B82000090A0818286070BDD40D002071020000BC
:10B830007047B0B5054641202C5C2046ECF7C0FEB1
:10B8400080216958002805D0480705D42046ECF728
:10B8500068FEB0BD0807F9D52046ECF770FEB0BD14
:10B8600070471CB504466946ECF7B8FE0098411EC7
:10B870000091002802D10198401E0190694620469F
:10B88000ECF74DFF1CBD882140580088C0B2C009AC
:10B890007047B0B5521E1F2313439AB2531C9AB27D
:10B8A0009A420CD15209031D00240D591D51241D2B
:10B8B000202CFAD100682031521E1304F3D1B0BD00
:10B8C00070477047F8B50546ECF790FD0446012631
:10B8D00028463146F3F7C8FE2C21695C02293AD18B
:10B8E000844238D028462830844205D0696F2846E3
:10B8F000FFF796F9002621E02F4680372846FFF70C
:10B90000C2FF3978490619D4AF6F002F16D000282E
:10B9100014D11148006888214058398AFA89511891
:10B920001F220A401018841C28462146ECF774FD9B
:10B9300028463946FFF774F96F67DBE7012128468F
:10B94000EFF75AFC002E06D16178002903D00028B9
:10B9500001D0081D6070F8BDD40D002004480068B7
:10B960009021405840683D21C90040187047C046AA
:10B97000D40D0020B0B5044600252846F8F734F968
:10B980000649897F491C491E06D07A22825AC03056
:10B99000A242F8D1C038B0BD2846B0BDDC0C0020B2
:10B9A00070B50B4D2868046A002C10D0EFF3108698
:10B9B00072B6296820312046F1F7F8FE86F3108828
:10B9C000206901690029EDD0606A8847EAE770BD07
:10B9D000D80D002080B50349C97A814201D9FCF70E
:10B9E000C3FC80BDDC0C002080B540690149FBF739
:10B9F000FDF980BDD5B9051010B504460020012120
:10BA0000074B2246F0F734FE06480068A82140584C
:10BA1000E100425CCF2313402033435410BDC046A5
:10BA2000204E0000E00D0020F8B5294E3168A82511
:10BA30004959C4000A5DD3060ED4930646D50919A8
:10BA4000930735D0FC231340521E03241440E21800
:10BA50000A70FFF7D1FFF8BDFFF7CEFF30684059FD
:10BA60000019841C6920C6433746693719480068A5
:10BA70003421405C7F1C874228D215480068A425E9
:10BA80004059801974366C3006222146E8F777FA5F
:10BA90000028EBD10E4800684059815DFB2915D183
:10BAA000102181550E20ECF7E7FEE5F711FCF8BDFB
:10BAB00035460024082208462146E8F759FA30683E
:10BAC000B02144544121425C521E4254F8BDC0464C
:10BAD000E00D0020C00D002080B5022802D8FFF73D
:10BAE000A3FF80BD0449C97AC91C814203D9C01E85
:10BAF000C0B200F003F880BDDC0C0020FEB50546A6
:10BB00007420029045430F480068A42101914058D9
:10BB10004719398902200124002622463346F3F7CB
:10BB20009BFA38462146F3F705FA3889F3F7E8F926
:10BB3000044800680199405840193146029AE8F7D4
:10BB400017FAFEBDE00D002080B540690149FBF702
:10BB50004DF980BDD9BA0510F401FA0096006400D1
:10BB60004B0032001E001400010000000000010024
:10BB700002000000010003000000010004000000BA
:10BB8000010005000100010006000200010007009D
:10BB9000020001000800030001000B000300010087
:10BBA0000C00050001000D00060001000E0006005B
:10BBB000010011000700010012000700010013003E
:10BBC0000800010014000800010015000700010032
:10BBD000160007000100170007000100180006000A
:10BBE00001001900060001001A00090000001B00F6
:10BBF000000001001C00090001001D0009000100F7
:10BC00001E000A0001001F000A00010021000B00B5
:10BC1000010022000B00010023000B0001002400A2
:10BC20000600010025000F00010027000C000100A4
:10BC30002800050001002B000D0001002C000E0063
:10BC400001003F00000000004000040012001A0044
:10BC5000260027001D0002000300050008000B005D
:10BC6000210022002300190038B505000C00200037
:10BC7000FAF76EFEA04200D00025280032BD7047C2
:10BC800080B50120FAF7E2FF80BD0988808808406E
:10BC900000D086207047098882888A4382800020ED
:10BCA0007047098882880A43828000207047B0B5B7
:10BCB00005468068428901894220FEF75FFA044602
:10BCC000002810D1A868428901890120F3F7EEF815
:10BCD000A86881880A0603D5FCF716FAA868818847
:10BCE0000222914381802046B0BD10B50446007801
:10BCF000002801D0002010BD60688189491C89B2EC
:10BD0000F8F7A6FA0346A068428901890220FEF7E7
:10BD100039F9002800D010BDA068C06881891922B7
:10BD2000FBF7F2F9A068C06801214180842010BDB2
:10BD3000F0B591B0074609AC10202074786881896D
:10BD4000491D89B2F3F741F8A08178680FAE0EADB6
:10BD500031462A46F5F7F7FD368878680697B968C0
:10BD60004488C868818907220290FBF7CDF9E01F5B
:10BD7000298804910121059180B2039001960598CC
:10BD800087B23C1D06988068C08884423CD8B0B217
:10BD900009AA0499F8F7DFFE002835D0054610A857
:10BDA0000090002208AB0698294600F03DF886284E
:10BDB00028D0002836D16E880898436806984068D5
:10BDC0008189C91D89B2039F3A46F5F78FFC08990E
:10BDD0000988B94216D1002814D107AF3E70300A45
:10BDE00078702846F5F724FE0646B870000AF87009
:10BDF00002988189059A891889B204223B46F2F794
:10BE0000DBFF0594761CBAE7012F07D106200A2232
:10BE10000199029BF5F760FD862003E002980599E1
:10BE20004180002011B0F0BDFEB51F460646089DBA
:10BE300000242C700078012807D1306900281FD019
:10BE40000C363E600020287029E00292B06800891C
:10BE500001913A462B4600F024F8002812D084289D
:10BE60001DD101984388B0684289018902980090E9
:10BE70000220FEF7B5F9002811D17B20C0430EE067
:10BE80000E2005E038680188029A914203D207200B
:10BE90002870862003E04168891841602046C0B2BE
:10BEA000FEBDF8B51C4600920E4607460122084624
:10BEB000394600F00FF820708625002808D1384652
:10BEC0003146009AF1F722F8862802D10E20207020
:10BED0002846F8BDF0B585B01546019101460478B5
:10BEE000002702230E20032C1A463E4612D30BD005
:10BEF000042C5ED1486801788C07C9078A0F002C92
:10BF000000D54C32411C02E04868411C0278801C7C
:10BF10000E780778012D03D110461840184648D0F6
:10BF20000320032D02D10821114042D0042D02D15B
:10BF3000042111403DD0052D02D140210A4038D0C6
:10BF400004A903AA02AB019C2046F9F79FFE022830
:10BF500002D1002F0FD12BE0012D00D0FF08052DBD
:10BF60000BD104A80078022805D102A80078022885
:10BF70001AD1002019E00E201BE00021002F11D063
:10BF800003A802780520BB0701D5042A11D3FB07BB
:10BF900001D0032A0DD3780708460AD5022A0AD20F
:10BFA0000F2006E0084604E0052001210F4000D1E3
:10BFB000384605B0F0BD2046314600F006F8B628F8
:10BFC00001D00020F5E70C20F3E710B50C46F0F7A0
:10BFD000D1FA002805D0817AF12902D1007CA04253
:10BFE00001D2B62010BD002010BDF0B58FB00146C3
:10BFF000406801918968CF680DAD0EAC2946224694
:10C00000F5F7A1FC28880790F0F746FF0246208844
:10C01000029000252B4600950395002A069550D0E6
:10C0200050880790029988424BD8A8B2C01801994D
:10C030008968C988884244D81C4608AD05921046D4
:10C040002946F0F73BFF2E7C0398000606D00098A7
:10C05000864239D1C0080490069D16E0B9890522B0
:10C060003846FBF751F8102E01D0022200E00122E1
:10C07000069DB889401C81B238460392FBF744F80C
:10C08000AD1CF0080490841C0096B889401981B258
:10C090003846079AF8F7FCF9B8892818861C08A8CA
:10C0A00000F020F80346B1B20498C2B23846F2F765
:10C0B00083FEE0B22D180598F1F76CF8024623468E
:10C0C000ABE70398000603D006987880002007E0CD
:10C0D000079881B204200A223B46F5F7FDFB862033
:10C0E0000FB0F0BD017C802900D00C30704770B5D6
:10C0F00086B004460078002814D0A589A068C188BD
:10C10000491FA94200D80D46AAB22369C068818997
:10C11000491D89B2F2F750FE681DA168C9684880C0
:10C12000002040E060688189491C89B2F2F74DFE29
:10C130000546032205AB2046294600F036F80028C4
:10C1400008D00246A068C36816202946F5F7C4FB4C
:10C15000862028E060688189C91C89B2F2F735FE23
:10C1600006466068A1684A89098943885B1F9BB2BB
:10C170000096019302900A202B46FDF783FF0028CA
:10C1800011D103AB5D70280A9870DE70172018700B
:10C19000300A1871A068C06881890522F2F70CFE88
:10C1A00000206060842006B070BDF0B585B01E46EA
:10C1B00014460F46054601A801810271A968019144
:10C1C000FBF716FF862801D112200CE03846F5F760
:10C1D0001DFC3060002805D0A96809892246FFF7B8
:10C1E00079FE00E0012005B0F0BDF0B597B004463F
:10C1F000406815A914AAF5F7A6FB0A94606881891E
:10C20000491D428889B2072A05D1F2F7DEFD0FA940
:10C210008881102004E010220FABF2F7B9FD8020D6
:10C220000FA908740A984078102801D0022100E074
:10C23000042107910A9A9168CC68CB8805931278FB
:10C24000002A04940AD06588022D15D3A089401CC9
:10C2500081B22046F7F7FCFF06460EE015AA1588C6
:10C26000102812D10FA8FBF75FFF002800D1B8E01B
:10C270000895A18911221BE00026A089401981B2EE
:10C280002046F2F7A2FD089018E00BA805810222D3
:10C290000271149A42810B910FA90E91FBF7A8FE2F
:10C2A000862802D116A812229DE00895A1890922AC
:10C2B0002046FAF729FF0125658000260598801E93
:10C2C000019014A8008803900996F6B20695AFB2C3
:10C2D000B8190599884274D8089885B20FAA2846DB
:10C2E0000399F8F738FC00286BD00446029516A88D
:10C2F000009000250BAB0A9821462A46FFF794FDD3
:10C3000000284FD10B98008807990918012F11D1E7
:10C31000FF2900D3FF210198814200D3019909919F
:10C32000CAB2049EB089401C81B23046FAF7ECFED6
:10C33000022703E0B142049E069F5CD16588204637
:10C34000F5F776FB0890B089C01981B230462A46CD
:10C35000F8F79EF8079809990A1A3C46BF1C0A98F4
:10C36000407810280AD1B089C01981B23046089DA2
:10C3700017462A46F8F78CF83A46271D2C46B0890E
:10C38000C01981B20B984368D5B230462A46F2F7FD
:10C3900013FD7D19758002200A990870601C0890B1
:10C3A000099E91E78628069A16D0842805460498A7
:10C3B00021D18189891889B2029AF8F769F8842510
:10C3C00019E0012F06D116A80A22027015A80588C7
:10C3D000049C09E000250EE016A80278049C089D44
:10C3E00002E016A8102202700A984078A9B22346EB
:10C3F000F5F772FA8625284617B0F0BDF0B58BB078
:10C4000005468068C468C7882878002824D02E464E
:10C410000C36059668688089401C81B2042204AB02
:10C420002046F2F7B5FC308869787F1E0C2903D1CD
:10C43000874253D20499401A80B2874200D30746FC
:10C44000BAB27368A089401C81B22046F2F7B4FCEE
:10C45000781C608000204DE068780C28029707D196
:10C4600068688189C91C89B2F2F7AFFC0D2201E02E
:10C470000B22002004AF03903880A1892046FAF7F0
:10C4800043FE68688189491C89B2F2F79EFC064622
:10C49000788007A8068101270771A9680791FBF733
:10C4A000A7FD862801D1122715E03046F5F7AEFA30
:10C4B000002810D0014606A8009005AB2846039A34
:10C4C000FFF7B2FC002817D0842818D0862811D195
:10C4D00006A8077807E006A8077004E006A80B275F
:10C4E000077004A84688687831463A462346F5F72F
:10C4F000F3F986200BB0F0BD059E029F93E7A0895B
:10C50000401C81B2042204AB2046F2F755FC842083
:10C51000F0E7F0B58DB08168CE68C98806910178E2
:10C520000029079009D07788B089C01981B23046B8
:10C53000F2F74BFC079902460CE040780E2801D038
:10C54000212200E00F22B1893046FAF7DDFD0122F9
:10C550001746079948688078801AC0B2450808785D
:10C560000028029666D0079908460C300190EDB27B
:10C57000FF35E8B200230393A84200D1B3E0BCB278
:10C580000698A04200D8AEE04868818905928918D3
:10C5900089B202220CAB0492F2F7FAFB07990878F1
:10C5A000012802D1019808900DE00CA80088F5F749
:10C5B0002DFA014607988068008908AAF0F7A6FCC2
:10C5C0000799842865D00698041B48780E2809D15D
:10C5D000B089C11908980288944200DB144689B2D8
:10C5E000A2B213E0B089C01981B2089A3046168809
:10C5F0003246F7F74DFFA41EB44200D33446A2B230
:10C60000BF1C029EB089C01981B2089843683046A9
:10C61000F2F7D2FB3F197780079948782028059ACE
:10C6200004D10698C01B80B202285CD3049808701D
:10C63000921C9CE700210592079C88B2A84292D2E6
:10C6400004914900606882895118491C89B202220C
:10C650000CABF2F79DFB08A8012606710C9901812D
:10C66000A1680891FBF7C4FC86282AD00CA8008892
:10C67000F5F7CCF9002827D00799896809890122A4
:10C68000FFF728FC00281ED10499491C029E059A38
:10C69000D3E70CA8038888684289018900200090AC
:10C6A0000220FDF79DFD03900028059A1BD177809D
:10C6B000B089C01981B292B23046F7F7E9FE842002
:10C6C00010E0122600E006460CA801880798407882
:10C6D0000E2801D10E2000E020203246029BF5F703
:10C6E000FBF88620039003980DB0F0BDF0B589B03B
:10C6F00004460078002801D000203BE06068A16873
:10C70000C968069146888189491C89B2F2F75DFBA8
:10C710000546F11E6078002752280CD0D2280ED191
:10C72000A0684089042824D10F3E0522012700205B
:10C73000049005960EE00591042204970AE0059105
:10C74000069EB18913223046FAF7DEFC01200490E0
:10C750007080032207AB20462946FFF726FD0246DC
:10C7600008A80270002A07D060782946069BF5F7D2
:10C77000B3F8862009B0F0BD002F08D06168A0682A
:10C78000008900F023F8002801D00022ECE761685E
:10C79000079808AAFBF7DCFA0028EBD0842812D10E
:10C7A0006068A1684A890989059B9BB2009501933D
:10C7B00002900A20049BFDF799FD0028DAD10020A1
:10C7C00060608420D6E708A80278CDE7F0B58DB088
:10C7D0000D464F88EFF7CEFE002805D00446407C7A
:10C7E000400603D4B12034E0022032E021464C312F
:10C7F00005A81022E7F7B8FB083FB9B20C2202AE39
:10C8000028463346F2F7C4FA3078717809020818DE
:10C81000B17809044018F17809064118206F814267
:10C8200001D8401C10D10191FAB205A809AE2946E1
:10C830003346F9F7F7FA02A8001D083608223146F8
:10C84000E7F79DFB002801D0052002E00198206752
:10C8500000200DB0F0BD904201D8884201D21220D4
:10C86000704700207047704700207047F0B5FFB058
:10C870008CB00C4605468B68CA88898807A8801D3D
:10C8800000F034F8280702D5A068EFF795FE07A856
:10C890004189059101890391C18802910C3004906E
:10C8A0000025049EA8B2059988421CD231188AA896
:10C8B000069002242246E7F757FBA81C80B23118E5
:10C8C00089AF38462246E7F74FFB281D84B230195E
:10C8D0003B8806990A8800900298039900F01CF89A
:10C8E00038882518DEE77FB00CB0F0BDB0B51C4627
:10C8F0005B88150AC57082700A0A42700170591E61
:10C9000001710A0A4271A589831D8AB2681C81B22D
:10C910002046F2F73DFAB0BDB0B5FFB083B01C467B
:10C920006D462B73AA722972A8711B0A6B73120AC7
:10C93000EA72090A6972000AE87128460E3086997F
:10C940002246E7F711FB20460A30A870000AE8707B
:10C950000F202871FF206870822028700C206871D9
:10C960000E34A1B22846F8F755FB7FB003B0B0BD36
:10C97000B0B5FFB085B00C4605468B68CA8889887B
:10C9800002A8801D00F011F8280702D5A068EFF773
:10C9900013FE02ACA38962892189E0880E340094D9
:10C9A000FFF7BAFF7FB005B0B0BDF8B51C4617461B
:10C9B0000E460546588800909889401C81B218465A
:10C9C000F2F703FA0099C91E0A0AEA71A9712871DF
:10C9D0003A0AEA70AF70320A6A702E70000A687103
:10C9E000A08908358AB2C01C81B220462B46F2F7D6
:10C9F000CFF9F8BD10B5FFB083B089886C46A01D93
:10CA000000F014F8217A481DA070000AE07001209F
:10CA10002071FF2060708220207008206071093131
:10CA20002046F8F7F7FA7FB003B010BD017000227E
:10CA30008270090A4170704780B5022807D001282A
:10CA400009D0002806D10020E5F744FA80BD002077
:10CA5000FFF715F980BD0020FAF78AF880BD0020A5
:10CA600070470020704780B58088FEF783FF00285C
:10CA700004D0BA21405C411E884180BD002080BDA9
:10CA800000207047002070470020704780B5FEF7F7
:10CA900065FF3821415C002903D0007A411E88419E
:10CAA00080BD002080BD80B501794079000240182A
:10CAB000FEF760FF411E884180BD002070471CB515
:10CAC00089886C46E01C00F00BF80520A07013204C
:10CAD00060700420207008212046F8F79BFA1CBDE6
:10CAE000002202710122C27041700270090A817035
:10CAF000704700207047002070470020704770B5D5
:10CB000004462830EEF75AFF05462646C63620462C
:10CB10003C30EEF753FF002D02D03178C90704D125
:10CB2000002805D03078800702D52046F8F770FF3E
:10CB3000F8F7D8FF024670782146FEF70BF870BD73
:10CB400010B501242146FDF71EFF204610BDB0B5EB
:10CB500004460546BA35A878EEF766FFBA200021EC
:10CB60002152FF24AC70A87AFF2801D0EEF754FFC1
:10CB7000AC72B0BD70477047F0B58DB002930192B2
:10CB8000074642203C5A4B2080003D18786C0390A9
:10CB9000E7F738FA01462846099100F089F805467A
:10CBA000384600F092F893204600012D03D1384614
:10CBB00000F08CF800E001200A90B8190590384682
:10CBC0004230079038462D30089038468030069025
:10CBD0000B97FA37049700200C90A1B20B9F3846B0
:10CBE0000A9A00F0BEF8F96C41437A6C56187E64DC
:10CBF0000C9941180C912418A5B23846294600F02A
:10CC0000B2F80746002802D10998301AE5D4069AEE
:10CC10001068802188431060079E3088A84205D99B
:10CC2000049800880B99F83100F02DF93480002F1A
:10CC3000089E1DD10B98416C039A8D1A294600F06D
:10CC400023F90746002813D17078294600F02BF904
:10CC5000074600280CD10B9829460C9A019C2346C4
:10CC600000F047F90746206802990860002F06D0B7
:10CC7000377000200599087001200DB0F0BD0B9EA3
:10CC8000B06F002801D0C46900E000247836002C81
:10CC90000CD02546E469287A0007F8D530462946A5
:10CCA000F6F7F4F92846EFF787FCF0E70220E4E70F
:10CCB00080B58269531A01D4012080BDD243521835
:10CCC00041685018EAF7B8FF80BD7047F8B50546CF
:10CCD0002C20285C0124032841D1288F00283ED035
:10CCE0002F462C375426B85D800638D52846EBF7FA
:10CCF0007DFB29462831884231D1B85D0006800F7E
:10CD00002DD12846E3300078800728D42E46F63609
:10CD10003088002823D1B87801242146F6F701FE97
:10CD20000090B8780021F6F7FCFD0099084302D185
:10CD3000288F441C13E09320400028180078C00777
:10CD40000DD0F88A718D081A81B2022907D3441ECA
:10CD5000A1B2288F401C82B2914200D30446A0B2F7
:10CD6000F8BD10467047FEB50A46044693204300BE
:10CD7000E05CC10725462C3500297FD02746E237E5
:10CD8000F98F8A1A160404D010B2002876D528200C
:10CD9000FEBDE61842B2002A0FD4410713D40007A3
:10CDA00036D4A878FFF760FD00285DD0A87801216F
:10CDB00000221346EDF7C5F856E0A878FFF7DAFE33
:10CDC00030787F214EE0606CAF6F79684018606406
:10CDD000B9683A68287802280291019227D1687DC3
:10CDE000EBF713FC042801D0062800D102208000B4
:10CDF0002118786988650028029B019903D0984220
:10CE000000D3184620654808616C081860641AE071
:10CE1000E96F687DEBF724FC3878012804D1E96FCD
:10CE2000BC342046F3F72CF93078F7211AE0EDF7FF
:10CE30007DFE029B019961634068002803D09842FF
:10CE400000D318462065F86820873869E16C0A1815
:10CE50006266A066994203D0E3642046F6F730FD8F
:10CE60003078FB21014031703078FC210140881C72
:10CE700030701620EBF700FDE4F72AFAA878FFF7E8
:10CE8000F2FC0020FEBD7047426E511A4166491EF9
:10CE900001D4002070478021405C800601D5082025
:10CEA00070473E207047FEB502910546F6F77AFCC2
:10CEB00007467D20460400240194022C15D0787981
:10CEC000C0070FD0E1B22846F2F7BCFEFD210842B0
:10CED00008D03868411E0AD4B042314601D80299C0
:10CEE000411A39600C37641CE7E70198FEBD222027
:10CEF000FEBDF0B587B00693059105464120285C3C
:10CF000013210C01E221695C2E462C3601290DD13A
:10CF1000EBF725FBF28A777D0023009301900293C3
:10CF20002946BC313846F2F7D1FA10E01746EBF744
:10CF30003FFB049404464743F0783F18B8B2F2F739
:10CF4000F9FAF070381B049C80B2F2F7F3FA01464C
:10CF50002F19707DEBF76BFC3078022811D1284631
:10CF6000EBF798FA2846EBF75AFA707DEBF72EFCB0
:10CF7000E86C3860288E401C2886686C069908602A
:10CF800026E0AC6C688D0599F2F7E4FA0019A96CFB
:10CF9000002900D10D30E96C49083E39884201D999
:10CFA000082016E0A8642C4614342046EBF772FAE9
:10CFB0002046EBF734FA707DEBF7D3FB2A46443278
:10CFC00007CA3A60401A06990860288E401C2886D5
:10CFD000002007B0F0BDB0B50D4604464120205CEE
:10CFE000EBF713FB022102460A43062A00D0014652
:10CFF000002D0BD020462C300078032807D00228C3
:10D0000004D188002018806D002800D0B0BD4D20CC
:10D010008000201801694269511A02688A42F5D0DD
:10D02000531A01D95908511A42689142EED301604E
:10D03000B0BD70B504462C20205C2646AC360328D3
:10D040000DD14B2080002518284600F018F8014625
:10D05000206D814202D2284600F011F8706020460F
:10D06000FDF740FE2046FEF7B5FB2046FEF7E1FB4C
:10D07000316814342046EBF738FA012070BD0146C0
:10D08000896A00290ED0427D4B7D9342F8D3826994
:10D09000CB69DB43D2184368D218F1D4C0698969DF
:10D0A000081A00E0406883387047B0B504462E2067
:10D0B000255C2846FFF75FFD2846F2F78FFD002824
:10D0C00003D12E34E07CEEF7AFFC1620EBF7D4FB57
:10D0D000E4F7FEF8B0BD10B50C46F7F753FFC108F2
:10D0E000C9B2012909D807221040012282406018E4
:10D0F00083214900435C1343435410BD70B40123A2
:10D10000002413E00168001D194202D04D46691841
:10D11000491E0C60091D121F042AFAD20D00960741
:10D1200001D50C80AD1C1A4000D02C700268001D87
:10D13000002AE7D170BC7047F1B401684118436818
:10D1400058080A1800988068DB0701D54B46C018BC
:10D1500091422DD00D78491C032403262E4002D184
:10D160000E78F61C491C2B090F2B07D10B780F33B7
:10D17000491C03E00F78491C0770401C761EF9D14A
:10D18000002BE5D00E78491CAD082C40032C01D1B2
:10D190000C78491C24023419654244190025AE1E3E
:10D1A0009E42D5D02678641C0670401C6D1CF6E7A4
:10D1B00000980C30F2BC704745FFFFFF04000000F0
:10D1C000300000203C0000005C00002080090000CE
:10D1D000780400200000000061FFFFFF1F01000035
:10D1E00008000000C000002051FFFFFF13010000F5
:10D1F0002602000098010020BD1A3CCDA6B899581F
:10D2000099B740EB7B60FF4A503F10D2E3B3C9743B
:10D21000385FC5A3D4F6493F000C00020800110294
:10D2200000011703010D03010100010100130200B9
:10D2300003090003090001010001010004060012B6
:10D24000020003090114180014180012030007015A
:10D250000107010005090105090106030206030093
:10D26000060500140300090202090100082300104A
:10D2700002011002010D24020D09020D10000E041E
:10D28000000A04020A05000A05000F0B020F0B003A
:10D290000B04010C0B00082B00031B00031B006C8C
:10D2A000888391AAF5A53860370BDB5A6083BEE608
:10D2B0009D350E480103CCDBFDF4AC1191F4EFB9C0
:10D2C000A5F9E9A7832C5E2CBE97F2D203B0208B80
:10D2D000D28915D08E1C742430ED8FC24563765CE4
:10D2E00015525ABF9A32636DEB2A65499C80DCFB6C
:10D2F000349B5F8000008000100000F2C20001F249
:10D3000036000110170201061509506F7765724348
:10D310006F6E73756D7074696F6E5465737461129E
:10D3200003041232041003100D0020FF011010003E
:10D3300000FFFF03070800FB349B5F8000008000B4
:10D3400010401229201124B005040D04100207001A
:10D350001C43002A1C6101E002FC01002024D201D0
:10D3600024F301E00C48D20424F202EC24D2A624D7
:10D3700012F824B0012207092443882B242201D467
:10D3800020010200202FE148D2C948F20210D8C380
:10D39000F52B24121C24B1F8821868610112020CCA
:10D3A000122C74D2034C6540D25044F20201446105
:10D3B00001F30502000152FF01A11F614032044C3C
:10D3C00011F330034000000F10BE1248624104F018
:10D3D00009074000410024F400F3BC041004615C20
:10D3E000E3060F1411901006040101500C0020A058
:10D3F0000452500421616108F0070E6804002054B3
:10D4000004002000010009BBA30410B14A0510016B
:02D41000040115
:04000005100568D5A5
:00000001FF
